timestamp,persona_id,run_id,mitre_stage,technique_id,flow_count,unique_dst_ports,dest_port_entropy,tcp_ratio,udp_ratio,bytes_fwd_sum,bytes_bwd_sum,bidirectional_ratio,pkts_fwd_sum,pkts_bwd_sum,duration_mean,duration_max,iat_mean,iat_std,iat_max,syn_flag_sum,ack_flag_sum,fin_flag_sum,rst_flag_sum,psh_flag_sum,urg_flag_sum,down_up_ratio_mean,pkt_len_mean,pkt_len_std,pkt_len_max,init_fwd_win_mean,init_bwd_win_mean,fwd_psh_flags_sum,port_scan_score,ttl_variance,ip_fragment_flags,retransmit_count
2026-08-27T19:24:18.581243+00:00,evasive_recon_v1,evasive_recon_v1__4f691b2075fb,reconnaissance,T1595.001,3,3,1.4518,0.8899,0.0803,4755.99,6512.4975,0.3096,18,54,1.1246,3.2191,1.0399,0.1366,1.4495,1,1,0,0,0,0,0.3867,156.95,63.3975,244.085,7982.6575,9151.4225,0,0.1375,0.8817,0,0
2026-08-27T19:24:23.581243+00:00,evasive_recon_v1,evasive_recon_v1__4f691b2075fb,reconnaissance,T1595.001,1,1,0.0,0.8217,0.2019,207.55,588.06,0.1298,6,17,1.1529,2.8827,0.7786,0.0881,1.0428,0,0,0,0,0,0,0.3421,34.59,0.0,34.59,7508.3,7467.58,0,0.1977,1.8803,0,0
2026-08-27T19:24:28.581243+00:00,evasive_recon_v1,evasive_recon_v1__4f691b2075fb,reconnaissance,T1595.001,9,9,3.1699,0.9094,0.0923,2418.59,9763.95,0.2488,54,218,1.1394,2.4238,1.1033,0.1357,1.5105,6,0,0,2,0,0,0.2468,44.79,11.76,74.09,6866.79,6958.28,0,0.2093,1.0948,0,0
2026-08-27T19:24:33.581243+00:00,evasive_recon_v1,evasive_recon_v1__4f691b2075fb,reconnaissance,T1595.001,2,2,1.0,0.9083,0.0814,138.97,382.18,0.2545,4,11,0.9985,2.0574,1.1227,0.0737,1.3439,1,0,0,0,0,0,0.344,34.74,2.51,37.25,7309.39,7715.29,0,0.257,1.5952,0,0
2026-08-27T19:24:38.581243+00:00,evasive_recon_v1,evasive_recon_v1__4f691b2075fb,reconnaissance,T1595.001,7,7,2.8074,0.8974,0.0793,1497.46,5134.16,0.1487,42,144,1.0682,2.1063,1.0445,0.1275,1.427,4,0,0,1,0,0,0.2899,35.65,13.82,65.34,7733.99,9813.43,0,0.2396,0.6633,0,0
2026-08-27T19:24:43.581243+00:00,evasive_recon_v1,evasive_recon_v1__4f691b2075fb,reconnaissance,T1595.001,3,3,1.585,0.9013,0.1091,573.55,2103.03,0.1307,15,55,0.7987,2.2981,0.9594,0.0622,1.1459,2,0,0,0,0,0,0.2709,38.24,6.8,43.96,9266.54,7946.01,0,0.2043,0.9758,0,0
2026-08-27T19:24:48.581243+00:00,evasive_recon_v1,evasive_recon_v1__4f691b2075fb,reconnaissance,T1595.001,9,9,3.1699,0.9164,0.0981,1575.53,3676.25,0.1833,36,84,0.5213,0.7441,1.0645,0.1506,1.5162,6,1,0,2,0,0,0.426,43.76,9.23,58.78,8778.67,8272.15,0,0.2031,1.5303,0,0
2026-08-27T19:24:53.581243+00:00,evasive_recon_v1,evasive_recon_v1__4f691b2075fb,reconnaissance,T1595.001,4,4,2.0,0.9064,0.1013,444.57,3000.85,0.2209,12,81,0.5788,1.4386,1.085,0.1287,1.4711,2,0,0,1,0,0,0.1473,37.05,7.02,46.95,7525.79,9656.57,0,0.2118,0.5158,0,0
2026-08-27T19:24:58.581243+00:00,evasive_recon_v1,evasive_recon_v1__4f691b2075fb,reconnaissance,T1595.001,2,2,1.0,0.8776,0.1442,326.31,1223.66,0.1584,8,30,0.9013,2.6883,1.0402,0.0965,1.3298,1,0,0,0,0,0,0.2625,40.79,6.34,47.13,7322.17,9442.83,0,0.1725,0.0759,0,0
2026-08-27T19:25:03.581243+00:00,evasive_recon_v1,evasive_recon_v1__4f691b2075fb,reconnaissance,T1595.001,9,9,3.1699,0.8734,0.1242,3227.74,9922.32,0.1869,81,249,1.1673,1.8974,0.9282,0.106,1.2462,6,0,0,2,0,0,0.3243,39.85,9.68,57.71,7233.37,7794.59,0,0.171,1.6527,0,0
2026-08-27T19:25:08.581243+00:00,evasive_recon_v1,evasive_recon_v1__4f691b2075fb,reconnaissance,T1595.001,6,6,2.6406,0.8384,0.1529,5349.675,7621.4325,0.3143,31,78,0.7301,1.9171,1.1145,0.1168,1.4649,3,1,0,1,0,0,0.4798,157.505,68.5575,259.5275,8202.88,9255.1925,0,0.1723,1.9742,0,0
2026-08-27T19:25:13.581243+00:00,evasive_recon_v1,evasive_recon_v1__4f691b2075fb,reconnaissance,T1595.001,6,6,2.585,0.9007,0.1107,899.75,2624.29,0.0686,24,70,1.4443,2.4724,0.9096,0.0571,1.0808,4,0,0,1,0,0,0.3393,37.49,9.14,55.34,9218.43,9514.03,0,0.1586,0.6422,0,0
2026-08-27T19:25:18.581243+00:00,evasive_recon_v1,evasive_recon_v1__4f691b2075fb,reconnaissance,T1046,7,7,2.8074,0.857,0.1559,1315.03,4471.1,0.1416,35,119,0.6681,1.454,0.9018,0.0456,1.0385,4,0,0,2,0,0,0.2925,37.57,8.23,49.69,8468.81,8696.12,0,0.1907,1.2234,0,0
2026-08-27T19:25:23.581243+00:00,evasive_recon_v1,evasive_recon_v1__4f691b2075fb,reconnaissance,T1046,5,5,2.3219,0.976,0.0464,1129.99,2356.84,0.2299,35,73,1.0679,1.9875,1.1176,0.1605,1.5991,3,0,0,1,0,0,0.4781,32.29,5.31,37.67,7723.46,6337.77,0,0.2125,0.3236,0,0
2026-08-27T19:25:28.581243+00:00,evasive_recon_v1,evasive_recon_v1__4f691b2075fb,reconnaissance,T1046,3,3,1.4518,0.9114,0.0426,4547.52,5061.63,0.3273,13,20,1.0432,2.2555,0.9447,0.1373,1.3565,1,1,0,0,0,0,0.5345,154.265,58.815,236.8175,10696.8625,8322.395,0,0.1192,1.3804,0,0
2026-08-27T19:25:33.581243+00:00,evasive_recon_v1,evasive_recon_v1__4f691b2075fb,reconnaissance,T1046,1,1,0.0,0.8927,0.1183,378.65,1277.95,0.1939,8,27,0.991,2.5276,0.9001,0.0559,1.0679,0,0,0,0,0,0,0.2865,47.33,0.0,47.33,8120.97,9495.79,0,0.218,1.3054,0,0
2026-08-27T19:25:38.581243+00:00,evasive_recon_v1,evasive_recon_v1__4f691b2075fb,reconnaissance,T1595.001,5,5,2.2018,0.8897,0.0997,5160.555,6923.0775,0.3018,27,62,0.8524,1.6159,0.9923,0.115,1.3374,2,1,0,1,0,0,0.4914,157.7825,59.37,240.8,8740.2775,7966.895,0,0.1641,1.4459,0,0
2026-08-27T19:25:43.581243+00:00,evasive_recon_v1,evasive_recon_v1__4f691b2075fb,reconnaissance,T1595.001,1,1,0.0,0.8953,0.1307,129.85,259.7,0.1407,4,8,0.7469,1.3672,0.9413,0.1359,1.3489,0,0,0,0,0,0,0.4685,32.46,0.0,32.46,9476.53,7843.2,0,0.2032,1.0835,0,0
2026-08-27T19:25:48.581243+00:00,evasive_recon_v1,evasive_recon_v1__4f691b2075fb,reconnaissance,T1595.001,6,6,2.585,0.9081,0.0986,260.49,1866.82,0.1514,6,43,0.8727,1.1112,1.0853,0.1194,1.4436,4,0,0,1,0,0,0.1376,43.41,7.4,52.88,7025.13,10640.86,0,0.2353,1.48,0,0
2026-08-27T19:25:53.581243+00:00,evasive_recon_v1,evasive_recon_v1__4f691b2075fb,reconnaissance,T1595.001,10,10,3.3219,0.8741,0.1487,1604.84,4453.42,0.2892,40,111,1.2296,1.5423,1.0744,0.1479,1.5181,6,1,0,3,0,0,0.3599,40.12,9.75,60.51,6031.9,9293.48,0,0.1521,1.0378,0,0
2026-08-27T19:25:58.581243+00:00,evasive_recon_v1,evasive_recon_v1__4f691b2075fb,reconnaissance,T1595.001,5,5,2.3219,0.923,0.0548,1164.57,3926.26,0.2078,35,118,0.6838,1.331,1.0489,0.1283,1.4337,3,0,0,1,0,0,0.2942,33.27,4.67,39.46,7790.21,7564.49,0,0.1547,1.0209,0,0
2026-08-27T19:26:03.581243+00:00,evasive_recon_v1,evasive_recon_v1__4f691b2075fb,reconnaissance,T1595.001,7,7,2.8074,0.852,0.1336,1541.17,3632.76,0.2242,42,99,0.6229,1.7959,0.9794,0.0981,1.2736,4,0,0,1,0,0,0.4209,36.69,4.11,42.85,8426.71,6523.24,0,0.1842,0.492,0,0
2026-08-27T19:26:08.581243+00:00,evasive_recon_v1,evasive_recon_v1__4f691b2075fb,reconnaissance,T1595.001,6,6,2.585,0.9007,0.117,2586.02,10811.0,0.1479,72,301,0.9168,2.4469,0.8966,0.077,1.1276,4,0,0,1,0,0,0.239,35.92,4.13,40.23,8608.83,7486.6,0,0.1918,0.7339,0,0
2026-08-27T19:26:13.581243+00:00,evasive_recon_v1,evasive_recon_v1__4f691b2075fb,reconnaissance,T1595.001,7,7,2.8074,0.9365,0.0685,1128.12,2860.59,0.1749,28,71,1.0356,1.5525,1.1157,0.1185,1.4713,4,0,0,2,0,0,0.3897,40.29,7.06,52.22,7455.06,8340.87,0,0.1562,1.3454,0,0
2026-08-27T19:26:18.581243+00:00,evasive_recon_v1,evasive_recon_v1__4f691b2075fb,reconnaissance,T1595.001,6,6,2.6406,0.9059,0.0894,5449.365,7465.9725,0.2571,36,80,0.9615,2.5906,0.9946,0.0793,1.2324,3,1,0,1,0,0,0.5188,154.8425,69.2325,261.1775,8391.505,7981.865,0,0.1573,0.7973,0,0
2026-08-27T19:26:23.581243+00:00,evasive_recon_v1,evasive_recon_v1__4f691b2075fb,reconnaissance,T1595.001,4,4,2.0,0.8779,0.1534,1611.42,5684.73,0.2161,36,127,1.3145,3.7361,1.0258,0.0858,1.2832,2,0,0,1,0,0,0.283,44.76,6.04,49.27,7156.24,5480.33,0,0.2277,1.3868,0,0
2026-08-27T19:26:28.581243+00:00,evasive_recon_v1,evasive_recon_v1__4f691b2075fb,reconnaissance,T1046,8,8,3.0,0.854,0.1187,2434.31,8025.61,0.1465,64,211,0.9061,2.0367,1.2165,0.1174,1.5687,5,0,0,2,0,0,0.3031,38.04,4.52,44.39,7528.99,8125.11,0,0.2341,1.5814,0,0
2026-08-27T19:26:33.581243+00:00,evasive_recon_v1,evasive_recon_v1__4f691b2075fb,reconnaissance,T1046,5,5,2.3219,0.9305,0.0931,1650.23,4914.02,0.2588,45,134,0.8797,2.5976,0.9543,0.0846,1.2081,3,0,0,1,0,0,0.334,36.67,5.41,44.67,8109.67,5319.61,0,0.2468,0.5129,0,0
2026-08-27T19:26:38.581243+00:00,evasive_recon_v1,evasive_recon_v1__4f691b2075fb,reconnaissance,T1046,3,3,1.585,0.8799,0.1409,432.97,1659.71,0.1928,12,46,1.4267,4.0453,0.9922,0.1452,1.428,2,0,0,0,0,0,0.2605,36.08,6.98,42.82,7894.17,7247.53,0,0.2255,0.6548,0,0
2026-08-27T19:26:43.581243+00:00,evasive_recon_v1,evasive_recon_v1__4f691b2075fb,reconnaissance,T1046,5,5,2.3219,0.9751,0.0057,1482.6,5379.71,0.2818,35,127,0.4774,1.2944,0.9744,0.0805,1.2159,3,0,0,1,0,0,0.2752,42.36,8.17,55.88,8781.41,6846.95,0,0.1877,1.1606,0,0
2026-08-27T19:26:48.581243+00:00,evasive_recon_v1,evasive_recon_v1__4f691b2075fb,reconnaissance,T1046,7,7,2.8074,0.8403,0.1529,1510.06,5306.77,0.1598,35,123,1.4231,2.1362,1.0578,0.0904,1.3291,4,0,0,2,0,0,0.2831,43.14,11.08,60.19,8300.09,8266.36,0,0.1928,0.8609,0,0
2026-08-27T19:26:53.581243+00:00,evasive_recon_v1,evasive_recon_v1__4f691b2075fb,reconnaissance,T1046,6,6,2.585,0.9612,0.0837,1830.11,5236.14,0.1768,36,103,1.2573,3.2978,1.0531,0.0836,1.3038,4,0,0,1,0,0,0.3465,50.84,12.55,68.81,8707.19,9072.49,0,0.241,0.1074,0,0
2026-08-27T19:26:58.581243+00:00,evasive_recon_v1,evasive_recon_v1__4f691b2075fb,reconnaissance,T1046,2,2,0.7018,0.886,0.0815,4371.3,4621.0875,0.3048,9,9,1.1959,3.3447,1.0567,0.0888,1.323,0,1,0,0,0,0,0.512,162.47,57.15,243.3575,7424.7175,8689.04,0,0.1452,1.9565,0,0
2026-08-27T19:27:03.581243+00:00,evasive_recon_v1,evasive_recon_v1__4f691b2075fb,reconnaissance,T1595.001,5,5,2.3219,0.9018,0.059,1390.82,3013.44,0.1667,30,65,1.1155,2.4559,0.8908,0.1042,1.2033,3,0,0,1,0,0,0.4578,46.36,13.48,69.27,8965.22,7290.41,0,0.263,1.028,0,0
2026-08-27T19:27:08.581243+00:00,evasive_recon_v1,evasive_recon_v1__4f691b2075fb,reconnaissance,T1595.001,4,4,2.0,0.8501,0.135,1371.92,43272.6,0.2011,24,757,1.3697,3.3431,1.1886,0.1316,1.5835,2,0,0,1,0,0,0.0317,57.16,12.73,72.54,8597.76,7076.6,0,0.2444,0.3512,0,0
2026-08-27T19:27:13.581243+00:00,evasive_recon_v1,evasive_recon_v1__4f691b2075fb,reconnaissance,T1595.001,7,7,2.8074,0.9203,0.0515,2398.43,13051.18,0.2188,77,419,0.9009,1.8394,1.0172,0.1345,1.4207,4,0,0,2,0,0,0.1837,31.15,7.21,41.16,7554.65,5992.65,0,0.1884,1.5857,0,0
2026-08-27T19:27:18.581243+00:00,evasive_recon_v1,evasive_recon_v1__4f691b2075fb,reconnaissance,T1595.001,11,11,3.4594,0.8971,0.0831,1742.66,4633.89,0.1327,44,117,0.9664,1.4366,1.0893,0.1449,1.5241,7,0,0,3,0,0,0.3754,39.61,6.5,53.28,8043.26,7989.02,0,0.1779,1.4602,0,0
2026-08-27T19:27:23.581243+00:00,evasive_recon_v1,evasive_recon_v1__4f691b2075fb,reconnaissance,T1595.001,8,8,3.0,0.8974,0.1061,2436.41,8222.88,0.2146,64,216,1.1793,2.0957,0.8679,0.0716,1.0827,5,0,0,2,0,0,0.2962,38.07,5.85,52.61,6576.52,7159.32,0,0.191,0.8925,0,0
2026-08-27T19:27:28.581243+00:00,evasive_recon_v1,evasive_recon_v1__4f691b2075fb,reconnaissance,T1595.001,4,4,2.0,0.8134,0.1899,1795.24,8572.27,0.1391,40,191,1.271,3.3768,1.0554,0.1159,1.4032,2,0,0,1,0,0,0.2093,44.88,13.02,66.23,8915.13,8640.84,0,0.1354,1.9742,0,0
2026-08-27T19:27:33.581243+00:00,evasive_recon_v1,evasive_recon_v1__4f691b2075fb,reconnaissance,T1595.001,5,5,2.3219,0.8963,0.1545,452.48,1387.6,0.2551,15,46,1.2392,2.2658,1.1546,0.1671,1.6559,3,0,0,1,0,0,0.3226,30.17,4.71,37.74,9488.42,9081.63,0,0.1737,0.749,0,0
2026-08-27T19:27:38.581243+00:00,evasive_recon_v1,evasive_recon_v1__4f691b2075fb,reconnaissance,T1046,6,6,2.4433,0.8463,0.1644,6086.985,7823.7,0.3557,54,93,0.8709,1.3998,1.0813,0.0966,1.3711,2,1,0,1,0,0,0.6346,153.4925,62.25,242.615,8548.51,7761.3875,0,0.1808,1.5802,0,0
2026-08-27T19:27:43.581243+00:00,evasive_recon_v1,evasive_recon_v1__4f691b2075fb,reconnaissance,T1046,5,5,2.3219,0.8923,0.1006,1840.39,7811.42,0.1278,45,191,0.5892,1.1929,1.0358,0.1366,1.4456,3,0,0,1,0,0,0.2344,40.9,7.58,54.11,8389.01,7624.33,0,0.2429,0.0,0,0
2026-08-27T19:27:48.581243+00:00,evasive_recon_v1,evasive_recon_v1__4f691b2075fb,reconnaissance,T1046,8,8,3.0,0.8667,0.1086,2456.31,15658.98,0.1801,64,408,0.6703,1.3354,1.0517,0.0542,1.2142,5,0,0,2,0,0,0.1568,38.38,9.42,51.76,8206.58,7396.47,0,0.2234,0.7086,0,0
2026-08-27T19:27:53.581243+00:00,evasive_recon_v1,evasive_recon_v1__4f691b2075fb,reconnaissance,T1046,4,4,2.0,0.9263,0.0773,796.27,3185.1,0.2253,20,80,1.3936,2.558,1.0261,0.0681,1.2303,2,0,0,1,0,0,0.2479,39.81,12.21,57.02,8386.06,6952.26,0,0.1704,2.1515,0,0
2026-08-27T19:27:58.581243+00:00,evasive_recon_v1,evasive_recon_v1__4f691b2075fb,reconnaissance,T1595.001,6,6,2.585,0.884,0.1021,1165.44,2952.44,0.1753,30,76,0.9323,1.2678,1.1579,0.1194,1.5161,4,0,0,1,0,0,0.3929,38.85,8.26,53.96,7921.31,8042.21,0,0.1774,1.3578,0,0
2026-08-27T19:28:03.581243+00:00,evasive_recon_v1,evasive_recon_v1__4f691b2075fb,reconnaissance,T1595.001,3,3,1.585,0.9025,0.0814,571.3,1561.55,0.0963,15,41,0.7265,1.9076,1.0506,0.0605,1.2321,2,0,0,0,0,0,0.3656,38.09,3.66,43.26,10092.12,7796.88,0,0.2096,0.9313,0,0
2026-08-27T19:28:08.581243+00:00,evasive_recon_v1,evasive_recon_v1__4f691b2075fb,reconnaissance,T1595.001,3,3,1.585,0.8705,0.1578,493.44,1562.55,0.1844,12,38,1.5376,3.7393,1.1026,0.1596,1.5814,2,0,0,0,0,0,0.3106,41.12,16.82,64.7,9008.58,8619.15,0,0.1962,0.8843,0,0
2026-08-27T19:28:13.581243+00:00,evasive_recon_v1,evasive_recon_v1__4f691b2075fb,reconnaissance,T1595.001,5,5,2.3219,0.8645,0.1479,846.44,2776.33,0.211,25,82,0.5637,1.0804,1.1078,0.1558,1.5752,3,0,0,1,0,0,0.3039,33.86,2.88,37.66,8797.94,7701.55,0,0.2067,1.4031,0,0
2026-08-27T19:28:18.581243+00:00,evasive_recon_v1,evasive_recon_v1__4f691b2075fb,reconnaissance,T1595.001,6,6,2.4433,0.8679,0.1134,5299.6875,9820.035,0.2553,35,156,1.1068,2.2175,1.1651,0.0927,1.4432,2,1,0,1,0,0,0.3696,151.4225,62.235,239.39,7531.7125,7752.0425,0,0.1161,1.916,0,0
2026-08-27T19:28:23.581243+00:00,evasive_recon_v1,evasive_recon_v1__4f691b2075fb,reconnaissance,T1595.001,4,4,2.0,0.882,0.0885,606.02,2992.24,0.2312,16,79,0.5672,1.5047,0.9638,0.0662,1.1625,2,0,0,1,0,0,0.2012,37.88,8.81,46.61,6108.78,7169.71,0,0.1899,0.5111,0,0
2026-08-27T19:28:28.581243+00:00,evasive_recon_v1,evasive_recon_v1__4f691b2075fb,reconnaissance,T1595.001,6,6,2.6406,0.8822,0.1363,5292.015,7690.14,0.2849,27,69,1.1391,2.5896,1.0759,0.1317,1.4708,3,1,0,1,0,0,0.4602,163.2575,68.1825,260.615,8171.905,8299.8575,0,0.157,1.4307,0,0
2026-08-27T19:28:33.581243+00:00,evasive_recon_v1,evasive_recon_v1__4f691b2075fb,reconnaissance,T1595.001,7,7,2.8074,0.908,0.0929,2579.65,12120.24,0.1425,63,296,1.1014,2.8914,0.9045,0.0745,1.1281,4,0,0,1,0,0,0.2128,40.95,10.76,58.52,8382.96,9400.51,0,0.2269,0.9627,0,0
2026-08-27T19:28:38.581243+00:00,evasive_recon_v1,evasive_recon_v1__4f691b2075fb,reconnaissance,T1595.001,3,3,1.585,0.9526,0.0922,464.26,1354.08,0.1893,12,35,1.4942,2.1083,0.9373,0.0604,1.1185,2,0,0,0,0,0,0.3336,38.69,10.21,52.58,8479.06,9664.57,0,0.2288,0.9323,0,0
2026-08-27T19:28:43.581243+00:00,evasive_recon_v1,evasive_recon_v1__4f691b2075fb,reconnaissance,T1595.001,5,5,2.3219,0.9337,0.0716,751.79,3232.71,0.1348,20,86,0.8695,1.2418,1.1424,0.1697,1.6513,3,0,0,1,0,0,0.2302,37.59,4.73,45.07,7376.68,7258.3,0,0.2179,1.4605,0,0
2026-08-27T19:28:48.581243+00:00,evasive_recon_v1,evasive_recon_v1__4f691b2075fb,reconnaissance,T1595.001,3,3,1.585,0.9122,0.0957,872.61,3054.12,0.2193,24,84,0.9611,1.323,0.9161,0.0996,1.215,2,0,0,0,0,0,0.283,36.36,4.87,39.85,6829.92,8848.02,0,0.1961,2.063,0,0
2026-08-27T19:28:53.581243+00:00,evasive_recon_v1,evasive_recon_v1__4f691b2075fb,reconnaissance,T1046,3,3,1.585,0.8975,0.1246,938.26,4456.74,0.2238,24,114,0.6783,1.8321,1.0213,0.1277,1.4043,2,0,0,0,0,0,0.2097,39.09,9.39,49.87,8785.96,9219.01,0,0.1717,0.3152,0,0
2026-08-27T19:28:58.581243+00:00,evasive_recon_v1,evasive_recon_v1__4f691b2075fb,reconnaissance,T1046,1,1,0.0,0.9448,0.04,290.19,754.48,0.1958,5,13,0.7761,1.4246,1.0027,0.0918,1.278,0,0,0,0,0,0,0.3679,58.04,0.0,58.04,8557.0,7760.27,0,0.1258,1.3671,0,0
2026-08-27T19:29:03.581243+00:00,evasive_recon_v1,evasive_recon_v1__4f691b2075fb,reconnaissance,T1046,3,3,1.585,0.9126,0.0735,923.68,3348.34,0.1562,24,87,1.2544,2.3706,1.2021,0.0866,1.4618,2,0,0,0,0,0,0.2737,38.49,9.85,49.62,8270.52,6673.25,0,0.2334,1.1916,0,0
2026-08-27T19:29:08.581243+00:00,evasive_recon_v1,evasive_recon_v1__4f691b2075fb,reconnaissance,T1046,5,5,2.2018,0.8484,0.1271,4837.185,5925.57,0.3968,24,51,1.1128,1.7014,1.0192,0.0845,1.2728,2,1,0,1,0,0,0.5033,148.19,59.4675,232.46,6955.6375,9216.7175,0,0.1616,1.3426,0,0
2026-08-27T19:29:13.581243+00:00,evasive_recon_v1,evasive_recon_v1__4f691b2075fb,reconnaissance,T1046,6,6,2.585,0.8403,0.1484,1428.08,3768.53,0.2364,36,95,0.6583,1.9437,0.9344,0.1307,1.3265,4,0,0,1,0,0,0.3764,39.67,6.11,48.43,8429.66,7753.5,0,0.2018,1.8673,0,0
2026-08-27T19:29:18.581243+00:00,evasive_recon_v1,evasive_recon_v1__4f691b2075fb,reconnaissance,T1595.001,2,2,1.0,0.893,0.1253,369.36,2585.54,0.1102,8,56,0.5941,1.0922,1.1016,0.1538,1.5632,1,0,0,0,0,0,0.1418,46.17,4.7,50.87,7883.95,8146.88,0,0.1991,1.811,0,0
2026-08-27T19:29:23.581243+00:00,evasive_recon_v1,evasive_recon_v1__4f691b2075fb,reconnaissance,T1595.001,3,3,1.585,0.8996,0.114,221.87,813.54,0.2319,6,22,0.7473,1.654,1.0527,0.1249,1.4274,2,0,0,0,0,0,0.2683,36.98,11.72,47.19,7470.99,7515.04,0,0.1745,0.6301,0,0
2026-08-27T19:29:28.581243+00:00,evasive_recon_v1,evasive_recon_v1__4f691b2075fb,reconnaissance,T1595.001,2,2,1.0,0.9312,0.086,193.98,775.93,0.2869,6,24,0.5545,1.4467,0.9618,0.0546,1.1255,1,0,0,0,0,0,0.2455,32.33,1.59,33.92,7967.04,10410.31,0,0.2047,0.4545,0,0
2026-08-27T19:29:33.581243+00:00,evasive_recon_v1,evasive_recon_v1__4f691b2075fb,reconnaissance,T1595.001,6,6,2.585,0.9532,0.0284,2987.98,11499.18,0.2625,66,254,0.6453,1.5105,0.9262,0.0612,1.1099,4,0,0,1,0,0,0.2592,45.27,5.47,52.93,8599.77,9400.96,0,0.1866,0.9669,0,0
2026-08-27T19:29:38.581243+00:00,evasive_recon_v1,evasive_recon_v1__4f691b2075fb,reconnaissance,T1595.001,6,6,2.6406,0.888,0.102,5736.6225,8773.935,0.2712,45,119,0.9984,1.5573,0.896,0.1282,1.2806,3,1,0,1,0,0,0.4813,153.3425,61.8,242.18,7720.75,8202.335,0,0.171,1.8823,0,0
2026-08-27T19:29:43.581243+00:00,evasive_recon_v1,evasive_recon_v1__4f691b2075fb,reconnaissance,T1595.001,5,5,2.3219,0.8726,0.1222,709.13,2091.93,0.1717,20,59,0.7907,1.6457,0.8804,0.0916,1.1553,3,0,0,1,0,0,0.3356,35.46,4.97,43.96,6757.17,7541.99,0,0.2023,0.4099,0,0
2026-08-27T19:29:48.581243+00:00,evasive_recon_v1,evasive_recon_v1__4f691b2075fb,reconnaissance,T1595.001,5,5,2.3219,0.9156,0.0818,1460.54,4819.8,0.2118,40,132,1.5236,4.2838,1.1573,0.1184,1.5126,3,0,0,1,0,0,0.302,36.51,7.89,50.91,8891.0,6555.55,0,0.2686,0.0399,0,0
2026-08-27T19:29:53.581243+00:00,evasive_recon_v1,evasive_recon_v1__4f691b2075fb,reconnaissance,T1595.001,5,5,2.3219,0.9366,0.0799,888.22,2886.71,0.2531,20,65,1.307,2.8167,1.0041,0.1032,1.3136,3,0,0,1,0,0,0.3047,44.41,3.3,47.04,7241.76,8315.61,0,0.2125,1.5735,0,0
2026-08-27T19:29:58.581243+00:00,evasive_recon_v1,evasive_recon_v1__4f691b2075fb,reconnaissance,T1595.001,2,2,1.0,0.8879,0.1064,389.79,1705.31,0.178,8,35,0.774,1.6425,1.1764,0.0681,1.3808,1,0,0,0,0,0,0.2271,48.72,9.96,58.68,5925.67,8662.92,0,0.2198,0.0,0,0
2026-08-27T19:30:03.581243+00:00,evasive_recon_v1,evasive_recon_v1__4f691b2075fb,reconnaissance,T1046,7,7,2.8074,0.8996,0.1166,2284.66,10321.77,0.2667,56,253,0.7614,1.4913,0.9675,0.1108,1.2999,4,0,0,2,0,0,0.2212,40.8,7.28,50.24,6661.25,6791.48,0,0.2043,2.2117,0,0
2026-08-27T19:30:08.581243+00:00,evasive_recon_v1,evasive_recon_v1__4f691b2075fb,reconnaissance,T1046,8,8,3.0,0.8616,0.1499,1210.12,7601.06,0.1939,32,201,0.9337,2.7549,1.0162,0.0603,1.1972,5,0,0,2,0,0,0.1585,37.82,6.29,50.27,7273.23,8934.44,0,0.1518,1.4987,0,0
2026-08-27T19:30:13.581243+00:00,evasive_recon_v1,evasive_recon_v1__4f691b2075fb,reconnaissance,T1046,4,4,1.8906,0.9045,0.075,4772.265,5850.7125,0.3306,20,44,0.7928,1.749,1.0837,0.0831,1.3329,2,1,0,0,0,0,0.4775,151.625,61.83,238.5725,8759.635,8553.425,0,0.1532,1.3799,0,0
2026-08-27T19:30:18.581243+00:00,evasive_recon_v1,evasive_recon_v1__4f691b2075fb,reconnaissance,T1046,8,8,3.0,0.9096,0.0793,959.79,6958.49,0.1544,24,174,0.4845,1.2388,0.9165,0.066,1.1146,5,0,0,2,0,0,0.1378,39.99,11.43,64.57,9588.5,10312.8,0,0.2648,0.1227,0,0
2026-08-27T19:30:23.581243+00:00,evasive_recon_v1,evasive_recon_v1__4f691b2075fb,reconnaissance,T1046,3,3,1.585,0.888,0.0954,860.04,1720.09,0.2302,21,42,1.3183,3.7211,1.0614,0.0624,1.2486,2,0,0,0,0,0,0.4974,40.95,12.23,58.12,6676.13,7297.02,0,0.2007,1.0882,0,0
2026-08-27T19:30:28.581243+00:00,evasive_recon_v1,evasive_recon_v1__4f691b2075fb,reconnaissance,T1595.001,6,6,2.6406,0.8547,0.1483,5542.245,7711.0725,0.3286,36,80,0.6714,1.7507,1.0308,0.0785,1.2662,3,1,0,1,0,0,0.5181,157.4225,63.525,246.0725,7940.5525,7459.535,0,0.1986,1.52,0,0
2026-08-27T19:30:33.581243+00:00,evasive_recon_v1,evasive_recon_v1__4f691b2075fb,reconnaissance,T1595.001,5,5,2.3219,0.9052,0.1229,1307.45,10982.58,0.1787,35,294,1.3475,3.0138,1.0253,0.1023,1.3321,3,0,0,1,0,0,0.1189,37.36,9.61,48.17,8040.64,8544.0,0,0.1689,0.9326,0,0
2026-08-27T19:30:38.581243+00:00,evasive_recon_v1,evasive_recon_v1__4f691b2075fb,reconnaissance,T1595.001,1,1,0.0,0.9269,0.0727,281.91,971.01,0.2106,9,31,1.0845,1.4065,1.1839,0.0979,1.4777,0,0,0,0,0,0,0.285,31.32,0.0,31.32,8498.47,7167.08,0,0.2002,0.9309,0,0
2026-08-27T19:30:43.581243+00:00,evasive_recon_v1,evasive_recon_v1__4f691b2075fb,reconnaissance,T1595.001,4,4,2.0,0.9166,0.0959,829.72,3560.87,0.1858,24,103,1.4303,3.5742,0.9897,0.1379,1.4034,2,0,0,1,0,0,0.2319,34.57,6.32,43.99,7218.08,7591.66,0,0.2279,1.2955,0,0
2026-08-27T19:30:48.581243+00:00,evasive_recon_v1,evasive_recon_v1__4f691b2075fb,reconnaissance,T1595.001,1,1,0.0,0.9059,0.1125,239.48,558.78,0.1929,6,14,0.5301,1.1543,0.9489,0.0878,1.2122,0,0,0,0,0,0,0.4005,39.91,0.0,39.91,8120.91,7542.44,0,0.214,0.6289,0,0
2026-08-27T19:30:53.581243+00:00,evasive_recon_v1,evasive_recon_v1__4f691b2075fb,reconnaissance,T1595.001,4,4,2.0,0.9435,0.0466,641.84,2005.76,0.1976,16,50,0.6657,1.3893,1.1234,0.1446,1.5571,2,0,0,1,0,0,0.3153,40.12,7.51,49.09,8822.5,6739.67,0,0.1661,1.1409,0,0
2026-08-27T19:30:58.581243+00:00,evasive_recon_v1,evasive_recon_v1__4f691b2075fb,reconnaissance,T1595.001,8,8,3.0,0.9029,0.1195,1152.44,5978.3,0.3269,32,166,0.9916,2.2758,0.9165,0.0483,1.0615,5,0,0,2,0,0,0.192,36.01,10.34,54.35,8512.52,9777.61,0,0.167,1.3421,0,0
2026-08-27T19:31:03.581243+00:00,evasive_recon_v1,evasive_recon_v1__4f691b2075fb,reconnaissance,T1595.001,6,6,2.4433,0.9056,0.1113,5411.625,25219.53,0.2724,35,529,1.0377,2.3725,0.9799,0.1375,1.3925,2,1,0,1,0,0,0.2738,154.6175,66.915,253.9175,8446.96,7454.615,0,0.1528,1.4474,0,0
2026-08-27T19:31:08.581243+00:00,evasive_recon_v1,evasive_recon_v1__4f691b2075fb,reconnaissance,T1595.001,3,3,1.585,0.911,0.0973,762.13,1905.33,0.1793,18,45,1.3466,2.8622,0.948,0.0937,1.229,2,0,0,0,0,0,0.3939,42.34,14.7,62.93,9482.04,7922.75,0,0.1285,1.1536,0,0
2026-08-27T19:31:13.581243+00:00,evasive_recon_v1,evasive_recon_v1__4f691b2075fb,reconnaissance,T1595.001,7,7,2.8074,0.9225,0.1182,2407.83,7223.49,0.128,63,189,0.9728,1.4625,1.2718,0.1194,1.63,4,1,0,2,0,0,0.3324,38.22,7.33,54.0,9103.77,8815.31,0,0.2081,1.3395,0,0
2026-08-27T19:31:18.581243+00:00,evasive_recon_v1,evasive_recon_v1__4f691b2075fb,reconnaissance,T1595.001,8,8,3.0,0.9558,0.0247,2284.39,6078.1,0.2103,56,149,0.8115,1.9888,0.8009,0.071,1.0138,5,0,0,2,0,0,0.3739,40.79,11.36,67.91,7737.29,7857.23,0,0.2668,0.9152,0,0
2026-08-27T19:31:23.581243+00:00,evasive_recon_v1,evasive_recon_v1__4f691b2075fb,reconnaissance,T1595.001,6,6,2.585,0.9182,0.0332,1358.18,3508.63,0.17,36,93,1.4406,3.9665,0.9862,0.0871,1.2474,4,0,0,1,0,0,0.3834,37.73,8.12,48.17,6274.53,7973.92,0,0.17,0.7311,0,0
2026-08-27T19:31:28.581243+00:00,evasive_recon_v1,evasive_recon_v1__4f691b2075fb,reconnaissance,T1046,3,3,1.585,0.9456,0.0423,302.31,738.97,0.1862,9,22,1.0511,2.3463,1.1105,0.1253,1.4864,2,0,0,0,0,0,0.3918,33.59,2.48,37.08,6378.05,9628.3,0,0.1963,0.9672,0,0
2026-08-27T19:31:33.581243+00:00,evasive_recon_v1,evasive_recon_v1__4f691b2075fb,reconnaissance,T1046,8,8,3.0,0.9773,0.0004,1227.39,3528.75,0.2401,32,92,1.0967,1.8394,0.8196,0.0717,1.0349,5,0,0,2,0,0,0.3476,38.36,9.14,57.91,9028.21,9105.55,0,0.2067,0.7142,0,0
2026-08-27T19:31:38.581243+00:00,evasive_recon_v1,evasive_recon_v1__4f691b2075fb,reconnaissance,T1046,7,7,2.8074,0.8987,0.093,6095.1825,8746.095,0.253,51,110,0.7145,1.6626,0.9504,0.0993,1.2485,3,1,0,1,0,0,0.5486,155.675,64.5525,247.1225,8123.4775,9072.455,0,0.1509,1.8366,0,0
2026-08-27T19:31:43.581243+00:00,evasive_recon_v1,evasive_recon_v1__4f691b2075fb,reconnaissance,T1046,4,4,2.0,0.8251,0.1474,1520.0,3800.01,0.1856,40,100,0.4809,1.0285,0.8866,0.0588,1.0631,2,0,0,1,0,0,0.3965,38.0,6.88,47.53,8096.01,8666.23,0,0.1984,1.4049,0,0
2026-08-27T19:31:48.581243+00:00,evasive_recon_v1,evasive_recon_v1__4f691b2075fb,reconnaissance,T1046,4,4,2.0,0.8968,0.113,677.91,3474.27,0.2925,16,82,0.7457,1.5287,1.099,0.1202,1.4596,2,0,0,1,0,0,0.1929,42.37,7.32,50.32,8340.42,6810.43,0,0.2081,0.0,0,0
2026-08-27T19:31:53.581243+00:00,evasive_recon_v1,evasive_recon_v1__4f691b2075fb,reconnaissance,T1595.001,8,8,3.0,0.9091,0.0924,2013.41,9204.16,0.2544,56,256,1.1649,1.8619,1.2813,0.0889,1.5481,5,0,0,2,0,0,0.2187,35.95,5.31,43.6,8891.43,8658.17,0,0.2025,0.6004,0,0
2026-08-27T19:31:58.581243+00:00,evasive_recon_v1,evasive_recon_v1__4f691b2075fb,reconnaissance,T1595.001,4,4,2.0,0.9238,0.0644,441.24,1029.56,0.2314,12,28,0.7313,1.7843,1.1339,0.1001,1.4341,2,0,0,1,0,0,0.4177,36.77,17.92,65.2,7932.78,8338.38,0,0.1972,0.6484,0,0
2026-08-27T19:32:03.581243+00:00,evasive_recon_v1,evasive_recon_v1__4f691b2075fb,reconnaissance,T1595.001,3,3,1.585,0.9074,0.0959,1071.78,3501.15,0.2191,30,98,0.7424,0.9038,0.992,0.1317,1.387,2,0,0,0,0,0,0.3058,35.73,4.86,39.23,7927.93,8730.71,0,0.22,0.5589,0,0
2026-08-27T19:32:08.581243+00:00,evasive_recon_v1,evasive_recon_v1__4f691b2075fb,reconnaissance,T1595.001,8,8,3.0,0.9354,0.0667,2514.31,5342.91,0.1038,64,136,1.5504,1.9463,1.1103,0.153,1.5692,5,0,0,2,0,0,0.4679,39.29,8.01,48.21,7884.96,7945.85,0,0.2085,1.82,0,0
2026-08-27T19:32:13.581243+00:00,evasive_recon_v1,evasive_recon_v1__4f691b2075fb,reconnaissance,T1595.001,2,2,1.0,0.8588,0.1296,866.49,6534.76,0.2133,24,181,0.5352,1.1307,0.9483,0.0917,1.2235,1,0,0,0,0,0,0.132,36.1,7.16,43.27,7430.24,8053.97,0,0.2011,0.9491,0,0
2026-08-27T19:32:18.581243+00:00,evasive_recon_v1,evasive_recon_v1__4f691b2075fb,reconnaissance,T1595.001,5,5,2.3219,0.8915,0.1036,655.42,2425.06,0.2736,20,74,0.6224,1.0676,1.0449,0.1342,1.4476,3,0,0,1,0,0,0.2692,32.77,4.01,38.47,8554.04,7962.73,0,0.2244,1.3323,0,0
2026-08-27T19:32:23.581243+00:00,evasive_recon_v1,evasive_recon_v1__4f691b2075fb,reconnaissance,T1595.001,6,6,2.585,0.9021,0.1077,1404.33,8191.93,0.2292,36,210,1.0369,1.3779,1.1291,0.1031,1.4383,4,0,0,1,0,0,0.171,39.01,5.51,45.85,8997.81,8561.86,0,0.2938,0.3846,0,0
2026-08-27T19:32:28.581243+00:00,evasive_recon_v1,evasive_recon_v1__4f691b2075fb,reconnaissance,T1595.001,3,3,1.585,0.8767,0.1029,655.67,3788.31,0.1895,18,104,1.2773,2.2667,1.1089,0.128,1.4929,2,0,0,0,0,0,0.1727,36.43,5.28,42.75,9090.25,6957.76,0,0.1937,1.898,0,0
2026-08-27T19:32:33.581243+00:00,evasive_recon_v1,evasive_recon_v1__4f691b2075fb,reconnaissance,T1046,4,4,1.8906,0.8767,0.1395,4731.84,5522.4375,0.2464,18,32,0.6486,1.5719,1.0669,0.1161,1.415,1,1,0,0,0,0,0.5284,154.94,59.64,238.475,7931.9725,8981.12,0,0.1603,1.6253,0,0
2026-08-27T19:32:38.581243+00:00,evasive_recon_v1,evasive_recon_v1__4f691b2075fb,reconnaissance,T1046,7,7,2.8074,0.8911,0.1114,1187.91,5515.31,0.1215,28,130,1.2167,1.8063,1.0806,0.1461,1.5188,4,0,0,1,0,0,0.2151,42.43,12.07,62.22,8325.15,8543.89,0,0.2683,1.1515,0,0
2026-08-27T19:32:43.581243+00:00,evasive_recon_v1,evasive_recon_v1__4f691b2075fb,reconnaissance,T1046,8,8,3.0,0.8671,0.1341,901.65,4433.11,0.2084,24,118,1.4518,3.0758,1.0577,0.1377,1.4708,5,0,0,2,0,0,0.2025,37.57,6.64,51.3,7204.84,9347.35,0,0.2084,1.4057,0,0
2026-08-27T19:32:48.581243+00:00,evasive_recon_v1,evasive_recon_v1__4f691b2075fb,reconnaissance,T1046,2,2,1.0,0.8739,0.1588,843.7,3281.07,0.2429,18,70,1.3248,2.1872,1.0604,0.1192,1.418,1,0,0,0,0,0,0.2542,46.87,18.73,65.6,8949.36,6618.26,0,0.2086,1.435,0,0
2026-08-27T19:32:53.581243+00:00,evasive_recon_v1,evasive_recon_v1__4f691b2075fb,reconnaissance,T1046,3,3,1.585,0.8907,0.1015,542.82,1483.71,0.1519,15,41,0.9214,2.4165,1.0639,0.063,1.253,2,0,0,0,0,0,0.3573,36.19,3.37,40.92,7568.15,6839.38,0,0.2063,1.1635,0,0
2026-08-27T19:32:58.581243+00:00,evasive_recon_v1,evasive_recon_v1__4f691b2075fb,reconnaissance,T1595.001,4,4,2.0,0.9241,0.0915,1047.79,4303.44,0.2763,28,115,0.7078,1.9473,0.8803,0.0449,1.0151,2,0,0,1,0,0,0.2422,37.42,5.69,43.53,8306.77,7495.54,0,0.2177,0.4279,0,0
2026-08-27T19:33:03.581243+00:00,evasive_recon_v1,evasive_recon_v1__4f691b2075fb,reconnaissance,T1595.001,8,8,2.9518,0.9025,0.0908,6101.5125,9676.545,0.2863,57,150,0.7766,1.3128,1.1262,0.1701,1.6364,4,1,0,2,0,0,0.4926,151.9325,61.695,240.1475,8296.2475,8219.0825,0,0.1481,1.6455,0,0
2026-08-27T19:33:08.581243+00:00,evasive_recon_v1,evasive_recon_v1__4f691b2075fb,reconnaissance,T1595.001,3,3,1.585,0.9026,0.0633,761.52,3648.97,0.2259,24,115,0.9147,1.976,0.9279,0.0557,1.0949,2,0,0,0,0,0,0.2083,31.73,8.59,43.3,9782.13,7640.42,0,0.142,0.6289,0,0
2026-08-27T19:33:13.581243+00:00,evasive_recon_v1,evasive_recon_v1__4f691b2075fb,reconnaissance,T1595.001,1,1,0.0,0.8954,0.0863,396.28,1386.97,0.1387,8,28,1.1818,1.4426,1.0949,0.0959,1.3825,0,0,0,0,0,0,0.2804,49.53,0.0,49.53,8759.99,7238.94,0,0.178,1.3135,0,0
2026-08-27T19:33:18.581243+00:00,evasive_recon_v1,evasive_recon_v1__4f691b2075fb,reconnaissance,T1595.001,3,3,1.585,0.8478,0.2069,1037.55,3873.51,0.2817,30,112,1.0062,2.5174,0.9712,0.1405,1.3925,2,0,0,0,0,0,0.2661,34.58,4.94,39.22,8538.99,7983.05,0,0.1992,2.3545,0,0
2026-08-27T19:33:23.581243+00:00,evasive_recon_v1,evasive_recon_v1__4f691b2075fb,reconnaissance,T1595.001,2,2,1.0,0.9067,0.0841,732.75,7006.89,0.161,16,153,0.8735,2.0925,1.0802,0.0609,1.2629,1,0,0,0,0,0,0.1044,45.8,9.61,55.4,8690.66,8346.22,0,0.1911,0.5853,0,0
2026-08-27T19:33:28.581243+00:00,evasive_recon_v1,evasive_recon_v1__4f691b2075fb,reconnaissance,T1595.001,3,3,1.585,0.8948,0.1196,303.37,775.28,0.1902,9,23,0.7465,1.4242,1.1696,0.0795,1.4081,2,0,0,0,0,0,0.375,33.71,8.22,45.21,8465.73,8210.17,0,0.1953,1.0421,0,0
2026-08-27T19:33:33.581243+00:00,evasive_recon_v1,evasive_recon_v1__4f691b2075fb,reconnaissance,T1595.001,7,7,2.8074,0.8989,0.0804,1178.46,4124.6,0.2813,28,98,0.8478,1.9102,0.9059,0.1,1.206,5,0,0,2,0,0,0.2835,42.09,12.23,66.98,9610.12,8919.95,0,0.158,0.2641,0,0
2026-08-27T19:33:38.581243+00:00,evasive_recon_v1,evasive_recon_v1__4f691b2075fb,reconnaissance,T1046,6,6,2.585,0.8397,0.1388,1881.51,13013.75,0.2434,36,249,0.9184,1.2214,0.9208,0.0506,1.0727,4,0,0,1,0,0,0.1443,52.26,9.76,68.4,8940.5,8782.28,0,0.2512,0.5944,0,0
2026-08-27T19:33:43.581243+00:00,evasive_recon_v1,evasive_recon_v1__4f691b2075fb,reconnaissance,T1046,10,10,3.3219,0.8709,0.1466,2324.05,9334.95,0.2677,60,241,0.9334,1.9879,1.0544,0.0607,1.2365,6,0,0,3,0,0,0.2482,38.73,16.53,75.34,7912.92,6014.66,0,0.2309,0.9386,0,0
2026-08-27T19:33:48.581243+00:00,evasive_recon_v1,evasive_recon_v1__4f691b2075fb,reconnaissance,T1046,3,3,1.585,0.9188,0.1024,1116.22,7813.55,0.1996,24,168,1.2623,2.7989,1.1611,0.1557,1.6281,2,0,0,0,0,0,0.1421,46.51,4.52,52.47,6662.54,8798.85,0,0.2301,1.4155,0,0
2026-08-27T19:33:53.581243+00:00,evasive_recon_v1,evasive_recon_v1__4f691b2075fb,reconnaissance,T1046,6,6,2.585,0.9379,0.0745,2175.13,10110.33,0.1642,54,251,0.6635,1.8984,1.1885,0.1762,1.7172,4,0,0,1,0,0,0.2145,40.28,7.52,50.15,8010.21,9453.35,0,0.2384,1.589,0,0
2026-08-27T19:33:58.581243+00:00,evasive_recon_v1,evasive_recon_v1__4f691b2075fb,reconnaissance,T1595.001,3,3,1.585,0.9531,0.0681,893.03,6474.45,0.1911,24,174,0.7872,1.3298,0.8891,0.1016,1.1938,2,0,0,1,0,0,0.1373,37.21,9.3,48.44,8765.88,9388.42,0,0.2266,1.7678,0,0
2026-08-27T19:34:03.581243+00:00,evasive_recon_v1,evasive_recon_v1__4f691b2075fb,reconnaissance,T1595.001,4,4,2.0,0.9455,0.0695,429.36,1144.96,0.1499,12,32,1.1196,2.5935,1.176,0.1103,1.5069,2,0,0,1,0,0,0.3649,35.78,5.9,43.08,8597.98,7184.39,0,0.1266,0.8784,0,0
2026-08-27T19:34:08.581243+00:00,evasive_recon_v1,evasive_recon_v1__4f691b2075fb,reconnaissance,T1595.001,8,8,3.0,0.8948,0.0553,1004.04,2217.26,0.1729,24,53,0.7923,2.201,0.9583,0.1299,1.348,5,0,0,2,0,0,0.4469,41.84,8.16,58.8,7687.84,8238.96,0,0.1764,0.664,0,0
2026-08-27T19:34:13.581243+00:00,evasive_recon_v1,evasive_recon_v1__4f691b2075fb,reconnaissance,T1595.001,3,3,1.585,0.8831,0.1138,449.45,1168.58,0.2414,15,39,1.0484,2.5455,1.1581,0.1556,1.6249,2,0,0,0,0,0,0.3779,29.96,4.32,33.39,7146.01,8036.35,0,0.2459,0.9496,0,0
2026-08-27T19:34:18.581243+00:00,evasive_recon_v1,evasive_recon_v1__4f691b2075fb,reconnaissance,T1595.001,2,2,1.0,0.9085,0.0514,414.92,871.34,0.2147,10,21,0.5925,0.7336,0.995,0.1418,1.4204,1,0,0,0,0,0,0.4733,41.49,5.3,46.79,8913.73,8064.99,0,0.1587,1.3933,0,0
2026-08-27T19:34:23.581243+00:00,evasive_recon_v1,evasive_recon_v1__4f691b2075fb,reconnaissance,T1595.001,6,6,2.585,0.9271,0.0433,3059.03,8941.77,0.1618,78,228,0.9211,2.417,1.1133,0.0611,1.2968,4,0,0,1,0,0,0.3408,39.22,5.17,47.68,6110.16,7220.16,0,0.1932,0.4465,0,0
2026-08-27T19:34:28.581243+00:00,evasive_recon_v1,evasive_recon_v1__4f691b2075fb,reconnaissance,T1595.001,5,5,2.3219,0.9604,0.0329,659.02,1230.18,0.1857,15,28,0.6522,1.3776,1.0309,0.0744,1.254,3,0,0,1,0,0,0.5313,43.93,7.51,54.01,8256.3,6851.64,0,0.2373,0.8873,0,0
2026-08-27T19:34:33.581243+00:00,evasive_recon_v1,evasive_recon_v1__4f691b2075fb,reconnaissance,T1046,7,7,2.8074,0.9038,0.0645,4999.3875,6116.5275,0.2606,24,47,0.6891,1.1825,1.0494,0.1273,1.4314,4,1,0,2,0,0,0.5487,154.805,67.4175,251.5475,9541.375,7403.18,0,0.1604,1.899,0,0
2026-08-27T19:34:38.581243+00:00,evasive_recon_v1,evasive_recon_v1__4f691b2075fb,reconnaissance,T1046,3,3,1.4518,0.8862,0.0958,4975.1325,5761.665,0.2919,22,35,0.8163,2.038,1.0219,0.1401,1.4422,1,1,0,0,0,0,0.6245,158.4425,69.6825,251.8625,7371.88,8730.095,0,0.1793,1.75,0,0
2026-08-27T19:34:43.581243+00:00,evasive_recon_v1,evasive_recon_v1__4f691b2075fb,reconnaissance,T1046,6,6,2.4433,0.8813,0.1047,5070.9375,7349.6625,0.2294,24,68,0.8133,2.1919,0.8461,0.0792,1.0836,2,1,0,1,0,0,0.4261,159.875,63.36,249.74,8257.1575,8233.7375,0,0.1629,1.7279,0,0
2026-08-27T19:34:48.581243+00:00,evasive_recon_v1,evasive_recon_v1__4f691b2075fb,reconnaissance,T1046,8,8,2.9518,0.8523,0.1521,6857.1525,11513.67,0.3337,75,192,1.1477,2.6327,1.0618,0.1484,1.5069,4,1,0,2,0,0,0.5063,153.14,61.395,239.2175,8460.19,8944.325,0,0.1842,1.7959,0,0
2026-08-27T19:34:53.581243+00:00,evasive_recon_v1,evasive_recon_v1__4f691b2075fb,reconnaissance,T1046,5,5,2.3219,0.8599,0.1352,1206.82,3827.33,0.157,35,111,1.4887,2.5757,1.0164,0.117,1.3674,3,0,0,1,0,0,0.3147,34.48,4.14,38.53,6957.93,8375.76,0,0.2298,0.7362,0,0
2026-08-27T19:34:58.581243+00:00,evasive_recon_v1,evasive_recon_v1__4f691b2075fb,reconnaissance,T1595.001,9,9,3.1699,0.9199,0.0987,1738.46,4017.78,0.1673,45,104,1.342,3.5971,1.0634,0.0542,1.226,6,1,0,2,0,0,0.4292,38.63,4.83,46.08,8555.58,10848.96,0,0.1936,0.5903,0,0
2026-08-27T19:35:03.581243+00:00,evasive_recon_v1,evasive_recon_v1__4f691b2075fb,reconnaissance,T1595.001,5,5,2.3219,0.8244,0.1443,337.78,1216.02,0.154,10,36,0.719,1.3729,0.79,0.0622,0.9764,3,0,0,1,0,0,0.2717,33.78,8.9,45.78,8556.47,7612.42,0,0.1697,0.6492,0,0
2026-08-27T19:35:08.581243+00:00,evasive_recon_v1,evasive_recon_v1__4f691b2075fb,reconnaissance,T1595.001,4,4,2.0,0.8459,0.1139,1431.63,4795.96,0.2126,40,134,0.7894,1.8405,0.9663,0.057,1.1374,2,0,0,1,0,0,0.2969,35.79,9.48,47.42,8684.57,8601.54,0,0.1946,1.4042,0,0
2026-08-27T19:35:13.581243+00:00,evasive_recon_v1,evasive_recon_v1__4f691b2075fb,reconnaissance,T1595.001,2,2,1.0,0.881,0.1234,410.88,1232.65,0.1275,12,36,1.2609,3.1387,0.8629,0.0947,1.1469,1,0,0,0,0,0,0.3278,34.24,8.89,43.13,5900.29,7085.03,0,0.2521,1.465,0,0
2026-08-27T19:35:18.581243+00:00,evasive_recon_v1,evasive_recon_v1__4f691b2075fb,reconnaissance,T1595.001,5,5,2.3219,0.9031,0.0881,1544.43,23732.68,0.133,30,461,0.8805,2.34,0.8324,0.093,1.1116,3,0,0,1,0,0,0.065,51.48,9.11,64.07,9571.8,7318.83,0,0.2352,1.2647,0,0
2026-08-27T19:35:23.581243+00:00,evasive_recon_v1,evasive_recon_v1__4f691b2075fb,reconnaissance,T1595.001,3,3,1.585,0.9592,0.0516,302.73,807.28,0.2275,9,24,0.9356,1.2176,0.7506,0.0584,0.9259,2,0,0,0,0,0,0.3608,33.64,4.91,37.42,8429.59,9525.02,0,0.1955,0.8995,0,0
2026-08-27T19:35:28.581243+00:00,evasive_recon_v1,evasive_recon_v1__4f691b2075fb,reconnaissance,T1595.001,8,8,3.0,0.8878,0.0714,1397.65,3878.48,0.2935,40,111,0.8654,1.7679,1.0626,0.0878,1.326,5,0,0,2,0,0,0.3589,34.94,4.73,43.66,8872.45,6842.35,0,0.215,1.4156,0,0
2026-08-27T19:35:33.581243+00:00,evasive_recon_v1,evasive_recon_v1__4f691b2075fb,reconnaissance,T1595.001,4,4,2.0,0.9108,0.0489,854.42,2605.98,0.2475,20,61,0.6036,1.1786,0.9992,0.1343,1.4021,2,0,0,1,0,0,0.3247,42.72,8.01,50.14,8847.81,9673.27,0,0.2064,0.9938,0,0
2026-08-27T19:35:38.581243+00:00,evasive_recon_v1,evasive_recon_v1__4f691b2075fb,reconnaissance,T1595.001,6,6,2.585,0.899,0.1041,1242.32,5107.32,0.2398,36,148,1.1989,3.5013,1.0478,0.0796,1.2865,4,0,0,1,0,0,0.243,34.51,3.18,41.0,6066.23,9053.01,0,0.179,0.8229,0,0
2026-08-27T19:35:43.581243+00:00,evasive_recon_v1,evasive_recon_v1__4f691b2075fb,reconnaissance,T1595.001,5,5,2.3219,0.8825,0.1311,1508.72,4425.58,0.2256,30,88,1.0109,1.2953,1.1029,0.0623,1.2899,3,0,0,1,0,0,0.3398,50.29,12.41,73.79,11463.86,8344.13,0,0.1966,0.7874,0,0
2026-08-27T19:35:48.581243+00:00,evasive_recon_v1,evasive_recon_v1__4f691b2075fb,reconnaissance,T1595.001,1,1,0.0,0.8719,0.1056,250.38,959.79,0.1745,6,23,1.5203,3.6567,1.0979,0.1115,1.4326,0,0,0,0,0,0,0.2564,41.73,0.0,41.73,5844.9,6403.36,0,0.201,1.3385,0,0
2026-08-27T19:35:53.581243+00:00,evasive_recon_v1,evasive_recon_v1__4f691b2075fb,reconnaissance,T1046,7,7,2.8074,0.905,0.1431,1134.15,4941.67,0.1903,28,122,1.0568,1.3621,1.0414,0.1231,1.4106,5,0,0,1,0,0,0.228,40.51,7.4,53.36,9559.2,8354.64,0,0.25,1.1154,0,0
2026-08-27T19:35:58.581243+00:00,evasive_recon_v1,evasive_recon_v1__4f691b2075fb,reconnaissance,T1046,4,4,2.0,0.8687,0.1246,1357.02,9046.81,0.2119,36,240,0.5859,0.8656,1.0143,0.0782,1.249,2,0,0,1,0,0,0.1499,37.7,6.84,48.92,8916.69,8094.55,0,0.202,1.0892,0,0
2026-08-27T19:36:03.581243+00:00,evasive_recon_v1,evasive_recon_v1__4f691b2075fb,reconnaissance,T1046,6,6,2.6406,0.88,0.1107,5134.38,7546.23,0.2601,31,96,0.7637,1.9345,1.0027,0.0816,1.2474,3,1,0,1,0,0,0.4308,150.3275,61.455,237.0725,7489.045,7956.62,0,0.1394,1.3102,0,0
2026-08-27T19:36:08.581243+00:00,evasive_recon_v1,evasive_recon_v1__4f691b2075fb,reconnaissance,T1046,3,3,1.585,0.9219,0.0489,573.89,2563.39,0.181,15,67,0.8954,2.5886,1.0884,0.0699,1.2982,2,0,0,0,0,0,0.2228,38.26,5.02,42.47,8349.26,8972.68,0,0.2407,0.8481,0,0
2026-08-27T19:36:13.581243+00:00,evasive_recon_v1,evasive_recon_v1__4f691b2075fb,reconnaissance,T1046,5,5,2.3219,0.8908,0.1103,1795.55,5521.33,0.2854,40,123,0.5199,0.9392,1.0242,0.0785,1.2598,3,0,0,1,0,0,0.3243,44.89,3.98,49.97,8396.25,8795.71,0,0.2357,0.3347,0,0
2026-08-27T19:36:18.581243+00:00,evasive_recon_v1,evasive_recon_v1__4f691b2075fb,reconnaissance,T1046,4,4,1.8906,0.8806,0.1314,5181.9525,9079.68,0.2946,27,108,1.1402,2.4708,0.8905,0.0778,1.124,2,1,0,0,0,0,0.3715,158.675,62.7675,247.475,8149.2775,8269.31,0,0.1411,1.8872,0,0
2026-08-27T19:36:23.581243+00:00,evasive_recon_v1,evasive_recon_v1__4f691b2075fb,reconnaissance,T1595.001,4,4,2.0,0.8868,0.1352,908.28,2724.83,0.1312,20,60,0.9325,1.6805,0.9371,0.0686,1.1427,2,0,0,1,0,0,0.3316,45.41,11.88,63.71,10243.88,7970.8,0,0.2019,0.2894,0,0
2026-08-27T19:36:28.581243+00:00,evasive_recon_v1,evasive_recon_v1__4f691b2075fb,reconnaissance,T1595.001,4,4,2.0,0.9315,0.0855,877.39,3911.71,0.1257,24,107,1.0527,2.4967,0.7618,0.0966,1.0516,2,0,0,1,0,0,0.2223,36.56,3.52,41.88,8865.11,8956.14,0,0.1307,1.3512,0,0
2026-08-27T19:36:33.581243+00:00,evasive_recon_v1,evasive_recon_v1__4f691b2075fb,reconnaissance,T1595.001,6,6,2.585,0.8673,0.1334,2418.72,10964.88,0.2036,60,272,0.9523,2.2897,0.9215,0.0889,1.1881,4,0,0,1,0,0,0.2198,40.31,8.88,51.95,8651.55,8473.49,0,0.1633,1.1541,0,0
2026-08-27T19:36:38.581243+00:00,evasive_recon_v1,evasive_recon_v1__4f691b2075fb,reconnaissance,T1595.001,8,8,2.9518,0.8578,0.1082,6841.4625,12155.0925,0.3731,69,192,0.9796,2.5424,0.9831,0.0932,1.2627,4,1,0,2,0,0,0.4811,155.7725,62.0625,244.865,7422.3625,8633.855,0,0.1723,2.0607,0,0
2026-08-27T19:36:43.581243+00:00,evasive_recon_v1,evasive_recon_v1__4f691b2075fb,reconnaissance,T1595.001,7,7,2.8074,0.9256,0.1166,5821.9425,11223.0,0.2832,46,176,1.3878,3.2729,1.1931,0.1426,1.6209,3,2,0,2,0,0,0.4002,154.4975,61.3425,241.775,8157.265,10037.66,0,0.1799,1.1746,0,0
2026-08-27T19:36:48.581243+00:00,evasive_recon_v1,evasive_recon_v1__4f691b2075fb,reconnaissance,T1595.001,6,6,2.585,0.8755,0.1088,1480.69,5634.83,0.1902,36,137,1.1318,2.507,0.844,0.094,1.126,4,0,0,1,0,0,0.2618,41.13,11.98,60.38,9617.42,9806.6,0,0.2073,1.2261,0,0
2026-08-27T19:36:53.581243+00:00,evasive_recon_v1,evasive_recon_v1__4f691b2075fb,reconnaissance,T1595.001,6,6,2.4433,0.8682,0.1157,5437.2375,7636.17,0.2678,35,84,1.1025,1.8405,0.9232,0.1351,1.3284,2,1,0,1,0,0,0.501,155.3525,63.06,243.23,7852.705,7998.035,0,0.127,1.7794,0,0
2026-08-27T19:36:58.581243+00:00,evasive_recon_v1,evasive_recon_v1__4f691b2075fb,reconnaissance,T1595.001,3,3,1.585,0.9648,0.0194,877.04,3257.58,0.2403,21,78,0.7357,1.4143,0.9807,0.0663,1.1797,2,0,0,0,0,0,0.2676,41.76,6.38,49.21,7949.71,9171.33,0,0.2417,0.6953,0,0
2026-08-27T19:37:03.581243+00:00,evasive_recon_v1,evasive_recon_v1__4f691b2075fb,reconnaissance,T1595.001,7,7,2.8074,0.902,0.1042,2379.88,6765.65,0.1961,70,199,1.3795,3.4238,1.0767,0.086,1.3348,4,0,0,1,0,0,0.3507,34.0,7.3,44.01,7718.23,8442.32,0,0.1858,0.4482,0,0
2026-08-27T19:37:08.581243+00:00,evasive_recon_v1,evasive_recon_v1__4f691b2075fb,reconnaissance,T1046,6,6,2.6406,0.8887,0.0939,5852.1975,9094.635,0.315,45,118,0.5489,1.5185,0.9478,0.1216,1.3127,3,1,0,1,0,0,0.4839,155.75,64.68,250.6625,8827.6375,7170.575,0,0.192,0.7973,0,0
2026-08-27T19:37:13.581243+00:00,evasive_recon_v1,evasive_recon_v1__4f691b2075fb,reconnaissance,T1046,4,4,2.0,0.9039,0.1067,1375.09,4621.84,0.1845,36,121,0.4793,0.8388,0.899,0.1202,1.2596,2,0,0,1,0,0,0.2968,38.2,8.92,48.36,8286.03,8890.4,0,0.2118,0.4341,0,0
2026-08-27T19:37:18.581243+00:00,evasive_recon_v1,evasive_recon_v1__4f691b2075fb,reconnaissance,T1046,6,6,2.585,0.8665,0.0876,2626.6,10506.41,0.2778,72,288,0.5336,0.9239,0.871,0.1132,1.2106,4,0,0,1,0,0,0.2499,36.48,5.71,40.71,8792.56,9158.57,0,0.1969,0.9285,0,0
2026-08-27T19:37:23.581243+00:00,evasive_recon_v1,evasive_recon_v1__4f691b2075fb,reconnaissance,T1046,7,7,2.8074,0.8733,0.145,2251.36,6512.86,0.2536,56,162,0.727,0.9275,0.9787,0.1177,1.3319,5,0,0,2,0,0,0.3443,40.2,9.82,57.09,8467.81,9256.61,0,0.202,0.5223,0,0
2026-08-27T19:37:28.581243+00:00,evasive_recon_v1,evasive_recon_v1__4f691b2075fb,reconnaissance,T1595.001,7,7,2.8074,0.9374,0.0692,1244.54,4124.76,0.2289,35,116,1.1237,2.0046,0.9485,0.0945,1.232,4,0,0,2,0,0,0.3005,35.56,8.29,45.19,8426.37,8333.58,0,0.1886,0.4404,0,0
2026-08-27T19:37:33.581243+00:00,evasive_recon_v1,evasive_recon_v1__4f691b2075fb,reconnaissance,T1595.001,6,6,2.585,0.9011,0.0929,626.66,1322.96,0.25,18,38,1.1119,2.4441,0.8125,0.0745,1.0361,4,0,0,1,0,0,0.4629,34.81,9.61,52.46,9127.71,9117.29,0,0.2014,0.7048,0,0
2026-08-27T19:37:38.581243+00:00,evasive_recon_v1,evasive_recon_v1__4f691b2075fb,reconnaissance,T1595.001,3,3,1.585,0.8999,0.1248,939.88,2584.67,0.1281,24,66,1.5242,2.6717,1.1295,0.1328,1.5278,2,0,0,0,0,0,0.3601,39.16,11.88,55.65,7554.3,9145.44,0,0.199,0.734,0,0
2026-08-27T19:37:43.581243+00:00,evasive_recon_v1,evasive_recon_v1__4f691b2075fb,reconnaissance,T1595.001,5,5,2.3219,0.8879,0.1221,2441.4,10830.92,0.1196,55,244,1.0213,1.7173,0.8798,0.0863,1.1385,3,0,0,1,0,0,0.2247,44.39,10.17,62.41,8405.99,8131.35,0,0.2204,1.6374,0,0
2026-08-27T19:37:48.581243+00:00,evasive_recon_v1,evasive_recon_v1__4f691b2075fb,reconnaissance,T1595.001,5,5,2.3219,0.9325,0.0784,605.48,3269.59,0.2486,15,81,0.675,1.9462,0.8583,0.0852,1.114,3,0,0,1,0,0,0.1839,40.37,11.11,60.0,8203.58,9519.72,0,0.1876,1.0513,0,0
2026-08-27T19:37:53.581243+00:00,evasive_recon_v1,evasive_recon_v1__4f691b2075fb,reconnaissance,T1595.001,8,8,3.0,0.9161,0.122,2534.63,10138.53,0.2719,64,256,1.0779,1.4057,0.9896,0.0624,1.1768,5,0,0,2,0,0,0.2491,39.6,5.71,50.54,9110.76,9589.01,0,0.2242,0.6251,0,0
2026-08-27T19:37:58.581243+00:00,evasive_recon_v1,evasive_recon_v1__4f691b2075fb,reconnaissance,T1595.001,3,3,1.585,0.8945,0.1009,1500.67,13506.0,0.1576,27,243,0.5012,0.9406,0.8992,0.0897,1.1683,2,0,0,0,0,0,0.1109,55.58,14.93,68.04,8775.11,8828.22,0,0.2523,1.3898,0,0
2026-08-27T19:38:03.581243+00:00,evasive_recon_v1,evasive_recon_v1__4f691b2075fb,reconnaissance,T1595.001,3,3,1.585,0.9025,0.1081,952.46,4303.71,0.1058,27,122,1.0802,1.7723,0.9494,0.0641,1.1416,2,0,0,0,0,0,0.2212,35.28,6.75,41.07,9542.91,6975.89,0,0.1938,1.4979,0,0
2026-08-27T19:38:08.581243+00:00,evasive_recon_v1,evasive_recon_v1__4f691b2075fb,reconnaissance,T1595.001,4,4,2.0,0.8634,0.1391,1203.73,3439.23,0.2133,28,80,1.3021,3.1863,0.9099,0.0481,1.0543,2,0,0,1,0,0,0.3466,42.99,5.41,49.37,6771.37,8836.05,0,0.2422,1.0145,0,0
2026-08-27T19:38:13.581243+00:00,evasive_recon_v1,evasive_recon_v1__4f691b2075fb,reconnaissance,T1595.001,8,8,3.0,0.9189,0.0675,1025.06,6107.67,0.1887,24,143,0.4822,1.0083,0.7792,0.0897,1.0484,5,0,0,2,0,0,0.1669,42.71,13.59,63.31,9837.28,7966.85,0,0.1672,0.9999,0,0
2026-08-27T19:38:18.581243+00:00,evasive_recon_v1,evasive_recon_v1__4f691b2075fb,reconnaissance,T1595.001,4,4,2.0,0.8605,0.1538,480.05,3360.33,0.1477,12,84,1.2963,1.9769,0.9649,0.0629,1.1535,2,0,0,1,0,0,0.1424,40.0,4.81,46.55,8830.83,6792.45,0,0.2094,1.1115,0,0
2026-08-27T19:38:23.581243+00:00,evasive_recon_v1,evasive_recon_v1__4f691b2075fb,reconnaissance,T1595.001,7,7,2.8074,0.9045,0.0838,937.79,2947.35,0.1885,21,66,1.1861,1.6235,0.9872,0.077,1.2181,4,0,0,2,0,0,0.3177,44.66,10.89,55.33,8543.13,8331.73,0,0.1802,1.3291,0,0
2026-08-27T19:38:28.581243+00:00,evasive_recon_v1,evasive_recon_v1__4f691b2075fb,reconnaissance,T1046,6,6,2.585,0.9299,0.081,1456.25,4490.11,0.2404,36,111,0.7541,1.8858,1.0772,0.1242,1.4496,4,0,0,1,0,0,0.3235,40.45,11.48,64.19,8272.16,7414.39,0,0.2247,0.9645,0,0
2026-08-27T19:38:33.581243+00:00,evasive_recon_v1,evasive_recon_v1__4f691b2075fb,reconnaissance,T1046,5,5,2.3219,0.8883,0.1268,1664.46,5284.66,0.1753,40,127,1.1269,1.3877,0.818,0.1138,1.1595,3,0,0,1,0,0,0.3143,41.61,4.91,49.03,9458.32,9317.19,0,0.2203,0.0231,0,0
2026-08-27T19:38:38.581243+00:00,evasive_recon_v1,evasive_recon_v1__4f691b2075fb,reconnaissance,T1046,8,8,2.9518,0.9015,0.0931,5204.2575,7432.3125,0.2918,33,90,0.8754,1.6347,1.2152,0.0973,1.5069,4,1,0,2,0,0,0.458,150.9275,64.215,245.8625,7103.035,7373.915,0,0.1465,2.1935,0,0
2026-08-27T19:38:43.581243+00:00,evasive_recon_v1,evasive_recon_v1__4f691b2075fb,reconnaissance,T1046,9,9,3.1699,0.9266,0.0731,1581.33,6017.84,0.2103,36,137,1.3036,3.3073,0.9178,0.0659,1.1154,6,0,0,2,0,0,0.2613,43.93,6.87,53.41,8592.15,7614.61,0,0.233,1.8526,0,0
2026-08-27T19:38:48.581243+00:00,evasive_recon_v1,evasive_recon_v1__4f691b2075fb,reconnaissance,T1046,4,4,2.0,0.877,0.1311,1156.32,8021.96,0.2851,32,222,0.5258,0.7975,1.2849,0.1201,1.6452,2,0,0,1,0,0,0.1437,36.13,8.03,49.86,9653.86,7875.17,0,0.245,0.6057,0,0
2026-08-27T19:38:53.581243+00:00,evasive_recon_v1,evasive_recon_v1__4f691b2075fb,reconnaissance,T1046,4,4,2.0,0.8708,0.1804,600.61,2139.68,0.1722,16,57,0.7689,1.0196,1.0339,0.1525,1.4913,2,0,0,1,0,0,0.2778,37.54,1.73,39.99,8047.22,8101.5,0,0.2337,1.2063,0,0
2026-08-27T19:38:58.581243+00:00,evasive_recon_v1,evasive_recon_v1__4f691b2075fb,reconnaissance,T1046,2,2,1.0,0.9812,0.0038,405.65,1500.9,0.1282,10,37,1.3577,2.422,1.1956,0.0971,1.487,1,0,0,0,0,0,0.2699,40.56,3.96,44.53,7919.96,8564.96,0,0.2006,1.2767,0,0
2026-08-27T19:39:03.581243+00:00,evasive_recon_v1,evasive_recon_v1__4f691b2075fb,reconnaissance,T1595.001,3,3,1.585,0.8994,0.1194,991.95,3259.25,0.2532,21,69,0.6357,0.8148,0.8722,0.0942,1.1548,2,0,0,0,0,0,0.304,47.24,9.59,60.12,6496.8,9067.71,0,0.2149,0.336,0,0
2026-08-27T19:39:08.581243+00:00,evasive_recon_v1,evasive_recon_v1__4f691b2075fb,reconnaissance,T1595.001,1,1,0.0,0.9574,0.0844,331.08,2207.2,0.236,9,60,1.624,3.781,1.2104,0.1491,1.6576,0,0,0,0,0,0,0.1495,36.79,0.0,36.79,8629.85,9416.77,0,0.1821,1.7668,0,0
2026-08-27T19:39:13.581243+00:00,evasive_recon_v1,evasive_recon_v1__4f691b2075fb,reconnaissance,T1595.001,6,6,2.585,0.8947,0.075,1477.85,10098.67,0.1457,36,246,0.6546,1.3536,1.1191,0.0653,1.3149,4,0,0,1,0,0,0.1463,41.05,13.15,67.12,7942.33,9486.48,0,0.1527,0.4797,0,0
2026-08-27T19:39:18.581243+00:00,evasive_recon_v1,evasive_recon_v1__4f691b2075fb,reconnaissance,T1595.001,6,6,2.585,0.9268,0.0708,1707.78,6546.47,0.1703,42,161,1.0189,1.2485,1.0458,0.0781,1.2801,4,0,0,1,0,0,0.2597,40.66,3.52,47.73,5334.03,9615.4,0,0.2476,1.0067,0,0
2026-08-27T19:39:23.581243+00:00,evasive_recon_v1,evasive_recon_v1__4f691b2075fb,reconnaissance,T1595.001,7,7,2.8074,0.8886,0.1523,1728.53,10206.54,0.3115,42,248,0.886,2.5001,1.0641,0.1082,1.3887,5,0,0,2,0,0,0.1689,41.16,7.2,52.45,9920.76,7110.55,0,0.2194,1.6102,0,0
2026-08-27T19:39:28.581243+00:00,evasive_recon_v1,evasive_recon_v1__4f691b2075fb,reconnaissance,T1595.001,6,6,2.585,0.9054,0.0704,1559.16,6453.2,0.3012,36,149,1.2244,3.1273,0.8116,0.0718,1.0271,4,0,0,1,0,0,0.2402,43.31,14.13,70.46,9374.39,7428.25,0,0.2553,1.3001,0,0
2026-08-27T19:39:33.581243+00:00,evasive_recon_v1,evasive_recon_v1__4f691b2075fb,reconnaissance,T1595.001,4,4,2.0,0.8898,0.0726,739.12,2513.01,0.2183,20,68,0.632,1.579,1.0031,0.1436,1.4338,2,0,0,1,0,0,0.2937,36.96,8.6,48.99,9082.92,7456.08,0,0.208,1.3332,0,0
2026-08-27T19:39:38.581243+00:00,evasive_recon_v1,evasive_recon_v1__4f691b2075fb,reconnaissance,T1595.001,2,2,1.0,0.9019,0.1026,431.9,1151.73,0.245,12,32,1.4119,3.0868,1.1741,0.1192,1.5318,1,0,0,0,0,0,0.3684,35.99,0.26,36.25,9539.56,8780.79,0,0.1722,0.7858,0,0
2026-08-27T19:39:43.581243+00:00,evasive_recon_v1,evasive_recon_v1__4f691b2075fb,reconnaissance,T1595.001,5,5,2.2018,0.8572,0.1149,5427.3375,10194.6225,0.2976,36,152,1.2523,3.4908,1.0422,0.0807,1.2842,2,1,0,1,0,0,0.3779,154.2275,63.225,245.39,8095.7725,7209.605,0,0.1289,1.8619,0,0
2026-08-27T19:39:48.581243+00:00,evasive_recon_v1,evasive_recon_v1__4f691b2075fb,reconnaissance,T1595.001,5,5,2.3219,0.9081,0.0861,1012.92,4011.18,0.0885,25,99,0.6379,1.6216,1.0817,0.0707,1.2937,3,0,0,1,0,0,0.2522,40.52,8.56,56.04,7772.77,6591.79,0,0.2127,0.7811,0,0
2026-08-27T19:39:53.581243+00:00,evasive_recon_v1,evasive_recon_v1__4f691b2075fb,reconnaissance,T1595.001,5,5,2.3219,0.9253,0.0627,626.77,1796.75,0.2163,15,43,1.4641,3.3155,0.9379,0.0847,1.1919,3,0,0,1,0,0,0.3477,41.78,8.95,50.69,8316.23,8200.83,0,0.2251,0.9811,0,0
2026-08-27T19:39:58.581243+00:00,evasive_recon_v1,evasive_recon_v1__4f691b2075fb,reconnaissance,T1046,2,2,1.0,0.8907,0.1071,781.64,1954.09,0.2495,16,40,0.7862,1.8653,0.9093,0.1204,1.2705,1,0,0,0,0,0,0.3994,48.85,3.65,52.5,7008.69,8522.58,0,0.2221,1.073,0,0
2026-08-27T19:40:03.581243+00:00,evasive_recon_v1,evasive_recon_v1__4f691b2075fb,reconnaissance,T1046,7,7,2.8074,0.9018,0.1194,522.97,1643.62,0.2914,14,44,0.8694,1.3194,0.8864,0.0504,1.0375,4,0,0,2,0,0,0.3158,37.36,10.33,56.5,8543.05,7649.85,0,0.2012,1.6943,0,0
2026-08-27T19:40:08.581243+00:00,evasive_recon_v1,evasive_recon_v1__4f691b2075fb,reconnaissance,T1046,3,3,1.585,0.861,0.1588,696.68,2833.15,0.1664,15,61,0.9284,1.7885,1.2314,0.147,1.6723,2,0,0,0,0,0,0.2453,46.45,2.88,49.68,7010.63,8260.99,0,0.1449,0.3826,0,0
2026-08-27T19:40:13.581243+00:00,evasive_recon_v1,evasive_recon_v1__4f691b2075fb,reconnaissance,T1046,8,8,3.0,0.8597,0.1671,1243.26,9091.34,0.1346,32,234,0.5892,1.7191,0.9243,0.108,1.2482,5,0,0,2,0,0,0.1367,38.85,6.87,47.56,6988.71,10017.15,0,0.175,0.8333,0,0
2026-08-27T19:40:18.581243+00:00,evasive_recon_v1,evasive_recon_v1__4f691b2075fb,reconnaissance,T1046,2,2,1.0,0.9016,0.0705,116.74,408.6,0.1727,2,7,1.5146,3.3839,0.9104,0.087,1.1713,1,0,0,0,0,0,0.2818,58.37,13.61,71.98,8814.08,9901.47,0,0.2092,0.7375,0,0
2026-08-27T19:40:23.581243+00:00,evasive_recon_v1,evasive_recon_v1__4f691b2075fb,reconnaissance,T1595.001,10,10,3.3219,0.9437,0.0518,3079.58,13858.09,0.2444,70,315,1.2407,2.5202,1.2522,0.14,1.6723,6,1,0,3,0,0,0.222,43.99,6.94,50.26,9024.19,8653.55,0,0.2398,0.6733,0,0
2026-08-27T19:40:28.581243+00:00,evasive_recon_v1,evasive_recon_v1__4f691b2075fb,reconnaissance,T1595.001,8,8,2.9518,0.8821,0.1261,5106.84,6245.4075,0.2107,27,49,0.7344,1.2473,0.9898,0.1412,1.4134,4,1,0,2,0,0,0.5737,155.54,69.1425,264.47,7338.3925,6978.89,0,0.1729,0.8342,0,0
2026-08-27T19:40:33.581243+00:00,evasive_recon_v1,evasive_recon_v1__4f691b2075fb,reconnaissance,T1595.001,4,4,2.0,0.9457,0.0678,433.87,1482.39,0.1656,12,41,1.4998,2.0862,1.1976,0.1702,1.7084,2,0,0,1,0,0,0.2915,36.16,6.88,42.46,7321.25,7710.47,0,0.1929,0.8229,0,0
2026-08-27T19:40:38.581243+00:00,evasive_recon_v1,evasive_recon_v1__4f691b2075fb,reconnaissance,T1595.001,5,5,2.3219,0.9132,0.0842,1665.73,2831.74,0.2521,40,68,1.1424,2.189,1.1826,0.1389,1.5993,3,0,0,1,0,0,0.5817,41.64,8.38,54.51,6929.81,8798.4,0,0.1946,1.2987,0,0
2026-08-27T19:40:43.581243+00:00,evasive_recon_v1,evasive_recon_v1__4f691b2075fb,reconnaissance,T1595.001,2,2,0.7018,0.8839,0.1066,4476.105,5407.125,0.2574,13,43,0.774,1.554,1.0092,0.1212,1.3729,0,1,0,0,0,0,0.335,142.3625,57.15,223.25,8620.6975,8201.345,0,0.1639,1.2526,0,0
2026-08-27T19:40:48.581243+00:00,evasive_recon_v1,evasive_recon_v1__4f691b2075fb,reconnaissance,T1595.001,7,7,2.8074,0.9395,0.0429,2124.92,5995.31,0.2638,56,158,1.087,2.073,0.7038,0.0745,0.9274,4,0,0,2,0,0,0.3536,37.94,7.62,53.61,8057.07,7227.48,0,0.2143,1.3647,0,0
2026-08-27T19:40:53.581243+00:00,evasive_recon_v1,evasive_recon_v1__4f691b2075fb,reconnaissance,T1595.001,3,3,1.585,0.8357,0.1959,407.64,1121.02,0.1752,12,33,0.9031,2.6384,1.0153,0.0929,1.294,2,0,0,0,0,0,0.3636,33.97,8.62,42.54,9500.71,7953.48,0,0.1864,0.667,0,0
2026-08-27T19:40:58.581243+00:00,evasive_recon_v1,evasive_recon_v1__4f691b2075fb,reconnaissance,T1595.001,5,5,2.2018,0.9005,0.0707,5359.305,9159.7275,0.2784,33,120,0.7895,1.5194,0.9179,0.1355,1.3244,2,1,0,1,0,0,0.3986,155.7725,67.1925,251.5925,7517.14,7758.2825,0,0.1551,1.9225,0,0
2026-08-27T19:41:03.581243+00:00,evasive_recon_v1,evasive_recon_v1__4f691b2075fb,reconnaissance,T1595.001,9,9,3.1699,0.9228,0.0402,788.13,2846.04,0.1493,18,65,1.2383,1.7957,0.9102,0.0887,1.1764,5,1,0,2,0,0,0.2764,43.79,10.05,59.71,8459.77,8446.68,0,0.2064,1.6027,0,0
2026-08-27T19:41:08.581243+00:00,evasive_recon_v1,evasive_recon_v1__4f691b2075fb,reconnaissance,T1595.001,7,7,2.8074,0.9312,0.0365,1112.8,5444.79,0.2997,28,137,1.3379,3.9334,0.8929,0.0744,1.1162,4,0,0,2,0,0,0.2035,39.74,13.06,69.26,10298.56,9022.16,0,0.1627,1.4008,0,0
2026-08-27T19:41:13.581243+00:00,evasive_recon_v1,evasive_recon_v1__4f691b2075fb,reconnaissance,T1595.001,2,2,0.7018,0.9181,0.0868,4509.0225,5149.02,0.2428,13,26,1.3196,2.9616,0.8952,0.0725,1.1127,0,1,0,0,0,0,0.4244,147.845,57.15,228.7325,9249.955,8714.675,0,0.1362,1.4342,0,0
2026-08-27T19:41:18.581243+00:00,evasive_recon_v1,evasive_recon_v1__4f691b2075fb,reconnaissance,T1595.001,4,4,2.0,0.8703,0.1378,714.18,1874.73,0.2216,16,42,1.1485,2.8343,1.1511,0.1547,1.6151,2,0,0,1,0,0,0.3773,44.64,3.29,49.81,9046.21,8080.05,0,0.2214,1.7598,0,0
2026-08-27T19:41:23.581243+00:00,evasive_recon_v1,evasive_recon_v1__4f691b2075fb,reconnaissance,T1046,4,4,2.0,0.8982,0.114,769.88,2579.11,0.145,20,67,1.1653,2.0246,0.8793,0.0503,1.0302,2,0,0,1,0,0,0.2967,38.49,6.18,46.15,8181.44,8868.42,0,0.1926,1.0157,0,0
2026-08-27T19:41:28.581243+00:00,evasive_recon_v1,evasive_recon_v1__4f691b2075fb,reconnaissance,T1046,4,4,2.0,0.9019,0.0991,666.82,2042.13,0.1848,16,49,0.5498,1.6083,0.8552,0.0499,1.005,2,0,0,1,0,0,0.3254,41.68,9.92,51.85,7789.54,8599.95,0,0.2026,1.0724,0,0
2026-08-27T19:41:33.581243+00:00,evasive_recon_v1,evasive_recon_v1__4f691b2075fb,reconnaissance,T1046,5,5,2.3219,0.8661,0.1377,1438.35,4315.05,0.2254,35,105,1.1344,1.8209,0.9446,0.0772,1.1761,3,0,0,1,0,0,0.3326,41.1,6.71,48.67,9575.2,6720.36,0,0.1342,0.9826,0,0
2026-08-27T19:41:38.581243+00:00,evasive_recon_v1,evasive_recon_v1__4f691b2075fb,reconnaissance,T1046,3,3,1.585,0.8796,0.1181,508.67,1483.63,0.2911,12,35,0.8629,2.3757,0.943,0.0984,1.2381,2,0,0,0,0,0,0.3394,42.39,10.51,56.78,6018.75,8719.36,0,0.1576,1.6792,0,0
2026-08-27T19:41:43.581243+00:00,evasive_recon_v1,evasive_recon_v1__4f691b2075fb,reconnaissance,T1046,5,5,2.3219,0.9616,0.0587,350.57,1016.66,0.1287,10,29,0.8726,2.5706,0.9437,0.102,1.2497,3,0,0,1,0,0,0.3437,35.06,4.32,41.39,7169.19,7185.25,0,0.241,0.9828,0,0
2026-08-27T19:41:48.581243+00:00,evasive_recon_v1,evasive_recon_v1__4f691b2075fb,reconnaissance,T1595.001,5,5,2.3219,0.8871,0.0992,1406.63,4782.54,0.2401,40,136,0.7042,1.3695,0.8181,0.0859,1.0759,3,0,0,1,0,0,0.2938,35.17,16.0,65.9,7860.25,7570.38,0,0.1909,1.3828,0,0
2026-08-27T19:41:53.581243+00:00,evasive_recon_v1,evasive_recon_v1__4f691b2075fb,reconnaissance,T1595.001,5,5,2.3219,0.8798,0.1178,1449.0,5382.0,0.232,35,130,0.5699,1.1126,0.9409,0.0546,1.1047,3,0,0,1,0,0,0.2672,41.4,8.93,55.83,6507.38,8141.87,0,0.2362,1.9485,0,0
2026-08-27T19:41:58.581243+00:00,evasive_recon_v1,evasive_recon_v1__4f691b2075fb,reconnaissance,T1595.001,5,5,2.3219,0.8903,0.106,170.35,647.34,0.2116,5,19,0.9521,2.7413,0.8676,0.0531,1.0269,3,0,0,1,0,0,0.2615,34.07,7.37,44.47,9275.39,7786.15,0,0.2132,0.0,0,0
2026-08-27T19:42:03.581243+00:00,evasive_recon_v1,evasive_recon_v1__4f691b2075fb,reconnaissance,T1595.001,4,4,2.0,0.9042,0.1034,946.78,2806.52,0.2214,28,83,0.8814,1.1472,1.3355,0.1666,1.8352,2,0,0,1,0,0,0.3352,33.81,6.24,41.19,9008.01,7896.32,0,0.2294,0.8793,0,0
2026-08-27T19:42:08.581243+00:00,evasive_recon_v1,evasive_recon_v1__4f691b2075fb,reconnaissance,T1595.001,5,5,2.3219,0.9443,0.0402,1496.51,5462.25,0.2579,40,146,1.3172,1.6843,0.7264,0.0522,0.8829,3,0,0,1,0,0,0.2729,37.41,6.46,50.0,6572.89,8836.23,0,0.181,1.9031,0,0
2026-08-27T19:42:13.581243+00:00,evasive_recon_v1,evasive_recon_v1__4f691b2075fb,reconnaissance,T1595.001,4,4,1.8906,0.8795,0.1281,4845.5175,5790.825,0.2812,20,37,0.8627,1.8225,1.0437,0.1091,1.371,2,1,0,0,0,0,0.5391,156.5075,62.475,243.41,5729.53,6209.72,0,0.155,2.0459,0,0
2026-08-27T19:42:18.581243+00:00,evasive_recon_v1,evasive_recon_v1__4f691b2075fb,reconnaissance,T1595.001,8,8,3.0,0.8615,0.153,1206.17,12287.9,0.2658,32,326,0.5972,0.8001,1.1299,0.0707,1.3421,5,0,0,2,0,0,0.098,37.69,5.86,47.58,5261.64,8050.56,0,0.1419,0.8826,0,0
2026-08-27T19:42:23.581243+00:00,evasive_recon_v1,evasive_recon_v1__4f691b2075fb,reconnaissance,T1046,2,2,1.0,0.9727,0.0628,394.94,1382.3,0.2103,10,35,1.2181,3.5686,1.1314,0.0602,1.312,1,0,0,0,0,0,0.2817,39.49,3.36,42.85,8536.92,6398.33,0,0.1867,0.8046,0,0
2026-08-27T19:42:28.581243+00:00,evasive_recon_v1,evasive_recon_v1__4f691b2075fb,reconnaissance,T1046,5,5,2.3219,0.9116,0.0457,719.57,5072.95,0.231,20,141,0.6068,1.6721,0.9324,0.0707,1.1444,3,0,0,1,0,0,0.1412,35.98,7.67,50.8,7667.61,7285.46,0,0.2242,1.349,0,0
2026-08-27T19:42:33.581243+00:00,evasive_recon_v1,evasive_recon_v1__4f691b2075fb,reconnaissance,T1046,6,6,2.585,0.8829,0.1016,1182.44,4453.86,0.2554,30,113,1.367,2.3243,0.9914,0.1201,1.3517,4,0,0,1,0,0,0.2636,39.41,6.09,46.77,7231.14,9870.87,0,0.1915,0.4938,0,0
2026-08-27T19:42:38.581243+00:00,evasive_recon_v1,evasive_recon_v1__4f691b2075fb,reconnaissance,T1046,5,5,2.3219,0.8981,0.1405,1571.91,3851.18,0.2434,40,98,1.4514,1.9932,1.2159,0.0841,1.4681,3,0,0,1,0,0,0.4076,39.3,9.12,52.21,6037.52,8732.63,0,0.2059,0.9637,0,0
2026-08-27T19:42:43.581243+00:00,evasive_recon_v1,evasive_recon_v1__4f691b2075fb,reconnaissance,T1046,2,2,1.0,0.8842,0.1174,895.09,8254.68,0.0993,18,166,1.1734,2.1632,1.1005,0.118,1.4544,1,0,0,0,0,0,0.1083,49.73,13.68,63.41,6517.83,7642.2,0,0.1931,1.8038,0,0
2026-08-27T19:42:48.581243+00:00,evasive_recon_v1,evasive_recon_v1__4f691b2075fb,reconnaissance,T1046,3,3,1.585,0.8629,0.1275,369.26,1107.77,0.2079,9,27,1.2908,3.7655,0.9323,0.0815,1.1768,2,0,0,0,0,0,0.3216,41.03,5.07,47.91,8798.39,6936.71,0,0.2309,0.8304,0,0
2026-08-27T19:42:53.581243+00:00,evasive_recon_v1,evasive_recon_v1__4f691b2075fb,reconnaissance,T1046,4,4,1.8906,0.9054,0.0818,4907.055,6317.64,0.2367,22,52,0.9917,2.0694,1.0717,0.1618,1.5571,2,1,0,0,0,0,0.4704,154.6625,58.65,236.825,7129.39,7205.705,0,0.1758,1.8887,0,0
2026-08-27T19:42:58.581243+00:00,evasive_recon_v1,evasive_recon_v1__4f691b2075fb,reconnaissance,T1595.001,2,2,1.0,0.9071,0.0884,198.83,729.04,0.1504,6,22,0.8289,2.3023,0.8126,0.1076,1.1354,1,0,0,0,0,0,0.2656,33.14,3.01,36.15,7815.68,7671.64,0,0.1931,1.1886,0,0
2026-08-27T19:43:03.581243+00:00,evasive_recon_v1,evasive_recon_v1__4f691b2075fb,reconnaissance,T1595.001,7,7,2.8074,0.8985,0.1203,4967.8125,6211.7775,0.2745,24,51,0.5779,1.3733,0.9907,0.1001,1.291,4,1,0,2,0,0,0.5149,153.2975,63.315,243.725,7228.6225,8350.985,0,0.134,1.1325,0,0
2026-08-27T19:43:08.581243+00:00,evasive_recon_v1,evasive_recon_v1__4f691b2075fb,reconnaissance,T1595.001,8,8,3.0,0.9021,0.0975,1874.23,6559.82,0.3045,48,168,0.8023,2.0749,1.0264,0.1013,1.3303,5,0,0,2,0,0,0.2843,39.05,9.38,51.03,8322.48,7953.34,0,0.2146,0.5557,0,0
2026-08-27T19:43:13.581243+00:00,evasive_recon_v1,evasive_recon_v1__4f691b2075fb,reconnaissance,T1595.001,4,4,2.0,0.815,0.2057,1362.48,3278.48,0.1115,32,77,1.4597,3.5026,1.0302,0.0766,1.26,2,0,0,1,0,0,0.4151,42.58,8.23,52.64,8248.89,7520.52,0,0.1594,0.7893,0,0
2026-08-27T19:43:18.581243+00:00,evasive_recon_v1,evasive_recon_v1__4f691b2075fb,reconnaissance,T1595.001,3,3,1.585,0.8707,0.139,238.22,873.46,0.1516,6,22,1.155,1.8866,1.0158,0.1324,1.4129,2,0,0,0,0,0,0.2676,39.7,14.78,60.45,6207.35,8171.52,0,0.2232,1.6083,0,0
2026-08-27T19:43:23.581243+00:00,evasive_recon_v1,evasive_recon_v1__4f691b2075fb,reconnaissance,T1595.001,3,3,1.585,0.9559,0.0249,755.6,4239.75,0.2566,18,101,1.0411,2.7902,1.0387,0.111,1.3718,2,0,0,0,0,0,0.178,41.98,10.45,55.48,7767.86,6474.39,0,0.1822,0.6522,0,0
2026-08-27T19:43:28.581243+00:00,evasive_recon_v1,evasive_recon_v1__4f691b2075fb,reconnaissance,T1595.001,6,6,2.585,0.9106,0.0652,241.19,1125.54,0.2627,6,28,0.5488,1.2876,0.9896,0.1399,1.4093,4,0,0,1,0,0,0.2099,40.2,5.53,47.45,8760.34,8084.2,0,0.1944,1.4633,0,0
2026-08-27T19:43:33.581243+00:00,evasive_recon_v1,evasive_recon_v1__4f691b2075fb,reconnaissance,T1595.001,3,3,1.585,0.8842,0.1274,889.62,5004.1,0.2624,24,135,0.7086,2.067,1.1247,0.1514,1.5788,2,0,0,0,0,0,0.1771,37.07,3.7,42.25,9023.43,8769.07,0,0.2289,1.022,0,0
2026-08-27T19:43:38.581243+00:00,evasive_recon_v1,evasive_recon_v1__4f691b2075fb,reconnaissance,T1046,3,3,1.585,0.9272,0.0496,483.95,1814.83,0.1124,12,45,0.6756,1.298,1.2113,0.0618,1.3968,2,0,0,0,0,0,0.2662,40.33,7.51,48.41,6590.14,6523.36,0,0.2217,0.4527,0,0
2026-08-27T19:43:43.581243+00:00,evasive_recon_v1,evasive_recon_v1__4f691b2075fb,reconnaissance,T1046,3,3,1.585,0.9308,0.0736,798.46,2084.86,0.247,18,47,1.3124,2.3352,1.0987,0.1457,1.5359,2,0,0,0,0,0,0.3795,44.36,5.91,50.65,8041.06,8896.1,0,0.2018,1.254,0,0
2026-08-27T19:43:48.581243+00:00,evasive_recon_v1,evasive_recon_v1__4f691b2075fb,reconnaissance,T1046,5,5,2.3219,0.9402,0.0766,1976.58,8005.13,0.2122,40,162,0.7215,1.2048,1.0886,0.0569,1.2592,3,0,0,1,0,0,0.2459,49.41,11.35,62.04,9176.11,8481.48,0,0.1638,0.9032,0,0
2026-08-27T19:43:53.581243+00:00,evasive_recon_v1,evasive_recon_v1__4f691b2075fb,reconnaissance,T1046,8,8,3.0,0.9201,0.0775,2112.84,6527.18,0.1492,56,173,0.996,2.6469,0.9505,0.1269,1.3314,5,0,0,2,0,0,0.3236,37.73,6.37,47.44,8307.75,8843.98,0,0.1923,1.6045,0,0
2026-08-27T19:43:58.581243+00:00,evasive_recon_v1,evasive_recon_v1__4f691b2075fb,reconnaissance,T1046,3,3,1.585,0.9041,0.0966,635.77,2246.38,0.1688,15,53,0.6365,1.0083,0.9029,0.0927,1.1811,2,0,0,0,0,0,0.281,42.38,6.2,48.83,9326.82,8113.05,0,0.2523,0.5067,0,0
2026-08-27T19:44:03.581243+00:00,evasive_recon_v1,evasive_recon_v1__4f691b2075fb,reconnaissance,T1046,7,7,2.8074,0.897,0.1201,1400.23,4960.82,0.1881,35,124,0.9602,2.8637,1.0723,0.1135,1.4129,4,0,0,2,0,0,0.2803,40.01,6.87,54.15,9120.62,8671.09,0,0.2455,0.8957,0,0
2026-08-27T19:44:08.581243+00:00,evasive_recon_v1,evasive_recon_v1__4f691b2075fb,reconnaissance,T1595.001,5,5,2.2018,0.9267,0.0723,5056.8375,6746.25,0.2505,24,56,1.19,3.1044,0.9135,0.1376,1.3262,2,1,0,1,0,0,0.4748,159.17,62.2275,245.24,9132.0775,7366.7825,0,0.1593,1.4214,0,0
2026-08-27T19:44:13.581243+00:00,evasive_recon_v1,evasive_recon_v1__4f691b2075fb,reconnaissance,T1595.001,5,5,2.3219,0.9092,0.0932,1085.16,2951.63,0.2424,25,68,1.1348,2.1341,0.8234,0.0746,1.0472,3,0,0,1,0,0,0.3636,43.41,9.41,55.53,9815.79,9269.31,0,0.1862,0.777,0,0
2026-08-27T19:44:18.581243+00:00,evasive_recon_v1,evasive_recon_v1__4f691b2075fb,reconnaissance,T1595.001,9,9,3.1933,0.8683,0.12,5210.1675,7752.87,0.2359,31,93,0.909,2.3434,1.0351,0.1204,1.3964,5,1,0,2,0,0,0.436,152.855,63.3975,246.5825,8168.6425,7909.9625,0,0.1782,1.4566,0,0
2026-08-27T19:44:23.581243+00:00,evasive_recon_v1,evasive_recon_v1__4f691b2075fb,reconnaissance,T1595.001,5,5,2.3219,0.8441,0.1519,417.44,1294.08,0.1774,10,31,1.3921,1.7528,0.8439,0.126,1.222,3,0,0,1,0,0,0.3164,41.74,10.8,54.63,9515.05,10112.82,0,0.2273,0.8629,0,0
2026-08-27T19:44:28.581243+00:00,evasive_recon_v1,evasive_recon_v1__4f691b2075fb,reconnaissance,T1595.001,3,3,1.585,0.8675,0.1376,528.6,1365.56,0.2231,12,31,1.1992,1.5272,0.905,0.0525,1.0625,2,0,0,0,0,0,0.3847,44.05,4.49,50.05,9945.51,5367.09,0,0.2053,1.9788,0,0
2026-08-27T19:44:33.581243+00:00,evasive_recon_v1,evasive_recon_v1__4f691b2075fb,reconnaissance,T1595.001,7,7,2.8074,0.9635,0.0011,1489.8,12237.67,0.2409,42,345,1.4259,2.2489,0.9936,0.1065,1.3131,4,0,0,2,0,0,0.1215,35.47,8.53,49.87,6326.57,7821.17,0,0.2421,0.4095,0,0
2026-08-27T19:44:38.581243+00:00,evasive_recon_v1,evasive_recon_v1__4f691b2075fb,reconnaissance,T1595.001,7,7,2.8074,0.8814,0.1292,2527.78,9060.61,0.1679,77,276,0.7023,0.8869,1.0385,0.0573,1.2104,4,0,0,2,0,0,0.2783,32.83,5.24,42.61,7005.42,6463.63,0,0.2208,0.6595,0,0
2026-08-27T19:44:43.581243+00:00,evasive_recon_v1,evasive_recon_v1__4f691b2075fb,reconnaissance,T1595.001,4,4,2.0,0.8779,0.1442,716.74,2329.4,0.2451,16,52,1.3091,2.4205,0.9544,0.049,1.1015,2,0,0,1,0,0,0.3042,44.8,14.72,62.62,8524.3,9113.19,0,0.1619,1.8011,0,0
2026-08-27T19:44:48.581243+00:00,evasive_recon_v1,evasive_recon_v1__4f691b2075fb,reconnaissance,T1595.001,6,6,2.585,0.9148,0.0737,1406.27,5578.22,0.2672,30,119,1.2079,2.0734,1.0343,0.0916,1.3091,4,0,0,1,0,0,0.2521,46.88,6.06,51.78,9240.42,7747.43,0,0.2127,0.7063,0,0
2026-08-27T19:44:53.581243+00:00,evasive_recon_v1,evasive_recon_v1__4f691b2075fb,reconnaissance,T1046,6,6,2.585,0.9149,0.0832,244.19,529.08,0.2332,6,13,1.0324,2.7796,0.9999,0.1006,1.3017,4,0,0,1,0,0,0.4385,40.7,2.82,43.97,6549.79,7634.11,0,0.2014,1.0025,0,0
2026-08-27T19:44:58.581243+00:00,evasive_recon_v1,evasive_recon_v1__4f691b2075fb,reconnaissance,T1046,6,6,2.6406,0.8596,0.1381,5586.6975,7717.4625,0.3391,40,90,1.3131,2.3283,0.9748,0.086,1.2327,3,1,0,1,0,0,0.5284,153.83,64.9875,251.5925,7740.895,6803.18,0,0.1705,1.4783,0,0
2026-08-27T19:45:03.581243+00:00,evasive_recon_v1,evasive_recon_v1__4f691b2075fb,reconnaissance,T1046,3,3,1.585,0.9594,0.0611,733.25,1662.04,0.1472,15,34,1.3632,3.1931,0.9344,0.0917,1.2094,2,0,0,0,0,0,0.4395,48.88,6.81,58.11,8834.65,7636.24,0,0.2424,1.3291,0,0
2026-08-27T19:45:08.581243+00:00,evasive_recon_v1,evasive_recon_v1__4f691b2075fb,reconnaissance,T1046,9,9,3.1699,0.9123,0.048,1391.07,2704.86,0.1955,36,70,1.162,2.1402,1.1434,0.066,1.3413,6,0,0,2,0,0,0.5118,38.64,9.38,58.03,8036.76,7075.12,0,0.1933,1.2745,0,0
2026-08-27T19:45:13.581243+00:00,evasive_recon_v1,evasive_recon_v1__4f691b2075fb,reconnaissance,T1595.001,5,5,2.3219,0.8892,0.1359,1937.34,6798.31,0.2098,55,193,0.9812,2.0008,1.1251,0.1556,1.592,3,0,0,1,0,0,0.2849,35.22,7.89,48.08,7807.23,8792.92,0,0.2079,0.0,0,0
2026-08-27T19:45:18.581243+00:00,evasive_recon_v1,evasive_recon_v1__4f691b2075fb,reconnaissance,T1595.001,5,5,2.3219,0.8299,0.1816,1683.05,4375.94,0.2355,45,117,1.1181,2.9929,0.9644,0.0532,1.1239,3,0,0,1,0,0,0.3844,37.4,6.78,46.45,8310.1,9125.63,0,0.2032,0.8266,0,0
2026-08-27T19:45:23.581243+00:00,evasive_recon_v1,evasive_recon_v1__4f691b2075fb,reconnaissance,T1595.001,6,6,2.585,0.9816,0.0244,1238.35,3405.47,0.2054,36,99,1.3122,3.506,1.0177,0.0864,1.2768,4,0,0,1,0,0,0.3606,34.4,3.85,37.59,7744.82,10068.19,0,0.2141,1.9515,0,0
2026-08-27T19:45:28.581243+00:00,evasive_recon_v1,evasive_recon_v1__4f691b2075fb,reconnaissance,T1595.001,1,1,0.0,0.8844,0.1079,139.91,419.72,0.1239,5,15,1.4147,2.6611,1.0394,0.1522,1.4961,0,0,0,0,0,0,0.3327,27.98,0.0,27.98,6553.14,8970.27,0,0.1988,0.9215,0,0
2026-08-27T19:45:33.581243+00:00,evasive_recon_v1,evasive_recon_v1__4f691b2075fb,reconnaissance,T1595.001,7,7,2.8074,0.9004,0.1036,775.17,2251.69,0.1741,21,61,1.1042,3.3116,0.9476,0.0799,1.1874,4,0,0,1,0,0,0.3437,36.91,6.18,44.62,7066.51,7278.92,0,0.2458,1.4447,0,0
2026-08-27T19:45:38.581243+00:00,evasive_recon_v1,evasive_recon_v1__4f691b2075fb,reconnaissance,T1595.001,6,6,2.585,0.9629,0.0336,800.85,2536.04,0.1244,18,57,1.3414,2.3714,1.1699,0.0748,1.3943,4,0,0,1,0,0,0.3124,44.49,9.65,62.82,8705.54,8942.94,0,0.1691,0.3222,0,0
2026-08-27T19:45:43.581243+00:00,evasive_recon_v1,evasive_recon_v1__4f691b2075fb,reconnaissance,T1595.001,8,8,3.0,0.9513,0.043,1606.91,7914.03,0.1088,40,197,1.2717,2.6885,0.9215,0.0545,1.0851,5,0,0,2,0,0,0.2026,40.17,9.92,56.55,8658.77,7614.53,0,0.2234,1.3161,0,0
2026-08-27T19:45:48.581243+00:00,evasive_recon_v1,evasive_recon_v1__4f691b2075fb,reconnaissance,T1595.001,6,6,2.585,0.9035,0.1255,1002.27,4050.86,0.224,24,97,1.2239,2.8098,1.0217,0.0512,1.1752,4,0,0,1,0,0,0.2474,41.76,10.01,53.19,9384.59,6461.06,0,0.1607,1.3352,0,0
2026-08-27T19:45:53.581243+00:00,evasive_recon_v1,evasive_recon_v1__4f691b2075fb,reconnaissance,T1595.001,7,7,2.8074,0.8949,0.0903,5666.22,8783.3325,0.3048,40,110,0.9265,2.183,0.8491,0.0862,1.1077,3,1,0,2,0,0,0.4686,155.7275,61.8975,244.145,7826.59,9337.0775,0,0.1716,1.7105,0,0
2026-08-27T19:45:58.581243+00:00,evasive_recon_v1,evasive_recon_v1__4f691b2075fb,reconnaissance,T1046,4,4,2.0,0.8963,0.0974,1493.8,6722.12,0.1741,36,162,1.3544,2.3503,1.0136,0.0764,1.2428,2,0,0,1,0,0,0.2209,41.49,1.02,42.68,8092.75,9121.76,0,0.1907,0.8922,0,0
2026-08-27T19:46:03.581243+00:00,evasive_recon_v1,evasive_recon_v1__4f691b2075fb,reconnaissance,T1046,3,3,1.585,0.8641,0.1561,1550.27,3935.3,0.2414,39,99,0.9972,2.8981,1.2415,0.1143,1.5844,2,0,0,0,0,0,0.392,39.75,8.28,49.85,7149.06,9939.65,0,0.2059,1.3084,0,0
2026-08-27T19:46:08.581243+00:00,evasive_recon_v1,evasive_recon_v1__4f691b2075fb,reconnaissance,T1046,8,8,2.9518,0.914,0.067,6092.7675,9170.685,0.3115,51,120,0.8115,2.299,0.9307,0.0797,1.1697,4,1,0,2,0,0,0.5196,155.6375,64.185,252.8525,8160.7525,8001.7775,0,0.1828,1.6793,0,0
2026-08-27T19:46:13.581243+00:00,evasive_recon_v1,evasive_recon_v1__4f691b2075fb,reconnaissance,T1046,6,6,2.4433,0.9606,0.045,4845.5925,5632.905,0.2774,20,33,0.9676,2.4126,0.9732,0.0884,1.2384,2,1,0,1,0,0,0.5812,156.515,59.94,241.13,8281.495,8379.3725,0,0.141,1.5173,0,0
2026-08-27T19:46:18.581243+00:00,evasive_recon_v1,evasive_recon_v1__4f691b2075fb,reconnaissance,T1046,7,7,2.8074,0.9226,0.0691,708.59,3711.67,0.254,21,110,1.2279,1.9999,0.9164,0.0962,1.2049,4,0,0,2,0,0,0.1903,33.74,7.21,48.2,7060.3,9486.86,0,0.1989,0.4612,0,0
2026-08-27T19:46:23.581243+00:00,evasive_recon_v1,evasive_recon_v1__4f691b2075fb,reconnaissance,T1595.001,1,1,0.0,0.8464,0.1844,317.51,987.81,0.161,9,28,0.6582,1.3942,1.012,0.1219,1.3778,0,0,0,0,0,0,0.3174,35.28,0.0,35.28,8790.31,8608.92,0,0.1922,1.5353,0,0
2026-08-27T19:46:28.581243+00:00,evasive_recon_v1,evasive_recon_v1__4f691b2075fb,reconnaissance,T1595.001,3,3,1.585,0.8818,0.1271,665.61,1442.16,0.205,18,39,0.9386,1.4121,0.9314,0.1177,1.2846,2,0,0,0,0,0,0.4593,36.98,6.68,45.34,9249.9,7179.07,0,0.2185,0.6814,0,0
2026-08-27T19:46:33.581243+00:00,evasive_recon_v1,evasive_recon_v1__4f691b2075fb,reconnaissance,T1595.001,7,7,2.8074,0.9291,0.0312,5975.775,9074.3325,0.3162,46,111,0.7385,1.8552,0.9478,0.1313,1.3416,3,1,0,2,0,0,0.5051,157.64,66.27,246.0575,9224.71,8076.4925,0,0.1757,1.4617,0,0
2026-08-27T19:46:38.581243+00:00,evasive_recon_v1,evasive_recon_v1__4f691b2075fb,reconnaissance,T1595.001,5,5,2.3219,0.9572,0.087,786.99,3108.59,0.1553,20,79,0.8534,1.4521,1.0854,0.1591,1.5628,3,0,0,1,0,0,0.251,39.35,3.95,44.26,7487.85,9009.32,0,0.193,0.8824,0,0
2026-08-27T19:46:43.581243+00:00,evasive_recon_v1,evasive_recon_v1__4f691b2075fb,reconnaissance,T1595.001,3,3,1.585,0.9632,0.0333,598.41,1595.76,0.1926,18,48,1.1016,2.8312,0.8453,0.1251,1.2205,2,0,0,0,0,0,0.3723,33.25,5.82,41.29,10401.34,7058.77,0,0.2111,0.5741,0,0
2026-08-27T19:46:48.581243+00:00,evasive_recon_v1,evasive_recon_v1__4f691b2075fb,reconnaissance,T1595.001,1,1,0.0,0.9161,0.0656,139.15,487.03,0.2175,4,14,0.8282,1.4449,1.0735,0.063,1.2625,0,0,0,0,0,0,0.281,34.79,0.0,34.79,7933.99,11132.22,0,0.2184,0.4152,0,0
2026-08-27T19:46:53.581243+00:00,evasive_recon_v1,evasive_recon_v1__4f691b2075fb,reconnaissance,T1595.001,3,3,1.585,0.8976,0.1127,876.45,4674.42,0.1959,21,112,0.8728,1.4657,0.9585,0.0968,1.2488,2,0,0,0,0,0,0.186,41.74,0.3,42.16,7816.56,7776.76,0,0.1603,0.8982,0,0
2026-08-27T19:46:58.581243+00:00,evasive_recon_v1,evasive_recon_v1__4f691b2075fb,reconnaissance,T1595.001,6,6,2.4433,0.9085,0.0828,4970.9475,5610.51,0.2563,24,34,1.0475,1.586,1.0434,0.1578,1.517,2,1,0,1,0,0,0.6804,154.88,61.0275,242.615,9432.0025,7571.075,0,0.1427,2.3817,0,0
2026-08-27T19:47:03.581243+00:00,evasive_recon_v1,evasive_recon_v1__4f691b2075fb,reconnaissance,T1595.001,4,4,2.0,0.8532,0.1552,561.67,0.0,0.1253,12,0,0.8221,2.4317,0.8566,0.0444,0.9898,2,0,0,1,0,0,0.0,46.81,13.3,68.7,9085.4,6343.97,0,0.215,0.853,0,0
2026-08-27T19:47:08.581243+00:00,evasive_recon_v1,evasive_recon_v1__4f691b2075fb,reconnaissance,T1595.001,8,8,3.0,0.9112,0.1029,1664.26,5159.21,0.2128,40,124,1.1379,1.8725,1.0036,0.1377,1.4165,5,0,0,2,0,0,0.32,41.61,9.33,63.63,6780.98,7143.24,0,0.2272,1.3034,0,0
2026-08-27T19:47:13.581243+00:00,evasive_recon_v1,evasive_recon_v1__4f691b2075fb,reconnaissance,T1595.001,5,5,2.3219,0.9285,0.0815,1419.03,4459.81,0.2127,35,110,0.5146,0.9457,0.9599,0.0932,1.2395,3,0,0,1,0,0,0.317,40.54,11.51,57.96,9029.45,8877.29,0,0.2241,0.4522,0,0
2026-08-27T19:47:18.581243+00:00,evasive_recon_v1,evasive_recon_v1__4f691b2075fb,reconnaissance,T1595.001,3,3,1.585,0.9145,0.0577,308.16,582.09,0.2114,9,17,1.3739,3.1159,0.8027,0.0479,0.9463,2,0,0,0,0,0,0.5285,34.24,12.77,51.72,7275.25,7809.34,0,0.1803,1.3579,0,0
2026-08-27T19:47:23.581243+00:00,evasive_recon_v1,evasive_recon_v1__4f691b2075fb,reconnaissance,T1046,5,5,2.3219,0.926,0.0837,2121.14,5408.9,0.1931,40,102,0.6824,1.5226,1.0942,0.1553,1.5601,3,0,0,1,0,0,0.3888,53.03,16.66,72.92,7465.51,7526.53,0,0.2115,1.1758,0,0
2026-08-27T19:47:28.581243+00:00,evasive_recon_v1,evasive_recon_v1__4f691b2075fb,reconnaissance,T1046,7,7,2.8074,0.9674,0.0,1976.96,5971.23,0.1529,49,148,1.5022,3.0741,1.1454,0.0979,1.4392,4,0,0,1,0,0,0.3305,40.35,5.5,49.0,9912.85,7902.56,0,0.1651,2.0312,0,0
2026-08-27T19:47:33.581243+00:00,evasive_recon_v1,evasive_recon_v1__4f691b2075fb,reconnaissance,T1046,4,4,2.0,0.9371,0.0697,458.13,878.07,0.2214,12,23,0.9884,1.6207,0.8612,0.0733,1.0812,2,0,0,1,0,0,0.5043,38.18,10.25,52.57,8883.23,9318.0,0,0.1948,0.9176,0,0
2026-08-27T19:47:38.581243+00:00,evasive_recon_v1,evasive_recon_v1__4f691b2075fb,reconnaissance,T1046,8,8,3.0,0.9025,0.0951,1412.06,7660.45,0.2171,40,217,0.5991,0.986,1.1081,0.1094,1.4362,5,0,0,2,0,0,0.1843,35.3,6.61,40.71,8668.61,5495.32,0,0.1862,1.4286,0,0
2026-08-27T19:47:43.581243+00:00,evasive_recon_v1,evasive_recon_v1__4f691b2075fb,reconnaissance,T1046,3,3,1.585,0.8904,0.0771,502.08,1129.68,0.1575,12,27,1.1083,3.1179,0.9876,0.1352,1.3933,2,0,0,0,0,0,0.4328,41.84,5.46,45.74,9785.46,8507.31,0,0.1268,1.6303,0,0
2026-08-27T19:47:48.581243+00:00,evasive_recon_v1,evasive_recon_v1__4f691b2075fb,reconnaissance,T1595.001,10,10,3.2964,0.8875,0.1125,7640.2125,14163.6675,0.2336,83,226,0.5942,1.3388,0.9485,0.1208,1.3109,5,2,0,2,0,0,0.4929,157.9175,64.62,251.0825,9827.23,7872.5375,0,0.1745,1.6715,0,0
2026-08-27T19:47:53.581243+00:00,evasive_recon_v1,evasive_recon_v1__4f691b2075fb,reconnaissance,T1595.001,6,6,2.585,0.9028,0.0979,1846.57,4484.52,0.1901,42,102,1.2376,2.8936,0.9464,0.0619,1.1322,4,0,0,1,0,0,0.4113,43.97,7.33,56.72,9723.43,7993.72,0,0.2087,0.0,0,0
2026-08-27T19:47:58.581243+00:00,evasive_recon_v1,evasive_recon_v1__4f691b2075fb,reconnaissance,T1595.001,8,8,3.0,0.8888,0.1156,1666.67,5243.06,0.0924,48,151,1.097,2.3177,0.7848,0.1057,1.1018,5,0,0,2,0,0,0.3176,34.72,9.0,48.62,9846.98,10566.25,0,0.2428,0.9793,0,0
2026-08-27T19:48:03.581243+00:00,evasive_recon_v1,evasive_recon_v1__4f691b2075fb,reconnaissance,T1595.001,3,3,1.585,0.8654,0.1456,1585.1,5379.72,0.177,33,112,1.0331,1.5342,0.8065,0.0505,0.9581,2,0,0,0,0,0,0.2937,48.03,2.64,51.7,8139.42,6579.63,0,0.208,0.6856,0,0
2026-08-27T19:48:08.581243+00:00,evasive_recon_v1,evasive_recon_v1__4f691b2075fb,reconnaissance,T1595.001,8,8,3.0,0.8286,0.168,1521.11,7415.43,0.1183,40,195,1.247,2.9183,0.9351,0.0872,1.1965,5,0,0,1,0,0,0.2043,38.03,8.24,48.47,8027.69,7323.44,0,0.2401,1.0403,0,0
2026-08-27T19:48:13.581243+00:00,evasive_recon_v1,evasive_recon_v1__4f691b2075fb,reconnaissance,T1595.001,4,4,2.0,0.9114,0.0856,1262.89,4174.56,0.2199,36,119,1.2983,3.8252,1.3028,0.1924,1.88,2,0,0,1,0,0,0.3016,35.08,7.08,46.64,8911.48,9901.09,0,0.1739,0.6796,0,0
2026-08-27T19:48:18.581243+00:00,evasive_recon_v1,evasive_recon_v1__4f691b2075fb,reconnaissance,T1595.001,3,3,1.4518,0.8723,0.1141,4635.975,5494.5075,0.2797,16,34,1.1625,2.3359,0.9973,0.0834,1.2474,1,1,0,0,0,0,0.4605,151.3625,61.305,236.405,8516.1625,8569.685,0,0.1721,1.4558,0,0
2026-08-27T19:48:23.581243+00:00,evasive_recon_v1,evasive_recon_v1__4f691b2075fb,reconnaissance,T1595.001,4,4,2.0,0.9056,0.1002,836.95,2772.38,0.2122,16,53,1.348,1.8895,0.9543,0.1281,1.3387,2,0,0,1,0,0,0.2988,52.31,12.17,69.03,8467.73,7602.01,0,0.2314,1.7055,0,0
2026-08-27T19:48:28.581243+00:00,evasive_recon_v1,evasive_recon_v1__4f691b2075fb,reconnaissance,T1595.001,4,4,2.0,0.9143,0.1017,775.82,2211.09,0.2164,20,57,0.7333,1.2199,1.2033,0.1604,1.6845,2,0,0,1,0,0,0.3453,38.79,7.79,49.05,8911.18,6742.78,0,0.2128,1.5098,0,0
2026-08-27T19:48:33.581243+00:00,evasive_recon_v1,evasive_recon_v1__4f691b2075fb,reconnaissance,T1046,5,5,2.2018,0.9019,0.0756,4712.55,6306.0,0.2905,21,68,0.9079,2.3671,0.9512,0.1159,1.2989,2,1,0,1,0,0,0.3864,146.225,60.4875,232.3925,7229.6125,7998.62,0,0.1492,1.6835,0,0
2026-08-27T19:48:38.581243+00:00,evasive_recon_v1,evasive_recon_v1__4f691b2075fb,reconnaissance,T1046,3,3,1.585,0.9126,0.101,759.92,3691.06,0.1995,21,102,1.0322,3.0092,1.158,0.1006,1.4599,2,0,0,0,0,0,0.2057,36.19,5.97,44.47,8662.88,7343.79,0,0.2356,1.5786,0,0
2026-08-27T19:48:43.581243+00:00,evasive_recon_v1,evasive_recon_v1__4f691b2075fb,reconnaissance,T1046,6,6,2.585,0.9362,0.0643,1873.62,22830.43,0.2205,54,658,0.9091,1.7932,1.0263,0.1514,1.4805,4,0,0,1,0,0,0.082,34.7,8.21,48.61,6969.05,8126.96,0,0.1299,1.1084,0,0
2026-08-27T19:48:48.581243+00:00,evasive_recon_v1,evasive_recon_v1__4f691b2075fb,reconnaissance,T1046,3,3,1.585,0.8959,0.0955,375.35,1032.23,0.1398,12,33,0.9083,1.4549,0.9797,0.0941,1.2619,2,0,0,1,0,0,0.355,31.28,5.86,39.3,6746.57,9951.49,0,0.1672,1.3867,0,0
2026-08-27T19:48:53.581243+00:00,evasive_recon_v1,evasive_recon_v1__4f691b2075fb,reconnaissance,T1046,5,5,2.3219,0.9125,0.0493,911.86,1778.12,0.2304,20,39,1.395,2.9613,0.9865,0.0742,1.2092,3,0,0,1,0,0,0.5,45.59,9.34,61.76,8930.47,8085.44,0,0.2143,0.8217,0,0
2026-08-27T19:48:58.581243+00:00,evasive_recon_v1,evasive_recon_v1__4f691b2075fb,reconnaissance,T1046,6,6,2.585,0.8649,0.1494,2183.82,8047.78,0.1837,54,199,1.1516,3.1282,0.978,0.0837,1.2291,4,0,0,1,0,0,0.2703,40.44,6.87,49.96,8566.02,9220.54,0,0.21,0.7548,0,0
2026-08-27T19:49:03.581243+00:00,evasive_recon_v1,evasive_recon_v1__4f691b2075fb,reconnaissance,T1595.001,4,4,2.0,0.9328,0.0617,1592.66,5534.48,0.1621,40,139,1.2667,3.1239,1.1069,0.099,1.404,2,0,0,1,0,0,0.2859,39.82,6.77,49.37,8036.17,8608.88,0,0.1886,1.2183,0,0
2026-08-27T19:49:08.581243+00:00,evasive_recon_v1,evasive_recon_v1__4f691b2075fb,reconnaissance,T1595.001,8,8,3.0,0.9498,0.066,1356.81,4960.84,0.1208,32,117,1.1362,2.6523,1.3169,0.0711,1.5301,5,0,0,2,0,0,0.2733,42.4,10.24,61.52,8412.03,9466.27,0,0.2066,0.9817,0,0
2026-08-27T19:49:13.581243+00:00,evasive_recon_v1,evasive_recon_v1__4f691b2075fb,reconnaissance,T1595.001,4,4,2.0,0.8645,0.129,791.92,2078.8,0.1953,24,63,1.2526,2.7757,0.951,0.0952,1.2365,2,0,0,1,0,0,0.3762,33.0,6.98,43.21,8283.34,9341.51,0,0.2368,1.2122,0,0
2026-08-27T19:49:18.581243+00:00,evasive_recon_v1,evasive_recon_v1__4f691b2075fb,reconnaissance,T1595.001,8,8,3.0,0.9004,0.0877,2149.16,8020.99,0.2729,56,209,0.7548,1.1875,0.8628,0.0801,1.1032,5,1,0,2,0,0,0.2676,38.38,7.3,49.72,8860.95,9184.86,0,0.1988,0.5335,0,0
2026-08-27T19:49:23.581243+00:00,evasive_recon_v1,evasive_recon_v1__4f691b2075fb,reconnaissance,T1595.001,8,8,3.0793,0.8604,0.1284,5653.5525,8154.405,0.2412,42,102,1.2703,2.334,0.9044,0.0875,1.1669,4,2,0,2,0,0,0.5061,153.3875,62.205,240.77,7213.21,10149.59,0,0.1555,1.6028,0,0
2026-08-27T19:49:28.581243+00:00,evasive_recon_v1,evasive_recon_v1__4f691b2075fb,reconnaissance,T1595.001,4,4,2.0,0.914,0.0695,1949.35,21402.23,0.2716,48,527,0.6175,1.7342,0.9542,0.0732,1.1737,2,0,0,1,0,0,0.091,40.61,11.14,58.54,7109.85,9670.69,0,0.2315,0.2053,0,0
2026-08-27T19:49:33.581243+00:00,evasive_recon_v1,evasive_recon_v1__4f691b2075fb,reconnaissance,T1595.001,4,4,1.8906,0.8815,0.1191,5454.225,9107.4975,0.2858,40,140,0.6594,1.0773,1.0165,0.144,1.4484,2,1,0,0,0,0,0.4164,150.68,62.8875,238.7975,8612.245,6719.0675,0,0.1542,1.2399,0,0
2026-08-27T19:49:38.581243+00:00,evasive_recon_v1,evasive_recon_v1__4f691b2075fb,reconnaissance,T1595.001,7,7,2.8074,0.8776,0.1129,2442.16,17443.98,0.0944,56,400,1.5024,1.8189,1.1184,0.1586,1.5943,4,0,0,2,0,0,0.1399,43.61,9.09,57.49,6801.47,7666.59,0,0.2187,0.9181,0,0
2026-08-27T19:49:43.581243+00:00,evasive_recon_v1,evasive_recon_v1__4f691b2075fb,reconnaissance,T1595.001,6,6,2.4433,0.891,0.0885,4922.6775,5641.14,0.3581,24,37,1.3569,3.6477,1.2061,0.1684,1.7114,2,1,0,1,0,0,0.6397,152.465,62.7525,240.7925,8798.6425,8161.2275,0,0.1726,1.2031,0,0
2026-08-27T19:49:48.581243+00:00,evasive_recon_v1,evasive_recon_v1__4f691b2075fb,reconnaissance,T1595.001,5,5,2.2018,0.8846,0.1045,5106.675,6459.525,0.2585,30,62,1.0311,2.574,1.0317,0.1283,1.4165,2,1,0,1,0,0,0.5319,151.16,61.185,238.13,8816.3725,6430.4975,0,0.1608,1.772,0,0
2026-08-27T19:49:53.581243+00:00,evasive_recon_v1,evasive_recon_v1__4f691b2075fb,reconnaissance,T1046,6,6,2.585,0.9022,0.0984,1669.17,5365.2,0.1653,42,135,0.5203,1.2314,0.921,0.1127,1.2592,4,0,0,1,0,0,0.3109,39.74,6.9,53.24,7612.6,9159.04,0,0.1878,0.9261,0,0
2026-08-27T19:49:58.581243+00:00,evasive_recon_v1,evasive_recon_v1__4f691b2075fb,reconnaissance,T1046,5,5,2.3219,0.9119,0.0708,1379.49,5044.99,0.2408,35,128,0.8514,2.476,0.9483,0.1347,1.3525,3,0,0,1,0,0,0.2716,39.41,8.83,55.69,7712.68,7014.35,0,0.1551,1.4892,0,0
2026-08-27T19:50:03.581243+00:00,evasive_recon_v1,evasive_recon_v1__4f691b2075fb,reconnaissance,T1046,7,7,2.8074,0.8347,0.1419,1022.65,3761.91,0.2866,28,103,1.2762,3.3432,1.1739,0.1293,1.5617,5,0,0,2,0,0,0.2696,36.52,7.41,50.94,8421.98,6699.72,0,0.1729,0.3764,0,0
2026-08-27T19:50:08.581243+00:00,evasive_recon_v1,evasive_recon_v1__4f691b2075fb,reconnaissance,T1046,5,5,2.3219,0.8762,0.1085,1579.84,4829.79,0.2053,35,107,0.9066,2.3235,1.1468,0.0802,1.3873,3,0,0,1,0,0,0.3252,45.14,5.36,53.86,7325.9,7727.67,0,0.2111,2.0578,0,0
2026-08-27T19:50:13.581243+00:00,evasive_recon_v1,evasive_recon_v1__4f691b2075fb,reconnaissance,T1595.001,6,6,2.585,0.8779,0.1316,1810.92,7696.42,0.1256,48,204,1.1597,2.3132,0.9428,0.1257,1.32,4,0,0,1,0,0,0.2353,37.73,6.52,48.32,7567.84,8205.1,0,0.183,0.7458,0,0
2026-08-27T19:50:18.581243+00:00,evasive_recon_v1,evasive_recon_v1__4f691b2075fb,reconnaissance,T1595.001,5,5,2.2018,0.9069,0.0954,4812.9225,6221.97,0.2988,21,53,0.7434,1.6095,0.8787,0.0748,1.1032,2,1,0,1,0,0,0.4416,152.495,60.66,237.635,6300.775,8757.6125,0,0.1863,1.9799,0,0
2026-08-27T19:50:23.581243+00:00,evasive_recon_v1,evasive_recon_v1__4f691b2075fb,reconnaissance,T1595.001,2,2,1.0,0.8593,0.1477,294.55,1561.14,0.2519,10,53,1.5283,3.6239,0.9933,0.0845,1.2467,1,0,0,0,0,0,0.1861,29.46,5.43,34.89,8089.32,8544.62,0,0.15,1.3951,0,0
2026-08-27T19:50:28.581243+00:00,evasive_recon_v1,evasive_recon_v1__4f691b2075fb,reconnaissance,T1595.001,4,4,2.0,0.9404,0.0737,846.64,2455.27,0.1943,20,58,0.536,0.9868,1.2208,0.1023,1.5277,2,0,0,1,0,0,0.3415,42.33,14.8,57.56,7778.09,5935.79,0,0.2469,0.8168,0,0
2026-08-27T19:50:33.581243+00:00,evasive_recon_v1,evasive_recon_v1__4f691b2075fb,reconnaissance,T1595.001,7,7,2.8074,0.9225,0.0934,1209.43,5399.26,0.1546,28,125,1.377,2.218,1.0889,0.0784,1.324,4,0,0,2,0,0,0.2231,43.19,9.11,55.42,6820.53,8972.69,0,0.2364,1.6699,0,0
2026-08-27T19:50:38.581243+00:00,evasive_recon_v1,evasive_recon_v1__4f691b2075fb,reconnaissance,T1595.001,4,4,1.8906,0.8174,0.1818,5480.445,13636.4775,0.289,38,247,1.2246,2.1195,1.0504,0.1196,1.4091,2,1,0,0,0,0,0.3281,153.335,59.49,236.2625,8139.1975,8583.995,0,0.1842,2.3152,0,0
2026-08-27T19:50:43.581243+00:00,evasive_recon_v1,evasive_recon_v1__4f691b2075fb,reconnaissance,T1595.001,4,4,2.0,0.917,0.1032,783.58,2187.49,0.1128,24,67,1.3674,1.8945,1.141,0.0789,1.3777,2,0,0,1,0,0,0.3575,32.65,5.18,41.14,7694.54,8674.46,0,0.2244,0.4519,0,0
2026-08-27T19:50:48.581243+00:00,evasive_recon_v1,evasive_recon_v1__4f691b2075fb,reconnaissance,T1595.001,7,7,2.8074,0.9066,0.0648,2248.59,25417.08,0.2032,56,633,1.0769,1.4254,1.1106,0.1623,1.5975,4,0,0,2,0,0,0.0884,40.15,11.01,57.52,8753.47,8023.16,0,0.175,0.7652,0,0
2026-08-27T19:50:53.581243+00:00,evasive_recon_v1,evasive_recon_v1__4f691b2075fb,reconnaissance,T1046,5,5,2.3219,0.9329,0.0587,795.67,2426.78,0.2813,20,61,1.0256,2.4451,0.8093,0.0434,0.9395,3,0,0,1,0,0,0.3227,39.78,6.11,45.99,7018.79,7072.75,0,0.244,0.2747,0,0
2026-08-27T19:50:58.581243+00:00,evasive_recon_v1,evasive_recon_v1__4f691b2075fb,reconnaissance,T1046,6,6,2.4433,0.8726,0.1197,5399.61,9645.135,0.3371,35,138,1.275,1.8853,1.0978,0.1396,1.5167,2,1,0,1,0,0,0.3889,154.2725,65.4075,250.325,8638.975,5684.9225,0,0.1951,1.8319,0,0
2026-08-27T19:51:03.581243+00:00,evasive_recon_v1,evasive_recon_v1__4f691b2075fb,reconnaissance,T1046,5,5,2.2018,0.8906,0.0926,5155.545,9326.58,0.2872,30,135,0.7952,1.8239,0.9888,0.1011,1.292,2,1,0,1,0,0,0.3606,152.9075,64.8,244.2725,8425.3,8548.8875,0,0.1643,1.2534,0,0
2026-08-27T19:51:08.581243+00:00,evasive_recon_v1,evasive_recon_v1__4f691b2075fb,reconnaissance,T1046,10,10,3.3219,0.8992,0.0937,2034.83,5901.02,0.2218,50,145,0.7966,1.1528,0.9316,0.1343,1.3344,7,1,0,3,0,0,0.3433,40.7,14.44,74.29,8553.84,9388.74,0,0.2008,1.354,0,0
2026-08-27T19:51:13.581243+00:00,evasive_recon_v1,evasive_recon_v1__4f691b2075fb,reconnaissance,T1046,8,8,3.0,0.8969,0.1018,1262.17,3904.85,0.2037,32,99,0.8548,2.5274,0.9063,0.1247,1.2804,5,0,0,2,0,0,0.3222,39.44,4.15,48.1,6500.9,10278.19,0,0.1676,1.2874,0,0
2026-08-27T19:51:18.581243+00:00,evasive_recon_v1,evasive_recon_v1__4f691b2075fb,reconnaissance,T1046,4,4,2.0,0.8754,0.1313,1942.03,7954.84,0.2331,52,213,1.0703,2.349,1.2329,0.1205,1.5945,2,0,0,1,0,0,0.2431,37.35,2.64,39.24,7048.48,8342.78,0,0.2267,0.7239,0,0
2026-08-27T19:51:23.581243+00:00,evasive_recon_v1,evasive_recon_v1__4f691b2075fb,reconnaissance,T1046,7,7,2.8074,0.8926,0.1543,927.27,2163.64,0.201,21,49,0.5398,0.6613,0.8963,0.1142,1.2388,4,0,0,2,0,0,0.4211,44.16,12.97,67.85,8429.0,9589.43,0,0.1716,0.7622,0,0
2026-08-27T19:51:28.581243+00:00,evasive_recon_v1,evasive_recon_v1__4f691b2075fb,reconnaissance,T1595.001,8,8,2.9518,0.8839,0.121,5182.7625,7900.755,0.2873,27,82,1.2141,1.7232,0.9457,0.1276,1.3285,4,1,0,2,0,0,0.4215,158.705,65.595,251.2325,7287.0325,7850.63,0,0.1659,1.5018,0,0
2026-08-27T19:51:33.581243+00:00,evasive_recon_v1,evasive_recon_v1__4f691b2075fb,reconnaissance,T1595.001,5,5,2.3219,0.9234,0.085,1262.36,4724.82,0.189,35,131,0.9806,2.5266,0.8468,0.0991,1.1442,3,0,0,1,0,0,0.2659,36.07,9.28,49.1,7855.87,7803.08,0,0.2013,0.5072,0,0
2026-08-27T19:51:38.581243+00:00,evasive_recon_v1,evasive_recon_v1__4f691b2075fb,reconnaissance,T1595.001,7,7,2.8074,0.9698,0.027,2454.94,6707.26,0.1841,56,153,0.5017,1.2509,0.9124,0.0614,1.0967,4,0,0,2,0,0,0.3648,43.84,10.02,58.31,7726.16,7659.33,0,0.2305,1.4486,0,0
2026-08-27T19:51:43.581243+00:00,evasive_recon_v1,evasive_recon_v1__4f691b2075fb,reconnaissance,T1595.001,5,5,2.3219,0.8484,0.1417,995.39,1911.14,0.2132,25,48,0.5415,1.3808,0.9211,0.126,1.2992,3,0,0,1,0,0,0.5173,39.82,7.83,48.78,8594.18,9130.96,0,0.2174,0.6957,0,0
2026-08-27T19:51:48.581243+00:00,evasive_recon_v1,evasive_recon_v1__4f691b2075fb,reconnaissance,T1595.001,3,3,1.585,0.9351,0.0771,849.03,3820.61,0.1681,18,81,1.0095,2.1515,0.8535,0.0972,1.1451,2,0,0,0,0,0,0.22,47.17,3.26,50.78,8362.78,6912.07,0,0.1926,1.2,0,0
2026-08-27T19:51:53.581243+00:00,evasive_recon_v1,evasive_recon_v1__4f691b2075fb,reconnaissance,T1595.001,5,5,2.3219,0.9228,0.0664,2080.61,4993.48,0.2547,45,108,0.7335,1.1669,0.7734,0.0544,0.9365,3,0,0,1,0,0,0.4145,46.24,12.02,68.25,6991.2,8682.39,0,0.1958,1.2265,0,0
2026-08-27T19:51:58.581243+00:00,evasive_recon_v1,evasive_recon_v1__4f691b2075fb,reconnaissance,T1046,7,7,2.8074,0.8763,0.1434,2064.21,4902.51,0.1837,56,133,0.7365,1.7851,0.8958,0.1086,1.2216,5,0,0,2,0,0,0.4201,36.86,5.79,46.98,9486.44,7398.05,0,0.2154,1.2,0,0
2026-08-27T19:52:03.581243+00:00,evasive_recon_v1,evasive_recon_v1__4f691b2075fb,reconnaissance,T1046,9,9,3.1699,0.905,0.1352,2038.8,7475.62,0.2229,54,198,1.1868,2.7903,1.0085,0.1468,1.449,6,1,0,2,0,0,0.2721,37.76,6.9,52.76,10438.7,9773.36,0,0.1926,0.0183,0,0
2026-08-27T19:52:08.581243+00:00,evasive_recon_v1,evasive_recon_v1__4f691b2075fb,reconnaissance,T1046,9,9,3.1699,0.8566,0.1513,1878.04,6990.48,0.234,54,201,1.4447,2.0059,1.0377,0.0784,1.273,6,0,0,2,0,0,0.2682,34.78,9.12,51.48,7809.19,9071.82,0,0.2143,0.4235,0,0
2026-08-27T19:52:13.581243+00:00,evasive_recon_v1,evasive_recon_v1__4f691b2075fb,reconnaissance,T1046,8,8,3.0,0.8823,0.1008,1712.68,8220.88,0.2509,40,192,0.8573,1.7597,1.1283,0.0641,1.3207,5,0,0,2,0,0,0.2078,42.82,16.41,68.68,8947.04,8033.0,0,0.2493,0.3568,0,0
2026-08-27T19:52:18.581243+00:00,evasive_recon_v1,evasive_recon_v1__4f691b2075fb,reconnaissance,T1046,2,2,1.0,0.8575,0.1629,333.7,800.87,0.0442,10,24,0.5545,1.199,1.2522,0.1634,1.7424,1,0,0,0,0,0,0.4083,33.37,0.49,33.86,9068.3,5163.35,0,0.2244,1.1799,0,0
2026-08-27T19:52:23.581243+00:00,evasive_recon_v1,evasive_recon_v1__4f691b2075fb,reconnaissance,T1595.001,9,9,3.1699,0.9058,0.0657,2952.68,9227.12,0.1726,72,225,0.7128,1.8802,1.1161,0.1293,1.504,5,0,0,2,0,0,0.3193,41.01,8.84,60.27,9175.95,7792.19,0,0.1978,0.3064,0,0
2026-08-27T19:52:28.581243+00:00,evasive_recon_v1,evasive_recon_v1__4f691b2075fb,reconnaissance,T1595.001,5,5,2.3219,0.9114,0.0537,1301.4,9704.76,0.1735,35,261,1.21,2.8513,1.0927,0.1093,1.4207,3,0,0,1,0,0,0.1336,37.18,5.44,45.85,5388.21,7965.62,0,0.2018,1.467,0,0
2026-08-27T19:52:33.581243+00:00,evasive_recon_v1,evasive_recon_v1__4f691b2075fb,reconnaissance,T1595.001,6,6,2.585,0.9332,0.049,2126.93,9216.7,0.2465,48,208,0.6754,1.6516,1.1098,0.1499,1.5596,4,0,0,1,0,0,0.2306,44.31,22.15,78.46,6596.57,8287.02,0,0.2298,1.2838,0,0
2026-08-27T19:52:38.581243+00:00,evasive_recon_v1,evasive_recon_v1__4f691b2075fb,reconnaissance,T1595.001,7,7,2.8074,0.8578,0.1169,1164.85,3286.55,0.2216,28,79,1.0363,2.5487,0.9705,0.0598,1.1498,4,0,0,2,0,0,0.3529,41.6,11.86,67.67,6848.97,7692.52,0,0.1901,0.5153,0,0
2026-08-27T19:52:43.581243+00:00,evasive_recon_v1,evasive_recon_v1__4f691b2075fb,reconnaissance,T1595.001,3,3,1.585,0.899,0.0946,800.63,2768.86,0.0786,24,83,1.2573,3.5202,0.9721,0.1451,1.4073,2,0,0,0,0,0,0.2863,33.36,0.88,34.35,8905.91,7588.77,0,0.2239,0.7335,0,0
2026-08-27T19:52:48.581243+00:00,evasive_recon_v1,evasive_recon_v1__4f691b2075fb,reconnaissance,T1595.001,6,6,2.585,0.9359,0.0462,1830.15,6786.79,0.2562,48,178,1.0965,1.4804,0.9491,0.0964,1.2382,3,0,0,1,0,0,0.2688,38.13,3.07,43.95,7131.07,9087.77,0,0.2476,0.731,0,0
2026-08-27T19:52:53.581243+00:00,evasive_recon_v1,evasive_recon_v1__4f691b2075fb,reconnaissance,T1595.001,3,3,1.585,0.9026,0.1011,704.93,2741.41,0.167,18,70,0.9942,2.4137,1.0461,0.1066,1.3659,2,0,0,0,0,0,0.2563,39.16,8.71,47.69,8621.38,8466.8,0,0.1636,1.6709,0,0
2026-08-27T19:52:58.581243+00:00,evasive_recon_v1,evasive_recon_v1__4f691b2075fb,reconnaissance,T1595.001,7,7,2.8074,0.888,0.1193,1178.5,5555.76,0.2594,28,132,0.5014,1.4637,0.9515,0.122,1.3174,5,0,0,2,0,0,0.2118,42.09,7.15,53.78,8284.51,8035.34,0,0.2052,1.5042,0,0
2026-08-27T19:53:03.581243+00:00,evasive_recon_v1,evasive_recon_v1__4f691b2075fb,reconnaissance,T1595.001,5,5,2.3219,0.92,0.0671,895.74,2902.19,0.1742,25,81,0.7141,1.1947,0.9784,0.1021,1.2847,3,0,0,1,0,0,0.3086,35.83,5.92,43.36,6675.49,8736.86,0,0.1997,0.8711,0,0
2026-08-27T19:53:08.581243+00:00,evasive_recon_v1,evasive_recon_v1__4f691b2075fb,reconnaissance,T1595.001,7,7,2.8074,0.8612,0.1642,1972.72,6723.36,0.2101,49,167,0.956,2.095,1.1133,0.0775,1.3458,4,0,0,1,0,0,0.2917,40.26,10.45,58.04,9695.56,8015.38,0,0.2509,1.0869,0,0
2026-08-27T19:53:13.581243+00:00,evasive_recon_v1,evasive_recon_v1__4f691b2075fb,reconnaissance,T1046,8,8,3.0,0.878,0.0918,1923.79,4969.79,0.2226,48,124,0.5722,0.9425,0.9478,0.1071,1.2692,5,0,0,1,0,0,0.3848,40.08,8.33,48.75,8592.05,8368.25,0,0.1863,0.3937,0,0
2026-08-27T19:53:18.581243+00:00,evasive_recon_v1,evasive_recon_v1__4f691b2075fb,reconnaissance,T1046,7,7,2.8074,0.9399,0.0576,1679.96,3879.92,0.2202,42,97,0.6619,1.7196,1.1388,0.1642,1.6314,5,0,0,2,0,0,0.4326,40.0,4.53,46.36,8792.02,7934.42,0,0.1909,0.7128,0,0
2026-08-27T19:53:23.581243+00:00,evasive_recon_v1,evasive_recon_v1__4f691b2075fb,reconnaissance,T1046,4,4,2.0,0.8667,0.1607,315.89,789.73,0.1306,8,20,0.6886,0.8593,1.1744,0.1488,1.6207,2,0,0,1,0,0,0.3856,39.49,3.92,44.17,7250.76,7809.07,0,0.2243,1.3427,0,0
2026-08-27T19:53:28.581243+00:00,evasive_recon_v1,evasive_recon_v1__4f691b2075fb,reconnaissance,T1046,3,3,1.585,0.8884,0.0881,761.15,1712.58,0.1203,24,54,1.4103,3.134,0.8891,0.1311,1.2823,2,0,0,0,0,0,0.4368,31.71,8.5,41.77,8486.37,8274.98,0,0.1987,1.1806,0,0
2026-08-27T19:53:33.581243+00:00,evasive_recon_v1,evasive_recon_v1__4f691b2075fb,reconnaissance,T1595.001,0,0,0.0,0.9119,0.0334,0.0,0.0,0.1806,0,0,1.5602,3.4585,0.8993,0.0876,1.1621,0,0,0,0,0,0,0.378,29.97,0.0,29.97,8827.66,8615.34,0,0.2035,1.5009,0,0
2026-08-27T19:53:38.581243+00:00,evasive_recon_v1,evasive_recon_v1__4f691b2075fb,reconnaissance,T1595.001,5,5,2.3219,0.8365,0.1698,1245.38,3344.73,0.1828,35,94,1.5526,2.4469,1.1146,0.13,1.5045,3,0,0,1,0,0,0.3689,35.58,3.34,41.66,8710.82,9189.99,0,0.1955,1.5629,0,0
2026-08-27T19:53:43.581243+00:00,evasive_recon_v1,evasive_recon_v1__4f691b2075fb,reconnaissance,T1595.001,0,0,0.0,0.8975,0.0979,0.0,0.0,0.1708,0,0,0.7601,1.4056,0.9356,0.1204,1.2967,0,0,0,0,0,0,0.1223,28.47,0.0,28.47,8307.86,5425.54,0,0.116,0.8658,0,0
2026-08-27T19:53:48.581243+00:00,evasive_recon_v1,evasive_recon_v1__4f691b2075fb,reconnaissance,T1595.001,6,6,2.585,0.9357,0.0484,1617.15,6401.21,0.1902,48,190,0.9548,1.2195,1.0415,0.0538,1.2028,4,0,0,1,0,0,0.2515,33.69,9.47,51.65,8892.01,7943.43,0,0.1917,0.2289,0,0
2026-08-27T19:53:53.581243+00:00,evasive_recon_v1,evasive_recon_v1__4f691b2075fb,reconnaissance,T1595.001,4,4,1.8906,0.8477,0.1408,5045.835,6953.8425,0.3102,27,72,1.3234,1.9953,0.8488,0.0747,1.0731,2,1,0,0,0,0,0.4512,152.9975,61.6875,238.4375,8632.1275,8441.42,0,0.1116,1.3314,0,0
2026-08-27T19:53:58.581243+00:00,evasive_recon_v1,evasive_recon_v1__4f691b2075fb,reconnaissance,T1595.001,5,5,2.3219,0.9246,0.1058,901.04,2811.23,0.2257,25,78,1.1586,2.7465,0.8664,0.1133,1.2064,3,0,0,1,0,0,0.3192,36.04,11.35,54.23,8636.49,9960.59,0,0.1788,1.1815,0,0
2026-08-27T19:54:03.581243+00:00,evasive_recon_v1,evasive_recon_v1__4f691b2075fb,reconnaissance,T1595.001,5,5,2.3219,0.9212,0.0619,1212.24,3567.46,0.2321,35,103,0.5553,1.5448,1.0584,0.1046,1.3723,3,0,0,1,0,0,0.3376,34.64,9.54,51.05,8836.23,7270.3,0,0.1688,0.9726,0,0
2026-08-27T19:54:08.581243+00:00,evasive_recon_v1,evasive_recon_v1__4f691b2075fb,reconnaissance,T1595.001,6,6,2.585,0.9469,0.067,2070.56,4831.3,0.2712,48,112,1.1248,1.3763,0.9092,0.121,1.2721,4,0,0,1,0,0,0.4268,43.14,9.65,53.99,7560.5,7185.8,0,0.2186,0.3031,0,0
2026-08-27T19:54:13.581243+00:00,evasive_recon_v1,evasive_recon_v1__4f691b2075fb,reconnaissance,T1595.001,3,3,1.585,0.8614,0.1346,1440.09,2640.16,0.2329,36,66,1.1625,3.3585,0.8074,0.0638,0.9989,2,0,0,0,0,0,0.5434,40.0,0.24,40.31,6670.69,9115.06,0,0.2086,0.7768,0,0
2026-08-27T19:54:18.581243+00:00,evasive_recon_v1,evasive_recon_v1__4f691b2075fb,reconnaissance,T1046,7,7,2.8074,0.9306,0.0808,1374.57,7697.61,0.2038,35,196,1.4739,2.2019,0.9921,0.1131,1.3313,4,0,0,2,0,0,0.1785,39.27,12.44,58.73,6532.51,8663.87,0,0.2584,1.2569,0,0
2026-08-27T19:54:23.581243+00:00,evasive_recon_v1,evasive_recon_v1__4f691b2075fb,reconnaissance,T1046,6,6,2.585,0.8664,0.1366,749.94,1583.21,0.2077,18,38,1.1111,2.1799,0.9023,0.1247,1.2763,4,0,0,1,0,0,0.4677,41.66,5.71,47.74,8687.24,8427.65,0,0.1928,1.3454,0,0
2026-08-27T19:54:28.581243+00:00,evasive_recon_v1,evasive_recon_v1__4f691b2075fb,reconnaissance,T1046,4,4,2.0,0.9125,0.0639,625.66,2033.39,0.2496,16,52,0.5819,1.6165,1.1404,0.0783,1.3752,2,0,0,1,0,0,0.302,39.1,5.65,46.31,8564.14,7530.44,0,0.2051,1.2153,0,0
2026-08-27T19:54:33.581243+00:00,evasive_recon_v1,evasive_recon_v1__4f691b2075fb,reconnaissance,T1046,7,7,2.8074,0.8796,0.1548,2741.89,12186.17,0.1645,63,280,0.5713,0.8595,0.9232,0.1345,1.3267,4,0,0,1,0,0,0.2249,43.52,14.28,65.72,8555.23,7679.38,0,0.2177,0.6475,0,0
2026-08-27T19:54:38.581243+00:00,evasive_recon_v1,evasive_recon_v1__4f691b2075fb,reconnaissance,T1046,7,7,2.8074,0.9144,0.0494,1058.33,5064.87,0.1612,28,134,0.8241,2.3003,1.0436,0.0844,1.2969,4,0,0,2,0,0,0.208,37.8,6.99,48.82,7153.86,8791.89,0,0.1808,1.1126,0,0
2026-08-27T19:54:43.581243+00:00,evasive_recon_v1,evasive_recon_v1__4f691b2075fb,reconnaissance,T1046,2,2,1.0,0.914,0.0741,260.26,1431.44,0.2569,8,44,0.5008,1.3015,0.9519,0.104,1.264,1,0,0,0,0,0,0.179,32.53,3.91,36.45,8171.56,7002.54,0,0.1695,0.8636,0,0
2026-08-27T19:54:48.581243+00:00,evasive_recon_v1,evasive_recon_v1__4f691b2075fb,reconnaissance,T1046,6,6,2.4433,0.8632,0.1136,4651.11,5796.2925,0.3154,16,41,0.603,1.1791,1.027,0.1148,1.3714,2,1,0,1,0,0,0.4143,152.8775,60.9675,239.3825,7204.09,8543.1875,0,0.176,1.2352,0,0
2026-08-27T19:54:53.581243+00:00,evasive_recon_v1,evasive_recon_v1__4f691b2075fb,reconnaissance,T1046,3,3,1.4518,0.8913,0.08,4808.5275,5850.78,0.2887,21,43,1.1557,3.2112,0.9856,0.1046,1.2993,1,1,0,0,0,0,0.498,152.225,57.435,233.3975,8104.9975,8645.9375,0,0.1918,1.384,0,0
2026-08-27T19:54:58.581243+00:00,evasive_recon_v1,evasive_recon_v1__4f691b2075fb,reconnaissance,T1595.001,11,11,3.4594,0.9258,0.107,1870.86,6088.8,0.1494,55,179,0.8296,2.46,0.9882,0.1065,1.3078,7,0,0,3,0,0,0.3057,34.02,6.72,45.82,7255.89,7989.7,0,0.2198,0.6205,0,0
2026-08-27T19:55:03.581243+00:00,evasive_recon_v1,evasive_recon_v1__4f691b2075fb,reconnaissance,T1595.001,4,4,2.0,0.8967,0.1209,993.34,10347.29,0.1635,24,250,0.5404,0.7229,0.8818,0.0523,1.0388,2,0,0,1,0,0,0.0959,41.39,6.44,51.34,9584.65,8280.82,0,0.2491,0.8258,0,0
2026-08-27T19:55:08.581243+00:00,evasive_recon_v1,evasive_recon_v1__4f691b2075fb,reconnaissance,T1595.001,2,2,1.0,0.8836,0.1009,544.73,3722.31,0.2276,12,82,1.5075,4.1517,1.0114,0.1342,1.414,1,0,0,0,0,0,0.1448,45.39,10.61,56.0,7436.1,8498.16,0,0.1806,0.8713,0,0
2026-08-27T19:55:13.581243+00:00,evasive_recon_v1,evasive_recon_v1__4f691b2075fb,reconnaissance,T1595.001,9,9,3.1933,0.9143,0.0606,6905.4075,27744.795,0.292,69,557,1.0351,1.884,1.0898,0.0961,1.3781,5,2,0,2,0,0,0.3181,156.575,65.775,253.895,8054.62,8256.0575,0,0.1576,1.4367,0,0
2026-08-27T19:55:18.581243+00:00,evasive_recon_v1,evasive_recon_v1__4f691b2075fb,reconnaissance,T1595.001,3,3,1.585,0.9164,0.063,684.37,1466.52,0.2611,21,45,1.1978,1.7471,1.0925,0.1421,1.5188,2,0,0,0,0,0,0.4644,32.59,6.64,41.95,8829.57,8898.16,0,0.2106,2.4021,0,0
2026-08-27T19:55:23.581243+00:00,evasive_recon_v1,evasive_recon_v1__4f691b2075fb,reconnaissance,T1595.001,3,3,1.585,0.8929,0.0891,985.0,3365.4,0.2642,24,82,1.0915,1.775,1.1714,0.098,1.4655,2,0,0,0,0,0,0.2911,41.04,11.7,51.76,8516.09,8923.22,0,0.2025,1.2927,0,0
2026-08-27T19:55:28.581243+00:00,evasive_recon_v1,evasive_recon_v1__4f691b2075fb,reconnaissance,T1595.001,6,6,2.4433,0.8656,0.1309,5315.2125,9043.98,0.3004,35,132,0.9252,2.5428,0.9835,0.1459,1.421,2,1,0,1,0,0,0.3954,151.865,64.9425,247.82,8787.925,8563.4975,0,0.078,1.9039,0,0
2026-08-27T19:55:33.581243+00:00,evasive_recon_v1,evasive_recon_v1__4f691b2075fb,reconnaissance,T1595.001,6,6,2.585,0.9089,0.0525,254.66,1188.42,0.1885,6,28,0.5672,0.7121,1.0373,0.1145,1.3807,4,0,0,1,0,0,0.2138,42.44,12.18,58.45,7161.77,8757.48,0,0.1999,0.3963,0,0
2026-08-27T19:55:38.581243+00:00,evasive_recon_v1,evasive_recon_v1__4f691b2075fb,reconnaissance,T1595.001,6,6,2.6406,0.9105,0.0717,5335.5975,8933.64,0.1989,36,130,0.8051,1.3707,0.945,0.1215,1.3094,3,1,0,1,0,0,0.4033,151.6775,62.475,243.125,7875.565,7571.8925,0,0.1656,1.5739,0,0
2026-08-27T19:55:43.581243+00:00,evasive_recon_v1,evasive_recon_v1__4f691b2075fb,reconnaissance,T1595.001,3,3,1.585,0.9174,0.1131,538.27,1839.1,0.1027,12,41,1.101,2.9822,1.1366,0.1648,1.631,2,0,0,0,0,0,0.2859,44.86,5.97,50.73,8995.4,8528.91,0,0.17,1.4041,0,0
2026-08-27T19:55:48.581243+00:00,evasive_recon_v1,evasive_recon_v1__4f691b2075fb,reconnaissance,T1046,5,5,2.3219,0.8758,0.0995,1137.04,8262.47,0.2173,30,218,0.9455,1.347,0.9914,0.1057,1.3086,3,0,0,1,0,0,0.137,37.9,8.78,55.04,6925.42,8654.1,0,0.1871,1.3874,0,0
2026-08-27T19:55:53.581243+00:00,evasive_recon_v1,evasive_recon_v1__4f691b2075fb,reconnaissance,T1046,5,5,2.3219,0.8668,0.1591,1651.37,4623.84,0.2399,45,126,1.3381,2.8352,0.9831,0.0846,1.2368,3,0,0,1,0,0,0.3547,36.7,9.09,53.45,7827.12,9216.84,0,0.1891,1.5039,0,0
2026-08-27T19:55:58.581243+00:00,evasive_recon_v1,evasive_recon_v1__4f691b2075fb,reconnaissance,T1046,4,4,2.0,0.9025,0.1074,766.76,4025.5,0.0969,20,105,0.5659,0.8142,1.1239,0.0826,1.3716,2,0,0,1,0,0,0.1895,38.34,3.11,41.89,7666.35,8836.95,0,0.1696,1.1501,0,0
2026-08-27T19:56:03.581243+00:00,evasive_recon_v1,evasive_recon_v1__4f691b2075fb,reconnaissance,T1046,6,6,2.585,0.8715,0.1131,703.92,2502.84,0.2462,18,64,1.3588,1.6648,0.9095,0.0632,1.0992,4,0,0,1,0,0,0.2809,39.11,9.63,56.77,7091.95,9169.81,0,0.2218,1.1483,0,0
2026-08-27T19:56:08.581243+00:00,evasive_recon_v1,evasive_recon_v1__4f691b2075fb,reconnaissance,T1046,3,3,1.4518,0.932,0.093,4581.2925,5286.0675,0.2784,13,24,0.8729,1.8779,1.008,0.08,1.248,1,1,0,0,0,0,0.4717,159.8975,65.9475,249.5825,7627.6675,8794.64,0,0.1538,2.0894,0,0
2026-08-27T19:56:13.581243+00:00,evasive_recon_v1,evasive_recon_v1__4f691b2075fb,reconnaissance,T1046,4,4,2.0,0.8742,0.1243,1978.28,3911.6,0.0931,44,87,1.2436,2.3291,1.2086,0.1081,1.533,2,0,0,1,0,0,0.5045,44.96,16.91,72.1,6601.78,7975.38,0,0.2069,1.9486,0,0
2026-08-27T19:56:18.581243+00:00,evasive_recon_v1,evasive_recon_v1__4f691b2075fb,reconnaissance,T1046,7,7,2.8074,0.9152,0.0718,3060.25,10011.37,0.0641,70,229,1.2076,2.5435,1.0158,0.091,1.2888,4,0,0,2,0,0,0.3053,43.72,9.57,62.27,8118.43,7065.9,0,0.0931,1.2353,0,0
2026-08-27T19:56:23.581243+00:00,evasive_recon_v1,evasive_recon_v1__4f691b2075fb,reconnaissance,T1595.001,4,4,2.0,0.9035,0.0997,1016.78,5451.07,0.2123,36,193,1.1185,2.6594,0.8296,0.096,1.1175,2,0,0,1,0,0,0.1856,28.24,9.34,40.58,8758.7,8916.37,0,0.2412,1.626,0,0
2026-08-27T19:56:28.581243+00:00,evasive_recon_v1,evasive_recon_v1__4f691b2075fb,reconnaissance,T1595.001,7,7,2.8074,0.8864,0.0888,6071.4825,10025.2275,0.318,51,143,0.8672,2.031,0.9719,0.1396,1.3908,3,1,0,2,0,0,0.4716,155.255,63.0,244.64,7939.45,8455.9475,0,0.1386,1.4845,0,0
2026-08-27T19:56:33.581243+00:00,evasive_recon_v1,evasive_recon_v1__4f691b2075fb,reconnaissance,T1595.001,2,2,1.0,0.9262,0.0542,347.41,1650.22,0.2059,8,38,1.2456,2.8653,0.9497,0.0744,1.1729,1,0,0,0,0,0,0.2101,43.43,0.2,43.63,7501.01,10867.04,0,0.201,0.6061,0,0
2026-08-27T19:56:38.581243+00:00,evasive_recon_v1,evasive_recon_v1__4f691b2075fb,reconnaissance,T1595.001,4,4,2.0,0.892,0.094,1481.67,3148.54,0.1784,40,85,0.6501,1.732,0.759,0.0716,0.9738,2,0,0,1,0,0,0.4672,37.04,11.12,54.36,8485.52,8223.16,0,0.1907,1.2435,0,0
2026-08-27T19:56:43.581243+00:00,evasive_recon_v1,evasive_recon_v1__4f691b2075fb,reconnaissance,T1595.001,11,11,3.4594,0.912,0.0625,2035.49,4663.12,0.1698,55,126,0.9153,1.4103,1.0925,0.1118,1.428,7,1,0,3,0,0,0.4357,37.01,12.01,60.04,7894.9,9098.2,0,0.2488,0.4067,0,0
2026-08-27T19:56:48.581243+00:00,evasive_recon_v1,evasive_recon_v1__4f691b2075fb,reconnaissance,T1595.001,3,3,1.585,0.9041,0.0916,1362.02,4911.52,0.2141,33,119,1.4486,3.2759,1.1374,0.1417,1.5624,2,0,0,0,0,0,0.277,41.27,12.55,56.32,8640.02,7294.64,0,0.1635,1.1755,0,0
2026-08-27T19:56:53.581243+00:00,evasive_recon_v1,evasive_recon_v1__4f691b2075fb,reconnaissance,T1595.001,1,1,0.0,0.9077,0.0774,211.05,457.27,0.2347,6,13,1.165,3.1687,1.0873,0.0865,1.3467,0,0,0,0,0,0,0.441,35.17,0.0,35.17,8783.68,8709.44,0,0.2204,0.5136,0,0
2026-08-27T19:56:58.581243+00:00,evasive_recon_v1,evasive_recon_v1__4f691b2075fb,reconnaissance,T1595.001,6,6,2.585,0.8887,0.1054,867.47,7048.2,0.2044,24,195,1.3302,1.5996,0.9302,0.1303,1.3212,4,0,0,1,0,0,0.1225,36.14,6.01,47.31,9008.55,8601.7,0,0.1403,0.6732,0,0
2026-08-27T19:57:03.581243+00:00,evasive_recon_v1,evasive_recon_v1__4f691b2075fb,reconnaissance,T1595.001,2,2,1.0,0.942,0.0247,375.17,1950.86,0.2076,10,52,1.4136,4.0441,1.0613,0.055,1.2262,1,0,0,0,0,0,0.1897,37.52,3.07,40.58,9078.22,7266.51,0,0.249,1.3273,0,0
2026-08-27T19:57:08.581243+00:00,evasive_recon_v1,evasive_recon_v1__4f691b2075fb,reconnaissance,T1595.001,7,7,2.8074,0.9416,0.0394,2076.27,4576.27,0.2944,49,108,0.8202,1.5847,0.8026,0.0601,0.9828,4,0,0,2,0,0,0.4534,42.37,12.13,63.77,8779.97,8304.57,0,0.1941,1.2611,0,0
2026-08-27T19:57:13.581243+00:00,evasive_recon_v1,evasive_recon_v1__4f691b2075fb,reconnaissance,T1595.001,6,6,2.6406,0.916,0.0692,5481.69,9406.335,0.2351,40,145,0.9827,2.1691,1.0056,0.0917,1.2807,2,1,0,1,0,0,0.4092,151.3325,63.5325,242.705,7630.8775,7785.0575,0,0.1291,1.3196,0,0
2026-08-27T19:57:18.581243+00:00,evasive_recon_v1,evasive_recon_v1__4f691b2075fb,reconnaissance,T1046,5,5,2.3219,0.8644,0.1355,1035.5,3437.87,0.1322,25,83,1.145,1.4477,1.0021,0.1257,1.3791,3,0,0,1,0,0,0.2979,41.42,7.95,49.02,8510.89,8545.98,0,0.2002,0.8861,0,0
2026-08-27T19:57:23.581243+00:00,evasive_recon_v1,evasive_recon_v1__4f691b2075fb,reconnaissance,T1046,8,8,2.9518,0.8904,0.1052,7563.8325,73813.0125,0.2677,87,1700,1.2332,3.5667,0.8599,0.0802,1.1006,4,1,0,2,0,0,0.2706,155.5925,63.7125,251.555,7455.01,7351.1225,0,0.1714,1.4484,0,0
2026-08-27T19:57:28.581243+00:00,evasive_recon_v1,evasive_recon_v1__4f691b2075fb,reconnaissance,T1046,6,6,2.585,0.9339,0.0815,2760.59,6441.38,0.2462,66,154,1.0136,2.043,1.3527,0.1312,1.7463,4,0,0,1,0,0,0.427,41.83,9.16,53.24,8732.31,10353.72,0,0.2023,1.0689,0,0
2026-08-27T19:57:33.581243+00:00,evasive_recon_v1,evasive_recon_v1__4f691b2075fb,reconnaissance,T1046,6,6,2.585,0.8894,0.1015,909.92,2312.7,0.2487,24,61,1.131,2.8667,1.0086,0.1005,1.3099,4,0,0,1,0,0,0.3903,37.91,10.7,54.58,9503.54,7874.22,0,0.2486,0.1403,0,0
2026-08-27T19:57:38.581243+00:00,evasive_recon_v1,evasive_recon_v1__4f691b2075fb,reconnaissance,T1046,8,8,3.0,0.8928,0.0773,2139.3,5883.07,0.1545,56,154,0.9616,1.7793,0.9494,0.059,1.1263,5,0,0,2,0,0,0.3628,38.2,9.49,51.21,7887.1,8509.57,0,0.1718,0.7713,0,0
2026-08-27T19:57:43.581243+00:00,evasive_recon_v1,evasive_recon_v1__4f691b2075fb,reconnaissance,T1595.001,7,7,2.8074,0.9274,0.0308,802.25,2253.94,0.1825,21,59,1.2913,2.8937,1.0617,0.1288,1.4482,4,0,0,1,0,0,0.3522,38.2,6.83,52.0,7733.09,9995.18,0,0.1276,0.7945,0,0
2026-08-27T19:57:48.581243+00:00,evasive_recon_v1,evasive_recon_v1__4f691b2075fb,reconnaissance,T1595.001,5,5,2.2018,0.8519,0.1421,5351.1825,8295.6525,0.2943,36,110,1.1298,2.1661,0.9375,0.1385,1.353,2,1,0,1,0,0,0.4356,152.1125,60.9225,237.605,6409.6075,8238.8375,0,0.1499,1.5579,0,0
2026-08-27T19:57:53.581243+00:00,evasive_recon_v1,evasive_recon_v1__4f691b2075fb,reconnaissance,T1595.001,4,4,2.0,0.895,0.073,1006.2,3395.93,0.1956,24,81,1.1632,3.0823,0.9689,0.1181,1.3232,2,0,0,1,0,0,0.2945,41.93,14.73,58.11,8165.12,9842.82,0,0.1786,0.7454,0,0
2026-08-27T19:57:58.581243+00:00,evasive_recon_v1,evasive_recon_v1__4f691b2075fb,reconnaissance,T1595.001,7,7,2.8074,0.9315,0.0885,1159.23,4438.19,0.2576,35,134,0.734,1.3284,1.1603,0.1653,1.656,4,0,0,2,0,0,0.2593,33.12,6.8,42.82,8278.34,9065.03,0,0.2473,1.3947,0,0
2026-08-27T19:58:03.581243+00:00,evasive_recon_v1,evasive_recon_v1__4f691b2075fb,reconnaissance,T1595.001,8,8,3.0,0.9191,0.0634,976.41,7445.13,0.2228,24,183,0.9174,1.2423,1.0177,0.1252,1.3934,5,0,0,2,0,0,0.131,40.68,10.52,57.6,10033.57,7288.07,0,0.1575,0.4028,0,0
2026-08-27T19:58:08.581243+00:00,evasive_recon_v1,evasive_recon_v1__4f691b2075fb,reconnaissance,T1595.001,6,6,2.585,0.8765,0.1609,2254.46,6387.65,0.1724,48,136,0.9985,1.8643,0.9419,0.0599,1.1217,4,0,0,2,0,0,0.3504,46.97,10.67,64.89,7952.3,7886.54,0,0.1985,1.5751,0,0
2026-08-27T19:58:13.581243+00:00,evasive_recon_v1,evasive_recon_v1__4f691b2075fb,reconnaissance,T1595.001,10,10,3.2964,0.8942,0.0711,6431.745,12800.43,0.2549,58,206,1.1952,3.1849,0.7363,0.1013,1.0402,5,2,0,2,0,0,0.4244,156.1175,61.905,242.96,7620.31,9266.09,0,0.1714,1.3137,0,0
2026-08-27T19:58:18.581243+00:00,evasive_recon_v1,evasive_recon_v1__4f691b2075fb,reconnaissance,T1595.001,5,5,2.3219,0.8885,0.0974,1655.07,5700.81,0.2434,45,155,1.0002,2.7195,1.1656,0.1607,1.6476,3,0,0,1,0,0,0.2899,36.78,4.44,42.06,7511.73,8116.73,0,0.2876,1.4641,0,0
2026-08-27T19:58:23.581243+00:00,evasive_recon_v1,evasive_recon_v1__4f691b2075fb,reconnaissance,T1595.001,6,6,2.585,0.9408,0.067,817.23,2996.51,0.1454,24,88,0.8974,1.4257,1.0642,0.0754,1.2905,4,0,0,1,0,0,0.2717,34.05,7.7,45.09,7512.0,7916.78,0,0.2382,1.2101,0,0
2026-08-27T19:58:28.581243+00:00,evasive_recon_v1,evasive_recon_v1__4f691b2075fb,reconnaissance,T1595.001,5,5,2.3219,0.9531,0.0398,1616.84,12045.5,0.1496,40,298,0.9465,1.7981,0.8713,0.083,1.1204,3,0,0,1,0,0,0.1342,40.42,10.99,56.79,8787.61,7166.91,0,0.1515,1.1978,0,0
2026-08-27T19:58:33.581243+00:00,evasive_recon_v1,evasive_recon_v1__4f691b2075fb,reconnaissance,T1595.001,3,3,1.585,0.9261,0.039,332.19,1919.3,0.1993,9,52,1.0419,1.6114,0.9472,0.1082,1.2718,2,0,0,1,0,0,0.1722,36.91,2.29,38.9,7799.54,8159.17,0,0.1719,1.0864,0,0
2026-08-27T19:58:38.581243+00:00,evasive_recon_v1,evasive_recon_v1__4f691b2075fb,reconnaissance,T1046,1,1,0.0,0.9411,0.0536,41.34,124.03,0.2337,1,3,1.1632,3.2127,0.798,0.0701,1.0082,0,0,0,0,0,0,0.2613,41.34,0.0,41.34,9362.71,8837.76,0,0.2033,1.4319,0,0
2026-08-27T19:58:43.581243+00:00,evasive_recon_v1,evasive_recon_v1__4f691b2075fb,reconnaissance,T1046,5,5,2.3219,0.9548,0.0576,428.12,1155.93,0.2083,10,27,1.3739,2.136,0.8899,0.0551,1.0552,3,0,0,1,0,0,0.364,42.81,13.02,60.11,8314.3,7322.39,0,0.2399,1.279,0,0
2026-08-27T19:58:48.581243+00:00,evasive_recon_v1,evasive_recon_v1__4f691b2075fb,reconnaissance,T1046,5,5,2.3219,0.8633,0.1133,1029.68,2505.56,0.2877,30,73,0.5361,0.902,1.183,0.1373,1.595,3,0,0,1,0,0,0.4073,34.32,8.13,49.19,10374.37,8945.25,0,0.2738,1.2152,0,0
2026-08-27T19:58:53.581243+00:00,evasive_recon_v1,evasive_recon_v1__4f691b2075fb,reconnaissance,T1046,4,4,2.0,0.9332,0.0569,767.85,3378.55,0.236,20,88,0.6142,1.3994,0.7703,0.066,0.9684,2,0,0,1,0,0,0.2271,38.39,3.65,42.63,7928.6,6433.21,0,0.2104,1.2093,0,0
2026-08-27T19:58:58.581243+00:00,evasive_recon_v1,evasive_recon_v1__4f691b2075fb,reconnaissance,T1046,3,3,1.4518,0.9097,0.0759,4698.6075,6453.9975,0.3297,16,51,1.1899,3.2006,0.9286,0.1106,1.2605,1,1,0,0,0,0,0.3679,157.625,58.2,239.5625,8548.0975,9333.89,0,0.1846,1.0233,0,0
2026-08-27T19:59:03.581243+00:00,evasive_recon_v1,evasive_recon_v1__4f691b2075fb,reconnaissance,T1595.001,8,8,3.0,0.8937,0.0872,3133.86,9045.45,0.1675,88,254,0.593,1.1943,1.303,0.092,1.579,5,0,0,2,0,0,0.3456,35.61,8.91,47.86,9326.17,7284.93,0,0.2178,1.9572,0,0
2026-08-27T19:59:08.581243+00:00,evasive_recon_v1,evasive_recon_v1__4f691b2075fb,reconnaissance,T1595.001,5,5,2.3219,0.924,0.0713,1689.12,8749.64,0.2616,50,259,1.5002,2.9429,1.0045,0.1229,1.3732,3,0,0,1,0,0,0.1924,33.78,12.18,50.26,8784.59,8657.04,0,0.1902,0.6573,0,0
2026-08-27T19:59:13.581243+00:00,evasive_recon_v1,evasive_recon_v1__4f691b2075fb,reconnaissance,T1595.001,5,5,2.3219,0.8975,0.1033,1134.5,2495.91,0.2008,35,77,0.5937,1.4827,1.05,0.0649,1.2446,3,0,0,1,0,0,0.4544,32.41,6.64,41.49,6666.74,5948.05,0,0.1837,0.7423,0,0
2026-08-27T19:59:18.581243+00:00,evasive_recon_v1,evasive_recon_v1__4f691b2075fb,reconnaissance,T1595.001,7,7,2.8074,0.9312,0.0591,2062.2,8396.11,0.216,56,228,1.0744,2.9697,1.0492,0.054,1.2112,4,0,0,2,0,0,0.2449,36.83,6.65,47.81,6961.3,8548.48,0,0.2363,1.8512,0,0
2026-08-27T19:59:23.581243+00:00,evasive_recon_v1,evasive_recon_v1__4f691b2075fb,reconnaissance,T1595.001,7,7,2.8074,0.9063,0.1222,1881.6,5465.59,0.2111,42,122,0.8268,1.7764,0.9925,0.064,1.1845,4,0,0,2,0,0,0.3427,44.8,8.33,55.27,8632.71,7866.5,0,0.2136,1.1125,0,0
2026-08-27T19:59:28.581243+00:00,evasive_recon_v1,evasive_recon_v1__4f691b2075fb,reconnaissance,T1595.001,6,6,2.4433,0.9238,0.0682,5235.675,6349.8375,0.2629,28,47,1.3552,2.8711,1.025,0.0798,1.2642,2,1,0,1,0,0,0.6062,159.47,71.73,266.0525,7747.465,7620.5525,0,0.1735,1.717,0,0
2026-08-27T19:59:33.581243+00:00,evasive_recon_v1,evasive_recon_v1__4f691b2075fb,reconnaissance,T1595.001,5,5,2.3219,0.9299,0.049,1148.65,3560.83,0.1162,30,93,0.8701,1.307,1.0788,0.1544,1.542,3,0,0,1,0,0,0.3207,38.29,10.66,53.87,8098.3,7740.32,0,0.1829,1.778,0,0
2026-08-27T19:59:38.581243+00:00,evasive_recon_v1,evasive_recon_v1__4f691b2075fb,reconnaissance,T1046,3,3,1.585,0.8982,0.134,738.16,3725.95,0.1696,21,106,1.3776,1.6995,1.0621,0.0953,1.3479,2,0,0,0,0,0,0.1968,35.15,4.71,39.12,7913.02,8114.42,0,0.1637,0.307,0,0
2026-08-27T19:59:43.581243+00:00,evasive_recon_v1,evasive_recon_v1__4f691b2075fb,reconnaissance,T1046,3,3,1.585,0.9091,0.0931,725.63,2620.35,0.195,18,65,0.7159,0.9039,1.0099,0.0846,1.2638,2,0,0,0,0,0,0.2768,40.31,10.42,51.01,8552.14,8783.99,0,0.208,1.3581,0,0
2026-08-27T19:59:48.581243+00:00,evasive_recon_v1,evasive_recon_v1__4f691b2075fb,reconnaissance,T1046,5,5,2.2018,0.8914,0.1082,6192.1875,8783.1225,0.2599,51,105,0.77,1.3228,1.0906,0.0863,1.3495,2,1,0,1,0,0,0.5627,157.4075,63.0975,246.86,9320.485,8329.0025,0,0.1844,1.3336,0,0
2026-08-27T19:59:53.581243+00:00,evasive_recon_v1,evasive_recon_v1__4f691b2075fb,reconnaissance,T1046,4,4,2.0,0.9334,0.0693,1272.86,9637.34,0.2061,28,212,1.1623,2.5899,0.9148,0.0465,1.0543,2,0,0,1,0,0,0.1315,45.46,6.13,55.0,7465.35,9545.95,0,0.2072,1.4131,0,0
2026-08-27T19:59:58.581243+00:00,evasive_recon_v1,evasive_recon_v1__4f691b2075fb,reconnaissance,T1046,4,4,2.0,0.8813,0.1469,820.52,1887.19,0.2144,20,46,1.1946,3.4535,1.0538,0.1422,1.4805,2,0,0,1,0,0,0.4324,41.03,7.12,50.66,8172.42,7499.47,0,0.1559,0.5023,0,0
2026-08-27T20:00:03.581243+00:00,evasive_recon_v1,evasive_recon_v1__4f691b2075fb,reconnaissance,T1046,6,6,2.585,0.9639,0.0443,1480.84,4336.76,0.239,42,123,0.8855,2.5145,1.0711,0.1273,1.453,4,0,0,1,0,0,0.3403,35.26,4.88,42.7,9439.79,8182.31,0,0.1955,0.652,0,0
2026-08-27T20:00:08.581243+00:00,evasive_recon_v1,evasive_recon_v1__4f691b2075fb,reconnaissance,T1595.001,1,1,0.0,0.877,0.149,208.91,584.94,0.2552,5,14,0.7099,1.5905,0.9909,0.1196,1.3498,0,0,0,0,0,0,0.3509,41.78,0.0,41.78,10739.25,6039.54,0,0.2322,1.2881,0,0
2026-08-27T20:00:13.581243+00:00,evasive_recon_v1,evasive_recon_v1__4f691b2075fb,reconnaissance,T1595.001,3,3,1.4518,0.8679,0.1095,4733.6025,5708.0025,0.252,18,36,0.6554,1.1527,0.9418,0.1273,1.3235,1,1,0,0,0,0,0.4807,155.09,62.7675,241.595,7467.7675,9017.585,0,0.1512,2.0825,0,0
2026-08-27T20:00:18.581243+00:00,evasive_recon_v1,evasive_recon_v1__4f691b2075fb,reconnaissance,T1595.001,6,6,2.585,0.8552,0.1561,1741.86,4753.82,0.2051,48,131,1.41,3.8274,1.0414,0.0692,1.249,4,0,0,1,0,0,0.365,36.29,11.49,58.36,10286.5,5491.92,0,0.2195,0.5499,0,0
2026-08-27T20:00:23.581243+00:00,evasive_recon_v1,evasive_recon_v1__4f691b2075fb,reconnaissance,T1595.001,2,2,1.0,0.8629,0.1386,384.74,1587.03,0.2462,8,33,0.6648,1.4034,0.7824,0.0706,0.9943,1,0,0,0,0,0,0.2413,48.09,2.91,51.01,7460.0,10196.44,0,0.218,1.3848,0,0
2026-08-27T20:00:28.581243+00:00,evasive_recon_v1,evasive_recon_v1__4f691b2075fb,reconnaissance,T1595.001,10,10,3.3219,0.8555,0.0837,1924.77,4580.95,0.2994,50,119,0.9211,1.5871,0.8124,0.0814,1.0566,7,0,0,2,0,0,0.42,38.5,7.53,52.83,9418.42,9169.12,0,0.1862,0.8231,0,0
2026-08-27T20:00:33.581243+00:00,evasive_recon_v1,evasive_recon_v1__4f691b2075fb,reconnaissance,T1595.001,5,5,2.3219,0.9406,0.0917,873.13,2575.74,0.2591,20,59,0.7872,1.4972,1.2649,0.1429,1.6937,3,0,0,1,0,0,0.3389,43.66,15.32,70.75,7519.89,8774.73,0,0.2443,1.1194,0,0
2026-08-27T20:00:38.581243+00:00,evasive_recon_v1,evasive_recon_v1__4f691b2075fb,reconnaissance,T1595.001,1,1,0.0,0.8962,0.1134,568.71,2481.66,0.1982,11,48,0.9281,1.8455,0.822,0.0947,1.106,0,0,0,0,0,0,0.2264,51.7,0.0,51.7,8688.29,10128.07,0,0.1942,0.0,0,0
2026-08-27T20:00:43.581243+00:00,evasive_recon_v1,evasive_recon_v1__4f691b2075fb,reconnaissance,T1595.001,6,6,2.585,0.9155,0.0893,412.15,1373.83,0.2647,12,40,1.0663,2.1809,0.9917,0.1002,1.2924,4,0,0,1,0,0,0.2957,34.35,4.91,42.27,7719.47,8247.76,0,0.1907,1.0795,0,0
2026-08-27T20:00:48.581243+00:00,evasive_recon_v1,evasive_recon_v1__4f691b2075fb,reconnaissance,T1595.001,8,8,3.0,0.8934,0.0915,2973.53,8548.91,0.2342,72,207,1.4385,3.6986,1.0984,0.1171,1.4497,5,0,0,2,0,0,0.3469,41.3,15.19,79.54,7657.28,7914.65,0,0.2363,1.4284,0,0
2026-08-27T20:00:53.581243+00:00,evasive_recon_v1,evasive_recon_v1__4f691b2075fb,reconnaissance,T1595.001,6,6,2.585,0.8848,0.1204,2184.84,8213.39,0.2916,54,203,0.7661,1.0309,0.9736,0.0666,1.1734,4,0,0,1,0,0,0.266,40.46,8.82,50.95,8236.98,8257.5,0,0.2647,0.6386,0,0
2026-08-27T20:00:58.581243+00:00,evasive_recon_v1,evasive_recon_v1__4f691b2075fb,reconnaissance,T1046,8,8,3.0,0.8937,0.1084,865.72,2308.58,0.189,24,64,1.5545,3.0114,1.1039,0.0767,1.3338,5,0,0,2,0,0,0.3708,36.07,10.23,50.92,6895.71,8583.69,0,0.2205,1.1889,0,0
2026-08-27T20:01:03.581243+00:00,evasive_recon_v1,evasive_recon_v1__4f691b2075fb,reconnaissance,T1046,9,9,3.1699,0.9378,0.0703,1097.52,2235.7,0.2011,27,55,0.5138,0.7644,0.8677,0.1024,1.1749,6,0,0,2,0,0,0.4891,40.65,6.81,53.93,9254.97,7551.77,0,0.227,0.0672,0,0
2026-08-27T20:01:08.581243+00:00,evasive_recon_v1,evasive_recon_v1__4f691b2075fb,reconnaissance,T1046,6,6,2.585,0.8782,0.1208,2304.45,11253.38,0.2065,60,293,1.4096,3.9901,1.0912,0.0595,1.2696,3,0,0,1,0,0,0.2048,38.41,6.83,46.41,7830.28,9090.21,0,0.2255,1.736,0,0
2026-08-27T20:01:13.581243+00:00,evasive_recon_v1,evasive_recon_v1__4f691b2075fb,reconnaissance,T1046,2,2,1.0,0.9126,0.0475,533.05,866.2,0.3272,16,26,1.3194,3.8932,1.1401,0.1484,1.5854,1,0,0,0,0,0,0.5979,33.32,1.08,34.4,8345.75,8649.32,0,0.1685,1.3613,0,0
2026-08-27T20:01:18.581243+00:00,evasive_recon_v1,evasive_recon_v1__4f691b2075fb,reconnaissance,T1046,4,4,2.0,0.8988,0.1189,1259.18,6335.24,0.2512,32,161,1.0098,2.653,0.9863,0.1046,1.3,2,0,0,1,0,0,0.1984,39.35,9.55,52.45,7498.89,10017.27,0,0.1471,0.9175,0,0
2026-08-27T20:01:23.581243+00:00,evasive_recon_v1,evasive_recon_v1__4f691b2075fb,reconnaissance,T1046,3,3,1.585,0.8807,0.1461,687.67,2521.45,0.1243,15,55,0.8814,2.5081,1.1613,0.1533,1.6213,2,0,0,0,0,0,0.2722,45.84,9.42,58.26,6981.34,8739.64,0,0.2117,1.7043,0,0
2026-08-27T20:01:28.581243+00:00,evasive_recon_v1,evasive_recon_v1__4f691b2075fb,reconnaissance,T1046,3,3,1.585,0.8378,0.1893,863.31,1849.96,0.1458,21,45,1.0876,2.0089,0.8346,0.1128,1.1729,2,0,0,0,0,0,0.4656,41.11,8.33,49.62,7987.35,9353.56,0,0.2212,0.8962,0,0
2026-08-27T20:01:33.581243+00:00,evasive_recon_v1,evasive_recon_v1__4f691b2075fb,reconnaissance,T1595.001,4,4,2.0,0.8518,0.1356,809.41,1942.57,0.1654,20,48,1.3008,2.7666,1.1491,0.1569,1.6197,2,0,0,1,0,0,0.4115,40.47,12.77,61.25,9530.48,7790.05,0,0.1984,0.1739,0,0
2026-08-27T20:01:38.581243+00:00,evasive_recon_v1,evasive_recon_v1__4f691b2075fb,reconnaissance,T1595.001,4,4,2.0,0.8838,0.1208,683.25,4406.97,0.2419,20,129,0.7711,1.5679,1.0639,0.0816,1.3086,2,0,0,1,0,0,0.1546,34.16,8.68,46.77,8285.47,9282.76,0,0.2492,0.2542,0,0
2026-08-27T20:01:43.581243+00:00,evasive_recon_v1,evasive_recon_v1__4f691b2075fb,reconnaissance,T1595.001,5,5,2.3219,0.9063,0.1119,1014.72,3686.81,0.2097,30,109,1.3809,3.9023,0.8451,0.0826,1.0928,3,0,0,1,0,0,0.2744,33.82,5.03,41.57,8544.32,8067.03,0,0.258,1.6889,0,0
2026-08-27T20:01:48.581243+00:00,evasive_recon_v1,evasive_recon_v1__4f691b2075fb,reconnaissance,T1595.001,5,5,2.3219,0.8793,0.1175,1536.18,7296.84,0.1999,40,190,0.5066,1.2898,1.0282,0.1161,1.3764,3,0,0,1,0,0,0.21,38.4,6.11,46.35,7047.09,6322.01,0,0.2052,0.1885,0,0
2026-08-27T20:01:53.581243+00:00,evasive_recon_v1,evasive_recon_v1__4f691b2075fb,reconnaissance,T1595.001,4,4,2.0,0.9203,0.1028,863.1,2761.91,0.2019,20,64,1.0893,2.584,1.2086,0.1236,1.5795,2,0,0,1,0,0,0.3099,43.15,7.41,54.61,8678.49,7166.06,0,0.2079,0.3665,0,0
2026-08-27T20:01:58.581243+00:00,evasive_recon_v1,evasive_recon_v1__4f691b2075fb,reconnaissance,T1595.001,9,9,3.1699,0.8722,0.1463,1781.93,6137.75,0.1731,45,155,0.5042,0.9355,1.0365,0.1062,1.3551,6,1,0,2,0,0,0.2887,39.6,8.29,59.12,7413.7,9812.19,0,0.2615,1.0245,0,0
2026-08-27T20:02:03.581243+00:00,evasive_recon_v1,evasive_recon_v1__4f691b2075fb,reconnaissance,T1595.001,8,8,2.9518,0.9024,0.0698,5443.8525,8542.62,0.282,33,97,0.896,2.0931,1.0163,0.1381,1.4307,4,1,0,2,0,0,0.4407,158.4125,64.6875,252.2225,8703.565,6734.8775,0,0.1459,1.2248,0,0
2026-08-27T20:02:08.581243+00:00,evasive_recon_v1,evasive_recon_v1__4f691b2075fb,reconnaissance,T1595.001,5,5,2.2018,0.8922,0.0952,5402.61,7779.48,0.2881,33,83,1.2101,2.2781,0.8595,0.1132,1.1989,2,1,0,1,0,0,0.4799,157.1225,64.17,245.435,8155.3975,8401.5125,0,0.1799,2.8015,0,0
2026-08-27T20:02:13.581243+00:00,evasive_recon_v1,evasive_recon_v1__4f691b2075fb,reconnaissance,T1046,7,7,2.8074,0.9159,0.0805,1867.74,5870.05,0.2286,42,132,0.8753,2.1469,0.9292,0.0728,1.1477,4,0,0,1,0,0,0.317,44.47,12.34,72.18,8937.38,8125.48,0,0.2266,1.3326,0,0
2026-08-27T20:02:18.581243+00:00,evasive_recon_v1,evasive_recon_v1__4f691b2075fb,reconnaissance,T1046,8,8,3.0793,0.9142,0.0634,6379.4625,18176.1675,0.2961,63,374,0.6038,1.2794,1.0254,0.0851,1.2807,4,1,0,2,0,0,0.3469,152.7875,63.945,245.0225,8154.655,7339.325,0,0.1563,1.7609,0,0
2026-08-27T20:02:23.581243+00:00,evasive_recon_v1,evasive_recon_v1__4f691b2075fb,reconnaissance,T1046,5,5,2.3219,0.9237,0.036,1021.84,4496.08,0.231,30,132,1.0629,2.994,1.0298,0.0596,1.2087,3,0,0,1,0,0,0.226,34.06,7.28,45.65,7678.65,9636.18,0,0.2188,1.1098,0,0
2026-08-27T20:02:28.581243+00:00,evasive_recon_v1,evasive_recon_v1__4f691b2075fb,reconnaissance,T1046,4,4,1.8906,0.8765,0.1139,4940.55,5791.2075,0.2114,22,37,0.7476,1.1772,1.1343,0.1373,1.5462,2,1,0,0,0,0,0.5932,156.5225,58.845,239.105,7195.27,9291.575,0,0.1621,1.1802,0,0
2026-08-27T20:02:33.581243+00:00,evasive_recon_v1,evasive_recon_v1__4f691b2075fb,reconnaissance,T1046,7,7,2.8074,0.9171,0.0488,1984.96,12051.56,0.2071,42,255,0.6907,2.0541,0.9171,0.1374,1.3292,5,0,0,2,0,0,0.1646,47.26,7.52,58.92,8611.45,8726.6,0,0.1647,0.9707,0,0
2026-08-27T20:02:38.581243+00:00,evasive_recon_v1,evasive_recon_v1__4f691b2075fb,reconnaissance,T1046,6,6,2.585,0.9301,0.0696,1199.88,3799.62,0.1911,30,95,0.6482,1.134,0.9499,0.0949,1.2346,4,0,0,1,0,0,0.3144,40.0,5.34,46.6,7871.62,8805.9,0,0.2502,1.485,0,0
2026-08-27T20:02:43.581243+00:00,evasive_recon_v1,evasive_recon_v1__4f691b2075fb,reconnaissance,T1046,3,3,1.4518,0.8881,0.1041,4817.565,6820.5525,0.2869,19,61,0.696,1.2967,0.8524,0.1022,1.159,1,1,0,0,0,0,0.3873,156.77,60.105,240.6125,6872.995,8226.7925,0,0.1428,1.8299,0,0
2026-08-27T20:02:48.581243+00:00,evasive_recon_v1,evasive_recon_v1__4f691b2075fb,reconnaissance,T1046,6,6,2.585,0.8847,0.079,1259.23,2693.35,0.2009,36,77,0.6625,1.2363,1.0922,0.1307,1.4844,4,0,0,1,0,0,0.4667,34.98,3.93,42.14,9501.76,8185.61,0,0.2283,0.7349,0,0
2026-08-27T20:02:53.581243+00:00,evasive_recon_v1,evasive_recon_v1__4f691b2075fb,reconnaissance,T1595.001,9,9,3.1699,0.9423,0.072,2109.18,3984.0,0.2191,54,102,1.0279,1.9288,0.9626,0.0881,1.227,6,0,0,2,0,0,0.5293,39.06,8.72,54.34,8249.25,7620.65,0,0.1706,1.3025,0,0
2026-08-27T20:02:58.581243+00:00,evasive_recon_v1,evasive_recon_v1__4f691b2075fb,reconnaissance,T1595.001,5,5,2.3219,0.9199,0.0588,812.67,5932.49,0.3403,20,146,0.6441,1.8924,1.0438,0.0744,1.2669,3,0,0,1,0,0,0.1362,40.63,8.07,52.25,9769.57,8436.94,0,0.1677,1.455,0,0
2026-08-27T20:03:03.581243+00:00,evasive_recon_v1,evasive_recon_v1__4f691b2075fb,reconnaissance,T1595.001,7,7,2.8074,0.8604,0.1506,1655.36,3209.37,0.197,49,95,0.8175,1.5888,0.9294,0.0853,1.1854,5,0,0,2,0,0,0.5154,33.78,8.42,48.07,10733.69,7509.47,0,0.1868,0.6916,0,0
2026-08-27T20:03:08.581243+00:00,evasive_recon_v1,evasive_recon_v1__4f691b2075fb,reconnaissance,T1595.001,10,10,3.3219,0.9192,0.069,4194.95,12165.36,0.2518,120,348,1.1005,1.6832,0.8735,0.0972,1.1652,6,0,0,3,0,0,0.3439,34.96,8.28,54.08,9195.26,9929.77,0,0.2157,0.5585,0,0
2026-08-27T20:03:13.581243+00:00,evasive_recon_v1,evasive_recon_v1__4f691b2075fb,reconnaissance,T1595.001,3,3,1.4518,0.8883,0.1006,4850.73,5987.4525,0.2971,24,52,1.4128,2.7709,0.9052,0.0706,1.1169,1,1,0,0,0,0,0.4959,148.865,58.7325,231.335,7860.46,6970.3625,0,0.1947,1.6318,0,0
2026-08-27T20:03:18.581243+00:00,evasive_recon_v1,evasive_recon_v1__4f691b2075fb,reconnaissance,T1595.001,3,3,1.585,0.9033,0.1038,800.09,2311.36,0.1443,18,52,0.824,1.3897,0.9108,0.079,1.1477,2,0,0,0,0,0,0.3458,44.45,3.4,48.84,9944.51,8697.79,0,0.1566,0.6152,0,0
2026-08-27T20:03:23.581243+00:00,evasive_recon_v1,evasive_recon_v1__4f691b2075fb,reconnaissance,T1595.001,8,8,3.0,0.9207,0.0855,1492.36,19363.38,0.0846,40,519,1.1868,1.6507,0.9406,0.0981,1.235,5,0,0,2,0,0,0.077,37.31,13.47,63.52,8562.25,8067.53,0,0.2301,0.7867,0,0
2026-08-27T20:03:28.581243+00:00,evasive_recon_v1,evasive_recon_v1__4f691b2075fb,reconnaissance,T1046,8,8,3.0,0.9354,0.0527,1374.29,4054.15,0.2655,40,118,0.587,1.5734,0.8505,0.1165,1.2001,5,0,0,2,0,0,0.3382,34.36,6.22,48.04,7265.11,7475.38,0,0.1817,1.4914,0,0
2026-08-27T20:03:33.581243+00:00,evasive_recon_v1,evasive_recon_v1__4f691b2075fb,reconnaissance,T1046,8,8,3.0,0.9269,0.0643,1938.08,6016.12,0.2023,48,149,1.0583,2.8413,0.9887,0.11,1.3187,5,0,0,2,0,0,0.3214,40.38,8.69,55.15,7105.38,9831.34,0,0.23,0.5709,0,0
2026-08-27T20:03:38.581243+00:00,evasive_recon_v1,evasive_recon_v1__4f691b2075fb,reconnaissance,T1046,6,6,2.585,0.9034,0.0773,1341.69,3503.31,0.2935,36,94,0.9087,2.4182,1.0371,0.1405,1.4584,4,0,0,2,0,0,0.3817,37.27,4.22,45.29,10057.68,8819.53,0,0.1824,1.536,0,0
2026-08-27T20:03:43.581243+00:00,evasive_recon_v1,evasive_recon_v1__4f691b2075fb,reconnaissance,T1046,8,8,3.0793,0.8564,0.1345,6410.6625,11595.21,0.2857,70,217,0.6758,1.2283,0.9163,0.1148,1.2606,4,2,0,2,0,0,0.4547,150.0725,63.33,241.4,6487.3,6862.5125,0,0.156,1.7062,0,0
2026-08-27T20:03:48.581243+00:00,evasive_recon_v1,evasive_recon_v1__4f691b2075fb,reconnaissance,T1046,5,5,2.3219,0.8173,0.2355,1582.34,4520.97,0.2238,35,100,0.5093,1.4651,0.9357,0.1112,1.2692,3,0,0,1,0,0,0.3486,45.21,8.1,51.65,8746.03,6696.85,0,0.2238,1.3429,0,0
2026-08-27T20:03:53.581243+00:00,evasive_recon_v1,evasive_recon_v1__4f691b2075fb,reconnaissance,T1595.001,5,5,2.2018,0.8659,0.1108,5447.7525,8523.2325,0.2349,39,118,1.2453,1.9056,0.9768,0.1476,1.4196,2,1,0,1,0,0,0.4419,151.805,63.8925,241.1675,7895.5375,7446.395,0,0.166,1.5068,0,0
2026-08-27T20:03:58.581243+00:00,evasive_recon_v1,evasive_recon_v1__4f691b2075fb,reconnaissance,T1595.001,7,7,2.8074,0.8988,0.1229,1484.23,4028.62,0.2208,42,114,0.744,1.2146,1.1516,0.0792,1.3892,5,0,0,1,0,0,0.3656,35.34,12.39,60.02,8324.8,7671.96,0,0.1948,0.6586,0,0
2026-08-27T20:04:03.581243+00:00,evasive_recon_v1,evasive_recon_v1__4f691b2075fb,reconnaissance,T1595.001,6,6,2.585,0.8803,0.0856,1633.68,6262.42,0.1172,42,161,0.8372,1.2092,1.0478,0.0597,1.2268,4,0,0,1,0,0,0.2595,38.9,5.51,45.29,7691.31,6150.2,0,0.2606,1.1968,0,0
2026-08-27T20:04:08.581243+00:00,evasive_recon_v1,evasive_recon_v1__4f691b2075fb,reconnaissance,T1595.001,4,4,2.0,0.9278,0.07,1106.88,15773.09,0.1753,28,399,0.7193,1.3391,0.9153,0.1102,1.2459,2,0,0,1,0,0,0.0701,39.53,4.23,42.31,7376.2,7688.74,0,0.1669,1.5348,0,0
2026-08-27T20:04:13.581243+00:00,evasive_recon_v1,evasive_recon_v1__4f691b2075fb,reconnaissance,T1595.001,6,6,2.585,0.8806,0.086,834.66,5668.75,0.1819,24,163,0.7264,1.7801,1.0264,0.1121,1.3627,3,0,0,1,0,0,0.1465,34.78,2.92,39.72,7146.34,8149.88,0,0.21,0.6027,0,0
2026-08-27T20:04:18.581243+00:00,evasive_recon_v1,evasive_recon_v1__4f691b2075fb,reconnaissance,T1595.001,7,7,2.8074,0.8719,0.0987,5906.22,57657.975,0.2087,51,1460,0.5846,1.4583,1.103,0.1665,1.6024,4,1,0,2,0,0,0.2577,152.3075,62.49,243.5975,8833.405,8988.4775,0,0.1621,1.385,0,0
2026-08-27T20:04:23.581243+00:00,evasive_recon_v1,evasive_recon_v1__4f691b2075fb,reconnaissance,T1595.001,6,6,2.585,0.9292,0.0713,1571.3,6066.97,0.2205,36,139,1.2162,3.6247,0.9227,0.0972,1.2142,4,0,0,1,0,0,0.2576,43.65,8.28,57.83,8301.44,8594.06,0,0.2208,1.1062,0,0
2026-08-27T20:04:28.581243+00:00,evasive_recon_v1,evasive_recon_v1__4f691b2075fb,reconnaissance,T1595.001,7,7,2.8074,0.8786,0.101,1929.41,7284.5,0.1516,49,185,1.5251,3.5897,1.1737,0.1432,1.6032,4,0,0,1,0,0,0.2637,39.38,10.52,57.57,8189.11,9800.12,0,0.1847,0.9514,0,0
2026-08-27T20:04:33.581243+00:00,evasive_recon_v1,evasive_recon_v1__4f691b2075fb,reconnaissance,T1595.001,5,5,2.2018,0.9273,0.0435,5000.355,6130.815,0.2403,24,45,1.38,3.4331,1.0327,0.0895,1.3011,2,1,0,1,0,0,0.5463,156.35,67.11,253.5425,8360.8375,7614.2,0,0.1577,1.4525,0,0
2026-08-27T20:04:38.581243+00:00,evasive_recon_v1,evasive_recon_v1__4f691b2075fb,reconnaissance,T1046,9,9,3.1699,0.8682,0.1397,2135.21,7275.54,0.2646,54,184,1.5762,3.3276,0.9557,0.1044,1.269,6,0,0,2,0,0,0.2925,39.54,6.7,50.29,8848.17,8689.37,0,0.2022,1.68,0,0
2026-08-27T20:04:43.581243+00:00,evasive_recon_v1,evasive_recon_v1__4f691b2075fb,reconnaissance,T1046,6,6,2.585,0.9084,0.1219,1369.42,3606.15,0.1512,30,79,1.4475,3.4913,0.9478,0.0706,1.1597,4,0,0,1,0,0,0.379,45.65,6.93,60.43,9068.01,9923.57,0,0.2141,1.0575,0,0
2026-08-27T20:04:48.581243+00:00,evasive_recon_v1,evasive_recon_v1__4f691b2075fb,reconnaissance,T1046,5,5,2.2018,0.8808,0.0873,5024.64,6385.11,0.2932,24,50,1.1363,3.1852,0.9028,0.1179,1.2564,2,1,0,1,0,0,0.5113,157.565,63.0975,247.4075,7870.4275,9112.985,0,0.1549,1.4483,0,0
2026-08-27T20:04:53.581243+00:00,evasive_recon_v1,evasive_recon_v1__4f691b2075fb,reconnaissance,T1046,3,3,1.585,0.918,0.1016,347.56,1197.14,0.2452,9,31,0.6074,0.9661,0.7703,0.0984,1.0655,2,0,0,0,0,0,0.2839,38.62,2.36,41.76,8395.45,7346.44,0,0.1629,0.2014,0,0
2026-08-27T20:04:58.581243+00:00,evasive_recon_v1,evasive_recon_v1__4f691b2075fb,reconnaissance,T1046,6,6,2.4433,0.9048,0.1099,4949.535,7338.78,0.272,24,80,1.0373,3.0128,1.0164,0.1416,1.4412,2,1,0,1,0,0,0.3948,153.8075,61.83,241.2125,8783.845,7643.39,0,0.157,1.255,0,0
2026-08-27T20:05:03.581243+00:00,evasive_recon_v1,evasive_recon_v1__4f691b2075fb,reconnaissance,T1595.001,8,8,3.0,0.8998,0.0986,300.86,1729.95,0.323,8,46,0.7044,1.9982,1.037,0.0658,1.2344,5,0,0,2,0,0,0.1738,37.61,10.88,57.92,9318.93,7945.05,0,0.1927,1.4443,0,0
2026-08-27T20:05:08.581243+00:00,evasive_recon_v1,evasive_recon_v1__4f691b2075fb,reconnaissance,T1595.001,2,2,1.0,0.8991,0.0901,193.57,709.75,0.2373,6,22,0.8513,1.7519,1.088,0.1369,1.4985,1,0,0,0,0,0,0.2639,32.26,0.19,32.45,7186.01,8225.24,0,0.1823,1.3908,0,0
2026-08-27T20:05:13.581243+00:00,evasive_recon_v1,evasive_recon_v1__4f691b2075fb,reconnaissance,T1595.001,3,3,1.4518,0.8679,0.1035,4752.8925,5874.8925,0.2717,19,44,0.6118,1.1627,1.0152,0.113,1.3541,1,1,0,0,0,0,0.4624,152.15,58.6875,234.575,9126.5575,8221.88,0,0.178,1.8232,0,0
2026-08-27T20:05:18.581243+00:00,evasive_recon_v1,evasive_recon_v1__4f691b2075fb,reconnaissance,T1595.001,9,9,3.1699,0.9105,0.1126,3234.89,19169.71,0.2085,81,480,1.3455,4.0361,0.8688,0.068,1.0727,6,0,0,2,0,0,0.1687,39.94,11.0,65.11,8345.75,6385.51,0,0.1279,1.0238,0,0
2026-08-27T20:05:23.581243+00:00,evasive_recon_v1,evasive_recon_v1__4f691b2075fb,reconnaissance,T1595.001,6,6,2.4433,0.8806,0.1086,5352.8775,7205.9025,0.2824,31,68,0.9101,1.5819,1.0557,0.1585,1.5313,2,1,0,1,0,0,0.5193,157.6175,63.27,246.065,8329.285,8810.7575,0,0.1522,1.7597,0,0
2026-08-27T20:05:28.581243+00:00,evasive_recon_v1,evasive_recon_v1__4f691b2075fb,reconnaissance,T1595.001,7,7,2.8074,0.9012,0.0929,2992.45,12824.79,0.1971,63,270,1.5703,3.1254,1.3105,0.194,1.8924,4,0,0,2,0,0,0.2331,47.5,6.47,61.24,8226.03,8394.24,0,0.2557,1.3145,0,0
2026-08-27T20:05:33.581243+00:00,evasive_recon_v1,evasive_recon_v1__4f691b2075fb,reconnaissance,T1595.001,4,4,2.0,0.9277,0.0758,1388.62,6645.53,0.1709,28,134,1.0379,2.362,1.084,0.131,1.477,2,0,0,1,0,0,0.2084,49.59,19.61,78.59,6900.0,9548.12,0,0.2127,1.556,0,0
2026-08-27T20:05:38.581243+00:00,evasive_recon_v1,evasive_recon_v1__4f691b2075fb,reconnaissance,T1595.001,6,6,2.585,0.8687,0.1687,1669.11,4381.42,0.2126,48,126,0.7999,1.1503,0.9333,0.0514,1.0875,4,0,0,1,0,0,0.3804,34.77,4.55,41.28,8151.37,7013.28,0,0.1628,0.2903,0,0
2026-08-27T20:05:43.581243+00:00,evasive_recon_v1,evasive_recon_v1__4f691b2075fb,reconnaissance,T1046,2,2,0.7018,0.8503,0.1487,4506.5175,5094.3525,0.2318,12,20,1.2287,2.29,0.888,0.079,1.1251,0,1,0,0,0,0,0.4475,158.6975,57.15,239.585,7515.445,6243.86,0,0.1514,1.4466,0,0
2026-08-27T20:05:48.581243+00:00,evasive_recon_v1,evasive_recon_v1__4f691b2075fb,reconnaissance,T1046,6,6,2.585,0.8592,0.1411,1176.9,2667.63,0.302,30,68,1.2572,2.8983,1.0085,0.104,1.3206,4,0,0,1,0,0,0.4386,39.23,3.34,45.15,8340.73,7495.05,0,0.2087,1.1889,0,0
2026-08-27T20:05:53.581243+00:00,evasive_recon_v1,evasive_recon_v1__4f691b2075fb,reconnaissance,T1046,5,5,2.3219,0.9273,0.1004,978.23,2621.67,0.2547,25,67,0.5874,1.6427,1.1145,0.147,1.5554,3,0,0,1,0,0,0.3727,39.13,4.62,43.81,8403.8,7384.95,0,0.2197,0.778,0,0
2026-08-27T20:05:58.581243+00:00,evasive_recon_v1,evasive_recon_v1__4f691b2075fb,reconnaissance,T1046,7,7,2.8074,0.9259,0.0996,1286.55,2830.4,0.1915,35,77,1.0265,1.9634,0.8698,0.0535,1.0303,5,0,0,2,0,0,0.4545,36.76,4.92,44.75,8936.48,8132.4,0,0.216,0.6763,0,0
2026-08-27T20:06:03.581243+00:00,evasive_recon_v1,evasive_recon_v1__4f691b2075fb,reconnaissance,T1595.001,3,3,1.585,0.8623,0.13,691.51,3062.39,0.1978,21,93,1.1678,1.914,0.8528,0.1011,1.1561,1,0,0,0,0,0,0.2234,32.93,12.12,49.53,8467.75,7009.39,0,0.2008,0.8229,0,0
2026-08-27T20:06:08.581243+00:00,evasive_recon_v1,evasive_recon_v1__4f691b2075fb,reconnaissance,T1595.001,7,7,2.8074,0.8711,0.0962,820.88,3674.39,0.2229,21,94,1.5341,3.0223,0.9923,0.0825,1.2398,4,0,0,2,0,0,0.2214,39.09,8.71,52.9,6006.79,7803.54,0,0.1978,1.0405,0,0
2026-08-27T20:06:13.581243+00:00,evasive_recon_v1,evasive_recon_v1__4f691b2075fb,reconnaissance,T1595.001,7,7,2.8074,0.8889,0.0975,1169.94,2540.44,0.1962,35,76,1.2072,3.3816,1.1657,0.0969,1.4564,4,0,0,1,0,0,0.4583,33.43,3.82,38.56,9809.43,8016.49,0,0.1842,0.9536,0,0
2026-08-27T20:06:18.581243+00:00,evasive_recon_v1,evasive_recon_v1__4f691b2075fb,reconnaissance,T1595.001,7,7,2.8074,0.893,0.1049,517.11,1329.71,0.1697,14,36,0.9462,1.5041,0.8732,0.1251,1.2483,5,0,0,2,0,0,0.3819,36.94,5.23,47.29,8277.7,6948.22,0,0.2876,0.9937,0,0
2026-08-27T20:06:23.581243+00:00,evasive_recon_v1,evasive_recon_v1__4f691b2075fb,reconnaissance,T1595.001,2,2,1.0,0.874,0.118,205.74,960.12,0.1733,6,28,1.0659,1.8471,1.0431,0.0599,1.2228,1,0,0,0,0,0,0.2136,34.29,3.08,37.37,7399.08,7200.4,0,0.2133,0.9469,0,0
2026-08-27T20:06:28.581243+00:00,evasive_recon_v1,evasive_recon_v1__4f691b2075fb,reconnaissance,T1595.001,4,4,2.0,0.9156,0.1105,602.51,4405.86,0.176,16,117,0.9055,2.4726,1.0673,0.1205,1.4287,2,0,0,1,0,0,0.1367,37.66,8.96,52.53,8930.21,10132.27,0,0.2656,2.3003,0,0
2026-08-27T20:06:33.581243+00:00,evasive_recon_v1,evasive_recon_v1__4f691b2075fb,reconnaissance,T1595.001,3,3,1.585,0.8495,0.1452,1237.7,10126.67,0.264,33,270,0.8486,1.4454,1.1774,0.0887,1.4435,2,0,0,1,0,0,0.1218,37.51,10.33,51.64,8595.03,7790.93,0,0.1664,1.1014,0,0
2026-08-27T20:06:38.581243+00:00,evasive_recon_v1,evasive_recon_v1__4f691b2075fb,reconnaissance,T1595.001,7,7,2.8074,0.8696,0.1261,568.7,2356.05,0.167,14,58,1.4128,2.7319,1.1575,0.0614,1.3417,4,0,0,1,0,0,0.2405,40.62,9.77,59.3,7280.46,9299.43,0,0.2493,1.8951,0,0
2026-08-27T20:06:43.581243+00:00,evasive_recon_v1,evasive_recon_v1__4f691b2075fb,reconnaissance,T1595.001,7,7,2.8074,0.9284,0.0713,1705.88,5929.98,0.2045,42,146,1.0261,1.3723,0.9889,0.125,1.364,4,0,0,2,0,0,0.2868,40.62,10.48,54.46,6419.79,7703.99,0,0.2408,1.7564,0,0
2026-08-27T20:06:48.581243+00:00,evasive_recon_v1,evasive_recon_v1__4f691b2075fb,reconnaissance,T1595.001,4,4,2.0,0.9444,0.0624,923.42,2968.14,0.2271,28,90,0.7659,0.9627,1.1525,0.1067,1.4727,2,0,0,1,0,0,0.3107,32.98,8.88,44.04,8094.09,9833.82,0,0.2216,1.0725,0,0
2026-08-27T20:06:53.581243+00:00,evasive_recon_v1,evasive_recon_v1__4f691b2075fb,reconnaissance,T1595.001,2,2,1.0,0.9347,0.0598,159.25,676.83,0.2522,4,17,0.9592,1.3468,1.0533,0.055,1.2182,1,0,0,0,0,0,0.2332,39.81,2.9,42.72,9259.26,10332.1,0,0.1503,1.2865,0,0
2026-08-27T20:06:58.581243+00:00,evasive_recon_v1,evasive_recon_v1__4f691b2075fb,reconnaissance,T1046,6,6,2.585,0.894,0.1263,2595.97,6792.79,0.1918,60,157,0.8254,1.5595,0.8825,0.1239,1.2542,4,0,0,1,0,0,0.3809,43.27,7.23,54.05,7291.74,8145.16,0,0.1681,1.3259,0,0
2026-08-27T20:07:03.581243+00:00,evasive_recon_v1,evasive_recon_v1__4f691b2075fb,reconnaissance,T1046,10,10,3.3219,0.9276,0.0897,2562.39,20285.6,0.184,60,475,1.2478,1.8269,1.0953,0.0745,1.3187,7,1,0,3,0,0,0.1263,42.71,7.11,56.65,6854.26,7814.32,0,0.2312,2.1332,0,0
2026-08-27T20:07:08.581243+00:00,evasive_recon_v1,evasive_recon_v1__4f691b2075fb,reconnaissance,T1046,5,5,2.3219,0.88,0.0952,1536.72,7956.78,0.2012,45,233,0.7084,2.0348,0.9958,0.1229,1.3644,3,0,0,1,0,0,0.1931,34.15,3.36,39.85,7884.03,8131.26,0,0.1607,0.5777,0,0
2026-08-27T20:07:13.581243+00:00,evasive_recon_v1,evasive_recon_v1__4f691b2075fb,reconnaissance,T1046,3,3,1.585,0.889,0.0884,436.24,6882.86,0.2567,9,142,0.8806,1.7181,0.8035,0.0808,1.0457,2,0,0,0,0,0,0.0633,48.47,8.66,57.04,8338.7,8386.95,0,0.1175,0.9588,0,0
2026-08-27T20:07:18.581243+00:00,evasive_recon_v1,evasive_recon_v1__4f691b2075fb,reconnaissance,T1046,11,11,3.4594,0.8688,0.122,2831.68,24927.39,0.2034,66,581,1.4438,1.9136,0.9965,0.1442,1.429,7,1,0,3,0,0,0.1135,42.9,12.99,70.4,7249.55,9116.21,0,0.1583,0.7596,0,0
2026-08-27T20:07:23.581243+00:00,evasive_recon_v1,evasive_recon_v1__4f691b2075fb,reconnaissance,T1595.001,3,3,1.585,0.9202,0.0892,1049.4,1998.86,0.2372,21,40,1.3223,3.7999,1.1697,0.1416,1.5944,2,0,0,0,0,0,0.5127,49.97,5.55,57.29,7646.48,7983.99,0,0.241,1.0144,0,0
2026-08-27T20:07:28.581243+00:00,evasive_recon_v1,evasive_recon_v1__4f691b2075fb,reconnaissance,T1595.001,3,3,1.585,0.8863,0.1574,1520.04,11273.6,0.2016,36,267,1.305,2.7956,1.0062,0.0872,1.2679,2,0,0,1,0,0,0.1346,42.22,10.84,57.27,7215.76,8326.17,0,0.2474,0.5568,0,0
2026-08-27T20:07:33.581243+00:00,evasive_recon_v1,evasive_recon_v1__4f691b2075fb,reconnaissance,T1595.001,5,5,2.2018,0.8443,0.1299,4792.5,5832.045,0.3443,21,44,0.9301,1.8808,0.9073,0.1012,1.2107,2,1,0,1,0,0,0.4953,151.22,61.4625,237.845,8056.18,8348.825,0,0.1969,1.6139,0,0
2026-08-27T20:07:38.581243+00:00,evasive_recon_v1,evasive_recon_v1__4f691b2075fb,reconnaissance,T1595.001,1,1,0.0,0.8492,0.1529,434.73,1110.96,0.1787,9,23,0.5961,1.7013,0.8815,0.0683,1.0863,0,0,0,0,0,0,0.3882,48.3,0.0,48.3,7190.35,8354.52,0,0.1826,1.009,0,0
2026-08-27T20:07:43.581243+00:00,evasive_recon_v1,evasive_recon_v1__4f691b2075fb,reconnaissance,T1595.001,6,6,2.585,0.913,0.0989,2102.24,7980.73,0.3133,54,205,0.9752,1.2986,1.0696,0.0921,1.3458,4,0,0,1,0,0,0.2626,38.93,2.31,41.15,7999.63,7953.96,0,0.1899,1.0962,0,0
2026-08-27T20:07:48.581243+00:00,evasive_recon_v1,evasive_recon_v1__4f691b2075fb,reconnaissance,T1595.001,4,4,2.0,0.9047,0.0739,1077.49,3187.57,0.2254,24,71,1.3574,1.9499,1.1931,0.1077,1.5162,2,0,0,1,0,0,0.3335,44.9,5.51,50.41,8352.04,7398.55,0,0.2315,0.0,0,0
2026-08-27T20:07:53.581243+00:00,evasive_recon_v1,evasive_recon_v1__4f691b2075fb,reconnaissance,T1595.001,4,4,2.0,0.9033,0.1121,392.5,1635.41,0.1844,12,50,1.1386,2.9552,1.0997,0.138,1.5138,2,0,0,1,0,0,0.2391,32.71,5.79,42.59,9007.2,9689.38,0,0.2427,1.2301,0,0
2026-08-27T20:07:58.581243+00:00,evasive_recon_v1,evasive_recon_v1__4f691b2075fb,reconnaissance,T1595.001,5,5,2.3219,0.8588,0.1588,543.77,2283.83,0.2379,15,63,0.8875,2.4924,0.9048,0.1091,1.2321,3,0,0,1,0,0,0.2367,36.25,5.64,42.78,8906.67,7453.57,0,0.1843,0.3856,0,0
2026-08-27T20:08:03.581243+00:00,evasive_recon_v1,evasive_recon_v1__4f691b2075fb,reconnaissance,T1595.001,8,8,3.0,0.9368,0.0715,2328.95,6016.45,0.2004,48,124,1.0849,3.1335,0.9386,0.1349,1.3433,5,0,0,2,0,0,0.3847,48.52,12.49,66.59,7128.67,9194.9,0,0.2148,1.2461,0,0
2026-08-27T20:08:08.581243+00:00,evasive_recon_v1,evasive_recon_v1__4f691b2075fb,reconnaissance,T1595.001,6,6,2.585,0.9213,0.0722,1128.65,3799.79,0.1973,30,101,1.3744,2.7298,0.9119,0.0948,1.1963,4,0,0,1,0,0,0.2969,37.62,6.35,49.72,7389.19,7884.72,0,0.2473,0.41,0,0
2026-08-27T20:08:13.581243+00:00,evasive_recon_v1,evasive_recon_v1__4f691b2075fb,reconnaissance,T1595.001,2,2,1.0,0.8928,0.108,415.61,1281.48,0.228,12,37,1.0163,1.8782,1.0002,0.1,1.3002,1,0,0,0,0,0,0.318,34.63,4.01,38.65,7121.85,8399.43,0,0.1539,1.6143,0,0
2026-08-27T20:08:18.581243+00:00,evasive_recon_v1,evasive_recon_v1__4f691b2075fb,reconnaissance,T1595.001,3,3,1.585,0.8695,0.1317,901.84,3306.73,0.2055,24,88,0.7305,1.4606,0.9576,0.1372,1.3693,2,0,0,0,0,0,0.2721,37.58,4.55,43.99,7923.01,7478.3,0,0.229,0.7143,0,0
2026-08-27T20:08:23.581243+00:00,evasive_recon_v1,evasive_recon_v1__4f691b2075fb,reconnaissance,T1046,4,4,2.0,0.9139,0.1055,1729.68,4151.24,0.2882,40,96,1.4012,1.8034,0.7619,0.0952,1.0475,2,0,0,1,0,0,0.4159,43.24,5.04,47.61,10090.79,8832.0,0,0.2286,0.3558,0,0
2026-08-27T20:08:28.581243+00:00,evasive_recon_v1,evasive_recon_v1__4f691b2075fb,reconnaissance,T1046,3,3,1.585,0.9048,0.0761,110.87,960.85,0.1749,3,26,1.1151,3.3141,0.9966,0.149,1.4435,2,0,0,0,0,0,0.1154,36.96,8.65,45.38,7384.54,9053.87,0,0.1823,1.5289,0,0
2026-08-27T20:08:33.581243+00:00,evasive_recon_v1,evasive_recon_v1__4f691b2075fb,reconnaissance,T1046,9,9,3.1699,0.9108,0.0951,2138.06,5186.77,0.1483,54,131,0.7347,1.9556,0.9659,0.0605,1.1473,6,0,0,2,0,0,0.4094,39.59,6.95,53.77,7968.68,7965.3,0,0.2128,1.0653,0,0
2026-08-27T20:08:38.581243+00:00,evasive_recon_v1,evasive_recon_v1__4f691b2075fb,reconnaissance,T1046,8,8,3.0,0.8819,0.0849,1990.24,6675.61,0.1398,48,161,0.5316,1.3871,1.1002,0.1404,1.5213,5,0,0,2,0,0,0.2975,41.46,9.2,53.8,6467.9,7867.41,0,0.1782,0.078,0,0
2026-08-27T20:08:43.581243+00:00,evasive_recon_v1,evasive_recon_v1__4f691b2075fb,reconnaissance,T1046,5,5,2.3219,0.8571,0.1618,1144.28,6980.08,0.2603,30,183,1.3957,4.0267,0.734,0.1097,1.063,3,0,0,1,0,0,0.1634,38.14,9.44,55.83,8648.0,7885.0,0,0.2263,2.0815,0,0
2026-08-27T20:08:48.581243+00:00,evasive_recon_v1,evasive_recon_v1__4f691b2075fb,reconnaissance,T1046,6,6,2.585,0.9215,0.0911,1137.5,6287.85,0.2782,36,199,1.4193,3.923,1.1738,0.1588,1.6501,4,0,0,1,0,0,0.1808,31.6,8.47,42.63,8235.54,8459.95,0,0.2039,0.5076,0,0
2026-08-27T20:08:53.581243+00:00,evasive_recon_v1,evasive_recon_v1__4f691b2075fb,reconnaissance,T1046,5,5,2.3219,0.9024,0.0938,952.06,3617.84,0.1746,25,95,0.6488,1.4996,0.9116,0.1144,1.2548,3,0,0,1,0,0,0.2624,38.08,11.57,55.15,8862.67,9067.11,0,0.2095,1.9454,0,0
2026-08-27T20:08:58.581243+00:00,evasive_recon_v1,evasive_recon_v1__4f691b2075fb,reconnaissance,T1595.001,10,10,3.3219,0.8934,0.1182,3570.32,10591.96,0.2397,90,267,0.6654,1.2871,1.2207,0.1223,1.5877,7,1,0,2,0,0,0.3365,39.67,7.67,56.75,9027.36,7477.32,0,0.2285,0.5599,0,0
2026-08-27T20:09:03.581243+00:00,evasive_recon_v1,evasive_recon_v1__4f691b2075fb,reconnaissance,T1595.001,5,5,2.3219,0.8643,0.1182,371.26,1522.16,0.1973,10,41,0.9414,2.2857,0.9394,0.0826,1.1873,3,0,0,1,0,0,0.2393,37.13,6.64,45.31,8932.97,7718.56,0,0.1971,0.0,0,0
2026-08-27T20:09:08.581243+00:00,evasive_recon_v1,evasive_recon_v1__4f691b2075fb,reconnaissance,T1595.001,6,6,2.585,0.8899,0.0823,1411.67,4638.34,0.147,42,138,1.1194,2.8858,1.0454,0.0703,1.2562,4,0,0,1,0,0,0.3041,33.61,3.97,39.32,8109.83,5516.42,0,0.22,0.9163,0,0
2026-08-27T20:09:13.581243+00:00,evasive_recon_v1,evasive_recon_v1__4f691b2075fb,reconnaissance,T1595.001,3,3,1.585,0.8935,0.1013,677.21,3687.06,0.3662,18,98,0.6885,1.0852,1.0317,0.0793,1.2697,2,0,0,1,0,0,0.1833,37.62,2.33,39.66,7783.49,6454.51,0,0.2098,1.407,0,0
2026-08-27T20:09:18.581243+00:00,evasive_recon_v1,evasive_recon_v1__4f691b2075fb,reconnaissance,T1595.001,9,9,3.1699,0.9114,0.0897,2977.8,11722.14,0.1269,63,248,1.5918,3.6681,1.1563,0.1453,1.5923,6,1,0,2,0,0,0.254,47.27,10.76,65.07,8310.96,8582.5,0,0.1348,1.4503,0,0
2026-08-27T20:09:23.581243+00:00,evasive_recon_v1,evasive_recon_v1__4f691b2075fb,reconnaissance,T1595.001,6,6,2.585,0.9088,0.0692,1176.4,2418.17,0.2296,36,74,1.1303,2.3062,0.9705,0.1343,1.3735,4,0,0,1,0,0,0.485,32.68,11.33,56.0,7782.48,6871.34,0,0.2175,0.7181,0,0
2026-08-27T20:09:28.581243+00:00,evasive_recon_v1,evasive_recon_v1__4f691b2075fb,reconnaissance,T1595.001,6,6,2.6406,0.8918,0.0931,6430.41,19349.4375,0.2538,63,396,0.8414,1.516,0.9961,0.1442,1.4285,3,1,0,1,0,0,0.3408,153.4925,62.085,243.47,8638.96,8247.9875,0,0.1293,1.6835,0,0
2026-08-27T20:09:33.581243+00:00,evasive_recon_v1,evasive_recon_v1__4f691b2075fb,reconnaissance,T1595.001,2,2,1.0,0.9212,0.0834,714.65,1985.14,0.1797,18,50,0.8233,2.325,0.9563,0.0867,1.2163,1,0,0,0,0,0,0.3569,39.7,6.12,45.82,9759.02,8317.67,0,0.2125,1.0301,0,0
2026-08-27T20:09:38.581243+00:00,evasive_recon_v1,evasive_recon_v1__4f691b2075fb,reconnaissance,T1595.001,2,2,1.0,0.8856,0.1215,263.88,890.59,0.1802,8,27,1.3759,3.4516,1.0894,0.0681,1.2935,1,0,0,0,0,0,0.2938,32.98,9.6,42.59,7537.41,8961.66,0,0.2375,1.1209,0,0
2026-08-27T20:09:43.581243+00:00,evasive_recon_v1,evasive_recon_v1__4f691b2075fb,reconnaissance,T1595.001,6,6,2.6406,0.8525,0.1305,5043.3675,6581.2875,0.2609,27,62,0.5813,1.2152,0.985,0.1045,1.2984,3,1,0,2,0,0,0.4911,152.9,63.3225,241.5275,8148.1975,8786.5175,0,0.1335,1.9471,0,0
2026-08-27T20:09:48.581243+00:00,evasive_recon_v1,evasive_recon_v1__4f691b2075fb,reconnaissance,T1046,6,6,2.585,0.8161,0.1916,2031.7,8949.17,0.0748,42,185,1.5609,4.0878,1.0447,0.0735,1.2651,4,0,0,1,0,0,0.2267,48.37,11.57,73.4,8278.79,10059.33,0,0.2273,0.0,0,0
2026-08-27T20:09:53.581243+00:00,evasive_recon_v1,evasive_recon_v1__4f691b2075fb,reconnaissance,T1046,3,3,1.585,0.8817,0.1038,785.33,3174.05,0.2945,24,97,0.6203,0.9358,1.1248,0.0662,1.3232,2,0,0,0,0,0,0.2459,32.72,2.94,36.57,7971.22,7761.9,0,0.1694,0.7292,0,0
2026-08-27T20:09:58.581243+00:00,evasive_recon_v1,evasive_recon_v1__4f691b2075fb,reconnaissance,T1046,7,7,2.8074,0.8669,0.1634,1463.23,7650.62,0.1334,35,183,0.9596,1.7475,0.927,0.1204,1.2881,4,0,0,2,0,0,0.1904,41.81,8.94,55.93,7409.36,6720.06,0,0.2642,1.0373,0,0
2026-08-27T20:10:03.581243+00:00,evasive_recon_v1,evasive_recon_v1__4f691b2075fb,reconnaissance,T1046,1,1,0.0,0.8872,0.0816,309.48,3907.15,0.1331,8,101,1.269,1.6562,0.8663,0.0823,1.1133,0,0,0,0,0,0,0.0786,38.68,0.0,38.68,7840.14,7639.31,0,0.1853,0.771,0,0
2026-08-27T20:10:08.581243+00:00,evasive_recon_v1,evasive_recon_v1__4f691b2075fb,reconnaissance,T1046,8,8,3.0,0.9369,0.0871,2054.29,8045.95,0.2392,48,188,1.105,1.8932,1.307,0.1111,1.6403,5,0,0,2,0,0,0.2548,42.8,12.24,64.04,6827.72,7618.58,0,0.1489,1.0691,0,0
2026-08-27T20:10:13.581243+00:00,evasive_recon_v1,evasive_recon_v1__4f691b2075fb,reconnaissance,T1046,5,5,2.3219,0.8703,0.129,1655.02,5627.05,0.1733,45,153,1.0777,2.0383,1.128,0.1273,1.5099,3,0,0,1,0,0,0.2929,36.78,6.54,47.09,8465.78,8577.31,0,0.2256,0.6937,0,0
2026-08-27T20:10:18.581243+00:00,evasive_recon_v1,evasive_recon_v1__4f691b2075fb,reconnaissance,T1595.001,5,5,2.3219,0.8911,0.1236,2032.62,20030.53,0.1932,55,542,0.9591,1.2947,1.0622,0.1115,1.3966,3,0,0,1,0,0,0.1015,36.96,3.69,42.44,9314.02,8242.67,0,0.1906,0.9937,0,0
2026-08-27T20:10:23.581243+00:00,evasive_recon_v1,evasive_recon_v1__4f691b2075fb,reconnaissance,T1595.001,4,4,2.0,0.9365,0.0641,1261.4,3679.09,0.1726,36,105,1.0694,2.0413,0.8722,0.0512,1.0258,2,0,0,1,0,0,0.3396,35.04,8.81,47.35,9589.75,7669.05,0,0.19,0.4377,0,0
2026-08-27T20:10:28.581243+00:00,evasive_recon_v1,evasive_recon_v1__4f691b2075fb,reconnaissance,T1595.001,9,9,3.1699,0.9151,0.0972,1542.78,3771.24,0.145,45,110,1.2321,2.2014,1.108,0.1422,1.5347,6,0,0,2,0,0,0.4088,34.28,6.13,46.58,7741.35,8591.03,0,0.2213,1.0956,0,0
2026-08-27T20:10:33.581243+00:00,evasive_recon_v1,evasive_recon_v1__4f691b2075fb,reconnaissance,T1595.001,6,6,2.585,0.929,0.0789,1093.08,2687.16,0.1417,24,59,0.9949,2.5737,0.9049,0.0511,1.0582,4,0,0,1,0,0,0.4039,45.55,8.49,59.9,6451.7,9257.73,0,0.1776,0.4344,0,0
2026-08-27T20:10:38.581243+00:00,evasive_recon_v1,evasive_recon_v1__4f691b2075fb,reconnaissance,T1595.001,8,8,3.0,0.8839,0.1115,1615.66,6422.27,0.1797,40,159,1.4264,2.5264,0.8694,0.0558,1.0369,5,0,0,2,0,0,0.2511,40.39,8.24,53.51,9089.04,8553.47,0,0.2209,1.1146,0,0
2026-08-27T20:10:43.581243+00:00,evasive_recon_v1,evasive_recon_v1__4f691b2075fb,reconnaissance,T1595.001,7,7,2.8074,0.8682,0.127,1087.13,2135.44,0.1344,28,55,0.6335,1.3635,0.9264,0.0795,1.1649,4,0,0,1,0,0,0.5014,38.83,3.77,45.73,9005.11,7897.45,0,0.2039,0.7176,0,0
2026-08-27T20:10:48.581243+00:00,evasive_recon_v1,evasive_recon_v1__4f691b2075fb,reconnaissance,T1595.001,4,4,2.0,0.8855,0.1081,1245.19,3074.06,0.2318,32,79,0.9654,1.5661,1.0342,0.1036,1.345,2,0,0,1,0,0,0.4036,38.91,12.89,57.5,7784.81,8274.47,0,0.1779,0.5535,0,0
2026-08-27T20:10:53.581243+00:00,evasive_recon_v1,evasive_recon_v1__4f691b2075fb,reconnaissance,T1595.001,4,4,2.0,0.853,0.1691,834.22,17275.33,0.0256,24,497,0.8713,1.0905,0.8427,0.118,1.1967,2,0,0,1,0,0,0.0482,34.76,10.02,49.01,6509.34,7485.18,0,0.2397,2.1943,0,0
2026-08-27T20:10:58.581243+00:00,evasive_recon_v1,evasive_recon_v1__4f691b2075fb,reconnaissance,T1595.001,4,4,2.0,0.8924,0.1044,1558.12,4401.68,0.1149,40,113,1.0622,2.1226,0.9262,0.0934,1.2065,2,0,0,1,0,0,0.3521,38.95,6.64,45.61,6857.19,9319.81,0,0.195,1.2808,0,0
2026-08-27T20:11:03.581243+00:00,evasive_recon_v1,evasive_recon_v1__4f691b2075fb,reconnaissance,T1595.001,5,5,2.3219,0.8878,0.1148,890.64,2956.92,0.1385,25,83,1.0139,2.921,1.1062,0.0987,1.4023,3,0,0,1,0,0,0.2986,35.63,3.96,42.16,8236.48,8218.43,0,0.1882,1.0363,0,0
2026-08-27T20:11:08.581243+00:00,evasive_recon_v1,evasive_recon_v1__4f691b2075fb,reconnaissance,T1046,6,6,2.4433,0.8439,0.1603,5458.1625,7202.385,0.3148,39,80,0.7832,1.8193,0.952,0.1092,1.2797,2,1,0,1,0,0,0.5515,152.0675,65.9625,249.0575,8427.5725,7721.0525,0,0.1307,1.3378,0,0
2026-08-27T20:11:13.581243+00:00,evasive_recon_v1,evasive_recon_v1__4f691b2075fb,reconnaissance,T1046,3,3,1.585,0.86,0.1482,517.0,1507.9,0.0557,12,35,0.9281,1.4037,1.0053,0.1073,1.3273,2,0,0,0,0,0,0.3409,43.08,13.57,62.09,8915.89,6859.86,0,0.1371,0.1718,0,0
2026-08-27T20:11:18.581243+00:00,evasive_recon_v1,evasive_recon_v1__4f691b2075fb,reconnaissance,T1046,2,2,1.0,0.9213,0.0787,404.09,1868.91,0.2159,8,37,1.1551,1.5078,1.0703,0.0709,1.2829,1,0,0,0,0,0,0.2127,50.51,4.66,55.17,9138.29,8791.72,0,0.241,1.6,0,0
2026-08-27T20:11:23.581243+00:00,evasive_recon_v1,evasive_recon_v1__4f691b2075fb,reconnaissance,T1046,4,4,2.0,0.8939,0.1386,1006.32,5211.31,0.1984,28,145,1.3223,3.524,1.0508,0.133,1.4497,2,0,0,1,0,0,0.1926,35.94,5.7,43.33,11183.24,7501.13,0,0.1786,0.6423,0,0
2026-08-27T20:11:28.581243+00:00,evasive_recon_v1,evasive_recon_v1__4f691b2075fb,reconnaissance,T1046,8,8,2.9518,0.8797,0.0969,6171.555,11006.3625,0.2545,57,180,0.9364,1.7248,0.8893,0.0817,1.1345,4,1,0,2,0,0,0.4474,153.0275,63.0525,243.8225,7678.0675,8501.0675,0,0.1577,2.189,0,0
2026-08-27T20:11:33.581243+00:00,evasive_recon_v1,evasive_recon_v1__4f691b2075fb,reconnaissance,T1046,8,8,3.0793,0.8986,0.0931,6276.9225,10620.27,0.2707,49,137,1.2267,2.7247,1.0376,0.1099,1.3675,4,1,0,2,0,0,0.4736,160.1825,65.985,254.7875,8728.3,5955.8075,0,0.1899,1.2961,0,0
2026-08-27T20:11:38.581243+00:00,evasive_recon_v1,evasive_recon_v1__4f691b2075fb,reconnaissance,T1046,6,6,2.585,0.9132,0.067,762.5,2096.89,0.254,24,66,0.7399,2.0864,1.0019,0.1452,1.4374,4,0,0,1,0,0,0.3586,31.77,5.4,41.74,8471.46,8261.52,0,0.2396,1.0655,0,0
2026-08-27T20:11:43.581243+00:00,evasive_recon_v1,evasive_recon_v1__4f691b2075fb,reconnaissance,T1046,3,3,1.585,0.8758,0.149,418.92,977.48,0.1149,12,28,0.7394,1.0439,1.0667,0.1159,1.4145,2,0,0,0,0,0,0.4171,34.91,3.44,39.77,8164.76,8919.01,0,0.1717,0.8749,0,0
2026-08-27T20:11:48.581243+00:00,evasive_recon_v1,evasive_recon_v1__4f691b2075fb,reconnaissance,T1595.001,5,5,2.3219,0.9209,0.0806,1174.58,5027.22,0.1996,25,107,0.6286,1.77,1.0085,0.0862,1.2672,3,0,0,1,0,0,0.2318,46.98,11.27,66.39,6780.6,5982.72,0,0.2366,1.3998,0,0
2026-08-27T20:11:53.581243+00:00,evasive_recon_v1,evasive_recon_v1__4f691b2075fb,reconnaissance,T1595.001,1,1,0.0,0.8952,0.092,134.35,859.81,0.2009,5,32,0.6239,1.767,0.9945,0.0543,1.1573,0,0,0,0,0,0,0.1528,26.87,0.0,26.87,6417.11,7883.1,0,0.2596,1.0044,0,0
2026-08-27T20:11:58.581243+00:00,evasive_recon_v1,evasive_recon_v1__4f691b2075fb,reconnaissance,T1595.001,10,10,3.3219,0.9012,0.1355,2764.68,9353.84,0.2588,60,203,1.4741,1.9564,1.2735,0.083,1.5224,6,1,0,2,0,0,0.2944,46.08,8.23,61.09,9702.44,6823.35,0,0.2568,0.7738,0,0
2026-08-27T20:12:03.581243+00:00,evasive_recon_v1,evasive_recon_v1__4f691b2075fb,reconnaissance,T1595.001,3,3,1.4518,0.8674,0.0951,4832.655,5411.985,0.2612,19,27,0.6104,1.2947,1.099,0.136,1.5068,1,1,0,0,0,0,0.671,157.85,66.24,247.8275,8617.135,8080.1075,0,0.1796,1.9774,0,0
2026-08-27T20:12:08.581243+00:00,evasive_recon_v1,evasive_recon_v1__4f691b2075fb,reconnaissance,T1595.001,3,3,1.585,0.8877,0.1321,1447.11,4100.15,0.2439,30,85,0.8565,1.7387,1.1221,0.0711,1.3354,2,0,0,0,0,0,0.3527,48.24,1.62,49.65,6408.24,8239.97,0,0.2183,1.5808,0,0
2026-08-27T20:12:13.581243+00:00,evasive_recon_v1,evasive_recon_v1__4f691b2075fb,reconnaissance,T1595.001,4,4,1.8906,0.8824,0.1276,4978.14,6759.4725,0.2364,24,65,1.0686,2.9782,0.998,0.146,1.436,2,1,0,1,0,0,0.4463,153.7925,61.62,240.275,7471.4125,8914.9775,0,0.1519,1.5527,0,0
2026-08-27T20:12:18.581243+00:00,evasive_recon_v1,evasive_recon_v1__4f691b2075fb,reconnaissance,T1595.001,6,6,2.6406,0.8638,0.0936,4945.5,6949.8,0.3112,22,64,0.6018,1.544,1.0,0.0987,1.2961,3,1,0,1,0,0,0.4196,156.7925,60.7725,245.1125,7272.64,7678.6325,0,0.178,1.7868,0,0
2026-08-27T20:12:23.581243+00:00,evasive_recon_v1,evasive_recon_v1__4f691b2075fb,reconnaissance,T1595.001,7,7,2.8074,0.9212,0.0718,1346.23,5192.61,0.1783,35,135,1.4019,2.0442,0.9419,0.1219,1.3076,4,0,0,1,0,0,0.2578,38.46,5.19,45.01,7715.55,7646.14,0,0.2341,1.3505,0,0
2026-08-27T20:12:28.581243+00:00,evasive_recon_v1,evasive_recon_v1__4f691b2075fb,reconnaissance,T1595.001,9,9,3.1699,0.9636,0.0388,2238.77,6538.62,0.1796,63,184,0.5913,1.3593,0.9149,0.1015,1.2195,6,1,0,2,0,0,0.3416,35.54,6.42,44.26,8719.43,7720.15,0,0.2016,1.389,0,0
2026-08-27T20:12:33.581243+00:00,evasive_recon_v1,evasive_recon_v1__4f691b2075fb,reconnaissance,T1595.001,7,7,2.8074,0.8736,0.099,1768.31,3753.14,0.12,49,104,1.2499,2.2087,0.9553,0.0965,1.2448,4,0,0,2,0,0,0.4696,36.09,9.59,51.57,7526.45,8988.17,0,0.1847,1.5724,0,0
2026-08-27T20:12:38.581243+00:00,evasive_recon_v1,evasive_recon_v1__4f691b2075fb,reconnaissance,T1595.001,6,6,2.585,0.874,0.1278,2857.12,9722.15,0.2049,72,245,0.8021,2.1446,0.8428,0.1047,1.1568,4,0,0,1,0,0,0.2927,39.68,4.98,45.65,5865.1,7709.89,0,0.2022,0.9672,0,0
2026-08-27T20:12:43.581243+00:00,evasive_recon_v1,evasive_recon_v1__4f691b2075fb,reconnaissance,T1046,5,5,2.3219,0.866,0.1233,1325.34,4727.05,0.231,30,107,1.2487,1.8568,0.9688,0.0648,1.1632,3,0,0,1,0,0,0.2797,44.18,14.01,64.35,8270.3,8022.74,0,0.1687,0.9701,0,0
2026-08-27T20:12:48.581243+00:00,evasive_recon_v1,evasive_recon_v1__4f691b2075fb,reconnaissance,T1046,8,8,3.0,0.9563,0.0631,3633.59,37812.06,0.2932,96,999,1.2426,3.0223,1.137,0.0735,1.3573,5,0,0,2,0,0,0.0961,37.85,9.45,57.54,9279.97,7852.52,0,0.2227,0.3241,0,0
2026-08-27T20:12:53.581243+00:00,evasive_recon_v1,evasive_recon_v1__4f691b2075fb,reconnaissance,T1046,3,3,1.585,0.9133,0.0934,500.95,2003.81,0.2311,12,48,0.9062,1.4461,1.1404,0.1299,1.5303,2,0,0,0,0,0,0.2469,41.75,10.02,54.18,8221.95,8799.33,0,0.219,0.6788,0,0
2026-08-27T20:12:58.581243+00:00,evasive_recon_v1,evasive_recon_v1__4f691b2075fb,reconnaissance,T1046,4,4,2.0,0.8545,0.16,1784.58,3519.59,0.1921,36,71,0.7831,1.4398,1.0329,0.0756,1.2596,2,0,0,1,0,0,0.5056,49.57,9.35,60.68,8591.48,8269.99,0,0.1587,0.5137,0,0
2026-08-27T20:13:03.581243+00:00,evasive_recon_v1,evasive_recon_v1__4f691b2075fb,reconnaissance,T1046,3,3,1.585,0.917,0.0747,808.93,1848.99,0.2233,21,48,0.8342,1.7263,0.893,0.1127,1.231,2,0,0,0,0,0,0.4355,38.52,4.73,44.94,7698.79,6418.82,0,0.2151,0.7617,0,0
2026-08-27T20:13:08.581243+00:00,evasive_recon_v1,evasive_recon_v1__4f691b2075fb,reconnaissance,T1046,7,7,2.8074,0.9152,0.0844,958.77,2465.42,0.2505,28,72,0.6496,1.5275,0.913,0.0526,1.0708,4,0,0,2,0,0,0.3888,34.24,6.46,48.45,6398.31,7328.42,0,0.2359,0.4924,0,0
2026-08-27T20:13:13.581243+00:00,evasive_recon_v1,evasive_recon_v1__4f691b2075fb,reconnaissance,T1595.001,6,6,2.585,0.8954,0.1177,2024.45,6537.29,0.2319,48,155,1.3328,3.2168,1.308,0.1155,1.6546,4,0,0,1,0,0,0.3088,42.18,6.6,50.08,8061.86,8070.93,0,0.1975,1.6816,0,0
2026-08-27T20:13:18.581243+00:00,evasive_recon_v1,evasive_recon_v1__4f691b2075fb,reconnaissance,T1595.001,5,5,2.3219,0.919,0.0784,1497.39,4542.07,0.1948,30,91,0.8767,1.3929,1.0121,0.1002,1.3126,3,0,0,1,0,0,0.3263,49.91,18.88,82.11,7660.18,8566.36,0,0.2275,0.4782,0,0
2026-08-27T20:13:23.581243+00:00,evasive_recon_v1,evasive_recon_v1__4f691b2075fb,reconnaissance,T1595.001,4,4,2.0,0.8965,0.1216,585.37,2195.14,0.0635,16,60,1.2524,2.3771,1.1222,0.1117,1.4575,2,0,0,1,0,0,0.2643,36.59,10.33,53.85,5548.12,8137.56,0,0.1485,0.8789,0,0
2026-08-27T20:13:28.581243+00:00,evasive_recon_v1,evasive_recon_v1__4f691b2075fb,reconnaissance,T1595.001,5,5,2.3219,0.8785,0.1306,992.2,2540.04,0.1684,25,64,1.0434,2.873,1.1204,0.0579,1.2942,3,0,0,1,0,0,0.3893,39.69,6.99,52.8,8076.78,8332.56,0,0.1943,1.1295,0,0
2026-08-27T20:13:33.581243+00:00,evasive_recon_v1,evasive_recon_v1__4f691b2075fb,reconnaissance,T1595.001,9,9,3.1699,0.8532,0.1311,3149.95,10616.48,0.2864,81,273,0.8274,1.1201,1.024,0.0841,1.2762,6,0,0,2,0,0,0.2958,38.89,7.76,55.24,7087.04,7399.64,0,0.1992,0.99,0,0
2026-08-27T20:13:38.581243+00:00,evasive_recon_v1,evasive_recon_v1__4f691b2075fb,reconnaissance,T1595.001,5,5,2.3219,0.8815,0.1344,2023.71,7555.2,0.3006,45,168,0.9235,2.6707,0.7735,0.0469,0.9143,3,0,0,1,0,0,0.2666,44.97,16.22,68.01,7694.94,7606.7,0,0.2011,0.973,0,0
2026-08-27T20:13:43.581243+00:00,evasive_recon_v1,evasive_recon_v1__4f691b2075fb,reconnaissance,T1046,6,6,2.585,0.8764,0.1095,1146.18,2712.62,0.1403,30,71,0.6508,1.6717,0.9276,0.0823,1.1746,4,0,0,1,0,0,0.4188,38.21,5.77,47.37,8183.77,7992.17,0,0.2078,2.003,0,0
2026-08-27T20:13:48.581243+00:00,evasive_recon_v1,evasive_recon_v1__4f691b2075fb,reconnaissance,T1046,3,3,1.585,0.8588,0.155,276.41,552.81,0.1987,6,12,0.9132,1.5151,1.1754,0.1296,1.5643,2,0,0,0,0,0,0.4907,46.07,12.19,63.29,9382.98,6113.77,0,0.2333,0.8077,0,0
2026-08-27T20:13:53.581243+00:00,evasive_recon_v1,evasive_recon_v1__4f691b2075fb,reconnaissance,T1046,12,12,3.585,0.8875,0.1035,2152.84,9293.09,0.167,60,259,0.5514,1.1027,0.8299,0.0938,1.1112,7,1,0,3,0,0,0.2308,35.88,5.66,48.6,7874.15,7125.71,0,0.2086,1.0948,0,0
2026-08-27T20:13:58.581243+00:00,evasive_recon_v1,evasive_recon_v1__4f691b2075fb,reconnaissance,T1046,4,4,2.0,0.8527,0.1066,1328.45,2781.44,0.153,32,67,1.3507,3.8494,1.1333,0.1302,1.5239,2,0,0,1,0,0,0.4743,41.51,6.07,48.71,8829.6,8762.35,0,0.1746,0.7652,0,0
2026-08-27T20:14:03.581243+00:00,evasive_recon_v1,evasive_recon_v1__4f691b2075fb,reconnaissance,T1595.001,3,3,1.585,0.8931,0.1024,990.91,4907.37,0.2388,21,104,1.0523,1.5913,0.9528,0.1248,1.3271,2,0,0,0,0,0,0.2017,47.19,9.19,58.93,8545.83,8907.08,0,0.1842,1.5239,0,0
2026-08-27T20:14:08.581243+00:00,evasive_recon_v1,evasive_recon_v1__4f691b2075fb,reconnaissance,T1595.001,5,5,2.3219,0.912,0.0672,1607.73,4547.59,0.2036,35,99,1.1951,2.1248,0.9406,0.1235,1.311,3,0,0,1,0,0,0.3523,45.94,7.25,55.9,7129.72,8512.84,0,0.1867,1.3439,0,0
2026-08-27T20:14:13.581243+00:00,evasive_recon_v1,evasive_recon_v1__4f691b2075fb,reconnaissance,T1595.001,6,6,2.585,0.9373,0.0582,869.1,3548.81,0.1751,24,98,0.5638,1.6661,0.8852,0.0639,1.0769,4,0,0,1,0,0,0.2438,36.21,9.52,54.72,8027.92,7675.5,0,0.2134,0.9102,0,0
2026-08-27T20:14:18.581243+00:00,evasive_recon_v1,evasive_recon_v1__4f691b2075fb,reconnaissance,T1595.001,5,5,2.3219,0.9113,0.0841,1001.92,4642.24,0.2616,30,139,0.6638,1.8813,1.0586,0.1278,1.4419,3,0,0,1,0,0,0.2143,33.4,7.84,43.19,6932.27,7793.67,0,0.1814,1.8364,0,0
2026-08-27T20:14:23.581243+00:00,evasive_recon_v1,evasive_recon_v1__4f691b2075fb,reconnaissance,T1595.001,3,3,1.585,0.9566,0.0187,189.72,442.67,0.1623,6,14,1.3799,2.977,0.9134,0.0777,1.1465,2,0,0,0,0,0,0.4043,31.62,6.78,40.81,6704.27,7514.02,0,0.2336,0.9494,0,0
2026-08-27T20:14:28.581243+00:00,evasive_recon_v1,evasive_recon_v1__4f691b2075fb,reconnaissance,T1595.001,4,4,1.8906,0.9484,0.0383,4720.5825,6041.4975,0.3383,20,55,0.7412,1.6693,1.1571,0.1096,1.4859,2,1,0,0,0,0,0.4179,148.1825,61.7775,235.565,9050.845,8161.5875,0,0.1687,1.1675,0,0
2026-08-27T20:14:33.581243+00:00,evasive_recon_v1,evasive_recon_v1__4f691b2075fb,reconnaissance,T1595.001,6,6,2.585,0.8942,0.1002,1336.54,5836.22,0.1052,30,131,0.6402,0.8105,0.9034,0.1281,1.2877,4,0,0,1,0,0,0.2278,44.55,11.05,59.9,8660.12,6224.82,0,0.2144,1.7075,0,0
2026-08-27T20:14:38.581243+00:00,evasive_recon_v1,evasive_recon_v1__4f691b2075fb,reconnaissance,T1595.001,3,3,1.585,0.9095,0.0824,517.47,1811.13,0.2359,12,42,1.4676,3.1057,1.1524,0.1225,1.5197,2,0,0,0,0,0,0.2853,43.12,12.0,60.09,7871.9,6655.2,0,0.2261,0.9786,0,0
2026-08-27T20:14:43.581243+00:00,evasive_recon_v1,evasive_recon_v1__4f691b2075fb,reconnaissance,T1595.001,8,8,3.0,0.9267,0.0275,1662.97,10740.0,0.177,48,310,1.2534,2.1104,1.2262,0.1421,1.6524,5,1,0,2,0,0,0.1545,34.65,6.75,45.39,8901.11,7972.53,0,0.2118,0.8496,0,0
2026-08-27T20:14:48.581243+00:00,evasive_recon_v1,evasive_recon_v1__4f691b2075fb,reconnaissance,T1595.001,6,6,2.585,0.886,0.0855,1588.63,4690.24,0.2524,42,124,0.5172,0.6516,0.9129,0.1298,1.3023,4,0,0,1,0,0,0.3379,37.82,15.92,63.01,8838.54,8208.96,0,0.2517,1.4202,0,0
2026-08-27T20:14:53.581243+00:00,evasive_recon_v1,evasive_recon_v1__4f691b2075fb,reconnaissance,T1595.001,5,5,2.2018,0.9239,0.0797,5035.8975,6249.345,0.2722,24,46,0.7898,1.788,0.9828,0.1246,1.3565,2,1,0,1,0,0,0.5386,158.1275,60.945,244.565,9227.8975,7391.5325,0,0.1776,1.8158,0,0
2026-08-27T20:14:58.581243+00:00,evasive_recon_v1,evasive_recon_v1__4f691b2075fb,reconnaissance,T1046,6,6,2.585,0.9195,0.1111,1063.8,5008.72,0.2496,24,113,0.8047,2.1565,0.9924,0.1255,1.3691,4,0,0,1,0,0,0.2117,44.32,15.23,70.3,6952.79,8277.49,0,0.2137,0.6354,0,0
2026-08-27T20:15:03.581243+00:00,evasive_recon_v1,evasive_recon_v1__4f691b2075fb,reconnaissance,T1046,7,7,2.8074,0.8478,0.1715,658.01,1660.68,0.1831,21,53,0.6069,0.862,0.9025,0.0482,1.0471,5,0,0,2,0,0,0.3947,31.33,4.91,37.33,9995.12,7345.7,0,0.2363,1.0591,0,0
2026-08-27T20:15:08.581243+00:00,evasive_recon_v1,evasive_recon_v1__4f691b2075fb,reconnaissance,T1046,3,3,1.585,0.8223,0.1885,943.91,1842.87,0.1999,21,41,0.8651,1.676,0.8669,0.1022,1.1734,2,0,0,0,0,0,0.5121,44.95,13.81,63.6,6501.09,8272.45,0,0.1846,1.5068,0,0
2026-08-27T20:15:13.581243+00:00,evasive_recon_v1,evasive_recon_v1__4f691b2075fb,reconnaissance,T1046,5,5,2.2018,0.8769,0.1331,4666.0725,5824.7325,0.3125,18,46,0.9743,1.5909,0.9363,0.1158,1.2837,2,1,0,1,0,0,0.4191,149.4575,59.9475,233.375,6521.9425,7966.6625,0,0.2074,0.7973,0,0
2026-08-27T20:15:18.581243+00:00,evasive_recon_v1,evasive_recon_v1__4f691b2075fb,reconnaissance,T1046,2,2,1.0,0.8737,0.1496,775.99,2832.36,0.2984,20,73,1.3203,1.7078,1.0672,0.0538,1.2285,1,0,0,0,0,0,0.2721,38.8,12.93,51.73,7241.63,8040.01,0,0.2489,0.8609,0,0
2026-08-27T20:15:23.581243+00:00,evasive_recon_v1,evasive_recon_v1__4f691b2075fb,reconnaissance,T1595.001,6,6,2.6406,0.8904,0.1119,4832.0925,5696.28,0.3172,22,41,0.9497,2.231,0.9389,0.1069,1.2595,3,1,0,1,0,0,0.55,150.4925,61.26,240.02,9257.3125,8153.4125,0,0.1638,0.9626,0,0
2026-08-27T20:15:28.581243+00:00,evasive_recon_v1,evasive_recon_v1__4f691b2075fb,reconnaissance,T1595.001,11,11,3.4594,0.9007,0.088,1392.96,3292.46,0.1355,33,78,1.465,2.4163,0.9933,0.1171,1.3446,7,0,0,3,0,0,0.4202,42.21,9.84,59.78,9637.9,6805.9,0,0.2112,1.5022,0,0
2026-08-27T20:15:33.581243+00:00,evasive_recon_v1,evasive_recon_v1__4f691b2075fb,reconnaissance,T1595.001,3,3,1.585,0.893,0.1179,462.28,1040.13,0.1618,12,27,0.8661,1.8641,1.2408,0.1013,1.5446,1,0,0,0,0,0,0.4318,38.52,5.51,43.44,8369.69,9452.19,0,0.1459,1.0333,0,0
2026-08-27T20:15:38.581243+00:00,evasive_recon_v1,evasive_recon_v1__4f691b2075fb,reconnaissance,T1595.001,0,0,0.0,0.9498,0.0566,0.0,0.0,0.3012,0,0,1.0432,1.5961,0.9608,0.1376,1.3736,0,0,0,0,0,0,0.1599,36.7,0.0,36.7,7913.41,7435.96,0,0.1932,1.2543,0,0
2026-08-27T20:15:43.581243+00:00,evasive_recon_v1,evasive_recon_v1__4f691b2075fb,reconnaissance,T1595.001,4,4,2.0,0.8984,0.1052,363.19,1240.88,0.248,12,41,0.6424,1.4892,1.1135,0.1503,1.5644,2,0,0,1,0,0,0.2915,30.27,2.38,33.9,8148.91,9301.88,0,0.1832,0.9786,0,0
2026-08-27T20:15:48.581243+00:00,evasive_recon_v1,evasive_recon_v1__4f691b2075fb,reconnaissance,T1595.001,6,6,2.4433,0.8653,0.1411,4871.565,5588.265,0.2495,20,31,0.8865,2.2115,0.7588,0.0684,0.9639,2,1,0,1,0,0,0.6215,158.2475,66.84,254.93,9614.545,7369.8425,0,0.139,1.9277,0,0
2026-08-27T20:15:53.581243+00:00,evasive_recon_v1,evasive_recon_v1__4f691b2075fb,reconnaissance,T1595.001,6,6,2.4433,0.9264,0.0686,5439.225,11882.9625,0.2354,31,162,0.6666,1.1345,1.0797,0.1111,1.4128,2,1,0,1,0,0,0.3462,160.49,66.03,252.2975,7459.9525,7891.28,0,0.132,1.7909,0,0
2026-08-27T20:15:58.581243+00:00,evasive_recon_v1,evasive_recon_v1__4f691b2075fb,reconnaissance,T1595.001,7,7,2.8074,0.9016,0.1104,1532.01,10592.77,0.24,35,242,1.122,1.3933,0.9165,0.135,1.3215,5,0,0,2,0,0,0.1443,43.77,6.72,54.04,9568.49,7480.32,0,0.2027,0.3743,0,0
2026-08-27T20:16:03.581243+00:00,evasive_recon_v1,evasive_recon_v1__4f691b2075fb,reconnaissance,T1046,7,7,2.8074,0.8879,0.1234,1041.11,4350.36,0.1942,28,117,1.0533,2.8832,1.2422,0.0913,1.516,4,0,0,2,0,0,0.2383,37.18,3.86,42.2,8771.39,8440.01,0,0.2274,1.1388,0,0
2026-08-27T20:16:08.581243+00:00,evasive_recon_v1,evasive_recon_v1__4f691b2075fb,reconnaissance,T1046,2,2,1.0,0.8823,0.0748,759.86,2279.57,0.1841,22,66,1.2499,2.3377,1.0398,0.0957,1.3269,1,0,0,0,0,0,0.3295,34.54,0.13,34.67,8240.27,8991.34,0,0.1874,0.787,0,0
2026-08-27T20:16:13.581243+00:00,evasive_recon_v1,evasive_recon_v1__4f691b2075fb,reconnaissance,T1046,6,6,2.585,0.9014,0.0633,434.1,1700.23,0.1627,12,47,1.282,2.7482,0.9223,0.0741,1.1446,4,0,0,2,0,0,0.2523,36.18,14.79,68.52,9300.65,9967.67,0,0.2508,1.2226,0,0
2026-08-27T20:16:18.581243+00:00,evasive_recon_v1,evasive_recon_v1__4f691b2075fb,reconnaissance,T1046,7,7,2.8074,0.9248,0.0615,6637.92,10352.3925,0.2715,61,142,0.793,1.9964,1.0036,0.1203,1.3644,4,1,0,2,0,0,0.5321,157.2725,65.1375,248.6,7805.68,7824.08,0,0.1497,1.4498,0,0
2026-08-27T20:16:23.581243+00:00,evasive_recon_v1,evasive_recon_v1__4f691b2075fb,reconnaissance,T1046,1,1,0.0,0.9005,0.1302,123.82,495.29,0.1686,4,16,1.2855,2.7756,0.6451,0.0713,0.8589,0,0,0,0,0,0,0.2397,30.96,0.0,30.96,9203.67,7460.93,0,0.2348,0.5954,0,0
2026-08-27T20:16:28.581243+00:00,evasive_recon_v1,evasive_recon_v1__4f691b2075fb,reconnaissance,T1046,6,6,2.4433,0.8687,0.1439,5107.9275,9865.8675,0.2625,28,143,0.8379,1.7089,1.0897,0.0805,1.3312,2,1,0,1,0,0,0.341,154.3625,60.63,241.55,8100.58,8221.7525,0,0.1411,1.9286,0,0
2026-08-27T20:16:33.581243+00:00,evasive_recon_v1,evasive_recon_v1__4f691b2075fb,reconnaissance,T1046,3,3,1.585,0.9027,0.1083,475.76,1162.96,0.2703,9,22,0.5544,1.3298,1.349,0.1301,1.7392,2,0,0,0,0,0,0.4036,52.86,27.17,90.84,6226.73,8146.09,0,0.1917,0.7902,0,0
2026-08-27T20:16:38.581243+00:00,evasive_recon_v1,evasive_recon_v1__4f691b2075fb,reconnaissance,T1595.001,5,5,2.3219,0.8794,0.1142,455.82,1701.71,0.254,15,56,1.0104,2.4421,0.81,0.0559,0.9776,3,0,0,1,0,0,0.2632,30.39,6.65,38.56,7618.39,9408.93,0,0.2117,0.7821,0,0
2026-08-27T20:16:43.581243+00:00,evasive_recon_v1,evasive_recon_v1__4f691b2075fb,reconnaissance,T1595.001,7,7,2.8074,0.8715,0.1344,913.13,3565.55,0.1439,21,82,0.8601,1.7392,1.0194,0.1384,1.4346,4,1,0,2,0,0,0.2551,43.48,9.05,53.12,9725.26,8747.27,0,0.2157,0.4758,0,0
2026-08-27T20:16:48.581243+00:00,evasive_recon_v1,evasive_recon_v1__4f691b2075fb,reconnaissance,T1595.001,3,3,1.585,0.8951,0.1227,148.0,444.01,0.1981,3,9,0.6375,1.6234,0.9532,0.1093,1.2811,2,0,0,0,0,0,0.3066,49.33,12.97,67.68,6792.75,7440.46,0,0.221,1.6039,0,0
2026-08-27T20:16:53.581243+00:00,evasive_recon_v1,evasive_recon_v1__4f691b2075fb,reconnaissance,T1595.001,4,4,2.0,0.9132,0.0851,880.16,2068.38,0.2049,20,47,0.5634,1.2089,0.9423,0.1007,1.2445,2,0,0,1,0,0,0.4219,44.01,12.18,65.11,8713.81,7763.56,0,0.182,0.4127,0,0
2026-08-27T20:16:58.581243+00:00,evasive_recon_v1,evasive_recon_v1__4f691b2075fb,reconnaissance,T1595.001,5,5,2.3219,0.9414,0.0992,760.65,3681.56,0.1808,25,121,0.6618,1.2619,1.0338,0.1059,1.3515,3,0,0,1,0,0,0.2053,30.43,5.88,40.75,8622.55,9040.26,0,0.1719,1.306,0,0
2026-08-27T20:17:03.581243+00:00,evasive_recon_v1,evasive_recon_v1__4f691b2075fb,reconnaissance,T1595.001,4,4,2.0,0.9209,0.0655,833.07,3915.43,0.1704,20,94,0.5456,0.9281,0.8661,0.0746,1.09,2,0,0,1,0,0,0.2121,41.65,9.07,51.23,7054.79,6706.8,0,0.2356,1.1082,0,0
2026-08-27T20:17:08.581243+00:00,evasive_recon_v1,evasive_recon_v1__4f691b2075fb,reconnaissance,T1595.001,5,5,2.2018,0.8925,0.0969,5448.945,8871.795,0.2581,36,116,1.2471,3.1494,1.151,0.1119,1.4868,2,1,0,1,0,0,0.4254,154.8275,64.6275,248.315,8013.805,7255.085,0,0.1564,1.9195,0,0
2026-08-27T20:17:13.581243+00:00,evasive_recon_v1,evasive_recon_v1__4f691b2075fb,reconnaissance,T1595.001,3,3,1.585,0.9127,0.057,1061.37,9304.64,0.1586,30,263,0.7034,1.4296,1.0862,0.0868,1.3464,2,0,0,0,0,0,0.114,35.38,10.13,47.51,8099.48,8945.83,0,0.1545,1.298,0,0
2026-08-27T20:17:18.581243+00:00,evasive_recon_v1,evasive_recon_v1__4f691b2075fb,reconnaissance,T1595.001,6,6,2.585,0.9086,0.0712,1096.18,10340.65,0.1179,30,283,1.3882,3.1108,1.0053,0.1131,1.3446,4,0,0,1,0,0,0.1058,36.54,10.2,46.47,8120.78,7279.19,0,0.1637,1.4949,0,0
2026-08-27T20:17:23.581243+00:00,evasive_recon_v1,evasive_recon_v1__4f691b2075fb,reconnaissance,T1595.001,3,3,1.585,0.9178,0.0983,808.72,2618.72,0.2219,21,68,0.6902,1.4699,1.2721,0.0715,1.4866,2,0,0,0,0,0,0.3076,38.51,5.9,46.4,4610.94,9216.96,0,0.2119,1.0037,0,0
2026-08-27T20:17:28.581243+00:00,evasive_recon_v1,evasive_recon_v1__4f691b2075fb,reconnaissance,T1595.001,6,6,2.585,0.8655,0.0824,1974.76,4325.67,0.2004,42,92,1.3573,3.5237,1.0211,0.1357,1.4283,4,0,0,1,0,0,0.4558,47.02,13.08,65.36,7869.56,6734.74,0,0.2087,1.0507,0,0
2026-08-27T20:17:33.581243+00:00,evasive_recon_v1,evasive_recon_v1__4f691b2075fb,reconnaissance,T1046,7,7,2.8074,0.8992,0.1248,1490.0,8478.8,0.2487,42,239,0.7136,1.9576,1.0554,0.1181,1.4097,5,0,0,1,0,0,0.1753,35.48,4.15,41.14,9111.97,7403.67,0,0.2437,2.1516,0,0
2026-08-27T20:17:38.581243+00:00,evasive_recon_v1,evasive_recon_v1__4f691b2075fb,reconnaissance,T1046,3,3,1.585,0.8459,0.168,1006.77,2405.07,0.2426,18,43,0.7492,2.0474,1.0566,0.1403,1.4776,2,0,0,0,0,0,0.4161,55.93,12.04,71.07,8859.52,8112.96,0,0.1844,1.3553,0,0
2026-08-27T20:17:43.581243+00:00,evasive_recon_v1,evasive_recon_v1__4f691b2075fb,reconnaissance,T1046,3,3,1.585,0.8826,0.0804,257.33,1372.45,0.2999,9,48,1.0106,2.0817,0.9491,0.1287,1.3351,2,0,0,0,0,0,0.1846,28.59,6.29,34.45,7903.49,10556.78,0,0.2249,0.8538,0,0
2026-08-27T20:17:48.581243+00:00,evasive_recon_v1,evasive_recon_v1__4f691b2075fb,reconnaissance,T1046,6,6,2.585,0.9212,0.0657,1439.2,7435.87,0.1866,30,155,0.626,0.9273,0.7712,0.0547,0.9353,4,0,0,1,0,0,0.1933,47.97,4.15,53.27,7653.55,7857.32,0,0.2161,0.8088,0,0
2026-08-27T20:17:53.581243+00:00,evasive_recon_v1,evasive_recon_v1__4f691b2075fb,reconnaissance,T1046,6,6,2.6406,0.8826,0.116,5104.8375,7897.545,0.2928,31,110,1.1646,2.9944,0.9847,0.1033,1.2947,3,1,0,1,0,0,0.4027,149.345,62.5425,238.8575,9155.215,7582.985,0,0.2117,1.8866,0,0
2026-08-27T20:17:58.581243+00:00,evasive_recon_v1,evasive_recon_v1__4f691b2075fb,reconnaissance,T1046,4,4,2.0,0.9027,0.1223,333.31,1541.57,0.146,8,37,1.2348,2.4845,0.9933,0.1409,1.4159,2,0,0,1,0,0,0.2106,41.66,6.36,52.41,7259.93,8134.25,0,0.1759,0.0,0,0
2026-08-27T20:18:03.581243+00:00,evasive_recon_v1,evasive_recon_v1__4f691b2075fb,reconnaissance,T1595.001,3,3,1.585,0.8857,0.1089,458.2,1069.13,0.2046,12,28,1.2021,3.5675,1.0894,0.1246,1.4633,2,0,0,0,0,0,0.4158,38.18,2.89,41.84,9577.74,8165.86,0,0.254,1.0737,0,0
2026-08-27T20:18:08.581243+00:00,evasive_recon_v1,evasive_recon_v1__4f691b2075fb,reconnaissance,T1595.001,6,6,2.4433,0.9153,0.0837,5167.2075,7141.4625,0.228,31,80,0.7993,1.9854,1.0235,0.1488,1.4698,2,1,0,1,0,0,0.4713,151.4225,61.9575,238.4975,8525.635,7632.005,0,0.157,2.1303,0,0
2026-08-27T20:18:13.581243+00:00,evasive_recon_v1,evasive_recon_v1__4f691b2075fb,reconnaissance,T1595.001,6,6,2.585,0.8913,0.1075,1151.01,4987.7,0.2104,30,130,0.9976,2.8521,0.9249,0.0717,1.1401,4,0,0,1,0,0,0.23,38.37,8.48,54.01,8482.24,7816.63,0,0.2111,1.0124,0,0
2026-08-27T20:18:18.581243+00:00,evasive_recon_v1,evasive_recon_v1__4f691b2075fb,reconnaissance,T1595.001,7,7,2.8074,0.871,0.1293,5916.8325,10665.21,0.2787,51,174,0.752,1.824,1.0849,0.0958,1.3723,3,1,0,2,0,0,0.4273,152.495,61.395,240.5075,7484.68,8101.8575,0,0.1704,1.61,0,0
2026-08-27T20:18:23.581243+00:00,evasive_recon_v1,evasive_recon_v1__4f691b2075fb,reconnaissance,T1595.001,8,8,3.0,0.9256,0.0297,1159.1,5143.5,0.2492,32,142,1.3027,3.0693,1.0285,0.0706,1.2403,5,0,0,2,0,0,0.2242,36.22,11.41,60.17,6792.73,5353.48,0,0.1267,1.7627,0,0
2026-08-27T20:18:28.581243+00:00,evasive_recon_v1,evasive_recon_v1__4f691b2075fb,reconnaissance,T1595.001,5,5,2.3219,0.8947,0.0721,786.96,2360.87,0.2323,20,60,1.3829,3.1023,1.0434,0.0712,1.2569,3,0,0,1,0,0,0.3283,39.35,8.54,49.51,7537.72,7179.53,0,0.203,1.3763,0,0
2026-08-27T20:18:33.581243+00:00,evasive_recon_v1,evasive_recon_v1__4f691b2075fb,reconnaissance,T1595.001,6,6,2.585,0.9128,0.0882,1736.02,3652.87,0.296,48,101,0.5776,0.7308,0.9834,0.1101,1.3138,4,0,0,1,0,0,0.4726,36.17,6.05,44.64,8383.49,9055.99,0,0.2048,0.9249,0,0
2026-08-27T20:18:38.581243+00:00,evasive_recon_v1,evasive_recon_v1__4f691b2075fb,reconnaissance,T1595.001,3,3,1.585,0.9136,0.1015,233.02,815.58,0.1782,6,21,1.0744,2.471,1.0629,0.1021,1.3692,2,0,0,0,0,0,0.2804,38.84,8.96,46.6,8589.1,8093.42,0,0.1819,0.4864,0,0
2026-08-27T20:18:43.581243+00:00,evasive_recon_v1,evasive_recon_v1__4f691b2075fb,reconnaissance,T1046,5,5,2.3219,0.9262,0.0494,805.57,1852.82,0.2656,20,46,1.4294,2.8487,0.9094,0.1323,1.3063,3,0,0,1,0,0,0.4344,40.28,9.12,51.39,8400.44,7684.93,0,0.184,0.6695,0,0
2026-08-27T20:18:48.581243+00:00,evasive_recon_v1,evasive_recon_v1__4f691b2075fb,reconnaissance,T1046,3,3,1.585,0.8655,0.1287,786.31,2577.36,0.1608,18,59,1.2422,3.685,0.9105,0.0717,1.1257,2,0,0,0,0,0,0.3045,43.68,5.47,49.66,6877.47,8014.98,0,0.1812,0.2987,0,0
2026-08-27T20:18:53.581243+00:00,evasive_recon_v1,evasive_recon_v1__4f691b2075fb,reconnaissance,T1046,5,5,2.3219,0.8916,0.11,872.9,5324.68,0.153,20,122,0.6176,1.0053,1.0908,0.1193,1.4487,3,0,0,1,0,0,0.1639,43.64,11.24,63.11,7794.27,8623.58,0,0.2204,0.4171,0,0
2026-08-27T20:18:58.581243+00:00,evasive_recon_v1,evasive_recon_v1__4f691b2075fb,reconnaissance,T1046,1,1,0.0,0.893,0.1204,116.97,257.33,0.2629,5,11,0.883,1.5245,1.1337,0.1007,1.4359,0,0,0,0,0,0,0.4303,23.39,0.0,23.39,6769.1,7867.39,0,0.2285,1.0513,0,0
2026-08-27T20:19:03.581243+00:00,evasive_recon_v1,evasive_recon_v1__4f691b2075fb,reconnaissance,T1046,7,7,2.8074,0.9351,0.068,289.51,785.81,0.234,7,19,0.8973,1.4517,1.0151,0.0547,1.1791,4,0,0,1,0,0,0.3599,41.36,11.66,58.29,8001.03,8004.88,0,0.1853,1.5825,0,0
2026-08-27T20:19:08.581243+00:00,evasive_recon_v1,evasive_recon_v1__4f691b2075fb,reconnaissance,T1046,6,6,2.585,0.9188,0.0635,939.11,3404.29,0.2332,24,87,0.6546,1.2463,0.9806,0.0888,1.2468,4,0,0,1,0,0,0.274,39.13,19.46,81.55,8281.27,10289.18,0,0.2947,0.6952,0,0
2026-08-27T20:19:13.581243+00:00,evasive_recon_v1,evasive_recon_v1__4f691b2075fb,reconnaissance,T1046,5,5,2.3219,0.9331,0.0549,1921.32,10134.98,0.2815,40,211,1.1438,1.9639,1.0616,0.0678,1.265,3,0,0,1,0,0,0.1893,48.03,8.59,64.76,6168.53,8347.34,0,0.2234,0.3872,0,0
2026-08-27T20:19:18.581243+00:00,evasive_recon_v1,evasive_recon_v1__4f691b2075fb,reconnaissance,T1595.001,5,5,2.3219,0.8538,0.1382,516.82,2170.66,0.1671,15,63,0.5876,1.5716,1.0576,0.1491,1.5049,3,0,0,1,0,0,0.2376,34.45,8.81,46.57,8541.65,8761.43,0,0.167,1.5213,0,0
2026-08-27T20:19:23.581243+00:00,evasive_recon_v1,evasive_recon_v1__4f691b2075fb,reconnaissance,T1595.001,4,4,2.0,0.8693,0.1567,1402.64,6935.3,0.2669,36,178,1.1362,2.3537,0.9912,0.0817,1.2362,2,0,0,1,0,0,0.2013,38.96,2.89,41.68,8706.91,7485.97,0,0.1867,0.1145,0,0
2026-08-27T20:19:28.581243+00:00,evasive_recon_v1,evasive_recon_v1__4f691b2075fb,reconnaissance,T1595.001,4,4,2.0,0.9641,0.0594,505.56,1348.16,0.219,12,32,1.1291,1.9803,0.8736,0.0911,1.1469,2,0,0,1,0,0,0.3698,42.13,2.82,46.19,8184.46,9616.78,0,0.2206,1.0578,0,0
2026-08-27T20:19:33.581243+00:00,evasive_recon_v1,evasive_recon_v1__4f691b2075fb,reconnaissance,T1595.001,10,10,3.3219,0.9175,0.1014,1224.67,3592.36,0.1619,30,88,1.2857,2.7398,0.903,0.0548,1.0675,6,0,0,2,0,0,0.3376,40.82,11.3,72.07,5925.59,8732.52,0,0.2084,0.5635,0,0
2026-08-27T20:19:38.581243+00:00,evasive_recon_v1,evasive_recon_v1__4f691b2075fb,reconnaissance,T1595.001,6,6,2.585,0.898,0.0789,999.83,5865.65,0.1544,30,176,1.0727,2.6142,0.686,0.06,0.8659,4,0,0,1,0,0,0.1702,33.33,7.8,46.01,8523.55,9294.11,0,0.1946,0.7969,0,0
2026-08-27T20:19:43.581243+00:00,evasive_recon_v1,evasive_recon_v1__4f691b2075fb,reconnaissance,T1595.001,7,7,2.8074,0.9014,0.1119,1215.38,5382.42,0.173,28,124,0.5852,0.8188,1.1083,0.0862,1.3671,4,0,0,1,0,0,0.2257,43.41,10.8,58.88,8765.36,7393.21,0,0.2384,0.0,0,0
2026-08-27T20:19:48.581243+00:00,evasive_recon_v1,evasive_recon_v1__4f691b2075fb,reconnaissance,T1046,6,6,2.585,0.9067,0.0842,1779.25,6481.55,0.1231,42,153,1.1409,1.5419,1.2736,0.1809,1.8163,4,0,0,1,0,0,0.2742,42.36,9.77,59.77,9327.69,8399.04,0,0.1913,1.7576,0,0
2026-08-27T20:19:53.581243+00:00,evasive_recon_v1,evasive_recon_v1__4f691b2075fb,reconnaissance,T1046,4,4,2.0,0.8982,0.1478,1112.51,2622.34,0.2571,28,66,1.3364,2.4732,0.8199,0.0972,1.1114,2,0,0,1,0,0,0.4217,39.73,5.52,44.62,7832.07,6367.99,0,0.2187,0.6786,0,0
2026-08-27T20:19:58.581243+00:00,evasive_recon_v1,evasive_recon_v1__4f691b2075fb,reconnaissance,T1046,4,4,2.0,0.8599,0.1148,702.63,1405.27,0.2688,20,40,1.3593,2.1452,1.0575,0.0982,1.352,2,0,0,1,0,0,0.4934,35.13,3.26,37.85,9589.51,6125.2,0,0.2107,1.0693,0,0
2026-08-27T20:20:03.581243+00:00,evasive_recon_v1,evasive_recon_v1__4f691b2075fb,reconnaissance,T1046,4,4,2.0,0.9296,0.0933,985.12,2421.76,0.1824,24,59,0.9775,2.8423,0.9518,0.096,1.2397,2,0,0,1,0,0,0.4027,41.05,10.28,56.61,6161.83,7471.29,0,0.1695,1.7191,0,0
2026-08-27T20:20:08.581243+00:00,evasive_recon_v1,evasive_recon_v1__4f691b2075fb,reconnaissance,T1595.001,6,6,2.585,0.8668,0.121,2466.78,7176.08,0.1637,66,192,1.3265,2.7338,0.941,0.0981,1.2352,4,0,0,1,0,0,0.3432,37.38,10.75,58.33,8550.05,8952.29,0,0.2116,0.2739,0,0
2026-08-27T20:20:13.581243+00:00,evasive_recon_v1,evasive_recon_v1__4f691b2075fb,reconnaissance,T1595.001,3,3,1.585,0.8902,0.1113,595.88,2780.75,0.1348,15,70,0.5716,1.2956,0.9034,0.1335,1.3039,2,0,0,0,0,0,0.2115,39.73,5.0,44.63,7840.93,6931.87,0,0.1778,1.7873,0,0
2026-08-27T20:20:18.581243+00:00,evasive_recon_v1,evasive_recon_v1__4f691b2075fb,reconnaissance,T1595.001,4,4,2.0,0.8712,0.1404,912.71,4198.48,0.2877,20,92,0.925,1.7605,1.2229,0.0612,1.4064,2,0,0,1,0,0,0.2152,45.64,16.92,71.38,10631.64,9129.31,0,0.1622,0.6964,0,0
2026-08-27T20:20:23.581243+00:00,evasive_recon_v1,evasive_recon_v1__4f691b2075fb,reconnaissance,T1595.001,5,5,2.3219,0.959,0.0628,1216.87,2879.91,0.2199,30,71,0.638,1.8576,1.1392,0.1398,1.5586,3,0,0,1,0,0,0.4194,40.56,7.68,50.2,6525.52,8837.87,0,0.2491,1.7226,0,0
2026-08-27T20:20:28.581243+00:00,evasive_recon_v1,evasive_recon_v1__4f691b2075fb,reconnaissance,T1595.001,8,8,3.0,0.9246,0.073,2064.82,7398.95,0.1163,48,172,0.6644,1.5468,0.9294,0.1107,1.2615,5,0,0,2,0,0,0.2785,43.02,6.83,53.48,7176.87,6782.63,0,0.173,0.487,0,0
2026-08-27T20:20:33.581243+00:00,evasive_recon_v1,evasive_recon_v1__4f691b2075fb,reconnaissance,T1595.001,4,4,2.0,0.8711,0.132,557.49,2044.11,0.2435,12,44,0.5997,0.9157,0.9414,0.0586,1.1171,2,0,0,1,0,0,0.2727,46.46,9.64,52.83,7461.05,8823.55,0,0.1773,1.198,0,0
2026-08-27T20:20:38.581243+00:00,evasive_recon_v1,evasive_recon_v1__4f691b2075fb,reconnaissance,T1046,5,5,2.3219,0.8904,0.1198,1719.51,5158.52,0.2244,35,105,1.1975,2.5409,0.8199,0.1186,1.1757,3,0,0,1,0,0,0.3333,49.13,16.31,73.83,8166.69,8581.98,0,0.2181,1.2401,0,0
2026-08-27T20:20:43.581243+00:00,evasive_recon_v1,evasive_recon_v1__4f691b2075fb,reconnaissance,T1046,9,9,3.1699,0.8901,0.0977,2283.89,18017.36,0.2503,54,426,0.6699,1.9014,0.9352,0.0671,1.1365,6,0,0,2,0,0,0.1266,42.29,8.09,54.92,7904.0,9886.34,0,0.1748,0.4178,0,0
2026-08-27T20:20:48.581243+00:00,evasive_recon_v1,evasive_recon_v1__4f691b2075fb,reconnaissance,T1046,7,7,2.8074,0.8573,0.1191,6086.16,9000.105,0.243,51,116,0.9034,1.7869,1.0324,0.0806,1.2742,4,1,0,1,0,0,0.5287,155.5175,65.97,252.575,8441.455,7668.5225,0,0.1809,0.9772,0,0
2026-08-27T20:20:53.581243+00:00,evasive_recon_v1,evasive_recon_v1__4f691b2075fb,reconnaissance,T1046,8,8,3.0,0.9326,0.1018,1225.42,2450.84,0.2181,32,64,0.8768,1.7865,1.0178,0.1336,1.4185,5,0,0,2,0,0,0.4966,38.29,4.16,46.05,10083.42,7419.57,0,0.2424,0.54,0,0
2026-08-27T20:20:58.581243+00:00,evasive_recon_v1,evasive_recon_v1__4f691b2075fb,reconnaissance,T1595.001,5,5,2.3219,0.9231,0.0465,1368.57,5747.99,0.2617,30,126,0.8855,2.0804,1.0426,0.1099,1.3724,3,0,0,1,0,0,0.2371,45.62,9.88,62.68,8436.61,8841.82,0,0.1907,1.0919,0,0
2026-08-27T20:21:03.581243+00:00,evasive_recon_v1,evasive_recon_v1__4f691b2075fb,reconnaissance,T1595.001,6,6,2.585,0.9001,0.1007,933.75,3345.94,0.1878,24,86,0.7041,2.0338,0.8317,0.0461,0.9699,4,0,0,1,0,0,0.276,38.91,4.14,43.78,8348.56,7595.37,0,0.2019,0.4442,0,0
2026-08-27T20:21:08.581243+00:00,evasive_recon_v1,evasive_recon_v1__4f691b2075fb,reconnaissance,T1595.001,2,2,1.0,0.8408,0.1804,185.13,601.68,0.1731,4,13,0.6208,1.8555,0.9822,0.0588,1.1585,1,0,0,0,0,0,0.2858,46.28,3.41,49.69,8367.83,6869.87,0,0.2418,1.7568,0,0
2026-08-27T20:21:13.581243+00:00,evasive_recon_v1,evasive_recon_v1__4f691b2075fb,reconnaissance,T1595.001,3,3,1.585,0.8773,0.1162,1043.79,3247.35,0.1361,27,84,0.8489,1.12,1.0849,0.1591,1.5624,2,0,0,1,0,0,0.3203,38.66,4.38,44.49,8787.63,7595.68,0,0.2078,0.5216,0,0
2026-08-27T20:21:18.581243+00:00,evasive_recon_v1,evasive_recon_v1__4f691b2075fb,reconnaissance,T1595.001,5,5,2.3219,0.9243,0.0609,1227.57,3519.02,0.1735,30,86,0.9403,2.2935,0.9583,0.141,1.3814,3,0,0,1,0,0,0.3467,40.92,14.04,68.1,9265.53,9343.56,0,0.2402,0.8313,0,0
2026-08-27T20:21:23.581243+00:00,evasive_recon_v1,evasive_recon_v1__4f691b2075fb,reconnaissance,T1595.001,4,4,2.0,0.9182,0.0879,957.71,3391.9,0.2967,24,85,0.8579,1.5002,1.191,0.0895,1.4596,2,0,0,1,0,0,0.2796,39.9,0.47,40.58,7158.59,8308.1,0,0.209,1.6442,0,0
2026-08-27T20:21:28.581243+00:00,evasive_recon_v1,evasive_recon_v1__4f691b2075fb,reconnaissance,T1595.001,3,3,1.585,0.937,0.0608,687.05,3053.54,0.1687,18,80,0.731,1.8599,1.0635,0.1238,1.435,2,0,0,0,0,0,0.2242,38.17,3.49,43.01,8144.13,8083.19,0,0.2057,1.5059,0,0
2026-08-27T20:21:33.581243+00:00,evasive_recon_v1,evasive_recon_v1__4f691b2075fb,reconnaissance,T1595.001,7,7,2.8074,0.8964,0.1031,848.83,1899.75,0.1516,21,47,1.246,2.9334,1.1235,0.0772,1.3551,4,0,0,2,0,0,0.4382,40.42,6.76,54.1,6421.95,6938.03,0,0.2172,1.0098,0,0
2026-08-27T20:21:38.581243+00:00,evasive_recon_v1,evasive_recon_v1__4f691b2075fb,reconnaissance,T1595.001,9,9,3.1699,0.9357,0.0363,3182.97,14411.77,0.2061,72,326,0.8399,1.9815,1.0206,0.0735,1.2412,6,1,0,2,0,0,0.2204,44.21,10.47,72.56,10438.28,7523.28,0,0.1938,0.0,0,0
2026-08-27T20:21:43.581243+00:00,evasive_recon_v1,evasive_recon_v1__4f691b2075fb,reconnaissance,T1046,3,3,1.585,0.8922,0.0998,731.33,2437.75,0.2064,18,60,0.791,1.3917,1.079,0.141,1.502,1,0,0,0,0,0,0.2964,40.63,2.57,43.18,6739.84,8354.52,0,0.1875,0.7577,0,0
2026-08-27T20:21:48.581243+00:00,evasive_recon_v1,evasive_recon_v1__4f691b2075fb,reconnaissance,T1046,9,9,3.1699,0.8979,0.1253,2519.13,5458.11,0.2321,72,156,1.2081,1.5481,0.9103,0.1317,1.3053,6,1,0,2,0,0,0.4602,34.99,8.21,51.35,7433.55,7211.3,0,0.187,0.868,0,0
2026-08-27T20:21:53.581243+00:00,evasive_recon_v1,evasive_recon_v1__4f691b2075fb,reconnaissance,T1046,6,6,2.585,0.9011,0.1,1485.99,4068.77,0.2518,42,115,1.1435,3.2943,1.0281,0.052,1.1841,3,0,0,1,0,0,0.3635,35.38,5.57,43.93,8997.61,8305.74,0,0.2112,0.7525,0,0
2026-08-27T20:21:58.581243+00:00,evasive_recon_v1,evasive_recon_v1__4f691b2075fb,reconnaissance,T1046,7,7,2.8074,0.8719,0.1194,5896.275,15046.935,0.2314,46,260,1.0533,1.9906,1.0197,0.113,1.3586,3,1,0,2,0,0,0.3457,156.02,63.7425,248.165,8246.4175,7581.2225,0,0.1612,1.9318,0,0
2026-08-27T20:22:03.581243+00:00,evasive_recon_v1,evasive_recon_v1__4f691b2075fb,reconnaissance,T1595.001,3,3,1.585,0.925,0.0953,472.12,1455.71,0.1646,12,37,1.1562,3.1847,1.1201,0.1561,1.5886,2,0,0,0,0,0,0.3184,39.34,9.78,52.7,8693.89,9097.93,0,0.1852,1.5732,0,0
2026-08-27T20:22:08.581243+00:00,evasive_recon_v1,evasive_recon_v1__4f691b2075fb,reconnaissance,T1595.001,6,6,2.585,0.9089,0.096,1512.42,3997.11,0.1969,42,111,1.2404,1.6265,1.0306,0.0752,1.2561,4,0,0,1,0,0,0.3778,36.01,6.53,48.76,8750.29,8977.85,0,0.1984,0.7778,0,0
2026-08-27T20:22:13.581243+00:00,evasive_recon_v1,evasive_recon_v1__4f691b2075fb,reconnaissance,T1595.001,1,1,0.0,0.909,0.085,178.03,415.41,0.1724,3,7,0.8861,1.8198,0.9274,0.0931,1.2066,0,0,0,0,0,0,0.3911,59.34,0.0,59.34,8362.9,6742.63,0,0.2057,1.3105,0,0
2026-08-27T20:22:18.581243+00:00,evasive_recon_v1,evasive_recon_v1__4f691b2075fb,reconnaissance,T1595.001,3,3,1.585,0.8765,0.1438,1209.5,4658.83,0.2518,27,104,0.6362,1.2071,0.9663,0.0923,1.2432,2,0,0,0,0,0,0.2581,44.8,7.51,50.14,9104.71,9073.57,0,0.2481,2.1948,0,0
2026-08-27T20:22:23.581243+00:00,evasive_recon_v1,evasive_recon_v1__4f691b2075fb,reconnaissance,T1595.001,3,3,1.585,0.8439,0.1271,723.69,2446.75,0.1942,21,71,1.4961,2.0417,1.1642,0.0885,1.4298,1,0,0,0,0,0,0.2955,34.46,4.14,38.98,7593.77,7953.6,0,0.1865,1.2825,0,0
2026-08-27T20:22:28.581243+00:00,evasive_recon_v1,evasive_recon_v1__4f691b2075fb,reconnaissance,T1595.001,7,7,2.8074,0.8633,0.1178,1846.23,3880.85,0.2979,49,103,0.8402,2.0384,0.9497,0.0482,1.0942,4,0,0,2,0,0,0.4712,37.68,4.84,47.44,7680.08,7747.72,0,0.1827,0.0,0,0
2026-08-27T20:22:33.581243+00:00,evasive_recon_v1,evasive_recon_v1__4f691b2075fb,reconnaissance,T1595.001,7,7,2.8074,0.9624,0.0295,1353.97,5493.25,0.2003,35,142,1.1374,2.4203,0.8805,0.102,1.1863,4,0,0,2,0,0,0.245,38.68,11.17,51.8,9468.97,7733.72,0,0.1775,1.3352,0,0
2026-08-27T20:22:38.581243+00:00,evasive_recon_v1,evasive_recon_v1__4f691b2075fb,reconnaissance,T1046,6,6,2.585,0.8843,0.144,1183.1,5245.1,0.2359,30,133,1.3204,3.7527,1.0585,0.1302,1.449,4,0,0,1,0,0,0.2248,39.44,7.39,52.34,6415.11,7396.19,0,0.2234,1.0861,0,0
2026-08-27T20:22:43.581243+00:00,evasive_recon_v1,evasive_recon_v1__4f691b2075fb,reconnaissance,T1046,3,3,1.585,0.9273,0.0533,941.91,2332.35,0.1618,21,52,1.1365,2.9905,0.7889,0.0843,1.0417,2,0,0,0,0,0,0.4038,44.85,10.22,58.26,8383.7,10373.1,0,0.169,1.4444,0,0
2026-08-27T20:22:48.581243+00:00,evasive_recon_v1,evasive_recon_v1__4f691b2075fb,reconnaissance,T1046,7,7,2.8074,0.9303,0.0868,1248.97,6289.47,0.2369,28,141,0.9765,2.4125,0.9544,0.1283,1.3394,4,0,0,1,0,0,0.1977,44.61,7.31,56.65,7913.3,8639.52,0,0.137,0.9612,0,0
2026-08-27T20:22:53.581243+00:00,evasive_recon_v1,evasive_recon_v1__4f691b2075fb,reconnaissance,T1046,6,6,2.4433,0.9291,0.0847,5566.7175,8313.5925,0.3363,42,114,0.6541,1.6767,0.9476,0.1206,1.3096,2,1,0,1,0,0,0.4778,151.46,64.365,245.2775,7714.345,8001.2675,0,0.2092,1.3556,0,0
2026-08-27T20:22:58.581243+00:00,evasive_recon_v1,evasive_recon_v1__4f691b2075fb,reconnaissance,T1046,3,3,1.585,0.8888,0.1262,737.79,1264.78,0.1511,21,36,0.8654,2.0853,0.8729,0.1089,1.1996,2,0,0,0,0,0,0.5785,35.13,3.32,39.1,8208.06,6990.36,0,0.2069,0.71,0,0
2026-08-27T20:23:03.581243+00:00,evasive_recon_v1,evasive_recon_v1__4f691b2075fb,reconnaissance,T1046,6,6,2.585,0.9518,0.0616,810.59,1981.44,0.2191,18,44,1.3983,3.878,0.841,0.1242,1.2138,4,0,0,1,0,0,0.4044,45.03,5.76,55.04,8109.94,8665.51,0,0.2521,1.1672,0,0
2026-08-27T20:23:08.581243+00:00,evasive_recon_v1,evasive_recon_v1__4f691b2075fb,reconnaissance,T1046,3,3,1.585,0.878,0.1202,604.06,1812.19,0.169,15,45,1.2735,2.878,0.8888,0.1189,1.2456,2,0,0,0,0,0,0.3296,40.27,3.76,45.51,6175.66,8375.69,0,0.2401,0.5486,0,0
2026-08-27T20:23:13.581243+00:00,evasive_recon_v1,evasive_recon_v1__4f691b2075fb,reconnaissance,T1046,7,7,2.8074,0.9088,0.0805,2293.5,4867.84,0.2565,49,104,0.8378,1.7326,0.9032,0.0774,1.1353,4,0,0,2,0,0,0.471,46.81,10.07,60.09,9049.76,8455.84,0,0.2125,0.6711,0,0
2026-08-27T20:23:18.581243+00:00,evasive_recon_v1,evasive_recon_v1__4f691b2075fb,reconnaissance,T1595.001,8,8,3.0,0.8993,0.0982,856.2,2746.97,0.1992,24,77,1.3146,3.7184,0.9353,0.1341,1.3375,5,0,0,2,0,0,0.308,35.67,10.67,60.62,8422.06,9676.06,0,0.2242,0.0,0,0
2026-08-27T20:23:23.581243+00:00,evasive_recon_v1,evasive_recon_v1__4f691b2075fb,reconnaissance,T1595.001,8,8,3.0,0.8659,0.1279,580.35,1487.15,0.1655,16,41,0.7858,1.0077,0.9809,0.1274,1.363,5,0,0,2,0,0,0.389,36.27,7.57,53.98,8476.42,8225.13,0,0.2168,1.272,0,0
2026-08-27T20:23:28.581243+00:00,evasive_recon_v1,evasive_recon_v1__4f691b2075fb,reconnaissance,T1595.001,2,2,0.7018,0.9223,0.0703,4505.5275,5292.2175,0.2902,12,28,1.0238,1.8533,0.8545,0.1281,1.2388,0,1,0,0,0,0,0.3822,151.7375,57.15,232.625,8349.9475,9087.6725,0,0.1567,1.6423,0,0
2026-08-27T20:23:33.581243+00:00,evasive_recon_v1,evasive_recon_v1__4f691b2075fb,reconnaissance,T1595.001,6,6,2.585,0.914,0.0668,2906.38,8719.15,0.2012,72,216,0.9852,2.685,1.1175,0.0994,1.4156,4,0,0,1,0,0,0.3319,40.37,11.17,56.52,6995.57,8281.15,0,0.1551,0.8817,0,0
2026-08-27T20:23:38.581243+00:00,evasive_recon_v1,evasive_recon_v1__4f691b2075fb,reconnaissance,T1595.001,3,3,1.585,0.862,0.1298,1115.02,4608.76,0.2261,30,124,1.4785,1.8672,1.0797,0.1135,1.4202,2,0,0,0,0,0,0.2402,37.17,0.58,37.73,8221.15,7974.1,0,0.1622,0.9718,0,0
2026-08-27T20:23:43.581243+00:00,evasive_recon_v1,evasive_recon_v1__4f691b2075fb,reconnaissance,T1595.001,3,3,1.585,0.929,0.0635,240.47,841.64,0.1165,6,21,1.2938,2.9896,1.1155,0.1188,1.4718,2,0,0,0,0,0,0.2841,40.08,10.21,54.23,6650.48,7492.24,0,0.1888,0.8547,0,0
2026-08-27T20:23:48.581243+00:00,evasive_recon_v1,evasive_recon_v1__4f691b2075fb,reconnaissance,T1595.001,3,3,1.585,0.8792,0.1236,663.08,3315.4,0.2547,21,105,1.3478,3.1039,0.9325,0.1119,1.2682,2,0,0,0,0,0,0.1982,31.58,5.13,38.82,7227.73,8498.96,0,0.1881,0.8608,0,0
2026-08-27T20:23:53.581243+00:00,evasive_recon_v1,evasive_recon_v1__4f691b2075fb,reconnaissance,T1595.001,6,6,2.585,0.8908,0.1028,1715.55,7025.61,0.2592,42,172,1.4171,3.3448,1.0138,0.1182,1.3683,4,0,0,1,0,0,0.2429,40.85,12.43,58.56,7736.42,7547.89,0,0.1815,1.9356,0,0
2026-08-27T20:23:58.581243+00:00,evasive_recon_v1,evasive_recon_v1__4f691b2075fb,reconnaissance,T1046,4,4,2.0,0.8537,0.1455,1303.63,4318.28,0.2561,32,106,0.7757,0.9529,0.9107,0.1247,1.2847,2,0,0,1,0,0,0.3016,40.74,2.68,44.63,8297.6,7680.64,0,0.1959,0.7304,0,0
2026-08-27T20:24:03.581243+00:00,evasive_recon_v1,evasive_recon_v1__4f691b2075fb,reconnaissance,T1046,2,2,1.0,0.9732,0.0031,1117.46,3352.39,0.151,24,72,0.701,1.9185,0.8411,0.1017,1.1463,1,0,0,0,0,0,0.3289,46.56,3.26,49.82,9581.1,7400.13,0,0.2427,1.0497,0,0
2026-08-27T20:24:08.581243+00:00,evasive_recon_v1,evasive_recon_v1__4f691b2075fb,reconnaissance,T1046,4,4,2.0,0.8162,0.198,793.99,2143.77,0.2177,20,54,1.3625,2.3043,0.8553,0.0766,1.0851,2,0,0,1,0,0,0.368,39.7,7.61,46.69,10686.99,9983.32,0,0.1963,0.8979,0,0
2026-08-27T20:24:13.581243+00:00,evasive_recon_v1,evasive_recon_v1__4f691b2075fb,reconnaissance,T1046,4,4,1.8906,0.8775,0.1156,4544.8875,5344.38,0.2574,13,28,0.8837,1.7079,1.0423,0.0901,1.3127,2,1,0,0,0,0,0.411,153.83,59.22,237.32,8053.84,8502.5075,0,0.1623,1.2243,0,0
