timestamp,persona_id,run_id,mitre_stage,technique_id,flow_count,unique_dst_ports,dest_port_entropy,tcp_ratio,udp_ratio,bytes_fwd_sum,bytes_bwd_sum,bidirectional_ratio,pkts_fwd_sum,pkts_bwd_sum,duration_mean,duration_max,iat_mean,iat_std,iat_max,syn_flag_sum,ack_flag_sum,fin_flag_sum,rst_flag_sum,psh_flag_sum,urg_flag_sum,down_up_ratio_mean,pkt_len_mean,pkt_len_std,pkt_len_max,init_fwd_win_mean,init_bwd_win_mean,fwd_psh_flags_sum,port_scan_score,ttl_variance,ip_fragment_flags,retransmit_count
2026-09-09T14:50:55.378158+00:00,lateral_movement_smb_v1,lateral_movement_smb_v1__run_000,lateral_movement,T1021.002,6,2,0.65,0.9818,0.0135,30452.89,21147.84,0.6694,36,25,0.6542,1.7374,1.1501,0.2294,1.8382,1,3,0,0,1,0,1.4088,845.91,207.48,1173.3,8179.04,10037.68,0,0.0483,0.2403,0,0
2026-09-09T14:51:00.378158+00:00,lateral_movement_smb_v1,lateral_movement_smb_v1__run_000,lateral_movement,T1021.002,8,2,1.0,1.0,0.0,25251.54,25251.54,0.5434,24,24,1.2328,1.7757,1.0166,0.1582,1.4911,1,3,0,0,1,0,0.9813,1052.15,429.06,1801.84,7139.29,6770.87,0,0.1155,0.766,0,0
2026-09-09T14:51:05.378158+00:00,lateral_movement_smb_v1,lateral_movement_smb_v1__run_000,lateral_movement,T1021.002,3,2,0.9183,1.0,0.0174,10559.56,7039.7,0.7212,12,8,1.5235,4.0221,1.1208,0.2038,1.7323,0,1,0,0,0,0,1.4376,879.96,99.38,953.94,9037.65,7328.27,0,0.0962,0.0151,0,0
2026-09-09T14:51:10.378158+00:00,lateral_movement_smb_v1,lateral_movement_smb_v1__run_000,lateral_movement,T1021.002,5,2,0.971,0.9393,0.047,11259.45,9758.19,0.6975,15,13,1.0808,3.2026,0.9083,0.1332,1.3081,1,2,0,0,0,0,1.1137,750.63,191.23,1107.08,6174.45,6327.71,0,0.0844,1.3663,0,0
2026-09-09T14:51:15.378158+00:00,lateral_movement_smb_v1,lateral_movement_smb_v1__run_000,lateral_movement,T1021.002,3,2,0.9183,0.9572,0.0474,28672.38,22300.74,0.6443,27,21,1.7323,3.8141,1.0871,0.1643,1.5801,0,1,0,0,0,0,1.258,1061.94,271.8,1368.17,9091.17,7918.93,0,0.1094,1.1268,0,0
2026-09-09T14:51:20.378158+00:00,lateral_movement_smb_v1,lateral_movement_smb_v1__run_000,lateral_movement,T1021.002,4,2,0.8113,0.9548,0.0279,12907.35,8604.9,0.6713,12,8,0.7569,1.2347,0.98,0.2844,1.8333,1,2,0,0,0,0,1.4152,1075.61,356.52,1669.44,8025.35,8722.26,0,0.0655,1.3309,0,0
2026-09-09T14:51:25.378158+00:00,lateral_movement_smb_v1,lateral_movement_smb_v1__run_000,lateral_movement,T1021.002,3,1,-0.0,1.0,0.0,19845.15,12285.09,0.6388,21,13,0.6152,0.8824,1.1428,0.1732,1.6624,0,1,0,0,0,0,1.5032,945.01,140.9,1121.86,9617.24,9070.33,0,0.0054,0.7963,0,0
2026-09-09T14:51:30.378158+00:00,lateral_movement_smb_v1,lateral_movement_smb_v1__run_000,lateral_movement,T1021.002,8,2,0.8113,1.0,0.0081,39257.49,43346.81,0.5277,48,53,1.3086,2.4499,0.838,0.2081,1.4622,1,4,0,0,1,0,0.8916,817.86,235.09,1351.65,9035.83,8531.69,0,0.0393,0.4819,1,0
2026-09-09T14:51:35.378158+00:00,lateral_movement_smb_v1,lateral_movement_smb_v1__run_000,lateral_movement,T1021.002,5,2,0.7219,1.0,0.0,47318.41,35015.62,0.6018,50,37,1.2789,2.5923,0.9814,0.2651,1.7766,1,2,0,0,0,0,1.3306,946.37,216.01,1232.74,7922.19,6747.96,0,0.0818,0.2988,0,0
2026-09-09T14:51:40.378158+00:00,lateral_movement_smb_v1,lateral_movement_smb_v1__run_000,lateral_movement,T1021.002,2,1,-0.0,1.0,0.0,9201.64,7887.12,0.7025,14,12,1.6489,3.5928,1.1338,0.1643,1.6268,0,1,0,0,0,0,1.1478,657.26,13.68,670.94,7966.02,7838.82,0,0.0274,0.5764,0,0
2026-09-09T14:51:45.378158+00:00,lateral_movement_smb_v1,lateral_movement_smb_v1__run_000,lateral_movement,T1021.002,8,2,0.9544,0.9874,0.0,44271.59,60873.44,0.6769,48,66,1.1092,3.0124,0.9685,0.1433,1.3985,1,4,0,0,1,0,0.7194,922.32,331.09,1544.98,6989.05,8647.08,0,0.0952,1.1176,0,0
2026-09-09T14:51:50.378158+00:00,lateral_movement_smb_v1,lateral_movement_smb_v1__run_000,lateral_movement,T1021.002,3,1,-0.0,0.9549,0.0663,11636.32,7757.54,0.6086,12,8,1.787,3.7769,1.0763,0.1238,1.4477,0,1,0,0,0,0,1.3546,969.69,359.09,1468.98,9898.65,9500.87,0,0.0441,0.9005,0,1
2026-09-09T14:51:55.378158+00:00,lateral_movement_smb_v1,lateral_movement_smb_v1__run_000,lateral_movement,T1021.002,8,2,1.0,1.0,0.0146,32718.96,25561.69,0.7042,32,25,1.202,1.6703,0.9545,0.236,1.6626,1,4,0,0,1,0,1.2538,1022.47,239.11,1436.21,8984.37,9481.57,0,0.1225,1.0755,0,0
2026-09-09T14:52:00.378158+00:00,lateral_movement_smb_v1,lateral_movement_smb_v1__run_000,lateral_movement,T1021.002,4,2,0.8113,1.0,0.0,23137.67,26029.88,0.572,24,27,0.6433,1.7627,1.0757,0.2325,1.7731,0,2,0,0,0,0,0.877,964.07,389.69,1612.47,8695.08,6982.04,0,0.068,1.073,0,0
2026-09-09T14:52:05.378158+00:00,lateral_movement_smb_v1,lateral_movement_smb_v1__run_000,lateral_movement,T1021.002,5,1,-0.0,0.9835,0.0187,22435.62,17200.64,0.6086,30,23,0.8019,1.043,1.0257,0.176,1.5536,0,2,0,0,0,0,1.2924,747.85,363.85,1441.28,7718.21,8840.64,0,0.0489,1.5709,0,0
2026-09-09T14:52:10.378158+00:00,lateral_movement_smb_v1,lateral_movement_smb_v1__run_000,lateral_movement,T1021.002,7,2,0.8631,1.0,0.0,38117.44,26319.18,0.707,42,29,1.0254,2.5969,0.7503,0.0761,0.9787,1,3,0,0,0,0,1.4293,907.56,211.8,1128.1,9023.56,7172.93,0,0.0863,0.2557,0,0
2026-09-09T14:52:15.378158+00:00,lateral_movement_smb_v1,lateral_movement_smb_v1__run_000,lateral_movement,T1021.002,5,2,0.7219,0.9621,0.0358,56251.94,43978.79,0.6637,55,43,1.2846,3.2148,0.8199,0.102,1.1259,0,2,0,0,0,0,1.2507,1022.76,252.96,1287.09,6518.98,8717.29,0,0.1274,0.2321,0,0
2026-09-09T14:52:20.378158+00:00,lateral_movement_smb_v1,lateral_movement_smb_v1__run_000,lateral_movement,T1021.002,1,1,-0.0,1.0,0.0284,5174.24,2587.12,0.6427,6,3,0.9664,2.4562,0.9929,0.2438,1.7242,0,0,0,0,0,0,1.9511,862.37,0.0,862.37,8967.77,7453.41,0,0.0854,0.7865,0,1
2026-09-09T14:52:25.378158+00:00,lateral_movement_smb_v1,lateral_movement_smb_v1__run_000,lateral_movement,T1021.002,5,2,0.971,0.928,0.0519,24221.95,22284.2,0.6681,25,23,0.9629,2.2042,1.1544,0.2415,1.8788,1,2,0,0,0,0,1.0634,968.88,398.78,1559.97,8517.22,8084.3,0,0.0871,1.2306,0,0
2026-09-09T14:52:30.378158+00:00,lateral_movement_smb_v1,lateral_movement_smb_v1__run_000,lateral_movement,T1021.002,8,2,0.9544,1.0,0.0,45181.01,52442.25,0.6429,56,65,1.0765,2.5954,1.0527,0.1304,1.4439,1,3,0,0,0,0,0.8526,806.8,166.72,1058.24,8156.72,8390.94,0,0.0678,0.9784,0,0
2026-09-09T14:52:35.378158+00:00,lateral_movement_smb_v1,lateral_movement_smb_v1__run_000,lateral_movement,T1021.002,2,1,-0.0,1.0,0.0009,12549.95,9860.67,0.627,14,11,0.7776,2.2979,1.0717,0.1582,1.5464,0,0,0,0,0,0,1.2336,896.42,140.11,1036.53,7608.62,8504.51,0,0.0792,0.9625,0,0
2026-09-09T14:52:40.378158+00:00,lateral_movement_smb_v1,lateral_movement_smb_v1__run_000,lateral_movement,T1021.002,8,2,0.9544,0.9698,0.0,22392.13,11895.82,0.7192,32,17,0.7381,1.9693,1.0024,0.1042,1.3151,1,3,0,0,1,0,1.8492,699.75,90.0,847.64,9595.06,7629.99,0,0.093,0.1278,0,0
2026-09-09T14:52:45.378158+00:00,lateral_movement_smb_v1,lateral_movement_smb_v1__run_000,lateral_movement,T1021.002,6,2,0.9183,0.9686,0.0424,19811.28,14858.46,0.6989,24,18,0.7483,2.0675,0.8312,0.2458,1.5687,1,3,0,0,0,0,1.2947,825.47,382.27,1480.72,8898.29,7175.79,0,0.0062,1.7054,0,0
2026-09-09T14:52:50.378158+00:00,lateral_movement_smb_v1,lateral_movement_smb_v1__run_000,lateral_movement,T1021.002,8,2,1.0,0.9708,0.0295,16367.37,8183.69,0.632,16,8,0.9868,1.2799,0.7395,0.085,0.9945,1,3,0,0,1,0,1.7945,1022.96,347.4,1841.67,7855.55,8732.67,0,0.0478,1.4109,0,0
2026-09-09T14:52:55.378158+00:00,lateral_movement_smb_v1,lateral_movement_smb_v1__run_000,lateral_movement,T1021.002,0,0,0.0,0.9888,0.0472,0.0,0.0,0.6031,0,0,1.651,3.8653,1.1406,0.1468,1.581,0,0,0,0,0,0,2.0459,607.69,0.0,607.69,8278.83,8795.58,0,0.0143,0.2903,0,0
2026-09-09T14:53:00.378158+00:00,lateral_movement_smb_v1,lateral_movement_smb_v1__run_000,lateral_movement,T1021.002,5,2,0.971,1.0,0.0,22831.06,15981.74,0.5936,30,21,0.9493,2.2333,0.8172,0.1606,1.2991,1,2,0,0,0,0,1.4138,761.04,198.2,1055.88,8174.37,8106.9,0,0.1077,0.9716,0,0
2026-09-09T14:53:05.378158+00:00,lateral_movement_smb_v1,lateral_movement_smb_v1__run_000,lateral_movement,T1021.002,7,2,0.9852,0.9968,0.0403,18346.12,11357.12,0.727,21,13,1.104,3.1828,1.1056,0.1651,1.6008,1,3,0,0,1,0,1.5513,873.62,226.31,1201.92,8848.64,8431.32,0,0.0592,0.6275,0,0
2026-09-09T14:53:10.378158+00:00,lateral_movement_smb_v1,lateral_movement_smb_v1__run_000,lateral_movement,T1021.002,7,2,0.9852,1.0,0.0255,30209.53,25893.89,0.5912,35,30,1.1363,2.7602,1.0074,0.1071,1.3287,1,3,0,0,1,0,1.136,863.13,255.16,1223.94,5614.47,7144.69,0,0.1627,1.0918,0,0
2026-09-09T14:53:15.378158+00:00,lateral_movement_smb_v1,lateral_movement_smb_v1__run_000,lateral_movement,T1021.002,6,2,1.0,1.0,0.0,33954.55,42847.41,0.6436,42,53,0.6981,1.7143,1.0968,0.187,1.6578,1,3,0,0,0,0,0.7846,808.44,212.38,1151.17,8894.08,8154.1,0,0.1087,1.3309,0,0
2026-09-09T14:53:20.378158+00:00,lateral_movement_smb_v1,lateral_movement_smb_v1__run_000,lateral_movement,T1021.002,2,2,1.0,0.9871,0.0,21027.44,15770.58,0.5709,16,12,1.025,2.192,1.0479,0.3082,1.9726,0,0,0,0,0,0,1.2765,1314.21,412.73,1726.94,7944.82,8480.94,0,0.0902,0.5262,0,0
2026-09-09T14:53:25.378158+00:00,lateral_movement_smb_v1,lateral_movement_smb_v1__run_000,lateral_movement,T1021.002,5,2,0.971,1.0,0.0,26687.01,23484.57,0.6334,25,22,0.649,1.1667,0.9147,0.1488,1.3612,0,2,0,0,0,0,1.0903,1067.48,317.66,1605.27,8375.51,7009.32,0,0.0999,1.0254,0,0
2026-09-09T14:53:30.378158+00:00,lateral_movement_smb_v1,lateral_movement_smb_v1__run_000,lateral_movement,T1021.002,7,2,0.9852,0.9536,0.043,34228.06,33250.12,0.6475,35,34,1.0745,1.8033,1.1021,0.1185,1.4575,1,3,0,0,1,0,1.0045,977.94,406.41,1784.59,8039.26,9760.68,0,0.0857,1.0603,0,0
2026-09-09T14:53:35.378158+00:00,lateral_movement_smb_v1,lateral_movement_smb_v1__run_000,lateral_movement,T1021.002,4,2,0.8113,1.0,0.0007,31093.42,43185.31,0.6363,36,50,0.6084,1.6597,0.9151,0.1677,1.4181,0,2,0,0,0,0,0.7068,863.71,448.13,1632.86,8799.99,8465.41,0,0.0859,1.4263,0,0
2026-09-09T14:53:40.378158+00:00,lateral_movement_smb_v1,lateral_movement_smb_v1__run_000,lateral_movement,T1021.002,3,2,0.9183,0.9822,0.0403,15569.6,17876.21,0.6982,27,31,1.0178,2.3145,0.9782,0.2016,1.5831,0,1,0,0,0,0,0.8589,576.65,40.46,623.57,8401.64,8044.51,0,0.106,2.085,0,0
2026-09-09T14:53:45.378158+00:00,lateral_movement_smb_v1,lateral_movement_smb_v1__run_000,lateral_movement,T1021.002,12,2,0.9799,1.0,0.0,51273.24,36745.82,0.672,60,43,0.4879,0.7502,0.8498,0.1964,1.4389,2,6,1,0,1,0,1.382,854.55,169.63,1062.41,5963.56,7929.93,0,0.0659,0.8941,0,0
2026-09-09T14:53:50.378158+00:00,lateral_movement_smb_v1,lateral_movement_smb_v1__run_000,lateral_movement,T1021.002,3,2,0.9183,1.0,0.0125,21246.76,21246.76,0.5879,24,24,0.6073,0.8938,0.978,0.2026,1.5857,0,1,0,0,0,0,0.994,885.28,31.21,929.37,8505.09,9076.79,0,0.1435,0.7725,0,0
2026-09-09T14:53:55.378158+00:00,lateral_movement_smb_v1,lateral_movement_smb_v1__run_000,lateral_movement,T1021.002,9,2,0.9183,1.0,0.0085,57470.42,37249.35,0.6557,54,35,0.5944,1.4173,0.7501,0.2013,1.3541,1,4,0,0,1,0,1.5101,1064.27,392.09,1932.66,9524.57,8976.44,0,0.065,0.6376,0,0
2026-09-09T14:54:00.378158+00:00,lateral_movement_smb_v1,lateral_movement_smb_v1__run_000,lateral_movement,T1021.002,3,1,-0.0,0.9727,0.0129,23837.92,21567.65,0.6938,21,19,1.2695,3.6242,1.2331,0.2694,2.0413,0,1,0,0,0,0,1.0762,1135.14,327.49,1555.27,8385.07,8164.17,0,0.059,0.0,0,0
2026-09-09T14:54:05.378158+00:00,lateral_movement_smb_v1,lateral_movement_smb_v1__run_000,lateral_movement,T1021.002,7,2,0.9852,1.0,0.0,13340.32,6670.16,0.6372,14,7,0.8717,1.9012,1.1326,0.1577,1.6058,1,3,0,0,1,0,1.7631,952.88,263.55,1424.75,8252.73,8493.33,0,0.0826,0.6844,0,0
2026-09-09T14:54:10.378158+00:00,lateral_movement_smb_v1,lateral_movement_smb_v1__run_000,lateral_movement,T1021.002,2,1,-0.0,1.0,0.0236,19505.12,11919.8,0.5636,18,11,1.0587,1.7517,0.9253,0.1979,1.5189,0,1,0,0,0,0,1.5253,1083.62,447.79,1531.41,8248.0,8067.71,0,0.0727,1.7199,0,0
2026-09-09T14:54:15.378158+00:00,lateral_movement_smb_v1,lateral_movement_smb_v1__run_000,lateral_movement,T1021.002,3,2,0.9183,0.9933,0.011,20033.1,18920.15,0.6485,18,17,0.7062,1.3977,1.1217,0.1799,1.6614,0,1,0,0,0,0,1.0298,1112.95,110.29,1208.56,8481.41,8918.17,0,0.1254,0.2648,0,0
2026-09-09T14:54:20.378158+00:00,lateral_movement_smb_v1,lateral_movement_smb_v1__run_000,lateral_movement,T1021.002,3,1,-0.0,0.9691,0.0398,2919.05,973.02,0.6322,3,1,0.8675,1.158,1.085,0.1179,1.4388,0,1,0,0,0,0,1.6565,973.02,197.44,1210.27,6731.2,6640.48,0,0.0298,1.3697,0,0
2026-09-09T14:54:25.378158+00:00,lateral_movement_smb_v1,lateral_movement_smb_v1__run_000,lateral_movement,T1021.002,3,2,0.9183,1.0,0.0,4327.57,3606.31,0.6091,6,5,1.0603,2.9975,0.856,0.1064,1.1751,0,1,0,0,0,0,1.0234,721.26,56.95,785.55,8554.26,9465.73,0,0.0969,1.2984,0,0
2026-09-09T14:54:30.378158+00:00,lateral_movement_smb_v1,lateral_movement_smb_v1__run_000,lateral_movement,T1021.002,4,1,-0.0,0.9902,0.0,2955.31,2216.48,0.6942,4,3,0.7327,1.7916,1.2182,0.2361,1.9265,0,2,0,0,0,0,1.0617,738.83,244.39,1103.57,10960.17,8347.12,0,0.0219,2.338,0,0
2026-09-09T14:54:35.378158+00:00,lateral_movement_smb_v1,lateral_movement_smb_v1__run_000,lateral_movement,T1021.002,0,0,0.0,0.9523,0.0472,0.0,0.0,0.5788,0,0,0.7388,1.3708,1.0786,0.1281,1.463,0,0,0,0,0,0,1.5931,1187.9,0.0,1187.9,8442.92,8993.98,0,0.0401,0.7726,0,0
2026-09-09T14:54:40.378158+00:00,lateral_movement_smb_v1,lateral_movement_smb_v1__run_000,lateral_movement,T1021.002,2,2,1.0,1.0,0.0011,8883.46,5710.79,0.6596,14,9,1.4968,2.4633,1.0483,0.2807,1.8904,0,0,0,0,0,0,1.5159,634.53,13.11,647.65,7436.66,8505.78,0,0.0568,1.1075,0,0
2026-09-09T14:54:45.378158+00:00,lateral_movement_smb_v1,lateral_movement_smb_v1__run_000,lateral_movement,T1021.002,7,2,0.8631,1.0,0.0,35325.66,20186.09,0.6455,35,20,1.0822,3.1587,0.9353,0.0974,1.2275,1,3,0,0,1,0,1.6667,1009.3,326.52,1476.89,8278.52,9845.53,0,0.0689,1.0614,0,0
2026-09-09T14:54:50.378158+00:00,lateral_movement_smb_v1,lateral_movement_smb_v1__run_000,lateral_movement,T1021.002,5,2,0.7219,1.0,0.0,14112.37,9878.66,0.7168,20,14,1.0253,2.0934,0.8317,0.1665,1.3312,0,2,0,0,0,0,1.3666,705.62,136.07,955.68,7404.15,9179.39,0,0.102,1.5765,0,0
2026-09-09T14:54:55.378158+00:00,lateral_movement_smb_v1,lateral_movement_smb_v1__run_000,lateral_movement,T1021.002,4,2,0.8113,1.0,0.0,25737.72,24665.32,0.6229,24,23,1.2564,2.9886,1.0306,0.2903,1.9016,0,2,0,0,0,0,1.041,1072.41,282.14,1487.73,8971.95,7750.08,0,0.0967,0.4162,0,0
2026-09-09T14:55:00.378158+00:00,lateral_movement_smb_v1,lateral_movement_smb_v1__run_000,lateral_movement,T1021.002,4,1,-0.0,0.9525,0.045,28618.19,24643.44,0.6524,36,31,0.741,1.9103,0.8136,0.2256,1.4904,0,2,0,0,0,0,1.1359,794.95,283.27,1192.5,9146.51,7051.84,0,0.0651,1.4646,0,0
2026-09-09T14:55:05.378158+00:00,lateral_movement_smb_v1,lateral_movement_smb_v1__run_000,lateral_movement,T1021.002,3,1,-0.0,1.0,0.0151,5196.32,5196.32,0.5426,6,6,1.7355,3.5765,0.9707,0.2296,1.6594,0,1,0,0,0,0,0.971,866.05,187.52,1128.97,7162.44,9705.0,0,0.0774,1.1426,0,0
2026-09-09T14:55:10.378158+00:00,lateral_movement_smb_v1,lateral_movement_smb_v1__run_000,lateral_movement,T1021.002,8,2,1.0,0.9657,0.0445,70396.64,46931.09,0.658,72,48,1.3563,3.411,1.0116,0.2406,1.7334,1,3,0,0,1,0,1.4763,977.73,174.59,1230.89,8224.6,9705.9,0,0.0527,0.0286,0,0
2026-09-09T14:55:15.378158+00:00,lateral_movement_smb_v1,lateral_movement_smb_v1__run_000,lateral_movement,T1021.002,2,2,1.0,1.0,0.0,7392.47,10164.64,0.6383,8,11,1.4975,2.1479,1.0724,0.1922,1.649,0,0,0,0,0,0,0.7006,924.06,414.77,1338.83,7251.35,6310.95,0,0.1056,1.7687,0,0
2026-09-09T14:55:20.378158+00:00,lateral_movement_smb_v1,lateral_movement_smb_v1__run_000,lateral_movement,T1021.002,6,2,0.65,1.0,0.0,47700.11,53883.46,0.6016,54,61,0.6302,1.5408,1.0707,0.2097,1.6999,1,3,0,0,0,0,0.8769,883.34,339.99,1570.23,8308.18,9641.9,0,0.1268,1.1629,0,0
2026-09-09T14:55:25.378158+00:00,lateral_movement_smb_v1,lateral_movement_smb_v1__run_000,lateral_movement,T1021.002,4,2,1.0,1.0,0.0,20321.62,13547.75,0.6478,24,16,1.7528,4.5855,1.2785,0.3538,2.3401,0,2,0,0,0,0,1.4157,846.73,124.26,994.4,8596.94,7846.93,0,0.1177,0.6598,0,0
2026-09-09T14:55:30.378158+00:00,lateral_movement_smb_v1,lateral_movement_smb_v1__run_000,lateral_movement,T1021.002,7,2,0.9852,0.9893,0.0,23562.5,19354.91,0.6739,28,23,0.6727,0.9733,0.9526,0.2591,1.73,1,3,0,0,0,0,1.2071,841.52,301.47,1247.56,7695.25,7382.37,0,0.0593,0.8336,0,1
2026-09-09T14:55:35.378158+00:00,lateral_movement_smb_v1,lateral_movement_smb_v1__run_000,lateral_movement,T1021.002,9,2,0.9911,0.9866,0.0162,50592.01,36538.68,0.6212,54,39,1.2478,3.3581,0.8865,0.2396,1.6054,1,4,0,0,1,0,1.3722,936.89,409.09,1884.55,9418.0,8736.65,0,0.0689,0.5836,0,0
2026-09-09T14:55:40.378158+00:00,lateral_movement_smb_v1,lateral_movement_smb_v1__run_000,lateral_movement,T1021.002,7,2,0.9852,1.0,0.0,31462.94,20226.17,0.5278,42,27,1.5708,2.8282,0.9799,0.1389,1.3966,1,3,0,0,0,0,1.5097,749.12,171.84,1019.16,8127.1,6163.82,0,0.0884,0.7567,0,0
2026-09-09T14:55:45.378158+00:00,lateral_movement_smb_v1,lateral_movement_smb_v1__run_000,lateral_movement,T1021.002,4,2,1.0,0.9875,0.0155,15979.4,12783.52,0.7296,20,16,0.4344,0.6998,0.9512,0.2022,1.5578,0,1,0,0,0,0,1.2038,798.97,201.15,1008.73,9378.28,9227.27,0,0.0733,0.6664,0,1
2026-09-09T14:55:50.378158+00:00,lateral_movement_smb_v1,lateral_movement_smb_v1__run_000,lateral_movement,T1021.002,3,2,0.9183,1.0,0.0,5810.55,2905.27,0.724,6,3,1.446,1.7932,1.1084,0.1879,1.6721,0,1,0,0,0,0,1.6771,968.42,6.64,975.03,7608.02,8071.89,0,0.1299,1.5195,0,0
2026-09-09T14:55:55.378158+00:00,lateral_movement_smb_v1,lateral_movement_smb_v1__run_000,lateral_movement,T1021.002,8,2,0.9544,0.9904,0.0153,53134.78,40681.31,0.7722,64,49,0.5317,1.2738,0.947,0.1619,1.4328,1,4,0,0,1,0,1.2946,830.23,208.36,1173.29,9769.27,7198.01,0,0.1438,0.5772,0,0
2026-09-09T14:56:00.378158+00:00,lateral_movement_smb_v1,lateral_movement_smb_v1__run_000,lateral_movement,T1021.002,4,2,1.0,1.0,0.0,9194.45,6129.63,0.6816,12,8,0.7377,1.9802,0.8751,0.2386,1.591,0,2,0,0,0,0,1.4049,766.2,150.71,979.05,8503.86,9381.63,0,0.0479,1.8608,0,0
2026-09-09T14:56:05.378158+00:00,lateral_movement_smb_v1,lateral_movement_smb_v1__run_000,lateral_movement,T1021.002,5,2,0.971,1.0,0.024,43060.27,21051.69,0.8151,45,22,0.6752,1.9666,0.6873,0.1504,1.1384,1,2,0,0,0,0,2.0071,956.89,204.42,1179.08,8394.52,7148.91,0,0.1035,1.1272,0,0
2026-09-09T14:56:10.378158+00:00,lateral_movement_smb_v1,lateral_movement_smb_v1__run_000,lateral_movement,T1021.002,8,2,0.9544,0.9824,0.0236,17401.98,14501.65,0.6354,24,20,1.0123,1.8802,0.9347,0.2263,1.6136,1,4,0,0,1,0,1.1766,725.08,185.08,995.86,9747.21,8208.86,0,0.0907,1.3562,0,0
2026-09-09T14:56:15.378158+00:00,lateral_movement_smb_v1,lateral_movement_smb_v1__run_000,lateral_movement,T1021.002,6,2,0.65,0.9626,0.0267,30202.9,19128.5,0.6322,30,19,0.5431,0.6715,1.0137,0.2968,1.904,1,3,0,0,0,0,1.5471,1006.76,350.88,1370.9,8350.07,9922.23,0,0.0909,0.6567,0,0
2026-09-09T14:56:20.378158+00:00,lateral_movement_smb_v1,lateral_movement_smb_v1__run_000,lateral_movement,T1021.002,9,2,0.9911,1.0,0.0129,73210.81,90496.7,0.6519,72,89,0.7526,2.0057,0.8399,0.1862,1.3985,1,4,0,0,1,0,0.8003,1016.82,393.29,1762.89,8085.31,9088.08,0,0.041,0.8734,0,0
2026-09-09T14:56:25.378158+00:00,lateral_movement_smb_v1,lateral_movement_smb_v1__run_000,lateral_movement,T1021.002,6,2,0.65,1.0,0.0,20658.81,19281.56,0.6568,30,28,1.1426,3.4277,0.7443,0.1232,1.114,1,3,0,0,0,0,1.0461,688.63,208.27,1053.9,7741.96,6531.86,0,0.0735,1.5761,0,0
2026-09-09T14:56:30.378158+00:00,lateral_movement_smb_v1,lateral_movement_smb_v1__run_000,lateral_movement,T1021.002,8,2,0.8113,1.0,0.0184,13629.85,11074.25,0.6251,16,13,1.2082,3.2803,1.2341,0.3624,2.3213,1,3,0,0,1,0,1.1557,851.87,261.61,1314.85,8004.75,8037.14,0,0.1022,1.6723,0,0
2026-09-09T14:56:35.378158+00:00,lateral_movement_smb_v1,lateral_movement_smb_v1__run_000,lateral_movement,T1021.002,5,2,0.971,1.0,0.0,10191.67,9512.23,0.631,15,14,0.811,1.0108,1.1214,0.304,2.0332,0,2,0,0,0,0,1.0523,679.44,143.33,925.04,8888.03,7936.6,0,0.0958,1.4683,0,0
2026-09-09T14:56:40.378158+00:00,lateral_movement_smb_v1,lateral_movement_smb_v1__run_000,lateral_movement,T1021.002,4,2,1.0,0.984,0.038,30105.96,21743.19,0.6079,36,26,0.9601,2.8178,0.8385,0.2471,1.5798,0,1,0,0,0,0,1.3621,836.28,246.23,1092.66,7906.53,7424.9,0,0.0847,1.0912,0,0
2026-09-09T14:56:45.378158+00:00,lateral_movement_smb_v1,lateral_movement_smb_v1__run_000,lateral_movement,T1021.002,4,2,0.8113,0.9603,0.0261,23775.35,25756.63,0.662,24,26,1.1221,1.6655,0.9387,0.1255,1.315,0,1,0,0,0,0,0.9045,990.64,275.6,1401.67,8109.12,7417.06,0,0.0508,1.3467,0,0
2026-09-09T14:56:50.378158+00:00,lateral_movement_smb_v1,lateral_movement_smb_v1__run_000,lateral_movement,T1021.002,6,2,0.9183,0.9641,0.033,25093.03,35966.68,0.5448,30,43,1.0705,2.1646,1.0682,0.1641,1.5606,1,3,0,0,0,0,0.6907,836.43,212.51,1263.13,8920.65,7141.32,0,0.1829,0.4074,0,0
2026-09-09T14:56:55.378158+00:00,lateral_movement_smb_v1,lateral_movement_smb_v1__run_000,lateral_movement,T1021.002,7,2,0.9852,1.0,0.0335,30203.93,34518.78,0.632,35,40,1.0701,3.1545,1.093,0.2164,1.7421,1,3,0,0,1,0,0.8555,862.97,477.13,1965.5,7070.27,7492.9,0,0.0767,0.9277,0,0
2026-09-09T14:57:00.378158+00:00,lateral_movement_smb_v1,lateral_movement_smb_v1__run_000,lateral_movement,T1021.002,4,2,0.8113,0.9359,0.0557,6779.39,6779.39,0.6089,8,8,0.6866,1.3071,1.0388,0.1585,1.5141,0,1,0,0,0,0,0.9848,847.42,381.43,1503.57,9262.86,8099.93,0,0.1078,1.3545,0,0
2026-09-09T14:57:05.378158+00:00,lateral_movement_smb_v1,lateral_movement_smb_v1__run_000,lateral_movement,T1021.002,5,2,0.971,0.9695,0.0,20888.28,25065.93,0.5926,30,36,1.6203,2.6896,1.0042,0.2647,1.7983,1,2,0,0,0,0,0.8152,696.28,155.15,898.03,8934.21,7254.94,0,0.0681,0.5147,0,0
2026-09-09T14:57:10.378158+00:00,lateral_movement_smb_v1,lateral_movement_smb_v1__run_000,lateral_movement,T1021.002,11,2,0.994,1.0,0.0356,91601.75,73096.35,0.7182,99,79,1.0132,2.9746,0.9535,0.1466,1.3932,2,5,1,0,1,0,1.2402,925.27,274.49,1530.66,6235.6,8839.6,0,0.0,0.8816,0,0
2026-09-09T14:57:15.378158+00:00,lateral_movement_smb_v1,lateral_movement_smb_v1__run_000,lateral_movement,T1021.002,4,1,-0.0,1.0,0.0107,16429.63,25671.29,0.631,16,25,1.6038,3.1763,1.0438,0.3007,1.9459,0,2,0,0,0,0,0.6213,1026.85,315.04,1333.57,7555.5,6845.97,0,0.0899,2.0916,0,0
2026-09-09T14:57:20.378158+00:00,lateral_movement_smb_v1,lateral_movement_smb_v1__run_000,lateral_movement,T1021.002,6,2,0.9183,1.0,0.0087,36623.06,33135.15,0.6851,42,38,0.7958,1.2094,0.9863,0.1592,1.4639,1,3,0,0,0,0,1.0833,871.98,129.5,1059.44,8968.71,8783.68,0,0.0673,1.4108,0,0
2026-09-09T14:57:25.378158+00:00,lateral_movement_smb_v1,lateral_movement_smb_v1__run_000,lateral_movement,T1021.002,4,2,1.0,1.0,0.0,20149.94,14392.81,0.613,28,20,1.2904,2.0214,1.0512,0.1113,1.385,0,2,0,0,0,0,1.3807,719.64,92.14,797.81,9397.8,7336.07,0,0.0562,0.4896,0,0
2026-09-09T14:57:30.378158+00:00,lateral_movement_smb_v1,lateral_movement_smb_v1__run_000,lateral_movement,T1021.002,4,2,0.8113,1.0,0.0,28852.51,15456.7,0.7139,28,15,0.7523,1.0526,0.9254,0.2402,1.646,0,2,0,0,0,0,1.7776,1030.45,102.95,1128.32,8841.81,6845.95,0,0.1005,1.1041,0,0
2026-09-09T14:57:35.378158+00:00,lateral_movement_smb_v1,lateral_movement_smb_v1__run_000,lateral_movement,T1021.002,5,2,0.971,0.9909,0.0249,11217.29,6730.37,0.5635,10,6,1.5616,3.0148,1.1828,0.3315,2.1773,1,2,0,0,0,0,1.5772,1121.73,187.84,1467.01,9136.82,9280.73,0,0.0929,0.0,1,0
2026-09-09T14:57:40.378158+00:00,lateral_movement_smb_v1,lateral_movement_smb_v1__run_000,lateral_movement,T1021.002,7,2,0.9852,0.9477,0.0185,34622.17,31654.56,0.6554,35,32,0.5914,1.3218,0.9755,0.1529,1.4342,1,3,0,0,0,0,1.0768,989.2,297.15,1266.03,7372.13,8344.63,0,0.0842,1.2819,0,0
2026-09-09T14:57:45.378158+00:00,lateral_movement_smb_v1,lateral_movement_smb_v1__run_000,lateral_movement,T1021.002,2,1,-0.0,1.0,0.0,14864.37,13377.93,0.7217,20,18,0.6312,0.8055,0.9961,0.1917,1.5711,0,1,0,0,0,0,1.0592,743.22,133.73,876.95,9054.94,8410.57,0,0.0372,0.2936,0,0
2026-09-09T14:57:50.378158+00:00,lateral_movement_smb_v1,lateral_movement_smb_v1__run_000,lateral_movement,T1021.002,11,2,0.684,0.9847,0.0141,60462.02,71455.12,0.6358,66,78,1.139,1.775,0.9532,0.2057,1.5702,2,5,1,0,1,0,0.8388,916.09,320.69,1545.31,6683.06,6709.94,0,0.1375,0.9694,1,0
2026-09-09T14:57:55.378158+00:00,lateral_movement_smb_v1,lateral_movement_smb_v1__run_000,lateral_movement,T1021.002,7,2,0.9852,1.0,0.0,28378.92,20270.65,0.703,35,25,1.3978,1.7554,0.8102,0.1311,1.2036,1,3,0,0,1,0,1.3773,810.83,187.62,1026.18,8765.77,7365.82,0,0.1081,1.2551,0,0
2026-09-09T14:58:00.378158+00:00,lateral_movement_smb_v1,lateral_movement_smb_v1__run_000,lateral_movement,T1021.002,11,2,0.994,1.0,0.0194,44232.87,28148.19,0.6305,55,35,0.9434,1.4073,0.8646,0.2545,1.6283,2,5,1,0,1,0,1.5355,804.23,256.41,1169.43,10272.65,9641.89,0,0.0975,0.9163,0,0
2026-09-09T14:58:05.378158+00:00,lateral_movement_smb_v1,lateral_movement_smb_v1__run_000,lateral_movement,T1021.002,6,2,1.0,0.9645,0.0402,29041.51,18392.96,0.6627,30,19,0.957,2.6773,0.9281,0.2633,1.718,1,2,0,0,0,0,1.5419,968.05,281.51,1440.57,8524.56,6148.73,0,0.1299,1.7697,0,0
2026-09-09T14:58:10.378158+00:00,lateral_movement_smb_v1,lateral_movement_smb_v1__run_000,lateral_movement,T1021.002,8,2,0.9544,1.0,0.0,83879.5,77326.41,0.5538,64,59,1.2515,2.4464,0.8399,0.2423,1.5668,1,3,0,0,1,0,1.0796,1310.62,293.3,1894.52,7707.0,7442.89,0,0.0309,0.3766,0,0
2026-09-09T14:58:15.378158+00:00,lateral_movement_smb_v1,lateral_movement_smb_v1__run_000,lateral_movement,T1021.002,7,2,0.9852,1.0,0.0,17109.25,12220.89,0.6785,21,15,1.1855,3.3727,0.7009,0.1913,1.2749,1,3,0,0,1,0,1.3692,814.73,164.67,1031.68,8235.51,8436.02,0,0.1241,0.9362,1,0
2026-09-09T14:58:20.378158+00:00,lateral_movement_smb_v1,lateral_movement_smb_v1__run_000,lateral_movement,T1021.002,9,2,0.9183,1.0,0.0001,62009.17,83540.13,0.6663,72,97,0.5006,1.0296,0.9521,0.1492,1.3998,1,4,0,0,1,0,0.7354,861.24,284.64,1326.32,7514.36,7844.83,0,0.0972,1.7236,1,0
2026-09-09T14:58:25.378158+00:00,lateral_movement_smb_v1,lateral_movement_smb_v1__run_000,lateral_movement,T1021.002,5,2,0.971,0.9374,0.061,27879.31,23697.41,0.7312,40,34,0.931,1.8888,0.9738,0.0996,1.2727,1,2,0,0,0,0,1.1715,696.98,172.12,964.35,9676.0,7280.18,0,0.0733,1.197,0,0
2026-09-09T14:58:30.378158+00:00,lateral_movement_smb_v1,lateral_movement_smb_v1__run_000,lateral_movement,T1021.002,5,2,0.971,0.985,0.005,24848.58,19878.86,0.6347,35,28,1.6589,4.8117,1.0047,0.2919,1.8803,1,2,0,0,0,0,1.2261,709.96,160.63,942.19,7843.69,10093.66,0,0.1491,0.9293,0,0
2026-09-09T14:58:35.378158+00:00,lateral_movement_smb_v1,lateral_movement_smb_v1__run_000,lateral_movement,T1021.002,3,2,0.9183,1.0,0.0,8826.83,5884.55,0.6225,9,6,0.9206,1.8015,0.9199,0.2381,1.6342,0,1,0,0,0,0,1.3047,980.76,319.56,1318.9,7462.75,8711.57,0,0.061,1.0256,0,0
2026-09-09T14:58:40.378158+00:00,lateral_movement_smb_v1,lateral_movement_smb_v1__run_000,lateral_movement,T1021.002,10,2,0.971,0.9882,0.0,40585.89,42615.19,0.6459,40,42,0.9111,2.6414,1.0027,0.1808,1.545,1,5,0,0,1,0,0.9424,1014.65,253.91,1613.52,8471.57,6774.2,0,0.0804,1.6664,0,0
2026-09-09T14:58:45.378158+00:00,lateral_movement_smb_v1,lateral_movement_smb_v1__run_000,lateral_movement,T1021.002,1,1,-0.0,0.9856,0.0503,4740.16,2844.1,0.6326,5,3,1.4121,3.2512,1.3946,0.149,1.8415,0,0,0,0,0,0,1.496,948.03,0.0,948.03,7501.61,9118.45,0,0.0187,0.8862,0,0
2026-09-09T14:58:50.378158+00:00,lateral_movement_smb_v1,lateral_movement_smb_v1__run_000,lateral_movement,T1021.002,4,2,0.8113,0.9394,0.0494,24391.33,41329.75,0.5784,36,61,0.6384,1.1208,0.8363,0.113,1.1755,0,2,0,0,0,0,0.5853,677.54,237.1,955.1,7802.41,8711.11,0,0.0725,0.6978,0,0
2026-09-09T14:58:55.378158+00:00,lateral_movement_smb_v1,lateral_movement_smb_v1__run_000,lateral_movement,T1021.002,3,1,-0.0,0.9967,0.0003,35284.36,26730.58,0.7293,33,25,1.2865,2.8429,0.9221,0.1168,1.2725,0,1,0,0,0,0,1.2716,1069.22,314.66,1403.31,10441.11,8186.11,0,0.0266,1.6114,0,0
2026-09-09T14:59:00.378158+00:00,lateral_movement_smb_v1,lateral_movement_smb_v1__run_000,lateral_movement,T1021.002,5,2,0.7219,0.9857,0.0,27844.75,33413.7,0.5995,35,42,1.5088,1.834,0.9021,0.1861,1.4603,0,2,0,0,0,0,0.8183,795.56,239.44,1070.52,9705.57,8569.23,0,0.0973,0.3631,0,1
2026-09-09T14:59:05.378158+00:00,lateral_movement_smb_v1,lateral_movement_smb_v1__run_000,lateral_movement,T1021.002,8,2,0.8113,0.9785,0.0344,26963.67,41288.12,0.7054,32,49,0.8041,1.7082,0.7174,0.1033,1.0274,1,3,0,0,1,0,0.6405,842.61,250.39,1363.96,8649.59,7551.55,0,0.1281,0.7512,0,0
2026-09-09T14:59:10.378158+00:00,lateral_movement_smb_v1,lateral_movement_smb_v1__run_000,lateral_movement,T1021.002,6,2,0.9183,0.9535,0.0787,30591.54,17845.07,0.6898,36,21,0.6549,1.3868,1.2936,0.3125,2.231,1,2,0,0,0,0,1.668,849.77,305.79,1244.87,7934.82,9315.57,0,0.108,0.933,0,0
2026-09-09T14:59:15.378158+00:00,lateral_movement_smb_v1,lateral_movement_smb_v1__run_000,lateral_movement,T1021.002,3,2,0.9183,0.9795,0.0,34861.3,18771.47,0.6549,39,21,1.2734,3.0485,0.9022,0.2591,1.6794,0,1,0,0,0,0,1.8256,893.88,188.95,1141.7,8012.75,6889.28,0,0.077,0.6736,0,0
2026-09-09T14:59:20.378158+00:00,lateral_movement_smb_v1,lateral_movement_smb_v1__run_000,lateral_movement,T1021.002,3,1,-0.0,0.9973,0.0006,6654.69,11830.56,0.7127,9,16,0.7911,1.0451,0.8561,0.2446,1.59,0,1,0,0,0,0,0.5433,739.41,234.59,1060.02,9232.58,7587.5,0,0.0456,0.2449,0,0
2026-09-09T14:59:25.378158+00:00,lateral_movement_smb_v1,lateral_movement_smb_v1__run_000,lateral_movement,T1021.002,8,2,0.5436,0.9764,0.0399,48059.7,38619.4,0.6844,56,45,1.2475,3.1886,0.9542,0.132,1.3502,1,3,0,0,1,0,1.2226,858.21,219.52,1327.89,6542.42,8410.26,0,0.097,0.9124,0,0
2026-09-09T14:59:30.378158+00:00,lateral_movement_smb_v1,lateral_movement_smb_v1__run_000,lateral_movement,T1021.002,3,2,0.9183,1.0,0.0,17403.63,10635.55,0.6263,18,11,0.7278,1.19,0.8981,0.1685,1.4037,0,1,0,0,0,0,1.5568,966.87,305.05,1232.06,10544.38,8337.6,0,0.1142,1.3715,1,0
2026-09-09T14:59:35.378158+00:00,lateral_movement_smb_v1,lateral_movement_smb_v1__run_000,lateral_movement,T1021.002,5,2,0.971,1.0,0.0,37411.75,45963.01,0.6149,35,43,1.2027,3.5904,1.2751,0.2864,2.1343,0,2,0,0,0,0,0.8103,1068.91,236.15,1278.25,7767.73,8037.56,0,0.104,0.4157,0,0
2026-09-09T14:59:40.378158+00:00,lateral_movement_smb_v1,lateral_movement_smb_v1__run_000,lateral_movement,T1021.002,2,2,1.0,1.0,0.0002,9905.53,4952.76,0.6782,10,5,1.1412,1.6266,1.1953,0.1617,1.6804,0,0,0,0,0,0,1.7584,990.55,27.18,1017.73,9031.35,8818.99,0,0.0823,1.9804,0,0
2026-09-09T14:59:45.378158+00:00,lateral_movement_smb_v1,lateral_movement_smb_v1__run_000,lateral_movement,T1021.002,6,2,1.0,0.9517,0.0486,37591.78,36025.45,0.692,48,46,1.1347,2.5945,0.8433,0.2064,1.4627,1,3,0,0,0,0,1.0232,783.16,315.35,1388.63,9911.37,6114.7,0,0.0629,0.5899,0,0
2026-09-09T14:59:50.378158+00:00,lateral_movement_smb_v1,lateral_movement_smb_v1__run_000,lateral_movement,T1021.002,5,2,0.971,0.9861,0.0,20494.1,16395.28,0.5914,20,16,0.9449,1.9459,0.9617,0.1041,1.2741,1,2,0,0,0,0,1.2135,1024.7,335.02,1482.22,8177.56,8997.14,0,0.0922,0.4369,0,0
2026-09-09T14:59:55.378158+00:00,lateral_movement_smb_v1,lateral_movement_smb_v1__run_000,lateral_movement,T1021.002,7,2,0.9852,0.9608,0.0404,26839.5,19810.11,0.6599,42,31,1.1656,2.6141,1.0177,0.124,1.3896,1,3,0,0,1,0,1.327,639.04,141.72,861.67,8623.18,8488.58,0,0.0705,0.1416,0,0
2026-09-09T15:00:00.378158+00:00,lateral_movement_smb_v1,lateral_movement_smb_v1__run_000,lateral_movement,T1021.002,8,2,0.8113,0.9967,0.0,36056.49,32450.84,0.7126,40,36,1.1791,2.2441,0.9544,0.1931,1.5336,1,4,0,0,1,0,1.0819,901.41,156.83,1094.4,7595.2,7833.27,0,0.096,0.0992,0,0
2026-09-09T15:00:05.378158+00:00,lateral_movement_smb_v1,lateral_movement_smb_v1__run_000,lateral_movement,T1021.002,5,2,0.971,1.0,0.011,23274.47,21279.52,0.608,35,32,0.8278,1.5089,0.8841,0.1511,1.3375,0,2,0,0,0,0,1.07,664.98,95.31,756.06,7487.34,8569.63,0,0.0948,0.6995,0,0
2026-09-09T15:00:10.378158+00:00,lateral_movement_smb_v1,lateral_movement_smb_v1__run_000,lateral_movement,T1021.002,6,2,0.9183,0.9559,0.0461,18158.65,10088.14,0.6807,18,10,1.6578,4.4789,1.3862,0.3821,2.5325,1,2,0,0,0,0,1.732,1008.81,205.43,1294.93,8357.6,8812.57,0,0.0777,0.6786,0,0
2026-09-09T15:00:15.378158+00:00,lateral_movement_smb_v1,lateral_movement_smb_v1__run_000,lateral_movement,T1021.002,5,2,0.971,1.0,0.0,25364.13,28987.57,0.7,35,40,0.7166,0.9521,1.2507,0.3565,2.3202,1,2,0,0,0,0,0.8682,724.69,117.25,866.64,7673.23,7759.83,0,0.126,0.5459,0,0
2026-09-09T15:00:20.378158+00:00,lateral_movement_smb_v1,lateral_movement_smb_v1__run_000,lateral_movement,T1021.002,6,2,1.0,0.947,0.0455,23161.26,13510.74,0.6208,24,14,0.9054,1.1342,0.9832,0.2081,1.6075,1,3,0,0,0,0,1.7062,965.05,359.93,1670.94,8449.36,10125.8,0,0.1009,0.306,0,0
2026-09-09T15:00:25.378158+00:00,lateral_movement_smb_v1,lateral_movement_smb_v1__run_000,lateral_movement,T1021.002,14,2,0.8631,0.9659,0.0247,89694.47,58461.57,0.6924,112,73,0.5702,1.5526,0.8796,0.2228,1.5479,2,7,1,0,1,0,1.5164,800.84,224.45,1290.93,7528.45,7610.1,0,0.0997,0.3408,0,0
2026-09-09T15:00:30.378158+00:00,lateral_movement_smb_v1,lateral_movement_smb_v1__run_000,lateral_movement,T1021.002,4,2,0.8113,0.9721,0.0498,13774.03,12052.28,0.6799,16,14,1.2784,1.9511,0.8545,0.1648,1.3489,0,1,0,0,0,0,1.1114,860.88,259.99,1276.21,7912.73,8320.05,0,0.1079,0.9823,0,0
2026-09-09T15:00:35.378158+00:00,lateral_movement_smb_v1,lateral_movement_smb_v1__run_000,lateral_movement,T1021.002,3,2,0.9183,0.9852,0.0337,7612.32,5920.69,0.5585,9,7,1.3519,2.0054,0.9012,0.1487,1.3472,0,1,0,0,0,0,1.2708,845.81,417.3,1432.76,7218.43,8859.28,0,0.0559,0.438,0,1
2026-09-09T15:00:40.378158+00:00,lateral_movement_smb_v1,lateral_movement_smb_v1__run_000,lateral_movement,T1021.002,3,2,0.9183,0.9765,0.0269,33639.32,27409.82,0.6241,27,22,1.4962,2.2738,1.2206,0.2491,1.968,0,1,0,0,0,0,1.1887,1245.9,26.99,1283.61,7027.05,6248.6,0,0.1059,1.2342,0,0
2026-09-09T15:00:45.378158+00:00,lateral_movement_smb_v1,lateral_movement_smb_v1__run_000,lateral_movement,T1021.002,6,2,0.65,0.9506,0.033,38996.83,30330.86,0.6111,36,28,0.7311,2.016,0.8054,0.0879,1.0691,1,2,0,0,1,0,1.2791,1083.25,437.42,1846.2,9458.48,8614.0,0,0.063,0.0,0,0
2026-09-09T15:00:50.378158+00:00,lateral_movement_smb_v1,lateral_movement_smb_v1__run_000,lateral_movement,T1021.002,1,1,-0.0,1.0,0.0035,8237.92,5884.23,0.7217,7,5,1.7631,4.3989,1.1792,0.1186,1.5349,0,0,0,0,0,0,1.1769,1176.85,0.0,1176.85,9788.2,9223.9,0,0.0409,1.2801,0,0
2026-09-09T15:00:55.378158+00:00,lateral_movement_smb_v1,lateral_movement_smb_v1__run_000,lateral_movement,T1021.002,5,2,0.7219,1.0,0.0,21857.46,18578.84,0.7485,20,17,1.2157,1.5419,0.8273,0.2246,1.5012,1,2,0,0,0,0,1.1763,1092.87,200.13,1456.71,7707.77,8683.98,0,0.1582,0.7485,0,1
2026-09-09T15:01:00.378158+00:00,lateral_movement_smb_v1,lateral_movement_smb_v1__run_000,lateral_movement,T1021.002,4,2,1.0,0.9644,0.0309,9868.65,7401.49,0.6159,12,9,1.0389,1.9289,1.0988,0.1983,1.6937,0,2,0,0,0,0,1.3261,822.39,182.3,1092.12,8509.02,7571.69,0,0.1213,0.5243,0,0
2026-09-09T15:01:05.378158+00:00,lateral_movement_smb_v1,lateral_movement_smb_v1__run_000,lateral_movement,T1021.002,6,2,0.9183,1.0,0.0011,35329.74,23553.16,0.5887,30,20,0.5735,1.6653,0.8821,0.2363,1.5911,1,3,0,0,0,0,1.4384,1177.66,487.96,2212.85,7933.4,8346.58,0,0.1056,0.3163,0,0
2026-09-09T15:01:10.378158+00:00,lateral_movement_smb_v1,lateral_movement_smb_v1__run_000,lateral_movement,T1021.002,6,2,1.0,1.0,0.0157,37379.11,48058.85,0.6429,42,54,0.8345,2.4936,1.1302,0.1833,1.68,1,2,0,0,0,0,0.7678,889.98,157.44,1103.21,9573.69,8621.28,0,0.0594,1.2648,0,1
2026-09-09T15:01:15.378158+00:00,lateral_movement_smb_v1,lateral_movement_smb_v1__run_000,lateral_movement,T1021.002,2,1,-0.0,1.0,0.0,5952.45,3571.47,0.7052,10,6,1.1577,1.5603,1.1169,0.2362,1.8254,0,1,0,0,0,0,1.5005,595.24,17.86,613.1,7551.63,6921.16,0,0.0392,1.6141,0,0
2026-09-09T15:01:20.378158+00:00,lateral_movement_smb_v1,lateral_movement_smb_v1__run_000,lateral_movement,T1021.002,6,2,1.0,0.9126,0.0943,23406.04,14628.77,0.702,24,15,1.2428,2.6035,0.9863,0.2629,1.7751,1,2,0,0,0,0,1.5633,975.25,317.9,1444.49,9855.5,8179.95,0,0.0923,0.3527,0,0
2026-09-09T15:01:25.378158+00:00,lateral_movement_smb_v1,lateral_movement_smb_v1__run_000,lateral_movement,T1021.002,6,2,0.9183,0.9863,0.0013,40298.94,31903.32,0.5788,48,38,1.4986,2.4134,1.068,0.1861,1.6263,1,3,0,0,0,0,1.2424,839.56,173.64,1153.59,8615.23,7112.0,0,0.1451,1.8668,0,0
2026-09-09T15:01:30.378158+00:00,lateral_movement_smb_v1,lateral_movement_smb_v1__run_000,lateral_movement,T1021.002,9,2,0.9911,0.9579,0.0263,61527.16,44436.28,0.6656,72,52,1.2233,3.2165,0.9756,0.2598,1.755,1,4,0,0,1,0,1.367,854.54,193.26,1159.8,6173.67,7010.53,0,0.0843,1.6087,0,0
2026-09-09T15:01:35.378158+00:00,lateral_movement_smb_v1,lateral_movement_smb_v1__run_000,lateral_movement,T1021.002,5,2,0.971,1.0,0.0,11142.4,11142.4,0.6362,15,15,0.5383,1.0287,0.877,0.2519,1.6326,1,2,0,0,0,0,0.971,742.83,138.26,996.39,8238.78,7785.61,0,0.0705,0.6612,0,0
2026-09-09T15:01:40.378158+00:00,lateral_movement_smb_v1,lateral_movement_smb_v1__run_000,lateral_movement,T1021.002,4,2,0.8113,0.9856,0.0231,19862.97,14897.23,0.5962,20,15,1.0354,1.2526,1.0221,0.2,1.6222,0,2,0,0,0,0,1.3127,993.15,86.6,1074.76,7465.89,8737.66,0,0.0811,1.2788,0,0
2026-09-09T15:01:45.378158+00:00,lateral_movement_smb_v1,lateral_movement_smb_v1__run_000,lateral_movement,T1021.002,10,2,0.8813,0.9696,0.035,100111.47,80089.17,0.5778,100,80,0.717,1.1048,1.1041,0.2398,1.8236,2,4,0,0,1,0,1.2426,1001.11,251.39,1378.96,8296.71,9063.02,0,0.0536,0.957,0,0
2026-09-09T15:01:50.378158+00:00,lateral_movement_smb_v1,lateral_movement_smb_v1__run_000,lateral_movement,T1021.002,3,2,0.9183,0.9939,0.0015,12065.75,8043.84,0.641,12,8,0.7451,1.5534,0.9356,0.1474,1.3777,0,1,0,0,0,0,1.3901,1005.48,185.72,1247.36,8254.3,6776.16,0,0.0636,1.3213,0,0
2026-09-09T15:01:55.378158+00:00,lateral_movement_smb_v1,lateral_movement_smb_v1__run_000,lateral_movement,T1021.002,2,2,1.0,1.0,0.0,5442.3,3401.44,0.6202,8,5,1.117,2.9249,0.7126,0.2127,1.3506,0,0,0,0,0,0,1.3559,680.29,44.46,724.75,8026.26,9104.04,0,0.0632,1.4086,0,0
2026-09-09T15:02:00.378158+00:00,lateral_movement_smb_v1,lateral_movement_smb_v1__run_000,lateral_movement,T1021.002,2,1,-0.0,0.9315,0.0778,13665.47,8540.92,0.6187,16,10,0.9724,2.4863,0.9108,0.234,1.6129,0,1,0,0,0,0,1.551,854.09,105.45,959.54,7349.96,8029.25,0,0.0,1.2444,0,0
2026-09-09T15:02:05.378158+00:00,lateral_movement_smb_v1,lateral_movement_smb_v1__run_000,lateral_movement,T1021.002,1,1,-0.0,0.9567,0.035,5349.03,3343.14,0.7421,8,5,0.7736,2.1537,0.809,0.2044,1.4223,0,0,0,0,0,0,1.3898,668.63,0.0,668.63,7677.61,8679.67,0,0.0627,0.5,0,0
2026-09-09T15:02:10.378158+00:00,lateral_movement_smb_v1,lateral_movement_smb_v1__run_000,lateral_movement,T1021.002,6,2,0.9183,0.9923,0.0023,43486.82,33823.08,0.583,36,28,0.6657,1.2731,1.0569,0.2257,1.734,1,3,0,0,0,0,1.2643,1207.97,509.39,1983.38,8176.3,9344.05,0,0.0997,0.8788,0,0
2026-09-09T15:02:15.378158+00:00,lateral_movement_smb_v1,lateral_movement_smb_v1__run_000,lateral_movement,T1021.002,5,2,0.971,1.0,0.0,15355.64,9981.17,0.6864,20,13,0.7889,1.5196,1.107,0.3074,2.0292,0,2,0,0,0,0,1.5058,767.78,143.54,946.13,9005.08,7877.12,0,0.0774,1.3867,0,0
2026-09-09T15:02:20.378158+00:00,lateral_movement_smb_v1,lateral_movement_smb_v1__run_000,lateral_movement,T1021.002,4,1,-0.0,0.9745,0.026,22760.26,17070.19,0.7164,20,15,0.8983,1.108,1.2442,0.3715,2.3589,0,1,0,0,0,0,1.3,1138.01,245.61,1387.34,8250.88,7424.4,0,0.0752,0.9512,0,0
2026-09-09T15:02:25.378158+00:00,lateral_movement_smb_v1,lateral_movement_smb_v1__run_000,lateral_movement,T1021.002,6,2,0.65,0.959,0.0056,24796.99,18184.46,0.6569,30,22,1.3384,2.66,1.0261,0.1944,1.6094,1,3,0,0,1,0,1.3392,826.57,352.07,1533.44,7824.86,7746.56,0,0.1129,1.3116,0,0
2026-09-09T15:02:30.378158+00:00,lateral_movement_smb_v1,lateral_movement_smb_v1__run_000,lateral_movement,T1021.002,1,1,-0.0,1.0,0.0,4895.47,2447.73,0.7533,4,2,1.2045,1.8946,1.0906,0.2129,1.7292,0,0,0,0,0,0,1.3672,1223.87,0.0,1223.87,8628.78,9066.79,0,0.0883,1.9723,0,0
2026-09-09T15:02:35.378158+00:00,lateral_movement_smb_v1,lateral_movement_smb_v1__run_000,lateral_movement,T1021.002,1,1,-0.0,1.0,0.0,9517.86,7614.29,0.6854,5,4,1.351,3.7042,1.2479,0.1707,1.7601,0,0,0,0,0,0,1.2187,1903.57,0.0,1903.57,8250.69,7920.63,0,0.0565,0.7501,0,0
2026-09-09T15:02:40.378158+00:00,lateral_movement_smb_v1,lateral_movement_smb_v1__run_000,lateral_movement,T1021.002,4,2,0.8113,1.0,0.0,19050.16,19050.16,0.6821,24,24,0.5347,1.1337,0.9618,0.2047,1.5758,0,2,0,0,0,0,0.9688,793.76,190.17,1039.28,6072.07,8373.24,0,0.0045,1.3643,1,0
2026-09-09T15:02:45.378158+00:00,lateral_movement_smb_v1,lateral_movement_smb_v1__run_000,lateral_movement,T1021.002,3,2,0.9183,1.0,0.0,11104.72,6477.75,0.6424,12,7,1.0903,2.8436,0.9966,0.2489,1.7433,0,1,0,0,0,0,1.6554,925.39,286.42,1215.71,8705.48,7799.6,0,0.0819,1.1127,0,0
2026-09-09T15:02:50.378158+00:00,lateral_movement_smb_v1,lateral_movement_smb_v1__run_000,lateral_movement,T1021.002,7,2,0.8631,1.0,0.0,56749.46,30806.85,0.5894,70,38,0.6639,1.9748,1.1856,0.1841,1.7379,1,3,0,0,1,0,1.8317,810.71,240.92,1260.45,7290.22,7291.07,0,0.0983,0.5116,0,0
2026-09-09T15:02:55.378158+00:00,lateral_movement_smb_v1,lateral_movement_smb_v1__run_000,lateral_movement,T1021.002,4,2,1.0,0.9346,0.0991,24042.18,25544.82,0.5994,32,34,1.3641,3.9456,0.9179,0.2202,1.5785,0,2,0,0,0,0,0.9318,751.32,69.64,813.59,10286.81,8623.06,0,0.0594,0.8921,0,1
2026-09-09T15:03:00.378158+00:00,lateral_movement_smb_v1,lateral_movement_smb_v1__run_000,lateral_movement,T1021.002,2,2,1.0,1.0,0.0,18510.17,13882.63,0.615,20,15,1.3989,4.1773,1.2488,0.1526,1.7066,0,1,0,0,0,0,1.2842,925.51,264.18,1189.69,8401.14,8372.53,0,0.0411,0.794,0,0
2026-09-09T15:03:05.378158+00:00,lateral_movement_smb_v1,lateral_movement_smb_v1__run_000,lateral_movement,T1021.002,9,2,0.5033,0.9628,0.0128,24730.99,24730.99,0.6604,27,27,0.5523,1.4953,0.87,0.2152,1.5154,1,4,0,0,1,0,0.9938,915.96,182.17,1217.47,7024.02,7701.39,0,0.0402,1.4187,0,0
2026-09-09T15:03:10.378158+00:00,lateral_movement_smb_v1,lateral_movement_smb_v1__run_000,lateral_movement,T1021.002,3,2,0.9183,1.0,0.0,34255.17,30449.04,0.6387,27,24,1.1723,3.3089,0.7875,0.1612,1.271,0,1,0,0,0,0,1.1127,1268.71,407.0,1765.13,8735.19,8373.57,0,0.1171,1.2123,0,0
2026-09-09T15:03:15.378158+00:00,lateral_movement_smb_v1,lateral_movement_smb_v1__run_000,lateral_movement,T1021.002,4,2,1.0,0.9815,0.0475,15564.74,12646.35,0.6601,16,13,1.4676,2.6672,0.7304,0.0767,0.9605,0,1,0,0,0,0,1.2169,972.8,153.47,1192.37,9924.04,8074.92,0,0.1058,0.8119,0,0
2026-09-09T15:03:20.378158+00:00,lateral_movement_smb_v1,lateral_movement_smb_v1__run_000,lateral_movement,T1021.002,7,2,0.5917,0.9831,0.0242,41809.04,55994.25,0.7443,56,75,1.2423,1.5711,0.9465,0.1911,1.5197,1,3,0,0,0,0,0.7407,746.59,135.12,1025.01,8800.3,7289.45,0,0.1033,1.3593,0,0
2026-09-09T15:03:25.378158+00:00,lateral_movement_smb_v1,lateral_movement_smb_v1__run_000,lateral_movement,T1021.002,4,2,1.0,1.0,0.0,13726.6,9437.03,0.657,16,11,0.4572,0.9532,0.9009,0.1514,1.355,0,2,0,0,0,0,1.3959,857.91,146.96,1063.92,7565.36,8139.12,0,0.1163,0.7942,0,0
2026-09-09T15:03:30.378158+00:00,lateral_movement_smb_v1,lateral_movement_smb_v1__run_000,lateral_movement,T1021.002,4,2,1.0,1.0,0.0,21159.15,13753.45,0.6737,20,13,0.4581,1.2845,0.8581,0.1866,1.4178,0,2,0,0,0,0,1.4386,1057.96,293.65,1439.24,7684.43,8669.52,0,0.0759,0.9647,0,1
2026-09-09T15:03:35.378158+00:00,lateral_movement_smb_v1,lateral_movement_smb_v1__run_000,lateral_movement,T1021.002,4,2,1.0,0.9465,0.059,7206.71,3603.36,0.6515,8,4,0.7856,1.2833,0.9964,0.2617,1.7816,0,2,0,0,0,0,1.7848,900.84,247.81,1273.71,9197.16,6866.34,0,0.1039,0.5796,0,0
2026-09-09T15:03:40.378158+00:00,lateral_movement_smb_v1,lateral_movement_smb_v1__run_000,lateral_movement,T1021.002,7,2,0.9852,0.9707,0.004,32053.87,25948.37,0.6103,42,34,0.5213,1.034,0.9105,0.2017,1.5157,1,3,0,0,1,0,1.2234,763.19,130.96,1068.68,5790.26,7817.01,0,0.0928,0.7313,0,0
2026-09-09T15:03:45.378158+00:00,lateral_movement_smb_v1,lateral_movement_smb_v1__run_000,lateral_movement,T1021.002,5,2,0.971,0.9911,0.0113,32407.45,29629.67,0.6874,35,32,0.8512,2.4422,0.8297,0.1546,1.2935,0,2,0,0,0,0,1.0849,925.93,260.29,1207.29,8331.36,8104.77,0,0.0927,0.9724,0,0
2026-09-09T15:03:50.378158+00:00,lateral_movement_smb_v1,lateral_movement_smb_v1__run_000,lateral_movement,T1021.002,6,2,1.0,1.0,0.0306,60772.55,41527.91,0.6768,60,41,0.7457,2.1091,0.8766,0.2187,1.5326,1,3,0,0,0,0,1.4309,1012.88,236.82,1348.75,8209.58,8817.28,0,0.0383,0.7135,0,0
2026-09-09T15:03:55.378158+00:00,lateral_movement_smb_v1,lateral_movement_smb_v1__run_000,lateral_movement,T1021.002,4,2,1.0,1.0,0.0,14687.84,12851.86,0.7713,16,14,0.8645,1.6344,0.8346,0.1161,1.1829,0,2,0,0,0,0,1.0684,917.99,193.39,1100.44,7324.55,8021.97,0,0.0571,0.2669,0,0
2026-09-09T15:04:00.378158+00:00,lateral_movement_smb_v1,lateral_movement_smb_v1__run_000,lateral_movement,T1021.002,5,2,0.971,0.9825,0.0213,20813.1,16650.48,0.7547,20,16,1.3128,2.154,1.1148,0.2397,1.8338,0,2,0,0,0,0,1.2386,1040.66,360.63,1554.09,7559.86,8109.46,0,0.0563,1.4115,0,0
2026-09-09T15:04:05.378158+00:00,lateral_movement_smb_v1,lateral_movement_smb_v1__run_000,lateral_movement,T1021.002,6,2,1.0,0.9905,0.0305,31894.0,20376.72,0.722,36,23,1.2025,3.5157,0.7941,0.1888,1.3605,1,2,0,0,0,0,1.5336,885.94,190.56,1156.97,8161.19,9444.64,0,0.1091,0.7304,0,0
2026-09-09T15:04:10.378158+00:00,lateral_movement_smb_v1,lateral_movement_smb_v1__run_000,lateral_movement,T1021.002,6,2,1.0,1.0,0.0261,6003.08,4002.05,0.6913,6,4,0.57,1.217,0.7644,0.1619,1.25,1,2,0,0,1,0,1.3912,1000.51,280.22,1294.87,9043.94,8099.72,0,0.0894,1.3203,0,0
2026-09-09T15:04:15.378158+00:00,lateral_movement_smb_v1,lateral_movement_smb_v1__run_000,lateral_movement,T1021.002,3,2,0.9183,1.0,0.0204,19573.27,14136.25,0.6566,18,13,1.5483,2.2422,1.148,0.2556,1.9148,0,1,0,0,0,0,1.3224,1087.4,188.08,1353.32,7019.9,7642.24,0,0.0986,1.1359,0,0
2026-09-09T15:04:20.378158+00:00,lateral_movement_smb_v1,lateral_movement_smb_v1__run_000,lateral_movement,T1021.002,6,2,1.0,1.0,0.0042,25161.62,17473.35,0.6182,36,25,0.9777,1.4472,1.1554,0.1747,1.6794,1,3,0,0,0,0,1.3886,698.93,175.49,1013.25,5530.87,7936.12,0,0.1077,0.9491,0,1
2026-09-09T15:04:25.378158+00:00,lateral_movement_smb_v1,lateral_movement_smb_v1__run_000,lateral_movement,T1021.002,8,2,0.8113,1.0,0.0104,19835.84,11570.91,0.6951,24,14,0.8031,2.2447,0.854,0.1848,1.4084,1,4,0,0,1,0,1.664,826.49,254.21,1299.53,8426.97,8613.7,0,0.0679,1.7907,0,0
2026-09-09T15:04:30.378158+00:00,lateral_movement_smb_v1,lateral_movement_smb_v1__run_000,lateral_movement,T1021.002,2,2,1.0,0.9608,0.043,15649.46,10060.36,0.6878,14,9,0.7824,2.0273,1.0368,0.1836,1.5876,0,0,0,0,0,0,1.4904,1117.82,430.08,1547.9,8905.89,9138.25,0,0.1113,0.926,0,0
2026-09-09T15:04:35.378158+00:00,lateral_movement_smb_v1,lateral_movement_smb_v1__run_000,lateral_movement,T1021.002,6,1,-0.0,0.9607,0.0157,34965.11,54112.66,0.6163,42,65,1.7278,4.1141,1.0247,0.2121,1.6609,1,2,0,0,1,0,0.6396,832.5,307.11,1399.13,8649.09,7862.29,0,0.0557,0.0097,0,0
2026-09-09T15:04:40.378158+00:00,lateral_movement_smb_v1,lateral_movement_smb_v1__run_000,lateral_movement,T1021.002,3,2,0.9183,1.0,0.0,22298.17,15794.54,0.7105,24,17,0.7209,1.3265,0.9392,0.2242,1.6119,0,1,0,0,0,0,1.4004,929.09,216.9,1197.56,9347.88,7944.55,0,0.1284,1.1799,0,0
2026-09-09T15:04:45.378158+00:00,lateral_movement_smb_v1,lateral_movement_smb_v1__run_000,lateral_movement,T1021.002,3,2,0.9183,1.0,0.0,14419.53,11215.19,0.5391,18,14,1.2566,1.6457,1.2874,0.1984,1.8824,0,1,0,0,0,0,1.2244,801.08,256.77,1160.95,8886.6,9612.52,0,0.0924,0.903,0,0
2026-09-09T15:04:50.378158+00:00,lateral_movement_smb_v1,lateral_movement_smb_v1__run_000,lateral_movement,T1021.002,8,2,0.5436,0.9693,0.0238,40065.07,44357.76,0.6133,56,62,0.6111,0.9027,1.0158,0.1147,1.36,1,4,0,0,1,0,0.902,715.45,198.67,937.41,7931.16,5570.93,0,0.1099,1.136,0,1
2026-09-09T15:04:55.378158+00:00,lateral_movement_smb_v1,lateral_movement_smb_v1__run_000,lateral_movement,T1021.002,7,2,0.5917,0.9853,0.0337,25682.15,18344.39,0.6727,28,20,0.6281,0.846,0.8514,0.2466,1.5912,1,3,0,0,1,0,1.3849,917.22,338.87,1477.1,7946.46,7757.9,0,0.1016,2.0242,0,1
2026-09-09T15:05:00.378158+00:00,lateral_movement_smb_v1,lateral_movement_smb_v1__run_000,lateral_movement,T1021.002,4,2,0.8113,1.0,0.0,33353.41,36132.86,0.6577,24,26,1.3744,2.2562,0.8299,0.228,1.5139,0,2,0,0,0,0,0.8935,1389.73,704.98,2561.74,8069.39,6990.86,0,0.1388,1.3049,0,0
2026-09-09T15:05:05.378158+00:00,lateral_movement_smb_v1,lateral_movement_smb_v1__run_000,lateral_movement,T1021.002,5,2,0.971,0.9629,0.0149,27942.74,16765.64,0.668,35,21,1.2169,1.651,0.7565,0.1723,1.2733,0,2,0,0,0,0,1.6128,798.36,287.65,1343.22,8643.47,8804.87,0,0.0047,0.9482,0,0
2026-09-09T15:05:10.378158+00:00,lateral_movement_smb_v1,lateral_movement_smb_v1__run_000,lateral_movement,T1021.002,7,2,0.8631,1.0,0.0166,43153.42,53721.6,0.6176,49,61,1.2399,3.3393,1.384,0.3776,2.5168,1,3,0,0,1,0,0.8028,880.68,318.55,1371.68,9269.78,9320.22,0,0.1022,0.4801,0,0
2026-09-09T15:05:15.378158+00:00,lateral_movement_smb_v1,lateral_movement_smb_v1__run_000,lateral_movement,T1021.002,4,2,0.8113,0.9958,0.0008,35084.4,28506.08,0.6886,32,26,1.4855,2.003,1.1343,0.2431,1.8637,0,2,0,0,0,0,1.2057,1096.39,377.29,1729.07,10469.25,6730.75,0,0.0608,0.3435,0,0
2026-09-09T15:05:20.378158+00:00,lateral_movement_smb_v1,lateral_movement_smb_v1__run_000,lateral_movement,T1021.002,7,2,0.9852,0.9668,0.0474,60560.57,61521.85,0.6213,63,64,0.7806,1.347,0.9812,0.2481,1.7254,1,3,0,0,1,0,0.9718,961.28,225.08,1277.5,10455.46,9743.68,0,0.0589,0.9856,0,0
2026-09-09T15:05:25.378158+00:00,lateral_movement_smb_v1,lateral_movement_smb_v1__run_000,lateral_movement,T1021.002,10,2,1.0,0.998,0.0,23917.74,39065.65,0.6142,30,49,0.9311,1.1402,0.9312,0.1655,1.4275,2,5,0,0,1,0,0.6098,797.26,293.07,1355.05,6280.98,7118.04,0,0.0749,1.3087,0,0
2026-09-09T15:05:30.378158+00:00,lateral_movement_smb_v1,lateral_movement_smb_v1__run_000,lateral_movement,T1021.002,3,2,0.9183,1.0,0.0145,36152.14,25105.65,0.6722,36,25,1.2174,1.72,0.9988,0.1436,1.4295,0,1,0,0,0,0,1.392,1004.23,615.68,1844.48,9319.89,9038.44,0,0.1068,1.1425,0,0
2026-09-09T15:05:35.378158+00:00,lateral_movement_smb_v1,lateral_movement_smb_v1__run_000,lateral_movement,T1021.002,10,2,0.8813,1.0,0.0,32111.82,93927.07,0.709,40,117,0.8118,2.4345,0.8212,0.2233,1.491,2,4,1,0,1,0,0.3391,802.8,193.68,1198.55,8801.09,6363.69,0,0.0793,0.6359,0,1
2026-09-09T15:05:40.378158+00:00,lateral_movement_smb_v1,lateral_movement_smb_v1__run_000,lateral_movement,T1021.002,6,2,0.65,1.0,0.0,69836.93,64464.86,0.568,78,72,1.6383,3.9955,0.9482,0.2768,1.7785,1,2,0,0,0,0,1.0776,895.35,394.17,1462.33,8198.56,8462.84,0,0.1244,1.145,0,0
2026-09-09T15:05:45.378158+00:00,lateral_movement_smb_v1,lateral_movement_smb_v1__run_000,lateral_movement,T1021.002,5,2,0.971,0.9996,0.0,27420.28,14624.15,0.635,30,16,1.0816,2.8338,0.8298,0.1636,1.3205,1,2,0,0,0,0,1.7669,914.01,156.67,1012.08,7543.22,8681.55,0,0.1202,0.4633,0,0
2026-09-09T15:05:50.378158+00:00,lateral_movement_smb_v1,lateral_movement_smb_v1__run_000,lateral_movement,T1021.002,7,2,0.8631,0.9772,0.0305,43392.94,34094.46,0.736,42,33,0.4995,0.6162,0.8367,0.1553,1.3027,1,3,0,0,1,0,1.2724,1033.17,285.45,1371.46,9069.84,8316.14,0,0.0854,0.7242,0,0
2026-09-09T15:05:55.378158+00:00,lateral_movement_smb_v1,lateral_movement_smb_v1__run_000,lateral_movement,T1021.002,7,2,0.9852,1.0,0.0,18920.93,12613.95,0.617,21,14,0.7489,1.4944,1.1071,0.141,1.5303,0,3,0,0,0,0,1.4847,901.0,265.11,1487.39,9191.5,8205.29,0,0.0787,1.001,1,0
2026-09-09T15:06:00.378158+00:00,lateral_movement_smb_v1,lateral_movement_smb_v1__run_000,lateral_movement,T1021.002,4,2,0.8113,0.9809,0.0182,20991.56,15743.67,0.6769,24,18,1.1365,2.7663,1.0554,0.1424,1.4827,0,2,0,0,0,0,1.2912,874.65,210.7,1152.09,8668.5,8638.94,0,0.1026,0.4799,0,0
2026-09-09T15:06:05.378158+00:00,lateral_movement_smb_v1,lateral_movement_smb_v1__run_000,lateral_movement,T1021.002,8,2,1.0,0.9813,0.0134,19657.63,27029.24,0.5679,24,33,1.1827,2.4737,0.7717,0.1592,1.2494,1,4,0,0,0,0,0.7237,819.07,221.63,1227.21,7939.2,9010.75,0,0.0759,0.6667,0,0
2026-09-09T15:06:10.378158+00:00,lateral_movement_smb_v1,lateral_movement_smb_v1__run_000,lateral_movement,T1021.002,4,2,1.0,0.9901,0.0173,6769.79,5923.57,0.6548,8,7,1.2971,3.292,1.1099,0.1833,1.6598,0,1,0,0,0,0,1.0806,846.22,235.34,1212.14,8579.8,10300.67,0,0.1066,1.1548,0,0
2026-09-09T15:06:15.378158+00:00,lateral_movement_smb_v1,lateral_movement_smb_v1__run_000,lateral_movement,T1021.002,3,2,0.9183,1.0,0.0181,24046.13,24046.13,0.6508,30,30,1.5233,3.3086,1.423,0.3814,2.5672,0,1,0,0,0,0,0.9942,801.54,140.58,974.79,8984.26,8922.49,0,0.0916,1.4694,1,0
2026-09-09T15:06:20.378158+00:00,lateral_movement_smb_v1,lateral_movement_smb_v1__run_000,lateral_movement,T1021.002,5,2,0.971,1.0,0.0053,11000.13,6600.08,0.6296,15,9,0.5337,0.7692,0.9211,0.2549,1.6859,0,2,0,0,0,0,1.5096,733.34,180.03,1021.04,8962.32,8387.69,0,0.0853,2.2558,0,0
2026-09-09T15:06:25.378158+00:00,lateral_movement_smb_v1,lateral_movement_smb_v1__run_000,lateral_movement,T1021.002,3,1,-0.0,1.0,0.0,4937.7,4114.75,0.6253,6,5,0.4611,0.972,0.8035,0.2386,1.5192,0,1,0,0,0,0,1.108,822.95,156.84,1024.13,7660.38,8687.86,0,0.0722,1.8502,0,0
2026-09-09T15:06:30.378158+00:00,lateral_movement_smb_v1,lateral_movement_smb_v1__run_000,lateral_movement,T1021.002,3,1,-0.0,1.0,0.0444,15396.71,13930.35,0.6741,21,19,0.4857,1.4097,0.8653,0.1777,1.3984,0,1,0,0,0,0,1.0593,733.18,317.03,1176.79,6537.85,7955.49,0,0.0793,1.862,0,0
2026-09-09T15:06:35.378158+00:00,lateral_movement_smb_v1,lateral_movement_smb_v1__run_000,lateral_movement,T1021.002,6,1,-0.0,1.0,0.0,49394.17,33958.5,0.5715,48,33,0.7383,1.9647,1.0345,0.2757,1.8615,0,3,0,0,1,0,1.4275,1029.05,410.16,1853.58,7815.51,8950.17,0,0.1115,0.0233,0,0
2026-09-09T15:06:40.378158+00:00,lateral_movement_smb_v1,lateral_movement_smb_v1__run_000,lateral_movement,T1021.002,5,2,0.7219,1.0,0.0,19020.81,15850.68,0.6297,30,25,0.5103,1.3634,0.7893,0.1252,1.165,1,2,0,0,0,0,1.1782,634.03,190.08,996.62,9125.19,7639.9,0,0.0985,0.5578,0,0
2026-09-09T15:06:45.378158+00:00,lateral_movement_smb_v1,lateral_movement_smb_v1__run_000,lateral_movement,T1021.002,2,1,-0.0,0.9906,0.0111,6998.95,6124.08,0.6571,8,7,0.5698,1.461,1.028,0.146,1.4661,0,1,0,0,0,0,1.0405,874.87,31.33,906.2,9099.88,7686.78,0,0.0824,0.7949,0,0
2026-09-09T15:06:50.378158+00:00,lateral_movement_smb_v1,lateral_movement_smb_v1__run_000,lateral_movement,T1021.002,2,1,-0.0,0.9476,0.0351,18068.15,12905.82,0.6193,14,10,1.2264,3.2618,1.1416,0.1799,1.6812,0,1,0,0,0,0,1.2734,1290.58,648.49,1939.07,8121.25,8793.6,0,0.0858,0.7247,0,0
2026-09-09T15:06:55.378158+00:00,lateral_movement_smb_v1,lateral_movement_smb_v1__run_000,lateral_movement,T1021.002,3,2,0.9183,0.975,0.0026,8489.21,8489.21,0.6835,9,9,0.7711,2.2898,0.8243,0.2023,1.431,0,1,0,0,0,0,0.9201,943.25,122.92,1053.52,9284.1,7687.84,0,0.0989,1.6889,0,0
2026-09-09T15:07:00.378158+00:00,lateral_movement_smb_v1,lateral_movement_smb_v1__run_000,lateral_movement,T1021.002,5,2,0.7219,1.0,0.0,29079.64,21602.02,0.6719,35,26,1.4802,3.6916,1.1242,0.2653,1.9202,1,2,0,0,0,0,1.3009,830.85,62.47,924.01,8063.74,8842.87,0,0.1081,0.9671,0,0
2026-09-09T15:07:05.378158+00:00,lateral_movement_smb_v1,lateral_movement_smb_v1__run_000,lateral_movement,T1021.002,4,2,0.8113,0.9851,0.0,21965.22,15558.7,0.6608,24,17,1.456,4.1055,0.9632,0.2561,1.7314,0,2,0,0,0,0,1.3995,915.22,202.58,1135.14,9177.81,9492.53,0,0.0408,1.489,0,0
2026-09-09T15:07:10.378158+00:00,lateral_movement_smb_v1,lateral_movement_smb_v1__run_000,lateral_movement,T1021.002,2,1,-0.0,1.0,0.0,8858.04,8858.04,0.6929,8,8,0.8808,1.1867,1.1863,0.1679,1.6901,0,0,0,0,0,0,0.9918,1107.26,80.29,1187.55,8665.83,9916.53,0,0.0824,2.1072,0,0
2026-09-09T15:07:15.378158+00:00,lateral_movement_smb_v1,lateral_movement_smb_v1__run_000,lateral_movement,T1021.002,3,1,-0.0,1.0,0.01,15351.33,11257.64,0.6047,15,11,0.8074,2.4192,0.8341,0.1628,1.3224,0,1,0,0,0,0,1.2872,1023.42,295.35,1296.36,8389.42,6686.66,0,0.0397,0.97,0,0
2026-09-09T15:07:20.378158+00:00,lateral_movement_smb_v1,lateral_movement_smb_v1__run_000,lateral_movement,T1021.002,4,2,1.0,0.9973,0.0,19187.52,11512.51,0.7168,20,12,0.8342,1.8362,0.8853,0.1975,1.4778,0,1,0,0,0,0,1.6422,959.38,280.28,1203.21,6573.74,8207.39,0,0.1137,1.7576,0,0
2026-09-09T15:07:25.378158+00:00,lateral_movement_smb_v1,lateral_movement_smb_v1__run_000,lateral_movement,T1021.002,0,0,0.0,0.9932,0.0304,0.0,0.0,0.6501,0,0,0.7603,1.1751,1.1258,0.216,1.7739,0,0,0,0,0,0,1.5292,1062.77,0.0,1062.77,7775.26,6806.41,0,0.0,1.3774,0,0
2026-09-09T15:07:30.378158+00:00,lateral_movement_smb_v1,lateral_movement_smb_v1__run_000,lateral_movement,T1021.002,2,1,-0.0,0.9372,0.08,17981.21,19779.33,0.6237,20,22,1.1998,3.1708,1.0443,0.1096,1.3729,0,0,0,0,0,0,0.9021,899.06,28.84,927.91,9069.02,8214.76,0,0.0421,1.2883,0,0
2026-09-09T15:07:35.378158+00:00,lateral_movement_smb_v1,lateral_movement_smb_v1__run_000,lateral_movement,T1021.002,5,2,0.7219,1.0,0.0,13573.52,10180.14,0.6394,20,15,0.9119,2.5152,0.7428,0.09,1.0127,0,2,0,0,0,0,1.3059,678.68,262.3,1034.82,5992.55,8404.19,0,0.0668,1.0506,0,0
2026-09-09T15:07:40.378158+00:00,lateral_movement_smb_v1,lateral_movement_smb_v1__run_000,lateral_movement,T1021.002,7,2,0.9852,1.0,0.0078,54253.85,86224.86,0.5117,56,89,1.1683,3.13,0.8265,0.2268,1.507,1,3,0,0,1,0,0.6242,968.82,265.77,1312.22,7303.83,7373.92,0,0.0,1.4537,0,1
2026-09-09T15:07:45.378158+00:00,lateral_movement_smb_v1,lateral_movement_smb_v1__run_000,lateral_movement,T1021.002,5,2,0.7219,1.0,0.0156,28241.5,18827.67,0.6504,30,20,0.669,1.6932,1.1672,0.2569,1.938,0,2,0,0,0,0,1.4501,941.38,479.07,1850.43,7086.21,9331.16,0,0.0991,1.2865,0,0
2026-09-09T15:07:50.378158+00:00,lateral_movement_smb_v1,lateral_movement_smb_v1__run_000,lateral_movement,T1021.002,9,2,0.9911,1.0,0.0,34895.82,23263.88,0.7448,45,30,0.5844,1.0545,0.9772,0.2824,1.8245,1,4,0,0,1,0,1.4823,775.46,226.8,1269.99,9490.92,8418.97,0,0.0673,1.2783,0,0
2026-09-09T15:07:55.378158+00:00,lateral_movement_smb_v1,lateral_movement_smb_v1__run_000,lateral_movement,T1021.002,3,1,-0.0,0.9928,0.0398,12981.59,10818.0,0.6087,12,10,1.7675,4.2954,1.4645,0.4294,2.7528,0,1,0,0,0,0,1.1847,1081.8,88.88,1180.91,9887.69,7272.43,0,0.099,1.4129,0,0
2026-09-09T15:08:00.378158+00:00,lateral_movement_smb_v1,lateral_movement_smb_v1__run_000,lateral_movement,T1021.002,10,2,1.0,0.9954,0.0,48886.3,54752.65,0.589,50,56,0.9728,1.8234,0.9565,0.0995,1.2549,2,5,0,0,1,0,0.8835,977.73,297.92,1442.61,8191.23,7631.71,0,0.1279,0.9018,0,0
2026-09-09T15:08:05.378158+00:00,lateral_movement_smb_v1,lateral_movement_smb_v1__run_000,lateral_movement,T1021.002,3,2,0.9183,0.9908,0.0133,14478.3,9652.2,0.662,18,12,1.1752,2.7468,1.0813,0.214,1.7232,0,1,0,0,0,0,1.4397,804.35,63.92,851.52,8163.49,7516.23,0,0.0878,1.0775,0,0
2026-09-09T15:08:10.378158+00:00,lateral_movement_smb_v1,lateral_movement_smb_v1__run_000,lateral_movement,T1021.002,5,2,0.7219,0.9611,0.0227,15939.41,10626.27,0.5617,15,10,0.9471,2.473,1.1949,0.1842,1.7475,1,2,0,0,0,0,1.4078,1062.63,226.46,1506.7,8822.93,9134.87,0,0.062,0.8892,0,0
2026-09-09T15:08:15.378158+00:00,lateral_movement_smb_v1,lateral_movement_smb_v1__run_000,lateral_movement,T1021.002,8,2,0.8113,0.977,0.0297,50248.28,39480.79,0.616,56,44,1.2179,2.3779,0.8809,0.1081,1.2052,1,3,0,0,1,0,1.2677,897.29,230.04,1169.07,9496.75,9432.39,0,0.0719,1.9946,0,0
2026-09-09T15:08:20.378158+00:00,lateral_movement_smb_v1,lateral_movement_smb_v1__run_000,lateral_movement,T1021.002,2,2,1.0,1.0,0.0226,12762.25,10635.2,0.7128,12,10,1.3521,2.9577,0.9453,0.1714,1.4596,0,0,0,0,0,0,1.1671,1063.52,12.76,1076.28,8467.73,9723.05,0,0.0966,1.5622,0,1
2026-09-09T15:08:25.378158+00:00,lateral_movement_smb_v1,lateral_movement_smb_v1__run_000,lateral_movement,T1021.002,2,1,-0.0,1.0,0.0,10435.54,7826.66,0.6764,12,9,1.2353,1.8729,0.8379,0.2048,1.4522,0,0,0,0,0,0,1.262,869.63,84.08,953.71,9122.69,7516.33,0,0.0584,1.3154,0,0
2026-09-09T15:08:30.378158+00:00,lateral_movement_smb_v1,lateral_movement_smb_v1__run_000,lateral_movement,T1021.002,5,2,0.7219,0.9789,0.0317,24145.13,15291.92,0.6639,30,19,1.3995,2.5254,0.9777,0.2478,1.7212,1,2,0,0,0,0,1.5622,804.84,230.55,1156.68,7183.46,6885.07,0,0.0552,0.6134,0,1
2026-09-09T15:08:35.378158+00:00,lateral_movement_smb_v1,lateral_movement_smb_v1__run_000,lateral_movement,T1021.002,4,2,1.0,1.0,0.0016,12473.99,11694.37,0.6125,16,15,1.3436,3.0219,1.0139,0.1051,1.3293,0,1,0,0,0,0,1.0632,779.62,176.23,1025.37,6458.88,10673.34,0,0.0784,1.4326,0,0
2026-09-09T15:08:40.378158+00:00,lateral_movement_smb_v1,lateral_movement_smb_v1__run_000,lateral_movement,T1021.002,3,1,-0.0,1.0,0.0,11274.98,8456.24,0.6117,12,9,0.6708,1.9807,0.9476,0.2388,1.664,0,1,0,0,0,0,1.2554,939.58,109.14,1052.31,8038.96,9420.49,0,0.0584,0.8886,0,0
2026-09-09T15:08:45.378158+00:00,lateral_movement_smb_v1,lateral_movement_smb_v1__run_000,lateral_movement,T1021.002,4,2,0.8113,1.0,0.0444,19773.31,21009.14,0.7115,32,34,1.2318,2.0187,1.1018,0.1362,1.5104,0,2,0,0,0,0,0.9327,617.92,162.76,808.99,8975.69,8961.52,0,0.1336,0.8322,0,0
2026-09-09T15:08:50.378158+00:00,lateral_movement_smb_v1,lateral_movement_smb_v1__run_000,lateral_movement,T1021.002,4,2,0.8113,1.0,0.0014,8173.33,6130.0,0.6763,16,12,0.7599,2.0925,0.9576,0.2307,1.6497,0,1,0,0,0,0,1.3256,510.83,178.96,791.95,10276.68,8493.88,0,0.0,0.9997,0,0
2026-09-09T15:08:55.378158+00:00,lateral_movement_smb_v1,lateral_movement_smb_v1__run_000,lateral_movement,T1021.002,4,2,1.0,1.0,0.0317,16690.64,12517.98,0.6175,20,15,0.6954,1.1895,0.9969,0.1689,1.5037,0,1,0,0,0,0,1.2702,834.53,233.33,1181.77,7465.01,7205.77,0,0.1162,0.8602,0,0
2026-09-09T15:09:00.378158+00:00,lateral_movement_smb_v1,lateral_movement_smb_v1__run_000,lateral_movement,T1021.002,3,2,0.9183,0.9844,0.011,13709.07,10967.25,0.7169,15,12,1.1134,1.8352,1.2414,0.1362,1.65,0,1,0,0,0,0,1.2151,913.94,203.31,1173.28,8768.91,9584.42,0,0.1048,1.0428,0,0
2026-09-09T15:09:05.378158+00:00,lateral_movement_smb_v1,lateral_movement_smb_v1__run_000,lateral_movement,T1021.002,6,2,1.0,1.0,0.0,7006.1,8173.78,0.7136,6,7,0.799,2.2619,1.1564,0.1418,1.5818,1,3,0,0,0,0,0.7524,1167.68,277.61,1591.7,7515.42,7022.06,0,0.0915,0.2696,0,0
2026-09-09T15:09:10.378158+00:00,lateral_movement_smb_v1,lateral_movement_smb_v1__run_000,lateral_movement,T1021.002,6,2,0.65,1.0,0.0,49525.99,48700.56,0.6968,60,59,1.2645,1.8393,1.0093,0.1929,1.5881,1,2,0,0,0,0,1.0057,825.43,325.43,1481.12,8258.35,7361.94,0,0.0978,0.6079,0,0
2026-09-09T15:09:15.378158+00:00,lateral_movement_smb_v1,lateral_movement_smb_v1__run_000,lateral_movement,T1021.002,4,2,0.8113,0.9871,0.0,11179.0,17700.09,0.597,12,19,1.2596,1.6328,0.9456,0.2781,1.7799,0,1,0,0,0,0,0.6019,931.58,54.71,1014.76,8117.75,8417.74,0,0.0746,1.7735,0,0
2026-09-09T15:09:20.378158+00:00,lateral_movement_smb_v1,lateral_movement_smb_v1__run_000,lateral_movement,T1021.002,2,1,-0.0,0.9995,0.0,40846.35,45651.8,0.6126,34,38,0.5003,1.4363,0.879,0.2074,1.5011,0,0,0,0,0,0,0.8803,1201.36,98.43,1299.79,9951.87,7737.45,0,0.0465,1.4294,0,0
2026-09-09T15:09:25.378158+00:00,lateral_movement_smb_v1,lateral_movement_smb_v1__run_000,lateral_movement,T1021.002,4,2,1.0,1.0,0.0284,11921.87,9686.52,0.6085,16,13,1.186,2.7814,1.1759,0.1827,1.7238,0,1,0,0,0,0,1.2069,745.12,106.8,876.34,8434.97,8516.95,0,0.088,0.1369,0,0
2026-09-09T15:09:30.378158+00:00,lateral_movement_smb_v1,lateral_movement_smb_v1__run_000,lateral_movement,T1021.002,5,2,0.971,1.0,0.0,23006.79,24847.33,0.6264,25,27,1.1568,2.1234,0.8189,0.1955,1.4055,0,2,0,0,0,0,0.9122,920.27,348.55,1403.4,7389.47,7160.85,0,0.1319,1.4179,0,0
2026-09-09T15:09:35.378158+00:00,lateral_movement_smb_v1,lateral_movement_smb_v1__run_000,lateral_movement,T1021.002,5,2,0.7219,0.9804,0.0133,23560.36,22617.95,0.6766,25,24,1.6793,3.0465,1.0371,0.2011,1.6405,0,2,0,0,0,0,1.0415,942.41,214.93,1321.44,7658.15,9000.08,0,0.0734,1.2275,1,0
2026-09-09T15:09:40.378158+00:00,lateral_movement_smb_v1,lateral_movement_smb_v1__run_000,lateral_movement,T1021.002,2,2,1.0,0.9995,0.0378,7612.58,6525.07,0.7014,14,12,0.8814,2.4832,0.8649,0.1912,1.4385,0,0,0,0,0,0,1.1058,543.76,32.64,576.4,7384.59,8408.94,0,0.0965,1.7886,0,0
2026-09-09T15:09:45.378158+00:00,lateral_movement_smb_v1,lateral_movement_smb_v1__run_000,lateral_movement,T1021.002,5,2,0.971,1.0,0.0,19648.63,13754.04,0.6569,20,14,1.0789,2.5588,0.9043,0.1086,1.2302,1,2,0,0,0,0,1.3578,982.43,280.11,1451.58,9190.89,7313.68,0,0.0804,1.3196,0,0
2026-09-09T15:09:50.378158+00:00,lateral_movement_smb_v1,lateral_movement_smb_v1__run_000,lateral_movement,T1021.002,2,2,1.0,1.0,0.0363,15106.02,12084.81,0.6597,10,8,0.986,1.7463,1.1654,0.2327,1.8634,0,0,0,0,0,0,1.1159,1510.6,624.64,2135.24,7873.23,7864.11,0,0.0797,1.5974,0,0
2026-09-09T15:09:55.378158+00:00,lateral_movement_smb_v1,lateral_movement_smb_v1__run_000,lateral_movement,T1021.002,2,1,-0.0,0.9977,0.0532,3147.92,3934.91,0.643,4,5,1.1606,3.398,1.0439,0.1248,1.4184,0,1,0,0,0,0,0.7971,786.98,55.0,841.98,9595.8,7947.79,0,0.008,0.5484,0,0
2026-09-09T15:10:00.378158+00:00,lateral_movement_smb_v1,lateral_movement_smb_v1__run_000,lateral_movement,T1021.002,5,2,0.971,0.9557,0.0684,14976.23,11980.98,0.6097,15,12,0.8841,1.3828,0.9416,0.1255,1.3182,1,2,0,0,0,0,1.1946,998.42,193.51,1322.94,8273.65,8306.82,0,0.0565,1.5004,0,0
2026-09-09T15:10:05.378158+00:00,lateral_movement_smb_v1,lateral_movement_smb_v1__run_000,lateral_movement,T1021.002,4,2,0.8113,0.9768,0.0431,23378.51,15863.99,0.6718,28,19,0.9714,2.44,0.9162,0.271,1.7293,0,1,0,0,0,0,1.4085,834.95,160.33,979.16,7738.87,7809.46,0,0.0489,1.4861,1,0
2026-09-09T15:10:10.378158+00:00,lateral_movement_smb_v1,lateral_movement_smb_v1__run_000,lateral_movement,T1021.002,7,2,0.8631,1.0,0.0,49409.05,43527.02,0.6011,42,37,0.6433,1.3045,0.7506,0.1654,1.2468,1,3,0,0,0,0,1.1148,1176.41,234.59,1609.35,8931.53,7390.98,0,0.064,0.7174,0,0
2026-09-09T15:10:15.378158+00:00,lateral_movement_smb_v1,lateral_movement_smb_v1__run_000,lateral_movement,T1021.002,2,1,-0.0,0.9962,0.0,16179.65,15280.78,0.7575,18,17,0.7871,1.4316,0.7238,0.1407,1.1459,0,0,0,0,0,0,1.0452,898.87,32.87,931.74,6610.3,9345.52,0,0.1006,0.644,0,0
2026-09-09T15:10:20.378158+00:00,lateral_movement_smb_v1,lateral_movement_smb_v1__run_000,lateral_movement,T1021.002,4,2,0.8113,1.0,0.0,21318.29,12943.25,0.5555,28,17,1.2365,3.4822,1.0356,0.1764,1.5646,0,2,0,0,0,0,1.5655,761.37,281.36,1176.07,9312.8,7198.33,0,0.0902,0.474,0,0
2026-09-09T15:10:25.378158+00:00,lateral_movement_smb_v1,lateral_movement_smb_v1__run_000,lateral_movement,T1021.002,2,1,-0.0,1.0,0.0043,8720.64,5813.76,0.6572,12,8,1.0169,3.043,0.989,0.2664,1.7882,0,1,0,0,0,0,1.3384,726.72,78.02,804.74,6487.28,7136.07,0,0.0,0.0,0,0
2026-09-09T15:10:30.378158+00:00,lateral_movement_smb_v1,lateral_movement_smb_v1__run_000,lateral_movement,T1021.002,8,2,1.0,1.0,0.004,22009.86,21092.78,0.6634,24,23,1.1111,1.8597,1.1212,0.2327,1.8193,1,3,0,0,1,0,1.0047,917.08,238.73,1318.22,8466.84,8971.16,0,0.122,1.6177,0,0
2026-09-09T15:10:35.378158+00:00,lateral_movement_smb_v1,lateral_movement_smb_v1__run_000,lateral_movement,T1021.002,2,2,1.0,1.0,0.0341,4448.96,2224.48,0.5826,4,2,0.7266,1.5814,1.01,0.1919,1.5857,0,0,0,0,0,0,1.4503,1112.24,218.08,1330.32,8994.86,6687.2,0,0.114,0.7111,0,0
2026-09-09T15:10:40.378158+00:00,lateral_movement_smb_v1,lateral_movement_smb_v1__run_000,lateral_movement,T1021.002,5,2,0.971,0.9872,0.0163,63716.58,57344.92,0.6499,60,54,1.0701,2.1303,0.9434,0.2045,1.557,1,2,0,0,0,0,1.0933,1061.94,243.08,1496.75,8683.91,9467.14,0,0.1556,1.424,0,0
2026-09-09T15:10:45.378158+00:00,lateral_movement_smb_v1,lateral_movement_smb_v1__run_000,lateral_movement,T1021.002,11,2,0.9457,1.0,0.0241,17322.86,11023.64,0.5869,22,14,0.7677,1.3817,0.8575,0.1282,1.2421,2,5,0,0,1,0,1.5294,787.4,244.05,1273.9,7593.46,8180.47,0,0.0714,0.6241,0,0
2026-09-09T15:10:50.378158+00:00,lateral_movement_smb_v1,lateral_movement_smb_v1__run_000,lateral_movement,T1021.002,6,2,0.9183,1.0,0.0,31700.68,20253.21,0.6883,36,23,0.9949,2.1664,0.9272,0.2214,1.5915,1,2,0,0,0,0,1.5207,880.57,204.51,1109.42,9122.52,7317.96,0,0.0574,0.7428,0,1
2026-09-09T15:10:55.378158+00:00,lateral_movement_smb_v1,lateral_movement_smb_v1__run_000,lateral_movement,T1021.002,7,2,0.9852,0.9843,0.0241,24808.77,26580.82,0.5967,28,30,1.1271,2.8022,1.123,0.1917,1.698,1,3,0,0,1,0,0.9217,886.03,257.18,1420.69,7894.08,8966.98,0,0.1342,1.0879,0,0
2026-09-09T15:11:00.378158+00:00,lateral_movement_smb_v1,lateral_movement_smb_v1__run_000,lateral_movement,T1021.002,5,2,0.7219,0.9822,0.0248,40193.81,30547.29,0.6815,50,38,1.1102,1.8047,1.0342,0.2316,1.729,1,2,0,0,0,0,1.3023,803.88,219.09,1148.12,8145.29,9481.57,0,0.1421,0.968,0,0
2026-09-09T15:11:05.378158+00:00,lateral_movement_smb_v1,lateral_movement_smb_v1__run_000,lateral_movement,T1021.002,1,1,-0.0,0.9744,0.0261,1816.03,605.34,0.6171,3,1,1.3204,1.6665,1.1549,0.1165,1.5042,0,0,0,0,0,0,1.5817,605.34,0.0,605.34,8279.01,9435.35,0,0.0573,1.0894,0,0
2026-09-09T15:11:10.378158+00:00,lateral_movement_smb_v1,lateral_movement_smb_v1__run_000,lateral_movement,T1021.002,4,2,1.0,1.0,0.0,16710.09,10861.56,0.6048,20,13,1.2033,2.2325,0.8845,0.1033,1.1944,0,2,0,0,0,0,1.4403,835.5,113.65,960.51,8478.9,8088.41,0,0.0493,0.8923,0,0
2026-09-09T15:11:15.378158+00:00,lateral_movement_smb_v1,lateral_movement_smb_v1__run_000,lateral_movement,T1021.002,6,2,0.9183,1.0,0.0053,34810.1,31909.25,0.639,36,33,1.3892,2.5953,1.1062,0.1565,1.5756,1,2,0,0,0,0,1.072,966.95,184.63,1239.45,9930.61,10441.97,0,0.0909,0.5319,0,0
2026-09-09T15:11:20.378158+00:00,lateral_movement_smb_v1,lateral_movement_smb_v1__run_000,lateral_movement,T1021.002,2,2,1.0,0.9594,0.0258,7770.22,9324.27,0.6745,10,12,1.5761,2.6926,1.2231,0.3386,2.2388,0,0,0,0,0,0,0.7693,777.02,101.19,878.21,8610.55,7900.16,0,0.0938,1.753,0,0
2026-09-09T15:11:25.378158+00:00,lateral_movement_smb_v1,lateral_movement_smb_v1__run_000,lateral_movement,T1021.002,3,2,0.9183,0.9945,0.0171,21658.48,18951.17,0.6427,24,21,1.0152,1.2847,1.1181,0.3217,2.0831,0,1,0,0,0,0,1.1183,902.44,125.51,1026.2,9641.95,10130.93,0,0.1046,0.7674,0,0
2026-09-09T15:11:30.378158+00:00,lateral_movement_smb_v1,lateral_movement_smb_v1__run_000,lateral_movement,T1021.002,12,2,1.0,0.993,0.0428,63732.9,72837.6,0.7175,84,96,0.591,1.602,0.9468,0.258,1.721,2,6,0,0,1,0,0.8709,758.73,299.83,1275.72,8023.78,8301.71,0,0.0694,1.3788,0,0
2026-09-09T15:11:35.378158+00:00,lateral_movement_smb_v1,lateral_movement_smb_v1__run_000,lateral_movement,T1021.002,8,2,0.9544,0.9995,0.0142,31493.26,27556.61,0.6224,40,35,1.5007,2.2933,1.3557,0.3148,2.3001,1,3,0,0,1,0,1.1178,787.33,201.38,1162.45,7909.96,7243.09,0,0.0947,0.9455,0,0
2026-09-09T15:11:40.378158+00:00,lateral_movement_smb_v1,lateral_movement_smb_v1__run_000,lateral_movement,T1021.002,5,2,0.971,1.0,0.0,11668.12,7778.75,0.607,15,10,0.8294,2.0448,0.6825,0.0725,0.8999,0,2,0,0,0,0,1.4799,777.87,87.46,881.56,7102.7,7006.08,0,0.1229,0.7669,0,0
2026-09-09T15:11:45.378158+00:00,lateral_movement_smb_v1,lateral_movement_smb_v1__run_000,lateral_movement,T1021.002,6,2,1.0,1.0,0.0,58199.34,47617.64,0.6177,66,54,1.0784,2.6799,1.3372,0.198,1.9312,1,2,0,0,0,0,1.2003,881.81,324.09,1503.08,7163.07,7666.49,0,0.0883,0.3382,0,0
2026-09-09T15:11:50.378158+00:00,lateral_movement_smb_v1,lateral_movement_smb_v1__run_000,lateral_movement,T1021.002,5,2,0.971,0.9416,0.087,16197.25,11338.07,0.6797,20,14,1.1163,2.442,0.8553,0.1876,1.4182,1,2,0,0,0,0,1.4252,809.86,222.53,1046.47,8932.36,6576.9,0,0.091,0.1203,0,0
2026-09-09T15:11:55.378158+00:00,lateral_movement_smb_v1,lateral_movement_smb_v1__run_000,lateral_movement,T1021.002,6,2,0.9183,1.0,0.0,22692.2,14371.72,0.7426,30,19,1.1633,3.3185,0.8185,0.1683,1.3235,1,3,0,0,1,0,1.5201,756.41,280.82,1208.78,6925.72,9354.24,0,0.0509,1.0008,1,0
2026-09-09T15:12:00.378158+00:00,lateral_movement_smb_v1,lateral_movement_smb_v1__run_000,lateral_movement,T1021.002,3,2,0.9183,0.9586,0.023,8945.46,6709.09,0.6302,12,9,0.6623,1.127,0.871,0.1292,1.2586,0,1,0,0,0,0,1.2398,745.45,279.64,1116.17,7697.31,7688.2,0,0.1058,1.448,0,0
2026-09-09T15:12:05.378158+00:00,lateral_movement_smb_v1,lateral_movement_smb_v1__run_000,lateral_movement,T1021.002,4,1,-0.0,0.9863,0.0092,41911.72,29105.36,0.6102,36,25,0.7573,0.9766,1.1306,0.2647,1.9246,0,2,0,0,0,0,1.4378,1164.21,214.81,1388.93,9829.81,6817.5,0,0.0421,1.4847,0,0
2026-09-09T15:12:10.378158+00:00,lateral_movement_smb_v1,lateral_movement_smb_v1__run_000,lateral_movement,T1021.002,11,2,0.9457,1.0,0.0,36780.7,30929.23,0.6721,44,37,0.9773,1.5182,0.7629,0.1431,1.1921,1,5,0,0,1,0,1.1587,835.93,360.24,1764.09,8430.82,8706.15,0,0.0917,1.0467,0,1
2026-09-09T15:12:15.378158+00:00,lateral_movement_smb_v1,lateral_movement_smb_v1__run_000,lateral_movement,T1021.002,8,2,1.0,0.9851,0.0458,45659.23,37505.8,0.6506,56,46,1.0017,2.8875,1.0971,0.1156,1.4438,1,3,0,0,1,0,1.2152,815.34,172.28,1136.18,7543.45,8076.08,0,0.0742,1.47,0,0
2026-09-09T15:12:20.378158+00:00,lateral_movement_smb_v1,lateral_movement_smb_v1__run_000,lateral_movement,T1021.002,7,2,0.8631,0.9777,0.0424,38861.32,34102.79,0.6445,49,43,1.0276,2.2416,0.8466,0.1616,1.3313,1,3,0,0,1,0,1.1195,793.09,305.43,1302.44,9872.5,7871.95,0,0.0984,1.5388,0,0
2026-09-09T15:12:25.378158+00:00,lateral_movement_smb_v1,lateral_movement_smb_v1__run_000,lateral_movement,T1021.002,5,2,0.7219,1.0,0.0,20278.29,18250.46,0.6554,20,18,1.4936,4.053,1.1257,0.327,2.1067,0,2,0,0,0,0,1.0558,1013.91,281.4,1545.33,8595.99,9534.31,0,0.1384,0.5625,0,0
2026-09-09T15:12:30.378158+00:00,lateral_movement_smb_v1,lateral_movement_smb_v1__run_000,lateral_movement,T1021.002,6,2,0.9183,0.9669,0.026,42744.82,42744.82,0.6152,42,42,0.6051,1.4898,1.1814,0.2285,1.8668,1,2,0,0,1,0,0.9786,1017.73,374.83,1576.37,8625.4,7399.21,0,0.0974,1.1404,0,1
2026-09-09T15:12:35.378158+00:00,lateral_movement_smb_v1,lateral_movement_smb_v1__run_000,lateral_movement,T1021.002,7,2,0.9852,0.9249,0.0989,26823.76,22033.81,0.6238,28,23,1.1727,2.1603,1.0011,0.2108,1.6336,1,3,0,0,1,0,1.1797,957.99,177.35,1229.38,8676.04,7945.43,0,0.1147,1.522,0,0
2026-09-09T15:12:40.378158+00:00,lateral_movement_smb_v1,lateral_movement_smb_v1__run_000,lateral_movement,T1021.002,5,2,0.971,0.9809,0.0421,20760.5,38406.92,0.6394,20,37,1.081,1.5236,1.0586,0.1149,1.4033,0,2,0,0,0,0,0.5271,1038.02,361.64,1577.32,7531.9,8347.29,0,0.0671,1.4439,0,0
2026-09-09T15:12:45.378158+00:00,lateral_movement_smb_v1,lateral_movement_smb_v1__run_000,lateral_movement,T1021.002,9,2,0.9911,0.9826,0.0014,23542.32,15694.88,0.5445,27,18,0.8519,2.3104,0.788,0.2303,1.4788,1,4,1,0,1,0,1.4752,871.94,94.85,1004.92,9043.59,8111.66,0,0.0278,0.3783,0,0
2026-09-09T15:12:50.378158+00:00,lateral_movement_smb_v1,lateral_movement_smb_v1__run_000,lateral_movement,T1021.002,8,2,1.0,1.0,0.0,42438.44,28513.33,0.6118,64,43,1.6071,4.2849,1.3539,0.2195,2.0125,1,3,0,0,0,0,1.4702,663.1,190.14,1028.97,7394.19,7372.65,0,0.0881,0.8384,0,0
2026-09-09T15:12:55.378158+00:00,lateral_movement_smb_v1,lateral_movement_smb_v1__run_000,lateral_movement,T1021.002,2,1,-0.0,1.0,0.004,9346.75,3738.7,0.6021,10,4,1.0755,3.1366,0.9255,0.2639,1.7173,0,1,0,0,0,0,2.0578,934.67,195.08,1129.76,6971.23,8352.81,0,0.0335,0.4402,0,0
2026-09-09T15:13:00.378158+00:00,lateral_movement_smb_v1,lateral_movement_smb_v1__run_000,lateral_movement,T1021.002,2,2,1.0,1.0,0.0099,13518.15,9462.7,0.6798,10,7,1.3924,3.1532,0.9422,0.2304,1.6332,0,1,0,0,0,0,1.3838,1351.81,508.32,1860.13,7833.29,9583.24,0,0.1573,1.3454,0,0
2026-09-09T15:13:05.378158+00:00,lateral_movement_smb_v1,lateral_movement_smb_v1__run_000,lateral_movement,T1021.002,6,2,0.9183,0.9622,0.0222,12249.97,13611.08,0.7014,18,20,0.5499,1.086,1.0391,0.2538,1.8005,1,2,0,0,0,0,0.8611,680.55,257.54,1175.22,9681.14,8754.53,0,0.0571,2.5594,0,0
2026-09-09T15:13:10.378158+00:00,lateral_movement_smb_v1,lateral_movement_smb_v1__run_000,lateral_movement,T1021.002,1,1,-0.0,0.9908,0.0083,6898.15,4138.89,0.5856,5,3,0.845,1.9719,1.0349,0.1159,1.3824,0,0,0,0,0,0,1.3457,1379.63,0.0,1379.63,9430.37,8226.26,0,0.103,1.4306,0,0
2026-09-09T15:13:15.378158+00:00,lateral_movement_smb_v1,lateral_movement_smb_v1__run_000,lateral_movement,T1021.002,4,2,0.8113,1.0,0.0,16066.25,22091.1,0.6751,16,22,1.0259,2.117,1.1849,0.2486,1.9306,0,2,0,0,0,0,0.7068,1004.14,247.72,1307.7,8699.78,8619.58,0,0.066,1.5746,1,0
2026-09-09T15:13:20.378158+00:00,lateral_movement_smb_v1,lateral_movement_smb_v1__run_000,lateral_movement,T1021.002,4,2,0.8113,1.0,0.0327,48606.45,33850.92,0.5884,56,39,0.8025,1.0311,1.1743,0.3017,2.0794,0,2,0,0,0,0,1.432,867.97,190.4,1079.21,7256.86,7179.93,0,0.1068,0.8445,0,0
2026-09-09T15:13:25.378158+00:00,lateral_movement_smb_v1,lateral_movement_smb_v1__run_000,lateral_movement,T1021.002,5,1,-0.0,0.9725,0.0048,36169.15,36169.15,0.6737,40,40,1.4159,2.2369,0.9244,0.1822,1.4709,1,2,0,0,0,0,0.9935,904.23,161.42,1207.16,8117.9,8351.92,0,0.0417,0.8888,0,0
2026-09-09T15:13:30.378158+00:00,lateral_movement_smb_v1,lateral_movement_smb_v1__run_000,lateral_movement,T1021.002,4,1,-0.0,0.9676,0.028,16688.3,10847.39,0.6531,20,13,1.2655,1.6063,1.0315,0.1599,1.5112,0,1,0,0,0,0,1.5312,834.41,352.8,1360.58,9639.59,8729.7,0,0.0,0.5831,0,0
2026-09-09T15:13:35.378158+00:00,lateral_movement_smb_v1,lateral_movement_smb_v1__run_000,lateral_movement,T1021.002,2,2,1.0,0.9827,0.0349,5981.62,4785.3,0.6609,10,8,1.0998,3.1346,1.0943,0.1717,1.6094,0,0,0,0,0,0,1.1968,598.16,87.37,685.53,8041.21,6348.71,0,0.1465,1.5184,0,0
2026-09-09T15:13:40.378158+00:00,lateral_movement_smb_v1,lateral_movement_smb_v1__run_000,lateral_movement,T1021.002,6,2,0.9183,1.0,0.0042,35989.51,23993.0,0.6485,42,28,0.5808,0.859,0.9137,0.2255,1.5903,1,2,0,0,0,0,1.499,856.89,379.53,1484.31,9132.39,8717.18,0,0.1113,0.9653,0,0
2026-09-09T15:13:45.378158+00:00,lateral_movement_smb_v1,lateral_movement_smb_v1__run_000,lateral_movement,T1021.002,2,2,1.0,1.0,0.0,7557.7,9069.24,0.7056,10,12,0.7992,1.5549,1.3529,0.3185,2.3085,0,0,0,0,0,0,0.7898,755.77,147.41,903.18,6434.29,6672.02,0,0.1254,1.7533,0,0
2026-09-09T15:13:50.378158+00:00,lateral_movement_smb_v1,lateral_movement_smb_v1__run_000,lateral_movement,T1021.002,5,2,0.7219,0.9757,0.0022,22509.74,18007.79,0.6772,30,24,0.9656,2.8371,0.7773,0.1251,1.1527,0,2,0,0,0,0,1.2021,750.32,121.89,927.64,9893.15,8957.45,0,0.0721,1.3361,0,0
2026-09-09T15:13:55.378158+00:00,lateral_movement_smb_v1,lateral_movement_smb_v1__run_000,lateral_movement,T1021.002,5,2,0.971,0.9979,0.0196,19326.56,29956.17,0.6385,20,31,1.0796,2.0965,1.2497,0.3272,2.2314,1,2,0,0,0,0,0.6305,966.33,301.06,1462.21,9165.26,9180.55,0,0.0587,0.9267,0,0
2026-09-09T15:14:00.378158+00:00,lateral_movement_smb_v1,lateral_movement_smb_v1__run_000,lateral_movement,T1021.002,3,1,-0.0,0.9832,0.0052,22257.28,17620.34,0.6354,24,19,1.0745,1.7311,0.8931,0.2099,1.5228,0,1,0,0,0,0,1.2454,927.39,381.8,1447.68,7851.03,9071.4,0,0.057,1.9747,0,0
2026-09-09T15:14:05.378158+00:00,lateral_movement_smb_v1,lateral_movement_smb_v1__run_000,lateral_movement,T1021.002,3,2,0.9183,0.9793,0.0343,6334.43,4222.95,0.7566,9,6,0.9966,1.5188,1.23,0.2711,2.0433,0,1,0,0,0,0,1.3484,703.83,76.07,798.64,8377.25,7791.58,0,0.0328,1.9316,0,0
2026-09-09T15:14:10.378158+00:00,lateral_movement_smb_v1,lateral_movement_smb_v1__run_000,lateral_movement,T1021.002,1,1,-0.0,1.0,0.0,4913.84,3275.89,0.5812,6,4,1.651,3.9411,1.3248,0.1929,1.9036,0,0,0,0,0,0,1.2721,818.97,0.0,818.97,7793.79,7493.58,0,0.0589,1.5616,0,0
2026-09-09T15:14:15.378158+00:00,lateral_movement_smb_v1,lateral_movement_smb_v1__run_000,lateral_movement,T1021.002,6,2,1.0,1.0,0.0,43610.52,39572.51,0.7254,54,49,0.764,1.0432,0.9146,0.2199,1.5742,1,2,0,0,0,0,1.0812,807.6,347.65,1464.57,9300.24,7756.41,0,0.0743,1.2526,0,0
2026-09-09T15:14:20.378158+00:00,lateral_movement_smb_v1,lateral_movement_smb_v1__run_000,lateral_movement,T1021.002,3,2,0.9183,0.9669,0.0382,30669.9,26580.58,0.5327,30,26,1.11,2.8987,1.2233,0.3113,2.1572,0,1,0,0,0,0,1.1287,1022.33,35.14,1067.46,10669.92,7039.93,0,0.109,1.3754,0,0
2026-09-09T15:14:25.378158+00:00,lateral_movement_smb_v1,lateral_movement_smb_v1__run_000,lateral_movement,T1021.002,7,2,0.5917,1.0,0.0078,48602.31,36451.74,0.7211,56,42,0.5866,1.2978,0.9619,0.2798,1.8014,1,3,0,0,0,0,1.3226,867.9,144.62,1109.13,6572.16,7566.52,0,0.1002,1.4675,0,0
2026-09-09T15:14:30.378158+00:00,lateral_movement_smb_v1,lateral_movement_smb_v1__run_000,lateral_movement,T1021.002,6,2,0.9183,1.0,0.0073,16882.41,15006.58,0.576,18,16,1.2311,1.4853,0.9769,0.2841,1.8294,1,3,0,0,0,0,1.072,937.91,529.03,2105.61,9827.15,7501.33,0,0.1209,1.313,0,0
2026-09-09T15:14:35.378158+00:00,lateral_movement_smb_v1,lateral_movement_smb_v1__run_000,lateral_movement,T1021.002,6,2,1.0,0.9826,0.0155,22007.75,13754.84,0.6806,24,15,0.9669,1.7521,1.2801,0.2888,2.1465,1,2,0,0,0,0,1.5641,916.99,185.87,1261.77,8899.57,9380.5,0,0.0707,1.2756,0,0
2026-09-09T15:14:40.378158+00:00,lateral_movement_smb_v1,lateral_movement_smb_v1__run_000,lateral_movement,T1021.002,6,2,1.0,1.0,0.0088,21214.25,15321.4,0.6497,18,13,0.747,1.8133,0.7604,0.1236,1.1313,1,2,0,0,0,0,1.3171,1178.57,417.77,1959.52,8041.09,10092.66,0,0.1065,0.0,0,0
2026-09-09T15:14:45.378158+00:00,lateral_movement_smb_v1,lateral_movement_smb_v1__run_000,lateral_movement,T1021.002,7,2,0.5917,0.9922,0.0031,45418.71,30588.11,0.6799,49,33,1.1795,3.4647,0.8681,0.1204,1.2294,1,3,0,0,0,0,1.4545,926.91,248.01,1382.54,7917.68,9787.98,0,0.0718,0.0772,0,0
2026-09-09T15:14:50.378158+00:00,lateral_movement_smb_v1,lateral_movement_smb_v1__run_000,lateral_movement,T1021.002,4,2,0.8113,1.0,0.0,55830.55,42869.88,0.631,56,43,0.4679,1.0194,1.0692,0.2496,1.818,0,1,0,0,0,0,1.2844,996.97,244.41,1298.05,6116.08,7929.21,0,0.045,0.1734,0,0
2026-09-09T15:14:55.378158+00:00,lateral_movement_smb_v1,lateral_movement_smb_v1__run_000,lateral_movement,T1021.002,8,2,1.0,1.0,0.0,38982.42,25338.57,0.7094,40,26,1.2359,3.549,0.7985,0.08,1.0385,1,3,0,0,1,0,1.5104,974.56,300.35,1521.43,9045.57,8163.22,0,0.0089,1.4668,0,0
2026-09-09T15:15:00.378158+00:00,lateral_movement_smb_v1,lateral_movement_smb_v1__run_000,lateral_movement,T1021.002,4,1,-0.0,0.9695,0.0605,21598.19,18898.42,0.7462,16,14,1.3677,2.3559,1.2926,0.2,1.8926,0,2,0,0,0,0,1.1129,1349.89,465.32,2081.62,6405.45,6494.84,0,0.0037,1.3897,0,0
2026-09-09T15:15:05.378158+00:00,lateral_movement_smb_v1,lateral_movement_smb_v1__run_000,lateral_movement,T1021.002,3,1,-0.0,0.9895,0.0,16875.29,15000.26,0.6162,18,16,0.8354,2.3673,0.895,0.1227,1.2631,0,1,0,0,0,0,1.0907,937.52,147.06,1139.9,8789.42,6846.51,0,0.0274,0.3411,0,0
2026-09-09T15:15:10.378158+00:00,lateral_movement_smb_v1,lateral_movement_smb_v1__run_000,lateral_movement,T1021.002,4,2,0.8113,1.0,0.0024,13353.87,11684.63,0.6557,16,14,1.1135,2.4334,1.1922,0.3314,2.1864,0,1,0,0,0,0,1.0962,834.62,171.11,1060.73,7108.91,7044.21,0,0.1152,1.3413,0,0
2026-09-09T15:15:15.378158+00:00,lateral_movement_smb_v1,lateral_movement_smb_v1__run_000,lateral_movement,T1021.002,6,2,1.0,0.9856,0.0303,21516.37,11654.7,0.7136,24,13,0.536,1.1112,1.1574,0.1193,1.5154,1,2,0,0,0,0,1.773,896.52,197.64,1229.68,9695.12,9338.52,0,0.0744,0.751,0,0
2026-09-09T15:15:20.378158+00:00,lateral_movement_smb_v1,lateral_movement_smb_v1__run_000,lateral_movement,T1021.002,8,2,0.9544,1.0,0.0,39346.25,27542.37,0.7285,40,28,0.5805,1.5701,0.9196,0.1746,1.4433,1,3,0,0,1,0,1.3984,983.66,227.78,1378.41,7209.45,8863.48,0,0.0406,1.9655,2,0
2026-09-09T15:15:25.378158+00:00,lateral_movement_smb_v1,lateral_movement_smb_v1__run_000,lateral_movement,T1021.002,7,2,0.9852,0.984,0.0125,37851.2,45060.95,0.6742,42,50,1.1869,1.4912,0.9967,0.2668,1.797,1,3,0,0,1,0,0.8275,901.22,231.19,1213.15,9546.56,7138.35,0,0.0757,0.9388,0,0
2026-09-09T15:15:30.378158+00:00,lateral_movement_smb_v1,lateral_movement_smb_v1__run_000,lateral_movement,T1021.002,2,1,-0.0,1.0,0.0,19041.68,17137.51,0.7772,20,18,1.3517,2.3008,1.1972,0.3256,2.174,0,0,0,0,0,0,1.0919,952.08,20.51,972.6,7652.28,8108.37,0,0.1028,1.0563,0,0
2026-09-09T15:15:35.378158+00:00,lateral_movement_smb_v1,lateral_movement_smb_v1__run_000,lateral_movement,T1021.002,7,2,0.5917,0.9791,0.016,25506.41,19676.37,0.6334,35,27,0.9072,2.435,0.8736,0.2037,1.4846,1,3,0,0,1,0,1.2694,728.75,234.59,1033.85,8382.4,8899.41,0,0.0585,0.8431,0,0
2026-09-09T15:15:40.378158+00:00,lateral_movement_smb_v1,lateral_movement_smb_v1__run_000,lateral_movement,T1021.002,5,2,0.971,0.9762,0.0,29764.97,21260.69,0.6468,35,25,0.6571,1.6816,1.0888,0.2127,1.7269,1,2,0,0,0,0,1.3856,850.43,301.27,1223.33,7766.87,8289.28,0,0.1044,1.0318,0,0
2026-09-09T15:15:45.378158+00:00,lateral_movement_smb_v1,lateral_movement_smb_v1__run_000,lateral_movement,T1021.002,3,2,0.9183,1.0,0.0203,25731.92,22515.43,0.6098,24,21,0.8204,1.6974,1.1897,0.3534,2.2499,0,1,0,0,0,0,1.1128,1072.16,206.59,1363.79,8037.41,7281.99,0,0.0687,0.3671,0,0
2026-09-09T15:15:50.378158+00:00,lateral_movement_smb_v1,lateral_movement_smb_v1__run_000,lateral_movement,T1021.002,8,2,0.8113,0.9766,0.0027,27344.58,23071.99,0.5831,32,27,0.8137,2.3697,1.1107,0.1463,1.5495,1,4,0,0,0,0,1.1828,854.52,295.36,1280.89,9125.36,7788.45,0,0.1,0.6879,0,0
2026-09-09T15:15:55.378158+00:00,lateral_movement_smb_v1,lateral_movement_smb_v1__run_000,lateral_movement,T1021.002,7,2,0.8631,1.0,0.0,11181.15,5590.57,0.7392,14,7,0.7321,0.9921,0.9034,0.1902,1.4741,1,3,0,0,1,0,1.7737,798.65,200.49,1068.45,7963.94,6756.53,0,0.0737,0.2235,0,0
2026-09-09T15:16:00.378158+00:00,lateral_movement_smb_v1,lateral_movement_smb_v1__run_000,lateral_movement,T1021.002,3,2,0.9183,1.0,0.013,32800.71,30812.79,0.5809,33,31,1.6463,2.3432,1.0554,0.1423,1.4823,0,1,0,0,0,0,1.0492,993.96,186.94,1165.59,7180.68,8974.83,0,0.1043,0.5111,0,0
2026-09-09T15:16:05.378158+00:00,lateral_movement_smb_v1,lateral_movement_smb_v1__run_000,lateral_movement,T1021.002,4,2,1.0,0.9764,0.0213,10741.85,7161.23,0.5958,12,8,1.0525,1.9263,0.7897,0.1101,1.1199,0,1,0,0,0,0,1.3499,895.15,176.74,1064.08,9566.75,7857.13,0,0.1111,0.6392,0,0
2026-09-09T15:16:10.378158+00:00,lateral_movement_smb_v1,lateral_movement_smb_v1__run_000,lateral_movement,T1021.002,4,2,1.0,1.0,0.0,21568.19,16946.44,0.6659,28,22,0.7892,2.0625,0.9776,0.1231,1.3468,0,1,0,0,0,0,1.2668,770.29,170.89,967.96,6781.67,7299.53,0,0.0707,0.983,0,0
2026-09-09T15:16:15.378158+00:00,lateral_movement_smb_v1,lateral_movement_smb_v1__run_000,lateral_movement,T1021.002,3,2,0.9183,1.0,0.0027,21607.17,18005.97,0.7125,24,20,0.9086,1.995,1.2649,0.2482,2.0096,0,1,0,0,0,0,1.1792,900.3,147.09,1070.53,7690.18,7945.29,0,0.1069,1.0161,0,0
2026-09-09T15:16:20.378158+00:00,lateral_movement_smb_v1,lateral_movement_smb_v1__run_000,lateral_movement,T1021.002,9,2,0.9911,1.0,0.0027,54178.13,36978.73,0.7102,63,43,1.297,2.8836,0.8642,0.1641,1.3565,1,4,0,0,1,0,1.4385,859.97,240.45,1330.05,9602.05,9050.85,0,0.0934,0.9009,0,0
2026-09-09T15:16:25.378158+00:00,lateral_movement_smb_v1,lateral_movement_smb_v1__run_000,lateral_movement,T1021.002,4,2,0.8113,1.0,0.0,9800.32,11433.71,0.7377,12,14,0.5799,1.0843,1.1106,0.1637,1.6018,0,2,0,0,0,0,0.839,816.69,295.97,1275.69,8763.34,9367.99,0,0.0728,0.5731,0,0
2026-09-09T15:16:30.378158+00:00,lateral_movement_smb_v1,lateral_movement_smb_v1__run_000,lateral_movement,T1021.002,5,2,0.971,1.0,0.0204,12014.05,12014.05,0.6309,15,15,0.93,2.5256,0.8905,0.1895,1.4589,0,2,0,0,0,0,0.9616,800.94,176.1,1044.27,8219.44,8650.54,0,0.071,1.0876,1,0
2026-09-09T15:16:35.378158+00:00,lateral_movement_smb_v1,lateral_movement_smb_v1__run_000,lateral_movement,T1021.002,3,1,-0.0,1.0,0.0281,11144.77,12630.74,0.6748,15,17,1.0247,2.9096,1.0871,0.2333,1.787,0,1,0,0,0,0,0.8595,742.98,234.48,1057.39,8263.69,7201.63,0,0.0786,0.8589,0,0
2026-09-09T15:16:40.378158+00:00,lateral_movement_smb_v1,lateral_movement_smb_v1__run_000,lateral_movement,T1021.002,4,1,-0.0,0.983,0.0442,24058.33,25060.76,0.6303,24,25,1.6942,2.1929,1.2193,0.129,1.6062,0,2,0,0,0,0,0.9558,1002.43,346.3,1554.18,8871.36,7420.58,0,0.006,1.0555,0,0
2026-09-09T15:16:45.378158+00:00,lateral_movement_smb_v1,lateral_movement_smb_v1__run_000,lateral_movement,T1021.002,3,2,0.9183,0.9803,0.0218,17209.6,17209.6,0.6493,15,15,0.8277,1.7225,0.9777,0.2853,1.8335,0,1,0,0,0,0,0.9479,1147.31,676.09,2051.34,9430.95,7256.57,0,0.0866,1.0695,0,0
2026-09-09T15:16:50.378158+00:00,lateral_movement_smb_v1,lateral_movement_smb_v1__run_000,lateral_movement,T1021.002,9,2,0.9183,0.9587,0.0316,47709.46,29155.78,0.6831,54,33,1.2261,3.0315,1.1058,0.3105,2.0374,2,4,0,0,1,0,1.6114,883.51,226.24,1302.75,7485.32,8041.97,0,0.0816,0.4842,0,0
2026-09-09T15:16:55.378158+00:00,lateral_movement_smb_v1,lateral_movement_smb_v1__run_000,lateral_movement,T1021.002,6,2,0.65,0.9981,0.0016,45181.89,28238.68,0.602,48,30,0.5708,1.4081,1.0495,0.2654,1.8458,0,3,0,0,1,0,1.589,941.29,252.67,1409.03,9871.71,9283.25,0,0.1237,0.0719,1,0
2026-09-09T15:17:00.378158+00:00,lateral_movement_smb_v1,lateral_movement_smb_v1__run_000,lateral_movement,T1021.002,4,1,-0.0,0.9534,0.0661,57153.78,35244.83,0.6351,60,37,0.9126,2.4391,1.3614,0.3909,2.5341,0,2,0,0,0,0,1.6042,952.56,296.84,1464.76,8070.2,7884.83,0,0.0172,1.0832,1,0
2026-09-09T15:17:05.378158+00:00,lateral_movement_smb_v1,lateral_movement_smb_v1__run_000,lateral_movement,T1021.002,3,2,0.9183,0.9713,0.0305,8466.96,7761.38,0.6267,12,11,0.5738,0.7907,0.9464,0.1994,1.5447,0,1,0,0,0,0,1.0722,705.58,37.67,733.35,10251.33,8427.2,0,0.0621,1.0062,0,0
2026-09-09T15:17:10.378158+00:00,lateral_movement_smb_v1,lateral_movement_smb_v1__run_000,lateral_movement,T1021.002,4,2,0.8113,0.9553,0.0102,11825.18,8868.88,0.6079,12,9,1.0886,2.454,0.9279,0.2548,1.6924,0,2,0,0,0,0,1.2875,985.43,227.66,1320.16,9383.15,10099.05,0,0.0332,0.2963,0,0
2026-09-09T15:17:15.378158+00:00,lateral_movement_smb_v1,lateral_movement_smb_v1__run_000,lateral_movement,T1021.002,3,2,0.9183,1.0,0.0393,32775.48,36417.2,0.6359,36,40,0.8935,1.6711,1.3056,0.2028,1.914,0,1,0,0,0,0,0.8827,910.43,108.3,1058.45,8914.77,9034.78,0,0.132,0.8707,0,0
2026-09-09T15:17:20.378158+00:00,lateral_movement_smb_v1,lateral_movement_smb_v1__run_000,lateral_movement,T1021.002,5,1,-0.0,0.9891,0.0123,30858.54,24686.83,0.7112,35,28,0.7547,1.024,0.8681,0.2273,1.55,0,2,0,0,0,0,1.2247,881.67,166.99,1123.38,8019.99,9109.36,0,0.0738,0.6544,0,0
2026-09-09T15:17:25.378158+00:00,lateral_movement_smb_v1,lateral_movement_smb_v1__run_000,lateral_movement,T1021.002,10,2,0.971,0.952,0.0278,38917.07,29187.8,0.6268,40,30,1.3497,2.1329,0.9716,0.2809,1.8143,1,4,0,0,1,0,1.3053,972.93,351.0,1642.4,8214.2,8570.42,0,0.106,0.7882,0,0
2026-09-09T15:17:30.378158+00:00,lateral_movement_smb_v1,lateral_movement_smb_v1__run_000,lateral_movement,T1021.002,4,2,1.0,0.9753,0.0274,42572.36,48377.68,0.6854,44,50,0.8656,1.6499,0.9833,0.1567,1.4535,0,2,0,0,0,0,0.8782,967.55,178.17,1248.5,8117.0,7537.98,0,0.0633,1.48,1,0
2026-09-09T15:17:35.378158+00:00,lateral_movement_smb_v1,lateral_movement_smb_v1__run_000,lateral_movement,T1021.002,6,2,0.9183,0.9853,0.0594,60917.91,66719.62,0.6504,84,92,0.825,1.6179,0.8794,0.1769,1.4099,1,3,0,0,0,0,0.9103,725.21,199.51,1126.48,8546.1,10247.77,0,0.0826,1.2928,0,0
2026-09-09T15:17:40.378158+00:00,lateral_movement_smb_v1,lateral_movement_smb_v1__run_000,lateral_movement,T1021.002,6,2,0.9183,1.0,0.0,35822.7,25587.64,0.5774,42,30,0.8328,1.1628,0.8354,0.2498,1.5848,1,3,0,0,0,0,1.388,852.92,336.29,1366.25,9459.25,8530.63,0,0.0863,1.092,0,0
2026-09-09T15:17:45.378158+00:00,lateral_movement_smb_v1,lateral_movement_smb_v1__run_000,lateral_movement,T1021.002,5,2,0.7219,1.0,0.002,37798.61,28078.97,0.609,35,26,0.8167,2.1838,1.3618,0.3157,2.309,1,2,0,0,0,0,1.3148,1079.96,363.04,1608.93,9565.58,9581.83,0,0.0708,1.4467,0,0
2026-09-09T15:17:50.378158+00:00,lateral_movement_smb_v1,lateral_movement_smb_v1__run_000,lateral_movement,T1021.002,2,1,-0.0,0.9674,0.0463,8106.07,7430.57,0.623,12,11,0.9691,2.3823,0.9291,0.2586,1.7048,0,1,0,0,0,0,1.0789,675.51,112.23,787.73,7440.98,7771.15,0,0.0276,0.944,0,0
2026-09-09T15:17:55.378158+00:00,lateral_movement_smb_v1,lateral_movement_smb_v1__run_000,lateral_movement,T1021.002,2,1,-0.0,1.0,0.0,9781.76,6113.6,0.6795,16,10,1.3215,3.5463,0.7739,0.1258,1.1512,0,1,0,0,0,0,1.5573,611.36,182.77,794.13,8004.28,10349.28,0,0.0325,0.5545,0,0
2026-09-09T15:18:00.378158+00:00,lateral_movement_smb_v1,lateral_movement_smb_v1__run_000,lateral_movement,T1021.002,8,2,0.8113,0.9918,0.0331,62606.11,50867.46,0.6939,64,52,1.1389,2.3961,0.838,0.1067,1.1581,1,3,0,0,1,0,1.2245,978.22,348.57,1599.97,7700.95,8180.05,0,0.1215,0.8443,0,0
2026-09-09T15:18:05.378158+00:00,lateral_movement_smb_v1,lateral_movement_smb_v1__run_000,lateral_movement,T1021.002,2,1,-0.0,1.0,0.0,11983.67,8987.76,0.7353,12,9,0.8557,2.3725,1.0763,0.2826,1.924,0,1,0,0,0,0,1.2082,998.64,89.01,1087.65,7778.46,8871.47,0,0.075,0.7805,0,0
2026-09-09T15:18:10.378158+00:00,lateral_movement_smb_v1,lateral_movement_smb_v1__run_000,lateral_movement,T1021.002,2,2,1.0,1.0,0.0032,6059.1,5049.25,0.6306,6,5,0.5624,0.7657,0.964,0.2468,1.7042,0,1,0,0,0,0,1.0274,1009.85,10.27,1020.12,7856.67,8241.56,0,0.0998,1.1259,0,0
2026-09-09T15:18:15.378158+00:00,lateral_movement_smb_v1,lateral_movement_smb_v1__run_000,lateral_movement,T1021.002,7,2,0.9852,1.0,0.0,52563.18,61949.47,0.637,56,66,0.8931,2.5617,1.0312,0.1566,1.5012,1,3,0,0,0,0,0.8482,938.63,218.36,1245.43,7095.45,8389.62,0,0.0998,0.32,0,0
2026-09-09T15:18:20.378158+00:00,lateral_movement_smb_v1,lateral_movement_smb_v1__run_000,lateral_movement,T1021.002,3,2,0.9183,1.0,0.0,28113.73,20824.99,0.6364,27,20,0.7868,2.108,0.9238,0.1426,1.3515,0,1,0,0,0,0,1.3176,1041.25,473.89,1680.02,7799.47,8653.24,0,0.1246,1.1355,0,0
2026-09-09T15:18:25.378158+00:00,lateral_movement_smb_v1,lateral_movement_smb_v1__run_000,lateral_movement,T1021.002,5,2,0.971,1.0,0.0169,38509.15,35941.88,0.663,45,42,0.6075,1.0773,0.8248,0.2144,1.468,1,2,0,0,0,0,1.0588,855.76,220.94,1086.16,7631.83,9584.79,0,0.0406,0.5761,0,0
2026-09-09T15:18:30.378158+00:00,lateral_movement_smb_v1,lateral_movement_smb_v1__run_000,lateral_movement,T1021.002,8,2,1.0,0.9749,0.0354,71811.29,92756.25,0.7075,72,93,0.7141,1.8246,0.9961,0.2276,1.6788,1,3,0,0,1,0,0.7727,997.38,233.8,1353.58,6609.1,7952.86,0,0.0339,1.3927,0,0
2026-09-09T15:18:35.378158+00:00,lateral_movement_smb_v1,lateral_movement_smb_v1__run_000,lateral_movement,T1021.002,3,2,0.9183,0.9962,0.0,8428.23,5618.82,0.7387,9,6,0.5098,1.2583,0.8485,0.2454,1.5849,0,1,0,0,0,0,1.4804,936.47,131.04,1110.47,7004.75,7774.02,0,0.1059,1.5349,0,0
2026-09-09T15:18:40.378158+00:00,lateral_movement_smb_v1,lateral_movement_smb_v1__run_000,lateral_movement,T1021.002,3,1,-0.0,1.0,0.0338,9605.14,6403.43,0.6056,9,6,1.2127,2.4721,0.8367,0.2408,1.5592,0,1,0,0,0,0,1.4116,1067.24,278.72,1453.05,7064.1,7814.75,0,0.0431,1.8177,0,0
2026-09-09T15:18:45.378158+00:00,lateral_movement_smb_v1,lateral_movement_smb_v1__run_000,lateral_movement,T1021.002,3,2,0.9183,0.9982,0.0,10627.4,8501.92,0.7587,15,12,0.5187,0.8545,0.7687,0.083,1.0177,0,1,0,0,0,0,1.2187,708.49,262.29,1078.49,6356.22,7081.59,0,0.1057,1.9255,0,0
2026-09-09T15:18:50.378158+00:00,lateral_movement_smb_v1,lateral_movement_smb_v1__run_000,lateral_movement,T1021.002,7,2,0.9852,1.0,0.0373,41232.01,25033.72,0.7168,56,34,1.088,1.8547,1.0698,0.1134,1.4101,1,3,0,0,0,0,1.6179,736.29,204.51,1181.22,6877.7,8282.77,0,0.0884,1.0593,0,0
2026-09-09T15:18:55.378158+00:00,lateral_movement_smb_v1,lateral_movement_smb_v1__run_000,lateral_movement,T1021.002,6,2,0.9183,0.9991,0.0,51845.14,43204.29,0.6767,54,45,0.4268,1.2509,0.7856,0.0957,1.0727,1,3,0,0,1,0,1.1912,960.1,132.12,1155.98,7999.06,9980.4,0,0.0759,0.489,0,1
2026-09-09T15:19:00.378158+00:00,lateral_movement_smb_v1,lateral_movement_smb_v1__run_000,lateral_movement,T1021.002,6,2,0.9183,0.9831,0.0234,43141.9,41087.52,0.5835,42,40,1.1843,3.2699,0.9187,0.1562,1.3873,1,2,0,0,0,0,1.0426,1027.19,332.95,1706.83,8043.38,6767.38,0,0.064,1.4648,0,0
2026-09-09T15:19:05.378158+00:00,lateral_movement_smb_v1,lateral_movement_smb_v1__run_000,lateral_movement,T1021.002,3,2,0.9183,1.0,0.0,20800.73,22187.45,0.6173,30,32,0.6304,1.6605,0.8575,0.2429,1.5861,0,1,0,0,0,0,0.9369,693.36,122.45,866.51,6244.8,7411.72,0,0.0562,0.506,0,0
2026-09-09T15:19:10.378158+00:00,lateral_movement_smb_v1,lateral_movement_smb_v1__run_000,lateral_movement,T1021.002,3,2,0.9183,0.9701,0.0248,7440.47,6200.39,0.7359,12,10,1.1444,2.9733,0.8395,0.1419,1.2653,0,1,0,0,0,0,1.0932,620.04,104.56,719.84,8686.28,8055.42,0,0.1154,1.0521,0,0
2026-09-09T15:19:15.378158+00:00,lateral_movement_smb_v1,lateral_movement_smb_v1__run_000,lateral_movement,T1021.002,4,2,0.8113,0.9637,0.0151,30002.78,17144.45,0.5812,28,16,1.218,1.7149,0.813,0.1633,1.3028,0,2,0,0,0,0,1.6493,1071.53,434.16,1564.5,8327.66,9028.3,0,0.0709,0.5725,0,0
2026-09-09T15:19:20.378158+00:00,lateral_movement_smb_v1,lateral_movement_smb_v1__run_000,lateral_movement,T1021.002,1,1,-0.0,0.9837,0.0,2674.65,2674.65,0.5895,5,5,1.4275,2.8993,1.3973,0.2317,2.0925,0,0,0,0,0,0,0.8481,534.93,0.0,534.93,7331.33,7723.43,0,0.0355,0.9496,0,0
2026-09-09T15:19:25.378158+00:00,lateral_movement_smb_v1,lateral_movement_smb_v1__run_000,lateral_movement,T1021.002,4,2,0.8113,0.9696,0.0208,19894.42,14920.81,0.6498,20,15,0.5831,1.1724,0.9879,0.1836,1.5388,0,1,0,0,0,0,1.2554,994.72,182.81,1294.59,8620.34,9661.1,0,0.0201,2.1568,0,0
2026-09-09T15:19:30.378158+00:00,lateral_movement_smb_v1,lateral_movement_smb_v1__run_000,lateral_movement,T1021.002,4,2,0.8113,1.0,0.0,11009.59,7339.72,0.5762,12,8,0.6877,1.9009,0.8934,0.1547,1.3576,0,2,0,0,0,0,1.3608,917.47,318.92,1404.69,6419.69,9288.41,0,0.1156,0.7228,0,1
2026-09-09T15:19:35.378158+00:00,lateral_movement_smb_v1,lateral_movement_smb_v1__run_000,lateral_movement,T1021.002,4,2,0.8113,0.9373,0.0764,26037.74,18598.39,0.6485,28,20,0.737,2.1588,1.0103,0.1828,1.5588,0,2,0,0,0,0,1.3459,929.92,232.68,1218.03,8055.57,8502.97,0,0.0756,0.1788,0,0
2026-09-09T15:19:40.378158+00:00,lateral_movement_smb_v1,lateral_movement_smb_v1__run_000,lateral_movement,T1021.002,7,2,0.9852,1.0,0.0347,39904.73,51306.08,0.6334,42,54,1.2218,2.9301,1.1986,0.3231,2.1679,1,3,0,0,1,0,0.7772,950.11,360.96,1707.98,7769.76,8946.77,0,0.0848,1.6081,0,0
2026-09-09T15:19:45.378158+00:00,lateral_movement_smb_v1,lateral_movement_smb_v1__run_000,lateral_movement,T1021.002,7,2,0.9852,0.9935,0.039,49802.07,38240.88,0.6482,56,43,1.1197,1.9046,1.0827,0.1806,1.6247,1,3,0,0,1,0,1.2884,889.32,341.9,1341.26,9036.75,8515.15,0,0.082,1.1875,0,0
2026-09-09T15:19:50.378158+00:00,lateral_movement_smb_v1,lateral_movement_smb_v1__run_000,lateral_movement,T1021.002,7,2,0.8631,1.0,0.0,39040.08,23238.14,0.6882,42,25,1.2099,2.4172,0.8857,0.1401,1.3059,1,3,0,0,1,0,1.6653,929.53,188.33,1304.1,7647.9,9455.59,0,0.0599,1.2126,0,0
2026-09-09T15:19:55.378158+00:00,lateral_movement_smb_v1,lateral_movement_smb_v1__run_000,lateral_movement,T1021.002,1,1,-0.0,1.0,0.0,3719.49,2324.68,0.6184,8,5,1.3165,3.8986,0.9679,0.2691,1.7751,0,0,0,0,0,0,1.5708,464.94,0.0,464.94,9304.5,8506.07,0,0.056,0.7717,0,0
2026-09-09T15:20:00.378158+00:00,lateral_movement_smb_v1,lateral_movement_smb_v1__run_000,lateral_movement,T1021.002,2,2,1.0,0.9991,0.01,19565.0,11005.31,0.6386,16,9,1.3094,2.2393,0.9286,0.1777,1.4617,0,1,0,0,0,0,1.6561,1222.81,222.64,1445.45,9277.04,7953.9,0,0.0835,1.3029,0,0
2026-09-09T15:20:05.378158+00:00,lateral_movement_smb_v1,lateral_movement_smb_v1__run_000,lateral_movement,T1021.002,1,1,-0.0,1.0,0.0,3198.18,1599.09,0.7003,4,2,1.1325,1.7822,1.2932,0.1712,1.8068,0,0,0,0,0,0,1.3955,799.55,0.0,799.55,7849.33,8759.71,0,0.0296,1.0974,0,0
2026-09-09T15:20:10.378158+00:00,lateral_movement_smb_v1,lateral_movement_smb_v1__run_000,lateral_movement,T1021.002,6,2,0.9183,0.9997,0.0154,69833.0,65600.7,0.6811,66,62,1.1845,1.5461,0.8607,0.1751,1.3861,0,2,0,0,1,0,1.058,1058.08,257.94,1498.9,10878.02,7464.23,0,0.0562,0.6599,0,1
2026-09-09T15:20:15.378158+00:00,lateral_movement_smb_v1,lateral_movement_smb_v1__run_000,lateral_movement,T1021.002,2,2,1.0,1.0,0.012,2650.67,1325.34,0.6171,2,1,1.5959,2.763,1.2112,0.1379,1.625,0,1,0,0,0,0,1.1598,1325.34,170.0,1495.33,7324.13,8619.27,0,0.0971,1.0226,0,0
2026-09-09T15:20:20.378158+00:00,lateral_movement_smb_v1,lateral_movement_smb_v1__run_000,lateral_movement,T1021.002,5,2,0.971,1.0,0.0191,8235.68,4117.84,0.6579,10,5,1.3221,1.8545,1.1854,0.2023,1.7923,0,2,0,0,0,0,1.8476,823.57,256.17,1177.07,7711.73,7450.95,0,0.0976,1.2762,0,1
2026-09-09T15:20:25.378158+00:00,lateral_movement_smb_v1,lateral_movement_smb_v1__run_000,lateral_movement,T1021.002,4,2,0.8113,1.0,0.0,27516.3,33019.56,0.6224,40,48,0.6946,0.9871,0.8903,0.1277,1.2734,0,1,0,0,0,0,0.8292,687.91,126.48,787.67,8311.29,9436.68,0,0.0843,1.4365,0,1
2026-09-09T15:20:30.378158+00:00,lateral_movement_smb_v1,lateral_movement_smb_v1__run_000,lateral_movement,T1021.002,6,2,1.0,1.0,0.0189,71719.58,65078.88,0.6242,54,49,0.6893,1.4607,1.0837,0.2768,1.9142,1,2,0,0,0,0,1.0932,1328.14,241.05,1587.87,6946.35,9032.37,0,0.116,1.3468,0,0
2026-09-09T15:20:35.378158+00:00,lateral_movement_smb_v1,lateral_movement_smb_v1__run_000,lateral_movement,T1021.002,6,2,0.9183,0.9765,0.0,33000.64,18333.69,0.5533,36,20,0.7201,1.8577,0.8039,0.2127,1.4419,1,3,0,0,0,0,1.7477,916.68,350.69,1342.59,8998.22,7372.2,0,0.0367,0.572,0,0
2026-09-09T15:20:40.378158+00:00,lateral_movement_smb_v1,lateral_movement_smb_v1__run_000,lateral_movement,T1021.002,6,2,0.9183,1.0,0.0,31455.07,26212.55,0.644,36,30,0.8418,2.1113,0.9819,0.1447,1.4161,1,2,0,0,0,0,1.1767,873.75,297.93,1523.51,8705.69,8163.09,0,0.0737,1.9716,0,0
2026-09-09T15:20:45.378158+00:00,lateral_movement_smb_v1,lateral_movement_smb_v1__run_000,lateral_movement,T1021.002,8,2,1.0,1.0,0.0171,52704.07,46116.06,0.6664,64,56,0.883,1.912,0.7907,0.1563,1.2597,1,3,0,0,0,0,1.1381,823.5,226.91,1191.74,6523.56,9875.24,0,0.1015,1.5185,0,0
2026-09-09T15:20:50.378158+00:00,lateral_movement_smb_v1,lateral_movement_smb_v1__run_000,lateral_movement,T1021.002,10,2,0.8813,0.9764,0.0476,54680.8,50124.06,0.6451,60,55,1.0155,1.6972,1.0414,0.2606,1.8232,1,4,0,0,1,0,1.0772,911.35,321.67,1529.07,6899.99,8047.14,0,0.126,0.4293,0,2
2026-09-09T15:20:55.378158+00:00,lateral_movement_smb_v1,lateral_movement_smb_v1__run_000,lateral_movement,T1021.002,5,2,0.7219,1.0,0.0,21712.05,9770.42,0.6714,20,9,1.2753,1.7696,0.9022,0.1741,1.4245,0,2,0,0,0,0,2.0795,1085.6,412.27,1827.6,9823.31,7735.48,0,0.0976,1.304,0,0
2026-09-09T15:21:00.378158+00:00,lateral_movement_smb_v1,lateral_movement_smb_v1__run_000,lateral_movement,T1021.002,2,1,-0.0,1.0,0.0,19201.65,19201.65,0.747,18,18,1.4345,2.7294,1.1862,0.211,1.8191,0,1,0,0,0,0,0.9877,1066.76,83.4,1150.16,9682.43,6782.83,0,0.0529,0.9686,0,0
2026-09-09T15:21:05.378158+00:00,lateral_movement_smb_v1,lateral_movement_smb_v1__run_000,lateral_movement,T1021.002,3,1,-0.0,1.0,0.0151,19460.86,13694.68,0.6916,27,19,1.286,3.3081,1.1917,0.328,2.1757,0,1,0,0,0,0,1.3691,720.77,39.12,758.52,9384.9,8842.36,0,0.0133,1.3794,0,0
2026-09-09T15:21:10.378158+00:00,lateral_movement_smb_v1,lateral_movement_smb_v1__run_000,lateral_movement,T1021.002,9,2,0.9911,0.994,0.0,33221.18,24915.89,0.5988,36,27,1.325,2.4689,0.7825,0.2072,1.404,2,4,0,0,1,0,1.2882,922.81,342.18,1738.21,8008.54,8862.73,0,0.0667,1.5817,0,0
2026-09-09T15:21:15.378158+00:00,lateral_movement_smb_v1,lateral_movement_smb_v1__run_000,lateral_movement,T1021.002,5,2,0.971,0.9972,0.0194,26683.36,20457.25,0.6228,30,23,0.9273,1.7576,0.8113,0.1128,1.1498,0,2,0,0,0,0,1.3021,889.45,353.23,1541.61,6951.82,7616.93,0,0.0917,0.9161,0,1
2026-09-09T15:21:20.378158+00:00,lateral_movement_smb_v1,lateral_movement_smb_v1__run_000,lateral_movement,T1021.002,2,1,-0.0,0.9857,0.0193,13381.83,10514.3,0.646,14,11,1.591,3.696,1.2421,0.2661,2.0404,0,1,0,0,0,0,1.1972,955.85,81.5,1037.34,9628.34,11363.81,0,0.0405,1.1535,0,0
2026-09-09T15:21:25.378158+00:00,lateral_movement_smb_v1,lateral_movement_smb_v1__run_000,lateral_movement,T1021.002,6,2,0.9183,0.9893,0.0,29491.69,23593.36,0.612,30,24,0.692,1.433,1.1147,0.1399,1.5343,1,2,0,0,1,0,1.2495,983.06,306.8,1480.91,9089.23,6706.04,0,0.0651,1.7178,0,1
2026-09-09T15:21:30.378158+00:00,lateral_movement_smb_v1,lateral_movement_smb_v1__run_000,lateral_movement,T1021.002,1,1,-0.0,1.0,0.0,4659.13,3106.09,0.5627,6,4,1.1249,2.8822,1.0702,0.32,2.03,0,0,0,0,0,0,1.3564,776.52,0.0,776.52,7549.08,9512.88,0,0.0505,0.4676,0,0
2026-09-09T15:21:35.378158+00:00,lateral_movement_smb_v1,lateral_movement_smb_v1__run_000,lateral_movement,T1021.002,4,2,0.8113,0.9964,0.0432,37709.11,23568.19,0.715,40,25,0.6977,1.7341,0.8805,0.2576,1.6533,0,2,0,0,0,0,1.5757,942.73,290.73,1438.33,6983.54,9539.22,0,0.0562,1.7039,0,0
2026-09-09T15:21:40.378158+00:00,lateral_movement_smb_v1,lateral_movement_smb_v1__run_000,lateral_movement,T1021.002,4,2,0.8113,1.0,0.0032,14157.66,11503.1,0.6067,16,13,0.6344,1.4759,1.3297,0.3339,2.3313,0,2,0,0,0,0,1.1692,884.85,416.6,1561.22,8475.35,7096.81,0,0.0562,0.5263,0,0
2026-09-09T15:21:45.378158+00:00,lateral_movement_smb_v1,lateral_movement_smb_v1__run_000,lateral_movement,T1021.002,8,2,1.0,0.9795,0.0241,27130.44,18086.96,0.668,24,16,0.6816,1.9493,0.9585,0.2404,1.6796,1,3,0,0,1,0,1.424,1130.44,345.88,1774.86,7559.6,9712.75,0,0.1446,0.7956,0,0
2026-09-09T15:21:50.378158+00:00,lateral_movement_smb_v1,lateral_movement_smb_v1__run_000,lateral_movement,T1021.002,2,1,-0.0,0.985,0.0357,18008.9,25012.37,0.6923,18,25,0.6789,1.6127,0.7286,0.1902,1.2993,0,0,0,0,0,0,0.7031,1000.49,60.15,1060.64,7868.37,8132.44,0,0.027,1.4227,0,0
2026-09-09T15:21:55.378158+00:00,lateral_movement_smb_v1,lateral_movement_smb_v1__run_000,lateral_movement,T1021.002,8,2,1.0,0.9927,0.0192,57099.79,56080.15,0.6289,56,55,0.603,1.7838,1.0427,0.2258,1.7201,1,3,0,0,1,0,1.0105,1019.64,399.67,1978.36,7330.59,7946.57,0,0.0754,0.3081,0,0
2026-09-09T15:22:00.378158+00:00,lateral_movement_smb_v1,lateral_movement_smb_v1__run_000,lateral_movement,T1021.002,6,2,0.9183,1.0,0.0188,20353.5,14417.06,0.7133,24,17,1.5017,2.4992,1.1548,0.1953,1.7407,1,2,0,0,0,0,1.37,848.06,142.53,969.08,7672.8,8371.79,0,0.0776,0.4818,0,0
2026-09-09T15:22:05.378158+00:00,lateral_movement_smb_v1,lateral_movement_smb_v1__run_000,lateral_movement,T1021.002,3,2,0.9183,0.9863,0.0425,31176.63,23093.8,0.5982,27,20,0.5397,0.8592,1.024,0.2584,1.7992,0,1,0,0,0,0,1.3332,1154.69,310.04,1450.29,7877.64,9628.47,0,0.1252,1.418,0,0
2026-09-09T15:22:10.378158+00:00,lateral_movement_smb_v1,lateral_movement_smb_v1__run_000,lateral_movement,T1021.002,9,2,0.9911,0.9803,0.0106,96593.64,84966.63,0.5791,108,95,0.5889,0.8482,0.9539,0.2855,1.8106,1,4,0,0,1,0,1.1315,894.39,269.56,1595.33,7813.72,7950.8,0,0.0927,1.1902,0,0
2026-09-09T15:22:15.378158+00:00,lateral_movement_smb_v1,lateral_movement_smb_v1__run_000,lateral_movement,T1021.002,5,2,0.971,0.9657,0.0586,21875.23,15750.17,0.6608,25,18,1.8255,5.2845,1.2189,0.2308,1.9112,1,2,0,0,0,0,1.3173,875.01,226.46,1236.17,10147.17,8779.18,0,0.1066,0.2186,0,0
2026-09-09T15:22:20.378158+00:00,lateral_movement_smb_v1,lateral_movement_smb_v1__run_000,lateral_movement,T1021.002,10,2,0.469,0.9412,0.0572,58416.06,109043.32,0.6014,60,112,1.2587,3.7442,1.1721,0.1459,1.61,2,4,1,0,1,0,0.5311,973.6,441.67,2081.54,6727.79,7666.66,0,0.0475,0.6314,0,0
2026-09-09T15:22:25.378158+00:00,lateral_movement_smb_v1,lateral_movement_smb_v1__run_000,lateral_movement,T1021.002,2,1,-0.0,0.9933,0.0,19408.1,18329.87,0.6816,18,17,0.932,1.423,0.9797,0.2247,1.6537,0,0,0,0,0,0,1.0508,1078.23,532.54,1610.77,9815.8,8917.61,0,0.0544,0.6179,0,0
2026-09-09T15:22:30.378158+00:00,lateral_movement_smb_v1,lateral_movement_smb_v1__run_000,lateral_movement,T1021.002,5,2,0.971,1.0,0.0,28311.15,14155.57,0.623,30,15,1.7926,4.7205,1.2012,0.3099,2.1308,0,2,0,0,0,0,1.9767,943.7,346.0,1454.33,8386.01,8589.32,0,0.0592,0.0227,0,0
2026-09-09T15:22:35.378158+00:00,lateral_movement_smb_v1,lateral_movement_smb_v1__run_000,lateral_movement,T1021.002,6,2,0.9183,1.0,0.0013,30133.19,17075.47,0.6085,30,17,0.6523,1.735,1.1959,0.2918,2.0713,1,3,0,0,0,0,1.7027,1004.44,208.74,1352.68,7688.73,10452.99,0,0.0401,1.0009,1,0
2026-09-09T15:22:40.378158+00:00,lateral_movement_smb_v1,lateral_movement_smb_v1__run_000,lateral_movement,T1021.002,6,2,0.9183,0.9738,0.0194,29123.0,19415.33,0.6712,30,20,0.8261,2.115,0.8228,0.2272,1.5045,1,2,0,0,0,0,1.4594,970.77,141.16,1193.25,9321.28,8326.69,0,0.0834,1.5848,1,1
2026-09-09T15:22:45.378158+00:00,lateral_movement_smb_v1,lateral_movement_smb_v1__run_000,lateral_movement,T1021.002,5,2,0.7219,0.9968,0.0,32910.48,25388.09,0.6218,35,27,1.1983,1.5951,1.0581,0.1566,1.5279,1,2,0,0,0,0,1.2825,940.3,193.84,1156.29,7190.02,8473.64,0,0.1115,1.2173,0,0
2026-09-09T15:22:50.378158+00:00,lateral_movement_smb_v1,lateral_movement_smb_v1__run_000,lateral_movement,T1021.002,5,2,0.971,0.9825,0.017,5891.83,4713.46,0.6893,5,4,0.7479,1.4902,1.0889,0.2528,1.8474,1,2,0,0,0,0,1.2283,1178.37,258.75,1589.43,6914.78,7482.02,0,0.0805,1.8326,0,0
2026-09-09T15:22:55.378158+00:00,lateral_movement_smb_v1,lateral_movement_smb_v1__run_000,lateral_movement,T1021.002,6,2,0.65,0.9613,0.0234,49532.48,39213.22,0.6344,48,38,1.0745,1.4335,0.8908,0.1,1.1907,1,2,0,0,0,0,1.2409,1031.93,739.93,2628.02,8803.46,8771.08,0,0.0685,1.2988,0,0
2026-09-09T15:23:00.378158+00:00,lateral_movement_smb_v1,lateral_movement_smb_v1__run_000,lateral_movement,T1021.002,3,2,0.9183,1.0,0.0,21719.85,20915.41,0.719,27,26,1.4411,2.1123,1.1818,0.1375,1.5943,0,1,0,0,0,0,1.0249,804.44,43.35,853.58,7090.89,8842.06,0,0.1079,0.3367,0,0
2026-09-09T15:23:05.378158+00:00,lateral_movement_smb_v1,lateral_movement_smb_v1__run_000,lateral_movement,T1021.002,7,2,0.9852,0.9592,0.0225,20161.86,16321.5,0.5928,21,17,1.4278,3.2478,1.1588,0.3346,2.1627,1,3,0,0,0,0,1.214,960.09,336.29,1514.07,10881.84,7071.06,0,0.11,0.7641,0,0
2026-09-09T15:23:10.378158+00:00,lateral_movement_smb_v1,lateral_movement_smb_v1__run_000,lateral_movement,T1021.002,3,2,0.9183,0.9849,0.0223,8530.27,9951.98,0.6317,12,14,1.384,2.3702,1.0689,0.2875,1.9315,0,1,0,0,0,0,0.8028,710.86,86.39,833.02,7612.43,9015.97,0,0.0479,1.4864,0,0
2026-09-09T15:23:15.378158+00:00,lateral_movement_smb_v1,lateral_movement_smb_v1__run_000,lateral_movement,T1021.002,1,1,-0.0,1.0,0.0,2506.3,1253.15,0.6892,2,1,1.0987,2.3903,1.0508,0.1481,1.4952,0,0,0,0,0,0,1.273,1253.15,0.0,1253.15,9587.0,10780.82,0,0.0388,0.0,0,0
2026-09-09T15:23:20.378158+00:00,lateral_movement_smb_v1,lateral_movement_smb_v1__run_000,lateral_movement,T1021.002,4,2,1.0,0.9929,0.0,11936.02,9946.69,0.6362,12,10,0.9239,1.1872,0.8655,0.1848,1.42,0,2,0,0,0,0,1.1632,994.67,283.33,1411.31,8329.22,7193.57,0,0.0464,1.7958,0,0
2026-09-09T15:23:25.378158+00:00,lateral_movement_smb_v1,lateral_movement_smb_v1__run_000,lateral_movement,T1021.002,4,2,0.8113,0.9413,0.0872,11676.43,7297.77,0.7508,16,10,1.2476,3.3522,0.9662,0.1132,1.3059,0,1,0,0,0,0,1.5364,729.78,161.19,951.03,8800.41,8753.13,0,0.0569,0.4513,0,0
2026-09-09T15:23:30.378158+00:00,lateral_movement_smb_v1,lateral_movement_smb_v1__run_000,lateral_movement,T1021.002,3,2,0.9183,1.0,0.0,19349.23,27232.25,0.6651,27,38,1.2615,1.635,1.0863,0.211,1.7194,0,1,0,0,0,0,0.6998,716.64,91.29,844.68,6978.5,8664.62,0,0.035,1.2633,0,0
2026-09-09T15:23:35.378158+00:00,lateral_movement_smb_v1,lateral_movement_smb_v1__run_000,lateral_movement,T1021.002,6,2,0.9183,1.0,0.0,55246.96,63534.0,0.6455,60,69,1.6353,4.6492,1.2503,0.139,1.6672,1,2,0,0,1,0,0.8651,920.78,231.68,1345.39,9461.53,7323.62,0,0.1182,1.0605,0,0
2026-09-09T15:23:40.378158+00:00,lateral_movement_smb_v1,lateral_movement_smb_v1__run_000,lateral_movement,T1021.002,3,2,0.9183,1.0,0.0195,11251.54,14064.43,0.675,12,15,1.2373,3.0791,0.9793,0.1727,1.4974,0,1,0,0,0,0,0.7645,937.63,57.02,1008.36,9105.07,6945.43,0,0.1467,0.167,0,0
2026-09-09T15:23:45.378158+00:00,lateral_movement_smb_v1,lateral_movement_smb_v1__run_000,lateral_movement,T1021.002,5,2,0.7219,1.0,0.0,27021.76,44778.92,0.5987,35,58,1.3175,3.1283,0.8228,0.2304,1.514,1,2,0,0,0,0,0.5949,772.05,155.36,982.11,7773.27,7500.5,0,0.129,1.3126,0,0
2026-09-09T15:23:50.378158+00:00,lateral_movement_smb_v1,lateral_movement_smb_v1__run_000,lateral_movement,T1021.002,3,2,0.9183,1.0,0.0227,22212.88,28559.41,0.6019,21,27,0.9731,2.8106,1.0073,0.2366,1.7171,0,1,0,0,0,0,0.7555,1057.76,203.93,1217.51,7805.14,7532.13,0,0.0941,0.0768,0,0
2026-09-09T15:23:55.378158+00:00,lateral_movement_smb_v1,lateral_movement_smb_v1__run_000,lateral_movement,T1021.002,8,2,0.8113,1.0,0.0,49405.23,32642.74,0.7092,56,37,1.0249,2.7513,0.9233,0.1918,1.4988,1,3,0,0,1,0,1.503,882.24,304.92,1569.06,6916.83,8264.92,0,0.0749,1.3945,0,0
2026-09-09T15:24:00.378158+00:00,lateral_movement_smb_v1,lateral_movement_smb_v1__run_000,lateral_movement,T1021.002,4,2,0.8113,1.0,0.0,16012.73,12009.55,0.6478,20,15,1.2352,3.3082,1.112,0.2455,1.8485,0,1,0,0,0,0,1.2626,800.64,74.24,877.05,8358.37,6763.77,0,0.0672,1.0402,0,0
2026-09-09T15:24:05.378158+00:00,lateral_movement_smb_v1,lateral_movement_smb_v1__run_000,lateral_movement,T1021.002,5,2,0.7219,1.0,0.0,28089.24,23407.7,0.7376,30,25,0.58,1.504,0.8128,0.1438,1.2441,0,2,0,0,0,0,1.1707,936.31,319.56,1510.34,8110.19,6327.05,0,0.1141,1.4668,0,0
2026-09-09T15:24:10.378158+00:00,lateral_movement_smb_v1,lateral_movement_smb_v1__run_000,lateral_movement,T1021.002,2,1,-0.0,1.0,0.0,1323.91,661.95,0.6179,2,1,1.2787,2.0855,1.019,0.2666,1.8189,0,0,0,0,0,0,1.1937,661.95,88.08,750.03,8738.42,7445.34,0,0.0793,0.4196,0,0
2026-09-09T15:24:15.378158+00:00,lateral_movement_smb_v1,lateral_movement_smb_v1__run_000,lateral_movement,T1021.002,2,2,1.0,1.0,0.0,7374.39,3687.19,0.6954,6,3,0.623,1.7237,1.1168,0.1299,1.5065,0,0,0,0,0,0,1.5224,1229.06,288.91,1517.98,9311.98,10309.75,0,0.1008,0.7542,0,0
2026-09-09T15:24:20.378158+00:00,lateral_movement_smb_v1,lateral_movement_smb_v1__run_000,lateral_movement,T1021.002,0,0,0.0,1.0,0.0045,0.0,0.0,0.6448,0,0,0.9344,2.4998,1.0405,0.1259,1.4181,0,0,0,0,0,0,1.5793,928.98,0.0,928.98,9464.1,6379.87,0,0.0354,1.5752,0,0
2026-09-09T15:24:25.378158+00:00,lateral_movement_smb_v1,lateral_movement_smb_v1__run_000,lateral_movement,T1021.002,5,2,0.971,1.0,0.0,33519.03,29688.28,0.6204,35,31,0.6146,1.6664,0.8692,0.1766,1.399,1,2,0,0,0,0,1.1244,957.69,262.39,1432.21,8936.41,8621.3,0,0.1254,0.9905,0,0
2026-09-09T15:24:30.378158+00:00,lateral_movement_smb_v1,lateral_movement_smb_v1__run_000,lateral_movement,T1021.002,9,2,0.9911,0.9882,0.0041,25636.49,14954.62,0.6891,36,21,1.277,3.6205,0.7758,0.1607,1.258,1,4,0,0,1,0,1.6762,712.12,222.23,1229.54,7199.19,8473.22,0,0.0808,1.493,0,0
2026-09-09T15:24:35.378158+00:00,lateral_movement_smb_v1,lateral_movement_smb_v1__run_000,lateral_movement,T1021.002,5,2,0.7219,0.9827,0.0395,35772.15,23251.89,0.6569,40,26,0.4866,0.9958,1.0237,0.2183,1.6785,1,2,0,0,0,0,1.4983,894.3,364.44,1453.42,7505.98,8276.21,0,0.105,1.1574,0,0
2026-09-09T15:24:40.378158+00:00,lateral_movement_smb_v1,lateral_movement_smb_v1__run_000,lateral_movement,T1021.002,3,1,-0.0,1.0,0.0,15116.01,10797.15,0.5872,21,15,0.7098,1.2328,0.9032,0.1777,1.4363,0,1,0,0,0,0,1.3697,719.81,131.51,865.75,7230.27,9018.17,0,0.0381,1.4258,0,0
2026-09-09T15:24:45.378158+00:00,lateral_movement_smb_v1,lateral_movement_smb_v1__run_000,lateral_movement,T1021.002,10,2,0.971,0.9642,0.0652,9050.46,18100.93,0.7034,10,20,0.6096,1.6292,0.9126,0.2187,1.5686,1,5,0,0,1,0,0.4993,905.05,534.44,2087.12,8595.98,6706.33,0,0.0542,0.58,1,0
2026-09-09T15:24:50.378158+00:00,lateral_movement_smb_v1,lateral_movement_smb_v1__run_000,lateral_movement,T1021.002,5,2,0.7219,1.0,0.0355,24736.87,18964.94,0.6763,30,23,1.0356,1.5577,0.823,0.1674,1.3253,0,2,0,0,0,0,1.2641,824.56,113.32,1019.92,8976.36,6682.45,0,0.0657,0.746,0,0
2026-09-09T15:24:55.378158+00:00,lateral_movement_smb_v1,lateral_movement_smb_v1__run_000,lateral_movement,T1021.002,3,2,0.9183,1.0,0.0,20066.16,17093.39,0.6311,27,23,0.8939,2.655,1.1664,0.2271,1.8476,0,1,0,0,0,0,1.1524,743.19,156.47,882.25,7351.77,9414.36,0,0.0942,1.0401,0,0
2026-09-09T15:25:00.378158+00:00,lateral_movement_smb_v1,lateral_movement_smb_v1__run_000,lateral_movement,T1021.002,6,2,1.0,0.97,0.0369,43076.81,22564.04,0.6826,42,22,1.4619,2.0055,1.0573,0.2893,1.9253,1,2,0,0,0,0,1.8924,1025.64,261.0,1431.02,8529.96,5932.41,0,0.1012,1.4932,0,0
2026-09-09T15:25:05.378158+00:00,lateral_movement_smb_v1,lateral_movement_smb_v1__run_000,lateral_movement,T1021.002,4,2,0.8113,0.9937,0.0139,24427.1,27044.29,0.6298,28,31,0.6806,1.9111,0.8965,0.1048,1.211,0,1,0,0,0,0,0.8952,872.4,340.42,1421.67,7820.98,9887.11,0,0.082,1.2825,1,0
2026-09-09T15:25:10.378158+00:00,lateral_movement_smb_v1,lateral_movement_smb_v1__run_000,lateral_movement,T1021.002,7,2,0.9852,0.9652,0.0455,43671.18,33867.44,0.5569,49,38,1.7138,2.3671,0.9141,0.2621,1.7005,1,3,0,0,1,0,1.2649,891.25,224.76,1117.32,9276.67,7378.65,0,0.089,1.3201,0,0
2026-09-09T15:25:15.378158+00:00,lateral_movement_smb_v1,lateral_movement_smb_v1__run_000,lateral_movement,T1021.002,3,2,0.9183,1.0,0.0,13342.01,13342.01,0.6377,15,15,1.117,2.9675,1.1259,0.3082,2.0506,0,1,0,0,0,0,0.9443,889.47,327.99,1342.76,6025.92,7120.34,0,0.0843,0.9949,0,0
2026-09-09T15:25:20.378158+00:00,lateral_movement_smb_v1,lateral_movement_smb_v1__run_000,lateral_movement,T1021.002,7,2,0.9852,0.9658,0.0508,22443.9,13626.65,0.6622,28,17,0.7243,1.9853,0.9054,0.2417,1.6305,1,3,0,0,1,0,1.6233,801.57,212.53,1147.08,7195.82,8182.5,0,0.0704,1.4138,0,0
2026-09-09T15:25:25.378158+00:00,lateral_movement_smb_v1,lateral_movement_smb_v1__run_000,lateral_movement,T1021.002,5,2,0.7219,1.0,0.0149,21348.32,13662.92,0.6897,25,16,1.1106,2.4978,0.9625,0.2819,1.8081,1,2,0,0,0,0,1.5054,853.93,242.79,1224.62,8044.39,9724.94,0,0.1033,0.0351,0,1
2026-09-09T15:25:30.378158+00:00,lateral_movement_smb_v1,lateral_movement_smb_v1__run_000,lateral_movement,T1021.002,5,2,0.971,1.0,0.0054,31709.65,22196.76,0.6596,40,28,0.8304,1.2783,0.8483,0.1927,1.4266,1,2,0,0,0,0,1.3905,792.74,252.56,1202.37,7064.47,7376.08,0,0.1223,1.2138,1,0
2026-09-09T15:25:35.378158+00:00,lateral_movement_smb_v1,lateral_movement_smb_v1__run_000,lateral_movement,T1021.002,5,2,0.971,1.0,0.0024,23732.08,25314.22,0.6944,30,32,1.2269,3.6556,1.111,0.1319,1.5067,1,2,0,0,0,0,0.9165,791.07,189.74,1090.43,7090.51,9603.84,0,0.0654,2.0722,0,0
2026-09-09T15:25:40.378158+00:00,lateral_movement_smb_v1,lateral_movement_smb_v1__run_000,lateral_movement,T1021.002,2,1,-0.0,0.9747,0.0,9274.13,9274.13,0.602,16,16,0.8555,2.2304,1.0644,0.2708,1.8766,0,1,0,0,0,0,0.9789,579.63,18.74,598.38,6629.11,8121.72,0,0.0285,0.2407,0,0
2026-09-09T15:25:45.378158+00:00,lateral_movement_smb_v1,lateral_movement_smb_v1__run_000,lateral_movement,T1021.002,8,2,1.0,0.9735,0.0138,18309.7,13732.28,0.5937,24,18,1.3613,3.0508,0.9783,0.2731,1.7977,1,3,0,0,1,0,1.295,762.9,259.97,1243.08,6955.74,6500.49,0,0.1345,0.6291,0,0
2026-09-09T15:25:50.378158+00:00,lateral_movement_smb_v1,lateral_movement_smb_v1__run_000,lateral_movement,T1021.002,6,2,1.0,1.0,0.0267,15796.13,12285.88,0.678,18,14,0.4893,1.2678,0.852,0.0936,1.1328,1,2,0,0,0,0,1.2296,877.56,260.24,1345.91,8285.56,9260.22,0,0.0954,0.6984,0,0
2026-09-09T15:25:55.378158+00:00,lateral_movement_smb_v1,lateral_movement_smb_v1__run_000,lateral_movement,T1021.002,5,2,0.971,0.99,0.0,22120.07,20350.46,0.5835,25,23,0.9482,2.0021,1.2898,0.3375,2.3022,0,2,0,0,0,0,1.0473,884.8,307.34,1411.1,5931.17,7710.76,0,0.0488,1.5018,0,0
2026-09-09T15:26:00.378158+00:00,lateral_movement_smb_v1,lateral_movement_smb_v1__run_000,lateral_movement,T1021.002,1,1,-0.0,0.9419,0.0574,16198.83,13884.71,0.6821,7,6,0.8331,2.2374,1.2421,0.3442,2.2747,0,0,0,0,0,0,1.0256,2314.12,0.0,2314.12,7957.07,9893.15,0,0.0661,0.4839,0,0
2026-09-09T15:26:05.378158+00:00,lateral_movement_smb_v1,lateral_movement_smb_v1__run_000,lateral_movement,T1021.002,2,1,-0.0,0.9998,0.0,15176.78,10840.56,0.6639,14,10,1.1825,3.1981,0.7736,0.2303,1.4645,0,1,0,0,0,0,1.3286,1084.06,223.7,1307.76,10564.34,9409.93,0,0.0396,1.4201,0,0
2026-09-09T15:26:10.378158+00:00,lateral_movement_smb_v1,lateral_movement_smb_v1__run_000,lateral_movement,T1021.002,9,2,0.5033,1.0,0.003,66419.9,61807.41,0.7246,72,67,0.6044,1.5777,1.3634,0.2935,2.2439,1,4,0,0,0,0,1.0714,922.5,265.95,1438.46,8755.16,8945.03,0,0.0656,0.8043,0,0
2026-09-09T15:26:15.378158+00:00,lateral_movement_smb_v1,lateral_movement_smb_v1__run_000,lateral_movement,T1021.002,8,2,0.9544,0.9793,0.0,25536.54,13566.29,0.6053,32,17,1.2748,2.6484,1.2862,0.3215,2.2507,1,4,0,0,1,0,1.7999,798.02,216.69,1105.49,9035.84,7679.07,0,0.1172,1.2996,0,0
2026-09-09T15:26:20.378158+00:00,lateral_movement_smb_v1,lateral_movement_smb_v1__run_000,lateral_movement,T1021.002,7,2,0.9852,0.9493,0.0212,22924.63,18012.21,0.7113,28,22,0.658,1.1003,1.0606,0.2168,1.7109,1,3,0,0,0,0,1.2691,818.74,234.39,1209.99,9524.67,8258.9,0,0.1342,0.6796,0,1
2026-09-09T15:26:25.378158+00:00,lateral_movement_smb_v1,lateral_movement_smb_v1__run_000,lateral_movement,T1021.002,8,2,1.0,1.0,0.0081,15814.13,11860.6,0.797,16,12,1.7888,3.0174,1.0827,0.3132,2.0223,1,4,0,0,0,0,1.2723,988.38,325.38,1580.49,7944.1,9324.03,0,0.0784,1.4587,0,0
2026-09-09T15:26:30.378158+00:00,lateral_movement_smb_v1,lateral_movement_smb_v1__run_000,lateral_movement,T1021.002,6,2,0.9183,0.9735,0.0421,15602.63,11268.57,0.6422,18,13,1.3464,2.8836,0.921,0.1705,1.4327,1,2,0,0,0,0,1.3548,866.81,258.22,1409.9,9035.26,9150.42,0,0.1318,1.5499,0,0
2026-09-09T15:26:35.378158+00:00,lateral_movement_smb_v1,lateral_movement_smb_v1__run_000,lateral_movement,T1021.002,3,2,0.9183,1.0,0.0,8825.78,11032.22,0.687,12,15,1.5554,4.4711,1.224,0.2998,2.1233,0,1,0,0,0,0,0.7608,735.48,218.16,991.15,11033.92,8338.88,0,0.0373,0.2009,0,0
2026-09-09T15:26:40.378158+00:00,lateral_movement_smb_v1,lateral_movement_smb_v1__run_000,lateral_movement,T1021.002,3,1,-0.0,1.0,0.0,13677.52,70667.16,0.7107,12,62,1.3518,4.0251,0.9574,0.1304,1.3487,0,1,0,0,0,0,0.1907,1139.79,297.8,1545.12,8122.19,7110.83,0,0.0987,1.2767,0,0
2026-09-09T15:26:45.378158+00:00,lateral_movement_smb_v1,lateral_movement_smb_v1__run_000,lateral_movement,T1021.002,4,2,0.8113,0.9815,0.0432,26879.52,20999.63,0.7247,32,25,1.1328,2.8724,1.0996,0.1303,1.4905,0,1,0,0,0,0,1.2598,839.99,188.19,1155.24,7525.51,7697.34,0,0.1285,0.3233,0,0
2026-09-09T15:26:50.378158+00:00,lateral_movement_smb_v1,lateral_movement_smb_v1__run_000,lateral_movement,T1021.002,4,2,0.8113,1.0,0.0,22212.07,25385.22,0.7254,28,32,1.5474,4.494,1.1285,0.1849,1.6831,0,1,0,0,0,0,0.8616,793.29,64.64,861.67,9553.68,8783.22,0,0.1036,1.1253,0,0
2026-09-09T15:26:55.378158+00:00,lateral_movement_smb_v1,lateral_movement_smb_v1__run_000,lateral_movement,T1021.002,6,2,1.0,1.0,0.0,28148.74,19547.74,0.7062,36,25,1.0805,2.4478,1.3076,0.2771,2.1389,1,3,0,0,0,0,1.4161,781.91,132.13,1039.17,10029.71,7593.96,0,0.1112,1.1265,0,0
2026-09-09T15:27:00.378158+00:00,lateral_movement_smb_v1,lateral_movement_smb_v1__run_000,lateral_movement,T1021.002,1,1,-0.0,1.0,0.0,8010.17,6007.63,0.6511,8,6,0.8281,1.9778,1.2856,0.2904,2.1568,0,0,0,0,0,0,1.2348,1001.27,0.0,1001.27,7376.05,8305.83,0,0.0,0.9416,0,0
2026-09-09T15:27:05.378158+00:00,lateral_movement_smb_v1,lateral_movement_smb_v1__run_000,lateral_movement,T1021.002,3,1,-0.0,0.9714,0.0406,18594.83,21693.97,0.5928,18,21,0.743,1.4062,1.071,0.2326,1.7689,0,1,0,0,0,0,0.8529,1033.05,347.01,1500.3,8814.87,7778.14,0,0.0531,0.5361,0,0
2026-09-09T15:27:10.378158+00:00,lateral_movement_smb_v1,lateral_movement_smb_v1__run_000,lateral_movement,T1021.002,6,2,1.0,0.999,0.0114,22760.1,37933.49,0.6962,30,50,0.5756,0.9227,0.9625,0.2114,1.5968,1,2,0,0,0,0,0.5974,758.67,212.42,1147.37,8472.03,8163.96,0,0.0938,1.78,0,0
2026-09-09T15:27:15.378158+00:00,lateral_movement_smb_v1,lateral_movement_smb_v1__run_000,lateral_movement,T1021.002,3,2,0.9183,0.9674,0.0672,9031.72,8028.19,0.6481,9,8,0.637,0.7734,0.8116,0.1497,1.2608,0,1,0,0,0,0,1.0643,1003.52,123.32,1105.46,10032.85,8163.61,0,0.1136,1.301,0,0
2026-09-09T15:27:20.378158+00:00,lateral_movement_smb_v1,lateral_movement_smb_v1__run_000,lateral_movement,T1021.002,5,2,0.7219,0.9627,0.0,28959.8,17375.88,0.6039,35,21,1.6903,2.6349,1.1713,0.1747,1.6952,0,2,0,0,0,0,1.6504,827.42,128.9,961.38,6998.79,6615.45,0,0.0642,0.2961,0,0
2026-09-09T15:27:25.378158+00:00,lateral_movement_smb_v1,lateral_movement_smb_v1__run_000,lateral_movement,T1021.002,7,2,0.9852,1.0,0.0,27417.75,15667.29,0.6341,28,16,0.78,1.4716,1.2077,0.1768,1.7382,1,3,0,0,0,0,1.6523,979.21,245.14,1486.23,8537.97,8016.78,0,0.0892,0.6677,0,1
2026-09-09T15:27:30.378158+00:00,lateral_movement_smb_v1,lateral_movement_smb_v1__run_000,lateral_movement,T1021.002,9,2,0.9183,1.0,0.015,27581.66,19920.09,0.6563,36,26,1.3315,3.5162,0.8697,0.1117,1.2049,1,4,0,0,1,0,1.3639,766.16,168.93,1100.59,9560.46,8243.01,0,0.0286,0.9132,0,0
2026-09-09T15:27:35.378158+00:00,lateral_movement_smb_v1,lateral_movement_smb_v1__run_000,lateral_movement,T1021.002,5,1,-0.0,0.9476,0.0406,20065.54,19262.92,0.6829,25,24,0.9129,1.5223,1.1475,0.1767,1.6776,0,2,0,0,0,0,1.0402,802.62,214.33,1155.58,6678.74,8839.67,0,0.0674,1.4623,0,1
2026-09-09T15:27:40.378158+00:00,lateral_movement_smb_v1,lateral_movement_smb_v1__run_000,lateral_movement,T1021.002,4,2,1.0,1.0,0.0301,17718.81,8859.41,0.6631,24,12,0.9417,2.5333,0.954,0.2463,1.693,0,2,0,0,0,0,1.9236,738.28,234.54,1097.26,8555.58,8958.13,0,0.074,0.3539,0,0
2026-09-09T15:27:45.378158+00:00,lateral_movement_smb_v1,lateral_movement_smb_v1__run_000,lateral_movement,T1021.002,6,2,0.9183,1.0,0.0,26386.78,29685.13,0.6639,24,27,1.0882,1.9778,1.0347,0.2489,1.7815,1,2,0,0,0,0,0.8678,1099.45,435.06,2011.12,8223.72,7967.92,0,0.1004,1.7892,0,0
2026-09-09T15:27:50.378158+00:00,lateral_movement_smb_v1,lateral_movement_smb_v1__run_000,lateral_movement,T1021.002,9,2,0.9183,0.9973,0.0,67895.68,52053.36,0.6859,90,69,0.9939,2.7157,0.9051,0.1165,1.2546,1,4,0,0,1,0,1.299,754.4,230.0,1117.32,8091.3,8734.14,0,0.1016,0.3456,0,0
2026-09-09T15:27:55.378158+00:00,lateral_movement_smb_v1,lateral_movement_smb_v1__run_000,lateral_movement,T1021.002,5,2,0.7219,0.9777,0.0,32463.41,27593.89,0.6906,40,34,1.1815,1.8052,0.9159,0.1232,1.2856,1,2,0,0,0,0,1.1759,811.59,323.67,1345.38,10217.48,10633.94,0,0.0922,0.9038,0,0
2026-09-09T15:28:00.378158+00:00,lateral_movement_smb_v1,lateral_movement_smb_v1__run_000,lateral_movement,T1021.002,5,2,0.7219,0.9623,0.0029,26346.95,25175.97,0.6994,45,43,1.2025,2.9305,0.7918,0.1208,1.1543,0,2,0,0,0,0,1.0338,585.49,113.95,698.27,6581.78,8646.64,0,0.0827,0.2166,0,0
2026-09-09T15:28:05.378158+00:00,lateral_movement_smb_v1,lateral_movement_smb_v1__run_000,lateral_movement,T1021.002,5,2,0.7219,0.991,0.0173,22321.18,16740.88,0.6822,20,15,1.1341,3.2031,0.9279,0.1534,1.3882,1,2,0,0,0,0,1.3019,1116.06,369.53,1802.37,7444.03,8525.75,0,0.119,1.5375,0,0
2026-09-09T15:28:10.378158+00:00,lateral_movement_smb_v1,lateral_movement_smb_v1__run_000,lateral_movement,T1021.002,11,2,0.9457,1.0,0.0,75658.67,46426.91,0.6894,88,54,0.6265,0.9924,0.8061,0.2269,1.4867,2,5,1,0,1,0,1.6188,859.76,264.77,1361.75,9051.53,8452.02,0,0.0604,0.819,0,2
2026-09-09T15:28:15.378158+00:00,lateral_movement_smb_v1,lateral_movement_smb_v1__run_000,lateral_movement,T1021.002,2,2,1.0,1.0,0.0,5793.7,3621.06,0.6214,8,5,0.4479,0.8757,0.9067,0.1642,1.3991,0,0,0,0,0,0,1.4712,724.21,66.61,790.82,7946.95,7874.07,0,0.1162,0.6403,0,0
2026-09-09T15:28:20.378158+00:00,lateral_movement_smb_v1,lateral_movement_smb_v1__run_000,lateral_movement,T1021.002,7,2,0.9852,0.9673,0.0109,47262.0,31829.51,0.6059,49,33,0.7434,2.0362,1.0959,0.1413,1.5199,1,3,0,0,1,0,1.4479,964.53,161.14,1218.36,7672.48,8599.05,0,0.0875,1.0007,0,0
2026-09-09T15:28:25.378158+00:00,lateral_movement_smb_v1,lateral_movement_smb_v1__run_000,lateral_movement,T1021.002,4,2,0.8113,0.9808,0.044,25477.74,15468.63,0.6915,28,17,0.6608,1.2502,0.8255,0.1698,1.3347,0,2,0,0,0,0,1.6395,909.92,75.34,1030.52,9865.84,7773.12,0,0.1063,0.5897,0,0
2026-09-09T15:28:30.378158+00:00,lateral_movement_smb_v1,lateral_movement_smb_v1__run_000,lateral_movement,T1021.002,8,2,1.0,0.9957,0.0015,60101.91,123960.19,0.691,64,132,0.6336,1.258,1.1196,0.135,1.5246,1,4,0,0,1,0,0.4836,939.09,359.81,1564.47,7864.61,6880.36,0,0.1371,1.0073,0,0
2026-09-09T15:28:35.378158+00:00,lateral_movement_smb_v1,lateral_movement_smb_v1__run_000,lateral_movement,T1021.002,5,2,0.7219,0.9998,0.0077,19419.29,13981.89,0.7577,25,18,0.6773,1.494,0.8032,0.2048,1.4177,0,2,0,0,0,0,1.3279,776.77,187.81,1048.48,8854.27,7404.55,0,0.0953,0.7978,0,0
2026-09-09T15:28:40.378158+00:00,lateral_movement_smb_v1,lateral_movement_smb_v1__run_000,lateral_movement,T1021.002,6,1,-0.0,0.9732,0.0081,32980.82,22903.35,0.632,36,25,0.801,1.8308,1.2234,0.2566,1.9934,1,2,0,0,0,0,1.4378,916.13,316.1,1576.95,8359.23,8585.34,0,0.063,1.8055,0,0
2026-09-09T15:28:45.378158+00:00,lateral_movement_smb_v1,lateral_movement_smb_v1__run_000,lateral_movement,T1021.002,2,1,-0.0,0.9431,0.0548,20678.58,14934.53,0.6696,18,13,0.5379,0.7096,0.8685,0.1739,1.3902,0,1,0,0,0,0,1.3219,1148.81,393.52,1542.33,6879.95,9246.19,0,0.034,0.0,0,0
2026-09-09T15:28:50.378158+00:00,lateral_movement_smb_v1,lateral_movement_smb_v1__run_000,lateral_movement,T1021.002,2,1,-0.0,1.0,0.0193,15144.19,16090.7,0.6345,16,17,1.15,1.8427,1.0545,0.2012,1.6582,0,1,0,0,0,0,0.8982,946.51,276.58,1223.09,9483.96,6948.1,0,0.0419,0.9323,0,0
2026-09-09T15:28:55.378158+00:00,lateral_movement_smb_v1,lateral_movement_smb_v1__run_000,lateral_movement,T1021.002,4,2,0.8113,1.0,0.018,13986.7,12238.36,0.6603,16,14,0.6895,1.2878,1.0239,0.2734,1.8442,0,2,0,0,0,0,1.0855,874.17,159.18,1120.28,8839.77,9137.5,0,0.0791,1.5197,0,0
2026-09-09T15:29:00.378158+00:00,lateral_movement_smb_v1,lateral_movement_smb_v1__run_000,lateral_movement,T1021.002,2,2,1.0,1.0,0.0,9856.63,5749.7,0.6101,12,7,0.5557,1.3598,0.9704,0.2801,1.8105,0,1,0,0,0,0,1.5414,821.39,239.72,1061.11,6211.26,8394.9,0,0.0523,1.87,0,0
2026-09-09T15:29:05.378158+00:00,lateral_movement_smb_v1,lateral_movement_smb_v1__run_000,lateral_movement,T1021.002,4,2,0.8113,1.0,0.0,20222.5,12639.06,0.6417,16,10,0.9721,1.9245,0.929,0.1433,1.3588,0,1,0,0,0,0,1.5605,1263.91,290.49,1716.96,8761.19,9491.57,0,0.1381,0.884,0,0
2026-09-09T15:29:10.378158+00:00,lateral_movement_smb_v1,lateral_movement_smb_v1__run_000,lateral_movement,T1021.002,3,1,-0.0,1.0,0.0,10986.94,8057.09,0.6095,15,11,0.6434,1.5326,1.2919,0.2914,2.166,0,1,0,0,0,0,1.3469,732.46,43.17,789.36,8121.82,6985.39,0,0.0232,1.3674,0,0
2026-09-09T15:29:15.378158+00:00,lateral_movement_smb_v1,lateral_movement_smb_v1__run_000,lateral_movement,T1021.002,5,2,0.971,0.9862,0.0135,36612.26,23594.57,0.6265,45,29,0.5862,0.7334,1.1372,0.1731,1.6566,0,2,0,0,0,0,1.5112,813.61,166.17,1066.26,6808.05,7819.17,0,0.081,0.9563,0,1
2026-09-09T15:29:20.378158+00:00,lateral_movement_smb_v1,lateral_movement_smb_v1__run_000,lateral_movement,T1021.002,4,2,0.8113,0.9741,0.0495,16695.19,11686.63,0.6916,20,14,0.5679,0.961,0.9234,0.2534,1.6836,0,2,0,0,0,0,1.3363,834.76,301.82,1277.78,9257.17,6395.83,0,0.0676,0.9789,0,0
2026-09-09T15:29:25.378158+00:00,lateral_movement_smb_v1,lateral_movement_smb_v1__run_000,lateral_movement,T1021.002,7,2,0.8631,0.968,0.0629,42356.89,38899.19,0.6336,49,45,0.7274,0.9293,0.9103,0.2263,1.5892,1,3,0,0,1,0,1.0682,864.43,84.35,973.0,8778.92,8809.63,0,0.1454,0.7987,0,0
2026-09-09T15:29:30.378158+00:00,lateral_movement_smb_v1,lateral_movement_smb_v1__run_000,lateral_movement,T1021.002,2,2,1.0,0.9823,0.0224,9734.77,10708.25,0.6787,10,11,0.7866,1.2095,0.9751,0.1425,1.4027,0,1,0,0,0,0,0.8357,973.48,334.11,1307.59,8115.07,6461.82,0,0.0919,1.126,0,0
2026-09-09T15:29:35.378158+00:00,lateral_movement_smb_v1,lateral_movement_smb_v1__run_000,lateral_movement,T1021.002,2,1,-0.0,0.9939,0.0251,17627.71,16746.32,0.6812,20,19,0.8657,2.2397,0.8821,0.1742,1.4046,0,1,0,0,0,0,1.0099,881.39,189.99,1071.37,8448.42,8478.63,0,0.0519,1.2029,0,0
2026-09-09T15:29:40.378158+00:00,lateral_movement_smb_v1,lateral_movement_smb_v1__run_000,lateral_movement,T1021.002,2,1,-0.0,0.9832,0.0,12368.13,8503.09,0.7095,16,11,0.8647,1.3358,1.1158,0.1863,1.6747,0,0,0,0,0,0,1.449,773.01,141.87,914.88,9035.14,8823.06,0,0.0403,1.6097,0,0
2026-09-09T15:29:45.378158+00:00,lateral_movement_smb_v1,lateral_movement_smb_v1__run_000,lateral_movement,T1021.002,7,2,0.9852,0.9756,0.0355,19350.23,13821.59,0.661,21,15,0.6238,1.3231,0.8379,0.2075,1.4605,1,3,0,0,1,0,1.3939,921.44,167.6,1160.24,7819.63,8251.9,0,0.0601,0.358,0,0
2026-09-09T15:29:50.378158+00:00,lateral_movement_smb_v1,lateral_movement_smb_v1__run_000,lateral_movement,T1021.002,8,2,0.8113,1.0,0.0,59909.83,98102.35,0.6986,80,131,1.3072,3.6413,0.9329,0.1905,1.5043,1,4,0,0,1,0,0.6081,748.87,179.35,1066.85,7268.29,9590.45,0,0.1067,2.0874,0,0
2026-09-09T15:29:55.378158+00:00,lateral_movement_smb_v1,lateral_movement_smb_v1__run_000,lateral_movement,T1021.002,4,2,0.8113,0.9979,0.0137,15973.83,15308.26,0.656,24,23,0.8283,1.0236,1.0067,0.2883,1.8718,0,2,0,0,0,0,1.0298,665.58,195.38,957.7,8068.42,9787.71,0,0.0899,0.6772,0,0
2026-09-09T15:30:00.378158+00:00,lateral_movement_smb_v1,lateral_movement_smb_v1__run_000,lateral_movement,T1021.002,4,2,0.8113,0.9567,0.0255,11419.52,7613.01,0.6287,12,8,1.4382,1.8343,0.9027,0.2337,1.6037,0,1,0,0,0,0,1.3585,951.63,212.6,1148.27,7656.94,7792.39,0,0.0987,1.4603,0,0
2026-09-09T15:30:05.378158+00:00,lateral_movement_smb_v1,lateral_movement_smb_v1__run_000,lateral_movement,T1021.002,5,2,0.971,0.9988,0.0299,24023.62,16015.75,0.7082,30,20,1.5313,3.5778,1.0303,0.2347,1.7344,1,2,0,0,0,0,1.4908,800.79,86.16,932.2,6826.35,7836.93,0,0.0906,0.6608,0,0
2026-09-09T15:30:10.378158+00:00,lateral_movement_smb_v1,lateral_movement_smb_v1__run_000,lateral_movement,T1021.002,3,1,-0.0,0.9652,0.034,27629.98,14966.24,0.5889,24,13,1.1036,1.5656,1.0392,0.1157,1.3863,0,1,0,0,0,0,1.8149,1151.25,174.72,1330.6,9089.51,7454.94,0,0.0,1.0473,0,0
2026-09-09T15:30:15.378158+00:00,lateral_movement_smb_v1,lateral_movement_smb_v1__run_000,lateral_movement,T1021.002,6,2,0.65,1.0,0.0026,45032.59,40028.97,0.6675,54,48,1.568,4.3476,1.3444,0.2538,2.1058,0,3,0,0,0,0,1.1217,833.94,230.69,1091.69,8057.21,6967.09,0,0.0727,0.964,0,0
2026-09-09T15:30:20.378158+00:00,lateral_movement_smb_v1,lateral_movement_smb_v1__run_000,lateral_movement,T1021.002,4,2,1.0,1.0,0.0,41804.44,37623.99,0.6537,40,36,0.8394,2.0484,1.1249,0.3079,2.0485,0,2,0,0,0,0,1.083,1045.11,240.6,1373.02,9357.22,7003.94,0,0.1019,1.0536,0,0
2026-09-09T15:30:25.378158+00:00,lateral_movement_smb_v1,lateral_movement_smb_v1__run_000,lateral_movement,T1021.002,9,2,0.9911,1.0,0.0,35409.52,37770.16,0.6919,45,48,1.2301,1.897,1.3064,0.175,1.8314,1,4,0,0,1,0,0.9311,786.88,261.34,1480.57,8473.09,7511.37,0,0.0951,0.8587,0,0
2026-09-09T15:30:30.378158+00:00,lateral_movement_smb_v1,lateral_movement_smb_v1__run_000,lateral_movement,T1021.002,6,2,0.9183,0.95,0.0563,24516.28,15526.97,0.615,30,19,1.0358,1.946,0.8661,0.1862,1.4247,1,3,0,0,0,0,1.5019,817.21,170.91,1083.74,8520.76,6836.91,0,0.0839,1.144,0,0
2026-09-09T15:30:35.378158+00:00,lateral_movement_smb_v1,lateral_movement_smb_v1__run_000,lateral_movement,T1021.002,3,2,0.9183,0.9778,0.0508,26486.01,33107.51,0.6368,24,30,1.2673,3.2342,0.94,0.1213,1.3039,0,1,0,0,0,0,0.7776,1103.58,144.99,1292.8,9799.91,8000.39,0,0.072,0.9069,0,0
2026-09-09T15:30:40.378158+00:00,lateral_movement_smb_v1,lateral_movement_smb_v1__run_000,lateral_movement,T1021.002,6,2,0.9183,0.9922,0.0099,36076.84,36076.84,0.5764,42,42,0.5819,0.9367,1.0773,0.1197,1.4365,1,2,0,0,0,0,0.9849,858.97,192.27,1157.97,9038.68,9317.17,0,0.0668,1.7413,0,0
2026-09-09T15:30:45.378158+00:00,lateral_movement_smb_v1,lateral_movement_smb_v1__run_000,lateral_movement,T1021.002,6,2,0.9183,1.0,0.0,65797.23,54831.02,0.7236,66,55,1.3398,3.0611,0.891,0.2315,1.5856,1,2,0,0,0,0,1.1851,996.93,402.53,1655.7,8870.33,7869.03,0,0.0953,0.3887,0,0
2026-09-09T15:30:50.378158+00:00,lateral_movement_smb_v1,lateral_movement_smb_v1__run_000,lateral_movement,T1021.002,6,2,0.9183,1.0,0.02,45767.6,32037.32,0.5989,60,42,1.5077,3.1598,1.2073,0.135,1.6123,1,2,0,0,0,0,1.4094,762.79,301.48,1372.76,7340.28,7001.87,0,0.0737,0.1548,0,0
2026-09-09T15:30:55.378158+00:00,lateral_movement_smb_v1,lateral_movement_smb_v1__run_000,lateral_movement,T1021.002,5,2,0.971,1.0,0.0,24841.17,18216.86,0.6008,30,22,0.9148,2.6055,1.157,0.2092,1.7846,0,2,0,0,0,0,1.3057,828.04,335.81,1469.97,8834.75,8482.03,0,0.0641,0.3409,0,0
2026-09-09T15:31:00.378158+00:00,lateral_movement_smb_v1,lateral_movement_smb_v1__run_000,lateral_movement,T1021.002,9,2,0.9183,0.976,0.0145,72126.38,115402.2,0.7644,90,144,1.0656,1.6494,0.9069,0.1144,1.2502,1,4,0,0,1,0,0.6208,801.4,246.42,1088.57,9078.66,7910.13,0,0.1042,1.8089,0,0
2026-09-09T15:31:05.378158+00:00,lateral_movement_smb_v1,lateral_movement_smb_v1__run_000,lateral_movement,T1021.002,5,2,0.7219,1.0,0.0,44760.82,33570.62,0.7398,60,45,1.7176,4.1588,1.3044,0.3894,2.4725,0,2,0,0,0,0,1.3211,746.01,39.19,807.08,8204.43,8183.39,0,0.042,1.1907,0,0
2026-09-09T15:31:10.378158+00:00,lateral_movement_smb_v1,lateral_movement_smb_v1__run_000,lateral_movement,T1021.002,3,2,0.9183,1.0,0.0344,10953.7,12414.19,0.6668,15,17,0.4844,1.3339,1.0044,0.217,1.6555,0,1,0,0,0,0,0.8405,730.25,196.95,902.54,7554.91,6326.94,0,0.1159,1.5225,0,0
2026-09-09T15:31:15.378158+00:00,lateral_movement_smb_v1,lateral_movement_smb_v1__run_000,lateral_movement,T1021.002,4,1,-0.0,0.9839,0.0,29470.12,28417.61,0.6577,28,27,1.1208,2.4624,0.9915,0.1301,1.3818,0,2,0,0,0,0,1.0153,1052.5,382.34,1500.6,7343.18,7886.24,0,0.0579,0.9084,0,0
2026-09-09T15:31:20.378158+00:00,lateral_movement_smb_v1,lateral_movement_smb_v1__run_000,lateral_movement,T1021.002,5,2,0.971,0.9774,0.0359,14749.04,13765.77,0.6911,15,14,0.9156,1.4523,1.0252,0.1618,1.5106,1,2,0,0,0,0,1.0403,983.27,348.71,1334.68,8661.21,8083.0,0,0.0678,1.3865,0,1
2026-09-09T15:31:25.378158+00:00,lateral_movement_smb_v1,lateral_movement_smb_v1__run_000,lateral_movement,T1021.002,4,2,0.8113,1.0,0.0078,23874.28,35811.43,0.5877,24,36,1.1233,2.8815,1.0627,0.2227,1.7309,0,1,0,0,0,0,0.663,994.76,523.97,1889.55,9441.34,9295.44,0,0.0628,1.3726,0,1
2026-09-09T15:31:30.378158+00:00,lateral_movement_smb_v1,lateral_movement_smb_v1__run_000,lateral_movement,T1021.002,1,1,-0.0,0.9879,0.0451,5943.89,4245.64,0.5519,7,5,0.7069,1.065,1.1173,0.3291,2.1046,0,0,0,0,0,0,1.2227,849.13,0.0,849.13,7713.77,8307.9,0,0.0656,0.6978,0,0
2026-09-09T15:31:35.378158+00:00,lateral_movement_smb_v1,lateral_movement_smb_v1__run_000,lateral_movement,T1021.002,8,2,1.0,0.9747,0.0099,73990.5,90638.36,0.711,80,98,0.7423,1.6378,0.842,0.1646,1.3358,1,4,0,0,1,0,0.8118,924.88,297.07,1359.64,7020.16,8588.87,0,0.0988,1.3701,0,0
2026-09-09T15:31:40.378158+00:00,lateral_movement_smb_v1,lateral_movement_smb_v1__run_000,lateral_movement,T1021.002,7,2,0.9852,1.0,0.0,36508.62,34422.41,0.653,35,33,0.845,1.3756,0.9367,0.0959,1.2245,1,3,0,0,0,0,1.0483,1043.1,321.68,1535.01,7635.54,7357.11,0,0.0821,1.2297,0,1
2026-09-09T15:31:45.378158+00:00,lateral_movement_smb_v1,lateral_movement_smb_v1__run_000,lateral_movement,T1021.002,3,1,-0.0,0.976,0.0113,18452.34,14351.82,0.7324,18,14,1.0469,1.5335,1.1033,0.1354,1.5095,0,1,0,0,0,0,1.2422,1025.13,227.36,1280.24,8139.8,8564.79,0,0.094,1.2205,0,0
2026-09-09T15:31:50.378158+00:00,lateral_movement_smb_v1,lateral_movement_smb_v1__run_000,lateral_movement,T1021.002,3,2,0.9183,0.9656,0.0612,4732.37,3943.64,0.5528,6,5,1.2428,2.896,1.0463,0.1349,1.451,0,1,0,0,0,0,1.0418,788.73,133.48,977.41,10573.11,7781.76,0,0.1021,0.9486,0,0
2026-09-09T15:31:55.378158+00:00,lateral_movement_smb_v1,lateral_movement_smb_v1__run_000,lateral_movement,T1021.002,4,2,0.8113,1.0,0.0,8919.69,6689.76,0.6473,8,6,0.6675,0.9004,0.8578,0.2255,1.5342,0,1,0,0,0,0,1.2888,1114.96,549.61,1901.06,10691.65,8994.13,0,0.0493,1.2621,0,0
2026-09-09T15:32:00.378158+00:00,lateral_movement_smb_v1,lateral_movement_smb_v1__run_000,lateral_movement,T1021.002,4,2,0.8113,0.9451,0.0564,11893.06,11893.06,0.6554,12,12,0.8412,1.9921,1.1088,0.1626,1.5967,0,2,0,0,0,0,0.9415,991.09,117.96,1111.74,9238.22,8484.61,0,0.1195,0.6958,0,0
2026-09-09T15:32:05.378158+00:00,lateral_movement_smb_v1,lateral_movement_smb_v1__run_000,lateral_movement,T1021.002,7,2,0.9852,1.0,0.0014,46253.27,35515.9,0.6795,56,43,0.9326,1.5241,0.9073,0.2325,1.6049,1,3,0,0,0,0,1.2826,825.95,284.6,1311.73,5579.82,6729.96,0,0.0557,0.614,0,0
2026-09-09T15:32:10.378158+00:00,lateral_movement_smb_v1,lateral_movement_smb_v1__run_000,lateral_movement,T1021.002,2,2,1.0,1.0,0.0,4076.01,2717.34,0.6703,6,4,1.4443,2.8878,1.246,0.3232,2.2157,0,0,0,0,0,0,1.4077,679.34,124.35,803.68,8266.95,7541.2,0,0.1408,0.912,0,0
2026-09-09T15:32:15.378158+00:00,lateral_movement_smb_v1,lateral_movement_smb_v1__run_000,lateral_movement,T1021.002,9,2,0.7642,0.9561,0.03,48923.55,59795.45,0.5477,54,66,0.8365,1.034,1.0272,0.2504,1.7783,1,4,0,0,1,0,0.8077,905.99,234.07,1233.76,7062.13,8428.95,0,0.0525,1.0583,0,0
2026-09-09T15:32:20.378158+00:00,lateral_movement_smb_v1,lateral_movement_smb_v1__run_000,lateral_movement,T1021.002,6,2,0.65,0.998,0.0,27417.63,12794.9,0.5684,30,14,1.1495,3.1498,1.1703,0.261,1.9532,1,3,0,0,1,0,2.0325,913.92,306.02,1493.19,6351.1,7771.35,0,0.1307,0.6228,0,0
2026-09-09T15:32:25.378158+00:00,lateral_movement_smb_v1,lateral_movement_smb_v1__run_000,lateral_movement,T1021.002,7,2,0.9852,1.0,0.0,45101.48,34363.04,0.6836,63,48,0.9827,2.2363,1.2016,0.2883,2.0664,1,3,0,0,0,0,1.3041,715.9,61.58,809.8,8207.94,6586.24,0,0.0315,1.5519,0,0
2026-09-09T15:32:30.378158+00:00,lateral_movement_smb_v1,lateral_movement_smb_v1__run_000,lateral_movement,T1021.002,2,2,1.0,0.9998,0.0,4655.49,3491.62,0.6981,4,3,1.1091,1.3878,1.2084,0.147,1.6492,0,0,0,0,0,0,1.2289,1163.87,354.6,1518.48,8400.68,9966.63,0,0.135,1.7193,0,0
2026-09-09T15:32:35.378158+00:00,lateral_movement_smb_v1,lateral_movement_smb_v1__run_000,lateral_movement,T1021.002,5,2,0.971,0.9709,0.0321,18105.92,22934.16,0.5493,15,19,1.2112,2.4197,0.9979,0.1629,1.4867,0,2,0,0,0,0,0.7587,1207.06,537.28,2064.11,8415.6,8434.19,0,0.0854,1.1431,1,0
2026-09-09T15:32:40.378158+00:00,lateral_movement_smb_v1,lateral_movement_smb_v1__run_000,lateral_movement,T1021.002,4,2,0.8113,1.0,0.0265,26022.39,16263.99,0.6052,24,15,1.1352,2.6418,1.2383,0.2809,2.0811,0,1,0,0,0,0,1.5863,1084.27,641.1,2040.89,9086.11,7196.54,0,0.0957,1.4981,0,0
2026-09-09T15:32:45.378158+00:00,lateral_movement_smb_v1,lateral_movement_smb_v1__run_000,lateral_movement,T1021.002,4,2,1.0,1.0,0.0,30520.71,26281.72,0.7237,36,31,1.2052,1.5857,1.4034,0.152,1.8595,0,1,0,0,0,0,1.161,847.8,157.74,1040.2,9678.85,9411.02,0,0.0697,0.9117,0,0
2026-09-09T15:32:50.378158+00:00,lateral_movement_smb_v1,lateral_movement_smb_v1__run_000,lateral_movement,T1021.002,9,2,0.9911,0.9917,0.004,43193.97,54712.37,0.549,45,57,1.1624,2.8892,0.8487,0.1031,1.1581,2,4,0,0,1,0,0.7873,959.87,310.17,1343.68,7763.43,7789.55,0,0.0519,0.4564,0,0
2026-09-09T15:32:55.378158+00:00,lateral_movement_smb_v1,lateral_movement_smb_v1__run_000,lateral_movement,T1021.002,8,2,0.9544,0.9701,0.0503,44761.85,39166.62,0.6095,40,35,1.5193,2.1438,1.1042,0.162,1.5902,1,3,0,0,1,0,1.1152,1119.05,348.97,1815.75,7934.1,7430.09,0,0.1267,0.8827,0,0
2026-09-09T15:33:00.378158+00:00,lateral_movement_smb_v1,lateral_movement_smb_v1__run_000,lateral_movement,T1021.002,7,2,0.9852,0.9738,0.0253,25423.08,13074.73,0.6335,35,18,0.7181,1.2945,0.7595,0.1582,1.2342,1,3,0,0,1,0,1.9379,726.37,142.69,938.88,9128.99,9042.18,0,0.0696,1.7641,0,0
2026-09-09T15:33:05.378158+00:00,lateral_movement_smb_v1,lateral_movement_smb_v1__run_000,lateral_movement,T1021.002,6,2,0.9183,1.0,0.0054,65829.61,93258.62,0.6197,72,102,1.1967,3.521,0.8125,0.1462,1.2512,1,3,0,0,1,0,0.7005,914.3,244.59,1282.41,7600.12,7742.42,0,0.0868,1.3294,0,0
2026-09-09T15:33:10.378158+00:00,lateral_movement_smb_v1,lateral_movement_smb_v1__run_000,lateral_movement,T1021.002,0,0,0.0,0.9541,0.0687,0.0,0.0,0.6214,0,0,1.4592,3.6036,1.0163,0.2144,1.6594,0,0,0,0,0,0,1.1549,1267.3,0.0,1267.3,7499.37,7290.83,0,0.03,1.5638,0,0
2026-09-09T15:33:15.378158+00:00,lateral_movement_smb_v1,lateral_movement_smb_v1__run_000,lateral_movement,T1021.002,6,2,0.9183,1.0,0.0,33266.4,40658.94,0.6904,36,44,1.203,2.4603,1.0619,0.2549,1.8266,1,3,0,0,1,0,0.8179,924.07,205.04,1254.87,7821.34,8271.13,0,0.1086,0.6452,0,0
2026-09-09T15:33:20.378158+00:00,lateral_movement_smb_v1,lateral_movement_smb_v1__run_000,lateral_movement,T1021.002,3,2,0.9183,1.0,0.0013,17304.91,14008.73,0.6852,21,17,1.1114,2.7302,0.9818,0.2443,1.7146,0,1,0,0,0,0,1.1966,824.04,191.21,1068.83,7158.82,7049.41,0,0.0174,0.5862,0,0
2026-09-09T15:33:25.378158+00:00,lateral_movement_smb_v1,lateral_movement_smb_v1__run_000,lateral_movement,T1021.002,1,1,-0.0,1.0,0.0048,4225.54,2535.33,0.716,5,3,1.2396,2.5089,1.0129,0.1586,1.4887,0,0,0,0,0,0,1.4834,845.11,0.0,845.11,7253.49,9106.07,0,0.0665,0.3519,0,0
2026-09-09T15:33:30.378158+00:00,lateral_movement_smb_v1,lateral_movement_smb_v1__run_000,lateral_movement,T1021.002,5,2,0.7219,0.9832,0.0146,41392.49,33113.99,0.6499,35,28,0.8906,2.5666,1.0638,0.2772,1.8954,1,2,0,0,0,0,1.2353,1182.64,743.0,2661.19,7753.18,8677.71,0,0.0878,0.6147,0,0
2026-09-09T15:33:35.378158+00:00,lateral_movement_smb_v1,lateral_movement_smb_v1__run_000,lateral_movement,T1021.002,4,2,0.8113,1.0,0.0,32206.55,31056.32,0.7135,28,27,0.5275,1.1202,0.8211,0.1187,1.1774,0,2,0,0,0,0,1.0348,1150.23,63.98,1230.82,9667.59,8123.58,0,0.0536,0.9946,0,0
2026-09-09T15:33:40.378158+00:00,lateral_movement_smb_v1,lateral_movement_smb_v1__run_000,lateral_movement,T1021.002,1,1,-0.0,1.0,0.0,22585.09,22585.09,0.7479,14,14,1.44,2.5966,1.1308,0.3369,2.1415,0,0,0,0,0,0,0.9534,1613.22,0.0,1613.22,8701.06,7401.64,0,0.0761,0.2337,0,0
2026-09-09T15:33:45.378158+00:00,lateral_movement_smb_v1,lateral_movement_smb_v1__run_000,lateral_movement,T1021.002,6,2,0.9183,0.9824,0.0312,43953.84,26860.68,0.6085,54,33,0.6641,1.8675,1.1235,0.3111,2.0569,1,3,0,0,0,0,1.6191,813.96,233.98,1112.04,7407.87,8082.38,0,0.1342,0.8969,0,0
2026-09-09T15:33:50.378158+00:00,lateral_movement_smb_v1,lateral_movement_smb_v1__run_000,lateral_movement,T1021.002,4,2,0.8113,0.9837,0.0317,20274.63,18102.35,0.7109,28,25,0.8889,1.4041,0.9861,0.1333,1.386,0,2,0,0,0,0,1.1036,724.09,139.13,870.22,6932.23,8917.64,0,0.1177,0.6787,0,0
2026-09-09T15:33:55.378158+00:00,lateral_movement_smb_v1,lateral_movement_smb_v1__run_000,lateral_movement,T1021.002,4,2,0.8113,1.0,0.0,20747.25,13831.5,0.5778,24,16,1.7124,3.1471,1.1282,0.1475,1.5706,0,2,0,0,0,0,1.4998,864.47,228.27,1180.06,8354.12,8820.87,0,0.0833,1.5374,0,0
2026-09-09T15:34:00.378158+00:00,lateral_movement_smb_v1,lateral_movement_smb_v1__run_000,lateral_movement,T1021.002,10,2,1.0,0.9951,0.0,45607.03,55640.58,0.7371,50,61,0.7495,2.0685,0.8899,0.1145,1.2333,2,5,0,0,1,0,0.8081,912.14,374.17,1691.51,8765.69,8930.05,0,0.0986,0.9174,0,1
2026-09-09T15:34:05.378158+00:00,lateral_movement_smb_v1,lateral_movement_smb_v1__run_000,lateral_movement,T1021.002,4,2,1.0,1.0,0.0,19142.34,14356.76,0.6741,24,18,1.067,1.8228,1.1653,0.2231,1.8345,0,2,0,0,0,0,1.3106,797.6,281.16,1230.03,8710.59,9233.56,0,0.0686,1.1311,0,0
2026-09-09T15:34:10.378158+00:00,lateral_movement_smb_v1,lateral_movement_smb_v1__run_000,lateral_movement,T1021.002,1,1,-0.0,1.0,0.0103,2165.33,2165.33,0.6609,2,2,1.3748,4.0224,0.8475,0.1198,1.207,0,0,0,0,0,0,0.9152,1082.67,0.0,1082.67,8639.13,6012.28,0,0.0,1.1665,0,0
2026-09-09T15:34:15.378158+00:00,lateral_movement_smb_v1,lateral_movement_smb_v1__run_000,lateral_movement,T1021.002,3,2,0.9183,0.9931,0.0035,12882.63,13419.41,0.6734,24,25,1.2092,2.8583,0.8007,0.2132,1.4404,0,1,0,0,0,0,0.9547,536.78,47.41,603.29,9485.26,8271.85,0,0.1035,0.9534,0,0
2026-09-09T15:34:20.378158+00:00,lateral_movement_smb_v1,lateral_movement_smb_v1__run_000,lateral_movement,T1021.002,3,2,0.9183,1.0,0.005,16520.28,12586.88,0.6674,21,16,1.201,1.5381,0.8976,0.2611,1.6808,0,1,0,0,0,0,1.2627,786.68,227.55,1094.08,8556.5,7533.43,0,0.0458,0.9403,0,0
2026-09-09T15:34:25.378158+00:00,lateral_movement_smb_v1,lateral_movement_smb_v1__run_000,lateral_movement,T1021.002,5,2,0.971,1.0,0.0254,23536.53,18829.22,0.6945,25,20,1.1878,1.8177,0.8465,0.2414,1.5707,0,2,0,0,0,0,1.2001,941.46,251.26,1341.65,9489.59,9733.41,0,0.1414,0.8662,0,0
2026-09-09T15:34:30.378158+00:00,lateral_movement_smb_v1,lateral_movement_smb_v1__run_000,lateral_movement,T1021.002,3,2,0.9183,1.0,0.0,29687.77,19791.85,0.6985,30,20,1.1415,2.845,1.1306,0.1888,1.697,0,1,0,0,0,0,1.4315,989.59,181.29,1196.7,6827.26,7511.28,0,0.0942,2.2182,0,0
2026-09-09T15:34:35.378158+00:00,lateral_movement_smb_v1,lateral_movement_smb_v1__run_000,lateral_movement,T1021.002,8,2,0.8113,0.9775,0.031,32972.78,20607.99,0.6184,32,20,1.4525,2.0096,1.1002,0.2984,1.9954,1,4,0,0,1,0,1.5543,1030.4,396.27,1790.17,9106.04,9224.26,0,0.0317,1.1888,0,1
2026-09-09T15:34:40.378158+00:00,lateral_movement_smb_v1,lateral_movement_smb_v1__run_000,lateral_movement,T1021.002,6,2,0.9183,0.9462,0.0454,31437.75,26198.12,0.6494,36,30,1.0537,1.5648,0.9163,0.1958,1.5037,1,2,0,0,0,0,1.1652,873.27,284.56,1224.98,7331.69,9538.08,0,0.101,1.0954,0,0
2026-09-09T15:34:45.378158+00:00,lateral_movement_smb_v1,lateral_movement_smb_v1__run_000,lateral_movement,T1021.002,5,2,0.7219,0.998,0.0,23380.16,21042.14,0.6304,30,27,1.4945,3.9816,0.9232,0.1692,1.4309,0,2,0,0,0,0,1.0897,779.34,302.69,1275.04,7363.11,7152.94,0,0.1184,0.368,0,0
2026-09-09T15:34:50.378158+00:00,lateral_movement_smb_v1,lateral_movement_smb_v1__run_000,lateral_movement,T1021.002,4,2,0.8113,1.0,0.0,43038.55,49494.33,0.6596,40,46,1.0989,3.0788,0.9718,0.2066,1.5916,0,1,0,0,0,0,0.8626,1075.96,293.9,1545.01,8070.14,8257.91,0,0.0664,0.7214,0,0
2026-09-09T15:34:55.378158+00:00,lateral_movement_smb_v1,lateral_movement_smb_v1__run_000,lateral_movement,T1021.002,7,2,0.9852,0.9901,0.0,24449.54,13097.97,0.6015,28,15,1.1138,1.642,1.2307,0.2843,2.0836,1,3,0,0,1,0,1.8035,873.2,350.47,1529.71,10242.66,10550.08,0,0.1594,1.3581,1,0
2026-09-09T15:35:00.378158+00:00,lateral_movement_smb_v1,lateral_movement_smb_v1__run_000,lateral_movement,T1021.002,3,2,0.9183,1.0,0.0047,2370.64,2370.64,0.7,3,3,0.5778,1.5591,0.9807,0.1393,1.3986,0,1,0,0,0,0,0.9092,790.21,117.33,916.21,8555.75,8361.37,0,0.0754,1.305,0,0
2026-09-09T15:35:05.378158+00:00,lateral_movement_smb_v1,lateral_movement_smb_v1__run_000,lateral_movement,T1021.002,5,2,0.971,1.0,0.0429,24879.49,25708.8,0.6662,30,31,0.5434,0.8559,0.9955,0.1082,1.3201,0,2,0,0,0,0,0.9457,829.32,107.25,952.1,6829.26,7613.76,0,0.0556,0.8859,1,0
2026-09-09T15:35:10.378158+00:00,lateral_movement_smb_v1,lateral_movement_smb_v1__run_000,lateral_movement,T1021.002,6,2,0.65,1.0,0.0,23231.61,17423.71,0.6667,24,18,0.7732,1.9045,0.938,0.2395,1.6566,1,2,0,0,0,0,1.3088,967.98,247.77,1324.87,7273.45,7234.98,0,0.0914,0.8529,0,0
2026-09-09T15:35:15.378158+00:00,lateral_movement_smb_v1,lateral_movement_smb_v1__run_000,lateral_movement,T1021.002,10,2,0.8813,0.9976,0.0412,40260.22,36234.2,0.6105,40,36,0.8092,2.3752,0.9473,0.2462,1.686,1,4,0,0,1,0,1.0852,1006.51,336.51,1561.61,8319.54,8541.4,0,0.0659,1.1502,0,0
2026-09-09T15:35:20.378158+00:00,lateral_movement_smb_v1,lateral_movement_smb_v1__run_000,lateral_movement,T1021.002,5,2,0.7219,0.972,0.0,43487.71,43487.71,0.6735,45,45,1.2966,1.8101,0.9427,0.1002,1.2433,1,2,0,0,0,0,0.9959,966.39,173.47,1169.3,7710.71,8654.84,0,0.0519,1.2912,0,0
2026-09-09T15:35:25.378158+00:00,lateral_movement_smb_v1,lateral_movement_smb_v1__run_000,lateral_movement,T1021.002,6,2,0.9183,0.9843,0.0248,39754.08,21770.09,0.6081,42,23,1.1386,1.8737,0.9834,0.2225,1.651,1,2,0,0,0,0,1.7976,946.53,254.55,1310.46,9580.25,8708.16,0,0.1559,1.5307,0,0
2026-09-09T15:35:30.378158+00:00,lateral_movement_smb_v1,lateral_movement_smb_v1__run_000,lateral_movement,T1021.002,4,2,0.8113,0.9746,0.0067,30167.3,22625.48,0.6225,28,21,0.6187,1.2975,1.041,0.1615,1.5255,0,1,0,0,0,0,1.2951,1077.4,294.16,1366.55,8229.92,9841.71,0,0.0917,1.5127,0,0
2026-09-09T15:35:35.378158+00:00,lateral_movement_smb_v1,lateral_movement_smb_v1__run_000,lateral_movement,T1021.002,5,2,0.971,1.0,0.0,13871.3,10403.47,0.6538,20,15,0.5837,1.2441,0.9015,0.1331,1.3009,0,2,0,0,0,0,1.3177,693.56,147.14,920.74,9699.2,7668.69,0,0.0581,1.1465,0,0
2026-09-09T15:35:40.378158+00:00,lateral_movement_smb_v1,lateral_movement_smb_v1__run_000,lateral_movement,T1021.002,7,2,0.8631,0.9532,0.0766,25465.43,25465.43,0.7176,35,35,1.3515,2.1608,1.0128,0.1783,1.5478,1,3,0,0,1,0,0.9739,727.58,246.7,1095.79,10126.14,7087.02,0,0.071,0.3858,0,0
2026-09-09T15:35:45.378158+00:00,lateral_movement_smb_v1,lateral_movement_smb_v1__run_000,lateral_movement,T1021.002,3,2,0.9183,1.0,0.0,10806.47,9605.75,0.7012,9,8,1.6848,3.1359,1.0191,0.1846,1.573,0,1,0,0,0,0,1.0804,1200.72,349.71,1673.08,9200.62,8044.99,0,0.0396,0.2208,0,0
2026-09-09T15:35:50.378158+00:00,lateral_movement_smb_v1,lateral_movement_smb_v1__run_000,lateral_movement,T1021.002,7,2,0.8631,1.0,0.0091,28506.08,18732.57,0.5902,35,23,1.2216,2.5257,0.789,0.152,1.2452,1,3,0,0,1,0,1.5077,814.46,142.99,1006.31,8349.49,6936.19,0,0.0969,0.3778,0,0
2026-09-09T15:35:55.378158+00:00,lateral_movement_smb_v1,lateral_movement_smb_v1__run_000,lateral_movement,T1021.002,7,2,0.8631,1.0,0.0,16828.21,20033.58,0.6473,21,25,0.7595,1.5885,0.9131,0.1488,1.3596,1,3,0,0,1,0,0.8157,801.34,134.45,1054.15,7974.78,8078.15,0,0.0965,0.7847,0,0
2026-09-09T15:36:00.378158+00:00,lateral_movement_smb_v1,lateral_movement_smb_v1__run_000,lateral_movement,T1021.002,5,2,0.971,1.0,0.0133,32282.4,39814.96,0.6929,30,37,1.0748,3.1898,0.8406,0.1025,1.1481,1,2,0,0,0,0,0.8018,1076.08,567.17,1970.6,7657.26,8114.71,0,0.0865,1.7913,0,0
2026-09-09T15:36:05.378158+00:00,lateral_movement_smb_v1,lateral_movement_smb_v1__run_000,lateral_movement,T1021.002,6,2,0.9183,0.9509,0.0553,31912.75,34572.15,0.6167,36,39,0.7756,1.2221,0.9973,0.243,1.7261,1,3,0,0,0,0,0.9107,886.47,283.31,1266.64,9424.48,10304.81,0,0.1166,0.3449,0,0
2026-09-09T15:36:10.378158+00:00,lateral_movement_smb_v1,lateral_movement_smb_v1__run_000,lateral_movement,T1021.002,6,2,0.65,0.9996,0.0,25320.36,18568.27,0.6959,30,22,1.1786,2.4091,0.7534,0.1935,1.3339,1,3,0,0,1,0,1.3399,844.01,227.16,1177.01,8873.2,9451.84,0,0.0841,1.0174,0,0
2026-09-09T15:36:15.378158+00:00,lateral_movement_smb_v1,lateral_movement_smb_v1__run_000,lateral_movement,T1021.002,6,2,0.9183,1.0,0.0038,46889.93,48452.93,0.6529,60,62,1.0965,1.7188,1.003,0.2561,1.7714,1,3,0,0,0,0,0.9559,781.5,217.97,1127.64,7526.32,7834.75,0,0.0827,0.4477,0,0
2026-09-09T15:36:20.378158+00:00,lateral_movement_smb_v1,lateral_movement_smb_v1__run_000,lateral_movement,T1021.002,3,2,0.9183,0.9858,0.0209,21511.52,17414.08,0.643,21,17,1.2666,3.6373,1.1267,0.1843,1.6796,0,1,0,0,0,0,1.2111,1024.36,285.64,1271.6,8856.56,8321.63,0,0.0917,0.8202,0,0
2026-09-09T15:36:25.378158+00:00,lateral_movement_smb_v1,lateral_movement_smb_v1__run_000,lateral_movement,T1021.002,7,2,0.9852,1.0,0.0,50320.13,53914.43,0.6933,56,60,1.2029,1.9581,1.1675,0.3035,2.078,1,3,0,0,1,0,0.9245,898.57,332.17,1570.7,6973.6,8240.51,0,0.0522,1.432,0,0
2026-09-09T15:36:30.378158+00:00,lateral_movement_smb_v1,lateral_movement_smb_v1__run_000,lateral_movement,T1021.002,7,2,0.9852,0.9826,0.0153,30387.23,20836.96,0.6874,35,24,1.2188,3.5926,0.8916,0.1634,1.3819,1,3,0,0,1,0,1.4304,868.21,129.76,980.83,8929.83,7254.9,0,0.0829,0.8278,0,1
2026-09-09T15:36:35.378158+00:00,lateral_movement_smb_v1,lateral_movement_smb_v1__run_000,lateral_movement,T1021.002,4,2,1.0,0.9789,0.0113,17461.39,15278.72,0.6693,24,21,1.47,2.9994,1.1524,0.2771,1.9837,0,1,0,0,0,0,1.1394,727.56,184.31,946.72,10005.67,7424.85,0,0.0735,0.5985,0,0
2026-09-09T15:36:40.378158+00:00,lateral_movement_smb_v1,lateral_movement_smb_v1__run_000,lateral_movement,T1021.002,7,2,0.9852,0.9712,0.0239,32136.48,22954.63,0.7199,35,25,1.0013,1.7589,1.1153,0.2385,1.8308,1,3,0,0,0,0,1.3922,918.19,256.86,1389.51,8460.13,7706.92,0,0.0734,0.7334,0,0
2026-09-09T15:36:45.378158+00:00,lateral_movement_smb_v1,lateral_movement_smb_v1__run_000,lateral_movement,T1021.002,2,1,-0.0,1.0,0.0033,5617.08,2808.54,0.6844,8,4,1.1219,1.8865,0.9545,0.2357,1.6618,0,0,0,0,0,0,1.7508,702.14,65.31,767.45,8842.41,6456.05,0,0.0517,0.0,0,0
2026-09-09T15:36:50.378158+00:00,lateral_movement_smb_v1,lateral_movement_smb_v1__run_000,lateral_movement,T1021.002,9,2,0.9911,1.0,0.0336,33737.51,16868.76,0.5727,36,18,0.5356,1.3884,1.0014,0.2382,1.7159,1,4,0,0,1,0,1.9459,937.15,275.97,1350.54,8534.75,9785.14,0,0.0981,1.0594,0,0
2026-09-09T15:36:55.378158+00:00,lateral_movement_smb_v1,lateral_movement_smb_v1__run_000,lateral_movement,T1021.002,4,1,-0.0,1.0,0.0348,31237.78,15618.89,0.5933,32,16,1.5586,4.507,1.0344,0.2729,1.8532,0,2,0,0,0,0,1.8997,976.18,354.14,1519.95,6996.63,9289.18,0,0.01,1.0143,0,0
2026-09-09T15:37:00.378158+00:00,lateral_movement_smb_v1,lateral_movement_smb_v1__run_000,lateral_movement,T1021.002,6,1,-0.0,0.9488,0.0476,61478.48,39847.16,0.6319,54,35,0.9711,1.3109,1.1697,0.2683,1.9746,1,3,0,0,0,0,1.5285,1138.49,543.08,1920.05,7257.64,8507.57,0,0.0376,1.3518,0,1
2026-09-09T15:37:05.378158+00:00,lateral_movement_smb_v1,lateral_movement_smb_v1__run_000,lateral_movement,T1021.002,3,2,0.9183,0.9808,0.0187,27880.26,19516.18,0.6662,30,21,1.2905,2.489,1.2373,0.2578,2.0107,0,1,0,0,0,0,1.3678,929.34,331.57,1321.05,9031.19,6569.54,0,0.0753,1.0543,0,0
2026-09-09T15:37:10.378158+00:00,lateral_movement_smb_v1,lateral_movement_smb_v1__run_000,lateral_movement,T1021.002,4,2,0.8113,1.0,0.0,25855.74,33243.09,0.6516,28,36,0.785,1.3767,0.826,0.1911,1.3994,0,2,0,0,0,0,0.7678,923.42,172.31,1104.23,9025.37,7748.72,0,0.1063,0.6795,0,0
2026-09-09T15:37:15.378158+00:00,lateral_movement_smb_v1,lateral_movement_smb_v1__run_000,lateral_movement,T1021.002,3,2,0.9183,0.991,0.0,13951.17,8370.7,0.5874,15,9,0.9961,2.5102,0.9312,0.2456,1.668,0,1,0,0,0,0,1.5433,930.08,226.17,1171.04,8612.38,6971.58,0,0.0963,1.2391,0,0
2026-09-09T15:37:20.378158+00:00,lateral_movement_smb_v1,lateral_movement_smb_v1__run_000,lateral_movement,T1021.002,2,2,1.0,0.9662,0.0385,6480.83,4050.52,0.5557,8,5,0.5881,1.3149,0.9825,0.1459,1.4203,0,0,0,0,0,0,1.5611,810.1,376.46,1186.57,8247.23,9560.7,0,0.0927,2.4847,0,0
2026-09-09T15:37:25.378158+00:00,lateral_movement_smb_v1,lateral_movement_smb_v1__run_000,lateral_movement,T1021.002,3,1,-0.0,1.0,0.0,2740.44,2740.44,0.6437,3,3,1.4243,2.9896,1.1534,0.3064,2.0728,0,1,0,0,0,0,0.8485,913.48,317.7,1160.11,8749.67,7954.36,0,0.0081,0.529,0,0
2026-09-09T15:37:30.378158+00:00,lateral_movement_smb_v1,lateral_movement_smb_v1__run_000,lateral_movement,T1021.002,6,2,0.9183,0.9808,0.0195,35533.85,33312.98,0.6398,48,45,1.0434,1.7872,0.8236,0.1922,1.4003,1,2,0,0,0,0,1.055,740.29,243.77,1212.28,9153.96,7778.61,0,0.1004,0.9682,0,0
2026-09-09T15:37:35.378158+00:00,lateral_movement_smb_v1,lateral_movement_smb_v1__run_000,lateral_movement,T1021.002,2,2,1.0,0.9807,0.0365,8900.22,7120.17,0.6859,10,8,0.5512,1.5621,0.9978,0.2176,1.6506,0,1,0,0,0,0,1.1384,890.02,15.44,905.46,8776.48,7329.99,0,0.0678,0.4616,0,0
2026-09-09T15:37:40.378158+00:00,lateral_movement_smb_v1,lateral_movement_smb_v1__run_000,lateral_movement,T1021.002,7,2,0.9852,1.0,0.0,36976.85,29430.55,0.6448,49,39,0.6665,1.4674,1.1459,0.1557,1.6132,1,3,0,0,1,0,1.2508,754.63,89.44,903.03,6426.48,8340.17,0,0.0853,1.0933,0,0
2026-09-09T15:37:45.378158+00:00,lateral_movement_smb_v1,lateral_movement_smb_v1__run_000,lateral_movement,T1021.002,7,2,0.8631,0.9676,0.0503,44775.09,42947.54,0.677,49,47,0.9795,2.1805,0.957,0.1182,1.3114,1,3,0,0,1,0,1.0331,913.78,402.89,1553.77,8476.95,6686.25,0,0.0821,1.1431,0,0
2026-09-09T15:37:50.378158+00:00,lateral_movement_smb_v1,lateral_movement_smb_v1__run_000,lateral_movement,T1021.002,7,2,0.9852,1.0,0.0,75246.09,79154.98,0.7436,77,81,1.3365,3.0483,0.9912,0.284,1.8433,1,3,0,0,1,0,0.9442,977.22,217.08,1368.03,7633.48,9058.09,0,0.0709,1.4714,0,0
2026-09-09T15:37:55.378158+00:00,lateral_movement_smb_v1,lateral_movement_smb_v1__run_000,lateral_movement,T1021.002,9,2,0.7642,0.979,0.0051,60509.23,35857.32,0.5725,81,48,0.6936,0.9236,0.8343,0.1558,1.3018,1,4,0,0,1,0,1.6818,747.03,243.33,1195.68,6631.33,8414.91,0,0.0701,1.4077,0,0
2026-09-09T15:38:00.378158+00:00,lateral_movement_smb_v1,lateral_movement_smb_v1__run_000,lateral_movement,T1021.002,5,1,-0.0,1.0,0.0,26884.36,22582.86,0.691,25,21,0.5681,1.2945,1.0813,0.269,1.8883,0,2,0,0,0,0,1.1847,1075.37,245.87,1429.9,7342.74,7651.65,0,0.0576,1.2351,0,0
2026-09-09T15:38:05.378158+00:00,lateral_movement_smb_v1,lateral_movement_smb_v1__run_000,lateral_movement,T1021.002,3,2,0.9183,0.9614,0.0662,16292.46,13964.97,0.6868,21,18,1.3,2.0975,0.9541,0.136,1.3622,0,1,0,0,0,0,1.1385,775.83,69.2,841.88,7807.26,7952.27,0,0.0505,0.8952,0,0
2026-09-09T15:38:10.378158+00:00,lateral_movement_smb_v1,lateral_movement_smb_v1__run_000,lateral_movement,T1021.002,4,1,-0.0,0.9648,0.0236,23605.98,19179.86,0.6232,32,26,0.9811,2.169,0.9329,0.1981,1.5272,0,1,0,0,0,0,1.1863,737.69,64.98,804.18,7900.47,7578.58,0,0.1025,0.8776,0,0
2026-09-09T15:38:15.378158+00:00,lateral_movement_smb_v1,lateral_movement_smb_v1__run_000,lateral_movement,T1021.002,4,1,-0.0,0.9951,0.0,13893.67,19682.7,0.6086,12,17,1.5117,2.8965,1.2004,0.1385,1.6159,0,1,0,0,0,0,0.7018,1157.81,363.27,1678.8,7137.26,7682.04,0,0.0466,0.5033,0,0
2026-09-09T15:38:20.378158+00:00,lateral_movement_smb_v1,lateral_movement_smb_v1__run_000,lateral_movement,T1021.002,4,1,-0.0,0.9708,0.0723,28566.01,24102.57,0.6332,32,27,1.1958,3.1636,1.0117,0.1617,1.4967,0,2,0,0,0,0,1.1563,892.69,248.15,1213.49,7691.19,8997.26,0,0.0541,1.6619,0,0
2026-09-09T15:38:25.378158+00:00,lateral_movement_smb_v1,lateral_movement_smb_v1__run_000,lateral_movement,T1021.002,7,2,0.9852,1.0,0.0,39527.4,38821.55,0.5805,56,55,1.3688,2.5515,0.927,0.152,1.3829,1,3,0,0,0,0,1.0121,705.85,146.43,925.13,8750.9,11178.59,0,0.0917,0.906,0,0
2026-09-09T15:38:30.378158+00:00,lateral_movement_smb_v1,lateral_movement_smb_v1__run_000,lateral_movement,T1021.002,6,2,0.9183,1.0,0.0,39587.63,33932.25,0.6604,42,36,0.7769,1.8003,1.3358,0.3408,2.3583,0,3,0,0,0,0,1.166,942.56,329.27,1500.44,7827.51,8248.71,0,0.0549,1.0223,0,0
2026-09-09T15:38:35.378158+00:00,lateral_movement_smb_v1,lateral_movement_smb_v1__run_000,lateral_movement,T1021.002,6,1,-0.0,1.0,0.0,33368.53,39724.44,0.5933,42,50,1.4673,3.4898,1.0818,0.3131,2.0211,1,2,0,0,0,0,0.8394,794.49,305.24,1450.17,8584.15,6912.63,0,0.0546,1.5821,0,0
2026-09-09T15:38:40.378158+00:00,lateral_movement_smb_v1,lateral_movement_smb_v1__run_000,lateral_movement,T1021.002,3,2,0.9183,1.0,0.0094,17245.2,11496.8,0.5812,21,14,0.9776,1.8301,1.2446,0.1794,1.7827,0,1,0,0,0,0,1.4777,821.2,46.12,885.78,6850.01,7925.57,0,0.1028,2.0061,0,0
2026-09-09T15:38:45.378158+00:00,lateral_movement_smb_v1,lateral_movement_smb_v1__run_000,lateral_movement,T1021.002,7,2,0.9852,0.9803,0.0465,61848.19,43072.84,0.653,56,39,1.2229,1.6626,0.8498,0.2187,1.5058,1,3,0,0,0,0,1.4159,1104.43,261.41,1644.79,7960.83,8669.88,0,0.0895,0.8946,0,0
2026-09-09T15:38:50.378158+00:00,lateral_movement_smb_v1,lateral_movement_smb_v1__run_000,lateral_movement,T1021.002,4,2,0.8113,0.9876,0.0,12175.5,11160.88,0.736,12,11,0.7059,2.066,1.0667,0.2859,1.9243,0,2,0,0,0,0,1.0173,1014.63,430.55,1683.34,8728.49,6893.35,0,0.132,0.7536,0,0
2026-09-09T15:38:55.378158+00:00,lateral_movement_smb_v1,lateral_movement_smb_v1__run_000,lateral_movement,T1021.002,5,2,0.971,0.9767,0.0205,26152.7,18829.94,0.7202,25,18,0.6314,1.7679,0.794,0.128,1.1779,1,2,0,0,0,0,1.3318,1046.11,442.84,1752.5,6902.55,7829.52,0,0.1339,1.371,0,0
2026-09-09T15:39:00.378158+00:00,lateral_movement_smb_v1,lateral_movement_smb_v1__run_000,lateral_movement,T1021.002,8,2,0.8113,0.9779,0.0129,51317.28,72394.02,0.5909,56,79,1.2584,3.7151,0.8559,0.1209,1.2186,1,4,0,0,1,0,0.707,916.38,328.44,1312.94,7829.06,7241.93,0,0.0943,1.3881,1,0
2026-09-09T15:39:05.378158+00:00,lateral_movement_smb_v1,lateral_movement_smb_v1__run_000,lateral_movement,T1021.002,5,2,0.7219,1.0,0.018,37559.89,32194.19,0.6753,35,30,0.5931,1.6622,0.8369,0.161,1.3199,1,2,0,0,0,0,1.1384,1073.14,257.12,1370.4,10294.92,7059.76,0,0.1063,0.9148,0,0
2026-09-09T15:39:10.378158+00:00,lateral_movement_smb_v1,lateral_movement_smb_v1__run_000,lateral_movement,T1021.002,8,2,0.8113,0.9988,0.0074,41403.18,24841.91,0.6563,40,24,1.3102,3.1274,1.0217,0.2061,1.64,1,3,0,0,1,0,1.6102,1035.08,415.23,1589.8,8265.14,6184.64,0,0.0726,0.619,0,0
2026-09-09T15:39:15.378158+00:00,lateral_movement_smb_v1,lateral_movement_smb_v1__run_000,lateral_movement,T1021.002,6,2,1.0,1.0,0.0,28749.11,36415.53,0.6338,30,38,1.1798,2.6687,1.0088,0.1157,1.356,1,2,0,0,0,0,0.7862,958.3,474.2,1728.38,8371.65,7610.6,0,0.048,0.6191,0,0
2026-09-09T15:39:20.378158+00:00,lateral_movement_smb_v1,lateral_movement_smb_v1__run_000,lateral_movement,T1021.002,5,2,0.7219,1.0,0.0187,58316.85,33046.22,0.5785,60,34,0.7664,1.0395,0.8989,0.0902,1.1694,0,2,0,0,0,0,1.7417,971.95,215.47,1340.11,5740.01,8041.89,0,0.0972,1.2966,0,0
2026-09-09T15:39:25.378158+00:00,lateral_movement_smb_v1,lateral_movement_smb_v1__run_000,lateral_movement,T1021.002,8,2,0.9544,0.9872,0.013,45464.6,42217.13,0.5717,56,52,1.2188,2.2801,1.1253,0.1303,1.5162,1,3,0,0,1,0,1.0703,811.87,302.97,1209.24,10941.56,8715.52,0,0.0773,1.0657,0,0
2026-09-09T15:39:30.378158+00:00,lateral_movement_smb_v1,lateral_movement_smb_v1__run_000,lateral_movement,T1021.002,2,1,-0.0,1.0,0.0156,10035.02,6451.08,0.6587,14,9,1.47,3.9891,0.8322,0.2328,1.5307,0,0,0,0,0,0,1.4306,716.79,123.42,840.21,9936.54,8005.26,0,0.0472,0.3286,0,0
2026-09-09T15:39:35.378158+00:00,lateral_movement_smb_v1,lateral_movement_smb_v1__run_000,lateral_movement,T1021.002,7,2,0.9852,1.0,0.0536,52632.55,36654.81,0.6781,56,39,0.5934,1.7134,0.9937,0.2792,1.8314,1,3,0,0,1,0,1.4273,939.87,260.81,1293.03,9679.22,8413.54,0,0.0675,0.9624,0,0
2026-09-09T15:39:40.378158+00:00,lateral_movement_smb_v1,lateral_movement_smb_v1__run_000,lateral_movement,T1021.002,5,2,0.971,1.0,0.0,29704.17,30364.27,0.6977,45,46,1.0392,2.78,0.9638,0.1193,1.3218,1,2,0,0,0,0,0.9613,660.09,112.4,801.49,10148.93,8476.36,0,0.1015,1.1712,0,0
2026-09-09T15:39:45.378158+00:00,lateral_movement_smb_v1,lateral_movement_smb_v1__run_000,lateral_movement,T1021.002,7,2,0.8631,1.0,0.0372,32477.46,19486.47,0.7023,35,21,0.7833,1.3734,0.8368,0.1365,1.2463,1,3,0,0,1,0,1.5939,927.93,236.56,1308.74,8383.33,8416.2,0,0.0471,1.2411,0,0
2026-09-09T15:39:50.378158+00:00,lateral_movement_smb_v1,lateral_movement_smb_v1__run_000,lateral_movement,T1021.002,3,2,0.9183,0.9993,0.0207,5567.7,3093.16,0.6829,9,5,1.034,2.6039,0.8624,0.2514,1.6166,0,1,0,0,0,0,1.7338,618.63,222.41,908.22,8303.33,8278.76,0,0.0738,0.0,0,0
2026-09-09T15:39:55.378158+00:00,lateral_movement_smb_v1,lateral_movement_smb_v1__run_000,lateral_movement,T1021.002,4,2,1.0,1.0,0.0,29615.47,28792.81,0.5856,36,35,0.7561,1.3979,1.021,0.1167,1.371,0,1,0,0,0,0,1.0005,822.65,360.16,1426.22,7845.8,9238.31,0,0.0834,1.1417,0,0
2026-09-09T15:40:00.378158+00:00,lateral_movement_smb_v1,lateral_movement_smb_v1__run_000,lateral_movement,T1021.002,3,2,0.9183,0.9726,0.041,18841.91,20636.38,0.6277,21,23,0.6743,0.8367,1.0346,0.2217,1.6998,0,1,0,0,0,0,0.8859,897.23,131.18,1068.22,8213.37,7440.07,0,0.0444,0.2915,0,0
2026-09-09T15:40:05.378158+00:00,lateral_movement_smb_v1,lateral_movement_smb_v1__run_000,lateral_movement,T1021.002,4,2,0.8113,0.9545,0.011,45163.43,26345.34,0.7156,48,28,1.1078,1.5864,1.0314,0.1488,1.4778,0,2,0,0,0,0,1.6983,940.9,529.68,1745.8,7713.55,9882.49,0,0.0611,0.9309,0,0
2026-09-09T15:40:10.378158+00:00,lateral_movement_smb_v1,lateral_movement_smb_v1__run_000,lateral_movement,T1021.002,7,2,0.9852,0.9783,0.0177,39832.46,34142.11,0.6159,42,36,1.4108,1.9503,1.1125,0.1949,1.6972,1,3,0,0,1,0,1.1552,948.39,223.19,1226.26,9026.11,7502.12,0,0.0447,1.4528,0,0
2026-09-09T15:40:15.378158+00:00,lateral_movement_smb_v1,lateral_movement_smb_v1__run_000,lateral_movement,T1021.002,7,2,0.9852,0.9564,0.07,20944.56,20196.54,0.6968,28,27,1.1645,2.3326,0.8045,0.2405,1.5259,1,3,0,0,1,0,1.0307,748.02,165.13,1051.61,9860.6,8618.75,0,0.0702,0.4263,0,0
2026-09-09T15:40:20.378158+00:00,lateral_movement_smb_v1,lateral_movement_smb_v1__run_000,lateral_movement,T1021.002,2,2,1.0,1.0,0.0074,11120.79,8340.59,0.6246,12,9,1.8137,4.3643,1.4009,0.3496,2.4497,0,1,0,0,0,0,1.2309,926.73,181.59,1108.33,11383.67,6401.2,0,0.1267,1.6257,0,0
2026-09-09T15:40:25.378158+00:00,lateral_movement_smb_v1,lateral_movement_smb_v1__run_000,lateral_movement,T1021.002,6,2,0.9183,0.9687,0.0335,22408.05,13444.83,0.6599,30,18,1.4051,1.8603,1.0117,0.2724,1.8289,1,3,0,0,0,0,1.6364,746.93,245.06,1125.93,7899.45,8933.33,0,0.0487,0.9232,0,0
2026-09-09T15:40:30.378158+00:00,lateral_movement_smb_v1,lateral_movement_smb_v1__run_000,lateral_movement,T1021.002,7,2,0.9852,0.9738,0.0331,20482.53,13655.02,0.6929,21,14,0.5179,1.0041,0.9541,0.247,1.6952,1,3,0,0,0,0,1.4983,975.36,355.42,1779.51,8371.93,6440.24,0,0.0655,0.4221,0,0
2026-09-09T15:40:35.378158+00:00,lateral_movement_smb_v1,lateral_movement_smb_v1__run_000,lateral_movement,T1021.002,3,1,-0.0,0.9981,0.0374,16157.71,11669.46,0.7082,18,13,1.0961,2.9886,0.9657,0.0973,1.2575,0,1,0,0,0,0,1.2922,897.65,248.33,1236.36,7902.98,9200.74,0,0.0089,1.3789,0,0
2026-09-09T15:40:40.378158+00:00,lateral_movement_smb_v1,lateral_movement_smb_v1__run_000,lateral_movement,T1021.002,5,2,0.971,0.9915,0.0,16540.46,20510.17,0.7317,25,31,1.6127,2.029,1.136,0.2517,1.8911,1,2,0,0,0,0,0.7874,661.62,168.78,935.97,9572.81,8487.34,0,0.0735,1.1574,0,0
2026-09-09T15:40:45.378158+00:00,lateral_movement_smb_v1,lateral_movement_smb_v1__run_000,lateral_movement,T1021.002,2,1,-0.0,0.9569,0.0415,8088.72,7279.84,0.6506,10,9,1.0729,2.0632,0.957,0.0961,1.2454,0,0,0,0,0,0,1.0888,808.87,21.77,830.64,7099.52,9670.24,0,0.0679,0.5937,0,0
2026-09-09T15:40:50.378158+00:00,lateral_movement_smb_v1,lateral_movement_smb_v1__run_000,lateral_movement,T1021.002,2,1,-0.0,0.9462,0.0296,4958.85,4132.37,0.5955,6,5,0.9515,1.1841,1.0692,0.2098,1.6986,0,0,0,0,0,0,1.0156,826.47,114.51,940.98,8285.14,8510.49,0,0.0007,0.6362,0,0
2026-09-09T15:40:55.378158+00:00,lateral_movement_smb_v1,lateral_movement_smb_v1__run_000,lateral_movement,T1021.002,4,2,0.8113,0.9935,0.0123,31566.42,31566.42,0.5409,28,28,0.6591,1.942,1.2714,0.3811,2.4146,0,1,0,0,0,0,0.9668,1127.37,374.28,1575.99,8509.2,7094.19,0,0.1028,1.0654,0,0
2026-09-09T15:41:00.378158+00:00,lateral_movement_smb_v1,lateral_movement_smb_v1__run_000,lateral_movement,T1021.002,9,2,0.9183,1.0,0.0,53064.22,38324.16,0.6879,54,39,0.6136,1.7733,0.9621,0.1945,1.5457,1,4,0,0,1,0,1.3729,982.67,371.29,1577.87,8784.52,7127.76,0,0.1017,1.3929,0,0
2026-09-09T15:41:05.378158+00:00,lateral_movement_smb_v1,lateral_movement_smb_v1__run_000,lateral_movement,T1021.002,2,1,-0.0,1.0,0.0,19627.15,16355.96,0.6486,18,15,0.8541,1.4916,1.0932,0.1486,1.5391,0,0,0,0,0,0,1.1648,1090.4,96.89,1187.28,8011.74,6683.45,0,0.0035,0.6457,0,0
2026-09-09T15:41:10.378158+00:00,lateral_movement_smb_v1,lateral_movement_smb_v1__run_000,lateral_movement,T1021.002,2,2,1.0,0.9815,0.006,4252.5,3543.75,0.5964,6,5,0.8106,1.2923,0.897,0.1256,1.2738,0,0,0,0,0,0,1.0337,708.75,235.91,944.66,8384.56,8030.78,0,0.0699,0.9731,0,0
2026-09-09T15:41:15.378158+00:00,lateral_movement_smb_v1,lateral_movement_smb_v1__run_000,lateral_movement,T1021.002,7,2,0.8631,0.9787,0.0,46620.51,34040.37,0.6884,63,46,1.0197,2.976,0.9383,0.1886,1.5042,1,3,0,0,1,0,1.3574,740.01,132.81,947.21,7342.01,8400.61,0,0.1144,0.772,0,0
2026-09-09T15:41:20.378158+00:00,lateral_movement_smb_v1,lateral_movement_smb_v1__run_000,lateral_movement,T1021.002,9,2,0.9911,1.0,0.0226,49487.94,41239.95,0.6305,54,45,0.7097,1.8435,1.2604,0.3467,2.3004,1,4,0,0,1,0,1.196,916.44,203.13,1183.7,9645.13,8155.59,0,0.0856,1.5934,1,1
2026-09-09T15:41:25.378158+00:00,lateral_movement_smb_v1,lateral_movement_smb_v1__run_000,lateral_movement,T1021.002,3,2,0.9183,0.9909,0.0,4800.83,3200.56,0.6949,6,4,0.8399,1.8142,0.9777,0.1163,1.3266,0,1,0,0,0,0,1.2544,800.14,49.47,848.56,8966.89,7619.92,0,0.1064,0.5147,0,0
2026-09-09T15:41:30.378158+00:00,lateral_movement_smb_v1,lateral_movement_smb_v1__run_000,lateral_movement,T1021.002,5,2,0.7219,0.9887,0.0,35436.64,23919.73,0.6664,40,27,0.5289,0.8304,0.9555,0.1379,1.3693,1,2,0,0,0,0,1.4419,885.92,376.34,1556.76,8674.81,8845.92,0,0.0685,0.8354,0,1
2026-09-09T15:41:35.378158+00:00,lateral_movement_smb_v1,lateral_movement_smb_v1__run_000,lateral_movement,T1021.002,4,2,0.8113,0.9965,0.0218,7043.79,8804.73,0.729,8,10,1.1614,3.449,1.1069,0.1778,1.6401,0,1,0,0,0,0,0.7866,880.47,72.13,996.52,7608.06,9326.46,0,0.1008,0.5155,0,0
2026-09-09T15:41:40.378158+00:00,lateral_movement_smb_v1,lateral_movement_smb_v1__run_000,lateral_movement,T1021.002,8,2,0.9544,1.0,0.0,30451.2,32735.04,0.6561,40,43,0.9174,1.5272,0.9225,0.1927,1.5007,1,3,0,0,1,0,0.9217,761.28,208.33,1003.87,7484.21,8138.11,0,0.1303,0.7023,0,0
2026-09-09T15:41:45.378158+00:00,lateral_movement_smb_v1,lateral_movement_smb_v1__run_000,lateral_movement,T1021.002,5,2,0.971,0.9992,0.0268,21145.06,19453.45,0.6305,25,23,0.7894,1.9839,0.8922,0.0964,1.1815,1,2,0,0,0,0,1.0542,845.8,268.04,1061.89,7294.69,9537.89,0,0.0709,1.1458,0,0
2026-09-09T15:41:50.378158+00:00,lateral_movement_smb_v1,lateral_movement_smb_v1__run_000,lateral_movement,T1021.002,6,2,0.9183,1.0,0.0,27801.17,31507.99,0.6793,30,34,0.851,2.432,1.0456,0.2157,1.6929,1,2,0,0,0,0,0.8808,926.71,309.38,1381.32,6951.66,7631.52,0,0.0865,0.6431,0,0
2026-09-09T15:41:55.378158+00:00,lateral_movement_smb_v1,lateral_movement_smb_v1__run_000,lateral_movement,T1021.002,6,2,1.0,1.0,0.0061,32816.9,25003.35,0.684,42,32,1.2381,3.0875,0.9738,0.1123,1.3107,1,2,0,0,0,0,1.2788,781.35,188.75,1046.68,8169.39,10139.75,0,0.1004,2.1742,0,0
2026-09-09T15:42:00.378158+00:00,lateral_movement_smb_v1,lateral_movement_smb_v1__run_000,lateral_movement,T1021.002,10,2,1.0,0.9945,0.0527,47248.06,34648.58,0.7008,60,44,1.542,3.1798,1.0193,0.1922,1.596,1,4,0,0,1,0,1.3616,787.47,339.08,1666.98,6514.16,9053.42,0,0.0787,0.9382,0,0
2026-09-09T15:42:05.378158+00:00,lateral_movement_smb_v1,lateral_movement_smb_v1__run_000,lateral_movement,T1021.002,4,1,-0.0,1.0,0.014,9987.06,7490.3,0.661,8,6,1.1247,1.9661,0.9987,0.1944,1.582,0,2,0,0,0,0,1.2163,1248.38,670.6,1973.89,8952.0,9317.63,0,0.064,1.2777,0,0
2026-09-09T15:42:10.378158+00:00,lateral_movement_smb_v1,lateral_movement_smb_v1__run_000,lateral_movement,T1021.002,3,2,0.9183,0.9846,0.0171,6513.81,10856.35,0.6285,9,15,1.3223,3.4433,1.187,0.2811,2.0302,0,1,0,0,0,0,0.5727,723.76,102.01,822.69,8255.48,7378.73,0,0.1241,0.9021,0,0
2026-09-09T15:42:15.378158+00:00,lateral_movement_smb_v1,lateral_movement_smb_v1__run_000,lateral_movement,T1021.002,5,2,0.7219,1.0,0.0207,18789.98,19541.58,0.6691,25,26,1.1278,3.2882,0.9514,0.2505,1.703,1,2,0,0,0,0,0.9395,751.6,176.29,967.97,8062.94,8579.24,0,0.0679,1.6042,0,1
2026-09-09T15:42:20.378158+00:00,lateral_movement_smb_v1,lateral_movement_smb_v1__run_000,lateral_movement,T1021.002,4,2,0.8113,1.0,0.0128,12101.66,6807.18,0.6301,16,9,1.2202,3.5776,1.1111,0.1223,1.4781,0,2,0,0,0,0,1.6613,756.35,263.78,1165.71,6865.25,7629.06,0,0.093,1.5708,0,0
2026-09-09T15:42:25.378158+00:00,lateral_movement_smb_v1,lateral_movement_smb_v1__run_000,lateral_movement,T1021.002,6,2,0.9183,0.9939,0.0275,33842.24,23367.26,0.609,42,29,0.6679,1.441,1.146,0.3291,2.1334,1,3,0,0,0,0,1.4444,805.77,251.97,1116.68,8982.46,8989.79,0,0.079,1.5382,0,0
2026-09-09T15:42:30.378158+00:00,lateral_movement_smb_v1,lateral_movement_smb_v1__run_000,lateral_movement,T1021.002,2,1,-0.0,0.9501,0.0724,2184.92,1638.69,0.6102,4,3,0.5145,0.8165,1.0133,0.2256,1.6901,0,1,0,0,0,0,1.2441,546.23,90.19,636.42,8299.83,7903.72,0,0.0684,1.0028,0,0
2026-09-09T15:42:35.378158+00:00,lateral_movement_smb_v1,lateral_movement_smb_v1__run_000,lateral_movement,T1021.002,6,2,0.9183,0.9615,0.0175,12128.54,10107.11,0.6824,18,15,1.1257,2.8887,0.9352,0.1259,1.3128,0,3,0,0,0,0,1.139,673.81,161.91,1011.56,7627.22,6664.85,0,0.1515,1.0073,0,0
2026-09-09T15:42:40.378158+00:00,lateral_movement_smb_v1,lateral_movement_smb_v1__run_000,lateral_movement,T1021.002,5,2,0.971,1.0,0.0138,24920.55,27412.61,0.6709,30,33,1.7441,3.627,1.4038,0.3356,2.4106,1,2,0,0,0,0,0.9013,830.69,269.44,1277.7,5758.9,9474.05,0,0.1017,1.7138,0,0
2026-09-09T15:42:45.378158+00:00,lateral_movement_smb_v1,lateral_movement_smb_v1__run_000,lateral_movement,T1021.002,11,2,0.994,0.9729,0.0107,55627.41,38433.49,0.5962,55,38,0.9228,1.9493,0.8987,0.1594,1.377,2,5,0,0,1,0,1.4148,1011.41,253.44,1501.73,8189.47,9210.53,0,0.0445,0.7039,0,2
2026-09-09T15:42:50.378158+00:00,lateral_movement_smb_v1,lateral_movement_smb_v1__run_000,lateral_movement,T1021.002,4,2,1.0,0.9593,0.0505,13107.6,12288.38,0.4643,16,15,1.2431,3.0862,0.9333,0.2104,1.5644,0,2,0,0,0,0,1.0485,819.23,318.63,1300.03,8568.85,6494.21,0,0.0933,1.2593,0,1
2026-09-09T15:42:55.378158+00:00,lateral_movement_smb_v1,lateral_movement_smb_v1__run_000,lateral_movement,T1021.002,3,2,0.9183,1.0,0.0329,8130.01,8130.01,0.6061,9,9,0.7499,2.0077,0.9282,0.1929,1.5068,0,1,0,0,0,0,0.9493,903.33,295.46,1321.05,9440.31,8709.81,0,0.0773,0.0,0,0
2026-09-09T15:43:00.378158+00:00,lateral_movement_smb_v1,lateral_movement_smb_v1__run_000,lateral_movement,T1021.002,3,2,0.9183,1.0,0.0198,20381.58,14436.95,0.6089,24,17,0.9276,1.6203,0.8432,0.0958,1.1307,0,1,0,0,0,0,1.3354,849.23,222.13,1025.84,8081.4,7243.55,0,0.0443,1.0789,0,0
2026-09-09T15:43:05.378158+00:00,lateral_movement_smb_v1,lateral_movement_smb_v1__run_000,lateral_movement,T1021.002,4,2,0.8113,0.9965,0.0,20193.63,24232.36,0.646,20,24,1.5909,4.7649,1.279,0.355,2.3441,0,2,0,0,0,0,0.8314,1009.68,288.62,1397.36,6923.61,8398.11,0,0.1149,1.3756,0,0
2026-09-09T15:43:10.378158+00:00,lateral_movement_smb_v1,lateral_movement_smb_v1__run_000,lateral_movement,T1021.002,1,1,-0.0,0.9502,0.0588,2141.11,1427.41,0.6549,3,2,0.9827,2.8708,1.1864,0.3361,2.1947,0,0,0,0,0,0,1.115,713.7,0.0,713.7,9754.08,9666.94,0,0.1041,0.9319,0,0
2026-09-09T15:43:15.378158+00:00,lateral_movement_smb_v1,lateral_movement_smb_v1__run_000,lateral_movement,T1021.002,3,2,0.9183,1.0,0.0,22834.03,14271.27,0.679,24,15,1.8102,4.7959,1.425,0.322,2.3909,0,1,0,0,0,0,1.5485,951.42,141.65,1145.43,8449.47,8022.83,0,0.118,0.6771,0,0
2026-09-09T15:43:20.378158+00:00,lateral_movement_smb_v1,lateral_movement_smb_v1__run_000,lateral_movement,T1021.002,5,2,0.7219,0.9894,0.0,57513.72,60964.55,0.5225,50,53,1.7173,4.3699,1.1443,0.2035,1.755,1,2,0,0,0,0,0.9401,1150.27,424.48,1878.52,8314.46,8135.66,0,0.0866,0.914,0,1
2026-09-09T15:43:25.378158+00:00,lateral_movement_smb_v1,lateral_movement_smb_v1__run_000,lateral_movement,T1021.002,6,2,0.9183,1.0,0.0,10223.97,9371.97,0.5807,12,11,1.1808,2.2978,0.9205,0.1806,1.4623,1,3,0,0,0,0,1.0264,852.0,390.92,1563.39,9220.51,6818.47,0,0.1342,0.9178,0,0
2026-09-09T15:43:30.378158+00:00,lateral_movement_smb_v1,lateral_movement_smb_v1__run_000,lateral_movement,T1021.002,4,2,1.0,0.9496,0.0397,25671.62,22462.67,0.6551,24,21,1.1082,3.0296,1.1016,0.2559,1.8692,0,1,0,0,0,0,1.1054,1069.65,379.88,1713.96,8153.16,7846.55,0,0.1415,1.6465,0,0
2026-09-09T15:43:35.378158+00:00,lateral_movement_smb_v1,lateral_movement_smb_v1__run_000,lateral_movement,T1021.002,7,2,0.8631,0.987,0.0111,45384.86,29639.1,0.6273,49,32,0.6242,1.847,0.9519,0.1946,1.5356,1,3,0,0,1,0,1.5238,926.22,394.61,1645.9,8481.57,7071.84,0,0.0901,0.6525,0,0
2026-09-09T15:43:40.378158+00:00,lateral_movement_smb_v1,lateral_movement_smb_v1__run_000,lateral_movement,T1021.002,5,2,0.971,1.0,0.0,17208.95,11702.08,0.7026,25,17,0.5996,1.3585,0.9357,0.1242,1.3082,0,2,0,0,0,0,1.4174,688.36,177.58,935.63,8835.74,8958.05,0,0.0923,0.8993,0,0
2026-09-09T15:43:45.378158+00:00,lateral_movement_smb_v1,lateral_movement_smb_v1__run_000,lateral_movement,T1021.002,2,1,-0.0,0.9826,0.0,5429.65,4072.24,0.6704,8,6,1.527,2.7195,0.9799,0.2691,1.7873,0,1,0,0,0,0,1.2818,678.71,84.32,763.02,7169.72,8476.67,0,0.0482,1.6394,0,0
2026-09-09T15:43:50.378158+00:00,lateral_movement_smb_v1,lateral_movement_smb_v1__run_000,lateral_movement,T1021.002,9,2,0.9183,0.955,0.0637,36527.75,21104.92,0.6185,45,26,1.1737,2.0885,0.9903,0.1784,1.5255,1,4,0,0,1,0,1.6798,811.73,228.22,1154.82,9160.72,7658.06,0,0.1167,0.6698,0,0
2026-09-09T15:43:55.378158+00:00,lateral_movement_smb_v1,lateral_movement_smb_v1__run_000,lateral_movement,T1021.002,4,2,0.8113,1.0,0.0026,20933.02,11214.12,0.6394,28,15,1.1922,1.4878,1.1056,0.2239,1.7774,0,2,0,0,0,0,1.8586,747.61,176.41,991.36,9865.66,9469.01,0,0.1605,1.6086,0,0
2026-09-09T15:44:00.378158+00:00,lateral_movement_smb_v1,lateral_movement_smb_v1__run_000,lateral_movement,T1021.002,7,2,0.8631,1.0,0.0054,30913.72,39746.21,0.6284,35,45,0.5992,1.7304,1.0936,0.1662,1.5923,1,3,0,0,1,0,0.7656,883.25,322.05,1444.83,8639.12,8161.24,0,0.0892,1.9791,0,0
2026-09-09T15:44:05.378158+00:00,lateral_movement_smb_v1,lateral_movement_smb_v1__run_000,lateral_movement,T1021.002,2,2,1.0,1.0,0.0,11608.45,10447.6,0.6081,10,9,0.9406,2.6981,1.0102,0.1674,1.5122,0,0,0,0,0,0,1.0768,1160.84,39.05,1199.89,10000.3,8281.17,0,0.1011,0.7656,0,1
2026-09-09T15:44:10.378158+00:00,lateral_movement_smb_v1,lateral_movement_smb_v1__run_000,lateral_movement,T1021.002,4,2,1.0,0.9716,0.0325,19688.86,25431.44,0.7444,24,31,1.1831,2.2501,1.0547,0.2158,1.702,0,2,0,0,0,0,0.7669,820.37,182.51,1113.7,8304.57,7589.99,0,0.0772,1.139,0,0
2026-09-09T15:44:15.378158+00:00,lateral_movement_smb_v1,lateral_movement_smb_v1__run_000,lateral_movement,T1021.002,4,2,1.0,1.0,0.0,6258.76,4694.07,0.5714,8,6,0.6559,0.9831,1.0646,0.132,1.4605,0,2,0,0,0,0,1.2552,782.34,225.5,1063.04,7952.27,8944.78,0,0.0751,1.8573,0,0
2026-09-09T15:44:20.378158+00:00,lateral_movement_smb_v1,lateral_movement_smb_v1__run_000,lateral_movement,T1021.002,4,2,0.8113,1.0,0.0036,29318.6,33506.97,0.5057,28,32,0.5581,1.0845,1.0495,0.2082,1.6741,0,1,0,0,0,0,0.8533,1047.09,416.18,1597.44,6024.61,6678.86,0,0.104,1.0033,0,0
2026-09-09T15:44:25.378158+00:00,lateral_movement_smb_v1,lateral_movement_smb_v1__run_000,lateral_movement,T1021.002,2,2,1.0,0.9735,0.0,15628.35,10744.49,0.6635,16,11,1.6111,4.6156,1.052,0.1534,1.5122,0,1,0,0,0,0,1.3358,976.77,126.54,1103.31,9080.28,6698.98,0,0.1257,0.9215,0,0
2026-09-09T15:44:30.378158+00:00,lateral_movement_smb_v1,lateral_movement_smb_v1__run_000,lateral_movement,T1021.002,4,1,-0.0,0.9697,0.042,27184.79,26213.9,0.6228,28,27,1.1784,1.9845,1.0026,0.2103,1.6337,0,2,0,0,0,0,1.0074,970.89,363.8,1381.85,7244.11,6483.85,0,0.0308,0.3647,0,0
2026-09-09T15:44:35.378158+00:00,lateral_movement_smb_v1,lateral_movement_smb_v1__run_000,lateral_movement,T1021.002,2,1,-0.0,0.9804,0.035,17861.56,28068.17,0.6943,14,22,0.8058,1.6973,1.1931,0.2509,1.9457,0,0,0,0,0,0,0.6151,1275.83,246.88,1522.71,8100.65,7614.16,0,0.0545,0.0813,0,0
2026-09-09T15:44:40.378158+00:00,lateral_movement_smb_v1,lateral_movement_smb_v1__run_000,lateral_movement,T1021.002,7,2,0.9852,1.0,0.0072,19905.72,37915.66,0.6663,21,40,0.6129,1.685,0.8922,0.1103,1.2232,1,3,0,0,1,0,0.5132,947.89,408.46,1556.97,6954.39,8690.67,0,0.0765,0.5155,0,1
2026-09-09T15:44:45.378158+00:00,lateral_movement_smb_v1,lateral_movement_smb_v1__run_000,lateral_movement,T1021.002,5,2,0.971,1.0,0.0185,31728.87,17224.24,0.6473,35,19,1.0579,3.0513,0.9676,0.2323,1.6645,1,2,0,0,0,0,1.7804,906.54,260.88,1265.75,10131.94,9032.86,0,0.0582,0.9177,0,0
2026-09-09T15:44:50.378158+00:00,lateral_movement_smb_v1,lateral_movement_smb_v1__run_000,lateral_movement,T1021.002,2,1,-0.0,0.9476,0.0454,12809.55,9607.16,0.651,16,12,0.8216,1.3548,0.8906,0.1762,1.419,0,1,0,0,0,0,1.3066,800.6,253.31,1053.9,7512.33,6900.38,0,0.0429,1.9385,0,0
2026-09-09T15:44:55.378158+00:00,lateral_movement_smb_v1,lateral_movement_smb_v1__run_000,lateral_movement,T1021.002,9,2,0.7642,1.0,0.0,24405.47,14462.5,0.6511,27,16,0.7924,1.7536,1.2099,0.1697,1.7189,1,4,0,0,1,0,1.6527,903.91,299.68,1588.53,8322.24,6943.72,0,0.129,1.7703,0,0
2026-09-09T15:45:00.378158+00:00,lateral_movement_smb_v1,lateral_movement_smb_v1__run_000,lateral_movement,T1021.002,10,2,1.0,1.0,0.0361,54621.39,47598.64,0.5569,70,61,0.7856,1.988,0.8835,0.2365,1.593,2,5,0,0,1,0,1.1371,780.31,222.35,1223.56,9917.91,6860.4,0,0.0937,1.6441,0,0
2026-09-09T15:45:05.378158+00:00,lateral_movement_smb_v1,lateral_movement_smb_v1__run_000,lateral_movement,T1021.002,4,1,-0.0,0.9642,0.0349,9096.59,8338.54,0.5923,12,11,1.3181,3.9131,1.05,0.2824,1.8973,0,1,0,0,0,0,1.0527,758.05,74.15,876.77,9379.8,6412.05,0,0.0089,1.4195,0,0
2026-09-09T15:45:10.378158+00:00,lateral_movement_smb_v1,lateral_movement_smb_v1__run_000,lateral_movement,T1021.002,3,2,0.9183,1.0,0.0,16687.42,18541.57,0.655,18,20,0.8635,2.097,0.8744,0.1582,1.3492,0,1,0,0,0,0,0.8779,927.08,237.5,1144.15,7819.74,8224.45,0,0.0953,1.9506,0,0
2026-09-09T15:45:15.378158+00:00,lateral_movement_smb_v1,lateral_movement_smb_v1__run_000,lateral_movement,T1021.002,6,2,0.9183,0.9591,0.0469,19848.81,34735.42,0.6683,24,42,1.3694,2.1488,0.966,0.2615,1.7506,1,2,0,0,1,0,0.5629,827.03,246.92,1134.92,7065.6,8545.49,0,0.0912,1.4676,0,0
2026-09-09T15:45:20.378158+00:00,lateral_movement_smb_v1,lateral_movement_smb_v1__run_000,lateral_movement,T1021.002,6,2,1.0,0.9255,0.0609,25093.08,16728.72,0.6194,30,20,0.7339,1.8963,0.8596,0.1402,1.2802,1,2,0,0,0,0,1.4295,836.44,178.68,1231.46,9708.17,9588.02,0,0.0911,1.2481,0,0
2026-09-09T15:45:25.378158+00:00,lateral_movement_smb_v1,lateral_movement_smb_v1__run_000,lateral_movement,T1021.002,3,2,0.9183,0.9604,0.0404,13611.05,7561.7,0.6022,18,10,1.1587,2.0471,0.8849,0.2157,1.5322,0,1,0,0,0,0,1.6627,756.17,33.39,785.14,8587.84,8523.19,0,0.1062,0.4631,0,0
2026-09-09T15:45:30.378158+00:00,lateral_movement_smb_v1,lateral_movement_smb_v1__run_000,lateral_movement,T1021.002,2,1,-0.0,0.9453,0.0402,16103.82,9202.19,0.6037,14,8,0.7052,1.58,0.9207,0.095,1.2058,0,1,0,0,0,0,1.7065,1150.27,525.57,1675.84,8743.42,7335.37,0,0.0833,0.3775,0,0
2026-09-09T15:45:35.378158+00:00,lateral_movement_smb_v1,lateral_movement_smb_v1__run_000,lateral_movement,T1021.002,2,2,1.0,0.9894,0.003,9733.65,8343.13,0.7001,14,12,0.9103,1.7804,0.9368,0.2787,1.773,0,0,0,0,0,0,1.0784,695.26,129.1,824.36,9622.02,8629.22,0,0.0953,0.8965,0,0
2026-09-09T15:45:40.378158+00:00,lateral_movement_smb_v1,lateral_movement_smb_v1__run_000,lateral_movement,T1021.002,5,2,0.971,0.9687,0.0444,11131.19,8162.87,0.6474,15,11,1.516,4.3696,1.3462,0.3363,2.3551,0,2,0,0,0,0,1.3325,742.08,255.36,1133.34,6734.31,7745.01,0,0.0941,1.9373,0,0
2026-09-09T15:45:45.378158+00:00,lateral_movement_smb_v1,lateral_movement_smb_v1__run_000,lateral_movement,T1021.002,10,2,0.469,1.0,0.0,103104.4,99355.15,0.7394,110,106,0.7249,1.9152,0.8392,0.1943,1.4223,2,4,0,0,1,0,1.0328,937.31,207.86,1277.35,7503.27,7583.8,0,0.1205,1.4207,0,1
2026-09-09T15:45:50.378158+00:00,lateral_movement_smb_v1,lateral_movement_smb_v1__run_000,lateral_movement,T1021.002,5,2,0.971,1.0,0.0,13511.95,15313.55,0.6494,15,17,1.3512,3.0153,1.103,0.1138,1.4446,1,2,0,0,0,0,0.8355,900.8,247.95,1325.82,9464.53,7233.94,0,0.135,0.0942,1,0
2026-09-09T15:45:55.378158+00:00,lateral_movement_smb_v1,lateral_movement_smb_v1__run_000,lateral_movement,T1021.002,4,2,0.8113,0.9714,0.0438,14908.95,11181.71,0.6885,16,12,0.8008,2.2841,1.1332,0.2614,1.9173,0,2,0,0,0,0,1.3295,931.81,200.9,1234.74,8286.16,8636.64,0,0.0962,0.8187,0,0
2026-09-09T15:46:00.378158+00:00,lateral_movement_smb_v1,lateral_movement_smb_v1__run_000,lateral_movement,T1021.002,4,2,0.8113,1.0,0.0226,38922.73,29192.05,0.6354,44,33,0.8255,1.4952,0.918,0.1466,1.3577,0,1,0,0,0,0,1.3187,884.61,242.78,1213.22,9645.08,6635.42,0,0.0859,1.2176,0,0
2026-09-09T15:46:05.378158+00:00,lateral_movement_smb_v1,lateral_movement_smb_v1__run_000,lateral_movement,T1021.002,8,2,1.0,0.9827,0.0179,42246.53,30804.76,0.6396,48,35,1.3688,2.9129,0.9162,0.1017,1.2214,1,4,0,0,1,0,1.3543,880.14,266.25,1263.22,7707.46,9134.83,0,0.0322,1.6024,0,0
2026-09-09T15:46:10.378158+00:00,lateral_movement_smb_v1,lateral_movement_smb_v1__run_000,lateral_movement,T1021.002,3,2,0.9183,0.9952,0.0,5489.07,2744.53,0.6613,6,3,0.79,2.2812,1.0807,0.1895,1.6492,0,1,0,0,0,0,1.641,914.84,232.23,1213.12,8707.92,8970.06,0,0.1061,1.3793,0,0
2026-09-09T15:46:15.378158+00:00,lateral_movement_smb_v1,lateral_movement_smb_v1__run_000,lateral_movement,T1021.002,6,2,0.9183,0.9802,0.0606,17443.29,15262.88,0.7653,24,21,1.1371,2.0077,1.1543,0.305,2.0694,1,3,0,0,0,0,1.1093,726.8,117.24,977.78,9723.27,8341.74,0,0.0576,0.6165,0,0
2026-09-09T15:46:20.378158+00:00,lateral_movement_smb_v1,lateral_movement_smb_v1__run_000,lateral_movement,T1021.002,1,1,-0.0,0.9813,0.042,5890.64,4712.52,0.6484,5,4,1.3419,3.3245,1.2657,0.2514,2.0197,0,0,0,0,0,0,1.1664,1178.13,0.0,1178.13,7776.02,8441.05,0,0.0336,0.1921,0,0
2026-09-09T15:46:25.378158+00:00,lateral_movement_smb_v1,lateral_movement_smb_v1__run_000,lateral_movement,T1021.002,9,2,0.9911,0.9975,0.0004,87968.41,97742.68,0.6052,81,90,0.8458,2.0336,0.7889,0.1023,1.0958,1,4,0,0,1,0,0.8989,1086.03,313.76,1563.32,7370.57,9194.27,0,0.103,0.7528,1,1
2026-09-09T15:46:30.378158+00:00,lateral_movement_smb_v1,lateral_movement_smb_v1__run_000,lateral_movement,T1021.002,6,2,1.0,0.9498,0.0262,36166.8,30892.47,0.6889,48,41,1.0903,2.3494,0.6847,0.1672,1.1863,1,2,0,0,0,0,1.1541,753.47,251.25,1171.1,7855.3,7759.85,0,0.0973,0.2782,0,0
2026-09-09T15:46:35.378158+00:00,lateral_movement_smb_v1,lateral_movement_smb_v1__run_000,lateral_movement,T1021.002,4,1,-0.0,1.0,0.0,20422.2,40844.39,0.6997,24,48,1.3901,1.7735,0.8631,0.1617,1.3481,0,2,0,0,0,0,0.4943,850.92,211.02,1196.44,6439.52,9249.69,0,0.0874,1.041,0,0
2026-09-09T15:46:40.378158+00:00,lateral_movement_smb_v1,lateral_movement_smb_v1__run_000,lateral_movement,T1021.002,2,2,1.0,1.0,0.0,14208.45,10656.34,0.5971,12,9,0.9573,1.4258,1.0177,0.1832,1.5675,0,0,0,0,0,0,1.2358,1184.04,441.76,1625.8,7811.01,8435.18,0,0.0807,1.3821,1,0
2026-09-09T15:46:45.378158+00:00,lateral_movement_smb_v1,lateral_movement_smb_v1__run_000,lateral_movement,T1021.002,6,2,0.9183,0.9902,0.0,6737.68,4491.78,0.6575,6,4,0.5243,0.8186,1.0489,0.1593,1.5269,1,3,0,0,0,0,1.2279,1122.95,465.8,2127.93,7615.95,6546.0,0,0.1384,1.2434,0,0
2026-09-09T15:46:50.378158+00:00,lateral_movement_smb_v1,lateral_movement_smb_v1__run_000,lateral_movement,T1021.002,6,2,0.9183,0.9432,0.0397,31333.68,35809.92,0.6347,42,48,0.5431,0.9433,0.9364,0.2237,1.6074,1,2,0,0,0,0,0.8591,746.04,212.88,1074.14,6636.49,10219.04,0,0.1397,1.8357,0,0
2026-09-09T15:46:55.378158+00:00,lateral_movement_smb_v1,lateral_movement_smb_v1__run_000,lateral_movement,T1021.002,8,2,0.9544,0.9849,0.0216,42338.62,43220.67,0.5961,48,49,1.0807,1.9994,0.7664,0.0837,1.0174,1,4,0,0,1,0,0.9787,882.05,252.33,1375.02,7701.13,5653.02,0,0.0401,0.9789,0,0
2026-09-09T15:47:00.378158+00:00,lateral_movement_smb_v1,lateral_movement_smb_v1__run_000,lateral_movement,T1021.002,4,2,0.8113,0.9543,0.0445,18727.49,11704.68,0.6663,24,15,1.2421,1.8677,0.9462,0.1725,1.4637,0,1,0,0,0,0,1.5226,780.31,145.85,954.06,6719.16,8969.57,0,0.0817,1.0511,0,0
2026-09-09T15:47:05.378158+00:00,lateral_movement_smb_v1,lateral_movement_smb_v1__run_000,lateral_movement,T1021.002,7,2,0.9852,1.0,0.0181,58156.78,90558.42,0.6427,70,109,0.819,1.8031,1.3649,0.1376,1.7776,1,3,0,0,1,0,0.6378,830.81,162.27,1011.89,9307.49,6565.66,0,0.0827,1.0002,0,0
2026-09-09T15:47:10.378158+00:00,lateral_movement_smb_v1,lateral_movement_smb_v1__run_000,lateral_movement,T1021.002,4,2,0.8113,0.9858,0.0,37519.13,31265.94,0.6134,48,40,0.6313,0.9593,1.128,0.2516,1.8829,0,1,0,0,0,0,1.1941,781.65,224.86,972.55,8670.13,11111.04,0,0.0748,0.9324,0,0
2026-09-09T15:47:15.378158+00:00,lateral_movement_smb_v1,lateral_movement_smb_v1__run_000,lateral_movement,T1021.002,5,2,0.7219,0.9703,0.0339,40144.47,25870.88,0.5966,45,29,0.9479,2.3007,1.1568,0.2221,1.8231,0,2,0,0,0,0,1.509,892.1,136.94,1061.36,6859.73,9439.68,0,0.1183,0.3902,0,0
2026-09-09T15:47:20.378158+00:00,lateral_movement_smb_v1,lateral_movement_smb_v1__run_000,lateral_movement,T1021.002,8,2,0.8113,0.9626,0.0557,33420.36,17406.44,0.6178,48,25,1.2714,3.3524,1.1203,0.1684,1.6253,1,4,0,0,1,0,1.9014,696.26,201.68,1026.73,8727.49,8004.94,0,0.1308,0.8167,0,0
2026-09-09T15:47:25.378158+00:00,lateral_movement_smb_v1,lateral_movement_smb_v1__run_000,lateral_movement,T1021.002,2,1,-0.0,1.0,0.0136,3199.0,2399.25,0.6491,4,3,0.591,1.7621,0.8283,0.1816,1.3731,0,0,0,0,0,0,1.2163,799.75,80.76,880.51,7465.81,10796.48,0,0.0189,1.49,0,0
2026-09-09T15:47:30.378158+00:00,lateral_movement_smb_v1,lateral_movement_smb_v1__run_000,lateral_movement,T1021.002,6,2,0.65,0.9646,0.056,40125.27,39169.9,0.5941,42,41,0.8516,1.0467,0.8608,0.1359,1.2684,0,3,0,0,0,0,1.0227,955.36,79.85,1014.66,8224.99,8176.5,0,0.0895,0.8503,0,0
2026-09-09T15:47:35.378158+00:00,lateral_movement_smb_v1,lateral_movement_smb_v1__run_000,lateral_movement,T1021.002,5,1,-0.0,0.9623,0.0134,23277.63,19553.21,0.6694,25,21,0.9319,1.9947,1.1846,0.1644,1.6777,1,2,0,0,0,0,1.1831,931.11,439.79,1677.92,7872.11,8816.74,0,0.0625,1.2211,0,0
2026-09-09T15:47:40.378158+00:00,lateral_movement_smb_v1,lateral_movement_smb_v1__run_000,lateral_movement,T1021.002,2,2,1.0,1.0,0.0086,4779.25,2389.62,0.6723,4,2,1.2428,1.6576,1.2414,0.3376,2.2543,0,0,0,0,0,0,1.4285,1194.81,320.99,1515.8,7881.25,7291.08,0,0.1428,0.9699,0,0
2026-09-09T15:47:45.378158+00:00,lateral_movement_smb_v1,lateral_movement_smb_v1__run_000,lateral_movement,T1021.002,2,1,-0.0,0.991,0.0312,10015.89,8012.71,0.6583,10,8,1.1806,3.1937,1.0015,0.1627,1.4896,0,1,0,0,0,0,1.1839,1001.59,36.25,1037.84,7262.11,7535.5,0,0.0743,0.5174,0,0
2026-09-09T15:47:50.378158+00:00,lateral_movement_smb_v1,lateral_movement_smb_v1__run_000,lateral_movement,T1021.002,6,2,1.0,0.9844,0.0242,32078.29,16039.15,0.6429,36,18,1.638,2.7271,1.2772,0.227,1.9583,1,2,0,0,0,0,1.9717,891.06,151.95,1073.98,9878.42,9719.27,0,0.1048,2.2746,0,0
2026-09-09T15:47:55.378158+00:00,lateral_movement_smb_v1,lateral_movement_smb_v1__run_000,lateral_movement,T1021.002,3,2,0.9183,0.9658,0.0459,26752.25,21798.13,0.693,27,22,1.6045,3.241,1.1846,0.2295,1.8729,0,1,0,0,0,0,1.1804,990.82,89.26,1114.89,8558.93,7608.53,0,0.1533,1.0776,0,0
2026-09-09T15:48:00.378158+00:00,lateral_movement_smb_v1,lateral_movement_smb_v1__run_000,lateral_movement,T1021.002,4,2,0.8113,0.9423,0.0688,12962.76,9722.07,0.7361,20,15,1.0109,1.671,1.091,0.193,1.67,0,1,0,0,0,0,1.3157,648.14,204.79,971.94,7416.55,7389.72,0,0.12,0.6375,0,0
2026-09-09T15:48:05.378158+00:00,lateral_movement_smb_v1,lateral_movement_smb_v1__run_000,lateral_movement,T1021.002,3,1,-0.0,0.9953,0.0052,17840.57,20389.22,0.7178,21,24,0.898,1.7642,1.0063,0.1692,1.5138,0,1,0,0,0,0,0.8634,849.55,214.81,1128.6,8248.83,6892.83,0,0.0881,1.46,0,1
2026-09-09T15:48:10.378158+00:00,lateral_movement_smb_v1,lateral_movement_smb_v1__run_000,lateral_movement,T1021.002,8,2,0.5436,0.9691,0.0538,62585.93,50416.44,0.6982,72,58,0.6891,1.1032,1.048,0.1883,1.6129,1,4,0,0,0,0,1.2363,869.25,254.58,1200.61,7719.09,8139.66,0,0.0834,1.2485,0,0
2026-09-09T15:48:15.378158+00:00,lateral_movement_smb_v1,lateral_movement_smb_v1__run_000,lateral_movement,T1021.002,4,2,0.8113,0.9771,0.0213,28582.46,20007.72,0.6258,40,28,0.6813,1.6081,1.2225,0.2973,2.1143,0,1,0,0,0,0,1.3852,714.56,24.39,743.76,6811.12,8011.19,0,0.0738,0.9297,0,0
2026-09-09T15:48:20.378158+00:00,lateral_movement_smb_v1,lateral_movement_smb_v1__run_000,lateral_movement,T1021.002,4,1,-0.0,0.9713,0.0505,39872.34,30901.07,0.6201,40,31,0.8607,2.2622,1.2551,0.3414,2.2794,0,2,0,0,0,0,1.2538,996.81,382.25,1570.01,8065.21,8792.6,0,0.0,0.674,0,0
2026-09-09T15:48:25.378158+00:00,lateral_movement_smb_v1,lateral_movement_smb_v1__run_000,lateral_movement,T1021.002,3,2,0.9183,1.0,0.0,4946.8,3847.51,0.6299,9,7,0.8142,1.2423,0.9465,0.2297,1.6354,0,1,0,0,0,0,1.185,549.64,98.73,682.96,8118.95,8364.55,0,0.0474,1.727,0,0
2026-09-09T15:48:30.378158+00:00,lateral_movement_smb_v1,lateral_movement_smb_v1__run_000,lateral_movement,T1021.002,5,2,0.971,0.9774,0.0139,58433.98,55246.67,0.6375,55,52,0.8279,1.2767,1.0816,0.2699,1.8912,0,2,0,0,0,0,1.0491,1062.44,313.06,1595.73,7295.55,7835.98,0,0.092,1.0898,0,0
2026-09-09T15:48:35.378158+00:00,lateral_movement_smb_v1,lateral_movement_smb_v1__run_000,lateral_movement,T1021.002,2,2,1.0,1.0,0.002,14039.86,12869.87,0.6441,12,11,1.1432,2.5673,0.8365,0.2278,1.5197,0,1,0,0,0,0,1.0851,1169.99,146.51,1316.49,9827.72,6316.6,0,0.0762,0.916,0,0
2026-09-09T15:48:40.378158+00:00,lateral_movement_smb_v1,lateral_movement_smb_v1__run_000,lateral_movement,T1021.002,3,2,0.9183,0.9928,0.0303,14613.98,10960.49,0.6354,12,9,0.7545,2.0267,1.1647,0.314,2.1066,0,1,0,0,0,0,1.243,1217.83,223.77,1505.01,8693.84,6474.79,0,0.0758,1.5008,0,0
2026-09-09T15:48:45.378158+00:00,lateral_movement_smb_v1,lateral_movement_smb_v1__run_000,lateral_movement,T1021.002,6,2,0.9183,1.0,0.0,54358.49,62411.6,0.5672,54,62,1.3102,2.7416,0.7939,0.0856,1.0507,1,2,0,0,1,0,0.86,1006.64,271.68,1579.23,9199.67,8492.21,0,0.0586,0.1181,0,0
2026-09-09T15:48:50.378158+00:00,lateral_movement_smb_v1,lateral_movement_smb_v1__run_000,lateral_movement,T1021.002,4,2,0.8113,1.0,0.0065,27952.33,24458.29,0.6784,32,28,0.6619,0.8191,0.931,0.1162,1.2796,0,1,0,0,0,0,1.1298,873.51,62.83,973.62,7741.59,8353.47,0,0.0536,2.0417,0,0
2026-09-09T15:48:55.378158+00:00,lateral_movement_smb_v1,lateral_movement_smb_v1__run_000,lateral_movement,T1021.002,7,2,0.9852,0.9751,0.0124,33251.71,23751.22,0.6726,35,25,1.1272,2.28,1.0102,0.1124,1.3473,1,3,0,0,1,0,1.3479,950.05,225.76,1304.57,8314.76,8531.23,0,0.0692,1.0602,0,1
2026-09-09T15:49:00.378158+00:00,lateral_movement_smb_v1,lateral_movement_smb_v1__run_000,lateral_movement,T1021.002,6,2,0.9183,0.9627,0.0507,10095.82,6730.55,0.4979,12,8,0.8517,1.5109,1.0063,0.1973,1.5981,1,2,0,0,0,0,1.4597,841.32,332.68,1333.27,10188.81,8205.03,0,0.0463,0.6664,0,0
2026-09-09T15:49:05.378158+00:00,lateral_movement_smb_v1,lateral_movement_smb_v1__run_000,lateral_movement,T1021.002,7,2,0.9852,0.9846,0.0538,22604.78,16146.27,0.6654,28,20,1.21,1.6251,0.9222,0.0935,1.2026,1,3,0,0,1,0,1.3529,807.31,295.01,1277.98,7781.65,8627.29,0,0.1539,1.3826,1,0
2026-09-09T15:49:10.378158+00:00,lateral_movement_smb_v1,lateral_movement_smb_v1__run_000,lateral_movement,T1021.002,5,2,0.971,1.0,0.0445,31591.94,16427.81,0.6367,25,13,0.5991,1.3356,0.9203,0.0968,1.2106,0,2,0,0,0,0,1.8628,1263.68,510.15,1805.06,10001.62,8846.17,0,0.1352,0.9295,0,1
2026-09-09T15:49:15.378158+00:00,lateral_movement_smb_v1,lateral_movement_smb_v1__run_000,lateral_movement,T1021.002,5,2,0.7219,0.9693,0.0524,45532.05,46543.87,0.7353,45,46,0.5294,0.989,1.0354,0.19,1.6054,1,2,0,0,0,0,0.9722,1011.82,328.57,1414.44,8741.92,9553.48,0,0.0833,0.0,0,0
2026-09-09T15:49:20.378158+00:00,lateral_movement_smb_v1,lateral_movement_smb_v1__run_000,lateral_movement,T1021.002,3,2,0.9183,0.9918,0.0,31382.16,20921.44,0.6593,30,20,0.5763,1.6419,0.8633,0.2522,1.62,0,1,0,0,0,0,1.4504,1046.07,178.22,1297.79,7058.91,6215.29,0,0.0623,0.8728,0,0
2026-09-09T15:49:25.378158+00:00,lateral_movement_smb_v1,lateral_movement_smb_v1__run_000,lateral_movement,T1021.002,8,2,0.8113,0.9495,0.0007,53968.53,31200.56,0.5579,64,37,0.7217,1.1889,0.7625,0.104,1.0746,1,4,0,0,1,0,1.6915,843.26,298.17,1587.03,7855.96,6810.95,0,0.0689,1.152,1,0
2026-09-09T15:49:30.378158+00:00,lateral_movement_smb_v1,lateral_movement_smb_v1__run_000,lateral_movement,T1021.002,5,2,0.7219,0.98,0.0222,33893.76,25178.22,0.6791,35,26,1.5103,2.7697,0.9144,0.2697,1.7234,1,2,0,0,0,0,1.3454,968.39,226.28,1230.77,7892.34,9958.24,0,0.1359,0.901,1,0
2026-09-09T15:49:35.378158+00:00,lateral_movement_smb_v1,lateral_movement_smb_v1__run_000,lateral_movement,T1021.002,7,2,0.9852,1.0,0.0054,53113.31,158391.47,0.6366,56,167,1.0505,2.2125,0.8205,0.2284,1.5057,1,3,0,0,0,0,0.3346,948.45,211.35,1282.33,9583.76,8131.31,0,0.1093,0.9818,0,1
2026-09-09T15:49:40.378158+00:00,lateral_movement_smb_v1,lateral_movement_smb_v1__run_000,lateral_movement,T1021.002,7,2,0.9852,1.0,0.0224,66597.44,44715.42,0.5974,70,47,0.8077,2.0799,0.7803,0.1343,1.1833,1,3,0,0,0,0,1.4867,951.39,268.26,1366.94,7123.82,9568.06,0,0.0951,0.128,0,0
2026-09-09T15:49:45.378158+00:00,lateral_movement_smb_v1,lateral_movement_smb_v1__run_000,lateral_movement,T1021.002,4,2,1.0,1.0,0.0077,22939.61,24851.25,0.5841,24,26,0.9219,1.6477,1.1572,0.3403,2.178,0,1,0,0,0,0,0.9214,955.82,257.84,1326.88,7984.06,7422.57,0,0.101,0.3009,0,0
2026-09-09T15:49:50.378158+00:00,lateral_movement_smb_v1,lateral_movement_smb_v1__run_000,lateral_movement,T1021.002,6,2,0.65,1.0,0.0206,45921.06,68881.6,0.6278,54,81,0.6683,1.2564,0.8402,0.1342,1.243,1,3,0,0,0,0,0.6593,850.39,169.74,1140.75,8494.58,7087.37,0,0.1036,1.1994,0,0
2026-09-09T15:49:55.378158+00:00,lateral_movement_smb_v1,lateral_movement_smb_v1__run_000,lateral_movement,T1021.002,6,2,0.9183,0.9909,0.0,26056.23,25187.69,0.6835,30,29,1.1929,3.4453,0.7971,0.2366,1.5069,1,3,0,0,1,0,1.0271,868.54,163.66,1070.98,7754.16,8757.47,0,0.1443,1.4217,0,0
2026-09-09T15:50:00.378158+00:00,lateral_movement_smb_v1,lateral_movement_smb_v1__run_000,lateral_movement,T1021.002,10,2,0.971,0.968,0.0224,16869.85,19400.33,0.5988,20,23,1.1943,3.5101,0.96,0.1657,1.457,1,4,0,0,1,0,0.8665,843.49,322.7,1327.25,8426.76,6928.45,0,0.0597,1.5227,0,0
2026-09-09T15:50:05.378158+00:00,lateral_movement_smb_v1,lateral_movement_smb_v1__run_000,lateral_movement,T1021.002,6,2,0.9183,1.0,0.0,50661.51,40341.57,0.7381,54,43,0.8387,2.1607,0.8975,0.2317,1.5925,1,3,0,0,0,0,1.2466,938.18,355.9,1683.96,7546.87,7614.81,0,0.0927,0.6274,0,0
2026-09-09T15:50:10.378158+00:00,lateral_movement_smb_v1,lateral_movement_smb_v1__run_000,lateral_movement,T1021.002,5,2,0.971,1.0,0.0,14104.89,14810.13,0.593,20,21,1.2716,3.239,1.1492,0.2078,1.7727,1,2,0,0,0,0,0.9444,705.24,173.48,962.21,7806.73,8297.78,0,0.1046,0.7421,1,0
2026-09-09T15:50:15.378158+00:00,lateral_movement_smb_v1,lateral_movement_smb_v1__run_000,lateral_movement,T1021.002,3,1,-0.0,1.0,0.0,10205.43,11566.15,0.6524,15,17,1.1156,2.3495,1.4064,0.4186,2.6622,0,1,0,0,0,0,0.8675,680.36,59.89,752.15,8807.24,8753.7,0,0.0452,1.4674,0,0
2026-09-09T15:50:20.378158+00:00,lateral_movement_smb_v1,lateral_movement_smb_v1__run_000,lateral_movement,T1021.002,4,1,-0.0,1.0,0.0251,15978.85,14380.96,0.6032,20,18,0.9298,1.725,0.9891,0.2398,1.7085,0,1,0,0,0,0,1.0717,798.94,130.38,999.41,8677.58,8886.24,0,0.0833,2.489,0,0
2026-09-09T15:50:25.378158+00:00,lateral_movement_smb_v1,lateral_movement_smb_v1__run_000,lateral_movement,T1021.002,2,2,1.0,1.0,0.0,5466.87,8883.66,0.6431,8,13,1.2492,2.4246,0.9821,0.189,1.5491,0,1,0,0,0,0,0.5733,683.36,29.98,713.34,6636.21,9599.28,0,0.0236,1.1895,0,0
2026-09-09T15:50:30.378158+00:00,lateral_movement_smb_v1,lateral_movement_smb_v1__run_000,lateral_movement,T1021.002,4,2,1.0,0.9875,0.0341,48384.48,45360.45,0.6472,48,45,0.7536,1.2352,0.7857,0.2117,1.4206,0,1,0,0,0,0,1.0489,1008.01,412.44,1535.9,7516.98,9279.33,0,0.0702,0.4007,1,0
2026-09-09T15:50:35.378158+00:00,lateral_movement_smb_v1,lateral_movement_smb_v1__run_000,lateral_movement,T1021.002,4,2,1.0,0.9798,0.0136,24038.64,19230.92,0.6989,20,16,0.9424,2.2931,1.108,0.213,1.747,0,2,0,0,0,0,1.2367,1201.93,378.41,1578.51,9439.46,7757.81,0,0.0474,0.869,0,0
2026-09-09T15:50:40.378158+00:00,lateral_movement_smb_v1,lateral_movement_smb_v1__run_000,lateral_movement,T1021.002,3,2,0.9183,1.0,0.0085,13548.67,11290.56,0.6349,18,15,1.1153,1.7417,1.2705,0.2946,2.1544,0,1,0,0,0,0,1.1414,752.7,171.52,994.37,7529.85,8655.87,0,0.0698,1.1346,0,0
2026-09-09T15:50:45.378158+00:00,lateral_movement_smb_v1,lateral_movement_smb_v1__run_000,lateral_movement,T1021.002,5,2,0.7219,0.9788,0.0087,19788.17,11872.9,0.6653,25,15,0.7851,2.1095,0.7905,0.1465,1.2301,1,2,0,0,0,0,1.613,791.53,157.59,1062.7,7331.57,8046.77,0,0.0828,1.0047,0,0
2026-09-09T15:50:50.378158+00:00,lateral_movement_smb_v1,lateral_movement_smb_v1__run_000,lateral_movement,T1021.002,4,2,0.8113,1.0,0.0,22958.48,34437.71,0.6472,24,36,0.8788,1.423,0.9228,0.1666,1.4225,0,2,0,0,0,0,0.6566,956.6,317.68,1285.78,8315.03,6393.01,0,0.0377,0.0818,0,0
