timestamp,persona_id,run_id,mitre_stage,technique_id,flow_count,unique_dst_ports,dest_port_entropy,tcp_ratio,udp_ratio,bytes_fwd_sum,bytes_bwd_sum,bidirectional_ratio,pkts_fwd_sum,pkts_bwd_sum,duration_mean,duration_max,iat_mean,iat_std,iat_max,syn_flag_sum,ack_flag_sum,fin_flag_sum,rst_flag_sum,psh_flag_sum,urg_flag_sum,down_up_ratio_mean,pkt_len_mean,pkt_len_std,pkt_len_max,init_fwd_win_mean,init_bwd_win_mean,fwd_psh_flags_sum,port_scan_score,ttl_variance,ip_fragment_flags,retransmit_count
2026-09-09T14:50:56.201276+00:00,lateral_movement_smb_v1,lateral_movement_smb_v1__run_002,lateral_movement,T1021.002,10,2,0.8813,0.9789,0.0412,43979.73,32545.0,0.6506,50,37,1.2469,3.2658,0.8998,0.2102,1.5303,1,5,1,0,1,0,1.3241,879.59,277.53,1569.03,6343.57,9431.49,0,0.0928,0.483,0,0
2026-09-09T14:51:01.201276+00:00,lateral_movement_smb_v1,lateral_movement_smb_v1__run_002,lateral_movement,T1021.002,5,2,0.7219,0.9828,0.0516,22249.33,22249.33,0.7032,25,25,0.8401,1.4023,0.6715,0.1985,1.2671,0,2,0,0,0,0,0.9643,889.97,235.38,1164.28,10523.01,6938.84,0,0.0757,0.5666,0,0
2026-09-09T14:51:06.201276+00:00,lateral_movement_smb_v1,lateral_movement_smb_v1__run_002,lateral_movement,T1021.002,5,2,0.971,0.9916,0.0,49923.29,31063.38,0.6843,45,28,1.6491,2.168,1.075,0.2221,1.7414,0,2,0,0,0,0,1.5628,1109.41,427.92,1859.92,7926.66,7948.42,0,0.0377,0.7613,0,0
2026-09-09T14:51:11.201276+00:00,lateral_movement_smb_v1,lateral_movement_smb_v1__run_002,lateral_movement,T1021.002,4,2,1.0,1.0,0.0,2528.03,1896.02,0.649,4,3,0.8753,1.1343,1.0015,0.2542,1.764,0,1,0,0,0,0,1.063,632.01,125.03,789.21,8373.99,7098.81,0,0.0932,1.3033,0,0
2026-09-09T14:51:16.201276+00:00,lateral_movement_smb_v1,lateral_movement_smb_v1__run_002,lateral_movement,T1021.002,10,2,1.0,1.0,0.0145,47516.67,33261.67,0.6044,50,35,1.4717,4.2703,0.7631,0.2064,1.3823,2,5,0,0,1,0,1.4146,950.33,306.65,1484.0,7330.41,8398.75,0,0.1047,1.0438,1,0
2026-09-09T14:51:21.201276+00:00,lateral_movement_smb_v1,lateral_movement_smb_v1__run_002,lateral_movement,T1021.002,4,2,1.0,1.0,0.015,22275.32,31556.7,0.7406,24,34,1.3558,2.1072,1.2128,0.1895,1.7812,0,1,0,0,0,0,0.6866,928.14,267.09,1317.29,7848.29,5857.75,0,0.0506,1.1626,0,0
2026-09-09T14:51:26.201276+00:00,lateral_movement_smb_v1,lateral_movement_smb_v1__run_002,lateral_movement,T1021.002,6,2,1.0,1.0,0.0037,15210.28,17745.33,0.6476,18,21,0.4602,0.6829,0.9269,0.2088,1.5534,1,2,0,0,0,0,0.8372,845.02,232.8,1138.49,8068.23,7382.16,0,0.086,0.3853,0,0
2026-09-09T14:51:31.201276+00:00,lateral_movement_smb_v1,lateral_movement_smb_v1__run_002,lateral_movement,T1021.002,6,2,1.0,0.9623,0.0181,30011.85,24176.21,0.632,36,29,0.9909,1.8733,1.0968,0.1969,1.6876,1,2,0,0,0,0,1.2379,833.66,307.15,1262.34,8139.15,6965.84,0,0.0903,1.4425,0,0
2026-09-09T14:51:36.201276+00:00,lateral_movement_smb_v1,lateral_movement_smb_v1__run_002,lateral_movement,T1021.002,7,2,0.9852,0.9903,0.017,24600.93,27236.74,0.6983,28,31,1.3106,3.0056,0.9888,0.1747,1.5129,1,3,0,0,0,0,0.8906,878.6,397.22,1812.16,6278.89,7514.81,0,0.0845,0.04,0,0
2026-09-09T14:51:41.201276+00:00,lateral_movement_smb_v1,lateral_movement_smb_v1__run_002,lateral_movement,T1021.002,5,2,0.7219,0.9773,0.014,36524.68,25973.11,0.6369,45,32,1.1753,3.5175,1.039,0.1366,1.4488,0,2,0,0,0,0,1.3668,811.66,182.4,1043.16,6788.87,7931.78,0,0.0768,0.675,0,0
2026-09-09T14:51:46.201276+00:00,lateral_movement_smb_v1,lateral_movement_smb_v1__run_002,lateral_movement,T1021.002,4,1,-0.0,1.0,0.0,26130.11,29033.45,0.653,36,40,0.9585,1.4546,1.5083,0.3818,2.6538,0,1,0,0,0,0,0.8911,725.84,355.07,1334.84,7867.09,9674.76,0,0.0914,1.6473,1,0
2026-09-09T14:51:51.201276+00:00,lateral_movement_smb_v1,lateral_movement_smb_v1__run_002,lateral_movement,T1021.002,2,1,-0.0,0.9569,0.0515,11495.4,13958.7,0.6983,14,17,0.5235,0.7542,0.9043,0.179,1.4413,0,0,0,0,0,0,0.7995,821.1,227.57,1048.67,8617.96,8728.64,0,0.0407,0.9983,0,0
2026-09-09T14:51:56.201276+00:00,lateral_movement_smb_v1,lateral_movement_smb_v1__run_002,lateral_movement,T1021.002,4,2,1.0,0.9591,0.0372,7992.54,7326.5,0.6262,12,11,1.4202,1.9592,0.9335,0.1201,1.2938,0,2,0,0,0,0,1.0694,666.05,165.04,838.27,7373.8,9060.91,0,0.1126,1.6487,0,0
2026-09-09T14:52:01.201276+00:00,lateral_movement_smb_v1,lateral_movement_smb_v1__run_002,lateral_movement,T1021.002,2,1,-0.0,0.9604,0.0731,7826.78,7174.55,0.6447,12,11,1.0459,1.4651,1.2721,0.1645,1.7655,0,0,0,0,0,0,1.0425,652.23,78.06,730.29,8356.66,6960.8,0,0.0404,1.9447,0,0
2026-09-09T14:52:06.201276+00:00,lateral_movement_smb_v1,lateral_movement_smb_v1__run_002,lateral_movement,T1021.002,6,2,1.0,0.9964,0.0166,10130.46,9567.66,0.6751,18,17,1.4654,3.9948,1.1607,0.2855,2.017,1,3,0,0,0,0,1.044,562.8,189.63,918.91,10724.86,7935.87,0,0.0584,1.2975,0,0
2026-09-09T14:52:11.201276+00:00,lateral_movement_smb_v1,lateral_movement_smb_v1__run_002,lateral_movement,T1021.002,6,2,0.9183,0.9793,0.0044,14107.96,11756.63,0.7192,18,15,0.632,1.3059,1.1168,0.3301,2.107,1,2,0,0,1,0,1.1286,783.78,204.52,1035.63,7406.46,10204.68,0,0.0617,1.8234,0,0
2026-09-09T14:52:16.201276+00:00,lateral_movement_smb_v1,lateral_movement_smb_v1__run_002,lateral_movement,T1021.002,6,2,1.0,0.9855,0.0083,61282.27,39152.56,0.6441,72,46,1.5177,2.2988,1.1334,0.1249,1.5082,1,3,0,0,0,0,1.5425,851.14,412.85,1379.8,8051.69,7697.12,0,0.1119,0.5093,0,0
2026-09-09T14:52:21.201276+00:00,lateral_movement_smb_v1,lateral_movement_smb_v1__run_002,lateral_movement,T1021.002,8,2,1.0,1.0,0.0253,25977.31,25165.52,0.6747,32,31,1.1091,2.8275,1.0323,0.1314,1.4265,1,4,0,0,1,0,1.0021,811.79,302.53,1511.48,8008.13,8241.02,0,0.0251,0.6123,0,0
2026-09-09T14:52:26.201276+00:00,lateral_movement_smb_v1,lateral_movement_smb_v1__run_002,lateral_movement,T1021.002,3,2,0.9183,0.973,0.0338,21312.96,15223.54,0.6574,21,15,1.3529,2.9751,0.8254,0.2129,1.4641,0,1,0,0,0,0,1.3786,1014.9,227.61,1291.15,8651.19,8079.95,0,0.0922,2.04,0,0
2026-09-09T14:52:31.201276+00:00,lateral_movement_smb_v1,lateral_movement_smb_v1__run_002,lateral_movement,T1021.002,6,2,0.9183,0.9958,0.0,29094.77,28124.94,0.6532,30,29,1.0837,1.5776,1.1034,0.3,2.0034,1,2,0,0,0,0,1.0016,969.83,243.84,1232.72,7283.17,8086.41,0,0.0993,1.1152,0,0
2026-09-09T14:52:36.201276+00:00,lateral_movement_smb_v1,lateral_movement_smb_v1__run_002,lateral_movement,T1021.002,4,2,0.8113,1.0,0.0,41334.55,33297.27,0.6773,36,29,1.3611,2.7591,1.2671,0.3312,2.2606,0,1,0,0,0,0,1.2124,1148.18,111.27,1260.78,6826.39,9427.94,0,0.104,0.1801,0,0
2026-09-09T14:52:41.201276+00:00,lateral_movement_smb_v1,lateral_movement_smb_v1__run_002,lateral_movement,T1021.002,5,2,0.971,0.957,0.0423,49397.06,46433.24,0.6681,50,47,0.53,0.9278,0.9431,0.1833,1.4931,1,2,0,0,0,0,1.051,987.94,153.43,1163.6,6558.08,9457.84,0,0.0897,1.8398,0,0
2026-09-09T14:52:46.201276+00:00,lateral_movement_smb_v1,lateral_movement_smb_v1__run_002,lateral_movement,T1021.002,4,2,0.8113,0.9787,0.0139,25358.32,31697.9,0.6147,32,40,1.4579,2.402,0.9075,0.1811,1.451,0,1,0,0,0,0,0.7892,792.45,279.85,1195.1,7040.65,7093.83,0,0.0907,0.6362,0,0
2026-09-09T14:52:51.201276+00:00,lateral_movement_smb_v1,lateral_movement_smb_v1__run_002,lateral_movement,T1021.002,4,1,-0.0,1.0,0.0,21892.32,16419.24,0.6941,24,18,1.1054,3.0269,0.9717,0.1668,1.4721,0,2,0,0,0,0,1.3187,912.18,125.1,1110.68,8247.3,7327.37,0,0.0626,1.5342,0,0
2026-09-09T14:52:56.201276+00:00,lateral_movement_smb_v1,lateral_movement_smb_v1__run_002,lateral_movement,T1021.002,3,2,0.9183,0.9636,0.0419,14325.32,11141.92,0.6013,18,14,1.295,2.8712,1.1497,0.2785,1.9854,0,1,0,0,0,0,1.2572,795.85,217.54,1091.67,9636.09,7352.02,0,0.0999,0.9194,0,0
2026-09-09T14:53:01.201276+00:00,lateral_movement_smb_v1,lateral_movement_smb_v1__run_002,lateral_movement,T1021.002,4,2,1.0,1.0,0.0,24193.89,13105.02,0.5551,24,13,0.7644,1.9371,1.2077,0.1665,1.7072,0,1,0,0,0,0,1.7528,1008.08,194.16,1170.0,8504.35,7834.29,0,0.022,1.3161,0,0
2026-09-09T14:53:06.201276+00:00,lateral_movement_smb_v1,lateral_movement_smb_v1__run_002,lateral_movement,T1021.002,2,2,1.0,1.0,0.0,9281.71,9944.69,0.6252,14,15,0.6949,0.8816,1.0288,0.2776,1.8617,0,0,0,0,0,0,0.9056,662.98,200.39,863.37,6487.66,6909.54,0,0.0858,1.3033,0,0
2026-09-09T14:53:11.201276+00:00,lateral_movement_smb_v1,lateral_movement_smb_v1__run_002,lateral_movement,T1021.002,5,2,0.971,0.9977,0.0,49243.89,39395.11,0.6919,60,48,1.3821,3.1876,0.9744,0.2898,1.8437,0,2,0,0,0,0,1.2341,820.73,296.62,1384.92,8077.31,7075.6,0,0.0735,0.7993,0,0
2026-09-09T14:53:16.201276+00:00,lateral_movement_smb_v1,lateral_movement_smb_v1__run_002,lateral_movement,T1021.002,2,2,1.0,1.0,0.0,10302.17,7726.62,0.5783,16,12,1.2376,3.2458,0.8146,0.1212,1.1782,0,0,0,0,0,0,1.2993,643.89,49.46,693.35,7893.33,8227.24,0,0.0905,0.3063,0,0
2026-09-09T14:53:21.201276+00:00,lateral_movement_smb_v1,lateral_movement_smb_v1__run_002,lateral_movement,T1021.002,4,2,1.0,0.9922,0.0,20010.46,21678.0,0.5919,24,26,0.5775,1.413,0.8913,0.1828,1.4398,0,2,0,0,0,0,0.9062,833.77,271.51,1226.25,9415.64,8810.02,0,0.0722,1.242,0,0
2026-09-09T14:53:26.201276+00:00,lateral_movement_smb_v1,lateral_movement_smb_v1__run_002,lateral_movement,T1021.002,5,2,0.7219,1.0,0.0245,15464.79,13609.02,0.7113,25,22,1.1779,2.135,1.0414,0.1834,1.5916,1,2,0,0,0,0,1.1277,618.59,167.24,912.9,8705.34,6589.4,0,0.0,1.8987,0,0
2026-09-09T14:53:31.201276+00:00,lateral_movement_smb_v1,lateral_movement_smb_v1__run_002,lateral_movement,T1021.002,4,2,1.0,1.0,0.0,14544.62,11817.51,0.7079,16,13,0.4809,1.1201,0.9029,0.2417,1.6279,0,1,0,0,0,0,1.21,909.04,123.64,1070.61,8126.76,8162.81,0,0.0926,1.5445,0,0
2026-09-09T14:53:36.201276+00:00,lateral_movement_smb_v1,lateral_movement_smb_v1__run_002,lateral_movement,T1021.002,4,2,1.0,0.9905,0.0261,20695.92,13797.28,0.6617,24,16,1.1936,2.8559,1.2264,0.3489,2.2731,0,2,0,0,0,0,1.4384,862.33,305.01,1217.57,7292.13,10087.32,0,0.0597,1.5792,0,0
2026-09-09T14:53:41.201276+00:00,lateral_movement_smb_v1,lateral_movement_smb_v1__run_002,lateral_movement,T1021.002,15,2,0.9968,1.0,0.0,47275.42,40972.03,0.7343,45,39,0.9226,2.5558,0.9102,0.1845,1.4636,3,7,1,0,2,0,1.1315,1050.56,348.25,1722.99,8733.15,7335.08,1,0.1298,1.0735,0,0
2026-09-09T14:53:46.201276+00:00,lateral_movement_smb_v1,lateral_movement_smb_v1__run_002,lateral_movement,T1021.002,3,1,-0.0,0.992,0.0224,34180.07,36078.96,0.6826,36,38,0.5813,1.3144,0.9667,0.1123,1.3034,0,1,0,0,0,0,0.9406,949.45,121.67,1058.23,8366.07,7367.08,0,0.0764,1.237,0,0
2026-09-09T14:53:51.201276+00:00,lateral_movement_smb_v1,lateral_movement_smb_v1__run_002,lateral_movement,T1021.002,4,2,1.0,1.0,0.0078,32449.47,31290.56,0.6751,28,27,0.7292,1.9767,1.0853,0.1135,1.4258,0,2,0,0,0,0,1.0357,1158.91,79.87,1294.88,7762.7,8234.91,0,0.1259,1.6991,0,0
2026-09-09T14:53:56.201276+00:00,lateral_movement_smb_v1,lateral_movement_smb_v1__run_002,lateral_movement,T1021.002,7,2,0.5917,1.0,0.0,43832.18,27134.21,0.7706,42,26,1.4407,2.2109,0.8646,0.095,1.1497,1,3,0,0,1,0,1.6102,1043.62,187.37,1385.38,8642.35,8571.28,0,0.0822,0.6906,0,0
2026-09-09T14:54:01.201276+00:00,lateral_movement_smb_v1,lateral_movement_smb_v1__run_002,lateral_movement,T1021.002,1,1,-0.0,1.0,0.0,4855.39,3236.92,0.5556,6,4,1.4223,3.5892,0.8718,0.155,1.3369,0,0,0,0,0,0,1.4912,809.23,0.0,809.23,7419.26,8396.93,0,0.0,0.0,0,0
2026-09-09T14:54:06.201276+00:00,lateral_movement_smb_v1,lateral_movement_smb_v1__run_002,lateral_movement,T1021.002,0,0,0.0,0.9431,0.0553,0.0,0.0,0.7096,0,0,0.8568,1.133,0.8074,0.1297,1.1966,0,0,0,0,0,0,1.3552,790.43,0.0,790.43,8904.37,6996.51,0,0.0211,0.8778,0,0
2026-09-09T14:54:11.201276+00:00,lateral_movement_smb_v1,lateral_movement_smb_v1__run_002,lateral_movement,T1021.002,3,1,-0.0,0.9984,0.0034,16354.55,13239.4,0.5864,21,17,0.6067,1.1605,1.0146,0.1134,1.3548,0,1,0,0,0,0,1.2186,778.79,211.9,1065.86,8510.76,7819.6,0,0.1128,0.964,0,0
2026-09-09T14:54:16.201276+00:00,lateral_movement_smb_v1,lateral_movement_smb_v1__run_002,lateral_movement,T1021.002,4,1,-0.0,1.0,0.0,19935.11,34886.45,0.6177,20,35,0.9946,2.7296,1.0491,0.2206,1.7109,0,2,0,0,0,0,0.5669,996.76,242.53,1284.69,8485.5,4795.0,0,0.0,1.1938,0,0
2026-09-09T14:54:21.201276+00:00,lateral_movement_smb_v1,lateral_movement_smb_v1__run_002,lateral_movement,T1021.002,3,2,0.9183,0.9499,0.0672,8447.24,4692.91,0.6811,9,5,1.2187,1.8733,1.2836,0.164,1.7756,0,1,0,0,0,0,1.6603,938.58,47.31,975.79,9043.5,7379.37,0,0.0435,0.531,0,0
2026-09-09T14:54:26.201276+00:00,lateral_movement_smb_v1,lateral_movement_smb_v1__run_002,lateral_movement,T1021.002,5,2,0.971,0.9886,0.0175,23209.98,22436.32,0.6747,30,29,1.2964,3.5771,1.2257,0.3676,2.3284,1,2,0,0,0,0,1.0277,773.67,329.31,1277.09,10782.94,7891.86,0,0.1365,0.0,0,0
2026-09-09T14:54:31.201276+00:00,lateral_movement_smb_v1,lateral_movement_smb_v1__run_002,lateral_movement,T1021.002,12,2,0.9799,1.0,0.0024,35523.56,26642.67,0.6731,36,27,0.7344,1.9878,0.9581,0.2518,1.7134,2,5,0,0,1,0,1.312,986.77,224.51,1468.26,7544.77,8623.93,0,0.0875,1.1581,0,0
2026-09-09T14:54:36.201276+00:00,lateral_movement_smb_v1,lateral_movement_smb_v1__run_002,lateral_movement,T1021.002,5,2,0.971,0.9339,0.0939,44544.14,30685.96,0.6328,45,31,1.1339,2.6872,0.9002,0.1892,1.4676,1,2,0,0,0,0,1.4215,989.87,237.03,1332.25,10367.83,9409.84,0,0.0627,0.3616,0,1
2026-09-09T14:54:41.201276+00:00,lateral_movement_smb_v1,lateral_movement_smb_v1__run_002,lateral_movement,T1021.002,4,2,0.8113,1.0,0.006,28089.92,23408.27,0.6488,24,20,0.5664,0.9885,0.7745,0.1091,1.1018,0,2,0,0,0,0,1.1569,1170.41,340.01,1400.31,8003.32,7740.76,0,0.0822,0.6753,0,0
2026-09-09T14:54:46.201276+00:00,lateral_movement_smb_v1,lateral_movement_smb_v1__run_002,lateral_movement,T1021.002,5,2,0.971,0.9832,0.0531,50320.11,50320.11,0.6513,65,65,0.6334,1.3423,0.9968,0.2923,1.8738,1,2,0,0,0,0,0.9894,774.16,251.55,1254.47,7897.87,7623.42,0,0.0842,1.2224,0,0
2026-09-09T14:54:51.201276+00:00,lateral_movement_smb_v1,lateral_movement_smb_v1__run_002,lateral_movement,T1021.002,3,2,0.9183,1.0,0.0084,21221.78,23579.75,0.6197,27,30,1.3469,1.7258,1.0353,0.2772,1.8668,0,1,0,0,0,0,0.8723,785.99,239.89,984.5,6313.25,10158.44,0,0.0843,0.2398,0,0
2026-09-09T14:54:56.201276+00:00,lateral_movement_smb_v1,lateral_movement_smb_v1__run_002,lateral_movement,T1021.002,5,2,0.971,1.0,0.0,15463.63,10824.54,0.6524,20,14,1.3682,2.1826,1.1504,0.1989,1.7471,1,2,0,0,0,0,1.3361,773.18,167.03,1054.23,7618.21,7485.53,0,0.1336,0.4579,0,0
2026-09-09T14:55:01.201276+00:00,lateral_movement_smb_v1,lateral_movement_smb_v1__run_002,lateral_movement,T1021.002,2,2,1.0,0.9798,0.028,4739.42,5924.28,0.6568,4,5,1.6038,3.437,1.3242,0.1905,1.8956,0,1,0,0,0,0,0.7264,1184.86,43.75,1228.61,8843.08,8579.89,0,0.1221,0.5821,0,0
2026-09-09T14:55:06.201276+00:00,lateral_movement_smb_v1,lateral_movement_smb_v1__run_002,lateral_movement,T1021.002,4,2,0.8113,0.9689,0.0054,20186.52,17158.54,0.6543,20,17,0.7781,1.2505,1.0732,0.2726,1.891,0,2,0,0,0,0,1.142,1009.33,353.88,1384.42,7186.78,9203.74,0,0.1256,1.1956,0,0
2026-09-09T14:55:11.201276+00:00,lateral_movement_smb_v1,lateral_movement_smb_v1__run_002,lateral_movement,T1021.002,4,2,0.8113,0.9493,0.0411,26248.41,27706.66,0.7209,36,38,1.0806,1.4326,0.8441,0.2299,1.5339,0,1,0,0,0,0,0.9317,729.12,108.17,851.85,8660.46,8571.26,0,0.0952,0.6813,0,0
2026-09-09T14:55:16.201276+00:00,lateral_movement_smb_v1,lateral_movement_smb_v1__run_002,lateral_movement,T1021.002,7,2,0.8631,1.0,0.0141,27162.93,12611.36,0.6408,28,13,0.5634,1.342,0.6334,0.1768,1.1637,1,3,0,0,1,0,2.0394,970.1,173.63,1233.3,7736.76,8215.62,0,0.1142,0.9178,0,0
2026-09-09T14:55:21.201276+00:00,lateral_movement_smb_v1,lateral_movement_smb_v1__run_002,lateral_movement,T1021.002,3,2,0.9183,0.9329,0.0739,12672.23,12672.23,0.7115,12,12,0.9044,2.1762,0.9678,0.2459,1.7054,0,1,0,0,0,0,0.9578,1056.02,284.31,1368.95,9590.26,7659.59,0,0.0732,1.5113,0,0
2026-09-09T14:55:26.201276+00:00,lateral_movement_smb_v1,lateral_movement_smb_v1__run_002,lateral_movement,T1021.002,4,1,-0.0,1.0,0.0,17573.04,14058.43,0.669,20,16,1.0224,2.0653,0.8735,0.1475,1.3159,0,1,0,0,0,0,1.2031,878.65,89.6,969.95,10806.7,6105.41,0,0.0883,0.7207,0,0
2026-09-09T14:55:31.201276+00:00,lateral_movement_smb_v1,lateral_movement_smb_v1__run_002,lateral_movement,T1021.002,6,2,1.0,0.9841,0.0206,23166.46,13513.77,0.6349,24,14,0.7259,2.1077,0.9911,0.2876,1.854,1,3,0,0,0,0,1.6145,965.27,242.68,1262.67,9489.41,7585.16,0,0.1112,1.2625,0,0
2026-09-09T14:55:36.201276+00:00,lateral_movement_smb_v1,lateral_movement_smb_v1__run_002,lateral_movement,T1021.002,5,2,0.971,0.9852,0.0085,19359.16,13164.23,0.6372,25,17,0.7594,2.1484,0.7333,0.1744,1.2566,1,2,0,0,0,0,1.395,774.37,173.92,1091.29,8721.58,9414.63,0,0.0982,0.909,0,0
2026-09-09T14:55:41.201276+00:00,lateral_movement_smb_v1,lateral_movement_smb_v1__run_002,lateral_movement,T1021.002,6,2,0.9183,1.0,0.0249,27917.86,34564.97,0.693,42,52,0.9516,2.6228,1.2081,0.1233,1.5779,1,3,0,0,1,0,0.8011,664.71,108.18,796.01,6643.76,7116.87,0,0.0672,1.0134,0,0
2026-09-09T14:55:46.201276+00:00,lateral_movement_smb_v1,lateral_movement_smb_v1__run_002,lateral_movement,T1021.002,7,2,0.9852,0.9909,0.0,54507.99,44774.42,0.5999,56,46,1.025,2.9852,0.9864,0.2663,1.7853,1,3,0,0,1,0,1.2111,973.36,457.23,2014.23,9229.37,6967.2,0,0.109,0.0,0,0
2026-09-09T14:55:51.201276+00:00,lateral_movement_smb_v1,lateral_movement_smb_v1__run_002,lateral_movement,T1021.002,4,2,1.0,0.9953,0.0,27790.61,30106.49,0.6597,36,39,1.2698,1.6447,1.1885,0.3415,2.213,0,2,0,0,0,0,0.9161,771.96,173.6,935.48,8894.63,8811.55,0,0.1055,0.1219,0,0
2026-09-09T14:55:56.201276+00:00,lateral_movement_smb_v1,lateral_movement_smb_v1__run_002,lateral_movement,T1021.002,7,2,0.8631,1.0,0.0,24267.3,27734.06,0.6156,28,32,0.6821,1.7638,0.8291,0.144,1.2612,1,3,0,0,0,0,0.8491,866.69,173.89,1116.48,7760.81,8818.4,0,0.1014,1.2946,0,0
2026-09-09T14:56:01.201276+00:00,lateral_movement_smb_v1,lateral_movement_smb_v1__run_002,lateral_movement,T1021.002,4,2,0.8113,0.9849,0.0144,21161.52,17987.29,0.6129,20,17,0.7009,1.2648,1.234,0.3664,2.3331,0,2,0,0,0,0,1.1643,1058.08,389.61,1625.16,8443.12,9749.14,0,0.0065,0.9033,0,0
2026-09-09T14:56:06.201276+00:00,lateral_movement_smb_v1,lateral_movement_smb_v1__run_002,lateral_movement,T1021.002,6,2,1.0,1.0,0.0,27327.75,24725.11,0.6306,42,38,0.926,2.5578,1.2527,0.2566,2.0224,1,3,0,0,0,0,1.1014,650.66,95.62,848.74,8669.85,6998.84,0,0.0943,2.4681,0,0
2026-09-09T14:56:11.201276+00:00,lateral_movement_smb_v1,lateral_movement_smb_v1__run_002,lateral_movement,T1021.002,2,2,1.0,0.9972,0.0,4832.41,2416.2,0.7221,6,3,1.3276,1.9293,1.0437,0.3098,1.9732,0,0,0,0,0,0,1.8455,805.4,190.72,996.12,9617.93,7999.57,0,0.0546,0.7671,0,0
2026-09-09T14:56:16.201276+00:00,lateral_movement_smb_v1,lateral_movement_smb_v1__run_002,lateral_movement,T1021.002,3,2,0.9183,0.9891,0.0161,7635.01,9331.68,0.6788,9,11,0.9874,2.4537,1.2009,0.1584,1.6762,0,1,0,0,0,0,0.8119,848.33,292.44,1202.83,7845.81,8143.89,0,0.0929,0.8575,0,0
2026-09-09T14:56:21.201276+00:00,lateral_movement_smb_v1,lateral_movement_smb_v1__run_002,lateral_movement,T1021.002,11,2,0.994,1.0,0.0007,44330.17,33046.12,0.66,55,41,0.9859,2.8421,1.0125,0.1073,1.3343,2,5,0,0,1,0,1.3328,806.0,283.86,1356.7,10160.84,9353.93,0,0.1121,1.1531,0,0
2026-09-09T14:56:26.201276+00:00,lateral_movement_smb_v1,lateral_movement_smb_v1__run_002,lateral_movement,T1021.002,7,2,0.9852,1.0,0.0345,32331.23,20322.49,0.7238,35,22,0.7274,1.9416,0.8257,0.1993,1.4235,1,3,0,0,1,0,1.5746,923.75,264.22,1408.6,8619.64,6301.62,0,0.0984,1.3883,0,0
2026-09-09T14:56:31.201276+00:00,lateral_movement_smb_v1,lateral_movement_smb_v1__run_002,lateral_movement,T1021.002,2,1,-0.0,0.9202,0.1149,5055.67,3370.45,0.6763,6,4,1.5367,2.2685,1.1411,0.3195,2.0996,0,1,0,0,0,0,1.4005,842.61,41.64,884.25,8165.74,7168.24,0,0.0194,1.0488,0,0
2026-09-09T14:56:36.201276+00:00,lateral_movement_smb_v1,lateral_movement_smb_v1__run_002,lateral_movement,T1021.002,4,2,0.8113,0.9834,0.0,30688.09,22163.62,0.6655,36,26,1.5212,4.4192,0.9788,0.2843,1.8318,0,1,0,0,0,0,1.342,852.45,234.54,1103.68,9182.98,8103.97,0,0.0935,0.0035,0,0
2026-09-09T14:56:41.201276+00:00,lateral_movement_smb_v1,lateral_movement_smb_v1__run_002,lateral_movement,T1021.002,6,2,0.9183,0.9695,0.0169,5415.33,3610.22,0.5685,6,4,1.0221,2.7861,0.8122,0.1476,1.2551,1,2,0,0,1,0,1.3834,902.55,280.14,1366.37,7156.43,9421.03,0,0.0272,1.0913,0,0
2026-09-09T14:56:46.201276+00:00,lateral_movement_smb_v1,lateral_movement_smb_v1__run_002,lateral_movement,T1021.002,8,2,1.0,0.9968,0.0,38224.17,32490.54,0.6215,40,34,0.839,1.0914,0.9409,0.2052,1.5566,1,4,0,0,0,0,1.1549,955.6,167.5,1237.04,7553.4,9295.64,0,0.0827,2.0471,0,0
2026-09-09T14:56:51.201276+00:00,lateral_movement_smb_v1,lateral_movement_smb_v1__run_002,lateral_movement,T1021.002,6,2,0.9183,1.0,0.0,47827.64,29228.0,0.6363,54,33,0.9372,2.686,1.0298,0.2896,1.8986,1,3,0,0,1,0,1.6061,885.7,209.43,1138.85,7633.68,8923.62,0,0.0932,1.3101,0,0
2026-09-09T14:56:56.201276+00:00,lateral_movement_smb_v1,lateral_movement_smb_v1__run_002,lateral_movement,T1021.002,6,2,0.9183,0.9423,0.0736,55292.09,30717.83,0.6258,54,30,0.6197,0.9396,0.9915,0.2705,1.803,1,2,0,0,0,0,1.7567,1023.93,330.5,1422.39,7885.68,6675.09,0,0.0886,0.4593,0,0
2026-09-09T14:57:01.201276+00:00,lateral_movement_smb_v1,lateral_movement_smb_v1__run_002,lateral_movement,T1021.002,4,2,0.8113,0.942,0.0218,15158.3,13263.51,0.7064,16,14,0.6449,1.754,1.0313,0.2073,1.653,0,2,0,0,0,0,1.103,947.39,239.81,1343.05,8995.99,8867.6,0,0.0704,1.4886,0,1
2026-09-09T14:57:06.201276+00:00,lateral_movement_smb_v1,lateral_movement_smb_v1__run_002,lateral_movement,T1021.002,6,2,0.9183,1.0,0.0105,29775.23,19850.15,0.6526,30,20,1.3907,3.2583,1.2678,0.212,1.9037,1,3,0,0,0,0,1.4916,992.51,212.09,1287.04,8755.52,6344.89,0,0.0778,0.8984,0,0
2026-09-09T14:57:11.201276+00:00,lateral_movement_smb_v1,lateral_movement_smb_v1__run_002,lateral_movement,T1021.002,3,1,-0.0,1.0,0.0229,29895.59,20760.82,0.6209,36,25,0.7908,2.2658,0.7553,0.2119,1.3909,0,1,0,0,0,0,1.4177,830.43,117.3,951.8,4826.55,8388.79,0,0.0226,0.9209,0,0
2026-09-09T14:57:16.201276+00:00,lateral_movement_smb_v1,lateral_movement_smb_v1__run_002,lateral_movement,T1021.002,6,2,0.65,1.0,0.0289,10457.96,6971.97,0.7176,12,8,1.5216,2.812,1.0925,0.1569,1.5632,1,2,0,0,0,0,1.3763,871.5,214.28,1209.14,8199.24,6760.1,0,0.0866,1.4679,0,0
2026-09-09T14:57:21.201276+00:00,lateral_movement_smb_v1,lateral_movement_smb_v1__run_002,lateral_movement,T1021.002,6,2,1.0,0.9903,0.0189,35551.66,43452.03,0.679,36,44,1.3343,2.7234,1.0226,0.1945,1.6061,1,2,0,0,0,0,0.8032,987.55,469.63,1985.86,8811.58,8174.06,0,0.137,0.1132,0,0
2026-09-09T14:57:26.201276+00:00,lateral_movement_smb_v1,lateral_movement_smb_v1__run_002,lateral_movement,T1021.002,4,2,0.8113,0.9866,0.0049,18629.38,19405.6,0.6473,24,25,1.0339,1.5558,0.8123,0.0928,1.0907,0,2,0,0,0,0,0.9579,776.22,159.74,998.33,8484.48,8143.43,0,0.0956,0.0296,0,1
2026-09-09T14:57:31.201276+00:00,lateral_movement_smb_v1,lateral_movement_smb_v1__run_002,lateral_movement,T1021.002,7,2,0.8631,0.9846,0.0018,79901.04,47733.09,0.6735,77,46,1.0623,2.8194,1.2582,0.2819,2.1039,1,3,0,0,1,0,1.6425,1037.68,401.21,1851.53,8851.98,8064.54,0,0.1726,1.4956,0,0
2026-09-09T14:57:36.201276+00:00,lateral_movement_smb_v1,lateral_movement_smb_v1__run_002,lateral_movement,T1021.002,5,2,0.971,0.99,0.0368,21452.31,39472.26,0.5642,25,46,1.0539,2.5558,1.3044,0.205,1.9194,1,2,0,0,0,0,0.5426,858.09,226.64,1202.54,9647.41,7706.38,0,0.063,1.0446,0,0
2026-09-09T14:57:41.201276+00:00,lateral_movement_smb_v1,lateral_movement_smb_v1__run_002,lateral_movement,T1021.002,6,2,0.9183,0.9902,0.0003,55219.65,50618.01,0.6325,60,55,0.7599,1.8989,0.7669,0.2209,1.4295,1,2,0,0,0,0,1.0889,920.33,265.23,1191.42,7724.07,7441.95,0,0.0999,1.3097,0,0
2026-09-09T14:57:46.201276+00:00,lateral_movement_smb_v1,lateral_movement_smb_v1__run_002,lateral_movement,T1021.002,3,1,-0.0,1.0,0.0105,6199.09,4132.73,0.6617,6,4,1.3913,3.2245,1.1161,0.1892,1.6838,0,1,0,0,0,0,1.4284,1033.18,336.35,1495.34,8693.03,7825.77,0,0.004,0.8361,0,0
2026-09-09T14:57:51.201276+00:00,lateral_movement_smb_v1,lateral_movement_smb_v1__run_002,lateral_movement,T1021.002,3,1,-0.0,1.0,0.0131,9203.91,6135.94,0.6889,9,6,1.3818,3.3961,0.9656,0.2839,1.8172,0,1,0,0,0,0,1.4119,1022.66,154.72,1222.75,9165.07,9056.89,0,0.0607,0.5145,0,0
2026-09-09T14:57:56.201276+00:00,lateral_movement_smb_v1,lateral_movement_smb_v1__run_002,lateral_movement,T1021.002,9,2,0.9911,0.964,0.0291,21342.36,35570.59,0.6385,27,45,0.6448,0.9627,1.0112,0.2332,1.7108,1,4,0,0,1,0,0.5908,790.46,201.05,1265.9,8620.53,8426.37,0,0.086,0.387,0,0
2026-09-09T14:58:01.201276+00:00,lateral_movement_smb_v1,lateral_movement_smb_v1__run_002,lateral_movement,T1021.002,5,2,0.7219,1.0,0.0221,44144.14,40360.36,0.5968,35,32,0.9526,1.3822,1.5259,0.4291,2.8132,1,2,0,0,0,0,1.0864,1261.26,156.52,1564.72,8165.54,7504.32,0,0.1085,0.3853,0,0
2026-09-09T14:58:06.201276+00:00,lateral_movement_smb_v1,lateral_movement_smb_v1__run_002,lateral_movement,T1021.002,2,1,-0.0,0.965,0.0131,8574.36,8574.36,0.6653,10,10,1.1657,3.4891,1.1956,0.2376,1.9082,0,1,0,0,0,0,0.94,857.44,68.41,925.85,9706.64,9809.02,0,0.0103,0.9981,0,0
2026-09-09T14:58:11.201276+00:00,lateral_movement_smb_v1,lateral_movement_smb_v1__run_002,lateral_movement,T1021.002,2,1,-0.0,0.9907,0.0,9752.1,8358.94,0.5822,14,12,1.2749,2.7142,1.0528,0.1976,1.6456,0,0,0,0,0,0,1.0914,696.58,48.15,744.73,9463.13,6148.72,0,0.0196,0.7902,0,0
2026-09-09T14:58:16.201276+00:00,lateral_movement_smb_v1,lateral_movement_smb_v1__run_002,lateral_movement,T1021.002,7,2,0.9852,0.983,0.0191,55093.16,51515.68,0.6176,77,72,0.9583,1.7371,1.1926,0.2474,1.9349,1,3,0,0,0,0,1.0581,715.5,263.52,1309.86,8878.41,9749.2,0,0.0869,1.0763,0,0
2026-09-09T14:58:21.201276+00:00,lateral_movement_smb_v1,lateral_movement_smb_v1__run_002,lateral_movement,T1021.002,8,2,0.9544,0.9798,0.0287,40642.14,31933.11,0.6755,56,44,1.225,2.5667,1.1485,0.3244,2.1218,1,4,0,0,1,0,1.2658,725.75,255.19,1198.67,7085.87,7631.09,0,0.0642,0.8501,0,0
2026-09-09T14:58:26.201276+00:00,lateral_movement_smb_v1,lateral_movement_smb_v1__run_002,lateral_movement,T1021.002,6,2,1.0,1.0,0.0,54607.42,30716.67,0.6918,48,27,1.1313,2.3071,1.1829,0.2976,2.0759,1,3,0,0,0,0,1.7689,1137.65,162.12,1346.92,9191.02,8608.17,0,0.0844,0.0,0,0
2026-09-09T14:58:31.201276+00:00,lateral_movement_smb_v1,lateral_movement_smb_v1__run_002,lateral_movement,T1021.002,5,2,0.971,1.0,0.0041,29631.25,16791.04,0.726,30,17,0.5474,1.0695,0.9476,0.1018,1.253,0,2,0,0,0,0,1.6817,987.71,275.88,1349.05,6933.63,8130.12,0,0.061,1.4484,0,0
2026-09-09T14:58:36.201276+00:00,lateral_movement_smb_v1,lateral_movement_smb_v1__run_002,lateral_movement,T1021.002,6,1,-0.0,1.0,0.0,27899.88,20149.91,0.5714,36,26,0.779,1.5438,1.3431,0.2001,1.9433,1,3,0,0,0,0,1.3433,775.0,218.43,1011.83,7353.09,9340.45,0,0.0836,1.0943,0,0
2026-09-09T14:58:41.201276+00:00,lateral_movement_smb_v1,lateral_movement_smb_v1__run_002,lateral_movement,T1021.002,7,2,0.8631,1.0,0.0,20916.8,16932.65,0.7167,21,17,1.6812,3.6505,1.1447,0.1815,1.6891,1,3,0,0,0,0,1.2193,996.04,435.14,1983.07,5737.03,7844.15,0,0.0776,0.4665,0,0
2026-09-09T14:58:46.201276+00:00,lateral_movement_smb_v1,lateral_movement_smb_v1__run_002,lateral_movement,T1021.002,4,2,0.8113,1.0,0.0,28757.18,33550.04,0.7043,36,42,1.1975,2.4685,0.8918,0.1012,1.1953,0,1,0,0,0,0,0.8546,798.81,313.78,1148.88,7863.01,7700.96,0,0.0755,2.183,0,1
2026-09-09T14:58:51.201276+00:00,lateral_movement_smb_v1,lateral_movement_smb_v1__run_002,lateral_movement,T1021.002,4,2,0.8113,1.0,0.0,26312.51,24433.04,0.5978,28,26,0.9395,1.5207,0.983,0.1112,1.3166,0,2,0,0,0,0,1.0435,939.73,113.69,1071.74,8762.53,7871.72,0,0.0924,0.9534,0,1
2026-09-09T14:58:56.201276+00:00,lateral_movement_smb_v1,lateral_movement_smb_v1__run_002,lateral_movement,T1021.002,8,2,1.0,1.0,0.0,23421.0,17565.75,0.6817,24,18,0.588,1.416,0.8866,0.1287,1.2727,1,3,0,0,1,0,1.284,975.88,417.77,1605.39,7897.05,8866.34,0,0.1258,1.5102,0,0
2026-09-09T14:59:01.201276+00:00,lateral_movement_smb_v1,lateral_movement_smb_v1__run_002,lateral_movement,T1021.002,3,2,0.9183,1.0,0.0,11385.3,15180.4,0.6457,15,20,1.2675,1.87,1.2442,0.2882,2.1088,0,1,0,0,0,0,0.748,759.02,88.71,879.69,5836.45,9107.99,0,0.0919,1.7879,0,0
2026-09-09T14:59:06.201276+00:00,lateral_movement_smb_v1,lateral_movement_smb_v1__run_002,lateral_movement,T1021.002,4,2,0.8113,0.9657,0.0665,18149.45,9074.73,0.6408,20,10,0.6272,1.1605,1.1938,0.3446,2.2275,0,1,0,0,0,0,1.8281,907.47,233.93,1181.81,9878.93,8238.83,0,0.1017,0.749,0,0
2026-09-09T14:59:11.201276+00:00,lateral_movement_smb_v1,lateral_movement_smb_v1__run_002,lateral_movement,T1021.002,7,2,0.9852,0.9912,0.0,60641.63,69304.72,0.6705,70,80,0.8637,2.3952,1.2745,0.3464,2.3138,1,3,0,0,0,0,0.8741,866.31,139.29,1026.3,6610.62,8611.12,0,0.0916,1.423,0,0
2026-09-09T14:59:16.201276+00:00,lateral_movement_smb_v1,lateral_movement_smb_v1__run_002,lateral_movement,T1021.002,4,2,0.8113,1.0,0.0283,3557.79,1778.9,0.7101,4,2,0.9244,1.771,0.7406,0.1408,1.1629,0,1,0,0,0,0,1.8693,889.45,236.56,1170.43,8152.47,9620.85,0,0.086,2.383,0,0
2026-09-09T14:59:21.201276+00:00,lateral_movement_smb_v1,lateral_movement_smb_v1__run_002,lateral_movement,T1021.002,6,2,0.65,1.0,0.0196,28293.45,18862.3,0.619,30,20,1.0292,1.8558,1.0605,0.1758,1.588,1,2,0,0,0,0,1.4444,943.11,329.02,1523.07,6080.43,8003.16,0,0.0855,0.7528,0,0
2026-09-09T14:59:26.201276+00:00,lateral_movement_smb_v1,lateral_movement_smb_v1__run_002,lateral_movement,T1021.002,3,2,0.9183,0.9893,0.0315,22430.17,33229.88,0.5879,27,40,1.4183,3.9079,0.8394,0.2099,1.4692,0,1,0,0,0,0,0.6632,830.75,191.37,1002.59,7260.61,7069.56,0,0.0681,0.8272,0,0
2026-09-09T14:59:31.201276+00:00,lateral_movement_smb_v1,lateral_movement_smb_v1__run_002,lateral_movement,T1021.002,2,1,-0.0,1.0,0.0096,3675.72,3063.1,0.642,6,5,1.1892,2.203,1.0847,0.1396,1.5034,0,1,0,0,0,0,1.1829,612.62,2.64,615.26,6904.85,9586.06,0,0.0617,1.0498,0,0
2026-09-09T14:59:36.201276+00:00,lateral_movement_smb_v1,lateral_movement_smb_v1__run_002,lateral_movement,T1021.002,10,2,0.971,0.968,0.0568,98624.91,52898.81,0.7556,110,59,0.668,1.0632,0.7602,0.1218,1.1254,2,5,0,0,1,0,1.8596,896.59,321.01,1614.21,9374.34,7864.56,0,0.1028,1.1246,0,0
2026-09-09T14:59:41.201276+00:00,lateral_movement_smb_v1,lateral_movement_smb_v1__run_002,lateral_movement,T1021.002,5,2,0.971,1.0,0.0222,16715.11,11700.58,0.6857,20,14,0.9936,2.4403,1.1628,0.324,2.1348,1,2,0,0,0,0,1.377,835.76,188.14,1081.53,7775.58,8926.09,0,0.0567,1.302,0,0
2026-09-09T14:59:46.201276+00:00,lateral_movement_smb_v1,lateral_movement_smb_v1__run_002,lateral_movement,T1021.002,4,2,0.8113,1.0,0.0,25641.87,16484.06,0.6888,28,18,0.8732,1.6184,1.1704,0.177,1.7015,0,1,0,0,0,0,1.5028,915.78,157.61,1099.55,7273.46,7751.93,0,0.1309,0.473,0,0
2026-09-09T14:59:51.201276+00:00,lateral_movement_smb_v1,lateral_movement_smb_v1__run_002,lateral_movement,T1021.002,9,2,0.9911,0.9741,0.0112,41225.34,29315.79,0.6487,45,32,0.916,2.2145,0.9255,0.2627,1.7135,1,4,0,0,1,0,1.3641,916.12,191.67,1200.89,6769.18,8886.81,0,0.0813,0.7966,0,0
2026-09-09T14:59:56.201276+00:00,lateral_movement_smb_v1,lateral_movement_smb_v1__run_002,lateral_movement,T1021.002,2,1,-0.0,0.9902,0.0183,13032.17,7330.6,0.6566,16,9,0.8678,1.3967,1.2842,0.1631,1.7733,0,0,0,0,0,0,1.6396,814.51,37.02,851.53,8694.78,6764.25,0,0.0491,1.3419,0,0
2026-09-09T15:00:01.201276+00:00,lateral_movement_smb_v1,lateral_movement_smb_v1__run_002,lateral_movement,T1021.002,3,1,-0.0,1.0,0.0,14077.84,15954.89,0.6594,15,17,1.0821,1.3813,0.9834,0.1169,1.3342,0,1,0,0,0,0,0.8395,938.52,221.57,1176.47,7090.45,8588.87,0,0.0321,1.2752,0,0
2026-09-09T15:00:06.201276+00:00,lateral_movement_smb_v1,lateral_movement_smb_v1__run_002,lateral_movement,T1021.002,6,2,1.0,0.9929,0.0485,47869.53,41885.84,0.639,48,42,0.7046,0.9353,1.1517,0.2302,1.8422,1,3,0,0,0,0,1.1378,997.28,244.87,1430.15,6024.77,8104.16,0,0.1348,0.355,1,0
2026-09-09T15:00:11.201276+00:00,lateral_movement_smb_v1,lateral_movement_smb_v1__run_002,lateral_movement,T1021.002,5,2,0.971,1.0,0.0,14408.25,8644.95,0.6409,15,9,1.1033,1.5861,1.2787,0.3217,2.244,0,2,0,0,0,0,1.5836,960.55,207.46,1342.61,9925.46,8991.72,0,0.1462,1.11,0,0
2026-09-09T15:00:16.201276+00:00,lateral_movement_smb_v1,lateral_movement_smb_v1__run_002,lateral_movement,T1021.002,8,2,1.0,0.9804,0.032,47376.14,29610.09,0.5827,48,30,0.9087,1.2635,0.7047,0.1747,1.2289,1,4,0,0,0,0,1.5698,987.0,462.86,1901.66,7852.17,10309.7,0,0.0755,1.3833,0,2
2026-09-09T15:00:21.201276+00:00,lateral_movement_smb_v1,lateral_movement_smb_v1__run_002,lateral_movement,T1021.002,3,2,0.9183,0.9637,0.0338,6886.02,3060.45,0.7219,9,4,1.1194,2.7625,1.2506,0.2696,2.0593,0,1,0,0,0,0,1.8723,765.11,51.84,824.97,9610.84,9269.63,0,0.1655,0.8433,0,0
2026-09-09T15:00:26.201276+00:00,lateral_movement_smb_v1,lateral_movement_smb_v1__run_002,lateral_movement,T1021.002,5,2,0.971,1.0,0.0,47201.74,46343.53,0.7704,55,54,0.6597,1.588,1.0278,0.1457,1.465,1,2,0,0,0,0,1.0118,858.21,177.04,1173.74,7824.57,7090.64,0,0.0632,0.5517,0,0
2026-09-09T15:00:31.201276+00:00,lateral_movement_smb_v1,lateral_movement_smb_v1__run_002,lateral_movement,T1021.002,7,2,0.8631,0.9813,0.015,53459.97,68734.25,0.7319,56,72,0.8733,2.6038,0.7789,0.1968,1.3693,1,3,0,0,1,0,0.7758,954.64,291.08,1493.59,11290.33,6187.5,0,0.0639,0.7778,0,0
2026-09-09T15:00:36.201276+00:00,lateral_movement_smb_v1,lateral_movement_smb_v1__run_002,lateral_movement,T1021.002,10,2,0.8813,1.0,0.0374,110349.25,74697.96,0.6285,130,88,0.6137,0.9677,0.8685,0.2368,1.5787,1,4,1,0,1,0,1.4637,848.84,341.8,1420.79,9024.75,8490.56,0,0.0503,1.441,0,1
2026-09-09T15:00:41.201276+00:00,lateral_movement_smb_v1,lateral_movement_smb_v1__run_002,lateral_movement,T1021.002,5,2,0.971,1.0,0.0039,44259.32,42046.35,0.6097,40,38,0.5639,1.2676,0.7722,0.1002,1.0728,0,2,0,0,0,0,1.047,1106.48,359.11,1725.63,7067.81,8061.67,0,0.0642,1.5753,0,0
2026-09-09T15:00:46.201276+00:00,lateral_movement_smb_v1,lateral_movement_smb_v1__run_002,lateral_movement,T1021.002,8,2,1.0,0.9493,0.07,44607.74,30110.22,0.6587,40,27,0.5072,1.4027,0.7684,0.1388,1.1847,1,3,0,0,0,0,1.4344,1115.19,537.67,2393.23,9738.57,7414.87,0,0.0929,0.3381,0,0
2026-09-09T15:00:51.201276+00:00,lateral_movement_smb_v1,lateral_movement_smb_v1__run_002,lateral_movement,T1021.002,4,2,1.0,0.9676,0.0251,24136.82,12822.69,0.6342,32,17,0.8489,2.3594,1.0143,0.1076,1.3369,0,2,0,0,0,0,1.8523,754.28,149.37,987.33,9435.44,9375.56,0,0.1269,1.2438,0,0
2026-09-09T15:00:56.201276+00:00,lateral_movement_smb_v1,lateral_movement_smb_v1__run_002,lateral_movement,T1021.002,5,2,0.971,0.9632,0.0058,13875.12,18500.16,0.6899,15,20,1.6724,3.211,0.889,0.2153,1.5349,0,2,0,0,0,0,0.7359,925.01,219.18,1120.05,9743.1,8364.41,0,0.1111,1.1849,0,0
2026-09-09T15:01:01.201276+00:00,lateral_movement_smb_v1,lateral_movement_smb_v1__run_002,lateral_movement,T1021.002,5,2,0.7219,1.0,0.0427,39693.03,29769.78,0.6892,40,30,1.5061,3.89,1.0987,0.2628,1.8871,1,2,0,0,0,0,1.3213,992.33,422.07,1784.61,8958.09,8087.99,0,0.0993,1.2062,0,0
2026-09-09T15:01:06.201276+00:00,lateral_movement_smb_v1,lateral_movement_smb_v1__run_002,lateral_movement,T1021.002,2,1,-0.0,1.0,0.0306,13588.82,9706.3,0.6665,14,10,1.11,2.2092,1.1063,0.301,2.0094,0,1,0,0,0,0,1.3882,970.63,1.44,972.07,7376.87,8803.34,0,0.0807,0.9063,0,0
2026-09-09T15:01:11.201276+00:00,lateral_movement_smb_v1,lateral_movement_smb_v1__run_002,lateral_movement,T1021.002,8,2,0.8113,1.0,0.014,45489.95,25181.94,0.6677,56,31,1.3412,3.7514,1.0112,0.1731,1.5304,1,3,0,0,1,0,1.8064,812.32,238.88,1264.9,9007.12,8767.88,0,0.0927,1.4908,0,0
2026-09-09T15:01:16.201276+00:00,lateral_movement_smb_v1,lateral_movement_smb_v1__run_002,lateral_movement,T1021.002,5,2,0.7219,0.913,0.0836,22460.28,13476.17,0.6564,30,18,0.8174,1.2414,0.9743,0.2827,1.8223,1,2,0,0,0,0,1.5951,748.68,173.79,976.32,6985.51,8597.85,0,0.1095,0.6215,0,0
2026-09-09T15:01:21.201276+00:00,lateral_movement_smb_v1,lateral_movement_smb_v1__run_002,lateral_movement,T1021.002,10,2,0.8813,1.0,0.0082,54638.34,67127.11,0.6252,70,86,1.1288,1.7807,1.0094,0.134,1.4113,2,5,0,0,1,0,0.8074,780.55,209.84,1237.49,8272.6,9601.47,0,0.1155,1.3481,0,2
2026-09-09T15:01:26.201276+00:00,lateral_movement_smb_v1,lateral_movement_smb_v1__run_002,lateral_movement,T1021.002,1,1,-0.0,1.0,0.0,3413.16,2275.44,0.6495,3,2,1.5177,3.3714,0.9831,0.1115,1.3177,0,0,0,0,0,0,1.1414,1137.72,0.0,1137.72,6916.6,8147.35,0,0.0696,1.5236,0,0
2026-09-09T15:01:31.201276+00:00,lateral_movement_smb_v1,lateral_movement_smb_v1__run_002,lateral_movement,T1021.002,4,2,1.0,0.9522,0.0197,24796.65,15153.51,0.6052,36,22,1.1124,1.6725,0.8762,0.1876,1.4389,0,1,0,0,0,0,1.5833,688.8,160.6,936.48,8915.07,8712.22,0,0.0543,1.8768,0,0
2026-09-09T15:01:36.201276+00:00,lateral_movement_smb_v1,lateral_movement_smb_v1__run_002,lateral_movement,T1021.002,2,1,-0.0,0.9927,0.0123,10124.18,14463.11,0.7427,14,20,0.8503,2.3782,1.289,0.3175,2.2414,0,1,0,0,0,0,0.6676,723.16,80.15,803.31,8593.9,9003.96,0,0.0266,0.6955,0,0
2026-09-09T15:01:41.201276+00:00,lateral_movement_smb_v1,lateral_movement_smb_v1__run_002,lateral_movement,T1021.002,6,2,1.0,1.0,0.0023,47548.51,48539.1,0.7046,48,49,1.0541,1.4202,0.901,0.2458,1.6384,1,2,0,0,1,0,0.9629,990.59,259.25,1420.07,7864.82,8236.89,0,0.0403,0.3411,0,0
2026-09-09T15:01:46.201276+00:00,lateral_movement_smb_v1,lateral_movement_smb_v1__run_002,lateral_movement,T1021.002,7,2,0.9852,1.0,0.0,36736.38,25190.66,0.6668,35,24,1.7998,5.2488,1.2783,0.169,1.7854,1,3,0,0,1,0,1.4051,1049.61,208.57,1290.84,10485.84,9118.95,0,0.0656,1.3329,1,0
2026-09-09T15:01:51.201276+00:00,lateral_movement_smb_v1,lateral_movement_smb_v1__run_002,lateral_movement,T1021.002,3,2,0.9183,1.0,0.0,2237.5,745.83,0.6943,3,1,1.115,2.8479,1.0001,0.2542,1.7627,0,1,0,0,0,0,1.6197,745.83,108.76,830.16,9226.63,6970.1,0,0.0817,1.1562,0,0
2026-09-09T15:01:56.201276+00:00,lateral_movement_smb_v1,lateral_movement_smb_v1__run_002,lateral_movement,T1021.002,5,2,0.971,1.0,0.0,15757.19,18908.63,0.654,15,18,1.0974,2.0984,0.8428,0.2366,1.5525,1,2,0,0,0,0,0.8155,1050.48,166.12,1265.54,8794.8,8577.73,0,0.131,0.9234,0,0
2026-09-09T15:02:01.201276+00:00,lateral_movement_smb_v1,lateral_movement_smb_v1__run_002,lateral_movement,T1021.002,5,2,0.7219,1.0,0.0013,12775.92,9369.01,0.6571,15,11,0.8172,1.6742,0.9009,0.1103,1.2318,1,2,0,0,0,0,1.2774,851.73,421.19,1570.88,7510.75,9976.94,0,0.0883,1.3652,0,0
2026-09-09T15:02:06.201276+00:00,lateral_movement_smb_v1,lateral_movement_smb_v1__run_002,lateral_movement,T1021.002,6,2,0.9183,0.9762,0.0,21778.68,20871.23,0.6283,24,23,1.0314,1.9458,0.8091,0.1878,1.3725,1,3,0,0,1,0,1.0132,907.44,356.38,1630.67,8830.99,9330.37,0,0.0964,2.055,0,0
2026-09-09T15:02:11.201276+00:00,lateral_movement_smb_v1,lateral_movement_smb_v1__run_002,lateral_movement,T1021.002,7,2,0.5917,0.9548,0.0398,71845.02,68112.81,0.6345,77,73,0.8511,1.1462,1.0205,0.2351,1.7259,1,3,0,0,1,0,1.054,933.05,192.24,1152.8,7967.15,7555.74,0,0.1016,1.0488,0,0
2026-09-09T15:02:16.201276+00:00,lateral_movement_smb_v1,lateral_movement_smb_v1__run_002,lateral_movement,T1021.002,7,2,0.9852,1.0,0.0,39525.6,60229.48,0.6106,42,64,0.8617,1.1122,0.9797,0.2634,1.7699,1,3,0,0,1,0,0.652,941.09,227.83,1294.63,9506.11,8757.08,0,0.0943,1.252,0,0
2026-09-09T15:02:21.201276+00:00,lateral_movement_smb_v1,lateral_movement_smb_v1__run_002,lateral_movement,T1021.002,1,1,-0.0,0.9435,0.0549,1068.17,534.09,0.6038,2,1,0.9697,2.0914,1.1526,0.3263,2.1314,0,0,0,0,0,0,1.4981,534.09,0.0,534.09,7131.9,9109.33,0,0.0318,0.7808,0,0
2026-09-09T15:02:26.201276+00:00,lateral_movement_smb_v1,lateral_movement_smb_v1__run_002,lateral_movement,T1021.002,6,2,1.0,0.9751,0.0423,37076.94,19421.25,0.6618,42,22,0.5395,1.5789,1.1492,0.1303,1.5401,1,2,0,0,0,0,1.8307,882.78,277.85,1310.28,8749.91,9039.32,0,0.0974,0.5728,0,0
2026-09-09T15:02:31.201276+00:00,lateral_movement_smb_v1,lateral_movement_smb_v1__run_002,lateral_movement,T1021.002,7,2,0.8631,0.9826,0.0033,63073.54,72903.19,0.6276,77,89,1.4125,1.7714,0.9846,0.2428,1.713,1,3,0,0,0,0,0.8597,819.14,194.62,1186.11,8176.78,8207.44,0,0.0559,0.7409,0,0
2026-09-09T15:02:36.201276+00:00,lateral_movement_smb_v1,lateral_movement_smb_v1__run_002,lateral_movement,T1021.002,7,2,0.9852,0.9664,0.0088,33182.82,20541.75,0.5872,42,26,0.7222,1.358,0.8531,0.2368,1.5636,1,3,0,0,0,0,1.5663,790.07,130.52,1002.14,8886.55,7182.05,0,0.0648,1.6788,0,0
2026-09-09T15:02:41.201276+00:00,lateral_movement_smb_v1,lateral_movement_smb_v1__run_002,lateral_movement,T1021.002,3,1,-0.0,0.9774,0.0518,36149.75,24099.83,0.627,30,20,0.9134,1.209,1.0766,0.2465,1.8161,0,1,0,0,0,0,1.4704,1204.99,331.93,1514.89,9797.05,10321.56,0,0.022,0.6185,0,0
2026-09-09T15:02:46.201276+00:00,lateral_movement_smb_v1,lateral_movement_smb_v1__run_002,lateral_movement,T1021.002,9,2,0.9183,1.0,0.0065,24034.63,19583.77,0.6233,27,22,1.2633,3.5632,0.9626,0.127,1.3437,1,4,0,0,1,0,1.1954,890.17,174.13,1261.48,9178.88,9211.4,0,0.0318,0.6556,0,0
2026-09-09T15:02:51.201276+00:00,lateral_movement_smb_v1,lateral_movement_smb_v1__run_002,lateral_movement,T1021.002,5,2,0.7219,0.9816,0.0213,34798.36,22867.49,0.608,35,23,0.8219,1.5221,0.8202,0.1476,1.2631,0,2,0,0,0,0,1.4894,994.24,361.85,1560.01,8232.42,9124.29,0,0.144,1.4997,0,0
2026-09-09T15:02:56.201276+00:00,lateral_movement_smb_v1,lateral_movement_smb_v1__run_002,lateral_movement,T1021.002,5,2,0.7219,0.9801,0.0083,33629.22,24020.87,0.7264,35,25,1.2829,2.2555,0.7925,0.1119,1.1281,1,2,0,0,0,0,1.3818,960.83,291.84,1476.46,9432.71,7813.89,0,0.095,0.4275,0,0
2026-09-09T15:03:01.201276+00:00,lateral_movement_smb_v1,lateral_movement_smb_v1__run_002,lateral_movement,T1021.002,9,2,0.9911,0.9715,0.0213,48294.99,43695.46,0.6274,63,57,0.6544,1.9008,0.8391,0.2398,1.5586,1,4,0,0,1,0,1.0993,766.59,217.98,1342.61,7353.41,8323.92,0,0.108,0.2422,2,0
2026-09-09T15:03:06.201276+00:00,lateral_movement_smb_v1,lateral_movement_smb_v1__run_002,lateral_movement,T1021.002,4,2,0.8113,0.9361,0.0556,13388.14,15898.42,0.6418,16,19,0.7175,1.433,1.2097,0.332,2.2058,0,2,0,0,0,0,0.8254,836.76,403.78,1457.58,7316.71,8826.4,0,0.0537,1.2577,0,1
2026-09-09T15:03:11.201276+00:00,lateral_movement_smb_v1,lateral_movement_smb_v1__run_002,lateral_movement,T1021.002,10,2,0.971,0.9533,0.0791,35305.42,30009.61,0.6841,40,34,0.7414,1.3077,0.7697,0.1911,1.3431,1,5,0,0,1,0,1.1437,882.64,190.43,1299.31,7432.37,7777.6,0,0.0919,0.3463,0,0
2026-09-09T15:03:16.201276+00:00,lateral_movement_smb_v1,lateral_movement_smb_v1__run_002,lateral_movement,T1021.002,4,1,-0.0,0.9977,0.0,16986.12,16136.81,0.6255,20,19,0.9427,1.2215,1.074,0.1813,1.6179,0,1,0,0,0,0,1.0025,849.31,125.16,961.53,7629.14,8007.55,0,0.0855,0.916,0,0
2026-09-09T15:03:21.201276+00:00,lateral_movement_smb_v1,lateral_movement_smb_v1__run_002,lateral_movement,T1021.002,2,2,1.0,1.0,0.0179,2808.66,2808.66,0.6329,4,4,1.4096,1.843,0.9908,0.1394,1.4091,0,0,0,0,0,0,0.972,702.17,80.67,782.83,9636.31,8507.05,0,0.0543,0.8937,0,0
2026-09-09T15:03:26.201276+00:00,lateral_movement_smb_v1,lateral_movement_smb_v1__run_002,lateral_movement,T1021.002,7,2,0.9852,0.9099,0.0959,36593.51,30494.59,0.606,42,35,1.6096,4.612,1.1268,0.1881,1.6911,1,3,0,0,1,0,1.1713,871.27,306.84,1354.18,6924.64,9558.59,0,0.0449,0.5678,0,0
2026-09-09T15:03:31.201276+00:00,lateral_movement_smb_v1,lateral_movement_smb_v1__run_002,lateral_movement,T1021.002,3,2,0.9183,0.9592,0.0668,8289.83,6079.21,0.661,15,11,1.6462,2.6879,1.293,0.3336,2.2938,0,1,0,0,0,0,1.3575,552.66,184.08,784.64,8008.19,7972.88,0,0.0875,0.9736,0,0
2026-09-09T15:03:36.201276+00:00,lateral_movement_smb_v1,lateral_movement_smb_v1__run_002,lateral_movement,T1021.002,6,2,0.65,0.9896,0.02,13658.92,12141.26,0.6962,18,16,1.4577,4.2277,1.1156,0.1241,1.4879,1,3,0,0,0,0,1.0861,758.83,172.5,1011.49,6936.87,7355.59,0,0.0218,1.5219,0,0
2026-09-09T15:03:41.201276+00:00,lateral_movement_smb_v1,lateral_movement_smb_v1__run_002,lateral_movement,T1021.002,2,2,1.0,0.9617,0.0294,7484.12,6735.7,0.7211,10,9,1.2167,3.3934,0.998,0.1649,1.4928,0,1,0,0,0,0,1.0622,748.41,82.62,831.03,6388.57,7821.32,0,0.0745,1.4287,0,0
2026-09-09T15:03:46.201276+00:00,lateral_movement_smb_v1,lateral_movement_smb_v1__run_002,lateral_movement,T1021.002,2,2,1.0,1.0,0.0,11877.04,20360.63,0.5548,14,24,1.2902,1.9123,1.2805,0.335,2.2855,0,1,0,0,0,0,0.5663,848.36,158.07,1006.43,8051.4,8126.51,0,0.1269,1.9496,0,0
2026-09-09T15:03:51.201276+00:00,lateral_movement_smb_v1,lateral_movement_smb_v1__run_002,lateral_movement,T1021.002,6,2,1.0,1.0,0.0,51069.61,46813.81,0.7542,48,44,0.9278,2.3958,0.7093,0.1753,1.2351,1,2,0,0,0,0,1.0797,1063.95,287.55,1623.47,7529.46,8636.96,0,0.0844,0.6293,1,0
2026-09-09T15:03:56.201276+00:00,lateral_movement_smb_v1,lateral_movement_smb_v1__run_002,lateral_movement,T1021.002,3,2,0.9183,0.9704,0.0236,19782.91,15072.7,0.635,21,16,1.1118,2.6246,1.181,0.2075,1.8036,0,1,0,0,0,0,1.2934,942.04,95.1,1075.91,9176.46,8533.84,0,0.1208,1.6884,0,0
2026-09-09T15:04:01.201276+00:00,lateral_movement_smb_v1,lateral_movement_smb_v1__run_002,lateral_movement,T1021.002,7,2,0.8631,1.0,0.0026,43148.43,29939.73,0.7088,49,34,0.7933,1.8187,0.8664,0.2404,1.5875,1,3,0,0,0,0,1.4344,880.58,136.51,1143.14,7405.84,8394.51,0,0.0813,2.1153,0,0
2026-09-09T15:04:06.201276+00:00,lateral_movement_smb_v1,lateral_movement_smb_v1__run_002,lateral_movement,T1021.002,7,2,0.9852,0.9896,0.0714,100748.5,95950.96,0.6316,105,100,0.6452,1.1831,0.8759,0.1704,1.387,1,3,0,0,0,0,1.0431,959.51,234.33,1322.2,7907.08,8138.62,0,0.101,1.0868,0,0
2026-09-09T15:04:11.201276+00:00,lateral_movement_smb_v1,lateral_movement_smb_v1__run_002,lateral_movement,T1021.002,8,2,1.0,1.0,0.0,47940.27,31460.8,0.644,64,42,0.9578,1.296,1.0019,0.2143,1.6448,1,4,0,0,0,0,1.5083,749.07,240.58,1149.58,7738.73,6873.83,0,0.0846,0.6386,1,1
2026-09-09T15:04:16.201276+00:00,lateral_movement_smb_v1,lateral_movement_smb_v1__run_002,lateral_movement,T1021.002,3,2,0.9183,1.0,0.0,4681.07,3900.89,0.6108,6,5,1.1238,1.8073,1.153,0.3333,2.1529,0,1,0,0,0,0,1.0255,780.18,259.62,1141.13,9177.01,8718.05,0,0.0995,0.943,0,0
2026-09-09T15:04:21.201276+00:00,lateral_movement_smb_v1,lateral_movement_smb_v1__run_002,lateral_movement,T1021.002,6,2,1.0,0.9932,0.0,9981.62,4990.81,0.6057,12,6,0.6577,1.5099,1.0628,0.2922,1.9394,1,2,0,0,1,0,1.791,831.8,249.11,1129.0,6715.79,10631.24,0,0.1121,0.866,0,0
2026-09-09T15:04:26.201276+00:00,lateral_movement_smb_v1,lateral_movement_smb_v1__run_002,lateral_movement,T1021.002,4,1,-0.0,0.9478,0.062,3431.4,2573.55,0.6045,4,3,1.1475,2.1359,1.0436,0.2932,1.9232,0,1,0,0,0,0,1.2489,857.85,304.92,1325.12,7370.87,7478.01,0,0.0717,0.2158,0,0
2026-09-09T15:04:31.201276+00:00,lateral_movement_smb_v1,lateral_movement_smb_v1__run_002,lateral_movement,T1021.002,2,2,1.0,1.0,0.0111,7015.46,4384.66,0.6518,8,5,1.424,3.5297,1.2498,0.3152,2.1954,0,0,0,0,0,0,1.3747,876.93,249.7,1126.63,8410.7,8472.66,0,0.1008,0.6693,0,0
2026-09-09T15:04:36.201276+00:00,lateral_movement_smb_v1,lateral_movement_smb_v1__run_002,lateral_movement,T1021.002,1,1,-0.0,0.9941,0.0176,3293.05,1881.75,0.7121,7,4,1.3996,3.4506,1.1373,0.2657,1.9344,0,0,0,0,0,0,1.6852,470.44,0.0,470.44,8363.01,8604.15,0,0.0951,0.7138,0,0
2026-09-09T15:04:41.201276+00:00,lateral_movement_smb_v1,lateral_movement_smb_v1__run_002,lateral_movement,T1021.002,6,2,0.65,0.9761,0.0,58406.2,41371.06,0.6189,48,34,1.228,3.3417,1.1989,0.1619,1.6847,1,3,0,0,0,0,1.3855,1216.8,398.72,1895.21,8621.55,6785.02,0,0.0707,1.2762,0,1
2026-09-09T15:04:46.201276+00:00,lateral_movement_smb_v1,lateral_movement_smb_v1__run_002,lateral_movement,T1021.002,7,2,0.8631,1.0,0.0,63561.14,41995.75,0.6763,56,37,1.0321,2.9428,1.3564,0.3043,2.2694,1,3,0,0,1,0,1.495,1135.02,355.98,1718.88,8456.45,8362.94,0,0.0751,0.5717,0,0
2026-09-09T15:04:51.201276+00:00,lateral_movement_smb_v1,lateral_movement_smb_v1__run_002,lateral_movement,T1021.002,3,2,0.9183,1.0,0.0078,15949.88,17468.92,0.5444,21,23,1.4083,3.5756,1.1344,0.3337,2.1356,0,1,0,0,0,0,0.9011,759.52,150.48,960.81,9700.85,9273.19,0,0.1325,0.7403,0,0
2026-09-09T15:04:56.201276+00:00,lateral_movement_smb_v1,lateral_movement_smb_v1__run_002,lateral_movement,T1021.002,5,2,0.971,1.0,0.0,15379.08,17429.62,0.6481,15,17,1.3982,3.8753,0.9909,0.1055,1.3073,1,2,0,0,0,0,0.8812,1025.27,114.68,1205.3,6456.79,9483.8,0,0.0816,0.8304,0,0
2026-09-09T15:05:01.201276+00:00,lateral_movement_smb_v1,lateral_movement_smb_v1__run_002,lateral_movement,T1021.002,6,2,0.9183,1.0,0.0206,18684.19,24912.25,0.7039,24,32,1.1478,3.3523,0.9865,0.2805,1.8279,1,3,0,0,1,0,0.7389,778.51,306.61,1375.59,7793.23,8677.66,0,0.1025,0.1141,0,0
2026-09-09T15:05:06.201276+00:00,lateral_movement_smb_v1,lateral_movement_smb_v1__run_002,lateral_movement,T1021.002,8,2,0.9544,0.997,0.0035,64328.35,47352.81,0.6977,72,53,0.5588,1.2173,0.9965,0.1875,1.559,1,4,0,0,1,0,1.3474,893.45,334.06,1439.66,8564.43,10084.99,0,0.1223,0.8632,0,1
2026-09-09T15:05:11.201276+00:00,lateral_movement_smb_v1,lateral_movement_smb_v1__run_002,lateral_movement,T1021.002,7,2,0.5917,1.0,0.0171,47955.74,53827.87,0.6756,49,55,1.0786,3.1426,1.0488,0.256,1.8168,1,3,0,0,1,0,0.8907,978.69,220.66,1442.96,7342.82,8600.23,0,0.084,0.5382,0,0
2026-09-09T15:05:16.201276+00:00,lateral_movement_smb_v1,lateral_movement_smb_v1__run_002,lateral_movement,T1021.002,6,2,0.9183,0.9614,0.0574,9538.38,7153.79,0.7195,12,9,1.7785,4.71,1.2053,0.2232,1.8748,1,2,0,0,0,0,1.319,794.87,291.09,1389.91,8859.86,7948.69,0,0.0762,1.0229,0,0
2026-09-09T15:05:21.201276+00:00,lateral_movement_smb_v1,lateral_movement_smb_v1__run_002,lateral_movement,T1021.002,3,2,0.9183,0.9991,0.0067,13462.7,10770.16,0.5621,15,12,0.5288,1.148,0.9655,0.1578,1.439,0,1,0,0,0,0,1.1909,897.51,229.09,1212.61,8895.75,10166.81,0,0.1182,0.6777,0,0
2026-09-09T15:05:26.201276+00:00,lateral_movement_smb_v1,lateral_movement_smb_v1__run_002,lateral_movement,T1021.002,4,2,1.0,0.9873,0.0065,11389.87,6644.09,0.6236,12,7,0.9337,1.8145,1.1318,0.3321,2.1281,0,1,0,0,0,0,1.5256,949.16,132.61,1176.68,7801.01,8646.78,0,0.0761,1.1772,0,0
2026-09-09T15:05:31.201276+00:00,lateral_movement_smb_v1,lateral_movement_smb_v1__run_002,lateral_movement,T1021.002,7,2,0.9852,0.9926,0.0284,67615.05,64395.28,0.7529,63,60,1.2674,3.0202,0.8714,0.2423,1.5984,1,3,0,0,0,0,1.0464,1073.25,334.13,1764.56,6777.47,6843.55,0,0.0635,1.058,0,0
2026-09-09T15:05:36.201276+00:00,lateral_movement_smb_v1,lateral_movement_smb_v1__run_002,lateral_movement,T1021.002,4,2,0.8113,1.0,0.0,31394.09,23545.56,0.5995,36,27,1.3969,4.02,0.954,0.2251,1.6293,0,1,0,0,0,0,1.2969,872.06,197.31,1142.58,9325.38,7074.89,0,0.0838,0.9616,0,0
2026-09-09T15:05:41.201276+00:00,lateral_movement_smb_v1,lateral_movement_smb_v1__run_002,lateral_movement,T1021.002,4,2,0.8113,0.9677,0.0126,27745.78,19653.26,0.6888,24,17,0.8828,2.1382,0.8202,0.2001,1.4205,0,2,0,0,0,0,1.3366,1156.07,385.85,1701.11,8254.68,8541.24,0,0.0672,0.491,0,0
2026-09-09T15:05:46.201276+00:00,lateral_movement_smb_v1,lateral_movement_smb_v1__run_002,lateral_movement,T1021.002,10,2,1.0,1.0,0.0148,57392.87,39457.6,0.667,80,55,0.6218,1.8258,0.8038,0.1778,1.3373,2,5,0,0,1,0,1.4445,717.41,205.6,1059.84,9917.91,10536.1,0,0.0787,0.0,0,0
2026-09-09T15:05:51.201276+00:00,lateral_movement_smb_v1,lateral_movement_smb_v1__run_002,lateral_movement,T1021.002,5,2,0.7219,0.9956,0.0223,30371.44,26032.66,0.6478,35,30,0.8923,2.0856,0.7963,0.1739,1.318,1,2,0,0,0,0,1.1559,867.76,209.04,1258.86,7194.87,6492.77,0,0.0674,0.697,0,0
2026-09-09T15:05:56.201276+00:00,lateral_movement_smb_v1,lateral_movement_smb_v1__run_002,lateral_movement,T1021.002,5,2,0.971,1.0,0.0,27718.74,19403.12,0.6933,30,21,0.7801,1.5937,1.2111,0.3382,2.2256,0,2,0,0,0,0,1.3765,923.96,147.05,1115.36,8924.89,7278.93,0,0.1022,0.9211,1,0
2026-09-09T15:06:01.201276+00:00,lateral_movement_smb_v1,lateral_movement_smb_v1__run_002,lateral_movement,T1021.002,7,2,0.8631,1.0,0.0214,23305.1,14149.52,0.5994,28,17,0.9056,2.5626,0.8586,0.1871,1.42,1,3,0,0,1,0,1.5669,832.32,336.71,1553.74,9029.42,9227.44,0,0.0867,1.2407,0,0
2026-09-09T15:06:06.201276+00:00,lateral_movement_smb_v1,lateral_movement_smb_v1__run_002,lateral_movement,T1021.002,4,2,0.8113,1.0,0.0113,37871.26,28403.44,0.6569,52,39,0.9747,1.3009,1.1091,0.3027,2.0171,0,2,0,0,0,0,1.3063,728.29,156.37,970.99,7739.99,8238.76,0,0.092,2.0456,0,0
2026-09-09T15:06:11.201276+00:00,lateral_movement_smb_v1,lateral_movement_smb_v1__run_002,lateral_movement,T1021.002,6,2,1.0,1.0,0.0104,39852.73,23616.43,0.5937,54,32,1.4493,2.8969,1.1452,0.2614,1.9295,1,3,0,0,0,0,1.6514,738.01,475.71,1764.53,7667.7,7938.97,0,0.0293,0.509,1,0
2026-09-09T15:06:16.201276+00:00,lateral_movement_smb_v1,lateral_movement_smb_v1__run_002,lateral_movement,T1021.002,2,1,-0.0,0.982,0.0108,4058.36,2029.18,0.6694,4,2,1.1746,2.2785,0.9079,0.0998,1.2074,0,0,0,0,0,0,1.4729,1014.59,155.12,1169.72,7707.86,7957.48,0,0.0653,1.1288,0,0
2026-09-09T15:06:21.201276+00:00,lateral_movement_smb_v1,lateral_movement_smb_v1__run_002,lateral_movement,T1021.002,5,2,0.971,1.0,0.0358,27136.2,16281.72,0.6431,25,15,1.6539,4.951,1.0565,0.3148,2.0009,1,2,0,0,0,0,1.6228,1085.45,336.06,1450.34,8962.24,8310.19,0,0.0998,0.5729,0,0
2026-09-09T15:06:26.201276+00:00,lateral_movement_smb_v1,lateral_movement_smb_v1__run_002,lateral_movement,T1021.002,3,2,0.9183,0.9788,0.0282,21147.09,17622.57,0.6387,18,15,1.5037,1.9629,1.2092,0.2846,2.0631,0,1,0,0,0,0,1.1859,1174.84,176.89,1339.69,10100.59,10127.37,0,0.0847,0.3806,0,0
2026-09-09T15:06:31.201276+00:00,lateral_movement_smb_v1,lateral_movement_smb_v1__run_002,lateral_movement,T1021.002,5,2,0.971,0.9858,0.0415,34787.19,30148.9,0.7167,45,39,1.4147,2.9184,1.1342,0.2865,1.9936,0,2,0,0,0,0,1.1391,773.05,248.16,1114.86,8857.6,7866.77,0,0.0781,1.1121,0,1
2026-09-09T15:06:36.201276+00:00,lateral_movement_smb_v1,lateral_movement_smb_v1__run_002,lateral_movement,T1021.002,5,2,0.971,0.9705,0.0389,9162.74,6413.92,0.6427,10,7,0.8785,1.7383,1.2076,0.3195,2.1662,1,2,0,0,0,0,1.3459,916.27,187.47,1223.88,9261.42,8240.28,0,0.0627,1.0476,0,0
2026-09-09T15:06:41.201276+00:00,lateral_movement_smb_v1,lateral_movement_smb_v1__run_002,lateral_movement,T1021.002,9,2,0.9911,1.0,0.0,64463.22,51729.75,0.6512,81,65,1.2238,2.6929,0.9242,0.1054,1.2403,1,4,0,0,1,0,1.2451,795.84,199.74,1196.9,9380.12,8016.04,0,0.0971,2.682,0,0
2026-09-09T15:06:46.201276+00:00,lateral_movement_smb_v1,lateral_movement_smb_v1__run_002,lateral_movement,T1021.002,5,2,0.971,0.9848,0.0288,22138.75,19482.1,0.5815,25,22,0.9087,2.0103,1.0418,0.2772,1.8733,1,2,0,0,0,0,1.1086,885.55,372.46,1590.79,7327.71,8235.78,0,0.0459,1.1264,0,0
2026-09-09T15:06:51.201276+00:00,lateral_movement_smb_v1,lateral_movement_smb_v1__run_002,lateral_movement,T1021.002,6,2,0.9183,1.0,0.0203,64987.55,64987.55,0.7404,78,78,0.9732,1.4992,0.885,0.1958,1.4724,1,3,0,0,1,0,0.9965,833.17,284.94,1365.55,8560.84,7695.71,0,0.1057,0.6354,0,0
2026-09-09T15:06:56.201276+00:00,lateral_movement_smb_v1,lateral_movement_smb_v1__run_002,lateral_movement,T1021.002,4,2,0.8113,0.9804,0.0298,33492.12,22328.08,0.6403,36,24,0.44,0.8112,0.992,0.1575,1.4646,0,1,0,0,0,0,1.4687,930.34,323.42,1431.37,7783.62,8908.31,0,0.1579,1.2694,0,0
2026-09-09T15:07:01.201276+00:00,lateral_movement_smb_v1,lateral_movement_smb_v1__run_002,lateral_movement,T1021.002,4,2,0.8113,1.0,0.0,11114.08,7409.39,0.6713,12,8,0.8534,2.372,0.9308,0.1094,1.2591,0,2,0,0,0,0,1.4133,926.17,93.13,1063.04,6980.82,7588.13,0,0.1477,1.0578,0,0
2026-09-09T15:07:06.201276+00:00,lateral_movement_smb_v1,lateral_movement_smb_v1__run_002,lateral_movement,T1021.002,7,2,0.9852,0.9711,0.0242,27611.65,14463.25,0.7421,42,22,0.5949,1.2111,1.0403,0.2233,1.71,1,3,0,0,1,0,1.8779,657.42,87.8,825.06,5332.56,7953.48,0,0.0589,0.8095,0,0
2026-09-09T15:07:11.201276+00:00,lateral_movement_smb_v1,lateral_movement_smb_v1__run_002,lateral_movement,T1021.002,5,2,0.971,1.0,0.0,38674.69,28729.77,0.6695,35,26,1.466,2.0274,1.0545,0.1291,1.4417,0,2,0,0,0,0,1.3399,1104.99,252.27,1523.32,8772.3,8243.31,0,0.0873,0.7771,0,0
2026-09-09T15:07:16.201276+00:00,lateral_movement_smb_v1,lateral_movement_smb_v1__run_002,lateral_movement,T1021.002,4,2,1.0,1.0,0.0,23854.01,22150.15,0.6259,28,26,1.3078,2.8577,1.2438,0.3394,2.2619,0,1,0,0,0,0,1.0676,851.93,165.11,1050.91,7356.08,9123.0,0,0.0583,0.3101,0,0
2026-09-09T15:07:21.201276+00:00,lateral_movement_smb_v1,lateral_movement_smb_v1__run_002,lateral_movement,T1021.002,5,2,0.971,0.9813,0.0307,21264.91,24809.06,0.6473,30,35,0.6666,1.1999,0.8505,0.1379,1.2641,0,2,0,0,0,0,0.8545,708.83,151.23,909.14,7337.39,8081.36,0,0.0509,1.3217,0,0
2026-09-09T15:07:26.201276+00:00,lateral_movement_smb_v1,lateral_movement_smb_v1__run_002,lateral_movement,T1021.002,7,2,0.9852,0.9449,0.0792,57613.6,51212.09,0.5894,63,56,1.3549,3.2384,0.9982,0.1791,1.5356,1,3,0,0,1,0,1.124,914.5,406.0,1584.46,7081.19,7835.78,0,0.0903,0.4587,0,0
2026-09-09T15:07:31.201276+00:00,lateral_movement_smb_v1,lateral_movement_smb_v1__run_002,lateral_movement,T1021.002,8,2,0.9544,1.0,0.0,60704.53,32038.5,0.709,72,38,1.4949,4.1758,1.0492,0.2448,1.7837,1,3,0,0,1,0,1.8699,843.12,212.71,1279.2,9418.93,4918.53,0,0.034,1.2519,0,0
2026-09-09T15:07:36.201276+00:00,lateral_movement_smb_v1,lateral_movement_smb_v1__run_002,lateral_movement,T1021.002,6,2,0.9183,1.0,0.0323,60551.06,70642.9,0.6736,54,63,1.3219,3.6762,0.8047,0.1297,1.1938,1,2,0,0,1,0,0.8488,1121.32,392.58,1974.13,7535.24,8138.36,0,0.045,0.7129,0,0
2026-09-09T15:07:41.201276+00:00,lateral_movement_smb_v1,lateral_movement_smb_v1__run_002,lateral_movement,T1021.002,2,2,1.0,0.9932,0.0102,13120.41,9840.31,0.6318,16,12,1.1841,2.1283,1.1892,0.3373,2.2011,0,1,0,0,0,0,1.2786,820.03,293.69,1113.71,7421.77,7050.86,0,0.0773,1.1128,0,0
2026-09-09T15:07:46.201276+00:00,lateral_movement_smb_v1,lateral_movement_smb_v1__run_002,lateral_movement,T1021.002,7,2,0.9852,0.9666,0.0216,52308.33,115410.45,0.5033,63,139,1.1715,1.551,0.8508,0.1804,1.3919,1,3,0,0,1,0,0.453,830.29,345.33,1252.53,9769.03,8934.26,0,0.1382,1.1714,0,0
2026-09-09T15:07:51.201276+00:00,lateral_movement_smb_v1,lateral_movement_smb_v1__run_002,lateral_movement,T1021.002,6,2,1.0,0.9998,0.0,28750.63,30667.34,0.621,30,32,1.125,1.9611,1.0668,0.144,1.4989,1,2,0,0,1,0,0.9174,958.35,183.25,1193.53,9565.41,8989.81,0,0.1278,0.6474,0,0
2026-09-09T15:07:56.201276+00:00,lateral_movement_smb_v1,lateral_movement_smb_v1__run_002,lateral_movement,T1021.002,4,2,1.0,1.0,0.0,33074.46,33074.46,0.6109,36,36,1.8455,2.4559,1.1532,0.126,1.5312,0,1,0,0,0,0,0.9916,918.74,274.77,1205.63,9497.87,7290.0,0,0.0854,1.8323,0,0
2026-09-09T15:08:01.201276+00:00,lateral_movement_smb_v1,lateral_movement_smb_v1__run_002,lateral_movement,T1021.002,3,2,0.9183,1.0,0.0204,28230.08,21956.73,0.6245,27,21,1.3217,3.2765,0.8617,0.2287,1.5479,0,1,0,0,0,0,1.258,1045.56,87.55,1146.16,7770.38,7596.89,0,0.0978,1.2282,0,0
2026-09-09T15:08:06.201276+00:00,lateral_movement_smb_v1,lateral_movement_smb_v1__run_002,lateral_movement,T1021.002,5,2,0.971,1.0,0.0,36584.63,26523.86,0.6353,40,29,1.7251,3.0714,1.0838,0.3173,2.0356,1,2,0,0,0,0,1.3552,914.62,128.88,1032.18,9400.87,9327.12,0,0.0903,1.1137,0,0
2026-09-09T15:08:11.201276+00:00,lateral_movement_smb_v1,lateral_movement_smb_v1__run_002,lateral_movement,T1021.002,1,1,-0.0,0.9966,0.0,6405.52,5490.44,0.6217,7,6,1.0456,1.9257,1.0302,0.2419,1.7559,0,0,0,0,0,0,1.0349,915.07,0.0,915.07,9959.0,8012.47,0,0.0189,0.6434,0,0
2026-09-09T15:08:16.201276+00:00,lateral_movement_smb_v1,lateral_movement_smb_v1__run_002,lateral_movement,T1021.002,1,1,-0.0,0.9991,0.0,8080.1,4040.05,0.56,6,3,1.1011,2.978,1.0624,0.2828,1.9106,0,0,0,0,0,0,1.6192,1346.68,0.0,1346.68,9628.69,9668.58,0,0.0061,1.2409,0,0
2026-09-09T15:08:21.201276+00:00,lateral_movement_smb_v1,lateral_movement_smb_v1__run_002,lateral_movement,T1021.002,6,2,0.9183,1.0,0.0159,46498.28,34873.71,0.5311,48,36,1.2236,3.3101,0.8391,0.1465,1.2786,1,3,0,0,1,0,1.3073,968.71,270.34,1314.87,8142.29,7243.79,0,0.063,0.6551,0,0
2026-09-09T15:08:26.201276+00:00,lateral_movement_smb_v1,lateral_movement_smb_v1__run_002,lateral_movement,T1021.002,4,2,1.0,0.9638,0.0504,21403.52,16052.64,0.706,24,18,0.9473,2.7163,0.6931,0.1186,1.0489,0,2,0,0,0,0,1.2864,891.81,243.62,1301.2,10255.39,10132.66,0,0.1386,1.3008,0,0
2026-09-09T15:08:31.201276+00:00,lateral_movement_smb_v1,lateral_movement_smb_v1__run_002,lateral_movement,T1021.002,7,2,0.9852,1.0,0.0077,36481.01,39607.95,0.6838,35,38,0.9677,1.8167,1.0279,0.1993,1.6258,0,3,0,0,1,0,0.9196,1042.31,382.48,1705.97,9648.73,7058.09,0,0.0975,1.3665,0,0
2026-09-09T15:08:36.201276+00:00,lateral_movement_smb_v1,lateral_movement_smb_v1__run_002,lateral_movement,T1021.002,5,2,0.971,0.958,0.0426,41644.26,31464.55,0.6794,45,34,1.4619,3.2376,1.1283,0.3131,2.0677,1,2,0,0,0,0,1.3196,925.43,271.47,1455.86,6965.47,6996.74,0,0.107,0.9642,0,1
2026-09-09T15:08:41.201276+00:00,lateral_movement_smb_v1,lateral_movement_smb_v1__run_002,lateral_movement,T1021.002,9,2,0.9183,0.9881,0.0,34347.23,39117.68,0.6557,36,41,1.178,1.6532,0.98,0.1857,1.5372,1,4,0,0,1,0,0.864,954.09,261.03,1610.74,8691.96,10057.73,0,0.1174,0.5961,0,0
2026-09-09T15:08:46.201276+00:00,lateral_movement_smb_v1,lateral_movement_smb_v1__run_002,lateral_movement,T1021.002,3,2,0.9183,1.0,0.0,19994.52,25918.83,0.6056,27,35,0.5374,1.111,0.6927,0.1102,1.0232,0,1,0,0,0,0,0.7691,740.54,39.61,773.2,9438.16,7203.92,0,0.0933,1.1981,0,0
2026-09-09T15:08:51.201276+00:00,lateral_movement_smb_v1,lateral_movement_smb_v1__run_002,lateral_movement,T1021.002,6,2,0.65,1.0,0.0076,27850.3,22280.24,0.5642,30,24,0.6067,1.0168,1.0945,0.308,2.0184,1,2,0,0,0,0,1.2023,928.34,243.09,1432.12,7958.97,7740.74,0,0.0962,0.7536,0,0
2026-09-09T15:08:56.201276+00:00,lateral_movement_smb_v1,lateral_movement_smb_v1__run_002,lateral_movement,T1021.002,9,2,0.9183,0.9785,0.0163,55928.59,49714.31,0.5752,63,56,0.8026,1.3564,0.9933,0.2584,1.7686,1,4,0,0,1,0,1.106,887.76,358.63,1629.22,7997.5,9983.85,0,0.0824,1.9648,0,1
2026-09-09T15:09:01.201276+00:00,lateral_movement_smb_v1,lateral_movement_smb_v1__run_002,lateral_movement,T1021.002,5,2,0.971,0.9745,0.0498,26537.84,28812.51,0.5549,35,38,1.1568,2.1329,1.0005,0.2236,1.6713,1,2,0,0,0,0,0.9199,758.22,158.01,967.36,8756.83,7836.81,0,0.1292,1.606,0,0
2026-09-09T15:09:06.201276+00:00,lateral_movement_smb_v1,lateral_movement_smb_v1__run_002,lateral_movement,T1021.002,8,2,0.9544,0.9946,0.0091,29702.34,37127.93,0.6212,32,40,1.228,2.8603,1.1489,0.2167,1.7989,1,3,0,0,1,0,0.7976,928.2,199.93,1242.92,7117.14,7394.33,0,0.0668,1.1891,0,0
2026-09-09T15:09:11.201276+00:00,lateral_movement_smb_v1,lateral_movement_smb_v1__run_002,lateral_movement,T1021.002,5,2,0.971,0.9967,0.0071,50878.25,34597.21,0.7073,50,34,1.3004,1.8655,1.1305,0.2228,1.7988,1,2,0,0,0,0,1.4293,1017.57,330.12,1567.61,8142.44,8167.19,0,0.0847,0.0,0,0
2026-09-09T15:09:16.201276+00:00,lateral_movement_smb_v1,lateral_movement_smb_v1__run_002,lateral_movement,T1021.002,4,1,-0.0,0.9545,0.0704,25355.92,23544.78,0.6574,28,26,0.7795,1.2507,0.9892,0.1252,1.3648,0,2,0,0,0,0,1.0762,905.57,423.84,1484.27,8782.69,6767.18,0,0.0542,1.0032,0,0
2026-09-09T15:09:21.201276+00:00,lateral_movement_smb_v1,lateral_movement_smb_v1__run_002,lateral_movement,T1021.002,2,1,-0.0,0.9714,0.0265,13196.4,11311.2,0.5166,14,12,0.509,1.2823,1.015,0.1224,1.3823,0,0,0,0,0,0,1.1168,942.6,116.84,1059.44,6660.75,7538.26,0,0.0723,1.9883,0,0
2026-09-09T15:09:26.201276+00:00,lateral_movement_smb_v1,lateral_movement_smb_v1__run_002,lateral_movement,T1021.002,7,2,0.8631,0.9756,0.0701,57678.49,30212.54,0.577,63,33,0.9045,1.1053,1.1355,0.2465,1.8751,1,3,0,0,0,0,1.8538,915.53,164.8,1104.74,8750.35,6354.82,0,0.1038,0.9334,0,1
2026-09-09T15:09:31.201276+00:00,lateral_movement_smb_v1,lateral_movement_smb_v1__run_002,lateral_movement,T1021.002,1,1,-0.0,1.0,0.0,4122.18,2473.31,0.691,5,3,0.6054,1.5991,1.1066,0.1296,1.4954,0,0,0,0,0,0,1.3928,824.44,0.0,824.44,9099.57,7109.08,0,0.0812,1.2398,0,0
2026-09-09T15:09:36.201276+00:00,lateral_movement_smb_v1,lateral_movement_smb_v1__run_002,lateral_movement,T1021.002,9,2,0.5033,1.0,0.0173,22093.7,26185.13,0.6514,27,32,0.6183,1.2877,1.2007,0.2761,2.029,1,4,0,0,1,0,0.8401,818.29,247.8,1151.32,8366.47,8959.24,0,0.0559,1.0186,0,0
2026-09-09T15:09:41.201276+00:00,lateral_movement_smb_v1,lateral_movement_smb_v1__run_002,lateral_movement,T1021.002,7,1,-0.0,0.9208,0.0597,24292.76,19087.17,0.6544,28,22,1.4029,3.9697,0.9377,0.105,1.2528,1,3,0,0,1,0,1.2457,867.6,225.38,1119.28,9113.31,8601.24,0,0.0465,0.3762,0,0
2026-09-09T15:09:46.201276+00:00,lateral_movement_smb_v1,lateral_movement_smb_v1__run_002,lateral_movement,T1021.002,2,1,-0.0,0.9775,0.0346,10797.36,8098.02,0.6802,12,9,1.1968,2.4833,1.0419,0.1843,1.5947,0,0,0,0,0,0,1.3042,899.78,5.5,905.28,7940.16,8323.87,0,0.0433,0.4808,0,0
2026-09-09T15:09:51.201276+00:00,lateral_movement_smb_v1,lateral_movement_smb_v1__run_002,lateral_movement,T1021.002,9,2,0.9911,1.0,0.025,40633.16,32506.52,0.6178,45,36,1.0033,1.8929,0.788,0.2148,1.4325,1,4,0,0,1,0,1.2355,902.96,321.01,1427.29,7313.74,9005.26,0,0.0627,1.2681,0,0
2026-09-09T15:09:56.201276+00:00,lateral_movement_smb_v1,lateral_movement_smb_v1__run_002,lateral_movement,T1021.002,6,2,0.65,1.0,0.0404,27299.87,18199.91,0.5667,30,20,0.8463,1.4308,0.8358,0.1091,1.1633,1,2,0,0,0,0,1.4858,910.0,148.16,1195.82,8402.48,10048.77,0,0.1071,0.0601,0,0
2026-09-09T15:10:01.201276+00:00,lateral_movement_smb_v1,lateral_movement_smb_v1__run_002,lateral_movement,T1021.002,3,1,-0.0,1.0,0.0103,4548.08,2274.04,0.6159,6,3,1.2594,2.7498,0.8628,0.2253,1.5388,0,1,0,0,0,0,1.5638,758.01,124.31,854.57,8265.36,9194.76,0,0.0,0.0263,0,0
2026-09-09T15:10:06.201276+00:00,lateral_movement_smb_v1,lateral_movement_smb_v1__run_002,lateral_movement,T1021.002,5,2,0.971,0.9729,0.0367,38360.6,33565.52,0.6534,40,35,0.6093,0.874,1.1845,0.1351,1.5899,0,2,0,0,0,0,1.1166,959.01,287.19,1303.21,8767.42,7654.95,0,0.0708,1.0966,0,0
2026-09-09T15:10:11.201276+00:00,lateral_movement_smb_v1,lateral_movement_smb_v1__run_002,lateral_movement,T1021.002,6,2,0.9183,0.9839,0.0325,37488.4,39050.42,0.6234,48,50,1.2601,2.7537,1.0129,0.1154,1.359,1,2,0,0,0,0,0.9481,781.01,285.98,1226.66,6513.83,9626.05,0,0.1432,0.9741,0,0
2026-09-09T15:10:16.201276+00:00,lateral_movement_smb_v1,lateral_movement_smb_v1__run_002,lateral_movement,T1021.002,4,2,0.8113,0.9668,0.0196,20032.33,12520.2,0.6653,24,15,0.6652,1.1371,1.174,0.2057,1.791,0,2,0,0,0,0,1.5831,834.68,190.56,1120.56,8312.31,6787.8,0,0.0832,0.9859,0,0
2026-09-09T15:10:21.201276+00:00,lateral_movement_smb_v1,lateral_movement_smb_v1__run_002,lateral_movement,T1021.002,9,2,0.9183,0.9687,0.0355,50220.99,35712.71,0.6956,45,32,0.8843,2.4742,0.852,0.2532,1.6115,1,4,0,0,1,0,1.399,1116.02,438.87,1858.36,8580.58,9572.18,0,0.0826,0.8131,1,0
2026-09-09T15:10:26.201276+00:00,lateral_movement_smb_v1,lateral_movement_smb_v1__run_002,lateral_movement,T1021.002,5,2,0.7219,1.0,0.0,15327.55,10218.37,0.6916,15,10,1.0018,2.1182,1.2064,0.3582,2.2811,1,2,0,0,0,0,1.4343,1021.84,234.12,1315.08,8120.43,8858.18,0,0.1023,0.9566,0,0
2026-09-09T15:10:31.201276+00:00,lateral_movement_smb_v1,lateral_movement_smb_v1__run_002,lateral_movement,T1021.002,6,2,0.9183,0.974,0.048,34628.25,28135.46,0.6607,48,39,0.9347,1.9997,0.9307,0.2139,1.5725,1,2,0,0,0,0,1.2079,721.42,112.64,900.97,7729.06,8378.59,0,0.1386,1.1375,0,0
2026-09-09T15:10:36.201276+00:00,lateral_movement_smb_v1,lateral_movement_smb_v1__run_002,lateral_movement,T1021.002,8,2,1.0,0.9944,0.056,14917.0,9323.12,0.5567,16,10,0.7934,1.3193,0.8648,0.0926,1.1426,1,4,0,0,1,0,1.4878,932.31,175.78,1194.39,8666.94,7533.37,0,0.0758,0.583,0,0
2026-09-09T15:10:41.201276+00:00,lateral_movement_smb_v1,lateral_movement_smb_v1__run_002,lateral_movement,T1021.002,6,2,1.0,1.0,0.0,44709.06,28150.15,0.6867,54,34,1.684,2.8229,1.1822,0.1815,1.7268,1,3,0,0,0,0,1.554,827.95,175.43,1116.35,6412.42,10640.62,0,0.0927,0.667,0,0
2026-09-09T15:10:46.201276+00:00,lateral_movement_smb_v1,lateral_movement_smb_v1__run_002,lateral_movement,T1021.002,3,2,0.9183,1.0,0.0,8310.54,6463.76,0.6483,9,7,1.1312,1.9943,0.9009,0.1425,1.3282,0,1,0,0,0,0,1.2731,923.39,290.2,1235.8,8244.37,7990.61,0,0.0939,0.1089,0,0
2026-09-09T15:10:51.201276+00:00,lateral_movement_smb_v1,lateral_movement_smb_v1__run_002,lateral_movement,T1021.002,6,2,0.65,1.0,0.0271,39178.66,29384.0,0.6436,48,36,1.1931,1.8001,0.9837,0.2786,1.8196,1,2,0,0,0,0,1.3321,816.22,278.42,1355.21,6327.25,6092.68,0,0.0893,0.7057,0,0
2026-09-09T15:10:56.201276+00:00,lateral_movement_smb_v1,lateral_movement_smb_v1__run_002,lateral_movement,T1021.002,8,2,0.8113,1.0,0.0452,55494.66,51530.76,0.6318,56,52,1.1187,3.1872,1.2519,0.2335,1.9524,1,4,0,0,1,0,1.0709,990.98,281.7,1475.41,7822.23,6057.18,0,0.0709,0.9183,0,0
2026-09-09T15:11:01.201276+00:00,lateral_movement_smb_v1,lateral_movement_smb_v1__run_002,lateral_movement,T1021.002,4,2,0.8113,1.0,0.0,45127.29,34973.65,0.66,40,31,0.8413,1.3575,0.9097,0.2438,1.6412,0,1,0,0,0,0,1.2836,1128.18,247.18,1431.74,7592.8,7177.67,0,0.0825,0.0,0,1
2026-09-09T15:11:06.201276+00:00,lateral_movement_smb_v1,lateral_movement_smb_v1__run_002,lateral_movement,T1021.002,4,2,0.8113,1.0,0.0,20637.66,21497.57,0.656,24,25,0.6275,0.8954,1.1332,0.1579,1.6068,0,1,0,0,0,0,0.9595,859.9,220.86,1190.05,8643.51,7949.98,0,0.1079,0.7546,0,0
2026-09-09T15:11:11.201276+00:00,lateral_movement_smb_v1,lateral_movement_smb_v1__run_002,lateral_movement,T1021.002,3,2,0.9183,1.0,0.0,25287.39,16015.34,0.6652,30,19,1.6289,4.6753,1.0732,0.3038,1.9847,0,1,0,0,0,0,1.5655,842.91,145.03,1032.74,9322.9,6603.6,0,0.0465,0.729,0,0
2026-09-09T15:11:16.201276+00:00,lateral_movement_smb_v1,lateral_movement_smb_v1__run_002,lateral_movement,T1021.002,3,2,0.9183,1.0,0.0,2362.96,1575.31,0.6618,3,2,0.4925,1.1839,0.8556,0.1705,1.367,0,1,0,0,0,0,1.1391,787.65,89.11,912.73,7662.33,9482.18,0,0.0458,0.8926,0,0
2026-09-09T15:11:21.201276+00:00,lateral_movement_smb_v1,lateral_movement_smb_v1__run_002,lateral_movement,T1021.002,5,1,-0.0,0.9493,0.032,39495.29,19747.64,0.6919,50,25,0.7633,2.2478,0.9698,0.1691,1.4771,1,2,0,0,0,0,1.9268,789.91,123.61,994.19,9238.58,8408.92,0,0.0295,0.0984,0,0
2026-09-09T15:11:26.201276+00:00,lateral_movement_smb_v1,lateral_movement_smb_v1__run_002,lateral_movement,T1021.002,3,2,0.9183,0.9956,0.0242,13392.89,12500.03,0.6907,15,14,1.0135,1.9049,1.2099,0.1313,1.6039,0,1,0,0,0,0,1.0556,892.86,59.32,972.22,8223.71,7332.89,0,0.0716,1.0687,0,0
2026-09-09T15:11:31.201276+00:00,lateral_movement_smb_v1,lateral_movement_smb_v1__run_002,lateral_movement,T1021.002,9,2,0.9911,0.9689,0.0459,24480.23,41707.05,0.6519,27,46,1.4555,3.6691,1.0763,0.2607,1.8583,2,4,0,0,1,0,0.5815,906.68,277.26,1505.54,8355.89,6883.51,0,0.1079,0.7109,0,0
2026-09-09T15:11:36.201276+00:00,lateral_movement_smb_v1,lateral_movement_smb_v1__run_002,lateral_movement,T1021.002,4,2,0.8113,0.9906,0.0272,17390.76,16521.23,0.6582,20,19,1.4033,2.4259,0.8884,0.1225,1.2559,0,1,0,0,0,0,1.0094,869.54,231.69,1172.8,7250.66,6707.81,0,0.1277,1.1249,0,0
2026-09-09T15:11:41.201276+00:00,lateral_movement_smb_v1,lateral_movement_smb_v1__run_002,lateral_movement,T1021.002,4,2,1.0,1.0,0.0125,8512.41,15606.08,0.6112,12,22,0.6392,1.0587,0.8892,0.2263,1.5681,0,2,0,0,0,0,0.5442,709.37,90.74,839.48,9347.1,10532.06,0,0.0956,0.562,0,1
2026-09-09T15:11:46.201276+00:00,lateral_movement_smb_v1,lateral_movement_smb_v1__run_002,lateral_movement,T1021.002,3,2,0.9183,0.9885,0.0021,12524.54,9393.41,0.5749,12,9,1.3213,3.6637,1.3457,0.2733,2.1655,0,1,0,0,0,0,1.3154,1043.71,322.06,1466.07,8062.75,7731.81,0,0.1244,0.86,0,0
2026-09-09T15:11:51.201276+00:00,lateral_movement_smb_v1,lateral_movement_smb_v1__run_002,lateral_movement,T1021.002,6,2,1.0,1.0,0.0,30866.36,17490.94,0.6604,30,17,1.7272,2.3887,1.2546,0.1592,1.732,1,2,0,0,0,0,1.732,1028.88,294.21,1333.76,8114.98,7647.39,0,0.0324,0.3356,0,0
2026-09-09T15:11:56.201276+00:00,lateral_movement_smb_v1,lateral_movement_smb_v1__run_002,lateral_movement,T1021.002,8,2,1.0,0.9633,0.0463,23912.94,19927.45,0.6369,24,20,0.5678,1.621,0.9957,0.2271,1.6769,1,3,0,0,1,0,1.1636,996.37,271.04,1490.95,8957.69,8861.85,0,0.0519,0.5706,0,0
2026-09-09T15:12:01.201276+00:00,lateral_movement_smb_v1,lateral_movement_smb_v1__run_002,lateral_movement,T1021.002,2,2,1.0,1.0,0.0,5995.22,3597.13,0.7109,10,6,0.6309,1.0138,1.0141,0.2882,1.8787,0,0,0,0,0,0,1.5028,599.52,101.72,701.24,7346.67,7593.95,0,0.0669,0.7303,0,0
2026-09-09T15:12:06.201276+00:00,lateral_movement_smb_v1,lateral_movement_smb_v1__run_002,lateral_movement,T1021.002,3,2,0.9183,0.9705,0.0327,14284.18,12168.0,0.6673,27,23,1.1086,2.8711,0.7788,0.2115,1.4134,0,1,0,0,0,0,1.1367,529.04,123.58,699.36,8038.46,8292.89,0,0.0815,1.0017,0,0
2026-09-09T15:12:11.201276+00:00,lateral_movement_smb_v1,lateral_movement_smb_v1__run_002,lateral_movement,T1021.002,6,1,-0.0,1.0,0.0,22063.92,20593.0,0.7673,30,28,1.4256,3.9845,1.1905,0.182,1.7364,1,2,0,0,0,0,1.0563,735.46,213.2,1007.5,8156.11,8019.05,0,0.0369,1.2279,0,0
2026-09-09T15:12:16.201276+00:00,lateral_movement_smb_v1,lateral_movement_smb_v1__run_002,lateral_movement,T1021.002,6,2,0.9183,1.0,0.0029,58175.2,55530.87,0.6485,66,63,0.9995,2.8566,1.0471,0.2205,1.7087,1,3,0,0,1,0,1.0462,881.44,187.73,1235.48,7439.72,8616.15,0,0.1085,1.0964,0,0
2026-09-09T15:12:21.201276+00:00,lateral_movement_smb_v1,lateral_movement_smb_v1__run_002,lateral_movement,T1021.002,7,2,0.9852,0.9651,0.0394,17044.04,19478.9,0.7238,21,24,0.7996,1.1585,0.8452,0.1399,1.265,1,3,0,0,0,0,0.8411,811.62,210.93,1187.16,9882.08,6782.25,0,0.1487,0.3627,0,1
2026-09-09T15:12:26.201276+00:00,lateral_movement_smb_v1,lateral_movement_smb_v1__run_002,lateral_movement,T1021.002,4,2,1.0,0.9713,0.0375,31307.15,21523.66,0.6692,32,22,1.2755,3.1085,1.022,0.2207,1.684,0,2,0,0,0,0,1.3993,978.35,366.44,1509.78,7017.53,6288.37,0,0.0815,0.4956,0,0
2026-09-09T15:12:31.201276+00:00,lateral_movement_smb_v1,lateral_movement_smb_v1__run_002,lateral_movement,T1021.002,4,2,0.8113,0.9767,0.0335,26154.63,22885.3,0.6006,32,28,1.6649,4.2924,1.1207,0.2353,1.8265,0,2,0,0,0,0,1.1409,817.33,224.93,1139.93,9272.93,9488.2,0,0.0492,0.4257,0,0
2026-09-09T15:12:36.201276+00:00,lateral_movement_smb_v1,lateral_movement_smb_v1__run_002,lateral_movement,T1021.002,5,2,0.7219,0.9896,0.0483,9477.26,9477.26,0.5982,10,10,1.1491,2.8877,1.0737,0.2928,1.9522,1,2,0,0,0,0,0.9463,947.73,395.24,1416.19,8408.57,6609.22,0,0.0697,1.0117,0,0
2026-09-09T15:12:41.201276+00:00,lateral_movement_smb_v1,lateral_movement_smb_v1__run_002,lateral_movement,T1021.002,5,1,-0.0,1.0,0.0,19276.62,19276.62,0.569,25,25,0.681,1.731,0.8852,0.222,1.5513,1,2,0,0,0,0,0.9697,771.06,193.83,1011.09,7046.34,8087.08,0,0.0191,0.5999,0,0
2026-09-09T15:12:46.201276+00:00,lateral_movement_smb_v1,lateral_movement_smb_v1__run_002,lateral_movement,T1021.002,4,2,0.8113,1.0,0.0021,27037.16,28163.71,0.6741,24,25,0.5562,1.3712,0.8544,0.2227,1.5225,0,2,0,0,0,0,0.9366,1126.55,275.75,1565.61,8451.91,8491.32,0,0.08,1.6465,0,0
2026-09-09T15:12:51.201276+00:00,lateral_movement_smb_v1,lateral_movement_smb_v1__run_002,lateral_movement,T1021.002,3,2,0.9183,1.0,0.0,19585.31,11424.76,0.6339,24,14,1.2339,1.9184,0.8794,0.1739,1.401,0,1,0,0,0,0,1.714,816.05,94.58,936.23,7072.05,7916.53,0,0.0892,1.4685,0,0
2026-09-09T15:12:56.201276+00:00,lateral_movement_smb_v1,lateral_movement_smb_v1__run_002,lateral_movement,T1021.002,3,1,-0.0,0.995,0.0266,13898.36,10037.71,0.6207,18,13,1.3129,2.5164,0.9771,0.1313,1.3711,0,1,0,0,0,0,1.3665,772.13,205.71,1036.36,8652.5,7971.53,0,0.0591,0.5943,0,0
2026-09-09T15:13:01.201276+00:00,lateral_movement_smb_v1,lateral_movement_smb_v1__run_002,lateral_movement,T1021.002,4,1,-0.0,1.0,0.0094,26378.28,21432.35,0.6763,32,26,1.0414,1.3516,0.8115,0.2079,1.4351,0,1,0,0,0,0,1.1913,824.32,206.11,1138.71,8251.81,6998.61,0,0.0411,0.216,0,0
2026-09-09T15:13:06.201276+00:00,lateral_movement_smb_v1,lateral_movement_smb_v1__run_002,lateral_movement,T1021.002,3,1,-0.0,0.9928,0.0,16094.76,10729.84,0.7645,18,12,1.4168,3.6618,1.0051,0.2213,1.669,0,1,0,0,0,0,1.4857,894.15,235.06,1174.02,8791.83,9384.75,0,0.0,0.8953,0,0
2026-09-09T15:13:11.201276+00:00,lateral_movement_smb_v1,lateral_movement_smb_v1__run_002,lateral_movement,T1021.002,3,1,-0.0,1.0,0.0,5018.78,8364.64,0.6455,6,10,1.3799,3.9463,1.0157,0.2298,1.705,0,1,0,0,0,0,0.5826,836.46,11.04,848.43,7901.45,9086.22,0,0.0682,0.1032,0,0
2026-09-09T15:13:16.201276+00:00,lateral_movement_smb_v1,lateral_movement_smb_v1__run_002,lateral_movement,T1021.002,4,1,-0.0,1.0,0.0089,17141.72,9427.94,0.6959,20,11,1.7193,4.2365,1.0704,0.216,1.7183,0,1,0,0,0,0,1.8151,857.09,247.82,1219.65,7295.01,7481.54,0,0.0062,1.3142,0,0
2026-09-09T15:13:21.201276+00:00,lateral_movement_smb_v1,lateral_movement_smb_v1__run_002,lateral_movement,T1021.002,7,2,0.9852,1.0,0.0244,69123.16,39498.95,0.6834,70,40,0.6269,1.616,0.9282,0.1401,1.3483,1,3,0,0,1,0,1.7362,987.47,341.47,1433.74,7423.77,8005.51,0,0.0861,1.1647,0,1
2026-09-09T15:13:26.201276+00:00,lateral_movement_smb_v1,lateral_movement_smb_v1__run_002,lateral_movement,T1021.002,7,2,0.9852,1.0,0.0001,61423.05,55041.44,0.5766,77,69,1.2281,2.4853,0.8244,0.2257,1.5015,1,3,0,0,0,0,1.1087,797.7,129.63,1082.22,8569.45,7882.76,0,0.0771,1.1479,0,0
2026-09-09T15:13:31.201276+00:00,lateral_movement_smb_v1,lateral_movement_smb_v1__run_002,lateral_movement,T1021.002,4,2,0.8113,0.9873,0.0161,8369.31,6974.42,0.5954,12,10,0.6602,0.8087,1.3634,0.3061,2.2816,0,2,0,0,0,0,1.1667,697.44,184.98,932.16,7639.44,9350.96,0,0.0781,1.3591,0,0
2026-09-09T15:13:36.201276+00:00,lateral_movement_smb_v1,lateral_movement_smb_v1__run_002,lateral_movement,T1021.002,2,2,1.0,0.9854,0.019,7638.24,6365.2,0.6485,12,10,1.3051,2.9337,1.0711,0.1834,1.6214,0,1,0,0,0,0,1.1656,636.52,142.53,779.05,8281.95,8212.91,0,0.0071,0.5492,0,0
2026-09-09T15:13:41.201276+00:00,lateral_movement_smb_v1,lateral_movement_smb_v1__run_002,lateral_movement,T1021.002,6,2,1.0,1.0,0.0337,38120.52,29951.84,0.6683,42,33,1.2086,3.3181,0.6935,0.1369,1.1041,1,3,0,0,0,0,1.2482,907.63,435.69,1734.89,8018.43,8152.23,0,0.0647,1.0292,0,0
2026-09-09T15:13:46.201276+00:00,lateral_movement_smb_v1,lateral_movement_smb_v1__run_002,lateral_movement,T1021.002,6,2,1.0,1.0,0.028,56046.27,30570.69,0.6928,66,36,0.6032,1.3098,1.2039,0.2637,1.995,1,3,0,0,0,0,1.803,849.19,206.53,1272.3,8547.77,10330.17,0,0.0611,0.7005,0,0
2026-09-09T15:13:51.201276+00:00,lateral_movement_smb_v1,lateral_movement_smb_v1__run_002,lateral_movement,T1021.002,5,2,0.7219,1.0,0.0173,26567.97,15055.18,0.5456,30,17,1.7021,2.417,1.2223,0.2508,1.9746,1,2,0,0,0,0,1.7458,885.6,260.18,1402.18,7995.48,9436.5,0,0.0945,1.2411,0,0
2026-09-09T15:13:56.201276+00:00,lateral_movement_smb_v1,lateral_movement_smb_v1__run_002,lateral_movement,T1021.002,6,2,0.9183,1.0,0.0,29027.79,29834.12,0.643,36,37,1.3446,1.8225,1.0256,0.2183,1.6805,1,2,0,0,0,0,0.9557,806.33,121.35,998.59,8584.79,7889.09,0,0.0321,1.4924,0,0
2026-09-09T15:14:01.201276+00:00,lateral_movement_smb_v1,lateral_movement_smb_v1__run_002,lateral_movement,T1021.002,5,2,0.971,1.0,0.0178,26464.46,21171.56,0.658,30,24,1.3481,1.736,1.3204,0.3387,2.3366,1,2,0,0,0,0,1.2205,882.15,202.36,1186.64,7888.3,8478.04,0,0.0795,1.0622,0,0
2026-09-09T15:14:06.201276+00:00,lateral_movement_smb_v1,lateral_movement_smb_v1__run_002,lateral_movement,T1021.002,6,2,0.9183,0.9655,0.0519,41368.44,46293.25,0.6697,42,47,0.9261,1.7443,0.8698,0.1138,1.2112,1,3,0,0,0,0,0.8884,984.96,386.31,1826.32,8385.04,7139.27,0,0.0321,1.4008,0,0
2026-09-09T15:14:11.201276+00:00,lateral_movement_smb_v1,lateral_movement_smb_v1__run_002,lateral_movement,T1021.002,8,2,1.0,1.0,0.0147,48718.18,26968.99,0.6478,56,31,0.8411,1.2849,0.9627,0.2614,1.7468,1,3,0,0,1,0,1.7826,869.97,230.2,1279.29,7294.16,8517.49,0,0.0886,1.1955,1,0
2026-09-09T15:14:16.201276+00:00,lateral_movement_smb_v1,lateral_movement_smb_v1__run_002,lateral_movement,T1021.002,1,1,-0.0,0.9948,0.0,4496.41,2697.84,0.7233,5,3,0.8836,1.1236,0.7603,0.1405,1.1819,0,0,0,0,0,0,1.4768,899.28,0.0,899.28,8667.84,8446.54,0,0.0691,2.1327,0,0
2026-09-09T15:14:21.201276+00:00,lateral_movement_smb_v1,lateral_movement_smb_v1__run_002,lateral_movement,T1021.002,5,2,0.971,0.9819,0.0197,50031.72,45483.38,0.6546,55,50,1.4096,2.526,1.1342,0.1557,1.6014,1,2,0,0,0,0,1.0995,909.67,301.67,1210.07,8554.42,8695.45,0,0.089,1.0671,0,0
2026-09-09T15:14:26.201276+00:00,lateral_movement_smb_v1,lateral_movement_smb_v1__run_002,lateral_movement,T1021.002,3,2,0.9183,0.9613,0.0409,37604.98,52646.97,0.5349,30,42,1.0144,2.9314,1.1548,0.2872,2.0165,0,1,0,0,0,0,0.7059,1253.5,372.59,1775.72,9628.89,6510.26,0,0.1197,0.9724,0,0
2026-09-09T15:14:31.201276+00:00,lateral_movement_smb_v1,lateral_movement_smb_v1__run_002,lateral_movement,T1021.002,5,2,0.7219,0.9967,0.0026,32416.12,22228.2,0.6378,35,24,1.4506,3.0456,1.1413,0.286,1.9993,0,2,0,0,0,0,1.418,926.17,232.04,1178.18,8729.86,8770.94,0,0.1197,0.5057,0,0
2026-09-09T15:14:36.201276+00:00,lateral_movement_smb_v1,lateral_movement_smb_v1__run_002,lateral_movement,T1021.002,5,2,0.7219,1.0,0.0,17431.03,17431.03,0.6274,20,20,0.9496,1.5419,1.2802,0.3113,2.2142,1,2,0,0,0,0,0.9867,871.55,279.26,1316.55,7385.08,7898.53,0,0.0752,1.136,0,0
2026-09-09T15:14:41.201276+00:00,lateral_movement_smb_v1,lateral_movement_smb_v1__run_002,lateral_movement,T1021.002,5,2,0.7219,1.0,0.0,43756.2,28198.44,0.6445,45,29,1.299,3.0595,0.8267,0.1385,1.2422,1,2,0,0,0,0,1.5222,972.36,315.74,1564.52,8172.25,8685.71,0,0.1136,0.3513,0,0
2026-09-09T15:14:46.201276+00:00,lateral_movement_smb_v1,lateral_movement_smb_v1__run_002,lateral_movement,T1021.002,5,2,0.971,0.9606,0.0454,29243.87,20470.71,0.6346,30,21,0.6439,0.8551,1.3253,0.2304,2.0166,0,2,0,0,0,0,1.4144,974.8,308.53,1483.14,8882.45,8499.25,0,0.0513,1.5474,0,0
2026-09-09T15:14:51.201276+00:00,lateral_movement_smb_v1,lateral_movement_smb_v1__run_002,lateral_movement,T1021.002,7,2,0.9852,1.0,0.0,35389.83,23833.97,0.6805,49,33,1.1358,1.6824,1.0043,0.2647,1.7985,1,3,0,0,0,0,1.443,722.24,223.31,1177.01,8217.1,8098.94,0,0.1127,0.5218,0,1
2026-09-09T15:14:56.201276+00:00,lateral_movement_smb_v1,lateral_movement_smb_v1__run_002,lateral_movement,T1021.002,7,2,0.8631,0.9582,0.0248,38958.16,38163.09,0.7213,49,48,0.6833,1.2074,0.844,0.2252,1.5196,1,3,0,0,0,0,1.0054,795.06,149.27,959.41,9189.86,7095.16,0,0.0429,0.5547,0,2
2026-09-09T15:15:01.201276+00:00,lateral_movement_smb_v1,lateral_movement_smb_v1__run_002,lateral_movement,T1021.002,7,2,0.8631,1.0,0.0,72250.41,106968.13,0.6907,77,114,0.8216,1.0933,0.8214,0.119,1.1783,1,3,0,0,0,0,0.6705,938.32,309.62,1420.39,9775.47,7913.93,0,0.1016,1.6972,0,0
2026-09-09T15:15:06.201276+00:00,lateral_movement_smb_v1,lateral_movement_smb_v1__run_002,lateral_movement,T1021.002,5,2,0.971,1.0,0.0,14977.06,13978.59,0.6217,15,14,1.1685,3.0464,1.0294,0.2791,1.8668,0,2,0,0,0,0,1.0303,998.47,104.27,1148.52,8244.39,7635.3,0,0.0845,1.7797,0,0
2026-09-09T15:15:11.201276+00:00,lateral_movement_smb_v1,lateral_movement_smb_v1__run_002,lateral_movement,T1021.002,0,0,0.0,0.9904,0.0425,0.0,0.0,0.6153,0,0,0.6069,1.6989,1.1694,0.2589,1.946,0,0,0,0,0,0,1.0035,918.75,0.0,918.75,10512.58,8844.18,0,0.0126,1.1547,0,0
2026-09-09T15:15:16.201276+00:00,lateral_movement_smb_v1,lateral_movement_smb_v1__run_002,lateral_movement,T1021.002,5,2,0.7219,1.0,0.0,21377.21,28502.95,0.7061,30,40,1.1884,2.0456,0.9707,0.2155,1.6173,1,2,0,0,0,0,0.7466,712.57,132.08,924.49,9139.66,6528.38,0,0.1015,0.4458,0,0
2026-09-09T15:15:21.201276+00:00,lateral_movement_smb_v1,lateral_movement_smb_v1__run_002,lateral_movement,T1021.002,4,2,0.8113,1.0,0.0,31639.85,25487.66,0.6896,36,29,0.4728,0.5815,0.8654,0.1754,1.3917,0,1,0,0,0,0,1.2106,878.88,207.3,1210.27,8716.89,6894.4,0,0.1101,1.5206,0,0
2026-09-09T15:15:26.201276+00:00,lateral_movement_smb_v1,lateral_movement_smb_v1__run_002,lateral_movement,T1021.002,9,2,0.9911,0.9949,0.004,78778.31,63217.17,0.6976,81,65,0.597,1.7072,0.9079,0.1079,1.2315,2,4,0,0,1,0,1.2386,972.57,171.19,1260.85,7963.41,7123.74,0,0.0984,0.5669,0,0
2026-09-09T15:15:31.201276+00:00,lateral_movement_smb_v1,lateral_movement_smb_v1__run_002,lateral_movement,T1021.002,5,2,0.971,0.9548,0.0281,24497.94,14698.77,0.7872,30,18,0.8205,1.5226,0.8439,0.245,1.579,1,2,0,0,0,0,1.5817,816.6,129.83,973.03,7194.5,7787.89,0,0.0763,0.3899,0,1
2026-09-09T15:15:36.201276+00:00,lateral_movement_smb_v1,lateral_movement_smb_v1__run_002,lateral_movement,T1021.002,3,2,0.9183,0.9686,0.0325,12541.34,7315.78,0.7191,12,7,0.9907,2.0383,1.2287,0.1934,1.8089,0,1,0,0,0,0,1.6404,1045.11,350.19,1454.12,8733.55,9675.5,0,0.0523,1.1958,0,0
2026-09-09T15:15:41.201276+00:00,lateral_movement_smb_v1,lateral_movement_smb_v1__run_002,lateral_movement,T1021.002,9,2,0.9183,0.9656,0.0363,69578.88,53150.53,0.6675,72,55,0.8763,1.1053,1.1763,0.3381,2.1905,1,4,1,0,1,0,1.2902,966.37,160.23,1256.25,8776.89,8204.83,0,0.1315,0.5793,0,1
2026-09-09T15:15:46.201276+00:00,lateral_movement_smb_v1,lateral_movement_smb_v1__run_002,lateral_movement,T1021.002,6,2,0.9183,0.9764,0.0372,28582.58,20007.8,0.5646,30,21,1.3293,3.7538,1.2253,0.1605,1.7069,1,2,0,0,0,0,1.4262,952.75,356.76,1608.83,8156.87,9369.93,0,0.1279,0.6227,0,0
2026-09-09T15:15:51.201276+00:00,lateral_movement_smb_v1,lateral_movement_smb_v1__run_002,lateral_movement,T1021.002,6,2,1.0,0.9889,0.0027,46296.35,35150.93,0.6342,54,41,1.196,2.0836,0.9019,0.1659,1.3995,1,2,0,0,1,0,1.3065,857.34,95.27,966.54,8709.3,7551.04,0,0.0461,0.9725,0,0
2026-09-09T15:15:56.201276+00:00,lateral_movement_smb_v1,lateral_movement_smb_v1__run_002,lateral_movement,T1021.002,4,2,1.0,1.0,0.0356,20690.6,20690.6,0.6211,24,24,1.2227,2.1404,1.0287,0.2192,1.6863,0,2,0,0,0,0,0.9621,862.11,128.04,1068.71,6181.75,8898.14,0,0.0622,1.928,0,0
2026-09-09T15:16:01.201276+00:00,lateral_movement_smb_v1,lateral_movement_smb_v1__run_002,lateral_movement,T1021.002,7,2,0.9852,0.9905,0.0,41946.36,30960.41,0.6593,42,31,1.6217,3.7346,1.1284,0.3304,2.1197,1,3,0,0,0,0,1.3357,998.72,470.64,1902.41,9406.84,8061.41,0,0.1408,1.2035,0,0
2026-09-09T15:16:06.201276+00:00,lateral_movement_smb_v1,lateral_movement_smb_v1__run_002,lateral_movement,T1021.002,4,2,1.0,0.9894,0.003,34857.36,30016.06,0.7027,36,31,1.4959,3.1182,1.2001,0.1941,1.7825,0,1,0,0,0,0,1.1563,968.26,431.44,1674.4,7879.38,8882.92,0,0.0714,1.4593,0,0
2026-09-09T15:16:11.201276+00:00,lateral_movement_smb_v1,lateral_movement_smb_v1__run_002,lateral_movement,T1021.002,8,2,1.0,1.0,0.0135,28324.68,28324.68,0.6894,32,32,0.7729,1.0811,1.0286,0.2415,1.7531,1,4,0,0,1,0,0.9792,885.15,283.56,1437.36,8958.26,7302.23,0,0.0578,1.3947,0,0
2026-09-09T15:16:16.201276+00:00,lateral_movement_smb_v1,lateral_movement_smb_v1__run_002,lateral_movement,T1021.002,9,2,0.9183,0.9893,0.0,51305.55,42754.63,0.7147,54,45,0.4736,0.7067,0.8719,0.0903,1.1427,1,4,0,0,1,0,1.1773,950.1,281.66,1377.55,7955.15,9524.03,0,0.1182,0.8026,0,0
2026-09-09T15:16:21.201276+00:00,lateral_movement_smb_v1,lateral_movement_smb_v1__run_002,lateral_movement,T1021.002,4,2,0.8113,0.9338,0.073,10752.93,6272.54,0.6801,12,7,1.0323,1.6177,1.1928,0.274,2.0148,0,1,0,0,0,0,1.5128,896.08,149.45,1101.94,7702.77,7336.88,0,0.124,1.2302,0,0
2026-09-09T15:16:26.201276+00:00,lateral_movement_smb_v1,lateral_movement_smb_v1__run_002,lateral_movement,T1021.002,3,1,-0.0,0.9734,0.0417,13286.18,9964.63,0.6231,24,18,1.0901,2.0706,0.9122,0.2065,1.5316,0,1,0,0,0,0,1.3151,553.59,113.11,669.47,7468.6,8530.89,0,0.0156,0.6696,0,0
2026-09-09T15:16:31.201276+00:00,lateral_movement_smb_v1,lateral_movement_smb_v1__run_002,lateral_movement,T1021.002,3,2,0.9183,0.9959,0.0,50371.36,32181.7,0.6354,36,23,0.7154,0.8788,0.7639,0.2271,1.4451,0,1,0,0,0,0,1.5065,1399.2,559.46,1911.78,9242.09,8362.77,0,0.1186,1.0177,0,0
2026-09-09T15:16:36.201276+00:00,lateral_movement_smb_v1,lateral_movement_smb_v1__run_002,lateral_movement,T1021.002,6,2,0.9183,1.0,0.0082,41490.12,50380.86,0.6341,42,51,1.5015,2.7026,1.231,0.368,2.3351,1,2,0,0,0,0,0.8132,987.86,212.53,1228.47,7738.52,9168.38,0,0.1532,1.2973,0,0
2026-09-09T15:16:41.201276+00:00,lateral_movement_smb_v1,lateral_movement_smb_v1__run_002,lateral_movement,T1021.002,3,2,0.9183,0.9962,0.006,25529.47,20210.83,0.5189,24,19,1.164,1.713,0.9403,0.1203,1.3013,0,1,0,0,0,0,1.2353,1063.73,155.77,1283.07,8246.73,8142.21,0,0.0884,1.1131,0,0
2026-09-09T15:16:46.201276+00:00,lateral_movement_smb_v1,lateral_movement_smb_v1__run_002,lateral_movement,T1021.002,5,2,0.971,0.9621,0.0383,17372.18,17372.18,0.7132,20,20,0.5211,0.9574,0.8796,0.1039,1.1912,0,2,0,0,0,0,0.9886,868.61,218.53,1279.28,5989.56,6994.23,0,0.1285,1.1088,0,0
2026-09-09T15:16:51.201276+00:00,lateral_movement_smb_v1,lateral_movement_smb_v1__run_002,lateral_movement,T1021.002,4,2,0.8113,1.0,0.0,43753.19,34497.71,0.7009,52,41,0.7965,1.9025,1.071,0.2493,1.819,0,2,0,0,0,0,1.2441,841.41,290.74,1281.15,7959.64,7620.38,0,0.0494,1.3457,0,0
2026-09-09T15:16:56.201276+00:00,lateral_movement_smb_v1,lateral_movement_smb_v1__run_002,lateral_movement,T1021.002,9,1,-0.0,1.0,0.0001,49072.48,31936.06,0.6359,63,41,1.0623,2.1473,0.8376,0.1671,1.3388,1,4,1,0,1,0,1.5274,778.93,228.47,1114.21,8436.33,8446.89,0,0.0477,1.2606,0,0
2026-09-09T15:17:01.201276+00:00,lateral_movement_smb_v1,lateral_movement_smb_v1__run_002,lateral_movement,T1021.002,2,1,-0.0,0.9946,0.039,7418.82,7418.82,0.626,6,6,1.2025,2.5346,1.1756,0.2422,1.9022,0,0,0,0,0,0,0.8688,1236.47,693.3,1929.77,8030.09,7668.52,0,0.0589,1.0219,0,0
2026-09-09T15:17:06.201276+00:00,lateral_movement_smb_v1,lateral_movement_smb_v1__run_002,lateral_movement,T1021.002,3,2,0.9183,1.0,0.0194,11698.51,9098.84,0.6744,9,7,1.0021,2.7072,0.9478,0.2756,1.7745,0,1,0,0,0,0,1.276,1299.83,453.16,1909.91,7554.07,8053.06,0,0.1132,0.439,0,0
2026-09-09T15:17:11.201276+00:00,lateral_movement_smb_v1,lateral_movement_smb_v1__run_002,lateral_movement,T1021.002,5,2,0.971,0.9854,0.004,33956.72,22637.81,0.599,30,20,1.4451,2.9212,0.8971,0.1721,1.4133,1,2,0,0,0,0,1.4583,1131.89,418.89,1663.7,9883.88,10286.57,0,0.0585,0.6417,0,1
2026-09-09T15:17:16.201276+00:00,lateral_movement_smb_v1,lateral_movement_smb_v1__run_002,lateral_movement,T1021.002,4,2,1.0,0.9675,0.0278,34843.8,27716.66,0.6787,44,35,0.5492,1.3153,0.9247,0.2098,1.5541,0,2,0,0,0,0,1.2568,791.9,229.91,1144.22,6638.03,6728.42,0,0.0638,0.8896,0,0
2026-09-09T15:17:21.201276+00:00,lateral_movement_smb_v1,lateral_movement_smb_v1__run_002,lateral_movement,T1021.002,4,2,0.8113,1.0,0.0,32285.34,17151.58,0.664,32,17,1.5645,2.6367,1.1453,0.2641,1.9375,0,1,0,0,0,0,1.8626,1008.92,396.78,1410.49,8183.96,9445.92,0,0.0964,0.8174,0,0
2026-09-09T15:17:26.201276+00:00,lateral_movement_smb_v1,lateral_movement_smb_v1__run_002,lateral_movement,T1021.002,3,2,0.9183,0.975,0.034,15178.97,26563.21,0.6244,24,42,0.5303,1.3978,0.8567,0.1217,1.2218,0,1,0,0,0,0,0.5664,632.46,99.8,767.62,7421.59,8619.12,0,0.0304,1.6777,0,0
2026-09-09T15:17:31.201276+00:00,lateral_movement_smb_v1,lateral_movement_smb_v1__run_002,lateral_movement,T1021.002,6,2,1.0,0.9778,0.0009,17503.55,21150.12,0.6405,24,29,0.7109,1.2279,0.9506,0.1183,1.3054,1,3,0,0,0,0,0.8102,729.31,170.72,998.31,8688.62,8528.56,0,0.0618,0.8752,0,0
2026-09-09T15:17:36.201276+00:00,lateral_movement_smb_v1,lateral_movement_smb_v1__run_002,lateral_movement,T1021.002,10,2,0.8813,0.9794,0.022,10967.43,8773.94,0.5946,10,8,0.5384,1.075,0.7504,0.1058,1.0677,2,5,1,0,1,0,1.1909,1096.74,309.42,1630.66,9599.28,8563.04,0,0.1124,0.9267,0,1
2026-09-09T15:17:41.201276+00:00,lateral_movement_smb_v1,lateral_movement_smb_v1__run_002,lateral_movement,T1021.002,6,2,0.9183,0.9683,0.0312,46915.25,38314.12,0.574,60,49,1.1717,1.4294,1.1165,0.2892,1.984,1,2,0,0,0,0,1.2169,781.92,248.25,1121.61,8434.31,7996.7,0,0.1439,0.4895,0,0
2026-09-09T15:17:46.201276+00:00,lateral_movement_smb_v1,lateral_movement_smb_v1__run_002,lateral_movement,T1021.002,6,2,1.0,0.9831,0.0055,38479.09,43059.94,0.6568,42,47,1.0599,2.1527,1.0156,0.1549,1.4803,1,2,0,0,0,0,0.8882,916.17,140.41,1137.82,6339.79,6694.56,0,0.1057,1.7434,0,0
2026-09-09T15:17:51.201276+00:00,lateral_movement_smb_v1,lateral_movement_smb_v1__run_002,lateral_movement,T1021.002,4,2,0.8113,0.9984,0.0405,18541.51,17614.43,0.6171,20,19,0.7785,1.9418,0.9008,0.1516,1.3554,0,2,0,0,0,0,1.0295,927.08,309.12,1292.17,7826.42,7208.96,0,0.1027,1.5725,0,1
2026-09-09T15:17:56.201276+00:00,lateral_movement_smb_v1,lateral_movement_smb_v1__run_002,lateral_movement,T1021.002,6,2,1.0,0.9794,0.0224,44245.5,61100.93,0.5711,42,58,0.5103,0.8302,0.9097,0.2518,1.6649,1,3,0,0,1,0,0.7228,1053.46,437.92,1991.41,8972.69,8872.46,0,0.0454,1.15,0,0
2026-09-09T15:18:01.201276+00:00,lateral_movement_smb_v1,lateral_movement_smb_v1__run_002,lateral_movement,T1021.002,5,2,0.971,1.0,0.0111,16923.88,18616.26,0.615,20,22,1.2303,1.8726,1.0325,0.1813,1.5765,0,2,0,0,0,0,0.8774,846.19,360.18,1554.18,7719.77,7715.99,0,0.0779,0.5991,1,0
2026-09-09T15:18:06.201276+00:00,lateral_movement_smb_v1,lateral_movement_smb_v1__run_002,lateral_movement,T1021.002,9,2,0.9911,0.9847,0.0223,54839.58,45264.42,0.6347,63,52,0.9868,2.4198,0.9011,0.152,1.3572,1,4,0,0,1,0,1.1975,870.47,265.15,1247.81,7596.31,8405.31,0,0.0544,0.7577,0,0
2026-09-09T15:18:11.201276+00:00,lateral_movement_smb_v1,lateral_movement_smb_v1__run_002,lateral_movement,T1021.002,1,1,-0.0,1.0,0.0152,7917.12,4948.2,0.6219,8,5,1.1735,2.6355,0.8968,0.1489,1.3433,0,0,0,0,0,0,1.5071,989.64,0.0,989.64,9073.58,6548.87,0,0.0567,1.2314,0,0
2026-09-09T15:18:16.201276+00:00,lateral_movement_smb_v1,lateral_movement_smb_v1__run_002,lateral_movement,T1021.002,5,2,0.971,0.9635,0.0049,36910.97,35856.37,0.6138,35,34,0.5656,1.478,1.0262,0.2832,1.8758,1,2,0,0,0,0,1.0103,1054.6,302.88,1466.16,6989.88,7978.94,0,0.149,1.0463,0,0
2026-09-09T15:18:21.201276+00:00,lateral_movement_smb_v1,lateral_movement_smb_v1__run_002,lateral_movement,T1021.002,4,1,-0.0,1.0,0.0,12741.98,8494.65,0.6583,12,8,0.5972,1.175,0.9035,0.1123,1.2403,0,1,0,0,0,0,1.3835,1061.83,118.95,1200.67,8620.17,7445.51,0,0.078,0.8746,0,0
2026-09-09T15:18:26.201276+00:00,lateral_movement_smb_v1,lateral_movement_smb_v1__run_002,lateral_movement,T1021.002,6,2,0.65,0.9978,0.0,21963.49,19218.05,0.6647,24,21,0.4582,1.3445,0.8579,0.1781,1.3921,1,2,0,0,0,0,1.1236,915.15,193.01,1220.6,7197.39,6507.67,0,0.0952,1.4988,0,0
2026-09-09T15:18:31.201276+00:00,lateral_movement_smb_v1,lateral_movement_smb_v1__run_002,lateral_movement,T1021.002,2,2,1.0,0.9969,0.0101,16969.6,9427.56,0.6783,18,10,0.7461,1.8258,1.0732,0.2561,1.8414,0,0,0,0,0,0,1.6867,942.76,80.13,1022.89,8897.89,6594.02,0,0.0753,0.3637,0,0
2026-09-09T15:18:36.201276+00:00,lateral_movement_smb_v1,lateral_movement_smb_v1__run_002,lateral_movement,T1021.002,1,1,-0.0,1.0,0.0,4197.21,4197.21,0.6293,6,6,1.1375,2.3568,0.9365,0.2447,1.6705,0,0,0,0,0,0,0.9223,699.53,0.0,699.53,8287.07,6890.85,0,0.0641,0.2634,0,0
2026-09-09T15:18:41.201276+00:00,lateral_movement_smb_v1,lateral_movement_smb_v1__run_002,lateral_movement,T1021.002,3,1,-0.0,1.0,0.0,18099.33,14077.26,0.6001,18,14,1.5476,3.0466,1.0223,0.1819,1.568,0,1,0,0,0,0,1.2817,1005.52,136.52,1192.71,7971.92,9056.64,0,0.0529,0.2221,0,0
2026-09-09T15:18:46.201276+00:00,lateral_movement_smb_v1,lateral_movement_smb_v1__run_002,lateral_movement,T1021.002,9,2,0.7642,0.9681,0.07,59532.68,68627.95,0.6101,72,83,0.5805,1.5916,0.9371,0.1908,1.5094,1,4,0,0,1,0,0.8628,826.84,174.03,1124.15,6867.73,7453.82,0,0.0235,0.8977,0,1
2026-09-09T15:18:51.201276+00:00,lateral_movement_smb_v1,lateral_movement_smb_v1__run_002,lateral_movement,T1021.002,8,2,0.8113,0.9721,0.0364,52750.31,52750.31,0.6691,56,56,0.7715,1.1874,1.2427,0.3082,2.1674,1,4,0,0,1,0,0.9942,941.97,294.83,1394.17,8486.29,7630.78,0,0.1387,1.4729,0,0
2026-09-09T15:18:56.201276+00:00,lateral_movement_smb_v1,lateral_movement_smb_v1__run_002,lateral_movement,T1021.002,5,2,0.971,0.9941,0.0072,33015.59,29242.38,0.6104,35,31,1.0129,2.8168,0.97,0.2247,1.6441,0,2,0,0,0,0,1.1162,943.3,340.3,1591.65,10357.49,6529.64,0,0.1208,0.2972,0,1
2026-09-09T15:19:01.201276+00:00,lateral_movement_smb_v1,lateral_movement_smb_v1__run_002,lateral_movement,T1021.002,8,2,1.0,1.0,0.0,50834.69,58096.79,0.6661,56,64,0.9606,2.8272,1.1982,0.1257,1.5753,1,3,0,0,1,0,0.865,907.76,205.42,1176.82,8985.68,7455.16,0,0.121,1.183,0,0
2026-09-09T15:19:06.201276+00:00,lateral_movement_smb_v1,lateral_movement_smb_v1__run_002,lateral_movement,T1021.002,7,2,0.9852,0.9905,0.0569,6714.68,6714.68,0.6467,7,7,1.338,1.6507,1.2654,0.3305,2.2568,1,3,0,0,1,0,0.887,959.24,255.34,1295.07,9630.57,9092.26,0,0.0398,0.8225,0,0
2026-09-09T15:19:11.201276+00:00,lateral_movement_smb_v1,lateral_movement_smb_v1__run_002,lateral_movement,T1021.002,6,2,0.65,1.0,0.0,22334.09,25311.97,0.7197,30,34,0.8211,1.4734,0.7833,0.1698,1.2927,1,3,0,0,1,0,0.8822,744.47,240.53,1198.59,8881.54,8046.09,0,0.0879,0.6164,0,0
2026-09-09T15:19:16.201276+00:00,lateral_movement_smb_v1,lateral_movement_smb_v1__run_002,lateral_movement,T1021.002,5,2,0.971,0.9827,0.0111,30269.82,22486.15,0.6599,35,26,0.7488,2.1152,0.9777,0.2681,1.782,0,2,0,0,0,0,1.3276,864.85,240.32,1258.48,7747.05,7734.99,0,0.0574,1.1325,0,0
2026-09-09T15:19:21.201276+00:00,lateral_movement_smb_v1,lateral_movement_smb_v1__run_002,lateral_movement,T1021.002,5,2,0.7219,1.0,0.0,33129.37,17984.52,0.6028,35,19,1.1095,2.9816,0.8866,0.2375,1.599,1,2,0,0,0,0,1.8122,946.55,84.94,1104.53,8940.23,7593.22,0,0.1269,1.3846,0,0
2026-09-09T15:19:26.201276+00:00,lateral_movement_smb_v1,lateral_movement_smb_v1__run_002,lateral_movement,T1021.002,3,2,0.9183,1.0,0.0365,25420.32,19771.36,0.6799,18,14,1.715,4.19,1.2693,0.2111,1.9024,0,1,0,0,0,0,1.2275,1412.24,180.13,1585.72,7798.74,9636.81,0,0.1005,1.8251,0,0
2026-09-09T15:19:31.201276+00:00,lateral_movement_smb_v1,lateral_movement_smb_v1__run_002,lateral_movement,T1021.002,3,2,0.9183,1.0,0.0007,11721.4,9377.12,0.7209,15,12,0.8068,1.304,0.8524,0.09,1.1223,0,1,0,0,0,0,1.1574,781.43,164.01,1000.17,9242.62,9700.3,0,0.0672,1.615,0,0
2026-09-09T15:19:36.201276+00:00,lateral_movement_smb_v1,lateral_movement_smb_v1__run_002,lateral_movement,T1021.002,5,2,0.971,1.0,0.0,9317.44,6522.21,0.678,10,7,0.6341,1.6991,0.8602,0.1303,1.251,1,2,0,0,0,0,1.338,931.74,439.82,1647.48,9209.83,6963.78,0,0.0748,1.1723,0,0
2026-09-09T15:19:41.201276+00:00,lateral_movement_smb_v1,lateral_movement_smb_v1__run_002,lateral_movement,T1021.002,12,2,0.9799,1.0,0.0,49957.06,32472.09,0.6431,60,39,1.5267,2.5404,0.9151,0.1082,1.2397,2,6,0,0,1,0,1.5112,832.62,245.06,1190.71,9538.1,8572.54,0,0.1059,0.9816,2,0
2026-09-09T15:19:46.201276+00:00,lateral_movement_smb_v1,lateral_movement_smb_v1__run_002,lateral_movement,T1021.002,5,2,0.971,0.9675,0.034,36593.55,42866.73,0.672,35,41,0.933,1.973,0.8565,0.1826,1.4042,1,2,0,0,0,0,0.8386,1045.53,412.14,1833.48,9935.2,6624.02,0,0.0802,1.0596,0,0
2026-09-09T15:19:51.201276+00:00,lateral_movement_smb_v1,lateral_movement_smb_v1__run_002,lateral_movement,T1021.002,2,2,1.0,1.0,0.0,12692.97,9872.31,0.6172,18,14,0.6123,0.9101,1.2901,0.181,1.8331,0,1,0,0,0,0,1.2406,705.17,92.74,797.9,9048.73,8828.06,0,0.1054,1.7349,0,0
2026-09-09T15:19:56.201276+00:00,lateral_movement_smb_v1,lateral_movement_smb_v1__run_002,lateral_movement,T1021.002,9,2,0.9183,0.9518,0.0409,49389.56,34755.62,0.67,54,38,1.2749,2.8067,0.6417,0.1096,0.9707,1,4,0,0,1,0,1.4129,914.62,279.57,1509.98,9995.98,5952.26,0,0.0473,1.9975,0,0
2026-09-09T15:20:01.201276+00:00,lateral_movement_smb_v1,lateral_movement_smb_v1__run_002,lateral_movement,T1021.002,10,2,1.0,1.0,0.0,20393.56,17334.52,0.7326,20,17,1.6195,2.3352,1.021,0.1835,1.5716,1,4,0,0,1,0,1.1623,1019.68,185.07,1353.32,8813.95,8712.9,0,0.1058,1.594,0,0
2026-09-09T15:20:06.201276+00:00,lateral_movement_smb_v1,lateral_movement_smb_v1__run_002,lateral_movement,T1021.002,1,1,-0.0,0.949,0.039,7915.33,4397.41,0.6808,9,5,1.7241,4.2343,1.223,0.2034,1.8332,0,0,0,0,0,0,1.6568,879.48,0.0,879.48,8747.77,8996.86,0,0.0633,0.9075,0,0
2026-09-09T15:20:11.201276+00:00,lateral_movement_smb_v1,lateral_movement_smb_v1__run_002,lateral_movement,T1021.002,0,0,0.0,0.9745,0.018,0.0,0.0,0.683,0,0,1.4294,3.3823,1.203,0.3129,2.1416,0,0,0,0,0,0,1.3887,577.7,0.0,577.7,9458.6,8453.78,0,0.0,0.0,0,0
2026-09-09T15:20:16.201276+00:00,lateral_movement_smb_v1,lateral_movement_smb_v1__run_002,lateral_movement,T1021.002,3,2,0.9183,0.9831,0.009,29299.94,24040.97,0.7189,39,32,1.6931,4.8194,1.1839,0.2291,1.8711,0,1,0,0,0,0,1.2043,751.28,196.88,1028.03,6307.97,7930.69,0,0.0936,1.382,0,0
2026-09-09T15:20:21.201276+00:00,lateral_movement_smb_v1,lateral_movement_smb_v1__run_002,lateral_movement,T1021.002,2,1,-0.0,1.0,0.0,31848.64,22049.06,0.6796,26,18,1.1676,2.6253,1.2613,0.3281,2.2456,0,1,0,0,0,0,1.4389,1224.95,333.63,1558.57,10280.22,8827.43,0,0.1142,1.3953,0,0
2026-09-09T15:20:26.201276+00:00,lateral_movement_smb_v1,lateral_movement_smb_v1__run_002,lateral_movement,T1021.002,1,1,-0.0,1.0,0.0246,3025.39,1512.7,0.6601,4,2,0.5646,1.5367,1.0941,0.1887,1.6603,0,0,0,0,0,0,1.4345,756.35,0.0,756.35,8115.08,6443.61,0,0.0564,0.2676,0,0
2026-09-09T15:20:31.201276+00:00,lateral_movement_smb_v1,lateral_movement_smb_v1__run_002,lateral_movement,T1021.002,0,0,0.0,1.0,0.0,0.0,0.0,0.7346,0,0,1.3783,2.5202,0.8639,0.2321,1.5602,0,0,0,0,0,0,1.0323,1373.81,0.0,1373.81,8960.36,6721.33,0,0.0,0.6372,0,0
2026-09-09T15:20:36.201276+00:00,lateral_movement_smb_v1,lateral_movement_smb_v1__run_002,lateral_movement,T1021.002,7,2,0.9852,1.0,0.0091,37709.99,40018.77,0.6619,49,52,0.5046,1.5004,0.9581,0.2746,1.7818,1,3,0,0,0,0,0.9344,769.59,184.82,999.22,7930.35,8881.97,0,0.0641,1.0942,1,0
2026-09-09T15:20:41.201276+00:00,lateral_movement_smb_v1,lateral_movement_smb_v1__run_002,lateral_movement,T1021.002,3,2,0.9183,0.9936,0.0,12053.36,11048.91,0.6145,12,11,1.1042,3.2652,0.7013,0.1727,1.2193,0,1,0,0,0,0,1.0656,1004.45,262.37,1216.86,7846.79,7302.73,0,0.0523,0.0963,0,0
2026-09-09T15:20:46.201276+00:00,lateral_movement_smb_v1,lateral_movement_smb_v1__run_002,lateral_movement,T1021.002,5,1,-0.0,0.9884,0.0,10141.2,7098.84,0.6102,10,7,1.1588,2.1451,1.3052,0.3563,2.3742,1,2,0,0,0,0,1.3581,1014.12,281.47,1335.54,7766.2,7484.4,0,0.1282,0.7237,0,0
2026-09-09T15:20:51.201276+00:00,lateral_movement_smb_v1,lateral_movement_smb_v1__run_002,lateral_movement,T1021.002,7,2,0.8631,1.0,0.0,14181.43,20259.19,0.6908,14,20,0.5357,1.2606,0.9482,0.2174,1.6003,1,3,0,0,0,0,0.6786,1012.96,247.51,1448.22,6359.74,8520.0,0,0.0869,1.5482,0,0
2026-09-09T15:20:56.201276+00:00,lateral_movement_smb_v1,lateral_movement_smb_v1__run_002,lateral_movement,T1021.002,1,1,-0.0,0.9617,0.0242,5777.9,3611.19,0.6653,8,5,1.5572,3.1077,1.0533,0.1561,1.5215,0,0,0,0,0,0,1.5268,722.24,0.0,722.24,10189.6,9092.26,0,0.037,0.7311,0,0
2026-09-09T15:21:01.201276+00:00,lateral_movement_smb_v1,lateral_movement_smb_v1__run_002,lateral_movement,T1021.002,3,2,0.9183,0.9884,0.0,18740.99,20302.74,0.6733,24,26,1.2872,2.6061,1.0644,0.2775,1.8967,0,1,0,0,0,0,0.8945,780.87,207.12,1073.76,6840.35,8907.37,0,0.1015,0.9292,0,0
2026-09-09T15:21:06.201276+00:00,lateral_movement_smb_v1,lateral_movement_smb_v1__run_002,lateral_movement,T1021.002,6,2,0.9183,0.9902,0.0,52391.29,40166.66,0.592,60,46,0.6152,1.4082,0.811,0.1735,1.3314,1,2,0,0,1,0,1.2847,873.19,255.25,1319.75,6331.76,7875.72,0,0.0846,0.5867,0,0
2026-09-09T15:21:11.201276+00:00,lateral_movement_smb_v1,lateral_movement_smb_v1__run_002,lateral_movement,T1021.002,4,2,0.8113,0.9944,0.0052,32911.51,28340.47,0.624,36,31,1.1837,2.5506,0.8136,0.1827,1.3618,0,1,0,0,0,0,1.1373,914.21,231.81,1311.4,8764.39,7193.48,0,0.0294,0.9067,1,1
2026-09-09T15:21:16.201276+00:00,lateral_movement_smb_v1,lateral_movement_smb_v1__run_002,lateral_movement,T1021.002,10,2,0.8813,0.9931,0.0,57008.84,35019.72,0.6223,70,43,0.5068,0.6723,0.9141,0.1997,1.5131,2,5,0,0,1,0,1.6117,814.41,224.31,1154.13,7171.59,7444.45,0,0.0394,0.9142,0,0
2026-09-09T15:21:21.201276+00:00,lateral_movement_smb_v1,lateral_movement_smb_v1__run_002,lateral_movement,T1021.002,4,2,0.8113,0.9758,0.0215,21822.89,88070.94,0.8045,28,113,1.282,2.203,1.2211,0.3267,2.2013,0,1,0,0,0,0,0.2468,779.39,144.93,964.48,7682.88,8350.23,0,0.097,0.0,0,0
2026-09-09T15:21:26.201276+00:00,lateral_movement_smb_v1,lateral_movement_smb_v1__run_002,lateral_movement,T1021.002,12,2,0.9183,1.0,0.0115,42241.44,34321.17,0.5976,48,39,0.7309,1.5203,1.1097,0.2802,1.9504,2,5,0,0,1,0,1.2218,880.03,247.96,1369.27,8754.56,9306.07,0,0.1257,1.1305,1,0
2026-09-09T15:21:31.201276+00:00,lateral_movement_smb_v1,lateral_movement_smb_v1__run_002,lateral_movement,T1021.002,2,2,1.0,1.0,0.0253,9722.44,9722.44,0.5485,10,10,0.818,1.9871,1.2724,0.3007,2.1744,0,0,0,0,0,0,0.9361,972.24,294.02,1266.27,8438.99,9116.07,0,0.0517,1.0765,0,0
2026-09-09T15:21:36.201276+00:00,lateral_movement_smb_v1,lateral_movement_smb_v1__run_002,lateral_movement,T1021.002,4,2,0.8113,0.9882,0.0245,16316.12,20395.15,0.6446,16,20,1.4438,3.788,1.0094,0.174,1.5314,0,2,0,0,0,0,0.7658,1019.76,315.23,1461.18,7999.59,8409.92,0,0.0548,1.5454,0,0
2026-09-09T15:21:41.201276+00:00,lateral_movement_smb_v1,lateral_movement_smb_v1__run_002,lateral_movement,T1021.002,6,2,0.9183,1.0,0.012,39574.82,119548.93,0.6344,48,145,0.9941,1.2635,1.1422,0.3151,2.0875,1,2,0,0,0,0,0.3306,824.48,133.56,963.13,9460.81,6591.65,0,0.066,1.2266,0,0
2026-09-09T15:21:46.201276+00:00,lateral_movement_smb_v1,lateral_movement_smb_v1__run_002,lateral_movement,T1021.002,6,2,0.65,1.0,0.0,38713.72,29035.29,0.7359,48,36,0.5944,1.7378,0.8844,0.1302,1.275,1,3,0,0,1,0,1.3135,806.54,191.6,1219.69,8613.46,8898.48,0,0.0848,0.723,0,0
2026-09-09T15:21:51.201276+00:00,lateral_movement_smb_v1,lateral_movement_smb_v1__run_002,lateral_movement,T1021.002,2,2,1.0,1.0,0.0,14116.92,9411.28,0.6106,18,12,0.926,2.6036,0.9797,0.1601,1.46,0,0,0,0,0,0,1.4658,784.27,15.17,799.44,7693.13,9461.23,0,0.1362,0.9845,0,0
2026-09-09T15:21:56.201276+00:00,lateral_movement_smb_v1,lateral_movement_smb_v1__run_002,lateral_movement,T1021.002,2,2,1.0,0.9978,0.0248,5751.39,5032.47,0.6404,8,7,1.7032,4.4009,1.1987,0.1803,1.7395,0,0,0,0,0,0,1.0515,718.92,3.83,722.76,8508.24,8715.45,0,0.0995,1.6523,0,0
2026-09-09T15:22:01.201276+00:00,lateral_movement_smb_v1,lateral_movement_smb_v1__run_002,lateral_movement,T1021.002,1,1,-0.0,0.964,0.0784,1334.94,667.47,0.6758,2,1,0.9108,1.4833,1.0051,0.2663,1.8041,0,0,0,0,0,0,1.2018,667.47,0.0,667.47,8472.06,7702.41,0,0.0022,0.4684,0,0
2026-09-09T15:22:06.201276+00:00,lateral_movement_smb_v1,lateral_movement_smb_v1__run_002,lateral_movement,T1021.002,5,2,0.971,1.0,0.0,26192.27,23573.04,0.6289,30,27,1.6611,4.867,1.2023,0.2145,1.8459,1,2,0,0,0,0,1.106,873.08,330.18,1160.56,8516.26,7877.65,0,0.0792,0.7716,0,0
2026-09-09T15:22:11.201276+00:00,lateral_movement_smb_v1,lateral_movement_smb_v1__run_002,lateral_movement,T1021.002,6,2,0.9183,0.9997,0.0148,44389.49,43332.6,0.681,42,41,0.502,0.6727,0.8575,0.2273,1.5393,1,2,0,0,1,0,1.0098,1056.89,167.02,1283.94,6149.21,7133.8,0,0.0985,1.1788,0,0
2026-09-09T15:22:16.201276+00:00,lateral_movement_smb_v1,lateral_movement_smb_v1__run_002,lateral_movement,T1021.002,5,2,0.971,1.0,0.0,8538.18,7684.36,0.6397,10,9,0.7296,2.1575,1.0352,0.1937,1.6163,1,2,0,0,0,0,1.0834,853.82,195.37,1198.33,6936.13,7662.13,0,0.0681,1.0646,1,0
2026-09-09T15:22:21.201276+00:00,lateral_movement_smb_v1,lateral_movement_smb_v1__run_002,lateral_movement,T1021.002,9,2,0.9183,0.9664,0.0141,67397.93,38275.37,0.648,81,46,1.2414,1.8464,0.7649,0.1959,1.3524,1,4,0,0,1,0,1.7278,832.07,198.49,1211.25,8887.95,7613.19,0,0.1218,0.9403,0,2
2026-09-09T15:22:26.201276+00:00,lateral_movement_smb_v1,lateral_movement_smb_v1__run_002,lateral_movement,T1021.002,6,2,0.9183,1.0,0.0337,19873.63,12144.99,0.7391,18,11,1.3349,1.9465,0.8791,0.1933,1.4589,1,3,0,0,1,0,1.5718,1104.09,197.58,1467.73,8817.44,7093.14,0,0.0764,1.6397,0,0
2026-09-09T15:22:31.201276+00:00,lateral_movement_smb_v1,lateral_movement_smb_v1__run_002,lateral_movement,T1021.002,1,1,-0.0,0.9899,0.0,3465.61,2310.41,0.6119,6,4,1.1997,2.6081,1.1668,0.1321,1.5632,0,0,0,0,0,0,1.4638,577.6,0.0,577.6,7643.56,7952.95,0,0.0118,0.845,0,0
2026-09-09T15:22:36.201276+00:00,lateral_movement_smb_v1,lateral_movement_smb_v1__run_002,lateral_movement,T1021.002,6,2,0.65,1.0,0.0,43411.78,39277.32,0.7261,42,38,1.0493,2.5215,1.1033,0.1431,1.5325,1,2,0,0,1,0,1.0777,1033.61,307.47,1436.56,7610.98,7581.48,0,0.1371,1.4988,0,0
2026-09-09T15:22:41.201276+00:00,lateral_movement_smb_v1,lateral_movement_smb_v1__run_002,lateral_movement,T1021.002,2,1,-0.0,1.0,0.0,6218.54,4663.91,0.7217,8,6,0.9601,2.6064,0.8188,0.1489,1.2656,0,1,0,0,0,0,1.1776,777.32,26.63,803.95,6969.95,8118.49,0,0.1152,0.6134,0,1
2026-09-09T15:22:46.201276+00:00,lateral_movement_smb_v1,lateral_movement_smb_v1__run_002,lateral_movement,T1021.002,4,2,0.8113,1.0,0.0001,27419.8,34274.75,0.6956,28,35,0.4692,0.6195,0.946,0.1084,1.2713,0,1,0,0,0,0,0.7993,979.28,345.42,1503.51,8731.86,7615.78,0,0.0772,1.8593,0,0
2026-09-09T15:22:51.201276+00:00,lateral_movement_smb_v1,lateral_movement_smb_v1__run_002,lateral_movement,T1021.002,6,2,0.9183,1.0,0.0,71694.34,40825.95,0.6278,72,41,1.4473,1.9328,1.2951,0.2546,2.0587,1,2,0,0,0,0,1.7224,995.75,368.41,1634.83,6812.84,9501.13,0,0.0737,0.4881,0,0
2026-09-09T15:22:56.201276+00:00,lateral_movement_smb_v1,lateral_movement_smb_v1__run_002,lateral_movement,T1021.002,6,2,1.0,1.0,0.0,41879.59,36644.64,0.6262,48,42,1.6693,2.1076,1.092,0.1559,1.5595,1,2,0,0,0,0,1.1333,872.49,204.85,1142.01,9075.98,7526.3,0,0.1105,0.9229,0,0
2026-09-09T15:23:01.201276+00:00,lateral_movement_smb_v1,lateral_movement_smb_v1__run_002,lateral_movement,T1021.002,10,2,1.0,0.9817,0.0047,18273.05,11877.48,0.6525,20,13,1.1166,3.2155,0.9033,0.2242,1.5758,2,4,0,0,1,0,1.5357,913.65,227.61,1333.41,9869.66,6078.35,0,0.0684,0.9509,2,0
2026-09-09T15:23:06.201276+00:00,lateral_movement_smb_v1,lateral_movement_smb_v1__run_002,lateral_movement,T1021.002,7,2,0.9852,1.0,0.0,47996.4,71994.6,0.6761,56,84,0.8896,2.5948,0.9069,0.2195,1.5653,1,3,0,0,1,0,0.6645,857.08,319.31,1505.67,8208.46,9410.8,0,0.0959,0.7969,0,0
2026-09-09T15:23:11.201276+00:00,lateral_movement_smb_v1,lateral_movement_smb_v1__run_002,lateral_movement,T1021.002,6,2,1.0,0.9159,0.0742,43380.12,48200.13,0.612,54,60,1.2078,3.277,0.8134,0.2067,1.4335,1,3,0,0,0,0,0.8982,803.34,239.85,1199.01,6395.6,8783.02,0,0.0755,1.3353,0,0
2026-09-09T15:23:16.201276+00:00,lateral_movement_smb_v1,lateral_movement_smb_v1__run_002,lateral_movement,T1021.002,5,2,0.971,0.957,0.0663,12110.79,7266.48,0.6286,15,9,1.4662,2.8372,1.0425,0.2839,1.8942,0,2,0,0,0,0,1.5175,807.39,247.04,1056.15,8752.92,7696.28,0,0.0948,1.1769,0,0
2026-09-09T15:23:21.201276+00:00,lateral_movement_smb_v1,lateral_movement_smb_v1__run_002,lateral_movement,T1021.002,5,2,0.971,1.0,0.0324,16080.3,8576.16,0.665,15,8,0.8001,1.6926,1.1738,0.1279,1.5575,0,2,0,0,0,0,1.6687,1072.02,96.71,1179.17,8774.44,8161.23,0,0.0482,0.8469,0,0
2026-09-09T15:23:26.201276+00:00,lateral_movement_smb_v1,lateral_movement_smb_v1__run_002,lateral_movement,T1021.002,3,1,-0.0,1.0,0.0107,8626.7,6709.65,0.6038,9,7,1.5811,4.4621,1.2481,0.2445,1.9815,0,1,0,0,0,0,1.2731,958.52,345.5,1439.37,9396.45,9340.5,0,0.0729,1.9706,0,0
2026-09-09T15:23:31.201276+00:00,lateral_movement_smb_v1,lateral_movement_smb_v1__run_002,lateral_movement,T1021.002,7,2,0.9852,0.9868,0.0183,43130.81,32568.16,0.6435,49,37,1.4419,2.7393,1.0627,0.164,1.5548,1,3,0,0,0,0,1.2934,880.22,232.24,1271.16,7987.27,7919.15,0,0.0791,0.7742,0,0
2026-09-09T15:23:36.201276+00:00,lateral_movement_smb_v1,lateral_movement_smb_v1__run_002,lateral_movement,T1021.002,8,2,0.9544,1.0,0.0,19070.33,46881.22,0.6996,24,59,0.7232,1.5659,1.0894,0.2475,1.832,1,4,0,0,1,0,0.4067,794.6,148.65,1098.27,8712.64,6541.12,0,0.1077,1.3175,0,0
2026-09-09T15:23:41.201276+00:00,lateral_movement_smb_v1,lateral_movement_smb_v1__run_002,lateral_movement,T1021.002,1,1,-0.0,0.9662,0.0,3676.4,2205.84,0.6476,5,3,1.3464,2.4731,1.0437,0.2626,1.8316,0,0,0,0,0,0,1.3065,735.28,0.0,735.28,6987.47,9179.13,0,0.0501,0.8096,0,0
2026-09-09T15:23:46.201276+00:00,lateral_movement_smb_v1,lateral_movement_smb_v1__run_002,lateral_movement,T1021.002,9,2,0.9911,0.9736,0.0427,34509.27,35467.86,0.5682,36,37,0.4843,1.2489,0.8491,0.2447,1.5831,2,4,0,0,1,0,0.9531,958.59,503.4,2235.38,7170.59,8753.42,0,0.1126,1.5284,0,0
2026-09-09T15:23:51.201276+00:00,lateral_movement_smb_v1,lateral_movement_smb_v1__run_002,lateral_movement,T1021.002,3,2,0.9183,0.9954,0.0105,20590.98,17471.13,0.6618,33,28,1.2286,3.4894,1.2098,0.2492,1.9576,0,1,0,0,0,0,1.1445,623.97,56.6,676.8,7418.76,8871.02,0,0.1221,1.1496,1,0
2026-09-09T15:23:56.201276+00:00,lateral_movement_smb_v1,lateral_movement_smb_v1__run_002,lateral_movement,T1021.002,3,2,0.9183,0.9663,0.0283,18681.91,17125.09,0.7553,24,22,1.0952,1.6743,1.2527,0.1385,1.6682,0,1,0,0,0,0,1.0444,778.41,171.96,1008.96,7461.18,7288.2,0,0.0784,1.1639,0,0
2026-09-09T15:24:01.201276+00:00,lateral_movement_smb_v1,lateral_movement_smb_v1__run_002,lateral_movement,T1021.002,3,2,0.9183,0.9909,0.0,16674.04,9528.02,0.6262,21,12,0.7767,1.891,1.0393,0.1444,1.4726,0,1,0,0,0,0,1.7325,794.0,142.79,981.26,6805.68,8488.3,0,0.1012,0.9865,0,0
2026-09-09T15:24:06.201276+00:00,lateral_movement_smb_v1,lateral_movement_smb_v1__run_002,lateral_movement,T1021.002,3,2,0.9183,0.9801,0.0,2563.88,3418.51,0.6562,3,4,0.6234,1.5456,1.233,0.2389,1.9498,0,1,0,0,0,0,0.6475,854.63,256.54,1081.76,6975.94,8506.05,0,0.0912,1.2414,0,0
2026-09-09T15:24:11.201276+00:00,lateral_movement_smb_v1,lateral_movement_smb_v1__run_002,lateral_movement,T1021.002,8,2,1.0,0.9309,0.0664,88467.66,80173.82,0.7041,96,87,1.0602,1.7945,0.9672,0.2516,1.7221,1,4,0,0,1,0,1.0979,921.54,380.15,1674.27,6729.86,7973.76,0,0.0726,0.2723,0,0
2026-09-09T15:24:16.201276+00:00,lateral_movement_smb_v1,lateral_movement_smb_v1__run_002,lateral_movement,T1021.002,4,1,-0.0,0.9803,0.0181,16466.45,15437.3,0.6968,16,15,1.2551,2.0339,1.0715,0.131,1.4643,0,2,0,0,0,0,1.0164,1029.15,159.63,1207.58,9057.66,8068.31,0,0.0776,0.8016,0,0
2026-09-09T15:24:21.201276+00:00,lateral_movement_smb_v1,lateral_movement_smb_v1__run_002,lateral_movement,T1021.002,4,1,-0.0,1.0,0.0011,8937.21,8192.44,0.6749,12,11,0.6412,1.3217,0.8282,0.1446,1.2618,0,2,0,0,0,0,1.076,744.77,222.87,973.55,7869.97,8955.23,0,0.0708,1.933,0,0
2026-09-09T15:24:26.201276+00:00,lateral_movement_smb_v1,lateral_movement_smb_v1__run_002,lateral_movement,T1021.002,2,2,1.0,1.0,0.0264,15154.36,16236.81,0.6853,14,15,1.5107,2.8441,1.2733,0.1288,1.6598,0,0,0,0,0,0,0.9162,1082.45,14.97,1097.42,7621.53,7291.23,0,0.1366,1.1294,0,0
2026-09-09T15:24:31.201276+00:00,lateral_movement_smb_v1,lateral_movement_smb_v1__run_002,lateral_movement,T1021.002,3,2,0.9183,1.0,0.0444,11399.72,8549.79,0.6724,12,9,1.4319,3.9767,1.0312,0.3067,1.9512,0,1,0,0,0,0,1.233,949.98,331.94,1419.4,7924.4,8625.0,0,0.0712,0.7581,0,0
2026-09-09T15:24:36.201276+00:00,lateral_movement_smb_v1,lateral_movement_smb_v1__run_002,lateral_movement,T1021.002,5,2,0.971,0.9493,0.0387,28873.69,23098.95,0.6412,30,24,0.5961,0.7901,1.2666,0.3743,2.3894,0,2,0,0,0,0,1.2378,962.46,324.7,1444.85,8692.98,7306.48,0,0.1217,1.1386,0,0
2026-09-09T15:24:41.201276+00:00,lateral_movement_smb_v1,lateral_movement_smb_v1__run_002,lateral_movement,T1021.002,6,2,0.9183,0.9562,0.0903,41383.13,39412.51,0.612,42,40,0.8027,1.3069,0.9175,0.1938,1.4988,1,2,0,0,0,0,1.0305,985.31,354.28,1496.64,9046.17,7263.3,0,0.0937,1.2795,0,0
2026-09-09T15:24:46.201276+00:00,lateral_movement_smb_v1,lateral_movement_smb_v1__run_002,lateral_movement,T1021.002,5,2,0.971,1.0,0.0,21270.67,17016.53,0.6396,20,16,1.2576,1.544,1.0207,0.1961,1.6091,1,2,0,0,0,0,1.208,1063.53,489.12,2011.89,7926.58,7394.98,0,0.1443,1.8452,0,0
2026-09-09T15:24:51.201276+00:00,lateral_movement_smb_v1,lateral_movement_smb_v1__run_002,lateral_movement,T1021.002,2,2,1.0,1.0,0.0095,11049.77,11839.04,0.6274,14,15,0.8318,2.0132,1.1243,0.3357,2.1313,0,1,0,0,0,0,0.8961,789.27,81.77,871.04,7114.89,7630.13,0,0.0868,1.1418,0,1
2026-09-09T15:24:56.201276+00:00,lateral_movement_smb_v1,lateral_movement_smb_v1__run_002,lateral_movement,T1021.002,3,2,0.9183,1.0,0.0,10785.89,6471.53,0.7075,15,9,0.6216,1.6333,0.9711,0.1579,1.4447,0,1,0,0,0,0,1.6469,719.06,143.59,869.65,7107.49,6366.65,0,0.1308,0.715,0,0
2026-09-09T15:25:01.201276+00:00,lateral_movement_smb_v1,lateral_movement_smb_v1__run_002,lateral_movement,T1021.002,7,1,-0.0,1.0,0.0,38686.78,20264.51,0.5741,42,22,1.1009,3.1641,1.3997,0.2101,2.03,1,3,0,0,1,0,1.8405,921.11,190.53,1292.81,8443.13,8189.91,0,0.1183,0.4702,0,0
2026-09-09T15:25:06.201276+00:00,lateral_movement_smb_v1,lateral_movement_smb_v1__run_002,lateral_movement,T1021.002,6,2,0.65,0.9262,0.09,40950.4,31850.31,0.636,36,28,1.0279,1.6727,1.046,0.2707,1.858,1,2,0,0,1,0,1.2424,1137.51,521.67,1850.62,7304.62,7179.36,0,0.0761,1.474,0,0
2026-09-09T15:25:11.201276+00:00,lateral_movement_smb_v1,lateral_movement_smb_v1__run_002,lateral_movement,T1021.002,6,2,0.65,0.9849,0.0202,36537.41,27403.06,0.6042,36,27,0.6554,1.9183,0.9062,0.1491,1.3536,0,2,0,0,0,0,1.2858,1014.93,328.54,1581.4,8930.72,8457.75,0,0.0553,1.013,0,0
2026-09-09T15:25:16.201276+00:00,lateral_movement_smb_v1,lateral_movement_smb_v1__run_002,lateral_movement,T1021.002,7,2,0.9852,0.9978,0.0,35575.25,55903.97,0.6034,42,66,1.6615,2.4834,1.0427,0.2067,1.6628,1,3,0,0,1,0,0.635,847.03,163.66,1232.37,9180.74,7704.85,0,0.1164,0.3171,0,0
2026-09-09T15:25:21.201276+00:00,lateral_movement_smb_v1,lateral_movement_smb_v1__run_002,lateral_movement,T1021.002,7,2,0.8631,0.9562,0.0817,37375.1,54282.88,0.6834,42,61,0.8852,2.3086,0.9303,0.1391,1.3475,1,3,0,0,1,0,0.6783,889.88,234.32,1423.63,8189.79,8334.65,0,0.1521,0.6675,0,0
2026-09-09T15:25:26.201276+00:00,lateral_movement_smb_v1,lateral_movement_smb_v1__run_002,lateral_movement,T1021.002,0,0,0.0,0.9824,0.0176,0.0,0.0,0.6789,0,0,0.5408,1.5711,0.8098,0.1998,1.4093,0,0,0,0,0,0,0.9325,1199.2,0.0,1199.2,7212.93,9325.22,0,0.0,0.5391,0,0
2026-09-09T15:25:31.201276+00:00,lateral_movement_smb_v1,lateral_movement_smb_v1__run_002,lateral_movement,T1021.002,4,2,1.0,1.0,0.0,31742.52,23013.33,0.6169,40,29,1.1565,3.3561,0.9605,0.2594,1.7386,0,2,0,0,0,0,1.3672,793.56,359.6,1339.86,8760.64,8092.55,0,0.0779,1.327,0,0
2026-09-09T15:25:36.201276+00:00,lateral_movement_smb_v1,lateral_movement_smb_v1__run_002,lateral_movement,T1021.002,11,2,0.9457,0.9915,0.0,28758.2,24400.9,0.6357,33,28,0.7805,1.1935,1.3132,0.2249,1.9878,2,5,0,0,1,0,1.1625,871.46,236.11,1307.96,7387.29,8486.43,0,0.1388,1.0769,1,0
2026-09-09T15:25:41.201276+00:00,lateral_movement_smb_v1,lateral_movement_smb_v1__run_002,lateral_movement,T1021.002,7,2,0.9852,0.9867,0.0198,64771.01,44414.41,0.7168,70,48,0.7305,2.1075,0.9401,0.1199,1.2998,1,3,0,0,1,0,1.4487,925.3,320.92,1490.43,8236.53,8263.54,0,0.095,1.18,0,0
2026-09-09T15:25:46.201276+00:00,lateral_movement_smb_v1,lateral_movement_smb_v1__run_002,lateral_movement,T1021.002,5,1,-0.0,1.0,0.0078,17245.62,11727.02,0.6367,25,17,1.3101,3.654,1.2712,0.1394,1.6895,1,2,0,0,0,0,1.3967,689.82,115.94,879.12,8886.6,8796.58,0,0.0269,1.2973,0,0
2026-09-09T15:25:51.201276+00:00,lateral_movement_smb_v1,lateral_movement_smb_v1__run_002,lateral_movement,T1021.002,3,2,0.9183,1.0,0.0,6600.9,3667.17,0.6273,9,5,0.5064,1.3986,0.9535,0.1623,1.4404,0,1,0,0,0,0,1.5382,733.43,261.97,1076.36,9329.21,9567.27,0,0.0753,1.4732,0,0
2026-09-09T15:25:56.201276+00:00,lateral_movement_smb_v1,lateral_movement_smb_v1__run_002,lateral_movement,T1021.002,5,2,0.971,0.9811,0.0021,18852.24,27335.75,0.6338,20,29,0.9662,2.2468,1.0518,0.2387,1.768,0,2,0,0,0,0,0.6884,942.61,705.36,2345.3,8937.2,10418.84,0,0.0939,1.1993,0,0
2026-09-09T15:26:01.201276+00:00,lateral_movement_smb_v1,lateral_movement_smb_v1__run_002,lateral_movement,T1021.002,5,2,0.971,1.0,0.0383,58877.39,76540.61,0.6568,70,91,1.1749,2.3263,1.0205,0.201,1.6235,0,2,0,0,0,0,0.7652,841.11,250.65,1169.27,8558.65,7828.45,0,0.0612,1.0902,0,0
2026-09-09T15:26:06.201276+00:00,lateral_movement_smb_v1,lateral_movement_smb_v1__run_002,lateral_movement,T1021.002,10,2,0.8813,1.0,0.0016,66989.74,52754.42,0.6073,80,63,1.2097,2.4178,0.7539,0.2183,1.4089,1,5,0,0,1,0,1.258,837.37,208.5,1336.05,6175.97,9282.77,0,0.1071,1.2507,0,0
2026-09-09T15:26:11.201276+00:00,lateral_movement_smb_v1,lateral_movement_smb_v1__run_002,lateral_movement,T1021.002,6,2,0.9183,0.9801,0.0235,33566.65,27972.21,0.6659,42,35,1.3075,1.8232,1.0447,0.2687,1.8509,1,3,0,0,0,0,1.1768,799.21,190.72,991.01,7359.57,6922.25,0,0.1264,2.6348,0,0
2026-09-09T15:26:16.201276+00:00,lateral_movement_smb_v1,lateral_movement_smb_v1__run_002,lateral_movement,T1021.002,2,1,-0.0,0.9798,0.0126,10382.13,7786.6,0.6421,12,9,0.6222,1.4582,0.9032,0.2511,1.6565,0,1,0,0,0,0,1.2421,865.18,110.12,975.3,8009.55,6885.82,0,0.0386,1.1265,0,0
2026-09-09T15:26:21.201276+00:00,lateral_movement_smb_v1,lateral_movement_smb_v1__run_002,lateral_movement,T1021.002,7,2,0.9852,1.0,0.0,20494.78,24398.55,0.7257,21,25,1.1799,2.5863,0.9508,0.2498,1.7002,1,3,0,0,1,0,0.8155,975.94,280.91,1444.02,7988.09,7492.39,0,0.0644,0.1688,0,0
2026-09-09T15:26:26.201276+00:00,lateral_movement_smb_v1,lateral_movement_smb_v1__run_002,lateral_movement,T1021.002,4,2,1.0,1.0,0.0202,16776.09,19292.5,0.6069,20,23,1.3861,3.0538,1.1387,0.2268,1.819,0,1,0,0,0,0,0.8493,838.8,265.66,1151.16,6633.23,8465.59,0,0.111,1.6441,0,0
2026-09-09T15:26:31.201276+00:00,lateral_movement_smb_v1,lateral_movement_smb_v1__run_002,lateral_movement,T1021.002,3,2,0.9183,0.9592,0.0241,12016.73,12016.73,0.6146,15,15,0.5262,0.9971,0.8651,0.1646,1.3591,0,1,0,0,0,0,0.9987,801.12,65.37,892.55,8080.6,7469.03,0,0.0866,1.3331,0,0
2026-09-09T15:26:36.201276+00:00,lateral_movement_smb_v1,lateral_movement_smb_v1__run_002,lateral_movement,T1021.002,3,1,-0.0,0.9835,0.021,17471.31,16639.34,0.6808,21,20,1.2274,2.2589,1.2938,0.1567,1.7638,0,1,0,0,0,0,1.0334,831.97,216.74,1087.76,7806.47,10345.4,0,0.051,1.3839,0,0
2026-09-09T15:26:41.201276+00:00,lateral_movement_smb_v1,lateral_movement_smb_v1__run_002,lateral_movement,T1021.002,2,2,1.0,1.0,0.0065,22580.09,16307.85,0.6926,18,13,1.3356,2.0262,1.385,0.301,2.2879,0,1,0,0,0,0,1.3575,1254.45,292.8,1547.25,7415.63,7868.11,0,0.1051,1.3899,0,0
2026-09-09T15:26:46.201276+00:00,lateral_movement_smb_v1,lateral_movement_smb_v1__run_002,lateral_movement,T1021.002,3,2,0.9183,0.9757,0.0358,21273.8,16208.61,0.598,21,16,0.744,2.0754,0.8525,0.1067,1.1726,0,1,0,0,0,0,1.303,1013.04,238.38,1268.88,7392.96,9050.76,0,0.103,1.6115,0,0
2026-09-09T15:26:51.201276+00:00,lateral_movement_smb_v1,lateral_movement_smb_v1__run_002,lateral_movement,T1021.002,9,2,0.9183,0.9477,0.013,69596.26,66696.42,0.5905,72,69,1.161,2.4498,0.9284,0.1081,1.2528,2,4,0,0,1,0,1.0324,966.61,351.29,1710.64,8753.63,7615.31,0,0.1138,1.0261,0,0
2026-09-09T15:26:56.201276+00:00,lateral_movement_smb_v1,lateral_movement_smb_v1__run_002,lateral_movement,T1021.002,3,2,0.9183,1.0,0.0,25731.03,18379.31,0.7164,21,15,1.3412,3.867,1.2841,0.3206,2.246,0,1,0,0,0,0,1.3211,1225.29,395.3,1714.42,9810.86,7620.77,0,0.074,0.8869,0,0
2026-09-09T15:27:01.201276+00:00,lateral_movement_smb_v1,lateral_movement_smb_v1__run_002,lateral_movement,T1021.002,4,2,0.8113,0.9587,0.0615,13612.26,10209.19,0.6563,16,12,1.2985,3.2869,0.9941,0.2265,1.6737,0,1,0,0,0,0,1.2949,850.77,188.93,1159.56,7345.72,9216.15,0,0.118,1.3299,0,0
2026-09-09T15:27:06.201276+00:00,lateral_movement_smb_v1,lateral_movement_smb_v1__run_002,lateral_movement,T1021.002,6,2,0.65,1.0,0.0,74156.96,53932.33,0.6975,66,48,0.7591,1.0007,0.7879,0.1651,1.2832,1,3,0,0,1,0,1.363,1123.59,162.62,1319.1,9505.5,7097.98,0,0.0615,1.0189,0,0
2026-09-09T15:27:11.201276+00:00,lateral_movement_smb_v1,lateral_movement_smb_v1__run_002,lateral_movement,T1021.002,4,1,-0.0,0.9469,0.0316,16031.83,13627.05,0.6981,20,17,0.9398,2.2097,0.9854,0.2687,1.7913,0,1,0,0,0,0,1.1409,801.59,116.58,974.71,8350.3,8493.45,0,0.0191,0.6412,0,0
2026-09-09T15:27:16.201276+00:00,lateral_movement_smb_v1,lateral_movement_smb_v1__run_002,lateral_movement,T1021.002,7,2,0.8631,0.9859,0.0264,44474.59,30859.92,0.7025,49,34,1.0364,2.1575,1.0666,0.131,1.4596,1,3,0,0,1,0,1.4263,907.64,239.89,1339.98,7352.47,8590.36,0,0.1084,1.3096,1,0
2026-09-09T15:27:21.201276+00:00,lateral_movement_smb_v1,lateral_movement_smb_v1__run_002,lateral_movement,T1021.002,4,1,-0.0,0.9543,0.0629,9901.69,7426.27,0.6701,12,9,0.6655,1.0748,0.9312,0.2675,1.7338,0,2,0,0,0,0,1.2798,825.14,255.66,1205.84,7407.96,8297.16,0,0.1074,1.5783,0,0
2026-09-09T15:27:26.201276+00:00,lateral_movement_smb_v1,lateral_movement_smb_v1__run_002,lateral_movement,T1021.002,6,2,0.9183,1.0,0.0128,30913.44,22081.03,0.7354,42,30,0.5424,0.7117,0.9673,0.1007,1.2695,0,2,0,0,0,0,1.3586,736.03,118.37,915.35,6392.84,9392.45,0,0.1031,1.2574,0,0
2026-09-09T15:27:31.201276+00:00,lateral_movement_smb_v1,lateral_movement_smb_v1__run_002,lateral_movement,T1021.002,6,2,1.0,0.9412,0.0488,23517.22,21165.5,0.6309,30,27,0.9266,1.142,0.6518,0.1732,1.1713,1,3,0,0,0,0,1.0913,783.91,157.54,1030.78,8878.74,8014.03,0,0.1294,2.5094,0,1
2026-09-09T15:27:36.201276+00:00,lateral_movement_smb_v1,lateral_movement_smb_v1__run_002,lateral_movement,T1021.002,5,2,0.971,0.9652,0.0213,11392.51,6835.51,0.6425,10,6,0.5785,1.2502,0.8355,0.2311,1.5289,0,2,0,0,0,0,1.4885,1139.25,320.54,1760.39,8231.34,6110.26,0,0.0886,1.0898,0,0
2026-09-09T15:27:41.201276+00:00,lateral_movement_smb_v1,lateral_movement_smb_v1__run_002,lateral_movement,T1021.002,6,2,1.0,1.0,0.0078,48334.14,62655.36,0.6384,54,70,1.4203,2.5044,1.0857,0.1818,1.6312,0,3,0,0,1,0,0.764,895.08,271.9,1278.55,8347.34,7418.77,0,0.1046,0.5087,0,0
2026-09-09T15:27:46.201276+00:00,lateral_movement_smb_v1,lateral_movement_smb_v1__run_002,lateral_movement,T1021.002,9,2,0.9183,1.0,0.0,59597.34,46353.49,0.7152,63,49,0.4322,0.5365,0.9824,0.1147,1.3267,1,4,0,0,1,0,1.2763,945.99,209.18,1347.66,8736.06,9500.58,0,0.0873,1.1159,0,1
2026-09-09T15:27:51.201276+00:00,lateral_movement_smb_v1,lateral_movement_smb_v1__run_002,lateral_movement,T1021.002,4,2,1.0,1.0,0.0,43930.65,82369.96,0.5871,40,75,0.7868,0.9996,1.0791,0.1615,1.5637,0,2,0,0,0,0,0.5329,1098.27,470.89,1716.97,8149.77,7068.01,0,0.1183,1.1283,1,0
2026-09-09T15:27:56.201276+00:00,lateral_movement_smb_v1,lateral_movement_smb_v1__run_002,lateral_movement,T1021.002,7,2,0.8631,0.9936,0.0067,5691.9,4878.77,0.6544,7,6,1.0015,1.9048,0.8787,0.1299,1.2683,1,3,0,0,0,0,1.1559,813.13,235.67,1137.38,7162.74,6941.96,0,0.1441,0.7455,0,1
2026-09-09T15:28:01.201276+00:00,lateral_movement_smb_v1,lateral_movement_smb_v1__run_002,lateral_movement,T1021.002,4,2,0.8113,1.0,0.0,15327.27,10537.5,0.5952,16,11,0.7276,1.2035,1.2864,0.1805,1.828,0,2,0,0,0,0,1.4163,957.95,162.45,1123.53,10028.14,8121.91,0,0.1319,0.7064,0,0
2026-09-09T15:28:06.201276+00:00,lateral_movement_smb_v1,lateral_movement_smb_v1__run_002,lateral_movement,T1021.002,3,2,0.9183,1.0,0.0,16019.26,13730.8,0.6114,21,18,1.5732,3.9694,1.27,0.2854,2.1262,0,1,0,0,0,0,1.1381,762.82,244.45,1074.01,8361.78,10065.85,0,0.1292,1.1521,0,0
2026-09-09T15:28:11.201276+00:00,lateral_movement_smb_v1,lateral_movement_smb_v1__run_002,lateral_movement,T1021.002,6,2,1.0,0.9524,0.0474,20825.95,18222.71,0.5761,24,21,0.6206,1.6118,0.9873,0.1808,1.5295,1,3,0,0,0,0,1.1128,867.75,229.04,1195.47,7830.36,8648.43,0,0.1523,1.1304,0,0
2026-09-09T15:28:16.201276+00:00,lateral_movement_smb_v1,lateral_movement_smb_v1__run_002,lateral_movement,T1021.002,3,2,0.9183,1.0,0.0026,24976.3,16650.87,0.7066,18,12,1.3753,3.7988,1.2093,0.326,2.1874,0,1,0,0,0,0,1.3907,1387.57,436.37,1984.45,8988.42,9187.89,0,0.1624,1.1149,0,0
2026-09-09T15:28:21.201276+00:00,lateral_movement_smb_v1,lateral_movement_smb_v1__run_002,lateral_movement,T1021.002,5,2,0.971,0.97,0.0202,31286.16,37543.39,0.676,35,42,1.7468,3.0078,1.2072,0.3014,2.1114,1,2,0,0,0,0,0.8174,893.89,230.54,1278.0,8913.78,10192.8,0,0.041,1.5001,0,0
2026-09-09T15:28:26.201276+00:00,lateral_movement_smb_v1,lateral_movement_smb_v1__run_002,lateral_movement,T1021.002,8,2,0.9544,1.0,0.0365,38708.67,49998.7,0.5383,48,62,1.4715,2.2766,0.8477,0.0898,1.1172,1,3,0,0,1,0,0.769,806.43,205.95,1112.06,8359.06,9997.72,0,0.0447,0.7057,0,0
2026-09-09T15:28:31.201276+00:00,lateral_movement_smb_v1,lateral_movement_smb_v1__run_002,lateral_movement,T1021.002,7,2,0.9852,0.98,0.0304,36091.96,28357.97,0.6617,42,33,0.8176,2.1086,1.0363,0.1333,1.4362,1,3,0,0,0,0,1.2681,859.33,200.7,1118.38,6927.42,5392.56,0,0.0891,0.7256,0,0
2026-09-09T15:28:36.201276+00:00,lateral_movement_smb_v1,lateral_movement_smb_v1__run_002,lateral_movement,T1021.002,3,1,-0.0,0.9979,0.0153,13874.55,12718.34,0.67,24,22,1.4053,2.9289,1.101,0.1346,1.5047,0,1,0,0,0,0,1.0492,578.11,87.74,700.19,6756.93,10639.3,0,0.03,1.2706,0,0
2026-09-09T15:28:41.201276+00:00,lateral_movement_smb_v1,lateral_movement_smb_v1__run_002,lateral_movement,T1021.002,4,2,0.8113,0.9907,0.0135,18287.01,16763.1,0.6352,24,22,1.3678,1.8319,1.5063,0.2314,2.2005,0,2,0,0,0,0,1.0827,761.96,25.43,792.92,7769.47,7680.89,0,0.1,0.5364,0,0
2026-09-09T15:28:46.201276+00:00,lateral_movement_smb_v1,lateral_movement_smb_v1__run_002,lateral_movement,T1021.002,3,1,-0.0,1.0,0.0,12351.11,8234.07,0.7039,18,12,0.5685,1.1656,1.2988,0.3652,2.3943,0,1,0,0,0,0,1.3901,686.17,105.88,830.19,8806.53,8484.78,0,0.0293,0.9475,0,0
2026-09-09T15:28:51.201276+00:00,lateral_movement_smb_v1,lateral_movement_smb_v1__run_002,lateral_movement,T1021.002,2,1,-0.0,1.0,0.0,14791.39,8217.44,0.6423,18,10,0.6406,1.4904,0.974,0.1921,1.5504,0,0,0,0,0,0,1.7971,821.74,42.78,864.53,8304.68,8309.23,0,0.0625,0.9144,0,0
2026-09-09T15:28:56.201276+00:00,lateral_movement_smb_v1,lateral_movement_smb_v1__run_002,lateral_movement,T1021.002,8,2,1.0,0.9645,0.0552,38151.52,53412.13,0.6412,40,56,0.9461,1.5755,0.7805,0.1714,1.2948,1,4,0,0,0,0,0.7047,953.79,172.27,1236.8,8048.28,7904.32,0,0.1225,0.8337,0,0
2026-09-09T15:29:01.201276+00:00,lateral_movement_smb_v1,lateral_movement_smb_v1__run_002,lateral_movement,T1021.002,7,2,0.8631,1.0,0.0042,38996.03,43452.72,0.6563,35,39,1.393,2.3855,1.0628,0.1175,1.4152,1,3,0,0,1,0,0.8819,1114.17,294.64,1587.24,9847.58,9738.93,0,0.1028,1.9465,1,1
2026-09-09T15:29:06.201276+00:00,lateral_movement_smb_v1,lateral_movement_smb_v1__run_002,lateral_movement,T1021.002,2,1,-0.0,0.9986,0.022,11775.22,5887.61,0.6186,10,5,1.2943,2.5958,0.8819,0.2573,1.6539,0,1,0,0,0,0,1.8118,1177.52,106.99,1284.52,7630.18,7784.91,0,0.1095,0.3995,0,0
2026-09-09T15:29:11.201276+00:00,lateral_movement_smb_v1,lateral_movement_smb_v1__run_002,lateral_movement,T1021.002,6,2,0.9183,1.0,0.0206,45309.3,37757.75,0.6393,54,45,1.1309,1.55,0.8965,0.1476,1.3394,1,3,0,0,0,0,1.1843,839.06,355.72,1513.2,8255.04,9726.84,0,0.1417,1.7196,0,0
2026-09-09T15:29:16.201276+00:00,lateral_movement_smb_v1,lateral_movement_smb_v1__run_002,lateral_movement,T1021.002,2,1,-0.0,0.991,0.018,9463.62,7097.71,0.5711,12,9,1.8245,3.3223,1.2032,0.337,2.2142,0,1,0,0,0,0,1.2847,788.63,1.79,790.42,9161.99,7920.73,0,0.0309,0.8486,0,0
2026-09-09T15:29:21.201276+00:00,lateral_movement_smb_v1,lateral_movement_smb_v1__run_002,lateral_movement,T1021.002,5,2,0.971,0.969,0.0241,28784.93,27140.08,0.69,35,33,1.2885,2.865,1.2334,0.29,2.1034,1,2,0,0,0,0,1.0543,822.43,154.45,1095.41,7580.09,5395.19,0,0.0815,1.4449,0,0
2026-09-09T15:29:26.201276+00:00,lateral_movement_smb_v1,lateral_movement_smb_v1__run_002,lateral_movement,T1021.002,5,2,0.971,1.0,0.0121,31766.98,23598.33,0.7216,35,26,0.7105,1.3944,0.9842,0.1687,1.4903,1,2,0,0,0,0,1.3285,907.63,518.1,1864.88,8101.18,9945.91,0,0.0418,1.2937,0,0
2026-09-09T15:29:31.201276+00:00,lateral_movement_smb_v1,lateral_movement_smb_v1__run_002,lateral_movement,T1021.002,2,1,-0.0,1.0,0.0257,7808.01,7027.21,0.674,10,9,1.5901,3.788,1.0633,0.2004,1.6646,0,1,0,0,0,0,1.0293,780.8,324.42,1105.22,8097.31,9025.71,0,0.051,1.6127,0,1
2026-09-09T15:29:36.201276+00:00,lateral_movement_smb_v1,lateral_movement_smb_v1__run_002,lateral_movement,T1021.002,5,1,-0.0,1.0,0.0027,12303.47,13123.7,0.6491,15,16,1.426,1.9992,1.0256,0.129,1.4126,1,2,0,0,0,0,0.8947,820.23,253.28,1163.93,10798.79,10365.26,0,0.0466,0.9962,0,0
2026-09-09T15:29:41.201276+00:00,lateral_movement_smb_v1,lateral_movement_smb_v1__run_002,lateral_movement,T1021.002,3,1,-0.0,1.0,0.0028,27509.63,25471.88,0.7089,27,25,1.1287,2.6748,1.1726,0.2811,2.016,0,1,0,0,0,0,1.0756,1018.88,450.39,1653.06,8702.62,7985.52,0,0.0389,1.3287,0,0
2026-09-09T15:29:46.201276+00:00,lateral_movement_smb_v1,lateral_movement_smb_v1__run_002,lateral_movement,T1021.002,3,1,-0.0,0.9675,0.0198,17346.91,11564.61,0.6711,18,12,0.5976,0.9309,0.9236,0.2056,1.5404,0,1,0,0,0,0,1.3848,963.72,82.55,1079.93,8351.77,6556.38,0,0.0354,0.7655,0,0
2026-09-09T15:29:51.201276+00:00,lateral_movement_smb_v1,lateral_movement_smb_v1__run_002,lateral_movement,T1021.002,3,2,0.9183,1.0,0.0111,17562.52,15053.59,0.626,21,18,1.0032,2.9781,0.762,0.2126,1.3997,0,1,0,0,0,0,1.1335,836.31,178.71,1076.84,8209.47,8589.74,0,0.0609,0.6839,0,0
2026-09-09T15:29:56.201276+00:00,lateral_movement_smb_v1,lateral_movement_smb_v1__run_002,lateral_movement,T1021.002,4,2,1.0,0.982,0.0429,17086.61,13669.29,0.635,20,16,1.0634,2.3505,0.9081,0.1531,1.3675,0,1,0,0,0,0,1.1955,854.33,279.89,1335.49,8494.59,9365.35,0,0.1088,0.8174,0,0
2026-09-09T15:30:01.201276+00:00,lateral_movement_smb_v1,lateral_movement_smb_v1__run_002,lateral_movement,T1021.002,5,2,0.7219,0.9726,0.0,29122.0,29122.0,0.7081,40,40,1.06,1.5099,1.1343,0.3373,2.1461,0,2,0,0,0,0,0.9812,728.05,235.01,1075.41,8540.98,7474.85,0,0.1067,1.4347,0,1
2026-09-09T15:30:06.201276+00:00,lateral_movement_smb_v1,lateral_movement_smb_v1__run_002,lateral_movement,T1021.002,4,2,0.8113,0.9759,0.014,36596.31,32530.05,0.6406,36,32,0.9876,2.932,1.0246,0.2164,1.6737,0,2,0,0,0,0,1.1092,1016.56,355.96,1619.83,7545.97,7946.89,0,0.0852,0.518,0,0
2026-09-09T15:30:11.201276+00:00,lateral_movement_smb_v1,lateral_movement_smb_v1__run_002,lateral_movement,T1021.002,5,2,0.7219,1.0,0.0,22954.17,13772.5,0.6462,35,21,0.7072,0.9574,0.7536,0.099,1.0506,0,2,0,0,0,0,1.6403,655.83,60.22,730.36,7356.98,7559.03,0,0.114,0.868,0,1
2026-09-09T15:30:16.201276+00:00,lateral_movement_smb_v1,lateral_movement_smb_v1__run_002,lateral_movement,T1021.002,17,2,0.9774,0.978,0.0099,175187.76,114293.62,0.5913,187,122,1.2664,2.7757,0.7696,0.1623,1.2565,2,8,2,0,2,0,1.5291,936.83,220.21,1441.41,9875.57,7855.8,1,0.0777,1.0526,0,0
2026-09-09T15:30:21.201276+00:00,lateral_movement_smb_v1,lateral_movement_smb_v1__run_002,lateral_movement,T1021.002,2,2,1.0,1.0,0.0,8308.47,6231.36,0.6851,8,6,1.144,1.8027,1.1543,0.1167,1.5044,0,1,0,0,0,0,1.1525,1038.56,152.1,1190.66,7263.68,6710.95,0,0.1369,0.5621,0,0
2026-09-09T15:30:26.201276+00:00,lateral_movement_smb_v1,lateral_movement_smb_v1__run_002,lateral_movement,T1021.002,4,2,0.8113,1.0,0.0009,16348.04,12942.2,0.5307,24,19,0.8326,1.9161,1.1673,0.1705,1.6787,0,2,0,0,0,0,1.2564,681.17,119.1,828.45,7764.68,6560.59,0,0.0927,1.4781,0,0
2026-09-09T15:30:31.201276+00:00,lateral_movement_smb_v1,lateral_movement_smb_v1__run_002,lateral_movement,T1021.002,4,2,0.8113,1.0,0.0,12774.0,11709.5,0.6543,12,11,0.9304,1.5543,1.1291,0.1253,1.5051,0,2,0,0,0,0,1.0151,1064.5,338.59,1465.37,7872.8,8571.08,0,0.0799,0.8965,0,0
2026-09-09T15:30:36.201276+00:00,lateral_movement_smb_v1,lateral_movement_smb_v1__run_002,lateral_movement,T1021.002,3,1,-0.0,0.9558,0.0487,26734.41,24754.08,0.6995,27,25,1.2332,3.2977,1.163,0.149,1.6098,0,1,0,0,0,0,1.0556,990.16,364.07,1485.06,7667.16,7390.44,0,0.0,2.1768,1,0
2026-09-09T15:30:41.201276+00:00,lateral_movement_smb_v1,lateral_movement_smb_v1__run_002,lateral_movement,T1021.002,3,2,0.9183,0.9905,0.0,15732.06,15732.06,0.6029,18,18,0.5899,0.7762,0.7595,0.2165,1.4091,0,1,0,0,0,0,0.967,874.0,318.13,1315.7,9561.83,8460.24,0,0.0764,1.0508,0,0
2026-09-09T15:30:46.201276+00:00,lateral_movement_smb_v1,lateral_movement_smb_v1__run_002,lateral_movement,T1021.002,0,0,0.0,1.0,0.0246,0.0,0.0,0.6567,0,0,1.1592,1.8017,0.9774,0.1275,1.36,0,0,0,0,0,0,1.0448,1073.58,0.0,1073.58,8965.63,8424.42,0,0.0,0.8085,0,0
2026-09-09T15:30:51.201276+00:00,lateral_movement_smb_v1,lateral_movement_smb_v1__run_002,lateral_movement,T1021.002,1,1,-0.0,1.0,0.013,4586.82,3057.88,0.6732,6,4,1.5466,2.9249,1.1992,0.2979,2.093,0,0,0,0,0,0,1.4698,764.47,0.0,764.47,9783.05,9512.14,0,0.0563,0.2799,0,0
2026-09-09T15:30:56.201276+00:00,lateral_movement_smb_v1,lateral_movement_smb_v1__run_002,lateral_movement,T1021.002,7,2,0.9852,1.0,0.0053,20938.46,16451.65,0.6905,28,22,0.9022,1.7424,1.0144,0.1697,1.5236,1,3,0,0,0,0,1.2358,747.8,291.77,1333.32,9797.76,9870.84,0,0.1575,0.6221,1,0
2026-09-09T15:31:01.201276+00:00,lateral_movement_smb_v1,lateral_movement_smb_v1__run_002,lateral_movement,T1021.002,5,2,0.971,1.0,0.0,34838.87,26129.15,0.6569,40,30,0.5744,1.0683,1.0116,0.16,1.4916,0,2,0,0,0,0,1.299,870.97,305.55,1248.89,7660.8,9144.18,0,0.0357,1.4024,0,0
2026-09-09T15:31:06.201276+00:00,lateral_movement_smb_v1,lateral_movement_smb_v1__run_002,lateral_movement,T1021.002,6,2,0.9183,1.0,0.0,27106.55,19878.13,0.6787,30,22,1.2756,3.4872,0.9938,0.2929,1.8725,1,2,0,0,0,0,1.3269,903.55,210.25,1226.91,7241.17,8936.41,0,0.0722,2.0901,0,0
2026-09-09T15:31:11.201276+00:00,lateral_movement_smb_v1,lateral_movement_smb_v1__run_002,lateral_movement,T1021.002,8,2,0.5436,0.995,0.0341,53540.92,33463.08,0.7006,56,35,0.6852,1.0963,0.9334,0.1181,1.2876,1,4,0,0,1,0,1.5754,956.09,259.75,1376.29,8657.45,7862.57,0,0.0692,1.2356,1,0
2026-09-09T15:31:16.201276+00:00,lateral_movement_smb_v1,lateral_movement_smb_v1__run_002,lateral_movement,T1021.002,6,2,1.0,1.0,0.0035,49790.23,64727.3,0.6377,60,78,0.728,1.6494,1.2936,0.215,1.9386,1,3,0,0,0,0,0.7644,829.84,111.86,1025.9,7482.43,8153.36,0,0.0954,0.8026,0,0
2026-09-09T15:31:21.201276+00:00,lateral_movement_smb_v1,lateral_movement_smb_v1__run_002,lateral_movement,T1021.002,2,2,1.0,0.9666,0.056,5117.62,2558.81,0.6222,8,4,1.3835,1.8841,1.0517,0.2125,1.6892,0,0,0,0,0,0,1.6129,639.7,175.39,815.09,9232.46,8523.72,0,0.1102,1.3754,0,0
2026-09-09T15:31:26.201276+00:00,lateral_movement_smb_v1,lateral_movement_smb_v1__run_002,lateral_movement,T1021.002,4,2,1.0,0.9829,0.004,24908.25,13343.71,0.6702,28,15,1.0871,3.1073,1.0675,0.1841,1.6198,0,1,0,0,0,0,1.8214,889.58,93.37,1031.65,9895.24,9764.22,0,0.1013,0.528,0,0
2026-09-09T15:31:31.201276+00:00,lateral_movement_smb_v1,lateral_movement_smb_v1__run_002,lateral_movement,T1021.002,5,2,0.971,1.0,0.0282,9486.81,18024.93,0.5806,10,19,0.9724,2.3537,0.8445,0.1059,1.1621,1,2,0,0,0,0,0.5033,948.68,335.43,1599.12,5785.75,8472.27,0,0.0817,0.2248,0,0
2026-09-09T15:31:36.201276+00:00,lateral_movement_smb_v1,lateral_movement_smb_v1__run_002,lateral_movement,T1021.002,3,2,0.9183,0.953,0.0312,14660.27,13031.36,0.7086,18,16,1.2487,2.1863,0.8112,0.187,1.3723,0,1,0,0,0,0,1.0823,814.46,221.09,1062.16,10015.28,7896.26,0,0.1224,1.3054,0,0
2026-09-09T15:31:41.201276+00:00,lateral_movement_smb_v1,lateral_movement_smb_v1__run_002,lateral_movement,T1021.002,8,2,1.0,0.9769,0.0244,13206.1,14031.48,0.6173,16,17,0.586,1.4529,0.9213,0.2573,1.6933,1,3,0,0,1,0,0.9093,825.38,244.93,1314.45,10302.8,8307.61,0,0.0686,0.5396,0,0
2026-09-09T15:31:46.201276+00:00,lateral_movement_smb_v1,lateral_movement_smb_v1__run_002,lateral_movement,T1021.002,3,2,0.9183,1.0,0.0,19985.52,14156.41,0.6581,24,17,0.9581,1.1881,1.0273,0.1414,1.4515,0,1,0,0,0,0,1.3347,832.73,300.73,1249.78,7610.76,6384.78,0,0.0559,1.3445,0,0
2026-09-09T15:31:51.201276+00:00,lateral_movement_smb_v1,lateral_movement_smb_v1__run_002,lateral_movement,T1021.002,5,2,0.7219,0.9779,0.0316,16762.91,14527.85,0.6401,15,13,0.6942,2.0313,1.1571,0.3346,2.1608,1,2,0,0,0,0,1.1446,1117.53,280.13,1513.85,8041.03,7109.76,0,0.0929,0.9192,0,1
2026-09-09T15:31:56.201276+00:00,lateral_movement_smb_v1,lateral_movement_smb_v1__run_002,lateral_movement,T1021.002,2,2,1.0,1.0,0.0,9069.03,10202.66,0.7415,8,9,1.2032,3.3027,1.232,0.1298,1.6213,0,1,0,0,0,0,0.8529,1133.63,283.55,1417.18,8197.08,8611.51,0,0.1027,0.338,0,0
2026-09-09T15:32:01.201276+00:00,lateral_movement_smb_v1,lateral_movement_smb_v1__run_002,lateral_movement,T1021.002,2,2,1.0,0.9758,0.0138,4745.64,3954.7,0.7326,6,5,1.6237,2.774,1.1665,0.2538,1.9277,0,1,0,0,0,0,1.183,790.94,90.08,881.02,7942.61,5909.24,0,0.0516,1.6785,0,0
2026-09-09T15:32:06.201276+00:00,lateral_movement_smb_v1,lateral_movement_smb_v1__run_002,lateral_movement,T1021.002,10,2,1.0,1.0,0.0,59555.95,43390.76,0.5685,70,51,1.1841,3.2898,0.8156,0.2247,1.4896,2,4,0,0,1,0,1.367,850.8,213.5,1275.27,9203.89,8204.85,0,0.055,1.9559,0,0
2026-09-09T15:32:11.201276+00:00,lateral_movement_smb_v1,lateral_movement_smb_v1__run_002,lateral_movement,T1021.002,4,2,1.0,0.9857,0.0337,29895.46,18150.82,0.6488,28,17,1.4704,3.9184,0.9885,0.1533,1.4484,0,1,0,0,0,0,1.5745,1067.7,483.01,1894.11,7300.48,7983.86,0,0.1009,1.3667,0,0
2026-09-09T15:32:16.201276+00:00,lateral_movement_smb_v1,lateral_movement_smb_v1__run_002,lateral_movement,T1021.002,2,2,1.0,0.9607,0.0397,11010.14,6606.09,0.6652,10,6,0.7442,0.9873,1.0646,0.2994,1.9628,0,0,0,0,0,0,1.4647,1101.01,152.03,1253.04,7045.74,8798.86,0,0.0433,1.0444,0,0
2026-09-09T15:32:21.201276+00:00,lateral_movement_smb_v1,lateral_movement_smb_v1__run_002,lateral_movement,T1021.002,5,2,0.7219,1.0,0.0,27133.44,20931.51,0.6407,35,27,1.6272,2.4047,1.2224,0.1552,1.6882,0,2,0,0,0,0,1.2511,775.24,180.15,952.25,7248.09,8142.08,0,0.0506,0.9654,0,0
2026-09-09T15:32:26.201276+00:00,lateral_movement_smb_v1,lateral_movement_smb_v1__run_002,lateral_movement,T1021.002,9,2,0.9911,1.0,0.0,43650.86,41225.81,0.6493,54,51,0.7897,2.2016,0.8671,0.2462,1.6055,1,4,1,0,1,0,1.0388,808.35,248.82,1170.41,7731.69,7846.32,0,0.084,0.4499,0,1
2026-09-09T15:32:31.201276+00:00,lateral_movement_smb_v1,lateral_movement_smb_v1__run_002,lateral_movement,T1021.002,5,2,0.971,1.0,0.0235,40810.71,29927.86,0.6402,45,33,1.7225,2.4412,1.4154,0.3977,2.6086,1,2,0,0,0,0,1.3529,906.9,320.69,1358.04,10766.79,8297.25,0,0.104,0.9538,0,0
2026-09-09T15:32:36.201276+00:00,lateral_movement_smb_v1,lateral_movement_smb_v1__run_002,lateral_movement,T1021.002,2,2,1.0,0.9865,0.0106,9363.76,6554.63,0.6719,10,7,0.5762,1.1449,0.899,0.1461,1.3373,0,1,0,0,0,0,1.3407,936.38,244.65,1181.02,9640.2,6280.55,0,0.0875,0.7633,0,0
2026-09-09T15:32:41.201276+00:00,lateral_movement_smb_v1,lateral_movement_smb_v1__run_002,lateral_movement,T1021.002,3,1,-0.0,1.0,0.0,29549.25,23920.82,0.6585,21,17,0.5647,0.8743,0.7,0.0998,0.9995,0,1,0,0,0,0,1.1957,1407.11,322.87,1785.93,6909.58,8598.87,0,0.0349,1.0859,0,0
2026-09-09T15:32:46.201276+00:00,lateral_movement_smb_v1,lateral_movement_smb_v1__run_002,lateral_movement,T1021.002,4,2,0.8113,0.9571,0.0201,23969.33,21971.89,0.7123,36,33,0.9574,2.3574,0.9414,0.211,1.5743,1,2,0,0,0,0,1.0623,665.81,89.68,791.91,8621.34,7861.4,0,0.1096,1.1526,0,0
2026-09-09T15:32:51.201276+00:00,lateral_movement_smb_v1,lateral_movement_smb_v1__run_002,lateral_movement,T1021.002,2,2,1.0,0.9911,0.0119,5698.81,3799.21,0.7025,6,4,1.2202,2.8306,1.5145,0.4086,2.7402,0,0,0,0,0,0,1.344,949.8,209.29,1159.09,8320.78,7214.24,0,0.0786,1.4671,0,0
2026-09-09T15:32:56.201276+00:00,lateral_movement_smb_v1,lateral_movement_smb_v1__run_002,lateral_movement,T1021.002,4,2,1.0,1.0,0.007,56705.01,43946.38,0.7185,40,31,1.2652,3.6732,1.2118,0.2245,1.8854,0,2,0,0,0,0,1.2538,1417.63,596.14,2364.09,8469.83,7063.63,0,0.0719,0.3383,0,0
2026-09-09T15:33:01.201276+00:00,lateral_movement_smb_v1,lateral_movement_smb_v1__run_002,lateral_movement,T1021.002,8,2,0.8113,0.9728,0.0087,31133.69,33468.72,0.6724,40,43,0.9278,2.1373,0.9673,0.239,1.6845,1,3,0,0,1,0,0.9164,778.34,231.87,1197.11,8797.17,9745.45,0,0.0644,0.7857,0,0
2026-09-09T15:33:06.201276+00:00,lateral_movement_smb_v1,lateral_movement_smb_v1__run_002,lateral_movement,T1021.002,4,2,1.0,0.9573,0.061,27402.17,34252.72,0.5995,28,35,0.6482,1.2888,0.8994,0.2052,1.5149,0,1,0,0,0,0,0.7903,978.65,161.96,1207.61,9573.91,8379.53,0,0.0956,1.0743,0,0
2026-09-09T15:33:11.201276+00:00,lateral_movement_smb_v1,lateral_movement_smb_v1__run_002,lateral_movement,T1021.002,1,1,-0.0,0.9376,0.0863,1610.22,805.11,0.6152,2,1,0.6183,1.806,1.0916,0.3116,2.0263,0,0,0,0,0,0,1.2147,805.11,0.0,805.11,8908.69,7182.92,0,0.0611,1.0442,0,0
2026-09-09T15:33:16.201276+00:00,lateral_movement_smb_v1,lateral_movement_smb_v1__run_002,lateral_movement,T1021.002,5,2,0.971,1.0,0.0,32730.95,28639.58,0.5916,40,35,0.5529,1.0987,0.8895,0.1396,1.3084,0,2,0,0,0,0,1.1357,818.27,113.75,1011.49,7539.76,7269.72,0,0.146,0.9668,0,0
2026-09-09T15:33:21.201276+00:00,lateral_movement_smb_v1,lateral_movement_smb_v1__run_002,lateral_movement,T1021.002,3,2,0.9183,1.0,0.0,13190.1,9892.58,0.6538,12,9,0.7754,1.0911,0.9065,0.2365,1.6159,0,1,0,0,0,0,1.2737,1099.18,267.84,1466.48,7385.34,8197.88,0,0.0819,1.2524,0,0
2026-09-09T15:33:26.201276+00:00,lateral_movement_smb_v1,lateral_movement_smb_v1__run_002,lateral_movement,T1021.002,2,1,-0.0,0.988,0.0,3791.29,1895.64,0.654,4,2,0.8036,1.6485,1.1466,0.2817,1.9917,0,1,0,0,0,0,1.6082,947.82,156.27,1104.1,7800.82,7025.07,0,0.075,1.312,0,0
2026-09-09T15:33:31.201276+00:00,lateral_movement_smb_v1,lateral_movement_smb_v1__run_002,lateral_movement,T1021.002,3,2,0.9183,0.9971,0.0344,22244.14,21184.9,0.6691,21,20,1.0295,1.8345,1.1664,0.336,2.1744,0,1,0,0,0,0,1.0306,1059.24,369.69,1567.41,8326.27,9570.18,0,0.1292,0.8623,0,0
2026-09-09T15:33:36.201276+00:00,lateral_movement_smb_v1,lateral_movement_smb_v1__run_002,lateral_movement,T1021.002,6,2,0.65,0.9977,0.0,39634.45,28310.32,0.597,42,30,0.9289,2.1345,1.0116,0.2657,1.8086,1,3,0,0,0,0,1.3587,943.68,194.69,1296.55,8416.27,10222.33,0,0.1132,0.1558,0,0
2026-09-09T15:33:41.201276+00:00,lateral_movement_smb_v1,lateral_movement_smb_v1__run_002,lateral_movement,T1021.002,6,2,0.9183,0.9438,0.0701,35174.16,23449.44,0.7374,42,28,0.8681,1.7457,1.0577,0.2448,1.792,1,2,0,0,1,0,1.4827,837.48,84.6,924.09,11242.12,8889.21,0,0.0983,1.2419,0,0
2026-09-09T15:33:46.201276+00:00,lateral_movement_smb_v1,lateral_movement_smb_v1__run_002,lateral_movement,T1021.002,2,1,-0.0,0.9543,0.0453,15504.73,14397.25,0.728,14,13,1.4641,2.6172,1.2435,0.2798,2.083,0,0,0,0,0,0,1.073,1107.48,94.34,1201.82,8390.37,8490.96,0,0.0485,1.3565,0,0
2026-09-09T15:33:51.201276+00:00,lateral_movement_smb_v1,lateral_movement_smb_v1__run_002,lateral_movement,T1021.002,4,2,1.0,0.9886,0.032,7265.11,10897.66,0.6095,8,12,1.5949,4.4163,1.0056,0.1819,1.5513,0,2,0,0,0,0,0.6411,908.14,130.87,1060.13,7300.91,7594.25,0,0.0763,0.2741,0,0
2026-09-09T15:33:56.201276+00:00,lateral_movement_smb_v1,lateral_movement_smb_v1__run_002,lateral_movement,T1021.002,6,2,0.65,0.97,0.0214,18565.47,18565.47,0.6811,24,24,0.798,2.0024,1.2581,0.1557,1.7251,1,3,0,0,0,0,0.9921,773.56,137.97,944.84,7580.58,7093.4,0,0.1224,0.9284,0,0
2026-09-09T15:34:01.201276+00:00,lateral_movement_smb_v1,lateral_movement_smb_v1__run_002,lateral_movement,T1021.002,10,2,0.971,0.9805,0.0,64865.69,42973.52,0.6682,80,53,0.5011,1.0726,1.1394,0.1627,1.6274,2,5,0,0,1,0,1.5076,810.82,212.83,1150.79,8185.77,8357.83,0,0.0714,1.3179,0,1
2026-09-09T15:34:06.201276+00:00,lateral_movement_smb_v1,lateral_movement_smb_v1__run_002,lateral_movement,T1021.002,4,2,0.8113,1.0,0.0,25649.88,18168.66,0.5947,24,17,0.6541,1.7908,0.858,0.1764,1.387,0,2,0,0,0,0,1.3754,1068.74,336.56,1556.18,9485.94,7313.98,0,0.1186,0.6063,0,0
2026-09-09T15:34:11.201276+00:00,lateral_movement_smb_v1,lateral_movement_smb_v1__run_002,lateral_movement,T1021.002,1,1,-0.0,0.9584,0.0592,6765.87,5638.22,0.6662,6,5,0.5656,1.1088,0.9398,0.1669,1.4405,0,0,0,0,0,0,1.0196,1127.64,0.0,1127.64,7691.88,6087.18,0,0.0654,1.0333,0,0
2026-09-09T15:34:16.201276+00:00,lateral_movement_smb_v1,lateral_movement_smb_v1__run_002,lateral_movement,T1021.002,7,2,0.9852,1.0,0.0,31281.72,22344.09,0.5949,28,20,0.7034,1.3929,1.2643,0.2967,2.1543,1,3,0,0,0,0,1.3606,1117.2,414.65,1914.39,7006.28,8441.55,0,0.0876,1.2883,0,0
2026-09-09T15:34:21.201276+00:00,lateral_movement_smb_v1,lateral_movement_smb_v1__run_002,lateral_movement,T1021.002,12,2,0.9799,0.9492,0.0471,76949.86,56109.27,0.6978,96,70,1.0527,2.8233,0.892,0.1686,1.3978,2,6,1,0,1,0,1.3613,801.56,224.62,1246.07,8369.43,9182.78,0,0.0996,1.7141,0,0
2026-09-09T15:34:26.201276+00:00,lateral_movement_smb_v1,lateral_movement_smb_v1__run_002,lateral_movement,T1021.002,7,2,0.5917,0.9663,0.0004,42682.64,31249.79,0.7301,56,41,0.9453,1.9627,0.9067,0.2065,1.5261,1,3,0,0,0,0,1.3608,762.19,313.26,1406.7,9655.1,8145.56,0,0.0853,1.673,0,0
2026-09-09T15:34:31.201276+00:00,lateral_movement_smb_v1,lateral_movement_smb_v1__run_002,lateral_movement,T1021.002,4,1,-0.0,0.9634,0.0357,15860.33,22997.48,0.6639,20,29,1.2536,2.2832,1.0902,0.1497,1.5392,0,1,0,0,0,0,0.6769,793.02,290.59,1210.27,8104.1,6341.57,0,0.0702,1.2427,0,0
2026-09-09T15:34:36.201276+00:00,lateral_movement_smb_v1,lateral_movement_smb_v1__run_002,lateral_movement,T1021.002,5,2,0.971,0.9886,0.036,17587.35,17587.35,0.6648,25,25,0.9519,1.4298,0.9299,0.1633,1.4199,1,2,0,0,0,0,0.9817,703.49,227.99,991.95,7556.17,8046.2,0,0.1252,1.1867,0,0
2026-09-09T15:34:41.201276+00:00,lateral_movement_smb_v1,lateral_movement_smb_v1__run_002,lateral_movement,T1021.002,5,2,0.971,1.0,0.0068,22161.71,15956.43,0.6837,25,18,1.0264,2.4154,0.8866,0.1876,1.4494,0,2,0,0,0,0,1.3485,886.47,262.63,1382.94,8125.2,8312.65,0,0.0624,1.6036,0,0
2026-09-09T15:34:46.201276+00:00,lateral_movement_smb_v1,lateral_movement_smb_v1__run_002,lateral_movement,T1021.002,2,2,1.0,1.0,0.0227,4954.69,4459.22,0.6731,10,9,0.6305,1.3582,0.7201,0.1677,1.2234,0,1,0,0,0,0,1.0222,495.47,133.46,628.92,8489.89,7338.18,0,0.0814,1.4057,0,0
2026-09-09T15:34:51.201276+00:00,lateral_movement_smb_v1,lateral_movement_smb_v1__run_002,lateral_movement,T1021.002,3,2,0.9183,0.9545,0.0182,11344.38,8319.21,0.6117,15,11,0.5502,1.0569,1.0008,0.2783,1.8358,0,1,0,0,0,0,1.2567,756.29,129.14,876.69,8739.19,7845.74,0,0.1138,0.3545,0,0
2026-09-09T15:34:56.201276+00:00,lateral_movement_smb_v1,lateral_movement_smb_v1__run_002,lateral_movement,T1021.002,3,2,0.9183,0.9978,0.0037,21953.39,24148.73,0.6208,30,33,0.8049,1.2393,0.7115,0.2082,1.3362,0,1,0,0,0,0,0.8974,731.78,292.62,1136.36,7532.96,7448.58,0,0.1083,1.8508,0,0
2026-09-09T15:35:01.201276+00:00,lateral_movement_smb_v1,lateral_movement_smb_v1__run_002,lateral_movement,T1021.002,5,2,0.971,0.9538,0.0444,24515.85,17978.29,0.6962,30,22,1.458,2.0846,1.1454,0.1288,1.5319,1,2,0,0,0,0,1.3402,817.19,252.31,1261.0,10151.36,7752.65,0,0.0684,1.078,0,1
2026-09-09T15:35:06.201276+00:00,lateral_movement_smb_v1,lateral_movement_smb_v1__run_002,lateral_movement,T1021.002,5,2,0.971,1.0,0.0,14627.67,9751.78,0.6165,15,10,1.5256,2.7223,0.9457,0.1058,1.2631,1,2,0,0,0,0,1.3939,975.18,252.22,1413.57,6063.95,8050.07,0,0.0196,1.5275,0,0
2026-09-09T15:35:11.201276+00:00,lateral_movement_smb_v1,lateral_movement_smb_v1__run_002,lateral_movement,T1021.002,6,2,0.9183,1.0,0.0336,24437.36,17920.73,0.6356,30,22,1.5875,3.6731,1.2416,0.2767,2.0716,1,2,0,0,0,0,1.323,814.58,286.17,1291.56,8146.98,7856.35,0,0.1242,1.0021,0,0
2026-09-09T15:35:16.201276+00:00,lateral_movement_smb_v1,lateral_movement_smb_v1__run_002,lateral_movement,T1021.002,2,1,-0.0,0.9857,0.0111,10631.25,6201.57,0.5635,12,7,0.6921,1.972,0.9718,0.2778,1.8051,0,0,0,0,0,0,1.6494,885.94,98.26,984.2,7182.91,6925.99,0,0.0257,0.7833,0,0
2026-09-09T15:35:21.201276+00:00,lateral_movement_smb_v1,lateral_movement_smb_v1__run_002,lateral_movement,T1021.002,4,2,0.8113,1.0,0.0289,15141.22,9841.79,0.7125,20,13,1.0188,1.9367,0.7668,0.1482,1.2113,0,1,0,0,0,0,1.4894,757.06,121.79,935.02,6681.29,7716.71,0,0.103,0.6607,0,0
2026-09-09T15:35:26.201276+00:00,lateral_movement_smb_v1,lateral_movement_smb_v1__run_002,lateral_movement,T1021.002,2,2,1.0,1.0,0.0038,11173.98,6207.76,0.7168,18,10,1.3829,1.664,1.0432,0.2379,1.7569,0,1,0,0,0,0,1.6537,620.78,160.42,781.2,8429.49,8928.36,0,0.0867,1.6233,0,0
2026-09-09T15:35:31.201276+00:00,lateral_movement_smb_v1,lateral_movement_smb_v1__run_002,lateral_movement,T1021.002,1,1,-0.0,1.0,0.0,3928.1,3928.1,0.6042,6,6,0.7916,1.3477,1.1869,0.1239,1.5586,0,0,0,0,0,0,0.9349,654.68,0.0,654.68,8488.79,7282.25,0,0.0492,0.5758,0,0
2026-09-09T15:35:36.201276+00:00,lateral_movement_smb_v1,lateral_movement_smb_v1__run_002,lateral_movement,T1021.002,5,2,0.971,0.9586,0.0511,7262.46,7262.46,0.6341,10,10,0.6256,0.7835,0.9603,0.2647,1.7543,1,2,0,0,0,0,0.9951,726.25,246.49,1064.26,9331.46,8941.34,0,0.0578,1.695,0,0
2026-09-09T15:35:41.201276+00:00,lateral_movement_smb_v1,lateral_movement_smb_v1__run_002,lateral_movement,T1021.002,7,2,0.9852,1.0,0.0,29913.97,19657.75,0.66,35,23,1.3564,1.6442,1.2381,0.3061,2.1565,1,3,0,0,1,0,1.4683,854.68,156.63,1077.7,7438.76,8020.08,0,0.0449,0.7304,0,0
2026-09-09T15:35:46.201276+00:00,lateral_movement_smb_v1,lateral_movement_smb_v1__run_002,lateral_movement,T1021.002,8,2,0.9544,1.0,0.0201,47827.98,47080.67,0.5324,64,63,1.5988,3.8198,1.2011,0.2811,2.0444,1,3,0,0,1,0,1.0146,747.31,152.64,1011.96,7741.42,8215.06,0,0.1114,0.0,0,0
2026-09-09T15:35:51.201276+00:00,lateral_movement_smb_v1,lateral_movement_smb_v1__run_002,lateral_movement,T1021.002,4,2,1.0,0.9813,0.001,22381.67,25579.05,0.7391,28,32,0.8311,1.9373,0.8354,0.2477,1.5784,0,2,0,0,0,0,0.8728,799.35,189.44,1062.31,8677.74,9535.75,0,0.0763,1.3116,0,0
2026-09-09T15:35:56.201276+00:00,lateral_movement_smb_v1,lateral_movement_smb_v1__run_002,lateral_movement,T1021.002,10,2,1.0,0.9637,0.047,58433.94,76938.02,0.7139,60,79,1.3116,2.7646,1.1822,0.124,1.5544,2,5,0,0,1,0,0.7556,973.9,309.25,1351.7,8262.51,6885.03,0,0.0988,0.9482,0,0
2026-09-09T15:36:01.201276+00:00,lateral_movement_smb_v1,lateral_movement_smb_v1__run_002,lateral_movement,T1021.002,3,2,0.9183,0.9721,0.035,11453.23,6681.05,0.7395,12,7,1.3335,3.0622,1.0051,0.1599,1.4849,0,1,0,0,0,0,1.6362,954.44,323.54,1411.79,8835.82,6878.76,0,0.0806,0.5503,0,0
2026-09-09T15:36:06.201276+00:00,lateral_movement_smb_v1,lateral_movement_smb_v1__run_002,lateral_movement,T1021.002,6,2,0.9183,0.9566,0.0575,12316.4,8210.93,0.6594,18,12,1.2163,1.8288,0.9773,0.2436,1.7081,1,3,0,0,0,0,1.4334,684.24,111.93,803.52,9585.75,7411.85,0,0.1106,1.0619,0,0
2026-09-09T15:36:11.201276+00:00,lateral_movement_smb_v1,lateral_movement_smb_v1__run_002,lateral_movement,T1021.002,9,2,0.9911,0.955,0.0556,77097.61,86615.83,0.6579,81,91,0.8363,2.0839,0.9544,0.2732,1.7741,1,4,0,0,1,0,0.8813,951.82,182.97,1213.1,9323.54,8397.15,0,0.0547,2.0736,0,0
2026-09-09T15:36:16.201276+00:00,lateral_movement_smb_v1,lateral_movement_smb_v1__run_002,lateral_movement,T1021.002,7,2,0.8631,1.0,0.0156,30308.97,29587.33,0.7286,42,41,0.7875,1.2158,1.0384,0.1817,1.5835,1,3,0,0,0,0,1.0007,721.64,249.01,1097.85,7760.58,9906.44,0,0.0685,0.1901,0,1
2026-09-09T15:36:21.201276+00:00,lateral_movement_smb_v1,lateral_movement_smb_v1__run_002,lateral_movement,T1021.002,6,2,0.9183,0.9663,0.0256,23256.17,14535.1,0.6131,24,15,1.1591,1.8022,1.3788,0.2658,2.1763,1,2,0,0,1,0,1.5221,969.01,306.5,1508.72,9270.77,8552.75,0,0.0649,1.6516,0,0
2026-09-09T15:36:26.201276+00:00,lateral_movement_smb_v1,lateral_movement_smb_v1__run_002,lateral_movement,T1021.002,9,2,0.9911,0.992,0.0,83706.26,107380.76,0.6385,99,127,0.6563,1.0093,0.8527,0.2555,1.6191,1,4,0,0,1,0,0.7785,845.52,347.96,1532.63,8394.59,7898.06,0,0.0927,0.0489,0,0
2026-09-09T15:36:31.201276+00:00,lateral_movement_smb_v1,lateral_movement_smb_v1__run_002,lateral_movement,T1021.002,6,2,0.9183,1.0,0.014,28695.92,21043.68,0.6183,30,22,1.636,2.4155,1.1906,0.3176,2.1433,1,2,0,0,0,0,1.352,956.53,319.73,1637.56,8483.74,7654.23,0,0.0563,0.6371,0,0
2026-09-09T15:36:36.201276+00:00,lateral_movement_smb_v1,lateral_movement_smb_v1__run_002,lateral_movement,T1021.002,4,2,1.0,1.0,0.0094,22819.11,27573.09,0.6086,24,29,1.3581,1.9186,1.0533,0.2911,1.9267,0,2,0,0,0,0,0.8152,950.8,283.34,1436.94,6143.06,6629.86,0,0.0462,2.2712,0,0
2026-09-09T15:36:41.201276+00:00,lateral_movement_smb_v1,lateral_movement_smb_v1__run_002,lateral_movement,T1021.002,6,2,0.9183,1.0,0.0,21993.89,10080.53,0.5221,24,11,1.2317,2.815,0.8264,0.1929,1.4052,1,3,0,0,0,0,2.0767,916.41,323.54,1444.23,9547.76,7460.43,0,0.0776,2.0396,0,0
2026-09-09T15:36:46.201276+00:00,lateral_movement_smb_v1,lateral_movement_smb_v1__run_002,lateral_movement,T1021.002,3,2,0.9183,1.0,0.0116,15446.18,18020.54,0.5821,18,21,0.6544,1.8833,1.1753,0.1762,1.7038,0,1,0,0,0,0,0.8503,858.12,64.37,933.59,6575.56,7742.41,0,0.0577,1.5082,0,0
2026-09-09T15:36:51.201276+00:00,lateral_movement_smb_v1,lateral_movement_smb_v1__run_002,lateral_movement,T1021.002,5,2,0.971,0.9683,0.0075,15014.4,12011.52,0.7105,20,16,0.616,0.8541,0.8253,0.2475,1.5678,1,2,0,0,0,0,1.2091,750.72,36.02,803.44,9838.74,9732.71,0,0.0819,1.0917,0,0
2026-09-09T15:36:56.201276+00:00,lateral_movement_smb_v1,lateral_movement_smb_v1__run_002,lateral_movement,T1021.002,4,1,-0.0,0.9767,0.0383,15980.76,8989.18,0.6041,16,9,1.3876,3.9791,1.3594,0.3918,2.5348,0,2,0,0,0,0,1.6677,998.8,218.87,1279.49,9443.07,7825.05,0,0.0433,1.2221,0,0
2026-09-09T15:37:01.201276+00:00,lateral_movement_smb_v1,lateral_movement_smb_v1__run_002,lateral_movement,T1021.002,4,1,-0.0,0.9495,0.0788,15945.19,14948.62,0.5903,16,15,1.0952,2.9395,0.9524,0.2353,1.6582,0,1,0,0,0,0,1.0135,996.57,396.98,1530.12,8249.51,9475.84,0,0.0505,0.4278,0,0
2026-09-09T15:37:06.201276+00:00,lateral_movement_smb_v1,lateral_movement_smb_v1__run_002,lateral_movement,T1021.002,6,2,1.0,1.0,0.0,53106.62,50451.29,0.6303,60,57,0.7399,1.7054,0.8662,0.0982,1.1608,1,3,0,0,0,0,1.0504,885.11,141.37,1168.66,8600.85,8826.26,0,0.1187,1.7033,0,0
2026-09-09T15:37:11.201276+00:00,lateral_movement_smb_v1,lateral_movement_smb_v1__run_002,lateral_movement,T1021.002,8,2,0.8113,0.9684,0.0205,61847.22,42519.96,0.7135,64,44,1.2016,2.2412,0.7717,0.2238,1.443,1,3,0,0,1,0,1.4438,966.36,160.68,1128.15,8878.99,8913.34,0,0.1582,1.3359,0,0
2026-09-09T15:37:16.201276+00:00,lateral_movement_smb_v1,lateral_movement_smb_v1__run_002,lateral_movement,T1021.002,8,2,0.9544,0.9545,0.0172,69313.32,71046.16,0.6189,80,82,0.8825,1.7168,1.0528,0.2536,1.8137,1,4,0,0,0,0,0.9706,866.42,238.07,1326.89,7808.28,8355.42,0,0.0559,0.4895,0,0
2026-09-09T15:37:21.201276+00:00,lateral_movement_smb_v1,lateral_movement_smb_v1__run_002,lateral_movement,T1021.002,6,2,1.0,1.0,0.009,29030.99,35482.32,0.6438,36,44,1.2349,1.5811,0.8421,0.2226,1.5098,0,3,0,0,0,0,0.818,806.42,254.02,1185.72,8618.94,10006.56,0,0.1322,0.9924,0,0
2026-09-09T15:37:26.201276+00:00,lateral_movement_smb_v1,lateral_movement_smb_v1__run_002,lateral_movement,T1021.002,6,2,0.9183,1.0,0.0,29629.4,26807.55,0.6317,42,38,0.9153,1.6317,0.9071,0.2074,1.5294,1,3,0,0,0,0,1.0843,705.46,192.64,976.46,8778.34,6681.58,0,0.0976,0.6328,0,0
2026-09-09T15:37:31.201276+00:00,lateral_movement_smb_v1,lateral_movement_smb_v1__run_002,lateral_movement,T1021.002,5,2,0.971,0.9709,0.0639,29086.01,17451.61,0.5899,30,18,1.0692,2.2185,1.0606,0.1626,1.5484,0,2,0,0,0,0,1.6631,969.53,163.48,1194.55,8328.62,8253.73,0,0.0842,0.7671,0,0
2026-09-09T15:37:36.201276+00:00,lateral_movement_smb_v1,lateral_movement_smb_v1__run_002,lateral_movement,T1021.002,3,2,0.9183,1.0,0.0427,9430.01,14145.01,0.6644,12,18,0.6368,1.4223,1.1408,0.125,1.5157,0,1,0,0,0,0,0.6429,785.83,306.11,1218.07,7758.7,7657.97,0,0.0914,0.9229,0,0
2026-09-09T15:37:41.201276+00:00,lateral_movement_smb_v1,lateral_movement_smb_v1__run_002,lateral_movement,T1021.002,4,1,-0.0,0.9697,0.0362,4345.12,4345.12,0.5885,4,4,1.258,2.6946,1.1242,0.1482,1.5687,0,2,0,0,0,0,0.9794,1086.28,222.53,1387.1,8009.45,7627.52,0,0.042,1.0577,0,0
2026-09-09T15:37:46.201276+00:00,lateral_movement_smb_v1,lateral_movement_smb_v1__run_002,lateral_movement,T1021.002,8,2,1.0,0.991,0.0,46276.62,40492.04,0.6778,56,49,1.5889,3.6571,1.1702,0.297,2.0611,1,3,0,0,1,0,1.1328,826.37,221.85,1185.99,8691.2,9196.91,0,0.1195,1.4385,0,0
2026-09-09T15:37:51.201276+00:00,lateral_movement_smb_v1,lateral_movement_smb_v1__run_002,lateral_movement,T1021.002,4,2,0.8113,0.9792,0.0158,3880.86,3880.86,0.6247,4,4,0.7962,2.3044,0.929,0.1634,1.419,0,2,0,0,0,0,0.8025,970.21,288.0,1271.17,6944.25,7245.15,0,0.1324,0.8404,0,0
2026-09-09T15:37:56.201276+00:00,lateral_movement_smb_v1,lateral_movement_smb_v1__run_002,lateral_movement,T1021.002,4,2,0.8113,0.9896,0.0,39362.93,24154.52,0.6598,44,27,1.1799,1.7826,0.8379,0.2011,1.4411,0,2,0,0,0,0,1.5742,894.61,228.72,1249.4,8642.32,8889.78,0,0.0813,0.4064,0,0
2026-09-09T15:38:01.201276+00:00,lateral_movement_smb_v1,lateral_movement_smb_v1__run_002,lateral_movement,T1021.002,10,2,1.0,0.991,0.0,72647.93,57311.14,0.6669,90,71,0.6468,0.9446,0.8642,0.1468,1.3045,2,4,0,0,1,0,1.2542,807.2,210.85,1166.92,6796.6,8432.58,0,0.0751,0.9217,0,0
2026-09-09T15:38:06.201276+00:00,lateral_movement_smb_v1,lateral_movement_smb_v1__run_002,lateral_movement,T1021.002,2,1,-0.0,1.0,0.0161,18053.32,12035.54,0.6876,18,12,1.4338,4.0873,1.1839,0.2324,1.8812,0,1,0,0,0,0,1.4987,1002.96,96.92,1099.88,8752.07,7609.09,0,0.0572,1.5396,0,0
2026-09-09T15:38:11.201276+00:00,lateral_movement_smb_v1,lateral_movement_smb_v1__run_002,lateral_movement,T1021.002,4,2,1.0,0.9866,0.0,15450.45,16416.11,0.6296,16,17,0.8583,1.9504,0.9616,0.1429,1.3904,0,2,0,0,0,0,0.915,965.65,241.44,1175.44,7958.78,9222.33,0,0.1539,0.8778,0,0
2026-09-09T15:38:16.201276+00:00,lateral_movement_smb_v1,lateral_movement_smb_v1__run_002,lateral_movement,T1021.002,6,2,1.0,0.9675,0.0573,33281.73,32357.24,0.6486,36,35,1.2563,3.174,0.855,0.1729,1.3737,1,3,0,0,0,0,1.014,924.49,273.47,1417.7,8857.32,8540.6,0,0.1021,2.0231,0,0
2026-09-09T15:38:21.201276+00:00,lateral_movement_smb_v1,lateral_movement_smb_v1__run_002,lateral_movement,T1021.002,5,2,0.7219,0.9872,0.0238,47400.5,30810.33,0.6087,40,26,0.8593,1.0335,0.8735,0.2165,1.523,0,2,0,0,0,0,1.4856,1185.01,493.0,1731.42,9269.52,7460.76,0,0.0847,0.8979,0,0
2026-09-09T15:38:26.201276+00:00,lateral_movement_smb_v1,lateral_movement_smb_v1__run_002,lateral_movement,T1021.002,11,2,0.8454,0.9708,0.0,71101.44,50094.2,0.6798,88,62,1.0608,2.0427,0.8533,0.1905,1.425,2,5,0,0,1,0,1.4126,807.97,206.33,1177.98,7869.27,9226.34,0,0.0949,1.8063,0,0
2026-09-09T15:38:31.201276+00:00,lateral_movement_smb_v1,lateral_movement_smb_v1__run_002,lateral_movement,T1021.002,6,2,1.0,1.0,0.0124,34481.48,22166.66,0.7068,42,27,0.9446,2.0244,0.8552,0.119,1.2123,1,2,0,0,0,0,1.5407,820.99,198.05,1165.86,7505.71,7667.4,0,0.1258,0.3238,0,0
2026-09-09T15:38:36.201276+00:00,lateral_movement_smb_v1,lateral_movement_smb_v1__run_002,lateral_movement,T1021.002,7,2,0.8631,0.9673,0.0125,38256.14,28236.68,0.5527,42,31,1.4379,2.3254,0.9573,0.1739,1.479,1,3,0,0,1,0,1.3542,910.86,148.79,1100.31,8464.25,7441.83,0,0.1099,0.2068,0,0
2026-09-09T15:38:41.201276+00:00,lateral_movement_smb_v1,lateral_movement_smb_v1__run_002,lateral_movement,T1021.002,5,2,0.971,0.9777,0.027,48694.81,37008.05,0.5353,50,38,0.9505,1.1988,1.2943,0.1509,1.747,0,2,0,0,0,0,1.2838,973.9,245.38,1324.17,7985.33,9197.25,0,0.0488,0.0,1,0
2026-09-09T15:38:46.201276+00:00,lateral_movement_smb_v1,lateral_movement_smb_v1__run_002,lateral_movement,T1021.002,6,2,1.0,0.9747,0.0219,25706.39,25706.39,0.595,30,30,1.6031,2.4273,1.0663,0.1349,1.471,1,3,0,0,0,0,0.9994,856.88,219.53,1282.97,6802.72,7070.97,0,0.1323,1.2986,0,0
2026-09-09T15:38:51.201276+00:00,lateral_movement_smb_v1,lateral_movement_smb_v1__run_002,lateral_movement,T1021.002,6,2,0.9183,1.0,0.0362,5472.79,3648.53,0.6093,6,4,0.9148,1.144,0.8287,0.1384,1.244,1,3,0,0,0,0,1.4224,912.13,246.25,1335.98,7870.43,7960.75,0,0.0769,0.2622,0,0
2026-09-09T15:38:56.201276+00:00,lateral_movement_smb_v1,lateral_movement_smb_v1__run_002,lateral_movement,T1021.002,8,2,0.9544,1.0,0.0,26136.82,25320.05,0.6901,32,31,0.4838,1.1146,0.9989,0.2049,1.6137,1,3,0,0,0,0,1.0064,816.78,134.38,1034.25,9358.33,6651.8,0,0.0665,2.1918,0,0
2026-09-09T15:39:01.201276+00:00,lateral_movement_smb_v1,lateral_movement_smb_v1__run_002,lateral_movement,T1021.002,3,2,0.9183,1.0,0.0177,20269.69,25095.81,0.6326,21,26,0.9769,2.3839,1.0249,0.1431,1.4542,0,1,0,0,0,0,0.7858,965.22,130.27,1137.64,8052.73,8685.35,0,0.1194,1.1804,0,0
2026-09-09T15:39:06.201276+00:00,lateral_movement_smb_v1,lateral_movement_smb_v1__run_002,lateral_movement,T1021.002,2,1,-0.0,0.994,0.0,3670.13,1835.07,0.68,4,2,1.0636,1.9293,1.2274,0.2569,1.998,0,0,0,0,0,0,1.4189,917.53,26.35,943.88,10191.46,9108.7,0,0.0413,0.6822,0,0
2026-09-09T15:39:11.201276+00:00,lateral_movement_smb_v1,lateral_movement_smb_v1__run_002,lateral_movement,T1021.002,5,2,0.7219,0.9626,0.0697,21459.57,13734.13,0.6804,25,16,0.6377,1.6035,0.8273,0.1915,1.4018,1,2,0,0,0,0,1.508,858.38,111.42,949.0,7800.73,9905.18,0,0.1006,1.2118,0,1
2026-09-09T15:39:16.201276+00:00,lateral_movement_smb_v1,lateral_movement_smb_v1__run_002,lateral_movement,T1021.002,3,1,-0.0,1.0,0.0,16034.91,18325.61,0.6646,21,24,1.0521,3.0013,0.8696,0.1413,1.2936,0,1,0,0,0,0,0.8672,763.57,132.59,895.84,8467.53,8573.09,0,0.0446,0.381,0,0
2026-09-09T15:39:21.201276+00:00,lateral_movement_smb_v1,lateral_movement_smb_v1__run_002,lateral_movement,T1021.002,6,2,0.9183,1.0,0.0,25363.0,22826.7,0.593,30,27,0.5514,1.3348,0.8722,0.143,1.3012,1,3,0,0,1,0,1.1067,845.43,176.09,1107.47,7604.92,7006.36,0,0.0813,0.7558,0,0
2026-09-09T15:39:26.201276+00:00,lateral_movement_smb_v1,lateral_movement_smb_v1__run_002,lateral_movement,T1021.002,7,2,0.9852,0.9864,0.0024,49903.33,68617.08,0.6255,56,77,1.2639,3.1537,1.3339,0.2904,2.2052,1,3,0,0,0,0,0.726,891.13,302.55,1344.52,8258.03,8012.22,0,0.0739,0.851,0,0
2026-09-09T15:39:31.201276+00:00,lateral_movement_smb_v1,lateral_movement_smb_v1__run_002,lateral_movement,T1021.002,4,1,-0.0,0.9449,0.0373,12680.45,7396.93,0.6944,12,7,1.3867,4.0176,1.1719,0.1224,1.5391,0,2,0,0,0,0,1.5062,1056.7,234.6,1328.75,5924.68,7920.37,0,0.0313,0.7339,0,0
2026-09-09T15:39:36.201276+00:00,lateral_movement_smb_v1,lateral_movement_smb_v1__run_002,lateral_movement,T1021.002,4,2,1.0,0.9771,0.0092,3534.02,1767.01,0.6763,4,2,1.1116,2.8448,1.0263,0.1669,1.5268,0,1,0,0,0,0,1.4591,883.5,224.85,1205.73,9369.01,8849.38,0,0.0854,1.2446,0,0
2026-09-09T15:39:41.201276+00:00,lateral_movement_smb_v1,lateral_movement_smb_v1__run_002,lateral_movement,T1021.002,5,2,0.7219,1.0,0.0,9855.98,8541.85,0.6841,15,13,1.247,3.1395,1.1364,0.2076,1.7591,1,2,0,0,0,0,1.1252,657.07,150.36,888.13,8286.02,5387.73,0,0.0542,1.4315,0,0
2026-09-09T15:39:46.201276+00:00,lateral_movement_smb_v1,lateral_movement_smb_v1__run_002,lateral_movement,T1021.002,8,2,0.8113,0.985,0.0,38313.61,35120.81,0.646,48,44,0.8709,2.4705,1.221,0.2024,1.8281,1,3,0,0,1,0,1.0671,798.2,268.18,1220.52,9431.2,8357.58,0,0.0883,1.5725,0,0
2026-09-09T15:39:51.201276+00:00,lateral_movement_smb_v1,lateral_movement_smb_v1__run_002,lateral_movement,T1021.002,6,2,0.65,1.0,0.0,44373.43,36053.42,0.7046,48,39,0.671,1.6953,1.1194,0.1363,1.5285,1,2,0,0,0,0,1.2054,924.45,241.9,1334.09,8876.13,8452.6,0,0.1353,0.9447,0,0
2026-09-09T15:39:56.201276+00:00,lateral_movement_smb_v1,lateral_movement_smb_v1__run_002,lateral_movement,T1021.002,4,2,0.8113,1.0,0.0,13002.0,9751.5,0.6896,16,12,1.1377,1.8455,0.9142,0.2145,1.5577,0,2,0,0,0,0,1.2696,812.62,441.76,1263.83,8271.26,6441.53,0,0.1135,0.2252,0,0
2026-09-09T15:40:01.201276+00:00,lateral_movement_smb_v1,lateral_movement_smb_v1__run_002,lateral_movement,T1021.002,6,2,0.9183,1.0,0.019,19117.74,13541.73,0.7067,24,17,0.8953,2.2344,1.1169,0.2361,1.8253,1,2,0,0,0,0,1.3848,796.57,123.93,960.82,6111.76,9464.78,0,0.1205,0.8049,0,0
2026-09-09T15:40:06.201276+00:00,lateral_movement_smb_v1,lateral_movement_smb_v1__run_002,lateral_movement,T1021.002,3,2,0.9183,0.9855,0.0223,1902.86,1268.57,0.7697,3,2,1.2868,3.4389,1.1856,0.3524,2.2427,0,1,0,0,0,0,1.2298,634.29,52.08,707.89,5781.48,7778.29,0,0.1017,2.1343,0,0
2026-09-09T15:40:11.201276+00:00,lateral_movement_smb_v1,lateral_movement_smb_v1__run_002,lateral_movement,T1021.002,4,2,1.0,0.9672,0.0456,23413.17,14633.23,0.5776,32,20,0.6945,1.6917,1.1359,0.1392,1.5537,0,2,0,0,0,0,1.576,731.66,58.57,821.2,8779.15,8838.08,0,0.084,2.1755,0,0
2026-09-09T15:40:16.201276+00:00,lateral_movement_smb_v1,lateral_movement_smb_v1__run_002,lateral_movement,T1021.002,11,2,0.9457,0.9812,0.0,21289.25,14515.4,0.651,22,15,0.9853,2.0388,0.9367,0.1029,1.2453,2,5,0,0,1,0,1.3808,967.69,213.12,1242.35,8253.43,9495.79,0,0.1087,0.8538,0,0
2026-09-09T15:40:21.201276+00:00,lateral_movement_smb_v1,lateral_movement_smb_v1__run_002,lateral_movement,T1021.002,9,2,0.9911,1.0,0.0,42083.04,51434.82,0.5378,45,55,0.4712,0.8417,0.8872,0.1222,1.2537,1,4,0,0,1,0,0.817,935.18,314.78,1379.73,7911.23,8764.05,0,0.1137,0.7237,0,0
2026-09-09T15:40:26.201276+00:00,lateral_movement_smb_v1,lateral_movement_smb_v1__run_002,lateral_movement,T1021.002,6,2,0.9183,0.9995,0.052,28617.62,22894.1,0.6605,30,24,1.323,2.4825,0.9223,0.1712,1.436,1,3,0,0,0,0,1.2107,953.92,112.58,1107.33,8072.3,8633.52,0,0.0967,1.1782,0,0
2026-09-09T15:40:31.201276+00:00,lateral_movement_smb_v1,lateral_movement_smb_v1__run_002,lateral_movement,T1021.002,3,1,-0.0,1.0,0.0,20925.56,16275.44,0.6431,27,21,1.0022,2.9788,0.9757,0.2715,1.7903,0,1,0,0,0,0,1.2558,775.02,62.24,858.54,9136.27,7281.81,0,0.0482,1.3361,0,0
2026-09-09T15:40:36.201276+00:00,lateral_movement_smb_v1,lateral_movement_smb_v1__run_002,lateral_movement,T1021.002,5,2,0.971,0.9486,0.0373,8481.08,5088.65,0.6345,10,6,0.7645,1.1668,0.8746,0.0906,1.1465,1,2,0,0,0,0,1.6,848.11,253.65,1143.16,6591.85,7810.31,0,0.0843,0.2297,0,0
2026-09-09T15:40:41.201276+00:00,lateral_movement_smb_v1,lateral_movement_smb_v1__run_002,lateral_movement,T1021.002,5,2,0.971,1.0,0.0217,19047.06,29713.41,0.6472,25,39,0.9827,2.8663,1.2316,0.2221,1.8979,0,2,0,0,0,0,0.632,761.88,131.97,946.73,9039.55,7109.83,0,0.1148,0.1898,0,0
2026-09-09T15:40:46.201276+00:00,lateral_movement_smb_v1,lateral_movement_smb_v1__run_002,lateral_movement,T1021.002,3,1,-0.0,1.0,0.0078,9191.35,11489.19,0.6706,12,15,1.5606,2.7054,1.0285,0.2674,1.8308,0,1,0,0,0,0,0.7786,765.95,139.72,962.44,10850.63,9171.74,0,0.092,0.7413,0,0
2026-09-09T15:40:51.201276+00:00,lateral_movement_smb_v1,lateral_movement_smb_v1__run_002,lateral_movement,T1021.002,8,2,0.9544,1.0,0.0188,42379.62,29135.99,0.6796,48,33,0.806,1.9632,1.2023,0.2259,1.8799,1,4,0,0,1,0,1.4162,882.91,139.85,1068.42,9367.42,6671.59,0,0.171,0.6437,0,0
2026-09-09T15:40:56.201276+00:00,lateral_movement_smb_v1,lateral_movement_smb_v1__run_002,lateral_movement,T1021.002,4,2,0.8113,0.9765,0.0172,25195.49,22833.41,0.6332,32,29,0.5527,1.3035,1.1137,0.2222,1.7803,0,1,0,0,0,0,1.0917,787.36,125.43,924.94,9010.4,7739.16,0,0.0681,1.0756,0,0
2026-09-09T15:41:01.201276+00:00,lateral_movement_smb_v1,lateral_movement_smb_v1__run_002,lateral_movement,T1021.002,7,2,0.8631,1.0,0.0,15394.98,13928.79,0.6785,21,19,1.0796,2.6655,1.0969,0.1839,1.6488,1,3,0,0,1,0,1.0678,733.09,203.03,1148.28,9155.13,8468.24,0,0.0353,0.5794,0,0
2026-09-09T15:41:06.201276+00:00,lateral_movement_smb_v1,lateral_movement_smb_v1__run_002,lateral_movement,T1021.002,8,2,1.0,0.9855,0.0266,22233.5,18527.91,0.6772,24,20,1.4054,2.9862,1.0162,0.2041,1.6285,1,4,0,0,1,0,1.1476,926.4,368.58,1557.73,7361.65,7754.92,0,0.0915,0.5793,0,0
2026-09-09T15:41:11.201276+00:00,lateral_movement_smb_v1,lateral_movement_smb_v1__run_002,lateral_movement,T1021.002,3,2,0.9183,0.9853,0.0053,18215.93,19430.32,0.6038,15,16,0.9034,1.4525,1.1152,0.1615,1.5997,0,1,0,0,0,0,0.9301,1214.4,383.05,1748.31,8871.8,8989.76,0,0.0781,0.447,0,0
2026-09-09T15:41:16.201276+00:00,lateral_movement_smb_v1,lateral_movement_smb_v1__run_002,lateral_movement,T1021.002,6,2,1.0,1.0,0.0124,26341.62,23048.92,0.6369,24,21,1.2496,1.5844,0.812,0.2406,1.5339,1,3,0,0,1,0,1.1386,1097.57,379.49,1637.81,7689.4,8508.04,0,0.1684,0.5483,0,0
2026-09-09T15:41:21.201276+00:00,lateral_movement_smb_v1,lateral_movement_smb_v1__run_002,lateral_movement,T1021.002,6,2,0.9183,0.9712,0.0,30156.5,21779.69,0.5996,36,26,1.1419,3.2964,1.2209,0.125,1.5961,1,2,0,0,0,0,1.3646,837.68,173.87,1206.11,6862.27,7721.1,0,0.038,0.9366,0,0
2026-09-09T15:41:26.201276+00:00,lateral_movement_smb_v1,lateral_movement_smb_v1__run_002,lateral_movement,T1021.002,1,1,-0.0,1.0,0.0063,1465.25,1465.25,0.7194,4,4,0.9181,2.5438,1.0966,0.156,1.5645,0,0,0,0,0,0,0.8033,366.31,0.0,366.31,7120.34,10090.17,0,0.0676,1.6474,0,0
2026-09-09T15:41:31.201276+00:00,lateral_movement_smb_v1,lateral_movement_smb_v1__run_002,lateral_movement,T1021.002,5,2,0.7219,1.0,0.0178,18509.66,19435.14,0.6771,20,21,1.6028,2.7676,1.0439,0.2543,1.8069,0,2,0,0,0,0,0.9425,925.48,202.25,1130.78,6062.58,7395.8,0,0.0632,1.0827,0,0
2026-09-09T15:41:36.201276+00:00,lateral_movement_smb_v1,lateral_movement_smb_v1__run_002,lateral_movement,T1021.002,6,2,0.65,1.0,0.0146,32296.0,27989.87,0.6475,30,26,1.3376,2.1773,1.0713,0.1663,1.5701,1,2,0,0,0,0,1.1196,1076.53,292.41,1514.08,6032.42,7456.6,0,0.1007,0.8308,0,0
2026-09-09T15:41:41.201276+00:00,lateral_movement_smb_v1,lateral_movement_smb_v1__run_002,lateral_movement,T1021.002,7,2,0.9852,1.0,0.0031,29086.83,20776.31,0.6837,35,25,0.647,1.626,0.9927,0.1972,1.5844,1,3,0,0,1,0,1.3956,831.05,212.66,1303.8,8118.75,8955.77,0,0.1348,0.7785,0,0
2026-09-09T15:41:46.201276+00:00,lateral_movement_smb_v1,lateral_movement_smb_v1__run_002,lateral_movement,T1021.002,7,2,0.5917,0.9762,0.0327,56984.2,40703.0,0.656,56,40,0.9088,2.5231,0.9558,0.108,1.2798,1,3,0,0,1,0,1.395,1017.57,297.28,1519.16,7477.26,7861.42,0,0.0889,0.9443,0,1
2026-09-09T15:41:51.201276+00:00,lateral_movement_smb_v1,lateral_movement_smb_v1__run_002,lateral_movement,T1021.002,5,2,0.971,0.9768,0.0293,12237.16,14684.59,0.5824,15,18,0.6008,1.5884,1.2151,0.2017,1.8201,1,2,0,0,0,0,0.7976,815.81,358.58,1390.9,8154.65,8272.7,0,0.0853,0.4807,0,0
2026-09-09T15:41:56.201276+00:00,lateral_movement_smb_v1,lateral_movement_smb_v1__run_002,lateral_movement,T1021.002,5,2,0.971,0.9718,0.0182,7829.31,5219.54,0.5539,15,10,0.8429,1.4451,1.0452,0.1554,1.5115,1,2,0,0,0,0,1.3783,521.95,98.44,685.35,9428.7,9363.8,0,0.0728,1.2833,0,1
2026-09-09T15:42:01.201276+00:00,lateral_movement_smb_v1,lateral_movement_smb_v1__run_002,lateral_movement,T1021.002,6,2,0.65,0.9734,0.0,28130.51,23442.1,0.6264,30,25,1.416,3.7707,1.1928,0.2546,1.9567,1,3,0,0,0,0,1.1645,937.68,472.77,1958.68,7965.43,6421.17,0,0.1347,1.0371,1,0
2026-09-09T15:42:06.201276+00:00,lateral_movement_smb_v1,lateral_movement_smb_v1__run_002,lateral_movement,T1021.002,2,2,1.0,1.0,0.0,25636.9,22140.96,0.617,22,19,1.0135,1.7215,1.1327,0.1496,1.5815,0,1,0,0,0,0,1.123,1165.31,182.4,1347.71,9799.6,9769.07,0,0.0995,1.2917,0,0
2026-09-09T15:42:11.201276+00:00,lateral_movement_smb_v1,lateral_movement_smb_v1__run_002,lateral_movement,T1021.002,6,2,1.0,1.0,0.0122,39717.35,132391.16,0.5771,42,140,0.8152,2.2789,0.7942,0.1123,1.1311,1,2,0,0,0,0,0.2994,945.65,411.04,1768.13,8064.27,6389.67,0,0.1336,1.0976,0,0
2026-09-09T15:42:16.201276+00:00,lateral_movement_smb_v1,lateral_movement_smb_v1__run_002,lateral_movement,T1021.002,6,2,0.9183,1.0,0.0273,33604.18,23202.88,0.6687,42,29,1.1522,2.2425,0.6453,0.0838,0.8968,1,2,0,0,0,0,1.4015,800.1,133.0,1055.82,8398.24,8193.05,0,0.0657,0.8983,0,0
2026-09-09T15:42:21.201276+00:00,lateral_movement_smb_v1,lateral_movement_smb_v1__run_002,lateral_movement,T1021.002,8,2,0.9544,0.9685,0.0392,73881.95,58489.88,0.6662,72,57,0.8055,1.2487,0.8491,0.2429,1.5779,1,4,0,0,1,0,1.2491,1026.14,251.79,1585.37,10354.69,7151.67,0,0.0986,0.4425,0,0
2026-09-09T15:42:26.201276+00:00,lateral_movement_smb_v1,lateral_movement_smb_v1__run_002,lateral_movement,T1021.002,7,2,0.9852,1.0,0.0,55335.06,66204.44,0.663,56,67,0.8191,1.5769,1.264,0.3531,2.3232,1,3,0,0,0,0,0.831,988.13,342.25,1648.55,7569.78,6893.96,0,0.1332,1.7334,0,0
2026-09-09T15:42:31.201276+00:00,lateral_movement_smb_v1,lateral_movement_smb_v1__run_002,lateral_movement,T1021.002,8,2,1.0,1.0,0.0295,25993.43,21931.96,0.6183,32,27,0.8242,1.3655,1.3264,0.2123,1.9632,1,4,0,0,1,0,1.1573,812.29,283.76,1398.73,7769.34,7989.01,0,0.0609,1.4062,0,0
2026-09-09T15:42:36.201276+00:00,lateral_movement_smb_v1,lateral_movement_smb_v1__run_002,lateral_movement,T1021.002,3,2,0.9183,0.9349,0.036,5486.92,7925.55,0.6798,9,13,1.354,3.3456,1.1303,0.165,1.6251,0,1,0,0,0,0,0.6903,609.66,7.11,615.87,7500.92,7147.09,0,0.0795,1.527,0,0
2026-09-09T15:42:41.201276+00:00,lateral_movement_smb_v1,lateral_movement_smb_v1__run_002,lateral_movement,T1021.002,6,2,0.9183,0.9929,0.0,37843.77,36041.68,0.6486,42,40,0.7,1.5926,0.7625,0.2135,1.4029,1,3,0,0,0,0,1.0396,901.04,142.35,1070.66,6449.12,7742.75,0,0.1102,1.1733,0,0
2026-09-09T15:42:46.201276+00:00,lateral_movement_smb_v1,lateral_movement_smb_v1__run_002,lateral_movement,T1021.002,6,2,1.0,0.9813,0.0142,15055.74,8364.3,0.6594,18,10,0.8212,2.07,0.943,0.2019,1.5487,1,3,0,0,0,0,1.6751,836.43,229.43,1225.46,9470.84,8783.63,0,0.0792,1.4209,0,0
2026-09-09T15:42:51.201276+00:00,lateral_movement_smb_v1,lateral_movement_smb_v1__run_002,lateral_movement,T1021.002,2,1,-0.0,0.9803,0.0213,3368.51,2526.39,0.579,4,3,0.8177,1.9724,1.1887,0.3215,2.1533,0,1,0,0,0,0,1.0682,842.13,185.64,1027.77,7832.85,7449.53,0,0.0,1.7527,0,0
2026-09-09T15:42:56.201276+00:00,lateral_movement_smb_v1,lateral_movement_smb_v1__run_002,lateral_movement,T1021.002,1,1,-0.0,1.0,0.0308,3891.03,2918.27,0.6528,4,3,0.577,1.1588,1.1334,0.1174,1.4856,0,0,0,0,0,0,1.1987,972.76,0.0,972.76,7108.45,8943.28,0,0.0664,1.6365,0,0
2026-09-09T15:43:01.201276+00:00,lateral_movement_smb_v1,lateral_movement_smb_v1__run_002,lateral_movement,T1021.002,8,2,0.9544,0.9714,0.0107,47744.41,29840.25,0.6231,56,35,1.0956,2.6539,0.9791,0.2233,1.6491,1,3,0,0,1,0,1.5607,852.58,226.37,1241.66,7519.77,8736.88,0,0.054,0.3047,1,0
2026-09-09T15:43:06.201276+00:00,lateral_movement_smb_v1,lateral_movement_smb_v1__run_002,lateral_movement,T1021.002,6,2,0.9183,0.9569,0.0403,48828.34,31648.0,0.6817,54,35,1.1297,3.1995,0.7779,0.0982,1.0724,1,3,0,0,0,0,1.5138,904.23,179.98,1244.7,8994.82,9992.17,0,0.0802,0.6653,0,0
2026-09-09T15:43:11.201276+00:00,lateral_movement_smb_v1,lateral_movement_smb_v1__run_002,lateral_movement,T1021.002,6,2,1.0,1.0,0.0058,31744.2,37916.68,0.6985,36,43,1.1321,3.2588,0.8633,0.1596,1.342,1,2,0,0,1,0,0.8231,881.78,161.47,1087.47,8961.82,8892.15,0,0.0906,0.7766,0,0
2026-09-09T15:43:16.201276+00:00,lateral_movement_smb_v1,lateral_movement_smb_v1__run_002,lateral_movement,T1021.002,4,2,1.0,1.0,0.0217,31759.73,42677.14,0.7642,32,43,1.0328,1.9415,0.9696,0.2434,1.6998,0,2,0,0,0,0,0.7337,992.49,162.28,1269.18,8035.23,8963.27,0,0.0908,1.3889,0,0
2026-09-09T15:43:21.201276+00:00,lateral_movement_smb_v1,lateral_movement_smb_v1__run_002,lateral_movement,T1021.002,5,2,0.7219,0.9905,0.0266,22367.77,22367.77,0.5908,25,25,1.2554,3.2714,1.2639,0.2469,2.0046,0,2,0,0,0,0,0.9651,894.71,311.63,1425.28,10242.82,8330.01,0,0.0607,0.6609,0,0
2026-09-09T15:43:26.201276+00:00,lateral_movement_smb_v1,lateral_movement_smb_v1__run_002,lateral_movement,T1021.002,6,2,0.9183,1.0,0.0,22190.11,21265.52,0.7652,24,23,1.0083,1.7717,0.9332,0.1698,1.4425,1,3,0,0,1,0,1.0152,924.59,265.57,1410.61,7693.57,9909.99,0,0.0664,1.0793,0,0
2026-09-09T15:43:31.201276+00:00,lateral_movement_smb_v1,lateral_movement_smb_v1__run_002,lateral_movement,T1021.002,6,2,0.9183,1.0,0.0068,48642.12,86137.09,0.6831,48,85,1.2329,3.6932,1.1609,0.3171,2.1123,1,2,0,0,1,0,0.5614,1013.38,219.03,1320.16,8442.09,7512.62,0,0.1476,1.5606,0,0
2026-09-09T15:43:36.201276+00:00,lateral_movement_smb_v1,lateral_movement_smb_v1__run_002,lateral_movement,T1021.002,5,2,0.7219,1.0,0.0,28272.6,22618.08,0.6353,30,24,0.5697,0.9026,1.1448,0.2851,2.0002,0,2,0,0,0,0,1.2158,942.42,288.77,1505.59,9646.6,6318.21,0,0.0823,1.1729,0,0
2026-09-09T15:43:41.201276+00:00,lateral_movement_smb_v1,lateral_movement_smb_v1__run_002,lateral_movement,T1021.002,8,2,0.8113,1.0,0.0037,31576.23,18748.39,0.6401,32,19,1.0638,2.9864,1.1073,0.3136,2.0482,1,3,0,0,1,0,1.6092,986.76,324.83,1693.85,7114.03,7794.99,0,0.1092,0.1933,0,0
2026-09-09T15:43:46.201276+00:00,lateral_movement_smb_v1,lateral_movement_smb_v1__run_002,lateral_movement,T1021.002,5,2,0.7219,0.9722,0.063,43808.51,31291.8,0.6686,35,25,0.545,1.269,0.9792,0.1624,1.4664,0,2,0,0,0,0,1.3483,1251.67,355.84,1633.32,9626.98,6423.04,0,0.1109,1.945,0,0
2026-09-09T15:43:51.201276+00:00,lateral_movement_smb_v1,lateral_movement_smb_v1__run_002,lateral_movement,T1021.002,3,2,0.9183,1.0,0.0,16950.85,14690.74,0.6596,15,13,1.7837,2.3686,1.2876,0.3525,2.3449,0,1,0,0,0,0,1.1291,1130.06,158.32,1341.12,7773.7,7054.51,0,0.0772,1.2367,0,0
2026-09-09T15:43:56.201276+00:00,lateral_movement_smb_v1,lateral_movement_smb_v1__run_002,lateral_movement,T1021.002,6,2,0.65,0.9592,0.0395,39848.91,35104.99,0.675,42,37,0.8733,2.0625,0.8378,0.1489,1.2846,1,3,0,0,1,0,1.1337,948.78,403.16,1729.3,7302.27,8536.58,0,0.0877,1.3279,0,0
2026-09-09T15:44:01.201276+00:00,lateral_movement_smb_v1,lateral_movement_smb_v1__run_002,lateral_movement,T1021.002,2,2,1.0,0.988,0.02,13211.23,17614.97,0.5246,12,16,0.7597,2.0067,0.9032,0.2693,1.711,0,1,0,0,0,0,0.736,1100.94,159.72,1260.66,8249.48,7290.19,0,0.0557,0.9642,0,0
2026-09-09T15:44:06.201276+00:00,lateral_movement_smb_v1,lateral_movement_smb_v1__run_002,lateral_movement,T1021.002,4,1,-0.0,1.0,0.0195,30103.41,29028.29,0.6187,28,27,0.8091,1.2257,0.8155,0.0979,1.1091,0,1,0,0,0,0,1.0269,1075.12,160.1,1314.13,6282.15,9030.72,0,0.0965,0.4755,0,0
2026-09-09T15:44:11.201276+00:00,lateral_movement_smb_v1,lateral_movement_smb_v1__run_002,lateral_movement,T1021.002,3,2,0.9183,1.0,0.015,2670.72,890.24,0.6579,3,1,0.7637,1.4207,1.0383,0.2827,1.8863,0,1,0,0,0,0,1.5711,890.24,306.61,1323.5,8412.46,9680.26,0,0.1237,1.0672,0,0
2026-09-09T15:44:16.201276+00:00,lateral_movement_smb_v1,lateral_movement_smb_v1__run_002,lateral_movement,T1021.002,5,2,0.971,0.9856,0.0224,30937.65,30937.65,0.6711,35,35,0.5311,0.8574,0.9819,0.173,1.5009,1,2,0,0,0,0,0.9932,883.93,333.91,1403.52,7668.19,7988.84,0,0.1014,2.3305,0,0
2026-09-09T15:44:21.201276+00:00,lateral_movement_smb_v1,lateral_movement_smb_v1__run_002,lateral_movement,T1021.002,5,2,0.971,0.9946,0.0,27909.19,19137.73,0.6067,35,24,0.6335,1.621,0.7743,0.1567,1.2442,1,2,0,0,0,0,1.4057,797.41,246.92,1063.29,8747.33,8098.24,0,0.0909,1.3621,0,0
2026-09-09T15:44:26.201276+00:00,lateral_movement_smb_v1,lateral_movement_smb_v1__run_002,lateral_movement,T1021.002,3,2,0.9183,1.0,0.0,17190.24,16371.65,0.7169,21,20,0.6567,1.3962,1.1339,0.2576,1.9066,0,1,0,0,0,0,1.0443,818.58,254.37,1067.18,7082.53,6723.14,0,0.0582,1.2723,0,0
2026-09-09T15:44:31.201276+00:00,lateral_movement_smb_v1,lateral_movement_smb_v1__run_002,lateral_movement,T1021.002,2,2,1.0,1.0,0.0,10067.82,8949.17,0.6451,18,16,1.0378,1.2897,0.9017,0.2606,1.6837,0,0,0,0,0,0,1.1041,559.32,128.81,688.13,6499.65,8165.15,0,0.0056,0.0,0,0
2026-09-09T15:44:36.201276+00:00,lateral_movement_smb_v1,lateral_movement_smb_v1__run_002,lateral_movement,T1021.002,5,2,0.971,1.0,0.0028,36924.36,27898.41,0.6233,45,34,1.2493,1.8022,0.991,0.2309,1.6837,0,2,0,0,0,0,1.2872,820.54,141.45,968.9,8242.23,7699.22,0,0.0798,0.337,0,0
2026-09-09T15:44:41.201276+00:00,lateral_movement_smb_v1,lateral_movement_smb_v1__run_002,lateral_movement,T1021.002,1,1,-0.0,1.0,0.0055,3528.44,2822.75,0.6222,5,4,1.3983,4.1247,1.0464,0.2214,1.7107,0,0,0,0,0,0,1.0229,705.69,0.0,705.69,7996.07,8541.74,0,0.0564,1.6428,0,0
2026-09-09T15:44:46.201276+00:00,lateral_movement_smb_v1,lateral_movement_smb_v1__run_002,lateral_movement,T1021.002,3,2,0.9183,0.9726,0.0164,10351.95,5175.97,0.5937,12,6,0.7214,1.1456,0.9683,0.1905,1.5399,0,1,0,0,0,0,1.7307,862.66,190.07,1131.44,6765.02,8971.51,0,0.0671,1.313,0,0
2026-09-09T15:44:51.201276+00:00,lateral_movement_smb_v1,lateral_movement_smb_v1__run_002,lateral_movement,T1021.002,4,2,1.0,0.9939,0.013,12307.95,8205.3,0.6331,12,8,0.6075,1.0346,0.9875,0.1458,1.425,0,1,0,0,0,0,1.3355,1025.66,249.49,1302.15,9171.02,8046.36,0,0.083,1.3137,0,0
2026-09-09T15:44:56.201276+00:00,lateral_movement_smb_v1,lateral_movement_smb_v1__run_002,lateral_movement,T1021.002,12,2,0.8113,0.9781,0.0286,92369.6,124014.75,0.6648,108,145,1.2206,1.54,0.7667,0.0884,1.0318,2,6,1,0,1,0,0.7412,855.27,228.94,1329.92,8395.72,7710.44,0,0.0331,0.0,0,0
2026-09-09T15:45:01.201276+00:00,lateral_movement_smb_v1,lateral_movement_smb_v1__run_002,lateral_movement,T1021.002,3,2,0.9183,1.0,0.031,21865.09,16398.82,0.7067,24,18,1.3236,3.1565,1.0192,0.2416,1.7441,0,1,0,0,0,0,1.2936,911.05,129.56,1086.29,8002.73,7433.53,0,0.1206,1.0498,0,0
2026-09-09T15:45:06.201276+00:00,lateral_movement_smb_v1,lateral_movement_smb_v1__run_002,lateral_movement,T1021.002,7,2,0.8631,1.0,0.0,47606.75,34976.38,0.6836,49,36,1.2214,3.0011,1.1588,0.3145,2.1023,1,3,0,0,1,0,1.3469,971.57,284.57,1387.52,7903.0,8851.99,0,0.0822,0.9312,0,0
2026-09-09T15:45:11.201276+00:00,lateral_movement_smb_v1,lateral_movement_smb_v1__run_002,lateral_movement,T1021.002,6,2,1.0,1.0,0.0,52505.51,51533.19,0.56,54,53,0.9384,1.4757,0.888,0.143,1.3169,1,3,0,0,0,0,1.0118,972.32,381.35,1732.95,9283.23,7756.67,0,0.0526,0.4686,0,0
2026-09-09T15:45:16.201276+00:00,lateral_movement_smb_v1,lateral_movement_smb_v1__run_002,lateral_movement,T1021.002,6,2,0.65,0.9509,0.044,47728.42,49319.37,0.6758,60,62,1.0502,1.3884,1.1339,0.1836,1.6847,1,3,0,0,0,0,0.9592,795.47,228.9,1119.0,8159.68,7935.58,0,0.1238,0.805,0,0
2026-09-09T15:45:21.201276+00:00,lateral_movement_smb_v1,lateral_movement_smb_v1__run_002,lateral_movement,T1021.002,7,2,0.8631,0.9651,0.0125,41551.6,29679.71,0.6537,63,45,1.287,3.7011,0.8993,0.1839,1.4511,1,3,0,0,1,0,1.3816,659.55,222.41,1045.79,7091.06,9970.3,0,0.1119,0.6262,0,0
2026-09-09T15:45:26.201276+00:00,lateral_movement_smb_v1,lateral_movement_smb_v1__run_002,lateral_movement,T1021.002,6,2,0.65,0.9701,0.0088,22949.64,42074.33,0.6129,30,55,0.6695,1.2506,1.0984,0.2489,1.8452,1,2,0,0,0,0,0.5432,764.99,252.88,1241.8,7759.67,7922.16,0,0.0522,1.561,0,0
2026-09-09T15:45:31.201276+00:00,lateral_movement_smb_v1,lateral_movement_smb_v1__run_002,lateral_movement,T1021.002,4,2,0.8113,0.9602,0.0663,17470.76,13831.02,0.6422,24,19,0.5468,1.3324,0.8813,0.1843,1.4344,0,1,0,0,0,0,1.2614,727.95,180.78,958.94,7351.5,6710.62,0,0.1064,0.6164,0,0
2026-09-09T15:45:36.201276+00:00,lateral_movement_smb_v1,lateral_movement_smb_v1__run_002,lateral_movement,T1021.002,3,2,0.9183,0.9965,0.0167,22508.43,17506.56,0.5537,18,14,1.2021,1.5807,1.249,0.2523,2.0059,0,1,0,0,0,0,1.2347,1250.47,201.84,1534.11,9016.73,7102.23,0,0.116,1.3791,0,0
2026-09-09T15:45:41.201276+00:00,lateral_movement_smb_v1,lateral_movement_smb_v1__run_002,lateral_movement,T1021.002,8,2,0.9544,0.9929,0.0107,38476.42,30781.13,0.6898,40,32,0.4486,0.6993,0.8629,0.1972,1.4545,1,3,0,0,1,0,1.2434,961.91,257.64,1494.26,8220.98,8559.9,0,0.0768,0.0,0,1
2026-09-09T15:45:46.201276+00:00,lateral_movement_smb_v1,lateral_movement_smb_v1__run_002,lateral_movement,T1021.002,4,2,0.8113,1.0,0.0,21468.45,23768.64,0.6363,28,31,1.0107,1.8859,1.2159,0.2298,1.9054,0,2,0,0,0,0,0.8947,766.73,179.03,1051.07,9924.5,7722.47,0,0.092,1.4362,0,0
2026-09-09T15:45:51.201276+00:00,lateral_movement_smb_v1,lateral_movement_smb_v1__run_002,lateral_movement,T1021.002,2,2,1.0,1.0,0.0,21528.87,15548.63,0.6701,18,13,0.4989,1.1465,0.6857,0.1773,1.2177,0,0,0,0,0,0,1.3442,1196.05,346.39,1542.44,7939.37,8914.68,0,0.1136,1.299,0,0
2026-09-09T15:45:56.201276+00:00,lateral_movement_smb_v1,lateral_movement_smb_v1__run_002,lateral_movement,T1021.002,6,2,1.0,0.9781,0.0014,35816.05,47754.73,0.6167,36,48,0.5644,1.61,1.1026,0.3284,2.0878,1,2,0,0,1,0,0.7468,994.89,339.33,1499.5,9509.54,8918.78,0,0.073,1.5691,0,0
2026-09-09T15:46:01.201276+00:00,lateral_movement_smb_v1,lateral_movement_smb_v1__run_002,lateral_movement,T1021.002,9,2,0.7642,1.0,0.0209,29480.83,27024.1,0.6799,36,33,0.8386,2.2181,1.0332,0.2938,1.9144,1,4,0,0,1,0,1.0608,818.91,268.28,1412.75,7882.7,8221.85,0,0.1567,0.5033,2,0
2026-09-09T15:46:06.201276+00:00,lateral_movement_smb_v1,lateral_movement_smb_v1__run_002,lateral_movement,T1021.002,3,2,0.9183,0.9946,0.0,43772.96,26529.07,0.5731,33,20,1.289,3.0244,0.8465,0.1251,1.2218,0,1,0,0,0,0,1.6208,1326.45,547.01,2062.27,8900.54,8461.38,0,0.0945,1.0164,0,0
2026-09-09T15:46:11.201276+00:00,lateral_movement_smb_v1,lateral_movement_smb_v1__run_002,lateral_movement,T1021.002,3,1,-0.0,1.0,0.0,5238.38,2619.19,0.7084,6,3,0.9489,1.9661,1.15,0.2984,2.0453,0,1,0,0,0,0,1.6818,873.06,98.69,966.3,6416.26,6106.89,0,0.0598,1.0559,0,0
2026-09-09T15:46:16.201276+00:00,lateral_movement_smb_v1,lateral_movement_smb_v1__run_002,lateral_movement,T1021.002,5,2,0.971,1.0,0.0019,34609.52,26822.38,0.6015,40,31,0.8531,2.1753,1.0486,0.2419,1.7743,1,2,0,0,0,0,1.2822,865.24,122.59,1031.31,8015.75,6769.41,0,0.0903,1.7893,0,0
2026-09-09T15:46:21.201276+00:00,lateral_movement_smb_v1,lateral_movement_smb_v1__run_002,lateral_movement,T1021.002,2,2,1.0,1.0,0.0,6804.51,9526.32,0.5596,10,14,1.4982,3.3989,1.1085,0.2936,1.9894,0,1,0,0,0,0,0.6996,680.45,87.45,767.9,7876.3,8509.24,0,0.137,1.2516,0,0
2026-09-09T15:46:26.201276+00:00,lateral_movement_smb_v1,lateral_movement_smb_v1__run_002,lateral_movement,T1021.002,3,2,0.9183,0.9869,0.0128,16870.18,13656.81,0.6631,21,17,1.6387,3.2137,0.9182,0.2144,1.5615,0,1,0,0,0,0,1.1716,803.34,84.46,897.58,7053.13,7560.39,0,0.1483,0.3508,0,0
2026-09-09T15:46:31.201276+00:00,lateral_movement_smb_v1,lateral_movement_smb_v1__run_002,lateral_movement,T1021.002,3,2,0.9183,0.9419,0.0818,15796.57,10531.05,0.547,15,10,0.603,1.2299,0.9189,0.2609,1.7015,0,1,0,0,0,0,1.4423,1053.1,288.12,1454.71,8180.74,9401.45,0,0.0796,0.597,0,0
2026-09-09T15:46:36.201276+00:00,lateral_movement_smb_v1,lateral_movement_smb_v1__run_002,lateral_movement,T1021.002,3,2,0.9183,1.0,0.0,8452.35,5634.9,0.6843,9,6,1.5953,4.1161,1.0599,0.2989,1.9565,0,1,0,0,0,0,1.2966,939.15,332.62,1403.87,7860.0,9057.63,0,0.1398,0.9377,0,0
2026-09-09T15:46:41.201276+00:00,lateral_movement_smb_v1,lateral_movement_smb_v1__run_002,lateral_movement,T1021.002,1,1,-0.0,1.0,0.0052,13917.09,12525.38,0.6958,10,9,1.3916,3.3692,0.9731,0.1453,1.409,0,0,0,0,0,0,1.0653,1391.71,0.0,1391.71,8318.71,6754.12,0,0.0783,0.655,0,0
2026-09-09T15:46:46.201276+00:00,lateral_movement_smb_v1,lateral_movement_smb_v1__run_002,lateral_movement,T1021.002,2,2,1.0,0.9955,0.0155,17371.46,22196.87,0.6106,18,23,1.4794,3.308,1.2082,0.3584,2.2835,0,1,0,0,0,0,0.7574,965.08,353.18,1318.26,6914.64,5882.53,0,0.0806,1.4237,0,0
2026-09-09T15:46:51.201276+00:00,lateral_movement_smb_v1,lateral_movement_smb_v1__run_002,lateral_movement,T1021.002,1,1,-0.0,0.9963,0.0,5138.15,3425.43,0.6975,9,6,0.5417,1.1683,1.0228,0.219,1.6797,0,0,0,0,0,0,1.2984,570.91,0.0,570.91,10527.49,10222.08,0,0.064,0.7343,0,0
2026-09-09T15:46:56.201276+00:00,lateral_movement_smb_v1,lateral_movement_smb_v1__run_002,lateral_movement,T1021.002,3,2,0.9183,1.0,0.0193,16542.77,20831.64,0.6095,27,34,0.7355,2.0039,1.2967,0.3215,2.2612,0,1,0,0,0,0,0.7756,612.7,102.52,689.28,6908.79,8735.21,0,0.1236,0.8673,0,0
2026-09-09T15:47:01.201276+00:00,lateral_movement_smb_v1,lateral_movement_smb_v1__run_002,lateral_movement,T1021.002,7,2,0.9852,0.9806,0.0399,22019.17,24378.37,0.5482,28,31,1.2171,2.5653,0.8459,0.2259,1.5237,1,3,0,0,1,0,0.8908,786.4,180.07,1121.12,8074.88,6179.31,0,0.1392,0.3046,0,1
2026-09-09T15:47:06.201276+00:00,lateral_movement_smb_v1,lateral_movement_smb_v1__run_002,lateral_movement,T1021.002,8,2,0.8113,0.9968,0.0,29410.69,52387.79,0.6414,32,57,1.2014,2.4124,1.1146,0.2319,1.8102,1,4,0,0,1,0,0.5589,919.08,265.43,1494.05,7323.65,8249.3,0,0.1466,1.1577,0,0
2026-09-09T15:47:11.201276+00:00,lateral_movement_smb_v1,lateral_movement_smb_v1__run_002,lateral_movement,T1021.002,5,2,0.7219,1.0,0.0133,22591.46,15814.03,0.6891,20,14,1.1241,2.8698,1.2636,0.2558,2.0311,1,2,0,0,0,0,1.4012,1129.57,462.17,1905.2,9241.62,10489.83,0,0.0779,0.6768,0,0
2026-09-09T15:47:16.201276+00:00,lateral_movement_smb_v1,lateral_movement_smb_v1__run_002,lateral_movement,T1021.002,2,1,-0.0,0.9992,0.0092,13901.87,8495.59,0.6082,18,11,0.9332,2.6196,0.8033,0.2196,1.462,0,1,0,0,0,0,1.5262,772.33,226.8,999.12,8298.17,8404.17,0,0.0422,0.9208,0,0
2026-09-09T15:47:21.201276+00:00,lateral_movement_smb_v1,lateral_movement_smb_v1__run_002,lateral_movement,T1021.002,5,2,0.971,0.9516,0.0507,20440.83,13899.76,0.6119,25,17,0.7476,1.2168,1.1513,0.2773,1.9831,1,2,0,0,0,0,1.4052,817.63,123.68,977.94,8518.25,6747.03,0,0.1351,1.2206,0,0
2026-09-09T15:47:26.201276+00:00,lateral_movement_smb_v1,lateral_movement_smb_v1__run_002,lateral_movement,T1021.002,5,2,0.7219,0.9882,0.0,27627.13,34994.37,0.6868,30,38,1.0635,1.9167,0.9801,0.161,1.463,0,2,0,0,0,0,0.773,920.9,343.13,1507.1,9743.51,8237.33,0,0.0826,0.8185,0,0
2026-09-09T15:47:31.201276+00:00,lateral_movement_smb_v1,lateral_movement_smb_v1__run_002,lateral_movement,T1021.002,6,2,1.0,1.0,0.0043,8032.83,5355.22,0.6159,12,8,0.8442,1.296,0.9599,0.2573,1.7319,1,3,0,0,0,0,1.3765,669.4,180.19,881.15,8277.26,7669.26,0,0.1099,1.1434,0,0
2026-09-09T15:47:36.201276+00:00,lateral_movement_smb_v1,lateral_movement_smb_v1__run_002,lateral_movement,T1021.002,2,1,-0.0,1.0,0.0,11865.72,10876.91,0.6668,12,11,1.1217,2.3723,1.3391,0.3641,2.4314,0,0,0,0,0,0,1.0079,988.81,52.97,1041.78,8345.15,9379.26,0,0.0356,1.5123,0,0
2026-09-09T15:47:41.201276+00:00,lateral_movement_smb_v1,lateral_movement_smb_v1__run_002,lateral_movement,T1021.002,7,2,0.8631,0.9802,0.016,39582.35,34870.17,0.6287,42,37,1.2277,3.247,1.0652,0.2742,1.8879,1,3,0,0,1,0,1.1323,942.44,237.15,1243.24,7680.48,8325.99,0,0.0996,1.6153,0,0
2026-09-09T15:47:46.201276+00:00,lateral_movement_smb_v1,lateral_movement_smb_v1__run_002,lateral_movement,T1021.002,9,2,0.9911,1.0,0.0,30344.12,40458.83,0.6897,36,48,1.0931,2.7174,1.1264,0.2344,1.8297,1,4,0,0,1,0,0.748,842.89,261.48,1364.95,7997.36,7063.85,0,0.1112,0.8324,0,0
2026-09-09T15:47:51.201276+00:00,lateral_movement_smb_v1,lateral_movement_smb_v1__run_002,lateral_movement,T1021.002,5,2,0.971,0.9745,0.0318,18248.01,10948.8,0.5943,25,15,1.3858,2.5624,0.9969,0.2425,1.7245,0,2,0,0,0,0,1.5932,729.92,146.02,939.73,7243.79,7552.04,0,0.1135,1.4546,0,0
2026-09-09T15:47:56.201276+00:00,lateral_movement_smb_v1,lateral_movement_smb_v1__run_002,lateral_movement,T1021.002,2,2,1.0,1.0,0.0,9719.01,14578.51,0.6242,12,18,1.094,1.5167,0.9906,0.2226,1.6584,0,0,0,0,0,0,0.6359,809.92,150.77,960.69,7626.93,8262.19,0,0.0297,0.7552,0,0
2026-09-09T15:48:01.201276+00:00,lateral_movement_smb_v1,lateral_movement_smb_v1__run_002,lateral_movement,T1021.002,7,2,0.8631,0.9767,0.0345,4323.79,3088.42,0.6645,7,5,0.4349,0.7036,0.6587,0.1856,1.2156,1,3,0,0,0,0,1.3008,617.68,142.98,758.05,7573.85,9276.31,0,0.0753,1.29,0,0
2026-09-09T15:48:06.201276+00:00,lateral_movement_smb_v1,lateral_movement_smb_v1__run_002,lateral_movement,T1021.002,3,2,0.9183,0.9999,0.0238,24414.16,20926.42,0.6737,21,18,0.5591,1.4553,1.0011,0.1486,1.4469,0,1,0,0,0,0,1.1263,1162.58,346.72,1612.21,8843.07,8014.89,0,0.0918,0.7074,0,0
2026-09-09T15:48:11.201276+00:00,lateral_movement_smb_v1,lateral_movement_smb_v1__run_002,lateral_movement,T1021.002,6,1,-0.0,1.0,0.0,40635.91,27090.61,0.6136,48,32,0.713,0.8623,1.2668,0.3259,2.2446,1,2,0,0,0,0,1.4831,846.58,128.88,1046.51,8017.58,9420.69,0,0.0755,0.5306,0,0
2026-09-09T15:48:16.201276+00:00,lateral_movement_smb_v1,lateral_movement_smb_v1__run_002,lateral_movement,T1021.002,6,2,0.9183,1.0,0.0012,46000.3,35047.85,0.6511,42,32,0.8906,1.1216,0.9058,0.1652,1.4014,1,3,0,0,0,0,1.2986,1095.25,301.36,1750.34,6779.04,7663.61,0,0.0612,0.5685,0,0
2026-09-09T15:48:21.201276+00:00,lateral_movement_smb_v1,lateral_movement_smb_v1__run_002,lateral_movement,T1021.002,6,2,0.9183,0.9906,0.0364,49186.54,24593.27,0.6147,48,24,0.7736,1.5051,0.9025,0.1595,1.3809,1,3,0,0,0,0,1.9748,1024.72,254.51,1506.19,7010.36,6907.69,0,0.0818,0.8664,0,0
2026-09-09T15:48:26.201276+00:00,lateral_movement_smb_v1,lateral_movement_smb_v1__run_002,lateral_movement,T1021.002,9,2,0.9183,1.0,0.0124,33008.49,23839.46,0.6551,36,26,1.0418,1.264,0.8177,0.1706,1.3294,2,4,0,0,1,0,1.3685,916.9,220.0,1408.55,9906.4,8116.6,0,0.0754,0.5919,0,0
2026-09-09T15:48:31.201276+00:00,lateral_movement_smb_v1,lateral_movement_smb_v1__run_002,lateral_movement,T1021.002,3,2,0.9183,0.9638,0.093,11851.53,7901.02,0.7387,15,10,1.2171,3.1487,0.9868,0.2026,1.5946,0,1,0,0,0,0,1.4942,790.1,198.31,1057.77,7940.41,7278.68,0,0.0899,0.145,0,0
2026-09-09T15:48:36.201276+00:00,lateral_movement_smb_v1,lateral_movement_smb_v1__run_002,lateral_movement,T1021.002,7,2,0.9852,0.9784,0.0296,31090.73,23984.28,0.6118,35,27,1.2091,2.176,1.0023,0.2179,1.656,1,3,0,0,1,0,1.2501,888.31,165.11,1136.26,7797.94,8502.7,0,0.1021,0.9439,0,0
2026-09-09T15:48:41.201276+00:00,lateral_movement_smb_v1,lateral_movement_smb_v1__run_002,lateral_movement,T1021.002,3,2,0.9183,0.9585,0.0834,12425.09,9318.82,0.6015,12,9,1.1539,3.3899,0.8369,0.2044,1.45,0,1,0,0,0,0,1.3237,1035.42,273.79,1318.35,6988.26,7924.5,0,0.1219,0.6873,0,0
2026-09-09T15:48:46.201276+00:00,lateral_movement_smb_v1,lateral_movement_smb_v1__run_002,lateral_movement,T1021.002,4,2,0.8113,1.0,0.0,20366.7,11031.96,0.6308,24,13,0.6534,1.7856,0.9206,0.2546,1.6844,0,2,0,0,0,0,1.8354,848.61,136.66,1018.29,7248.52,8778.91,0,0.1387,0.9048,0,0
2026-09-09T15:48:51.201276+00:00,lateral_movement_smb_v1,lateral_movement_smb_v1__run_002,lateral_movement,T1021.002,0,0,0.0,0.9784,0.0274,0.0,0.0,0.7093,0,0,1.2483,3.3266,1.2068,0.2671,2.0082,0,0,0,0,0,0,1.0864,852.32,0.0,852.32,9167.36,8160.05,0,0.0284,0.7976,0,0
2026-09-09T15:48:56.201276+00:00,lateral_movement_smb_v1,lateral_movement_smb_v1__run_002,lateral_movement,T1021.002,5,2,0.971,1.0,0.0,53358.77,43657.18,0.6522,55,45,1.3452,2.2669,1.0993,0.2908,1.9717,0,2,0,0,0,0,1.207,970.16,78.0,1082.27,6099.75,6050.36,0,0.0787,1.4011,0,0
2026-09-09T15:49:01.201276+00:00,lateral_movement_smb_v1,lateral_movement_smb_v1__run_002,lateral_movement,T1021.002,6,2,1.0,0.9669,0.0492,27171.34,131328.15,0.6868,30,145,1.2402,2.9843,0.8729,0.2027,1.4811,1,2,0,0,0,0,0.2064,905.71,146.41,1186.56,7084.73,9281.31,0,0.1559,0.9938,0,0
2026-09-09T15:49:06.201276+00:00,lateral_movement_smb_v1,lateral_movement_smb_v1__run_002,lateral_movement,T1021.002,1,1,-0.0,0.9656,0.0069,6595.18,4710.84,0.6677,7,5,1.2896,3.0777,1.1634,0.1267,1.5436,0,0,0,0,0,0,1.291,942.17,0.0,942.17,6870.61,7173.25,0,0.0431,1.5937,0,0
2026-09-09T15:49:11.201276+00:00,lateral_movement_smb_v1,lateral_movement_smb_v1__run_002,lateral_movement,T1021.002,5,1,-0.0,1.0,0.0236,17320.69,17320.69,0.6638,20,20,1.002,2.0208,0.8234,0.1188,1.1799,0,2,0,0,0,0,0.9574,866.03,190.61,1066.81,5563.68,8862.13,0,0.0069,0.5512,0,0
2026-09-09T15:49:16.201276+00:00,lateral_movement_smb_v1,lateral_movement_smb_v1__run_002,lateral_movement,T1021.002,5,2,0.7219,0.9593,0.0226,26295.53,25243.71,0.6281,25,24,0.7795,1.0064,0.9212,0.2604,1.7024,0,2,0,0,0,0,1.0199,1051.82,431.78,1825.49,7352.31,8456.5,0,0.0723,1.2022,0,1
2026-09-09T15:49:21.201276+00:00,lateral_movement_smb_v1,lateral_movement_smb_v1__run_002,lateral_movement,T1021.002,2,2,1.0,0.963,0.0282,18481.62,13861.21,0.6137,12,9,0.4785,1.0925,0.8425,0.247,1.5837,0,0,0,0,0,0,1.2866,1540.13,323.34,1863.47,9457.53,8581.39,0,0.09,0.2871,0,0
2026-09-09T15:49:26.201276+00:00,lateral_movement_smb_v1,lateral_movement_smb_v1__run_002,lateral_movement,T1021.002,6,2,0.65,1.0,0.0,38608.2,33245.95,0.702,36,31,0.8604,1.9203,1.1178,0.2386,1.8335,1,2,0,0,1,0,1.1372,1072.45,200.26,1330.94,8638.84,6539.71,0,0.0715,1.1382,0,0
2026-09-09T15:49:31.201276+00:00,lateral_movement_smb_v1,lateral_movement_smb_v1__run_002,lateral_movement,T1021.002,6,2,0.9183,0.9838,0.0,30013.62,25725.96,0.6585,42,36,1.5386,3.0423,1.3362,0.3373,2.348,1,2,0,0,0,0,1.1623,714.61,262.39,1199.04,8088.97,7880.47,0,0.0541,1.1044,0,0
2026-09-09T15:49:36.201276+00:00,lateral_movement_smb_v1,lateral_movement_smb_v1__run_002,lateral_movement,T1021.002,7,2,0.9852,0.9754,0.0089,38290.61,32820.52,0.6726,49,42,0.8203,1.9284,0.7203,0.1088,1.0467,1,3,0,0,1,0,1.1622,781.44,217.11,1044.77,9178.42,8213.99,0,0.0404,0.7018,0,0
2026-09-09T15:49:41.201276+00:00,lateral_movement_smb_v1,lateral_movement_smb_v1__run_002,lateral_movement,T1021.002,3,1,-0.0,1.0,0.0,13072.67,10893.89,0.6038,18,15,0.6666,1.1419,1.0453,0.3112,1.9789,0,1,0,0,0,0,1.1804,726.26,212.1,1023.06,9448.97,8450.21,0,0.0677,1.1713,0,1
2026-09-09T15:49:46.201276+00:00,lateral_movement_smb_v1,lateral_movement_smb_v1__run_002,lateral_movement,T1021.002,6,2,0.9183,1.0,0.0,36184.46,34174.21,0.6926,36,34,1.2702,2.9966,1.4106,0.2417,2.1358,1,2,0,0,0,0,1.0312,1005.12,277.76,1451.13,8803.28,6832.34,0,0.0811,1.353,0,0
2026-09-09T15:49:51.201276+00:00,lateral_movement_smb_v1,lateral_movement_smb_v1__run_002,lateral_movement,T1021.002,5,2,0.7219,0.998,0.0245,3933.4,1573.36,0.5736,5,2,1.2577,2.9951,1.2187,0.3507,2.2707,1,2,0,0,0,0,1.7273,786.68,160.8,1051.51,9011.73,9172.43,0,0.0636,0.4408,0,0
2026-09-09T15:49:56.201276+00:00,lateral_movement_smb_v1,lateral_movement_smb_v1__run_002,lateral_movement,T1021.002,2,2,1.0,1.0,0.0109,7451.75,3725.88,0.7204,6,3,1.3227,3.6829,0.9189,0.135,1.3238,0,1,0,0,0,0,1.8362,1241.96,266.5,1508.45,6242.8,8384.19,0,0.0726,1.4662,0,0
2026-09-09T15:50:01.201276+00:00,lateral_movement_smb_v1,lateral_movement_smb_v1__run_002,lateral_movement,T1021.002,8,2,0.8113,1.0,0.0,46483.25,42332.96,0.6488,56,51,0.8913,1.1949,1.0717,0.1828,1.6202,1,3,0,0,1,0,1.0863,830.06,331.17,1491.08,9554.95,6929.98,0,0.1534,0.0488,0,0
2026-09-09T15:50:06.201276+00:00,lateral_movement_smb_v1,lateral_movement_smb_v1__run_002,lateral_movement,T1021.002,2,2,1.0,0.9641,0.0293,4791.32,3992.76,0.6612,6,5,1.1076,2.9081,1.2014,0.3244,2.1746,0,1,0,0,0,0,1.0784,798.55,68.5,867.05,8695.45,9097.42,0,0.1039,0.9196,0,0
2026-09-09T15:50:11.201276+00:00,lateral_movement_smb_v1,lateral_movement_smb_v1__run_002,lateral_movement,T1021.002,3,2,0.9183,0.9684,0.0149,9534.67,6356.45,0.6627,12,8,0.5812,1.0191,1.0338,0.2671,1.835,0,1,0,0,0,0,1.4292,794.56,154.31,962.67,9512.07,8098.03,0,0.1438,1.6678,0,0
2026-09-09T15:50:16.201276+00:00,lateral_movement_smb_v1,lateral_movement_smb_v1__run_002,lateral_movement,T1021.002,5,2,0.971,1.0,0.0191,21296.58,13842.78,0.7037,20,13,1.3546,2.8963,0.9427,0.2059,1.5605,0,2,0,0,0,0,1.4429,1064.83,231.92,1420.46,8473.34,6977.86,0,0.1476,0.3571,0,0
2026-09-09T15:50:21.201276+00:00,lateral_movement_smb_v1,lateral_movement_smb_v1__run_002,lateral_movement,T1021.002,7,2,0.8631,1.0,0.0,26399.08,43369.91,0.6665,28,46,0.7091,1.7635,0.9101,0.1248,1.2845,1,3,0,0,0,0,0.5998,942.82,188.05,1348.38,7525.23,8370.59,0,0.0876,0.6324,0,0
2026-09-09T15:50:26.201276+00:00,lateral_movement_smb_v1,lateral_movement_smb_v1__run_002,lateral_movement,T1021.002,8,2,0.9544,1.0,0.0,67795.21,55083.61,0.6469,64,52,0.4631,0.6547,0.7704,0.1765,1.3,1,4,0,0,1,0,1.227,1059.3,277.24,1530.68,8534.02,8898.22,0,0.1135,1.0264,0,0
2026-09-09T15:50:31.201276+00:00,lateral_movement_smb_v1,lateral_movement_smb_v1__run_002,lateral_movement,T1021.002,4,2,0.8113,1.0,0.0,17021.87,11064.22,0.7343,20,13,0.5599,1.5458,1.0355,0.2177,1.6886,0,2,0,0,0,0,1.5143,851.09,185.65,1062.91,8218.16,6729.19,0,0.0644,0.5492,0,0
2026-09-09T15:50:36.201276+00:00,lateral_movement_smb_v1,lateral_movement_smb_v1__run_002,lateral_movement,T1021.002,4,2,1.0,1.0,0.0,23020.88,16443.49,0.6392,28,20,0.5903,0.9299,1.0152,0.2976,1.9079,0,1,0,0,0,0,1.3755,822.17,171.14,1022.23,7908.78,7898.79,0,0.1161,1.3405,0,0
2026-09-09T15:50:41.201276+00:00,lateral_movement_smb_v1,lateral_movement_smb_v1__run_002,lateral_movement,T1021.002,9,2,0.9911,0.9623,0.0335,39537.21,28993.95,0.6415,45,33,1.3122,2.3515,0.773,0.1591,1.2503,1,4,1,0,1,0,1.3362,878.6,286.61,1556.1,8471.12,7857.9,0,0.0433,0.8879,0,0
2026-09-09T15:50:46.201276+00:00,lateral_movement_smb_v1,lateral_movement_smb_v1__run_002,lateral_movement,T1021.002,5,2,0.7219,1.0,0.0086,21447.13,19731.36,0.6021,25,23,1.3601,2.7952,0.938,0.2019,1.5438,1,2,0,0,0,0,1.084,857.89,190.34,1164.26,9984.81,7635.93,0,0.097,0.4522,0,0
2026-09-09T15:50:51.201276+00:00,lateral_movement_smb_v1,lateral_movement_smb_v1__run_002,lateral_movement,T1021.002,2,2,1.0,0.9975,0.0,12710.21,22595.92,0.6675,18,32,0.7661,1.5243,0.9694,0.2533,1.7292,0,0,0,0,0,0,0.5587,706.12,113.71,819.83,7502.34,9759.07,0,0.1028,0.3673,0,0
