timestamp,persona_id,run_id,mitre_stage,technique_id,flow_count,unique_dst_ports,dest_port_entropy,tcp_ratio,udp_ratio,bytes_fwd_sum,bytes_bwd_sum,bidirectional_ratio,pkts_fwd_sum,pkts_bwd_sum,duration_mean,duration_max,iat_mean,iat_std,iat_max,syn_flag_sum,ack_flag_sum,fin_flag_sum,rst_flag_sum,psh_flag_sum,urg_flag_sum,down_up_ratio_mean,pkt_len_mean,pkt_len_std,pkt_len_max,init_fwd_win_mean,init_bwd_win_mean,fwd_psh_flags_sum,port_scan_score,ttl_variance,ip_fragment_flags,retransmit_count
2026-08-27T19:24:19.103305+00:00,recon_service_discovery_v1,recon_service_discovery_v1__64a6a94ec148,reconnaissance,T1046,0,0,0.0,0.7398,0.2614,0.0,0.0,0.3984,0,0,2.8785,5.7846,2.3868,0.6202,4.2472,0,0,0,0,0,0,0.7835,85.26,0.0,85.26,7684.2,8777.11,0,0.1499,0.7068,0,0
2026-08-27T19:24:24.103305+00:00,recon_service_discovery_v1,recon_service_discovery_v1__64a6a94ec148,reconnaissance,T1046,2,2,1.0,0.7313,0.2657,523.4,785.1,0.3845,6,9,2.336,4.0475,2.16,0.4646,3.554,1,0,0,0,0,0,0.6497,87.23,9.55,96.79,7462.55,6831.23,0,0.2129,1.2162,0,0
2026-08-27T19:24:29.103305+00:00,recon_service_discovery_v1,recon_service_discovery_v1__64a6a94ec148,reconnaissance,T1046,4,3,1.5,0.6586,0.3331,2432.42,3952.68,0.3392,24,39,2.218,6.525,2.3087,0.3257,3.2858,2,1,0,0,0,0,0.6093,101.35,35.71,146.94,6395.27,8516.99,0,0.2112,0.7697,0,0
2026-08-27T19:24:34.103305+00:00,recon_service_discovery_v1,recon_service_discovery_v1__64a6a94ec148,reconnaissance,T1046,3,2,0.9183,0.7518,0.2381,1386.0,1848.0,0.4154,18,24,1.7444,2.3279,1.65,0.5367,3.26,1,0,0,0,0,0,0.7447,77.0,25.6,111.58,6791.73,8525.55,0,0.2637,0.9812,0,0
2026-08-27T19:24:39.103305+00:00,recon_service_discovery_v1,recon_service_discovery_v1__64a6a94ec148,reconnaissance,T1046,6,5,2.2516,0.7067,0.3176,3366.36,3606.82,0.2803,42,45,2.0097,5.6938,1.6978,0.6077,3.5208,3,1,0,1,0,0,0.9283,80.15,29.85,121.64,9189.92,7137.59,0,0.3526,1.1666,0,0
2026-08-27T19:24:44.103305+00:00,recon_service_discovery_v1,recon_service_discovery_v1__64a6a94ec148,reconnaissance,T1046,2,2,1.0,0.7157,0.259,1953.04,2685.44,0.2937,16,22,2.7457,4.4537,1.6512,0.5437,3.2824,1,0,0,0,0,0,0.7058,122.07,47.49,169.56,8798.45,8791.51,0,0.1648,1.708,0,0
2026-08-27T19:24:49.103305+00:00,recon_service_discovery_v1,recon_service_discovery_v1__64a6a94ec148,reconnaissance,T1046,1,1,-0.0,0.6988,0.2589,458.05,458.05,0.3669,8,8,2.2658,6.1089,2.08,0.6973,4.172,0,0,0,0,0,0,0.9621,57.26,0.0,57.26,7779.21,8460.33,0,0.1378,1.1255,0,0
2026-08-27T19:24:54.103305+00:00,recon_service_discovery_v1,recon_service_discovery_v1__64a6a94ec148,reconnaissance,T1046,5,4,1.9219,0.6743,0.325,3177.6,21289.9,0.421,30,201,1.9939,4.2859,1.6465,0.501,3.1494,2,1,0,0,0,0,0.1492,105.92,36.8,168.29,9365.52,7604.56,0,0.2594,1.4711,0,0
2026-08-27T19:24:59.103305+00:00,recon_service_discovery_v1,recon_service_discovery_v1__64a6a94ec148,reconnaissance,T1046,0,0,0.0,0.7183,0.2566,0.0,0.0,0.3439,0,0,1.8536,4.8532,2.3005,0.6072,4.122,0,0,0,0,0,0,0.5433,151.3,0.0,151.3,8498.57,10100.98,0,0.1165,0.5529,0,0
2026-08-27T19:25:04.103305+00:00,recon_service_discovery_v1,recon_service_discovery_v1__64a6a94ec148,reconnaissance,T1046,5,5,2.3219,0.6797,0.3375,2040.56,3775.03,0.3962,20,37,1.5921,3.8904,2.0474,0.5292,3.635,2,1,0,1,0,0,0.5312,102.03,20.81,126.44,9196.39,8374.79,0,0.3168,0.363,0,0
2026-08-27T19:25:09.103305+00:00,recon_service_discovery_v1,recon_service_discovery_v1__64a6a94ec148,reconnaissance,T1046,2,2,1.0,0.6727,0.3082,1081.09,2072.09,0.3626,12,23,1.9674,5.1428,2.4609,0.568,4.165,1,0,0,0,0,0,0.5107,90.09,16.86,106.95,7634.92,9031.04,0,0.2313,1.361,0,0
2026-08-27T19:25:14.103305+00:00,recon_service_discovery_v1,recon_service_discovery_v1__64a6a94ec148,reconnaissance,T1046,1,1,-0.0,0.665,0.3173,659.44,989.16,0.3991,6,9,1.3835,2.9279,2.4469,0.4988,3.9433,0,0,0,0,0,0,0.6052,109.91,0.0,109.91,7899.75,8045.34,0,0.1547,1.3563,0,0
2026-08-27T19:25:19.103305+00:00,recon_service_discovery_v1,recon_service_discovery_v1__64a6a94ec148,reconnaissance,T1046,3,3,1.3962,0.7488,0.2679,8527.0775,11991.9875,0.3552,33,60,1.2434,2.4284,1.6712,0.3437,2.7023,1,1,0,0,0,0,0.5511,199.2,43.5925,276.7675,8322.345,9138.2075,0,0.1713,1.7474,0,0
2026-08-27T19:25:24.103305+00:00,recon_service_discovery_v1,recon_service_discovery_v1__64a6a94ec148,reconnaissance,T1046,2,1,-0.0,0.6898,0.3083,1940.3,3665.02,0.3131,18,34,1.3357,3.4372,1.2908,0.4155,2.5372,1,0,0,0,0,0,0.5195,107.79,33.97,141.76,8764.78,9033.16,0,0.1861,1.3452,0,0
2026-08-27T19:25:29.103305+00:00,recon_service_discovery_v1,recon_service_discovery_v1__64a6a94ec148,reconnaissance,T1046,4,4,2.1463,0.7546,0.2481,7104.6575,8535.7025,0.3446,22,32,1.2599,3.147,2.0328,0.3112,2.9662,2,2,0,0,0,0,0.5975,173.5725,51.01,259.405,8515.1025,7211.6075,0,0.2292,1.5237,0,0
2026-08-27T19:25:34.103305+00:00,recon_service_discovery_v1,recon_service_discovery_v1__64a6a94ec148,reconnaissance,T1046,8,6,2.4056,0.6606,0.3449,3537.31,7000.93,0.3061,48,95,2.4242,6.3285,1.5999,0.5869,3.3607,4,1,0,1,0,0,0.5042,73.69,14.74,98.54,10130.7,9721.42,0,0.3294,0.6612,0,0
2026-08-27T19:25:39.103305+00:00,recon_service_discovery_v1,recon_service_discovery_v1__64a6a94ec148,reconnaissance,T1046,2,2,1.0,0.72,0.3033,843.79,1195.36,0.4247,12,17,2.2032,3.4906,2.7628,0.8312,5.2564,1,0,0,0,0,0,0.67,70.32,3.05,73.37,8399.6,8332.8,0,0.2116,0.4074,0,0
2026-08-27T19:25:44.103305+00:00,recon_service_discovery_v1,recon_service_discovery_v1__64a6a94ec148,reconnaissance,T1046,1,1,-0.0,0.7176,0.2704,907.87,1271.02,0.3041,10,14,2.2359,3.294,2.6429,0.9018,5.3483,0,0,0,0,0,0,0.7089,90.79,0.0,90.79,7959.8,6222.66,0,0.2029,1.3885,0,0
2026-08-27T19:25:49.103305+00:00,recon_service_discovery_v1,recon_service_discovery_v1__64a6a94ec148,reconnaissance,T1046,3,3,1.585,0.6989,0.3148,1350.27,1800.36,0.3275,15,20,2.5092,6.132,3.1904,0.4611,4.5738,1,0,0,0,0,0,0.7328,90.02,12.91,104.76,8695.27,8522.55,0,0.2593,0.6197,0,0
2026-08-27T19:25:54.103305+00:00,recon_service_discovery_v1,recon_service_discovery_v1__64a6a94ec148,reconnaissance,T1046,2,2,1.0,0.7014,0.2766,574.47,6893.68,0.3147,6,72,2.8244,7.5302,1.8823,0.6799,3.9221,1,0,0,0,0,0,0.0832,95.75,15.05,110.8,7745.17,7272.02,0,0.1809,1.3315,0,0
2026-08-27T19:25:59.103305+00:00,recon_service_discovery_v1,recon_service_discovery_v1__64a6a94ec148,reconnaissance,T1046,1,1,-0.0,0.6882,0.3245,605.22,537.97,0.3482,9,8,2.8755,7.2877,1.8917,0.5847,3.6457,0,0,0,0,0,0,1.0763,67.25,0.0,67.25,8609.97,7606.43,0,0.1934,0.1768,0,0
2026-08-27T19:26:04.103305+00:00,recon_service_discovery_v1,recon_service_discovery_v1__64a6a94ec148,reconnaissance,T1046,3,2,0.9183,0.7834,0.1852,876.6,1168.8,0.3247,12,16,2.6555,3.3328,2.5573,0.7641,4.8495,1,0,0,0,0,0,0.7244,73.05,35.16,104.05,6529.39,8910.67,0,0.1978,0.7377,0,0
2026-08-27T19:26:09.103305+00:00,recon_service_discovery_v1,recon_service_discovery_v1__64a6a94ec148,reconnaissance,T1046,1,1,-0.0,0.7318,0.2955,242.3,363.45,0.3623,4,6,1.2266,2.1676,2.2147,0.8008,4.617,0,0,0,0,0,0,0.6536,60.57,0.0,60.57,8115.79,6303.18,0,0.1763,0.2909,0,0
2026-08-27T19:26:14.103305+00:00,recon_service_discovery_v1,recon_service_discovery_v1__64a6a94ec148,reconnaissance,T1046,4,4,1.7712,0.7765,0.2235,7771.94,9924.2675,0.4398,28,45,1.2251,2.7046,1.363,0.3465,2.4025,2,2,0,0,0,0,0.595,185.3325,45.235,266.635,8444.5725,8924.3375,0,0.2136,1.8409,0,0
2026-08-27T19:26:19.103305+00:00,recon_service_discovery_v1,recon_service_discovery_v1__64a6a94ec148,reconnaissance,T1046,5,5,2.3877,0.7391,0.2676,8400.755,10922.675,0.4281,36,57,1.1637,2.6458,1.7675,0.3835,2.9179,2,2,0,0,0,0,0.6177,184.3725,53.785,277.195,7946.1675,7991.585,0,0.2465,2.5525,0,0
2026-08-27T19:26:24.103305+00:00,recon_service_discovery_v1,recon_service_discovery_v1__64a6a94ec148,reconnaissance,T1046,2,2,1.0,0.7438,0.2728,1314.45,1877.79,0.3927,14,20,2.1509,2.8371,1.9017,0.5377,3.5149,1,0,0,0,0,0,0.6785,93.89,21.94,115.83,6488.01,7177.53,0,0.182,1.4444,0,0
2026-08-27T19:26:29.103305+00:00,recon_service_discovery_v1,recon_service_discovery_v1__64a6a94ec148,reconnaissance,T1046,2,2,0.6462,0.7123,0.2551,6456.5675,7293.53,0.4342,14,15,2.1147,2.8341,1.9827,0.5542,3.6454,0,1,0,0,0,0,0.5348,168.345,36.9325,239.2525,7784.0775,7609.895,0,0.0883,1.7965,0,0
2026-08-27T19:26:34.103305+00:00,recon_service_discovery_v1,recon_service_discovery_v1__64a6a94ec148,reconnaissance,T1046,1,1,-0.0,0.6822,0.3326,411.1,493.32,0.448,5,6,1.3115,2.0797,2.0739,0.76,4.3539,0,0,0,0,0,0,0.7851,82.22,0.0,82.22,7747.94,8285.76,0,0.2197,1.0403,0,0
2026-08-27T19:26:39.103305+00:00,recon_service_discovery_v1,recon_service_discovery_v1__64a6a94ec148,reconnaissance,T1046,3,3,1.585,0.6954,0.3226,2258.53,5175.79,0.2636,24,55,2.5942,6.9347,2.3115,0.81,4.7415,1,0,0,0,0,0,0.4327,94.11,16.96,113.34,8293.92,8703.82,0,0.2722,0.8464,0,0
2026-08-27T19:26:44.103305+00:00,recon_service_discovery_v1,recon_service_discovery_v1__64a6a94ec148,reconnaissance,T1046,2,2,1.0,0.7017,0.3037,447.21,1788.85,0.388,6,24,1.2852,3.5355,2.2688,0.3344,3.2721,1,0,0,0,0,0,0.2435,74.54,25.91,100.45,8896.27,8598.13,0,0.2298,0.5441,0,0
2026-08-27T19:26:49.103305+00:00,recon_service_discovery_v1,recon_service_discovery_v1__64a6a94ec148,reconnaissance,T1046,1,1,-0.0,0.6924,0.3242,353.06,1835.92,0.3403,5,26,3.7705,9.0876,2.6587,0.7905,5.0302,0,0,0,0,0,0,0.1898,70.61,0.0,70.61,9772.84,6537.24,0,0.213,1.1724,0,0
2026-08-27T19:26:54.103305+00:00,recon_service_discovery_v1,recon_service_discovery_v1__64a6a94ec148,reconnaissance,T1046,3,3,1.3962,0.7345,0.2356,6913.5425,8131.325,0.3555,18,24,2.9138,4.5605,2.1484,0.3946,3.332,1,1,0,0,0,0,0.6291,195.7275,38.755,268.4575,6494.34,9084.3575,0,0.1442,1.8701,0,0
2026-08-27T19:26:59.103305+00:00,recon_service_discovery_v1,recon_service_discovery_v1__64a6a94ec148,reconnaissance,T1046,4,4,2.0,0.666,0.3375,4245.21,9551.72,0.4493,32,72,1.1134,1.9568,1.587,0.3029,2.4958,2,1,0,0,0,0,0.4416,132.66,41.29,197.28,9068.03,8015.04,0,0.3064,0.7135,0,0
2026-08-27T19:27:04.103305+00:00,recon_service_discovery_v1,recon_service_discovery_v1__64a6a94ec148,reconnaissance,T1046,4,3,1.5,0.6945,0.3068,2511.7,3348.93,0.3657,24,32,1.0852,1.6898,1.6838,0.4167,2.9338,2,0,0,0,0,0,0.7372,104.65,21.77,140.24,7802.19,8411.88,0,0.2457,1.4057,0,0
2026-08-27T19:27:09.103305+00:00,recon_service_discovery_v1,recon_service_discovery_v1__64a6a94ec148,reconnaissance,T1046,1,1,-0.0,0.7259,0.2886,642.22,1213.09,0.3194,9,17,1.2841,1.6129,2.0926,0.468,3.4965,0,0,0,0,0,0,0.5201,71.36,0.0,71.36,8507.58,9046.88,0,0.2205,0.555,0,0
2026-08-27T19:27:14.103305+00:00,recon_service_discovery_v1,recon_service_discovery_v1__64a6a94ec148,reconnaissance,T1046,2,2,1.0,0.6372,0.3806,762.56,686.31,0.3742,10,9,1.6331,2.7792,1.5823,0.4525,2.9398,1,0,0,0,0,0,1.0462,76.26,1.46,77.72,8981.78,7462.4,0,0.2424,0.9113,0,0
2026-08-27T19:27:19.103305+00:00,recon_service_discovery_v1,recon_service_discovery_v1__64a6a94ec148,reconnaissance,T1046,3,3,1.585,0.7058,0.3252,2261.83,4994.87,0.4304,24,53,2.5317,6.2716,1.741,0.3324,2.7382,1,0,0,0,0,0,0.4446,94.24,17.49,118.2,9406.26,7577.95,0,0.2474,1.2644,0,0
2026-08-27T19:27:24.103305+00:00,recon_service_discovery_v1,recon_service_discovery_v1__64a6a94ec148,reconnaissance,T1046,3,3,1.585,0.7055,0.3047,1139.85,2564.66,0.3319,12,27,1.3851,2.1977,2.2679,0.693,4.347,1,0,0,0,0,0,0.435,94.99,34.76,122.74,8865.81,7792.18,0,0.2334,1.7078,0,0
2026-08-27T19:27:29.103305+00:00,recon_service_discovery_v1,recon_service_discovery_v1__64a6a94ec148,reconnaissance,T1046,3,3,1.585,0.665,0.3092,929.15,1548.59,0.3244,9,15,1.8359,2.567,1.9432,0.5975,3.7358,1,0,0,0,0,0,0.571,103.24,36.91,154.52,6381.74,7774.05,0,0.2902,0.3548,0,0
2026-08-27T19:27:34.103305+00:00,recon_service_discovery_v1,recon_service_discovery_v1__64a6a94ec148,reconnaissance,T1046,4,4,1.835,0.715,0.2818,8036.57,9926.87,0.3881,27,38,1.2335,1.9136,2.0496,0.506,3.5674,1,1,0,0,0,0,0.6585,207.345,69.505,301.9225,8074.47,7875.0125,0,0.2284,1.5894,0,0
2026-08-27T19:27:39.103305+00:00,recon_service_discovery_v1,recon_service_discovery_v1__64a6a94ec148,reconnaissance,T1046,1,1,-0.0,0.6727,0.2847,367.62,673.97,0.3994,6,11,1.0184,1.7072,1.5951,0.3883,2.7601,0,0,0,0,0,0,0.5057,61.27,0.0,61.27,8193.92,10552.34,0,0.2629,0.7773,0,0
2026-08-27T19:27:44.103305+00:00,recon_service_discovery_v1,recon_service_discovery_v1__64a6a94ec148,reconnaissance,T1046,2,2,1.0,0.6978,0.2389,2187.24,4192.2,0.3596,24,46,2.5236,7.332,2.2719,0.3156,3.2185,1,0,0,0,0,0,0.5151,91.13,6.73,97.87,8549.5,8930.95,0,0.1789,0.7545,0,0
2026-08-27T19:27:49.103305+00:00,recon_service_discovery_v1,recon_service_discovery_v1__64a6a94ec148,reconnaissance,T1046,2,2,0.6462,0.7435,0.2583,6940.3925,8261.1725,0.4086,19,26,2.02,4.1909,1.5578,0.2467,2.2979,0,1,0,0,0,0,0.5718,188.685,36.9325,259.5925,6961.365,8933.645,0,0.1331,2.121,0,0
2026-08-27T19:27:54.103305+00:00,recon_service_discovery_v1,recon_service_discovery_v1__64a6a94ec148,reconnaissance,T1046,6,6,2.585,0.6754,0.3238,1565.36,2869.82,0.3434,18,33,0.9055,2.1141,1.7455,0.4677,3.1487,3,1,0,1,0,0,0.5427,86.96,39.31,167.8,7504.79,8016.0,0,0.3226,0.9542,0,0
2026-08-27T19:27:59.103305+00:00,recon_service_discovery_v1,recon_service_discovery_v1__64a6a94ec148,reconnaissance,T1046,5,4,1.9219,0.7022,0.2828,1935.38,2322.45,0.3371,25,30,1.2825,2.191,1.5761,0.4148,2.8206,2,1,0,1,0,0,0.8328,77.42,7.08,86.29,8027.75,7063.29,0,0.2987,0.997,0,0
2026-08-27T19:28:04.103305+00:00,recon_service_discovery_v1,recon_service_discovery_v1__64a6a94ec148,reconnaissance,T1046,2,2,1.0,0.6733,0.32,957.86,1915.71,0.2026,10,20,2.89,7.9802,2.1718,0.703,4.2807,1,0,0,0,0,0,0.4871,95.79,29.85,125.63,9358.56,10652.95,0,0.2269,0.7018,0,0
2026-08-27T19:28:09.103305+00:00,recon_service_discovery_v1,recon_service_discovery_v1__64a6a94ec148,reconnaissance,T1046,3,2,0.9183,0.655,0.2925,860.62,1147.49,0.3599,9,12,1.4627,2.6798,1.6392,0.5601,3.3195,1,0,0,0,0,0,0.737,95.62,12.54,111.79,7063.42,9006.27,0,0.1872,0.1409,0,0
2026-08-27T19:28:14.103305+00:00,recon_service_discovery_v1,recon_service_discovery_v1__64a6a94ec148,reconnaissance,T1046,2,2,0.6462,0.7162,0.2991,6756.3275,7793.135,0.4033,16,19,1.9985,4.4527,1.7486,0.3039,2.6602,0,1,0,0,0,0,0.6627,219.4875,36.9325,290.395,9744.4425,8038.0025,0,0.1622,1.5613,0,0
2026-08-27T19:28:19.103305+00:00,recon_service_discovery_v1,recon_service_discovery_v1__64a6a94ec148,reconnaissance,T1046,2,2,1.0,0.6723,0.2976,643.78,885.2,0.3387,8,11,2.1188,6.3412,2.2452,0.6903,4.316,1,0,0,0,0,0,0.6778,80.47,0.41,80.88,8104.14,8363.12,0,0.2769,0.7166,0,0
2026-08-27T19:28:24.103305+00:00,recon_service_discovery_v1,recon_service_discovery_v1__64a6a94ec148,reconnaissance,T1046,3,2,0.9183,0.7175,0.2725,994.2,1491.3,0.4436,12,18,2.0622,2.9762,1.6393,0.6091,3.4664,1,0,0,0,0,0,0.6501,82.85,15.76,103.2,6691.38,8039.68,0,0.1595,1.5043,0,0
2026-08-27T19:28:29.103305+00:00,recon_service_discovery_v1,recon_service_discovery_v1__64a6a94ec148,reconnaissance,T1046,3,3,1.585,0.641,0.3592,3652.15,4494.95,0.4309,39,48,1.0571,2.7055,1.7979,0.63,3.6878,1,0,0,0,0,0,0.8115,93.64,9.59,100.68,8255.81,8696.91,0,0.2589,0.3147,0,0
2026-08-27T19:28:34.103305+00:00,recon_service_discovery_v1,recon_service_discovery_v1__64a6a94ec148,reconnaissance,T1046,1,1,-0.0,0.6872,0.3326,595.76,714.91,0.3069,5,6,2.2994,6.6161,1.7105,0.2682,2.5152,0,0,0,0,0,0,0.726,119.15,0.0,119.15,10309.1,7396.22,0,0.1612,1.1516,0,0
2026-08-27T19:28:39.103305+00:00,recon_service_discovery_v1,recon_service_discovery_v1__64a6a94ec148,reconnaissance,T1046,3,2,0.9183,0.6869,0.3288,1136.85,8488.51,0.3624,15,112,1.6999,2.9921,1.8574,0.688,3.9215,1,0,0,0,0,0,0.1337,75.79,14.76,91.13,9762.23,8104.04,0,0.2124,0.9057,0,0
2026-08-27T19:28:44.103305+00:00,recon_service_discovery_v1,recon_service_discovery_v1__64a6a94ec148,reconnaissance,T1046,2,1,-0.0,0.6654,0.3578,730.61,1339.46,0.3516,6,11,1.1529,3.2964,1.6765,0.2589,2.4532,1,0,0,0,0,0,0.5209,121.77,8.62,130.39,8792.91,7349.85,0,0.1562,1.1795,0,0
2026-08-27T19:28:49.103305+00:00,recon_service_discovery_v1,recon_service_discovery_v1__64a6a94ec148,reconnaissance,T1046,2,2,0.6462,0.7027,0.3413,6742.535,7865.4575,0.4069,16,21,1.0495,1.6437,1.8989,0.329,2.8858,0,1,0,0,0,0,0.5679,191.055,36.9325,261.9625,8476.9575,7937.84,0,0.1806,1.6604,0,0
2026-08-27T19:28:54.103305+00:00,recon_service_discovery_v1,recon_service_discovery_v1__64a6a94ec148,reconnaissance,T1046,0,0,0.0,0.6655,0.3443,0.0,0.0,0.3327,0,0,1.5442,2.1662,2.1057,0.3755,3.2322,0,0,0,0,0,0,0.6928,72.34,0.0,72.34,7208.35,8092.0,0,0.1923,0.3076,0,0
2026-08-27T19:28:59.103305+00:00,recon_service_discovery_v1,recon_service_discovery_v1__64a6a94ec148,reconnaissance,T1046,1,1,-0.0,0.6774,0.3343,350.5,525.76,0.2981,4,6,1.8234,2.7528,1.5721,0.5289,3.1587,0,0,0,0,0,0,0.6508,87.63,0.0,87.63,9852.25,7819.12,0,0.1736,1.0926,0,0
2026-08-27T19:29:04.103305+00:00,recon_service_discovery_v1,recon_service_discovery_v1__64a6a94ec148,reconnaissance,T1046,4,4,2.1463,0.7487,0.2451,7556.195,8668.0625,0.393,28,34,2.3888,6.1227,1.5844,0.3698,2.6938,2,2,0,0,0,0,0.8045,174.5475,48.9175,257.665,8605.6875,9940.2875,0,0.2588,2.0774,0,0
2026-08-27T19:29:09.103305+00:00,recon_service_discovery_v1,recon_service_discovery_v1__64a6a94ec148,reconnaissance,T1046,2,2,1.0,0.668,0.3692,1848.34,2888.04,0.3931,16,25,2.9213,7.1356,2.3942,0.7021,4.5004,1,0,0,0,0,0,0.6388,115.52,23.3,138.82,7108.01,8823.9,0,0.2698,1.4303,0,0
2026-08-27T19:29:14.103305+00:00,recon_service_discovery_v1,recon_service_discovery_v1__64a6a94ec148,reconnaissance,T1046,4,4,2.0,0.6777,0.322,1592.73,1791.82,0.3296,16,18,3.9074,6.0194,2.4886,0.6885,4.5541,2,1,0,0,0,0,0.8764,99.55,36.76,141.89,8315.77,7684.89,0,0.2793,1.7493,0,0
2026-08-27T19:29:19.103305+00:00,recon_service_discovery_v1,recon_service_discovery_v1__64a6a94ec148,reconnaissance,T1046,2,2,0.6462,0.7432,0.2744,6794.54,7969.475,0.3271,18,24,1.6389,3.6782,1.5378,0.5236,3.1087,0,1,0,0,0,0,0.5788,175.89,36.9325,246.7975,8061.045,7205.39,0,0.1172,1.9015,0,0
2026-08-27T19:29:24.103305+00:00,recon_service_discovery_v1,recon_service_discovery_v1__64a6a94ec148,reconnaissance,T1046,4,4,2.0,0.6714,0.3415,319.77,559.59,0.4327,4,7,2.2711,4.9926,2.1711,0.4657,3.5683,2,0,0,0,0,0,0.5579,79.94,36.69,133.39,7357.08,6499.81,0,0.2931,1.5273,0,0
2026-08-27T19:29:29.103305+00:00,recon_service_discovery_v1,recon_service_discovery_v1__64a6a94ec148,reconnaissance,T1046,4,3,1.5,0.7096,0.2863,3494.39,5726.91,0.29,36,59,1.1063,3.2204,1.73,0.2167,2.3802,2,0,0,0,0,0,0.6073,97.07,7.91,108.3,8075.29,8262.12,0,0.2302,1.5851,0,0
2026-08-27T19:29:34.103305+00:00,recon_service_discovery_v1,recon_service_discovery_v1__64a6a94ec148,reconnaissance,T1046,5,4,1.9219,0.6829,0.3422,4406.45,9870.44,0.3543,50,112,2.1576,2.8153,1.9296,0.6337,3.8307,2,1,0,1,0,0,0.4454,88.13,14.76,110.17,8067.67,9688.4,0,0.2836,0.8781,0,0
2026-08-27T19:29:39.103305+00:00,recon_service_discovery_v1,recon_service_discovery_v1__64a6a94ec148,reconnaissance,T1046,3,3,1.585,0.7057,0.2981,1062.82,15092.09,0.3645,15,213,2.1792,3.8975,1.9644,0.3154,2.9106,1,0,0,0,0,0,0.0703,70.85,6.43,79.87,8897.29,8159.8,0,0.3234,1.5641,0,0
2026-08-27T19:29:44.103305+00:00,recon_service_discovery_v1,recon_service_discovery_v1__64a6a94ec148,reconnaissance,T1046,2,2,0.6462,0.7388,0.2767,6456.5675,7293.53,0.3508,14,15,2.0316,3.3372,2.0593,0.7358,4.2667,0,1,0,0,0,0,0.6026,194.1075,36.9325,265.015,8225.6775,9101.135,0,0.0838,2.3211,0,0
2026-08-27T19:29:49.103305+00:00,recon_service_discovery_v1,recon_service_discovery_v1__64a6a94ec148,reconnaissance,T1046,2,2,1.0,0.6611,0.3391,957.24,1627.31,0.2645,10,17,1.8904,2.3493,2.5094,0.7945,4.8931,1,0,0,0,0,0,0.572,95.72,21.83,117.55,7264.08,7969.52,0,0.2315,0.6004,0,0
2026-08-27T19:29:54.103305+00:00,recon_service_discovery_v1,recon_service_discovery_v1__64a6a94ec148,reconnaissance,T1046,3,2,0.9183,0.6922,0.3149,751.04,1001.39,0.3319,6,8,3.5756,7.1368,2.6862,0.5319,4.2819,1,0,0,0,0,0,0.6744,125.17,18.48,150.25,8208.57,7977.62,0,0.2202,1.209,0,0
2026-08-27T19:29:59.103305+00:00,recon_service_discovery_v1,recon_service_discovery_v1__64a6a94ec148,reconnaissance,T1046,0,0,0.0,0.7174,0.2887,0.0,0.0,0.2839,0,0,2.1312,2.8477,2.1742,0.4586,3.5502,0,0,0,0,0,0,0.7012,73.23,0.0,73.23,8089.98,8992.39,0,0.1292,1.3298,0,0
2026-08-27T19:30:04.103305+00:00,recon_service_discovery_v1,recon_service_discovery_v1__64a6a94ec148,reconnaissance,T1046,1,1,-0.0,0.6533,0.3459,311.28,389.09,0.3715,4,5,1.6437,3.4414,1.6864,0.2231,2.3558,0,0,0,0,0,0,0.7611,77.82,0.0,77.82,8499.65,6761.82,0,0.2315,1.0092,0,0
2026-08-27T19:30:09.103305+00:00,recon_service_discovery_v1,recon_service_discovery_v1__64a6a94ec148,reconnaissance,T1046,3,3,1.585,0.6707,0.31,2152.05,3586.76,0.3101,21,35,2.4853,4.9671,2.3228,0.8489,4.8695,1,0,0,0,0,0,0.5933,102.48,40.26,158.99,9207.64,7067.9,0,0.2983,0.9798,0,0
2026-08-27T19:30:14.103305+00:00,recon_service_discovery_v1,recon_service_discovery_v1__64a6a94ec148,reconnaissance,T1046,2,2,0.6462,0.7514,0.2469,6456.5675,7293.53,0.3625,14,15,2.4697,5.8814,2.1236,0.3269,3.1043,0,1,0,0,0,0,0.3648,206.445,36.9325,277.3525,8186.3925,8354.6375,0,0.117,2.2398,0,0
2026-08-27T19:30:19.103305+00:00,recon_service_discovery_v1,recon_service_discovery_v1__64a6a94ec148,reconnaissance,T1046,1,1,-0.0,0.6848,0.2978,519.25,519.25,0.3084,4,4,2.0373,4.158,2.0066,0.4529,3.3655,0,0,0,0,0,0,0.8578,129.81,0.0,129.81,6316.88,9212.71,0,0.2057,1.7768,0,0
2026-08-27T19:30:24.103305+00:00,recon_service_discovery_v1,recon_service_discovery_v1__64a6a94ec148,reconnaissance,T1046,0,0,0.0,0.6745,0.3021,0.0,0.0,0.2589,0,0,1.6501,4.4075,1.7976,0.6439,3.7292,0,0,0,0,0,0,0.474,130.77,0.0,130.77,6960.23,7623.24,0,0.1421,0.2889,0,0
2026-08-27T19:30:29.103305+00:00,recon_service_discovery_v1,recon_service_discovery_v1__64a6a94ec148,reconnaissance,T1046,4,4,2.0,0.6418,0.364,1463.13,2103.25,0.3014,16,23,1.3946,3.4843,2.0914,0.7728,4.4098,2,0,0,0,0,0,0.6811,91.45,19.89,116.38,8131.48,8978.37,0,0.2762,1.2755,0,0
2026-08-27T19:30:34.103305+00:00,recon_service_discovery_v1,recon_service_discovery_v1__64a6a94ec148,reconnaissance,T1046,2,2,1.0,0.7133,0.2936,1242.17,1518.2,0.3428,18,22,1.2679,3.4125,2.2255,0.3844,3.3788,1,0,0,0,0,0,0.7909,69.01,18.6,87.61,6984.61,8003.69,0,0.2436,0.4002,0,0
2026-08-27T19:30:39.103305+00:00,recon_service_discovery_v1,recon_service_discovery_v1__64a6a94ec148,reconnaissance,T1046,6,5,2.2516,0.6903,0.2738,4426.33,5164.05,0.3657,48,56,1.3518,4.0361,1.544,0.3534,2.6043,3,1,0,1,0,0,0.8539,92.22,27.1,131.73,6972.49,9260.81,0,0.3079,1.5703,0,0
2026-08-27T19:30:44.103305+00:00,recon_service_discovery_v1,recon_service_discovery_v1__64a6a94ec148,reconnaissance,T1046,1,1,-0.0,0.716,0.289,565.52,791.73,0.3491,10,14,3.719,6.9257,2.4979,0.7811,4.8411,0,0,0,0,0,0,0.7005,56.55,0.0,56.55,7745.27,9249.06,0,0.1883,0.3663,0,0
2026-08-27T19:30:49.103305+00:00,recon_service_discovery_v1,recon_service_discovery_v1__64a6a94ec148,reconnaissance,T1046,4,4,1.835,0.7208,0.3105,7553.075,8846.915,0.3841,22,28,1.7366,3.3246,1.8731,0.537,3.484,1,1,0,0,0,0,0.7393,210.9375,48.13,291.055,7753.455,7678.835,0,0.2075,1.3229,0,0
2026-08-27T19:30:54.103305+00:00,recon_service_discovery_v1,recon_service_discovery_v1__64a6a94ec148,reconnaissance,T1046,1,1,-0.0,0.6897,0.2907,407.83,1427.39,0.4063,6,21,2.4239,6.3113,2.9161,0.7938,5.2976,0,0,0,0,0,0,0.2835,67.97,0.0,67.97,9343.1,8171.15,0,0.1907,1.0917,0,0
2026-08-27T19:30:59.103305+00:00,recon_service_discovery_v1,recon_service_discovery_v1__64a6a94ec148,reconnaissance,T1046,2,2,1.0,0.7443,0.2711,1251.55,1966.72,0.3881,14,22,1.0721,2.0567,1.8447,0.5898,3.614,1,0,0,0,0,0,0.6131,89.4,0.77,90.17,8415.32,8717.27,0,0.2374,1.9627,0,0
2026-08-27T19:31:04.103305+00:00,recon_service_discovery_v1,recon_service_discovery_v1__64a6a94ec148,reconnaissance,T1046,4,4,2.0,0.6786,0.2933,1878.61,4132.95,0.3794,20,44,2.0233,2.9593,1.7836,0.6043,3.5964,2,0,0,0,0,0,0.4513,93.93,28.66,131.63,10259.54,8587.34,0,0.3006,1.4014,0,0
2026-08-27T19:31:09.103305+00:00,recon_service_discovery_v1,recon_service_discovery_v1__64a6a94ec148,reconnaissance,T1046,3,3,1.585,0.6883,0.3109,826.23,963.94,0.4517,12,14,1.0907,2.1565,1.9056,0.3108,2.8379,1,0,0,0,0,0,0.8266,68.85,8.96,78.38,9510.92,9587.68,0,0.3209,0.9851,0,0
2026-08-27T19:31:14.103305+00:00,recon_service_discovery_v1,recon_service_discovery_v1__64a6a94ec148,reconnaissance,T1046,1,1,-0.0,0.7084,0.3054,567.22,504.2,0.3001,9,8,1.8178,4.1004,1.9495,0.3914,3.1237,0,0,0,0,0,0,1.0894,63.02,0.0,63.02,8042.18,7607.83,0,0.2098,1.779,0,0
2026-08-27T19:31:19.103305+00:00,recon_service_discovery_v1,recon_service_discovery_v1__64a6a94ec148,reconnaissance,T1046,3,3,1.585,0.7362,0.282,1876.82,2323.68,0.3842,21,26,2.0967,3.7051,2.6583,0.927,5.4393,1,0,0,0,0,0,0.8033,89.37,19.86,112.33,8764.41,8894.02,0,0.1711,1.495,0,0
2026-08-27T19:31:24.103305+00:00,recon_service_discovery_v1,recon_service_discovery_v1__64a6a94ec148,reconnaissance,T1046,4,4,2.1463,0.7672,0.2298,7876.73,9139.745,0.3698,28,35,2.2136,6.0037,1.7206,0.4298,3.0097,2,2,0,0,0,0,0.7939,190.575,59.3725,293.3875,9150.69,7729.685,0,0.2364,1.4255,0,0
2026-08-27T19:31:29.103305+00:00,recon_service_discovery_v1,recon_service_discovery_v1__64a6a94ec148,reconnaissance,T1046,4,2,1.0,0.7171,0.281,2045.94,3784.99,0.2888,20,37,2.0008,5.8457,2.0631,0.4405,3.3847,2,0,0,0,0,0,0.5267,102.3,40.94,168.83,10003.34,7024.27,0,0.2544,1.3016,0,0
2026-08-27T19:31:34.103305+00:00,recon_service_discovery_v1,recon_service_discovery_v1__64a6a94ec148,reconnaissance,T1046,1,1,-0.0,0.688,0.3114,874.17,1554.09,0.392,9,16,1.0801,3.0404,1.9917,0.7125,4.1293,0,0,0,0,0,0,0.531,97.13,0.0,97.13,8538.55,7696.35,0,0.2076,0.7827,0,0
2026-08-27T19:31:39.103305+00:00,recon_service_discovery_v1,recon_service_discovery_v1__64a6a94ec148,reconnaissance,T1046,2,1,-0.0,0.6784,0.3453,1722.12,2927.6,0.3094,20,34,1.8141,3.8282,1.513,0.2008,2.1156,1,0,0,0,0,0,0.5731,86.11,14.95,101.06,9594.06,7715.22,0,0.1719,1.8163,0,0
2026-08-27T19:31:44.103305+00:00,recon_service_discovery_v1,recon_service_discovery_v1__64a6a94ec148,reconnaissance,T1046,1,1,-0.0,0.7079,0.274,489.44,587.33,0.3569,5,6,1.819,4.8119,2.1605,0.4267,3.4406,0,0,0,0,0,0,0.7661,97.89,0.0,97.89,7712.73,8376.19,0,0.1609,1.8316,0,0
2026-08-27T19:31:49.103305+00:00,recon_service_discovery_v1,recon_service_discovery_v1__64a6a94ec148,reconnaissance,T1046,4,4,2.0,0.6684,0.3052,1969.17,2543.51,0.3313,24,31,1.6278,2.5519,1.3557,0.2855,2.2121,2,0,0,0,0,0,0.759,82.05,19.8,104.39,6425.39,8373.92,0,0.2945,0.8037,0,0
2026-08-27T19:31:54.103305+00:00,recon_service_discovery_v1,recon_service_discovery_v1__64a6a94ec148,reconnaissance,T1046,1,1,-0.0,0.7363,0.2799,480.07,480.07,0.4032,9,9,2.2328,5.4337,1.8061,0.3703,2.9169,0,0,0,0,0,0,0.9447,53.34,0.0,53.34,6394.22,8029.03,0,0.1778,1.0017,0,0
2026-08-27T19:31:59.103305+00:00,recon_service_discovery_v1,recon_service_discovery_v1__64a6a94ec148,reconnaissance,T1046,1,1,-0.0,0.6738,0.3426,515.99,515.99,0.3615,6,6,3.0803,4.8475,2.6231,0.6897,4.6922,0,0,0,0,0,0,0.8924,86.0,0.0,86.0,9266.97,10275.77,0,0.1834,1.7061,0,0
2026-08-27T19:32:04.103305+00:00,recon_service_discovery_v1,recon_service_discovery_v1__64a6a94ec148,reconnaissance,T1046,2,2,1.0,0.6567,0.3261,1035.67,1682.96,0.2761,16,26,1.3826,3.2865,2.0445,0.7541,4.3069,1,0,0,0,0,0,0.5955,64.73,19.0,83.73,6790.28,8589.16,0,0.2253,0.9761,0,0
2026-08-27T19:32:09.103305+00:00,recon_service_discovery_v1,recon_service_discovery_v1__64a6a94ec148,reconnaissance,T1046,1,1,-0.0,0.6577,0.3845,1218.91,1354.35,0.3123,9,10,1.3909,2.5037,2.9562,0.7683,5.2611,0,0,0,0,0,0,0.8211,135.43,0.0,135.43,8769.97,7716.75,0,0.1825,1.3681,0,0
2026-08-27T19:32:14.103305+00:00,recon_service_discovery_v1,recon_service_discovery_v1__64a6a94ec148,reconnaissance,T1046,8,5,2.1556,0.6976,0.2851,2779.67,4516.97,0.2924,32,52,2.8469,8.4644,1.7183,0.4196,2.9771,4,1,0,1,0,0,0.6108,86.86,34.92,157.48,7404.83,8259.34,0,0.3427,1.3889,0,0
2026-08-27T19:32:19.103305+00:00,recon_service_discovery_v1,recon_service_discovery_v1__64a6a94ec148,reconnaissance,T1046,1,1,-0.0,0.6717,0.3355,209.5,279.34,0.4034,3,4,1.7059,4.5354,1.8874,0.6014,3.6918,0,0,0,0,0,0,0.6266,69.83,0.0,69.83,8809.02,8696.68,0,0.1889,0.4395,0,0
2026-08-27T19:32:24.103305+00:00,recon_service_discovery_v1,recon_service_discovery_v1__64a6a94ec148,reconnaissance,T1046,2,2,1.0,0.7238,0.2866,1759.46,1906.09,0.3243,24,26,2.2687,5.5206,1.95,0.3216,2.9149,1,0,0,0,0,0,0.9059,73.31,20.24,93.55,8073.91,8142.08,0,0.2067,0.5857,0,0
2026-08-27T19:32:29.103305+00:00,recon_service_discovery_v1,recon_service_discovery_v1__64a6a94ec148,reconnaissance,T1046,3,3,1.585,0.7066,0.2947,1195.05,1858.97,0.2807,18,28,3.5844,6.5706,2.432,0.4414,3.7562,1,0,0,0,0,0,0.6318,66.39,18.27,81.84,7540.58,8929.33,0,0.2269,1.494,0,0
2026-08-27T19:32:34.103305+00:00,recon_service_discovery_v1,recon_service_discovery_v1__64a6a94ec148,reconnaissance,T1046,4,3,1.5,0.676,0.3216,1048.35,2009.33,0.3892,12,23,2.8448,7.0092,2.2743,0.5226,3.8422,2,1,0,0,0,0,0.5037,87.36,25.41,129.67,8499.53,8323.19,0,0.2635,0.4147,0,0
2026-08-27T19:32:39.103305+00:00,recon_service_discovery_v1,recon_service_discovery_v1__64a6a94ec148,reconnaissance,T1046,2,2,0.6462,0.7,0.3387,6456.5675,7293.53,0.3987,14,15,2.3921,6.1392,2.2348,0.5002,3.7354,0,1,0,0,0,0,0.7548,196.605,36.9325,267.5125,8005.9725,8051.495,0,0.1015,2.4302,0,0
2026-08-27T19:32:44.103305+00:00,recon_service_discovery_v1,recon_service_discovery_v1__64a6a94ec148,reconnaissance,T1046,1,1,-0.0,0.6749,0.3257,576.54,832.78,0.3536,9,13,1.2362,3.4107,1.9003,0.4433,3.2303,0,0,0,0,0,0,0.6589,64.06,0.0,64.06,8240.75,7912.69,0,0.2173,1.1431,0,0
2026-08-27T19:32:49.103305+00:00,recon_service_discovery_v1,recon_service_discovery_v1__64a6a94ec148,reconnaissance,T1046,2,2,1.0,0.7466,0.2768,1582.19,1483.3,0.4078,16,15,2.8836,7.4837,2.2036,0.7056,4.3204,1,0,0,0,0,0,1.0406,98.89,36.87,135.76,8661.19,7932.24,0,0.2365,1.0211,0,0
2026-08-27T19:32:54.103305+00:00,recon_service_discovery_v1,recon_service_discovery_v1__64a6a94ec148,reconnaissance,T1046,5,4,1.9219,0.6491,0.3481,718.99,2085.07,0.3435,10,29,2.276,4.9205,1.5957,0.5448,3.2302,3,1,0,1,0,0,0.3447,71.9,14.87,98.3,8498.36,10359.74,0,0.3012,1.2503,0,0
2026-08-27T19:32:59.103305+00:00,recon_service_discovery_v1,recon_service_discovery_v1__64a6a94ec148,reconnaissance,T1046,1,1,-0.0,0.7046,0.2836,802.87,2064.52,0.4151,7,18,2.5162,4.6957,2.3256,0.3433,3.3556,0,0,0,0,0,0,0.3885,114.7,0.0,114.7,9910.33,7128.03,0,0.1585,0.0,0,0
2026-08-27T19:33:04.103305+00:00,recon_service_discovery_v1,recon_service_discovery_v1__64a6a94ec148,reconnaissance,T1046,2,2,1.0,0.6686,0.3136,607.35,728.82,0.3871,10,12,2.4624,3.4069,2.0657,0.6043,3.8788,1,0,0,0,0,0,0.7729,60.74,1.69,62.43,7135.26,6077.51,0,0.2304,0.4959,0,0
2026-08-27T19:33:09.103305+00:00,recon_service_discovery_v1,recon_service_discovery_v1__64a6a94ec148,reconnaissance,T1046,2,2,0.6462,0.7082,0.3059,6456.5675,7293.53,0.433,14,15,1.5979,2.7537,1.513,0.4448,2.8472,0,1,0,0,0,0,0.721,168.45,36.9325,239.3575,8464.6575,8057.0675,0,0.1043,2.4233,0,0
2026-08-27T19:33:14.103305+00:00,recon_service_discovery_v1,recon_service_discovery_v1__64a6a94ec148,reconnaissance,T1046,7,5,2.2359,0.6832,0.2824,3893.67,7787.34,0.279,42,84,2.5718,4.9113,2.083,0.3188,3.0395,4,1,0,1,0,0,0.4999,92.71,36.6,169.42,7894.09,7841.0,0,0.333,1.3446,0,0
2026-08-27T19:33:19.103305+00:00,recon_service_discovery_v1,recon_service_discovery_v1__64a6a94ec148,reconnaissance,T1046,2,2,1.0,0.6872,0.3325,1460.33,1752.39,0.3992,10,12,1.568,3.2443,1.8422,0.672,3.8581,1,0,0,0,0,0,0.7925,146.03,34.42,180.46,8655.42,7257.89,0,0.2425,0.6038,0,0
2026-08-27T19:33:24.103305+00:00,recon_service_discovery_v1,recon_service_discovery_v1__64a6a94ec148,reconnaissance,T1046,1,1,-0.0,0.6742,0.3326,472.9,551.72,0.3683,6,7,2.4202,2.954,2.1742,0.5537,3.8352,0,0,0,0,0,0,0.8465,78.82,0.0,78.82,9193.93,8753.88,0,0.1793,0.943,0,0
2026-08-27T19:33:29.103305+00:00,recon_service_discovery_v1,recon_service_discovery_v1__64a6a94ec148,reconnaissance,T1046,1,1,-0.0,0.7252,0.2828,66.04,132.09,0.3491,1,2,2.0754,5.3133,1.6223,0.2859,2.4799,0,0,0,0,0,0,0.3906,66.04,0.0,66.04,8860.29,9550.94,0,0.1896,1.6894,0,0
2026-08-27T19:33:34.103305+00:00,recon_service_discovery_v1,recon_service_discovery_v1__64a6a94ec148,reconnaissance,T1046,3,3,1.585,0.6405,0.3445,1184.98,1895.97,0.3984,15,24,2.2951,2.7763,1.7687,0.6175,3.6212,1,0,0,0,0,0,0.6088,79.0,4.91,85.86,8259.95,5435.9,0,0.2105,0.0,0,0
2026-08-27T19:33:39.103305+00:00,recon_service_discovery_v1,recon_service_discovery_v1__64a6a94ec148,reconnaissance,T1046,4,4,2.0,0.7473,0.2257,3426.41,3114.92,0.3308,44,40,1.1731,2.09,2.0111,0.6215,3.8756,2,0,0,0,0,0,1.0751,77.87,23.27,107.9,6625.73,8134.15,0,0.2683,1.1367,0,0
2026-08-27T19:33:44.103305+00:00,recon_service_discovery_v1,recon_service_discovery_v1__64a6a94ec148,reconnaissance,T1046,2,2,1.0,0.6969,0.3399,220.72,331.08,0.3602,2,3,1.3673,2.3603,1.5932,0.4016,2.798,1,0,0,0,0,0,0.5983,110.36,20.07,130.43,8648.92,7422.99,0,0.2189,1.2168,0,0
2026-08-27T19:33:49.103305+00:00,recon_service_discovery_v1,recon_service_discovery_v1__64a6a94ec148,reconnaissance,T1046,5,5,2.3219,0.631,0.3441,2725.18,3192.36,0.3582,35,41,1.0971,3.2288,2.2216,0.2902,3.0921,2,1,0,1,0,0,0.8477,77.86,20.65,104.65,8465.14,7365.47,0,0.3615,0.4164,0,0
2026-08-27T19:33:54.103305+00:00,recon_service_discovery_v1,recon_service_discovery_v1__64a6a94ec148,reconnaissance,T1046,3,3,1.585,0.7052,0.3171,638.55,1489.94,0.3393,9,21,1.8023,3.8481,1.919,0.457,3.2901,1,0,0,0,0,0,0.4172,70.95,3.11,73.57,6590.52,8918.57,0,0.2738,1.0377,0,0
2026-08-27T19:33:59.103305+00:00,recon_service_discovery_v1,recon_service_discovery_v1__64a6a94ec148,reconnaissance,T1046,4,3,1.5,0.6544,0.348,3259.27,5805.57,0.2791,32,57,2.0892,3.0238,1.5962,0.3997,2.7955,2,0,0,0,0,0,0.5568,101.85,31.47,137.84,8132.3,8780.05,0,0.2498,1.114,0,0
2026-08-27T19:34:04.103305+00:00,recon_service_discovery_v1,recon_service_discovery_v1__64a6a94ec148,reconnaissance,T1046,1,1,-0.0,0.6855,0.3422,511.41,852.36,0.313,6,10,2.092,6.1344,2.0527,0.5023,3.5596,0,0,0,0,0,0,0.5954,85.24,0.0,85.24,10192.11,9201.73,0,0.2029,0.9076,0,0
2026-08-27T19:34:09.103305+00:00,recon_service_discovery_v1,recon_service_discovery_v1__64a6a94ec148,reconnaissance,T1046,2,2,1.0,0.6458,0.3511,332.01,415.02,0.3224,4,5,2.4548,4.9255,2.336,0.4341,3.6384,1,0,0,0,0,0,0.7766,83.0,36.2,119.2,9387.48,6967.51,0,0.2196,0.0,0,0
2026-08-27T19:34:14.103305+00:00,recon_service_discovery_v1,recon_service_discovery_v1__64a6a94ec148,reconnaissance,T1046,4,4,2.0,0.7229,0.2958,1709.91,1781.16,0.3857,24,25,2.5138,4.2612,1.698,0.5843,3.4509,2,1,0,0,0,0,0.9493,71.25,11.11,81.62,7945.62,8836.34,0,0.2363,0.6517,0,0
2026-08-27T19:34:19.103305+00:00,recon_service_discovery_v1,recon_service_discovery_v1__64a6a94ec148,reconnaissance,T1046,2,2,1.0,0.7261,0.2908,861.71,1551.09,0.4292,10,18,1.8802,4.0101,1.5692,0.3481,2.6135,1,0,0,0,0,0,0.536,86.17,2.68,88.85,8159.81,7263.68,0,0.1827,1.8412,0,0
2026-08-27T19:34:24.103305+00:00,recon_service_discovery_v1,recon_service_discovery_v1__64a6a94ec148,reconnaissance,T1046,2,2,0.6462,0.7217,0.3093,6456.5675,7293.53,0.4346,14,15,2.194,5.9914,1.719,0.5111,3.2524,0,1,0,0,0,0,0.8168,179.1075,36.9325,250.015,7031.67,8238.5675,0,0.1117,1.8361,0,0
2026-08-27T19:34:29.103305+00:00,recon_service_discovery_v1,recon_service_discovery_v1__64a6a94ec148,reconnaissance,T1046,3,2,0.9183,0.6328,0.3468,794.61,1589.22,0.3332,9,18,1.6381,3.6554,1.7153,0.5233,3.2851,1,0,0,0,0,0,0.4883,88.29,25.35,108.74,8813.74,8856.18,0,0.1683,1.0197,0,0
2026-08-27T19:34:34.103305+00:00,recon_service_discovery_v1,recon_service_discovery_v1__64a6a94ec148,reconnaissance,T1046,4,3,1.5,0.6542,0.3181,967.56,1693.23,0.3621,12,21,2.2341,5.5244,2.5462,0.7288,4.7326,2,0,0,0,0,0,0.5614,80.63,26.18,115.9,5389.0,8430.7,0,0.2302,1.4915,0,0
2026-08-27T19:34:39.103305+00:00,recon_service_discovery_v1,recon_service_discovery_v1__64a6a94ec148,reconnaissance,T1046,0,0,0.0,0.714,0.2842,0.0,0.0,0.334,0,0,1.3107,2.9283,1.851,0.685,3.9058,0,0,0,0,0,0,0.5974,132.88,0.0,132.88,7468.8,8955.88,0,0.1556,0.4372,0,0
2026-08-27T19:34:44.103305+00:00,recon_service_discovery_v1,recon_service_discovery_v1__64a6a94ec148,reconnaissance,T1046,2,2,1.0,0.7147,0.2816,1602.49,7772.1,0.3176,20,97,1.3485,3.9771,2.4423,0.8817,5.0874,1,0,0,0,0,0,0.2049,80.12,5.24,85.36,6876.64,6422.98,0,0.1729,1.0895,0,0
2026-08-27T19:34:49.103305+00:00,recon_service_discovery_v1,recon_service_discovery_v1__64a6a94ec148,reconnaissance,T1046,3,3,1.585,0.7454,0.2835,1557.34,3010.86,0.3006,15,29,1.3319,2.1914,2.1071,0.5113,3.641,1,0,0,0,0,0,0.5145,103.82,23.36,133.14,6379.11,5065.4,0,0.3037,1.2558,0,0
2026-08-27T19:34:54.103305+00:00,recon_service_discovery_v1,recon_service_discovery_v1__64a6a94ec148,reconnaissance,T1046,3,3,1.585,0.7214,0.2539,1410.92,2351.54,0.3973,12,20,1.9491,3.5438,1.8996,0.2619,2.6854,1,0,0,0,0,0,0.5764,117.58,54.48,171.07,7601.81,7436.32,0,0.2851,0.7033,0,0
2026-08-27T19:34:59.103305+00:00,recon_service_discovery_v1,recon_service_discovery_v1__64a6a94ec148,reconnaissance,T1046,2,2,1.0,0.6538,0.3435,304.55,380.69,0.3088,4,5,2.4789,4.4904,2.2908,0.6692,4.2984,1,0,0,0,0,0,0.7415,76.14,4.43,80.57,8031.36,9166.16,0,0.2333,1.164,0,0
2026-08-27T19:35:04.103305+00:00,recon_service_discovery_v1,recon_service_discovery_v1__64a6a94ec148,reconnaissance,T1046,3,3,1.585,0.72,0.2898,1275.33,1381.61,0.3637,12,13,1.9696,4.4437,2.1917,0.4665,3.591,1,0,0,0,0,0,0.8918,106.28,22.17,132.02,8337.06,7567.56,0,0.2877,1.3915,0,0
2026-08-27T19:35:09.103305+00:00,recon_service_discovery_v1,recon_service_discovery_v1__64a6a94ec148,reconnaissance,T1046,1,1,-0.0,0.6876,0.3344,487.26,568.47,0.4398,6,7,1.5544,4.1551,2.2651,0.3187,3.2214,0,0,0,0,0,0,0.8182,81.21,0.0,81.21,7825.6,6221.57,0,0.1858,1.3693,0,0
2026-08-27T19:35:14.103305+00:00,recon_service_discovery_v1,recon_service_discovery_v1__64a6a94ec148,reconnaissance,T1046,3,2,0.9183,0.6805,0.289,1732.82,3218.09,0.3737,21,39,0.9934,1.8315,1.7294,0.3513,2.7832,1,0,0,0,0,0,0.5282,82.52,12.24,98.48,7095.89,7723.87,0,0.2352,1.3902,0,0
2026-08-27T19:35:19.103305+00:00,recon_service_discovery_v1,recon_service_discovery_v1__64a6a94ec148,reconnaissance,T1046,4,4,1.7712,0.7718,0.2132,9201.74,10519.1075,0.4607,44,50,1.4608,2.9929,1.8925,0.3722,3.009,2,2,0,0,0,0,0.8476,188.1975,55.3525,279.6175,7046.3025,7854.0275,0,0.1588,1.4221,0,0
2026-08-27T19:35:24.103305+00:00,recon_service_discovery_v1,recon_service_discovery_v1__64a6a94ec148,reconnaissance,T1046,5,4,1.9219,0.6587,0.3406,1176.32,1254.75,0.3556,15,16,1.9514,2.5504,2.6526,0.5313,4.2464,2,1,0,1,0,0,0.9181,78.42,17.81,97.41,9603.15,8676.76,0,0.2682,0.8058,0,0
2026-08-27T19:35:29.103305+00:00,recon_service_discovery_v1,recon_service_discovery_v1__64a6a94ec148,reconnaissance,T1046,5,4,1.9219,0.7396,0.281,2477.01,3467.82,0.3306,30,42,1.6905,4.8941,2.0043,0.4355,3.3107,2,1,0,1,0,0,0.714,82.57,19.44,115.17,8784.59,8035.36,0,0.2509,1.0372,0,0
2026-08-27T19:35:34.103305+00:00,recon_service_discovery_v1,recon_service_discovery_v1__64a6a94ec148,reconnaissance,T1046,5,4,1.9219,0.7229,0.287,1163.74,1008.58,0.348,15,13,1.6087,3.693,1.8144,0.4508,3.1667,2,1,0,1,0,0,1.1425,77.58,17.54,108.09,8288.77,8536.29,0,0.2741,0.4523,0,0
2026-08-27T19:35:39.103305+00:00,recon_service_discovery_v1,recon_service_discovery_v1__64a6a94ec148,reconnaissance,T1046,3,2,0.9183,0.675,0.324,1520.19,1435.73,0.3403,18,17,2.073,2.8225,2.1828,0.686,4.2407,1,0,0,0,0,0,1.0125,84.45,16.49,105.74,8815.54,8998.85,0,0.2145,0.4668,0,0
2026-08-27T19:35:44.103305+00:00,recon_service_discovery_v1,recon_service_discovery_v1__64a6a94ec148,reconnaissance,T1046,3,3,1.3962,0.7013,0.3002,7165.5275,8652.365,0.3902,22,32,1.5872,2.8276,1.5269,0.3263,2.5058,1,1,0,0,0,0,0.5966,178.6425,56.905,269.5225,7268.025,7918.1525,0,0.1686,2.2165,0,0
2026-08-27T19:35:49.103305+00:00,recon_service_discovery_v1,recon_service_discovery_v1__64a6a94ec148,reconnaissance,T1046,4,3,1.5,0.6958,0.295,1683.57,5134.88,0.4156,20,61,1.4614,4.0327,1.6994,0.3948,2.8839,2,0,0,0,0,0,0.3274,84.18,24.2,111.59,9187.2,7729.06,0,0.2348,0.5134,0,0
2026-08-27T19:35:54.103305+00:00,recon_service_discovery_v1,recon_service_discovery_v1__64a6a94ec148,reconnaissance,T1046,2,2,1.0,0.738,0.2974,1033.54,1653.66,0.3117,10,16,1.5402,2.8966,1.7902,0.4067,3.0103,1,0,0,0,0,0,0.5994,103.35,8.37,111.72,9768.28,8628.26,0,0.1916,0.6744,0,0
2026-08-27T19:35:59.103305+00:00,recon_service_discovery_v1,recon_service_discovery_v1__64a6a94ec148,reconnaissance,T1046,2,2,1.0,0.6483,0.3458,233.48,233.48,0.4012,2,2,2.1404,5.1727,1.8751,0.5433,3.505,1,0,0,0,0,0,0.6753,116.74,6.49,123.23,8400.53,8250.81,0,0.248,1.1754,0,0
2026-08-27T19:36:04.103305+00:00,recon_service_discovery_v1,recon_service_discovery_v1__64a6a94ec148,reconnaissance,T1046,8,6,2.4056,0.6763,0.2876,7703.3,9508.76,0.3783,64,79,3.6428,5.2011,2.3669,0.7713,4.6808,4,1,0,1,0,0,0.8039,120.36,26.84,156.04,6781.64,9716.56,0,0.403,0.5888,0,0
2026-08-27T19:36:09.103305+00:00,recon_service_discovery_v1,recon_service_discovery_v1__64a6a94ec148,reconnaissance,T1046,1,1,-0.0,0.6946,0.2814,654.25,1121.56,0.2846,7,12,1.5246,3.5697,2.1996,0.7106,4.3313,0,0,0,0,0,0,0.55,93.46,0.0,93.46,9857.48,6710.54,0,0.1703,1.4555,0,0
2026-08-27T19:36:14.103305+00:00,recon_service_discovery_v1,recon_service_discovery_v1__64a6a94ec148,reconnaissance,T1046,2,2,1.0,0.7285,0.2464,1139.77,2706.95,0.4126,16,38,1.7542,2.4214,1.5353,0.5736,3.2562,1,0,0,0,0,0,0.4198,71.24,32.89,104.13,8194.92,8155.27,0,0.2141,2.1298,0,0
2026-08-27T19:36:19.103305+00:00,recon_service_discovery_v1,recon_service_discovery_v1__64a6a94ec148,reconnaissance,T1046,2,2,1.0,0.712,0.2562,1558.34,5259.4,0.3867,16,54,0.9991,1.8844,1.3844,0.4131,2.6236,1,0,0,0,0,0,0.2945,97.4,0.74,98.14,6272.57,9865.05,0,0.2784,1.245,0,0
2026-08-27T19:36:24.103305+00:00,recon_service_discovery_v1,recon_service_discovery_v1__64a6a94ec148,reconnaissance,T1046,3,3,1.585,0.7413,0.2866,1118.0,1677.0,0.3938,12,18,1.517,3.6347,1.5772,0.3441,2.6094,1,0,0,0,0,0,0.6506,93.17,26.91,128.09,8581.46,7921.75,0,0.2762,1.7082,0,0
2026-08-27T19:36:29.103305+00:00,recon_service_discovery_v1,recon_service_discovery_v1__64a6a94ec148,reconnaissance,T1046,2,2,1.0,0.713,0.2615,445.89,557.37,0.3221,8,10,2.3296,5.9448,2.2722,0.4359,3.5798,1,0,0,0,0,0,0.7604,55.74,17.17,72.91,8562.49,8529.11,0,0.244,1.0514,0,0
2026-08-27T19:36:34.103305+00:00,recon_service_discovery_v1,recon_service_discovery_v1__64a6a94ec148,reconnaissance,T1046,1,1,-0.0,0.6782,0.3348,224.11,168.08,0.3446,4,3,1.4449,2.3441,1.6779,0.4234,2.9481,0,0,0,0,0,0,1.1736,56.03,0.0,56.03,7102.98,7115.99,0,0.2019,0.744,0,0
2026-08-27T19:36:39.103305+00:00,recon_service_discovery_v1,recon_service_discovery_v1__64a6a94ec148,reconnaissance,T1046,1,1,-0.0,0.7006,0.343,305.37,712.53,0.3369,3,7,1.6081,4.4425,2.0829,0.7238,4.2542,0,0,0,0,0,0,0.384,101.79,0.0,101.79,7403.98,7033.66,0,0.1844,0.6917,0,0
2026-08-27T19:36:44.103305+00:00,recon_service_discovery_v1,recon_service_discovery_v1__64a6a94ec148,reconnaissance,T1046,1,1,-0.0,0.7128,0.2817,457.44,686.15,0.3729,8,12,2.5839,5.7312,2.3966,0.8905,5.0682,0,0,0,0,0,0,0.6225,57.18,0.0,57.18,8947.28,8822.43,0,0.1469,0.8499,0,0
2026-08-27T19:36:49.103305+00:00,recon_service_discovery_v1,recon_service_discovery_v1__64a6a94ec148,reconnaissance,T1046,2,2,0.6462,0.7004,0.3402,6737.5025,7686.845,0.3971,17,20,2.0804,2.9417,1.5358,0.483,2.9848,0,1,0,0,0,0,0.7343,175.755,36.9325,246.6625,7426.185,8992.715,0,0.1244,1.7971,0,0
2026-08-27T19:36:54.103305+00:00,recon_service_discovery_v1,recon_service_discovery_v1__64a6a94ec148,reconnaissance,T1046,3,3,1.585,0.6882,0.3181,2381.25,2948.22,0.4123,21,26,2.5815,4.3952,2.0478,0.5153,3.5937,1,0,0,0,0,0,0.7977,113.39,17.99,134.22,7857.56,9287.87,0,0.3252,1.1557,0,0
2026-08-27T19:36:59.103305+00:00,recon_service_discovery_v1,recon_service_discovery_v1__64a6a94ec148,reconnaissance,T1046,1,1,-0.0,0.7062,0.2946,192.42,288.63,0.2866,4,6,2.1514,3.7919,2.1385,0.6043,3.9515,0,0,0,0,0,0,0.5928,48.11,0.0,48.11,9006.13,8904.24,0,0.129,0.8311,0,0
2026-08-27T19:37:04.103305+00:00,recon_service_discovery_v1,recon_service_discovery_v1__64a6a94ec148,reconnaissance,T1046,2,2,0.6462,0.738,0.266,6754.655,7690.985,0.3965,16,18,1.8339,2.7039,1.5091,0.2476,2.252,0,1,0,0,0,0,0.7035,218.925,36.9325,289.8325,7511.0625,8195.855,0,0.148,2.6219,0,0
2026-08-27T19:37:09.103305+00:00,recon_service_discovery_v1,recon_service_discovery_v1__64a6a94ec148,reconnaissance,T1046,3,3,1.585,0.7054,0.2851,980.18,1415.82,0.2881,9,13,2.9132,3.651,3.0405,0.4869,4.5011,1,0,0,0,0,0,0.6615,108.91,30.07,148.41,8478.4,8259.4,0,0.2479,0.7044,0,0
2026-08-27T19:37:14.103305+00:00,recon_service_discovery_v1,recon_service_discovery_v1__64a6a94ec148,reconnaissance,T1046,4,3,1.5,0.7056,0.2989,1339.14,1757.62,0.2684,16,21,3.0756,6.7509,2.1408,0.6649,4.1354,2,0,0,0,0,0,0.7375,83.7,36.77,130.77,7977.81,8665.19,0,0.2521,1.3548,0,0
2026-08-27T19:37:19.103305+00:00,recon_service_discovery_v1,recon_service_discovery_v1__64a6a94ec148,reconnaissance,T1046,6,5,2.2516,0.7184,0.2683,4098.62,6034.08,0.2958,36,53,1.4991,2.3121,1.7856,0.6499,3.7354,3,1,0,0,0,0,0.6698,113.85,39.26,198.17,8603.16,7773.59,0,0.3317,2.0678,0,0
2026-08-27T19:37:24.103305+00:00,recon_service_discovery_v1,recon_service_discovery_v1__64a6a94ec148,reconnaissance,T1046,6,4,2.085,0.7718,0.2419,7961.4125,9613.4975,0.367,32,43,1.5177,3.6262,1.6146,0.3953,2.8005,2,2,0,1,0,0,0.7024,182.265,57.55,292.795,8243.3475,7924.685,0,0.2026,1.7318,0,0
2026-08-27T19:37:29.103305+00:00,recon_service_discovery_v1,recon_service_discovery_v1__64a6a94ec148,reconnaissance,T1046,2,2,1.0,0.7278,0.2874,776.5,1067.69,0.4214,8,11,1.8281,4.308,2.4434,0.6598,4.4227,1,0,0,0,0,0,0.6976,97.06,28.38,125.45,7299.59,6814.13,0,0.1685,0.2286,0,0
2026-08-27T19:37:34.103305+00:00,recon_service_discovery_v1,recon_service_discovery_v1__64a6a94ec148,reconnaissance,T1046,4,4,1.835,0.7285,0.2826,6977.45,7930.1675,0.4381,20,24,1.0094,1.439,1.5052,0.5115,3.0396,1,1,0,0,0,0,0.823,177.4425,41.215,253.8775,8239.47,9800.93,0,0.1904,1.8794,0,0
2026-08-27T19:37:39.103305+00:00,recon_service_discovery_v1,recon_service_discovery_v1__64a6a94ec148,reconnaissance,T1046,3,3,1.3962,0.7483,0.2856,6613.3925,7450.355,0.4112,15,17,2.1343,2.8895,1.5124,0.3668,2.6128,1,1,0,0,0,0,0.7221,197.9775,54.9025,286.855,8869.8225,9258.2975,0,0.2053,2.5633,0,0
2026-08-27T19:37:44.103305+00:00,recon_service_discovery_v1,recon_service_discovery_v1__64a6a94ec148,reconnaissance,T1046,3,3,1.585,0.7333,0.2574,1191.3,2382.6,0.402,15,30,1.5576,2.1084,2.4005,0.7589,4.6771,1,0,0,0,0,0,0.4839,79.42,14.23,95.88,8901.51,6484.71,0,0.256,1.0973,0,0
2026-08-27T19:37:49.103305+00:00,recon_service_discovery_v1,recon_service_discovery_v1__64a6a94ec148,reconnaissance,T1046,1,1,-0.0,0.7121,0.2761,83.18,83.18,0.2862,1,1,1.4214,3.1849,1.559,0.4017,2.7642,0,0,0,0,0,0,0.8241,83.18,0.0,83.18,7646.19,8493.25,0,0.2231,0.5184,0,0
2026-08-27T19:37:54.103305+00:00,recon_service_discovery_v1,recon_service_discovery_v1__64a6a94ec148,reconnaissance,T1046,5,4,1.9219,0.7843,0.2085,3434.38,4808.13,0.3081,30,42,1.9776,3.9366,1.979,0.3278,2.9625,2,1,0,1,0,0,0.7121,114.48,57.42,219.82,9235.54,6574.27,0,0.3119,1.3367,0,0
2026-08-27T19:37:59.103305+00:00,recon_service_discovery_v1,recon_service_discovery_v1__64a6a94ec148,reconnaissance,T1046,4,4,2.0,0.675,0.3085,986.47,1726.32,0.3239,12,21,1.3124,3.4322,1.6635,0.6126,3.5015,2,1,0,0,0,0,0.5578,82.21,11.95,98.86,8769.59,6242.87,0,0.3069,0.9188,0,0
2026-08-27T19:38:04.103305+00:00,recon_service_discovery_v1,recon_service_discovery_v1__64a6a94ec148,reconnaissance,T1046,2,2,1.0,0.6581,0.3658,1192.7,2087.22,0.3448,12,21,2.343,5.6669,1.682,0.5499,3.3316,1,0,0,0,0,0,0.5472,99.39,18.2,117.59,7758.14,8775.47,0,0.1947,0.7927,0,0
2026-08-27T19:38:09.103305+00:00,recon_service_discovery_v1,recon_service_discovery_v1__64a6a94ec148,reconnaissance,T1046,6,5,2.335,0.7598,0.2612,7603.82,9333.0875,0.3133,27,39,1.7081,2.548,1.4824,0.2565,2.2521,2,2,0,1,0,0,0.6364,183.3,51.8575,278.6575,6835.8075,8123.0975,0,0.2128,1.6053,0,0
2026-08-27T19:38:14.103305+00:00,recon_service_discovery_v1,recon_service_discovery_v1__64a6a94ec148,reconnaissance,T1046,2,2,1.0,0.7239,0.2852,801.75,1803.93,0.3784,8,18,1.4968,4.0088,1.8712,0.5188,3.4275,1,0,0,0,0,0,0.4409,100.22,21.91,122.13,8935.57,7891.91,0,0.2049,1.4356,0,0
2026-08-27T19:38:19.103305+00:00,recon_service_discovery_v1,recon_service_discovery_v1__64a6a94ec148,reconnaissance,T1046,1,1,-0.0,0.7115,0.2535,613.98,613.98,0.3918,6,6,1.9802,5.6057,2.101,0.6967,4.1911,0,0,0,0,0,0,0.9222,102.33,0.0,102.33,7144.18,10307.72,0,0.1639,0.3977,0,0
2026-08-27T19:38:24.103305+00:00,recon_service_discovery_v1,recon_service_discovery_v1__64a6a94ec148,reconnaissance,T1046,2,2,1.0,0.7233,0.2905,763.83,1209.4,0.3228,12,19,2.3534,5.721,2.3144,0.8322,4.8109,1,0,0,0,0,0,0.6256,63.65,3.43,67.09,6288.15,8605.81,0,0.1777,0.9851,0,0
2026-08-27T19:38:29.103305+00:00,recon_service_discovery_v1,recon_service_discovery_v1__64a6a94ec148,reconnaissance,T1046,1,1,-0.0,0.727,0.2706,148.7,334.57,0.2727,4,9,1.786,3.6617,2.0795,0.3926,3.2573,0,0,0,0,0,0,0.4316,37.17,0.0,37.17,7425.7,6483.62,0,0.1534,0.8889,0,0
2026-08-27T19:38:34.103305+00:00,recon_service_discovery_v1,recon_service_discovery_v1__64a6a94ec148,reconnaissance,T1046,2,2,1.0,0.6293,0.4118,535.72,1540.2,0.3194,8,23,2.6957,5.9533,1.9939,0.3466,3.0337,1,0,0,0,0,0,0.3442,66.97,1.29,68.26,8359.05,7614.47,0,0.2515,1.03,0,0
2026-08-27T19:38:39.103305+00:00,recon_service_discovery_v1,recon_service_discovery_v1__64a6a94ec148,reconnaissance,T1046,4,3,1.5,0.705,0.2995,1757.39,4744.94,0.3389,20,54,1.1915,2.2355,1.4266,0.5002,2.9272,2,0,0,0,0,0,0.3695,87.87,53.74,177.03,9201.28,8289.62,0,0.2879,1.5807,0,0
2026-08-27T19:38:44.103305+00:00,recon_service_discovery_v1,recon_service_discovery_v1__64a6a94ec148,reconnaissance,T1046,4,4,2.1463,0.7219,0.2823,7999.8875,9930.035,0.4147,32,46,2.3119,5.6281,1.5726,0.308,2.4967,2,1,0,0,0,0,0.653,183.87,48.5275,271.885,6222.0375,7810.6325,0,0.2261,1.6387,0,0
2026-08-27T19:38:49.103305+00:00,recon_service_discovery_v1,recon_service_discovery_v1__64a6a94ec148,reconnaissance,T1046,0,0,0.0,0.7409,0.2583,0.0,0.0,0.3423,0,0,2.4701,4.8768,2.4941,0.6055,4.3107,0,0,0,0,0,0,0.3997,95.57,0.0,95.57,8704.59,6580.27,0,0.1411,0.5316,0,0
2026-08-27T19:38:54.103305+00:00,recon_service_discovery_v1,recon_service_discovery_v1__64a6a94ec148,reconnaissance,T1046,6,5,2.2516,0.7401,0.2601,1494.32,3320.71,0.2741,18,40,0.9497,2.4716,1.7423,0.3023,2.6493,3,1,0,1,0,0,0.4398,83.02,25.98,124.94,7687.51,9424.95,0,0.3326,0.5636,0,0
2026-08-27T19:38:59.103305+00:00,recon_service_discovery_v1,recon_service_discovery_v1__64a6a94ec148,reconnaissance,T1046,4,4,2.0,0.7257,0.2865,2238.89,3544.91,0.313,24,38,0.863,2.521,1.7351,0.4925,3.2127,2,1,0,0,0,0,0.6246,93.29,41.6,159.37,4742.55,9059.95,0,0.2398,1.3809,0,0
2026-08-27T19:39:04.103305+00:00,recon_service_discovery_v1,recon_service_discovery_v1__64a6a94ec148,reconnaissance,T1046,4,4,1.7712,0.7497,0.2563,7329.8675,9040.1225,0.3866,22,33,1.3643,3.3924,1.5908,0.2573,2.3628,2,2,0,0,0,0,0.5823,192.3375,55.48,293.425,7139.205,6630.6575,0,0.1686,1.483,0,0
2026-08-27T19:39:09.103305+00:00,recon_service_discovery_v1,recon_service_discovery_v1__64a6a94ec148,reconnaissance,T1046,3,3,1.3962,0.7309,0.2615,7981.61,8818.5725,0.4222,26,27,1.2247,1.6928,1.8301,0.6016,3.6348,1,1,0,0,0,0,0.9275,214.8825,41.3425,290.2,7362.5025,7225.235,0,0.1629,2.1605,0,0
2026-08-27T19:39:14.103305+00:00,recon_service_discovery_v1,recon_service_discovery_v1__64a6a94ec148,reconnaissance,T1046,2,2,1.0,0.7201,0.2647,1349.27,1799.03,0.3168,12,16,3.1788,6.4696,2.5772,0.6055,4.3939,1,0,0,0,0,0,0.7164,112.44,8.93,121.37,8239.25,8205.66,0,0.21,1.6746,0,0
2026-08-27T19:39:19.103305+00:00,recon_service_discovery_v1,recon_service_discovery_v1__64a6a94ec148,reconnaissance,T1046,5,4,1.9219,0.6931,0.2953,2729.28,3587.05,0.3559,35,46,1.3294,3.6794,2.7887,0.9274,5.5711,3,1,0,0,0,0,0.7492,77.98,22.18,103.2,8683.56,7943.43,0,0.2693,1.2538,0,0
2026-08-27T19:39:24.103305+00:00,recon_service_discovery_v1,recon_service_discovery_v1__64a6a94ec148,reconnaissance,T1046,4,3,1.5,0.7286,0.2543,1741.14,8995.89,0.3691,24,124,1.0363,2.4286,1.4754,0.2436,2.2062,2,0,0,0,0,0,0.1927,72.55,33.37,125.3,10158.09,8807.63,0,0.2572,1.3516,0,0
2026-08-27T19:39:29.103305+00:00,recon_service_discovery_v1,recon_service_discovery_v1__64a6a94ec148,reconnaissance,T1046,0,0,0.0,0.6779,0.3456,0.0,0.0,0.2907,0,0,2.0193,4.7603,1.5266,0.2445,2.2601,0,0,0,0,0,0,0.4922,64.7,0.0,64.7,6622.25,7491.99,0,0.1258,0.8533,0,0
2026-08-27T19:39:34.103305+00:00,recon_service_discovery_v1,recon_service_discovery_v1__64a6a94ec148,reconnaissance,T1046,2,1,-0.0,0.691,0.3299,353.29,588.81,0.3689,6,10,0.9338,1.5918,1.9145,0.6714,3.9287,1,0,0,0,0,0,0.5671,58.88,2.78,61.66,6217.33,6144.44,0,0.1125,0.9387,0,0
2026-08-27T19:39:39.103305+00:00,recon_service_discovery_v1,recon_service_discovery_v1__64a6a94ec148,reconnaissance,T1046,2,2,1.0,0.729,0.2994,656.96,1313.92,0.3748,6,12,2.1996,5.2522,1.8476,0.4652,3.2433,1,0,0,0,0,0,0.4651,109.49,25.47,134.96,7977.17,8800.62,0,0.3005,1.4555,0,0
2026-08-27T19:39:44.103305+00:00,recon_service_discovery_v1,recon_service_discovery_v1__64a6a94ec148,reconnaissance,T1046,3,3,1.585,0.6661,0.3571,2391.56,3631.63,0.3534,27,41,2.8187,8.3271,2.5311,0.907,5.2521,1,0,0,0,0,0,0.655,88.58,8.04,99.01,7047.46,7793.07,0,0.2105,1.6266,0,0
2026-08-27T19:39:49.103305+00:00,recon_service_discovery_v1,recon_service_discovery_v1__64a6a94ec148,reconnaissance,T1046,2,2,1.0,0.6582,0.3272,700.13,1400.26,0.3644,10,20,1.84,4.5772,1.9146,0.6867,3.9748,1,0,0,0,0,0,0.4768,70.01,11.2,81.21,8082.17,8229.67,0,0.2189,0.9009,0,0
2026-08-27T19:39:54.103305+00:00,recon_service_discovery_v1,recon_service_discovery_v1__64a6a94ec148,reconnaissance,T1046,3,3,1.585,0.6969,0.2534,1287.56,2217.46,0.204,18,31,1.4969,2.6756,2.233,0.7399,4.4526,1,0,0,0,0,0,0.5705,71.53,6.31,80.37,7436.67,7282.09,0,0.3105,1.0236,0,0
2026-08-27T19:39:59.103305+00:00,recon_service_discovery_v1,recon_service_discovery_v1__64a6a94ec148,reconnaissance,T1046,2,1,-0.0,0.7124,0.3014,990.6,1238.25,0.2773,12,15,3.015,4.8977,1.853,0.4695,3.2615,1,0,0,0,0,0,0.7907,82.55,25.33,107.88,7829.93,7950.72,0,0.1236,0.3793,0,0
2026-08-27T19:40:04.103305+00:00,recon_service_discovery_v1,recon_service_discovery_v1__64a6a94ec148,reconnaissance,T1046,3,3,1.585,0.6589,0.3869,2022.53,5505.78,0.3508,18,49,1.9619,2.5291,1.5644,0.4905,3.036,1,0,0,0,0,0,0.3638,112.36,17.66,136.14,8560.41,7293.17,0,0.2569,1.0832,0,0
2026-08-27T19:40:09.103305+00:00,recon_service_discovery_v1,recon_service_discovery_v1__64a6a94ec148,reconnaissance,T1046,6,4,1.7925,0.7095,0.3018,3811.93,5400.23,0.4059,48,68,2.9114,3.8679,2.2362,0.7703,4.5472,3,1,0,1,0,0,0.7052,79.42,15.72,101.81,6103.05,8249.67,0,0.2748,1.0212,0,0
2026-08-27T19:40:14.103305+00:00,recon_service_discovery_v1,recon_service_discovery_v1__64a6a94ec148,reconnaissance,T1046,2,2,1.0,0.7012,0.3074,1348.72,2967.18,0.3872,20,44,1.78,3.9055,2.2123,0.293,3.0914,1,0,0,0,0,0,0.4507,67.44,5.85,73.28,6328.27,7372.54,0,0.2312,1.646,0,0
2026-08-27T19:40:19.103305+00:00,recon_service_discovery_v1,recon_service_discovery_v1__64a6a94ec148,reconnaissance,T1046,2,2,1.0,0.6691,0.3403,646.09,1292.19,0.3555,10,20,1.5321,3.1816,2.2385,0.6276,4.1214,1,0,0,0,0,0,0.4966,64.61,3.82,68.43,6510.23,8927.84,0,0.2286,1.5765,0,0
2026-08-27T19:40:24.103305+00:00,recon_service_discovery_v1,recon_service_discovery_v1__64a6a94ec148,reconnaissance,T1046,1,1,-0.0,0.7005,0.3215,679.29,3773.83,0.3418,9,50,1.3226,3.2182,2.1308,0.4873,3.5925,0,0,0,0,0,0,0.1767,75.48,0.0,75.48,7383.83,7273.09,0,0.1752,1.4675,0,0
2026-08-27T19:40:29.103305+00:00,recon_service_discovery_v1,recon_service_discovery_v1__64a6a94ec148,reconnaissance,T1046,1,1,-0.0,0.7686,0.2166,408.02,714.04,0.3166,4,7,1.528,2.848,2.2384,0.4943,3.7214,0,0,0,0,0,0,0.5702,102.01,0.0,102.01,7928.05,7757.28,0,0.1575,0.9642,0,0
2026-08-27T19:40:34.103305+00:00,recon_service_discovery_v1,recon_service_discovery_v1__64a6a94ec148,reconnaissance,T1046,4,4,2.0,0.7058,0.3003,973.62,1825.53,0.3719,8,15,1.0045,2.9253,1.5365,0.5161,3.0849,2,0,0,0,0,0,0.519,121.7,18.92,152.88,8354.98,10329.02,0,0.2925,0.8885,0,0
2026-08-27T19:40:39.103305+00:00,recon_service_discovery_v1,recon_service_discovery_v1__64a6a94ec148,reconnaissance,T1046,2,2,1.0,0.6966,0.3065,749.1,1048.74,0.3759,10,14,1.6696,2.2523,2.2891,0.4189,3.5457,1,0,0,0,0,0,0.6794,74.91,7.01,81.92,7461.8,8959.4,0,0.2015,0.3396,0,0
2026-08-27T19:40:44.103305+00:00,recon_service_discovery_v1,recon_service_discovery_v1__64a6a94ec148,reconnaissance,T1046,1,1,-0.0,0.6972,0.3256,192.74,192.74,0.4004,2,2,1.2905,2.2027,1.9586,0.6681,3.9629,0,0,0,0,0,0,0.703,96.37,0.0,96.37,7053.36,5969.66,0,0.1848,1.0905,0,0
2026-08-27T19:40:49.103305+00:00,recon_service_discovery_v1,recon_service_discovery_v1__64a6a94ec148,reconnaissance,T1046,1,1,-0.0,0.7158,0.3012,566.42,1510.46,0.3474,6,16,1.3173,2.4992,1.7794,0.2418,2.5047,0,0,0,0,0,0,0.3732,94.4,0.0,94.4,6205.76,7617.83,0,0.1828,0.9831,0,0
2026-08-27T19:40:54.103305+00:00,recon_service_discovery_v1,recon_service_discovery_v1__64a6a94ec148,reconnaissance,T1046,5,5,2.3219,0.6979,0.3287,2811.61,4498.58,0.3915,35,56,1.8925,2.7883,1.7003,0.6016,3.5052,2,1,0,1,0,0,0.6156,80.33,13.09,98.56,7937.23,9200.61,0,0.3405,0.7954,0,0
2026-08-27T19:40:59.103305+00:00,recon_service_discovery_v1,recon_service_discovery_v1__64a6a94ec148,reconnaissance,T1046,0,0,0.0,0.6647,0.3238,0.0,0.0,0.3798,0,0,1.059,2.1045,1.8542,0.2732,2.6738,0,0,0,0,0,0,0.2827,83.97,0.0,83.97,7579.61,8111.0,0,0.1615,1.2265,0,0
2026-08-27T19:41:04.103305+00:00,recon_service_discovery_v1,recon_service_discovery_v1__64a6a94ec148,reconnaissance,T1046,1,1,-0.0,0.7167,0.3045,974.42,1392.03,0.4157,7,10,1.8621,2.4751,2.3309,0.6714,4.3452,0,0,0,0,0,0,0.6988,139.2,0.0,139.2,9073.59,8608.14,0,0.1984,0.5685,0,0
2026-08-27T19:41:09.103305+00:00,recon_service_discovery_v1,recon_service_discovery_v1__64a6a94ec148,reconnaissance,T1046,3,3,1.585,0.7062,0.2799,2175.19,3210.99,0.2874,21,31,1.8659,4.2034,3.0988,0.8263,5.5776,1,0,0,0,0,0,0.6596,103.58,27.52,139.83,8091.8,8310.81,0,0.2907,0.7841,0,0
2026-08-27T19:41:14.103305+00:00,recon_service_discovery_v1,recon_service_discovery_v1__64a6a94ec148,reconnaissance,T1046,1,1,-0.0,0.6789,0.3615,704.2,704.2,0.2915,8,8,0.9793,1.8877,1.7104,0.3189,2.6671,0,0,0,0,0,0,0.9085,88.02,0.0,88.02,10585.84,7618.97,0,0.2092,0.3416,0,0
2026-08-27T19:41:19.103305+00:00,recon_service_discovery_v1,recon_service_discovery_v1__64a6a94ec148,reconnaissance,T1046,1,1,-0.0,0.6919,0.3091,405.51,868.95,0.4036,7,15,2.5956,4.5664,1.8771,0.3074,2.7993,0,0,0,0,0,0,0.4638,57.93,0.0,57.93,10759.03,8422.67,0,0.2149,0.5023,0,0
2026-08-27T19:41:24.103305+00:00,recon_service_discovery_v1,recon_service_discovery_v1__64a6a94ec148,reconnaissance,T1046,6,4,2.085,0.7435,0.284,9693.3425,10530.305,0.4577,50,51,1.7709,2.2926,1.4646,0.4204,2.7259,2,2,0,1,0,0,0.9604,186.9975,49.7275,284.5225,6302.9475,8963.4425,0,0.2239,2.1286,0,0
2026-08-27T19:41:29.103305+00:00,recon_service_discovery_v1,recon_service_discovery_v1__64a6a94ec148,reconnaissance,T1046,2,2,1.0,0.6658,0.2701,2443.39,1954.71,0.3876,20,16,2.4843,5.7944,1.8086,0.655,3.7737,1,0,0,0,0,0,1.177,122.17,6.2,128.37,9355.01,7802.62,0,0.2546,1.2348,0,0
2026-08-27T19:41:34.103305+00:00,recon_service_discovery_v1,recon_service_discovery_v1__64a6a94ec148,reconnaissance,T1046,4,3,1.5,0.6636,0.3349,2269.74,3745.07,0.3586,20,33,2.0496,5.2372,1.5835,0.4673,2.9855,2,0,0,0,0,0,0.5979,113.49,23.91,144.6,9276.87,8083.45,0,0.3032,0.6945,0,0
2026-08-27T19:41:39.103305+00:00,recon_service_discovery_v1,recon_service_discovery_v1__64a6a94ec148,reconnaissance,T1046,3,2,0.6462,0.7236,0.3099,7446.1475,8777.8925,0.3772,24,31,2.0208,5.2672,1.7747,0.5547,3.4387,1,1,0,0,0,0,0.7025,190.2525,44.32,268.5475,8176.6575,8766.995,0,0.1835,1.4905,0,0
2026-08-27T19:41:44.103305+00:00,recon_service_discovery_v1,recon_service_discovery_v1__64a6a94ec148,reconnaissance,T1046,4,4,2.0,0.7115,0.2806,2087.42,3421.05,0.2487,36,59,2.9211,6.198,2.2391,0.3862,3.3976,2,0,0,0,0,0,0.6047,57.98,7.93,69.32,8268.75,7229.6,0,0.2922,0.6467,0,0
2026-08-27T19:41:49.103305+00:00,recon_service_discovery_v1,recon_service_discovery_v1__64a6a94ec148,reconnaissance,T1046,4,4,1.835,0.6803,0.3093,7464.5525,8771.9075,0.336,25,32,1.8353,3.9348,1.8889,0.4459,3.2266,1,1,0,0,0,0,0.7133,186.765,38.0725,258.805,7698.5025,7566.2675,0,0.1619,2.0669,0,0
2026-08-27T19:41:54.103305+00:00,recon_service_discovery_v1,recon_service_discovery_v1__64a6a94ec148,reconnaissance,T1046,4,4,1.835,0.7211,0.2954,7180.7,8259.035,0.3683,22,27,1.179,1.8429,1.5973,0.3027,2.5054,1,1,0,0,0,0,0.7778,179.91,40.0825,254.4625,6493.38,8609.2325,0,0.1919,2.011,0,0
2026-08-27T19:41:59.103305+00:00,recon_service_discovery_v1,recon_service_discovery_v1__64a6a94ec148,reconnaissance,T1046,1,1,-0.0,0.727,0.3063,115.22,57.61,0.3225,2,1,2.687,4.315,1.7604,0.2376,2.4732,0,0,0,0,0,0,1.0898,57.61,0.0,57.61,8310.58,10123.21,0,0.2047,1.5113,0,0
2026-08-27T19:42:04.103305+00:00,recon_service_discovery_v1,recon_service_discovery_v1__64a6a94ec148,reconnaissance,T1046,2,2,1.0,0.6927,0.2762,1049.25,1199.15,0.4533,14,16,2.1088,2.6729,1.784,0.6664,3.7832,1,0,0,0,0,0,0.8423,74.95,16.07,91.02,9151.3,8905.8,0,0.2251,0.0831,0,0
2026-08-27T19:42:09.103305+00:00,recon_service_discovery_v1,recon_service_discovery_v1__64a6a94ec148,reconnaissance,T1046,3,3,1.585,0.6874,0.3061,2648.42,3531.23,0.3206,36,48,2.3003,3.4859,2.2194,0.7257,4.3965,1,0,0,0,0,0,0.7376,73.57,11.07,83.53,8382.24,8708.01,0,0.2715,1.4862,0,0
2026-08-27T19:42:14.103305+00:00,recon_service_discovery_v1,recon_service_discovery_v1__64a6a94ec148,reconnaissance,T1046,1,1,-0.0,0.691,0.3274,485.17,1018.85,0.2848,10,21,2.2,5.9347,2.3913,0.8617,4.9765,0,0,0,0,0,0,0.4697,48.52,0.0,48.52,7855.22,6260.36,0,0.2608,1.1664,0,0
2026-08-27T19:42:19.103305+00:00,recon_service_discovery_v1,recon_service_discovery_v1__64a6a94ec148,reconnaissance,T1046,2,1,-0.0,0.6717,0.3136,528.03,792.05,0.3813,6,9,3.8019,11.1944,2.7694,0.3795,3.9079,1,0,0,0,0,0,0.6488,88.01,13.74,101.74,8141.2,9111.55,0,0.1726,1.2761,0,0
2026-08-27T19:42:24.103305+00:00,recon_service_discovery_v1,recon_service_discovery_v1__64a6a94ec148,reconnaissance,T1046,3,3,1.585,0.6977,0.324,952.24,1825.12,0.3914,12,23,1.5986,3.1988,2.5077,0.5855,4.2643,1,0,0,0,0,0,0.5153,79.35,13.04,95.03,9007.11,7361.9,0,0.2338,1.189,0,0
2026-08-27T19:42:29.103305+00:00,recon_service_discovery_v1,recon_service_discovery_v1__64a6a94ec148,reconnaissance,T1046,1,1,-0.0,0.6698,0.3261,227.39,378.98,0.3349,3,5,2.808,4.9779,2.5321,0.7151,4.6776,0,0,0,0,0,0,0.5392,75.8,0.0,75.8,9499.28,8955.77,0,0.1751,0.0,0,0
2026-08-27T19:42:34.103305+00:00,recon_service_discovery_v1,recon_service_discovery_v1__64a6a94ec148,reconnaissance,T1046,4,4,2.0,0.6975,0.2849,2359.1,2864.62,0.3805,28,34,1.7773,5.2145,2.6026,0.3958,3.79,2,1,0,0,0,0,0.823,84.25,28.25,112.61,8317.2,7717.63,0,0.3163,1.2577,0,0
2026-08-27T19:42:39.103305+00:00,recon_service_discovery_v1,recon_service_discovery_v1__64a6a94ec148,reconnaissance,T1046,4,3,1.5,0.7292,0.2453,2090.64,3223.07,0.4363,24,37,1.5282,1.9908,2.3542,0.5904,4.1254,2,1,0,0,0,0,0.6363,87.11,30.33,126.91,8549.88,9416.7,0,0.239,0.9467,0,0
2026-08-27T19:42:44.103305+00:00,recon_service_discovery_v1,recon_service_discovery_v1__64a6a94ec148,reconnaissance,T1046,5,4,2.0877,0.6922,0.2993,7423.0175,8453.27,0.4262,25,29,1.753,3.6856,1.6703,0.3737,2.7913,2,2,0,0,0,0,0.8266,183.9975,51.745,274.42,8203.77,7185.9275,0,0.2036,1.5727,0,0
2026-08-27T19:42:49.103305+00:00,recon_service_discovery_v1,recon_service_discovery_v1__64a6a94ec148,reconnaissance,T1046,1,1,-0.0,0.7,0.2907,364.75,820.68,0.2759,4,9,1.9389,3.5208,2.2671,0.7539,4.5288,0,0,0,0,0,0,0.4303,91.19,0.0,91.19,8778.65,9288.64,0,0.1789,1.576,0,0
2026-08-27T19:42:54.103305+00:00,recon_service_discovery_v1,recon_service_discovery_v1__64a6a94ec148,reconnaissance,T1046,3,2,0.9183,0.7067,0.2913,2900.04,2792.63,0.3644,27,26,1.3258,2.5714,2.6604,0.8708,5.2729,1,0,0,0,0,0,1.0085,107.41,22.36,131.76,8054.63,8361.8,0,0.1955,1.4903,0,0
2026-08-27T19:42:59.103305+00:00,recon_service_discovery_v1,recon_service_discovery_v1__64a6a94ec148,reconnaissance,T1046,3,2,0.9183,0.6847,0.2823,1500.88,4919.54,0.3317,18,59,1.5691,1.9986,2.1279,0.6372,4.0396,1,0,0,0,0,0,0.3019,83.38,33.07,126.93,8062.81,8725.3,0,0.1864,0.7776,0,0
2026-08-27T19:43:04.103305+00:00,recon_service_discovery_v1,recon_service_discovery_v1__64a6a94ec148,reconnaissance,T1046,2,2,1.0,0.6771,0.3103,1820.15,5915.48,0.2641,12,39,1.3882,2.1171,1.7814,0.283,2.6302,1,0,0,0,0,0,0.3052,151.68,18.94,170.62,6584.63,8601.84,0,0.2328,1.315,0,0
2026-08-27T19:43:09.103305+00:00,recon_service_discovery_v1,recon_service_discovery_v1__64a6a94ec148,reconnaissance,T1046,2,2,0.6462,0.7372,0.2641,6552.9725,7389.935,0.4067,15,17,1.6819,4.5245,2.2715,0.6435,4.2019,0,1,0,0,0,0,0.9056,167.7675,36.9325,238.675,6988.1925,8776.0475,0,0.1639,1.6123,0,0
2026-08-27T19:43:14.103305+00:00,recon_service_discovery_v1,recon_service_discovery_v1__64a6a94ec148,reconnaissance,T1046,1,1,-0.0,0.7639,0.2535,709.53,551.86,0.3935,9,7,1.6999,4.2668,2.7764,1.0319,5.872,0,0,0,0,0,0,1.1425,78.84,0.0,78.84,7773.92,9443.24,0,0.1756,1.6248,0,0
2026-08-27T19:43:19.103305+00:00,recon_service_discovery_v1,recon_service_discovery_v1__64a6a94ec148,reconnaissance,T1046,2,2,1.0,0.7158,0.2567,684.67,1283.76,0.3161,8,15,2.2779,4.2077,2.2701,0.5859,4.0277,1,0,0,0,0,0,0.5147,85.58,0.34,85.92,7231.59,7787.3,0,0.2013,1.0523,0,0
2026-08-27T19:43:24.103305+00:00,recon_service_discovery_v1,recon_service_discovery_v1__64a6a94ec148,reconnaissance,T1046,4,3,1.5,0.7066,0.2915,2713.46,4145.57,0.3108,36,55,1.9009,2.6373,1.7162,0.5531,3.3756,2,1,0,0,0,0,0.6473,75.37,16.78,97.61,7903.24,7840.84,0,0.2488,0.8518,0,0
2026-08-27T19:43:29.103305+00:00,recon_service_discovery_v1,recon_service_discovery_v1__64a6a94ec148,reconnaissance,T1046,5,5,2.3219,0.6873,0.2949,4101.16,5194.81,0.322,45,57,2.0464,2.5322,2.2282,0.8312,4.7218,2,1,0,0,0,0,0.7815,91.14,22.58,116.74,8466.13,8784.7,0,0.3205,0.432,0,0
2026-08-27T19:43:34.103305+00:00,recon_service_discovery_v1,recon_service_discovery_v1__64a6a94ec148,reconnaissance,T1046,3,2,0.6462,0.717,0.3022,7016.4275,8189.3075,0.3979,21,27,1.137,2.3586,2.2433,0.7441,4.4757,1,1,0,0,0,0,0.6736,175.5525,46.24,255.7675,7622.4975,8385.8075,0,0.1238,1.9844,0,0
2026-08-27T19:43:39.103305+00:00,recon_service_discovery_v1,recon_service_discovery_v1__64a6a94ec148,reconnaissance,T1046,1,1,-0.0,0.6426,0.3289,401.03,458.32,0.3261,7,8,1.0997,3.0287,2.0707,0.7432,4.3002,0,0,0,0,0,0,0.7887,57.29,0.0,57.29,7723.43,8363.58,0,0.135,0.9694,0,0
2026-08-27T19:43:44.103305+00:00,recon_service_discovery_v1,recon_service_discovery_v1__64a6a94ec148,reconnaissance,T1046,3,3,1.3962,0.7429,0.2675,6960.1625,8741.3525,0.3998,20,32,0.8551,2.2454,1.3463,0.308,2.2704,1,1,0,0,0,0,0.4752,182.5125,43.3525,259.84,7813.8075,8415.0425,0,0.1236,1.5727,0,0
2026-08-27T19:43:49.103305+00:00,recon_service_discovery_v1,recon_service_discovery_v1__64a6a94ec148,reconnaissance,T1046,3,3,1.585,0.73,0.2801,3700.95,5046.74,0.2829,33,45,1.7366,3.0842,1.6986,0.3228,2.667,1,0,0,0,0,0,0.7276,112.15,24.25,143.21,7713.58,8284.34,0,0.215,0.61,0,0
2026-08-27T19:43:54.103305+00:00,recon_service_discovery_v1,recon_service_discovery_v1__64a6a94ec148,reconnaissance,T1046,1,1,-0.0,0.7216,0.2485,368.09,578.43,0.3536,7,11,2.5891,5.088,2.1307,0.53,3.7207,0,0,0,0,0,0,0.6344,52.58,0.0,52.58,9723.84,7118.85,0,0.1913,0.9193,0,0
2026-08-27T19:43:59.103305+00:00,recon_service_discovery_v1,recon_service_discovery_v1__64a6a94ec148,reconnaissance,T1046,3,1,-0.0,0.6985,0.3036,2275.09,11206.92,0.4016,27,133,1.8786,5.465,2.1157,0.3404,3.1367,1,0,0,0,0,0,0.2026,84.26,11.56,94.53,9217.39,8758.0,0,0.1253,0.3598,0,0
2026-08-27T19:44:04.103305+00:00,recon_service_discovery_v1,recon_service_discovery_v1__64a6a94ec148,reconnaissance,T1046,3,2,0.9183,0.7506,0.2479,889.32,1556.31,0.3421,12,21,2.5542,5.7066,1.8776,0.2992,2.7753,1,0,0,0,0,0,0.5483,74.11,5.62,81.51,9080.62,8162.47,0,0.1665,0.8087,0,0
2026-08-27T19:44:09.103305+00:00,recon_service_discovery_v1,recon_service_discovery_v1__64a6a94ec148,reconnaissance,T1046,3,3,1.585,0.7152,0.2523,1825.15,4345.6,0.2525,21,50,0.9217,2.1752,1.6194,0.4681,3.0236,1,0,0,0,0,0,0.4133,86.91,13.99,106.63,9794.44,8125.07,0,0.2625,0.0939,0,0
2026-08-27T19:44:14.103305+00:00,recon_service_discovery_v1,recon_service_discovery_v1__64a6a94ec148,reconnaissance,T1046,3,2,0.9183,0.7465,0.2551,1551.46,2172.05,0.3157,15,21,1.0653,2.6149,2.3475,0.5679,4.0513,1,0,0,0,0,0,0.7099,103.43,32.51,126.7,8312.25,7119.86,0,0.2185,0.414,0,0
2026-08-27T19:44:19.103305+00:00,recon_service_discovery_v1,recon_service_discovery_v1__64a6a94ec148,reconnaissance,T1046,2,2,0.6462,0.7477,0.2526,7273.595,8259.11,0.4693,22,25,2.1259,5.4819,1.9055,0.5223,3.4724,0,1,0,0,0,0,0.8174,193.8375,36.9325,264.745,7768.3275,8270.2175,0,0.1531,2.4928,0,0
2026-08-27T19:44:24.103305+00:00,recon_service_discovery_v1,recon_service_discovery_v1__64a6a94ec148,reconnaissance,T1046,2,1,-0.0,0.6724,0.3081,1067.18,3023.69,0.3329,12,34,2.929,6.9415,2.4517,0.4447,3.786,1,0,0,0,0,0,0.3447,88.93,15.81,104.74,9154.43,9072.74,0,0.1366,1.246,0,0
2026-08-27T19:44:29.103305+00:00,recon_service_discovery_v1,recon_service_discovery_v1__64a6a94ec148,reconnaissance,T1046,3,3,1.585,0.6569,0.34,968.59,968.59,0.3171,9,9,1.6122,3.4931,2.3347,0.6964,4.424,1,0,0,0,0,0,0.9717,107.62,53.96,169.04,9568.17,8659.8,0,0.3199,1.5492,0,0
2026-08-27T19:44:34.103305+00:00,recon_service_discovery_v1,recon_service_discovery_v1__64a6a94ec148,reconnaissance,T1046,2,2,0.6462,0.7256,0.2819,6789.215,7958.8325,0.4296,17,23,1.1416,2.4211,1.3633,0.3179,2.3169,0,1,0,0,0,0,0.5686,186.0975,36.9325,257.005,6984.1725,7496.3,0,0.1258,2.041,0,0
2026-08-27T19:44:39.103305+00:00,recon_service_discovery_v1,recon_service_discovery_v1__64a6a94ec148,reconnaissance,T1046,3,3,1.3962,0.7454,0.2379,6734.8325,7850.0675,0.4185,18,24,1.2941,2.8325,1.6663,0.4478,3.0098,1,1,0,0,0,0,0.5907,165.945,46.0975,246.0175,8329.4475,7419.3125,0,0.1502,2.1471,0,0
2026-08-27T19:44:44.103305+00:00,recon_service_discovery_v1,recon_service_discovery_v1__64a6a94ec148,reconnaissance,T1046,3,3,1.585,0.6745,0.3334,990.51,2063.57,0.2295,12,25,1.0704,3.0542,1.7297,0.3411,2.7528,1,0,0,0,0,0,0.4666,82.54,23.64,114.27,7865.35,8963.54,0,0.2564,1.0978,0,0
2026-08-27T19:44:49.103305+00:00,recon_service_discovery_v1,recon_service_discovery_v1__64a6a94ec148,reconnaissance,T1046,1,1,-0.0,0.6806,0.3264,321.48,482.22,0.3227,6,9,2.365,6.2994,1.9759,0.6675,3.9785,0,0,0,0,0,0,0.6265,53.58,0.0,53.58,9717.24,7216.1,0,0.2321,1.1686,0,0
2026-08-27T19:44:54.103305+00:00,recon_service_discovery_v1,recon_service_discovery_v1__64a6a94ec148,reconnaissance,T1046,4,4,1.7712,0.7373,0.2505,8463.8675,11594.885,0.4135,34,60,1.7854,3.964,1.8211,0.4376,3.1339,2,1,0,0,0,0,0.5673,191.2575,54.6475,291.34,7873.62,8598.7775,0,0.2356,2.0316,0,0
2026-08-27T19:44:59.103305+00:00,recon_service_discovery_v1,recon_service_discovery_v1__64a6a94ec148,reconnaissance,T1046,3,3,1.585,0.6967,0.2874,2008.56,6360.43,0.4019,24,76,2.5889,3.8712,1.8201,0.3069,2.7409,1,0,0,0,0,0,0.312,83.69,3.86,87.37,8059.87,8580.72,0,0.2714,0.3332,0,0
2026-08-27T19:45:04.103305+00:00,recon_service_discovery_v1,recon_service_discovery_v1__64a6a94ec148,reconnaissance,T1046,3,3,1.3962,0.7774,0.2426,6765.7625,7834.625,0.4357,16,20,1.363,2.4074,2.2653,0.7762,4.594,1,1,0,0,0,0,0.6341,196.8675,58.33,289.165,7346.5275,8219.0675,0,0.1748,1.507,0,0
2026-08-27T19:45:09.103305+00:00,recon_service_discovery_v1,recon_service_discovery_v1__64a6a94ec148,reconnaissance,T1046,0,0,0.0,0.7278,0.2512,0.0,0.0,0.4199,0,0,2.6803,6.9528,1.9138,0.2866,2.7737,0,0,0,0,0,0,0.3509,70.54,0.0,70.54,7824.7,8243.58,0,0.1959,0.4801,0,0
2026-08-27T19:45:14.103305+00:00,recon_service_discovery_v1,recon_service_discovery_v1__64a6a94ec148,reconnaissance,T1046,3,3,1.585,0.6173,0.4093,1328.46,2087.57,0.3543,21,33,2.7456,4.7858,1.8892,0.6665,3.8886,1,0,0,0,0,0,0.6219,63.26,7.54,73.27,7033.8,7531.56,0,0.2305,1.2071,0,0
2026-08-27T19:45:19.103305+00:00,recon_service_discovery_v1,recon_service_discovery_v1__64a6a94ec148,reconnaissance,T1046,2,2,0.6462,0.7306,0.2694,6456.5675,7293.53,0.4232,14,15,1.944,4.2693,1.3696,0.2131,2.0088,0,1,0,0,0,0,0.6418,171.9675,36.9325,242.875,8987.205,8343.9275,0,0.0988,1.7142,0,0
2026-08-27T19:45:24.103305+00:00,recon_service_discovery_v1,recon_service_discovery_v1__64a6a94ec148,reconnaissance,T1046,2,2,1.0,0.7016,0.2745,1469.59,2204.39,0.2335,16,24,3.7028,8.5515,2.3544,0.4665,3.754,1,0,0,0,0,0,0.645,91.85,25.72,117.57,9017.52,6021.8,0,0.1628,0.4043,0,0
2026-08-27T19:45:29.103305+00:00,recon_service_discovery_v1,recon_service_discovery_v1__64a6a94ec148,reconnaissance,T1046,1,1,-0.0,0.7263,0.2757,322.36,429.82,0.4026,3,4,2.2411,6.575,2.5658,0.8625,5.1534,0,0,0,0,0,0,0.7107,107.45,0.0,107.45,8206.6,7464.91,0,0.1611,1.7926,0,0
2026-08-27T19:45:34.103305+00:00,recon_service_discovery_v1,recon_service_discovery_v1__64a6a94ec148,reconnaissance,T1046,5,3,1.5219,0.6896,0.312,1989.51,7460.68,0.4208,20,75,2.4399,3.7222,1.7496,0.6113,3.5834,3,1,0,0,0,0,0.2659,99.48,27.83,147.95,8033.94,7684.61,0,0.2971,1.1069,0,0
2026-08-27T19:45:39.103305+00:00,recon_service_discovery_v1,recon_service_discovery_v1__64a6a94ec148,reconnaissance,T1046,1,1,-0.0,0.7073,0.3344,413.73,965.38,0.3077,3,7,2.7913,6.0568,2.2476,0.2877,3.1107,0,0,0,0,0,0,0.4137,137.91,0.0,137.91,8628.94,8398.64,0,0.2096,1.4336,0,0
2026-08-27T19:45:44.103305+00:00,recon_service_discovery_v1,recon_service_discovery_v1__64a6a94ec148,reconnaissance,T1046,1,1,-0.0,0.7129,0.2675,93.7,93.7,0.3895,1,1,2.4452,6.2646,1.6603,0.2352,2.3658,0,0,0,0,0,0,0.6093,93.7,0.0,93.7,7430.09,7033.26,0,0.2216,1.0249,0,0
2026-08-27T19:45:49.103305+00:00,recon_service_discovery_v1,recon_service_discovery_v1__64a6a94ec148,reconnaissance,T1046,1,1,-0.0,0.7372,0.2641,185.04,185.04,0.2605,2,2,0.8882,2.0729,1.7809,0.2438,2.5124,0,0,0,0,0,0,0.7616,92.52,0.0,92.52,8082.53,9280.32,0,0.157,1.9033,0,0
2026-08-27T19:45:54.103305+00:00,recon_service_discovery_v1,recon_service_discovery_v1__64a6a94ec148,reconnaissance,T1046,4,2,1.0,0.7282,0.262,1787.71,6554.95,0.3869,24,88,1.4799,4.0412,1.552,0.2907,2.424,2,1,0,0,0,0,0.2704,74.49,17.95,89.1,8186.34,7953.71,0,0.2249,0.7584,0,0
2026-08-27T19:45:59.103305+00:00,recon_service_discovery_v1,recon_service_discovery_v1__64a6a94ec148,reconnaissance,T1046,1,1,-0.0,0.6748,0.3443,218.33,218.33,0.3441,5,5,1.1799,2.9511,1.9349,0.2985,2.8303,0,0,0,0,0,0,0.8541,43.67,0.0,43.67,9255.02,7008.81,0,0.163,0.7797,0,0
2026-08-27T19:46:04.103305+00:00,recon_service_discovery_v1,recon_service_discovery_v1__64a6a94ec148,reconnaissance,T1046,1,1,-0.0,0.6963,0.3067,655.47,873.96,0.3784,6,8,1.8673,4.4023,1.9863,0.3221,2.9525,0,0,0,0,0,0,0.705,109.25,0.0,109.25,8741.47,10233.65,0,0.2058,1.2949,0,0
2026-08-27T19:46:09.103305+00:00,recon_service_discovery_v1,recon_service_discovery_v1__64a6a94ec148,reconnaissance,T1046,3,3,1.585,0.6953,0.3585,3081.59,5135.98,0.3793,24,40,2.6471,3.7568,1.935,0.4976,3.4278,1,0,0,0,0,0,0.5896,128.4,21.79,153.36,4977.95,8247.43,0,0.2354,0.2176,0,0
2026-08-27T19:46:14.103305+00:00,recon_service_discovery_v1,recon_service_discovery_v1__64a6a94ec148,reconnaissance,T1046,4,3,1.5,0.7125,0.3126,4533.79,9788.86,0.2679,44,95,1.3118,1.8136,2.3178,0.3568,3.3881,2,0,0,0,0,0,0.4613,103.04,41.23,166.19,7464.02,8523.44,0,0.3013,0.7872,0,0
2026-08-27T19:46:19.103305+00:00,recon_service_discovery_v1,recon_service_discovery_v1__64a6a94ec148,reconnaissance,T1046,3,3,1.585,0.6699,0.3202,1409.37,6295.2,0.1974,15,67,2.369,3.5363,1.8203,0.3609,2.9032,1,0,0,0,0,0,0.2236,93.96,4.78,100.64,9635.23,8026.14,0,0.2042,2.376,0,0
2026-08-27T19:46:24.103305+00:00,recon_service_discovery_v1,recon_service_discovery_v1__64a6a94ec148,reconnaissance,T1046,1,1,-0.0,0.7126,0.2822,698.2,620.62,0.3741,9,8,2.8741,3.8637,2.8311,0.7601,5.1115,0,0,0,0,0,0,1.0864,77.58,0.0,77.58,8131.28,9927.63,0,0.2012,0.8278,0,0
2026-08-27T19:46:29.103305+00:00,recon_service_discovery_v1,recon_service_discovery_v1__64a6a94ec148,reconnaissance,T1046,2,2,1.0,0.6823,0.3175,1531.3,1914.13,0.3607,12,15,1.3644,3.3431,2.2459,0.7474,4.4883,1,0,0,0,0,0,0.7839,127.61,36.74,164.35,7902.97,8026.88,0,0.2205,0.8762,0,0
2026-08-27T19:46:34.103305+00:00,recon_service_discovery_v1,recon_service_discovery_v1__64a6a94ec148,reconnaissance,T1046,2,2,1.0,0.7045,0.3336,1185.98,1383.64,0.3326,12,14,1.403,3.3192,1.8813,0.5661,3.5795,1,0,0,0,0,0,0.8442,98.83,10.26,109.09,8170.03,8998.69,0,0.2383,0.3517,0,0
2026-08-27T19:46:39.103305+00:00,recon_service_discovery_v1,recon_service_discovery_v1__64a6a94ec148,reconnaissance,T1046,3,2,0.9183,0.7147,0.3219,1031.87,1977.75,0.3697,12,23,2.3365,3.835,1.6641,0.5796,3.4028,1,0,0,0,0,0,0.5196,85.99,25.65,105.95,7917.13,9672.57,0,0.1984,0.7931,0,0
2026-08-27T19:46:44.103305+00:00,recon_service_discovery_v1,recon_service_discovery_v1__64a6a94ec148,reconnaissance,T1046,0,0,0.0,0.696,0.3197,0.0,0.0,0.333,0,0,3.6069,9.1684,3.1989,0.7965,5.5884,0,0,0,0,0,0,0.3072,92.11,0.0,92.11,7478.58,8601.02,0,0.1313,0.5457,0,0
2026-08-27T19:46:49.103305+00:00,recon_service_discovery_v1,recon_service_discovery_v1__64a6a94ec148,reconnaissance,T1046,0,0,0.0,0.6985,0.3091,0.0,0.0,0.3418,0,0,1.2895,2.541,2.2358,0.7563,4.5048,0,0,0,0,0,0,0.5227,174.07,0.0,174.07,6721.42,8108.69,0,0.1409,0.5586,0,0
2026-08-27T19:46:54.103305+00:00,recon_service_discovery_v1,recon_service_discovery_v1__64a6a94ec148,reconnaissance,T1046,5,4,1.9219,0.6893,0.2921,2754.32,6426.75,0.3777,30,70,1.5413,4.4619,2.3021,0.8151,4.7473,2,1,0,1,0,0,0.4236,91.81,17.56,116.85,8193.25,9361.3,0,0.3171,0.5527,0,0
2026-08-27T19:46:59.103305+00:00,recon_service_discovery_v1,recon_service_discovery_v1__64a6a94ec148,reconnaissance,T1046,2,2,0.6462,0.7828,0.2426,6456.5675,7293.53,0.4343,14,15,0.8963,2.1754,1.5168,0.2746,2.3405,0,1,0,0,0,0,0.6617,189.7125,36.9325,260.62,8385.825,8017.8575,0,0.129,2.4445,0,0
2026-08-27T19:47:04.103305+00:00,recon_service_discovery_v1,recon_service_discovery_v1__64a6a94ec148,reconnaissance,T1046,2,2,1.0,0.6727,0.3558,667.3,917.54,0.4018,8,11,2.8559,7.1777,2.8378,0.6156,4.6845,1,0,0,0,0,0,0.6757,83.41,5.78,89.19,7017.85,8789.73,0,0.2163,1.3441,0,0
2026-08-27T19:47:09.103305+00:00,recon_service_discovery_v1,recon_service_discovery_v1__64a6a94ec148,reconnaissance,T1046,0,0,0.0,0.6912,0.3406,0.0,0.0,0.3195,0,0,2.2626,4.3484,1.4658,0.4156,2.7126,0,0,0,0,0,0,0.633,96.56,0.0,96.56,8662.12,8088.82,0,0.1575,0.9609,0,0
2026-08-27T19:47:14.103305+00:00,recon_service_discovery_v1,recon_service_discovery_v1__64a6a94ec148,reconnaissance,T1046,1,1,-0.0,0.7265,0.2775,544.6,1011.39,0.3041,7,13,2.8115,5.3579,1.9847,0.3101,2.9149,0,0,0,0,0,0,0.5349,77.8,0.0,77.8,8634.87,7231.67,0,0.1928,0.8123,0,0
2026-08-27T19:47:19.103305+00:00,recon_service_discovery_v1,recon_service_discovery_v1__64a6a94ec148,reconnaissance,T1046,2,2,1.0,0.6395,0.3319,1073.58,1431.44,0.1987,12,16,1.1349,1.886,1.8798,0.3984,3.0749,1,0,0,0,0,0,0.713,89.46,13.92,103.39,7637.73,8843.22,0,0.1569,0.8607,0,0
2026-08-27T19:47:24.103305+00:00,recon_service_discovery_v1,recon_service_discovery_v1__64a6a94ec148,reconnaissance,T1046,3,3,1.585,0.679,0.3034,1438.11,4713.8,0.3199,18,59,1.0357,1.7899,1.776,0.6419,3.7017,1,0,0,0,0,0,0.3007,79.89,9.66,87.25,7824.19,9212.52,0,0.2149,0.5206,0,0
2026-08-27T19:47:29.103305+00:00,recon_service_discovery_v1,recon_service_discovery_v1__64a6a94ec148,reconnaissance,T1046,4,3,1.5,0.7225,0.2614,2234.24,2792.8,0.4348,28,35,1.7638,4.8578,2.1404,0.5306,3.7321,2,0,0,0,0,0,0.7979,79.79,16.47,98.94,8245.57,7353.9,0,0.2757,0.7476,0,0
2026-08-27T19:47:34.103305+00:00,recon_service_discovery_v1,recon_service_discovery_v1__64a6a94ec148,reconnaissance,T1046,5,4,1.6745,0.7405,0.2878,9089.2175,12257.96,0.338,40,65,1.5247,4.0973,1.5018,0.3298,2.4912,2,2,0,0,0,0,0.6128,194.7825,58.36,296.3275,7234.23,7197.9275,0,0.1855,2.0072,0,0
2026-08-27T19:47:39.103305+00:00,recon_service_discovery_v1,recon_service_discovery_v1__64a6a94ec148,reconnaissance,T1046,0,0,0.0,0.6352,0.3723,0.0,0.0,0.3474,0,0,2.6254,4.3244,2.4969,0.4693,3.9049,0,0,0,0,0,0,0.2533,88.51,0.0,88.51,6877.9,7581.18,0,0.1582,1.0398,0,0
2026-08-27T19:47:44.103305+00:00,recon_service_discovery_v1,recon_service_discovery_v1__64a6a94ec148,reconnaissance,T1046,4,4,2.0,0.7113,0.296,3259.81,3712.56,0.3166,36,41,1.9338,4.3253,1.5716,0.4901,3.0419,2,1,0,0,0,0,0.8732,90.55,25.1,119.5,7844.72,9383.53,0,0.2746,1.5657,0,0
2026-08-27T19:47:49.103305+00:00,recon_service_discovery_v1,recon_service_discovery_v1__64a6a94ec148,reconnaissance,T1046,3,3,1.585,0.7097,0.3165,557.45,743.27,0.357,6,8,2.207,6.0041,2.4084,0.6771,4.4398,1,0,0,0,0,0,0.716,92.91,32.88,137.57,7491.77,8712.0,0,0.2234,0.4855,0,0
2026-08-27T19:47:54.103305+00:00,recon_service_discovery_v1,recon_service_discovery_v1__64a6a94ec148,reconnaissance,T1046,4,4,2.0,0.7218,0.2891,3062.34,5529.23,0.2557,36,65,2.528,4.4629,1.7568,0.5831,3.5061,2,0,0,0,0,0,0.5524,85.07,17.39,115.02,9060.63,9046.71,0,0.3185,1.1117,0,0
2026-08-27T19:47:59.103305+00:00,recon_service_discovery_v1,recon_service_discovery_v1__64a6a94ec148,reconnaissance,T1046,2,2,1.0,0.686,0.3427,361.53,994.2,0.3302,4,11,3.3549,6.3397,2.2811,0.7182,4.4357,1,0,0,0,0,0,0.3556,90.38,16.22,106.6,6627.61,6806.68,0,0.2641,1.4245,0,0
2026-08-27T19:48:04.103305+00:00,recon_service_discovery_v1,recon_service_discovery_v1__64a6a94ec148,reconnaissance,T1046,5,5,2.3219,0.6518,0.3595,890.79,1068.95,0.3319,10,12,0.88,2.13,1.9243,0.5584,3.5996,2,1,0,1,0,0,0.7726,89.08,21.34,121.36,7300.04,9148.57,0,0.3534,0.995,0,0
2026-08-27T19:48:09.103305+00:00,recon_service_discovery_v1,recon_service_discovery_v1__64a6a94ec148,reconnaissance,T1046,3,3,1.585,0.6966,0.3171,1992.85,3210.7,0.4159,18,29,2.7194,4.26,2.0577,0.7044,4.1709,1,0,0,0,0,0,0.601,110.71,13.9,125.56,8487.63,9241.39,0,0.247,1.1075,0,0
2026-08-27T19:48:14.103305+00:00,recon_service_discovery_v1,recon_service_discovery_v1__64a6a94ec148,reconnaissance,T1046,1,1,-0.0,0.6706,0.3228,454.85,985.5,0.3762,6,13,1.2844,2.1063,1.9655,0.7315,4.1599,0,0,0,0,0,0,0.457,75.81,0.0,75.81,7743.38,8220.63,0,0.1737,0.0442,0,0
2026-08-27T19:48:19.103305+00:00,recon_service_discovery_v1,recon_service_discovery_v1__64a6a94ec148,reconnaissance,T1046,0,0,0.0,0.7114,0.3351,0.0,0.0,0.3228,0,0,1.4037,2.6384,2.2166,0.4423,3.5435,0,0,0,0,0,0,0.5415,168.11,0.0,168.11,7776.21,8106.3,0,0.153,1.1412,0,0
2026-08-27T19:48:24.103305+00:00,recon_service_discovery_v1,recon_service_discovery_v1__64a6a94ec148,reconnaissance,T1046,1,1,-0.0,0.6682,0.3066,310.69,621.39,0.3829,5,10,2.1511,4.883,2.3885,0.4578,3.762,0,0,0,0,0,0,0.4748,62.14,0.0,62.14,8380.61,8915.3,0,0.1576,0.267,0,0
2026-08-27T19:48:29.103305+00:00,recon_service_discovery_v1,recon_service_discovery_v1__64a6a94ec148,reconnaissance,T1046,6,5,2.2516,0.6624,0.3672,3770.05,4398.39,0.3628,42,49,0.8264,1.8974,1.6072,0.4791,3.0446,3,1,0,1,0,0,0.8432,89.76,25.6,123.2,7423.17,6690.44,0,0.3498,1.867,0,0
2026-08-27T19:48:34.103305+00:00,recon_service_discovery_v1,recon_service_discovery_v1__64a6a94ec148,reconnaissance,T1046,5,4,1.9219,0.7723,0.2182,1416.97,1794.82,0.3184,15,19,2.0408,4.7911,1.5903,0.2064,2.2094,2,1,0,1,0,0,0.7862,94.46,22.6,114.66,8157.7,7574.25,0,0.3203,0.3389,0,0
2026-08-27T19:48:39.103305+00:00,recon_service_discovery_v1,recon_service_discovery_v1__64a6a94ec148,reconnaissance,T1046,2,2,1.0,0.7234,0.2771,1000.11,1250.14,0.3906,8,10,1.0291,2.674,1.3762,0.3054,2.2924,1,0,0,0,0,0,0.7469,125.01,37.54,162.56,10299.47,8771.23,0,0.3036,1.1488,0,0
2026-08-27T19:48:44.103305+00:00,recon_service_discovery_v1,recon_service_discovery_v1__64a6a94ec148,reconnaissance,T1046,3,3,1.585,0.7036,0.2651,1160.92,1160.92,0.3905,12,12,2.2936,5.8157,1.7415,0.6028,3.5501,1,0,0,0,0,0,0.9645,96.74,16.17,119.57,7754.64,7992.11,0,0.282,0.9105,0,0
2026-08-27T19:48:49.103305+00:00,recon_service_discovery_v1,recon_service_discovery_v1__64a6a94ec148,reconnaissance,T1046,6,4,2.085,0.7526,0.2313,6893.7425,7876.43,0.394,18,21,1.0974,1.6381,1.9139,0.6005,3.7154,2,2,0,1,0,0,0.7467,192.4275,55.315,288.0625,6248.925,8461.37,0,0.1938,1.5366,0,0
2026-08-27T19:48:54.103305+00:00,recon_service_discovery_v1,recon_service_discovery_v1__64a6a94ec148,reconnaissance,T1046,3,3,1.585,0.7102,0.2796,1913.92,6015.18,0.3285,21,66,2.3802,3.7051,1.9415,0.5571,3.6127,1,0,0,0,0,0,0.3154,91.14,24.36,121.98,7725.71,8956.53,0,0.2534,0.565,0,0
2026-08-27T19:48:59.103305+00:00,recon_service_discovery_v1,recon_service_discovery_v1__64a6a94ec148,reconnaissance,T1046,2,2,1.0,0.7524,0.256,1262.46,2419.71,0.3719,12,23,2.3147,5.0367,2.3445,0.5703,4.0554,1,0,0,0,0,0,0.5142,105.2,24.28,129.49,8390.62,8422.19,0,0.2254,1.491,0,0
2026-08-27T19:49:04.103305+00:00,recon_service_discovery_v1,recon_service_discovery_v1__64a6a94ec148,reconnaissance,T1046,4,2,1.0,0.7653,0.2385,2168.47,3794.82,0.3204,28,49,1.634,3.6255,2.2318,0.5718,3.9472,2,1,0,0,0,0,0.5692,77.45,16.48,93.07,7433.14,8669.27,0,0.1704,0.7845,0,0
2026-08-27T19:49:09.103305+00:00,recon_service_discovery_v1,recon_service_discovery_v1__64a6a94ec148,reconnaissance,T1046,1,1,-0.0,0.7431,0.2521,314.89,629.77,0.384,6,12,1.3051,1.8162,2.1956,0.483,3.6445,0,0,0,0,0,0,0.4761,52.48,0.0,52.48,8998.29,6479.66,0,0.1929,1.6506,0,0
2026-08-27T19:49:14.103305+00:00,recon_service_discovery_v1,recon_service_discovery_v1__64a6a94ec148,reconnaissance,T1046,4,4,2.0,0.7339,0.2307,2417.74,3475.5,0.2973,32,46,2.7451,6.3615,1.9229,0.7191,4.0803,2,0,0,0,0,0,0.6867,75.55,25.12,108.01,9447.3,7972.57,0,0.262,0.8431,0,0
2026-08-27T19:49:19.103305+00:00,recon_service_discovery_v1,recon_service_discovery_v1__64a6a94ec148,reconnaissance,T1046,2,2,1.0,0.6719,0.3474,1172.67,1856.73,0.3602,12,19,2.3171,4.4997,1.9226,0.3894,3.0908,1,0,0,0,0,0,0.6247,97.72,0.33,98.05,9032.02,8048.08,0,0.2024,0.8339,0,0
2026-08-27T19:49:24.103305+00:00,recon_service_discovery_v1,recon_service_discovery_v1__64a6a94ec148,reconnaissance,T1046,2,2,1.0,0.7138,0.2789,1216.5,1650.96,0.4179,14,19,1.1782,2.1972,2.2078,0.4402,3.5283,1,0,0,0,0,0,0.7183,86.89,1.3,88.19,6596.73,11103.82,0,0.2557,0.7676,0,0
2026-08-27T19:49:29.103305+00:00,recon_service_discovery_v1,recon_service_discovery_v1__64a6a94ec148,reconnaissance,T1046,6,4,2.085,0.7117,0.3,6805.58,7758.8825,0.3826,18,21,0.9017,1.2271,1.5496,0.4219,2.8155,2,2,0,1,0,0,0.7649,177.735,47.2525,268.7125,8840.1975,7822.895,0,0.2275,2.3008,0,0
2026-08-27T19:49:34.103305+00:00,recon_service_discovery_v1,recon_service_discovery_v1__64a6a94ec148,reconnaissance,T1046,3,3,1.585,0.6767,0.3018,2803.46,3854.76,0.2979,24,33,1.4409,3.8195,2.6494,0.7996,5.0483,1,0,0,0,0,0,0.7224,116.81,19.75,135.92,6834.31,9363.68,0,0.246,0.861,0,0
2026-08-27T19:49:39.103305+00:00,recon_service_discovery_v1,recon_service_discovery_v1__64a6a94ec148,reconnaissance,T1046,2,2,1.0,0.7018,0.3091,1981.46,2575.89,0.4083,20,26,2.9631,8.8244,2.8345,0.4632,4.224,1,0,0,0,0,0,0.7636,99.07,2.17,101.25,7253.43,9546.28,0,0.2274,0.4865,0,0
2026-08-27T19:49:44.103305+00:00,recon_service_discovery_v1,recon_service_discovery_v1__64a6a94ec148,reconnaissance,T1046,6,5,2.2516,0.6814,0.2833,3611.93,10635.13,0.297,36,106,1.0811,3.1052,1.7509,0.5662,3.4496,3,1,0,1,0,0,0.3382,100.33,30.37,140.28,8383.29,8616.17,0,0.3441,1.5435,0,0
2026-08-27T19:49:49.103305+00:00,recon_service_discovery_v1,recon_service_discovery_v1__64a6a94ec148,reconnaissance,T1046,4,4,1.7712,0.7164,0.2778,8514.905,16482.5525,0.3922,34,109,1.5331,3.7849,2.3101,0.4454,3.6463,2,1,0,0,0,0,0.3875,193.08,51.715,275.725,7789.68,9131.465,0,0.2088,1.7994,0,0
2026-08-27T19:49:54.103305+00:00,recon_service_discovery_v1,recon_service_discovery_v1__64a6a94ec148,reconnaissance,T1046,5,3,1.371,0.6937,0.3375,1797.83,4045.11,0.299,20,45,0.8982,2.3916,1.889,0.313,2.828,2,1,0,1,0,0,0.4438,89.89,25.49,126.51,8142.08,9124.06,0,0.2852,0.8049,0,0
2026-08-27T19:49:59.103305+00:00,recon_service_discovery_v1,recon_service_discovery_v1__64a6a94ec148,reconnaissance,T1046,6,5,2.2516,0.6554,0.3954,3452.74,9864.97,0.4619,42,120,1.2404,2.019,2.0881,0.4039,3.2998,3,1,0,1,0,0,0.349,82.21,21.91,115.73,7371.02,7709.5,0,0.3807,0.5471,0,0
2026-08-27T19:50:04.103305+00:00,recon_service_discovery_v1,recon_service_discovery_v1__64a6a94ec148,reconnaissance,T1046,3,3,1.585,0.6969,0.273,372.09,1302.32,0.2159,6,21,2.8624,6.0714,2.2824,0.5162,3.8311,1,0,0,0,0,0,0.2734,62.02,20.41,88.63,8187.64,8331.14,0,0.2828,1.7226,0,0
2026-08-27T19:50:09.103305+00:00,recon_service_discovery_v1,recon_service_discovery_v1__64a6a94ec148,reconnaissance,T1046,3,3,1.3962,0.7335,0.2621,7448.8325,9625.355,0.3211,28,50,1.3366,1.9695,1.5557,0.4975,3.0481,1,1,0,0,0,0,0.5349,169.1775,49.4575,252.61,8699.6475,7843.985,0,0.1382,1.5825,0,0
2026-08-27T19:50:14.103305+00:00,recon_service_discovery_v1,recon_service_discovery_v1__64a6a94ec148,reconnaissance,T1046,3,3,1.585,0.6991,0.2604,1413.6,3534.0,0.3594,18,45,0.9959,1.6985,1.9061,0.6058,3.7234,1,0,0,0,0,0,0.398,78.53,12.36,95.88,7421.78,8060.84,0,0.2686,1.1828,0,0
2026-08-27T19:50:19.103305+00:00,recon_service_discovery_v1,recon_service_discovery_v1__64a6a94ec148,reconnaissance,T1046,2,2,0.6462,0.7324,0.2685,7240.7225,8404.415,0.3388,22,28,1.2594,1.842,1.8581,0.3135,2.7987,0,1,0,0,0,0,0.7436,184.9125,36.9325,255.82,7117.7775,7745.1125,0,0.1276,2.0223,0,0
2026-08-27T19:50:24.103305+00:00,recon_service_discovery_v1,recon_service_discovery_v1__64a6a94ec148,reconnaissance,T1046,1,1,-0.0,0.7153,0.2797,534.02,915.46,0.4494,7,12,2.8582,7.7732,2.4057,0.3886,3.5715,0,0,0,0,0,0,0.5779,76.29,0.0,76.29,8559.84,9039.77,0,0.1473,1.0356,0,0
2026-08-27T19:50:29.103305+00:00,recon_service_discovery_v1,recon_service_discovery_v1__64a6a94ec148,reconnaissance,T1046,0,0,0.0,0.659,0.3631,0.0,0.0,0.2483,0,0,2.9286,4.4609,1.7106,0.3587,2.7865,0,0,0,0,0,0,0.696,68.67,0.0,68.67,6803.92,7608.65,0,0.1583,1.2563,0,0
2026-08-27T19:50:34.103305+00:00,recon_service_discovery_v1,recon_service_discovery_v1__64a6a94ec148,reconnaissance,T1046,4,4,2.0,0.6971,0.3027,1333.11,2666.22,0.2565,16,32,1.7617,4.7586,1.9784,0.4879,3.442,2,0,0,0,0,0,0.4872,83.32,21.95,114.1,9720.79,7275.24,0,0.2849,1.0327,0,0
2026-08-27T19:50:39.103305+00:00,recon_service_discovery_v1,recon_service_discovery_v1__64a6a94ec148,reconnaissance,T1046,2,2,1.0,0.6936,0.248,746.38,1194.2,0.3148,10,16,1.6221,2.8381,1.6546,0.461,3.0377,1,0,0,0,0,0,0.6086,74.64,12.22,86.85,8916.58,8729.34,0,0.1674,1.4443,0,0
2026-08-27T19:50:44.103305+00:00,recon_service_discovery_v1,recon_service_discovery_v1__64a6a94ec148,reconnaissance,T1046,2,2,1.0,0.6674,0.3252,349.89,524.84,0.346,6,9,2.5495,6.6051,2.3591,0.829,4.846,1,0,0,0,0,0,0.6267,58.32,16.73,75.04,8531.76,8163.02,0,0.2555,1.3606,0,0
2026-08-27T19:50:49.103305+00:00,recon_service_discovery_v1,recon_service_discovery_v1__64a6a94ec148,reconnaissance,T1046,2,2,1.0,0.7153,0.2998,394.22,1281.23,0.3058,4,13,3.5732,5.21,3.0422,0.6922,5.1189,1,0,0,0,0,0,0.305,98.56,22.32,120.88,8674.93,8643.99,0,0.1954,0.9433,0,0
2026-08-27T19:50:54.103305+00:00,recon_service_discovery_v1,recon_service_discovery_v1__64a6a94ec148,reconnaissance,T1046,0,0,0.0,0.6758,0.3325,0.0,0.0,0.375,0,0,1.5313,3.4456,2.1817,0.7899,4.5514,0,0,0,0,0,0,0.5522,100.32,0.0,100.32,8713.12,7662.81,0,0.15,0.8982,0,0
2026-08-27T19:50:59.103305+00:00,recon_service_discovery_v1,recon_service_discovery_v1__64a6a94ec148,reconnaissance,T1046,2,2,1.0,0.7074,0.2963,1661.21,3876.15,0.2956,12,28,0.9624,1.4298,2.3547,0.5326,3.9526,1,0,0,0,0,0,0.423,138.43,24.5,162.93,7106.26,7051.29,0,0.2003,1.467,0,0
2026-08-27T19:51:04.103305+00:00,recon_service_discovery_v1,recon_service_discovery_v1__64a6a94ec148,reconnaissance,T1046,4,4,1.835,0.7298,0.2764,7989.2825,18959.1725,0.3992,27,118,1.6473,4.2289,1.7254,0.3549,2.7901,1,1,0,0,0,0,0.3187,204.7125,54.295,295.9825,7891.1775,8775.38,0,0.2187,2.04,0,0
2026-08-27T19:51:09.103305+00:00,recon_service_discovery_v1,recon_service_discovery_v1__64a6a94ec148,reconnaissance,T1046,3,3,1.585,0.6842,0.2814,1035.2,1639.06,0.3972,12,19,2.3985,4.7905,2.2237,0.6531,4.1831,1,0,0,0,0,0,0.6053,86.27,30.63,125.92,7260.47,7111.37,0,0.2222,1.2081,0,0
2026-08-27T19:51:14.103305+00:00,recon_service_discovery_v1,recon_service_discovery_v1__64a6a94ec148,reconnaissance,T1046,2,2,1.0,0.6868,0.3046,757.9,2349.49,0.3359,10,31,1.6431,2.0483,2.0308,0.2801,2.8709,1,0,0,0,0,0,0.3174,75.79,1.12,76.91,7094.95,8581.95,0,0.2587,1.0915,0,0
2026-08-27T19:51:19.103305+00:00,recon_service_discovery_v1,recon_service_discovery_v1__64a6a94ec148,reconnaissance,T1046,1,1,-0.0,0.7195,0.3084,607.11,910.67,0.275,6,9,2.5679,6.617,1.9525,0.3999,3.1521,0,0,0,0,0,0,0.6547,101.19,0.0,101.19,8551.33,7389.52,0,0.1349,1.8301,0,0
2026-08-27T19:51:24.103305+00:00,recon_service_discovery_v1,recon_service_discovery_v1__64a6a94ec148,reconnaissance,T1046,2,2,1.0,0.6666,0.3355,673.31,1009.96,0.3419,8,12,1.0804,2.9234,2.3743,0.2993,3.2723,1,0,0,0,0,0,0.659,84.16,13.0,97.17,7601.78,7338.83,0,0.1822,0.0,0,0
2026-08-27T19:51:29.103305+00:00,recon_service_discovery_v1,recon_service_discovery_v1__64a6a94ec148,reconnaissance,T1046,2,2,0.6462,0.733,0.2651,6869.075,9631.07,0.4007,18,41,1.2004,3.0407,1.9874,0.5948,3.7719,0,1,0,0,0,0,0.352,188.3175,36.9325,259.225,7573.905,8212.3925,0,0.1357,1.6703,0,0
2026-08-27T19:51:34.103305+00:00,recon_service_discovery_v1,recon_service_discovery_v1__64a6a94ec148,reconnaissance,T1046,5,3,1.5219,0.6907,0.3207,5091.6,16802.27,0.2937,60,198,2.0805,5.453,1.5423,0.5149,3.087,3,1,0,1,0,0,0.3028,84.86,19.64,105.34,9472.42,7946.86,0,0.2873,1.2247,0,0
2026-08-27T19:51:39.103305+00:00,recon_service_discovery_v1,recon_service_discovery_v1__64a6a94ec148,reconnaissance,T1046,1,1,-0.0,0.6882,0.2845,389.53,454.46,0.3999,6,7,1.9305,5.7032,1.9468,0.3347,2.9509,0,0,0,0,0,0,0.7912,64.92,0.0,64.92,6930.68,7267.0,0,0.1697,0.8482,0,0
2026-08-27T19:51:44.103305+00:00,recon_service_discovery_v1,recon_service_discovery_v1__64a6a94ec148,reconnaissance,T1046,4,4,1.835,0.7473,0.272,6787.4225,7955.2475,0.3247,18,24,1.3913,2.9127,1.2253,0.2865,2.0848,1,1,0,0,0,0,0.5915,174.705,47.365,260.2675,8016.6075,6548.825,0,0.2086,1.4714,0,0
2026-08-27T19:51:49.103305+00:00,recon_service_discovery_v1,recon_service_discovery_v1__64a6a94ec148,reconnaissance,T1046,1,1,-0.0,0.6975,0.3233,273.0,409.5,0.4376,2,3,2.8503,7.8424,1.9195,0.6026,3.7275,0,0,0,0,0,0,0.6258,136.5,0.0,136.5,7332.16,9174.18,0,0.205,0.8616,0,0
2026-08-27T19:51:54.103305+00:00,recon_service_discovery_v1,recon_service_discovery_v1__64a6a94ec148,reconnaissance,T1046,0,0,0.0,0.7156,0.24,0.0,0.0,0.4626,0,0,2.4581,4.7164,2.0672,0.7096,4.1959,0,0,0,0,0,0,0.7191,102.55,0.0,102.55,7812.95,7386.68,0,0.185,0.3885,0,0
2026-08-27T19:51:59.103305+00:00,recon_service_discovery_v1,recon_service_discovery_v1__64a6a94ec148,reconnaissance,T1046,2,2,0.6462,0.7177,0.2794,6621.32,8007.455,0.3724,16,25,2.5802,6.6822,2.4499,0.815,4.8948,0,1,0,0,0,0,0.3825,174.48,36.9325,245.3875,9396.5625,8779.1225,0,0.1078,1.565,0,0
2026-08-27T19:52:04.103305+00:00,recon_service_discovery_v1,recon_service_discovery_v1__64a6a94ec148,reconnaissance,T1046,2,2,1.0,0.7456,0.2296,1528.58,2183.68,0.4101,14,20,3.2369,8.0201,3.0103,0.6685,5.0159,1,0,0,0,0,0,0.6787,109.18,21.63,130.81,8499.96,7032.62,0,0.178,0.0312,0,0
2026-08-27T19:52:09.103305+00:00,recon_service_discovery_v1,recon_service_discovery_v1__64a6a94ec148,reconnaissance,T1046,3,3,1.585,0.6569,0.3344,1162.79,2196.38,0.336,9,17,3.3567,6.6601,2.8231,0.4292,4.1108,1,0,0,0,0,0,0.517,129.2,68.33,218.04,8075.24,9237.0,0,0.2899,0.7709,0,0
2026-08-27T19:52:14.103305+00:00,recon_service_discovery_v1,recon_service_discovery_v1__64a6a94ec148,reconnaissance,T1046,2,2,1.0,0.6641,0.3202,1182.27,1477.83,0.3928,16,20,1.7271,2.7435,2.1999,0.5169,3.7506,1,0,0,0,0,0,0.7838,73.89,11.02,84.91,8186.61,8721.05,0,0.2289,1.2173,0,0
2026-08-27T19:52:19.103305+00:00,recon_service_discovery_v1,recon_service_discovery_v1__64a6a94ec148,reconnaissance,T1046,4,3,1.5,0.7112,0.2984,474.89,1365.32,0.3248,8,23,2.059,4.3323,1.9885,0.6981,4.0829,2,1,0,0,0,0,0.3357,59.36,9.77,72.42,7355.09,8645.1,0,0.2652,0.7314,0,0
2026-08-27T19:52:24.103305+00:00,recon_service_discovery_v1,recon_service_discovery_v1__64a6a94ec148,reconnaissance,T1046,2,2,1.0,0.7326,0.2865,1074.06,2237.63,0.3151,12,25,3.0114,4.7757,2.2063,0.8172,4.6579,1,0,0,0,0,0,0.4751,89.51,15.42,104.92,8987.84,8608.26,0,0.2047,0.7123,0,0
2026-08-27T19:52:29.103305+00:00,recon_service_discovery_v1,recon_service_discovery_v1__64a6a94ec148,reconnaissance,T1046,4,3,1.5,0.6703,0.3519,953.44,1350.71,0.443,12,17,1.7664,2.7214,2.0038,0.3302,2.9944,2,0,0,0,0,0,0.6912,79.45,14.91,100.69,9198.22,8558.24,0,0.2747,1.0484,0,0
2026-08-27T19:52:34.103305+00:00,recon_service_discovery_v1,recon_service_discovery_v1__64a6a94ec148,reconnaissance,T1046,4,4,2.0,0.7514,0.2382,2652.75,2735.65,0.4302,32,33,1.9398,2.9629,1.6284,0.2739,2.45,2,1,0,0,0,0,0.9474,82.9,8.71,92.34,6399.32,8693.86,0,0.3057,1.41,0,0
2026-08-27T19:52:39.103305+00:00,recon_service_discovery_v1,recon_service_discovery_v1__64a6a94ec148,reconnaissance,T1046,2,2,1.0,0.7097,0.2885,1023.06,1607.67,0.3463,14,22,2.6548,3.2606,1.8813,0.4042,3.0939,1,0,0,0,0,0,0.63,73.08,4.48,77.56,7846.22,7390.97,0,0.2144,0.9469,0,0
2026-08-27T19:52:44.103305+00:00,recon_service_discovery_v1,recon_service_discovery_v1__64a6a94ec148,reconnaissance,T1046,4,4,1.835,0.7196,0.2905,7849.37,8892.6725,0.3795,34,38,1.9601,4.1333,1.5014,0.2505,2.2528,1,1,0,0,0,0,0.8618,171.15,38.1625,243.025,8797.62,9143.165,0,0.1984,2.2134,0,0
2026-08-27T19:52:49.103305+00:00,recon_service_discovery_v1,recon_service_discovery_v1__64a6a94ec148,reconnaissance,T1046,0,0,0.0,0.6746,0.3491,0.0,0.0,0.3521,0,0,1.4229,3.7385,1.801,0.4944,3.2842,0,0,0,0,0,0,1.0016,104.72,0.0,104.72,9061.44,9888.99,0,0.1663,0.1599,0,0
2026-08-27T19:52:54.103305+00:00,recon_service_discovery_v1,recon_service_discovery_v1__64a6a94ec148,reconnaissance,T1046,1,1,-0.0,0.6836,0.3187,827.32,1034.15,0.2996,8,10,3.3027,5.3737,1.9826,0.6071,3.804,0,0,0,0,0,0,0.7791,103.42,0.0,103.42,7620.39,8583.25,0,0.1847,1.2502,0,0
2026-08-27T19:52:59.103305+00:00,recon_service_discovery_v1,recon_service_discovery_v1__64a6a94ec148,reconnaissance,T1046,4,4,2.0,0.7146,0.3038,2169.2,4415.86,0.3131,28,57,2.0877,4.0659,1.8765,0.2522,2.6331,2,1,0,0,0,0,0.4858,77.47,14.12,101.35,8779.5,8834.43,0,0.299,1.1266,0,0
2026-08-27T19:53:04.103305+00:00,recon_service_discovery_v1,recon_service_discovery_v1__64a6a94ec148,reconnaissance,T1046,3,3,1.3962,0.7346,0.2922,7654.0625,8918.6975,0.4112,24,30,1.8487,3.0113,1.5648,0.3661,2.6631,1,1,0,0,0,0,0.7712,205.1025,50.2075,289.285,7996.0875,7281.2225,0,0.1637,1.9033,0,0
2026-08-27T19:53:09.103305+00:00,recon_service_discovery_v1,recon_service_discovery_v1__64a6a94ec148,reconnaissance,T1046,3,2,0.6462,0.7071,0.3119,8345.885,9182.8475,0.4123,33,35,1.4104,3.0599,2.4351,0.3931,3.6146,1,1,0,0,0,0,0.9588,192.2325,59.665,285.865,7467.72,9149.3675,0,0.1306,2.3601,0,0
2026-08-27T19:53:14.103305+00:00,recon_service_discovery_v1,recon_service_discovery_v1__64a6a94ec148,reconnaissance,T1046,6,6,2.585,0.7347,0.2665,2656.49,2745.04,0.3847,30,31,1.0268,2.2757,1.4825,0.5329,3.0811,3,1,0,1,0,0,0.954,88.55,13.13,107.84,7917.29,7122.33,0,0.3679,1.0346,0,0
2026-08-27T19:53:19.103305+00:00,recon_service_discovery_v1,recon_service_discovery_v1__64a6a94ec148,reconnaissance,T1046,4,4,1.835,0.7359,0.2496,7408.4825,8925.3875,0.4078,29,42,1.4499,2.6207,1.871,0.5511,3.5244,1,1,0,0,0,0,0.6578,164.895,45.745,247.24,8540.0625,9906.6575,0,0.1856,2.1719,0,0
2026-08-27T19:53:24.103305+00:00,recon_service_discovery_v1,recon_service_discovery_v1__64a6a94ec148,reconnaissance,T1046,4,4,2.0,0.7253,0.2564,1725.47,2049.0,0.3551,16,19,1.9132,3.1263,1.4235,0.4807,2.8655,2,0,0,0,0,0,0.8261,107.84,37.89,160.38,7274.97,6649.24,0,0.225,1.2507,0,0
2026-08-27T19:53:29.103305+00:00,recon_service_discovery_v1,recon_service_discovery_v1__64a6a94ec148,reconnaissance,T1046,4,4,2.0,0.7369,0.2346,1689.24,2594.19,0.3983,28,43,2.2313,3.6106,1.7546,0.437,3.0656,2,0,0,0,0,0,0.6431,60.33,9.07,71.8,9835.23,7606.5,0,0.3399,0.5435,0,0
2026-08-27T19:53:34.103305+00:00,recon_service_discovery_v1,recon_service_discovery_v1__64a6a94ec148,reconnaissance,T1046,1,1,-0.0,0.7267,0.2769,915.2,915.2,0.3328,16,16,1.2017,1.8967,2.2432,0.6569,4.2139,0,0,0,0,0,0,0.9625,57.2,0.0,57.2,6416.94,7872.93,0,0.1664,1.3134,0,0
2026-08-27T19:53:39.103305+00:00,recon_service_discovery_v1,recon_service_discovery_v1__64a6a94ec148,reconnaissance,T1046,0,0,0.0,0.6661,0.3468,0.0,0.0,0.4114,0,0,2.3449,5.1018,2.192,0.7679,4.4958,0,0,0,0,0,0,0.4265,90.68,0.0,90.68,10531.07,10007.96,0,0.1683,1.1131,0,0
2026-08-27T19:53:44.103305+00:00,recon_service_discovery_v1,recon_service_discovery_v1__64a6a94ec148,reconnaissance,T1046,2,2,1.0,0.7181,0.2709,1775.58,2790.2,0.3325,14,22,1.9751,3.7184,2.1977,0.6274,4.08,1,0,0,0,0,0,0.6343,126.83,1.15,127.98,10049.8,10155.53,0,0.2159,0.8373,0,0
2026-08-27T19:53:49.103305+00:00,recon_service_discovery_v1,recon_service_discovery_v1__64a6a94ec148,reconnaissance,T1046,2,2,1.0,0.7171,0.2835,539.06,673.82,0.3153,8,10,2.1218,3.3083,2.1471,0.32,3.107,1,0,0,0,0,0,0.7838,67.38,5.39,72.77,6971.73,5562.46,0,0.2382,0.8218,0,0
2026-08-27T19:53:54.103305+00:00,recon_service_discovery_v1,recon_service_discovery_v1__64a6a94ec148,reconnaissance,T1046,2,2,1.0,0.7294,0.2612,1371.57,2263.09,0.3666,20,33,1.4337,2.2567,2.2488,0.6254,4.125,1,0,0,0,0,0,0.5973,68.58,11.4,79.98,7556.87,7546.1,0,0.2163,1.5482,0,0
2026-08-27T19:53:59.103305+00:00,recon_service_discovery_v1,recon_service_discovery_v1__64a6a94ec148,reconnaissance,T1046,4,4,2.0,0.6973,0.2765,2233.26,5742.68,0.3862,28,72,1.5717,2.6906,1.7175,0.6305,3.6091,2,1,0,0,0,0,0.3844,79.76,9.12,89.96,8983.11,8443.83,0,0.3545,0.5725,0,0
2026-08-27T19:54:04.103305+00:00,recon_service_discovery_v1,recon_service_discovery_v1__64a6a94ec148,reconnaissance,T1046,2,1,-0.0,0.7498,0.2241,207.84,311.76,0.3153,2,3,1.7451,4.5381,1.758,0.4413,3.0818,1,0,0,0,0,0,0.5943,103.92,15.55,119.47,7083.57,7287.97,0,0.1897,1.1509,0,0
2026-08-27T19:54:09.103305+00:00,recon_service_discovery_v1,recon_service_discovery_v1__64a6a94ec148,reconnaissance,T1046,4,4,2.0,0.6641,0.3257,2658.56,0.0,0.3069,32,0,3.871,4.6721,2.7883,0.4221,4.0546,2,0,0,0,0,0,0.0,83.08,31.37,115.71,8905.56,8307.81,0,0.3004,0.9001,0,0
2026-08-27T19:54:14.103305+00:00,recon_service_discovery_v1,recon_service_discovery_v1__64a6a94ec148,reconnaissance,T1046,6,5,2.2516,0.7466,0.2534,988.27,1729.48,0.3735,12,21,1.6457,2.7685,2.2113,0.4739,3.6329,3,1,0,1,0,0,0.5504,82.36,20.8,120.31,7127.46,8132.28,0,0.2691,0.3393,0,0
2026-08-27T19:54:19.103305+00:00,recon_service_discovery_v1,recon_service_discovery_v1__64a6a94ec148,reconnaissance,T1046,1,1,-0.0,0.6721,0.3464,514.79,588.33,0.318,7,8,1.145,1.6854,1.9821,0.4372,3.2939,0,0,0,0,0,0,0.8484,73.54,0.0,73.54,8593.23,8960.73,0,0.1691,0.4594,0,0
2026-08-27T19:54:24.103305+00:00,recon_service_discovery_v1,recon_service_discovery_v1__64a6a94ec148,reconnaissance,T1046,3,2,0.9183,0.6794,0.2969,1344.96,1537.1,0.3154,21,24,2.0896,3.0078,2.0544,0.3233,3.0242,1,0,0,0,0,0,0.8591,64.05,14.32,80.85,7361.33,9875.22,0,0.2713,1.6147,0,0
2026-08-27T19:54:29.103305+00:00,recon_service_discovery_v1,recon_service_discovery_v1__64a6a94ec148,reconnaissance,T1046,1,1,-0.0,0.7488,0.2752,998.77,2663.38,0.4179,6,16,3.0499,8.4586,2.2039,0.6917,4.279,0,0,0,0,0,0,0.3693,166.46,0.0,166.46,7844.02,9585.87,0,0.1703,1.7162,0,0
2026-08-27T19:54:34.103305+00:00,recon_service_discovery_v1,recon_service_discovery_v1__64a6a94ec148,reconnaissance,T1046,5,4,1.9219,0.6812,0.3216,2744.39,3403.05,0.3639,25,31,2.1794,2.9966,1.4583,0.3818,2.6036,3,1,0,1,0,0,0.7857,109.78,23.12,140.46,8482.2,8902.51,0,0.2767,0.4306,0,0
2026-08-27T19:54:39.103305+00:00,recon_service_discovery_v1,recon_service_discovery_v1__64a6a94ec148,reconnaissance,T1046,2,2,1.0,0.693,0.319,1393.34,3018.91,0.33,12,26,2.0861,3.0652,1.5844,0.4323,2.8813,1,0,0,0,0,0,0.4607,116.11,24.95,141.06,7556.92,8303.92,0,0.2555,1.3647,0,0
2026-08-27T19:54:44.103305+00:00,recon_service_discovery_v1,recon_service_discovery_v1__64a6a94ec148,reconnaissance,T1046,1,1,-0.0,0.6462,0.3861,831.0,1142.63,0.3191,8,11,1.4972,3.4226,2.176,0.6195,4.0345,0,0,0,0,0,0,0.704,103.88,0.0,103.88,8814.99,7650.8,0,0.1852,1.0877,0,0
2026-08-27T19:54:49.103305+00:00,recon_service_discovery_v1,recon_service_discovery_v1__64a6a94ec148,reconnaissance,T1046,3,2,0.9183,0.6618,0.3469,2765.28,6083.61,0.3201,30,66,1.4262,2.0187,1.2225,0.4066,2.4424,1,0,0,0,0,0,0.454,92.18,15.45,109.81,5872.48,9086.85,0,0.225,0.6761,0,0
2026-08-27T19:54:54.103305+00:00,recon_service_discovery_v1,recon_service_discovery_v1__64a6a94ec148,reconnaissance,T1046,5,4,1.9219,0.6859,0.2848,2614.93,3225.08,0.4193,30,37,1.9804,5.8722,1.8296,0.3715,2.9441,2,1,0,0,0,0,0.7946,87.16,27.62,134.82,6938.42,8127.83,0,0.2703,1.4348,0,0
2026-08-27T19:54:59.103305+00:00,recon_service_discovery_v1,recon_service_discovery_v1__64a6a94ec148,reconnaissance,T1046,2,2,1.0,0.7209,0.3272,1768.55,4200.3,0.356,16,38,2.9979,5.1837,2.4984,0.5057,4.0156,1,0,0,0,0,0,0.414,110.53,47.67,158.2,10144.59,9435.52,0,0.2322,0.7553,0,0
2026-08-27T19:55:04.103305+00:00,recon_service_discovery_v1,recon_service_discovery_v1__64a6a94ec148,reconnaissance,T1046,4,4,1.835,0.753,0.2513,7846.385,10470.2675,0.3522,29,51,1.1595,1.512,1.5142,0.4941,2.9965,1,1,0,0,0,0,0.544,185.745,49.27,273.19,8314.6125,8893.565,0,0.2063,1.2221,0,0
2026-08-27T19:55:09.103305+00:00,recon_service_discovery_v1,recon_service_discovery_v1__64a6a94ec148,reconnaissance,T1046,6,6,2.585,0.7065,0.3025,2518.8,5289.48,0.3933,30,63,2.1636,4.6946,1.996,0.4314,3.2902,3,1,0,1,0,0,0.4736,83.96,25.48,123.2,8702.25,9360.81,0,0.3511,1.2064,0,0
2026-08-27T19:55:14.103305+00:00,recon_service_discovery_v1,recon_service_discovery_v1__64a6a94ec148,reconnaissance,T1046,1,1,-0.0,0.6993,0.3216,329.57,329.57,0.425,4,4,1.4205,2.792,2.2925,0.6192,4.1502,0,0,0,0,0,0,0.8425,82.39,0.0,82.39,6471.68,9501.4,0,0.1632,1.6064,0,0
2026-08-27T19:55:19.103305+00:00,recon_service_discovery_v1,recon_service_discovery_v1__64a6a94ec148,reconnaissance,T1046,3,2,0.9183,0.7326,0.2681,1377.35,2525.15,0.4572,18,33,2.5934,5.1146,1.8463,0.5826,3.5941,1,0,0,0,0,0,0.5366,76.52,10.57,88.55,9562.25,7922.5,0,0.1929,0.7945,0,0
2026-08-27T19:55:24.103305+00:00,recon_service_discovery_v1,recon_service_discovery_v1__64a6a94ec148,reconnaissance,T1046,4,2,0.8113,0.6487,0.3344,762.0,1397.0,0.4342,12,22,1.8005,4.6412,2.3309,0.8499,4.8804,2,0,0,0,0,0,0.5326,63.5,16.21,86.36,6428.9,7742.15,0,0.2332,0.1424,0,0
2026-08-27T19:55:29.103305+00:00,recon_service_discovery_v1,recon_service_discovery_v1__64a6a94ec148,reconnaissance,T1046,4,4,2.0,0.7601,0.2308,1900.62,3801.24,0.3961,24,48,1.7516,2.6847,2.1853,0.4642,3.578,2,0,0,0,0,0,0.4907,79.19,10.96,97.0,7788.53,8720.48,0,0.2777,0.5321,0,0
2026-08-27T19:55:34.103305+00:00,recon_service_discovery_v1,recon_service_discovery_v1__64a6a94ec148,reconnaissance,T1046,1,1,-0.0,0.6369,0.3673,841.25,6489.64,0.3801,7,54,1.3017,2.9947,2.0478,0.6431,3.9772,0,0,0,0,0,0,0.1275,120.18,0.0,120.18,8066.22,8501.51,0,0.2101,1.7346,0,0
2026-08-27T19:55:39.103305+00:00,recon_service_discovery_v1,recon_service_discovery_v1__64a6a94ec148,reconnaissance,T1046,0,0,0.0,0.6851,0.3473,0.0,0.0,0.3561,0,0,2.4124,3.2486,2.719,0.7085,4.8445,0,0,0,0,0,0,0.8226,70.88,0.0,70.88,7732.14,8413.44,0,0.1674,0.5353,0,0
2026-08-27T19:55:44.103305+00:00,recon_service_discovery_v1,recon_service_discovery_v1__64a6a94ec148,reconnaissance,T1046,1,1,-0.0,0.654,0.3316,256.91,462.44,0.269,5,9,1.5228,4.1318,2.1927,0.769,4.4998,0,0,0,0,0,0,0.503,51.38,0.0,51.38,7867.18,8052.14,0,0.1688,1.1221,0,0
2026-08-27T19:55:49.103305+00:00,recon_service_discovery_v1,recon_service_discovery_v1__64a6a94ec148,reconnaissance,T1046,5,5,2.3219,0.7623,0.2501,1764.16,2293.41,0.4005,20,26,1.9822,2.9954,1.9294,0.6321,3.8257,3,1,0,1,0,0,0.7562,88.21,37.17,145.38,6541.4,9904.51,0,0.2732,0.7075,0,0
2026-08-27T19:55:54.103305+00:00,recon_service_discovery_v1,recon_service_discovery_v1__64a6a94ec148,reconnaissance,T1046,4,4,2.1463,0.7081,0.3001,8918.5625,14132.405,0.3632,40,90,1.9246,4.2066,1.8155,0.4066,3.0352,2,2,0,0,0,0,0.4905,187.95,62.905,288.55,7297.95,8688.9275,0,0.2024,2.1052,0,0
2026-08-27T19:55:59.103305+00:00,recon_service_discovery_v1,recon_service_discovery_v1__64a6a94ec148,reconnaissance,T1046,1,1,-0.0,0.7261,0.2923,290.79,484.65,0.3742,3,5,1.1804,2.5925,1.84,0.4973,3.3319,0,0,0,0,0,0,0.5119,96.93,0.0,96.93,8065.01,7982.13,0,0.175,0.8885,0,0
2026-08-27T19:56:04.103305+00:00,recon_service_discovery_v1,recon_service_discovery_v1__64a6a94ec148,reconnaissance,T1046,0,0,0.0,0.6914,0.3256,0.0,0.0,0.273,0,0,2.2103,3.345,2.0569,0.4879,3.5206,0,0,0,0,0,0,0.4392,77.73,0.0,77.73,7798.31,10575.84,0,0.1323,1.6193,0,0
2026-08-27T19:56:09.103305+00:00,recon_service_discovery_v1,recon_service_discovery_v1__64a6a94ec148,reconnaissance,T1046,2,2,1.0,0.746,0.2743,882.53,2096.01,0.358,8,19,1.3265,3.5431,1.6451,0.3013,2.5489,1,0,0,0,0,0,0.4075,110.32,39.03,149.35,7275.09,10087.78,0,0.2201,0.5102,0,0
2026-08-27T19:56:14.103305+00:00,recon_service_discovery_v1,recon_service_discovery_v1__64a6a94ec148,reconnaissance,T1046,1,1,-0.0,0.6832,0.3453,916.12,1488.7,0.3576,8,13,1.266,3.3852,2.164,0.7946,4.5478,0,0,0,0,0,0,0.6051,114.52,0.0,114.52,8280.84,9283.09,0,0.1594,0.5059,0,0
2026-08-27T19:56:19.103305+00:00,recon_service_discovery_v1,recon_service_discovery_v1__64a6a94ec148,reconnaissance,T1046,3,3,1.3962,0.7649,0.2288,6741.275,8361.185,0.4362,16,26,1.4023,2.433,1.4626,0.4634,2.8529,1,1,0,0,0,0,0.4162,190.74,44.875,269.5975,7514.01,8100.5525,0,0.1891,1.67,0,0
2026-08-27T19:56:24.103305+00:00,recon_service_discovery_v1,recon_service_discovery_v1__64a6a94ec148,reconnaissance,T1046,1,1,-0.0,0.7115,0.2673,721.21,801.34,0.3662,9,10,1.4948,2.7062,2.0385,0.7562,4.307,0,0,0,0,0,0,0.8262,80.13,0.0,80.13,5917.36,8486.72,0,0.1606,1.0877,0,0
2026-08-27T19:56:29.103305+00:00,recon_service_discovery_v1,recon_service_discovery_v1__64a6a94ec148,reconnaissance,T1046,4,3,1.5,0.6759,0.3204,930.65,1938.85,0.419,12,25,1.3541,1.7309,1.9694,0.5498,3.6188,2,1,0,0,0,0,0.48,77.55,19.36,108.79,7461.36,8411.99,0,0.2589,1.0925,0,0
2026-08-27T19:56:34.103305+00:00,recon_service_discovery_v1,recon_service_discovery_v1__64a6a94ec148,reconnaissance,T1046,6,5,2.335,0.746,0.2403,7266.9125,8644.1,0.3666,22,30,1.6804,3.6681,1.6306,0.279,2.4676,2,2,0,1,0,0,0.6696,187.095,55.9225,290.7475,7267.035,8538.845,0,0.2339,2.5681,0,0
2026-08-27T19:56:39.103305+00:00,recon_service_discovery_v1,recon_service_discovery_v1__64a6a94ec148,reconnaissance,T1046,2,2,1.0,0.6881,0.3307,555.67,764.04,0.3581,8,11,1.5367,3.0684,2.2062,0.6932,4.2856,1,0,0,0,0,0,0.6709,69.46,2.82,72.28,8628.02,7011.8,0,0.222,1.7626,0,0
2026-08-27T19:56:44.103305+00:00,recon_service_discovery_v1,recon_service_discovery_v1__64a6a94ec148,reconnaissance,T1046,3,1,-0.0,0.7425,0.2243,743.54,867.46,0.3132,6,7,1.4589,3.24,1.5969,0.4951,3.0822,1,0,0,0,0,0,0.8461,123.92,57.59,203.31,7127.61,7654.24,0,0.1514,1.2609,0,0
2026-08-27T19:56:49.103305+00:00,recon_service_discovery_v1,recon_service_discovery_v1__64a6a94ec148,reconnaissance,T1046,1,1,-0.0,0.7266,0.2921,122.36,122.36,0.3732,2,2,2.8452,7.8707,1.8813,0.6175,3.7339,0,0,0,0,0,0,0.7018,61.18,0.0,61.18,7348.54,8361.07,0,0.1435,1.0238,0,0
2026-08-27T19:56:54.103305+00:00,recon_service_discovery_v1,recon_service_discovery_v1__64a6a94ec148,reconnaissance,T1046,3,3,1.585,0.678,0.3049,1609.24,2896.63,0.324,15,27,1.534,3.6117,2.5291,0.7408,4.7516,1,0,0,0,0,0,0.5441,107.28,35.32,157.23,8293.68,8818.23,0,0.2787,1.0061,0,0
2026-08-27T19:56:59.103305+00:00,recon_service_discovery_v1,recon_service_discovery_v1__64a6a94ec148,reconnaissance,T1046,5,5,2.3219,0.7137,0.28,3364.07,4171.45,0.2483,50,62,1.521,4.5545,2.0562,0.7033,4.1661,3,1,0,1,0,0,0.8005,67.28,22.06,99.58,7578.07,9241.37,0,0.311,0.1978,0,0
2026-08-27T19:57:04.103305+00:00,recon_service_discovery_v1,recon_service_discovery_v1__64a6a94ec148,reconnaissance,T1046,5,4,1.9219,0.6638,0.298,814.26,1221.4,0.4253,10,15,0.9019,1.6431,1.3597,0.3031,2.269,3,1,0,0,0,0,0.644,81.43,21.6,122.11,6449.3,9313.57,0,0.2938,1.5839,0,0
2026-08-27T19:57:09.103305+00:00,recon_service_discovery_v1,recon_service_discovery_v1__64a6a94ec148,reconnaissance,T1046,2,2,1.0,0.636,0.3284,1935.82,3979.18,0.359,18,37,1.8677,3.5078,1.7221,0.5022,3.2287,1,0,0,0,0,0,0.4844,107.55,44.7,152.25,8146.48,7480.13,0,0.2596,0.7767,0,0
2026-08-27T19:57:14.103305+00:00,recon_service_discovery_v1,recon_service_discovery_v1__64a6a94ec148,reconnaissance,T1046,4,4,2.0,0.7268,0.2854,2504.01,6260.03,0.4548,24,60,1.8198,3.4901,1.9198,0.5422,3.5463,2,1,0,0,0,0,0.3948,104.33,53.79,196.09,9181.71,10672.68,0,0.2855,1.3895,0,0
2026-08-27T19:57:19.103305+00:00,recon_service_discovery_v1,recon_service_discovery_v1__64a6a94ec148,reconnaissance,T1046,2,2,0.6462,0.7189,0.2926,6456.5675,7293.53,0.4277,14,15,2.2152,4.517,1.834,0.6159,3.6817,0,1,0,0,0,0,0.7011,172.7775,36.9325,243.685,7633.4025,8455.595,0,0.1532,2.0972,0,0
2026-08-27T19:57:24.103305+00:00,recon_service_discovery_v1,recon_service_discovery_v1__64a6a94ec148,reconnaissance,T1046,3,3,1.585,0.7199,0.2985,2245.58,4574.34,0.3106,27,55,1.7803,5.306,2.407,0.4069,3.6276,1,0,0,0,0,0,0.4827,83.17,22.45,101.94,7527.83,6480.22,0,0.2497,0.5716,0,0
2026-08-27T19:57:29.103305+00:00,recon_service_discovery_v1,recon_service_discovery_v1__64a6a94ec148,reconnaissance,T1046,3,2,0.9183,0.6645,0.3022,2721.17,4333.71,0.3791,27,43,1.5579,2.328,1.9657,0.7297,4.1549,1,0,0,0,0,0,0.6194,100.78,27.62,139.14,8527.27,8117.39,0,0.2315,1.5616,0,0
2026-08-27T19:57:34.103305+00:00,recon_service_discovery_v1,recon_service_discovery_v1__64a6a94ec148,reconnaissance,T1046,3,3,1.585,0.6616,0.3494,938.46,938.46,0.3485,12,12,1.4733,1.8472,2.5759,0.676,4.6039,1,0,0,0,0,0,0.9598,78.21,10.12,91.82,7323.42,8999.26,0,0.2576,0.4761,0,0
2026-08-27T19:57:39.103305+00:00,recon_service_discovery_v1,recon_service_discovery_v1__64a6a94ec148,reconnaissance,T1046,1,1,-0.0,0.7049,0.2973,419.29,559.06,0.3794,6,8,1.6074,3.3942,1.8279,0.2894,2.696,0,0,0,0,0,0,0.7319,69.88,0.0,69.88,9883.16,7924.39,0,0.2091,1.1213,0,0
2026-08-27T19:57:44.103305+00:00,recon_service_discovery_v1,recon_service_discovery_v1__64a6a94ec148,reconnaissance,T1046,1,1,-0.0,0.6827,0.3107,325.89,325.89,0.3178,4,4,2.9708,4.2155,2.1227,0.6299,4.0125,0,0,0,0,0,0,0.8813,81.47,0.0,81.47,9413.53,8731.01,0,0.1574,0.8439,0,0
2026-08-27T19:57:49.103305+00:00,recon_service_discovery_v1,recon_service_discovery_v1__64a6a94ec148,reconnaissance,T1046,1,1,-0.0,0.7072,0.2752,1099.8,1649.71,0.3744,8,12,2.3857,6.9893,2.1218,0.4952,3.6074,0,0,0,0,0,0,0.6666,137.48,0.0,137.48,9860.98,7534.74,0,0.2292,0.4837,0,0
2026-08-27T19:57:54.103305+00:00,recon_service_discovery_v1,recon_service_discovery_v1__64a6a94ec148,reconnaissance,T1046,1,1,-0.0,0.66,0.3381,280.69,421.04,0.3357,2,3,2.6303,4.4967,2.2178,0.4692,3.6254,0,0,0,0,0,0,0.5695,140.35,0.0,140.35,6982.74,9149.82,0,0.2106,1.752,0,0
2026-08-27T19:57:59.103305+00:00,recon_service_discovery_v1,recon_service_discovery_v1__64a6a94ec148,reconnaissance,T1046,3,2,0.9183,0.6956,0.2955,1607.38,2768.26,0.3152,18,31,1.3589,3.1726,2.2198,0.4337,3.521,1,0,0,0,0,0,0.5651,89.3,4.15,93.09,8648.87,8419.15,0,0.1992,1.2956,0,0
2026-08-27T19:58:04.103305+00:00,recon_service_discovery_v1,recon_service_discovery_v1__64a6a94ec148,reconnaissance,T1046,3,3,1.585,0.7164,0.2714,1494.01,2703.44,0.3741,21,38,1.5933,3.5435,2.7315,0.9526,5.5893,1,0,0,0,0,0,0.544,71.14,19.88,99.26,8128.02,8608.56,0,0.2691,0.7407,0,0
2026-08-27T19:58:09.103305+00:00,recon_service_discovery_v1,recon_service_discovery_v1__64a6a94ec148,reconnaissance,T1046,2,2,1.0,0.6681,0.3143,1672.18,8026.46,0.4092,20,96,2.9442,8.3484,2.5856,0.5026,4.0935,1,0,0,0,0,0,0.2069,83.61,11.13,94.74,9493.55,7996.34,0,0.2639,0.9596,0,0
2026-08-27T19:58:14.103305+00:00,recon_service_discovery_v1,recon_service_discovery_v1__64a6a94ec148,reconnaissance,T1046,4,4,2.0,0.7459,0.2715,1618.46,2832.31,0.4306,20,35,2.0444,3.0282,1.8537,0.6037,3.6647,2,0,0,0,0,0,0.5596,80.92,25.38,122.65,7658.88,7286.4,0,0.3372,1.8485,0,0
2026-08-27T19:58:19.103305+00:00,recon_service_discovery_v1,recon_service_discovery_v1__64a6a94ec148,reconnaissance,T1046,4,4,2.0,0.671,0.3272,820.88,2667.85,0.3379,8,26,1.3486,2.9847,1.4335,0.5042,2.9461,2,0,0,0,0,0,0.3011,102.61,28.34,133.2,8954.36,8197.4,0,0.2853,0.0,0,0
2026-08-27T19:58:24.103305+00:00,recon_service_discovery_v1,recon_service_discovery_v1__64a6a94ec148,reconnaissance,T1046,4,3,1.5,0.7079,0.2967,1024.01,2880.02,0.3617,16,45,2.376,6.7676,2.518,0.4,3.718,2,1,0,0,0,0,0.3536,64.0,9.5,76.76,5961.26,6651.47,0,0.308,1.2401,0,0
2026-08-27T19:58:29.103305+00:00,recon_service_discovery_v1,recon_service_discovery_v1__64a6a94ec148,reconnaissance,T1046,3,2,0.9183,0.7249,0.2711,286.34,381.79,0.341,3,4,3.3542,9.0162,2.6339,0.3617,3.7191,1,0,0,0,0,0,0.6026,95.45,32.67,128.26,8021.26,8927.57,0,0.2439,0.8068,0,0
2026-08-27T19:58:34.103305+00:00,recon_service_discovery_v1,recon_service_discovery_v1__64a6a94ec148,reconnaissance,T1046,3,3,1.585,0.7277,0.2556,1533.67,1533.67,0.1855,15,15,2.3184,6.3178,1.4591,0.3248,2.4334,1,0,0,0,0,0,0.9727,102.24,34.53,133.64,8237.58,8446.28,0,0.2744,1.3949,0,0
2026-08-27T19:58:39.103305+00:00,recon_service_discovery_v1,recon_service_discovery_v1__64a6a94ec148,reconnaissance,T1046,4,4,1.835,0.7277,0.2977,8554.8575,15861.5375,0.3618,40,126,0.9496,1.39,1.7636,0.5855,3.5199,1,1,0,0,0,0,0.4042,177.8475,43.5175,254.6725,8207.55,8766.8375,0,0.2132,2.3812,0,0
2026-08-27T19:58:44.103305+00:00,recon_service_discovery_v1,recon_service_discovery_v1__64a6a94ec148,reconnaissance,T1046,2,2,1.0,0.6483,0.3931,1048.36,2533.55,0.3782,12,29,2.6317,3.385,2.2037,0.6559,4.1715,1,0,0,0,0,0,0.4062,87.36,10.99,98.36,9568.54,9402.74,0,0.2521,0.7779,0,0
2026-08-27T19:58:49.103305+00:00,recon_service_discovery_v1,recon_service_discovery_v1__64a6a94ec148,reconnaissance,T1046,3,3,1.585,0.7207,0.285,682.39,1364.78,0.4307,6,12,1.3664,2.2842,1.3126,0.4331,2.6119,1,0,0,0,0,0,0.467,113.73,30.72,156.35,6035.88,7878.23,0,0.2231,0.1972,0,0
2026-08-27T19:58:54.103305+00:00,recon_service_discovery_v1,recon_service_discovery_v1__64a6a94ec148,reconnaissance,T1046,2,2,1.0,0.662,0.314,1376.91,3442.29,0.3369,12,30,2.0709,4.5332,1.7026,0.4993,3.2005,1,0,0,0,0,0,0.3891,114.74,6.15,120.89,9824.74,9222.85,0,0.1958,1.0611,0,0
2026-08-27T19:58:59.103305+00:00,recon_service_discovery_v1,recon_service_discovery_v1__64a6a94ec148,reconnaissance,T1046,7,6,2.5216,0.6543,0.3176,4958.47,6463.73,0.3761,56,73,2.4806,7.4208,1.6077,0.2208,2.2701,4,1,0,1,0,0,0.7669,88.54,31.15,150.66,8028.92,9186.54,0,0.3885,1.1381,0,0
2026-08-27T19:59:04.103305+00:00,recon_service_discovery_v1,recon_service_discovery_v1__64a6a94ec148,reconnaissance,T1046,3,3,1.585,0.643,0.3707,2156.23,3144.51,0.3706,24,35,1.2418,3.133,1.4608,0.5181,3.0152,1,0,0,0,0,0,0.6788,89.84,23.02,122.24,7751.82,9840.75,0,0.2708,0.0728,0,0
2026-08-27T19:59:09.103305+00:00,recon_service_discovery_v1,recon_service_discovery_v1__64a6a94ec148,reconnaissance,T1046,6,5,2.2516,0.7148,0.287,3869.26,6663.73,0.3207,36,62,2.9419,5.1243,2.2902,0.5982,4.0848,3,1,0,1,0,0,0.5725,107.48,64.93,247.04,7853.31,8648.02,0,0.394,0.3,0,0
2026-08-27T19:59:14.103305+00:00,recon_service_discovery_v1,recon_service_discovery_v1__64a6a94ec148,reconnaissance,T1046,2,2,0.6462,0.7346,0.2778,6456.5675,7293.53,0.3397,14,15,1.4009,2.3988,1.2629,0.3701,2.3734,0,1,0,0,0,0,0.5917,168.4875,36.9325,239.395,7283.8875,8205.11,0,0.0883,1.8053,0,0
2026-08-27T19:59:19.103305+00:00,recon_service_discovery_v1,recon_service_discovery_v1__64a6a94ec148,reconnaissance,T1046,1,1,-0.0,0.6208,0.3636,887.11,1034.96,0.3421,6,7,2.37,4.8195,1.9947,0.3011,2.8978,0,0,0,0,0,0,0.7569,147.85,0.0,147.85,7540.64,8340.43,0,0.1327,0.721,0,0
2026-08-27T19:59:24.103305+00:00,recon_service_discovery_v1,recon_service_discovery_v1__64a6a94ec148,reconnaissance,T1046,1,1,-0.0,0.6466,0.3615,711.68,2033.38,0.3386,7,20,1.5106,3.2208,1.8856,0.6752,3.9111,0,0,0,0,0,0,0.3481,101.67,0.0,101.67,7839.84,7841.62,0,0.1941,1.6875,0,0
2026-08-27T19:59:29.103305+00:00,recon_service_discovery_v1,recon_service_discovery_v1__64a6a94ec148,reconnaissance,T1046,3,2,0.9183,0.6762,0.3444,1869.84,2368.47,0.3523,15,19,1.9115,2.4922,2.9079,0.4287,4.1941,1,0,0,0,0,0,0.7514,124.66,62.92,213.64,6931.55,8050.3,0,0.1619,1.8116,0,0
2026-08-27T19:59:34.103305+00:00,recon_service_discovery_v1,recon_service_discovery_v1__64a6a94ec148,reconnaissance,T1046,2,2,1.0,0.6961,0.3496,823.25,1317.21,0.3685,10,16,2.182,5.3861,1.7223,0.5484,3.3676,1,0,0,0,0,0,0.5939,82.33,11.56,93.88,10344.25,7548.2,0,0.2007,1.9131,0,0
2026-08-27T19:59:39.103305+00:00,recon_service_discovery_v1,recon_service_discovery_v1__64a6a94ec148,reconnaissance,T1046,4,4,1.835,0.7591,0.2671,7179.2675,8558.255,0.3739,22,31,1.3985,2.6347,1.6117,0.5509,3.2645,1,1,0,0,0,0,0.6335,179.79,49.5025,268.3675,7378.9575,6987.74,0,0.2023,1.5148,0,0
2026-08-27T19:59:44.103305+00:00,recon_service_discovery_v1,recon_service_discovery_v1__64a6a94ec148,reconnaissance,T1046,2,2,1.0,0.7209,0.2599,639.11,1065.19,0.3039,6,10,1.373,2.2968,1.5982,0.2565,2.3677,1,0,0,0,0,0,0.5631,106.52,2.02,108.54,7361.67,6622.52,0,0.2141,1.4526,0,0
2026-08-27T19:59:49.103305+00:00,recon_service_discovery_v1,recon_service_discovery_v1__64a6a94ec148,reconnaissance,T1046,2,2,0.6462,0.7349,0.2779,6797.585,7719.8,0.3619,20,23,3.0651,8.2339,2.1869,0.3656,3.2836,0,1,0,0,0,0,0.8043,162.195,36.9325,233.1025,7704.855,7064.855,0,0.1405,1.7825,0,0
2026-08-27T19:59:54.103305+00:00,recon_service_discovery_v1,recon_service_discovery_v1__64a6a94ec148,reconnaissance,T1046,0,0,0.0,0.7172,0.239,0.0,0.0,0.3446,0,0,2.4448,5.2554,1.9858,0.6873,4.0478,0,0,0,0,0,0,0.7563,89.67,0.0,89.67,8531.08,6289.85,0,0.0841,0.8552,0,0
2026-08-27T19:59:59.103305+00:00,recon_service_discovery_v1,recon_service_discovery_v1__64a6a94ec148,reconnaissance,T1046,1,1,-0.0,0.6803,0.3252,463.92,618.56,0.4376,6,8,2.4274,3.7206,2.5203,0.8819,5.166,0,0,0,0,0,0,0.7315,77.32,0.0,77.32,8167.32,6449.97,0,0.1479,0.5532,0,0
2026-08-27T20:00:04.103305+00:00,recon_service_discovery_v1,recon_service_discovery_v1__64a6a94ec148,reconnaissance,T1046,3,3,1.585,0.6565,0.3453,1151.43,2782.63,0.2566,12,29,2.4516,7.2381,2.3375,0.5662,4.0359,1,0,0,0,0,0,0.4129,95.95,9.22,108.82,9408.84,9742.92,0,0.2461,1.1734,0,0
2026-08-27T20:00:09.103305+00:00,recon_service_discovery_v1,recon_service_discovery_v1__64a6a94ec148,reconnaissance,T1046,3,3,1.585,0.7217,0.275,1761.59,2348.79,0.2765,18,24,2.4527,3.924,2.0914,0.7059,4.2092,1,0,0,0,0,0,0.7426,97.87,43.9,158.35,8972.23,7702.68,0,0.1878,1.5341,0,0
2026-08-27T20:00:14.103305+00:00,recon_service_discovery_v1,recon_service_discovery_v1__64a6a94ec148,reconnaissance,T1046,2,2,1.0,0.6924,0.3189,1014.16,1376.35,0.3485,14,19,1.7513,5.1042,2.2172,0.4186,3.4729,1,0,0,0,0,0,0.7168,72.44,29.99,102.43,8034.22,8277.62,0,0.2188,0.8599,0,0
2026-08-27T20:00:19.103305+00:00,recon_service_discovery_v1,recon_service_discovery_v1__64a6a94ec148,reconnaissance,T1046,2,2,1.0,0.664,0.3503,588.77,1103.95,0.367,8,15,1.1212,3.3092,1.6619,0.5694,3.3702,1,0,0,0,0,0,0.5161,73.6,23.74,97.34,6934.12,8498.76,0,0.1821,1.5084,0,0
2026-08-27T20:00:24.103305+00:00,recon_service_discovery_v1,recon_service_discovery_v1__64a6a94ec148,reconnaissance,T1046,3,3,1.585,0.6803,0.2554,1849.9,2589.85,0.3359,15,21,2.628,5.0992,1.3749,0.4794,2.8131,1,0,0,0,0,0,0.699,123.33,25.2,158.46,9455.17,6148.33,0,0.3045,0.7499,0,0
2026-08-27T20:00:29.103305+00:00,recon_service_discovery_v1,recon_service_discovery_v1__64a6a94ec148,reconnaissance,T1046,0,0,0.0,0.7119,0.2987,0.0,0.0,0.3439,0,0,2.8587,7.2713,2.1668,0.308,3.0909,0,0,0,0,0,0,0.7943,62.19,0.0,62.19,9701.91,6979.07,0,0.1599,1.1169,0,0
2026-08-27T20:00:34.103305+00:00,recon_service_discovery_v1,recon_service_discovery_v1__64a6a94ec148,reconnaissance,T1046,4,4,2.0,0.6636,0.3364,2282.72,3424.09,0.4374,32,48,2.2736,3.6019,1.4051,0.4858,2.8625,2,0,0,0,0,0,0.6624,71.34,6.15,76.79,8721.98,8699.52,0,0.2709,0.6937,0,0
2026-08-27T20:00:39.103305+00:00,recon_service_discovery_v1,recon_service_discovery_v1__64a6a94ec148,reconnaissance,T1046,3,3,1.585,0.6754,0.3283,2426.53,3842.0,0.3342,24,38,2.2584,4.757,2.1721,0.6817,4.2173,1,0,0,0,0,0,0.6284,101.11,26.26,128.48,7903.57,8390.12,0,0.2445,1.86,0,0
2026-08-27T20:00:44.103305+00:00,recon_service_discovery_v1,recon_service_discovery_v1__64a6a94ec148,reconnaissance,T1046,4,4,2.0,0.6939,0.2639,624.92,937.37,0.2703,8,12,3.275,6.9581,2.321,0.6373,4.233,2,1,0,0,0,0,0.665,78.11,18.22,108.17,8362.23,6649.9,0,0.3355,1.0882,0,0
2026-08-27T20:00:49.103305+00:00,recon_service_discovery_v1,recon_service_discovery_v1__64a6a94ec148,reconnaissance,T1046,1,1,-0.0,0.6562,0.3579,305.2,244.16,0.3195,5,4,2.1085,4.082,1.5746,0.2594,2.3528,0,0,0,0,0,0,1.1029,61.04,0.0,61.04,8394.71,7353.72,0,0.1735,0.987,0,0
2026-08-27T20:00:54.103305+00:00,recon_service_discovery_v1,recon_service_discovery_v1__64a6a94ec148,reconnaissance,T1046,3,3,1.585,0.693,0.2918,3565.24,4861.69,0.339,33,45,1.3515,3.1297,1.8886,0.4864,3.3478,1,0,0,0,0,0,0.7268,108.04,22.41,126.78,8423.32,9155.63,0,0.2284,0.5717,0,0
2026-08-27T20:00:59.103305+00:00,recon_service_discovery_v1,recon_service_discovery_v1__64a6a94ec148,reconnaissance,T1046,1,1,-0.0,0.6691,0.3492,81.16,81.16,0.4512,2,2,1.4565,2.0632,1.4613,0.3447,2.4955,0,0,0,0,0,0,0.9678,40.58,0.0,40.58,9207.29,7821.78,0,0.2225,0.6502,0,0
2026-08-27T20:01:04.103305+00:00,recon_service_discovery_v1,recon_service_discovery_v1__64a6a94ec148,reconnaissance,T1046,1,1,-0.0,0.6931,0.3198,404.55,485.46,0.3241,5,6,1.4025,2.8855,1.5825,0.4735,3.0029,0,0,0,0,0,0,0.823,80.91,0.0,80.91,8380.54,10019.87,0,0.1751,1.6357,0,0
2026-08-27T20:01:09.103305+00:00,recon_service_discovery_v1,recon_service_discovery_v1__64a6a94ec148,reconnaissance,T1046,2,2,1.0,0.7206,0.2904,832.44,1248.66,0.2731,8,12,1.7819,2.5747,1.6219,0.4474,2.9641,1,0,0,0,0,0,0.6409,104.06,62.1,166.16,8677.44,7283.96,0,0.2184,1.2773,0,0
2026-08-27T20:01:14.103305+00:00,recon_service_discovery_v1,recon_service_discovery_v1__64a6a94ec148,reconnaissance,T1046,2,2,1.0,0.6917,0.3196,242.65,727.95,0.3937,2,6,2.3698,5.2492,2.4659,0.6663,4.4648,1,0,0,0,0,0,0.3328,121.33,33.17,154.49,7008.43,7326.45,0,0.2317,1.5538,0,0
2026-08-27T20:01:19.103305+00:00,recon_service_discovery_v1,recon_service_discovery_v1__64a6a94ec148,reconnaissance,T1046,5,3,1.5219,0.6864,0.3234,3836.02,5466.32,0.3227,40,57,2.3808,6.0253,1.933,0.4388,3.2493,2,1,0,1,0,0,0.6909,95.9,19.63,124.19,8042.43,7272.35,0,0.2078,1.7781,0,0
2026-08-27T20:01:24.103305+00:00,recon_service_discovery_v1,recon_service_discovery_v1__64a6a94ec148,reconnaissance,T1046,3,3,1.585,0.7149,0.2527,1239.37,18885.69,0.3101,21,320,1.5883,2.5598,2.202,0.452,3.558,1,0,0,0,0,0,0.0654,59.02,10.4,70.03,8844.83,9637.25,0,0.2367,0.7034,0,0
2026-08-27T20:01:29.103305+00:00,recon_service_discovery_v1,recon_service_discovery_v1__64a6a94ec148,reconnaissance,T1046,0,0,0.0,0.6769,0.3119,0.0,0.0,0.3465,0,0,1.835,3.5644,2.276,0.4971,3.7674,0,0,0,0,0,0,0.8215,94.32,0.0,94.32,8037.26,9494.07,0,0.1349,1.0784,0,0
2026-08-27T20:01:34.103305+00:00,recon_service_discovery_v1,recon_service_discovery_v1__64a6a94ec148,reconnaissance,T1046,3,3,1.585,0.6884,0.2921,884.17,1866.59,0.3874,9,19,1.9968,3.2899,2.0796,0.4531,3.4388,1,0,0,0,0,0,0.4549,98.24,32.53,125.4,8014.28,9145.88,0,0.2705,0.6155,0,0
2026-08-27T20:01:39.103305+00:00,recon_service_discovery_v1,recon_service_discovery_v1__64a6a94ec148,reconnaissance,T1046,1,1,-0.0,0.6785,0.3261,382.9,765.81,0.353,5,10,1.9396,2.9289,1.3217,0.4231,2.591,0,0,0,0,0,0,0.4894,76.58,0.0,76.58,9554.88,7652.87,0,0.2112,0.3209,0,0
2026-08-27T20:01:44.103305+00:00,recon_service_discovery_v1,recon_service_discovery_v1__64a6a94ec148,reconnaissance,T1046,2,2,0.6462,0.7316,0.2939,7214.4725,8051.435,0.3783,19,20,2.0831,3.9558,2.1439,0.4742,3.5662,0,1,0,0,0,0,0.931,227.835,36.9325,298.7425,8828.295,8615.72,0,0.1297,1.7971,0,0
2026-08-27T20:01:49.103305+00:00,recon_service_discovery_v1,recon_service_discovery_v1__64a6a94ec148,reconnaissance,T1046,2,2,1.0,0.7245,0.2691,516.94,1486.19,0.378,8,23,2.4873,4.0077,2.0741,0.5529,3.7329,1,0,0,0,0,0,0.3388,64.62,15.17,79.78,8942.32,5894.84,0,0.2126,1.5631,0,0
2026-08-27T20:01:54.103305+00:00,recon_service_discovery_v1,recon_service_discovery_v1__64a6a94ec148,reconnaissance,T1046,3,2,0.9183,0.7345,0.2785,938.7,1799.17,0.3414,12,23,1.9822,2.9005,1.6366,0.2253,2.3125,1,0,0,0,0,0,0.5099,78.22,29.29,117.97,8411.8,7506.43,0,0.2599,2.0493,0,0
2026-08-27T20:01:59.103305+00:00,recon_service_discovery_v1,recon_service_discovery_v1__64a6a94ec148,reconnaissance,T1046,2,2,1.0,0.7931,0.2054,454.27,681.4,0.3008,6,9,2.2228,3.3808,1.8425,0.2847,2.6967,1,0,0,0,0,0,0.6395,75.71,18.34,94.05,7102.73,7381.85,0,0.109,0.6627,0,0
2026-08-27T20:02:04.103305+00:00,recon_service_discovery_v1,recon_service_discovery_v1__64a6a94ec148,reconnaissance,T1046,5,2,0.971,0.6932,0.3056,1380.78,3682.09,0.3299,15,40,2.3748,6.1182,1.7203,0.4551,3.0857,3,1,0,0,0,0,0.3714,92.05,25.47,123.22,8878.94,10851.63,0,0.2562,0.4104,0,0
2026-08-27T20:02:09.103305+00:00,recon_service_discovery_v1,recon_service_discovery_v1__64a6a94ec148,reconnaissance,T1046,4,3,1.335,0.7204,0.2973,7934.6825,10434.5225,0.4418,32,54,0.9338,1.4559,1.3978,0.4627,2.7858,1,1,0,0,0,0,0.5686,181.155,62.02,287.4475,8931.495,8326.655,0,0.1706,1.7317,0,0
2026-08-27T20:02:14.103305+00:00,recon_service_discovery_v1,recon_service_discovery_v1__64a6a94ec148,reconnaissance,T1046,2,2,1.0,0.7084,0.3061,2042.79,3234.42,0.3812,12,19,1.02,2.7345,1.7844,0.654,3.7464,1,0,0,0,0,0,0.6294,170.23,56.98,227.21,7509.13,6834.02,0,0.2325,1.3658,0,0
2026-08-27T20:02:19.103305+00:00,recon_service_discovery_v1,recon_service_discovery_v1__64a6a94ec148,reconnaissance,T1046,2,2,1.0,0.7047,0.3167,1082.6,1515.64,0.32,10,14,1.7973,3.7262,1.7239,0.5934,3.5043,1,0,0,0,0,0,0.6974,108.26,28.79,137.05,8778.91,8242.51,0,0.2735,2.1421,0,0
2026-08-27T20:02:24.103305+00:00,recon_service_discovery_v1,recon_service_discovery_v1__64a6a94ec148,reconnaissance,T1046,4,3,1.5,0.7219,0.2865,2893.67,2686.98,0.2887,28,26,1.857,3.6387,1.4017,0.4486,2.7475,2,1,0,0,0,0,1.0489,103.35,33.73,145.56,5621.79,8300.37,0,0.2559,1.6886,0,0
2026-08-27T20:02:29.103305+00:00,recon_service_discovery_v1,recon_service_discovery_v1__64a6a94ec148,reconnaissance,T1046,2,2,1.0,0.6912,0.2903,1405.52,1827.17,0.3639,10,13,2.6891,3.619,1.7839,0.5077,3.307,1,0,0,0,0,0,0.7453,140.55,5.73,146.28,8367.68,8596.84,0,0.1875,1.0428,0,0
2026-08-27T20:02:34.103305+00:00,recon_service_discovery_v1,recon_service_discovery_v1__64a6a94ec148,reconnaissance,T1046,2,2,1.0,0.7292,0.2764,1418.91,4385.73,0.4152,22,68,2.3404,5.3698,1.6169,0.4472,2.9587,1,0,0,0,0,0,0.3208,64.5,11.87,76.37,9701.08,7146.1,0,0.1897,0.516,0,0
2026-08-27T20:02:39.103305+00:00,recon_service_discovery_v1,recon_service_discovery_v1__64a6a94ec148,reconnaissance,T1046,2,2,0.6462,0.7099,0.2988,6944.1875,8268.7625,0.4856,19,26,0.9418,1.3166,1.3757,0.4457,2.7128,0,1,0,0,0,0,0.5869,189.225,36.9325,260.1325,7947.9075,7396.7225,0,0.1601,2.0222,0,0
2026-08-27T20:02:44.103305+00:00,recon_service_discovery_v1,recon_service_discovery_v1__64a6a94ec148,reconnaissance,T1046,1,1,-0.0,0.6813,0.3295,802.95,936.78,0.2913,6,7,1.9408,5.5932,1.4214,0.3637,2.5124,0,0,0,0,0,0,0.8558,133.83,0.0,133.83,7222.34,8860.08,0,0.2144,0.6218,0,0
2026-08-27T20:02:49.103305+00:00,recon_service_discovery_v1,recon_service_discovery_v1__64a6a94ec148,reconnaissance,T1046,1,1,-0.0,0.669,0.2954,1355.48,1897.67,0.4386,10,14,2.5672,6.0476,2.5354,0.8049,4.95,0,0,0,0,0,0,0.6708,135.55,0.0,135.55,7349.63,9151.27,0,0.2175,1.4874,0,0
2026-08-27T20:02:54.103305+00:00,recon_service_discovery_v1,recon_service_discovery_v1__64a6a94ec148,reconnaissance,T1046,1,1,-0.0,0.6899,0.3394,922.54,1537.56,0.3391,9,15,3.0342,8.6719,2.619,0.4942,4.1015,0,0,0,0,0,0,0.5798,102.5,0.0,102.5,8987.29,8270.6,0,0.1739,0.7721,0,0
2026-08-27T20:02:59.103305+00:00,recon_service_discovery_v1,recon_service_discovery_v1__64a6a94ec148,reconnaissance,T1046,6,4,1.9183,0.7105,0.29,2886.71,7794.11,0.375,30,81,1.0713,2.5942,1.7936,0.4954,3.2797,3,1,0,1,0,0,0.3697,96.22,46.71,193.76,9269.65,8995.87,0,0.3123,1.6024,0,0
2026-08-27T20:03:04.103305+00:00,recon_service_discovery_v1,recon_service_discovery_v1__64a6a94ec148,reconnaissance,T1046,2,2,1.0,0.6968,0.2645,867.43,1561.37,0.3544,10,18,1.3282,3.3696,1.5408,0.2332,2.2405,1,0,0,0,0,0,0.5427,86.74,47.48,134.22,9361.38,7070.75,0,0.1958,0.7593,0,0
2026-08-27T20:03:09.103305+00:00,recon_service_discovery_v1,recon_service_discovery_v1__64a6a94ec148,reconnaissance,T1046,1,1,-0.0,0.6067,0.3945,465.66,620.88,0.4352,6,8,1.3004,2.5357,2.1155,0.7183,4.2704,0,0,0,0,0,0,0.684,77.61,0.0,77.61,5716.06,8035.59,0,0.1966,0.2337,0,0
2026-08-27T20:03:14.103305+00:00,recon_service_discovery_v1,recon_service_discovery_v1__64a6a94ec148,reconnaissance,T1046,3,3,1.585,0.6476,0.3377,1229.17,3113.9,0.3393,15,38,1.0997,1.4509,1.8009,0.5563,3.4698,1,0,0,0,0,0,0.394,81.94,39.13,133.67,8644.1,10430.99,0,0.2755,1.4001,0,0
2026-08-27T20:03:19.103305+00:00,recon_service_discovery_v1,recon_service_discovery_v1__64a6a94ec148,reconnaissance,T1046,4,4,2.0,0.6865,0.3092,2873.32,8859.4,0.3085,24,74,1.7556,4.1997,2.0196,0.2667,2.8199,2,1,0,0,0,0,0.3214,119.72,16.65,146.83,8012.03,8794.94,0,0.2711,0.3806,0,0
2026-08-27T20:03:24.103305+00:00,recon_service_discovery_v1,recon_service_discovery_v1__64a6a94ec148,reconnaissance,T1046,3,3,1.585,0.6485,0.3675,1878.64,3578.36,0.2943,21,40,1.2695,3.3334,1.7676,0.2327,2.4659,1,0,0,0,0,0,0.5202,89.46,22.83,121.31,8699.78,7635.21,0,0.198,2.1634,0,0
2026-08-27T20:03:29.103305+00:00,recon_service_discovery_v1,recon_service_discovery_v1__64a6a94ec148,reconnaissance,T1046,1,1,-0.0,0.6952,0.2925,847.97,1978.59,0.3616,6,14,2.4203,3.2459,1.9751,0.52,3.5352,0,0,0,0,0,0,0.4006,141.33,0.0,141.33,7222.49,7116.27,0,0.1574,0.7921,0,0
2026-08-27T20:03:34.103305+00:00,recon_service_discovery_v1,recon_service_discovery_v1__64a6a94ec148,reconnaissance,T1046,2,2,1.0,0.6812,0.2959,729.49,1033.44,0.3057,12,17,1.2355,2.3759,2.1365,0.3,3.0365,1,0,0,0,0,0,0.6888,60.79,7.58,68.37,9295.9,8777.75,0,0.1836,0.5994,0,0
2026-08-27T20:03:39.103305+00:00,recon_service_discovery_v1,recon_service_discovery_v1__64a6a94ec148,reconnaissance,T1046,3,2,0.6462,0.7645,0.2163,7466.66,8619.275,0.4193,26,31,1.2971,2.9373,1.6939,0.2795,2.5324,1,1,0,0,0,0,0.7922,182.6925,57.175,273.8425,8201.4675,7336.535,0,0.1417,1.6239,0,0
2026-08-27T20:03:44.103305+00:00,recon_service_discovery_v1,recon_service_discovery_v1__64a6a94ec148,reconnaissance,T1046,4,3,1.5,0.6818,0.3172,948.04,1303.55,0.3457,16,22,1.7227,4.2393,1.7483,0.5852,3.5039,2,1,0,0,0,0,0.7213,59.25,11.52,74.29,10816.74,7619.47,0,0.2917,0.8578,0,0
2026-08-27T20:03:49.103305+00:00,recon_service_discovery_v1,recon_service_discovery_v1__64a6a94ec148,reconnaissance,T1046,4,3,1.335,0.7773,0.243,8552.195,9135.14,0.3446,38,37,1.6277,3.5388,2.1277,0.4357,3.4347,1,1,0,0,0,0,1.0657,183.0675,63.58,285.625,7865.9925,7740.575,0,0.1807,1.6422,0,0
2026-08-27T20:03:54.103305+00:00,recon_service_discovery_v1,recon_service_discovery_v1__64a6a94ec148,reconnaissance,T1046,2,2,1.0,0.7177,0.2908,701.69,877.12,0.2183,12,15,1.39,3.4924,1.7446,0.2775,2.577,1,0,0,0,0,0,0.7507,58.47,14.33,72.8,7590.49,8040.16,0,0.2294,0.8874,0,0
2026-08-27T20:03:59.103305+00:00,recon_service_discovery_v1,recon_service_discovery_v1__64a6a94ec148,reconnaissance,T1046,3,2,0.9183,0.7101,0.2834,660.83,1027.96,0.37,9,14,2.6705,7.5004,2.1434,0.5228,3.7118,1,0,0,0,0,0,0.6187,73.43,13.36,91.86,8118.47,8618.67,0,0.2787,0.2203,0,0
2026-08-27T20:04:04.103305+00:00,recon_service_discovery_v1,recon_service_discovery_v1__64a6a94ec148,reconnaissance,T1046,2,2,1.0,0.6958,0.2871,1489.43,1954.88,0.2597,16,21,1.4556,3.9757,2.0035,0.4137,3.2446,1,0,0,0,0,0,0.7494,93.09,12.26,105.34,7730.47,7180.88,0,0.2261,0.1536,0,0
2026-08-27T20:04:09.103305+00:00,recon_service_discovery_v1,recon_service_discovery_v1__64a6a94ec148,reconnaissance,T1046,2,2,1.0,0.6812,0.2913,1117.44,1787.91,0.3376,10,16,2.2268,4.2723,1.9467,0.3419,2.9725,1,0,0,0,0,0,0.603,111.74,17.8,129.55,8126.41,9022.97,0,0.2821,0.8372,0,0
2026-08-27T20:04:14.103305+00:00,recon_service_discovery_v1,recon_service_discovery_v1__64a6a94ec148,reconnaissance,T1046,6,5,2.2516,0.6915,0.2989,1097.29,4114.84,0.3456,12,45,1.6952,4.9937,1.8565,0.3479,2.9001,3,1,0,1,0,0,0.2646,91.44,39.7,146.0,10063.72,9562.39,0,0.2524,1.1672,0,0
2026-08-27T20:04:19.103305+00:00,recon_service_discovery_v1,recon_service_discovery_v1__64a6a94ec148,reconnaissance,T1046,3,2,0.9183,0.673,0.332,951.6,1110.2,0.3069,12,14,3.5203,10.4675,2.6471,0.8227,5.1152,1,0,0,0,0,0,0.8258,79.3,45.04,138.99,8791.93,9279.17,0,0.2523,0.5229,0,0
2026-08-27T20:04:24.103305+00:00,recon_service_discovery_v1,recon_service_discovery_v1__64a6a94ec148,reconnaissance,T1046,2,2,1.0,0.6393,0.3745,712.07,1424.13,0.2797,10,20,2.4443,6.5548,2.8442,0.5557,4.5113,1,0,0,0,0,0,0.4957,71.21,2.2,73.41,6860.55,7268.92,0,0.2505,0.7669,0,0
2026-08-27T20:04:29.103305+00:00,recon_service_discovery_v1,recon_service_discovery_v1__64a6a94ec148,reconnaissance,T1046,6,4,1.9183,0.6879,0.3216,2983.37,3580.05,0.3734,30,36,1.4695,2.9328,1.4653,0.3205,2.4267,3,1,0,1,0,0,0.825,99.45,27.6,134.02,6575.7,9019.42,0,0.3318,0.0,0,0
2026-08-27T20:04:34.103305+00:00,recon_service_discovery_v1,recon_service_discovery_v1__64a6a94ec148,reconnaissance,T1046,0,0,0.0,0.7159,0.2992,0.0,0.0,0.4134,0,0,2.0824,4.4763,2.4057,0.6816,4.4505,0,0,0,0,0,0,0.934,70.06,0.0,70.06,9901.42,6573.73,0,0.1778,1.369,0,0
2026-08-27T20:04:39.103305+00:00,recon_service_discovery_v1,recon_service_discovery_v1__64a6a94ec148,reconnaissance,T1046,4,4,2.0,0.7136,0.2849,3295.56,4201.84,0.345,40,51,1.7662,3.0466,2.4296,0.585,4.1845,2,1,0,0,0,0,0.7764,82.39,15.95,97.07,8480.19,8417.16,0,0.3122,1.187,0,0
2026-08-27T20:04:44.103305+00:00,recon_service_discovery_v1,recon_service_discovery_v1__64a6a94ec148,reconnaissance,T1046,2,2,1.0,0.709,0.3078,1906.93,3707.93,0.3123,18,35,2.2498,4.6828,2.0113,0.6743,4.0341,1,0,0,0,0,0,0.5039,105.94,43.56,149.5,8955.91,8778.56,0,0.2052,0.1054,0,0
2026-08-27T20:04:49.103305+00:00,recon_service_discovery_v1,recon_service_discovery_v1__64a6a94ec148,reconnaissance,T1046,4,4,1.7712,0.6817,0.3311,7933.4,9078.035,0.2959,32,37,1.5401,2.0078,1.5055,0.2477,2.2486,2,1,0,0,0,0,0.837,181.1025,60.4375,281.65,6713.3325,8200.4825,0,0.2165,1.6396,0,0
2026-08-27T20:04:54.103305+00:00,recon_service_discovery_v1,recon_service_discovery_v1__64a6a94ec148,reconnaissance,T1046,3,3,1.585,0.7376,0.2837,1798.26,5155.0,0.3698,15,43,2.7656,5.0905,2.7246,0.7208,4.887,1,0,0,0,0,0,0.3452,119.88,13.69,138.42,9061.15,8442.33,0,0.2204,0.557,0,0
2026-08-27T20:04:59.103305+00:00,recon_service_discovery_v1,recon_service_discovery_v1__64a6a94ec148,reconnaissance,T1046,4,4,2.0,0.7195,0.2963,2236.22,3354.33,0.4437,28,42,1.2294,2.0693,1.853,0.4119,3.0888,2,0,0,0,0,0,0.6537,79.86,21.2,113.54,8124.05,8871.45,0,0.2917,1.7762,0,0
2026-08-27T20:05:04.103305+00:00,recon_service_discovery_v1,recon_service_discovery_v1__64a6a94ec148,reconnaissance,T1046,3,3,1.585,0.6733,0.3575,643.99,751.32,0.4338,6,7,1.251,2.3349,1.7031,0.4809,3.1458,1,0,0,0,0,0,0.8131,107.33,55.17,180.79,7517.02,8787.48,0,0.2821,1.6358,0,0
2026-08-27T20:05:09.103305+00:00,recon_service_discovery_v1,recon_service_discovery_v1__64a6a94ec148,reconnaissance,T1046,3,3,1.585,0.6913,0.3113,2894.02,5426.29,0.2381,24,45,2.3593,2.9726,1.9182,0.5956,3.7051,1,0,0,0,0,0,0.5232,120.58,14.28,140.7,8636.0,5328.33,0,0.2434,1.1373,0,0
2026-08-27T20:05:14.103305+00:00,recon_service_discovery_v1,recon_service_discovery_v1__64a6a94ec148,reconnaissance,T1046,0,0,0.0,0.6507,0.3528,0.0,0.0,0.3597,0,0,1.3331,3.4957,1.4911,0.4289,2.7779,0,0,0,0,0,0,0.1226,80.29,0.0,80.29,8021.02,8799.34,0,0.1751,1.512,0,0
2026-08-27T20:05:19.103305+00:00,recon_service_discovery_v1,recon_service_discovery_v1__64a6a94ec148,reconnaissance,T1046,2,2,1.0,0.6708,0.3305,1587.64,1940.45,0.3982,18,22,2.5634,4.0972,2.2069,0.3834,3.3572,1,0,0,0,0,0,0.7915,88.2,6.35,94.55,9898.99,9279.18,0,0.2279,0.8966,0,0
2026-08-27T20:05:24.103305+00:00,recon_service_discovery_v1,recon_service_discovery_v1__64a6a94ec148,reconnaissance,T1046,1,1,-0.0,0.7231,0.2683,135.19,202.79,0.3696,2,3,1.96,2.7426,1.888,0.4848,3.3424,0,0,0,0,0,0,0.5454,67.6,0.0,67.6,9084.78,9330.18,0,0.1136,1.0091,0,0
2026-08-27T20:05:29.103305+00:00,recon_service_discovery_v1,recon_service_discovery_v1__64a6a94ec148,reconnaissance,T1046,3,3,1.585,0.7205,0.2987,1335.83,3829.39,0.4144,15,43,0.9112,2.0023,1.519,0.2789,2.3557,1,0,0,0,0,0,0.3418,89.06,32.7,135.28,6538.11,8470.05,0,0.2569,1.3911,0,0
2026-08-27T20:05:34.103305+00:00,recon_service_discovery_v1,recon_service_discovery_v1__64a6a94ec148,reconnaissance,T1046,4,3,1.3962,0.7298,0.267,7949.2025,11099.7425,0.4185,28,54,0.9243,1.5766,1.8313,0.4465,3.1707,2,2,0,0,0,0,0.5116,194.1975,59.515,293.41,7799.9775,8810.5025,0,0.1559,2.4711,0,0
2026-08-27T20:05:39.103305+00:00,recon_service_discovery_v1,recon_service_discovery_v1__64a6a94ec148,reconnaissance,T1046,3,3,1.585,0.7555,0.2352,390.65,520.87,0.3956,6,8,1.5872,2.6467,1.9038,0.2662,2.7024,1,0,0,0,0,0,0.6803,65.11,19.96,88.64,6498.13,8127.9,0,0.2415,0.2865,0,0
2026-08-27T20:05:44.103305+00:00,recon_service_discovery_v1,recon_service_discovery_v1__64a6a94ec148,reconnaissance,T1046,2,2,1.0,0.6886,0.306,468.09,546.1,0.3681,6,7,2.5691,4.5278,2.2848,0.6949,4.3696,1,0,0,0,0,0,0.8192,78.01,14.37,92.39,8463.7,8577.71,0,0.2592,0.4689,0,0
2026-08-27T20:05:49.103305+00:00,recon_service_discovery_v1,recon_service_discovery_v1__64a6a94ec148,reconnaissance,T1046,4,4,1.835,0.7036,0.3105,7137.5525,8144.765,0.417,22,26,1.3366,1.7173,1.4981,0.4092,2.7258,1,1,0,0,0,0,0.7995,176.3175,46.5625,255.415,7160.3625,9344.375,0,0.2162,2.037,0,0
2026-08-27T20:05:54.103305+00:00,recon_service_discovery_v1,recon_service_discovery_v1__64a6a94ec148,reconnaissance,T1046,3,2,0.9183,0.6972,0.3467,930.28,1912.25,0.4566,18,37,1.8189,2.3241,2.6025,0.7511,4.8556,1,0,0,0,0,0,0.4789,51.68,7.6,58.86,8684.68,9379.04,0,0.2425,0.8914,0,0
2026-08-27T20:05:59.103305+00:00,recon_service_discovery_v1,recon_service_discovery_v1__64a6a94ec148,reconnaissance,T1046,2,2,1.0,0.7272,0.2939,1366.05,1479.89,0.2658,12,13,2.0343,3.0259,2.5683,0.3442,3.6008,1,0,0,0,0,0,0.8653,113.84,9.74,123.58,8459.1,11060.13,0,0.1753,1.7946,0,0
2026-08-27T20:06:04.103305+00:00,recon_service_discovery_v1,recon_service_discovery_v1__64a6a94ec148,reconnaissance,T1046,0,0,0.0,0.7373,0.2761,0.0,0.0,0.2551,0,0,2.7284,6.5917,2.706,0.9963,5.6949,0,0,0,0,0,0,0.51,52.91,0.0,52.91,6922.79,7907.48,0,0.149,1.3909,0,0
2026-08-27T20:06:09.103305+00:00,recon_service_discovery_v1,recon_service_discovery_v1__64a6a94ec148,reconnaissance,T1046,4,4,2.0,0.7017,0.2935,3960.82,7811.62,0.3778,36,71,1.3465,2.0489,1.7368,0.6219,3.6024,2,1,0,0,0,0,0.5068,110.02,33.96,167.83,10024.09,7289.47,0,0.3026,2.0304,0,0
2026-08-27T20:06:14.103305+00:00,recon_service_discovery_v1,recon_service_discovery_v1__64a6a94ec148,reconnaissance,T1046,1,1,-0.0,0.7014,0.2713,141.09,211.64,0.2932,2,3,2.7414,3.7232,2.8636,0.6836,4.9144,0,0,0,0,0,0,0.6283,70.55,0.0,70.55,9344.01,8706.44,0,0.2064,0.6363,0,0
2026-08-27T20:06:19.103305+00:00,recon_service_discovery_v1,recon_service_discovery_v1__64a6a94ec148,reconnaissance,T1046,2,1,-0.0,0.6733,0.3078,819.65,1147.51,0.3723,10,14,1.2544,3.074,2.1993,0.3949,3.3842,1,0,0,0,0,0,0.6928,81.97,29.26,111.23,6024.84,8286.21,0,0.1589,1.7933,0,0
2026-08-27T20:06:24.103305+00:00,recon_service_discovery_v1,recon_service_discovery_v1__64a6a94ec148,reconnaissance,T1046,2,1,-0.0,0.6982,0.3356,1083.26,1299.92,0.4155,10,12,2.6019,7.246,1.8306,0.2424,2.5578,1,0,0,0,0,0,0.7753,108.33,5.68,114.0,8606.91,8311.35,0,0.1628,0.7267,0,0
2026-08-27T20:06:29.103305+00:00,recon_service_discovery_v1,recon_service_discovery_v1__64a6a94ec148,reconnaissance,T1046,5,4,1.9219,0.6839,0.307,3980.65,9852.11,0.3587,40,99,1.1553,2.3285,2.4118,0.8888,5.0781,3,1,0,0,0,0,0.4036,99.52,18.64,124.74,6977.14,8574.42,0,0.3165,1.9632,0,0
2026-08-27T20:06:34.103305+00:00,recon_service_discovery_v1,recon_service_discovery_v1__64a6a94ec148,reconnaissance,T1046,1,1,-0.0,0.7422,0.2663,203.83,448.42,0.3025,5,11,2.5577,6.0657,2.2374,0.8147,4.6814,0,0,0,0,0,0,0.438,40.77,0.0,40.77,8697.35,8908.53,0,0.2104,0.8132,0,0
2026-08-27T20:06:39.103305+00:00,recon_service_discovery_v1,recon_service_discovery_v1__64a6a94ec148,reconnaissance,T1046,1,1,-0.0,0.7175,0.3007,433.46,693.53,0.305,5,8,2.4179,3.0616,1.9255,0.5382,3.5403,0,0,0,0,0,0,0.5736,86.69,0.0,86.69,8899.6,8179.49,0,0.206,1.1174,0,0
2026-08-27T20:06:44.103305+00:00,recon_service_discovery_v1,recon_service_discovery_v1__64a6a94ec148,reconnaissance,T1046,4,3,1.335,0.7309,0.2889,7203.815,8601.2075,0.4132,22,31,1.6335,3.462,1.4255,0.334,2.4274,1,1,0,0,0,0,0.6432,181.8375,53.0125,275.44,8633.6025,9506.6075,0,0.1633,2.6458,0,0
2026-08-27T20:06:49.103305+00:00,recon_service_discovery_v1,recon_service_discovery_v1__64a6a94ec148,reconnaissance,T1046,4,4,2.0,0.7622,0.2479,2285.37,2611.86,0.3209,28,32,1.8294,2.3034,1.5916,0.5231,3.1607,2,1,0,0,0,0,0.8653,81.62,22.64,119.7,7952.47,8871.0,0,0.2646,0.4377,0,0
2026-08-27T20:06:54.103305+00:00,recon_service_discovery_v1,recon_service_discovery_v1__64a6a94ec148,reconnaissance,T1046,5,4,1.9219,0.694,0.3099,2286.4,2972.32,0.3874,20,26,2.8576,7.2634,2.3001,0.4869,3.7608,3,1,0,0,0,0,0.7532,114.32,31.62,172.15,9236.27,8499.74,0,0.2945,0.5556,0,0
2026-08-27T20:06:59.103305+00:00,recon_service_discovery_v1,recon_service_discovery_v1__64a6a94ec148,reconnaissance,T1046,2,2,1.0,0.668,0.3818,1187.33,1978.88,0.4288,12,20,2.0874,4.7098,2.0139,0.4657,3.4111,1,0,0,0,0,0,0.5924,98.94,22.87,121.81,8864.32,8748.06,0,0.1942,0.8606,0,0
2026-08-27T20:07:04.103305+00:00,recon_service_discovery_v1,recon_service_discovery_v1__64a6a94ec148,reconnaissance,T1046,1,1,-0.0,0.7139,0.2791,379.22,2148.94,0.3423,6,34,2.0443,4.7567,2.5764,0.9466,5.4162,0,0,0,0,0,0,0.1724,63.2,0.0,63.2,9232.93,8505.85,0,0.1951,1.1992,0,0
2026-08-27T20:07:09.103305+00:00,recon_service_discovery_v1,recon_service_discovery_v1__64a6a94ec148,reconnaissance,T1046,2,1,-0.0,0.7215,0.2842,853.75,2049.01,0.4153,10,24,1.3729,3.3236,1.7564,0.5303,3.3472,1,0,0,0,0,0,0.4087,85.38,17.0,102.37,6663.35,7389.55,0,0.167,0.5108,0,0
2026-08-27T20:07:14.103305+00:00,recon_service_discovery_v1,recon_service_discovery_v1__64a6a94ec148,reconnaissance,T1046,3,3,1.585,0.6826,0.2914,1459.97,1622.19,0.2997,18,20,3.0476,7.1612,2.7958,0.8514,5.35,1,0,0,0,0,0,0.8636,81.11,21.23,106.57,8404.35,7673.32,0,0.2285,0.7121,0,0
2026-08-27T20:07:19.103305+00:00,recon_service_discovery_v1,recon_service_discovery_v1__64a6a94ec148,reconnaissance,T1046,4,4,1.835,0.7743,0.2408,6892.4525,7874.705,0.3721,18,21,1.8107,3.9486,1.9836,0.6692,3.991,1,1,0,0,0,0,0.7409,192.21,64.7125,283.045,9136.32,8284.31,0,0.1941,1.7524,0,0
2026-08-27T20:07:24.103305+00:00,recon_service_discovery_v1,recon_service_discovery_v1__64a6a94ec148,reconnaissance,T1046,2,1,-0.0,0.6661,0.343,396.13,726.25,0.3767,6,11,1.8476,2.615,1.9996,0.7422,4.2261,1,0,0,0,0,0,0.5358,66.02,16.87,82.9,7182.49,6626.83,0,0.1896,1.64,0,0
2026-08-27T20:07:29.103305+00:00,recon_service_discovery_v1,recon_service_discovery_v1__64a6a94ec148,reconnaissance,T1046,2,2,1.0,0.6631,0.3419,1774.0,2534.28,0.3797,14,20,1.8323,3.7114,1.6704,0.2427,2.3985,1,0,0,0,0,0,0.6915,126.71,69.96,196.67,7785.02,6904.18,0,0.1571,1.4428,0,0
2026-08-27T20:07:34.103305+00:00,recon_service_discovery_v1,recon_service_discovery_v1__64a6a94ec148,reconnaissance,T1046,4,4,2.0,0.7191,0.2563,1863.43,3913.21,0.3341,20,42,2.359,5.2691,1.9761,0.4716,3.3908,2,0,0,0,0,0,0.4679,93.17,25.95,128.09,10371.55,6539.51,0,0.2891,1.2742,0,0
2026-08-27T20:07:39.103305+00:00,recon_service_discovery_v1,recon_service_discovery_v1__64a6a94ec148,reconnaissance,T1046,2,2,0.6462,0.7376,0.2495,6843.2825,7845.9725,0.4017,19,23,2.5221,7.1804,2.0293,0.4197,3.2884,0,1,0,0,0,0,0.7042,174.81,36.9325,245.7175,8088.5325,7693.67,0,0.1008,1.6815,0,0
2026-08-27T20:07:44.103305+00:00,recon_service_discovery_v1,recon_service_discovery_v1__64a6a94ec148,reconnaissance,T1046,2,2,1.0,0.7092,0.2688,735.91,1471.82,0.4107,6,12,2.1535,4.0488,2.2396,0.5143,3.7825,1,0,0,0,0,0,0.4657,122.65,25.28,147.93,8472.28,7498.41,0,0.2221,0.4633,0,0
2026-08-27T20:07:49.103305+00:00,recon_service_discovery_v1,recon_service_discovery_v1__64a6a94ec148,reconnaissance,T1046,2,2,1.0,0.7146,0.2865,1019.07,2038.15,0.3782,14,28,2.82,5.502,2.2804,0.8426,4.8081,1,0,0,0,0,0,0.4922,72.79,10.83,83.63,5127.51,8197.5,0,0.283,0.3795,0,0
2026-08-27T20:07:54.103305+00:00,recon_service_discovery_v1,recon_service_discovery_v1__64a6a94ec148,reconnaissance,T1046,2,2,1.0,0.7525,0.2714,989.42,1071.87,0.3102,12,13,1.8419,5.0627,2.3952,0.332,3.3913,1,0,0,0,0,0,0.8618,82.45,29.97,112.42,7754.28,7896.46,0,0.219,1.1628,0,0
2026-08-27T20:07:59.103305+00:00,recon_service_discovery_v1,recon_service_discovery_v1__64a6a94ec148,reconnaissance,T1046,0,0,0.0,0.7127,0.2928,0.0,0.0,0.266,0,0,2.1174,6.3162,1.5937,0.3809,2.7365,0,0,0,0,0,0,0.8788,178.72,0.0,178.72,9250.99,8170.04,0,0.1643,1.6051,0,0
2026-08-27T20:08:04.103305+00:00,recon_service_discovery_v1,recon_service_discovery_v1__64a6a94ec148,reconnaissance,T1046,2,2,1.0,0.6846,0.3438,1016.0,2455.33,0.3211,12,29,2.7749,4.4865,2.6643,0.6089,4.4912,1,0,0,0,0,0,0.4027,84.67,39.3,123.96,7635.61,6391.35,0,0.2063,1.179,0,0
2026-08-27T20:08:09.103305+00:00,recon_service_discovery_v1,recon_service_discovery_v1__64a6a94ec148,reconnaissance,T1046,2,2,1.0,0.6817,0.3374,803.68,1446.63,0.4003,10,18,2.7443,3.7705,3.0506,0.6058,4.8681,1,0,0,0,0,0,0.5462,80.37,29.46,109.82,7380.38,8067.91,0,0.1822,0.8033,0,0
2026-08-27T20:08:14.103305+00:00,recon_service_discovery_v1,recon_service_discovery_v1__64a6a94ec148,reconnaissance,T1046,4,2,1.0,0.7028,0.3111,1895.55,2448.42,0.364,24,31,2.7003,6.8892,2.4349,0.5056,3.9517,2,0,0,0,0,0,0.7622,78.98,13.36,95.63,8393.91,9413.54,0,0.1855,1.3498,0,0
2026-08-27T20:08:19.103305+00:00,recon_service_discovery_v1,recon_service_discovery_v1__64a6a94ec148,reconnaissance,T1046,0,0,0.0,0.694,0.2876,0.0,0.0,0.2981,0,0,2.4059,3.6003,1.6918,0.4925,3.1694,0,0,0,0,0,0,0.7861,98.86,0.0,98.86,7732.46,8199.0,0,0.1994,1.4255,0,0
2026-08-27T20:08:24.103305+00:00,recon_service_discovery_v1,recon_service_discovery_v1__64a6a94ec148,reconnaissance,T1046,4,3,1.5,0.6796,0.3743,2261.04,6500.49,0.3055,32,92,2.9059,4.6957,2.1406,0.4758,3.5681,2,1,0,0,0,0,0.3445,70.66,20.08,104.11,8555.32,9179.18,0,0.2357,0.9739,0,0
2026-08-27T20:08:29.103305+00:00,recon_service_discovery_v1,recon_service_discovery_v1__64a6a94ec148,reconnaissance,T1046,3,2,0.9183,0.6749,0.3387,1493.85,3817.63,0.3481,18,46,2.2946,3.0112,1.8524,0.4641,3.2449,1,0,0,0,0,0,0.386,82.99,20.35,107.21,8362.03,8786.02,0,0.2159,0.5771,0,0
2026-08-27T20:08:34.103305+00:00,recon_service_discovery_v1,recon_service_discovery_v1__64a6a94ec148,reconnaissance,T1046,1,1,-0.0,0.7167,0.2707,259.98,259.98,0.3961,4,4,2.4292,6.1355,1.7167,0.379,2.8538,0,0,0,0,0,0,0.8673,64.99,0.0,64.99,10102.36,7515.32,0,0.1644,0.7998,0,0
2026-08-27T20:08:39.103305+00:00,recon_service_discovery_v1,recon_service_discovery_v1__64a6a94ec148,reconnaissance,T1046,4,4,2.0,0.7061,0.3004,2090.44,2003.34,0.2928,24,23,2.4599,4.6866,1.6973,0.4213,2.9611,2,0,0,0,0,0,1.0335,87.1,27.82,134.21,9115.67,9340.97,0,0.3262,0.0,0,0
2026-08-27T20:08:44.103305+00:00,recon_service_discovery_v1,recon_service_discovery_v1__64a6a94ec148,reconnaissance,T1046,4,2,1.0,0.6472,0.3749,3211.95,4817.93,0.3002,36,54,2.6976,5.2419,1.6313,0.3822,2.778,2,0,0,0,0,0,0.6606,89.22,12.78,106.7,8513.95,7470.16,0,0.2041,0.7932,0,0
2026-08-27T20:08:49.103305+00:00,recon_service_discovery_v1,recon_service_discovery_v1__64a6a94ec148,reconnaissance,T1046,2,2,0.6462,0.7174,0.2751,6728.48,7769.3825,0.3712,16,20,2.3257,5.6022,1.7353,0.2876,2.598,0,1,0,0,0,0,0.6269,187.545,36.9325,258.4525,9644.985,8143.265,0,0.1364,1.6992,0,0
2026-08-27T20:08:54.103305+00:00,recon_service_discovery_v1,recon_service_discovery_v1__64a6a94ec148,reconnaissance,T1046,2,2,1.0,0.7119,0.2492,785.73,2651.84,0.3278,8,27,1.8882,5.3967,1.6713,0.226,2.3493,1,0,0,0,0,0,0.2865,98.22,7.51,105.73,9542.1,6328.87,0,0.1918,1.406,0,0
2026-08-27T20:08:59.103305+00:00,recon_service_discovery_v1,recon_service_discovery_v1__64a6a94ec148,reconnaissance,T1046,3,2,0.9183,0.6896,0.2599,2390.48,3884.52,0.4244,24,39,1.3105,1.7006,2.3034,0.6536,4.2641,1,0,0,0,0,0,0.6137,99.6,17.56,122.73,8635.06,8600.86,0,0.1936,0.5375,0,0
2026-08-27T20:09:04.103305+00:00,recon_service_discovery_v1,recon_service_discovery_v1__64a6a94ec148,reconnaissance,T1046,1,1,-0.0,0.7088,0.2897,452.38,301.58,0.3739,3,2,3.0148,5.447,2.0716,0.7525,4.3291,0,0,0,0,0,0,1.0073,150.79,0.0,150.79,7577.7,8348.46,0,0.2183,1.9457,0,0
2026-08-27T20:09:09.103305+00:00,recon_service_discovery_v1,recon_service_discovery_v1__64a6a94ec148,reconnaissance,T1046,4,3,1.5,0.6968,0.3056,1518.16,1897.7,0.2496,16,20,1.2881,2.3623,1.9801,0.6586,3.956,2,1,0,1,0,0,0.7901,94.89,35.72,152.22,8283.65,7241.86,0,0.2531,1.7721,0,0
2026-08-27T20:09:14.103305+00:00,recon_service_discovery_v1,recon_service_discovery_v1__64a6a94ec148,reconnaissance,T1046,2,1,-0.0,0.6675,0.359,707.56,1326.68,0.2878,8,15,1.5914,4.5272,2.6365,0.6068,4.4568,1,0,0,0,0,0,0.5324,88.45,6.1,94.54,7222.98,8082.01,0,0.1881,0.966,0,0
2026-08-27T20:09:19.103305+00:00,recon_service_discovery_v1,recon_service_discovery_v1__64a6a94ec148,reconnaissance,T1046,0,0,0.0,0.7423,0.289,0.0,0.0,0.4001,0,0,2.0496,4.5161,1.6918,0.403,2.9006,0,0,0,0,0,0,0.5604,86.2,0.0,86.2,9049.93,8086.54,0,0.1143,0.5533,0,0
2026-08-27T20:09:24.103305+00:00,recon_service_discovery_v1,recon_service_discovery_v1__64a6a94ec148,reconnaissance,T1046,5,4,1.9219,0.704,0.3073,3170.41,7714.67,0.3835,30,73,2.0906,5.3429,2.0081,0.5688,3.7146,2,1,0,0,0,0,0.4078,105.68,32.42,146.78,8137.61,8214.3,0,0.2418,1.4646,0,0
2026-08-27T20:09:29.103305+00:00,recon_service_discovery_v1,recon_service_discovery_v1__64a6a94ec148,reconnaissance,T1046,3,2,0.9183,0.7118,0.282,3618.06,7959.72,0.3476,30,66,3.019,6.8847,1.9377,0.3337,2.9389,1,0,0,0,0,0,0.4491,120.6,14.07,137.28,8482.9,8900.57,0,0.3007,0.4949,0,0
2026-08-27T20:09:34.103305+00:00,recon_service_discovery_v1,recon_service_discovery_v1__64a6a94ec148,reconnaissance,T1046,5,4,1.9219,0.7004,0.3187,1409.4,3664.44,0.3957,15,39,1.2864,3.6467,1.6839,0.3426,2.7116,2,1,0,1,0,0,0.3812,93.96,25.94,131.3,6835.34,8720.33,0,0.3665,0.3191,0,0
2026-08-27T20:09:39.103305+00:00,recon_service_discovery_v1,recon_service_discovery_v1__64a6a94ec148,reconnaissance,T1046,2,2,0.6462,0.7333,0.2911,7135.4225,8515.4675,0.3996,17,22,1.3213,3.3652,1.5143,0.464,2.9064,0,1,0,0,0,0,0.6237,255.3375,36.9325,326.245,7209.48,8021.9975,0,0.129,1.9317,0,0
2026-08-27T20:09:44.103305+00:00,recon_service_discovery_v1,recon_service_discovery_v1__64a6a94ec148,reconnaissance,T1046,2,2,1.0,0.7016,0.2678,1013.74,1665.43,0.4291,14,23,1.6126,2.1513,1.8342,0.3488,2.8805,1,0,0,0,0,0,0.5963,72.41,18.61,91.02,7491.59,10342.73,0,0.2461,0.4912,0,0
2026-08-27T20:09:49.103305+00:00,recon_service_discovery_v1,recon_service_discovery_v1__64a6a94ec148,reconnaissance,T1046,2,2,1.0,0.7222,0.2856,448.5,598.0,0.4222,6,8,2.4214,5.9376,2.4949,0.6936,4.5757,1,0,0,0,0,0,0.7103,74.75,13.47,88.22,9904.71,7557.71,0,0.2531,1.1557,0,0
2026-08-27T20:09:54.103305+00:00,recon_service_discovery_v1,recon_service_discovery_v1__64a6a94ec148,reconnaissance,T1046,1,1,-0.0,0.6978,0.3072,566.26,943.77,0.3311,9,15,3.1665,4.3287,2.0334,0.3968,3.2239,0,0,0,0,0,0,0.5645,62.92,0.0,62.92,10084.53,7295.37,0,0.221,0.6957,0,0
2026-08-27T20:09:59.103305+00:00,recon_service_discovery_v1,recon_service_discovery_v1__64a6a94ec148,reconnaissance,T1046,0,0,0.0,0.7212,0.2959,0.0,0.0,0.2376,0,0,1.6602,4.5836,1.7632,0.5377,3.3763,0,0,0,0,0,0,0.5728,90.54,0.0,90.54,6981.91,6898.9,0,0.1529,0.8844,0,0
2026-08-27T20:10:04.103305+00:00,recon_service_discovery_v1,recon_service_discovery_v1__64a6a94ec148,reconnaissance,T1046,1,1,-0.0,0.6679,0.3475,216.43,216.43,0.3137,2,2,2.2419,2.6953,1.8173,0.5105,3.3489,0,0,0,0,0,0,0.7772,108.21,0.0,108.21,10339.47,7495.97,0,0.1725,1.602,0,0
2026-08-27T20:10:09.103305+00:00,recon_service_discovery_v1,recon_service_discovery_v1__64a6a94ec148,reconnaissance,T1046,2,2,1.0,0.7044,0.28,950.68,1782.53,0.2779,8,15,1.2152,1.8903,1.8705,0.3884,3.0358,1,0,0,0,0,0,0.5286,118.84,35.86,154.69,6967.61,6966.56,0,0.2229,1.8492,0,0
2026-08-27T20:10:14.103305+00:00,recon_service_discovery_v1,recon_service_discovery_v1__64a6a94ec148,reconnaissance,T1046,3,2,0.9183,0.6966,0.3249,1854.27,2781.41,0.3579,24,36,2.3398,3.6635,1.6942,0.466,3.0922,1,0,0,0,0,0,0.6535,77.26,8.2,87.38,8604.07,9330.13,0,0.3012,1.6595,0,0
2026-08-27T20:10:19.103305+00:00,recon_service_discovery_v1,recon_service_discovery_v1__64a6a94ec148,reconnaissance,T1046,0,0,0.0,0.714,0.2933,0.0,0.0,0.3292,0,0,2.129,3.543,1.3296,0.361,2.4125,0,0,0,0,0,0,0.6956,82.44,0.0,82.44,8268.98,8227.05,0,0.1822,1.8436,0,0
2026-08-27T20:10:24.103305+00:00,recon_service_discovery_v1,recon_service_discovery_v1__64a6a94ec148,reconnaissance,T1046,1,1,-0.0,0.6709,0.3081,666.29,1998.86,0.3104,6,18,2.2086,5.8893,1.1284,0.1562,1.5972,0,0,0,0,0,0,0.3295,111.05,0.0,111.05,8630.07,8476.35,0,0.1973,1.342,0,0
2026-08-27T20:10:29.103305+00:00,recon_service_discovery_v1,recon_service_discovery_v1__64a6a94ec148,reconnaissance,T1046,4,4,2.1463,0.6976,0.3141,7460.03,9133.2125,0.3684,22,32,2.2843,3.0262,1.9756,0.3643,3.0684,2,2,0,0,0,0,0.6272,203.19,87.2125,360.9175,7818.7125,8421.275,0,0.1597,2.6019,0,0
2026-08-27T20:10:34.103305+00:00,recon_service_discovery_v1,recon_service_discovery_v1__64a6a94ec148,reconnaissance,T1046,1,1,-0.0,0.6788,0.3076,1491.91,3170.31,0.2913,8,17,2.5102,7.2507,1.9946,0.3871,3.1559,0,0,0,0,0,0,0.4588,186.49,0.0,186.49,7914.51,6869.08,0,0.1698,1.3468,0,0
2026-08-27T20:10:39.103305+00:00,recon_service_discovery_v1,recon_service_discovery_v1__64a6a94ec148,reconnaissance,T1046,1,1,-0.0,0.7178,0.2704,575.17,993.48,0.3143,11,19,2.9005,3.5677,2.8644,0.5172,4.4158,0,0,0,0,0,0,0.5584,52.29,0.0,52.29,7514.96,8019.2,0,0.1928,1.4793,0,0
2026-08-27T20:10:44.103305+00:00,recon_service_discovery_v1,recon_service_discovery_v1__64a6a94ec148,reconnaissance,T1046,0,0,0.0,0.6815,0.3306,0.0,0.0,0.3586,0,0,2.7477,7.9499,2.2785,0.7642,4.5712,0,0,0,0,0,0,0.7225,124.33,0.0,124.33,7598.94,9269.73,0,0.1157,1.5761,0,0
2026-08-27T20:10:49.103305+00:00,recon_service_discovery_v1,recon_service_discovery_v1__64a6a94ec148,reconnaissance,T1046,3,3,1.585,0.7443,0.2654,871.76,871.76,0.3373,12,12,1.7273,4.8933,1.4097,0.4853,2.8656,1,0,0,0,0,0,0.9657,72.65,10.29,86.38,7253.65,7490.03,0,0.222,0.874,0,0
2026-08-27T20:10:54.103305+00:00,recon_service_discovery_v1,recon_service_discovery_v1__64a6a94ec148,reconnaissance,T1046,3,2,0.9183,0.682,0.3195,2134.53,4370.7,0.3824,21,43,1.0684,1.6814,2.2471,0.6133,4.0871,1,0,0,0,0,0,0.4838,101.64,3.8,105.01,9949.83,9200.87,0,0.2101,0.8118,0,0
2026-08-27T20:10:59.103305+00:00,recon_service_discovery_v1,recon_service_discovery_v1__64a6a94ec148,reconnaissance,T1046,4,4,1.835,0.7885,0.228,7933.85,10371.2,0.379,32,53,2.2509,6.1334,1.5473,0.3025,2.455,1,1,0,0,0,0,0.576,181.1175,50.635,271.2325,7435.23,8374.94,0,0.2433,2.0788,0,0
2026-08-27T20:11:04.103305+00:00,recon_service_discovery_v1,recon_service_discovery_v1__64a6a94ec148,reconnaissance,T1046,1,1,-0.0,0.7222,0.2762,801.85,1470.05,0.3035,6,11,1.5389,3.4641,2.2882,0.6695,4.2968,0,0,0,0,0,0,0.5106,133.64,0.0,133.64,9110.14,7850.22,0,0.1506,0.4552,0,0
2026-08-27T20:11:09.103305+00:00,recon_service_discovery_v1,recon_service_discovery_v1__64a6a94ec148,reconnaissance,T1046,5,4,1.9219,0.6622,0.3384,993.29,2085.92,0.3897,10,21,1.4533,2.9,1.8221,0.6346,3.726,2,1,0,0,0,0,0.4558,99.33,28.98,143.51,10392.18,9113.01,0,0.2512,1.4864,0,0
2026-08-27T20:11:14.103305+00:00,recon_service_discovery_v1,recon_service_discovery_v1__64a6a94ec148,reconnaissance,T1046,2,2,1.0,0.7152,0.2435,1627.51,1627.51,0.4073,16,16,2.6641,6.0477,1.5506,0.5687,3.2568,1,0,0,0,0,0,0.9503,101.72,12.77,114.49,6678.63,7736.87,0,0.2362,0.9661,0,0
2026-08-27T20:11:19.103305+00:00,recon_service_discovery_v1,recon_service_discovery_v1__64a6a94ec148,reconnaissance,T1046,8,5,2.1556,0.7111,0.2645,1433.39,2239.67,0.2772,16,25,2.2234,3.5203,1.6129,0.2894,2.4811,4,1,0,1,0,0,0.621,89.59,25.0,124.78,5930.6,7204.21,0,0.3816,1.8142,0,0
2026-08-27T20:11:24.103305+00:00,recon_service_discovery_v1,recon_service_discovery_v1__64a6a94ec148,reconnaissance,T1046,1,1,-0.0,0.7294,0.2908,1637.46,2267.25,0.2556,13,18,1.5845,2.6774,2.5946,0.9066,5.3146,0,0,0,0,0,0,0.7197,125.96,0.0,125.96,8166.66,8809.87,0,0.196,0.9056,0,0
2026-08-27T20:11:29.103305+00:00,recon_service_discovery_v1,recon_service_discovery_v1__64a6a94ec148,reconnaissance,T1046,3,2,0.9183,0.6714,0.3792,1699.35,1618.43,0.3039,21,20,1.5593,2.2588,2.0635,0.4799,3.5031,1,0,0,0,0,0,1.0436,80.92,16.43,98.38,8409.76,7332.78,0,0.2514,1.7311,0,0
2026-08-27T20:11:34.103305+00:00,recon_service_discovery_v1,recon_service_discovery_v1__64a6a94ec148,reconnaissance,T1046,3,3,1.585,0.6473,0.3395,2204.45,3184.21,0.3557,18,26,1.3484,3.918,2.4104,0.3234,3.3807,1,0,0,0,0,0,0.6691,122.47,59.81,206.97,8392.49,8948.58,0,0.2629,0.1374,0,0
2026-08-27T20:11:39.103305+00:00,recon_service_discovery_v1,recon_service_discovery_v1__64a6a94ec148,reconnaissance,T1046,3,3,1.3962,0.7289,0.2894,7564.4525,9509.2925,0.3974,21,30,2.6184,3.4694,1.9834,0.3647,3.0776,1,1,0,0,0,0,0.5957,230.355,60.0025,324.3325,7632.1575,6932.8625,0,0.1488,2.024,0,0
2026-08-27T20:11:44.103305+00:00,recon_service_discovery_v1,recon_service_discovery_v1__64a6a94ec148,reconnaissance,T1046,3,3,1.585,0.6549,0.3025,1882.93,2824.4,0.3226,18,27,1.9083,5.2642,1.9247,0.4646,3.3185,1,0,0,0,0,0,0.6652,104.61,5.44,112.08,8957.14,7608.14,0,0.2252,0.4011,0,0
2026-08-27T20:11:49.103305+00:00,recon_service_discovery_v1,recon_service_discovery_v1__64a6a94ec148,reconnaissance,T1046,1,1,-0.0,0.6894,0.3376,409.03,545.37,0.2842,9,12,1.1622,2.8691,1.9695,0.3536,3.0303,0,0,0,0,0,0,0.6947,45.45,0.0,45.45,8659.0,9914.5,0,0.182,1.3352,0,0
2026-08-27T20:11:54.103305+00:00,recon_service_discovery_v1,recon_service_discovery_v1__64a6a94ec148,reconnaissance,T1046,3,3,1.585,0.7151,0.2688,1726.92,4522.88,0.2982,21,55,1.7816,3.9981,2.553,0.766,4.8511,1,0,0,0,0,0,0.3786,82.23,9.9,95.62,8329.77,10219.11,0,0.2702,0.6218,0,0
2026-08-27T20:11:59.103305+00:00,recon_service_discovery_v1,recon_service_discovery_v1__64a6a94ec148,reconnaissance,T1046,4,4,2.1463,0.7338,0.2711,8855.84,12691.895,0.4133,40,76,2.0821,4.5023,1.3704,0.2776,2.2031,2,2,0,0,0,0,0.5528,186.21,53.335,279.655,8603.6625,7734.98,0,0.2115,2.1883,0,0
2026-08-27T20:12:04.103305+00:00,recon_service_discovery_v1,recon_service_discovery_v1__64a6a94ec148,reconnaissance,T1046,1,1,-0.0,0.6826,0.2905,634.11,905.87,0.3353,7,10,3.1511,9.0884,2.3375,0.4255,3.6141,0,0,0,0,0,0,0.6883,90.59,0.0,90.59,5796.51,10085.82,0,0.178,0.844,0,0
2026-08-27T20:12:09.103305+00:00,recon_service_discovery_v1,recon_service_discovery_v1__64a6a94ec148,reconnaissance,T1046,3,2,0.9183,0.6885,0.3152,1814.79,3024.65,0.4036,21,35,1.9036,5.3844,1.7802,0.4795,3.2188,1,0,0,0,0,0,0.5942,86.42,19.52,112.16,7059.95,6573.78,0,0.2202,1.7402,0,0
2026-08-27T20:12:14.103305+00:00,recon_service_discovery_v1,recon_service_discovery_v1__64a6a94ec148,reconnaissance,T1046,3,3,1.585,0.7058,0.2921,2384.08,2880.76,0.3854,24,29,1.1912,2.1575,1.5599,0.208,2.1838,1,0,0,0,0,0,0.826,99.34,17.38,117.6,8387.67,6977.37,0,0.2596,1.2666,0,0
2026-08-27T20:12:19.103305+00:00,recon_service_discovery_v1,recon_service_discovery_v1__64a6a94ec148,reconnaissance,T1046,5,5,2.3219,0.7073,0.3132,4047.88,10177.54,0.3429,35,88,1.523,3.4669,1.6484,0.5273,3.2302,3,1,0,0,0,0,0.3937,115.65,25.78,154.79,7903.69,7503.69,0,0.3495,1.9502,0,0
2026-08-27T20:12:24.103305+00:00,recon_service_discovery_v1,recon_service_discovery_v1__64a6a94ec148,reconnaissance,T1046,3,3,1.585,0.7169,0.2728,1272.41,6446.87,0.3301,15,76,1.0735,2.4483,1.7116,0.4489,3.0582,1,0,0,0,0,0,0.1959,84.83,23.45,111.88,6103.07,7801.13,0,0.2308,1.3233,0,0
2026-08-27T20:12:29.103305+00:00,recon_service_discovery_v1,recon_service_discovery_v1__64a6a94ec148,reconnaissance,T1046,5,4,1.9219,0.7412,0.266,2335.44,3643.28,0.3615,25,39,1.4139,4.0827,1.7243,0.3564,2.7936,3,1,0,0,0,0,0.6394,93.42,54.2,196.89,8698.39,9200.06,0,0.2917,1.8051,0,0
2026-08-27T20:12:34.103305+00:00,recon_service_discovery_v1,recon_service_discovery_v1__64a6a94ec148,reconnaissance,T1046,3,3,1.585,0.688,0.3175,2536.5,2818.33,0.3565,18,20,2.7464,6.7873,2.2219,0.6552,4.1875,1,0,0,0,0,0,0.8644,140.92,31.55,167.65,7226.43,7841.07,0,0.311,1.1753,0,0
2026-08-27T20:12:39.103305+00:00,recon_service_discovery_v1,recon_service_discovery_v1__64a6a94ec148,reconnaissance,T1046,1,1,-0.0,0.6832,0.326,105.15,105.15,0.3047,1,1,1.4511,3.2141,2.6218,0.4055,3.8381,0,0,0,0,0,0,0.7927,105.15,0.0,105.15,6952.47,8877.02,0,0.2341,0.7543,0,0
2026-08-27T20:12:44.103305+00:00,recon_service_discovery_v1,recon_service_discovery_v1__64a6a94ec148,reconnaissance,T1046,1,1,-0.0,0.7082,0.3159,1058.05,1234.39,0.3152,12,14,2.4601,4.4636,1.7105,0.541,3.3336,0,0,0,0,0,0,0.803,88.17,0.0,88.17,9214.57,8311.0,0,0.1837,0.9123,0,0
2026-08-27T20:12:49.103305+00:00,recon_service_discovery_v1,recon_service_discovery_v1__64a6a94ec148,reconnaissance,T1046,1,1,-0.0,0.7139,0.2577,851.73,1703.45,0.3321,10,20,2.0936,6.2327,2.2202,0.614,4.0623,0,0,0,0,0,0,0.4957,85.17,0.0,85.17,6727.16,9023.56,0,0.2148,0.9609,0,0
2026-08-27T20:12:54.103305+00:00,recon_service_discovery_v1,recon_service_discovery_v1__64a6a94ec148,reconnaissance,T1046,4,3,1.5,0.7354,0.2333,2154.15,9847.54,0.3555,28,128,1.4402,2.7558,2.2347,0.5872,3.9964,2,0,0,0,0,0,0.2185,76.93,29.13,127.03,9729.87,9140.43,0,0.2474,1.1894,0,0
2026-08-27T20:12:59.103305+00:00,recon_service_discovery_v1,recon_service_discovery_v1__64a6a94ec148,reconnaissance,T1046,2,2,1.0,0.7218,0.3111,1202.37,2605.14,0.3259,12,26,3.476,6.6004,2.6078,0.8993,5.3057,1,0,0,0,0,0,0.4447,100.2,15.74,115.94,10582.33,8306.6,0,0.2454,0.4921,0,0
2026-08-27T20:13:04.103305+00:00,recon_service_discovery_v1,recon_service_discovery_v1__64a6a94ec148,reconnaissance,T1046,1,1,-0.0,0.6611,0.3232,249.6,249.6,0.3527,3,3,3.5555,6.2826,2.728,0.5152,4.2735,0,0,0,0,0,0,0.8184,83.2,0.0,83.2,9732.43,9057.79,0,0.2004,1.8619,0,0
2026-08-27T20:13:09.103305+00:00,recon_service_discovery_v1,recon_service_discovery_v1__64a6a94ec148,reconnaissance,T1046,4,3,1.5,0.7256,0.2331,943.59,2594.87,0.2728,12,33,2.497,6.0464,1.7858,0.4394,3.104,2,0,0,0,0,0,0.3544,78.63,32.4,125.71,7358.91,7105.01,0,0.26,0.8686,0,0
2026-08-27T20:13:14.103305+00:00,recon_service_discovery_v1,recon_service_discovery_v1__64a6a94ec148,reconnaissance,T1046,0,0,0.0,0.6648,0.3235,0.0,0.0,0.3809,0,0,2.7595,6.2479,2.2607,0.6105,4.0922,0,0,0,0,0,0,0.5137,112.82,0.0,112.82,7262.89,9715.91,0,0.1195,1.1816,0,0
2026-08-27T20:13:19.103305+00:00,recon_service_discovery_v1,recon_service_discovery_v1__64a6a94ec148,reconnaissance,T1046,2,2,1.0,0.6727,0.3003,1067.39,1982.3,0.3351,14,26,1.0684,1.9204,1.8189,0.4174,3.071,1,0,0,0,0,0,0.5285,76.24,15.9,92.14,8569.22,8909.17,0,0.2121,1.4669,0,0
2026-08-27T20:13:24.103305+00:00,recon_service_discovery_v1,recon_service_discovery_v1__64a6a94ec148,reconnaissance,T1046,3,2,0.6462,0.7871,0.2332,7051.625,8305.1225,0.3475,21,28,1.3669,2.8817,1.6856,0.2684,2.4907,1,1,0,0,0,0,0.6489,179.07,40.915,253.96,8652.7575,8242.145,0,0.1459,1.1533,0,0
2026-08-27T20:13:29.103305+00:00,recon_service_discovery_v1,recon_service_discovery_v1__64a6a94ec148,reconnaissance,T1046,2,1,-0.0,0.6517,0.3778,1142.54,3656.13,0.3641,10,32,2.1486,2.6516,2.8877,0.8307,5.3798,1,0,0,0,0,0,0.3077,114.25,39.11,153.36,6909.51,8985.81,0,0.1792,1.2342,0,0
2026-08-27T20:13:34.103305+00:00,recon_service_discovery_v1,recon_service_discovery_v1__64a6a94ec148,reconnaissance,T1046,0,0,0.0,0.7144,0.3247,0.0,0.0,0.4265,0,0,1.9512,4.0378,2.462,0.903,5.1711,0,0,0,0,0,0,0.8204,70.58,0.0,70.58,8108.25,8794.27,0,0.1328,0.7199,0,0
2026-08-27T20:13:39.103305+00:00,recon_service_discovery_v1,recon_service_discovery_v1__64a6a94ec148,reconnaissance,T1046,5,4,1.9219,0.6837,0.3083,811.43,1541.71,0.2895,10,19,2.1162,6.3424,2.6507,0.892,5.3268,2,1,0,1,0,0,0.5178,81.14,25.1,127.5,9091.32,9054.06,0,0.2485,0.7059,0,0
2026-08-27T20:13:44.103305+00:00,recon_service_discovery_v1,recon_service_discovery_v1__64a6a94ec148,reconnaissance,T1046,2,2,1.0,0.6885,0.3126,838.38,2275.59,0.274,14,38,2.4094,5.7792,2.0447,0.382,3.1908,1,0,0,0,0,0,0.3677,59.88,1.6,61.49,8847.18,10457.54,0,0.2099,1.4861,0,0
2026-08-27T20:13:49.103305+00:00,recon_service_discovery_v1,recon_service_discovery_v1__64a6a94ec148,reconnaissance,T1046,4,3,1.5,0.6748,0.3611,2819.73,3965.24,0.3443,32,45,1.7096,3.3862,2.1257,0.6549,4.0904,2,0,0,0,0,0,0.7069,88.12,29.2,131.59,9926.8,8184.29,0,0.2312,2.024,0,0
2026-08-27T20:13:54.103305+00:00,recon_service_discovery_v1,recon_service_discovery_v1__64a6a94ec148,reconnaissance,T1046,3,3,1.585,0.6833,0.3137,1280.78,2049.25,0.3906,15,24,2.999,3.795,2.5614,0.8278,5.045,1,0,0,0,0,0,0.608,85.39,24.63,112.21,7045.08,7985.7,0,0.293,0.4791,0,0
2026-08-27T20:13:59.103305+00:00,recon_service_discovery_v1,recon_service_discovery_v1__64a6a94ec148,reconnaissance,T1046,1,1,-0.0,0.6808,0.3098,293.48,545.04,0.3533,7,13,3.1107,5.1306,2.38,0.3391,3.3974,0,0,0,0,0,0,0.5217,41.93,0.0,41.93,8852.76,8704.49,0,0.2313,1.0605,0,0
2026-08-27T20:14:04.103305+00:00,recon_service_discovery_v1,recon_service_discovery_v1__64a6a94ec148,reconnaissance,T1046,5,4,1.9219,0.7039,0.2908,2251.46,2401.56,0.2999,30,32,0.8441,2.1611,1.5651,0.2238,2.2364,3,1,0,1,0,0,0.9322,75.05,18.66,104.83,8893.75,7302.93,0,0.3403,0.845,0,0
2026-08-27T20:14:09.103305+00:00,recon_service_discovery_v1,recon_service_discovery_v1__64a6a94ec148,reconnaissance,T1046,2,2,0.6462,0.7426,0.27,6814.3925,7944.1175,0.4057,22,30,1.186,2.6482,1.8511,0.6402,3.7718,0,1,0,0,0,0,0.6149,152.0925,36.9325,223.0,7791.5625,8698.0025,0,0.1544,1.54,0,0
2026-08-27T20:14:14.103305+00:00,recon_service_discovery_v1,recon_service_discovery_v1__64a6a94ec148,reconnaissance,T1046,2,2,1.0,0.7124,0.2822,1763.43,2351.24,0.3149,18,24,2.3386,6.6039,2.1948,0.7585,4.4704,1,0,0,0,0,0,0.7428,97.97,34.97,132.94,9144.77,7224.71,0,0.2221,1.3079,0,0
2026-08-27T20:14:19.103305+00:00,recon_service_discovery_v1,recon_service_discovery_v1__64a6a94ec148,reconnaissance,T1046,1,1,-0.0,0.682,0.3066,646.93,431.29,0.299,6,4,1.7344,3.441,2.4396,0.6669,4.4403,0,0,0,0,0,0,1.2021,107.82,0.0,107.82,5743.99,8848.09,0,0.1827,1.7078,0,0
2026-08-27T20:14:24.103305+00:00,recon_service_discovery_v1,recon_service_discovery_v1__64a6a94ec148,reconnaissance,T1046,1,1,-0.0,0.6744,0.3183,239.86,239.86,0.3835,2,2,2.3604,3.863,2.4894,0.7861,4.8477,0,0,0,0,0,0,0.8614,119.93,0.0,119.93,9711.9,6780.89,0,0.2069,1.2656,0,0
2026-08-27T20:14:29.103305+00:00,recon_service_discovery_v1,recon_service_discovery_v1__64a6a94ec148,reconnaissance,T1046,2,2,1.0,0.721,0.2734,670.29,1256.79,0.2453,8,15,2.4878,6.607,1.6161,0.2587,2.3921,1,0,0,0,0,0,0.5237,83.79,3.2,86.99,8585.3,8838.13,0,0.1992,1.2961,0,0
2026-08-27T20:14:34.103305+00:00,recon_service_discovery_v1,recon_service_discovery_v1__64a6a94ec148,reconnaissance,T1046,4,4,1.835,0.7518,0.2759,7342.2575,8253.0275,0.3726,22,25,0.9002,2.3607,1.6687,0.2838,2.5202,1,1,0,0,0,0,0.8996,193.3725,65.0425,298.8325,7467.2025,8814.4475,0,0.2139,2.0456,0,0
2026-08-27T20:14:39.103305+00:00,recon_service_discovery_v1,recon_service_discovery_v1__64a6a94ec148,reconnaissance,T1046,6,6,2.585,0.7182,0.3476,1943.23,3433.04,0.415,30,53,2.7291,6.9082,1.8632,0.385,3.0182,3,1,0,1,0,0,0.5603,64.77,13.08,84.41,6642.3,7837.77,0,0.3572,0.8551,0,0
2026-08-27T20:14:44.103305+00:00,recon_service_discovery_v1,recon_service_discovery_v1__64a6a94ec148,reconnaissance,T1046,2,2,1.0,0.7179,0.2541,463.02,810.28,0.2817,4,7,2.6471,4.3736,1.8087,0.4293,3.0966,1,0,0,0,0,0,0.5423,115.75,11.39,127.14,7466.72,8185.48,0,0.2196,0.8954,0,0
2026-08-27T20:14:49.103305+00:00,recon_service_discovery_v1,recon_service_discovery_v1__64a6a94ec148,reconnaissance,T1046,3,3,1.585,0.6762,0.3538,2818.19,4039.4,0.3086,30,43,1.272,1.6096,1.9625,0.4628,3.3509,1,0,0,0,0,0,0.6883,93.94,53.64,169.38,8069.2,8250.26,0,0.2229,1.6184,0,0
2026-08-27T20:14:54.103305+00:00,recon_service_discovery_v1,recon_service_discovery_v1__64a6a94ec148,reconnaissance,T1046,3,2,0.9183,0.7423,0.2985,1059.69,1589.53,0.3497,12,18,3.1524,5.2487,2.3629,0.7031,4.4723,1,0,0,0,0,0,0.6462,88.31,18.99,109.36,7795.37,7023.5,0,0.1594,1.9704,0,0
2026-08-27T20:14:59.103305+00:00,recon_service_discovery_v1,recon_service_discovery_v1__64a6a94ec148,reconnaissance,T1046,3,2,0.9183,0.7317,0.2506,896.77,2241.93,0.3126,12,30,2.7343,3.3657,2.2194,0.6278,4.1028,1,0,0,0,0,0,0.392,74.73,11.67,90.81,9867.03,7709.78,0,0.2525,1.1954,0,0
2026-08-27T20:15:04.103305+00:00,recon_service_discovery_v1,recon_service_discovery_v1__64a6a94ec148,reconnaissance,T1046,1,1,-0.0,0.7183,0.2598,903.92,2310.02,0.4338,9,23,2.6185,6.7434,1.6056,0.3849,2.7602,0,0,0,0,0,0,0.3771,100.44,0.0,100.44,9116.24,7612.36,0,0.1581,1.4011,0,0
2026-08-27T20:15:09.103305+00:00,recon_service_discovery_v1,recon_service_discovery_v1__64a6a94ec148,reconnaissance,T1046,2,2,1.0,0.6751,0.3079,983.87,2869.62,0.355,12,35,1.377,3.0003,1.5738,0.5461,3.212,1,0,0,0,0,0,0.3424,81.99,8.96,90.95,8254.78,7704.84,0,0.2628,0.5344,0,0
2026-08-27T20:15:14.103305+00:00,recon_service_discovery_v1,recon_service_discovery_v1__64a6a94ec148,reconnaissance,T1046,2,2,1.0,0.6986,0.3299,1354.85,1838.72,0.3546,14,19,1.1095,1.5086,1.7228,0.3053,2.6388,1,0,0,0,0,0,0.7285,96.77,26.61,123.38,8797.18,9391.89,0,0.2278,1.0187,0,0
2026-08-27T20:15:19.103305+00:00,recon_service_discovery_v1,recon_service_discovery_v1__64a6a94ec148,reconnaissance,T1046,2,2,1.0,0.711,0.2991,1226.61,1839.92,0.3872,12,18,3.3369,9.1779,2.7626,0.4377,4.0756,1,0,0,0,0,0,0.6532,102.22,1.8,104.02,8817.1,6975.21,0,0.2203,1.3686,0,0
2026-08-27T20:15:24.103305+00:00,recon_service_discovery_v1,recon_service_discovery_v1__64a6a94ec148,reconnaissance,T1046,0,0,0.0,0.7402,0.2299,0.0,0.0,0.359,0,0,1.5866,2.3291,1.6602,0.3526,2.718,0,0,0,0,0,0,0.6906,43.59,0.0,43.59,9111.38,7269.33,0,0.1558,0.7531,0,0
2026-08-27T20:15:29.103305+00:00,recon_service_discovery_v1,recon_service_discovery_v1__64a6a94ec148,reconnaissance,T1046,2,2,1.0,0.6898,0.3028,371.16,494.88,0.2889,6,8,2.3222,4.2481,2.1369,0.6641,4.1291,1,0,0,0,0,0,0.6862,61.86,6.87,68.72,8949.27,7881.06,0,0.217,0.7408,0,0
2026-08-27T20:15:34.103305+00:00,recon_service_discovery_v1,recon_service_discovery_v1__64a6a94ec148,reconnaissance,T1046,5,4,1.9219,0.73,0.2729,4345.02,4345.02,0.4116,45,45,1.2892,3.0387,1.4716,0.4379,2.7851,2,1,0,0,0,0,0.982,96.56,16.07,114.32,7508.51,8269.98,0,0.2895,0.8651,0,0
2026-08-27T20:15:39.103305+00:00,recon_service_discovery_v1,recon_service_discovery_v1__64a6a94ec148,reconnaissance,T1046,3,3,1.585,0.691,0.3052,1035.3,1725.5,0.3865,12,20,1.3053,3.0056,2.3461,0.7173,4.4979,1,0,0,0,0,0,0.5844,86.28,5.33,92.26,7851.02,9671.64,0,0.3102,1.0842,0,0
2026-08-27T20:15:44.103305+00:00,recon_service_discovery_v1,recon_service_discovery_v1__64a6a94ec148,reconnaissance,T1046,2,2,1.0,0.6878,0.3211,1578.91,3256.51,0.3564,16,33,2.2426,4.1586,1.379,0.4173,2.6309,1,0,0,0,0,0,0.4811,98.68,7.23,105.91,8392.1,9440.12,0,0.2089,0.0,0,0
2026-08-27T20:15:49.103305+00:00,recon_service_discovery_v1,recon_service_discovery_v1__64a6a94ec148,reconnaissance,T1046,1,1,-0.0,0.6913,0.3029,274.18,493.53,0.3122,5,9,1.2686,1.6461,1.409,0.1799,1.9489,0,0,0,0,0,0,0.5203,54.84,0.0,54.84,8550.8,8184.88,0,0.2163,1.0482,0,0
2026-08-27T20:15:54.103305+00:00,recon_service_discovery_v1,recon_service_discovery_v1__64a6a94ec148,reconnaissance,T1046,4,3,1.5,0.725,0.2758,691.12,863.91,0.3745,8,10,2.3955,5.3327,2.5042,0.7141,4.6465,2,1,0,0,0,0,0.7516,86.39,13.99,102.74,8087.27,9745.46,0,0.3248,1.4872,0,0
2026-08-27T20:15:59.103305+00:00,recon_service_discovery_v1,recon_service_discovery_v1__64a6a94ec148,reconnaissance,T1046,1,1,-0.0,0.7062,0.2886,388.14,1067.37,0.3372,4,11,1.338,3.0919,2.2969,0.5984,4.0919,0,0,0,0,0,0,0.3624,97.03,0.0,97.03,9198.75,7823.75,0,0.1865,0.0,0,0
2026-08-27T20:16:04.103305+00:00,recon_service_discovery_v1,recon_service_discovery_v1__64a6a94ec148,reconnaissance,T1046,2,2,1.0,0.722,0.2813,1637.33,3742.48,0.3867,14,32,1.6954,4.4709,1.2322,0.4174,2.4845,1,0,0,0,0,0,0.4353,116.95,12.78,129.74,9552.59,8163.16,0,0.2068,1.1531,0,0
2026-08-27T20:16:09.103305+00:00,recon_service_discovery_v1,recon_service_discovery_v1__64a6a94ec148,reconnaissance,T1046,4,4,1.835,0.7127,0.2837,7726.01,8721.65,0.3979,32,36,1.3951,3.2252,1.8037,0.5386,3.4195,1,1,0,0,0,0,0.8732,172.455,54.625,268.3375,8888.6775,8405.015,0,0.1911,1.9467,0,0
2026-08-27T20:16:14.103305+00:00,recon_service_discovery_v1,recon_service_discovery_v1__64a6a94ec148,reconnaissance,T1046,3,2,0.9183,0.6767,0.3514,594.19,7856.52,0.3327,9,119,2.1549,6.0972,2.2687,0.3002,3.1693,1,0,0,0,0,0,0.0751,66.02,12.46,75.75,7447.46,6812.36,0,0.2097,1.3817,0,0
2026-08-27T20:16:19.103305+00:00,recon_service_discovery_v1,recon_service_discovery_v1__64a6a94ec148,reconnaissance,T1046,2,2,1.0,0.6918,0.2862,1155.65,3466.96,0.3717,14,42,2.353,6.5151,1.7386,0.437,3.0497,1,0,0,0,0,0,0.3282,82.55,32.06,114.61,9007.49,8535.4,0,0.2327,1.086,0,0
2026-08-27T20:16:24.103305+00:00,recon_service_discovery_v1,recon_service_discovery_v1__64a6a94ec148,reconnaissance,T1046,1,1,-0.0,0.7051,0.3143,289.61,362.01,0.3449,4,5,1.8549,4.2703,2.727,0.9766,5.6567,0,0,0,0,0,0,0.7609,72.4,0.0,72.4,6749.1,8741.27,0,0.1961,1.1758,0,0
2026-08-27T20:16:29.103305+00:00,recon_service_discovery_v1,recon_service_discovery_v1__64a6a94ec148,reconnaissance,T1046,0,0,0.0,0.7138,0.2766,0.0,0.0,0.3934,0,0,2.0924,5.6255,2.4155,0.4609,3.7983,0,0,0,0,0,0,0.6898,110.27,0.0,110.27,8582.16,8127.03,0,0.1191,1.0624,0,0
2026-08-27T20:16:34.103305+00:00,recon_service_discovery_v1,recon_service_discovery_v1__64a6a94ec148,reconnaissance,T1046,8,6,2.5,0.669,0.3242,3761.2,0.0,0.2974,48,0,0.9263,1.2598,1.6859,0.3816,2.8308,4,1,0,1,0,0,0.0,78.36,20.02,111.13,8408.69,7598.82,0,0.3573,1.3728,0,0
2026-08-27T20:16:39.103305+00:00,recon_service_discovery_v1,recon_service_discovery_v1__64a6a94ec148,reconnaissance,T1046,3,2,0.9183,0.7123,0.3305,3852.49,5008.23,0.2945,30,39,1.1494,2.3193,1.8758,0.4548,3.2401,1,0,0,0,0,0,0.757,128.42,44.55,172.4,9423.01,10542.63,0,0.1844,0.0711,0,0
2026-08-27T20:16:44.103305+00:00,recon_service_discovery_v1,recon_service_discovery_v1__64a6a94ec148,reconnaissance,T1046,3,3,1.585,0.7071,0.2738,1465.86,2443.11,0.2658,15,25,0.9465,2.7461,1.649,0.5828,3.3973,1,0,0,0,0,0,0.5788,97.72,13.78,112.09,9811.16,8310.38,0,0.2419,0.9765,0,0
2026-08-27T20:16:49.103305+00:00,recon_service_discovery_v1,recon_service_discovery_v1__64a6a94ec148,reconnaissance,T1046,2,2,1.0,0.6481,0.3346,1889.58,3950.93,0.4038,22,46,2.2547,5.1837,1.8915,0.4478,3.235,1,0,0,0,0,0,0.4731,85.89,16.11,102.0,8951.56,7615.54,0,0.2235,1.1396,0,0
2026-08-27T20:16:54.103305+00:00,recon_service_discovery_v1,recon_service_discovery_v1__64a6a94ec148,reconnaissance,T1046,2,2,1.0,0.7002,0.2987,892.06,1003.57,0.3316,8,9,3.935,6.2079,2.4849,0.6776,4.5176,1,0,0,0,0,0,0.8357,111.51,21.9,133.41,7634.68,6990.63,0,0.2023,1.1111,0,0
2026-08-27T20:16:59.103305+00:00,recon_service_discovery_v1,recon_service_discovery_v1__64a6a94ec148,reconnaissance,T1046,4,4,2.0,0.6784,0.34,1096.26,1918.45,0.3329,12,21,2.2811,5.7887,1.8844,0.3055,2.8009,2,0,0,0,0,0,0.5649,91.35,21.39,116.2,8256.15,7681.09,0,0.2797,1.8625,0,0
2026-08-27T20:17:04.103305+00:00,recon_service_discovery_v1,recon_service_discovery_v1__64a6a94ec148,reconnaissance,T1046,3,3,1.585,0.7067,0.2983,1849.82,2671.96,0.2631,18,26,1.5564,2.2104,1.801,0.4321,3.0973,1,0,0,0,0,0,0.6917,102.77,39.9,154.46,8298.91,7373.14,0,0.2709,1.7443,0,0
2026-08-27T20:17:09.103305+00:00,recon_service_discovery_v1,recon_service_discovery_v1__64a6a94ec148,reconnaissance,T1046,2,2,1.0,0.6796,0.3082,736.6,883.91,0.3366,10,12,1.8277,3.5561,1.9626,0.7355,4.1689,1,0,0,0,0,0,0.7747,73.66,21.78,95.44,8524.05,10277.99,0,0.2167,1.0317,0,0
2026-08-27T20:17:14.103305+00:00,recon_service_discovery_v1,recon_service_discovery_v1__64a6a94ec148,reconnaissance,T1046,4,2,1.0,0.6649,0.3529,2762.19,5327.08,0.3885,28,54,1.6451,2.9683,2.1034,0.6307,3.9956,2,1,0,0,0,0,0.5161,98.65,50.3,156.63,7140.96,9831.49,0,0.2236,0.1217,0,0
2026-08-27T20:17:19.103305+00:00,recon_service_discovery_v1,recon_service_discovery_v1__64a6a94ec148,reconnaissance,T1046,2,2,1.0,0.7126,0.2905,1556.89,3113.78,0.3723,10,20,1.9901,2.7819,2.2874,0.7261,4.4656,1,0,0,0,0,0,0.4981,155.69,72.06,227.75,6865.05,7568.76,0,0.2191,1.029,0,0
2026-08-27T20:17:24.103305+00:00,recon_service_discovery_v1,recon_service_discovery_v1__64a6a94ec148,reconnaissance,T1046,1,1,-0.0,0.6825,0.3206,907.96,1210.61,0.3379,6,8,1.8062,4.9659,2.5153,0.7169,4.6659,0,0,0,0,0,0,0.6792,151.33,0.0,151.33,9177.41,8353.73,0,0.1909,0.0,0,0
2026-08-27T20:17:29.103305+00:00,recon_service_discovery_v1,recon_service_discovery_v1__64a6a94ec148,reconnaissance,T1046,4,3,1.5,0.656,0.352,2228.48,3157.01,0.3562,24,34,1.3664,2.2748,1.8904,0.6779,3.924,2,0,0,0,0,0,0.6908,92.85,15.05,117.84,9337.33,8753.21,0,0.2854,0.8056,0,0
2026-08-27T20:17:34.103305+00:00,recon_service_discovery_v1,recon_service_discovery_v1__64a6a94ec148,reconnaissance,T1046,7,4,1.8424,0.6631,0.3023,4424.18,8396.91,0.3042,49,93,2.4686,4.4953,1.8047,0.446,3.1428,4,1,0,1,0,0,0.5257,90.29,22.97,124.88,9238.52,9191.33,0,0.2828,0.0,0,0
2026-08-27T20:17:39.103305+00:00,recon_service_discovery_v1,recon_service_discovery_v1__64a6a94ec148,reconnaissance,T1046,2,2,1.0,0.7222,0.3121,980.62,1470.93,0.3629,10,15,1.2285,2.3741,2.609,0.907,5.3299,1,0,0,0,0,0,0.6403,98.06,32.09,130.16,9518.14,7410.86,0,0.2173,0.9969,0,0
2026-08-27T20:17:44.103305+00:00,recon_service_discovery_v1,recon_service_discovery_v1__64a6a94ec148,reconnaissance,T1046,3,3,1.585,0.6871,0.3161,2031.02,3385.03,0.4029,21,35,1.3487,3.4023,2.3242,0.7748,4.6487,1,0,0,0,0,0,0.5879,96.72,2.4,98.56,10124.54,7963.15,0,0.2048,0.7985,0,0
2026-08-27T20:17:49.103305+00:00,recon_service_discovery_v1,recon_service_discovery_v1__64a6a94ec148,reconnaissance,T1046,0,0,0.0,0.6711,0.3321,0.0,0.0,0.3253,0,0,3.2084,5.1879,1.8376,0.6401,3.7579,0,0,0,0,0,0,0.6995,141.56,0.0,141.56,6268.93,6294.72,0,0.166,1.4566,0,0
2026-08-27T20:17:54.103305+00:00,recon_service_discovery_v1,recon_service_discovery_v1__64a6a94ec148,reconnaissance,T1046,2,1,-0.0,0.6846,0.3363,1084.8,1559.4,0.3546,16,23,2.0858,4.8191,2.1458,0.7388,4.3622,1,0,0,0,0,0,0.6887,67.8,0.94,68.74,7524.77,8058.58,0,0.1073,1.1016,0,0
2026-08-27T20:17:59.103305+00:00,recon_service_discovery_v1,recon_service_discovery_v1__64a6a94ec148,reconnaissance,T1046,2,2,1.0,0.7002,0.2719,701.43,1052.14,0.4114,8,12,1.5193,3.2877,1.2506,0.2173,1.9023,1,0,0,0,0,0,0.6279,87.68,0.82,88.5,7506.86,7627.48,0,0.1874,1.1049,0,0
2026-08-27T20:18:04.103305+00:00,recon_service_discovery_v1,recon_service_discovery_v1__64a6a94ec148,reconnaissance,T1046,3,3,1.585,0.7224,0.28,1497.22,2096.11,0.2288,15,21,3.1962,6.5816,2.2229,0.5665,3.9225,1,0,0,0,0,0,0.6965,99.81,4.15,103.59,8472.33,7698.77,0,0.2618,1.2348,0,0
2026-08-27T20:18:09.103305+00:00,recon_service_discovery_v1,recon_service_discovery_v1__64a6a94ec148,reconnaissance,T1046,2,2,1.0,0.6598,0.335,876.22,1577.2,0.3218,10,18,1.4972,2.7753,2.754,0.6165,4.6035,1,0,0,0,0,0,0.5508,87.62,15.86,103.48,8661.98,9397.19,0,0.2023,0.9207,0,0
2026-08-27T20:18:14.103305+00:00,recon_service_discovery_v1,recon_service_discovery_v1__64a6a94ec148,reconnaissance,T1046,1,1,-0.0,0.6721,0.327,504.37,1008.74,0.2528,8,16,2.9228,7.5554,1.9173,0.4323,3.2143,0,0,0,0,0,0,0.4951,63.05,0.0,63.05,8025.9,9101.6,0,0.1512,1.2369,0,0
2026-08-27T20:18:19.103305+00:00,recon_service_discovery_v1,recon_service_discovery_v1__64a6a94ec148,reconnaissance,T1046,4,3,1.5,0.7138,0.2988,2678.84,2827.67,0.3071,36,38,2.023,3.6107,1.6181,0.3608,2.7006,2,1,0,0,0,0,0.945,74.41,21.54,98.65,8154.86,10005.47,0,0.2,0.3481,0,0
2026-08-27T20:18:24.103305+00:00,recon_service_discovery_v1,recon_service_discovery_v1__64a6a94ec148,reconnaissance,T1046,2,2,1.0,0.6681,0.2999,685.33,1028.0,0.3408,6,9,1.1263,2.7543,2.3221,0.5265,3.9015,1,0,0,0,0,0,0.6246,114.22,26.4,140.62,8241.65,8727.15,0,0.1935,1.2272,0,0
2026-08-27T20:18:29.103305+00:00,recon_service_discovery_v1,recon_service_discovery_v1__64a6a94ec148,reconnaissance,T1046,4,3,1.5,0.7137,0.3133,1146.22,1432.77,0.3603,12,15,2.6509,5.2086,1.998,0.575,3.7229,2,1,0,0,0,0,0.7617,95.52,1.7,97.39,9107.83,7153.1,0,0.2542,1.2379,0,0
2026-08-27T20:18:34.103305+00:00,recon_service_discovery_v1,recon_service_discovery_v1__64a6a94ec148,reconnaissance,T1046,1,1,-0.0,0.6771,0.3254,592.62,761.95,0.3401,7,9,2.5358,7.3993,1.9164,0.648,3.8605,0,0,0,0,0,0,0.7163,84.66,0.0,84.66,7570.77,8247.52,0,0.2353,0.0,0,0
2026-08-27T20:18:39.103305+00:00,recon_service_discovery_v1,recon_service_discovery_v1__64a6a94ec148,reconnaissance,T1046,6,5,2.2516,0.753,0.267,4358.23,9131.52,0.3677,42,88,1.714,2.8021,2.0279,0.6911,4.1011,3,1,0,1,0,0,0.4734,103.77,24.5,141.97,9934.88,9256.57,0,0.3125,1.1127,0,0
2026-08-27T20:18:44.103305+00:00,recon_service_discovery_v1,recon_service_discovery_v1__64a6a94ec148,reconnaissance,T1046,2,2,1.0,0.6441,0.346,2223.77,4030.57,0.3507,16,29,3.0494,5.4047,2.6869,0.4704,4.0982,1,0,0,0,0,0,0.5353,138.99,35.84,174.82,8549.76,8893.6,0,0.2279,0.4794,0,0
2026-08-27T20:18:49.103305+00:00,recon_service_discovery_v1,recon_service_discovery_v1__64a6a94ec148,reconnaissance,T1046,2,2,1.0,0.7085,0.2825,1254.65,2404.74,0.2744,12,23,1.9279,4.2849,1.941,0.4564,3.3103,1,0,0,0,0,0,0.5133,104.55,27.27,131.83,6921.36,7148.28,0,0.2353,1.0029,0,0
2026-08-27T20:18:54.103305+00:00,recon_service_discovery_v1,recon_service_discovery_v1__64a6a94ec148,reconnaissance,T1046,5,4,1.9219,0.7043,0.3219,4184.03,9121.19,0.4137,50,109,3.1636,5.7001,1.7353,0.4997,3.2343,3,1,0,0,0,0,0.4563,83.68,28.73,137.31,8709.09,8843.53,0,0.2651,0.4304,0,0
2026-08-27T20:18:59.103305+00:00,recon_service_discovery_v1,recon_service_discovery_v1__64a6a94ec148,reconnaissance,T1046,2,2,1.0,0.7071,0.3011,2327.82,3491.73,0.4007,24,36,3.1884,4.8268,2.076,0.3133,3.0159,1,0,0,0,0,0,0.6634,96.99,13.71,110.7,8931.07,9015.53,0,0.2161,0.0,0,0
2026-08-27T20:19:04.103305+00:00,recon_service_discovery_v1,recon_service_discovery_v1__64a6a94ec148,reconnaissance,T1046,1,1,-0.0,0.7057,0.2862,1321.23,3303.08,0.3546,8,20,2.3294,3.6132,1.9199,0.6615,3.9045,0,0,0,0,0,0,0.3923,165.15,0.0,165.15,6864.31,6628.82,0,0.1882,0.3688,0,0
2026-08-27T20:19:09.103305+00:00,recon_service_discovery_v1,recon_service_discovery_v1__64a6a94ec148,reconnaissance,T1046,4,4,2.0,0.6519,0.3222,7028.2,7796.91,0.3678,64,71,3.1834,8.7266,2.1863,0.3008,3.0886,2,0,0,0,0,0,0.8904,109.82,43.48,170.09,8065.95,7479.66,0,0.296,1.2568,0,0
2026-08-27T20:19:14.103305+00:00,recon_service_discovery_v1,recon_service_discovery_v1__64a6a94ec148,reconnaissance,T1046,5,4,1.9219,0.6713,0.332,2152.37,11708.91,0.3683,25,136,1.5589,2.0681,1.3199,0.2716,2.1349,2,1,0,1,0,0,0.1831,86.09,19.88,107.84,7066.21,9132.76,0,0.3308,1.1135,0,0
2026-08-27T20:19:19.103305+00:00,recon_service_discovery_v1,recon_service_discovery_v1__64a6a94ec148,reconnaissance,T1046,1,1,-0.0,0.7064,0.2875,759.21,1771.49,0.3379,9,21,2.0282,2.4933,1.9881,0.7087,4.1142,0,0,0,0,0,0,0.414,84.36,0.0,84.36,9388.18,7825.33,0,0.1242,1.6986,0,0
2026-08-27T20:19:24.103305+00:00,recon_service_discovery_v1,recon_service_discovery_v1__64a6a94ec148,reconnaissance,T1046,1,1,-0.0,0.6968,0.3153,1127.31,1972.79,0.3142,8,14,2.9466,7.8717,2.1451,0.5333,3.745,0,0,0,0,0,0,0.57,140.91,0.0,140.91,7183.25,8155.5,0,0.1583,0.6565,0,0
2026-08-27T20:19:29.103305+00:00,recon_service_discovery_v1,recon_service_discovery_v1__64a6a94ec148,reconnaissance,T1046,2,2,1.0,0.6416,0.3599,1086.61,1474.69,0.3833,14,19,2.564,6.6933,2.0487,0.5131,3.5879,1,0,0,0,0,0,0.7005,77.62,28.11,105.73,7303.0,8630.54,0,0.2378,0.739,0,0
2026-08-27T20:19:34.103305+00:00,recon_service_discovery_v1,recon_service_discovery_v1__64a6a94ec148,reconnaissance,T1046,2,2,1.0,0.6964,0.3523,990.65,1882.23,0.3418,10,19,3.1109,4.5964,2.71,0.9728,5.6283,1,0,0,0,0,0,0.5145,99.06,22.84,121.9,8636.46,6882.81,0,0.2024,0.9981,0,0
2026-08-27T20:19:39.103305+00:00,recon_service_discovery_v1,recon_service_discovery_v1__64a6a94ec148,reconnaissance,T1046,2,2,1.0,0.6502,0.3397,1666.36,10970.2,0.3599,12,79,1.2994,2.4458,1.6643,0.4879,3.1279,1,0,0,0,0,0,0.1504,138.86,38.78,177.65,7311.73,6855.66,0,0.1808,0.0,0,0
2026-08-27T20:19:44.103305+00:00,recon_service_discovery_v1,recon_service_discovery_v1__64a6a94ec148,reconnaissance,T1046,3,3,1.585,0.6601,0.3215,2062.88,1787.83,0.4006,30,26,1.0358,2.436,1.6865,0.6269,3.5672,1,0,0,0,0,0,1.1179,68.76,9.25,80.47,9151.56,8336.29,0,0.2667,0.5972,0,0
2026-08-27T20:19:49.103305+00:00,recon_service_discovery_v1,recon_service_discovery_v1__64a6a94ec148,reconnaissance,T1046,2,2,1.0,0.7011,0.3146,708.3,1062.44,0.3328,8,12,1.0535,1.7081,1.8579,0.602,3.6638,1,0,0,0,0,0,0.646,88.54,12.84,101.38,7363.64,8464.2,0,0.2468,0.5528,0,0
2026-08-27T20:19:54.103305+00:00,recon_service_discovery_v1,recon_service_discovery_v1__64a6a94ec148,reconnaissance,T1046,2,2,1.0,0.6938,0.2776,1418.71,2660.09,0.4158,16,30,1.3835,2.9724,1.8516,0.2583,2.6265,1,0,0,0,0,0,0.518,88.67,16.86,105.53,8422.31,7632.28,0,0.2273,0.6183,0,0
2026-08-27T20:19:59.103305+00:00,recon_service_discovery_v1,recon_service_discovery_v1__64a6a94ec148,reconnaissance,T1046,6,6,2.585,0.7435,0.2732,9274.01,10110.9725,0.3472,50,51,1.3843,2.6632,1.8992,0.5436,3.5301,2,2,0,1,0,0,0.9562,178.26,46.3225,262.0825,7691.715,8238.3125,0,0.274,2.3095,0,0
2026-08-27T20:20:04.103305+00:00,recon_service_discovery_v1,recon_service_discovery_v1__64a6a94ec148,reconnaissance,T1046,2,1,-0.0,0.7196,0.2762,258.86,582.43,0.3173,4,9,2.9369,8.7394,1.9554,0.2796,2.7943,1,0,0,0,0,0,0.4304,64.71,7.06,71.78,9069.19,6882.99,0,0.1482,0.8212,0,0
2026-08-27T20:20:09.103305+00:00,recon_service_discovery_v1,recon_service_discovery_v1__64a6a94ec148,reconnaissance,T1046,4,4,2.0,0.6716,0.3334,2661.54,4907.22,0.2787,32,59,1.0669,2.7914,1.9659,0.3835,3.1163,2,0,0,0,0,0,0.537,83.17,33.75,138.96,7085.6,7443.73,0,0.2818,0.585,0,0
2026-08-27T20:20:14.103305+00:00,recon_service_discovery_v1,recon_service_discovery_v1__64a6a94ec148,reconnaissance,T1046,0,0,0.0,0.6667,0.3063,0.0,0.0,0.3819,0,0,2.7756,7.0541,2.1289,0.4916,3.6037,0,0,0,0,0,0,0.655,61.95,0.0,61.95,7643.96,9471.71,0,0.1612,1.073,0,0
2026-08-27T20:20:19.103305+00:00,recon_service_discovery_v1,recon_service_discovery_v1__64a6a94ec148,reconnaissance,T1046,4,4,1.835,0.7181,0.279,7020.7625,8233.85,0.462,20,26,1.3277,1.6548,1.6658,0.2493,2.4138,1,1,0,0,0,0,0.6544,182.25,45.49,261.13,7431.7875,7731.7325,0,0.2239,2.2931,0,0
2026-08-27T20:20:24.103305+00:00,recon_service_discovery_v1,recon_service_discovery_v1__64a6a94ec148,reconnaissance,T1046,3,3,1.3962,0.7322,0.2624,7566.2075,9651.5075,0.3282,26,41,1.7074,2.8088,1.4394,0.3236,2.4101,1,1,0,0,0,0,0.5702,188.9175,39.6625,262.555,7957.44,8560.6475,0,0.178,1.9875,0,0
2026-08-27T20:20:29.103305+00:00,recon_service_discovery_v1,recon_service_discovery_v1__64a6a94ec148,reconnaissance,T1046,2,2,0.6462,0.7148,0.3009,6695.8325,7652.435,0.3854,16,20,1.8196,2.7032,1.9915,0.4213,3.2554,0,1,0,0,0,0,0.7196,179.385,36.9325,250.2925,7968.345,8125.1825,0,0.1492,1.329,0,0
2026-08-27T20:20:34.103305+00:00,recon_service_discovery_v1,recon_service_discovery_v1__64a6a94ec148,reconnaissance,T1046,1,1,-0.0,0.6911,0.3061,652.64,1223.7,0.3843,8,15,0.9535,1.7169,2.0168,0.3131,2.956,0,0,0,0,0,0,0.5135,81.58,0.0,81.58,7356.12,10147.32,0,0.2062,1.0219,0,0
2026-08-27T20:20:39.103305+00:00,recon_service_discovery_v1,recon_service_discovery_v1__64a6a94ec148,reconnaissance,T1046,0,0,0.0,0.7038,0.3082,0.0,0.0,0.3457,0,0,1.5541,2.4308,1.8432,0.6908,3.9155,0,0,0,0,0,0,0.6802,115.47,0.0,115.47,7532.46,7834.49,0,0.169,0.7338,0,0
2026-08-27T20:20:44.103305+00:00,recon_service_discovery_v1,recon_service_discovery_v1__64a6a94ec148,reconnaissance,T1046,4,3,1.5,0.6804,0.2984,2072.39,5491.83,0.2983,20,53,2.1273,2.8884,2.42,0.6402,4.3406,2,0,0,0,0,0,0.3753,103.62,24.66,126.49,7538.43,6564.55,0,0.2695,0.7757,0,0
2026-08-27T20:20:49.103305+00:00,recon_service_discovery_v1,recon_service_discovery_v1__64a6a94ec148,reconnaissance,T1046,1,1,-0.0,0.7093,0.3081,259.56,324.44,0.3967,4,5,2.001,5.0016,1.9152,0.4937,3.3964,0,0,0,0,0,0,0.7235,64.89,0.0,64.89,7325.5,6810.16,0,0.1946,1.2404,0,0
2026-08-27T20:20:54.103305+00:00,recon_service_discovery_v1,recon_service_discovery_v1__64a6a94ec148,reconnaissance,T1046,3,1,-0.0,0.6415,0.3721,1320.56,2465.04,0.3544,15,28,1.2339,3.4881,1.6889,0.2188,2.3453,1,0,0,0,0,0,0.5261,88.04,23.52,118.26,6791.81,7699.69,0,0.1954,2.0071,0,0
2026-08-27T20:20:59.103305+00:00,recon_service_discovery_v1,recon_service_discovery_v1__64a6a94ec148,reconnaissance,T1046,5,4,1.9219,0.7163,0.2767,2162.47,3243.71,0.1911,30,45,0.9826,1.5376,1.6229,0.2181,2.2773,3,1,0,1,0,0,0.6625,72.08,21.65,113.32,8024.54,7708.96,0,0.2796,1.0266,0,0
2026-08-27T20:21:04.103305+00:00,recon_service_discovery_v1,recon_service_discovery_v1__64a6a94ec148,reconnaissance,T1046,3,3,1.585,0.6508,0.3471,1218.67,1787.38,0.3932,15,22,1.8648,3.3238,2.5041,0.3355,3.5106,1,0,0,0,0,0,0.6809,81.24,29.04,112.25,7233.31,8391.28,0,0.3093,0.8056,0,0
2026-08-27T20:21:09.103305+00:00,recon_service_discovery_v1,recon_service_discovery_v1__64a6a94ec148,reconnaissance,T1046,2,2,1.0,0.7161,0.2996,1541.43,1445.09,0.4207,16,15,1.9436,5.5749,1.5487,0.5285,3.1342,1,0,0,0,0,0,1.0124,96.34,6.86,103.2,8360.42,8261.38,0,0.2055,1.6648,0,0
2026-08-27T20:21:14.103305+00:00,recon_service_discovery_v1,recon_service_discovery_v1__64a6a94ec148,reconnaissance,T1046,3,2,0.9183,0.7215,0.2786,2693.15,4847.68,0.3434,30,54,2.4107,6.952,2.2463,0.412,3.4822,1,0,0,0,0,0,0.5498,89.77,13.27,108.2,8860.62,7813.84,0,0.2731,2.282,0,0
2026-08-27T20:21:19.103305+00:00,recon_service_discovery_v1,recon_service_discovery_v1__64a6a94ec148,reconnaissance,T1046,3,3,1.3962,0.7162,0.3075,7797.215,8550.3875,0.4248,26,26,2.1993,2.9332,1.7693,0.4504,3.1204,1,1,0,0,0,0,0.9752,203.355,63.565,300.895,8812.0725,8564.9675,0,0.1391,2.1058,0,0
2026-08-27T20:21:24.103305+00:00,recon_service_discovery_v1,recon_service_discovery_v1__64a6a94ec148,reconnaissance,T1046,5,5,2.3219,0.6743,0.3421,397.8,477.36,0.4561,5,6,2.2147,3.3727,2.3359,0.6562,4.3045,2,1,0,1,0,0,0.7415,79.56,23.25,113.73,8905.1,8281.91,0,0.3057,1.3547,0,0
2026-08-27T20:21:29.103305+00:00,recon_service_discovery_v1,recon_service_discovery_v1__64a6a94ec148,reconnaissance,T1046,1,1,-0.0,0.7411,0.2808,761.36,1087.66,0.3543,7,10,1.052,2.1994,1.5447,0.3336,2.5455,0,0,0,0,0,0,0.6624,108.77,0.0,108.77,7428.99,8138.33,0,0.1595,0.9261,0,0
2026-08-27T20:21:34.103305+00:00,recon_service_discovery_v1,recon_service_discovery_v1__64a6a94ec148,reconnaissance,T1046,5,3,1.371,0.6821,0.3201,4410.2,9838.14,0.3943,65,145,1.6381,4.8326,1.6256,0.2753,2.4515,3,1,0,1,0,0,0.4471,67.85,19.55,101.02,7291.36,7346.28,0,0.2859,0.7603,0,0
2026-08-27T20:21:39.103305+00:00,recon_service_discovery_v1,recon_service_discovery_v1__64a6a94ec148,reconnaissance,T1046,1,1,-0.0,0.706,0.2884,428.58,642.87,0.288,6,9,1.3998,3.696,2.6094,0.6276,4.4921,0,0,0,0,0,0,0.601,71.43,0.0,71.43,8025.42,8426.28,0,0.1686,0.0,0,0
2026-08-27T20:21:44.103305+00:00,recon_service_discovery_v1,recon_service_discovery_v1__64a6a94ec148,reconnaissance,T1046,5,5,2.3219,0.6982,0.2894,3928.58,4976.2,0.3602,45,57,1.8402,3.5336,1.7917,0.3175,2.7441,3,0,0,0,0,0,0.7838,87.3,25.11,120.01,8444.14,10237.81,0,0.324,1.9459,0,0
2026-08-27T20:21:49.103305+00:00,recon_service_discovery_v1,recon_service_discovery_v1__64a6a94ec148,reconnaissance,T1046,2,2,1.0,0.7054,0.3056,1082.16,1391.35,0.3855,14,18,1.31,2.1108,1.3472,0.4958,2.8347,1,0,0,0,0,0,0.7697,77.3,28.87,106.16,6583.98,9238.25,0,0.2583,1.2839,0,0
2026-08-27T20:21:54.103305+00:00,recon_service_discovery_v1,recon_service_discovery_v1__64a6a94ec148,reconnaissance,T1046,2,2,1.0,0.6931,0.2972,861.25,1980.88,0.399,10,23,1.6775,3.1337,2.2151,0.3265,3.1945,1,0,0,0,0,0,0.4224,86.13,27.35,113.48,7832.27,9036.17,0,0.1567,1.2947,0,0
2026-08-27T20:21:59.103305+00:00,recon_service_discovery_v1,recon_service_discovery_v1__64a6a94ec148,reconnaissance,T1046,2,2,1.0,0.746,0.2246,2391.54,3478.61,0.3248,22,32,3.301,9.5989,2.4105,0.5076,3.9335,1,0,0,0,0,0,0.6723,108.71,18.52,127.23,9428.87,8238.58,0,0.2248,1.2819,0,0
2026-08-27T20:22:04.103305+00:00,recon_service_discovery_v1,recon_service_discovery_v1__64a6a94ec148,reconnaissance,T1046,3,3,1.585,0.7259,0.3126,779.35,1472.1,0.3633,9,17,2.4075,6.3049,1.7038,0.3909,2.8765,1,0,0,0,0,0,0.5213,86.59,9.75,98.73,6628.2,7615.22,0,0.2755,0.7928,0,0
2026-08-27T20:22:09.103305+00:00,recon_service_discovery_v1,recon_service_discovery_v1__64a6a94ec148,reconnaissance,T1046,3,3,1.585,0.6945,0.3002,997.35,1994.69,0.2957,9,18,1.1292,3.1588,2.1968,0.4269,3.4775,1,0,0,0,0,0,0.4998,110.82,31.91,153.98,9127.98,7413.96,0,0.2622,0.9455,0,0
2026-08-27T20:22:14.103305+00:00,recon_service_discovery_v1,recon_service_discovery_v1__64a6a94ec148,reconnaissance,T1046,3,3,1.3962,0.7155,0.2991,7284.98,9985.8725,0.3926,26,54,1.4769,2.2367,1.483,0.2884,2.3485,1,1,0,0,0,0,0.4498,171.3375,47.89,253.21,7189.68,8792.345,0,0.1532,1.853,0,0
2026-08-27T20:22:19.103305+00:00,recon_service_discovery_v1,recon_service_discovery_v1__64a6a94ec148,reconnaissance,T1046,1,1,-0.0,0.7044,0.2988,198.99,278.59,0.4153,5,7,2.4386,5.9957,2.0147,0.6232,3.8844,0,0,0,0,0,0,0.6876,39.8,0.0,39.8,7462.33,7478.62,0,0.189,0.5508,0,0
2026-08-27T20:22:24.103305+00:00,recon_service_discovery_v1,recon_service_discovery_v1__64a6a94ec148,reconnaissance,T1046,1,1,-0.0,0.6863,0.3433,497.31,1243.27,0.457,6,15,3.6809,6.8965,2.6239,0.8028,5.0323,0,0,0,0,0,0,0.3764,82.88,0.0,82.88,8334.9,8735.86,0,0.089,1.7329,0,0
2026-08-27T20:22:29.103305+00:00,recon_service_discovery_v1,recon_service_discovery_v1__64a6a94ec148,reconnaissance,T1046,3,3,1.3962,0.7639,0.2373,7499.765,9988.46,0.4109,22,38,2.1197,3.6628,1.9106,0.5368,3.521,1,1,0,0,0,0,0.5082,206.4975,40.6675,281.14,7875.2175,9441.935,0,0.1703,1.5238,0,0
2026-08-27T20:22:34.103305+00:00,recon_service_discovery_v1,recon_service_discovery_v1__64a6a94ec148,reconnaissance,T1046,3,3,1.585,0.6852,0.3223,1207.34,1274.41,0.3134,18,19,1.591,4.1104,2.9273,0.9918,5.9027,1,0,0,0,0,0,0.9263,67.07,21.04,95.76,8636.04,8438.57,0,0.3177,0.8756,0,0
2026-08-27T20:22:39.103305+00:00,recon_service_discovery_v1,recon_service_discovery_v1__64a6a94ec148,reconnaissance,T1046,3,3,1.585,0.7299,0.2579,2760.87,2928.19,0.3194,33,35,2.1084,3.6069,2.6289,0.9653,5.5248,1,0,0,0,0,0,0.9198,83.66,25.25,118.38,7802.57,6896.19,0,0.2863,0.5684,0,0
2026-08-27T20:22:44.103305+00:00,recon_service_discovery_v1,recon_service_discovery_v1__64a6a94ec148,reconnaissance,T1046,2,2,1.0,0.6622,0.3287,1082.23,1555.71,0.414,16,23,1.8038,4.1135,1.8648,0.2423,2.5917,1,0,0,0,0,0,0.6927,67.64,0.08,67.72,9653.25,6773.21,0,0.2247,0.9659,0,0
2026-08-27T20:22:49.103305+00:00,recon_service_discovery_v1,recon_service_discovery_v1__64a6a94ec148,reconnaissance,T1046,4,4,2.0,0.6634,0.3128,2674.71,10615.27,0.3176,32,127,1.1991,3.3631,1.9036,0.2721,2.72,2,1,0,0,0,0,0.2519,83.58,10.5,95.95,8318.93,7436.43,0,0.3217,0.6926,0,0
2026-08-27T20:22:54.103305+00:00,recon_service_discovery_v1,recon_service_discovery_v1__64a6a94ec148,reconnaissance,T1046,1,1,-0.0,0.6974,0.2835,648.84,793.02,0.3268,9,11,0.9634,2.2989,1.6871,0.3804,2.8282,0,0,0,0,0,0,0.7611,72.09,0.0,72.09,7853.81,8913.74,0,0.1901,1.3637,0,0
2026-08-27T20:22:59.103305+00:00,recon_service_discovery_v1,recon_service_discovery_v1__64a6a94ec148,reconnaissance,T1046,3,3,1.585,0.7031,0.262,1280.29,2880.66,0.3235,12,27,1.796,4.941,2.6189,0.675,4.644,1,0,0,0,0,0,0.4422,106.69,44.76,169.66,7789.68,7137.04,0,0.2834,1.3365,0,0
2026-08-27T20:23:04.103305+00:00,recon_service_discovery_v1,recon_service_discovery_v1__64a6a94ec148,reconnaissance,T1046,0,0,0.0,0.7299,0.2696,0.0,0.0,0.3113,0,0,2.6049,3.1964,2.4268,0.6128,4.2652,0,0,0,0,0,0,0.4457,92.92,0.0,92.92,7709.72,8863.08,0,0.1515,1.2235,0,0
2026-08-27T20:23:09.103305+00:00,recon_service_discovery_v1,recon_service_discovery_v1__64a6a94ec148,reconnaissance,T1046,2,2,0.6462,0.7439,0.2713,7204.97,8707.175,0.4227,20,28,1.6334,4.3675,1.3393,0.2331,2.0385,0,1,0,0,0,0,0.6027,202.7175,36.9325,273.625,8464.4625,8405.48,0,0.1345,1.5351,0,0
2026-08-27T20:23:14.103305+00:00,recon_service_discovery_v1,recon_service_discovery_v1__64a6a94ec148,reconnaissance,T1046,1,1,-0.0,0.7218,0.2587,695.57,993.67,0.3399,7,10,3.6911,4.858,2.6159,0.3806,3.7577,0,0,0,0,0,0,0.6634,99.37,0.0,99.37,10172.16,7678.63,0,0.2024,1.6341,0,0
2026-08-27T20:23:19.103305+00:00,recon_service_discovery_v1,recon_service_discovery_v1__64a6a94ec148,reconnaissance,T1046,5,5,2.3219,0.6606,0.352,3586.82,5943.87,0.4085,35,58,1.4045,4.0837,1.7627,0.4972,3.2544,2,1,0,0,0,0,0.6011,102.48,26.0,132.11,9118.23,8719.25,0,0.3422,0.5549,0,0
2026-08-27T20:23:24.103305+00:00,recon_service_discovery_v1,recon_service_discovery_v1__64a6a94ec148,reconnaissance,T1046,0,0,0.0,0.6978,0.326,0.0,0.0,0.2589,0,0,1.5731,2.7124,1.8264,0.5616,3.5111,0,0,0,0,0,0,0.5728,85.64,0.0,85.64,7327.96,7644.57,0,0.1107,0.7518,0,0
2026-08-27T20:23:29.103305+00:00,recon_service_discovery_v1,recon_service_discovery_v1__64a6a94ec148,reconnaissance,T1046,2,2,0.6462,0.7298,0.2679,7788.32,11155.6025,0.4347,21,37,1.4418,3.451,1.8548,0.6618,3.8403,0,1,0,0,0,0,0.476,252.7425,36.9325,323.65,8724.69,8517.6875,0,0.1146,1.8307,0,0
2026-08-27T20:23:34.103305+00:00,recon_service_discovery_v1,recon_service_discovery_v1__64a6a94ec148,reconnaissance,T1046,0,0,0.0,0.7064,0.2535,0.0,0.0,0.3765,0,0,2.8289,5.1161,2.2897,0.779,4.6267,0,0,0,0,0,0,0.7449,74.62,0.0,74.62,8169.4,5895.85,0,0.1577,1.2106,0,0
2026-08-27T20:23:39.103305+00:00,recon_service_discovery_v1,recon_service_discovery_v1__64a6a94ec148,reconnaissance,T1046,0,0,0.0,0.6995,0.296,0.0,0.0,0.2907,0,0,0.9752,2.274,1.7001,0.5981,3.4944,0,0,0,0,0,0,0.8302,93.96,0.0,93.96,9008.16,8171.53,0,0.1773,1.6257,0,0
2026-08-27T20:23:44.103305+00:00,recon_service_discovery_v1,recon_service_discovery_v1__64a6a94ec148,reconnaissance,T1046,4,4,1.7712,0.7504,0.2491,7132.775,8476.9025,0.4418,22,31,0.9943,1.9036,1.6006,0.2751,2.4259,2,2,0,0,0,0,0.643,175.9125,49.255,265.78,7258.365,7391.6225,0,0.2198,1.7977,0,0
2026-08-27T20:23:49.103305+00:00,recon_service_discovery_v1,recon_service_discovery_v1__64a6a94ec148,reconnaissance,T1046,1,1,-0.0,0.729,0.2804,482.69,603.37,0.4056,4,5,2.7619,7.2599,2.3339,0.8357,4.8411,0,0,0,0,0,0,0.7316,120.67,0.0,120.67,8846.64,8032.39,0,0.1838,1.2025,0,0
2026-08-27T20:23:54.103305+00:00,recon_service_discovery_v1,recon_service_discovery_v1__64a6a94ec148,reconnaissance,T1046,4,4,2.0,0.6859,0.3278,2155.04,2514.21,0.3046,24,28,1.9977,4.8445,1.4914,0.2627,2.2795,2,0,0,0,0,0,0.8356,89.79,17.84,120.44,8355.99,8491.58,0,0.2289,0.6484,0,0
2026-08-27T20:23:59.103305+00:00,recon_service_discovery_v1,recon_service_discovery_v1__64a6a94ec148,reconnaissance,T1046,1,1,-0.0,0.7098,0.2778,297.24,424.62,0.3544,7,10,2.3528,6.7886,2.2597,0.363,3.3487,0,0,0,0,0,0,0.637,42.46,0.0,42.46,9200.04,9203.02,0,0.1709,1.793,0,0
2026-08-27T20:24:04.103305+00:00,recon_service_discovery_v1,recon_service_discovery_v1__64a6a94ec148,reconnaissance,T1046,3,3,1.585,0.6904,0.3274,2071.41,3624.96,0.3733,24,42,1.38,2.6514,2.0533,0.5761,3.7817,1,0,0,0,0,0,0.5618,86.31,18.57,107.32,7722.43,9339.76,0,0.2758,1.4353,0,0
2026-08-27T20:24:09.103305+00:00,recon_service_discovery_v1,recon_service_discovery_v1__64a6a94ec148,reconnaissance,T1046,4,4,2.0,0.706,0.3054,1603.42,1924.1,0.4296,20,24,2.6366,5.3741,2.5626,0.408,3.7866,2,0,0,0,0,0,0.8331,80.17,11.93,92.42,7294.66,9579.6,0,0.2697,1.5856,0,0
2026-08-27T20:24:14.103305+00:00,recon_service_discovery_v1,recon_service_discovery_v1__64a6a94ec148,reconnaissance,T1046,3,3,1.585,0.7158,0.2879,2019.25,3365.41,0.3795,18,30,1.8747,3.3905,2.4456,0.4815,3.8901,1,0,0,0,0,0,0.5942,112.18,44.06,169.15,8455.48,5874.97,0,0.2328,0.6032,0,0
