timestamp,persona_id,run_id,mitre_stage,technique_id,flow_count,unique_dst_ports,dest_port_entropy,tcp_ratio,udp_ratio,bytes_fwd_sum,bytes_bwd_sum,bidirectional_ratio,pkts_fwd_sum,pkts_bwd_sum,duration_mean,duration_max,iat_mean,iat_std,iat_max,syn_flag_sum,ack_flag_sum,fin_flag_sum,rst_flag_sum,psh_flag_sum,urg_flag_sum,down_up_ratio_mean,pkt_len_mean,pkt_len_std,pkt_len_max,init_fwd_win_mean,init_bwd_win_mean,fwd_psh_flags_sum,port_scan_score,ttl_variance,ip_fragment_flags,retransmit_count
2026-09-09T14:50:59.802069+00:00,web_sql_injection_v1,web_sql_injection_v1__run_001,initial_access,T1190,4,4,2.0,1.0,0.0057,17125.8,9786.17,0.7295,28,16,0.9252,2.7269,0.6925,0.0963,0.9814,0,2,0,0,0,0,1.6642,611.64,334.31,1134.97,9162.11,7456.27,0,0.0,3.7443,0,0
2026-09-09T14:51:04.802069+00:00,web_sql_injection_v1,web_sql_injection_v1__run_001,initial_access,T1190,5,4,1.9219,0.9722,0.0,21246.95,13456.4,0.717,30,19,0.3186,0.5639,0.5463,0.1305,0.9378,1,2,0,0,1,0,1.5113,708.23,86.96,814.27,8740.55,9012.04,0,0.0,4.1596,0,0
2026-09-09T14:51:09.802069+00:00,web_sql_injection_v1,web_sql_injection_v1__run_001,initial_access,T1190,4,2,1.0,0.9682,0.0398,18134.41,8419.55,0.8353,28,13,0.3515,0.5093,0.649,0.1069,0.9698,0,2,0,0,0,0,2.0019,647.66,90.85,793.44,8835.66,7483.33,0,0.0,3.7542,0,0
2026-09-09T14:51:14.802069+00:00,web_sql_injection_v1,web_sql_injection_v1__run_001,initial_access,T1190,8,4,1.9056,0.9904,0.0,29584.75,16641.42,0.7336,48,27,0.7998,1.8142,0.6543,0.1085,0.9797,1,4,0,0,1,0,1.7599,616.35,240.39,1023.35,8376.0,5933.69,0,0.0,4.0571,0,0
2026-09-09T14:51:19.802069+00:00,web_sql_injection_v1,web_sql_injection_v1__run_001,initial_access,T1190,8,4,2.0,1.0,0.0,50113.28,20358.52,0.8096,64,26,0.9187,1.1864,0.6014,0.1801,1.1419,1,3,1,0,2,0,2.4519,783.02,197.24,1171.16,8448.16,9412.18,1,0.0,5.0671,0,0
2026-09-09T14:51:24.802069+00:00,web_sql_injection_v1,web_sql_injection_v1__run_001,initial_access,T1190,9,4,1.6577,1.0,0.0,16478.89,9154.94,0.7863,27,15,0.5216,1.3599,0.4754,0.1315,0.87,1,4,0,0,2,0,1.7518,610.33,195.53,931.31,10036.02,7712.93,1,0.0404,4.1179,0,0
2026-09-09T14:51:29.802069+00:00,web_sql_injection_v1,web_sql_injection_v1__run_001,initial_access,T1190,7,2,0.8631,1.0,0.0,15375.74,7687.87,0.7457,28,14,0.4905,1.1084,0.5503,0.1127,0.8884,1,3,0,0,1,0,1.9228,549.13,118.11,729.16,8765.49,9246.55,0,0.0,3.9855,0,0
2026-09-09T14:51:34.802069+00:00,web_sql_injection_v1,web_sql_injection_v1__run_001,initial_access,T1190,2,2,1.0,1.0,0.0355,8235.49,2470.65,0.7832,10,3,0.7573,1.8719,0.6602,0.0973,0.9519,0,0,0,0,0,0,2.5673,823.55,323.25,1146.8,6319.63,8955.44,0,0.0,4.1711,0,0
2026-09-09T14:51:39.802069+00:00,web_sql_injection_v1,web_sql_injection_v1__run_001,initial_access,T1190,8,4,1.75,0.9805,0.0288,52284.8,31225.64,0.7607,72,43,0.7742,1.6514,0.6413,0.1577,1.1144,1,3,0,0,2,0,1.6727,726.18,170.99,1021.83,8092.77,6910.56,1,0.0315,4.808,0,0
2026-09-09T14:51:44.802069+00:00,web_sql_injection_v1,web_sql_injection_v1__run_001,initial_access,T1190,4,3,1.5,0.9414,0.0682,12134.8,7280.88,0.7287,20,12,0.9901,2.7555,0.6184,0.1566,1.0882,0,1,0,0,0,0,1.6171,606.74,253.44,993.8,7935.66,7403.18,0,0.0442,3.0562,0,0
2026-09-09T14:51:49.802069+00:00,web_sql_injection_v1,web_sql_injection_v1__run_001,initial_access,T1190,5,3,1.371,0.9883,0.009,15546.11,7773.06,0.6853,20,10,0.9377,1.6377,0.6526,0.1502,1.1031,1,2,0,0,1,0,1.9971,777.31,234.36,1036.64,7826.47,8965.65,0,0.0373,4.3894,0,0
2026-09-09T14:51:54.802069+00:00,web_sql_injection_v1,web_sql_injection_v1__run_001,initial_access,T1190,5,3,1.371,1.0,0.0397,41568.46,14964.65,0.7922,50,18,0.8811,2.1382,0.5836,0.0603,0.7644,0,2,0,0,1,0,2.7208,831.37,217.9,1094.58,7010.21,8047.18,0,0.0,4.3771,0,0
2026-09-09T14:51:59.802069+00:00,web_sql_injection_v1,web_sql_injection_v1__run_001,initial_access,T1190,14,4,1.8424,0.9798,0.0,74511.07,39536.48,0.7296,98,52,0.3905,0.9223,0.6189,0.1728,1.1372,3,7,1,0,3,0,1.8789,760.32,216.53,1232.96,7657.75,4992.71,2,0.0182,4.618,0,0
2026-09-09T14:52:04.802069+00:00,web_sql_injection_v1,web_sql_injection_v1__run_001,initial_access,T1190,7,3,1.3788,1.0,0.0,25748.95,13242.32,0.6986,35,18,0.6585,1.7419,0.7005,0.1608,1.1829,1,3,0,0,1,0,1.8889,735.68,257.31,1155.46,9503.46,9950.14,0,0.0108,3.5622,0,0
2026-09-09T14:52:09.802069+00:00,web_sql_injection_v1,web_sql_injection_v1__run_001,initial_access,T1190,6,4,1.9183,1.0,0.0131,9378.22,5470.63,0.6852,12,7,0.3946,0.5297,0.6481,0.1561,1.1163,0,2,0,0,1,0,1.5239,781.52,416.86,1451.99,8356.25,9451.07,0,0.0117,3.9874,0,0
2026-09-09T14:52:14.802069+00:00,web_sql_injection_v1,web_sql_injection_v1__run_001,initial_access,T1190,6,3,1.4591,1.0,0.0231,35174.97,17587.49,0.8127,48,24,0.3567,0.6633,0.5589,0.154,1.0208,1,2,0,0,1,0,1.9677,732.81,259.46,1038.25,10609.92,9599.41,0,0.0,4.7254,0,0
2026-09-09T14:52:19.802069+00:00,web_sql_injection_v1,web_sql_injection_v1__run_001,initial_access,T1190,5,2,0.971,0.9746,0.0422,9428.2,9428.2,0.757,15,15,0.7686,1.6017,0.7587,0.1045,1.0722,1,2,0,0,1,0,0.9825,628.55,179.8,950.05,9113.29,7986.63,0,0.0,3.8729,0,0
2026-09-09T14:52:24.802069+00:00,web_sql_injection_v1,web_sql_injection_v1__run_001,initial_access,T1190,8,4,1.75,0.9971,0.0295,15151.08,8838.13,0.6807,24,14,0.7256,2.0993,0.7312,0.1373,1.143,1,3,0,0,1,0,1.634,631.3,198.99,1021.45,8050.99,8480.96,0,0.0134,3.2488,0,0
2026-09-09T14:52:29.802069+00:00,web_sql_injection_v1,web_sql_injection_v1__run_001,initial_access,T1190,9,4,1.9749,0.9935,0.0351,24818.97,11720.07,0.7832,36,17,0.6592,1.4207,0.6695,0.1177,1.0226,1,4,0,0,2,0,2.0436,689.42,209.36,1037.62,8305.01,7922.25,1,0.0155,3.3866,0,0
2026-09-09T14:52:34.802069+00:00,web_sql_injection_v1,web_sql_injection_v1__run_001,initial_access,T1190,10,4,1.971,1.0,0.0,78520.6,34977.36,0.664,110,49,0.492,1.4379,0.7238,0.1483,1.1687,1,5,1,0,2,0,2.2395,713.82,292.2,1366.65,8071.01,8147.83,1,0.0077,4.3079,0,0
2026-09-09T14:52:39.802069+00:00,web_sql_injection_v1,web_sql_injection_v1__run_001,initial_access,T1190,5,3,1.371,1.0,0.0262,11792.51,8254.76,0.7263,20,14,0.8821,1.8089,0.7261,0.1781,1.2605,0,2,0,0,1,0,1.3892,589.63,183.98,838.91,9012.38,8470.55,0,0.0104,4.9038,0,0
2026-09-09T14:52:44.802069+00:00,web_sql_injection_v1,web_sql_injection_v1__run_001,initial_access,T1190,9,4,1.4466,1.0,0.0021,62318.06,57282.26,0.793,99,91,0.866,1.8466,0.7197,0.1711,1.2329,1,4,0,0,2,0,1.0866,629.48,126.51,919.85,6193.93,10162.61,1,0.0001,4.8087,0,0
2026-09-09T14:52:49.802069+00:00,web_sql_injection_v1,web_sql_injection_v1__run_001,initial_access,T1190,6,4,1.9183,1.0,0.0,37722.5,22004.79,0.8255,48,28,0.6097,0.7508,0.596,0.067,0.7969,1,2,0,0,1,0,1.6617,785.89,345.23,1409.28,8227.56,6927.42,0,0.0774,4.1936,0,1
2026-09-09T14:52:54.802069+00:00,web_sql_injection_v1,web_sql_injection_v1__run_001,initial_access,T1190,7,4,1.9502,1.0,0.0,26796.25,15312.14,0.7867,35,20,0.5502,1.2592,0.589,0.1164,0.9381,1,3,0,0,1,0,1.704,765.61,106.98,894.41,7931.94,10087.79,0,0.0418,3.6614,0,0
2026-09-09T14:52:59.802069+00:00,web_sql_injection_v1,web_sql_injection_v1__run_001,initial_access,T1190,8,4,1.9056,0.9737,0.0288,11347.21,7092.01,0.7762,16,10,0.8953,1.4722,0.7367,0.1252,1.1124,1,3,0,0,1,0,1.4812,709.2,164.32,1043.57,8139.47,8453.83,0,0.0333,3.3703,0,0
2026-09-09T14:53:04.802069+00:00,web_sql_injection_v1,web_sql_injection_v1__run_001,initial_access,T1190,9,3,1.5305,1.0,0.0356,35889.93,18609.59,0.8329,54,28,1.0938,2.2705,0.6743,0.1361,1.0825,1,4,0,0,2,0,1.8719,664.63,122.78,833.18,7717.04,8734.69,1,0.008,3.3996,0,0
2026-09-09T14:53:09.802069+00:00,web_sql_injection_v1,web_sql_injection_v1__run_001,initial_access,T1190,8,4,1.75,1.0,0.0,75888.0,37153.5,0.7827,96,47,0.72,1.9682,0.5809,0.1295,0.9693,1,3,0,0,1,0,2.0288,790.5,230.84,1189.39,7907.26,9223.69,0,0.0204,4.1858,0,0
2026-09-09T14:53:14.802069+00:00,web_sql_injection_v1,web_sql_injection_v1__run_001,initial_access,T1190,8,4,1.9056,0.9818,0.0269,33537.29,24454.28,0.7099,48,35,0.6431,1.2684,0.6854,0.0929,0.9642,1,3,1,0,2,0,1.3582,698.69,162.91,1002.97,6579.74,9425.6,1,0.0226,4.5957,0,1
2026-09-09T14:53:19.802069+00:00,web_sql_injection_v1,web_sql_injection_v1__run_001,initial_access,T1190,9,4,1.8366,1.0,0.0173,25028.09,17380.61,0.7299,36,25,0.604,1.3655,0.7686,0.1333,1.1686,2,4,0,0,2,0,1.4303,695.22,178.28,1121.57,7658.72,9064.53,1,0.0,3.3597,0,0
2026-09-09T14:53:24.802069+00:00,web_sql_injection_v1,web_sql_injection_v1__run_001,initial_access,T1190,9,4,1.8911,1.0,0.0,13055.58,7978.41,0.7583,18,11,0.6944,1.2704,0.6699,0.0897,0.9391,1,4,0,0,2,0,1.5028,725.31,295.33,1378.83,8361.46,8552.81,1,0.0214,4.6551,0,0
2026-09-09T14:53:29.802069+00:00,web_sql_injection_v1,web_sql_injection_v1__run_001,initial_access,T1190,14,4,1.8092,1.0,0.0158,48287.08,26212.99,0.7239,70,38,0.5108,1.2158,0.643,0.1758,1.1704,3,6,1,0,3,0,1.8377,689.82,268.04,1396.49,8008.85,6931.36,2,0.0,4.0588,0,0
2026-09-09T14:53:34.802069+00:00,web_sql_injection_v1,web_sql_injection_v1__run_001,initial_access,T1190,4,2,1.0,0.9713,0.0483,19169.89,19169.89,0.8107,36,36,0.4073,1.0883,0.5723,0.0847,0.8265,0,1,0,0,1,0,0.9925,532.5,148.33,770.61,7950.73,7710.41,0,0.0,4.5985,0,0
2026-09-09T14:53:39.802069+00:00,web_sql_injection_v1,web_sql_injection_v1__run_001,initial_access,T1190,8,3,1.5613,1.0,0.0223,21691.35,13557.1,0.8134,32,20,1.0001,1.4581,0.9012,0.1009,1.2039,1,4,1,0,2,0,1.587,677.85,142.79,895.49,8486.71,6596.24,1,0.0371,3.951,0,1
2026-09-09T14:53:44.802069+00:00,web_sql_injection_v1,web_sql_injection_v1__run_001,initial_access,T1190,9,4,1.8911,0.9638,0.0624,34894.74,16154.97,0.6796,54,25,1.1643,2.4504,0.7541,0.1968,1.3444,1,4,0,0,2,0,2.1342,646.2,250.38,1250.05,7503.78,7495.57,1,0.0499,3.5667,0,0
2026-09-09T14:53:49.802069+00:00,web_sql_injection_v1,web_sql_injection_v1__run_001,initial_access,T1190,12,4,1.5511,0.9603,0.0152,69617.06,71550.86,0.7882,108,111,0.7749,1.5221,0.6962,0.178,1.2302,2,6,0,0,2,0,0.9643,644.6,169.22,912.98,7477.57,8154.12,1,0.0496,4.744,0,0
2026-09-09T14:53:54.802069+00:00,web_sql_injection_v1,web_sql_injection_v1__run_001,initial_access,T1190,6,2,0.9183,0.9728,0.033,41535.17,62995.01,0.7313,60,91,0.8396,2.0083,0.6965,0.0917,0.9715,1,2,0,0,1,0,0.6526,692.25,177.8,930.56,7468.36,7693.1,0,0.0071,5.0237,0,0
2026-09-09T14:53:59.802069+00:00,web_sql_injection_v1,web_sql_injection_v1__run_001,initial_access,T1190,6,4,1.9183,0.9745,0.0659,24098.27,14057.32,0.6947,36,21,1.0045,2.4769,0.7297,0.0928,1.0082,1,2,0,0,1,0,1.6763,669.4,168.97,972.85,8844.44,9955.06,0,0.0127,3.8593,0,0
2026-09-09T14:54:04.802069+00:00,web_sql_injection_v1,web_sql_injection_v1__run_001,initial_access,T1190,8,4,1.8113,1.0,0.0196,29867.51,22400.63,0.672,48,36,0.5257,1.2307,0.5663,0.1669,1.0671,1,3,0,0,2,0,1.3206,622.24,144.24,866.19,7772.77,7886.45,1,0.0,3.1422,0,0
2026-09-09T14:54:09.802069+00:00,web_sql_injection_v1,web_sql_injection_v1__run_001,initial_access,T1190,8,4,1.75,0.9877,0.0,49847.68,27693.15,0.6653,72,40,0.8253,1.27,0.6284,0.1114,0.9626,1,4,1,0,2,0,1.763,692.33,251.41,1238.56,6481.77,8032.5,1,0.0288,2.6769,0,0
2026-09-09T14:54:14.802069+00:00,web_sql_injection_v1,web_sql_injection_v1__run_001,initial_access,T1190,7,4,1.8424,0.999,0.0289,10256.51,6593.47,0.8005,14,9,0.7627,1.5943,0.6623,0.1091,0.9897,1,3,0,0,1,0,1.4758,732.61,240.64,1149.23,7237.29,7794.5,0,0.0,3.5363,0,0
2026-09-09T14:54:19.802069+00:00,web_sql_injection_v1,web_sql_injection_v1__run_001,initial_access,T1190,11,3,1.3486,0.9834,0.0461,22768.68,16559.04,0.7021,33,24,0.9496,1.4642,0.6359,0.1153,0.9818,2,5,0,0,2,0,1.3606,689.96,330.21,1530.49,8680.91,8857.69,1,0.0,4.4383,0,1
2026-09-09T14:54:24.802069+00:00,web_sql_injection_v1,web_sql_injection_v1__run_001,initial_access,T1190,12,4,1.7842,1.0,0.0,22465.61,11856.85,0.8361,36,19,0.7601,1.7538,0.6104,0.1618,1.0958,2,5,1,0,3,0,1.8584,624.04,334.02,1598.25,8760.96,8470.73,2,0.0036,3.945,0,0
2026-09-09T14:54:29.802069+00:00,web_sql_injection_v1,web_sql_injection_v1__run_001,initial_access,T1190,10,4,1.8464,0.9457,0.0381,72658.22,32292.54,0.6823,90,40,0.3322,0.6325,0.5324,0.1305,0.9239,1,5,1,0,2,0,2.2324,807.31,192.69,1339.12,6959.81,7848.64,1,0.0,3.7866,0,0
2026-09-09T14:54:34.802069+00:00,web_sql_injection_v1,web_sql_injection_v1__run_001,initial_access,T1190,10,4,1.8464,1.0,0.0319,16109.32,5906.75,0.7797,30,11,0.6096,0.7332,0.6634,0.1437,1.0944,1,5,1,0,2,0,2.5302,536.98,95.77,627.29,8408.11,9659.73,1,0.0378,3.8096,0,0
2026-09-09T14:54:39.802069+00:00,web_sql_injection_v1,web_sql_injection_v1__run_001,initial_access,T1190,9,4,1.8911,0.9884,0.0,32626.5,15225.7,0.7126,45,21,0.7694,1.3119,0.6125,0.1622,1.0992,1,4,0,0,2,0,2.0716,725.03,247.19,1189.95,9048.47,7168.27,1,0.0,4.361,0,0
2026-09-09T14:54:44.802069+00:00,web_sql_injection_v1,web_sql_injection_v1__run_001,initial_access,T1190,8,4,2.0,0.9879,0.004,28392.05,15615.63,0.7914,40,22,0.9846,1.2826,0.7076,0.1617,1.1926,1,4,0,0,2,0,1.7547,709.8,293.35,1186.62,8519.79,7773.02,1,0.0173,3.3838,0,0
2026-09-09T14:54:49.802069+00:00,web_sql_injection_v1,web_sql_injection_v1__run_001,initial_access,T1190,11,4,1.8586,1.0,0.0053,48809.54,41414.15,0.6756,66,56,0.7651,1.9589,0.698,0.1296,1.0867,2,5,0,0,2,0,1.1698,739.54,204.91,1140.08,8031.79,8364.44,1,0.0575,3.8923,0,1
2026-09-09T14:54:54.802069+00:00,web_sql_injection_v1,web_sql_injection_v1__run_001,initial_access,T1190,4,2,0.8113,1.0,0.0,27143.81,11875.42,0.7303,32,14,0.8957,2.4953,0.6781,0.078,0.9121,0,1,0,0,1,0,2.2659,848.24,385.98,1468.19,9010.25,9175.16,0,0.0,3.5951,0,1
2026-09-09T14:54:59.802069+00:00,web_sql_injection_v1,web_sql_injection_v1__run_001,initial_access,T1190,7,3,1.5567,1.0,0.0,29909.07,19939.38,0.7516,42,28,0.8192,1.2123,0.6754,0.1767,1.2056,1,3,0,0,1,0,1.4905,712.12,249.39,1118.08,8033.71,7769.32,0,0.0,4.2639,0,0
2026-09-09T14:55:04.802069+00:00,web_sql_injection_v1,web_sql_injection_v1__run_001,initial_access,T1190,11,4,1.9363,1.0,0.0,79139.97,75542.7,0.7957,110,105,0.6111,1.192,0.5098,0.0589,0.6867,2,5,1,0,2,0,1.0378,719.45,169.16,1084.39,8006.93,9548.79,1,0.0813,4.3607,0,1
2026-09-09T14:55:09.802069+00:00,web_sql_injection_v1,web_sql_injection_v1__run_001,initial_access,T1190,7,3,1.4488,1.0,0.0461,22356.75,10220.23,0.7771,35,16,0.892,2.2619,0.5979,0.1103,0.9287,1,3,0,0,2,0,2.1867,638.76,169.55,956.36,8652.03,9051.13,1,0.0146,4.1437,0,0
2026-09-09T14:55:14.802069+00:00,web_sql_injection_v1,web_sql_injection_v1__run_001,initial_access,T1190,5,2,0.7219,1.0,0.0,12411.08,5584.98,0.7211,20,9,0.5094,1.0808,0.8556,0.0874,1.1178,0,2,0,0,1,0,2.1226,620.55,103.56,714.72,8973.18,8107.62,0,0.0197,3.5056,0,0
2026-09-09T14:55:19.802069+00:00,web_sql_injection_v1,web_sql_injection_v1__run_001,initial_access,T1190,4,2,1.0,0.9894,0.0293,5184.43,2592.21,0.8438,8,4,0.8723,2.0545,0.6984,0.1363,1.1073,0,1,0,0,1,0,1.9581,648.05,69.43,714.33,7324.74,8328.51,0,0.0749,3.6913,0,0
2026-09-09T14:55:24.802069+00:00,web_sql_injection_v1,web_sql_injection_v1__run_001,initial_access,T1190,12,4,1.8554,1.0,0.0,47896.23,31360.63,0.7343,84,55,0.7294,1.4381,0.6407,0.1836,1.1915,2,5,1,0,3,0,1.5172,570.19,127.44,840.41,6917.2,8242.37,1,0.0244,3.1226,0,0
2026-09-09T14:55:29.802069+00:00,web_sql_injection_v1,web_sql_injection_v1__run_001,initial_access,T1190,4,3,1.5,1.0,0.0206,7639.57,5729.67,0.6824,12,9,0.8613,1.6574,0.7186,0.0887,0.9847,0,1,0,0,1,0,1.2466,636.63,320.02,1116.1,7120.38,8518.37,0,0.0447,4.1842,0,0
2026-09-09T14:55:34.802069+00:00,web_sql_injection_v1,web_sql_injection_v1__run_001,initial_access,T1190,14,4,1.9592,0.9702,0.0182,62004.45,41336.3,0.6906,84,56,0.326,0.919,0.5144,0.073,0.7334,2,7,1,0,3,0,1.4831,738.15,236.57,1182.49,6252.15,9822.34,2,0.0278,4.6975,0,0
2026-09-09T14:55:39.802069+00:00,web_sql_injection_v1,web_sql_injection_v1__run_001,initial_access,T1190,7,4,1.9502,1.0,0.0154,35147.17,24547.23,0.7638,63,44,0.3774,0.5462,0.6463,0.1905,1.2177,1,3,0,0,1,0,1.4161,557.89,156.52,771.43,7704.5,10371.4,0,0.043,3.6818,0,0
2026-09-09T14:55:44.802069+00:00,web_sql_injection_v1,web_sql_injection_v1__run_001,initial_access,T1190,10,4,1.9219,0.9798,0.0202,42116.73,25270.04,0.7588,60,36,0.619,1.0065,0.7319,0.1535,1.1925,2,4,1,0,2,0,1.6498,701.95,263.53,1270.0,9533.1,5407.23,1,0.0299,3.6831,0,0
2026-09-09T14:55:49.802069+00:00,web_sql_injection_v1,web_sql_injection_v1__run_001,initial_access,T1190,6,4,1.7925,1.0,0.0463,17072.39,6402.15,0.7255,24,9,0.5802,1.5067,0.6029,0.1164,0.9523,1,2,0,0,1,0,2.4231,711.35,268.63,1256.68,5851.24,6162.94,0,0.0,4.1462,0,1
2026-09-09T14:55:54.802069+00:00,web_sql_injection_v1,web_sql_injection_v1__run_001,initial_access,T1190,12,4,1.5511,1.0,0.0121,78785.7,45137.64,0.7799,96,55,0.7691,1.6532,0.5825,0.0995,0.8809,2,6,1,0,2,0,1.7318,820.68,412.02,1764.89,8011.53,7022.94,1,0.0536,3.7666,0,0
2026-09-09T14:55:59.802069+00:00,web_sql_injection_v1,web_sql_injection_v1__run_001,initial_access,T1190,8,3,1.2988,0.9884,0.0,46066.85,18714.66,0.7493,64,26,0.3946,0.6989,0.7978,0.175,1.3228,1,4,0,0,2,0,2.4552,719.79,130.02,981.4,8732.28,7755.63,1,0.027,3.1872,0,0
2026-09-09T14:56:04.802069+00:00,web_sql_injection_v1,web_sql_injection_v1__run_001,initial_access,T1190,5,3,1.5219,1.0,0.0156,8075.93,4845.56,0.7894,15,9,0.7521,2.0313,0.6332,0.1307,1.0253,1,2,0,0,1,0,1.5898,538.4,202.69,807.33,7088.16,8394.86,0,0.0368,4.0628,0,1
2026-09-09T14:56:09.802069+00:00,web_sql_injection_v1,web_sql_injection_v1__run_001,initial_access,T1190,12,4,1.9591,1.0,0.0,8679.88,3616.62,0.7697,12,5,0.6558,1.5944,0.6161,0.1635,1.1066,1,6,1,0,2,0,2.2886,723.32,220.73,1182.02,7914.44,7990.82,1,0.0327,4.5405,0,0
2026-09-09T14:56:14.802069+00:00,web_sql_injection_v1,web_sql_injection_v1__run_001,initial_access,T1190,5,4,1.9219,1.0,0.0,14144.75,7355.27,0.7452,25,13,0.8433,1.651,0.6852,0.0913,0.9591,1,2,0,0,1,0,1.9217,565.79,176.59,835.8,7927.55,7522.4,0,0.0222,4.4988,0,0
2026-09-09T14:56:19.802069+00:00,web_sql_injection_v1,web_sql_injection_v1__run_001,initial_access,T1190,10,4,1.8955,1.0,0.0,22240.81,14827.21,0.7557,30,20,0.8153,1.156,0.6671,0.1206,1.029,2,5,0,0,2,0,1.4359,741.36,321.13,1475.12,8101.46,7920.9,1,0.0277,4.8249,0,1
2026-09-09T14:56:24.802069+00:00,web_sql_injection_v1,web_sql_injection_v1__run_001,initial_access,T1190,5,2,0.971,1.0,0.0197,14335.25,10321.38,0.8432,25,18,0.6605,1.2829,0.7769,0.2028,1.3853,1,2,0,0,1,0,1.3861,573.41,215.39,857.95,10093.67,7200.15,0,0.0544,3.8002,0,0
2026-09-09T14:56:29.802069+00:00,web_sql_injection_v1,web_sql_injection_v1__run_001,initial_access,T1190,6,3,1.4591,0.9796,0.0374,17991.38,6746.77,0.7743,24,9,0.7823,1.8682,0.7841,0.2048,1.3986,1,2,0,0,1,0,2.5061,749.64,106.15,936.53,8004.68,7021.18,0,0.0235,3.8434,0,0
2026-09-09T14:56:34.802069+00:00,web_sql_injection_v1,web_sql_injection_v1__run_001,initial_access,T1190,12,4,1.8879,1.0,0.0118,55838.71,33154.23,0.7581,96,57,0.5763,0.7611,0.7718,0.1282,1.1563,2,5,1,0,2,0,1.6625,581.65,184.97,1004.87,8951.98,7391.17,1,0.0,4.1922,0,0
2026-09-09T14:56:39.802069+00:00,web_sql_injection_v1,web_sql_injection_v1__run_001,initial_access,T1190,5,3,1.371,0.9811,0.0,19069.45,9153.34,0.7206,25,12,0.4055,0.6544,0.6968,0.1947,1.281,1,2,0,0,1,0,2.073,762.78,253.08,1215.94,9036.76,8050.69,0,0.0342,4.6463,0,0
2026-09-09T14:56:44.802069+00:00,web_sql_injection_v1,web_sql_injection_v1__run_001,initial_access,T1190,9,4,1.8366,0.9848,0.0347,11369.37,4421.42,0.7569,18,7,0.4697,0.9568,0.6364,0.0702,0.8469,1,4,1,0,2,0,2.2548,631.63,186.56,1051.43,7661.94,9039.18,1,0.0,3.4906,0,0
2026-09-09T14:56:49.802069+00:00,web_sql_injection_v1,web_sql_injection_v1__run_001,initial_access,T1190,7,4,1.8424,1.0,0.0514,27758.01,15068.64,0.8075,35,19,1.1276,2.6192,0.7308,0.1629,1.2195,1,3,1,0,1,0,1.7848,793.09,227.91,1068.8,8025.57,7782.19,0,0.0,3.7168,0,0
2026-09-09T14:56:54.802069+00:00,web_sql_injection_v1,web_sql_injection_v1__run_001,initial_access,T1190,8,3,1.5613,1.0,0.0176,48621.25,27349.45,0.7481,80,45,0.6237,1.8334,0.695,0.1046,1.0089,1,4,0,0,2,0,1.7765,607.77,179.12,953.38,7816.88,8764.87,1,0.0074,4.0528,0,0
2026-09-09T14:56:59.802069+00:00,web_sql_injection_v1,web_sql_injection_v1__run_001,initial_access,T1190,7,3,1.5567,1.0,0.0,41433.26,18414.78,0.655,63,28,0.9952,1.5335,0.7236,0.1053,1.0395,1,3,0,0,1,0,2.2387,657.67,167.81,930.31,8120.86,8631.88,0,0.0002,3.5114,0,0
2026-09-09T14:57:04.802069+00:00,web_sql_injection_v1,web_sql_injection_v1__run_001,initial_access,T1190,4,3,1.5,1.0,0.0,11917.58,6554.67,0.8305,20,11,0.8726,1.7599,0.8181,0.1894,1.3863,0,2,0,0,0,0,1.7485,595.88,207.96,894.22,8084.42,8035.55,0,0.0,3.2703,0,1
2026-09-09T14:57:09.802069+00:00,web_sql_injection_v1,web_sql_injection_v1__run_001,initial_access,T1190,2,2,1.0,0.9943,0.0098,5118.22,2985.63,0.7397,12,7,0.8531,2.3811,0.68,0.1925,1.2576,0,1,0,0,0,0,1.6843,426.52,123.95,550.47,6376.26,7991.46,0,0.0371,3.8938,0,0
2026-09-09T14:57:14.802069+00:00,web_sql_injection_v1,web_sql_injection_v1__run_001,initial_access,T1190,3,3,1.585,1.0,0.0154,15847.33,10564.88,0.7304,21,14,0.9407,2.0914,0.5331,0.0856,0.7898,0,1,0,0,0,0,1.4858,754.63,67.91,845.45,9034.38,8820.82,0,0.0,3.8233,0,0
2026-09-09T14:57:19.802069+00:00,web_sql_injection_v1,web_sql_injection_v1__run_001,initial_access,T1190,9,4,1.8911,0.955,0.0596,17256.85,10865.43,0.6557,27,17,0.7475,1.0025,0.673,0.1216,1.0379,1,4,0,0,2,0,1.5411,639.14,129.13,812.58,7426.81,7176.41,1,0.005,4.8889,0,0
2026-09-09T14:57:24.802069+00:00,web_sql_injection_v1,web_sql_injection_v1__run_001,initial_access,T1190,11,4,1.7899,0.981,0.0291,39113.79,19201.32,0.8368,55,27,0.6021,1.3976,0.6086,0.1769,1.1394,2,5,0,0,2,0,2.0059,711.16,202.02,1105.2,8071.75,6724.14,1,0.0,3.9677,0,0
2026-09-09T14:57:29.802069+00:00,web_sql_injection_v1,web_sql_injection_v1__run_001,initial_access,T1190,6,3,1.4591,1.0,0.0,31402.8,14392.95,0.8353,48,22,0.5171,0.8182,0.7496,0.1997,1.3486,1,2,0,0,1,0,2.1802,654.23,138.41,836.18,7204.1,8473.63,0,0.0022,3.7424,0,0
2026-09-09T14:57:34.802069+00:00,web_sql_injection_v1,web_sql_injection_v1__run_001,initial_access,T1190,9,3,1.585,0.9903,0.0,19048.5,9524.25,0.7532,36,18,0.615,1.1983,0.5545,0.081,0.7975,1,4,0,0,2,0,1.911,529.13,184.83,876.45,8305.78,7302.1,1,0.0,4.3182,0,0
2026-09-09T14:57:39.802069+00:00,web_sql_injection_v1,web_sql_injection_v1__run_001,initial_access,T1190,7,4,1.8424,0.9712,0.0243,26849.26,12273.95,0.7364,35,16,0.3843,1.124,0.6016,0.1258,0.9791,1,3,0,0,1,0,2.0979,767.12,190.83,1106.44,7501.38,9241.7,0,0.0,3.7584,0,0
2026-09-09T14:57:44.802069+00:00,web_sql_injection_v1,web_sql_injection_v1__run_001,initial_access,T1190,8,3,1.4056,0.9501,0.0381,27467.22,10300.21,0.6591,40,15,0.5993,1.3048,0.783,0.1847,1.3372,1,4,0,0,1,0,2.62,686.68,246.34,1077.13,9103.15,9791.03,0,0.0304,4.2859,0,0
2026-09-09T14:57:49.802069+00:00,web_sql_injection_v1,web_sql_injection_v1__run_001,initial_access,T1190,7,3,1.5567,1.0,0.0261,38804.62,20590.21,0.7504,49,26,0.673,1.2137,0.7043,0.0799,0.944,1,3,0,0,1,0,1.8381,791.93,208.54,1247.93,8382.71,7729.48,0,0.0048,4.2257,0,0
2026-09-09T14:57:54.802069+00:00,web_sql_injection_v1,web_sql_injection_v1__run_001,initial_access,T1190,3,2,0.9183,1.0,0.0,10204.43,7369.87,0.846,18,13,0.8066,2.2859,0.9722,0.1162,1.3207,0,1,0,0,0,0,1.344,566.91,66.45,626.33,8322.03,7157.08,0,0.0049,4.6702,0,0
2026-09-09T14:57:59.802069+00:00,web_sql_injection_v1,web_sql_injection_v1__run_001,initial_access,T1190,9,2,0.9911,1.0,0.0196,45257.64,32326.89,0.7782,63,45,0.5076,1.2982,0.7513,0.1409,1.174,1,4,0,0,2,0,1.3751,718.38,211.12,1007.09,7653.11,8863.71,1,0.028,4.3724,0,0
2026-09-09T14:58:04.802069+00:00,web_sql_injection_v1,web_sql_injection_v1__run_001,initial_access,T1190,8,4,1.9056,1.0,0.0,28199.31,23264.43,0.6549,40,33,1.1023,1.394,0.7196,0.1163,1.0683,1,3,1,0,2,0,1.2043,704.98,159.31,1000.57,9592.02,8779.37,1,0.0319,4.2569,0,0
2026-09-09T14:58:09.802069+00:00,web_sql_injection_v1,web_sql_injection_v1__run_001,initial_access,T1190,6,3,1.4591,1.0,0.0023,27511.18,21615.93,0.6856,42,33,0.6869,1.9636,0.6646,0.126,1.0424,1,3,0,0,1,0,1.237,655.03,290.28,1282.78,7869.43,9114.26,0,0.0222,4.4451,0,0
2026-09-09T14:58:14.802069+00:00,web_sql_injection_v1,web_sql_injection_v1__run_001,initial_access,T1190,5,2,0.7219,0.9966,0.0028,17801.0,10680.6,0.8154,25,15,0.6591,1.4653,0.8561,0.1862,1.4146,0,2,0,0,1,0,1.5902,712.04,197.85,924.49,7795.59,9299.0,0,0.0019,4.566,0,0
2026-09-09T14:58:19.802069+00:00,web_sql_injection_v1,web_sql_injection_v1__run_001,initial_access,T1190,6,3,1.2516,0.9807,0.0,22791.64,11395.82,0.7699,30,15,0.7184,1.4065,0.7966,0.2214,1.4608,1,2,0,0,1,0,1.9862,759.72,307.43,1374.81,9117.33,8102.1,0,0.0132,3.9046,0,0
2026-09-09T14:58:24.802069+00:00,web_sql_injection_v1,web_sql_injection_v1__run_001,initial_access,T1190,7,4,1.9502,1.0,0.0,17564.41,11918.71,0.8072,28,19,0.8841,1.9429,0.6641,0.0684,0.8692,1,3,0,0,1,0,1.4414,627.3,143.59,805.68,7062.68,7882.47,0,0.041,3.9134,0,0
2026-09-09T14:58:29.802069+00:00,web_sql_injection_v1,web_sql_injection_v1__run_001,initial_access,T1190,8,4,1.9056,0.9887,0.026,29978.92,14239.98,0.7879,40,19,0.6432,1.0347,0.5794,0.1603,1.0604,1,4,0,0,2,0,2.0237,749.47,191.6,1114.26,9134.32,9335.46,1,0.0247,4.2863,0,0
2026-09-09T14:58:34.802069+00:00,web_sql_injection_v1,web_sql_injection_v1__run_001,initial_access,T1190,16,4,1.805,0.9825,0.0306,61765.2,39890.03,0.6963,96,62,0.5923,1.4452,0.5586,0.156,1.0264,3,7,1,0,4,0,1.5337,643.39,202.89,1195.93,7360.8,7253.1,2,0.0485,3.4584,0,0
2026-09-09T14:58:39.802069+00:00,web_sql_injection_v1,web_sql_injection_v1__run_001,initial_access,T1190,10,4,1.8464,1.0,0.0,44052.05,33039.04,0.7433,60,45,0.5094,0.8633,0.594,0.1575,1.0665,1,5,1,0,2,0,1.3134,734.2,269.6,1282.94,6781.3,7296.34,1,0.0,3.5912,0,0
2026-09-09T14:58:44.802069+00:00,web_sql_injection_v1,web_sql_injection_v1__run_001,initial_access,T1190,4,2,1.0,0.9787,0.0,12623.16,5259.65,0.8156,24,10,0.8525,1.0454,0.5524,0.0661,0.7508,0,2,0,0,1,0,2.2884,525.96,102.2,640.37,7148.0,8092.55,0,0.0198,3.678,0,0
2026-09-09T14:58:49.802069+00:00,web_sql_injection_v1,web_sql_injection_v1__run_001,initial_access,T1190,12,4,1.7842,0.9479,0.0759,38363.7,15984.88,0.6272,60,25,0.8261,1.0709,0.5629,0.1328,0.9613,2,5,1,0,3,0,2.3673,639.4,164.96,1070.34,8307.68,9294.5,2,0.0105,4.5066,0,0
2026-09-09T14:58:54.802069+00:00,web_sql_injection_v1,web_sql_injection_v1__run_001,initial_access,T1190,6,3,1.4591,1.0,0.0365,41895.26,24438.9,0.7215,48,28,0.526,1.3882,0.708,0.1995,1.3063,1,3,0,0,1,0,1.6845,872.82,245.07,1240.39,6111.31,8241.72,0,0.0313,4.7591,0,0
2026-09-09T14:58:59.802069+00:00,web_sql_injection_v1,web_sql_injection_v1__run_001,initial_access,T1190,7,4,1.9502,1.0,0.0075,36698.23,15727.81,0.7396,63,27,0.7474,1.1349,0.906,0.2607,1.6879,1,3,0,0,1,0,2.2721,582.51,111.31,766.02,6760.39,10175.87,0,0.0,5.4201,0,2
2026-09-09T14:59:04.802069+00:00,web_sql_injection_v1,web_sql_injection_v1__run_001,initial_access,T1190,8,4,1.9056,1.0,0.0167,9892.61,4946.3,0.8082,16,8,0.4649,1.1849,0.5148,0.0593,0.6926,1,3,0,0,1,0,1.8206,618.29,199.81,894.27,7356.91,7465.99,0,0.0277,4.3482,0,0
2026-09-09T14:59:09.802069+00:00,web_sql_injection_v1,web_sql_injection_v1__run_001,initial_access,T1190,11,3,1.4949,0.9911,0.0,43054.14,24136.41,0.7007,66,37,0.4891,1.1381,0.5481,0.0783,0.7829,2,5,1,0,2,0,1.7572,652.34,182.7,963.01,8160.15,8243.73,1,0.0134,4.2184,0,0
2026-09-09T14:59:14.802069+00:00,web_sql_injection_v1,web_sql_injection_v1__run_001,initial_access,T1190,12,4,1.8879,0.9822,0.008,14922.48,6839.47,0.6562,24,11,0.5275,0.8076,0.6238,0.1329,1.0226,2,5,1,0,2,0,2.0768,621.77,152.14,857.53,9283.22,7489.09,1,0.0,3.6227,0,1
2026-09-09T14:59:19.802069+00:00,web_sql_injection_v1,web_sql_injection_v1__run_001,initial_access,T1190,6,4,1.9183,0.9925,0.0,26989.48,16707.78,0.6524,42,26,0.6995,0.9041,0.6553,0.075,0.8801,1,3,0,0,1,0,1.5832,642.61,251.53,1018.18,7185.84,8384.44,0,0.0223,3.681,0,0
2026-09-09T14:59:24.802069+00:00,web_sql_injection_v1,web_sql_injection_v1__run_001,initial_access,T1190,9,4,1.9749,1.0,0.0,42275.17,18788.96,0.7975,54,24,0.332,0.7352,0.6867,0.1881,1.2511,1,4,1,0,2,0,2.2322,782.87,251.65,1243.94,7969.61,8139.46,1,0.0442,3.7253,0,1
2026-09-09T14:59:29.802069+00:00,web_sql_injection_v1,web_sql_injection_v1__run_001,initial_access,T1190,9,3,1.3516,1.0,0.0,52982.59,26911.79,0.7366,63,32,0.5196,1.3372,0.7241,0.1754,1.2502,1,4,0,0,1,0,1.9323,840.99,141.13,1086.22,9391.73,8384.31,0,0.0,4.4735,0,0
2026-09-09T14:59:34.802069+00:00,web_sql_injection_v1,web_sql_injection_v1__run_001,initial_access,T1190,5,4,1.9219,0.9933,0.0007,16005.21,9603.13,0.7255,25,15,0.7275,1.7109,0.6282,0.1859,1.186,1,2,0,0,1,0,1.642,640.21,82.04,736.96,7260.6,9217.75,0,0.0498,4.0129,0,0
2026-09-09T14:59:39.802069+00:00,web_sql_injection_v1,web_sql_injection_v1__run_001,initial_access,T1190,8,4,1.9056,1.0,0.0,21912.78,8217.29,0.7277,32,12,0.901,1.9205,0.7762,0.2151,1.4216,1,3,0,0,2,0,2.464,684.77,157.01,899.7,10077.1,8583.21,1,0.0304,4.605,0,0
2026-09-09T14:59:44.802069+00:00,web_sql_injection_v1,web_sql_injection_v1__run_001,initial_access,T1190,7,4,1.8424,0.9802,0.0188,29341.95,15369.59,0.7529,42,22,0.5711,1.6462,0.7284,0.2178,1.3819,1,3,0,0,1,0,1.8313,698.62,300.99,1278.86,9529.03,9499.46,0,0.0,4.5283,0,0
2026-09-09T14:59:49.802069+00:00,web_sql_injection_v1,web_sql_injection_v1__run_001,initial_access,T1190,5,4,1.9219,1.0,0.0,22483.65,9742.92,0.7633,30,13,1.0764,2.6335,0.8925,0.2498,1.6419,0,2,0,0,1,0,2.2318,749.46,194.12,1006.16,9024.32,7069.91,0,0.0773,3.6851,0,0
2026-09-09T14:59:54.802069+00:00,web_sql_injection_v1,web_sql_injection_v1__run_001,initial_access,T1190,10,4,1.8464,1.0,0.0024,53322.84,45620.66,0.7293,90,77,0.5388,0.8569,0.5942,0.1105,0.9258,1,5,0,0,2,0,1.156,592.48,183.16,995.82,7239.01,8850.73,1,0.0,3.9465,0,0
2026-09-09T14:59:59.802069+00:00,web_sql_injection_v1,web_sql_injection_v1__run_001,initial_access,T1190,3,3,1.585,0.9982,0.0039,11181.79,4472.72,0.7346,15,6,0.442,0.8885,0.8333,0.1541,1.2955,0,1,0,0,0,0,2.1616,745.45,226.24,1028.87,8127.85,7014.57,0,0.0,4.3774,0,1
2026-09-09T15:00:04.802069+00:00,web_sql_injection_v1,web_sql_injection_v1__run_001,initial_access,T1190,8,4,1.8113,1.0,0.0,36545.9,13052.11,0.7645,56,20,1.225,2.7435,0.8263,0.2388,1.5429,1,3,0,0,1,0,2.7542,652.61,154.07,871.0,7732.62,6610.05,0,0.0141,3.9635,0,0
2026-09-09T15:00:09.802069+00:00,web_sql_injection_v1,web_sql_injection_v1__run_001,initial_access,T1190,12,4,1.5511,1.0,0.0,24483.86,21083.33,0.7415,36,31,0.6683,1.8412,0.5465,0.0874,0.8087,2,6,1,0,2,0,1.1279,680.11,259.98,1262.39,8730.39,7406.59,1,0.0325,4.1975,0,0
2026-09-09T15:00:14.802069+00:00,web_sql_injection_v1,web_sql_injection_v1__run_001,initial_access,T1190,7,4,1.8424,0.9437,0.0545,16146.29,6919.84,0.7225,21,9,0.6827,1.9538,0.5645,0.1309,0.9574,1,3,0,0,1,0,2.1596,768.87,280.49,1235.94,9162.69,9887.68,0,0.0403,3.5401,0,0
2026-09-09T15:00:19.802069+00:00,web_sql_injection_v1,web_sql_injection_v1__run_001,initial_access,T1190,8,4,1.9056,0.9865,0.0,42187.76,24107.29,0.7683,56,32,1.0709,1.8203,0.6806,0.1288,1.067,1,4,0,0,1,0,1.7145,753.35,308.56,1369.95,7692.4,8630.17,0,0.0,4.2601,0,0
2026-09-09T15:00:24.802069+00:00,web_sql_injection_v1,web_sql_injection_v1__run_001,initial_access,T1190,4,2,0.8113,0.9619,0.0331,14288.62,7858.74,0.7392,20,11,1.0807,1.7023,0.8433,0.1054,1.1595,0,2,0,0,1,0,1.809,714.43,279.5,1082.93,6806.9,9546.84,0,0.0134,3.3054,0,0
2026-09-09T15:00:29.802069+00:00,web_sql_injection_v1,web_sql_injection_v1__run_001,initial_access,T1190,8,3,1.5,1.0,0.0145,40336.55,18727.68,0.6622,56,26,0.8565,1.0903,0.6596,0.1827,1.2076,1,3,0,0,1,0,2.1492,720.3,291.03,1360.42,6891.01,7179.85,0,0.006,3.8373,0,0
2026-09-09T15:00:34.802069+00:00,web_sql_injection_v1,web_sql_injection_v1__run_001,initial_access,T1190,4,2,1.0,1.0,0.0399,24838.27,10644.97,0.7103,28,12,0.4152,0.802,0.4446,0.0871,0.7058,0,2,0,0,0,0,2.3072,887.08,222.83,1259.53,8743.87,7989.24,0,0.0483,4.1825,0,0
2026-09-09T15:00:39.802069+00:00,web_sql_injection_v1,web_sql_injection_v1__run_001,initial_access,T1190,4,2,0.8113,0.9767,0.0,17715.96,10629.57,0.6826,20,12,0.594,1.0854,0.5632,0.1422,0.9898,0,2,0,0,0,0,1.5702,885.8,251.11,1141.09,6929.19,9004.9,0,0.035,4.7155,0,1
2026-09-09T15:00:44.802069+00:00,web_sql_injection_v1,web_sql_injection_v1__run_001,initial_access,T1190,4,1,-0.0,0.9815,0.0,24029.44,12014.72,0.7372,32,16,0.917,2.6532,0.5156,0.1348,0.9201,0,1,0,0,0,0,1.8978,750.92,70.73,852.91,8812.15,7970.84,0,0.0145,3.8674,0,0
2026-09-09T15:00:49.802069+00:00,web_sql_injection_v1,web_sql_injection_v1__run_001,initial_access,T1190,10,4,1.6855,1.0,0.0,88281.06,50560.97,0.8297,110,63,0.9705,2.5882,0.6893,0.1432,1.119,1,4,0,0,2,0,1.7272,802.56,358.23,1393.86,11193.78,8493.34,1,0.0,3.2996,0,0
2026-09-09T15:00:54.802069+00:00,web_sql_injection_v1,web_sql_injection_v1__run_001,initial_access,T1190,6,4,1.7925,0.9524,0.0749,3685.04,1842.52,0.7634,6,3,0.461,1.3193,0.7098,0.1952,1.2953,1,2,0,0,1,0,1.6828,614.17,218.43,945.37,6183.11,7428.52,0,0.0466,3.6577,0,1
2026-09-09T15:00:59.802069+00:00,web_sql_injection_v1,web_sql_injection_v1__run_001,initial_access,T1190,9,3,1.4355,0.994,0.0143,28984.96,15297.62,0.7258,36,19,0.5631,1.3437,0.6998,0.1518,1.1553,1,4,0,0,2,0,1.8774,805.14,286.93,1248.09,9100.48,7683.92,1,0.0518,3.6143,0,0
2026-09-09T15:01:04.802069+00:00,web_sql_injection_v1,web_sql_injection_v1__run_001,initial_access,T1190,7,3,1.5567,1.0,0.0027,27888.19,13545.69,0.8174,35,17,1.0081,1.516,0.5977,0.14,1.0176,1,3,0,0,1,0,1.994,796.81,134.88,1029.79,7680.76,8679.99,0,0.0,3.452,0,0
2026-09-09T15:01:09.802069+00:00,web_sql_injection_v1,web_sql_injection_v1__run_001,initial_access,T1190,7,4,1.8424,1.0,0.0305,51773.51,27735.81,0.7252,84,45,1.0463,2.5722,0.6192,0.0622,0.8059,1,3,0,0,1,0,1.8507,616.35,175.39,905.33,7356.69,9375.19,0,0.0619,3.9588,0,1
2026-09-09T15:01:14.802069+00:00,web_sql_injection_v1,web_sql_injection_v1__run_001,initial_access,T1190,8,4,2.0,0.9831,0.0,20659.67,19798.85,0.7142,24,23,1.0543,1.3789,0.7948,0.1956,1.3816,1,4,0,0,2,0,1.0272,860.82,157.1,1119.09,9279.74,7321.35,1,0.0,4.5338,0,0
2026-09-09T15:01:19.802069+00:00,web_sql_injection_v1,web_sql_injection_v1__run_001,initial_access,T1190,6,3,1.4591,1.0,0.0,10270.43,6846.95,0.8378,12,8,0.572,1.0858,0.6408,0.1159,0.9885,1,3,0,0,1,0,1.48,855.87,320.42,1407.15,8892.06,8387.87,0,0.0092,4.4794,0,0
2026-09-09T15:01:24.802069+00:00,web_sql_injection_v1,web_sql_injection_v1__run_001,initial_access,T1190,7,3,1.3788,0.9842,0.0,29298.42,18416.15,0.774,35,22,0.7896,1.3893,0.6985,0.104,1.0104,1,3,0,0,1,0,1.569,837.1,404.88,1800.91,9563.0,8002.06,0,0.0195,3.9965,0,0
2026-09-09T15:01:29.802069+00:00,web_sql_injection_v1,web_sql_injection_v1__run_001,initial_access,T1190,5,4,1.9219,1.0,0.0,10503.53,5601.88,0.8057,15,8,0.4957,1.4072,0.5487,0.1481,0.9931,0,2,0,0,1,0,1.8279,700.24,203.43,981.9,8269.94,6817.08,0,0.062,3.4587,0,0
2026-09-09T15:01:34.802069+00:00,web_sql_injection_v1,web_sql_injection_v1__run_001,initial_access,T1190,4,3,1.5,1.0,0.0,14730.99,18413.73,0.748,24,30,0.9874,2.1297,0.8216,0.1513,1.2755,0,2,0,0,0,0,0.792,613.79,185.12,929.72,8122.73,7967.29,0,0.0173,3.6559,0,0
2026-09-09T15:01:39.802069+00:00,web_sql_injection_v1,web_sql_injection_v1__run_001,initial_access,T1190,8,3,1.2988,1.0,0.0,31133.92,14269.72,0.7743,48,22,0.5864,1.0438,0.6772,0.1406,1.099,1,4,0,0,1,0,2.0989,648.62,164.36,1054.31,7887.43,7525.55,0,0.0364,3.619,0,0
2026-09-09T15:01:44.802069+00:00,web_sql_injection_v1,web_sql_injection_v1__run_001,initial_access,T1190,16,4,1.8496,0.9832,0.0022,39999.78,18124.9,0.6862,64,29,0.8991,1.9843,0.5237,0.1204,0.8848,2,8,2,0,3,0,2.1965,625.0,179.42,1081.23,8143.78,9550.25,1,0.0,4.4638,0,0
2026-09-09T15:01:49.802069+00:00,web_sql_injection_v1,web_sql_injection_v1__run_001,initial_access,T1190,2,2,1.0,0.9858,0.0228,7579.03,3031.61,0.7248,10,4,0.9879,2.9236,0.8045,0.2363,1.5133,0,0,0,0,0,0,2.4299,757.9,103.69,861.59,7187.14,7856.28,0,0.0123,4.6137,0,0
2026-09-09T15:01:54.802069+00:00,web_sql_injection_v1,web_sql_injection_v1__run_001,initial_access,T1190,12,4,1.8879,1.0,0.0284,55864.29,38794.65,0.714,72,50,0.5812,0.7909,0.5969,0.0701,0.8071,2,6,0,0,3,0,1.4121,775.89,263.53,1417.26,6363.59,9757.61,1,0.0,3.6653,0,0
2026-09-09T15:01:59.802069+00:00,web_sql_injection_v1,web_sql_injection_v1__run_001,initial_access,T1190,6,2,1.0,0.9981,0.029,26738.13,22281.77,0.7033,36,30,0.5605,1.3052,0.7479,0.118,1.1021,1,3,0,0,1,0,1.172,742.73,331.21,1355.73,7183.02,7484.99,0,0.0,4.2456,0,0
2026-09-09T15:02:04.802069+00:00,web_sql_injection_v1,web_sql_injection_v1__run_001,initial_access,T1190,9,3,1.3516,0.9974,0.0156,48581.28,29688.56,0.7434,72,44,0.8244,2.0582,0.668,0.1808,1.2105,1,4,0,0,2,0,1.6206,674.74,314.22,1360.64,8606.45,8738.72,1,0.0296,4.1102,0,0
2026-09-09T15:02:09.802069+00:00,web_sql_injection_v1,web_sql_injection_v1__run_001,initial_access,T1190,10,4,1.8955,1.0,0.0,25050.12,14403.82,0.7339,40,23,0.6734,0.8946,0.6002,0.1172,0.9517,1,4,1,0,2,0,1.6977,626.25,142.19,815.37,5634.97,7949.99,1,0.0069,3.3993,0,0
2026-09-09T15:02:14.802069+00:00,web_sql_injection_v1,web_sql_injection_v1__run_001,initial_access,T1190,10,4,1.8955,0.974,0.0049,58648.58,29324.29,0.7791,70,35,0.7979,2.1383,0.5675,0.1349,0.9723,1,5,1,0,2,0,1.9844,837.84,415.91,1739.84,7777.12,7225.14,1,0.0336,4.2122,0,0
2026-09-09T15:02:19.802069+00:00,web_sql_injection_v1,web_sql_injection_v1__run_001,initial_access,T1190,11,4,1.8676,0.9885,0.0,31933.26,16692.39,0.6697,44,23,0.5018,0.703,0.8289,0.1476,1.2717,1,5,1,0,2,0,1.8835,725.76,203.6,1055.68,9603.27,6926.26,1,0.0102,3.8303,0,0
2026-09-09T15:02:24.802069+00:00,web_sql_injection_v1,web_sql_injection_v1__run_001,initial_access,T1190,8,3,1.2988,1.0,0.0,26101.73,15497.9,0.6664,32,19,0.7163,1.4245,0.6381,0.1675,1.1408,1,3,0,0,2,0,1.6315,815.68,209.66,1165.58,8448.95,7264.57,1,0.0015,3.6985,0,0
2026-09-09T15:02:29.802069+00:00,web_sql_injection_v1,web_sql_injection_v1__run_001,initial_access,T1190,6,3,1.4591,0.9576,0.0456,6976.91,2907.04,0.7398,12,5,0.6606,1.0255,0.6588,0.1916,1.2335,1,2,0,0,1,0,2.3237,581.41,207.92,966.01,6485.65,8269.15,0,0.0356,4.8271,0,1
2026-09-09T15:02:34.802069+00:00,web_sql_injection_v1,web_sql_injection_v1__run_001,initial_access,T1190,8,4,1.75,0.8749,0.1319,53455.2,23015.43,0.8113,72,31,0.6484,1.0103,0.6798,0.1754,1.2059,1,3,1,0,1,0,2.2674,742.43,277.06,1334.51,9195.55,8390.72,0,0.0228,3.8059,0,0
2026-09-09T15:02:39.802069+00:00,web_sql_injection_v1,web_sql_injection_v1__run_001,initial_access,T1190,10,4,1.9219,0.9906,0.0141,65206.13,26897.53,0.7459,80,33,0.986,1.4792,0.9103,0.2104,1.5416,2,5,0,0,2,0,2.4015,815.08,245.4,1158.49,7880.69,7831.58,1,0.0486,3.9156,0,1
2026-09-09T15:02:44.802069+00:00,web_sql_injection_v1,web_sql_injection_v1__run_001,initial_access,T1190,6,3,1.585,1.0,0.0,36685.77,17731.46,0.7876,60,29,0.8036,1.0784,0.7723,0.2227,1.4402,1,2,0,0,1,0,2.0572,611.43,89.26,694.98,7208.94,6250.82,0,0.0,3.9507,0,0
2026-09-09T15:02:49.802069+00:00,web_sql_injection_v1,web_sql_injection_v1__run_001,initial_access,T1190,6,3,1.4591,1.0,0.0,36100.65,33522.03,0.7258,42,39,1.0343,1.4428,0.8063,0.2367,1.5163,1,2,0,0,1,0,1.0575,859.54,338.32,1351.63,8465.11,8480.08,0,0.0676,4.3433,0,0
2026-09-09T15:02:54.802069+00:00,web_sql_injection_v1,web_sql_injection_v1__run_001,initial_access,T1190,9,4,1.8911,0.9534,0.0229,18149.57,9410.89,0.7432,27,14,0.4258,1.0668,0.6075,0.1291,0.9947,1,4,0,0,2,0,1.8639,672.21,151.41,873.24,8514.25,7667.05,1,0.0002,4.1494,0,0
2026-09-09T15:02:59.802069+00:00,web_sql_injection_v1,web_sql_injection_v1__run_001,initial_access,T1190,11,4,1.8231,1.0,0.0,42889.99,27293.63,0.7216,66,42,0.6754,0.8178,0.6556,0.0796,0.8943,1,5,1,0,2,0,1.5487,649.85,179.48,947.13,9632.6,8374.73,1,0.0222,4.303,0,0
2026-09-09T15:03:04.802069+00:00,web_sql_injection_v1,web_sql_injection_v1__run_001,initial_access,T1190,4,3,1.5,1.0,0.0,12006.76,6003.38,0.7959,20,10,0.7743,1.9512,0.5861,0.0917,0.8614,0,2,0,0,0,0,1.8386,600.34,110.95,772.96,7901.64,9951.73,0,0.0568,3.9916,0,0
2026-09-09T15:03:09.802069+00:00,web_sql_injection_v1,web_sql_injection_v1__run_001,initial_access,T1190,4,3,1.5,0.9995,0.0,18094.78,9693.63,0.7246,28,15,0.7137,0.8931,0.5246,0.1549,0.9892,0,1,0,0,1,0,1.7854,646.24,289.1,1096.42,8493.78,7421.74,0,0.027,4.1904,0,0
2026-09-09T15:03:14.802069+00:00,web_sql_injection_v1,web_sql_injection_v1__run_001,initial_access,T1190,7,4,1.9502,1.0,0.0,42415.4,20774.89,0.7788,49,24,0.3906,1.0507,0.7865,0.2109,1.419,1,3,0,0,1,0,2.0382,865.62,432.81,1529.25,8218.06,8148.55,0,0.03,5.053,0,0
2026-09-09T15:03:19.802069+00:00,web_sql_injection_v1,web_sql_injection_v1__run_001,initial_access,T1190,10,3,1.5219,0.9706,0.0359,46237.08,17724.22,0.7222,60,23,0.4399,1.2013,0.5435,0.1604,1.0248,2,4,0,0,2,0,2.5921,770.62,302.93,1375.4,8336.77,8641.13,1,0.0277,3.463,0,0
2026-09-09T15:03:24.802069+00:00,web_sql_injection_v1,web_sql_injection_v1__run_001,initial_access,T1190,10,4,1.971,0.9841,0.0,27349.63,15042.3,0.7242,40,22,0.9627,2.0834,0.6651,0.0749,0.8896,1,4,0,0,2,0,1.7483,683.74,158.62,926.03,7649.69,8075.56,1,0.0178,3.2496,0,0
2026-09-09T15:03:29.802069+00:00,web_sql_injection_v1,web_sql_injection_v1__run_001,initial_access,T1190,5,3,1.5219,0.9169,0.0627,9446.38,4408.31,0.7169,15,7,0.4647,0.7214,0.704,0.1354,1.11,1,2,0,0,1,0,2.0299,629.76,407.12,1433.27,8678.47,8001.93,0,0.0065,3.748,0,0
2026-09-09T15:03:34.802069+00:00,web_sql_injection_v1,web_sql_injection_v1__run_001,initial_access,T1190,16,4,1.9238,0.9665,0.0341,72795.46,28814.87,0.7648,96,38,0.7021,0.8718,0.5858,0.108,0.9097,3,8,1,0,4,0,2.4992,758.29,269.34,1298.06,6636.04,7218.32,3,0.0063,4.2851,0,0
2026-09-09T15:03:39.802069+00:00,web_sql_injection_v1,web_sql_injection_v1__run_001,initial_access,T1190,7,3,1.3788,0.9712,0.0336,24741.82,14138.18,0.7969,35,20,0.6356,1.2709,0.7345,0.1886,1.3002,1,3,0,0,1,0,1.7202,706.91,135.27,858.23,10016.16,7688.95,0,0.0577,3.7995,0,1
2026-09-09T15:03:44.802069+00:00,web_sql_injection_v1,web_sql_injection_v1__run_001,initial_access,T1190,4,4,2.0,0.9877,0.0,20187.85,8651.93,0.7617,28,12,0.9074,1.511,0.6959,0.1001,0.9962,0,1,0,0,1,0,2.2398,720.99,30.56,771.45,9602.99,6912.44,0,0.0012,4.5991,0,0
2026-09-09T15:03:49.802069+00:00,web_sql_injection_v1,web_sql_injection_v1__run_001,initial_access,T1190,7,3,1.3788,0.9981,0.0005,32460.04,18548.59,0.7311,42,24,0.4461,0.9595,0.5345,0.0913,0.8085,1,3,0,0,1,0,1.6957,772.86,207.79,1094.32,8766.36,8423.85,0,0.0,4.2925,0,0
2026-09-09T15:03:54.802069+00:00,web_sql_injection_v1,web_sql_injection_v1__run_001,initial_access,T1190,8,2,0.8113,0.9985,0.0279,28429.62,14214.81,0.7277,56,28,0.6488,1.3514,0.652,0.1514,1.1063,1,3,0,0,2,0,1.9468,507.67,165.72,859.56,7987.67,8730.96,1,0.0,4.7344,0,1
2026-09-09T15:03:59.802069+00:00,web_sql_injection_v1,web_sql_injection_v1__run_001,initial_access,T1190,4,3,1.5,0.9409,0.1009,22752.04,12087.02,0.7432,32,17,0.4997,0.7621,0.6781,0.0707,0.8902,0,2,0,0,1,0,1.8196,711.0,171.36,969.43,7187.49,8633.4,0,0.0,4.0395,0,0
2026-09-09T15:04:04.802069+00:00,web_sql_injection_v1,web_sql_injection_v1__run_001,initial_access,T1190,9,4,1.8911,1.0,0.0269,45478.4,25265.78,0.7114,63,35,1.1272,2.473,0.7446,0.1358,1.1519,2,4,1,0,2,0,1.7981,721.88,322.77,1399.07,8229.53,8960.51,1,0.0088,3.6927,0,0
2026-09-09T15:04:09.802069+00:00,web_sql_injection_v1,web_sql_injection_v1__run_001,initial_access,T1190,5,3,1.5219,0.9934,0.0,9338.69,5603.21,0.7837,15,9,1.0493,2.3424,0.7191,0.1473,1.1609,0,2,0,0,1,0,1.5444,622.58,155.35,808.43,7436.84,8015.26,0,0.0,3.3081,0,0
2026-09-09T15:04:14.802069+00:00,web_sql_injection_v1,web_sql_injection_v1__run_001,initial_access,T1190,5,4,1.9219,0.9906,0.0117,28160.06,14080.03,0.8151,40,20,1.0264,2.5042,0.7338,0.0918,1.0092,1,2,0,0,1,0,1.991,704.0,138.04,930.11,10935.18,8606.34,0,0.0639,4.0356,0,0
2026-09-09T15:04:19.802069+00:00,web_sql_injection_v1,web_sql_injection_v1__run_001,initial_access,T1190,13,4,1.8262,1.0,0.0,55616.2,27095.07,0.7788,78,38,0.3422,0.9028,0.6668,0.1584,1.1419,2,6,1,0,3,0,2.0077,713.03,221.38,1166.91,9375.21,7644.96,2,0.031,3.8146,0,3
2026-09-09T15:04:24.802069+00:00,web_sql_injection_v1,web_sql_injection_v1__run_001,initial_access,T1190,6,3,1.4591,0.9461,0.0358,6275.16,3137.58,0.8028,12,6,0.7868,2.3197,0.8731,0.1936,1.454,1,3,0,0,1,0,1.906,522.93,197.22,861.35,8027.35,9901.87,0,0.013,4.4532,0,0
2026-09-09T15:04:29.802069+00:00,web_sql_injection_v1,web_sql_injection_v1__run_001,initial_access,T1190,7,4,1.8424,1.0,0.0133,30339.72,15711.64,0.7764,56,29,1.0575,1.3368,0.7501,0.136,1.158,1,3,0,0,1,0,1.8798,541.78,84.26,665.28,9124.42,9027.01,0,0.0,4.4164,0,0
2026-09-09T15:04:34.802069+00:00,web_sql_injection_v1,web_sql_injection_v1__run_001,initial_access,T1190,9,4,1.6577,1.0,0.0,24202.45,14118.09,0.8015,36,21,0.6313,1.2823,0.5731,0.0667,0.7733,1,4,0,0,2,0,1.6637,672.29,202.41,979.0,8088.31,9442.35,1,0.0493,4.1424,0,0
2026-09-09T15:04:39.802069+00:00,web_sql_injection_v1,web_sql_injection_v1__run_001,initial_access,T1190,12,3,1.4834,1.0,0.0,61066.95,38530.34,0.7539,84,53,0.7812,2.2206,0.5744,0.1361,0.9826,2,5,1,0,2,0,1.581,726.99,270.13,1308.93,10121.46,7607.56,1,0.0212,3.9528,0,0
2026-09-09T15:04:44.802069+00:00,web_sql_injection_v1,web_sql_injection_v1__run_001,initial_access,T1190,9,4,1.8366,0.9578,0.0636,14612.79,8659.43,0.7781,27,16,0.571,0.7573,0.7755,0.0973,1.0675,1,4,0,0,1,0,1.6764,541.21,131.97,826.7,9378.3,8626.96,0,0.0087,3.7361,0,0
2026-09-09T15:04:49.802069+00:00,web_sql_injection_v1,web_sql_injection_v1__run_001,initial_access,T1190,5,3,1.5219,1.0,0.0,30744.29,14347.33,0.6822,45,21,0.6855,0.8746,0.4381,0.0626,0.6258,0,2,0,0,1,0,2.0833,683.21,225.21,1088.12,7791.38,8771.56,0,0.0432,4.1167,0,0
2026-09-09T15:04:54.802069+00:00,web_sql_injection_v1,web_sql_injection_v1__run_001,initial_access,T1190,8,3,1.4056,0.9553,0.0486,28970.46,13036.71,0.7069,40,18,0.5602,0.8558,0.6516,0.1344,1.0546,1,4,0,0,2,0,2.1349,724.26,258.13,1075.52,8143.96,8641.84,1,0.0274,3.6135,0,0
2026-09-09T15:04:59.802069+00:00,web_sql_injection_v1,web_sql_injection_v1__run_001,initial_access,T1190,6,4,1.9183,1.0,0.0125,18513.95,10491.24,0.7371,30,17,0.6898,1.7631,0.6836,0.1711,1.1967,1,2,0,0,1,0,1.7408,617.13,146.75,820.82,9664.5,7335.32,0,0.0,4.3528,0,0
2026-09-09T15:05:04.802069+00:00,web_sql_injection_v1,web_sql_injection_v1__run_001,initial_access,T1190,7,3,1.3788,0.9948,0.0039,15291.62,8009.9,0.6458,21,11,0.6022,1.3713,0.5353,0.0646,0.7291,1,3,0,0,1,0,1.8225,728.17,245.16,1233.73,9636.26,8518.33,0,0.0498,3.6931,0,0
2026-09-09T15:05:09.802069+00:00,web_sql_injection_v1,web_sql_injection_v1__run_001,initial_access,T1190,6,3,1.4591,0.9411,0.0458,33289.81,17199.74,0.8724,60,31,0.5574,0.6901,0.4796,0.1024,0.7868,1,2,0,0,1,0,1.8994,554.83,225.02,881.51,6798.19,7815.05,0,0.0,3.5136,0,0
2026-09-09T15:05:14.802069+00:00,web_sql_injection_v1,web_sql_injection_v1__run_001,initial_access,T1190,5,4,1.9219,0.969,0.0305,16732.21,6692.88,0.6197,20,8,0.4358,0.8724,0.6466,0.0815,0.891,0,2,0,0,1,0,2.4332,836.61,162.38,1074.97,9522.92,8663.2,0,0.0458,4.3274,0,0
2026-09-09T15:05:19.802069+00:00,web_sql_injection_v1,web_sql_injection_v1__run_001,initial_access,T1190,9,3,1.5305,0.9722,0.0418,49160.79,24970.56,0.7608,63,32,0.9236,2.745,0.7258,0.1342,1.1284,1,4,1,0,1,0,1.9524,780.33,247.44,1362.6,9227.66,7124.97,0,0.0,4.025,0,0
2026-09-09T15:05:24.802069+00:00,web_sql_injection_v1,web_sql_injection_v1__run_001,initial_access,T1190,7,4,1.8424,0.9887,0.0,19654.57,11231.18,0.7702,35,20,0.4228,1.0087,0.6894,0.1539,1.1511,1,3,0,0,1,0,1.7067,561.56,162.28,833.32,8639.58,9496.29,0,0.0,4.2436,0,0
2026-09-09T15:05:29.802069+00:00,web_sql_injection_v1,web_sql_injection_v1__run_001,initial_access,T1190,12,4,1.9183,1.0,0.0,59671.29,41201.61,0.824,84,58,0.5785,0.8157,0.6559,0.1687,1.162,2,5,1,0,2,0,1.4346,710.37,292.5,1550.33,8249.46,7916.11,1,0.0,4.5317,0,1
2026-09-09T15:05:34.802069+00:00,web_sql_injection_v1,web_sql_injection_v1__run_001,initial_access,T1190,4,3,1.5,0.973,0.0552,3138.99,1569.5,0.6893,4,2,0.5062,0.814,0.7322,0.1425,1.1596,0,1,0,0,1,0,1.7591,784.75,391.11,1444.52,9699.97,8266.32,0,0.0457,3.4893,0,0
2026-09-09T15:05:39.802069+00:00,web_sql_injection_v1,web_sql_injection_v1__run_001,initial_access,T1190,9,3,1.5305,1.0,0.0135,52295.46,35589.97,0.7518,72,49,0.8424,1.4856,0.6343,0.1499,1.0842,1,4,0,0,2,0,1.4664,726.33,220.22,1110.77,8384.53,8031.77,1,0.0043,4.7645,0,0
2026-09-09T15:05:44.802069+00:00,web_sql_injection_v1,web_sql_injection_v1__run_001,initial_access,T1190,5,3,1.5219,0.9961,0.0283,3657.79,1463.12,0.9052,5,2,0.6434,1.5156,0.7648,0.2135,1.4052,0,2,0,0,1,0,1.8983,731.56,338.92,1365.39,7016.18,6355.06,0,0.0,3.6752,0,0
2026-09-09T15:05:49.802069+00:00,web_sql_injection_v1,web_sql_injection_v1__run_001,initial_access,T1190,9,3,0.9864,0.9894,0.0,38252.82,23376.72,0.7092,54,33,0.7747,2.3126,0.6793,0.1204,1.0404,1,4,0,0,2,0,1.6051,708.39,158.17,937.07,7728.58,7801.04,1,0.0219,4.2499,0,0
2026-09-09T15:05:54.802069+00:00,web_sql_injection_v1,web_sql_injection_v1__run_001,initial_access,T1190,5,3,1.5219,0.964,0.0683,13081.98,4360.66,0.7566,15,5,0.8498,2.1867,0.8033,0.1141,1.1457,1,2,0,0,1,0,2.8123,872.13,150.5,1127.45,8034.15,7183.64,0,0.0316,4.1215,0,0
2026-09-09T15:05:59.802069+00:00,web_sql_injection_v1,web_sql_injection_v1__run_001,initial_access,T1190,5,3,1.371,1.0,0.0,16367.37,10911.58,0.7264,30,20,0.9397,2.6286,0.736,0.2151,1.3813,0,2,0,0,1,0,1.4855,545.58,81.17,651.51,7837.41,9189.46,0,0.0647,4.6007,0,0
2026-09-09T15:06:04.802069+00:00,web_sql_injection_v1,web_sql_injection_v1__run_001,initial_access,T1190,13,4,1.8262,1.0,0.0126,15194.44,7012.82,0.7194,26,12,0.3741,0.9626,0.7573,0.1373,1.1693,2,6,1,0,3,0,2.0607,584.4,182.45,919.53,8493.09,8722.69,2,0.0564,3.6418,0,0
2026-09-09T15:06:09.802069+00:00,web_sql_injection_v1,web_sql_injection_v1__run_001,initial_access,T1190,10,3,1.5219,0.995,0.0084,53310.1,27321.43,0.7396,80,41,0.6457,1.0819,0.6751,0.1814,1.2193,2,4,0,0,2,0,1.9105,666.38,186.99,864.69,7398.71,9028.88,1,0.0062,4.5302,0,0
2026-09-09T15:06:14.802069+00:00,web_sql_injection_v1,web_sql_injection_v1__run_001,initial_access,T1190,10,3,1.571,0.9894,0.0479,46700.38,26852.72,0.7716,80,46,0.517,1.4178,0.6946,0.1496,1.1435,1,4,1,0,2,0,1.7374,583.75,177.44,869.61,9319.01,9030.16,1,0.0348,3.5147,0,0
2026-09-09T15:06:19.802069+00:00,web_sql_injection_v1,web_sql_injection_v1__run_001,initial_access,T1190,4,2,1.0,1.0,0.0312,14348.79,9326.72,0.7535,20,13,1.0443,2.3473,0.8142,0.1605,1.2957,0,1,0,0,0,0,1.4517,717.44,182.92,882.51,7738.01,6632.98,0,0.0193,3.9945,0,0
2026-09-09T15:06:24.802069+00:00,web_sql_injection_v1,web_sql_injection_v1__run_001,initial_access,T1190,8,4,1.9056,0.9636,0.0427,53532.14,29275.39,0.783,64,35,0.4911,0.9679,0.7328,0.1755,1.2593,1,3,0,0,1,0,1.8192,836.44,212.54,1154.49,9531.05,8555.64,0,0.0,5.0659,0,0
2026-09-09T15:06:29.802069+00:00,web_sql_injection_v1,web_sql_injection_v1__run_001,initial_access,T1190,8,3,1.5,1.0,0.0128,26432.84,17181.35,0.769,40,26,0.4577,1.3028,0.5873,0.1139,0.9289,1,4,0,0,2,0,1.5217,660.82,239.86,1093.03,9208.91,7302.45,1,0.0417,5.3132,0,0
2026-09-09T15:06:34.802069+00:00,web_sql_injection_v1,web_sql_injection_v1__run_001,initial_access,T1190,6,3,1.4591,1.0,0.0195,25326.24,12663.12,0.7026,30,15,0.9603,1.6384,0.8759,0.0947,1.1601,1,2,0,0,1,0,1.8787,844.21,336.72,1488.43,6394.59,5315.62,0,0.0014,3.4104,0,0
2026-09-09T15:06:39.802069+00:00,web_sql_injection_v1,web_sql_injection_v1__run_001,initial_access,T1190,8,4,2.0,0.9396,0.0478,38286.04,23928.78,0.6502,48,30,0.6458,1.2688,0.5738,0.0714,0.788,1,4,0,0,1,0,1.5749,797.63,383.28,1690.38,7294.37,7935.27,0,0.0,4.0203,0,0
2026-09-09T15:06:44.802069+00:00,web_sql_injection_v1,web_sql_injection_v1__run_001,initial_access,T1190,2,1,-0.0,0.9644,0.0,13325.6,17132.91,0.7032,14,18,1.1245,1.7563,0.9056,0.1646,1.3993,0,1,0,0,0,0,0.7644,951.83,32.21,984.03,7224.07,9542.69,0,0.0207,3.6627,0,0
2026-09-09T15:06:49.802069+00:00,web_sql_injection_v1,web_sql_injection_v1__run_001,initial_access,T1190,10,4,1.9219,1.0,0.0,45812.23,31414.1,0.7757,70,48,0.3758,0.7013,0.5488,0.1418,0.9742,1,4,1,0,2,0,1.4511,654.46,142.47,1048.32,8177.57,9899.78,1,0.013,4.5752,0,0
2026-09-09T15:06:54.802069+00:00,web_sql_injection_v1,web_sql_injection_v1__run_001,initial_access,T1190,4,3,1.5,0.9986,0.0347,7385.58,3077.33,0.8076,12,5,0.735,2.0784,0.7276,0.1508,1.1798,0,2,0,0,1,0,2.1611,615.47,157.81,865.46,7096.12,9001.26,0,0.0002,4.472,0,0
2026-09-09T15:06:59.802069+00:00,web_sql_injection_v1,web_sql_injection_v1__run_001,initial_access,T1190,8,3,1.4056,1.0,0.0,33701.25,11233.75,0.7236,48,16,0.6844,1.0408,0.8224,0.1703,1.3333,1,3,0,0,2,0,2.8376,702.11,265.52,1197.35,9501.71,8245.64,1,0.0035,2.8802,0,0
2026-09-09T15:07:04.802069+00:00,web_sql_injection_v1,web_sql_injection_v1__run_001,initial_access,T1190,7,3,1.3788,0.9995,0.0028,16477.7,8631.18,0.7728,21,11,0.812,1.1071,0.7994,0.09,1.0693,1,3,0,0,1,0,1.7666,784.65,205.58,1135.11,8255.11,7600.53,0,0.0346,3.4141,0,0
2026-09-09T15:07:09.802069+00:00,web_sql_injection_v1,web_sql_injection_v1__run_001,initial_access,T1190,3,3,1.585,1.0,0.0049,6493.21,4328.81,0.8129,9,6,0.8973,1.9185,0.701,0.0786,0.9368,0,1,0,0,0,0,1.4818,721.47,149.6,851.88,7941.22,9721.66,0,0.0,3.8457,0,0
2026-09-09T15:07:14.802069+00:00,web_sql_injection_v1,web_sql_injection_v1__run_001,initial_access,T1190,7,4,1.9502,0.9786,0.0235,46786.58,30745.47,0.768,70,46,0.5192,1.0008,0.8382,0.1948,1.4225,1,3,0,0,1,0,1.4895,668.38,146.5,847.49,8731.54,9100.91,0,0.0663,4.6084,0,0
2026-09-09T15:07:19.802069+00:00,web_sql_injection_v1,web_sql_injection_v1__run_001,initial_access,T1190,5,3,1.371,0.9266,0.0855,12904.75,7097.61,0.7595,20,11,1.1315,1.9596,0.908,0.1966,1.4978,0,2,0,0,1,0,1.8113,645.24,128.55,824.8,8537.38,8555.49,0,0.0765,4.1041,0,1
2026-09-09T15:07:24.802069+00:00,web_sql_injection_v1,web_sql_injection_v1__run_001,initial_access,T1190,8,3,1.5,1.0,0.0002,38284.78,22731.59,0.7032,64,38,0.4886,0.7996,0.7005,0.0914,0.9748,1,4,0,0,2,0,1.6482,598.2,72.02,711.36,8805.58,7674.84,1,0.014,3.7029,0,0
2026-09-09T15:07:29.802069+00:00,web_sql_injection_v1,web_sql_injection_v1__run_001,initial_access,T1190,4,2,0.8113,0.9955,0.0115,14768.71,6768.99,0.7219,24,11,0.3523,0.663,0.7305,0.1332,1.1302,0,1,0,0,1,0,2.0643,615.36,47.37,669.62,7897.08,9481.74,0,0.0178,4.0331,0,0
2026-09-09T15:07:34.802069+00:00,web_sql_injection_v1,web_sql_injection_v1__run_001,initial_access,T1190,9,4,1.8911,0.9834,0.0096,42779.57,21729.31,0.8141,63,32,0.8001,1.3075,0.6237,0.1817,1.1689,1,4,0,0,2,0,1.9201,679.04,277.44,1408.0,8651.49,9052.43,1,0.0,3.8936,0,0
2026-09-09T15:07:39.802069+00:00,web_sql_injection_v1,web_sql_injection_v1__run_001,initial_access,T1190,9,3,1.3516,0.9821,0.0072,43224.48,40480.07,0.7195,63,59,0.9114,2.3005,0.64,0.136,1.0481,1,4,1,0,2,0,1.0534,686.1,165.17,941.09,7329.21,9786.88,1,0.0085,4.8714,0,0
2026-09-09T15:07:44.802069+00:00,web_sql_injection_v1,web_sql_injection_v1__run_001,initial_access,T1190,7,4,1.8424,1.0,0.0152,13576.92,7111.72,0.7529,21,11,0.889,1.3768,0.7186,0.1616,1.2033,1,3,0,0,1,0,1.7592,646.52,177.0,1037.19,8744.92,5035.45,0,0.0865,3.5937,0,0
2026-09-09T15:07:49.802069+00:00,web_sql_injection_v1,web_sql_injection_v1__run_001,initial_access,T1190,8,4,1.9056,0.9992,0.0004,50568.4,41086.82,0.7685,64,52,0.765,1.9439,0.6227,0.1867,1.1828,1,3,0,0,2,0,1.2077,790.13,252.13,1234.51,9562.25,8276.4,1,0.0039,4.4927,0,0
2026-09-09T15:07:54.802069+00:00,web_sql_injection_v1,web_sql_injection_v1__run_001,initial_access,T1190,9,4,1.8911,0.9583,0.0716,43772.22,34045.06,0.7369,63,49,0.7175,1.836,0.6757,0.1925,1.2533,1,4,0,0,2,0,1.2718,694.8,248.8,1187.23,9207.83,8450.59,1,0.0893,3.4254,0,0
2026-09-09T15:07:59.802069+00:00,web_sql_injection_v1,web_sql_injection_v1__run_001,initial_access,T1190,6,4,1.7925,0.9879,0.0339,16195.84,6748.27,0.7606,24,10,0.3757,0.7357,0.5113,0.1195,0.8698,1,3,0,0,1,0,2.3425,674.83,239.75,1192.43,8903.82,8350.52,0,0.0258,3.4282,0,0
2026-09-09T15:08:04.802069+00:00,web_sql_injection_v1,web_sql_injection_v1__run_001,initial_access,T1190,8,3,1.5613,0.9303,0.0556,39990.36,16424.61,0.7998,56,23,0.8223,1.2114,0.5907,0.1436,1.0216,1,3,0,0,2,0,2.3986,714.11,260.7,1292.33,7288.55,9018.28,1,0.0205,2.8128,0,0
2026-09-09T15:08:09.802069+00:00,web_sql_injection_v1,web_sql_injection_v1__run_001,initial_access,T1190,9,4,1.7527,0.9905,0.0,51576.18,20057.4,0.7245,72,28,1.1704,3.0537,0.6589,0.1373,1.0707,1,4,0,0,2,0,2.5455,716.34,142.23,1017.79,8719.39,8543.61,1,0.0,4.2438,0,0
2026-09-09T15:08:14.802069+00:00,web_sql_injection_v1,web_sql_injection_v1__run_001,initial_access,T1190,1,1,-0.0,0.9644,0.0173,3339.59,2226.39,0.6901,6,4,0.7123,1.0503,0.7988,0.2167,1.4489,0,0,0,0,0,0,1.4904,556.6,0.0,556.6,8884.56,6735.6,0,0.0307,2.9062,0,0
2026-09-09T15:08:19.802069+00:00,web_sql_injection_v1,web_sql_injection_v1__run_001,initial_access,T1190,5,2,0.7219,0.9949,0.0302,18629.86,6830.95,0.7567,30,11,0.5869,1.343,0.6421,0.067,0.8432,1,2,0,0,1,0,2.7185,621.0,102.44,740.35,6950.91,8558.94,0,0.102,2.7983,0,0
2026-09-09T15:08:24.802069+00:00,web_sql_injection_v1,web_sql_injection_v1__run_001,initial_access,T1190,15,4,1.9329,0.9663,0.0,52667.66,27504.22,0.7334,90,47,0.5904,1.4623,0.5669,0.1489,1.0136,2,7,1,0,3,0,1.8902,585.2,168.19,859.4,8056.61,9034.71,2,0.0,2.76,0,0
2026-09-09T15:08:29.802069+00:00,web_sql_injection_v1,web_sql_injection_v1__run_001,initial_access,T1190,7,4,1.8424,0.9911,0.0348,31508.19,16316.74,0.7764,56,29,0.5474,1.6037,0.6941,0.0756,0.9208,1,3,0,0,1,0,1.8996,562.65,138.02,816.38,8858.11,8622.81,0,0.0159,2.7641,0,0
2026-09-09T15:08:34.802069+00:00,web_sql_injection_v1,web_sql_injection_v1__run_001,initial_access,T1190,9,3,1.3516,1.0,0.0057,36138.54,17208.83,0.6415,63,30,0.5111,1.2159,0.5689,0.0747,0.7932,1,4,1,0,2,0,2.0527,573.63,199.82,915.54,6205.59,9553.65,1,0.0499,4.3821,0,1
2026-09-09T15:08:39.802069+00:00,web_sql_injection_v1,web_sql_injection_v1__run_001,initial_access,T1190,8,3,1.4056,0.9857,0.002,35483.34,21543.45,0.7083,56,34,0.7128,1.133,0.8183,0.1844,1.3716,1,4,0,0,1,0,1.6424,633.63,174.74,955.63,7504.06,6669.72,0,0.0,4.3138,0,0
2026-09-09T15:08:44.802069+00:00,web_sql_injection_v1,web_sql_injection_v1__run_001,initial_access,T1190,8,4,1.9056,1.0,0.0045,45727.73,27309.62,0.8265,72,43,0.7349,1.8792,0.5513,0.1016,0.8562,1,4,0,0,2,0,1.6642,635.11,207.99,1051.51,6069.42,9208.29,1,0.0793,3.4896,0,0
2026-09-09T15:08:49.802069+00:00,web_sql_injection_v1,web_sql_injection_v1__run_001,initial_access,T1190,7,4,1.8424,1.0,0.0,39876.16,15665.64,0.803,56,22,0.4975,0.8475,0.869,0.2454,1.6051,1,3,0,0,1,0,2.4792,712.07,171.34,888.8,9531.15,7424.32,0,0.0,3.9985,0,0
2026-09-09T15:08:54.802069+00:00,web_sql_injection_v1,web_sql_injection_v1__run_001,initial_access,T1190,10,4,1.971,0.9485,0.0216,71592.15,27205.02,0.8679,100,38,0.7496,1.1353,0.6479,0.1106,0.9797,1,5,0,0,2,0,2.5931,715.92,193.46,1091.2,8003.46,10352.71,1,0.0181,3.8321,0,0
2026-09-09T15:08:59.802069+00:00,web_sql_injection_v1,web_sql_injection_v1__run_001,initial_access,T1190,4,3,1.5,0.9739,0.0153,12870.34,8848.36,0.7228,16,11,0.9658,2.35,0.6767,0.1425,1.1043,0,2,0,0,0,0,1.4173,804.4,232.67,1121.15,7289.96,7752.91,0,0.0,4.1587,0,0
2026-09-09T15:09:04.802069+00:00,web_sql_injection_v1,web_sql_injection_v1__run_001,initial_access,T1190,8,3,1.5,0.9755,0.008,36124.78,18814.99,0.6494,48,25,0.6727,1.2224,0.5362,0.1324,0.9333,1,4,1,0,1,0,1.8671,752.6,314.62,1418.44,8182.87,7872.65,0,0.0,3.5566,0,0
2026-09-09T15:09:09.802069+00:00,web_sql_injection_v1,web_sql_injection_v1__run_001,initial_access,T1190,10,3,1.571,1.0,0.0,29570.3,13306.63,0.7517,40,18,0.6106,0.7597,0.7686,0.1407,1.1907,2,5,0,0,2,0,2.138,739.26,135.95,975.27,9194.37,7811.74,1,0.0102,3.9862,0,0
2026-09-09T15:09:14.802069+00:00,web_sql_injection_v1,web_sql_injection_v1__run_001,initial_access,T1190,4,4,2.0,1.0,0.0,6163.48,3081.74,0.7948,8,4,0.8668,1.1732,0.6192,0.1308,1.0116,0,2,0,0,0,0,1.9712,770.44,68.7,831.34,9462.21,8573.72,0,0.034,3.3911,0,0
2026-09-09T15:09:19.802069+00:00,web_sql_injection_v1,web_sql_injection_v1__run_001,initial_access,T1190,11,3,1.2407,0.9727,0.0245,47377.76,32610.66,0.6591,77,53,0.6664,1.2965,0.6616,0.1688,1.1679,2,5,1,0,2,0,1.428,615.3,121.67,833.74,10092.37,8766.2,1,0.0352,3.9534,0,0
2026-09-09T15:09:24.802069+00:00,web_sql_injection_v1,web_sql_injection_v1__run_001,initial_access,T1190,7,4,1.9502,0.9661,0.007,43653.0,14254.04,0.7117,49,16,0.3479,0.7275,0.6864,0.1597,1.1655,1,3,0,0,1,0,2.9882,890.88,326.12,1493.46,7859.98,9295.09,0,0.0215,3.3009,0,0
2026-09-09T15:09:29.802069+00:00,web_sql_injection_v1,web_sql_injection_v1__run_001,initial_access,T1190,8,4,1.9056,1.0,0.0081,39002.66,24376.66,0.8057,40,25,0.6822,1.3038,0.8644,0.2071,1.4857,1,4,0,0,1,0,1.5769,975.07,289.18,1384.16,9443.17,6262.32,0,0.042,3.983,0,1
2026-09-09T15:09:34.802069+00:00,web_sql_injection_v1,web_sql_injection_v1__run_001,initial_access,T1190,8,4,1.75,1.0,0.0022,35355.38,17677.69,0.7888,56,28,0.424,0.8509,0.776,0.1839,1.3276,1,3,0,0,2,0,1.9642,631.35,128.87,921.09,9520.05,7952.69,1,0.0148,4.5838,0,0
2026-09-09T15:09:39.802069+00:00,web_sql_injection_v1,web_sql_injection_v1__run_001,initial_access,T1190,12,4,1.825,0.9561,0.0607,51820.15,31667.87,0.7353,72,44,1.0911,1.4283,0.7138,0.142,1.1398,2,5,1,0,3,0,1.6316,719.72,303.86,1648.66,8808.14,8121.56,1,0.0456,3.7734,0,0
2026-09-09T15:09:44.802069+00:00,web_sql_injection_v1,web_sql_injection_v1__run_001,initial_access,T1190,6,4,1.7925,0.9829,0.0311,42952.75,20680.95,0.7058,54,26,0.7258,0.8996,0.6541,0.1919,1.2299,1,3,0,0,1,0,2.0422,795.42,280.47,1353.44,9560.79,7559.09,0,0.0075,4.1823,0,0
2026-09-09T15:09:49.802069+00:00,web_sql_injection_v1,web_sql_injection_v1__run_001,initial_access,T1190,8,4,1.9056,1.0,0.0,41114.25,21841.94,0.7874,64,34,0.5771,1.083,0.8292,0.204,1.4413,1,4,0,0,2,0,1.8448,642.41,164.3,849.28,9520.74,6939.65,1,0.0258,4.2375,0,0
2026-09-09T15:09:54.802069+00:00,web_sql_injection_v1,web_sql_injection_v1__run_001,initial_access,T1190,14,4,1.8774,1.0,0.0019,91479.8,44287.84,0.8507,126,61,0.3363,0.7629,0.504,0.0884,0.7693,3,7,1,0,3,0,2.0393,726.03,172.58,1109.01,7820.47,8482.42,2,0.0411,3.3445,0,0
2026-09-09T15:09:59.802069+00:00,web_sql_injection_v1,web_sql_injection_v1__run_001,initial_access,T1190,4,3,1.5,0.9429,0.019,2685.18,1342.59,0.7693,4,2,0.6635,1.698,0.7412,0.1542,1.2039,0,1,0,0,1,0,1.5001,671.29,207.78,850.68,6266.56,8070.24,0,0.0,4.3157,0,0
2026-09-09T15:10:04.802069+00:00,web_sql_injection_v1,web_sql_injection_v1__run_001,initial_access,T1190,6,3,1.585,1.0,0.0067,29028.41,13823.05,0.7322,42,20,0.5588,1.1281,0.651,0.1095,0.9794,1,2,0,0,1,0,2.0149,691.15,303.62,1269.67,6299.79,7886.42,0,0.0648,5.0219,0,0
2026-09-09T15:10:09.802069+00:00,web_sql_injection_v1,web_sql_injection_v1__run_001,initial_access,T1190,11,3,1.4354,0.9931,0.0,78369.27,48446.46,0.6784,110,68,0.4791,0.8027,0.704,0.0839,0.9556,1,5,0,0,2,0,1.608,712.45,318.51,1613.66,7294.16,8992.92,1,0.0169,4.4993,0,0
2026-09-09T15:10:14.802069+00:00,web_sql_injection_v1,web_sql_injection_v1__run_001,initial_access,T1190,6,3,1.4591,0.9777,0.0281,16788.03,7694.51,0.7186,24,11,0.6202,1.1774,0.5645,0.1092,0.8922,0,2,0,0,1,0,2.0755,699.5,280.78,1144.05,8481.45,8401.53,0,0.005,4.2772,0,0
2026-09-09T15:10:19.802069+00:00,web_sql_injection_v1,web_sql_injection_v1__run_001,initial_access,T1190,3,2,0.9183,0.973,0.0509,8159.05,4079.52,0.7431,12,6,0.8493,1.4024,0.7304,0.0984,1.0258,0,1,0,0,0,0,1.9255,679.92,211.2,957.12,9286.16,7911.21,0,0.0535,4.0475,0,0
2026-09-09T15:10:24.802069+00:00,web_sql_injection_v1,web_sql_injection_v1__run_001,initial_access,T1190,8,3,1.5613,1.0,0.0,9369.68,4684.84,0.7953,16,8,0.7818,1.6521,0.6591,0.1435,1.0897,1,3,0,0,1,0,1.8542,585.6,145.94,860.18,8794.76,8485.74,0,0.0326,4.1741,0,0
2026-09-09T15:10:29.802069+00:00,web_sql_injection_v1,web_sql_injection_v1__run_001,initial_access,T1190,4,3,1.5,1.0,0.0054,10835.55,5417.78,0.7904,24,12,0.9764,2.389,0.7023,0.1451,1.1375,0,1,0,0,0,0,1.9851,451.48,107.96,636.41,9004.07,6832.94,0,0.0555,4.0351,0,0
2026-09-09T15:10:34.802069+00:00,web_sql_injection_v1,web_sql_injection_v1__run_001,initial_access,T1190,7,3,1.4488,0.9337,0.0694,11533.65,6041.44,0.6776,21,11,0.6039,1.1577,0.7038,0.2092,1.3314,1,3,0,0,1,0,1.8901,549.22,146.51,726.32,9088.66,8312.94,0,0.0333,4.073,0,0
2026-09-09T15:10:39.802069+00:00,web_sql_injection_v1,web_sql_injection_v1__run_001,initial_access,T1190,9,4,1.8366,0.9975,0.0127,26528.91,13264.46,0.731,36,18,0.7225,1.757,0.72,0.1444,1.1531,1,4,1,0,2,0,1.9775,736.91,178.06,1118.5,9101.48,6729.13,1,0.0,4.1161,0,0
2026-09-09T15:10:44.802069+00:00,web_sql_injection_v1,web_sql_injection_v1__run_001,initial_access,T1190,6,3,1.4591,1.0,0.0,18874.23,9437.12,0.8111,30,15,0.8479,2.2472,0.6655,0.1524,1.1225,1,3,0,0,1,0,1.908,629.14,202.8,957.2,8428.15,8030.62,0,0.0,3.0127,0,1
2026-09-09T15:10:49.802069+00:00,web_sql_injection_v1,web_sql_injection_v1__run_001,initial_access,T1190,7,3,1.3788,0.9339,0.0819,44572.03,22286.01,0.7935,56,28,0.7771,1.1834,0.6279,0.0963,0.9168,1,3,0,0,1,0,1.9627,795.93,174.14,1127.23,5965.11,9254.55,0,0.0318,3.3884,0,1
2026-09-09T15:10:54.802069+00:00,web_sql_injection_v1,web_sql_injection_v1__run_001,initial_access,T1190,8,3,1.5613,1.0,0.0061,53291.91,91780.52,0.7633,72,124,0.6148,1.4812,0.6797,0.1447,1.1138,1,4,0,0,1,0,0.5792,740.17,283.3,1111.55,6708.45,9446.61,0,0.0312,3.7741,0,1
2026-09-09T15:10:59.802069+00:00,web_sql_injection_v1,web_sql_injection_v1__run_001,initial_access,T1190,10,3,1.4855,0.9841,0.0001,57232.86,27901.02,0.7922,80,39,0.4538,0.8622,0.8677,0.1935,1.4481,1,5,1,0,2,0,2.0107,715.41,223.28,1145.86,8372.53,10687.83,1,0.0663,3.8588,0,0
2026-09-09T15:11:04.802069+00:00,web_sql_injection_v1,web_sql_injection_v1__run_001,initial_access,T1190,4,3,1.5,1.0,0.0008,10197.11,6798.07,0.6482,12,8,0.8061,2.0363,0.7112,0.2005,1.3127,0,1,0,0,1,0,1.4759,849.76,441.7,1610.15,8457.16,6504.51,0,0.0,3.8341,0,1
2026-09-09T15:11:09.802069+00:00,web_sql_injection_v1,web_sql_injection_v1__run_001,initial_access,T1190,8,3,1.5,1.0,0.0055,32752.66,30705.62,0.7177,48,45,0.3549,0.9029,0.7613,0.0783,0.9961,1,3,0,0,2,0,1.0494,682.35,261.04,1324.51,8728.52,9122.59,1,0.041,3.9392,0,0
2026-09-09T15:11:14.802069+00:00,web_sql_injection_v1,web_sql_injection_v1__run_001,initial_access,T1190,8,4,1.9056,0.9656,0.0479,60745.77,36700.57,0.7085,96,58,0.8867,1.783,0.6442,0.0739,0.866,1,4,0,0,1,0,1.6441,632.77,180.66,846.71,6993.39,6375.36,0,0.0,3.8973,0,1
2026-09-09T15:11:19.802069+00:00,web_sql_injection_v1,web_sql_injection_v1__run_001,initial_access,T1190,10,4,1.8955,1.0,0.0387,59154.7,44366.02,0.7441,80,60,0.9353,2.1204,0.7161,0.1582,1.1907,1,5,1,0,2,0,1.3205,739.43,166.68,972.3,7826.02,8449.84,1,0.0142,4.0009,0,0
2026-09-09T15:11:24.802069+00:00,web_sql_injection_v1,web_sql_injection_v1__run_001,initial_access,T1190,8,4,1.9056,1.0,0.0,29022.0,13785.45,0.7296,40,19,0.5364,0.8192,0.6531,0.0659,0.8508,1,4,1,0,1,0,2.0202,725.55,214.3,1227.75,7637.23,7840.26,0,0.0703,3.8119,0,0
2026-09-09T15:11:29.802069+00:00,web_sql_injection_v1,web_sql_injection_v1__run_001,initial_access,T1190,7,4,1.8424,1.0,0.0,9391.1,5366.34,0.7217,14,8,0.724,2.0183,0.5889,0.0951,0.8743,1,3,0,0,1,0,1.7063,670.79,114.36,820.61,7621.12,9172.95,0,0.0,3.9642,0,0
2026-09-09T15:11:34.802069+00:00,web_sql_injection_v1,web_sql_injection_v1__run_001,initial_access,T1190,6,4,1.7925,1.0,0.0,31209.64,17555.42,0.7698,48,27,0.9513,1.459,0.854,0.2096,1.4828,1,3,0,0,1,0,1.7353,650.2,164.31,868.96,7411.82,8714.15,0,0.0491,3.3741,0,0
2026-09-09T15:11:39.802069+00:00,web_sql_injection_v1,web_sql_injection_v1__run_001,initial_access,T1190,9,4,1.8911,0.9984,0.0527,25303.97,22492.42,0.7662,36,32,0.2854,0.4866,0.5377,0.1451,0.973,2,4,0,0,2,0,1.1192,702.89,245.68,1188.55,8066.11,7706.44,1,0.0876,3.1744,0,0
2026-09-09T15:11:44.802069+00:00,web_sql_injection_v1,web_sql_injection_v1__run_001,initial_access,T1190,11,4,1.8676,0.9736,0.0269,42350.16,21175.08,0.7111,66,33,0.5941,1.6833,0.7021,0.0864,0.9612,2,5,1,0,2,0,1.9931,641.67,213.62,1093.43,9275.17,8808.83,1,0.0,3.7906,0,0
2026-09-09T15:11:49.802069+00:00,web_sql_injection_v1,web_sql_injection_v1__run_001,initial_access,T1190,7,3,1.3788,0.9815,0.0123,27614.72,11834.88,0.6836,42,18,0.9862,2.0503,0.6809,0.172,1.197,1,3,0,0,1,0,2.2379,657.49,162.2,956.23,7316.7,7654.0,0,0.0018,4.9151,0,0
2026-09-09T15:11:54.802069+00:00,web_sql_injection_v1,web_sql_injection_v1__run_001,initial_access,T1190,9,4,1.8911,0.9749,0.0202,22275.1,11137.55,0.674,36,18,0.7349,1.996,0.698,0.1208,1.0604,1,4,1,0,2,0,1.9652,618.75,151.56,863.53,8778.56,9533.88,1,0.0356,5.0536,0,0
2026-09-09T15:11:59.802069+00:00,web_sql_injection_v1,web_sql_injection_v1__run_001,initial_access,T1190,4,2,1.0,0.9648,0.0256,8248.37,3711.77,0.6749,20,9,0.7366,1.2695,0.7117,0.1805,1.2531,0,2,0,0,0,0,2.0708,412.42,145.02,653.67,7932.29,9579.47,0,0.0431,3.7575,0,0
2026-09-09T15:12:04.802069+00:00,web_sql_injection_v1,web_sql_injection_v1__run_001,initial_access,T1190,6,4,1.7925,1.0,0.0,29198.94,20161.18,0.825,42,29,0.8454,1.5512,0.7038,0.1199,1.0633,1,3,0,0,1,0,1.4063,695.21,127.32,913.42,11441.26,8778.22,0,0.0723,4.5232,0,0
2026-09-09T15:12:09.802069+00:00,web_sql_injection_v1,web_sql_injection_v1__run_001,initial_access,T1190,7,4,1.9502,0.9939,0.0128,28011.72,15339.75,0.7479,42,23,0.699,1.4965,0.6868,0.0867,0.947,1,3,0,0,1,0,1.7893,666.95,211.53,1023.58,8875.9,6853.83,0,0.0678,3.2987,0,0
2026-09-09T15:12:14.802069+00:00,web_sql_injection_v1,web_sql_injection_v1__run_001,initial_access,T1190,12,4,1.8554,1.0,0.0,24474.72,14956.77,0.6767,36,22,0.4765,1.2932,0.764,0.1794,1.302,2,6,1,0,3,0,1.6158,679.85,272.97,1253.76,6444.4,9236.9,2,0.0194,3.8171,0,0
2026-09-09T15:12:19.802069+00:00,web_sql_injection_v1,web_sql_injection_v1__run_001,initial_access,T1190,6,3,1.4591,0.9767,0.0421,31896.68,22023.9,0.7926,42,29,0.3217,0.4145,0.6736,0.1436,1.1043,1,3,0,0,1,0,1.4059,759.44,352.43,1525.14,7989.09,8438.04,0,0.0,4.6477,0,0
2026-09-09T15:12:24.802069+00:00,web_sql_injection_v1,web_sql_injection_v1__run_001,initial_access,T1190,6,3,1.4591,1.0,0.0338,13015.74,4338.58,0.7877,18,6,1.1567,2.0728,0.7465,0.1474,1.1886,1,2,0,0,1,0,2.8405,723.1,189.31,1131.96,9813.55,8168.98,0,0.0678,3.0755,0,0
2026-09-09T15:12:29.802069+00:00,web_sql_injection_v1,web_sql_injection_v1__run_001,initial_access,T1190,4,2,0.8113,1.0,0.0199,18278.39,9139.19,0.8329,32,16,0.3224,0.4837,0.7121,0.2051,1.3275,0,2,0,0,1,0,1.8897,571.2,86.88,657.68,8227.85,9054.32,0,0.0,3.312,0,0
2026-09-09T15:12:34.802069+00:00,web_sql_injection_v1,web_sql_injection_v1__run_001,initial_access,T1190,7,3,1.5567,0.9727,0.0176,14069.74,6029.89,0.7845,21,9,0.9654,2.163,0.634,0.0697,0.8431,1,3,0,0,1,0,2.1517,669.99,287.11,1076.72,9319.99,8399.42,0,0.0,4.1443,0,0
2026-09-09T15:12:39.802069+00:00,web_sql_injection_v1,web_sql_injection_v1__run_001,initial_access,T1190,3,3,1.585,0.987,0.0199,6864.7,3432.35,0.6852,6,3,0.6519,1.2965,0.7341,0.1305,1.1258,0,1,0,0,0,0,1.5624,1144.12,346.47,1530.63,8186.91,9967.23,0,0.0,4.2712,0,0
2026-09-09T15:12:44.802069+00:00,web_sql_injection_v1,web_sql_injection_v1__run_001,initial_access,T1190,10,4,1.9219,0.9776,0.0127,28013.19,14006.59,0.6612,40,20,0.616,1.7123,0.7105,0.19,1.2804,1,4,0,0,2,0,1.9827,700.33,197.93,1039.17,6703.76,5828.49,1,0.0787,4.4405,0,0
2026-09-09T15:12:49.802069+00:00,web_sql_injection_v1,web_sql_injection_v1__run_001,initial_access,T1190,9,3,1.3516,0.9876,0.0159,19088.77,12018.85,0.7546,27,17,0.7884,2.3267,0.7401,0.1382,1.1546,1,4,1,0,2,0,1.5622,706.99,227.32,1095.62,8616.21,7455.16,1,0.0263,3.7662,0,0
2026-09-09T15:12:54.802069+00:00,web_sql_injection_v1,web_sql_injection_v1__run_001,initial_access,T1190,13,4,1.8262,1.0,0.0,42845.98,22411.74,0.7207,65,34,0.8902,1.0782,0.7275,0.1173,1.0795,2,6,1,0,3,0,1.8752,659.17,152.58,892.75,7826.35,8426.89,2,0.0075,3.6359,0,0
2026-09-09T15:12:59.802069+00:00,web_sql_injection_v1,web_sql_injection_v1__run_001,initial_access,T1190,6,3,1.4591,0.9803,0.0637,34569.17,15844.2,0.6198,48,22,0.5377,1.1581,0.6433,0.1626,1.1312,1,2,0,0,1,0,2.1205,720.19,204.8,959.91,6607.4,9441.83,0,0.0356,3.7837,0,0
2026-09-09T15:13:04.802069+00:00,web_sql_injection_v1,web_sql_injection_v1__run_001,initial_access,T1190,0,0,0.0,1.0,0.0034,0.0,0.0,0.7147,0,0,0.9822,2.5591,0.7973,0.2194,1.4555,0,0,0,0,0,0,1.8144,644.58,0.0,644.58,7809.09,9044.21,0,0.003,3.4589,0,0
2026-09-09T15:13:09.802069+00:00,web_sql_injection_v1,web_sql_injection_v1__run_001,initial_access,T1190,6,4,1.9183,0.975,0.0431,27352.21,15629.83,0.7914,42,24,0.6331,0.9649,0.6496,0.111,0.9827,1,3,0,0,1,0,1.6863,651.24,94.41,771.79,7907.83,7547.0,0,0.0004,3.8279,0,0
2026-09-09T15:13:14.802069+00:00,web_sql_injection_v1,web_sql_injection_v1__run_001,initial_access,T1190,10,4,1.8464,0.9808,0.0131,22477.89,11988.21,0.7444,30,16,0.7077,1.9509,0.7091,0.0868,0.9695,1,4,0,0,2,0,1.7836,749.26,240.5,1318.27,8786.36,8850.24,1,0.0328,3.8132,0,0
2026-09-09T15:13:19.802069+00:00,web_sql_injection_v1,web_sql_injection_v1__run_001,initial_access,T1190,7,4,1.8424,1.0,0.0,39983.4,34985.48,0.7758,56,49,0.6542,1.5665,0.6889,0.1288,1.0754,1,3,0,0,1,0,1.1284,713.99,279.31,1337.67,7539.3,7109.23,0,0.0265,3.8208,0,0
2026-09-09T15:13:24.802069+00:00,web_sql_injection_v1,web_sql_injection_v1__run_001,initial_access,T1190,11,4,1.7899,0.9887,0.0274,76926.52,49730.27,0.7166,99,64,0.7774,1.0869,0.8316,0.1019,1.1374,2,5,1,0,2,0,1.5305,777.04,244.46,1170.86,9153.44,8176.11,1,0.0,3.2418,0,0
2026-09-09T15:13:29.802069+00:00,web_sql_injection_v1,web_sql_injection_v1__run_001,initial_access,T1190,17,4,1.904,1.0,0.0,80645.82,55345.17,0.7323,102,70,0.3162,0.8792,0.6063,0.0926,0.8842,3,8,1,0,4,0,1.4479,790.65,352.68,1753.97,7644.72,7112.27,3,0.0415,3.6642,0,0
2026-09-09T15:13:34.802069+00:00,web_sql_injection_v1,web_sql_injection_v1__run_001,initial_access,T1190,10,4,1.9219,1.0,0.0172,51854.12,20741.65,0.8075,60,24,0.5792,1.6715,0.837,0.1865,1.3965,2,4,1,0,2,0,2.4285,864.24,326.45,1669.82,7346.62,7047.13,1,0.0,5.0309,0,0
2026-09-09T15:13:39.802069+00:00,web_sql_injection_v1,web_sql_injection_v1__run_001,initial_access,T1190,6,3,1.4591,1.0,0.0,21218.0,11787.78,0.6468,36,20,0.5064,0.988,0.8933,0.2677,1.6965,1,3,0,0,1,0,1.7146,589.39,141.48,794.9,9456.51,8688.58,0,0.0061,4.0835,0,0
2026-09-09T15:13:44.802069+00:00,web_sql_injection_v1,web_sql_injection_v1__run_001,initial_access,T1190,11,4,1.9808,0.983,0.0,27124.48,19110.43,0.6942,44,31,0.6016,0.9687,0.6209,0.0866,0.8806,2,5,1,0,2,0,1.3998,616.47,188.05,938.49,7911.12,9019.63,1,0.031,4.4151,0,0
2026-09-09T15:13:49.802069+00:00,web_sql_injection_v1,web_sql_injection_v1__run_001,initial_access,T1190,9,4,1.8366,1.0,0.0377,32386.84,15113.86,0.7122,45,21,0.7568,1.6312,0.7051,0.1157,1.0522,1,4,0,0,2,0,2.0831,719.71,237.98,1164.99,8131.47,8118.49,1,0.0424,3.9145,0,0
2026-09-09T15:13:54.802069+00:00,web_sql_injection_v1,web_sql_injection_v1__run_001,initial_access,T1190,15,4,1.7819,0.9954,0.0078,88092.31,56118.06,0.8292,135,86,0.4258,1.1509,0.5623,0.0622,0.7488,3,7,1,0,3,0,1.5589,652.54,250.5,1402.9,10604.92,8599.93,2,0.0754,2.795,0,1
2026-09-09T15:13:59.802069+00:00,web_sql_injection_v1,web_sql_injection_v1__run_001,initial_access,T1190,6,4,1.9183,1.0,0.0003,35787.41,18639.28,0.7978,48,25,0.8636,2.2717,0.7408,0.1014,1.0448,1,3,0,0,1,0,1.9028,745.57,133.86,996.75,8273.76,10082.88,0,0.0,4.642,0,0
2026-09-09T15:14:04.802069+00:00,web_sql_injection_v1,web_sql_injection_v1__run_001,initial_access,T1190,4,3,1.5,0.9485,0.0225,22181.7,11784.03,0.7811,32,17,0.8728,1.491,0.6696,0.1354,1.0758,0,1,0,0,0,0,1.852,693.18,152.55,940.54,7592.19,8079.7,0,0.0,3.728,0,0
2026-09-09T15:14:09.802069+00:00,web_sql_injection_v1,web_sql_injection_v1__run_001,initial_access,T1190,10,4,1.8464,1.0,0.0091,36356.74,15148.64,0.6634,60,25,0.6639,1.3442,0.5456,0.0818,0.7912,1,4,0,0,2,0,2.3564,605.95,196.06,1005.32,7452.75,5944.02,1,0.0516,4.1169,0,0
2026-09-09T15:14:14.802069+00:00,web_sql_injection_v1,web_sql_injection_v1__run_001,initial_access,T1190,7,3,1.4488,1.0,0.016,12734.51,7883.27,0.7108,21,13,0.819,1.5812,0.7007,0.1069,1.0213,1,3,0,0,1,0,1.5403,606.41,104.6,811.49,9117.05,7784.08,0,0.0,3.3829,0,0
2026-09-09T15:14:19.802069+00:00,web_sql_injection_v1,web_sql_injection_v1__run_001,initial_access,T1190,6,4,1.9183,1.0,0.0424,24318.17,13780.29,0.6184,30,17,0.6639,0.8849,0.6836,0.0698,0.8931,1,2,0,0,1,0,1.7084,810.61,302.91,1284.1,8396.7,10145.41,0,0.0,4.6505,0,0
2026-09-09T15:14:24.802069+00:00,web_sql_injection_v1,web_sql_injection_v1__run_001,initial_access,T1190,10,3,1.571,0.9523,0.0399,51018.12,29153.21,0.6427,70,40,0.4794,1.2992,0.5888,0.1298,0.978,2,5,1,0,2,0,1.7279,728.83,168.16,1034.78,8585.9,7603.25,1,0.0,3.0856,0,0
2026-09-09T15:14:29.802069+00:00,web_sql_injection_v1,web_sql_injection_v1__run_001,initial_access,T1190,4,3,1.5,0.9956,0.0,14990.57,10493.4,0.7605,20,14,0.6486,1.1905,0.5965,0.0771,0.8277,0,1,0,0,1,0,1.3604,749.53,88.38,864.33,6920.34,8123.8,0,0.0309,4.4674,0,0
2026-09-09T15:14:34.802069+00:00,web_sql_injection_v1,web_sql_injection_v1__run_001,initial_access,T1190,10,3,1.571,0.9807,0.0378,7339.47,5871.57,0.7825,10,8,0.6671,1.5843,0.8936,0.0973,1.1855,2,5,1,0,2,0,1.1842,733.95,225.96,1135.0,8864.18,7131.75,1,0.0345,3.9689,0,1
2026-09-09T15:14:39.802069+00:00,web_sql_injection_v1,web_sql_injection_v1__run_001,initial_access,T1190,8,3,1.2988,0.9909,0.0156,41646.71,23426.27,0.7988,48,27,0.5667,1.1654,0.8924,0.2241,1.5648,1,3,0,0,2,0,1.7265,867.64,372.38,1680.78,7123.76,9630.83,1,0.0,4.0461,0,0
2026-09-09T15:14:44.802069+00:00,web_sql_injection_v1,web_sql_injection_v1__run_001,initial_access,T1190,6,4,1.9183,1.0,0.0,26366.83,12555.63,0.7449,42,20,1.0623,2.6591,0.5886,0.1191,0.9459,1,3,0,0,1,0,2.0956,627.78,124.25,834.68,7311.12,9992.31,0,0.0279,3.4368,0,0
2026-09-09T15:14:49.802069+00:00,web_sql_injection_v1,web_sql_injection_v1__run_001,initial_access,T1190,2,2,1.0,0.9945,0.0156,7845.21,6537.67,0.7422,12,10,0.5763,1.6955,0.6396,0.1391,1.0567,0,0,0,0,0,0,1.1476,653.77,164.52,818.28,8173.4,8820.13,0,0.0,4.9164,0,0
2026-09-09T15:14:54.802069+00:00,web_sql_injection_v1,web_sql_injection_v1__run_001,initial_access,T1190,9,4,1.8366,1.0,0.0226,87775.36,67456.99,0.687,108,83,0.52,1.1444,0.6522,0.1681,1.1563,1,4,0,0,2,0,1.3004,812.73,339.84,1660.6,7532.16,8729.21,1,0.0122,3.923,0,1
2026-09-09T15:14:59.802069+00:00,web_sql_injection_v1,web_sql_injection_v1__run_001,initial_access,T1190,8,4,1.8113,0.9881,0.0283,9290.22,2903.19,0.7594,16,5,0.7801,1.0937,0.583,0.1351,0.9882,1,3,0,0,2,0,2.7662,580.64,152.05,805.73,9476.11,8074.65,1,0.0082,4.4035,0,0
2026-09-09T15:15:04.802069+00:00,web_sql_injection_v1,web_sql_injection_v1__run_001,initial_access,T1190,8,4,1.75,1.0,0.0,9073.87,3402.7,0.7796,16,6,0.4259,0.6645,0.8286,0.1597,1.3078,1,4,0,0,1,0,2.4046,567.12,228.17,1043.71,9009.81,9820.63,0,0.0275,3.4831,0,0
2026-09-09T15:15:09.802069+00:00,web_sql_injection_v1,web_sql_injection_v1__run_001,initial_access,T1190,4,3,1.5,0.9757,0.0022,11357.6,6246.68,0.7149,20,11,0.61,1.5264,0.7444,0.222,1.4104,0,2,0,0,0,0,1.7093,567.88,92.68,715.91,8533.0,6830.84,0,0.0,3.87,0,0
2026-09-09T15:15:14.802069+00:00,web_sql_injection_v1,web_sql_injection_v1__run_001,initial_access,T1190,9,4,1.9749,0.9448,0.0676,64776.52,27480.95,0.7955,99,42,0.7776,1.762,0.6482,0.1305,1.0396,1,4,0,0,1,0,2.3265,654.31,196.41,1104.57,9770.37,6793.0,0,0.0277,3.8362,0,0
2026-09-09T15:15:19.802069+00:00,web_sql_injection_v1,web_sql_injection_v1__run_001,initial_access,T1190,10,4,1.761,0.983,0.0445,11363.32,6817.99,0.6173,20,12,0.5613,1.0094,0.5064,0.1238,0.8779,1,5,0,0,2,0,1.598,568.17,170.77,941.13,8836.3,9883.1,1,0.0038,4.482,0,1
2026-09-09T15:15:24.802069+00:00,web_sql_injection_v1,web_sql_injection_v1__run_001,initial_access,T1190,12,4,1.9591,1.0,0.0,52388.55,34925.7,0.7343,72,48,0.8523,1.6422,0.5314,0.1452,0.9668,2,6,1,0,3,0,1.4807,727.62,254.59,1152.08,8980.49,7912.73,2,0.0565,4.7789,0,0
2026-09-09T15:15:29.802069+00:00,web_sql_injection_v1,web_sql_injection_v1__run_001,initial_access,T1190,8,4,1.9056,1.0,0.0,32320.2,33474.5,0.7819,56,58,0.4476,0.8809,0.7514,0.0843,1.0043,1,3,0,0,1,0,0.9575,577.15,121.93,753.34,9191.82,10161.11,0,0.0353,3.5259,0,0
2026-09-09T15:15:34.802069+00:00,web_sql_injection_v1,web_sql_injection_v1__run_001,initial_access,T1190,13,4,1.7759,1.0,0.0,27375.3,17548.27,0.7596,39,25,0.5955,0.9537,0.7278,0.1336,1.1286,2,6,1,0,3,0,1.5106,701.93,183.48,1020.23,7868.62,8611.6,2,0.0595,4.3984,0,0
2026-09-09T15:15:39.802069+00:00,web_sql_injection_v1,web_sql_injection_v1__run_001,initial_access,T1190,11,4,1.7899,0.9824,0.0015,56918.43,33264.02,0.759,77,45,0.8033,1.3977,0.8033,0.0886,1.069,2,5,0,0,2,0,1.6994,739.2,294.52,1329.02,10117.21,7941.05,1,0.0314,3.8866,0,0
2026-09-09T15:15:44.802069+00:00,web_sql_injection_v1,web_sql_injection_v1__run_001,initial_access,T1190,10,4,1.8464,0.9738,0.0389,22716.78,9086.71,0.7119,30,12,0.5282,0.8403,0.7811,0.0819,1.0267,2,4,0,0,2,0,2.4474,757.23,225.72,1187.38,9082.32,8865.34,1,0.0177,4.0868,0,0
2026-09-09T15:15:49.802069+00:00,web_sql_injection_v1,web_sql_injection_v1__run_001,initial_access,T1190,13,3,1.5262,1.0,0.0018,39451.02,26553.57,0.7379,52,35,0.6383,0.7663,0.6253,0.0782,0.8599,2,7,1,0,3,0,1.4585,758.67,289.94,1432.48,7881.42,7742.48,2,0.0,4.6606,0,0
2026-09-09T15:15:54.802069+00:00,web_sql_injection_v1,web_sql_injection_v1__run_001,initial_access,T1190,10,4,1.7219,1.0,0.0,72823.6,41708.06,0.6622,110,63,0.6556,1.6543,0.6906,0.2053,1.3065,1,4,1,0,2,0,1.7305,662.03,178.38,901.24,7299.32,8279.27,1,0.0189,4.6895,0,0
2026-09-09T15:15:59.802069+00:00,web_sql_injection_v1,web_sql_injection_v1__run_001,initial_access,T1190,6,3,1.585,1.0,0.0309,30354.87,15177.44,0.7563,42,21,0.5544,0.8221,0.8368,0.178,1.3709,1,2,0,0,1,0,1.9812,722.74,224.92,1009.89,8704.71,8405.44,0,0.0,3.5737,0,0
2026-09-09T15:16:04.802069+00:00,web_sql_injection_v1,web_sql_injection_v1__run_001,initial_access,T1190,13,4,1.922,0.9878,0.02,99907.67,48672.97,0.7481,117,57,0.609,1.0455,0.7666,0.1464,1.2059,2,6,1,0,3,0,2.0287,853.91,206.57,1237.54,8799.86,6965.28,2,0.0285,3.8321,0,0
2026-09-09T15:16:09.802069+00:00,web_sql_injection_v1,web_sql_injection_v1__run_001,initial_access,T1190,7,4,1.8424,0.9953,0.0094,36286.7,14070.35,0.7609,49,19,0.7904,1.1144,0.7356,0.201,1.3385,1,3,0,0,1,0,2.5776,740.54,278.63,1293.6,8958.2,9642.14,0,0.0264,5.1601,0,0
2026-09-09T15:16:14.802069+00:00,web_sql_injection_v1,web_sql_injection_v1__run_001,initial_access,T1190,5,3,1.371,1.0,0.0244,31410.46,16752.24,0.7179,30,16,0.9058,1.9815,0.6271,0.1134,0.9673,1,2,0,0,1,0,1.8125,1047.02,189.57,1421.8,8384.53,7612.6,0,0.018,4.9498,0,0
2026-09-09T15:16:19.802069+00:00,web_sql_injection_v1,web_sql_injection_v1__run_001,initial_access,T1190,6,2,1.0,0.9665,0.0174,19207.53,10244.01,0.6923,30,16,0.639,0.8608,0.6717,0.1337,1.0729,1,3,0,0,1,0,1.8522,640.25,205.17,894.36,8472.39,8623.53,0,0.0,4.2127,0,0
2026-09-09T15:16:24.802069+00:00,web_sql_injection_v1,web_sql_injection_v1__run_001,initial_access,T1190,5,2,0.971,0.9719,0.048,33544.83,13417.93,0.7235,45,18,0.6663,1.8766,0.5794,0.133,0.9784,0,2,0,0,1,0,2.4104,745.44,210.83,1059.67,6687.57,6857.67,0,0.0043,3.848,0,0
2026-09-09T15:16:29.802069+00:00,web_sql_injection_v1,web_sql_injection_v1__run_001,initial_access,T1190,4,2,1.0,1.0,0.0,16114.42,6445.77,0.8204,20,8,1.0018,2.5103,0.9021,0.2152,1.5478,0,1,0,0,1,0,2.3158,805.72,240.64,1178.31,8947.26,7075.05,0,0.0309,4.2695,0,0
2026-09-09T15:16:34.802069+00:00,web_sql_injection_v1,web_sql_injection_v1__run_001,initial_access,T1190,10,4,1.571,1.0,0.0251,59119.12,31776.52,0.8043,80,43,0.5637,1.4025,0.7095,0.1343,1.1125,2,4,1,0,2,0,1.8266,738.99,527.18,2214.69,6584.61,8723.41,1,0.0289,3.0994,0,0
2026-09-09T15:16:39.802069+00:00,web_sql_injection_v1,web_sql_injection_v1__run_001,initial_access,T1190,8,4,1.75,1.0,0.0079,33164.01,14094.7,0.8346,40,17,0.9225,1.3801,0.626,0.1396,1.0449,1,3,0,0,1,0,2.2722,829.1,191.88,1205.15,7565.27,6512.74,0,0.0084,5.243,0,0
2026-09-09T15:16:44.802069+00:00,web_sql_injection_v1,web_sql_injection_v1__run_001,initial_access,T1190,6,2,1.0,0.9909,0.0,33314.53,18243.67,0.7404,42,23,0.8213,1.5298,0.7806,0.2154,1.4267,1,3,0,0,1,0,1.8178,793.2,249.15,1125.93,6960.72,8011.88,0,0.0409,3.1574,0,0
2026-09-09T15:16:49.802069+00:00,web_sql_injection_v1,web_sql_injection_v1__run_001,initial_access,T1190,6,3,1.4591,0.9944,0.0146,26404.46,15088.26,0.764,42,24,0.4233,1.1665,0.8664,0.1063,1.1855,1,3,0,0,1,0,1.698,628.68,160.98,971.95,6016.76,7861.37,0,0.0208,3.4737,0,0
2026-09-09T15:16:54.802069+00:00,web_sql_injection_v1,web_sql_injection_v1__run_001,initial_access,T1190,7,4,1.8424,0.9927,0.0076,17529.36,8347.31,0.6896,21,10,0.8152,1.074,0.6237,0.1178,0.9772,1,3,0,0,1,0,1.9669,834.73,307.26,1259.33,9327.77,7714.29,0,0.0,4.1595,0,0
2026-09-09T15:16:59.802069+00:00,web_sql_injection_v1,web_sql_injection_v1__run_001,initial_access,T1190,4,2,0.8113,0.9386,0.0232,12247.73,7348.64,0.676,20,12,0.9934,2.4781,0.6925,0.1809,1.2351,0,2,0,0,1,0,1.6474,612.39,164.1,788.24,8387.41,8782.51,0,0.0337,2.9682,0,0
2026-09-09T15:17:04.802069+00:00,web_sql_injection_v1,web_sql_injection_v1__run_001,initial_access,T1190,9,4,1.6577,0.9994,0.0205,24681.42,13026.31,0.7289,36,19,0.6048,1.4788,0.7589,0.1962,1.3475,2,4,1,0,2,0,1.8785,685.6,244.43,1233.04,7426.89,9029.68,1,0.0083,3.8919,0,0
2026-09-09T15:17:09.802069+00:00,web_sql_injection_v1,web_sql_injection_v1__run_001,initial_access,T1190,13,4,1.6143,1.0,0.0,39506.55,24919.52,0.7535,65,41,0.7114,1.4389,0.8767,0.09,1.1468,3,6,1,0,3,0,1.5754,607.79,145.67,941.74,8271.32,7235.08,1,0.0259,5.536,0,0
2026-09-09T15:17:14.802069+00:00,web_sql_injection_v1,web_sql_injection_v1__run_001,initial_access,T1190,5,1,-0.0,0.9922,0.0,29643.8,18527.38,0.7812,40,25,0.9432,2.751,0.8375,0.1186,1.1933,1,2,0,0,1,0,1.579,741.1,390.53,1438.56,9405.02,9748.43,0,0.0,3.7644,0,0
2026-09-09T15:17:19.802069+00:00,web_sql_injection_v1,web_sql_injection_v1__run_001,initial_access,T1190,5,4,1.9219,0.9904,0.0,13817.2,13264.51,0.7073,25,24,0.4853,0.8623,0.6115,0.0844,0.8646,0,2,0,0,1,0,1.0322,552.69,129.09,674.02,7248.02,7205.59,0,0.0691,4.6222,0,0
2026-09-09T15:17:24.802069+00:00,web_sql_injection_v1,web_sql_injection_v1__run_001,initial_access,T1190,4,3,1.5,0.9899,0.0,22235.92,9450.27,0.7475,40,17,0.5869,1.0064,0.5534,0.0844,0.8067,0,1,0,0,1,0,2.2406,555.9,90.57,651.54,6358.08,8221.8,0,0.0399,3.5621,0,0
2026-09-09T15:17:29.802069+00:00,web_sql_injection_v1,web_sql_injection_v1__run_001,initial_access,T1190,13,4,1.9501,0.9999,0.0,25937.81,11971.3,0.7575,39,18,0.6261,1.5911,0.5882,0.1103,0.9192,1,5,1,0,3,0,2.0606,665.07,246.02,1350.25,8049.74,8582.54,2,0.0,4.0019,0,1
2026-09-09T15:17:34.802069+00:00,web_sql_injection_v1,web_sql_injection_v1__run_001,initial_access,T1190,7,3,1.3788,1.0,0.0,16325.06,9328.61,0.767,21,12,0.7301,1.2221,0.6122,0.1098,0.9416,1,3,0,0,1,0,1.7286,777.38,288.76,1381.6,6671.72,8821.89,0,0.0231,3.7069,0,0
2026-09-09T15:17:39.802069+00:00,web_sql_injection_v1,web_sql_injection_v1__run_001,initial_access,T1190,7,4,1.9502,0.9913,0.0158,55711.36,32719.37,0.7089,63,37,0.6014,1.1035,0.6603,0.1406,1.0822,1,3,0,0,1,0,1.679,884.31,356.06,1353.38,7658.76,7666.94,0,0.0076,4.2367,0,0
2026-09-09T15:17:44.802069+00:00,web_sql_injection_v1,web_sql_injection_v1__run_001,initial_access,T1190,8,3,1.4056,1.0,0.028,48184.23,21833.48,0.7134,64,29,0.7026,1.2849,0.7688,0.1669,1.2696,1,3,0,0,1,0,2.1478,752.88,263.73,1018.72,9624.12,7586.21,0,0.0,3.9972,0,0
2026-09-09T15:17:49.802069+00:00,web_sql_injection_v1,web_sql_injection_v1__run_001,initial_access,T1190,4,4,2.0,1.0,0.0017,20069.37,11149.65,0.8155,36,20,0.397,0.4967,0.6869,0.177,1.2179,0,2,0,0,1,0,1.7815,557.48,156.46,742.56,9872.48,9929.87,0,0.009,3.4861,0,0
2026-09-09T15:17:54.802069+00:00,web_sql_injection_v1,web_sql_injection_v1__run_001,initial_access,T1190,6,2,1.0,1.0,0.0139,45852.09,22926.04,0.8099,72,36,0.7986,2.0566,0.8161,0.0894,1.0842,1,3,0,0,1,0,1.9647,636.83,164.08,863.45,8168.24,7756.71,0,0.0,4.0812,0,0
2026-09-09T15:17:59.802069+00:00,web_sql_injection_v1,web_sql_injection_v1__run_001,initial_access,T1190,9,3,1.5305,0.9685,0.0171,16990.55,5663.52,0.7517,27,9,0.9402,2.1402,0.7218,0.106,1.0398,1,4,0,0,2,0,2.81,629.28,346.57,1365.99,8644.15,7914.86,1,0.0,3.6352,0,0
2026-09-09T15:18:04.802069+00:00,web_sql_injection_v1,web_sql_injection_v1__run_001,initial_access,T1190,5,2,0.7219,1.0,0.004,20170.95,11295.73,0.773,25,14,0.3416,0.6071,0.6115,0.1793,1.1495,0,2,0,0,1,0,1.7632,806.84,288.48,1159.34,6142.97,7853.14,0,0.0177,3.9913,0,0
2026-09-09T15:18:09.802069+00:00,web_sql_injection_v1,web_sql_injection_v1__run_001,initial_access,T1190,7,4,1.6645,1.0,0.0,13406.68,6384.13,0.7223,21,10,0.927,2.6885,0.5876,0.1068,0.9081,1,3,0,0,1,0,1.9144,638.41,168.86,897.14,6385.8,8231.78,0,0.0229,3.7089,0,0
2026-09-09T15:18:14.802069+00:00,web_sql_injection_v1,web_sql_injection_v1__run_001,initial_access,T1190,9,3,1.4355,0.9829,0.023,32429.49,21619.66,0.7732,54,36,0.7847,1.7521,0.5887,0.1723,1.1055,1,4,0,0,1,0,1.4955,600.55,243.22,1116.71,9357.7,8084.01,0,0.0133,3.6098,0,0
2026-09-09T15:18:19.802069+00:00,web_sql_injection_v1,web_sql_injection_v1__run_001,initial_access,T1190,3,2,0.9183,0.9874,0.0053,7545.79,4192.1,0.7887,9,5,1.0621,2.7731,0.8327,0.1801,1.3729,0,1,0,0,0,0,1.7191,838.42,229.4,1162.07,7441.6,7000.4,0,0.0425,4.2783,0,0
2026-09-09T15:18:24.802069+00:00,web_sql_injection_v1,web_sql_injection_v1__run_001,initial_access,T1190,10,4,1.8464,1.0,0.0,27021.04,12834.99,0.7047,40,19,0.4489,1.3089,0.8122,0.1439,1.2438,2,5,1,0,2,0,2.0968,675.53,234.13,1176.9,6030.28,10297.99,1,0.0,4.0819,0,0
2026-09-09T15:18:29.802069+00:00,web_sql_injection_v1,web_sql_injection_v1__run_001,initial_access,T1190,6,3,1.4591,1.0,0.0186,24796.17,16530.78,0.8426,36,24,0.755,2.2376,0.8127,0.1004,1.114,1,2,0,0,1,0,1.4768,688.78,168.4,1051.27,9557.38,9067.76,0,0.009,3.8644,0,0
2026-09-09T15:18:34.802069+00:00,web_sql_injection_v1,web_sql_injection_v1__run_001,initial_access,T1190,10,3,1.571,0.965,0.0677,34923.29,23747.84,0.7221,50,34,0.4498,0.7998,0.534,0.1484,0.9793,2,5,0,0,2,0,1.4527,698.47,212.16,1098.58,7078.73,9686.16,1,0.0211,4.1208,0,0
2026-09-09T15:18:39.802069+00:00,web_sql_injection_v1,web_sql_injection_v1__run_001,initial_access,T1190,8,4,1.75,1.0,0.0206,24807.69,19122.6,0.7575,48,37,0.6416,0.8186,0.6725,0.1321,1.0687,1,4,0,0,2,0,1.2888,516.83,280.17,1019.51,6226.75,7640.88,1,0.0,4.5968,0,0
2026-09-09T15:18:44.802069+00:00,web_sql_injection_v1,web_sql_injection_v1__run_001,initial_access,T1190,10,3,1.361,0.963,0.032,67253.82,34299.45,0.6977,100,51,0.732,1.0444,0.8154,0.1907,1.3875,2,4,1,0,2,0,1.9528,672.54,238.57,1054.65,8206.31,8605.61,1,0.0044,3.2447,0,0
2026-09-09T15:18:49.802069+00:00,web_sql_injection_v1,web_sql_injection_v1__run_001,initial_access,T1190,7,3,1.3788,1.0,0.0,28398.63,17850.57,0.7751,35,22,0.7085,1.3826,0.8985,0.2629,1.6871,1,3,0,0,1,0,1.5422,811.39,247.67,1101.58,7633.9,9730.49,0,0.0574,4.1437,0,0
2026-09-09T15:18:54.802069+00:00,web_sql_injection_v1,web_sql_injection_v1__run_001,initial_access,T1190,12,4,1.825,0.9832,0.028,26591.51,14034.41,0.751,36,19,0.4503,0.8902,0.6165,0.1319,1.0122,2,5,1,0,2,0,1.8203,738.65,253.82,1184.39,7583.45,8291.07,1,0.0178,4.8476,0,0
2026-09-09T15:18:59.802069+00:00,web_sql_injection_v1,web_sql_injection_v1__run_001,initial_access,T1190,9,4,1.7527,0.9728,0.0008,48581.78,25190.55,0.7811,54,28,0.7665,1.5127,0.7024,0.1957,1.2893,1,4,0,0,2,0,1.8889,899.66,267.02,1365.79,6932.81,5442.14,1,0.0307,4.1587,0,0
2026-09-09T15:19:04.802069+00:00,web_sql_injection_v1,web_sql_injection_v1__run_001,initial_access,T1190,9,3,1.2244,1.0,0.0334,38669.39,16470.3,0.7301,54,23,0.6299,0.9502,0.5314,0.1485,0.9768,1,4,1,0,2,0,2.3179,716.1,163.66,972.29,5678.64,6432.42,1,0.0416,4.1142,0,0
2026-09-09T15:19:09.802069+00:00,web_sql_injection_v1,web_sql_injection_v1__run_001,initial_access,T1190,8,3,1.5,1.0,0.0,43136.24,23964.58,0.8244,72,40,1.0507,2.278,0.7363,0.1966,1.3259,1,3,0,0,1,0,1.7942,599.11,103.98,749.96,9567.59,7332.42,0,0.0,3.2518,0,0
2026-09-09T15:19:14.802069+00:00,web_sql_injection_v1,web_sql_injection_v1__run_001,initial_access,T1190,7,3,1.4488,1.0,0.0125,28162.37,20786.51,0.7412,42,31,0.7993,1.9531,0.48,0.1222,0.8466,1,3,0,0,1,0,1.3391,670.53,32.77,740.62,7511.18,8201.05,0,0.0225,4.4749,0,0
2026-09-09T15:19:19.802069+00:00,web_sql_injection_v1,web_sql_injection_v1__run_001,initial_access,T1190,4,3,1.5,0.9935,0.0046,9211.22,3838.01,0.7301,12,5,0.5393,1.3659,0.7982,0.0952,1.0839,0,1,0,0,0,0,2.2305,767.6,175.99,960.86,6762.81,7094.43,0,0.053,4.1041,0,0
2026-09-09T15:19:24.802069+00:00,web_sql_injection_v1,web_sql_injection_v1__run_001,initial_access,T1190,11,4,1.8586,0.9782,0.021,53440.77,36089.87,0.8168,77,52,0.9312,2.6596,0.6077,0.0665,0.8071,1,5,1,0,2,0,1.467,694.04,217.62,1166.05,8394.85,9019.79,1,0.032,3.9819,0,0
2026-09-09T15:19:29.802069+00:00,web_sql_injection_v1,web_sql_injection_v1__run_001,initial_access,T1190,8,4,1.75,0.9924,0.0128,33321.5,18049.14,0.692,48,26,1.0278,1.3378,0.7203,0.1097,1.0495,1,3,0,0,2,0,1.7846,694.2,196.38,1077.02,9492.87,8996.75,1,0.0354,3.9455,0,0
2026-09-09T15:19:34.802069+00:00,web_sql_injection_v1,web_sql_injection_v1__run_001,initial_access,T1190,7,4,1.8424,1.0,0.0098,14715.89,14715.89,0.7164,21,21,0.834,2.1948,0.5741,0.0658,0.7716,1,3,0,0,1,0,0.9956,700.76,208.13,1052.94,7258.26,7828.06,0,0.0,3.7453,0,0
2026-09-09T15:19:39.802069+00:00,web_sql_injection_v1,web_sql_injection_v1__run_001,initial_access,T1190,8,3,1.4056,0.939,0.0655,25897.73,11653.98,0.7598,40,18,0.345,0.8932,0.5721,0.07,0.7821,1,4,0,0,2,0,2.2144,647.44,253.92,1118.03,8645.0,7958.51,1,0.0463,3.5427,0,0
2026-09-09T15:19:44.802069+00:00,web_sql_injection_v1,web_sql_injection_v1__run_001,initial_access,T1190,4,3,1.5,0.9618,0.0202,8151.68,3396.53,0.7904,12,5,0.7228,1.7948,0.6359,0.1285,1.0214,0,2,0,0,1,0,2.3513,679.31,172.04,950.01,8391.84,8491.06,0,0.0298,4.1539,0,0
2026-09-09T15:19:49.802069+00:00,web_sql_injection_v1,web_sql_injection_v1__run_001,initial_access,T1190,6,3,1.4591,0.9833,0.0149,41293.45,21411.42,0.7638,54,28,1.0196,2.7063,0.73,0.1413,1.1539,1,2,0,0,1,0,1.9225,764.69,313.59,1296.18,7776.79,8348.34,0,0.0791,4.2749,0,0
2026-09-09T15:19:54.802069+00:00,web_sql_injection_v1,web_sql_injection_v1__run_001,initial_access,T1190,4,3,1.5,1.0,0.0078,13869.23,10979.81,0.7362,24,19,0.6493,0.8177,0.879,0.1107,1.2113,0,1,0,0,0,0,1.2192,577.88,197.03,916.55,6674.47,7346.66,0,0.0259,3.6513,0,0
2026-09-09T15:19:59.802069+00:00,web_sql_injection_v1,web_sql_injection_v1__run_001,initial_access,T1190,9,3,1.3516,1.0,0.0337,40347.46,22415.25,0.8124,63,35,0.655,1.9597,0.6457,0.1865,1.2053,1,4,1,0,2,0,1.7816,640.44,154.75,887.03,9179.23,8972.15,1,0.0448,4.4951,0,0
2026-09-09T15:20:04.802069+00:00,web_sql_injection_v1,web_sql_injection_v1__run_001,initial_access,T1190,8,3,1.4056,1.0,0.0,75819.6,41858.74,0.7045,96,53,0.9919,1.2314,0.7759,0.1986,1.3716,1,3,0,0,2,0,1.8104,789.79,283.71,1174.9,9066.37,8468.17,1,0.032,3.3544,0,0
2026-09-09T15:20:09.802069+00:00,web_sql_injection_v1,web_sql_injection_v1__run_001,initial_access,T1190,9,3,1.5305,1.0,0.0092,86558.36,49836.63,0.8441,99,57,0.5569,1.0995,0.8274,0.1171,1.1789,2,4,0,0,1,0,1.7246,874.33,245.9,1344.7,10055.16,9261.88,0,0.0,5.0738,0,0
2026-09-09T15:20:14.802069+00:00,web_sql_injection_v1,web_sql_injection_v1__run_001,initial_access,T1190,4,3,1.5,0.9647,0.0465,10899.36,4768.47,0.7153,16,7,1.0356,2.6702,0.8508,0.2515,1.6054,0,2,0,0,0,0,2.0455,681.21,317.72,1220.46,8589.65,7073.93,0,0.0,4.1083,0,0
2026-09-09T15:20:19.802069+00:00,web_sql_injection_v1,web_sql_injection_v1__run_001,initial_access,T1190,7,3,1.3788,1.0,0.0175,53082.0,36230.57,0.7173,63,43,0.6483,1.4881,0.6568,0.1278,1.0403,1,3,0,0,1,0,1.4626,842.57,355.26,1634.38,8280.12,5773.13,0,0.0,3.7034,0,1
2026-09-09T15:20:24.802069+00:00,web_sql_injection_v1,web_sql_injection_v1__run_001,initial_access,T1190,13,4,1.922,0.9438,0.0665,62294.98,66402.34,0.7685,91,97,0.9878,1.6838,0.6821,0.1416,1.1069,2,6,1,0,3,0,0.9369,684.56,296.93,1464.14,8717.34,9683.04,2,0.0505,3.6848,0,0
2026-09-09T15:20:29.802069+00:00,web_sql_injection_v1,web_sql_injection_v1__run_001,initial_access,T1190,6,3,1.4591,0.9437,0.0892,22886.5,9917.48,0.7755,30,13,0.9683,2.6387,0.6698,0.1597,1.1488,1,3,0,0,1,0,2.1801,762.88,367.8,1485.38,8384.47,8019.8,0,0.0,3.1767,0,0
2026-09-09T15:20:34.802069+00:00,web_sql_injection_v1,web_sql_injection_v1__run_001,initial_access,T1190,6,3,1.4591,0.9967,0.0,11491.03,4468.73,0.7198,18,7,0.5691,1.6203,0.6791,0.1324,1.0764,1,2,0,0,1,0,2.3342,638.39,137.49,863.77,6987.42,8348.13,0,0.0,3.4245,0,0
2026-09-09T15:20:39.802069+00:00,web_sql_injection_v1,web_sql_injection_v1__run_001,initial_access,T1190,4,3,1.5,1.0,0.004,22982.91,9029.0,0.7149,28,11,1.0319,1.9888,0.7891,0.0976,1.0819,0,1,0,0,0,0,2.3594,820.82,214.69,1053.73,7164.55,10550.32,0,0.0,4.5145,0,0
2026-09-09T15:20:44.802069+00:00,web_sql_injection_v1,web_sql_injection_v1__run_001,initial_access,T1190,11,4,1.4911,1.0,0.0,59617.89,49455.75,0.7692,88,73,0.6992,1.4071,0.7637,0.0937,1.0448,2,5,1,0,2,0,1.2046,677.48,178.95,1082.62,7647.61,10713.52,1,0.0064,3.9059,0,1
2026-09-09T15:20:49.802069+00:00,web_sql_injection_v1,web_sql_injection_v1__run_001,initial_access,T1190,6,4,1.9183,1.0,0.0,24271.67,9438.98,0.7898,36,14,0.4813,1.1817,0.6036,0.0852,0.8592,1,2,0,0,1,0,2.4005,674.21,217.27,1046.02,6690.09,9791.24,0,0.039,4.0235,0,0
2026-09-09T15:20:54.802069+00:00,web_sql_injection_v1,web_sql_injection_v1__run_001,initial_access,T1190,7,4,1.9502,1.0,0.0019,29788.26,16413.94,0.7498,49,27,0.373,0.8441,0.714,0.1729,1.2327,1,3,0,0,1,0,1.8007,607.92,109.65,828.69,8521.75,6557.47,0,0.038,3.8825,0,0
2026-09-09T15:20:59.802069+00:00,web_sql_injection_v1,web_sql_injection_v1__run_001,initial_access,T1190,10,4,1.8464,1.0,0.0021,16945.98,7908.12,0.7745,30,14,0.4021,0.8811,0.5865,0.174,1.1086,1,5,1,0,2,0,2.0026,564.87,178.56,828.52,7883.95,7111.41,1,0.079,4.0111,0,0
2026-09-09T15:21:04.802069+00:00,web_sql_injection_v1,web_sql_injection_v1__run_001,initial_access,T1190,6,3,1.4591,0.9706,0.0478,27745.13,13872.56,0.7912,36,18,0.7427,1.7165,0.6311,0.1599,1.1108,1,2,0,0,1,0,1.9917,770.7,218.74,1144.86,7127.54,8171.16,0,0.0067,4.1222,0,1
2026-09-09T15:21:09.802069+00:00,web_sql_injection_v1,web_sql_injection_v1__run_001,initial_access,T1190,7,3,1.3788,0.9939,0.0,32409.52,13889.8,0.7939,42,18,0.5345,1.275,0.8242,0.0974,1.1164,1,3,0,0,1,0,2.2785,771.66,231.82,1256.11,6400.24,8163.71,0,0.0,4.1466,0,0
2026-09-09T15:21:14.802069+00:00,web_sql_injection_v1,web_sql_injection_v1__run_001,initial_access,T1190,5,3,1.371,1.0,0.0,12800.11,7040.06,0.7255,20,11,0.8912,1.6843,0.6908,0.0918,0.9661,0,2,0,0,1,0,1.7557,640.01,288.08,1059.29,6146.92,8225.87,0,0.0,4.2152,0,0
2026-09-09T15:21:19.802069+00:00,web_sql_injection_v1,web_sql_injection_v1__run_001,initial_access,T1190,7,3,1.5567,1.0,0.0,21868.46,11454.91,0.7508,42,22,0.4159,0.9843,0.6382,0.1299,1.028,1,3,0,0,1,0,1.896,520.68,74.18,612.66,7259.12,9457.17,0,0.0,4.5962,0,0
2026-09-09T15:21:24.802069+00:00,web_sql_injection_v1,web_sql_injection_v1__run_001,initial_access,T1190,8,4,1.75,1.0,0.0,28993.24,22348.95,0.8198,48,37,0.8856,2.3379,0.5962,0.1091,0.9234,1,3,0,0,1,0,1.2948,604.03,271.31,1216.45,8625.65,8762.58,0,0.0,4.0899,0,0
2026-09-09T15:21:29.802069+00:00,web_sql_injection_v1,web_sql_injection_v1__run_001,initial_access,T1190,7,3,1.4488,1.0,0.0084,9672.07,4836.03,0.741,14,7,0.4265,1.2396,0.6806,0.1153,1.0264,1,3,0,0,1,0,1.7977,690.86,212.81,1133.12,10814.58,8896.35,0,0.0471,3.8852,0,0
2026-09-09T15:21:34.802069+00:00,web_sql_injection_v1,web_sql_injection_v1__run_001,initial_access,T1190,7,3,1.5567,0.9472,0.0359,20834.21,8928.95,0.6542,28,12,0.7123,1.1866,0.8262,0.2447,1.5602,1,3,0,0,1,0,2.165,744.08,220.32,1048.57,8000.64,7010.92,0,0.0049,3.64,0,1
2026-09-09T15:21:39.802069+00:00,web_sql_injection_v1,web_sql_injection_v1__run_001,initial_access,T1190,4,3,1.5,0.9821,0.0218,27700.44,14715.86,0.7427,32,17,0.5798,1.6612,0.682,0.1038,0.9935,0,2,0,0,1,0,1.8423,865.64,443.99,1603.66,7260.9,7199.72,0,0.0817,3.7913,0,0
2026-09-09T15:21:44.802069+00:00,web_sql_injection_v1,web_sql_injection_v1__run_001,initial_access,T1190,11,4,1.9363,0.9537,0.0263,45529.58,20695.26,0.7743,66,30,0.7642,1.2136,0.9007,0.2122,1.5373,2,5,0,0,2,0,2.1935,689.84,260.55,1163.64,7436.1,8496.35,1,0.0264,4.7203,0,0
2026-09-09T15:21:49.802069+00:00,web_sql_injection_v1,web_sql_injection_v1__run_001,initial_access,T1190,9,4,1.8366,0.9984,0.0,51808.55,27631.23,0.6913,90,48,0.4394,0.5366,0.6171,0.1408,1.0396,1,4,1,0,2,0,1.8543,575.65,130.98,773.16,9088.02,9295.11,1,0.0045,4.116,0,1
2026-09-09T15:21:54.802069+00:00,web_sql_injection_v1,web_sql_injection_v1__run_001,initial_access,T1190,13,4,1.9501,1.0,0.0,47213.9,40676.59,0.7784,65,56,0.6922,0.8431,0.7707,0.2107,1.4029,2,6,1,0,2,0,1.1549,726.37,289.3,1439.43,7698.17,6743.14,1,0.061,4.259,0,1
2026-09-09T15:21:59.802069+00:00,web_sql_injection_v1,web_sql_injection_v1__run_001,initial_access,T1190,13,4,1.8262,1.0,0.0121,42173.85,19464.86,0.7898,52,24,0.6794,1.5789,0.5888,0.0758,0.8161,2,6,1,0,3,0,2.1102,811.04,266.22,1590.74,9553.82,8674.27,2,0.0251,3.8192,0,0
2026-09-09T15:22:04.802069+00:00,web_sql_injection_v1,web_sql_injection_v1__run_001,initial_access,T1190,7,4,1.8424,0.9707,0.0,14111.04,6719.54,0.7703,21,10,0.8727,1.2596,0.6464,0.1023,0.9533,1,3,0,0,1,0,1.9456,671.95,155.45,917.62,7622.79,8969.63,0,0.015,4.6106,0,1
2026-09-09T15:22:09.802069+00:00,web_sql_injection_v1,web_sql_injection_v1__run_001,initial_access,T1190,8,4,1.75,1.0,0.024,24427.34,12824.35,0.6389,40,21,0.5466,1.4428,0.6566,0.0925,0.9341,1,3,0,0,1,0,1.883,610.68,173.29,919.86,6511.44,8317.79,0,0.0,4.7459,0,1
2026-09-09T15:22:14.802069+00:00,web_sql_injection_v1,web_sql_injection_v1__run_001,initial_access,T1190,6,4,1.9183,0.9996,0.0138,26872.29,8317.62,0.7346,42,13,0.4568,1.2815,0.9039,0.1928,1.4823,1,2,0,0,1,0,3.1913,639.82,112.09,832.89,7786.38,7406.25,0,0.0,4.1323,0,0
2026-09-09T15:22:19.802069+00:00,web_sql_injection_v1,web_sql_injection_v1__run_001,initial_access,T1190,2,2,1.0,0.9635,0.0302,7826.97,3913.48,0.785,12,6,0.6886,1.0462,0.7527,0.1634,1.2429,0,1,0,0,0,0,1.7821,652.25,74.38,726.63,8326.21,7510.85,0,0.0,3.764,0,0
2026-09-09T15:22:24.802069+00:00,web_sql_injection_v1,web_sql_injection_v1__run_001,initial_access,T1190,10,3,1.371,1.0,0.0,27915.53,15632.7,0.7998,50,28,0.7121,1.2077,0.7166,0.0868,0.9769,1,4,0,0,2,0,1.7686,558.31,208.22,940.28,7976.87,9314.9,1,0.036,3.6738,0,0
2026-09-09T15:22:29.802069+00:00,web_sql_injection_v1,web_sql_injection_v1__run_001,initial_access,T1190,3,3,1.585,0.9925,0.0025,16675.77,18760.24,0.7541,24,27,0.7132,1.3113,0.6738,0.1374,1.086,0,1,0,0,0,0,0.8843,694.82,109.02,832.17,9302.49,8020.83,0,0.0,4.1055,0,0
2026-09-09T15:22:34.802069+00:00,web_sql_injection_v1,web_sql_injection_v1__run_001,initial_access,T1190,5,3,1.5219,1.0,0.0,38947.24,23368.34,0.747,45,27,0.3883,0.6485,0.6564,0.0793,0.8944,1,2,0,0,1,0,1.6425,865.49,266.63,1352.84,8445.98,10335.6,0,0.0,4.1672,0,0
2026-09-09T15:22:39.802069+00:00,web_sql_injection_v1,web_sql_injection_v1__run_001,initial_access,T1190,6,3,1.4591,1.0,0.0021,19377.14,15340.24,0.7442,24,19,0.7509,1.9454,0.5898,0.1321,0.9861,1,3,0,0,1,0,1.2292,807.38,170.07,1087.23,8331.89,6244.86,0,0.0094,4.475,0,0
2026-09-09T15:22:44.802069+00:00,web_sql_injection_v1,web_sql_injection_v1__run_001,initial_access,T1190,7,4,1.9502,1.0,0.0,22232.65,13339.59,0.7388,35,21,0.6016,0.939,0.7382,0.1618,1.2236,1,3,0,0,1,0,1.6466,635.22,191.3,958.23,6851.27,9011.11,0,0.0068,4.1253,0,0
2026-09-09T15:22:49.802069+00:00,web_sql_injection_v1,web_sql_injection_v1__run_001,initial_access,T1190,6,3,1.4591,1.0,0.0026,9165.83,3819.09,0.7633,12,5,0.9056,2.6273,0.8621,0.207,1.4831,0,2,0,0,1,0,2.1178,763.82,352.71,1418.71,9327.06,7047.32,0,0.0101,3.6472,0,1
2026-09-09T15:22:54.802069+00:00,web_sql_injection_v1,web_sql_injection_v1__run_001,initial_access,T1190,6,3,1.4591,0.9752,0.0194,20118.7,13412.47,0.8686,30,20,1.0304,2.1511,0.7935,0.1207,1.1556,1,3,0,0,1,0,1.4598,670.62,366.47,1247.76,8444.15,7942.86,0,0.0249,3.4351,0,0
2026-09-09T15:22:59.802069+00:00,web_sql_injection_v1,web_sql_injection_v1__run_001,initial_access,T1190,5,4,1.9219,0.9952,0.0318,27340.48,14353.75,0.8707,40,21,0.7845,2.0466,0.9316,0.1384,1.3468,0,2,0,0,1,0,1.8545,683.51,203.61,931.81,8520.16,9088.98,0,0.0281,4.2474,0,0
2026-09-09T15:23:04.802069+00:00,web_sql_injection_v1,web_sql_injection_v1__run_001,initial_access,T1190,11,4,1.8676,1.0,0.0213,20315.34,9234.24,0.7582,33,15,0.7445,0.9354,0.7334,0.1763,1.2622,2,5,1,0,2,0,2.144,615.62,218.18,1082.62,10504.93,9720.37,1,0.0,3.4992,0,0
2026-09-09T15:23:09.802069+00:00,web_sql_injection_v1,web_sql_injection_v1__run_001,initial_access,T1190,10,4,1.971,1.0,0.0,57044.11,30661.21,0.8016,80,43,0.5917,1.3619,0.6076,0.1653,1.1037,2,4,1,0,2,0,1.8447,713.05,179.86,1051.47,8605.62,6276.37,1,0.0098,4.5915,0,0
2026-09-09T15:23:14.802069+00:00,web_sql_injection_v1,web_sql_injection_v1__run_001,initial_access,T1190,10,4,1.8464,0.9901,0.0072,30187.91,17358.05,0.7699,40,23,0.5631,1.3728,0.5699,0.0971,0.8614,1,5,1,0,2,0,1.6832,754.7,191.04,1260.77,10206.38,8766.65,1,0.0,4.5929,0,1
2026-09-09T15:23:19.802069+00:00,web_sql_injection_v1,web_sql_injection_v1__run_001,initial_access,T1190,9,4,1.9749,0.9443,0.0565,66949.05,36621.7,0.737,117,64,0.8481,2.0064,0.588,0.1114,0.9223,1,4,1,0,2,0,1.8048,572.21,161.55,859.66,9161.57,7637.8,1,0.0,3.9189,0,0
2026-09-09T15:23:24.802069+00:00,web_sql_injection_v1,web_sql_injection_v1__run_001,initial_access,T1190,2,1,-0.0,0.9782,0.0185,11548.76,5052.58,0.7022,16,7,1.049,1.8795,0.789,0.133,1.1881,0,0,0,0,0,0,2.2743,721.8,219.39,941.19,7829.87,7011.01,0,0.0,4.6717,0,0
2026-09-09T15:23:29.802069+00:00,web_sql_injection_v1,web_sql_injection_v1__run_001,initial_access,T1190,11,4,1.9363,1.0,0.0,24009.62,18916.67,0.801,33,26,0.3797,0.6949,0.621,0.1582,1.0957,2,5,1,0,2,0,1.2393,727.56,182.49,1113.79,8305.32,8655.52,1,0.0096,4.8932,0,0
2026-09-09T15:23:34.802069+00:00,web_sql_injection_v1,web_sql_injection_v1__run_001,initial_access,T1190,5,3,1.5219,0.9466,0.0691,17547.18,9358.5,0.6988,30,16,0.4198,0.5397,0.5978,0.0996,0.8966,0,2,0,0,1,0,1.8123,584.91,61.35,672.01,8384.57,6291.35,0,0.0,3.6598,0,0
2026-09-09T15:23:39.802069+00:00,web_sql_injection_v1,web_sql_injection_v1__run_001,initial_access,T1190,5,3,1.5219,0.9758,0.0467,25457.86,23760.67,0.7102,30,28,0.4029,1.1089,0.6851,0.086,0.9432,0,2,0,0,1,0,1.0555,848.6,358.89,1321.71,5977.71,8658.87,0,0.0227,4.649,0,0
2026-09-09T15:23:44.802069+00:00,web_sql_injection_v1,web_sql_injection_v1__run_001,initial_access,T1190,5,2,0.971,0.9605,0.0058,23931.87,14359.12,0.7283,30,18,0.54,1.5511,0.5764,0.1065,0.8958,0,2,0,0,1,0,1.6218,797.73,221.44,1214.01,8369.59,8991.73,0,0.0094,4.3544,0,0
2026-09-09T15:23:49.802069+00:00,web_sql_injection_v1,web_sql_injection_v1__run_001,initial_access,T1190,10,4,1.761,0.9297,0.0427,46389.39,37774.22,0.7725,70,57,0.8745,1.574,0.5247,0.0648,0.719,2,4,1,0,2,0,1.2257,662.71,250.46,1348.4,8438.27,7564.8,1,0.0656,3.1711,0,0
2026-09-09T15:23:54.802069+00:00,web_sql_injection_v1,web_sql_injection_v1__run_001,initial_access,T1190,7,4,1.8424,1.0,0.0238,35734.16,18231.71,0.7581,49,25,0.5342,1.5047,0.6523,0.1316,1.047,1,3,0,0,1,0,1.9061,729.27,203.61,1063.04,8005.49,9963.62,0,0.0,4.0829,0,0
2026-09-09T15:23:59.802069+00:00,web_sql_injection_v1,web_sql_injection_v1__run_001,initial_access,T1190,4,3,1.5,0.9677,0.0452,8610.89,8610.89,0.7376,8,8,0.8796,1.8561,0.7977,0.1812,1.3413,0,2,0,0,0,0,0.9962,1076.36,333.55,1418.57,6848.05,8528.91,0,0.0,4.1612,0,0
2026-09-09T15:24:04.802069+00:00,web_sql_injection_v1,web_sql_injection_v1__run_001,initial_access,T1190,6,4,1.9183,1.0,0.0366,33794.62,20026.44,0.7152,54,32,1.0742,2.4192,0.8303,0.1376,1.243,1,3,0,0,1,0,1.6648,625.83,169.54,835.76,9217.59,8110.18,0,0.0497,3.6852,0,0
2026-09-09T15:24:09.802069+00:00,web_sql_injection_v1,web_sql_injection_v1__run_001,initial_access,T1190,8,3,1.0613,1.0,0.0,37974.82,15596.8,0.7615,56,23,0.4916,1.1398,0.6236,0.0771,0.855,1,4,1,0,2,0,2.3354,678.12,188.39,1037.66,7929.74,8410.3,1,0.0331,3.941,0,0
2026-09-09T15:24:14.802069+00:00,web_sql_injection_v1,web_sql_injection_v1__run_001,initial_access,T1190,8,4,1.9056,1.0,0.01,38627.61,18624.03,0.6733,56,27,0.382,0.7186,0.5482,0.1339,0.9498,1,3,0,0,2,0,2.0262,689.78,387.55,1573.59,8551.86,7828.93,1,0.029,3.8875,0,0
2026-09-09T15:24:19.802069+00:00,web_sql_injection_v1,web_sql_injection_v1__run_001,initial_access,T1190,1,1,-0.0,0.9827,0.0571,4850.56,1616.85,0.7888,6,2,0.9094,2.2422,0.8856,0.0918,1.1609,0,0,0,0,0,0,2.9028,808.43,0.0,808.43,7129.3,9365.31,0,0.0221,4.4488,0,0
2026-09-09T15:24:24.802069+00:00,web_sql_injection_v1,web_sql_injection_v1__run_001,initial_access,T1190,5,3,1.5219,1.0,0.0,21288.74,17030.99,0.7773,30,24,0.5227,0.6401,0.6581,0.0807,0.9002,0,2,0,0,1,0,1.2467,709.62,144.07,872.06,8335.82,7840.18,0,0.0645,4.4961,0,0
2026-09-09T15:24:29.802069+00:00,web_sql_injection_v1,web_sql_injection_v1__run_001,initial_access,T1190,4,2,0.8113,0.9756,0.0343,19897.37,9948.69,0.6988,28,14,0.9453,1.2022,0.7562,0.1219,1.1219,0,2,0,0,0,0,1.9211,710.62,143.51,890.25,6349.8,7025.57,0,0.0407,3.6365,0,0
2026-09-09T15:24:34.802069+00:00,web_sql_injection_v1,web_sql_injection_v1__run_001,initial_access,T1190,2,2,1.0,1.0,0.02,6613.93,5669.08,0.7296,14,12,1.0915,2.0451,1.0675,0.2534,1.8277,0,0,0,0,0,0,1.0947,472.42,97.93,570.36,7848.42,9920.08,0,0.0532,3.53,0,0
2026-09-09T15:24:39.802069+00:00,web_sql_injection_v1,web_sql_injection_v1__run_001,initial_access,T1190,7,4,1.8424,1.0,0.0385,7957.16,4546.95,0.688,14,8,0.6015,0.8081,0.6013,0.1139,0.9431,1,3,0,0,1,0,1.6926,568.37,191.41,911.72,9753.06,6795.02,0,0.041,3.9689,0,0
2026-09-09T15:24:44.802069+00:00,web_sql_injection_v1,web_sql_injection_v1__run_001,initial_access,T1190,8,4,1.8113,0.9888,0.0032,14148.16,9726.86,0.7858,16,11,0.7611,1.3684,0.77,0.2177,1.4231,1,4,0,0,2,0,1.4277,884.26,581.09,2376.9,8977.04,10943.26,1,0.0035,3.8488,0,0
2026-09-09T15:24:49.802069+00:00,web_sql_injection_v1,web_sql_injection_v1__run_001,initial_access,T1190,8,4,1.9056,0.9821,0.0316,54123.71,24601.69,0.7651,88,40,0.7401,2.0516,0.6046,0.1079,0.9283,1,4,0,0,1,0,2.1886,615.04,263.57,1255.64,9297.76,8793.23,0,0.0,3.631,0,0
2026-09-09T15:24:54.802069+00:00,web_sql_injection_v1,web_sql_injection_v1__run_001,initial_access,T1190,7,3,1.5567,0.9815,0.0071,18357.37,8741.61,0.8048,21,10,0.529,0.9768,0.7102,0.1431,1.1396,1,3,0,0,1,0,2.0863,874.16,241.58,1166.09,9819.64,9328.45,0,0.0002,4.106,0,0
2026-09-09T15:24:59.802069+00:00,web_sql_injection_v1,web_sql_injection_v1__run_001,initial_access,T1190,4,2,1.0,1.0,0.0,13589.25,6115.16,0.7639,20,9,0.8058,2.178,0.7526,0.1194,1.1109,0,1,0,0,1,0,2.1623,679.46,136.75,835.19,7645.3,9305.37,0,0.0611,4.6102,0,0
2026-09-09T15:25:04.802069+00:00,web_sql_injection_v1,web_sql_injection_v1__run_001,initial_access,T1190,14,4,1.7274,1.0,0.0,92820.71,55987.1,0.721,126,76,0.7122,1.4477,0.4674,0.1288,0.8539,2,6,1,0,3,0,1.6488,736.67,312.71,1662.44,8513.17,9238.65,1,0.0,4.358,0,0
2026-09-09T15:25:09.802069+00:00,web_sql_injection_v1,web_sql_injection_v1__run_001,initial_access,T1190,5,3,1.371,0.9957,0.0,21061.77,14041.18,0.7464,30,20,0.6743,1.6432,0.8749,0.2265,1.5543,0,2,0,0,1,0,1.4681,702.06,432.51,1431.49,8599.43,7708.24,0,0.0052,4.5076,0,0
2026-09-09T15:25:14.802069+00:00,web_sql_injection_v1,web_sql_injection_v1__run_001,initial_access,T1190,11,4,1.9808,0.9572,0.0888,49814.68,21133.5,0.8261,66,28,0.8141,1.5158,0.6295,0.1639,1.1213,2,5,1,0,2,0,2.3177,754.77,230.63,1216.84,8354.43,8061.93,1,0.0,3.7132,0,0
2026-09-09T15:25:19.802069+00:00,web_sql_injection_v1,web_sql_injection_v1__run_001,initial_access,T1190,6,4,1.9183,0.9644,0.0328,21293.2,9936.83,0.764,30,14,0.864,2.2836,0.6621,0.1256,1.0389,1,3,0,0,1,0,2.0561,709.77,128.6,918.67,8779.87,6937.3,0,0.0071,3.3865,0,0
2026-09-09T15:25:24.802069+00:00,web_sql_injection_v1,web_sql_injection_v1__run_001,initial_access,T1190,6,4,1.9183,0.9804,0.0272,27525.13,14527.15,0.8317,36,19,0.718,1.1301,0.5108,0.1151,0.8561,1,3,0,0,1,0,1.8872,764.59,267.71,1184.79,8770.66,9545.51,0,0.0314,4.2759,0,0
2026-09-09T15:25:29.802069+00:00,web_sql_injection_v1,web_sql_injection_v1__run_001,initial_access,T1190,5,3,1.371,1.0,0.0,25801.3,13545.68,0.6594,40,21,0.4993,0.9402,0.6796,0.0976,0.9725,0,2,0,0,1,0,1.8713,645.03,261.73,1005.96,6999.56,8665.74,0,0.0463,3.3057,0,0
2026-09-09T15:25:34.802069+00:00,web_sql_injection_v1,web_sql_injection_v1__run_001,initial_access,T1190,3,1,-0.0,0.9492,0.0834,12476.71,5347.16,0.7259,21,9,0.7282,1.6846,0.7541,0.2201,1.4144,0,1,0,0,0,0,2.3251,594.13,130.67,764.99,8375.7,8122.6,0,0.0168,4.4425,0,0
2026-09-09T15:25:39.802069+00:00,web_sql_injection_v1,web_sql_injection_v1__run_001,initial_access,T1190,8,4,1.75,0.9788,0.0177,27518.55,17887.06,0.8578,40,26,0.3966,1.003,0.5299,0.1024,0.837,1,4,0,0,1,0,1.5058,687.96,204.24,1151.44,7757.19,7532.79,0,0.0021,4.7352,0,0
2026-09-09T15:25:44.802069+00:00,web_sql_injection_v1,web_sql_injection_v1__run_001,initial_access,T1190,11,3,1.5726,1.0,0.0,57714.32,29981.46,0.737,77,40,0.6622,1.4896,0.5336,0.0691,0.7408,2,5,1,0,2,0,1.8899,749.54,253.41,1137.16,7948.88,7240.91,1,0.0393,4.746,0,1
2026-09-09T15:25:49.802069+00:00,web_sql_injection_v1,web_sql_injection_v1__run_001,initial_access,T1190,3,2,0.9183,1.0,0.0238,13105.88,5096.73,0.7313,18,7,0.6848,1.5531,0.7065,0.1816,1.2513,0,1,0,0,0,0,2.3736,728.1,130.1,908.3,8012.09,9345.66,0,0.0,4.4945,0,0
2026-09-09T15:25:54.802069+00:00,web_sql_injection_v1,web_sql_injection_v1__run_001,initial_access,T1190,5,3,1.5219,1.0,0.0,37392.21,20395.75,0.8057,55,30,0.5635,0.7838,0.5907,0.1005,0.8921,1,2,0,0,1,0,1.8156,679.86,206.84,931.77,8839.85,9071.0,0,0.004,3.0044,0,0
2026-09-09T15:25:59.802069+00:00,web_sql_injection_v1,web_sql_injection_v1__run_001,initial_access,T1190,7,3,1.4488,0.9838,0.0012,37443.68,29037.95,0.8668,49,38,0.6715,1.485,0.8113,0.0991,1.1088,1,3,0,0,1,0,1.289,764.16,259.33,1157.21,8502.15,8705.78,0,0.0138,3.159,0,0
2026-09-09T15:26:04.802069+00:00,web_sql_injection_v1,web_sql_injection_v1__run_001,initial_access,T1190,8,3,1.5613,0.9697,0.0395,26351.4,13834.48,0.6985,40,21,1.1893,2.6105,0.8365,0.0843,1.0894,1,3,0,0,1,0,1.8517,658.78,163.29,945.94,7860.09,8570.31,0,0.0386,3.0399,0,0
2026-09-09T15:26:09.802069+00:00,web_sql_injection_v1,web_sql_injection_v1__run_001,initial_access,T1190,3,2,0.9183,1.0,0.0,11190.55,5222.26,0.7101,15,7,0.4869,1.3986,0.7248,0.1492,1.1726,0,1,0,0,0,0,1.964,746.04,306.29,1035.23,7359.53,6639.65,0,0.039,4.5674,0,0
2026-09-09T15:26:14.802069+00:00,web_sql_injection_v1,web_sql_injection_v1__run_001,initial_access,T1190,6,3,1.4591,1.0,0.0,7367.76,3683.88,0.7372,12,6,0.7076,1.3063,0.8085,0.2153,1.4544,1,3,0,0,1,0,1.8379,613.98,206.96,1063.41,9230.51,7627.07,0,0.0,3.3586,0,1
2026-09-09T15:26:19.802069+00:00,web_sql_injection_v1,web_sql_injection_v1__run_001,initial_access,T1190,5,3,1.371,0.9771,0.0276,12287.49,6143.75,0.8036,20,10,0.4163,0.7022,0.6881,0.1984,1.2832,1,2,0,0,1,0,1.8497,614.37,210.0,1002.38,8018.9,8774.81,0,0.0295,4.5736,0,0
2026-09-09T15:26:24.802069+00:00,web_sql_injection_v1,web_sql_injection_v1__run_001,initial_access,T1190,7,4,1.8424,0.9517,0.0449,55167.67,27583.83,0.6984,70,35,1.1651,1.7874,0.8473,0.1288,1.2338,1,3,0,0,1,0,1.9592,788.11,199.33,1191.18,7651.17,10434.39,0,0.0065,3.2209,0,0
2026-09-09T15:26:29.802069+00:00,web_sql_injection_v1,web_sql_injection_v1__run_001,initial_access,T1190,7,3,1.3788,0.9504,0.0562,16356.71,9346.69,0.7827,21,12,0.638,1.6784,0.7285,0.1825,1.276,1,3,0,0,1,0,1.7423,778.89,192.58,1117.57,7672.99,9191.85,0,0.011,4.2684,0,0
2026-09-09T15:26:34.802069+00:00,web_sql_injection_v1,web_sql_injection_v1__run_001,initial_access,T1190,4,2,1.0,1.0,0.0256,15712.74,8511.07,0.7286,24,13,0.4709,1.1201,0.5837,0.1691,1.091,0,1,0,0,1,0,1.8066,654.7,91.29,715.34,8009.57,7151.97,0,0.0,3.7814,0,0
2026-09-09T15:26:39.802069+00:00,web_sql_injection_v1,web_sql_injection_v1__run_001,initial_access,T1190,10,4,1.8464,1.0,0.0,41866.21,18142.02,0.6832,60,26,0.543,1.4932,0.4761,0.1168,0.8264,1,5,0,0,2,0,2.2702,697.77,246.77,1097.2,6436.04,8745.75,1,0.0344,3.5495,0,0
2026-09-09T15:26:44.802069+00:00,web_sql_injection_v1,web_sql_injection_v1__run_001,initial_access,T1190,2,1,-0.0,0.9959,0.0417,7563.52,5672.64,0.7954,16,12,0.9935,2.5573,0.7171,0.0784,0.9523,0,0,0,0,0,0,1.3056,472.72,17.23,489.95,9245.49,8618.3,0,0.0624,3.4672,0,0
2026-09-09T15:26:49.802069+00:00,web_sql_injection_v1,web_sql_injection_v1__run_001,initial_access,T1190,8,3,1.2988,1.0,0.0269,34660.64,21662.9,0.7366,48,30,0.7512,0.9598,0.4807,0.0937,0.7618,1,4,1,0,2,0,1.5693,722.1,87.05,828.73,9302.02,7482.04,1,0.0106,3.6062,0,0
2026-09-09T15:26:54.802069+00:00,web_sql_injection_v1,web_sql_injection_v1__run_001,initial_access,T1190,8,4,1.9056,0.972,0.0,16023.86,11350.24,0.7286,24,17,0.6927,1.682,0.8179,0.2334,1.5182,1,3,0,0,2,0,1.3415,667.66,178.79,912.47,7802.92,8342.61,1,0.0002,3.7937,0,0
2026-09-09T15:26:59.802069+00:00,web_sql_injection_v1,web_sql_injection_v1__run_001,initial_access,T1190,3,3,1.585,1.0,0.0,17713.52,9184.79,0.7009,27,14,0.5573,0.6751,0.9029,0.187,1.4638,0,1,0,0,0,0,1.8667,656.06,58.39,706.04,7902.28,7374.49,0,0.0794,4.13,0,0
2026-09-09T15:27:04.802069+00:00,web_sql_injection_v1,web_sql_injection_v1__run_001,initial_access,T1190,5,3,1.5219,0.9899,0.0111,21660.46,12996.28,0.8491,25,15,0.6577,1.3245,0.6944,0.181,1.2373,0,2,0,0,1,0,1.6051,866.42,353.74,1283.74,8173.83,8999.72,0,0.0,3.5717,0,0
2026-09-09T15:27:09.802069+00:00,web_sql_injection_v1,web_sql_injection_v1__run_001,initial_access,T1190,4,3,1.5,0.985,0.0138,18256.32,11084.2,0.7442,28,17,1.1066,1.9606,0.8365,0.1417,1.2615,0,1,0,0,0,0,1.5931,652.01,86.55,743.28,8188.09,8354.9,0,0.0,4.5185,0,0
2026-09-09T15:27:14.802069+00:00,web_sql_injection_v1,web_sql_injection_v1__run_001,initial_access,T1190,5,3,1.5219,1.0,0.0,32948.03,28241.17,0.7656,35,30,0.9175,2.1179,0.8972,0.1298,1.2866,0,2,0,0,1,0,1.1432,941.37,197.92,1188.76,9190.77,7667.52,0,0.0165,3.8734,0,0
2026-09-09T15:27:19.802069+00:00,web_sql_injection_v1,web_sql_injection_v1__run_001,initial_access,T1190,6,4,1.9183,0.9836,0.0379,28546.98,12687.55,0.7056,36,16,0.4174,1.1926,0.5744,0.1424,1.0016,1,3,0,0,1,0,2.2025,792.97,240.65,1257.79,9595.17,9563.04,0,0.0,3.7917,0,0
2026-09-09T15:27:24.802069+00:00,web_sql_injection_v1,web_sql_injection_v1__run_001,initial_access,T1190,3,2,0.9183,1.0,0.0144,3625.75,1812.87,0.8225,6,3,0.6465,1.5361,0.6589,0.1366,1.0688,0,1,0,0,0,0,1.6157,604.29,81.15,668.93,8337.82,7149.66,0,0.0202,4.6264,0,0
2026-09-09T15:27:29.802069+00:00,web_sql_injection_v1,web_sql_injection_v1__run_001,initial_access,T1190,7,4,1.8424,0.9647,0.0749,9198.88,3285.32,0.7323,14,5,0.3617,1.0686,0.635,0.1306,1.0269,1,3,0,0,1,0,2.5026,657.06,168.08,863.59,9149.68,7499.71,0,0.03,4.3396,0,0
2026-09-09T15:27:34.802069+00:00,web_sql_injection_v1,web_sql_injection_v1__run_001,initial_access,T1190,16,4,1.9363,1.0,0.0319,21814.62,17042.67,0.7176,32,25,0.822,1.7847,0.7016,0.0828,0.9499,3,7,2,0,3,0,1.2432,681.71,210.2,1173.96,7880.73,8718.42,1,0.0435,4.4042,0,2
2026-09-09T15:27:39.802069+00:00,web_sql_injection_v1,web_sql_injection_v1__run_001,initial_access,T1190,4,2,1.0,1.0,0.0,7747.27,4519.24,0.7286,12,7,0.5745,1.6638,0.7092,0.1734,1.2294,0,2,0,0,1,0,1.6869,645.61,130.22,824.04,9053.86,9302.07,0,0.0192,4.4087,0,0
2026-09-09T15:27:44.802069+00:00,web_sql_injection_v1,web_sql_injection_v1__run_001,initial_access,T1190,7,4,1.8424,1.0,0.0045,36014.89,27011.17,0.7438,56,42,0.5111,1.4877,0.767,0.1127,1.105,1,3,0,0,1,0,1.3046,643.12,196.47,897.55,7032.94,7627.45,0,0.0182,3.8758,0,0
2026-09-09T15:27:49.802069+00:00,web_sql_injection_v1,web_sql_injection_v1__run_001,initial_access,T1190,7,4,1.9502,0.9747,0.0555,24791.56,13458.27,0.7354,35,19,0.3492,0.4924,0.73,0.0809,0.9727,1,3,0,0,1,0,1.8065,708.33,224.59,1078.71,7021.69,8823.09,0,0.0301,4.2412,0,0
2026-09-09T15:27:54.802069+00:00,web_sql_injection_v1,web_sql_injection_v1__run_001,initial_access,T1190,6,3,1.2516,1.0,0.0048,22940.27,31861.49,0.7869,36,50,0.6518,1.178,0.7417,0.1286,1.1274,1,2,0,0,1,0,0.715,637.23,127.55,849.08,10915.65,9185.45,0,0.0098,3.7265,0,1
2026-09-09T15:27:59.802069+00:00,web_sql_injection_v1,web_sql_injection_v1__run_001,initial_access,T1190,10,3,1.4855,1.0,0.0354,21534.5,11485.07,0.7732,30,16,0.5988,0.9027,0.5352,0.1279,0.9189,2,4,1,0,2,0,1.7751,717.82,250.24,1107.61,9819.8,7516.73,1,0.0328,4.0394,0,0
2026-09-09T15:28:04.802069+00:00,web_sql_injection_v1,web_sql_injection_v1__run_001,initial_access,T1190,8,3,1.5,0.9801,0.0,42697.68,40918.61,0.7859,48,46,0.7298,1.4601,0.5447,0.1401,0.9649,1,4,0,0,2,0,1.0383,889.54,320.47,1460.54,8407.48,7408.37,1,0.0052,3.882,0,0
2026-09-09T15:28:09.802069+00:00,web_sql_injection_v1,web_sql_injection_v1__run_001,initial_access,T1190,4,3,1.5,0.9927,0.0247,16691.19,11127.46,0.6664,24,16,0.6043,1.6768,0.6765,0.155,1.1417,0,1,0,0,1,0,1.4353,695.47,227.52,1010.98,8388.8,6470.95,0,0.0,2.8899,0,0
2026-09-09T15:28:14.802069+00:00,web_sql_injection_v1,web_sql_injection_v1__run_001,initial_access,T1190,11,4,1.9363,1.0,0.0,36514.9,20581.12,0.7476,55,31,0.5289,0.8352,0.6391,0.1444,1.0722,1,5,0,0,2,0,1.7722,663.91,281.76,1326.95,8777.88,8011.28,1,0.0413,3.9266,0,0
2026-09-09T15:28:19.802069+00:00,web_sql_injection_v1,web_sql_injection_v1__run_001,initial_access,T1190,9,3,1.3921,0.9544,0.0123,28484.05,18356.39,0.7543,45,29,0.5376,0.8165,0.6206,0.1212,0.9841,1,4,0,0,2,0,1.5046,632.98,117.24,841.38,8286.59,8590.18,1,0.0108,4.5476,0,1
2026-09-09T15:28:24.802069+00:00,web_sql_injection_v1,web_sql_injection_v1__run_001,initial_access,T1190,7,4,1.8424,0.9589,0.0245,55805.28,30117.14,0.755,63,34,0.54,0.8126,0.7229,0.1352,1.1285,1,3,0,0,1,0,1.8111,885.8,227.13,1224.93,7979.13,7815.98,0,0.08,3.8277,0,0
2026-09-09T15:28:29.802069+00:00,web_sql_injection_v1,web_sql_injection_v1__run_001,initial_access,T1190,3,2,0.9183,1.0,0.0043,10534.7,5618.51,0.7812,15,8,0.8464,1.0846,0.7819,0.1791,1.3191,0,1,0,0,0,0,1.836,702.31,51.55,755.56,8712.33,8360.28,0,0.0,3.4354,0,1
2026-09-09T15:28:34.802069+00:00,web_sql_injection_v1,web_sql_injection_v1__run_001,initial_access,T1190,14,4,1.9242,0.9689,0.0,79486.42,48665.16,0.7572,98,60,0.9817,1.5074,0.7439,0.1136,1.0848,2,6,1,0,3,0,1.6235,811.09,224.59,1232.36,7445.67,7070.44,2,0.0147,3.327,0,1
2026-09-09T15:28:39.802069+00:00,web_sql_injection_v1,web_sql_injection_v1__run_001,initial_access,T1190,2,1,-0.0,0.979,0.0004,1922.52,480.63,0.7089,4,1,0.669,1.5189,0.7107,0.1895,1.2793,0,1,0,0,0,0,2.0611,480.63,95.95,576.58,8912.68,8232.09,0,0.008,3.6466,0,0
2026-09-09T15:28:44.802069+00:00,web_sql_injection_v1,web_sql_injection_v1__run_001,initial_access,T1190,10,4,1.761,1.0,0.0183,66494.4,39896.64,0.738,90,54,0.8427,1.2961,0.63,0.155,1.0951,1,4,0,0,2,0,1.6543,738.83,181.29,1138.91,6314.53,6805.83,1,0.0248,3.4185,0,0
2026-09-09T15:28:49.802069+00:00,web_sql_injection_v1,web_sql_injection_v1__run_001,initial_access,T1190,8,4,1.9056,1.0,0.0,32216.61,17719.13,0.7145,40,22,0.5312,1.0609,0.5932,0.1344,0.9964,1,3,0,0,2,0,1.7809,805.42,279.91,1314.01,8637.18,7531.56,1,0.0443,3.4272,0,1
2026-09-09T15:28:54.802069+00:00,web_sql_injection_v1,web_sql_injection_v1__run_001,initial_access,T1190,12,4,1.8554,1.0,0.0,56553.93,35682.84,0.7735,84,53,0.4295,0.5253,0.6263,0.1421,1.0527,2,5,1,0,2,0,1.5765,673.26,133.8,916.79,7037.45,6937.76,1,0.0171,4.7236,0,1
2026-09-09T15:28:59.802069+00:00,web_sql_injection_v1,web_sql_injection_v1__run_001,initial_access,T1190,9,4,1.8911,0.982,0.0298,13771.84,14536.95,0.776,18,19,0.5351,1.5942,0.5537,0.101,0.8568,1,4,0,0,2,0,0.9381,765.1,335.56,1583.09,8208.22,7219.34,1,0.0204,4.5759,0,1
2026-09-09T15:29:04.802069+00:00,web_sql_injection_v1,web_sql_injection_v1__run_001,initial_access,T1190,10,4,1.8464,0.9973,0.0,39374.03,21655.72,0.7233,60,33,0.6458,0.8484,0.6135,0.1312,1.0071,1,5,0,0,2,0,1.809,656.23,162.48,1053.85,10286.26,9301.37,1,0.0657,3.7241,0,0
2026-09-09T15:29:09.802069+00:00,web_sql_injection_v1,web_sql_injection_v1__run_001,initial_access,T1190,9,4,1.8911,1.0,0.0,33588.93,17914.1,0.7124,45,24,0.4362,0.6562,0.5451,0.1159,0.8929,2,4,1,0,2,0,1.8066,746.42,221.28,1065.76,8040.96,8052.42,1,0.061,4.3846,0,1
2026-09-09T15:29:14.802069+00:00,web_sql_injection_v1,web_sql_injection_v1__run_001,initial_access,T1190,14,4,1.8352,0.9824,0.0112,27026.76,13513.38,0.7414,42,21,0.5887,1.4728,0.6744,0.1105,1.0059,3,6,1,0,3,0,1.9783,643.49,160.19,1029.43,8125.08,7807.14,1,0.0512,3.5843,0,0
2026-09-09T15:29:19.802069+00:00,web_sql_injection_v1,web_sql_injection_v1__run_001,initial_access,T1190,9,3,1.5305,0.9528,0.0417,20068.9,8362.04,0.7827,36,15,1.1113,1.7433,0.8177,0.2315,1.5123,1,4,0,0,1,0,2.32,557.47,144.23,763.98,6502.95,8618.86,0,0.0224,3.5109,0,0
2026-09-09T15:29:24.802069+00:00,web_sql_injection_v1,web_sql_injection_v1__run_001,initial_access,T1190,5,3,1.371,0.9878,0.0,15239.04,6095.62,0.6957,15,6,0.5514,0.8849,0.7816,0.1261,1.16,0,2,0,0,0,0,2.4864,1015.94,370.78,1622.27,6202.69,8679.5,0,0.0049,3.7027,0,0
2026-09-09T15:29:29.802069+00:00,web_sql_injection_v1,web_sql_injection_v1__run_001,initial_access,T1190,5,3,1.5219,0.9416,0.0746,34128.67,18960.37,0.8232,45,25,1.0298,1.3352,0.6669,0.0844,0.92,1,2,0,0,1,0,1.7998,758.41,243.74,1073.3,8081.54,8722.75,0,0.0,4.9024,0,0
2026-09-09T15:29:34.802069+00:00,web_sql_injection_v1,web_sql_injection_v1__run_001,initial_access,T1190,13,4,1.8262,0.9741,0.0414,57819.76,29651.16,0.7628,78,40,0.2977,0.4624,0.6032,0.1514,1.0574,2,6,1,0,3,0,1.9167,741.28,333.87,1417.91,8216.94,7513.77,2,0.0237,4.2784,0,0
2026-09-09T15:29:39.802069+00:00,web_sql_injection_v1,web_sql_injection_v1__run_001,initial_access,T1190,8,4,1.9056,0.9987,0.0093,18036.46,9769.75,0.7725,24,13,0.8179,2.2133,0.6154,0.1126,0.9531,1,3,0,0,2,0,1.7334,751.52,208.28,1261.54,9648.9,7097.8,1,0.0,3.1829,0,0
2026-09-09T15:29:44.802069+00:00,web_sql_injection_v1,web_sql_injection_v1__run_001,initial_access,T1190,3,2,0.9183,1.0,0.0,1240.98,413.66,0.7172,3,1,1.1311,1.7044,0.8991,0.1902,1.4697,0,1,0,0,0,0,2.3027,413.66,77.93,523.5,9794.47,6748.68,0,0.0154,3.3573,0,0
2026-09-09T15:29:49.802069+00:00,web_sql_injection_v1,web_sql_injection_v1__run_001,initial_access,T1190,13,4,1.8843,0.9818,0.0462,60509.51,29478.99,0.7452,78,38,0.5519,0.8102,0.5326,0.0597,0.7118,3,6,1,0,3,0,2.0145,775.76,251.13,1261.86,8517.79,9654.81,1,0.0264,4.0445,0,0
2026-09-09T15:29:54.802069+00:00,web_sql_injection_v1,web_sql_injection_v1__run_001,initial_access,T1190,5,3,1.5219,1.0,0.0,11354.42,6812.65,0.7731,20,12,0.4116,0.8406,0.7065,0.1901,1.2768,1,2,0,0,1,0,1.5393,567.72,96.1,720.32,7419.7,9682.21,0,0.0009,2.7455,0,0
2026-09-09T15:29:59.802069+00:00,web_sql_injection_v1,web_sql_injection_v1__run_001,initial_access,T1190,10,4,1.761,1.0,0.0112,62256.14,26285.93,0.8148,90,38,0.3803,0.8563,0.5645,0.1269,0.9453,1,4,1,0,2,0,2.3529,691.73,230.67,1037.44,9659.49,8459.55,1,0.006,3.7583,0,0
2026-09-09T15:30:04.802069+00:00,web_sql_injection_v1,web_sql_injection_v1__run_001,initial_access,T1190,5,2,0.971,0.9102,0.0919,65716.78,32036.93,0.6825,80,39,0.3662,0.9259,0.5573,0.1247,0.9315,0,2,0,0,1,0,2.0386,821.46,182.94,1003.82,8406.52,10482.68,0,0.0483,3.8785,0,0
2026-09-09T15:30:09.802069+00:00,web_sql_injection_v1,web_sql_injection_v1__run_001,initial_access,T1190,6,4,1.9183,1.0,0.0,31651.94,13565.12,0.77,42,18,0.3305,0.4519,0.5796,0.0738,0.801,1,2,0,0,1,0,2.2324,753.62,143.3,997.09,7539.73,7617.71,0,0.0,3.5727,0,0
2026-09-09T15:30:14.802069+00:00,web_sql_injection_v1,web_sql_injection_v1__run_001,initial_access,T1190,7,3,1.5567,1.0,0.0376,27754.03,13877.01,0.7096,42,21,0.8395,1.2003,0.6906,0.1954,1.2768,1,3,0,0,1,0,1.9155,660.81,81.03,764.35,6658.71,8390.07,0,0.0704,4.0237,0,0
2026-09-09T15:30:19.802069+00:00,web_sql_injection_v1,web_sql_injection_v1__run_001,initial_access,T1190,8,4,1.9056,1.0,0.0,11073.52,5536.76,0.8222,16,8,0.5949,0.9417,0.6267,0.1875,1.1893,1,3,0,0,2,0,1.7902,692.09,163.6,1045.05,8460.7,7853.42,1,0.0245,3.7913,0,0
2026-09-09T15:30:24.802069+00:00,web_sql_injection_v1,web_sql_injection_v1__run_001,initial_access,T1190,6,3,1.585,1.0,0.0253,54943.55,39376.21,0.7699,60,43,1.0399,1.717,0.74,0.222,1.4058,1,2,0,0,1,0,1.3879,915.73,225.11,1243.91,9322.9,9787.13,0,0.0182,3.9796,0,0
2026-09-09T15:30:29.802069+00:00,web_sql_injection_v1,web_sql_injection_v1__run_001,initial_access,T1190,11,4,1.8586,1.0,0.0,18350.94,9175.47,0.741,22,11,0.5941,1.7448,0.4968,0.1288,0.8831,2,5,1,0,2,0,1.9892,834.13,272.59,1341.31,7666.31,6424.55,1,0.0948,4.3597,0,0
2026-09-09T15:30:34.802069+00:00,web_sql_injection_v1,web_sql_injection_v1__run_001,initial_access,T1190,6,3,1.585,1.0,0.0,22428.04,13706.03,0.7489,36,22,0.8452,2.5188,0.6109,0.077,0.8417,1,2,0,0,1,0,1.5961,623.0,176.92,918.24,7214.05,10126.53,0,0.0164,4.4343,0,0
2026-09-09T15:30:39.802069+00:00,web_sql_injection_v1,web_sql_injection_v1__run_001,initial_access,T1190,9,3,1.3516,0.9995,0.0,41077.2,20995.01,0.7505,45,23,0.694,1.8056,0.7459,0.0872,1.0073,1,4,0,0,2,0,1.9085,912.83,506.54,2180.06,10246.37,8907.46,1,0.0269,2.8474,0,0
2026-09-09T15:30:44.802069+00:00,web_sql_injection_v1,web_sql_injection_v1__run_001,initial_access,T1190,10,4,1.8464,0.9985,0.0,53163.43,24588.09,0.7609,80,37,0.3404,0.8906,0.7144,0.0992,1.0121,1,4,1,0,2,0,2.1556,664.54,206.23,1175.62,6678.68,7809.34,1,0.0698,2.6089,0,0
2026-09-09T15:30:49.802069+00:00,web_sql_injection_v1,web_sql_injection_v1__run_001,initial_access,T1190,6,4,1.9183,1.0,0.0,33242.18,15928.54,0.6713,48,23,0.3213,0.8919,0.5654,0.1529,1.024,1,2,0,0,1,0,2.0351,692.55,183.12,960.61,8070.93,8164.05,0,0.0,4.7576,0,0
2026-09-09T15:30:54.802069+00:00,web_sql_injection_v1,web_sql_injection_v1__run_001,initial_access,T1190,3,2,0.9183,1.0,0.0,1782.07,594.02,0.7654,3,1,0.7451,1.2054,0.6806,0.1012,0.9843,0,1,0,0,0,0,2.2053,594.02,163.59,803.57,5995.41,9052.72,0,0.0164,4.1919,0,0
2026-09-09T15:30:59.802069+00:00,web_sql_injection_v1,web_sql_injection_v1__run_001,initial_access,T1190,5,3,1.371,0.9702,0.0189,13929.72,7661.34,0.8132,20,11,0.5055,1.233,0.6753,0.0845,0.9289,1,2,0,0,1,0,1.7823,696.49,307.95,1276.85,8521.65,9703.63,0,0.0668,3.5345,0,1
2026-09-09T15:31:04.802069+00:00,web_sql_injection_v1,web_sql_injection_v1__run_001,initial_access,T1190,5,3,1.371,1.0,0.0,19715.52,13406.56,0.7436,25,17,0.5716,1.1704,0.7728,0.0923,1.0499,0,2,0,0,1,0,1.4699,788.62,141.98,976.15,7479.23,7351.45,0,0.0055,4.6166,0,0
2026-09-09T15:31:09.802069+00:00,web_sql_injection_v1,web_sql_injection_v1__run_001,initial_access,T1190,11,4,1.6858,0.9794,0.0008,32340.66,15435.32,0.6904,44,21,0.6997,1.4879,0.6098,0.1079,0.9337,1,5,1,0,2,0,2.0728,735.02,279.74,1347.08,5954.55,8413.32,1,0.0216,3.9753,0,1
2026-09-09T15:31:14.802069+00:00,web_sql_injection_v1,web_sql_injection_v1__run_001,initial_access,T1190,6,4,1.9183,1.0,0.0043,30894.79,18021.96,0.6483,36,21,1.1286,3.0302,0.8345,0.1982,1.4291,1,3,0,0,1,0,1.6387,858.19,222.82,1243.03,7784.06,7839.84,0,0.0644,3.797,0,0
2026-09-09T15:31:19.802069+00:00,web_sql_injection_v1,web_sql_injection_v1__run_001,initial_access,T1190,2,1,-0.0,1.0,0.0,6165.65,3596.63,0.7462,12,7,0.647,1.0769,0.7115,0.1795,1.2501,0,0,0,0,0,0,1.5905,513.8,113.19,626.99,7971.39,7800.64,0,0.0,4.1416,0,0
2026-09-09T15:31:24.802069+00:00,web_sql_injection_v1,web_sql_injection_v1__run_001,initial_access,T1190,5,3,1.5219,0.9809,0.0118,24114.55,15674.46,0.7892,40,26,0.7263,1.3831,0.5712,0.1506,1.0231,0,2,0,0,1,0,1.5194,602.86,100.04,734.2,8927.17,8000.56,0,0.032,3.7357,0,0
2026-09-09T15:31:29.802069+00:00,web_sql_injection_v1,web_sql_injection_v1__run_001,initial_access,T1190,5,3,1.5219,1.0,0.0035,4040.82,1616.33,0.7468,5,2,0.6396,1.1892,0.7765,0.1681,1.2809,0,2,0,0,1,0,2.4018,808.16,215.22,1180.98,7655.2,7960.16,0,0.0001,3.4725,0,0
2026-09-09T15:31:34.802069+00:00,web_sql_injection_v1,web_sql_injection_v1__run_001,initial_access,T1190,10,4,1.8464,1.0,0.0246,43594.36,27402.17,0.809,70,44,0.6695,0.806,0.458,0.1129,0.7969,2,5,1,0,2,0,1.5815,622.78,234.82,902.19,7743.41,7643.43,1,0.0157,3.8921,0,0
2026-09-09T15:31:39.802069+00:00,web_sql_injection_v1,web_sql_injection_v1__run_001,initial_access,T1190,12,4,1.9591,0.984,0.0331,16902.12,6338.3,0.823,24,9,0.7614,2.197,0.6902,0.117,1.0412,2,5,1,0,2,0,2.5307,704.26,176.69,995.98,8004.86,8875.4,1,0.0416,3.751,0,0
2026-09-09T15:31:44.802069+00:00,web_sql_injection_v1,web_sql_injection_v1__run_001,initial_access,T1190,6,4,1.7925,1.0,0.0087,11990.26,9991.88,0.7719,18,15,0.9531,2.6353,0.7326,0.1257,1.1098,1,3,0,0,1,0,1.1524,666.13,193.74,936.39,9155.62,8558.83,0,0.0345,3.2175,0,0
2026-09-09T15:31:49.802069+00:00,web_sql_injection_v1,web_sql_injection_v1__run_001,initial_access,T1190,10,4,1.971,0.9644,0.0151,46706.43,22018.74,0.801,70,33,0.436,1.0469,0.625,0.0775,0.8574,1,5,1,0,2,0,2.097,667.23,256.24,1128.43,9364.18,8560.52,1,0.0303,4.1011,0,0
2026-09-09T15:31:54.802069+00:00,web_sql_injection_v1,web_sql_injection_v1__run_001,initial_access,T1190,7,4,1.9502,0.9888,0.0,30215.08,16032.49,0.7038,49,26,0.947,1.7237,0.7606,0.0974,1.0528,1,3,0,0,1,0,1.8659,616.63,193.43,930.82,8195.67,7629.59,0,0.0234,3.2695,0,0
2026-09-09T15:31:59.802069+00:00,web_sql_injection_v1,web_sql_injection_v1__run_001,initial_access,T1190,5,3,1.5219,1.0,0.0,20824.04,10412.02,0.7708,30,15,0.7621,1.9679,0.6558,0.1638,1.1472,0,2,0,0,1,0,1.9217,694.13,244.05,1094.51,8724.77,7069.21,0,0.0,5.1121,0,0
2026-09-09T15:32:04.802069+00:00,web_sql_injection_v1,web_sql_injection_v1__run_001,initial_access,T1190,7,3,1.5567,0.9639,0.0216,32531.88,15685.01,0.7948,56,27,0.4228,1.0205,0.6415,0.1684,1.1468,1,3,0,0,1,0,2.0294,580.93,184.01,825.19,8253.55,8794.85,0,0.0032,3.8615,0,0
2026-09-09T15:32:09.802069+00:00,web_sql_injection_v1,web_sql_injection_v1__run_001,initial_access,T1190,9,4,1.8911,1.0,0.0,78637.68,36966.43,0.7423,117,55,0.7869,1.3236,0.6127,0.1076,0.9354,1,4,0,0,2,0,2.0904,672.12,233.06,1105.95,8765.11,7526.31,1,0.0224,3.0945,0,0
2026-09-09T15:32:14.802069+00:00,web_sql_injection_v1,web_sql_injection_v1__run_001,initial_access,T1190,10,3,1.571,0.9863,0.0069,51971.95,25243.52,0.7132,70,34,0.8242,1.9971,0.6578,0.1497,1.1069,2,5,0,0,2,0,2.0234,742.46,409.2,1772.14,8918.29,8159.58,1,0.0,3.7067,0,0
2026-09-09T15:32:19.802069+00:00,web_sql_injection_v1,web_sql_injection_v1__run_001,initial_access,T1190,1,1,-0.0,0.9987,0.0265,2157.27,1078.64,0.7539,2,1,0.3902,0.7479,0.7034,0.1828,1.2518,0,0,0,0,0,0,1.4011,1078.64,0.0,1078.64,7665.81,7752.68,0,0.0041,4.0408,0,0
2026-09-09T15:32:24.802069+00:00,web_sql_injection_v1,web_sql_injection_v1__run_001,initial_access,T1190,7,4,1.8424,1.0,0.0363,34672.05,16274.64,0.7419,49,23,0.7289,1.0174,0.6864,0.1271,1.0676,1,3,0,0,1,0,2.1271,707.59,189.57,1013.12,7814.34,7855.45,0,0.0,4.353,0,0
2026-09-09T15:32:29.802069+00:00,web_sql_injection_v1,web_sql_injection_v1__run_001,initial_access,T1190,5,2,0.971,1.0,0.0,13737.17,8929.16,0.7007,20,13,0.7727,1.5836,0.5393,0.1258,0.9165,0,2,0,0,1,0,1.4954,686.86,292.88,1266.84,6860.18,7836.78,0,0.0,3.2955,0,0
2026-09-09T15:32:34.802069+00:00,web_sql_injection_v1,web_sql_injection_v1__run_001,initial_access,T1190,6,4,1.9183,1.0,0.0,49999.95,32692.27,0.772,78,51,0.7678,1.5682,0.8825,0.1554,1.3488,1,3,0,0,1,0,1.5191,641.02,331.41,1359.82,9562.91,8708.17,0,0.0,4.5645,0,0
2026-09-09T15:32:39.802069+00:00,web_sql_injection_v1,web_sql_injection_v1__run_001,initial_access,T1190,7,3,1.4488,1.0,0.0502,27345.98,11719.71,0.8076,42,18,1.0745,2.7236,0.7647,0.128,1.1487,1,3,0,0,1,0,2.2742,651.09,280.16,1117.49,8328.2,6185.25,0,0.027,3.4058,0,0
2026-09-09T15:32:44.802069+00:00,web_sql_injection_v1,web_sql_injection_v1__run_001,initial_access,T1190,8,4,1.9056,1.0,0.0076,30590.62,10706.72,0.7735,40,14,0.6037,1.5905,0.7451,0.1323,1.1419,1,3,0,0,1,0,2.7943,764.77,184.14,999.75,6757.93,10137.09,0,0.0675,4.3223,0,0
2026-09-09T15:32:49.802069+00:00,web_sql_injection_v1,web_sql_injection_v1__run_001,initial_access,T1190,4,2,1.0,0.9859,0.0,12362.68,4945.07,0.7655,20,8,0.7935,1.5053,0.8931,0.1627,1.3813,0,1,0,0,1,0,2.2764,618.13,101.12,763.4,9542.47,8333.61,0,0.0467,4.2086,0,0
2026-09-09T15:32:54.802069+00:00,web_sql_injection_v1,web_sql_injection_v1__run_001,initial_access,T1190,15,4,1.8892,0.9857,0.0,71320.85,39622.69,0.7447,90,50,0.5371,0.6517,0.6466,0.0841,0.8988,2,7,1,1,3,0,1.7733,792.45,243.87,1305.47,9698.32,10035.35,2,0.0,4.659,0,0
2026-09-09T15:32:59.802069+00:00,web_sql_injection_v1,web_sql_injection_v1__run_001,initial_access,T1190,11,4,1.8676,1.0,0.0056,47212.68,35767.18,0.7015,66,50,0.4302,1.0073,0.712,0.1042,1.0246,2,5,1,0,2,0,1.3154,715.34,183.45,1081.53,9927.23,8232.56,1,0.0154,5.034,0,0
2026-09-09T15:33:04.802069+00:00,web_sql_injection_v1,web_sql_injection_v1__run_001,initial_access,T1190,11,4,1.8676,0.998,0.0,72116.92,51720.22,0.778,99,71,0.523,0.6634,0.6139,0.0811,0.8572,2,5,1,0,2,0,1.3878,728.45,211.48,1194.05,8699.33,9709.36,1,0.0273,3.9862,0,1
2026-09-09T15:33:09.802069+00:00,web_sql_injection_v1,web_sql_injection_v1__run_001,initial_access,T1190,6,3,1.4591,1.0,0.0176,14547.89,8082.16,0.7462,18,10,0.3604,0.6306,0.724,0.2064,1.3432,1,2,0,0,1,0,1.7466,808.22,298.04,1217.79,9091.62,9597.77,0,0.0344,4.1515,0,0
2026-09-09T15:33:14.802069+00:00,web_sql_injection_v1,web_sql_injection_v1__run_001,initial_access,T1190,5,3,1.5219,1.0,0.0,11548.52,6351.69,0.8133,20,11,0.8582,2.3651,0.6766,0.1937,1.2576,1,2,0,0,1,0,1.7446,577.43,227.45,897.77,8119.59,6586.92,0,0.0331,4.1589,0,0
2026-09-09T15:33:19.802069+00:00,web_sql_injection_v1,web_sql_injection_v1__run_001,initial_access,T1190,7,4,1.8424,1.0,0.0514,21913.66,10017.67,0.8162,35,16,0.4917,1.2036,0.745,0.1145,1.0886,1,3,0,0,1,0,2.0643,626.1,137.34,796.53,8449.87,9238.44,0,0.0,4.052,0,0
2026-09-09T15:33:24.802069+00:00,web_sql_injection_v1,web_sql_injection_v1__run_001,initial_access,T1190,6,3,1.585,0.9812,0.0296,33365.04,14597.21,0.7909,48,21,0.5558,1.3658,0.7935,0.0889,1.06,1,3,0,0,1,0,2.2103,695.11,194.12,1036.72,8711.73,8866.27,0,0.0234,3.2243,0,0
2026-09-09T15:33:29.802069+00:00,web_sql_injection_v1,web_sql_injection_v1__run_001,initial_access,T1190,14,4,1.7885,1.0,0.0,75951.31,46113.29,0.6982,112,68,0.3917,0.6649,0.4902,0.0595,0.6688,2,7,1,0,3,0,1.6233,678.14,192.68,1073.12,8886.81,7365.18,2,0.0479,3.8831,0,0
2026-09-09T15:33:34.802069+00:00,web_sql_injection_v1,web_sql_injection_v1__run_001,initial_access,T1190,8,4,1.9056,1.0,0.0164,28386.14,18450.99,0.7552,40,26,0.8041,1.676,0.526,0.0611,0.7094,1,4,0,0,1,0,1.5332,709.65,242.65,1219.19,8407.28,8014.82,0,0.0,4.463,0,0
2026-09-09T15:33:39.802069+00:00,web_sql_injection_v1,web_sql_injection_v1__run_001,initial_access,T1190,9,4,1.8366,1.0,0.0082,49561.37,16520.46,0.6767,63,21,0.6055,1.6359,0.5689,0.148,1.0128,1,4,1,0,1,0,2.9002,786.69,354.97,1558.66,6845.51,8215.25,0,0.0132,4.269,0,0
2026-09-09T15:33:44.802069+00:00,web_sql_injection_v1,web_sql_injection_v1__run_001,initial_access,T1190,8,3,1.5613,0.9859,0.0,42965.2,32223.9,0.6664,80,60,0.7024,1.6363,0.6567,0.0803,0.8976,1,3,1,0,1,0,1.3328,537.07,149.9,783.72,9952.17,8007.86,0,0.0566,4.0191,0,1
2026-09-09T15:33:49.802069+00:00,web_sql_injection_v1,web_sql_injection_v1__run_001,initial_access,T1190,8,4,1.75,0.9916,0.0174,16872.4,10545.25,0.6986,24,15,0.3484,0.6929,0.5773,0.0871,0.8386,1,3,0,0,1,0,1.5847,703.02,270.13,1283.45,6345.7,9060.67,0,0.0442,3.8358,0,0
2026-09-09T15:33:54.802069+00:00,web_sql_injection_v1,web_sql_injection_v1__run_001,initial_access,T1190,6,4,1.9183,0.9785,0.0,20031.08,10015.54,0.8238,30,15,0.9277,2.2766,0.6768,0.1379,1.0906,1,2,0,0,1,0,1.9598,667.7,219.07,1129.19,9000.54,9010.77,0,0.0,4.2185,0,0
2026-09-09T15:33:59.802069+00:00,web_sql_injection_v1,web_sql_injection_v1__run_001,initial_access,T1190,6,4,1.7925,1.0,0.0,23313.96,12304.59,0.7302,36,19,0.3583,0.7959,0.6495,0.141,1.0725,1,3,0,0,1,0,1.8113,647.61,184.14,895.35,6684.47,9044.47,0,0.0269,4.8042,0,0
2026-09-09T15:34:04.802069+00:00,web_sql_injection_v1,web_sql_injection_v1__run_001,initial_access,T1190,6,3,1.585,0.9968,0.0215,33773.51,18997.6,0.7349,48,27,0.5794,0.7647,0.6417,0.1598,1.1211,0,2,0,0,1,0,1.7469,703.61,199.73,965.95,8665.93,7224.41,0,0.0,3.7499,0,0
2026-09-09T15:34:09.802069+00:00,web_sql_injection_v1,web_sql_injection_v1__run_001,initial_access,T1190,11,4,1.7899,1.0,0.0,67761.15,48596.38,0.8716,99,71,0.5597,1.4287,0.7128,0.1832,1.2624,2,5,0,0,2,0,1.3797,684.46,239.27,1100.44,7887.42,8702.48,1,0.0,3.5516,0,0
2026-09-09T15:34:14.802069+00:00,web_sql_injection_v1,web_sql_injection_v1__run_001,initial_access,T1190,10,4,1.971,0.9932,0.0,49256.93,31401.3,0.6062,80,51,0.6301,1.8158,0.5021,0.0545,0.6655,1,4,0,0,2,0,1.5655,615.71,166.49,1013.94,8063.61,9218.83,1,0.0098,3.8231,0,0
2026-09-09T15:34:19.802069+00:00,web_sql_injection_v1,web_sql_injection_v1__run_001,initial_access,T1190,13,4,1.9501,1.0,0.0,54892.99,17734.66,0.6924,65,21,0.629,1.2853,0.695,0.1962,1.2835,2,6,1,0,3,0,3.0578,844.51,414.88,1847.2,7588.67,10224.55,2,0.0,3.4886,0,0
2026-09-09T15:34:24.802069+00:00,web_sql_injection_v1,web_sql_injection_v1__run_001,initial_access,T1190,3,1,-0.0,1.0,0.0059,10311.27,4124.51,0.7901,15,6,0.799,1.9964,0.8762,0.17,1.3861,0,1,0,0,0,0,2.2994,687.42,102.24,829.57,8454.6,10287.44,0,0.001,3.6523,0,0
2026-09-09T15:34:29.802069+00:00,web_sql_injection_v1,web_sql_injection_v1__run_001,initial_access,T1190,4,2,0.8113,1.0,0.0024,17860.98,9568.38,0.7437,28,15,0.8667,1.6236,0.7459,0.0825,0.9935,0,2,0,0,0,0,1.7609,637.89,155.56,819.51,8020.87,7386.02,0,0.0546,3.9809,0,0
2026-09-09T15:34:34.802069+00:00,web_sql_injection_v1,web_sql_injection_v1__run_001,initial_access,T1190,10,3,1.571,1.0,0.0,23531.7,13530.73,0.7218,40,23,0.795,1.945,0.5774,0.1666,1.0773,2,4,1,0,2,0,1.7297,588.29,167.88,901.68,8458.93,8329.76,1,0.0289,3.7026,0,0
2026-09-09T15:34:39.802069+00:00,web_sql_injection_v1,web_sql_injection_v1__run_001,initial_access,T1190,11,4,1.8676,1.0,0.0,48365.95,29312.7,0.7573,66,40,0.682,1.6658,0.6083,0.076,0.8363,2,5,1,0,2,0,1.612,732.82,353.04,1522.11,8197.76,7794.52,1,0.0219,4.7591,0,0
2026-09-09T15:34:44.802069+00:00,web_sql_injection_v1,web_sql_injection_v1__run_001,initial_access,T1190,4,2,1.0,0.9945,0.0,17395.93,10872.46,0.7827,24,15,0.7919,1.0553,0.688,0.1714,1.2021,0,2,0,0,0,0,1.5785,724.83,161.56,963.63,9330.94,7538.41,0,0.064,4.1527,0,0
2026-09-09T15:34:49.802069+00:00,web_sql_injection_v1,web_sql_injection_v1__run_001,initial_access,T1190,8,3,1.4056,0.9519,0.0872,29205.68,14602.84,0.6669,48,24,0.4199,0.8338,0.6604,0.1041,0.9726,1,3,0,0,1,0,1.9525,608.45,137.5,786.17,8664.4,7772.8,0,0.0045,3.6974,0,0
2026-09-09T15:34:54.802069+00:00,web_sql_injection_v1,web_sql_injection_v1__run_001,initial_access,T1190,12,4,1.8879,1.0,0.0,90402.85,41434.64,0.8659,120,55,0.3735,0.8442,0.7805,0.2251,1.4557,2,5,0,0,3,0,2.1459,753.36,187.63,1065.76,9086.52,8540.2,2,0.0,4.0985,0,0
2026-09-09T15:34:59.802069+00:00,web_sql_injection_v1,web_sql_injection_v1__run_001,initial_access,T1190,5,2,0.7219,0.9974,0.0217,24157.86,13804.49,0.7482,35,20,0.778,1.6634,0.6467,0.1821,1.193,1,2,0,0,1,0,1.6705,690.22,275.7,1179.37,7777.0,7814.24,0,0.037,4.074,0,0
2026-09-09T15:35:04.802069+00:00,web_sql_injection_v1,web_sql_injection_v1__run_001,initial_access,T1190,11,4,1.7899,0.9605,0.062,44456.82,19534.06,0.7616,66,29,0.4115,1.1589,0.692,0.1951,1.2771,2,5,0,0,2,0,2.2724,673.59,208.37,959.24,7970.75,8483.51,1,0.0384,3.1914,0,0
2026-09-09T15:35:09.802069+00:00,web_sql_injection_v1,web_sql_injection_v1__run_001,initial_access,T1190,2,2,1.0,1.0,0.0,10655.39,9133.19,0.707,14,12,1.0206,2.107,0.8056,0.1573,1.2774,0,1,0,0,0,0,1.1433,761.1,50.21,811.31,7738.72,6417.49,0,0.0,4.6058,0,1
2026-09-09T15:35:14.802069+00:00,web_sql_injection_v1,web_sql_injection_v1__run_001,initial_access,T1190,6,4,1.7925,0.997,0.0,15206.18,10137.45,0.757,18,12,0.6108,1.3244,0.731,0.1562,1.1995,1,3,0,0,1,0,1.4252,844.79,174.46,1163.85,8061.67,8524.62,0,0.0096,4.232,0,0
2026-09-09T15:35:19.802069+00:00,web_sql_injection_v1,web_sql_injection_v1__run_001,initial_access,T1190,6,4,1.9183,0.9848,0.0,12685.35,6342.67,0.8163,18,9,0.3694,1.0488,0.6132,0.1269,0.9939,1,3,0,0,1,0,1.9211,704.74,160.85,934.61,9542.19,6758.46,0,0.0473,3.8546,0,0
2026-09-09T15:35:24.802069+00:00,web_sql_injection_v1,web_sql_injection_v1__run_001,initial_access,T1190,3,2,0.9183,1.0,0.0514,10484.49,6989.66,0.7367,15,10,0.5241,0.7223,0.6431,0.0835,0.8937,0,1,0,0,0,0,1.4212,698.97,105.35,814.53,8885.26,6184.06,0,0.0371,3.7935,0,0
2026-09-09T15:35:29.802069+00:00,web_sql_injection_v1,web_sql_injection_v1__run_001,initial_access,T1190,12,4,1.8879,0.9615,0.0458,25822.78,13628.69,0.8206,36,19,0.6114,1.2096,0.5966,0.1315,0.991,2,6,1,0,2,0,1.827,717.3,342.31,1685.73,8455.68,8927.16,1,0.0187,4.4699,0,0
2026-09-09T15:35:34.802069+00:00,web_sql_injection_v1,web_sql_injection_v1__run_001,initial_access,T1190,9,4,1.8911,1.0,0.0335,29580.78,11174.96,0.6281,45,17,0.6822,1.3171,0.5839,0.1087,0.9098,1,4,0,0,2,0,2.5887,657.35,159.87,928.02,8269.24,9901.85,1,0.022,4.4591,0,0
2026-09-09T15:35:39.802069+00:00,web_sql_injection_v1,web_sql_injection_v1__run_001,initial_access,T1190,6,2,0.9183,0.9832,0.0,21156.87,14104.58,0.6773,30,20,0.7194,2.0755,0.7671,0.1582,1.2419,1,2,0,0,1,0,1.4822,705.23,183.9,1091.24,6712.95,8084.25,0,0.0104,4.3003,0,0
2026-09-09T15:35:44.802069+00:00,web_sql_injection_v1,web_sql_injection_v1__run_001,initial_access,T1190,4,3,1.5,0.96,0.0218,14374.55,8984.09,0.7588,24,15,0.8565,1.9558,0.5155,0.0908,0.788,0,2,0,0,0,0,1.5123,598.94,52.39,655.83,8520.02,8470.82,0,0.0,4.2892,0,0
2026-09-09T15:35:49.802069+00:00,web_sql_injection_v1,web_sql_injection_v1__run_001,initial_access,T1190,9,3,1.4355,0.9843,0.0,20358.15,9613.57,0.6633,36,17,0.8123,1.5633,0.8216,0.1513,1.2755,2,4,1,0,2,0,2.0888,565.5,179.76,852.59,8089.11,10511.15,1,0.0,3.8535,0,0
2026-09-09T15:35:54.802069+00:00,web_sql_injection_v1,web_sql_injection_v1__run_001,initial_access,T1190,13,4,1.8262,0.9885,0.0106,69553.79,45859.64,0.7669,91,60,0.418,1.1652,0.5401,0.0848,0.7945,2,6,1,0,3,0,1.4971,764.33,327.28,1411.1,10080.67,6724.61,1,0.0,4.5209,0,0
2026-09-09T15:35:59.802069+00:00,web_sql_injection_v1,web_sql_injection_v1__run_001,initial_access,T1190,9,4,1.6577,0.9765,0.0,25383.38,13537.8,0.7891,45,24,0.6671,1.0076,0.7231,0.0728,0.9415,2,4,0,0,2,0,1.8397,564.08,155.39,888.66,7921.3,7368.97,1,0.0451,3.3077,0,0
2026-09-09T15:36:04.802069+00:00,web_sql_injection_v1,web_sql_injection_v1__run_001,initial_access,T1190,10,4,1.8464,0.9936,0.0251,20692.91,9656.69,0.7596,30,14,0.361,0.652,0.4979,0.0939,0.7797,2,5,1,0,2,0,2.119,689.76,180.83,909.55,8275.87,7197.83,1,0.0,3.3682,0,0
2026-09-09T15:36:09.802069+00:00,web_sql_injection_v1,web_sql_injection_v1__run_001,initial_access,T1190,6,3,1.4591,1.0,0.011,35105.5,18284.11,0.7351,48,25,0.721,2.1336,0.7231,0.0869,0.9836,1,3,0,0,1,0,1.8805,731.36,208.26,1064.6,9888.67,9976.15,0,0.0027,4.236,0,0
2026-09-09T15:36:14.802069+00:00,web_sql_injection_v1,web_sql_injection_v1__run_001,initial_access,T1190,12,4,1.614,1.0,0.0,47712.88,27832.51,0.7188,72,42,0.8881,1.7085,0.5187,0.1239,0.8904,2,6,1,0,2,0,1.6826,662.68,202.25,973.76,7985.04,7495.92,1,0.0187,4.039,0,0
2026-09-09T15:36:19.802069+00:00,web_sql_injection_v1,web_sql_injection_v1__run_001,initial_access,T1190,4,3,1.5,1.0,0.0,15010.48,12008.38,0.7262,20,16,0.39,0.7163,0.7441,0.1836,1.2948,0,2,0,0,1,0,1.225,750.52,103.14,860.11,7404.84,7903.5,0,0.0327,4.0632,0,0
2026-09-09T15:36:24.802069+00:00,web_sql_injection_v1,web_sql_injection_v1__run_001,initial_access,T1190,10,3,1.371,1.0,0.0,47522.97,22969.44,0.7967,60,29,1.0123,2.9244,0.6287,0.1123,0.9655,2,4,0,0,2,0,2.0589,792.05,306.06,1249.5,8620.73,8034.95,1,0.0082,4.4778,0,1
2026-09-09T15:36:29.802069+00:00,web_sql_injection_v1,web_sql_injection_v1__run_001,initial_access,T1190,7,4,1.6645,1.0,0.0,52246.21,29176.45,0.7583,77,43,0.7224,1.7335,0.5745,0.1685,1.0799,1,3,0,0,1,0,1.7618,678.52,273.89,991.99,7779.82,8136.76,0,0.0004,3.635,0,0
2026-09-09T15:36:34.802069+00:00,web_sql_injection_v1,web_sql_injection_v1__run_001,initial_access,T1190,10,4,1.571,0.9794,0.0269,47039.74,32255.83,0.7392,70,48,0.7827,2.0441,0.6097,0.0968,0.9002,2,5,0,0,2,0,1.4542,672.0,263.5,1103.87,7418.53,8276.74,1,0.0327,3.6877,0,0
2026-09-09T15:36:39.802069+00:00,web_sql_injection_v1,web_sql_injection_v1__run_001,initial_access,T1190,6,4,1.9183,0.9783,0.0646,8481.59,5654.39,0.8667,12,8,0.5246,0.8965,0.6606,0.1949,1.2451,1,2,0,0,1,0,1.4598,706.8,356.07,1412.87,7009.32,6058.74,0,0.0,3.9556,0,1
2026-09-09T15:36:44.802069+00:00,web_sql_injection_v1,web_sql_injection_v1__run_001,initial_access,T1190,3,3,1.585,0.985,0.0512,11594.37,5797.18,0.7966,18,9,0.8871,1.1955,0.5049,0.1347,0.9091,0,1,0,0,0,0,1.8891,644.13,102.67,766.14,6056.54,9453.65,0,0.0275,3.5806,0,0
2026-09-09T15:36:49.802069+00:00,web_sql_injection_v1,web_sql_injection_v1__run_001,initial_access,T1190,6,3,1.585,0.9948,0.0166,17384.38,10430.63,0.7349,30,18,0.7347,1.9627,0.6606,0.1181,1.0149,1,3,0,0,1,0,1.663,579.48,206.88,935.97,8863.21,7713.36,0,0.0,3.1112,0,0
2026-09-09T15:36:54.802069+00:00,web_sql_injection_v1,web_sql_injection_v1__run_001,initial_access,T1190,8,4,1.9056,0.9659,0.0341,47689.28,22354.35,0.7255,64,30,0.8233,1.8577,0.5814,0.1337,0.9826,1,3,0,0,2,0,2.0989,745.14,143.62,979.37,8863.93,8135.92,1,0.0045,4.7243,0,0
2026-09-09T15:36:59.802069+00:00,web_sql_injection_v1,web_sql_injection_v1__run_001,initial_access,T1190,7,4,1.8424,0.9734,0.0566,35733.24,17015.83,0.7002,63,30,0.375,0.6747,0.6991,0.1154,1.0455,1,3,0,0,1,0,2.0913,567.19,116.72,836.58,7446.25,8286.52,0,0.018,4.0281,0,0
2026-09-09T15:37:04.802069+00:00,web_sql_injection_v1,web_sql_injection_v1__run_001,initial_access,T1190,8,4,1.9056,1.0,0.0019,27284.34,13642.17,0.7813,40,20,0.2959,0.6571,0.5234,0.1158,0.8708,1,4,0,0,2,0,1.9774,682.11,180.17,971.28,8865.51,7763.4,1,0.0111,4.2148,0,1
2026-09-09T15:37:09.802069+00:00,web_sql_injection_v1,web_sql_injection_v1__run_001,initial_access,T1190,10,4,1.7219,0.9744,0.0151,66299.17,40984.94,0.7828,110,68,0.4866,1.3295,0.5729,0.1022,0.8795,2,5,1,0,2,0,1.6114,602.72,220.56,965.83,6541.57,7715.97,1,0.0186,3.9318,0,0
2026-09-09T15:37:14.802069+00:00,web_sql_injection_v1,web_sql_injection_v1__run_001,initial_access,T1190,5,2,0.971,1.0,0.0111,27270.59,12466.56,0.6848,35,16,0.4425,0.7656,0.7684,0.2293,1.4563,0,2,0,0,1,0,2.1248,779.16,235.91,1064.59,8530.59,7157.2,0,0.0654,4.1078,0,0
2026-09-09T15:37:19.802069+00:00,web_sql_injection_v1,web_sql_injection_v1__run_001,initial_access,T1190,5,4,1.9219,1.0,0.0,32567.92,18948.61,0.7212,55,32,0.7448,1.8525,0.837,0.0968,1.1275,1,2,0,0,1,0,1.6948,592.14,107.78,710.76,5728.17,6198.62,0,0.0627,3.6955,0,0
2026-09-09T15:37:24.802069+00:00,web_sql_injection_v1,web_sql_injection_v1__run_001,initial_access,T1190,6,3,1.4591,1.0,0.0,48229.96,29741.81,0.8258,60,37,0.796,1.9997,0.8722,0.124,1.2442,1,3,0,0,1,0,1.6043,803.83,148.23,978.02,8951.15,8129.96,0,0.0,4.2603,0,0
2026-09-09T15:37:29.802069+00:00,web_sql_injection_v1,web_sql_injection_v1__run_001,initial_access,T1190,13,4,1.8262,0.9825,0.0494,80099.79,76578.92,0.7137,91,87,0.7187,1.8856,0.6096,0.0906,0.8814,3,6,1,0,3,0,1.0366,880.22,344.72,1419.75,8879.37,8303.78,2,0.0194,3.748,0,0
2026-09-09T15:37:34.802069+00:00,web_sql_injection_v1,web_sql_injection_v1__run_001,initial_access,T1190,7,4,1.9502,0.9802,0.0125,15192.74,9405.03,0.7961,21,13,0.4199,0.7242,0.626,0.0981,0.9203,1,3,0,0,1,0,1.5116,723.46,251.99,1138.38,8493.46,8474.75,0,0.0353,4.203,0,0
2026-09-09T15:37:39.802069+00:00,web_sql_injection_v1,web_sql_injection_v1__run_001,initial_access,T1190,10,4,1.8464,1.0,0.0,31531.17,36260.85,0.7982,60,69,0.8424,2.446,0.7243,0.21,1.3543,1,5,0,0,2,0,0.8599,525.52,107.66,686.74,8386.09,6373.2,1,0.0289,4.6334,0,0
2026-09-09T15:37:44.802069+00:00,web_sql_injection_v1,web_sql_injection_v1__run_001,initial_access,T1190,12,4,1.9591,0.9652,0.0518,34030.44,20418.26,0.8341,60,36,0.8535,1.7004,0.703,0.184,1.255,2,6,1,0,3,0,1.627,567.17,113.84,775.21,7998.21,7642.72,1,0.0,4.4552,0,1
2026-09-09T15:37:49.802069+00:00,web_sql_injection_v1,web_sql_injection_v1__run_001,initial_access,T1190,10,3,1.571,0.999,0.0,56530.18,26851.83,0.7148,80,38,0.5367,1.1194,0.8397,0.1535,1.3002,1,5,0,0,2,0,2.0626,706.63,306.7,1526.14,7188.21,6404.8,1,0.0184,4.3982,0,0
2026-09-09T15:37:54.802069+00:00,web_sql_injection_v1,web_sql_injection_v1__run_001,initial_access,T1190,8,4,1.75,1.0,0.0025,65425.3,42526.45,0.6613,80,52,0.8218,2.4258,0.4808,0.0922,0.7574,1,4,0,0,1,0,1.5315,817.82,232.2,1179.43,7715.18,5983.79,0,0.0566,4.2418,0,0
2026-09-09T15:37:59.802069+00:00,web_sql_injection_v1,web_sql_injection_v1__run_001,initial_access,T1190,11,4,1.9808,1.0,0.0,62225.1,52797.06,0.747,99,84,0.5627,1.126,0.5331,0.0953,0.819,2,5,1,0,2,0,1.1767,628.54,223.82,1240.71,8539.69,7480.94,1,0.0066,4.0197,0,0
2026-09-09T15:38:04.802069+00:00,web_sql_injection_v1,web_sql_injection_v1__run_001,initial_access,T1190,10,4,1.8955,0.9995,0.0411,40873.48,28027.53,0.6929,70,48,0.7632,1.0193,0.4709,0.0996,0.7698,2,5,0,0,2,0,1.441,583.91,93.32,745.21,8800.37,8753.8,1,0.0411,3.5666,0,0
2026-09-09T15:38:09.802069+00:00,web_sql_injection_v1,web_sql_injection_v1__run_001,initial_access,T1190,7,3,1.5567,1.0,0.016,31362.41,12694.31,0.6565,42,17,0.3521,0.8569,0.6337,0.1275,1.0161,1,3,0,0,1,0,2.34,746.72,218.91,1026.5,8069.03,8953.61,0,0.0,3.5301,0,0
2026-09-09T15:38:14.802069+00:00,web_sql_injection_v1,web_sql_injection_v1__run_001,initial_access,T1190,12,3,1.1887,1.0,0.0,59581.1,31918.44,0.724,84,45,1.0086,2.8123,0.7269,0.0787,0.963,2,6,1,0,3,0,1.8421,709.3,140.92,1091.65,7969.7,8651.58,1,0.0266,3.7854,0,0
2026-09-09T15:38:19.802069+00:00,web_sql_injection_v1,web_sql_injection_v1__run_001,initial_access,T1190,6,4,1.9183,1.0,0.0179,4157.39,1385.8,0.7943,6,2,0.9658,2.4435,0.6647,0.1156,1.0114,1,2,0,0,1,0,2.4217,692.9,213.14,1167.87,7748.12,9910.04,0,0.0199,4.3375,0,0
2026-09-09T15:38:24.802069+00:00,web_sql_injection_v1,web_sql_injection_v1__run_001,initial_access,T1190,6,3,1.4591,0.975,0.0287,20753.62,10376.81,0.678,30,15,0.4434,0.9363,0.6648,0.1494,1.1131,1,3,0,0,1,0,1.9922,691.79,179.12,1057.61,9292.8,7877.15,0,0.0,3.9603,0,0
2026-09-09T15:38:29.802069+00:00,web_sql_injection_v1,web_sql_injection_v1__run_001,initial_access,T1190,8,4,1.9056,1.0,0.0,31009.27,19380.79,0.7701,48,30,0.3604,1.0228,0.7238,0.1303,1.1147,1,3,0,0,1,0,1.555,646.03,130.33,908.53,9676.88,6782.0,0,0.0305,4.2692,0,0
2026-09-09T15:38:34.802069+00:00,web_sql_injection_v1,web_sql_injection_v1__run_001,initial_access,T1190,8,4,1.5488,0.9943,0.001,42516.43,20498.99,0.7291,56,27,1.1207,1.9165,0.8512,0.2516,1.6061,1,3,0,0,2,0,2.0166,759.22,146.6,1018.26,7918.26,7790.86,1,0.0214,3.1726,0,0
2026-09-09T15:38:39.802069+00:00,web_sql_injection_v1,web_sql_injection_v1__run_001,initial_access,T1190,9,3,1.3921,1.0,0.0,44025.28,29961.65,0.7822,72,49,0.3793,0.5529,0.5514,0.1648,1.0458,1,4,0,0,2,0,1.4462,611.46,196.62,917.39,7885.27,8493.7,1,0.0122,3.8593,0,1
2026-09-09T15:38:44.802069+00:00,web_sql_injection_v1,web_sql_injection_v1__run_001,initial_access,T1190,7,3,1.3788,1.0,0.0,13861.69,9901.21,0.6862,21,15,0.3746,0.7606,0.4924,0.0517,0.6474,1,3,0,0,1,0,1.3821,660.08,135.37,792.49,7193.42,7963.55,0,0.0,4.1052,0,0
2026-09-09T15:38:49.802069+00:00,web_sql_injection_v1,web_sql_injection_v1__run_001,initial_access,T1190,6,4,1.9183,0.966,0.044,25114.97,19254.81,0.7216,30,23,0.8585,1.6016,0.586,0.1687,1.0921,1,2,0,0,1,0,1.2891,837.17,470.47,1834.02,8547.19,8342.8,0,0.0292,4.3701,0,0
2026-09-09T15:38:54.802069+00:00,web_sql_injection_v1,web_sql_injection_v1__run_001,initial_access,T1190,8,4,1.8113,1.0,0.0092,26973.04,14160.85,0.7795,40,21,0.684,1.2999,0.7052,0.1024,1.0125,1,3,0,0,2,0,1.8447,674.33,190.12,1074.96,7912.08,7958.83,1,0.0,4.4396,0,0
2026-09-09T15:38:59.802069+00:00,web_sql_injection_v1,web_sql_injection_v1__run_001,initial_access,T1190,8,4,1.9056,0.9448,0.041,23484.91,18347.59,0.73,32,25,1.0049,1.8398,0.7479,0.171,1.2609,1,4,0,0,2,0,1.2353,733.9,301.68,1349.85,10327.33,7509.49,1,0.0838,5.4884,0,0
2026-09-09T15:39:04.802069+00:00,web_sql_injection_v1,web_sql_injection_v1__run_001,initial_access,T1190,6,3,1.4591,1.0,0.0,36069.05,18034.53,0.7475,54,27,0.6586,1.7627,0.8647,0.2031,1.474,1,2,0,0,1,0,1.9887,667.95,182.64,991.5,9103.46,8278.1,0,0.0,4.2733,0,1
2026-09-09T15:39:09.802069+00:00,web_sql_injection_v1,web_sql_injection_v1__run_001,initial_access,T1190,3,3,1.585,0.9188,0.0607,6641.44,2213.81,0.724,9,3,1.0274,1.2974,0.8073,0.0854,1.0634,0,1,0,0,0,0,2.2754,737.94,130.82,882.78,7796.98,8158.82,0,0.0,3.9949,0,0
2026-09-09T15:39:14.802069+00:00,web_sql_injection_v1,web_sql_injection_v1__run_001,initial_access,T1190,13,4,1.6692,0.9888,0.0322,44435.12,20508.52,0.7656,52,24,0.4837,0.9697,0.7212,0.1767,1.2513,3,6,1,0,3,0,2.1144,854.52,219.29,1272.77,9609.04,9502.31,2,0.0,4.5554,0,0
2026-09-09T15:39:19.802069+00:00,web_sql_injection_v1,web_sql_injection_v1__run_001,initial_access,T1190,11,3,1.4354,1.0,0.0,36392.77,23159.03,0.6939,55,35,0.4337,0.7666,0.7085,0.0742,0.931,2,5,1,0,2,0,1.5422,661.69,200.24,1084.1,8243.63,9131.43,1,0.0021,3.9285,0,0
2026-09-09T15:39:24.802069+00:00,web_sql_injection_v1,web_sql_injection_v1__run_001,initial_access,T1190,8,4,1.8113,1.0,0.0,11348.25,5674.13,0.7585,16,8,0.2919,0.6449,0.6049,0.1103,0.9356,1,4,0,0,2,0,1.9086,709.27,240.72,1135.69,6017.62,8794.47,1,0.0,4.9749,0,1
2026-09-09T15:39:29.802069+00:00,web_sql_injection_v1,web_sql_injection_v1__run_001,initial_access,T1190,8,3,1.4056,0.9787,0.0021,25061.17,15036.7,0.7772,40,24,0.9565,2.6869,0.7367,0.2001,1.3371,1,3,0,0,1,0,1.606,626.53,185.84,1080.46,8898.6,8542.34,0,0.0,3.2854,0,0
2026-09-09T15:39:34.802069+00:00,web_sql_injection_v1,web_sql_injection_v1__run_001,initial_access,T1190,9,4,1.8911,1.0,0.0,49199.13,31237.54,0.736,63,40,0.5383,1.1017,0.8368,0.2024,1.4439,1,4,0,0,2,0,1.5499,780.94,301.15,1321.31,8890.56,9302.06,1,0.0077,3.8844,0,0
2026-09-09T15:39:39.802069+00:00,web_sql_injection_v1,web_sql_injection_v1__run_001,initial_access,T1190,3,3,1.585,1.0,0.0,8554.32,5702.88,0.7848,12,8,0.9177,1.4796,0.8994,0.2696,1.7081,0,1,0,0,0,0,1.4276,712.86,90.12,834.67,7202.44,6020.31,0,0.0123,4.9338,0,0
2026-09-09T15:39:44.802069+00:00,web_sql_injection_v1,web_sql_injection_v1__run_001,initial_access,T1190,10,4,1.971,0.9655,0.0313,49260.15,25451.08,0.685,60,31,0.8749,1.3491,0.6434,0.1651,1.1385,2,5,1,0,2,0,1.9201,821.0,461.95,1910.55,9787.29,8380.43,1,0.0721,4.2077,0,0
2026-09-09T15:39:49.802069+00:00,web_sql_injection_v1,web_sql_injection_v1__run_001,initial_access,T1190,10,4,1.8464,1.0,0.0,21280.51,9930.9,0.7767,30,14,0.4404,0.5503,0.6203,0.0982,0.9148,1,4,1,0,2,0,2.0129,709.35,250.93,1092.33,8075.51,8955.56,1,0.0484,3.8197,0,0
2026-09-09T15:39:54.802069+00:00,web_sql_injection_v1,web_sql_injection_v1__run_001,initial_access,T1190,9,4,1.6577,1.0,0.0034,33660.19,20196.12,0.8131,45,27,0.3761,0.69,0.8579,0.2489,1.6045,1,4,1,0,2,0,1.6081,748.0,256.08,1237.65,9956.04,9583.81,1,0.0113,4.2486,0,0
2026-09-09T15:39:59.802069+00:00,web_sql_injection_v1,web_sql_injection_v1__run_001,initial_access,T1190,9,4,1.6577,1.0,0.0,5933.18,2636.97,0.8509,9,4,0.4406,0.8251,0.6273,0.156,1.0953,1,4,0,0,2,0,2.1359,659.24,186.55,1083.73,8574.47,10150.07,1,0.0,4.3873,0,0
2026-09-09T15:40:04.802069+00:00,web_sql_injection_v1,web_sql_injection_v1__run_001,initial_access,T1190,2,2,1.0,0.9819,0.0048,5484.55,3656.37,0.7523,6,4,0.5536,0.9384,0.7725,0.1607,1.2545,0,1,0,0,0,0,1.2409,914.09,232.29,1146.38,6807.12,8456.85,0,0.0,3.3681,0,0
2026-09-09T15:40:09.802069+00:00,web_sql_injection_v1,web_sql_injection_v1__run_001,initial_access,T1190,9,4,1.9749,0.9892,0.0248,13207.84,7337.69,0.7199,18,10,0.4057,0.8606,0.8101,0.1943,1.393,1,4,0,0,2,0,1.7823,733.77,173.97,1028.8,8813.59,5421.75,1,0.0128,3.1574,0,0
2026-09-09T15:40:14.802069+00:00,web_sql_injection_v1,web_sql_injection_v1__run_001,initial_access,T1190,7,3,1.3788,0.9834,0.0055,40425.3,23925.18,0.6542,49,29,0.4152,0.607,0.7512,0.1196,1.11,1,3,0,0,1,0,1.6371,825.01,418.14,1433.26,9148.27,6804.29,0,0.0117,4.3009,0,0
2026-09-09T15:40:19.802069+00:00,web_sql_injection_v1,web_sql_injection_v1__run_001,initial_access,T1190,7,4,1.8424,1.0,0.0,32248.43,21882.86,0.6696,56,38,0.5113,1.0093,0.5898,0.1667,1.0899,1,3,0,0,1,0,1.4511,575.86,142.39,831.33,8130.9,7663.5,0,0.0307,4.6644,0,0
2026-09-09T15:40:24.802069+00:00,web_sql_injection_v1,web_sql_injection_v1__run_001,initial_access,T1190,8,4,1.75,1.0,0.0,42709.6,19829.46,0.7226,56,26,0.9243,1.5545,0.6347,0.1789,1.1715,1,4,0,0,2,0,2.1508,762.67,282.27,1254.23,9173.12,9707.79,1,0.003,4.5226,0,0
2026-09-09T15:40:29.802069+00:00,web_sql_injection_v1,web_sql_injection_v1__run_001,initial_access,T1190,2,2,1.0,1.0,0.0057,4757.71,2378.86,0.7952,8,4,0.7218,1.6722,0.7293,0.2073,1.3513,0,0,0,0,0,0,1.7459,594.71,66.42,661.14,7126.53,7713.72,0,0.0561,5.0246,0,0
2026-09-09T15:40:34.802069+00:00,web_sql_injection_v1,web_sql_injection_v1__run_001,initial_access,T1190,8,4,1.9056,0.9844,0.015,25194.64,13384.65,0.6662,32,17,0.8121,1.36,0.5816,0.1427,1.0097,1,4,0,0,2,0,1.8549,787.33,368.1,1641.37,9074.09,8733.32,1,0.0459,4.2249,0,0
2026-09-09T15:40:39.802069+00:00,web_sql_injection_v1,web_sql_injection_v1__run_001,initial_access,T1190,15,4,1.9656,1.0,0.0206,62731.87,39033.17,0.7924,90,56,0.3212,0.5188,0.4747,0.1295,0.8632,3,7,1,0,3,0,1.5939,697.02,168.6,1027.61,8478.14,6492.34,2,0.0388,3.5492,0,1
2026-09-09T15:40:44.802069+00:00,web_sql_injection_v1,web_sql_injection_v1__run_001,initial_access,T1190,15,4,1.8892,0.9791,0.043,48149.63,22469.83,0.6725,75,35,0.7222,1.0702,0.5593,0.0736,0.7802,2,7,1,0,3,0,2.1117,642.0,221.14,1214.97,6406.06,7554.09,2,0.0203,3.9263,0,0
2026-09-09T15:40:49.802069+00:00,web_sql_injection_v1,web_sql_injection_v1__run_001,initial_access,T1190,4,3,1.5,0.9918,0.0021,11499.65,5174.84,0.7873,20,9,0.7264,1.7184,0.6405,0.0741,0.8629,0,2,0,0,1,0,2.0024,574.98,174.83,789.36,8046.95,9388.11,0,0.0,3.6809,0,0
2026-09-09T15:40:54.802069+00:00,web_sql_injection_v1,web_sql_injection_v1__run_001,initial_access,T1190,15,4,1.9656,0.9854,0.0099,29959.15,17309.73,0.7725,45,26,0.5466,0.6585,0.6881,0.0704,0.8994,3,7,1,1,4,0,1.7078,665.76,201.31,1102.13,7587.25,8813.39,2,0.0398,4.3078,0,0
2026-09-09T15:40:59.802069+00:00,web_sql_injection_v1,web_sql_injection_v1__run_001,initial_access,T1190,5,2,0.971,1.0,0.0,26497.93,15898.76,0.7249,35,21,0.8364,1.7141,0.6273,0.1793,1.1651,0,2,0,0,1,0,1.6629,757.08,134.65,892.36,7873.47,8916.24,0,0.0,3.6812,0,0
2026-09-09T15:41:04.802069+00:00,web_sql_injection_v1,web_sql_injection_v1__run_001,initial_access,T1190,6,4,1.9183,1.0,0.0073,19043.1,9521.55,0.8017,30,15,0.8881,1.8126,0.7899,0.1269,1.1707,1,2,0,0,1,0,1.883,634.77,137.05,828.2,8454.06,8636.11,0,0.0494,4.2735,0,0
2026-09-09T15:41:09.802069+00:00,web_sql_injection_v1,web_sql_injection_v1__run_001,initial_access,T1190,4,3,1.5,0.9749,0.0679,21047.03,12277.44,0.6951,24,14,0.7862,1.2803,0.5783,0.1481,1.0226,0,2,0,0,0,0,1.604,876.96,80.09,1002.47,8395.05,9199.98,0,0.0,3.6822,0,0
2026-09-09T15:41:14.802069+00:00,web_sql_injection_v1,web_sql_injection_v1__run_001,initial_access,T1190,5,3,1.5219,0.9818,0.0548,20050.45,10426.23,0.7643,25,13,0.7498,1.3285,0.9438,0.2457,1.6809,0,2,0,0,1,0,1.8486,802.02,290.39,1235.53,7729.64,7785.64,0,0.0251,4.1675,0,0
2026-09-09T15:41:19.802069+00:00,web_sql_injection_v1,web_sql_injection_v1__run_001,initial_access,T1190,7,4,1.6645,1.0,0.0,39265.59,16026.77,0.7693,49,20,0.8474,1.2931,0.6982,0.0853,0.9539,1,3,0,0,1,0,2.37,801.34,173.05,1058.63,8274.01,6308.23,0,0.0364,4.6296,0,0
2026-09-09T15:41:24.802069+00:00,web_sql_injection_v1,web_sql_injection_v1__run_001,initial_access,T1190,10,4,1.571,1.0,0.0,39695.26,25801.92,0.7777,60,39,0.6397,0.9474,0.589,0.0812,0.8327,1,4,1,0,2,0,1.5308,661.59,201.71,916.14,6910.67,8841.19,1,0.0001,4.3861,0,0
2026-09-09T15:41:29.802069+00:00,web_sql_injection_v1,web_sql_injection_v1__run_001,initial_access,T1190,8,4,1.9056,1.0,0.0047,24560.53,20262.44,0.6836,40,33,0.4218,1.0995,0.6802,0.1194,1.0383,1,3,1,0,1,0,1.1994,614.01,136.02,786.13,9296.15,7441.04,0,0.0926,3.3008,0,0
2026-09-09T15:41:34.802069+00:00,web_sql_injection_v1,web_sql_injection_v1__run_001,initial_access,T1190,4,4,2.0,1.0,0.0,31861.25,19249.5,0.8088,48,29,0.5647,1.1694,0.8066,0.155,1.2717,0,2,0,0,1,0,1.6504,663.78,154.61,907.95,8345.71,9222.11,0,0.0,4.4287,0,0
2026-09-09T15:41:39.802069+00:00,web_sql_injection_v1,web_sql_injection_v1__run_001,initial_access,T1190,8,4,1.9056,0.9569,0.0707,54490.25,29969.64,0.7391,80,44,0.8221,2.1054,0.637,0.0807,0.8791,1,4,0,0,2,0,1.809,681.13,236.64,1034.86,6083.96,7448.77,1,0.0166,3.8564,0,0
2026-09-09T15:41:44.802069+00:00,web_sql_injection_v1,web_sql_injection_v1__run_001,initial_access,T1190,5,3,1.5219,0.9868,0.0235,16248.02,12456.81,0.7516,30,23,0.522,0.8843,0.6542,0.1382,1.069,0,2,0,0,1,0,1.2857,541.6,66.5,642.36,8613.58,8523.68,0,0.0829,3.955,0,0
2026-09-09T15:41:49.802069+00:00,web_sql_injection_v1,web_sql_injection_v1__run_001,initial_access,T1190,6,3,1.4591,0.9588,0.0288,19937.37,9304.11,0.7847,30,14,0.4732,1.1299,0.6664,0.0809,0.9092,1,2,0,0,1,0,2.0849,664.58,214.63,965.58,6789.77,7991.39,0,0.0,4.0127,0,0
2026-09-09T15:41:54.802069+00:00,web_sql_injection_v1,web_sql_injection_v1__run_001,initial_access,T1190,8,4,1.9056,0.9847,0.0417,33110.63,17245.12,0.7887,48,25,0.8047,1.4497,0.5921,0.0618,0.7774,1,4,0,0,2,0,1.8591,689.8,185.64,1083.32,8979.79,7566.16,1,0.0328,4.3449,0,0
2026-09-09T15:41:59.802069+00:00,web_sql_injection_v1,web_sql_injection_v1__run_001,initial_access,T1190,12,4,1.8879,1.0,0.0,44924.14,22462.07,0.7493,60,30,0.4904,1.028,0.5899,0.1459,1.0276,1,6,1,0,3,0,1.9643,748.74,351.28,1609.84,9086.82,8347.22,1,0.0568,4.0377,0,1
2026-09-09T15:42:04.802069+00:00,web_sql_injection_v1,web_sql_injection_v1__run_001,initial_access,T1190,12,3,1.5,0.9949,0.0122,63768.99,23913.37,0.6393,96,36,0.5263,1.4495,0.6763,0.0971,0.9675,2,6,0,0,2,0,2.6555,664.26,298.16,1155.56,8702.85,8256.28,1,0.037,4.5014,0,0
2026-09-09T15:42:09.802069+00:00,web_sql_injection_v1,web_sql_injection_v1__run_001,initial_access,T1190,12,4,1.65,0.9977,0.0,65796.18,31070.42,0.7794,108,51,0.7621,0.9488,0.61,0.1203,0.971,2,6,1,0,2,0,2.1115,609.22,230.78,1002.71,9106.22,7140.68,1,0.0558,5.3486,0,0
2026-09-09T15:42:14.802069+00:00,web_sql_injection_v1,web_sql_injection_v1__run_001,initial_access,T1190,7,4,1.8424,1.0,0.0561,19033.58,11963.96,0.7866,35,22,0.5861,1.634,0.6018,0.0666,0.8016,1,3,0,0,1,0,1.574,543.82,98.73,669.74,8134.15,9643.82,0,0.0688,4.0528,0,0
2026-09-09T15:42:19.802069+00:00,web_sql_injection_v1,web_sql_injection_v1__run_001,initial_access,T1190,6,4,1.9183,0.9952,0.029,30663.65,9653.37,0.7854,54,17,0.76,1.8855,0.6225,0.1344,1.0257,1,2,0,0,1,0,3.0074,567.85,230.48,1036.82,7918.73,8522.36,0,0.0344,4.5442,0,0
2026-09-09T15:42:24.802069+00:00,web_sql_injection_v1,web_sql_injection_v1__run_001,initial_access,T1190,13,4,1.9501,0.9575,0.0328,55880.45,55880.45,0.6983,91,91,0.4,0.6977,0.5907,0.0895,0.8594,2,6,1,0,3,0,0.9898,614.07,204.39,1058.61,6940.55,7369.19,1,0.0586,3.6121,0,0
2026-09-09T15:42:29.802069+00:00,web_sql_injection_v1,web_sql_injection_v1__run_001,initial_access,T1190,7,3,1.5567,0.9612,0.0,53616.08,28084.61,0.8026,63,33,0.637,1.157,0.5876,0.1724,1.1049,1,3,0,0,1,0,1.8855,851.05,286.94,1242.06,8629.66,8377.23,0,0.0,4.2575,0,0
2026-09-09T15:42:34.802069+00:00,web_sql_injection_v1,web_sql_injection_v1__run_001,initial_access,T1190,9,3,1.585,1.0,0.0,48165.12,19877.67,0.7581,63,26,0.5378,0.7441,0.786,0.1143,1.129,2,4,0,0,2,0,2.3844,764.53,405.75,1760.48,9678.76,8038.59,1,0.0,4.8655,0,0
2026-09-09T15:42:39.802069+00:00,web_sql_injection_v1,web_sql_injection_v1__run_001,initial_access,T1190,8,4,1.8113,0.9905,0.0331,16113.41,10742.28,0.8699,24,16,0.3303,0.6124,0.7292,0.1498,1.1786,1,3,1,0,1,0,1.4364,671.39,192.46,1075.36,7048.0,8470.84,0,0.0234,4.0325,0,0
2026-09-09T15:42:44.802069+00:00,web_sql_injection_v1,web_sql_injection_v1__run_001,initial_access,T1190,12,4,1.7842,0.9919,0.0006,45795.36,28240.47,0.7724,60,37,0.6884,0.8874,0.6145,0.1361,1.0227,2,6,1,0,2,0,1.5994,763.26,361.29,1702.39,6770.82,7164.48,1,0.0,4.142,0,1
2026-09-09T15:42:49.802069+00:00,web_sql_injection_v1,web_sql_injection_v1__run_001,initial_access,T1190,6,4,1.7925,1.0,0.015,3978.08,1989.04,0.7989,6,3,0.7074,0.897,0.6558,0.1523,1.1127,1,2,0,0,1,0,1.6291,663.01,69.12,790.34,6628.62,8669.52,0,0.0759,4.0908,0,0
2026-09-09T15:42:54.802069+00:00,web_sql_injection_v1,web_sql_injection_v1__run_001,initial_access,T1190,7,3,1.5567,1.0,0.0529,25709.15,12487.3,0.8165,35,17,0.5107,0.7914,0.7449,0.1137,1.086,1,3,0,0,1,0,2.013,734.55,248.59,1042.61,7985.66,6742.33,0,0.0077,4.6224,0,0
2026-09-09T15:42:59.802069+00:00,web_sql_injection_v1,web_sql_injection_v1__run_001,initial_access,T1190,4,2,0.8113,0.9911,0.0225,5857.56,2928.78,0.7724,8,4,0.5737,0.874,0.4696,0.0665,0.6691,0,1,0,0,0,0,1.8343,732.2,314.04,1260.94,9453.04,7145.41,0,0.061,4.2269,0,0
2026-09-09T15:43:04.802069+00:00,web_sql_injection_v1,web_sql_injection_v1__run_001,initial_access,T1190,10,4,1.8464,0.9834,0.0138,49806.0,24191.49,0.7733,70,34,0.5769,1.6794,0.6489,0.1351,1.0543,2,4,1,0,2,0,2.0113,711.51,189.6,1047.47,6912.38,7241.06,1,0.0,4.2094,0,0
2026-09-09T15:43:09.802069+00:00,web_sql_injection_v1,web_sql_injection_v1__run_001,initial_access,T1190,9,4,1.8911,1.0,0.0036,27500.88,24445.23,0.673,36,32,0.7124,0.9087,0.8081,0.1321,1.2045,2,4,0,0,2,0,1.0967,763.91,228.06,1140.15,9208.57,7333.08,1,0.0,3.6355,0,0
2026-09-09T15:43:14.802069+00:00,web_sql_injection_v1,web_sql_injection_v1__run_001,initial_access,T1190,7,3,1.3788,1.0,0.0,18910.85,10806.2,0.7706,35,20,0.4254,0.6705,0.6339,0.0727,0.8521,1,3,0,0,1,0,1.7146,540.31,216.86,880.89,6539.36,8377.21,0,0.0,4.6651,0,0
2026-09-09T15:43:19.802069+00:00,web_sql_injection_v1,web_sql_injection_v1__run_001,initial_access,T1190,8,4,1.8113,0.9734,0.0545,64026.12,29102.78,0.7392,88,40,0.7727,2.1918,0.6602,0.1873,1.2221,1,4,0,0,2,0,2.1804,727.57,202.48,1057.42,6172.24,7346.43,1,0.0,3.3767,0,0
2026-09-09T15:43:24.802069+00:00,web_sql_injection_v1,web_sql_injection_v1__run_001,initial_access,T1190,13,3,1.5262,1.0,0.0,69904.59,41481.84,0.6443,91,54,0.3737,0.7674,0.5621,0.0978,0.8554,2,6,1,0,3,0,1.6568,768.18,145.83,1107.75,9244.88,8538.26,1,0.0676,4.3034,0,0
2026-09-09T15:43:29.802069+00:00,web_sql_injection_v1,web_sql_injection_v1__run_001,initial_access,T1190,9,4,1.6577,1.0,0.0034,29401.97,19601.31,0.7256,45,30,0.7022,2.0227,0.6646,0.1868,1.225,1,4,0,0,2,0,1.4674,653.38,147.73,888.54,10218.42,9865.09,1,0.0237,3.4897,0,0
2026-09-09T15:43:34.802069+00:00,web_sql_injection_v1,web_sql_injection_v1__run_001,initial_access,T1190,9,3,1.3516,0.9531,0.0557,74110.59,29507.0,0.7241,108,43,0.6864,1.6413,0.7458,0.1568,1.2163,1,4,0,0,2,0,2.4714,686.21,228.38,1021.92,8997.61,8513.98,1,0.0008,4.5484,0,0
2026-09-09T15:43:39.802069+00:00,web_sql_injection_v1,web_sql_injection_v1__run_001,initial_access,T1190,5,4,1.9219,0.9846,0.0377,22905.08,10689.04,0.7043,30,14,0.7053,1.9096,0.7957,0.2255,1.4721,1,2,0,0,1,0,2.0534,763.5,164.97,985.51,7716.18,6792.34,0,0.0764,4.3831,0,0
2026-09-09T15:43:44.802069+00:00,web_sql_injection_v1,web_sql_injection_v1__run_001,initial_access,T1190,3,2,0.9183,0.9849,0.0126,11929.8,6817.03,0.8081,21,12,0.372,0.4999,0.7291,0.1792,1.2666,0,1,0,0,0,0,1.6822,568.09,142.79,762.31,9596.16,9753.11,0,0.0062,3.2337,0,0
2026-09-09T15:43:49.802069+00:00,web_sql_injection_v1,web_sql_injection_v1__run_001,initial_access,T1190,7,4,1.8424,1.0,0.014,40595.73,28996.95,0.6854,63,45,0.4575,0.7353,0.7226,0.0726,0.9402,1,3,0,0,1,0,1.3989,644.38,215.54,894.38,8854.0,8195.2,0,0.0357,4.429,0,0
2026-09-09T15:43:54.802069+00:00,web_sql_injection_v1,web_sql_injection_v1__run_001,initial_access,T1190,7,4,1.9502,0.927,0.0739,45885.8,32775.57,0.6847,63,45,0.7427,1.823,0.6784,0.1192,1.0361,1,3,0,0,1,0,1.3997,728.35,211.68,1042.24,7428.83,7948.31,0,0.0176,4.106,0,0
2026-09-09T15:43:59.802069+00:00,web_sql_injection_v1,web_sql_injection_v1__run_001,initial_access,T1190,11,4,1.7899,0.9544,0.0718,35283.53,27264.54,0.7269,44,34,0.7854,1.5174,0.4825,0.0593,0.6605,2,5,1,0,3,0,1.2633,801.9,304.39,1489.43,7440.72,10030.81,2,0.0624,3.6485,0,0
2026-09-09T15:44:04.802069+00:00,web_sql_injection_v1,web_sql_injection_v1__run_001,initial_access,T1190,8,3,1.2988,0.9932,0.0352,20730.9,10365.45,0.6993,32,16,0.4438,0.5717,0.6627,0.142,1.0886,1,3,0,0,2,0,1.9617,647.84,201.01,965.74,8226.01,9347.44,1,0.0,4.5285,0,0
2026-09-09T15:44:09.802069+00:00,web_sql_injection_v1,web_sql_injection_v1__run_001,initial_access,T1190,6,3,1.4591,0.9954,0.0333,32251.54,15453.86,0.7399,48,23,0.4626,0.7617,0.5835,0.1573,1.0555,1,2,0,0,1,0,2.0575,671.91,291.85,1237.61,8598.03,6955.84,0,0.0604,2.7446,0,0
2026-09-09T15:44:14.802069+00:00,web_sql_injection_v1,web_sql_injection_v1__run_001,initial_access,T1190,6,4,1.9183,0.9348,0.0952,18179.24,6817.21,0.6348,24,9,0.7691,0.9711,0.7721,0.1884,1.3374,0,2,0,0,1,0,2.4082,757.47,223.35,1161.09,8279.96,9252.95,0,0.0491,4.2282,0,0
2026-09-09T15:44:19.802069+00:00,web_sql_injection_v1,web_sql_injection_v1__run_001,initial_access,T1190,11,4,1.9808,1.0,0.0135,33612.33,22153.58,0.7344,44,29,1.1974,2.5001,0.7401,0.1629,1.2287,1,5,1,0,2,0,1.4838,763.92,216.46,1015.17,7914.65,7327.2,1,0.0325,4.223,0,2
2026-09-09T15:44:24.802069+00:00,web_sql_injection_v1,web_sql_injection_v1__run_001,initial_access,T1190,3,2,0.9183,0.9975,0.0,9124.64,5474.78,0.755,15,9,1.0195,1.6848,0.6822,0.0887,0.9483,0,1,0,0,0,0,1.5357,608.31,296.23,1022.21,7458.57,8338.98,0,0.0013,3.3145,0,0
2026-09-09T15:44:29.802069+00:00,web_sql_injection_v1,web_sql_injection_v1__run_001,initial_access,T1190,10,3,1.571,1.0,0.0074,45576.92,23548.07,0.7396,60,31,0.3065,0.5568,0.6984,0.1052,1.014,2,5,0,0,2,0,1.9199,759.62,248.59,1192.74,9384.26,9897.7,1,0.0106,3.7017,0,0
2026-09-09T15:44:34.802069+00:00,web_sql_injection_v1,web_sql_injection_v1__run_001,initial_access,T1190,3,2,0.9183,1.0,0.0143,11497.21,7026.07,0.7552,18,11,0.8108,1.8577,0.6722,0.116,1.0203,0,1,0,0,0,0,1.5904,638.73,105.46,772.41,8530.28,7694.03,0,0.0428,4.5804,0,0
2026-09-09T15:44:39.802069+00:00,web_sql_injection_v1,web_sql_injection_v1__run_001,initial_access,T1190,8,3,1.4056,0.9862,0.0,20193.07,12620.67,0.838,24,15,0.6406,1.6653,0.8735,0.189,1.4406,1,4,0,0,2,0,1.5458,841.38,314.58,1231.3,8181.19,8407.22,1,0.0206,3.2262,0,0
2026-09-09T15:44:44.802069+00:00,web_sql_injection_v1,web_sql_injection_v1__run_001,initial_access,T1190,5,2,0.971,1.0,0.0,15961.61,11173.13,0.7455,30,21,0.8988,2.126,0.8493,0.1694,1.3574,0,2,0,0,1,0,1.3899,532.05,34.34,587.95,7716.86,6906.0,0,0.0136,3.1531,0,0
2026-09-09T15:44:49.802069+00:00,web_sql_injection_v1,web_sql_injection_v1__run_001,initial_access,T1190,7,3,1.5567,1.0,0.0,23184.91,10598.81,0.8348,35,16,0.5202,0.9381,0.5309,0.1239,0.9027,1,3,0,0,1,0,2.1242,662.43,181.83,1009.83,7993.5,7580.03,0,0.0,3.5489,0,0
2026-09-09T15:44:54.802069+00:00,web_sql_injection_v1,web_sql_injection_v1__run_001,initial_access,T1190,8,3,1.2988,0.9908,0.0337,32682.54,15660.38,0.7501,48,23,0.922,1.5035,0.7869,0.1748,1.3114,1,4,0,0,2,0,2.0737,680.89,174.69,999.79,7348.19,9192.48,1,0.0044,2.857,0,0
2026-09-09T15:44:59.802069+00:00,web_sql_injection_v1,web_sql_injection_v1__run_001,initial_access,T1190,7,4,1.8424,1.0,0.0,32277.34,19761.63,0.7298,49,30,0.6263,1.2943,0.6063,0.0887,0.8724,1,3,0,0,1,0,1.6248,658.72,157.55,898.82,8489.99,8761.35,0,0.0272,4.4921,0,0
2026-09-09T15:45:04.802069+00:00,web_sql_injection_v1,web_sql_injection_v1__run_001,initial_access,T1190,3,2,0.9183,1.0,0.0,10088.61,5380.59,0.7113,15,8,0.7543,0.9183,0.6333,0.1293,1.0212,0,1,0,0,0,0,1.7597,672.57,57.97,754.51,7795.9,8535.55,0,0.0,4.1332,0,0
2026-09-09T15:45:09.802069+00:00,web_sql_injection_v1,web_sql_injection_v1__run_001,initial_access,T1190,11,4,1.6172,0.9941,0.0,38683.83,23913.64,0.8264,55,34,0.3695,1.0416,0.706,0.082,0.9521,1,5,1,0,2,0,1.5858,703.34,225.7,1080.79,8118.83,8289.23,1,0.0559,4.1874,0,0
2026-09-09T15:45:14.802069+00:00,web_sql_injection_v1,web_sql_injection_v1__run_001,initial_access,T1190,11,4,1.9363,1.0,0.0,61535.8,29835.54,0.779,66,32,0.6792,1.0622,0.6396,0.1444,1.0727,2,5,1,0,2,0,2.0088,932.36,524.79,2281.4,8927.96,8187.28,1,0.0444,4.432,0,0
2026-09-09T15:45:19.802069+00:00,web_sql_injection_v1,web_sql_injection_v1__run_001,initial_access,T1190,9,4,1.8911,1.0,0.0047,71553.9,33970.03,0.7294,99,47,0.8497,2.0701,0.6487,0.1591,1.126,2,4,0,0,2,0,2.0799,722.77,238.89,1235.25,9714.98,10228.92,1,0.0,3.0531,0,0
2026-09-09T15:45:24.802069+00:00,web_sql_injection_v1,web_sql_injection_v1__run_001,initial_access,T1190,4,3,1.5,0.9953,0.0,12370.15,8659.11,0.704,20,14,0.7582,2.0453,0.5262,0.1321,0.9225,0,1,0,0,0,0,1.347,618.51,237.08,871.86,7576.41,9315.05,0,0.0774,3.2963,0,0
2026-09-09T15:45:29.802069+00:00,web_sql_injection_v1,web_sql_injection_v1__run_001,initial_access,T1190,9,4,1.6577,1.0,0.0,42049.51,17353.77,0.8022,63,26,0.806,2.1575,0.6068,0.1512,1.0605,1,4,0,0,2,0,2.3806,667.45,281.1,1367.43,10131.82,11105.14,1,0.0,4.162,0,0
2026-09-09T15:45:34.802069+00:00,web_sql_injection_v1,web_sql_injection_v1__run_001,initial_access,T1190,6,3,1.4591,1.0,0.0324,29236.04,11694.42,0.7506,30,12,0.4327,1.0323,0.7331,0.1214,1.0972,1,3,0,0,1,0,2.3945,974.53,307.34,1452.91,9214.2,8538.41,0,0.0123,4.2578,0,0
2026-09-09T15:45:39.802069+00:00,web_sql_injection_v1,web_sql_injection_v1__run_001,initial_access,T1190,9,4,1.8911,0.9848,0.0037,42463.52,21568.77,0.7188,63,32,0.4561,1.1477,0.7552,0.1298,1.1445,1,4,0,0,2,0,1.9501,674.02,183.84,1122.22,9617.77,7159.83,1,0.0587,3.7839,0,0
2026-09-09T15:45:44.802069+00:00,web_sql_injection_v1,web_sql_injection_v1__run_001,initial_access,T1190,15,4,1.8892,0.9165,0.0733,87871.42,80339.58,0.8313,105,96,0.7053,0.8908,0.8207,0.2439,1.5524,2,7,1,0,3,0,1.0859,836.87,230.77,1309.25,6319.24,9593.04,1,0.0335,3.6613,0,0
2026-09-09T15:45:49.802069+00:00,web_sql_injection_v1,web_sql_injection_v1__run_001,initial_access,T1190,8,4,1.8113,0.9982,0.0,34719.56,22423.05,0.7002,48,31,0.5635,1.1666,0.5635,0.0771,0.7947,1,4,0,0,2,0,1.5016,723.32,239.32,1152.15,8469.58,8432.24,1,0.0195,3.236,0,0
2026-09-09T15:45:54.802069+00:00,web_sql_injection_v1,web_sql_injection_v1__run_001,initial_access,T1190,9,4,1.8911,0.9866,0.0441,36459.48,21605.62,0.7096,54,32,0.9317,1.6614,0.5668,0.1218,0.9322,1,4,0,0,2,0,1.6866,675.18,193.18,955.01,7432.02,8211.47,1,0.0436,4.4305,0,0
2026-09-09T15:45:59.802069+00:00,web_sql_injection_v1,web_sql_injection_v1__run_001,initial_access,T1190,6,2,1.0,1.0,0.0188,14528.43,7869.57,0.7837,24,13,0.611,1.3892,0.9079,0.1011,1.2114,1,2,0,0,1,0,1.8146,605.35,90.45,726.91,6899.97,7573.66,0,0.014,4.2508,0,0
2026-09-09T15:46:04.802069+00:00,web_sql_injection_v1,web_sql_injection_v1__run_001,initial_access,T1190,5,2,0.971,0.9946,0.008,18270.01,6577.2,0.7071,25,9,0.6835,1.9344,0.7811,0.1495,1.2296,1,2,0,0,1,0,2.6845,730.8,171.1,930.0,7736.2,7256.91,0,0.0372,3.7244,0,0
2026-09-09T15:46:09.802069+00:00,web_sql_injection_v1,web_sql_injection_v1__run_001,initial_access,T1190,8,4,1.8113,1.0,0.0181,37273.51,23295.94,0.8689,56,35,0.6337,1.0458,0.6662,0.0899,0.9358,1,4,0,0,1,0,1.5669,665.6,234.46,1134.2,7283.32,8210.26,0,0.0,3.4873,0,0
2026-09-09T15:46:14.802069+00:00,web_sql_injection_v1,web_sql_injection_v1__run_001,initial_access,T1190,2,2,1.0,1.0,0.0,12257.12,9192.84,0.6016,20,15,0.8364,2.3217,0.5345,0.0611,0.7178,0,1,0,0,0,0,1.3036,612.86,182.05,794.91,8034.89,8227.32,0,0.0619,3.3053,0,0
2026-09-09T15:46:19.802069+00:00,web_sql_injection_v1,web_sql_injection_v1__run_001,initial_access,T1190,15,4,1.9329,0.9312,0.078,20976.78,11187.62,0.7845,30,16,0.532,1.0241,0.5021,0.0548,0.6664,2,7,1,0,3,0,1.8452,699.23,211.4,1204.93,9011.65,7771.7,1,0.0,3.4985,0,0
2026-09-09T15:46:24.802069+00:00,web_sql_injection_v1,web_sql_injection_v1__run_001,initial_access,T1190,6,4,1.9183,0.9517,0.022,17169.86,9300.34,0.799,24,13,0.8008,1.7696,0.6164,0.0632,0.8059,1,2,0,0,1,0,1.8221,715.41,122.78,881.89,9751.36,7075.9,0,0.0307,3.7982,0,1
2026-09-09T15:46:29.802069+00:00,web_sql_injection_v1,web_sql_injection_v1__run_001,initial_access,T1190,17,4,1.9542,0.9933,0.0035,40946.21,21075.25,0.7621,68,35,0.676,1.4915,0.5072,0.1415,0.9316,3,8,1,0,3,0,1.9217,602.15,219.03,986.78,7066.05,7446.19,1,0.0217,3.7633,0,1
2026-09-09T15:46:34.802069+00:00,web_sql_injection_v1,web_sql_injection_v1__run_001,initial_access,T1190,9,4,1.6577,0.9905,0.0,69176.81,36335.29,0.7158,99,52,0.687,1.9875,0.6165,0.1668,1.1169,1,4,0,0,2,0,1.8728,698.76,231.22,1082.85,8419.32,8124.55,1,0.014,2.6654,0,0
2026-09-09T15:46:39.802069+00:00,web_sql_injection_v1,web_sql_injection_v1__run_001,initial_access,T1190,6,4,1.7925,0.9779,0.0392,21369.85,19589.03,0.8102,36,33,0.7594,0.9437,0.7184,0.1195,1.0768,1,2,0,0,1,0,1.0665,593.61,259.97,1087.59,7151.31,6375.64,0,0.0429,3.3436,0,0
2026-09-09T15:46:44.802069+00:00,web_sql_injection_v1,web_sql_injection_v1__run_001,initial_access,T1190,7,3,1.3788,0.9781,0.0142,27425.03,15671.45,0.8258,35,20,0.4444,1.0277,0.7539,0.2125,1.3914,1,3,0,0,1,0,1.675,783.57,158.12,1114.16,8316.54,8365.37,0,0.0043,3.5498,0,0
2026-09-09T15:46:49.802069+00:00,web_sql_injection_v1,web_sql_injection_v1__run_001,initial_access,T1190,13,4,1.8262,1.0,0.002,18390.86,9902.77,0.7322,26,14,0.6855,0.9801,0.7858,0.1979,1.3794,2,6,1,0,3,0,1.8259,707.34,259.22,1200.49,5779.76,7593.3,2,0.0331,3.7731,0,0
2026-09-09T15:46:54.802069+00:00,web_sql_injection_v1,web_sql_injection_v1__run_001,initial_access,T1190,7,4,1.9502,0.9938,0.0,34656.11,19184.63,0.7714,56,31,0.5823,1.4437,0.5037,0.0837,0.7548,1,3,0,0,1,0,1.7653,618.86,188.69,1029.19,9518.5,7565.44,0,0.0134,4.3598,0,0
2026-09-09T15:46:59.802069+00:00,web_sql_injection_v1,web_sql_injection_v1__run_001,initial_access,T1190,8,3,1.5613,0.9672,0.0427,34092.67,24148.97,0.7642,48,34,0.6768,1.2393,0.7252,0.2104,1.3564,1,4,0,0,1,0,1.4011,710.26,337.81,1577.62,8173.56,8887.66,0,0.0021,3.797,0,0
2026-09-09T15:47:04.802069+00:00,web_sql_injection_v1,web_sql_injection_v1__run_001,initial_access,T1190,10,4,1.7219,0.9623,0.0215,42696.77,28464.51,0.7029,60,40,0.3255,0.9292,0.5882,0.086,0.8462,1,5,0,0,2,0,1.4835,711.61,98.54,886.79,9214.26,6897.15,1,0.0,4.0695,0,0
2026-09-09T15:47:09.802069+00:00,web_sql_injection_v1,web_sql_injection_v1__run_001,initial_access,T1190,2,2,1.0,0.9468,0.0503,9231.19,6593.71,0.8164,14,10,0.3561,0.762,0.5619,0.1518,1.0174,0,0,0,0,0,0,1.2988,659.37,29.2,688.57,6474.38,9661.99,0,0.0755,4.4008,0,0
2026-09-09T15:47:14.802069+00:00,web_sql_injection_v1,web_sql_injection_v1__run_001,initial_access,T1190,9,4,1.8366,1.0,0.0,6124.37,2721.94,0.7726,9,4,0.5281,1.0905,0.682,0.0686,0.8879,1,4,0,0,1,0,1.9911,680.49,155.98,982.62,6199.82,7150.15,0,0.0514,3.5872,0,0
2026-09-09T15:47:19.802069+00:00,web_sql_injection_v1,web_sql_injection_v1__run_001,initial_access,T1190,8,3,1.4056,1.0,0.0,34911.01,21819.38,0.7656,48,30,0.7259,1.7355,0.5923,0.1716,1.1071,1,4,0,0,1,0,1.5508,727.31,287.0,1212.06,9248.91,7774.68,0,0.0216,3.5907,0,0
2026-09-09T15:47:24.802069+00:00,web_sql_injection_v1,web_sql_injection_v1__run_001,initial_access,T1190,6,4,1.9183,1.0,0.0,7050.16,4700.11,0.7649,12,8,0.627,1.7604,0.5868,0.1079,0.9105,1,2,0,0,1,0,1.477,587.51,141.88,861.66,8670.77,7786.06,0,0.0098,3.6316,0,0
2026-09-09T15:47:29.802069+00:00,web_sql_injection_v1,web_sql_injection_v1__run_001,initial_access,T1190,7,3,1.5567,1.0,0.008,30933.25,13257.11,0.7855,35,15,0.3316,0.5119,0.448,0.0903,0.7189,1,3,0,0,1,0,2.2086,883.81,202.82,1135.2,9093.14,7781.59,0,0.0221,3.9345,0,0
2026-09-09T15:47:34.802069+00:00,web_sql_injection_v1,web_sql_injection_v1__run_001,initial_access,T1190,7,3,1.1488,1.0,0.0,49953.7,51737.76,0.705,56,58,0.7337,1.9182,0.7096,0.102,1.0155,1,3,0,0,1,0,0.965,892.03,180.91,1188.69,7571.38,6235.04,0,0.0218,4.2681,0,0
2026-09-09T15:47:39.802069+00:00,web_sql_injection_v1,web_sql_injection_v1__run_001,initial_access,T1190,8,4,1.75,0.9362,0.0338,26999.31,13499.66,0.7162,40,20,0.7589,1.6996,0.8676,0.1117,1.2026,1,4,0,0,2,0,1.9908,674.98,76.41,789.24,7424.99,9370.84,1,0.0409,4.4327,0,0
2026-09-09T15:47:44.802069+00:00,web_sql_injection_v1,web_sql_injection_v1__run_001,initial_access,T1190,7,3,1.5567,0.9978,0.0148,47807.92,22765.68,0.8611,63,30,0.8866,2.2378,0.5731,0.1215,0.9377,1,3,0,0,1,0,2.0533,758.86,225.11,1154.65,7511.8,8848.3,0,0.0,5.1806,0,0
2026-09-09T15:47:49.802069+00:00,web_sql_injection_v1,web_sql_injection_v1__run_001,initial_access,T1190,1,1,-0.0,1.0,0.0363,4229.9,1879.96,0.8734,9,4,0.736,1.4314,0.6808,0.116,1.0288,0,0,0,0,0,0,1.8628,469.99,0.0,469.99,7433.94,9273.64,0,0.0173,4.2629,0,0
2026-09-09T15:47:54.802069+00:00,web_sql_injection_v1,web_sql_injection_v1__run_001,initial_access,T1190,11,4,1.8231,1.0,0.0026,58786.97,50770.57,0.7012,88,76,0.6435,1.8822,0.6389,0.0746,0.8628,2,5,1,0,2,0,1.1494,668.03,169.15,1073.69,8121.09,8207.71,1,0.0706,3.9359,0,0
2026-09-09T15:47:59.802069+00:00,web_sql_injection_v1,web_sql_injection_v1__run_001,initial_access,T1190,4,3,1.5,0.9934,0.0023,12819.27,8973.49,0.7289,20,14,0.4732,0.6595,0.7886,0.1762,1.3172,0,2,0,0,1,0,1.4195,640.96,139.12,856.03,6831.85,9206.56,0,0.0466,3.5602,0,0
2026-09-09T15:48:04.802069+00:00,web_sql_injection_v1,web_sql_injection_v1__run_001,initial_access,T1190,9,3,1.5305,0.9877,0.0,24004.14,16669.54,0.8049,36,25,0.6224,1.4061,0.6192,0.0803,0.8601,1,4,0,0,1,0,1.426,666.78,257.85,1055.18,8507.19,8219.73,0,0.0349,4.1288,0,0
2026-09-09T15:48:09.802069+00:00,web_sql_injection_v1,web_sql_injection_v1__run_001,initial_access,T1190,10,4,1.9219,1.0,0.0,7476.67,3738.33,0.7509,10,5,0.6886,1.6613,0.5918,0.0669,0.7924,2,4,1,0,2,0,1.9001,747.67,215.99,1152.17,9810.67,8573.04,1,0.0,4.1022,0,0
2026-09-09T15:48:14.802069+00:00,web_sql_injection_v1,web_sql_injection_v1__run_001,initial_access,T1190,8,3,1.5613,0.9947,0.022,39937.75,36193.59,0.6995,64,58,0.9733,2.6074,0.7155,0.1082,1.0401,1,3,0,0,1,0,1.0853,624.03,135.2,851.81,8656.45,8452.94,0,0.0494,4.246,0,0
2026-09-09T15:48:19.802069+00:00,web_sql_injection_v1,web_sql_injection_v1__run_001,initial_access,T1190,6,3,1.4591,1.0,0.0168,42329.32,21164.66,0.7771,48,24,0.8808,2.1717,0.7638,0.1954,1.35,1,2,0,0,1,0,1.9506,881.86,302.34,1335.67,8069.99,7442.07,0,0.0136,3.8378,0,0
2026-09-09T15:48:24.802069+00:00,web_sql_injection_v1,web_sql_injection_v1__run_001,initial_access,T1190,7,4,1.8424,1.0,0.0,4847.76,2077.61,0.7539,7,3,0.5371,1.5041,0.6604,0.1815,1.205,1,3,0,0,1,0,1.7856,692.54,250.79,992.96,8493.0,9035.55,0,0.0284,3.929,0,0
2026-09-09T15:48:29.802069+00:00,web_sql_injection_v1,web_sql_injection_v1__run_001,initial_access,T1190,4,3,1.5,0.9924,0.0123,7158.86,3579.43,0.7119,12,6,0.378,1.1015,0.7936,0.1974,1.3857,0,1,0,0,0,0,1.7664,596.57,120.4,772.21,8007.69,7412.05,0,0.0205,3.5539,0,0
2026-09-09T15:48:34.802069+00:00,web_sql_injection_v1,web_sql_injection_v1__run_001,initial_access,T1190,14,4,1.8774,1.0,0.0174,74386.26,41747.39,0.7422,98,55,0.3218,0.581,0.5642,0.0862,0.8228,3,7,1,0,4,0,1.7557,759.04,278.89,1466.26,9181.24,8754.33,3,0.017,3.9514,0,0
2026-09-09T15:48:39.802069+00:00,web_sql_injection_v1,web_sql_injection_v1__run_001,initial_access,T1190,5,2,0.7219,1.0,0.0258,24411.45,11392.01,0.8328,30,14,1.0274,1.8284,0.8537,0.2348,1.5581,0,2,0,0,1,0,2.1031,813.71,292.16,1284.8,8617.35,7068.25,0,0.0,2.9435,0,0
2026-09-09T15:48:44.802069+00:00,web_sql_injection_v1,web_sql_injection_v1__run_001,initial_access,T1190,6,3,1.4591,1.0,0.0332,28004.21,19336.24,0.8083,42,29,0.6974,1.9035,0.7118,0.1797,1.2507,1,2,0,0,1,0,1.4355,666.77,242.05,961.25,7401.09,7132.86,0,0.0083,3.5376,0,0
2026-09-09T15:48:49.802069+00:00,web_sql_injection_v1,web_sql_injection_v1__run_001,initial_access,T1190,8,2,1.0,1.0,0.0,50435.19,25217.6,0.6581,56,28,0.9473,1.9908,0.6142,0.096,0.9023,1,3,0,0,2,0,1.9579,900.63,352.03,1437.16,9075.0,7782.19,1,0.0,4.3585,0,0
2026-09-09T15:48:54.802069+00:00,web_sql_injection_v1,web_sql_injection_v1__run_001,initial_access,T1190,10,4,1.8464,1.0,0.0052,48665.23,22942.18,0.812,70,33,0.3109,0.9143,0.5555,0.0855,0.812,2,5,0,0,2,0,2.1208,695.22,263.78,1393.25,8054.49,6907.52,1,0.0321,3.317,0,0
2026-09-09T15:48:59.802069+00:00,web_sql_injection_v1,web_sql_injection_v1__run_001,initial_access,T1190,8,3,1.4056,1.0,0.0043,43823.77,21227.14,0.7024,64,31,0.725,1.1833,0.5454,0.0896,0.8141,1,3,1,0,1,0,2.0589,684.75,276.62,1155.72,9729.93,7782.08,0,0.047,3.8781,0,0
2026-09-09T15:49:04.802069+00:00,web_sql_injection_v1,web_sql_injection_v1__run_001,initial_access,T1190,7,4,1.8424,1.0,0.0,26778.78,21678.06,0.7593,42,34,0.6664,1.8483,0.9063,0.1234,1.2764,1,3,0,0,1,0,1.2071,637.59,130.09,863.84,8447.92,9521.69,0,0.0573,3.4387,0,0
2026-09-09T15:49:09.802069+00:00,web_sql_injection_v1,web_sql_injection_v1__run_001,initial_access,T1190,6,3,1.2516,1.0,0.0,27054.65,11272.77,0.6593,48,20,1.1382,2.4933,0.7751,0.0923,1.052,1,2,0,0,1,0,2.3181,563.64,109.65,695.92,8142.51,9611.07,0,0.049,3.7667,0,0
2026-09-09T15:49:14.802069+00:00,web_sql_injection_v1,web_sql_injection_v1__run_001,initial_access,T1190,7,3,1.3788,0.9773,0.071,29017.35,17410.41,0.7577,35,21,0.5178,0.8886,0.513,0.1395,0.9315,1,3,0,0,1,0,1.6616,829.07,264.12,1199.86,7738.71,7349.11,0,0.0248,4.1225,0,0
2026-09-09T15:49:19.802069+00:00,web_sql_injection_v1,web_sql_injection_v1__run_001,initial_access,T1190,13,4,1.7381,0.973,0.0126,82606.81,36008.1,0.6974,117,51,0.3216,0.936,0.5009,0.1405,0.9224,2,6,1,0,3,0,2.2788,706.04,258.57,1348.1,7751.52,9182.19,2,0.0,4.1528,0,1
2026-09-09T15:49:24.802069+00:00,web_sql_injection_v1,web_sql_injection_v1__run_001,initial_access,T1190,6,3,1.4591,0.9985,0.0,20823.45,8329.38,0.7364,30,12,0.4923,1.2304,0.6151,0.0934,0.8954,1,2,0,0,1,0,2.4162,694.12,97.52,808.46,9037.79,6422.0,0,0.0,3.0792,0,0
2026-09-09T15:49:29.802069+00:00,web_sql_injection_v1,web_sql_injection_v1__run_001,initial_access,T1190,9,3,1.4355,0.9935,0.008,29079.04,20678.43,0.6628,45,32,0.7964,1.7139,0.5801,0.1227,0.9481,1,4,0,0,1,0,1.4008,646.2,151.52,896.76,7945.03,8067.53,0,0.002,3.8474,0,0
2026-09-09T15:49:34.802069+00:00,web_sql_injection_v1,web_sql_injection_v1__run_001,initial_access,T1190,8,4,1.75,0.9662,0.0376,54795.53,30441.96,0.7321,72,40,0.751,1.7039,0.6238,0.1679,1.1274,1,4,0,0,1,0,1.7623,761.05,246.87,1289.65,8060.37,9282.4,0,0.0,3.4738,0,0
2026-09-09T15:49:39.802069+00:00,web_sql_injection_v1,web_sql_injection_v1__run_001,initial_access,T1190,5,4,1.9219,0.985,0.0,60484.57,38018.87,0.8355,70,44,0.4765,0.6527,0.662,0.1292,1.0497,0,2,0,0,1,0,1.5737,864.07,84.69,989.13,10107.88,6653.32,0,0.0,4.0091,0,0
2026-09-09T15:49:44.802069+00:00,web_sql_injection_v1,web_sql_injection_v1__run_001,initial_access,T1190,15,4,1.9656,1.0,0.0,58149.49,21321.48,0.8343,90,33,0.5492,0.8705,0.5499,0.1236,0.9206,2,7,1,0,3,0,2.7052,646.11,304.19,1273.76,7489.72,10394.63,1,0.0003,3.1696,0,0
2026-09-09T15:49:49.802069+00:00,web_sql_injection_v1,web_sql_injection_v1__run_001,initial_access,T1190,8,2,0.9544,1.0,0.0,6369.05,3184.53,0.8097,8,4,0.848,1.9151,0.5464,0.1628,1.0349,1,4,0,0,1,0,1.7483,796.13,334.76,1506.38,7739.34,7524.77,0,0.0,3.7587,0,1
2026-09-09T15:49:54.802069+00:00,web_sql_injection_v1,web_sql_injection_v1__run_001,initial_access,T1190,3,2,0.9183,1.0,0.0,20561.32,7476.84,0.7917,33,12,1.0189,2.0668,0.6755,0.0797,0.9144,0,1,0,0,0,0,2.5849,623.07,210.22,920.19,8287.97,6635.38,0,0.0,3.7122,0,0
2026-09-09T15:49:59.802069+00:00,web_sql_injection_v1,web_sql_injection_v1__run_001,initial_access,T1190,9,4,1.8366,1.0,0.0175,11636.79,8404.35,0.637,18,13,0.9015,1.5586,0.7596,0.1046,1.0733,1,4,0,0,2,0,1.3788,646.49,219.66,1079.12,9147.25,9240.29,1,0.0494,3.8861,0,0
2026-09-09T15:50:04.802069+00:00,web_sql_injection_v1,web_sql_injection_v1__run_001,initial_access,T1190,8,3,1.5613,0.9762,0.0275,22751.7,15641.79,0.7048,32,22,0.7775,2.2528,0.5437,0.1484,0.9889,1,4,0,0,1,0,1.4239,710.99,226.42,1066.44,8641.35,6994.67,0,0.034,3.4239,0,0
2026-09-09T15:50:09.802069+00:00,web_sql_injection_v1,web_sql_injection_v1__run_001,initial_access,T1190,7,4,1.9502,1.0,0.0543,28213.48,14106.74,0.7973,42,21,0.985,2.6089,0.8066,0.2137,1.4477,1,3,1,0,1,0,1.9577,671.75,272.69,1284.44,9193.93,8971.49,0,0.0596,2.9374,0,0
2026-09-09T15:50:14.802069+00:00,web_sql_injection_v1,web_sql_injection_v1__run_001,initial_access,T1190,9,3,1.2244,0.9668,0.0447,24793.89,8264.63,0.7739,27,9,0.4472,1.1762,0.6703,0.109,0.9973,1,4,1,0,2,0,2.7256,918.29,291.39,1383.33,10577.62,8483.3,1,0.0,4.0033,0,0
2026-09-09T15:50:19.802069+00:00,web_sql_injection_v1,web_sql_injection_v1__run_001,initial_access,T1190,8,4,1.9056,1.0,0.0283,23144.77,14465.48,0.7781,32,20,0.7919,1.6157,0.6621,0.0916,0.937,1,3,0,0,1,0,1.5711,723.27,282.64,1145.84,9546.93,8929.73,0,0.0096,3.7851,0,0
2026-09-09T15:50:24.802069+00:00,web_sql_injection_v1,web_sql_injection_v1__run_001,initial_access,T1190,5,4,1.9219,0.981,0.0038,35183.89,11962.52,0.7571,50,17,0.8479,1.2918,0.5628,0.1059,0.8805,1,2,0,0,1,0,2.8368,703.68,178.68,921.77,6923.41,10203.29,0,0.0,3.8731,0,0
2026-09-09T15:50:29.802069+00:00,web_sql_injection_v1,web_sql_injection_v1__run_001,initial_access,T1190,3,2,0.9183,1.0,0.0088,6372.14,2832.06,0.7372,9,4,0.9161,2.1701,0.5314,0.1048,0.8459,0,1,0,0,0,0,2.2092,708.02,185.53,966.04,5308.53,7064.62,0,0.0441,4.5866,0,0
2026-09-09T15:50:34.802069+00:00,web_sql_injection_v1,web_sql_injection_v1__run_001,initial_access,T1190,4,2,0.8113,1.0,0.0054,20998.54,12249.15,0.7217,24,14,0.7704,1.0994,0.6384,0.1764,1.1677,0,2,0,0,1,0,1.6566,874.94,275.7,1286.23,7800.02,9571.23,0,0.0625,3.5944,0,0
2026-09-09T15:50:39.802069+00:00,web_sql_injection_v1,web_sql_injection_v1__run_001,initial_access,T1190,3,3,1.585,1.0,0.0,12939.84,4313.28,0.6579,18,6,0.5317,0.9481,0.5733,0.1185,0.9288,0,1,0,0,0,0,2.5884,718.88,110.57,838.36,9259.29,9744.07,0,0.0487,3.9449,0,0
2026-09-09T15:50:44.802069+00:00,web_sql_injection_v1,web_sql_injection_v1__run_001,initial_access,T1190,5,2,0.971,0.969,0.0195,13417.91,6261.69,0.8153,30,14,0.5001,1.1801,0.778,0.1324,1.1753,1,2,0,0,1,0,2.0578,447.26,27.81,499.17,9043.42,8629.86,0,0.0,3.726,0,0
2026-09-09T15:50:49.802069+00:00,web_sql_injection_v1,web_sql_injection_v1__run_001,initial_access,T1190,5,3,1.5219,1.0,0.0035,18741.05,8433.47,0.658,20,9,0.3803,0.6549,0.7773,0.1735,1.2979,0,2,0,0,1,0,2.1337,937.05,413.37,1433.63,8930.64,9527.71,0,0.0,3.3728,0,0
2026-09-09T15:50:54.802069+00:00,web_sql_injection_v1,web_sql_injection_v1__run_001,initial_access,T1190,7,3,1.4488,0.9942,0.0138,30424.03,19868.75,0.799,49,32,0.9911,1.5449,0.854,0.1834,1.4043,1,3,0,0,2,0,1.4924,620.9,226.96,1026.12,9062.5,7089.63,1,0.0415,3.0269,0,1
