timestamp,persona_id,run_id,mitre_stage,technique_id,flow_count,unique_dst_ports,dest_port_entropy,tcp_ratio,udp_ratio,bytes_fwd_sum,bytes_bwd_sum,bidirectional_ratio,pkts_fwd_sum,pkts_bwd_sum,duration_mean,duration_max,iat_mean,iat_std,iat_max,syn_flag_sum,ack_flag_sum,fin_flag_sum,rst_flag_sum,psh_flag_sum,urg_flag_sum,down_up_ratio_mean,pkt_len_mean,pkt_len_std,pkt_len_max,init_fwd_win_mean,init_bwd_win_mean,fwd_psh_flags_sum,port_scan_score,ttl_variance,ip_fragment_flags,retransmit_count
2026-09-09T14:51:00.218452+00:00,web_sql_injection_v1,web_sql_injection_v1__run_002,initial_access,T1190,8,4,1.9056,1.0,0.0,14242.04,10088.11,0.8293,24,17,1.0087,2.7611,0.6422,0.1431,1.0716,1,4,0,0,1,0,1.3982,593.42,156.15,919.91,7632.17,6931.54,0,0.0389,4.7612,0,0
2026-09-09T14:51:05.218452+00:00,web_sql_injection_v1,web_sql_injection_v1__run_002,initial_access,T1190,2,2,1.0,0.9519,0.0503,4906.36,3270.9,0.754,6,4,0.545,1.5507,0.7875,0.0845,1.0411,0,0,0,0,0,0,1.3314,817.73,66.76,884.48,8088.99,9490.51,0,0.0102,4.1545,0,0
2026-09-09T14:51:10.218452+00:00,web_sql_injection_v1,web_sql_injection_v1__run_002,initial_access,T1190,4,3,1.5,0.9831,0.0125,14913.31,5592.49,0.6878,24,9,0.4359,0.724,0.7039,0.1521,1.1602,0,2,0,0,1,0,2.4644,621.39,182.13,883.39,7912.88,8347.22,0,0.0,4.7817,0,0
2026-09-09T14:51:15.218452+00:00,web_sql_injection_v1,web_sql_injection_v1__run_002,initial_access,T1190,6,4,1.7925,0.9619,0.0583,31346.24,23882.85,0.7841,42,32,1.2369,3.5162,0.7022,0.1891,1.2696,1,2,0,0,1,0,1.3037,746.34,283.24,1105.83,8754.84,7567.38,0,0.0124,4.7404,0,0
2026-09-09T14:51:20.218452+00:00,web_sql_injection_v1,web_sql_injection_v1__run_002,initial_access,T1190,5,3,1.5219,1.0,0.0178,28167.21,14485.99,0.73,35,18,0.4922,0.7079,0.6227,0.1313,1.0167,0,2,0,0,1,0,1.9319,804.78,231.15,1222.42,8847.5,7298.26,0,0.0,4.3123,0,0
2026-09-09T14:51:25.218452+00:00,web_sql_injection_v1,web_sql_injection_v1__run_002,initial_access,T1190,8,4,1.9056,0.986,0.0241,44663.56,33497.67,0.7609,64,48,0.5092,1.4784,0.8518,0.203,1.4608,1,4,0,0,1,0,1.3216,697.87,195.54,972.37,9096.31,7792.14,0,0.0,3.689,0,0
2026-09-09T14:51:30.218452+00:00,web_sql_injection_v1,web_sql_injection_v1__run_002,initial_access,T1190,6,4,1.7925,0.9334,0.0666,38355.26,18467.35,0.672,54,26,0.8958,2.3652,0.7377,0.1826,1.2854,1,2,0,0,1,0,2.0255,710.28,155.49,934.16,7345.18,8847.85,0,0.0974,4.4401,0,0
2026-09-09T14:51:35.218452+00:00,web_sql_injection_v1,web_sql_injection_v1__run_002,initial_access,T1190,7,3,1.3788,1.0,0.0,25502.18,12386.77,0.7368,35,17,0.3259,0.7845,0.6129,0.1304,1.004,1,3,0,0,1,0,1.9665,728.63,167.4,950.61,7134.33,6260.8,0,0.0088,4.8721,0,0
2026-09-09T14:51:40.218452+00:00,web_sql_injection_v1,web_sql_injection_v1__run_002,initial_access,T1190,8,4,1.9056,0.9842,0.0353,18797.92,7636.65,0.7065,32,13,0.7463,1.398,0.6606,0.1565,1.1301,1,3,1,0,1,0,2.429,587.43,176.69,907.38,7596.68,7491.77,0,0.0,3.9659,0,0
2026-09-09T14:51:45.218452+00:00,web_sql_injection_v1,web_sql_injection_v1__run_002,initial_access,T1190,10,4,1.8955,0.9698,0.0292,40523.08,26340.0,0.7883,60,39,0.8665,2.1466,0.756,0.1362,1.1647,2,4,1,0,2,0,1.5258,675.38,196.7,1018.56,8151.82,7086.59,1,0.0,4.8675,0,0
2026-09-09T14:51:50.218452+00:00,web_sql_injection_v1,web_sql_injection_v1__run_002,initial_access,T1190,4,3,1.5,1.0,0.0076,12897.59,10962.95,0.7687,20,17,0.7782,2.2891,0.6501,0.1426,1.0778,0,2,0,0,0,0,1.1337,644.88,124.18,847.54,8744.77,9327.44,0,0.0405,3.4463,0,0
2026-09-09T14:51:55.218452+00:00,web_sql_injection_v1,web_sql_injection_v1__run_002,initial_access,T1190,10,4,1.6855,1.0,0.0,52736.84,23731.58,0.7588,80,36,0.3287,0.4318,0.582,0.0853,0.8379,1,5,0,0,2,0,2.1859,659.21,199.58,1007.26,7987.41,6245.3,1,0.0365,3.7703,0,0
2026-09-09T14:52:00.218452+00:00,web_sql_injection_v1,web_sql_injection_v1__run_002,initial_access,T1190,9,4,1.8911,1.0,0.0,24077.26,11369.82,0.7631,36,17,0.6619,1.0677,0.6468,0.1174,0.9992,1,4,0,0,2,0,2.0337,668.81,236.71,1251.5,10234.82,7148.68,1,0.0738,4.1771,0,0
2026-09-09T14:52:05.218452+00:00,web_sql_injection_v1,web_sql_injection_v1__run_002,initial_access,T1190,4,2,0.8113,0.9871,0.0281,20430.68,13620.45,0.7149,36,24,1.1556,2.3325,0.7181,0.0869,0.9789,0,2,0,0,0,0,1.4581,567.52,84.96,672.56,7397.12,7665.83,0,0.0,4.025,0,0
2026-09-09T14:52:10.218452+00:00,web_sql_injection_v1,web_sql_injection_v1__run_002,initial_access,T1190,9,4,1.8911,1.0,0.0472,21795.14,12108.41,0.7232,36,20,0.4365,0.9678,0.7439,0.1424,1.171,2,4,1,0,1,0,1.7289,605.42,236.21,1018.78,5985.72,7256.01,0,0.0282,3.6969,0,0
2026-09-09T14:52:15.218452+00:00,web_sql_injection_v1,web_sql_injection_v1__run_002,initial_access,T1190,10,4,1.8464,0.9917,0.0219,31280.87,18142.91,0.6925,50,29,0.5398,1.1616,0.6677,0.1506,1.1195,1,4,1,0,2,0,1.6714,625.62,231.82,924.69,9125.67,8844.74,1,0.019,4.4503,0,0
2026-09-09T14:52:20.218452+00:00,web_sql_injection_v1,web_sql_injection_v1__run_002,initial_access,T1190,8,4,1.9056,1.0,0.0298,57487.89,29462.54,0.853,80,41,0.58,1.1793,0.6935,0.2057,1.3105,1,4,0,0,2,0,1.9242,718.6,304.33,1206.77,8052.83,7865.53,1,0.032,5.2735,0,0
2026-09-09T14:52:25.218452+00:00,web_sql_injection_v1,web_sql_injection_v1__run_002,initial_access,T1190,11,3,1.5395,1.0,0.0,46588.19,24705.86,0.7719,66,35,1.1318,1.4814,0.6984,0.07,0.9085,1,5,1,0,2,0,1.8401,705.88,220.88,999.29,7928.63,8041.9,1,0.0395,4.0901,0,0
2026-09-09T14:52:30.218452+00:00,web_sql_injection_v1,web_sql_injection_v1__run_002,initial_access,T1190,9,4,1.8366,1.0,0.0,40271.1,23864.35,0.7826,54,32,0.5167,0.9455,0.8038,0.0835,1.0542,2,4,0,0,2,0,1.6859,745.76,210.67,1165.48,9754.11,6489.39,1,0.0093,5.1471,0,1
2026-09-09T14:52:35.218452+00:00,web_sql_injection_v1,web_sql_injection_v1__run_002,initial_access,T1190,9,4,1.8366,0.9484,0.0411,24538.23,19630.58,0.7183,45,36,1.0539,2.5766,0.6327,0.0749,0.8575,1,4,1,0,2,0,1.2414,545.29,187.64,909.74,6591.25,9208.52,1,0.0,3.7279,0,0
2026-09-09T14:52:40.218452+00:00,web_sql_injection_v1,web_sql_injection_v1__run_002,initial_access,T1190,9,3,1.3516,1.0,0.0,58572.48,33841.88,0.6801,90,52,0.4554,1.1197,0.7379,0.0984,1.033,1,4,0,0,2,0,1.7212,650.81,178.68,984.08,4895.89,7680.2,1,0.0206,3.1354,0,0
2026-09-09T14:52:45.218452+00:00,web_sql_injection_v1,web_sql_injection_v1__run_002,initial_access,T1190,6,3,1.4591,1.0,0.0101,32199.24,23478.61,0.673,48,35,0.7421,1.6622,0.7516,0.1166,1.1015,1,2,0,0,1,0,1.3552,670.82,135.95,862.22,7239.81,6687.74,0,0.0052,3.2973,0,0
2026-09-09T14:52:50.218452+00:00,web_sql_injection_v1,web_sql_injection_v1__run_002,initial_access,T1190,7,3,1.5567,0.973,0.0,35206.77,18232.08,0.7433,56,29,0.5811,1.1485,0.583,0.1083,0.908,1,3,0,0,1,0,1.9247,628.69,137.79,859.76,7623.7,8781.19,0,0.0,3.6909,0,0
2026-09-09T14:52:55.218452+00:00,web_sql_injection_v1,web_sql_injection_v1__run_002,initial_access,T1190,11,4,1.4911,0.9888,0.0332,49421.5,32198.86,0.6938,66,43,0.8449,1.445,0.6087,0.1797,1.1479,2,5,1,0,2,0,1.5011,748.81,312.43,1572.05,8098.18,8011.33,1,0.0448,4.3868,0,0
2026-09-09T14:53:00.218452+00:00,web_sql_injection_v1,web_sql_injection_v1__run_002,initial_access,T1190,4,2,0.8113,1.0,0.0,23175.4,10863.47,0.7896,32,15,0.4419,1.1547,0.4934,0.1382,0.9081,0,2,0,0,0,0,2.0103,724.23,105.17,823.01,9096.31,9127.17,0,0.0,3.5677,0,0
2026-09-09T14:53:05.218452+00:00,web_sql_injection_v1,web_sql_injection_v1__run_002,initial_access,T1190,8,4,1.9056,0.9626,0.0611,32592.74,18333.42,0.7168,48,27,0.6931,0.9794,0.6795,0.087,0.9406,1,3,0,0,2,0,1.7279,679.02,238.02,1212.25,7800.0,8493.35,1,0.0,4.5164,0,0
2026-09-09T14:53:10.218452+00:00,web_sql_injection_v1,web_sql_injection_v1__run_002,initial_access,T1190,10,4,1.971,1.0,0.0,42541.36,32817.62,0.7472,70,54,0.5211,1.3311,0.5921,0.1182,0.9467,1,4,1,0,2,0,1.285,607.73,151.24,949.49,10082.61,9836.39,1,0.0502,4.1283,0,1
2026-09-09T14:53:15.218452+00:00,web_sql_injection_v1,web_sql_injection_v1__run_002,initial_access,T1190,9,4,1.9749,1.0,0.0,33265.83,18481.02,0.7223,54,30,0.9677,2.4402,0.7408,0.2083,1.3658,1,4,0,0,2,0,1.779,616.03,170.42,979.85,7903.49,7921.26,1,0.049,3.304,0,0
2026-09-09T14:53:20.218452+00:00,web_sql_injection_v1,web_sql_injection_v1__run_002,initial_access,T1190,6,3,1.4591,0.9698,0.0291,38539.1,26406.42,0.7452,54,37,0.9698,2.016,0.5994,0.142,1.0254,1,2,0,0,1,0,1.4329,713.69,143.32,900.5,9762.37,7737.1,0,0.0121,3.3225,0,0
2026-09-09T14:53:25.218452+00:00,web_sql_injection_v1,web_sql_injection_v1__run_002,initial_access,T1190,8,3,1.2988,0.9995,0.0,46845.19,18403.47,0.6604,56,22,0.7089,1.7367,0.6328,0.189,1.1998,1,3,1,0,1,0,2.4626,836.52,325.58,1400.6,7661.36,7160.95,0,0.0099,4.0326,0,0
2026-09-09T14:53:30.218452+00:00,web_sql_injection_v1,web_sql_injection_v1__run_002,initial_access,T1190,8,3,1.4056,0.9605,0.0396,40670.3,20335.15,0.7585,48,24,0.6852,1.0096,0.6046,0.0611,0.788,1,3,0,0,2,0,1.9596,847.3,316.49,1518.61,8041.89,7942.04,1,0.0,3.3131,0,1
2026-09-09T14:53:35.218452+00:00,web_sql_injection_v1,web_sql_injection_v1__run_002,initial_access,T1190,12,4,1.9591,1.0,0.0,33162.15,17271.95,0.7923,48,25,0.4935,0.8006,0.6057,0.0707,0.8176,2,6,1,0,3,0,1.8614,690.88,213.96,1061.85,7640.56,8713.49,1,0.0396,3.9929,0,0
2026-09-09T14:53:40.218452+00:00,web_sql_injection_v1,web_sql_injection_v1__run_002,initial_access,T1190,6,4,1.7925,0.9811,0.0338,19562.22,9129.03,0.6931,30,14,0.5493,1.5214,0.888,0.1125,1.2255,0,3,0,0,1,0,2.0298,652.07,141.62,783.22,9894.58,9222.96,0,0.0321,3.7308,0,0
2026-09-09T14:53:45.218452+00:00,web_sql_injection_v1,web_sql_injection_v1__run_002,initial_access,T1190,4,2,0.8113,1.0,0.0,15227.48,6979.26,0.7242,24,11,0.3659,0.9688,0.7635,0.1404,1.1847,0,1,0,0,0,0,2.0059,634.48,188.11,930.7,7367.13,7601.48,0,0.0224,4.1912,0,0
2026-09-09T14:53:50.218452+00:00,web_sql_injection_v1,web_sql_injection_v1__run_002,initial_access,T1190,3,3,1.585,1.0,0.0,15788.2,5262.73,0.7874,15,5,0.8872,2.6613,0.6225,0.1157,0.9695,0,1,0,0,0,0,2.5402,1052.55,110.49,1159.13,8913.79,8174.12,0,0.0018,4.0698,0,0
2026-09-09T14:53:55.218452+00:00,web_sql_injection_v1,web_sql_injection_v1__run_002,initial_access,T1190,5,3,1.371,1.0,0.0,13202.82,9902.12,0.7573,20,15,0.5547,1.261,0.6821,0.1134,1.0222,0,2,0,0,1,0,1.2946,660.14,205.64,940.55,7964.15,8921.89,0,0.0,4.2554,0,0
2026-09-09T14:54:00.218452+00:00,web_sql_injection_v1,web_sql_injection_v1__run_002,initial_access,T1190,10,3,1.361,0.9604,0.0107,23170.19,10812.76,0.7779,30,14,0.4432,0.6519,0.5889,0.1386,1.0048,1,5,0,0,2,0,2.042,772.34,273.51,1459.87,7944.67,7575.42,1,0.0,3.6422,0,0
2026-09-09T14:54:05.218452+00:00,web_sql_injection_v1,web_sql_injection_v1__run_002,initial_access,T1190,12,4,1.614,1.0,0.0,89119.15,52728.83,0.6159,120,71,0.633,1.1787,0.7275,0.14,1.1474,2,6,1,0,2,0,1.6683,742.66,198.81,1079.33,9039.66,7226.37,1,0.0,3.9168,0,0
2026-09-09T14:54:10.218452+00:00,web_sql_injection_v1,web_sql_injection_v1__run_002,initial_access,T1190,10,3,1.4855,1.0,0.0,34022.84,25274.11,0.779,70,52,0.7394,1.5335,0.6263,0.1744,1.1494,1,4,0,0,2,0,1.3377,486.04,153.26,845.56,8170.45,8617.02,1,0.0099,4.9098,0,0
2026-09-09T14:54:15.218452+00:00,web_sql_injection_v1,web_sql_injection_v1__run_002,initial_access,T1190,13,4,1.9501,0.9808,0.0253,53381.36,25321.93,0.771,78,37,0.7036,1.6762,0.5792,0.0601,0.7594,2,6,1,0,2,0,2.0542,684.38,178.11,961.67,10380.87,7507.89,1,0.0214,4.523,0,0
2026-09-09T14:54:20.218452+00:00,web_sql_injection_v1,web_sql_injection_v1__run_002,initial_access,T1190,13,4,1.8843,0.9859,0.0064,69536.41,28082.01,0.8531,104,42,0.9089,2.3148,0.7726,0.2201,1.4327,2,5,1,0,3,0,2.44,668.62,213.37,1122.71,7529.01,7117.99,1,0.0325,3.583,0,0
2026-09-09T14:54:25.218452+00:00,web_sql_injection_v1,web_sql_injection_v1__run_002,initial_access,T1190,6,4,1.9183,0.9613,0.0931,9428.72,4714.36,0.8219,12,6,0.4578,1.0004,0.6852,0.1718,1.2005,1,2,0,0,1,0,1.8385,785.73,284.59,1326.24,8936.18,10964.78,0,0.006,3.9043,0,1
2026-09-09T14:54:30.218452+00:00,web_sql_injection_v1,web_sql_injection_v1__run_002,initial_access,T1190,9,3,1.5305,1.0,0.0328,22735.67,10104.74,0.7967,36,16,0.6294,1.5626,0.6341,0.1269,1.0148,1,4,0,0,2,0,2.2229,631.55,192.22,998.25,9084.63,9007.25,1,0.0,4.3665,0,1
2026-09-09T14:54:35.218452+00:00,web_sql_injection_v1,web_sql_injection_v1__run_002,initial_access,T1190,6,4,1.9183,0.9388,0.075,9688.69,4844.35,0.7802,18,9,0.4595,0.8936,0.6781,0.1236,1.0489,1,3,0,0,1,0,1.8984,538.26,202.59,971.16,8896.19,8112.21,0,0.0,4.114,0,0
2026-09-09T14:54:40.218452+00:00,web_sql_injection_v1,web_sql_injection_v1__run_002,initial_access,T1190,6,3,1.4591,1.0,0.0209,17422.33,13357.12,0.6697,30,23,0.7238,0.9911,0.7252,0.2112,1.3586,1,2,0,0,1,0,1.2596,580.74,113.79,743.8,8175.76,8362.4,0,0.0,4.329,0,0
2026-09-09T14:54:45.218452+00:00,web_sql_injection_v1,web_sql_injection_v1__run_002,initial_access,T1190,10,4,1.9219,0.9293,0.0741,37052.88,33347.59,0.7167,60,54,0.6022,1.2341,0.4925,0.1393,0.9104,1,5,0,0,2,0,1.0929,617.55,230.25,1070.56,8849.12,8062.38,1,0.0273,4.0921,0,0
2026-09-09T14:54:50.218452+00:00,web_sql_injection_v1,web_sql_injection_v1__run_002,initial_access,T1190,11,4,1.9808,1.0,0.0,55303.77,32320.38,0.8093,77,45,0.818,2.1514,0.6978,0.1805,1.2393,1,5,1,0,2,0,1.6965,718.23,296.24,1215.15,7002.17,8820.46,1,0.0651,4.3957,0,0
2026-09-09T14:54:55.218452+00:00,web_sql_injection_v1,web_sql_injection_v1__run_002,initial_access,T1190,4,3,1.5,0.9399,0.0298,21587.44,13877.64,0.8138,28,18,0.4901,0.7121,0.599,0.1452,1.0345,0,2,0,0,0,0,1.4954,770.98,282.24,1142.28,9529.13,6946.54,0,0.0021,3.4567,0,0
2026-09-09T14:55:00.218452+00:00,web_sql_injection_v1,web_sql_injection_v1__run_002,initial_access,T1190,4,3,1.5,1.0,0.0254,4908.34,3067.72,0.7997,8,5,0.5406,0.8397,0.6719,0.0731,0.8912,0,1,0,0,1,0,1.572,613.54,223.12,996.42,7913.47,7378.77,0,0.0,3.7717,0,0
2026-09-09T14:55:05.218452+00:00,web_sql_injection_v1,web_sql_injection_v1__run_002,initial_access,T1190,9,4,1.7527,0.9921,0.0,49624.67,28488.24,0.7375,54,31,0.3149,0.486,0.5642,0.0962,0.8529,1,4,1,0,1,0,1.7244,918.98,370.13,1763.02,8130.87,8493.68,0,0.0501,3.1534,0,0
2026-09-09T14:55:10.218452+00:00,web_sql_injection_v1,web_sql_injection_v1__run_002,initial_access,T1190,7,4,1.8424,0.9995,0.0,31794.29,12328.4,0.7454,49,19,0.3421,0.8173,0.556,0.0823,0.8028,1,3,0,0,1,0,2.5644,648.86,107.06,871.73,6901.88,9573.64,0,0.0267,4.9986,0,0
2026-09-09T14:55:15.218452+00:00,web_sql_injection_v1,web_sql_injection_v1__run_002,initial_access,T1190,8,4,1.9056,0.9995,0.0034,25510.29,10363.56,0.6902,32,13,0.7186,1.8709,0.7473,0.2085,1.3729,1,4,0,0,1,0,2.3493,797.2,157.79,954.48,9874.8,8194.47,0,0.0217,3.0593,0,0
2026-09-09T14:55:20.218452+00:00,web_sql_injection_v1,web_sql_injection_v1__run_002,initial_access,T1190,5,3,1.371,0.9662,0.0,29130.96,18206.85,0.7783,40,25,0.8301,1.3761,0.8401,0.1418,1.2655,1,2,0,0,1,0,1.5794,728.27,320.98,1321.4,9408.99,9679.44,0,0.035,4.0727,0,0
2026-09-09T14:55:25.218452+00:00,web_sql_injection_v1,web_sql_injection_v1__run_002,initial_access,T1190,7,3,1.5567,1.0,0.0,40888.08,37550.27,0.645,49,45,0.3491,0.4746,0.5706,0.1347,0.9748,1,3,0,0,1,0,1.0701,834.45,294.51,1387.91,7150.59,6765.21,0,0.0339,3.5766,0,0
2026-09-09T14:55:30.218452+00:00,web_sql_injection_v1,web_sql_injection_v1__run_002,initial_access,T1190,10,4,1.8955,0.9985,0.0027,46871.11,27453.08,0.6972,70,41,1.0712,1.891,0.7112,0.1282,1.0958,2,5,0,0,2,0,1.7038,669.59,283.74,1292.49,8073.09,8359.54,1,0.0568,4.5884,0,0
2026-09-09T14:55:35.218452+00:00,web_sql_injection_v1,web_sql_injection_v1__run_002,initial_access,T1190,2,2,1.0,1.0,0.0,2469.36,1234.68,0.6567,4,2,1.0642,2.4199,0.805,0.1833,1.3549,0,0,0,0,0,0,1.7076,617.34,18.05,635.39,7830.76,6938.71,0,0.0208,4.3557,0,0
2026-09-09T14:55:40.218452+00:00,web_sql_injection_v1,web_sql_injection_v1__run_002,initial_access,T1190,6,3,1.4591,1.0,0.0,34039.76,16389.51,0.7888,54,26,0.982,1.7974,0.6747,0.1332,1.0744,1,3,0,0,1,0,2.0385,630.37,214.48,986.16,8013.13,8590.12,0,0.0,3.8548,0,0
2026-09-09T14:55:45.218452+00:00,web_sql_injection_v1,web_sql_injection_v1__run_002,initial_access,T1190,11,4,1.7899,1.0,0.0268,27114.46,16433.01,0.8573,33,20,0.5388,1.5026,0.7148,0.2078,1.3382,2,5,1,0,2,0,1.5886,821.65,322.6,1513.23,7352.53,5933.95,1,0.0,4.0789,0,0
2026-09-09T14:55:50.218452+00:00,web_sql_injection_v1,web_sql_injection_v1__run_002,initial_access,T1190,2,2,1.0,0.9683,0.0075,4018.92,2411.35,0.8018,10,6,1.0242,1.8181,0.7973,0.1456,1.234,0,1,0,0,0,0,1.5146,401.89,86.44,488.33,9662.32,9633.5,0,0.0,4.2038,0,0
2026-09-09T14:55:55.218452+00:00,web_sql_injection_v1,web_sql_injection_v1__run_002,initial_access,T1190,9,4,1.8366,1.0,0.0,28451.14,15806.19,0.7056,45,25,0.4815,1.2205,0.5847,0.1512,1.0385,1,4,0,0,2,0,1.7557,632.25,251.36,1177.19,9551.73,8973.87,1,0.0421,3.5449,0,0
2026-09-09T14:56:00.218452+00:00,web_sql_injection_v1,web_sql_injection_v1__run_002,initial_access,T1190,7,3,1.3788,0.9287,0.0831,38337.69,21907.25,0.7624,56,32,0.7201,1.1531,0.7302,0.1543,1.193,1,3,0,0,1,0,1.7105,684.6,140.87,919.73,10062.72,7804.27,0,0.0001,3.9429,0,0
2026-09-09T14:56:05.218452+00:00,web_sql_injection_v1,web_sql_injection_v1__run_002,initial_access,T1190,11,3,1.2407,0.9755,0.0191,75545.44,45785.12,0.6156,99,60,0.7296,1.2367,0.681,0.1394,1.0993,2,5,1,0,2,0,1.6254,763.09,250.39,1154.23,8267.45,8588.36,1,0.0,3.2755,0,0
2026-09-09T14:56:10.218452+00:00,web_sql_injection_v1,web_sql_injection_v1__run_002,initial_access,T1190,10,4,1.971,1.0,0.0,24518.95,12259.47,0.7833,40,20,0.4643,1.2353,0.6779,0.132,1.0738,1,5,0,0,2,0,1.9534,612.97,262.93,1162.65,8174.6,7084.64,1,0.005,4.6977,0,0
2026-09-09T14:56:15.218452+00:00,web_sql_injection_v1,web_sql_injection_v1__run_002,initial_access,T1190,6,4,1.9183,0.9743,0.0292,25108.68,16739.12,0.7879,36,24,0.4631,1.0727,0.5243,0.1489,0.971,1,2,0,0,1,0,1.4546,697.46,216.99,1129.08,7432.29,8621.11,0,0.0049,3.4927,0,0
2026-09-09T14:56:20.218452+00:00,web_sql_injection_v1,web_sql_injection_v1__run_002,initial_access,T1190,9,3,1.5305,0.9629,0.0368,21325.58,15796.72,0.7248,27,20,0.3719,1.0322,0.6326,0.0762,0.8611,1,4,0,0,2,0,1.3045,789.84,184.05,1102.91,10586.93,9745.23,1,0.0,4.0366,0,0
2026-09-09T14:56:25.218452+00:00,web_sql_injection_v1,web_sql_injection_v1__run_002,initial_access,T1190,6,4,1.9183,0.9825,0.022,4548.72,2274.36,0.713,6,3,0.3769,0.7126,0.6267,0.1011,0.9299,1,3,0,0,1,0,1.7134,758.12,156.33,977.12,10410.83,7691.84,0,0.0037,4.3388,0,0
2026-09-09T14:56:30.218452+00:00,web_sql_injection_v1,web_sql_injection_v1__run_002,initial_access,T1190,10,4,1.971,1.0,0.0,24658.02,11507.08,0.8045,30,14,1.089,2.8802,0.7071,0.1052,1.0228,1,5,0,0,2,0,2.0875,821.93,287.8,1422.05,8845.63,7434.63,1,0.0673,3.5205,0,0
2026-09-09T14:56:35.218452+00:00,web_sql_injection_v1,web_sql_injection_v1__run_002,initial_access,T1190,10,4,1.971,0.9852,0.0116,57754.71,39144.86,0.7687,90,61,0.5386,0.9517,0.57,0.0825,0.8176,2,4,1,0,2,0,1.4585,641.72,179.8,991.5,8692.21,8986.71,1,0.0001,4.6292,0,1
2026-09-09T14:56:40.218452+00:00,web_sql_injection_v1,web_sql_injection_v1__run_002,initial_access,T1190,9,4,1.8911,1.0,0.0,36113.44,24744.39,0.7023,54,37,0.6604,1.94,0.6864,0.1645,1.1799,1,4,1,0,2,0,1.4309,668.77,175.06,974.6,7228.87,6768.34,1,0.0282,4.0211,0,0
2026-09-09T14:56:45.218452+00:00,web_sql_injection_v1,web_sql_injection_v1__run_002,initial_access,T1190,10,4,1.971,0.9335,0.0701,37594.78,24812.55,0.7481,50,33,0.7478,0.9895,0.7593,0.1938,1.3407,1,5,1,0,2,0,1.4734,751.9,404.96,1776.32,7175.36,8416.16,1,0.0503,4.3527,0,0
2026-09-09T14:56:50.218452+00:00,web_sql_injection_v1,web_sql_injection_v1__run_002,initial_access,T1190,5,3,1.5219,1.0,0.0,16540.71,8821.71,0.6906,30,16,0.9703,2.773,0.6203,0.1624,1.1076,1,2,0,0,1,0,1.8168,551.36,143.14,698.7,9057.85,7302.29,0,0.0053,4.2898,0,0
2026-09-09T14:56:55.218452+00:00,web_sql_injection_v1,web_sql_injection_v1__run_002,initial_access,T1190,7,3,1.3788,1.0,0.0016,25159.24,25159.24,0.7476,35,35,0.9221,2.3816,0.7302,0.1031,1.0393,1,3,1,0,1,0,0.9989,718.84,290.79,1188.52,8897.59,7577.7,0,0.045,3.6968,0,0
2026-09-09T14:57:00.218452+00:00,web_sql_injection_v1,web_sql_injection_v1__run_002,initial_access,T1190,4,1,-0.0,1.0,0.0,24748.87,15468.04,0.754,32,20,0.4277,0.854,0.7852,0.1034,1.0954,0,2,0,0,0,0,1.5838,773.4,599.38,1798.55,9067.64,6694.02,0,0.0494,3.445,0,0
2026-09-09T14:57:05.218452+00:00,web_sql_injection_v1,web_sql_injection_v1__run_002,initial_access,T1190,7,3,1.4488,1.0,0.0186,35410.78,39024.12,0.7766,49,54,1.1029,2.3663,0.7341,0.154,1.1962,1,3,0,0,1,0,0.9008,722.67,75.75,871.22,6121.23,8873.64,0,0.03,3.5727,0,0
2026-09-09T14:57:10.218452+00:00,web_sql_injection_v1,web_sql_injection_v1__run_002,initial_access,T1190,9,4,1.9749,1.0,0.0372,22892.73,11870.31,0.8064,27,14,0.7569,1.1743,0.961,0.2146,1.6048,1,4,0,0,2,0,1.9026,847.88,307.44,1605.57,8968.38,9986.04,1,0.0361,3.8172,0,0
2026-09-09T14:57:15.218452+00:00,web_sql_injection_v1,web_sql_injection_v1__run_002,initial_access,T1190,6,4,1.7925,1.0,0.0009,7187.48,2994.78,0.6935,12,5,0.7057,1.9663,0.7315,0.143,1.1606,1,2,0,0,1,0,2.1132,598.96,128.32,722.91,7160.37,8450.78,0,0.0,4.2176,0,0
2026-09-09T14:57:20.218452+00:00,web_sql_injection_v1,web_sql_injection_v1__run_002,initial_access,T1190,11,3,1.4949,1.0,0.0,56756.49,21375.82,0.7308,77,29,0.3833,0.6537,0.527,0.1208,0.8894,1,5,1,0,2,0,2.6266,737.1,315.53,1436.17,6543.89,8398.9,1,0.0355,3.4077,0,0
2026-09-09T14:57:25.218452+00:00,web_sql_injection_v1,web_sql_injection_v1__run_002,initial_access,T1190,4,3,1.5,0.9787,0.0,17795.84,10677.5,0.7992,20,12,0.5838,1.3532,0.7786,0.2181,1.4328,0,2,0,0,1,0,1.6577,889.79,231.53,1050.03,9263.57,11104.06,0,0.004,4.6468,0,0
2026-09-09T14:57:30.218452+00:00,web_sql_injection_v1,web_sql_injection_v1__run_002,initial_access,T1190,4,3,1.5,1.0,0.0108,4462.81,2231.41,0.7872,8,4,0.8101,1.2929,0.7343,0.2101,1.3645,0,1,0,0,1,0,1.6258,557.85,260.19,940.76,7349.65,8447.71,0,0.0162,4.4171,0,0
2026-09-09T14:57:35.218452+00:00,web_sql_injection_v1,web_sql_injection_v1__run_002,initial_access,T1190,8,3,1.5613,1.0,0.0,31897.43,14619.65,0.7681,48,22,0.3205,0.9076,0.5825,0.1685,1.0879,1,3,0,0,1,0,2.1494,664.53,162.18,962.4,8156.52,7690.92,0,0.0157,4.3691,0,0
2026-09-09T14:57:40.218452+00:00,web_sql_injection_v1,web_sql_injection_v1__run_002,initial_access,T1190,7,3,1.3788,0.9916,0.0,26038.95,11159.55,0.7575,28,12,0.6724,1.7947,0.9059,0.1624,1.3931,1,3,0,0,1,0,2.2264,929.96,315.65,1519.68,8396.72,8710.9,0,0.0113,4.0556,0,0
2026-09-09T14:57:45.218452+00:00,web_sql_injection_v1,web_sql_injection_v1__run_002,initial_access,T1190,7,3,1.1488,1.0,0.0,17065.92,8939.29,0.6736,21,11,0.8519,2.0935,0.5906,0.1525,1.048,1,3,0,0,1,0,1.822,812.66,296.11,1399.62,7880.9,8511.59,0,0.0,3.605,0,0
2026-09-09T14:57:50.218452+00:00,web_sql_injection_v1,web_sql_injection_v1__run_002,initial_access,T1190,7,3,1.4488,1.0,0.0046,46327.83,29782.17,0.7053,70,45,0.9368,2.2931,0.8844,0.1021,1.1906,1,3,0,0,1,0,1.5285,661.83,133.43,830.14,9498.03,9466.54,0,0.0009,4.0928,0,0
2026-09-09T14:57:55.218452+00:00,web_sql_injection_v1,web_sql_injection_v1__run_002,initial_access,T1190,6,4,1.9183,0.9467,0.0451,31792.5,16653.21,0.6756,42,22,1.1339,1.96,0.7912,0.0897,1.0603,1,3,0,0,1,0,1.8596,756.96,292.08,1109.82,9463.06,8027.68,0,0.0329,3.9871,0,0
2026-09-09T14:58:00.218452+00:00,web_sql_injection_v1,web_sql_injection_v1__run_002,initial_access,T1190,6,4,1.9183,0.9782,0.0352,14787.75,9242.34,0.841,24,15,0.7901,1.8771,0.6447,0.1461,1.0831,1,2,0,0,1,0,1.5193,616.16,116.48,720.68,8811.89,7630.48,0,0.0,3.7391,0,0
2026-09-09T14:58:05.218452+00:00,web_sql_injection_v1,web_sql_injection_v1__run_002,initial_access,T1190,9,4,1.8366,1.0,0.038,38948.76,26584.07,0.7101,63,43,0.5269,1.5455,0.7438,0.0909,1.0166,1,4,0,0,2,0,1.4351,618.23,200.21,914.68,6506.58,7173.76,1,0.0,4.0663,0,0
2026-09-09T14:58:10.218452+00:00,web_sql_injection_v1,web_sql_injection_v1__run_002,initial_access,T1190,13,4,1.8339,1.0,0.0081,31960.7,15570.6,0.7219,39,19,0.4059,0.8773,0.6413,0.1313,1.0352,2,6,0,0,3,0,2.0283,819.51,224.85,1282.71,8568.04,8210.53,2,0.0257,3.7678,0,0
2026-09-09T14:58:15.218452+00:00,web_sql_injection_v1,web_sql_injection_v1__run_002,initial_access,T1190,10,3,1.5219,0.9951,0.0,44656.02,25305.08,0.8053,60,34,0.5254,1.0451,0.5657,0.0572,0.7372,2,4,1,0,2,0,1.7285,744.27,287.24,1419.17,10433.79,8503.32,1,0.0142,4.1118,0,0
2026-09-09T14:58:20.218452+00:00,web_sql_injection_v1,web_sql_injection_v1__run_002,initial_access,T1190,11,3,1.5726,0.9409,0.0568,39283.33,14880.05,0.7531,66,25,0.2922,0.6263,0.6237,0.1425,1.0512,2,5,0,0,2,0,2.5679,595.2,172.93,940.76,7880.36,7547.01,1,0.0433,3.3296,0,0
2026-09-09T14:58:25.218452+00:00,web_sql_injection_v1,web_sql_injection_v1__run_002,initial_access,T1190,8,3,1.2988,0.994,0.027,42087.75,17536.56,0.8049,48,20,0.8682,1.8731,0.7084,0.1477,1.1516,1,4,0,0,2,0,2.3484,876.83,269.86,1478.81,8355.49,7545.74,1,0.0095,4.0812,0,0
2026-09-09T14:58:30.218452+00:00,web_sql_injection_v1,web_sql_injection_v1__run_002,initial_access,T1190,8,4,2.0,1.0,0.0157,48464.92,30290.57,0.751,64,40,0.3864,0.471,0.4312,0.0438,0.5627,1,3,0,0,2,0,1.5972,757.26,454.41,1905.74,8035.47,9931.66,1,0.0528,4.9296,0,0
2026-09-09T14:58:35.218452+00:00,web_sql_injection_v1,web_sql_injection_v1__run_002,initial_access,T1190,9,3,1.4355,0.974,0.0282,53887.74,39667.36,0.6796,72,53,0.5985,1.5117,0.7561,0.135,1.1613,1,4,0,0,2,0,1.3335,748.44,199.85,1200.21,9723.54,7737.41,1,0.0206,3.8868,0,0
2026-09-09T14:58:40.218452+00:00,web_sql_injection_v1,web_sql_injection_v1__run_002,initial_access,T1190,9,3,1.5305,0.9674,0.0428,27068.94,10226.04,0.6419,45,17,0.7924,1.591,0.7412,0.1014,1.0454,1,4,1,0,2,0,2.5082,601.53,221.64,1004.69,8163.93,8417.98,1,0.0,4.4945,0,0
2026-09-09T14:58:45.218452+00:00,web_sql_injection_v1,web_sql_injection_v1__run_002,initial_access,T1190,10,3,1.361,0.9819,0.0022,42299.77,27494.85,0.6693,60,39,0.5086,0.9041,0.6044,0.1221,0.9708,1,4,0,0,2,0,1.513,705.0,228.55,1148.09,8295.73,6688.86,1,0.0,4.1103,0,0
2026-09-09T14:58:50.218452+00:00,web_sql_injection_v1,web_sql_injection_v1__run_002,initial_access,T1190,7,3,1.5567,0.9916,0.0,47834.69,20500.58,0.8596,56,24,0.5819,1.4171,0.631,0.1446,1.065,1,3,0,0,2,0,2.2441,854.19,264.26,1342.03,7465.97,8589.46,1,0.0,3.2578,0,0
2026-09-09T14:58:55.218452+00:00,web_sql_injection_v1,web_sql_injection_v1__run_002,initial_access,T1190,7,3,1.4488,0.9681,0.0349,25353.0,17505.64,0.7018,42,29,0.3874,0.5711,0.5933,0.0734,0.8136,1,3,0,0,1,0,1.4355,603.64,198.51,963.49,8504.63,8513.45,0,0.0376,4.3902,0,1
2026-09-09T14:59:00.218452+00:00,web_sql_injection_v1,web_sql_injection_v1__run_002,initial_access,T1190,6,4,1.9183,1.0,0.0,22387.55,8955.02,0.7105,30,12,1.0887,2.5111,0.6634,0.0977,0.9567,1,3,0,0,1,0,2.3304,746.25,141.4,1008.7,8137.78,8120.23,0,0.0,3.644,0,0
2026-09-09T14:59:05.218452+00:00,web_sql_injection_v1,web_sql_injection_v1__run_002,initial_access,T1190,5,2,0.971,1.0,0.0,18137.97,25393.16,0.7339,30,42,0.4924,1.3616,0.6745,0.1202,1.0352,1,2,0,0,1,0,0.7087,604.6,136.51,785.54,8565.7,8319.14,0,0.0224,4.3185,0,0
2026-09-09T14:59:10.218452+00:00,web_sql_injection_v1,web_sql_injection_v1__run_002,initial_access,T1190,14,4,1.7885,0.9394,0.0669,96915.64,33983.41,0.7571,154,54,0.6559,1.2441,0.5436,0.0876,0.8063,2,7,1,0,4,0,2.8134,629.32,170.6,1007.75,9118.68,7235.49,3,0.0,3.2795,0,0
2026-09-09T14:59:15.218452+00:00,web_sql_injection_v1,web_sql_injection_v1__run_002,initial_access,T1190,15,4,1.7968,1.0,0.0022,89394.39,81199.91,0.7143,120,109,0.7707,2.2387,0.6183,0.1123,0.9552,3,7,1,0,3,0,1.0974,744.95,121.25,887.25,9503.29,8879.38,1,0.0241,3.0983,0,0
2026-09-09T14:59:20.218452+00:00,web_sql_injection_v1,web_sql_injection_v1__run_002,initial_access,T1190,9,4,1.9749,0.9881,0.0018,53387.95,19490.84,0.6938,63,23,0.3517,0.6441,0.5787,0.1066,0.8985,1,4,0,0,2,0,2.6976,847.43,257.43,1361.25,9161.44,8357.24,1,0.0,5.0633,0,0
2026-09-09T14:59:25.218452+00:00,web_sql_injection_v1,web_sql_injection_v1__run_002,initial_access,T1190,9,4,1.9749,0.9857,0.0031,17782.1,8561.75,0.7602,27,13,0.6117,1.5976,0.7563,0.1816,1.3011,1,4,0,0,2,0,2.0339,658.6,152.27,896.81,8061.32,7786.92,1,0.0335,4.6079,0,0
2026-09-09T14:59:30.218452+00:00,web_sql_injection_v1,web_sql_injection_v1__run_002,initial_access,T1190,6,3,1.2516,0.9702,0.0211,31546.34,27790.82,0.735,42,37,0.6713,1.0369,0.6828,0.1197,1.0418,1,2,0,0,1,0,1.1183,751.1,167.07,985.98,7775.51,8226.58,0,0.0115,4.0711,0,0
2026-09-09T14:59:35.218452+00:00,web_sql_injection_v1,web_sql_injection_v1__run_002,initial_access,T1190,6,4,1.9183,1.0,0.0,27771.88,14657.38,0.7998,36,19,0.7498,0.9769,0.5493,0.13,0.9393,1,2,0,0,1,0,1.8332,771.44,330.47,1108.61,8166.41,7567.42,0,0.0127,3.3388,0,0
2026-09-09T14:59:40.218452+00:00,web_sql_injection_v1,web_sql_injection_v1__run_002,initial_access,T1190,9,4,1.8366,0.971,0.0187,36703.21,19225.49,0.7683,63,33,0.4726,1.0804,0.6032,0.0792,0.8408,1,4,0,0,2,0,1.9065,582.59,108.59,728.97,9315.02,9270.49,1,0.0547,4.1016,0,1
2026-09-09T14:59:45.218452+00:00,web_sql_injection_v1,web_sql_injection_v1__run_002,initial_access,T1190,3,2,0.9183,1.0,0.0151,2880.85,960.28,0.7719,6,2,0.6788,1.6704,0.7988,0.2096,1.4274,0,1,0,0,0,0,2.0972,480.14,95.95,564.33,9540.18,7612.28,0,0.0,4.3878,0,0
2026-09-09T14:59:50.218452+00:00,web_sql_injection_v1,web_sql_injection_v1__run_002,initial_access,T1190,6,3,1.2516,1.0,0.0173,9450.08,5512.55,0.65,12,7,0.3876,0.765,0.6975,0.197,1.2884,1,2,0,0,1,0,1.7126,787.51,231.83,1191.43,9941.39,8729.48,0,0.0189,4.0552,0,0
2026-09-09T14:59:55.218452+00:00,web_sql_injection_v1,web_sql_injection_v1__run_002,initial_access,T1190,9,3,1.585,1.0,0.0058,33207.27,14143.84,0.7029,54,23,0.5037,1.0972,0.7277,0.1583,1.2026,2,4,0,0,2,0,2.3297,614.95,231.67,1157.51,8397.91,6684.31,1,0.0,4.572,0,0
2026-09-09T15:00:00.218452+00:00,web_sql_injection_v1,web_sql_injection_v1__run_002,initial_access,T1190,4,3,1.5,0.9774,0.0028,24537.05,10905.35,0.6915,36,16,0.7132,1.1855,0.6385,0.1817,1.1835,0,2,0,0,0,0,2.2217,681.58,100.64,837.23,7586.69,9329.74,0,0.0639,3.8314,0,0
2026-09-09T15:00:05.218452+00:00,web_sql_injection_v1,web_sql_injection_v1__run_002,initial_access,T1190,7,3,1.4488,1.0,0.0233,37505.94,15404.23,0.7762,56,23,0.8366,1.6799,0.5489,0.1212,0.9124,1,3,0,0,1,0,2.3354,669.75,201.8,1049.52,8056.32,8440.8,0,0.0159,3.8239,0,0
2026-09-09T15:00:10.218452+00:00,web_sql_injection_v1,web_sql_injection_v1__run_002,initial_access,T1190,5,4,1.9219,1.0,0.0,20332.23,9488.38,0.7235,30,14,0.7626,1.8765,0.6661,0.0863,0.925,0,2,0,0,1,0,2.1082,677.74,188.78,936.49,8938.39,8982.92,0,0.0386,4.0103,0,0
2026-09-09T15:00:15.218452+00:00,web_sql_injection_v1,web_sql_injection_v1__run_002,initial_access,T1190,11,4,1.8676,1.0,0.0371,26270.85,13732.49,0.7199,44,23,0.8476,1.7172,0.6345,0.165,1.1296,2,5,1,0,2,0,1.9046,597.06,135.07,838.11,8766.83,8729.91,1,0.0,4.5267,0,0
2026-09-09T15:00:20.218452+00:00,web_sql_injection_v1,web_sql_injection_v1__run_002,initial_access,T1190,8,4,1.8113,0.9844,0.011,26216.79,7865.04,0.8163,40,12,0.5815,1.1472,0.8238,0.2095,1.4522,1,4,0,0,2,0,3.2035,655.42,276.26,1307.02,7423.3,9789.21,1,0.08,3.7771,0,0
2026-09-09T15:00:25.218452+00:00,web_sql_injection_v1,web_sql_injection_v1__run_002,initial_access,T1190,6,3,1.4591,1.0,0.0,29269.86,16725.63,0.7072,42,24,0.6687,1.9875,0.503,0.0663,0.7018,1,2,0,0,1,0,1.7072,696.9,174.59,1031.07,7527.43,6532.61,0,0.0261,3.9892,0,1
2026-09-09T15:00:30.218452+00:00,web_sql_injection_v1,web_sql_injection_v1__run_002,initial_access,T1190,10,4,1.971,1.0,0.0,18772.33,11263.4,0.7799,30,18,0.5684,0.8458,0.5991,0.1472,1.0405,1,5,0,0,2,0,1.6429,625.74,152.56,889.48,8197.79,8366.2,1,0.0039,4.0594,0,0
2026-09-09T15:00:35.218452+00:00,web_sql_injection_v1,web_sql_injection_v1__run_002,initial_access,T1190,9,4,1.8366,1.0,0.0,12486.71,6243.36,0.7003,18,9,0.5887,0.8836,0.5445,0.0764,0.7737,1,4,0,0,2,0,1.8557,693.71,78.8,774.06,7812.1,9257.81,1,0.0728,3.9197,0,0
2026-09-09T15:00:40.218452+00:00,web_sql_injection_v1,web_sql_injection_v1__run_002,initial_access,T1190,6,3,1.585,0.9773,0.0429,54897.08,26141.47,0.8008,84,40,0.4581,0.9688,0.5593,0.0972,0.8509,1,3,0,0,1,0,2.0818,653.54,214.49,1053.45,7889.28,7735.66,0,0.0,4.3648,0,0
2026-09-09T15:00:45.218452+00:00,web_sql_injection_v1,web_sql_injection_v1__run_002,initial_access,T1190,5,2,0.971,0.9559,0.0648,30104.86,23414.89,0.7405,45,35,0.5933,1.151,0.5529,0.1635,1.0434,1,2,0,0,1,0,1.2677,669.0,220.28,992.17,8808.29,7823.76,0,0.0,3.4911,0,0
2026-09-09T15:00:50.218452+00:00,web_sql_injection_v1,web_sql_injection_v1__run_002,initial_access,T1190,7,4,1.8424,0.9847,0.0367,20942.24,14210.81,0.7511,28,19,0.4216,1.215,0.5681,0.1672,1.0698,1,3,0,0,1,0,1.4615,747.94,366.99,1517.49,8973.88,8679.37,0,0.0166,4.6625,0,0
2026-09-09T15:00:55.218452+00:00,web_sql_injection_v1,web_sql_injection_v1__run_002,initial_access,T1190,10,3,1.571,1.0,0.0,50052.15,35036.5,0.7233,70,49,1.0812,3.1354,0.8353,0.1243,1.2082,2,4,0,0,2,0,1.4134,715.03,229.99,1178.67,7826.99,7905.74,1,0.0,4.1275,0,0
2026-09-09T15:01:00.218452+00:00,web_sql_injection_v1,web_sql_injection_v1__run_002,initial_access,T1190,4,4,2.0,0.998,0.0,11338.02,4960.38,0.8923,16,7,1.0526,1.7152,0.8354,0.1377,1.2484,0,1,0,0,1,0,2.2434,708.63,254.01,980.78,8157.81,8162.76,0,0.0364,4.0166,0,0
2026-09-09T15:01:05.218452+00:00,web_sql_injection_v1,web_sql_injection_v1__run_002,initial_access,T1190,8,4,1.8113,1.0,0.0,37644.25,27560.97,0.7162,56,41,0.5065,0.9254,0.574,0.1386,0.9898,1,3,0,0,2,0,1.3561,672.22,278.76,1191.03,7529.32,7013.24,1,0.0387,3.1766,0,0
2026-09-09T15:01:10.218452+00:00,web_sql_injection_v1,web_sql_injection_v1__run_002,initial_access,T1190,13,4,1.7605,0.9941,0.0,87627.58,60665.25,0.6802,130,90,0.3853,0.566,0.642,0.1376,1.0546,2,6,1,0,3,0,1.4288,674.06,166.63,957.38,8613.88,8397.07,2,0.0115,4.3537,0,0
2026-09-09T15:01:15.218452+00:00,web_sql_injection_v1,web_sql_injection_v1__run_002,initial_access,T1190,7,3,1.3788,0.9911,0.0,21891.95,9382.27,0.7842,35,15,0.7689,1.0542,0.7527,0.1564,1.222,1,3,0,0,1,0,2.1896,625.48,215.11,1037.74,8807.82,5668.6,0,0.0339,4.1123,0,0
2026-09-09T15:01:20.218452+00:00,web_sql_injection_v1,web_sql_injection_v1__run_002,initial_access,T1190,7,3,1.3788,0.9788,0.0495,23901.6,11097.17,0.8882,28,13,0.6125,1.4277,0.7137,0.1682,1.2184,1,3,0,0,1,0,2.1382,853.63,208.55,1240.45,10189.93,7931.87,0,0.0097,3.9498,0,0
2026-09-09T15:01:25.218452+00:00,web_sql_injection_v1,web_sql_injection_v1__run_002,initial_access,T1190,4,3,1.5,1.0,0.0,35860.73,18926.5,0.7808,36,19,0.4651,1.3472,0.9221,0.1015,1.2266,0,2,0,0,1,0,1.827,996.13,395.84,1637.81,7147.59,7520.96,0,0.0236,3.8122,0,1
2026-09-09T15:01:30.218452+00:00,web_sql_injection_v1,web_sql_injection_v1__run_002,initial_access,T1190,14,4,1.9242,1.0,0.0078,63778.91,46207.17,0.7446,98,71,0.5136,1.0302,0.5997,0.0955,0.8861,3,6,1,0,3,0,1.3621,650.81,232.63,1189.47,7088.09,8425.53,1,0.0426,4.6228,0,0
2026-09-09T15:01:35.218452+00:00,web_sql_injection_v1,web_sql_injection_v1__run_002,initial_access,T1190,5,2,0.971,0.9625,0.0121,10706.07,5888.34,0.7725,20,11,0.3867,1.1434,0.7659,0.1849,1.3206,1,2,0,0,1,0,1.7202,535.3,204.05,929.01,9068.05,7847.6,0,0.0564,3.6656,0,0
2026-09-09T15:01:40.218452+00:00,web_sql_injection_v1,web_sql_injection_v1__run_002,initial_access,T1190,6,4,1.9183,0.9267,0.0927,18098.08,10858.85,0.7118,30,18,0.7382,0.8936,0.5319,0.135,0.937,1,3,0,0,1,0,1.6255,603.27,93.8,732.03,8093.62,8375.15,0,0.0064,4.6947,0,0
2026-09-09T15:01:45.218452+00:00,web_sql_injection_v1,web_sql_injection_v1__run_002,initial_access,T1190,4,3,1.5,0.9916,0.0124,3128.36,1564.18,0.7139,4,2,0.9421,2.6007,0.7415,0.1745,1.2649,0,1,0,0,0,0,1.4822,782.09,109.27,898.44,8715.64,8923.48,0,0.0448,4.1817,0,0
2026-09-09T15:01:50.218452+00:00,web_sql_injection_v1,web_sql_injection_v1__run_002,initial_access,T1190,7,3,1.3788,1.0,0.0173,53432.41,33925.34,0.7889,63,40,1.0874,1.6899,0.8029,0.1871,1.3642,1,3,0,0,1,0,1.5669,848.13,311.8,1429.11,7816.62,7411.43,0,0.0,3.3697,0,0
2026-09-09T15:01:55.218452+00:00,web_sql_injection_v1,web_sql_injection_v1__run_002,initial_access,T1190,7,4,1.8424,1.0,0.0318,36555.17,18930.35,0.7336,56,29,0.8627,2.2724,0.707,0.1549,1.1718,1,3,0,0,1,0,1.8783,652.77,129.11,835.11,6329.84,8185.12,0,0.0259,3.2534,0,0
2026-09-09T15:02:00.218452+00:00,web_sql_injection_v1,web_sql_injection_v1__run_002,initial_access,T1190,12,3,1.5,1.0,0.0,39125.97,16954.59,0.6879,60,26,0.5194,1.3847,0.8598,0.1798,1.3992,3,5,1,0,2,0,2.2762,652.1,247.51,1000.58,8153.49,8204.48,1,0.0,3.4219,0,0
2026-09-09T15:02:05.218452+00:00,web_sql_injection_v1,web_sql_injection_v1__run_002,initial_access,T1190,5,2,0.971,0.9818,0.0399,19689.56,9188.46,0.6575,30,14,0.7913,1.7256,0.8401,0.2159,1.4879,1,2,0,0,1,0,2.1236,656.32,219.67,895.64,8117.3,7974.32,0,0.0465,3.3569,0,0
2026-09-09T15:02:10.218452+00:00,web_sql_injection_v1,web_sql_injection_v1__run_002,initial_access,T1190,4,3,1.5,1.0,0.0015,11197.75,4479.1,0.733,20,8,0.5488,0.8086,0.6011,0.0845,0.8545,0,1,0,0,0,0,2.4979,559.89,192.39,823.56,7523.73,6985.02,0,0.0394,4.032,0,1
2026-09-09T15:02:15.218452+00:00,web_sql_injection_v1,web_sql_injection_v1__run_002,initial_access,T1190,6,3,1.4591,0.987,0.0278,4648.61,3099.07,0.6753,6,4,0.4169,0.8702,0.5442,0.1054,0.8604,1,2,0,0,1,0,1.4936,774.77,268.8,1294.5,7471.84,8013.81,0,0.0,4.623,0,0
2026-09-09T15:02:20.218452+00:00,web_sql_injection_v1,web_sql_injection_v1__run_002,initial_access,T1190,3,3,1.585,0.9644,0.0359,9901.13,4950.56,0.6366,18,9,0.647,0.9944,0.7219,0.1028,1.0301,0,1,0,0,0,0,1.8078,550.06,209.63,821.27,8713.85,8816.23,0,0.0412,4.1023,0,0
2026-09-09T15:02:25.218452+00:00,web_sql_injection_v1,web_sql_injection_v1__run_002,initial_access,T1190,6,3,1.4591,0.9542,0.043,28285.36,13199.84,0.802,30,14,0.4649,0.8711,0.6624,0.1744,1.1856,1,3,0,0,1,0,2.1267,942.85,184.23,1240.43,7791.37,8667.34,0,0.0521,4.5125,0,1
2026-09-09T15:02:30.218452+00:00,web_sql_injection_v1,web_sql_injection_v1__run_002,initial_access,T1190,4,3,1.5,0.9335,0.0551,2426.37,1213.19,0.8136,4,2,0.5535,1.5617,0.6583,0.152,1.1144,0,1,0,0,0,0,1.4964,606.59,145.45,787.43,8645.5,7698.1,0,0.0,4.0202,0,0
2026-09-09T15:02:35.218452+00:00,web_sql_injection_v1,web_sql_injection_v1__run_002,initial_access,T1190,9,4,1.8366,0.9854,0.0273,68576.76,47622.75,0.7749,72,50,0.611,1.5774,0.6223,0.0884,0.8874,1,4,0,0,2,0,1.4289,952.45,480.99,1974.22,7578.05,8904.46,1,0.0522,4.9931,0,0
2026-09-09T15:02:40.218452+00:00,web_sql_injection_v1,web_sql_injection_v1__run_002,initial_access,T1190,5,3,1.371,1.0,0.0,19607.42,8496.55,0.8041,30,13,0.3824,1.0465,0.5871,0.1135,0.9277,0,2,0,0,1,0,2.146,653.58,285.62,1207.25,6491.06,9156.07,0,0.0345,4.1753,0,0
2026-09-09T15:02:45.218452+00:00,web_sql_injection_v1,web_sql_injection_v1__run_002,initial_access,T1190,7,4,1.9502,0.9738,0.0151,24977.86,11418.45,0.7458,35,16,1.008,1.2488,0.8839,0.1133,1.2238,1,3,0,0,1,0,2.1537,713.65,247.49,1260.7,8371.74,9237.49,0,0.0311,3.3124,0,0
2026-09-09T15:02:50.218452+00:00,web_sql_injection_v1,web_sql_injection_v1__run_002,initial_access,T1190,9,4,1.8366,0.9971,0.0,33322.41,34803.4,0.746,45,47,0.9007,1.2291,0.7181,0.1025,1.0254,1,4,1,0,2,0,0.9503,740.5,205.26,1167.93,7538.33,7699.52,1,0.0039,3.7899,0,0
2026-09-09T15:02:55.218452+00:00,web_sql_injection_v1,web_sql_injection_v1__run_002,initial_access,T1190,9,4,1.8911,0.9902,0.0,27709.37,14778.33,0.7954,45,24,0.7823,1.2465,0.6416,0.1543,1.1044,1,4,0,0,2,0,1.8646,615.76,180.16,826.05,6278.93,8567.5,1,0.0,4.2085,0,0
2026-09-09T15:03:00.218452+00:00,web_sql_injection_v1,web_sql_injection_v1__run_002,initial_access,T1190,7,4,1.8424,0.9762,0.0194,26846.78,21573.3,0.8178,56,45,0.6082,1.6766,0.555,0.1452,0.9906,1,3,0,0,1,0,1.2281,479.41,155.43,733.77,7700.16,8534.54,0,0.0012,4.5195,0,0
2026-09-09T15:03:05.218452+00:00,web_sql_injection_v1,web_sql_injection_v1__run_002,initial_access,T1190,8,4,1.75,1.0,0.0,48057.97,22827.54,0.7811,80,38,0.8225,1.2268,0.5715,0.1058,0.8889,1,4,0,0,1,0,2.0689,600.72,116.53,794.17,7563.26,7642.19,0,0.0213,4.0402,0,0
2026-09-09T15:03:10.218452+00:00,web_sql_injection_v1,web_sql_injection_v1__run_002,initial_access,T1190,6,4,1.7925,1.0,0.0,15840.14,7392.07,0.756,30,14,0.9122,2.5297,0.7171,0.2138,1.3583,1,3,0,0,1,0,2.0663,528.0,157.3,771.07,7808.13,8187.09,0,0.0729,4.6158,0,0
2026-09-09T15:03:15.218452+00:00,web_sql_injection_v1,web_sql_injection_v1__run_002,initial_access,T1190,4,3,1.5,1.0,0.0051,5102.05,1913.27,0.7472,8,3,0.5709,1.076,0.6995,0.2004,1.3008,0,1,0,0,0,0,2.1792,637.76,220.81,876.17,10060.81,8553.49,0,0.0047,3.2934,0,0
2026-09-09T15:03:20.218452+00:00,web_sql_injection_v1,web_sql_injection_v1__run_002,initial_access,T1190,10,4,1.971,1.0,0.0,39545.11,29263.38,0.7662,50,37,0.4697,0.9246,0.6992,0.207,1.3202,1,5,1,0,2,0,1.3252,790.9,239.91,1053.03,9412.15,8500.4,1,0.039,3.5384,0,0
2026-09-09T15:03:25.218452+00:00,web_sql_injection_v1,web_sql_injection_v1__run_002,initial_access,T1190,9,4,1.6577,0.9469,0.072,52635.12,28591.92,0.7484,81,44,0.8947,1.5874,0.8108,0.1948,1.3953,1,4,0,0,2,0,1.8294,649.82,206.43,1108.38,8148.38,7714.07,1,0.0225,4.7986,0,0
2026-09-09T15:03:30.218452+00:00,web_sql_injection_v1,web_sql_injection_v1__run_002,initial_access,T1190,5,3,1.5219,0.9969,0.0349,28605.19,13730.49,0.7032,25,12,0.9019,1.1427,0.6468,0.0781,0.8811,1,2,0,0,1,0,1.9559,1144.21,396.83,1928.15,6309.74,8196.89,0,0.0,4.458,0,0
2026-09-09T15:03:35.218452+00:00,web_sql_injection_v1,web_sql_injection_v1__run_002,initial_access,T1190,11,3,1.4949,0.9864,0.0,48488.06,29386.7,0.7174,66,40,0.5548,0.878,0.5577,0.1223,0.9246,2,5,0,0,2,0,1.6383,734.67,167.51,946.61,9118.71,7251.91,1,0.0194,4.4109,0,0
2026-09-09T15:03:40.218452+00:00,web_sql_injection_v1,web_sql_injection_v1__run_002,initial_access,T1190,8,4,1.9056,1.0,0.0197,20275.74,13939.57,0.7409,32,22,0.5871,1.5472,0.6649,0.1052,0.9806,1,4,0,0,2,0,1.4322,633.62,201.6,1026.03,9016.69,8698.3,1,0.0334,4.0439,0,1
2026-09-09T15:03:45.218452+00:00,web_sql_injection_v1,web_sql_injection_v1__run_002,initial_access,T1190,13,4,1.922,1.0,0.0,42728.75,28266.71,0.7235,65,43,0.6096,1.2546,0.7283,0.1947,1.3125,2,6,1,0,3,0,1.4981,657.37,191.81,1055.88,7453.48,7835.23,1,0.0404,4.9542,0,0
2026-09-09T15:03:50.218452+00:00,web_sql_injection_v1,web_sql_injection_v1__run_002,initial_access,T1190,3,3,1.585,1.0,0.0,17777.14,10370.0,0.7298,24,14,0.8956,2.1894,0.6807,0.1005,0.9821,0,1,0,0,0,0,1.6697,740.71,310.29,1175.04,6316.85,8157.11,0,0.0549,4.7626,0,0
2026-09-09T15:03:55.218452+00:00,web_sql_injection_v1,web_sql_injection_v1__run_002,initial_access,T1190,5,3,1.371,0.989,0.012,23655.96,15770.64,0.786,30,20,1.0315,2.6468,0.7557,0.0881,1.0199,1,2,0,0,1,0,1.437,788.53,379.06,1483.71,9134.19,7782.28,0,0.0223,3.7878,0,0
2026-09-09T15:04:00.218452+00:00,web_sql_injection_v1,web_sql_injection_v1__run_002,initial_access,T1190,9,3,1.3921,0.9595,0.0332,25241.01,12620.5,0.7902,36,18,0.8111,2.0406,0.8366,0.1084,1.1617,1,4,0,0,2,0,1.9322,701.14,195.95,1012.24,8944.42,6588.89,1,0.0534,3.6269,0,0
2026-09-09T15:04:05.218452+00:00,web_sql_injection_v1,web_sql_injection_v1__run_002,initial_access,T1190,6,4,1.7925,0.988,0.0023,42704.09,35586.74,0.7516,54,45,0.4824,1.1798,0.641,0.1177,0.9942,1,2,0,0,1,0,1.1999,790.82,224.87,1202.58,8422.0,7655.5,0,0.0241,4.732,0,0
2026-09-09T15:04:10.218452+00:00,web_sql_injection_v1,web_sql_injection_v1__run_002,initial_access,T1190,9,3,1.585,1.0,0.0,25671.51,15688.15,0.7988,36,22,0.7048,0.9131,0.6374,0.1209,1.0,1,4,0,0,2,0,1.6005,713.1,176.06,1070.02,7875.68,7996.72,1,0.0104,3.3544,0,0
2026-09-09T15:04:15.218452+00:00,web_sql_injection_v1,web_sql_injection_v1__run_002,initial_access,T1190,7,4,1.6645,0.9708,0.013,35304.09,17291.8,0.7933,49,24,1.0333,2.2954,0.7442,0.2104,1.3753,1,3,0,0,1,0,1.9784,720.49,107.38,858.7,7653.22,8346.95,0,0.0582,4.1238,0,0
2026-09-09T15:04:20.218452+00:00,web_sql_injection_v1,web_sql_injection_v1__run_002,initial_access,T1190,6,4,1.9183,0.9926,0.0203,24229.8,12922.56,0.7371,30,16,1.0884,1.5639,0.7653,0.136,1.1732,1,2,0,0,1,0,1.8511,807.66,362.97,1333.49,9420.69,6978.86,0,0.0176,3.6009,0,0
2026-09-09T15:04:25.218452+00:00,web_sql_injection_v1,web_sql_injection_v1__run_002,initial_access,T1190,2,2,1.0,1.0,0.0228,5391.07,4312.86,0.7204,10,8,0.5445,1.5019,0.6611,0.0909,0.9337,0,0,0,0,0,0,1.1682,539.11,89.12,628.22,9172.63,6788.15,0,0.0549,5.0063,0,0
2026-09-09T15:04:30.218452+00:00,web_sql_injection_v1,web_sql_injection_v1__run_002,initial_access,T1190,9,3,1.4355,0.988,0.0417,22553.27,13782.55,0.7172,36,22,1.1124,2.3822,0.7268,0.1709,1.2394,2,4,1,0,2,0,1.6184,626.48,226.76,1026.25,6868.67,8761.59,1,0.0337,3.2745,0,0
2026-09-09T15:04:35.218452+00:00,web_sql_injection_v1,web_sql_injection_v1__run_002,initial_access,T1190,8,4,1.8113,1.0,0.0094,30269.68,15891.58,0.7765,40,21,0.3751,0.649,0.7139,0.2032,1.3235,1,4,1,0,2,0,1.8454,756.74,305.33,1409.42,7752.35,7733.09,1,0.0491,3.0839,0,0
2026-09-09T15:04:40.218452+00:00,web_sql_injection_v1,web_sql_injection_v1__run_002,initial_access,T1190,3,3,1.585,1.0,0.0,11960.18,6378.76,0.7681,15,8,0.5678,0.9996,0.8775,0.2127,1.5157,0,1,0,0,0,0,1.847,797.35,299.51,1079.78,8171.8,9525.95,0,0.0448,4.5785,0,0
2026-09-09T15:04:45.218452+00:00,web_sql_injection_v1,web_sql_injection_v1__run_002,initial_access,T1190,7,3,1.4488,1.0,0.0026,23049.74,13829.85,0.6821,35,21,0.7473,1.5016,0.6749,0.1964,1.2642,1,3,0,0,1,0,1.6063,658.56,187.14,919.09,7945.32,9220.75,0,0.0,4.2103,0,0
2026-09-09T15:04:50.218452+00:00,web_sql_injection_v1,web_sql_injection_v1__run_002,initial_access,T1190,8,3,1.5613,1.0,0.0412,19844.17,8061.69,0.7348,32,13,0.8765,1.0952,0.7233,0.1004,1.0246,1,4,0,0,2,0,2.4613,620.13,152.36,799.07,7405.09,8732.63,1,0.0141,4.2093,0,0
2026-09-09T15:04:55.218452+00:00,web_sql_injection_v1,web_sql_injection_v1__run_002,initial_access,T1190,6,4,1.7925,0.987,0.0,4048.64,2024.32,0.6907,6,3,1.0982,1.8536,0.7929,0.1229,1.1616,1,2,0,0,1,0,1.9658,674.77,315.41,1376.65,8858.03,9241.05,0,0.0,4.1692,0,0
2026-09-09T15:05:00.218452+00:00,web_sql_injection_v1,web_sql_injection_v1__run_002,initial_access,T1190,6,4,1.9183,1.0,0.0306,30048.16,15024.08,0.8088,48,24,0.5156,1.3168,0.6667,0.1682,1.1712,1,2,0,0,1,0,1.957,626.0,160.25,802.68,8652.03,8567.44,0,0.0,4.2565,0,0
2026-09-09T15:05:05.218452+00:00,web_sql_injection_v1,web_sql_injection_v1__run_002,initial_access,T1190,9,4,1.8911,1.0,0.0148,79129.12,38685.35,0.7231,90,44,0.7335,1.8476,0.7969,0.2253,1.4729,1,4,1,0,2,0,2.0304,879.21,126.69,1095.34,8658.9,7290.65,1,0.0564,3.5946,0,0
2026-09-09T15:05:10.218452+00:00,web_sql_injection_v1,web_sql_injection_v1__run_002,initial_access,T1190,6,4,1.9183,0.9534,0.1048,32248.11,16124.05,0.7109,48,24,0.6904,1.7328,0.7068,0.1673,1.2088,1,3,0,0,1,0,1.9282,671.84,216.46,902.09,8227.38,8926.56,0,0.0102,4.4445,0,0
2026-09-09T15:05:15.218452+00:00,web_sql_injection_v1,web_sql_injection_v1__run_002,initial_access,T1190,6,3,1.4591,1.0,0.0469,20678.73,11028.66,0.7953,30,16,0.8109,2.1859,0.7787,0.1557,1.2458,1,2,0,0,1,0,1.8515,689.29,235.38,1144.66,8540.07,7133.63,0,0.0219,4.3466,0,0
2026-09-09T15:05:20.218452+00:00,web_sql_injection_v1,web_sql_injection_v1__run_002,initial_access,T1190,13,4,1.8843,1.0,0.0,18202.83,5600.87,0.7419,26,8,0.679,1.6086,0.6331,0.1179,0.9869,2,6,1,0,3,0,3.1989,700.11,256.42,1261.07,7968.09,9053.13,2,0.0988,3.8524,0,1
2026-09-09T15:05:25.218452+00:00,web_sql_injection_v1,web_sql_injection_v1__run_002,initial_access,T1190,3,2,0.9183,1.0,0.0,8402.9,4668.28,0.7721,9,5,0.3462,0.7179,0.6687,0.1443,1.1015,0,1,0,0,0,0,1.5105,933.66,355.95,1393.14,7274.96,9474.63,0,0.0,4.1093,0,0
2026-09-09T15:05:30.218452+00:00,web_sql_injection_v1,web_sql_injection_v1__run_002,initial_access,T1190,5,3,1.371,1.0,0.0,26797.8,14547.38,0.7355,35,19,0.6647,1.2061,0.5658,0.147,1.0069,1,2,0,0,1,0,1.7544,765.65,355.89,1323.4,6756.15,8280.49,0,0.0,4.3168,0,0
2026-09-09T15:05:35.218452+00:00,web_sql_injection_v1,web_sql_injection_v1__run_002,initial_access,T1190,1,1,-0.0,0.9717,0.0682,2906.88,968.96,0.7046,3,1,0.3441,0.7859,0.7268,0.1229,1.0955,0,0,0,0,0,0,1.93,968.96,0.0,968.96,9282.75,8386.1,0,0.0,4.2611,0,0
2026-09-09T15:05:40.218452+00:00,web_sql_injection_v1,web_sql_injection_v1__run_002,initial_access,T1190,6,4,1.9183,1.0,0.0021,17443.77,12792.1,0.7499,30,22,0.7905,1.4602,0.7875,0.0847,1.0415,1,2,0,0,1,0,1.3074,581.46,229.33,1068.32,9529.15,5394.88,0,0.0,4.1067,0,0
2026-09-09T15:05:45.218452+00:00,web_sql_injection_v1,web_sql_injection_v1__run_002,initial_access,T1190,13,4,1.922,1.0,0.0165,99296.21,46592.84,0.7395,130,61,0.6103,1.2562,0.4772,0.1006,0.779,2,6,1,0,2,0,2.0971,763.82,239.98,1312.01,6775.39,7551.04,1,0.0118,3.8239,0,0
2026-09-09T15:05:50.218452+00:00,web_sql_injection_v1,web_sql_injection_v1__run_002,initial_access,T1190,7,3,1.5567,0.9396,0.0602,32891.73,19466.53,0.724,49,29,0.72,2.148,0.5562,0.0715,0.7708,1,3,0,0,1,0,1.6665,671.26,258.53,1063.46,7771.36,9652.2,0,0.0,3.7779,0,0
2026-09-09T15:05:55.218452+00:00,web_sql_injection_v1,web_sql_injection_v1__run_002,initial_access,T1190,9,4,1.8911,0.9879,0.0299,50861.62,33201.34,0.7536,72,47,0.8226,1.6405,0.7251,0.1443,1.158,1,4,0,0,2,0,1.5004,706.41,232.17,1224.5,5529.01,8320.98,1,0.0002,3.6335,0,1
2026-09-09T15:06:00.218452+00:00,web_sql_injection_v1,web_sql_injection_v1__run_002,initial_access,T1190,4,3,1.5,0.9782,0.0182,26255.35,10939.73,0.7758,36,15,0.9781,1.7673,0.7681,0.0771,0.9993,0,2,0,0,0,0,2.3503,729.32,228.22,1092.95,8678.46,7265.04,0,0.0,4.0729,0,0
2026-09-09T15:06:05.218452+00:00,web_sql_injection_v1,web_sql_injection_v1__run_002,initial_access,T1190,10,4,1.761,0.9535,0.0647,37499.7,11249.91,0.7858,50,15,0.583,1.1551,0.5182,0.1539,0.9797,2,4,0,0,2,0,3.1915,749.99,219.18,1104.1,8248.79,10001.17,1,0.059,3.7604,0,0
2026-09-09T15:06:10.218452+00:00,web_sql_injection_v1,web_sql_injection_v1__run_002,initial_access,T1190,6,3,1.4591,1.0,0.0413,37640.12,25093.41,0.7012,42,28,0.748,2.1665,0.6101,0.0928,0.8884,1,2,0,0,1,0,1.4633,896.19,231.87,1299.07,6433.74,6111.97,0,0.0327,3.5875,0,0
2026-09-09T15:06:15.218452+00:00,web_sql_injection_v1,web_sql_injection_v1__run_002,initial_access,T1190,5,3,1.371,0.9874,0.0,14253.9,5701.56,0.6571,15,6,0.6527,0.849,0.4325,0.1128,0.7709,1,2,0,0,1,0,2.143,950.26,200.22,1183.31,8827.86,7508.14,0,0.027,4.2162,0,0
2026-09-09T15:06:20.218452+00:00,web_sql_injection_v1,web_sql_injection_v1__run_002,initial_access,T1190,5,3,1.5219,1.0,0.0,25924.62,12962.31,0.7472,30,15,0.696,1.4581,0.7267,0.0907,0.9987,1,2,0,0,1,0,1.9838,864.15,254.05,1185.23,7040.67,9376.05,0,0.0,3.8387,0,0
2026-09-09T15:06:25.218452+00:00,web_sql_injection_v1,web_sql_injection_v1__run_002,initial_access,T1190,9,4,1.8911,0.9996,0.0,56199.09,23416.29,0.6936,72,30,0.5727,0.9476,0.7269,0.1652,1.2226,1,4,0,0,2,0,2.3866,780.54,381.38,1792.87,9044.76,7045.3,1,0.0275,4.2464,0,0
2026-09-09T15:06:30.218452+00:00,web_sql_injection_v1,web_sql_injection_v1__run_002,initial_access,T1190,6,4,1.9183,0.9538,0.0293,28100.5,13464.82,0.7207,48,23,0.543,1.3835,0.5888,0.1627,1.077,1,3,0,0,1,0,2.0022,585.43,230.64,1086.05,9627.75,8171.64,0,0.054,3.6022,0,0
2026-09-09T15:06:35.218452+00:00,web_sql_injection_v1,web_sql_injection_v1__run_002,initial_access,T1190,8,4,1.9056,0.9836,0.0333,62040.95,55695.86,0.7946,88,79,0.9887,1.3118,0.9332,0.126,1.3113,1,3,0,0,1,0,1.1113,705.01,185.88,1049.11,8135.06,10056.83,0,0.0274,3.6208,0,0
2026-09-09T15:06:40.218452+00:00,web_sql_injection_v1,web_sql_injection_v1__run_002,initial_access,T1190,3,3,1.585,0.9712,0.0243,13024.07,6512.03,0.7453,24,12,0.6089,1.237,0.6251,0.1252,1.0007,0,1,0,0,0,0,1.9058,542.67,121.04,706.37,10199.9,7590.77,0,0.0047,3.3906,0,0
2026-09-09T15:06:45.218452+00:00,web_sql_injection_v1,web_sql_injection_v1__run_002,initial_access,T1190,2,2,1.0,1.0,0.0,13990.16,8743.85,0.7547,16,10,0.6705,1.7677,0.7131,0.1752,1.2385,0,0,0,0,0,0,1.4803,874.39,76.53,950.91,9525.08,7434.47,0,0.0584,4.1289,0,0
2026-09-09T15:06:50.218452+00:00,web_sql_injection_v1,web_sql_injection_v1__run_002,initial_access,T1190,10,4,1.9219,1.0,0.0061,49594.82,28339.89,0.7511,70,40,0.5304,1.3714,0.783,0.1402,1.2035,1,4,0,0,2,0,1.7458,708.5,345.1,1594.6,8587.54,7863.63,1,0.0,3.8203,0,0
2026-09-09T15:06:55.218452+00:00,web_sql_injection_v1,web_sql_injection_v1__run_002,initial_access,T1190,12,4,1.9183,0.9639,0.0673,69979.65,32397.99,0.8283,108,50,0.6924,1.0392,0.5866,0.1195,0.945,1,5,0,0,2,0,2.1281,647.96,330.48,1607.58,7973.1,8777.01,1,0.0799,3.2325,0,0
2026-09-09T15:07:00.218452+00:00,web_sql_injection_v1,web_sql_injection_v1__run_002,initial_access,T1190,9,4,1.8366,0.9985,0.0122,22269.02,16701.77,0.8027,36,27,0.502,1.3511,0.7824,0.2337,1.4836,2,4,1,0,2,0,1.2983,618.58,260.57,1175.27,7910.42,7286.38,1,0.004,3.9786,0,0
2026-09-09T15:07:05.218452+00:00,web_sql_injection_v1,web_sql_injection_v1__run_002,initial_access,T1190,13,4,1.7381,1.0,0.0,21890.21,10945.11,0.8001,26,13,0.5905,1.7392,0.6194,0.0882,0.884,2,6,1,0,2,0,1.9462,841.93,409.73,2022.42,9185.91,9865.56,1,0.0322,5.6255,0,0
2026-09-09T15:07:10.218452+00:00,web_sql_injection_v1,web_sql_injection_v1__run_002,initial_access,T1190,4,3,1.5,0.9982,0.0,11496.07,5173.23,0.7049,20,9,0.8189,2.4318,0.7296,0.1835,1.2801,0,1,0,0,1,0,2.2102,574.8,181.58,808.93,8888.3,6917.81,0,0.0236,3.3677,0,0
2026-09-09T15:07:15.218452+00:00,web_sql_injection_v1,web_sql_injection_v1__run_002,initial_access,T1190,7,4,1.8424,1.0,0.0164,53452.5,58543.21,0.7061,84,92,0.5247,1.5707,0.6049,0.1547,1.0689,1,3,0,0,1,0,0.9041,636.34,196.33,1087.26,7404.16,9280.93,0,0.0302,4.3735,0,0
2026-09-09T15:07:20.218452+00:00,web_sql_injection_v1,web_sql_injection_v1__run_002,initial_access,T1190,3,2,0.9183,1.0,0.0023,19488.92,8352.4,0.6856,21,9,1.0332,1.6138,0.729,0.1058,1.0464,0,1,0,0,0,0,2.2404,928.04,335.38,1304.78,10457.99,8632.34,0,0.0473,4.2017,0,1
2026-09-09T15:07:25.218452+00:00,web_sql_injection_v1,web_sql_injection_v1__run_002,initial_access,T1190,2,2,1.0,0.9936,0.0235,5329.91,2664.96,0.7005,8,4,0.8783,1.2622,0.7403,0.2043,1.3532,0,1,0,0,0,0,1.9387,666.24,29.92,696.16,7129.26,9050.12,0,0.0577,3.2887,0,0
2026-09-09T15:07:30.218452+00:00,web_sql_injection_v1,web_sql_injection_v1__run_002,initial_access,T1190,7,3,1.3788,1.0,0.0061,35958.44,25684.6,0.8221,49,35,0.6252,1.8268,0.6969,0.1193,1.0547,1,3,0,0,1,0,1.3874,733.85,302.37,1458.07,6572.83,7951.06,0,0.0837,3.6627,0,0
2026-09-09T15:07:35.218452+00:00,web_sql_injection_v1,web_sql_injection_v1__run_002,initial_access,T1190,4,3,1.5,1.0,0.0,15921.81,6368.72,0.6834,20,8,0.5777,1.3343,0.833,0.1139,1.1748,0,1,0,0,1,0,2.4884,796.09,295.41,1261.85,9117.82,7985.06,0,0.0444,3.8465,0,0
2026-09-09T15:07:40.218452+00:00,web_sql_injection_v1,web_sql_injection_v1__run_002,initial_access,T1190,11,4,1.8676,0.9775,0.0159,34603.54,21391.28,0.7067,55,34,0.3867,1.1492,0.5668,0.0724,0.7839,2,5,1,0,2,0,1.5995,629.16,169.25,860.28,8807.75,8931.73,1,0.0153,3.79,0,0
2026-09-09T15:07:45.218452+00:00,web_sql_injection_v1,web_sql_injection_v1__run_002,initial_access,T1190,4,2,1.0,1.0,0.0326,25737.08,11030.18,0.7552,28,12,0.524,0.974,0.6276,0.1153,0.9735,0,1,0,0,0,0,2.3153,919.18,569.32,1897.62,8976.77,8700.99,0,0.0,3.2873,0,0
2026-09-09T15:07:50.218452+00:00,web_sql_injection_v1,web_sql_injection_v1__run_002,initial_access,T1190,3,2,0.9183,1.0,0.001,11531.89,5381.55,0.7488,15,7,0.7398,1.0154,0.713,0.1485,1.1586,0,1,0,0,0,0,2.0699,768.79,146.48,957.32,8736.43,6688.7,0,0.0171,3.5125,0,0
2026-09-09T15:07:55.218452+00:00,web_sql_injection_v1,web_sql_injection_v1__run_002,initial_access,T1190,3,1,-0.0,1.0,0.0,14530.01,8072.23,0.7614,18,10,0.5215,0.9759,0.8093,0.1377,1.2223,0,1,0,0,0,0,1.7125,807.22,278.87,1197.72,7151.05,8050.46,0,0.0,4.3132,0,0
2026-09-09T15:08:00.218452+00:00,web_sql_injection_v1,web_sql_injection_v1__run_002,initial_access,T1190,11,4,1.8586,0.9403,0.0319,14322.37,9114.24,0.7103,22,14,0.6732,1.9696,0.6017,0.1156,0.9485,2,5,0,0,2,0,1.5497,651.02,202.47,1061.21,8227.35,9245.07,1,0.0588,4.3579,0,0
2026-09-09T15:08:05.218452+00:00,web_sql_injection_v1,web_sql_injection_v1__run_002,initial_access,T1190,9,4,1.8911,1.0,0.0,18719.45,8319.76,0.7619,27,12,0.9348,1.8861,0.7366,0.145,1.1716,1,4,1,0,1,0,2.185,693.31,186.56,961.39,8728.33,6562.46,0,0.0369,4.141,0,0
2026-09-09T15:08:10.218452+00:00,web_sql_injection_v1,web_sql_injection_v1__run_002,initial_access,T1190,4,2,1.0,1.0,0.0,12625.43,7575.26,0.8294,20,12,0.7698,2.0972,0.8439,0.15,1.2939,0,1,0,0,1,0,1.5547,631.27,251.58,1059.52,8843.41,9022.87,0,0.0088,4.1409,0,0
2026-09-09T15:08:15.218452+00:00,web_sql_injection_v1,web_sql_injection_v1__run_002,initial_access,T1190,7,4,1.8424,0.982,0.0,32664.62,23331.87,0.6963,49,35,0.8305,1.8478,0.8028,0.21,1.4327,1,3,0,0,1,0,1.3971,666.62,98.67,867.88,8484.08,7726.34,0,0.0593,4.473,0,0
2026-09-09T15:08:20.218452+00:00,web_sql_injection_v1,web_sql_injection_v1__run_002,initial_access,T1190,5,4,1.9219,1.0,0.0,21382.26,15680.32,0.7761,30,22,0.7625,1.7606,0.6654,0.0975,0.9579,1,2,0,0,1,0,1.315,712.74,148.91,962.35,6977.24,8171.89,0,0.0404,4.622,0,0
2026-09-09T15:08:25.218452+00:00,web_sql_injection_v1,web_sql_injection_v1__run_002,initial_access,T1190,4,3,1.5,0.9736,0.0157,10623.53,5311.77,0.7164,16,8,0.4803,0.7766,0.7822,0.1753,1.3079,0,2,0,0,0,0,1.798,663.97,141.95,814.81,7946.95,9848.66,0,0.0252,3.4347,0,0
2026-09-09T15:08:30.218452+00:00,web_sql_injection_v1,web_sql_injection_v1__run_002,initial_access,T1190,13,4,1.8843,0.9997,0.0,41991.91,22072.67,0.7208,78,41,0.5909,1.086,0.4962,0.0562,0.6648,2,6,1,0,3,0,1.8657,538.36,128.97,757.47,8214.17,8943.1,2,0.0,4.5776,0,0
2026-09-09T15:08:35.218452+00:00,web_sql_injection_v1,web_sql_injection_v1__run_002,initial_access,T1190,9,4,1.9749,1.0,0.0,22785.91,12658.84,0.7119,36,20,0.2982,0.5765,0.5132,0.0755,0.7397,1,4,0,0,2,0,1.7929,632.94,201.41,1018.81,7129.44,8440.01,1,0.0575,3.7294,0,0
2026-09-09T15:08:40.218452+00:00,web_sql_injection_v1,web_sql_injection_v1__run_002,initial_access,T1190,13,4,1.922,1.0,0.019,96647.2,55344.98,0.6641,117,67,0.6281,0.7908,0.7154,0.101,1.0184,2,6,1,0,3,0,1.7401,826.04,299.16,1544.17,8822.54,8240.19,2,0.0,4.1002,0,1
2026-09-09T15:08:45.218452+00:00,web_sql_injection_v1,web_sql_injection_v1__run_002,initial_access,T1190,9,4,1.6577,0.9593,0.0757,26002.58,15890.47,0.7509,36,22,1.1166,1.6231,0.8113,0.1133,1.1513,1,4,1,0,2,0,1.5696,722.29,218.95,1176.96,7988.0,7362.21,1,0.0,3.6465,0,1
2026-09-09T15:08:50.218452+00:00,web_sql_injection_v1,web_sql_injection_v1__run_002,initial_access,T1190,4,3,1.5,0.9732,0.0415,17380.94,9414.68,0.728,24,13,0.9642,1.4784,0.6243,0.1473,1.0662,0,1,0,0,1,0,1.7563,724.21,202.49,1005.68,10682.4,9775.9,0,0.023,4.8781,0,0
2026-09-09T15:08:55.218452+00:00,web_sql_injection_v1,web_sql_injection_v1__run_002,initial_access,T1190,6,3,1.4591,0.9901,0.0,30347.53,14451.21,0.7185,42,20,0.5509,1.4213,0.7281,0.1233,1.0979,1,2,0,0,1,0,2.0227,722.56,283.53,1145.88,7000.74,8655.02,0,0.0062,4.397,0,0
2026-09-09T15:09:00.218452+00:00,web_sql_injection_v1,web_sql_injection_v1__run_002,initial_access,T1190,10,4,1.8464,0.9747,0.0269,51893.43,27429.38,0.8073,70,37,0.8791,1.3494,0.7297,0.073,0.9487,1,4,1,0,2,0,1.8917,741.33,149.0,1041.59,9500.79,6906.44,1,0.0339,3.999,0,0
2026-09-09T15:09:05.218452+00:00,web_sql_injection_v1,web_sql_injection_v1__run_002,initial_access,T1190,8,3,1.5,0.9851,0.0,13052.16,5710.32,0.7547,16,7,0.8205,1.6518,0.7404,0.2032,1.3499,1,4,0,0,1,0,2.0817,815.76,275.04,1348.22,6642.3,9070.98,0,0.0242,3.5933,0,0
2026-09-09T15:09:10.218452+00:00,web_sql_injection_v1,web_sql_injection_v1__run_002,initial_access,T1190,3,3,1.585,0.993,0.0,10741.81,4092.12,0.8097,21,8,0.5472,1.341,0.7882,0.112,1.124,0,1,0,0,0,0,2.4115,511.51,170.49,675.39,9696.48,6841.18,0,0.036,4.3682,0,0
2026-09-09T15:09:15.218452+00:00,web_sql_injection_v1,web_sql_injection_v1__run_002,initial_access,T1190,5,3,1.371,1.0,0.004,22396.43,11198.22,0.7432,30,15,0.3822,0.5888,0.512,0.0799,0.7516,0,2,0,0,1,0,1.8847,746.55,183.24,1010.42,7973.28,9180.42,0,0.0204,3.4848,0,0
2026-09-09T15:09:20.218452+00:00,web_sql_injection_v1,web_sql_injection_v1__run_002,initial_access,T1190,13,4,1.922,1.0,0.0211,36752.49,14842.35,0.7082,52,21,0.9287,2.0243,0.6204,0.1275,1.0028,2,6,1,0,3,0,2.4495,706.78,242.58,1166.39,7568.85,8900.13,2,0.0,3.6604,0,0
2026-09-09T15:09:25.218452+00:00,web_sql_injection_v1,web_sql_injection_v1__run_002,initial_access,T1190,17,4,1.778,1.0,0.0,54140.79,42038.73,0.7684,85,66,0.7056,1.8157,0.5695,0.1065,0.8892,3,8,1,0,4,0,1.2695,636.95,300.3,1460.46,8853.79,7472.73,2,0.0655,3.2506,0,0
2026-09-09T15:09:30.218452+00:00,web_sql_injection_v1,web_sql_injection_v1__run_002,initial_access,T1190,13,4,1.8339,1.0,0.0066,85157.64,69145.09,0.7563,117,95,0.8856,1.7108,0.7219,0.1178,1.0753,2,6,0,0,3,0,1.2243,727.84,236.74,1067.94,6869.97,6606.95,2,0.0,3.5353,0,0
2026-09-09T15:09:35.218452+00:00,web_sql_injection_v1,web_sql_injection_v1__run_002,initial_access,T1190,8,4,1.9056,0.9852,0.0021,34877.12,23978.02,0.8093,48,33,0.6225,1.2511,0.6809,0.1445,1.1143,1,4,0,0,2,0,1.4308,726.61,301.27,1192.3,5408.52,8870.24,1,0.0304,3.973,0,0
2026-09-09T15:09:40.218452+00:00,web_sql_injection_v1,web_sql_injection_v1__run_002,initial_access,T1190,8,4,1.9056,0.9792,0.0,37438.96,20056.59,0.7122,56,30,0.7791,1.2042,0.6107,0.1351,1.0159,1,4,1,0,1,0,1.8479,668.55,167.02,1023.23,7950.74,7841.86,0,0.0,4.0538,0,0
2026-09-09T15:09:45.218452+00:00,web_sql_injection_v1,web_sql_injection_v1__run_002,initial_access,T1190,7,3,1.5567,0.9617,0.0536,22914.48,11784.59,0.7304,35,18,1.0333,2.0717,0.7811,0.1236,1.1518,1,3,0,0,1,0,1.8529,654.7,292.59,1244.3,7686.66,6927.36,0,0.0574,3.0503,0,0
2026-09-09T15:09:50.218452+00:00,web_sql_injection_v1,web_sql_injection_v1__run_002,initial_access,T1190,1,1,-0.0,1.0,0.0,5068.65,2534.32,0.8085,6,3,0.5705,0.9981,0.7343,0.1837,1.2854,0,0,0,0,0,0,1.937,844.77,0.0,844.77,8702.93,6941.7,0,0.0,4.4362,0,0
2026-09-09T15:09:55.218452+00:00,web_sql_injection_v1,web_sql_injection_v1__run_002,initial_access,T1190,8,4,1.9056,1.0,0.007,20081.46,9204.0,0.7332,24,11,0.7025,1.1058,0.6714,0.1872,1.2331,1,3,0,0,2,0,2.0028,836.73,263.89,1483.31,9675.87,8818.79,1,0.0275,3.6314,0,0
2026-09-09T15:10:00.218452+00:00,web_sql_injection_v1,web_sql_injection_v1__run_002,initial_access,T1190,4,3,1.5,1.0,0.0,11268.3,4225.61,0.7109,16,6,0.4965,1.4095,0.6243,0.08,0.8642,0,1,0,0,0,0,2.6209,704.27,120.57,826.43,8307.94,6399.82,0,0.0,3.2774,0,0
2026-09-09T15:10:05.218452+00:00,web_sql_injection_v1,web_sql_injection_v1__run_002,initial_access,T1190,7,3,1.5567,0.9795,0.0023,30507.69,12203.08,0.5678,35,14,0.6992,1.8959,0.805,0.094,1.0869,1,3,0,0,1,0,2.4796,871.65,310.09,1354.38,8732.27,8147.14,0,0.0901,4.083,0,0
2026-09-09T15:10:10.218452+00:00,web_sql_injection_v1,web_sql_injection_v1__run_002,initial_access,T1190,6,3,1.4591,0.9404,0.041,22060.78,15442.55,0.6939,30,21,0.6591,1.0789,0.8118,0.1639,1.3036,1,3,0,0,1,0,1.4222,735.36,106.83,837.76,8993.28,8086.01,0,0.0,3.0291,0,1
2026-09-09T15:10:15.218452+00:00,web_sql_injection_v1,web_sql_injection_v1__run_002,initial_access,T1190,6,4,1.7925,1.0,0.0194,14199.41,6310.85,0.77,18,8,0.5705,1.57,0.8443,0.1848,1.3987,1,3,0,0,1,0,2.1549,788.86,475.98,1851.82,6025.38,9295.28,0,0.0128,3.9997,0,0
2026-09-09T15:10:20.218452+00:00,web_sql_injection_v1,web_sql_injection_v1__run_002,initial_access,T1190,11,4,1.8586,1.0,0.0244,76495.17,61196.14,0.7294,110,88,0.8373,1.3451,0.5933,0.1044,0.9064,2,5,1,0,2,0,1.2474,695.41,180.25,998.9,8170.74,8911.3,1,0.0167,3.6438,0,0
2026-09-09T15:10:25.218452+00:00,web_sql_injection_v1,web_sql_injection_v1__run_002,initial_access,T1190,8,4,1.9056,1.0,0.0112,21481.32,18124.86,0.757,32,27,0.8676,1.4445,0.6743,0.0839,0.926,1,4,0,0,1,0,1.1741,671.29,176.42,937.03,8362.72,7589.21,0,0.0558,3.442,0,0
2026-09-09T15:10:30.218452+00:00,web_sql_injection_v1,web_sql_injection_v1__run_002,initial_access,T1190,5,3,1.5219,1.0,0.0121,26202.17,11790.98,0.7732,40,18,1.0978,1.999,0.7031,0.1047,1.017,1,2,0,0,1,0,2.1566,655.05,207.93,1027.95,7850.63,7678.66,0,0.0528,4.1256,0,0
2026-09-09T15:10:35.218452+00:00,web_sql_injection_v1,web_sql_injection_v1__run_002,initial_access,T1190,9,3,1.5305,0.9783,0.0334,30031.76,18686.43,0.7389,45,28,0.541,1.2648,0.6095,0.0944,0.8928,1,4,0,0,2,0,1.5595,667.37,170.74,1019.7,8771.16,9246.5,1,0.0068,3.1588,0,0
2026-09-09T15:10:40.218452+00:00,web_sql_injection_v1,web_sql_injection_v1__run_002,initial_access,T1190,10,4,1.971,1.0,0.0016,46793.82,32087.19,0.7789,70,48,0.4415,0.5851,0.6657,0.1278,1.0491,2,5,1,0,2,0,1.4378,668.48,225.03,1058.41,7187.24,8844.82,1,0.0,4.043,0,0
2026-09-09T15:10:45.218452+00:00,web_sql_injection_v1,web_sql_injection_v1__run_002,initial_access,T1190,13,4,1.8843,0.9767,0.0327,32762.13,15751.02,0.7459,52,25,0.4545,1.004,0.6246,0.1043,0.9374,2,6,0,0,3,0,2.0418,630.04,183.65,1082.27,6312.7,8788.86,2,0.0,4.0629,0,0
2026-09-09T15:10:50.218452+00:00,web_sql_injection_v1,web_sql_injection_v1__run_002,initial_access,T1190,6,4,1.7925,1.0,0.0061,18948.21,12632.14,0.705,24,16,1.014,1.6606,0.729,0.1687,1.235,1,3,0,0,1,0,1.4613,789.51,101.04,922.91,8950.34,7994.51,0,0.0137,3.1169,0,0
2026-09-09T15:10:55.218452+00:00,web_sql_injection_v1,web_sql_injection_v1__run_002,initial_access,T1190,11,4,1.8586,1.0,0.0091,37036.63,21548.58,0.7446,55,32,0.4483,0.6553,0.6911,0.1364,1.1003,2,5,1,0,2,0,1.7107,673.39,181.83,1024.68,8080.53,8260.95,1,0.0377,4.123,0,0
2026-09-09T15:11:00.218452+00:00,web_sql_injection_v1,web_sql_injection_v1__run_002,initial_access,T1190,5,2,0.971,1.0,0.0,21544.59,10772.29,0.6719,40,20,0.4152,0.6011,0.5528,0.1306,0.9447,1,2,0,0,1,0,1.9368,538.61,138.15,801.21,10117.87,8614.59,0,0.0058,3.9016,0,0
2026-09-09T15:11:05.218452+00:00,web_sql_injection_v1,web_sql_injection_v1__run_002,initial_access,T1190,8,4,1.9056,1.0,0.0,45728.51,26947.16,0.7389,56,33,0.6954,0.8719,0.6068,0.1527,1.0651,1,4,0,0,1,0,1.687,816.58,330.45,1472.56,8684.05,9351.72,0,0.039,3.9957,0,0
2026-09-09T15:11:10.218452+00:00,web_sql_injection_v1,web_sql_injection_v1__run_002,initial_access,T1190,11,4,1.9363,1.0,0.0325,15050.3,6156.94,0.7907,22,9,0.7052,2.0016,0.6838,0.0844,0.937,2,5,0,0,2,0,2.4349,684.1,159.82,998.58,9891.0,7685.26,1,0.047,4.995,0,0
2026-09-09T15:11:15.218452+00:00,web_sql_injection_v1,web_sql_injection_v1__run_002,initial_access,T1190,10,3,1.2955,1.0,0.0008,12558.51,6907.18,0.6911,20,11,0.6454,1.7765,0.6032,0.1769,1.134,2,5,1,0,2,0,1.7444,627.93,167.47,998.24,7763.24,7239.65,1,0.0217,4.249,0,0
2026-09-09T15:11:20.218452+00:00,web_sql_injection_v1,web_sql_injection_v1__run_002,initial_access,T1190,14,4,1.9242,0.979,0.0399,65103.02,42516.26,0.7697,98,64,0.8327,2.0425,0.5102,0.0747,0.7343,2,6,1,0,3,0,1.5271,664.32,238.51,1118.84,8752.53,8539.88,2,0.029,3.172,0,0
2026-09-09T15:11:25.218452+00:00,web_sql_injection_v1,web_sql_injection_v1__run_002,initial_access,T1190,3,2,0.9183,0.9882,0.0051,23477.34,11303.9,0.7588,27,13,0.7803,1.9356,0.8954,0.114,1.2373,0,1,0,0,0,0,2.0496,869.53,457.95,1504.96,9936.27,9251.35,0,0.0326,3.5866,0,0
2026-09-09T15:11:30.218452+00:00,web_sql_injection_v1,web_sql_injection_v1__run_002,initial_access,T1190,7,4,1.8424,1.0,0.0,36344.29,25960.2,0.7024,49,35,0.8274,1.7562,0.7326,0.1608,1.2149,1,3,0,0,1,0,1.3884,741.72,141.84,901.87,8725.66,8496.06,0,0.0,4.5688,0,0
2026-09-09T15:11:35.218452+00:00,web_sql_injection_v1,web_sql_injection_v1__run_002,initial_access,T1190,4,3,1.5,0.9837,0.0387,17257.08,11093.84,0.7307,28,18,0.7293,1.3545,0.6957,0.1544,1.1589,0,2,0,0,0,0,1.5344,616.32,162.63,847.18,6941.49,8090.7,0,0.0373,4.0823,0,0
2026-09-09T15:11:40.218452+00:00,web_sql_injection_v1,web_sql_injection_v1__run_002,initial_access,T1190,8,3,1.4056,1.0,0.0013,70069.43,55247.05,0.8416,104,82,0.3591,0.7937,0.64,0.0961,0.9282,1,3,1,0,1,0,1.263,673.74,135.33,842.5,8523.05,6686.71,0,0.0225,3.4112,0,1
2026-09-09T15:11:45.218452+00:00,web_sql_injection_v1,web_sql_injection_v1__run_002,initial_access,T1190,15,4,1.7819,0.999,0.0334,63498.51,39510.18,0.7728,90,56,0.3021,0.8784,0.5532,0.1282,0.9379,2,7,1,0,3,0,1.5988,705.54,203.4,1135.8,7985.2,8241.21,1,0.0561,4.5486,0,0
2026-09-09T15:11:50.218452+00:00,web_sql_injection_v1,web_sql_injection_v1__run_002,initial_access,T1190,7,3,1.3788,1.0,0.0,28911.09,18585.7,0.7527,42,27,0.5267,0.6823,0.573,0.1684,1.0782,1,3,0,0,1,0,1.5187,688.36,210.36,908.68,9474.7,7651.78,0,0.006,3.5919,0,0
2026-09-09T15:11:55.218452+00:00,web_sql_injection_v1,web_sql_injection_v1__run_002,initial_access,T1190,7,4,1.8424,0.9738,0.0342,48206.52,19971.27,0.6496,70,29,0.7342,0.9921,0.6754,0.1927,1.2535,1,3,0,0,1,0,2.3933,688.66,216.16,1093.17,7166.75,8131.26,0,0.0,4.464,0,0
2026-09-09T15:12:00.218452+00:00,web_sql_injection_v1,web_sql_injection_v1__run_002,initial_access,T1190,9,4,1.7527,1.0,0.0,39301.81,25577.37,0.739,63,41,0.7456,1.6125,0.6001,0.1507,1.0523,2,4,0,0,2,0,1.5107,623.84,244.61,1037.03,7529.25,7865.82,1,0.0269,3.6108,0,0
2026-09-09T15:12:05.218452+00:00,web_sql_injection_v1,web_sql_injection_v1__run_002,initial_access,T1190,6,3,1.4591,0.9719,0.0378,26349.24,11527.79,0.7812,48,21,0.4154,0.6083,0.6717,0.1617,1.1569,1,2,0,0,1,0,2.2443,548.94,240.15,1057.54,7578.29,7394.72,0,0.0,5.3082,0,0
2026-09-09T15:12:10.218452+00:00,web_sql_injection_v1,web_sql_injection_v1__run_002,initial_access,T1190,4,2,1.0,1.0,0.0,22871.21,10863.82,0.7344,40,19,0.7883,2.3454,0.5607,0.0949,0.8456,0,2,0,0,1,0,2.0099,571.78,77.65,643.67,7856.28,8184.58,0,0.0528,3.6774,0,0
2026-09-09T15:12:15.218452+00:00,web_sql_injection_v1,web_sql_injection_v1__run_002,initial_access,T1190,5,3,1.5219,1.0,0.0268,17183.9,7560.91,0.8192,25,11,0.9046,1.9771,0.8024,0.2258,1.4798,0,2,0,0,1,0,2.1879,687.36,168.47,1005.42,8402.99,7926.22,0,0.0,3.825,0,0
2026-09-09T15:12:20.218452+00:00,web_sql_injection_v1,web_sql_injection_v1__run_002,initial_access,T1190,6,4,1.9183,1.0,0.0392,29976.51,17843.16,0.6933,42,25,0.9077,1.4999,0.6634,0.1428,1.0917,1,2,0,0,1,0,1.6619,713.73,163.81,1003.72,8674.75,6492.2,0,0.1312,4.1563,0,0
2026-09-09T15:12:25.218452+00:00,web_sql_injection_v1,web_sql_injection_v1__run_002,initial_access,T1190,6,3,1.2516,1.0,0.0229,14751.12,12907.23,0.7365,24,21,0.3937,0.6937,0.5964,0.1258,0.9738,1,3,0,0,1,0,1.0998,614.63,177.8,950.98,9203.39,8283.14,0,0.0395,3.6519,0,1
2026-09-09T15:12:30.218452+00:00,web_sql_injection_v1,web_sql_injection_v1__run_002,initial_access,T1190,5,3,1.5219,0.9994,0.0,14429.88,8657.93,0.7305,20,12,0.6203,1.7105,0.6899,0.0721,0.9063,1,2,0,0,1,0,1.5838,721.49,229.79,1117.14,9663.41,7231.48,0,0.0696,3.6428,0,0
2026-09-09T15:12:35.218452+00:00,web_sql_injection_v1,web_sql_injection_v1__run_002,initial_access,T1190,10,4,1.8955,0.9822,0.0317,43449.63,25449.07,0.8507,70,41,0.9347,2.327,0.6032,0.1037,0.9144,2,5,1,0,2,0,1.7007,620.71,115.38,879.96,7599.2,9144.3,1,0.0563,3.903,0,0
2026-09-09T15:12:40.218452+00:00,web_sql_injection_v1,web_sql_injection_v1__run_002,initial_access,T1190,8,4,1.9056,0.9669,0.0289,57520.34,32954.36,0.6738,96,55,0.6731,1.4471,0.7621,0.1698,1.2716,1,4,0,0,1,0,1.7448,599.17,129.84,878.93,7299.86,6613.29,0,0.0115,3.7994,0,0
2026-09-09T15:12:45.218452+00:00,web_sql_injection_v1,web_sql_injection_v1__run_002,initial_access,T1190,7,4,1.9502,1.0,0.0,17111.24,8555.62,0.6999,28,14,0.5158,1.1886,0.6418,0.151,1.0947,1,3,0,0,1,0,1.9714,611.12,124.67,755.67,8281.16,8999.47,0,0.0354,3.8645,0,1
2026-09-09T15:12:50.218452+00:00,web_sql_injection_v1,web_sql_injection_v1__run_002,initial_access,T1190,6,4,1.9183,0.9659,0.0051,15378.47,10893.09,0.7948,24,17,0.5173,0.6952,0.7695,0.2215,1.4339,1,2,0,0,1,0,1.4017,640.77,194.19,899.51,9289.88,6717.97,0,0.0236,3.864,0,0
2026-09-09T15:12:55.218452+00:00,web_sql_injection_v1,web_sql_injection_v1__run_002,initial_access,T1190,7,4,1.8424,0.994,0.0,36986.25,18199.58,0.7435,63,31,0.5785,1.483,0.541,0.0597,0.7202,1,3,0,0,1,0,2.0033,587.08,112.38,745.83,8436.79,8776.35,0,0.0263,4.4111,0,0
2026-09-09T15:13:00.218452+00:00,web_sql_injection_v1,web_sql_injection_v1__run_002,initial_access,T1190,7,4,1.8424,1.0,0.0111,24617.62,17584.01,0.7188,42,30,0.6238,0.9281,0.8203,0.2267,1.5004,1,3,0,0,1,0,1.3617,586.13,205.96,842.31,8083.26,7926.13,0,0.0102,4.0349,0,0
2026-09-09T15:13:05.218452+00:00,web_sql_injection_v1,web_sql_injection_v1__run_002,initial_access,T1190,10,3,1.4855,1.0,0.0225,20786.81,11779.19,0.7618,30,17,1.0204,1.8742,0.7241,0.1776,1.2568,2,4,1,0,2,0,1.7585,692.89,286.61,1336.25,9288.11,6328.46,1,0.0,3.7926,0,0
2026-09-09T15:13:10.218452+00:00,web_sql_injection_v1,web_sql_injection_v1__run_002,initial_access,T1190,7,4,1.8424,1.0,0.0121,26377.75,10551.1,0.8275,35,14,0.6578,1.0941,0.5192,0.1488,0.9655,1,3,0,0,1,0,2.4135,753.65,286.94,1117.25,7544.68,9560.17,0,0.0,4.1045,0,1
2026-09-09T15:13:15.218452+00:00,web_sql_injection_v1,web_sql_injection_v1__run_002,initial_access,T1190,7,4,1.9502,0.9809,0.0128,45591.55,20986.59,0.7983,63,29,0.8162,1.0356,0.6218,0.1352,1.0274,1,3,0,0,1,0,2.1031,723.68,189.53,993.2,8467.56,7647.86,0,0.0275,3.7983,0,0
2026-09-09T15:13:20.218452+00:00,web_sql_injection_v1,web_sql_injection_v1__run_002,initial_access,T1190,8,3,1.5,1.0,0.0,61124.63,39900.8,0.7735,72,47,0.8866,2.2749,0.9158,0.2503,1.6666,1,3,0,0,1,0,1.5035,848.95,223.81,1289.31,10261.33,8605.4,0,0.0436,4.0622,0,1
2026-09-09T15:13:25.218452+00:00,web_sql_injection_v1,web_sql_injection_v1__run_002,initial_access,T1190,9,4,1.8911,1.0,0.0,46751.59,23375.79,0.7559,72,36,0.442,0.6858,0.6614,0.147,1.1024,1,4,1,0,2,0,1.9647,649.33,172.47,985.54,8791.13,8135.13,1,0.0111,3.651,0,0
2026-09-09T15:13:30.218452+00:00,web_sql_injection_v1,web_sql_injection_v1__run_002,initial_access,T1190,10,4,1.8464,1.0,0.0027,24883.11,17418.17,0.7423,30,21,0.7696,1.049,0.7985,0.2019,1.4043,2,4,1,0,3,0,1.3783,829.44,321.17,1419.98,8858.87,9167.0,1,0.0059,4.1225,0,0
2026-09-09T15:13:35.218452+00:00,web_sql_injection_v1,web_sql_injection_v1__run_002,initial_access,T1190,7,4,1.8424,0.979,0.0201,57104.35,29367.95,0.7664,70,36,0.8255,1.9652,0.7178,0.0827,0.966,1,3,0,0,1,0,1.9233,815.78,408.28,1598.03,8471.68,9581.75,0,0.0224,4.6946,0,0
2026-09-09T15:13:40.218452+00:00,web_sql_injection_v1,web_sql_injection_v1__run_002,initial_access,T1190,8,3,1.5613,0.9654,0.0736,11348.68,5674.34,0.7404,16,8,0.427,1.0328,0.7776,0.1712,1.2912,1,3,0,0,2,0,1.8236,709.29,305.63,1327.72,9726.11,7113.79,1,0.0133,4.1337,0,0
2026-09-09T15:13:45.218452+00:00,web_sql_injection_v1,web_sql_injection_v1__run_002,initial_access,T1190,3,2,0.9183,0.9957,0.0243,14061.3,7030.65,0.8234,24,12,0.3939,0.8698,0.7365,0.1551,1.2019,0,1,0,0,0,0,1.9974,585.89,109.7,737.52,8173.16,8940.44,0,0.059,4.0589,0,0
2026-09-09T15:13:50.218452+00:00,web_sql_injection_v1,web_sql_injection_v1__run_002,initial_access,T1190,4,2,1.0,1.0,0.0,13435.69,10916.49,0.7479,16,13,0.417,0.5667,0.6331,0.1461,1.0712,0,1,0,0,1,0,1.2219,839.73,387.2,1410.59,8182.39,8055.71,0,0.0,3.5128,0,0
2026-09-09T15:13:55.218452+00:00,web_sql_injection_v1,web_sql_injection_v1__run_002,initial_access,T1190,4,2,1.0,0.9541,0.0447,22642.29,13747.1,0.7482,28,17,0.746,1.7682,0.7001,0.1074,1.0222,0,1,0,0,0,0,1.5682,808.65,377.27,1428.46,7290.69,7553.81,0,0.0386,4.0376,0,0
2026-09-09T15:14:00.218452+00:00,web_sql_injection_v1,web_sql_injection_v1__run_002,initial_access,T1190,7,2,0.9852,1.0,0.0082,44421.27,21152.98,0.8291,63,30,0.6487,0.833,0.6221,0.0722,0.8386,1,3,0,0,1,0,2.0882,705.1,232.27,1148.99,6625.25,8439.23,0,0.0,2.4681,0,0
2026-09-09T15:14:05.218452+00:00,web_sql_injection_v1,web_sql_injection_v1__run_002,initial_access,T1190,7,4,1.6645,1.0,0.0064,39230.0,15211.63,0.7608,49,19,0.5595,1.5249,0.5952,0.136,1.0031,1,3,0,0,1,0,2.557,800.61,207.2,1141.02,6149.42,6571.6,0,0.0,4.4994,0,0
2026-09-09T15:14:10.218452+00:00,web_sql_injection_v1,web_sql_injection_v1__run_002,initial_access,T1190,9,3,1.5305,0.9525,0.0365,38494.63,20673.04,0.8007,54,29,0.6146,1.603,0.5009,0.1129,0.8395,1,4,0,0,1,0,1.8452,712.86,160.61,934.79,9144.96,7408.18,0,0.0265,4.157,0,0
2026-09-09T15:14:15.218452+00:00,web_sql_injection_v1,web_sql_injection_v1__run_002,initial_access,T1190,10,4,1.971,0.9959,0.0,38641.61,15456.64,0.7894,50,20,1.1577,2.7851,0.7706,0.2147,1.4148,1,5,1,0,2,0,2.3939,772.83,196.51,1036.15,8505.78,8742.11,1,0.0226,3.1352,0,0
2026-09-09T15:14:20.218452+00:00,web_sql_injection_v1,web_sql_injection_v1__run_002,initial_access,T1190,8,3,1.5,0.9989,0.0,41374.1,28814.1,0.5832,56,39,0.4473,1.2772,0.7299,0.1741,1.2522,1,4,0,0,2,0,1.4288,738.82,141.68,971.05,7801.45,6811.55,1,0.0458,4.2141,0,0
2026-09-09T15:14:25.218452+00:00,web_sql_injection_v1,web_sql_injection_v1__run_002,initial_access,T1190,3,2,0.9183,1.0,0.0,3821.73,1698.55,0.643,9,4,0.566,1.3642,0.5546,0.0591,0.732,0,1,0,0,0,0,2.2351,424.64,56.57,504.61,8233.18,7792.18,0,0.0,4.5741,0,0
2026-09-09T15:14:30.218452+00:00,web_sql_injection_v1,web_sql_injection_v1__run_002,initial_access,T1190,8,4,1.8113,0.9913,0.0078,57141.44,33570.6,0.7927,80,47,0.6808,1.8424,0.7017,0.1157,1.0487,1,4,0,0,1,0,1.6748,714.27,199.89,1089.45,8449.73,8012.23,0,0.0221,3.8987,0,0
2026-09-09T15:14:35.218452+00:00,web_sql_injection_v1,web_sql_injection_v1__run_002,initial_access,T1190,4,2,1.0,0.989,0.0186,15382.61,7691.31,0.704,24,12,0.6655,1.2336,0.7346,0.1801,1.2749,0,1,0,0,1,0,1.9616,640.94,184.48,842.96,8517.69,7968.45,0,0.0254,3.1552,0,1
2026-09-09T15:14:40.218452+00:00,web_sql_injection_v1,web_sql_injection_v1__run_002,initial_access,T1190,11,4,1.9363,0.9846,0.0331,38963.39,18891.34,0.6856,66,32,0.538,1.1767,0.5338,0.1047,0.848,2,5,1,0,2,0,2.037,590.35,158.54,830.99,9304.05,7481.65,1,0.0036,3.3486,0,0
2026-09-09T15:14:45.218452+00:00,web_sql_injection_v1,web_sql_injection_v1__run_002,initial_access,T1190,2,1,-0.0,0.9285,0.0415,7695.14,2885.68,0.7191,8,3,0.913,2.0326,0.8111,0.2113,1.445,0,1,0,0,0,0,2.0551,961.89,412.33,1374.22,9358.13,8155.65,0,0.0,3.6126,0,0
2026-09-09T15:14:50.218452+00:00,web_sql_injection_v1,web_sql_injection_v1__run_002,initial_access,T1190,7,4,1.8424,1.0,0.0,23161.49,12573.38,0.7945,35,19,0.3512,0.67,0.6527,0.1538,1.114,1,3,0,0,1,0,1.8153,661.76,244.89,1102.38,7347.64,7840.28,0,0.0528,3.2818,0,0
2026-09-09T15:14:55.218452+00:00,web_sql_injection_v1,web_sql_injection_v1__run_002,initial_access,T1190,4,3,1.5,0.958,0.015,16509.72,8942.76,0.7769,24,13,0.5818,1.0438,0.6705,0.1063,0.9894,0,1,0,0,0,0,1.8327,687.9,186.67,960.84,8761.51,7828.63,0,0.007,4.218,0,0
2026-09-09T15:15:00.218452+00:00,web_sql_injection_v1,web_sql_injection_v1__run_002,initial_access,T1190,12,4,1.7296,1.0,0.0,53973.21,29556.76,0.8094,84,46,0.6962,1.1624,0.7543,0.1934,1.3343,2,6,1,0,3,0,1.8077,642.54,282.25,1268.53,8083.35,7106.21,2,0.0404,4.4005,0,0
2026-09-09T15:15:05.218452+00:00,web_sql_injection_v1,web_sql_injection_v1__run_002,initial_access,T1190,4,3,1.5,1.0,0.0086,15679.25,8623.59,0.801,20,11,0.8125,1.3659,0.7099,0.1139,1.0517,0,1,0,0,0,0,1.7303,783.96,132.51,1004.54,8621.69,9086.58,0,0.0519,4.053,0,1
2026-09-09T15:15:10.218452+00:00,web_sql_injection_v1,web_sql_injection_v1__run_002,initial_access,T1190,9,4,1.8911,0.9721,0.0244,26109.93,14505.52,0.7637,36,20,0.7108,1.4807,0.5871,0.1232,0.9567,1,4,0,0,2,0,1.7307,725.28,169.82,958.94,6304.96,9709.58,1,0.053,4.3456,0,0
2026-09-09T15:15:15.218452+00:00,web_sql_injection_v1,web_sql_injection_v1__run_002,initial_access,T1190,6,4,1.9183,0.9762,0.0374,32501.89,18959.44,0.837,36,21,0.8276,1.6103,0.6111,0.141,1.0343,0,2,0,0,1,0,1.6688,902.83,482.64,1846.42,9090.95,7215.24,0,0.0029,3.761,0,0
2026-09-09T15:15:20.218452+00:00,web_sql_injection_v1,web_sql_injection_v1__run_002,initial_access,T1190,4,3,1.5,1.0,0.0,25542.87,24123.82,0.7733,36,34,0.9725,1.7551,0.7281,0.0894,0.9962,0,2,0,0,0,0,1.0492,709.52,220.91,1030.9,8679.0,10507.1,0,0.0036,3.2718,0,0
2026-09-09T15:15:25.218452+00:00,web_sql_injection_v1,web_sql_injection_v1__run_002,initial_access,T1190,6,4,1.9183,1.0,0.0028,16431.65,9128.69,0.7311,36,20,0.8242,2.1158,0.6749,0.108,0.9988,1,2,0,0,1,0,1.7595,456.43,189.3,790.53,9098.35,9031.41,0,0.0,3.4265,0,0
2026-09-09T15:15:30.218452+00:00,web_sql_injection_v1,web_sql_injection_v1__run_002,initial_access,T1190,8,4,1.9056,1.0,0.0091,45451.82,30301.21,0.7309,72,48,0.6048,1.2355,0.5156,0.094,0.7976,1,4,0,0,1,0,1.494,631.28,190.17,997.92,7467.49,10339.43,0,0.0,3.1486,0,0
2026-09-09T15:15:35.218452+00:00,web_sql_injection_v1,web_sql_injection_v1__run_002,initial_access,T1190,10,4,1.8464,0.9948,0.0,41711.11,21689.78,0.7882,50,26,0.3773,0.6972,0.7278,0.1479,1.1715,1,4,0,0,2,0,1.9137,834.22,332.9,1688.7,10924.93,7783.82,1,0.0,3.5513,0,0
2026-09-09T15:15:40.218452+00:00,web_sql_injection_v1,web_sql_injection_v1__run_002,initial_access,T1190,6,2,0.65,0.9614,0.0279,30322.07,10949.64,0.6915,36,13,0.503,0.8339,0.6782,0.1108,1.0107,1,2,0,0,1,0,2.6269,842.28,315.02,1362.45,8894.15,7541.1,0,0.0,2.6908,0,1
2026-09-09T15:15:45.218452+00:00,web_sql_injection_v1,web_sql_injection_v1__run_002,initial_access,T1190,7,4,1.9502,0.9836,0.0282,15693.59,10649.22,0.7776,28,19,0.7288,1.9832,0.5705,0.1484,1.0157,1,3,0,0,1,0,1.4574,560.49,137.08,750.36,8163.67,8077.92,0,0.0086,3.4428,0,0
2026-09-09T15:15:50.218452+00:00,web_sql_injection_v1,web_sql_injection_v1__run_002,initial_access,T1190,5,2,0.7219,1.0,0.0,6074.24,2429.7,0.6871,10,4,0.671,0.9077,0.8189,0.169,1.3258,0,2,0,0,1,0,2.3017,607.42,138.6,830.12,7793.47,8538.62,0,0.0231,3.9038,0,0
2026-09-09T15:15:55.218452+00:00,web_sql_injection_v1,web_sql_injection_v1__run_002,initial_access,T1190,6,4,1.9183,0.9717,0.0133,24307.51,11343.5,0.7624,30,14,1.0591,1.9124,0.8043,0.196,1.3923,0,3,0,0,1,0,2.1038,810.25,343.33,1468.25,7743.01,8941.12,0,0.0362,3.8744,0,1
2026-09-09T15:16:00.218452+00:00,web_sql_injection_v1,web_sql_injection_v1__run_002,initial_access,T1190,7,4,1.9502,0.9688,0.0361,28353.26,18227.09,0.7187,42,27,0.554,1.272,0.6035,0.1593,1.0816,1,3,0,0,1,0,1.5392,675.08,213.03,950.89,8327.52,8906.3,0,0.0016,3.8332,0,0
2026-09-09T15:16:05.218452+00:00,web_sql_injection_v1,web_sql_injection_v1__run_002,initial_access,T1190,9,3,1.5305,0.9979,0.0,20074.36,14126.4,0.7825,27,19,0.5167,1.3336,0.8143,0.1762,1.3429,1,4,0,0,2,0,1.4202,743.49,196.26,1041.9,9463.27,7440.46,1,0.0,3.8828,0,0
2026-09-09T15:16:10.218452+00:00,web_sql_injection_v1,web_sql_injection_v1__run_002,initial_access,T1190,13,4,1.8843,1.0,0.0,28322.23,18155.28,0.8153,39,25,0.3796,0.5825,0.5769,0.1115,0.9115,2,6,1,0,3,0,1.5295,726.21,249.74,1418.77,7025.95,7262.92,2,0.0,4.2464,0,0
2026-09-09T15:16:15.218452+00:00,web_sql_injection_v1,web_sql_injection_v1__run_002,initial_access,T1190,14,4,1.7783,1.0,0.013,35456.67,59516.55,0.6705,56,94,0.4148,0.9246,0.6601,0.1005,0.9615,3,7,1,0,4,0,0.5956,633.15,203.62,1087.95,7090.16,8354.54,3,0.0,4.3028,0,0
2026-09-09T15:16:20.218452+00:00,web_sql_injection_v1,web_sql_injection_v1__run_002,initial_access,T1190,11,3,1.3222,1.0,0.0348,66299.55,32145.24,0.8122,99,48,0.6501,1.7646,0.5614,0.1468,1.0018,1,5,1,0,2,0,2.0452,669.69,213.27,1126.95,8163.59,8962.42,1,0.0118,4.0675,0,0
2026-09-09T15:16:25.218452+00:00,web_sql_injection_v1,web_sql_injection_v1__run_002,initial_access,T1190,7,4,1.9502,1.0,0.0,22422.88,15215.52,0.7476,28,19,0.7561,1.9386,0.662,0.1286,1.0479,1,3,0,0,1,0,1.4143,800.82,272.77,1274.06,8628.74,8002.13,0,0.0,3.7266,0,0
2026-09-09T15:16:30.218452+00:00,web_sql_injection_v1,web_sql_injection_v1__run_002,initial_access,T1190,5,3,1.371,1.0,0.0,39031.33,20491.45,0.7207,40,21,0.4122,1.041,0.8265,0.1028,1.135,0,2,0,0,1,0,1.9004,975.78,161.67,1254.55,7836.56,7529.17,0,0.0,3.6225,0,0
2026-09-09T15:16:35.218452+00:00,web_sql_injection_v1,web_sql_injection_v1__run_002,initial_access,T1190,12,4,1.8554,1.0,0.008,47316.11,21029.38,0.7255,72,32,0.7069,2.111,0.6504,0.0737,0.8715,2,5,1,0,2,0,2.1979,657.17,154.99,843.85,8125.4,5911.53,1,0.0,3.5871,0,1
2026-09-09T15:16:40.218452+00:00,web_sql_injection_v1,web_sql_injection_v1__run_002,initial_access,T1190,12,4,1.8879,0.9787,0.0068,63493.76,48281.71,0.6267,96,73,0.79,1.2368,0.8076,0.2248,1.4821,2,5,1,0,3,0,1.3146,661.39,223.02,1192.69,7600.03,9259.69,2,0.0,4.4834,0,1
2026-09-09T15:16:45.218452+00:00,web_sql_injection_v1,web_sql_injection_v1__run_002,initial_access,T1190,9,4,1.8911,1.0,0.0017,23211.63,11605.81,0.8114,36,18,0.9475,2.715,0.7827,0.1952,1.3684,1,4,0,0,2,0,1.9006,644.77,206.74,1021.27,8547.63,7788.56,1,0.0382,3.0096,0,0
2026-09-09T15:16:50.218452+00:00,web_sql_injection_v1,web_sql_injection_v1__run_002,initial_access,T1190,5,3,1.371,1.0,0.0014,28888.56,12710.96,0.7446,50,22,0.8527,1.2855,0.6005,0.1531,1.0598,0,2,0,0,1,0,2.1879,577.77,158.88,871.69,7814.52,9115.86,0,0.0,4.1066,0,0
2026-09-09T15:16:55.218452+00:00,web_sql_injection_v1,web_sql_injection_v1__run_002,initial_access,T1190,12,4,1.8554,0.9979,0.0025,58790.74,33069.79,0.8331,96,54,0.4865,1.0621,0.7132,0.114,1.0553,2,5,1,0,2,0,1.7597,612.4,108.04,742.5,8877.14,4891.33,1,0.0,3.1276,0,0
2026-09-09T15:17:00.218452+00:00,web_sql_injection_v1,web_sql_injection_v1__run_002,initial_access,T1190,10,4,1.8464,0.9962,0.0,36803.88,24290.56,0.8,50,33,0.467,1.1029,0.5332,0.1449,0.9679,1,5,0,0,2,0,1.4782,736.08,209.94,1083.87,8745.27,6294.66,1,0.0,4.537,0,0
2026-09-09T15:17:05.218452+00:00,web_sql_injection_v1,web_sql_injection_v1__run_002,initial_access,T1190,14,4,1.7885,0.9923,0.0,57788.84,29484.1,0.7144,98,50,0.6908,1.861,0.5552,0.14,0.9753,3,7,1,0,3,0,1.9449,589.68,150.03,822.92,8462.5,6264.32,1,0.0102,4.4775,0,0
2026-09-09T15:17:10.218452+00:00,web_sql_injection_v1,web_sql_injection_v1__run_002,initial_access,T1190,5,3,1.5219,0.9665,0.0216,17171.6,12363.55,0.6652,25,18,0.7394,1.4963,0.7916,0.2315,1.4862,1,2,0,0,1,0,1.3238,686.86,116.86,867.66,8180.85,9158.8,0,0.0475,3.8794,0,0
2026-09-09T15:17:15.218452+00:00,web_sql_injection_v1,web_sql_injection_v1__run_002,initial_access,T1190,6,4,1.9183,0.9631,0.0258,21989.25,9162.19,0.7769,24,10,0.9274,1.7479,0.7701,0.1238,1.1415,1,2,0,0,1,0,2.2277,916.22,366.62,1418.45,8889.8,6686.63,0,0.0573,3.4998,0,0
2026-09-09T15:17:20.218452+00:00,web_sql_injection_v1,web_sql_injection_v1__run_002,initial_access,T1190,15,4,1.9086,0.9707,0.0441,92055.99,75690.48,0.7722,135,111,0.6567,1.2727,0.5925,0.162,1.0786,2,7,1,0,3,0,1.211,681.9,246.64,1346.44,8112.98,8154.4,2,0.015,4.2041,0,1
2026-09-09T15:17:25.218452+00:00,web_sql_injection_v1,web_sql_injection_v1__run_002,initial_access,T1190,4,2,0.8113,0.9735,0.0246,8407.15,3502.98,0.7584,12,5,0.8543,2.0131,0.6905,0.0975,0.9832,0,2,0,0,1,0,2.1164,700.6,77.75,780.62,8290.39,7760.25,0,0.0293,4.2502,0,0
2026-09-09T15:17:30.218452+00:00,web_sql_injection_v1,web_sql_injection_v1__run_002,initial_access,T1190,15,4,1.7465,1.0,0.0,56465.03,35384.75,0.7624,75,47,0.6386,0.9314,0.8258,0.2256,1.5026,2,7,1,0,3,0,1.5895,752.87,291.3,1454.43,6642.34,8501.32,2,0.0215,3.7076,0,0
2026-09-09T15:17:35.218452+00:00,web_sql_injection_v1,web_sql_injection_v1__run_002,initial_access,T1190,4,3,1.5,0.9577,0.0134,19806.89,9903.44,0.742,28,14,0.9977,2.2058,0.7683,0.1935,1.3487,0,1,0,0,1,0,1.9387,707.39,202.59,1041.58,7462.32,7610.23,0,0.0,3.3656,0,0
2026-09-09T15:17:40.218452+00:00,web_sql_injection_v1,web_sql_injection_v1__run_002,initial_access,T1190,5,3,1.371,1.0,0.0126,21824.82,10912.41,0.7283,30,15,0.6991,1.4081,0.7619,0.1084,1.0872,0,2,0,0,1,0,1.9272,727.49,124.6,885.44,7189.18,7054.02,0,0.0084,3.0765,0,0
2026-09-09T15:17:45.218452+00:00,web_sql_injection_v1,web_sql_injection_v1__run_002,initial_access,T1190,8,4,1.9056,1.0,0.0524,36090.2,20300.74,0.7401,48,27,0.875,1.5164,0.685,0.0782,0.9197,1,4,0,0,2,0,1.721,751.88,189.32,1140.29,8683.13,7209.56,1,0.0069,4.7693,0,0
2026-09-09T15:17:50.218452+00:00,web_sql_injection_v1,web_sql_injection_v1__run_002,initial_access,T1190,7,3,1.3788,1.0,0.0,21724.0,13965.43,0.6968,28,18,0.7891,1.5004,0.6447,0.1455,1.0811,1,3,0,0,1,0,1.499,775.86,274.13,1246.63,8889.03,6689.58,0,0.0145,3.9569,0,1
2026-09-09T15:17:55.218452+00:00,web_sql_injection_v1,web_sql_injection_v1__run_002,initial_access,T1190,15,4,1.7819,0.9527,0.0493,106299.98,68031.99,0.7301,150,96,0.459,0.9955,0.6766,0.0976,0.9694,3,7,1,0,3,0,1.5592,708.67,220.29,1138.72,10029.12,9663.51,1,0.0467,4.5774,0,0
2026-09-09T15:18:00.218452+00:00,web_sql_injection_v1,web_sql_injection_v1__run_002,initial_access,T1190,9,3,1.3516,1.0,0.0,10048.82,4466.14,0.7487,18,8,0.786,1.5656,0.5411,0.0737,0.7624,1,4,0,0,2,0,2.1931,558.27,126.82,732.68,7042.31,8261.58,1,0.001,3.9255,0,0
2026-09-09T15:18:05.218452+00:00,web_sql_injection_v1,web_sql_injection_v1__run_002,initial_access,T1190,6,3,1.4591,1.0,0.0,30679.92,18180.7,0.7029,54,32,0.7641,1.2148,0.6466,0.1819,1.1922,0,2,0,0,1,0,1.6863,568.15,159.89,744.56,7451.14,6142.11,0,0.0125,3.9023,0,0
2026-09-09T15:18:10.218452+00:00,web_sql_injection_v1,web_sql_injection_v1__run_002,initial_access,T1190,6,4,1.9183,0.9145,0.0771,17741.04,11827.36,0.7763,24,16,1.0253,2.0077,0.7493,0.1441,1.1815,1,3,0,0,1,0,1.4301,739.21,224.39,1137.57,10036.68,6694.28,0,0.0,4.3545,0,0
2026-09-09T15:18:15.218452+00:00,web_sql_injection_v1,web_sql_injection_v1__run_002,initial_access,T1190,11,4,1.7899,0.9932,0.0,58125.47,23778.6,0.7576,88,36,0.7934,1.59,0.6348,0.1557,1.1021,2,5,0,0,3,0,2.4356,660.52,290.28,1358.98,9674.1,8015.84,1,0.0496,4.6532,0,1
2026-09-09T15:18:20.218452+00:00,web_sql_injection_v1,web_sql_injection_v1__run_002,initial_access,T1190,5,3,1.5219,1.0,0.0,23723.65,10280.25,0.6207,30,13,0.4857,0.9199,0.5621,0.1528,1.0204,0,2,0,0,1,0,2.2166,790.79,176.77,1086.75,9234.87,8572.21,0,0.0,4.297,0,0
2026-09-09T15:18:25.218452+00:00,web_sql_injection_v1,web_sql_injection_v1__run_002,initial_access,T1190,10,4,1.6855,1.0,0.0064,55348.21,37360.04,0.7304,80,54,1.0578,2.3835,0.7956,0.2128,1.4339,1,4,0,0,2,0,1.4737,691.85,160.97,984.87,7821.21,6778.78,1,0.0216,4.2625,0,0
2026-09-09T15:18:30.218452+00:00,web_sql_injection_v1,web_sql_injection_v1__run_002,initial_access,T1190,10,4,1.971,1.0,0.0,30035.33,22226.14,0.7288,50,37,1.1258,3.1649,0.8564,0.0978,1.1499,2,4,1,0,2,0,1.3185,600.71,162.66,873.51,9478.88,7825.26,1,0.0348,3.6673,0,0
2026-09-09T15:18:35.218452+00:00,web_sql_injection_v1,web_sql_injection_v1__run_002,initial_access,T1190,5,3,1.5219,0.9729,0.0197,18557.58,10074.11,0.7441,35,19,0.8546,1.7094,0.839,0.2308,1.5314,0,2,0,0,1,0,1.8084,530.22,172.93,706.17,6337.82,9894.92,0,0.0525,3.7408,0,0
2026-09-09T15:18:40.218452+00:00,web_sql_injection_v1,web_sql_injection_v1__run_002,initial_access,T1190,3,3,1.585,1.0,0.0,20495.04,19735.96,0.7904,27,26,0.8943,2.6598,0.7848,0.0967,1.075,0,1,0,0,0,0,1.0187,759.08,159.79,886.38,6823.79,8198.33,0,0.0,3.7027,0,0
2026-09-09T15:18:45.218452+00:00,web_sql_injection_v1,web_sql_injection_v1__run_002,initial_access,T1190,7,3,1.4488,1.0,0.0104,36618.44,17437.35,0.7974,42,20,0.6341,1.6399,0.7774,0.2001,1.3776,1,3,0,0,1,0,2.0673,871.87,178.29,1181.11,8066.27,7754.96,0,0.0101,4.7483,0,0
2026-09-09T15:18:50.218452+00:00,web_sql_injection_v1,web_sql_injection_v1__run_002,initial_access,T1190,9,4,1.8366,1.0,0.0,37711.55,30528.4,0.8226,63,51,0.6552,1.0514,0.6064,0.1609,1.0892,1,4,0,0,2,0,1.2304,598.6,253.57,1145.33,8756.83,9388.44,1,0.0449,3.4965,0,0
2026-09-09T15:18:55.218452+00:00,web_sql_injection_v1,web_sql_injection_v1__run_002,initial_access,T1190,4,3,1.5,1.0,0.0,10177.58,5088.79,0.816,16,8,0.769,2.2988,0.8249,0.129,1.2118,0,1,0,0,0,0,1.8424,636.1,154.3,853.48,9065.9,8790.86,0,0.0592,3.631,0,0
2026-09-09T15:19:00.218452+00:00,web_sql_injection_v1,web_sql_injection_v1__run_002,initial_access,T1190,9,4,1.8366,0.9944,0.0,31235.77,17353.21,0.7418,45,25,0.7732,1.6333,0.5588,0.0607,0.7409,2,4,0,0,2,0,1.7597,694.13,142.07,915.73,8275.62,8588.89,1,0.031,3.9012,0,0
2026-09-09T15:19:05.218452+00:00,web_sql_injection_v1,web_sql_injection_v1__run_002,initial_access,T1190,6,4,1.9183,0.9923,0.0084,38121.8,25414.54,0.8056,48,32,0.8798,1.9098,0.7616,0.1479,1.2054,1,2,0,0,1,0,1.4827,794.2,292.3,1328.95,8122.18,9585.07,0,0.0354,4.1144,0,0
2026-09-09T15:19:10.218452+00:00,web_sql_injection_v1,web_sql_injection_v1__run_002,initial_access,T1190,6,3,1.2516,1.0,0.0,19638.55,11455.82,0.7388,36,21,0.4414,0.932,0.6692,0.1628,1.1576,1,3,0,0,1,0,1.6677,545.52,102.15,668.18,8464.42,7992.02,0,0.0198,4.0028,0,0
2026-09-09T15:19:15.218452+00:00,web_sql_injection_v1,web_sql_injection_v1__run_002,initial_access,T1190,10,4,1.8464,0.9791,0.0467,95248.89,49822.49,0.7733,130,68,1.0105,2.9075,0.7176,0.1618,1.203,1,5,0,0,2,0,1.906,732.68,195.64,964.77,7853.14,9446.61,1,0.023,2.9536,0,0
2026-09-09T15:19:20.218452+00:00,web_sql_injection_v1,web_sql_injection_v1__run_002,initial_access,T1190,9,4,1.7527,0.9988,0.0,36172.07,16076.48,0.642,63,28,0.6146,1.6537,0.7583,0.1744,1.2814,1,4,0,0,2,0,2.1826,574.16,128.59,820.96,8571.96,7823.54,1,0.0005,4.7532,0,0
2026-09-09T15:19:25.218452+00:00,web_sql_injection_v1,web_sql_injection_v1__run_002,initial_access,T1190,5,3,1.371,0.9992,0.0116,22178.83,21439.53,0.7432,30,29,0.5679,0.8565,0.6959,0.1301,1.086,0,2,0,0,1,0,1.0127,739.29,192.48,975.02,9857.3,7534.12,0,0.0,3.2302,0,1
2026-09-09T15:19:30.218452+00:00,web_sql_injection_v1,web_sql_injection_v1__run_002,initial_access,T1190,9,4,1.9749,1.0,0.0005,21143.49,12529.48,0.7973,27,16,0.4043,1.1682,0.7708,0.1155,1.1174,1,4,0,0,2,0,1.6169,783.09,212.45,1264.56,6266.29,9568.58,1,0.11,4.5875,0,0
2026-09-09T15:19:35.218452+00:00,web_sql_injection_v1,web_sql_injection_v1__run_002,initial_access,T1190,4,3,1.5,0.9964,0.0,22719.35,10728.58,0.7239,36,17,1.0422,2.9655,0.7065,0.158,1.1804,0,2,0,0,0,0,2.0496,631.09,204.3,870.98,8462.73,7949.63,0,0.0038,4.2212,0,0
2026-09-09T15:19:40.218452+00:00,web_sql_injection_v1,web_sql_injection_v1__run_002,initial_access,T1190,7,2,0.9852,0.9893,0.0249,43425.99,19645.09,0.6977,42,19,0.4398,1.107,0.7384,0.1668,1.239,1,3,0,0,1,0,2.135,1033.95,353.66,1608.83,6618.75,8950.06,0,0.0158,3.6166,0,0
2026-09-09T15:19:45.218452+00:00,web_sql_injection_v1,web_sql_injection_v1__run_002,initial_access,T1190,13,4,1.8843,1.0,0.0009,32131.27,12358.18,0.734,52,20,0.7964,1.2394,0.8109,0.0823,1.0578,2,7,1,0,3,0,2.513,617.91,108.52,787.52,7651.86,8767.41,2,0.0088,4.8956,0,0
2026-09-09T15:19:50.218452+00:00,web_sql_injection_v1,web_sql_injection_v1__run_002,initial_access,T1190,3,2,0.9183,0.9961,0.0,16326.43,10884.29,0.7693,21,14,0.5499,1.4406,0.6466,0.181,1.1896,0,1,0,0,0,0,1.477,777.45,362.97,1283.95,6790.55,8363.44,0,0.0473,3.517,0,0
2026-09-09T15:19:55.218452+00:00,web_sql_injection_v1,web_sql_injection_v1__run_002,initial_access,T1190,4,3,1.5,1.0,0.0,20614.18,6871.39,0.8093,24,8,0.6553,1.5054,0.7906,0.0967,1.0807,0,2,0,0,0,0,2.8179,858.92,262.92,1264.57,9361.78,7347.03,0,0.0,3.8343,0,0
2026-09-09T15:20:00.218452+00:00,web_sql_injection_v1,web_sql_injection_v1__run_002,initial_access,T1190,8,4,1.9056,0.9675,0.028,39242.77,19621.38,0.722,56,28,0.6679,1.5924,0.7605,0.1173,1.1122,1,4,1,0,1,0,1.9775,700.76,203.87,1117.53,8764.51,7170.84,0,0.0,4.7679,0,0
2026-09-09T15:20:05.218452+00:00,web_sql_injection_v1,web_sql_injection_v1__run_002,initial_access,T1190,7,4,1.8424,0.968,0.0674,19461.38,9730.69,0.7698,28,14,0.6314,1.3131,0.7006,0.1222,1.0671,1,3,0,0,1,0,1.9863,695.05,185.11,985.82,8577.01,8958.04,0,0.0017,4.6804,0,0
2026-09-09T15:20:10.218452+00:00,web_sql_injection_v1,web_sql_injection_v1__run_002,initial_access,T1190,4,3,1.5,1.0,0.0,4578.68,1717.0,0.7691,8,3,0.64,0.9687,0.5337,0.1527,0.9917,0,2,0,0,0,0,2.065,572.33,106.5,744.23,9472.08,7598.69,0,0.0171,4.1108,0,0
2026-09-09T15:20:15.218452+00:00,web_sql_injection_v1,web_sql_injection_v1__run_002,initial_access,T1190,7,4,1.8424,0.9836,0.0253,27528.74,28090.56,0.7444,49,50,0.6145,1.2739,0.6567,0.1804,1.1978,1,3,0,0,1,0,0.9748,561.81,178.9,807.41,8919.69,8099.85,0,0.0061,4.3644,0,0
2026-09-09T15:20:20.218452+00:00,web_sql_injection_v1,web_sql_injection_v1__run_002,initial_access,T1190,9,4,1.8911,0.9826,0.0254,53683.75,31528.55,0.792,63,37,0.958,1.8832,0.7433,0.1381,1.1575,2,4,0,0,2,0,1.6706,852.12,263.71,1408.29,8346.05,7722.39,1,0.0178,4.2154,0,0
2026-09-09T15:20:25.218452+00:00,web_sql_injection_v1,web_sql_injection_v1__run_002,initial_access,T1190,7,4,1.8424,0.9354,0.0428,30694.28,9500.61,0.7549,42,13,0.6214,1.3808,0.5219,0.0644,0.7151,1,3,0,0,1,0,3.0412,730.82,180.51,974.29,10366.82,7960.62,0,0.0294,3.9261,0,0
2026-09-09T15:20:30.218452+00:00,web_sql_injection_v1,web_sql_injection_v1__run_002,initial_access,T1190,7,4,1.9502,0.9363,0.0775,30442.93,14910.82,0.7351,49,24,0.7638,2.269,0.8218,0.1553,1.2877,1,3,0,0,1,0,2.0121,621.28,259.58,1110.84,8502.88,7809.26,0,0.0382,4.5136,0,0
2026-09-09T15:20:35.218452+00:00,web_sql_injection_v1,web_sql_injection_v1__run_002,initial_access,T1190,4,3,1.5,0.9849,0.0326,24509.13,10503.91,0.7796,28,12,0.3381,0.4696,0.5858,0.084,0.8377,0,1,0,0,1,0,2.1964,875.33,151.04,1058.07,11737.1,7561.47,0,0.0,3.7813,0,0
2026-09-09T15:20:40.218452+00:00,web_sql_injection_v1,web_sql_injection_v1__run_002,initial_access,T1190,8,4,1.9056,1.0,0.0,42600.12,21832.56,0.7705,80,41,0.9116,2.4485,0.6399,0.0668,0.8403,1,3,0,0,2,0,1.9399,532.5,160.94,742.17,6718.77,7737.73,1,0.0,4.1672,0,0
2026-09-09T15:20:45.218452+00:00,web_sql_injection_v1,web_sql_injection_v1__run_002,initial_access,T1190,8,3,1.5,1.0,0.0,40689.48,15258.55,0.7751,64,24,0.8519,1.5837,0.7679,0.1559,1.2355,1,4,0,0,1,0,2.6201,635.77,167.04,900.97,8074.13,7955.24,0,0.0049,4.0661,0,0
2026-09-09T15:20:50.218452+00:00,web_sql_injection_v1,web_sql_injection_v1__run_002,initial_access,T1190,13,4,1.7759,0.9947,0.0,85495.4,93533.43,0.7265,117,128,0.3393,0.6942,0.5997,0.0615,0.7842,2,6,0,0,3,0,0.9105,730.73,232.93,1195.21,10273.66,10070.99,1,0.0025,4.8996,0,1
2026-09-09T15:20:55.218452+00:00,web_sql_injection_v1,web_sql_injection_v1__run_002,initial_access,T1190,2,2,1.0,0.9918,0.035,7760.24,6097.33,0.6917,14,11,0.4717,1.156,0.906,0.2383,1.6208,0,1,0,0,0,0,1.1857,554.3,12.64,566.95,9607.39,7754.04,0,0.0,3.9189,0,0
2026-09-09T15:21:00.218452+00:00,web_sql_injection_v1,web_sql_injection_v1__run_002,initial_access,T1190,5,2,0.971,0.9893,0.0,21485.39,12175.05,0.6476,30,17,0.6377,0.9841,0.6801,0.1831,1.2296,1,2,0,0,1,0,1.7508,716.18,178.38,924.84,8861.16,7859.84,0,0.0,4.3841,0,1
2026-09-09T15:21:05.218452+00:00,web_sql_injection_v1,web_sql_injection_v1__run_002,initial_access,T1190,7,3,1.5567,1.0,0.0245,20996.73,10798.32,0.7822,35,18,0.436,0.8443,0.9157,0.2707,1.7279,1,3,0,0,1,0,1.8921,599.91,169.64,875.62,9549.16,8021.8,0,0.0,3.2574,0,0
2026-09-09T15:21:10.218452+00:00,web_sql_injection_v1,web_sql_injection_v1__run_002,initial_access,T1190,10,3,1.1568,1.0,0.0166,35891.38,25123.96,0.719,60,42,0.8231,1.0372,0.555,0.1014,0.8591,2,5,1,0,2,0,1.4247,598.19,120.37,844.27,9232.46,6760.52,1,0.0653,4.1463,0,0
2026-09-09T15:21:15.218452+00:00,web_sql_injection_v1,web_sql_injection_v1__run_002,initial_access,T1190,9,3,1.4355,0.9956,0.0,39318.39,26212.26,0.7585,63,42,0.3474,0.9161,0.6344,0.0697,0.8435,1,4,0,0,2,0,1.4826,624.1,216.39,996.93,7857.37,8190.78,1,0.0697,4.4675,0,0
2026-09-09T15:21:20.218452+00:00,web_sql_injection_v1,web_sql_injection_v1__run_002,initial_access,T1190,10,4,1.761,1.0,0.0,27536.53,15145.09,0.7545,40,22,0.8047,1.9288,0.5062,0.1366,0.916,2,5,0,0,2,0,1.7585,688.41,324.88,1456.76,8616.57,8888.06,1,0.0274,3.1272,0,0
2026-09-09T15:21:25.218452+00:00,web_sql_injection_v1,web_sql_injection_v1__run_002,initial_access,T1190,14,4,1.9592,0.9913,0.0,10249.71,3660.61,0.8027,14,5,0.6876,1.2911,0.5368,0.0943,0.8196,2,7,1,0,3,0,2.3968,732.12,275.81,1340.95,7185.67,8107.43,1,0.0002,3.7706,0,0
2026-09-09T15:21:30.218452+00:00,web_sql_injection_v1,web_sql_injection_v1__run_002,initial_access,T1190,5,3,1.371,1.0,0.004,11946.69,8960.02,0.833,20,15,0.7393,1.2484,0.6801,0.1768,1.2104,1,2,0,0,1,0,1.2649,597.33,357.45,1284.24,8631.07,7922.37,0,0.0546,3.5441,0,0
2026-09-09T15:21:35.218452+00:00,web_sql_injection_v1,web_sql_injection_v1__run_002,initial_access,T1190,8,4,1.5488,0.9729,0.0076,22489.74,23895.35,0.7641,32,34,0.5619,1.5568,0.5898,0.0662,0.7882,1,3,0,0,1,0,0.924,702.8,190.25,1029.2,8189.71,7741.26,0,0.0,4.0705,0,0
2026-09-09T15:21:40.218452+00:00,web_sql_injection_v1,web_sql_injection_v1__run_002,initial_access,T1190,7,3,1.5567,0.9965,0.0,7735.98,3867.99,0.7986,14,7,0.8215,1.4842,0.6277,0.0745,0.8512,1,3,0,0,1,0,1.9566,552.57,161.41,918.07,9110.75,8277.31,0,0.044,2.9394,0,0
2026-09-09T15:21:45.218452+00:00,web_sql_injection_v1,web_sql_injection_v1__run_002,initial_access,T1190,15,4,1.7968,0.9671,0.032,71113.03,47408.69,0.7425,105,70,0.5824,0.9259,0.5135,0.0746,0.7373,3,7,1,0,4,0,1.4863,677.27,241.63,1081.65,6995.27,7807.22,2,0.0026,3.4438,0,2
2026-09-09T15:21:50.218452+00:00,web_sql_injection_v1,web_sql_injection_v1__run_002,initial_access,T1190,9,4,1.8366,1.0,0.0,31996.63,26308.34,0.7939,45,37,0.804,1.7733,0.5472,0.0794,0.7855,1,4,0,0,2,0,1.2117,711.04,225.69,1080.56,9414.05,9184.93,1,0.0185,3.7192,0,0
2026-09-09T15:21:55.218452+00:00,web_sql_injection_v1,web_sql_injection_v1__run_002,initial_access,T1190,7,4,1.8424,0.9727,0.0581,15398.59,9532.46,0.665,21,13,0.3493,0.4621,0.6234,0.1697,1.1324,1,3,0,0,1,0,1.5105,733.27,199.23,985.63,9082.69,7878.61,0,0.0501,3.8503,0,0
2026-09-09T15:22:00.218452+00:00,web_sql_injection_v1,web_sql_injection_v1__run_002,initial_access,T1190,5,3,1.5219,1.0,0.0004,16503.04,8251.52,0.7569,20,10,0.6875,1.4626,0.6341,0.124,1.0062,0,2,0,0,1,0,1.8467,825.15,279.51,1195.54,5957.63,6654.95,0,0.0276,4.6967,0,0
2026-09-09T15:22:05.218452+00:00,web_sql_injection_v1,web_sql_injection_v1__run_002,initial_access,T1190,8,4,1.9056,0.9894,0.0097,27045.27,10705.42,0.7564,48,19,0.5333,1.325,0.6971,0.1692,1.2046,1,3,0,0,2,0,2.4232,563.44,104.55,738.93,7673.1,9027.61,1,0.028,4.0475,0,1
2026-09-09T15:22:10.218452+00:00,web_sql_injection_v1,web_sql_injection_v1__run_002,initial_access,T1190,10,4,1.9219,0.9473,0.0594,36642.82,21985.69,0.7257,40,24,0.5286,1.5632,0.6307,0.0982,0.9254,1,5,0,0,2,0,1.6247,916.07,475.83,1917.11,9217.69,8003.4,1,0.0142,4.5249,0,0
2026-09-09T15:22:15.218452+00:00,web_sql_injection_v1,web_sql_injection_v1__run_002,initial_access,T1190,8,3,1.5613,0.9492,0.0221,10270.55,5777.18,0.7273,16,9,0.4109,0.8046,0.7115,0.11,1.0416,1,4,1,0,2,0,1.725,641.91,170.84,830.68,7804.49,8044.76,1,0.0417,4.2823,0,0
2026-09-09T15:22:20.218452+00:00,web_sql_injection_v1,web_sql_injection_v1__run_002,initial_access,T1190,6,4,1.7925,1.0,0.0338,32140.7,22192.39,0.7995,42,29,0.8827,1.6783,0.7834,0.1431,1.2126,1,3,0,0,1,0,1.436,765.25,270.96,1106.62,9217.82,8504.91,0,0.0071,4.3574,0,0
2026-09-09T15:22:25.218452+00:00,web_sql_injection_v1,web_sql_injection_v1__run_002,initial_access,T1190,4,3,1.5,0.9669,0.03,12285.46,6142.73,0.7609,16,8,1.0966,3.1527,0.8853,0.2426,1.6131,0,2,0,0,0,0,1.9413,767.84,265.75,1094.41,7622.66,9680.49,0,0.0446,4.21,0,0
2026-09-09T15:22:30.218452+00:00,web_sql_injection_v1,web_sql_injection_v1__run_002,initial_access,T1190,6,4,1.7925,1.0,0.0108,17800.47,8158.55,0.7592,24,11,0.6835,1.4326,0.6522,0.0655,0.8487,1,3,0,0,1,0,2.1099,741.69,290.78,1275.8,7077.68,9172.73,0,0.0,4.0027,0,1
2026-09-09T15:22:35.218452+00:00,web_sql_injection_v1,web_sql_injection_v1__run_002,initial_access,T1190,7,3,1.1488,1.0,0.0052,36625.38,23918.62,0.7222,49,32,0.4304,0.6727,0.7043,0.1916,1.2791,1,3,0,0,1,0,1.5159,747.46,218.12,1228.61,8784.72,8213.64,0,0.0,4.3579,0,0
2026-09-09T15:22:40.218452+00:00,web_sql_injection_v1,web_sql_injection_v1__run_002,initial_access,T1190,7,3,1.5567,0.9462,0.0391,14520.79,6223.2,0.7103,21,9,0.8723,1.6185,0.8279,0.2313,1.5218,1,3,0,0,1,0,2.1589,691.47,205.79,939.35,7639.45,7605.53,0,0.0427,4.0325,0,0
2026-09-09T15:22:45.218452+00:00,web_sql_injection_v1,web_sql_injection_v1__run_002,initial_access,T1190,11,4,1.7899,1.0,0.0,36460.1,22538.97,0.7119,55,34,0.8409,2.0796,0.5315,0.0997,0.8308,2,5,1,0,2,0,1.6108,662.91,251.27,1097.18,8111.49,7756.0,1,0.0,4.1162,0,0
2026-09-09T15:22:50.218452+00:00,web_sql_injection_v1,web_sql_injection_v1__run_002,initial_access,T1190,8,4,1.9056,1.0,0.0062,38309.16,19154.58,0.6544,56,28,0.9296,1.3435,0.6695,0.1372,1.0812,1,3,1,0,1,0,1.9871,684.09,205.15,1160.21,7032.06,8348.02,0,0.01,4.3404,0,0
2026-09-09T15:22:55.218452+00:00,web_sql_injection_v1,web_sql_injection_v1__run_002,initial_access,T1190,4,2,0.8113,1.0,0.0361,32327.04,12122.64,0.7793,40,15,0.9399,2.0443,0.76,0.123,1.1291,1,1,0,0,1,0,2.5317,808.18,283.73,1101.88,10780.29,8736.79,0,0.0,3.9988,0,0
2026-09-09T15:23:00.218452+00:00,web_sql_injection_v1,web_sql_injection_v1__run_002,initial_access,T1190,10,4,1.971,1.0,0.0,33020.93,15189.63,0.738,50,23,0.6771,1.4205,0.6805,0.1697,1.1898,1,4,1,0,2,0,2.1356,660.42,221.67,1076.45,7710.46,10171.91,1,0.0002,4.193,0,0
2026-09-09T15:23:05.218452+00:00,web_sql_injection_v1,web_sql_injection_v1__run_002,initial_access,T1190,1,1,-0.0,0.9632,0.0236,3649.04,912.26,0.6873,4,1,0.6297,1.4132,0.9698,0.1742,1.4925,0,0,0,0,0,0,2.2011,912.26,0.0,912.26,9489.53,9093.47,0,0.0,4.6487,0,0
2026-09-09T15:23:10.218452+00:00,web_sql_injection_v1,web_sql_injection_v1__run_002,initial_access,T1190,7,3,1.4488,0.9946,0.0,27650.9,18057.73,0.7683,49,32,0.3952,0.878,0.6374,0.104,0.9494,1,3,0,0,1,0,1.5287,564.3,198.47,877.48,9519.8,8640.88,0,0.0453,4.2883,0,0
2026-09-09T15:23:15.218452+00:00,web_sql_injection_v1,web_sql_injection_v1__run_002,initial_access,T1190,6,3,1.4591,1.0,0.018,13229.98,8084.99,0.7789,18,11,0.4161,0.8666,0.7436,0.2087,1.3697,1,3,0,0,1,0,1.5913,735.0,78.21,846.51,7516.4,7419.41,0,0.0474,2.758,0,0
2026-09-09T15:23:20.218452+00:00,web_sql_injection_v1,web_sql_injection_v1__run_002,initial_access,T1190,5,3,1.5219,0.9982,0.0,9857.9,3285.97,0.8032,15,5,0.3286,0.5858,0.7699,0.2115,1.4043,0,2,0,0,1,0,2.5392,657.19,217.11,1005.62,6556.61,7784.36,0,0.0531,2.331,0,0
2026-09-09T15:23:25.218452+00:00,web_sql_injection_v1,web_sql_injection_v1__run_002,initial_access,T1190,11,4,1.8231,1.0,0.0,79218.92,45370.84,0.73,110,63,0.767,2.2354,0.5705,0.06,0.7505,2,5,1,0,2,0,1.7436,720.17,274.37,1431.87,7132.04,7172.52,1,0.0287,4.3011,0,0
2026-09-09T15:23:30.218452+00:00,web_sql_injection_v1,web_sql_injection_v1__run_002,initial_access,T1190,10,3,1.2955,0.9472,0.0482,29328.93,11731.57,0.822,50,20,0.5822,1.2498,0.5272,0.1315,0.9217,2,4,0,0,2,0,2.3977,586.58,124.33,771.28,8296.94,7545.99,1,0.0425,4.1719,0,0
2026-09-09T15:23:35.218452+00:00,web_sql_injection_v1,web_sql_injection_v1__run_002,initial_access,T1190,5,4,1.9219,1.0,0.0084,29599.45,20719.62,0.8035,40,28,0.3721,0.4861,0.6685,0.1617,1.1535,1,2,0,0,1,0,1.4197,739.99,195.05,999.39,8623.73,7573.89,0,0.0601,4.7787,0,0
2026-09-09T15:23:40.218452+00:00,web_sql_injection_v1,web_sql_injection_v1__run_002,initial_access,T1190,7,3,1.3788,0.9451,0.0334,36774.14,17730.39,0.7016,56,27,0.4629,1.0637,0.876,0.1723,1.3929,1,3,0,0,1,0,2.0046,656.68,316.49,1262.6,9347.92,7190.03,0,0.019,3.3989,0,0
2026-09-09T15:23:45.218452+00:00,web_sql_injection_v1,web_sql_injection_v1__run_002,initial_access,T1190,6,4,1.7925,1.0,0.0,38265.26,20549.86,0.6813,54,29,0.6772,1.4844,0.5966,0.0774,0.8288,1,2,0,0,1,0,1.8156,708.62,192.54,1033.64,8026.97,8472.85,0,0.0,3.9956,0,0
2026-09-09T15:23:50.218452+00:00,web_sql_injection_v1,web_sql_injection_v1__run_002,initial_access,T1190,6,3,1.585,1.0,0.0,28713.08,13672.9,0.745,42,20,0.6321,1.8544,0.6187,0.0926,0.8965,1,3,0,0,1,0,2.0727,683.64,129.24,837.2,7316.39,8088.04,0,0.0303,3.784,0,0
2026-09-09T15:23:55.218452+00:00,web_sql_injection_v1,web_sql_injection_v1__run_002,initial_access,T1190,8,3,1.5613,1.0,0.0143,31892.26,16610.55,0.7227,48,25,0.7181,0.9265,0.6685,0.1184,1.0236,1,4,0,0,1,0,1.8513,664.42,226.66,979.12,8813.9,8559.12,0,0.0,3.9412,0,0
2026-09-09T15:24:00.218452+00:00,web_sql_injection_v1,web_sql_injection_v1__run_002,initial_access,T1190,3,3,1.585,0.9549,0.0755,9440.16,5244.53,0.707,9,5,0.5753,0.8276,0.6596,0.1372,1.0714,0,1,0,0,0,0,1.6708,1048.91,537.12,1612.8,8149.64,8314.98,0,0.0,3.3684,0,0
2026-09-09T15:24:05.218452+00:00,web_sql_injection_v1,web_sql_injection_v1__run_002,initial_access,T1190,6,4,1.9183,1.0,0.0,32024.48,17791.38,0.7379,36,20,0.6271,1.6898,0.6249,0.0942,0.9075,1,3,0,0,1,0,1.7864,889.57,203.54,1235.79,6502.84,8698.44,0,0.0,4.4625,0,0
2026-09-09T15:24:10.218452+00:00,web_sql_injection_v1,web_sql_injection_v1__run_002,initial_access,T1190,6,3,1.585,1.0,0.0173,15487.52,6453.13,0.763,24,10,0.7608,2.1099,0.6765,0.091,0.9496,1,3,0,0,1,0,2.2442,645.31,202.6,985.17,8213.33,7135.03,0,0.0185,4.8063,0,0
2026-09-09T15:24:15.218452+00:00,web_sql_injection_v1,web_sql_injection_v1__run_002,initial_access,T1190,13,4,1.9501,1.0,0.0,35178.44,21648.27,0.7506,52,32,0.4748,1.2777,0.7142,0.1721,1.2306,2,6,1,0,3,0,1.5793,676.51,386.9,1650.27,8567.78,8148.06,2,0.0651,4.1763,0,0
2026-09-09T15:24:20.218452+00:00,web_sql_injection_v1,web_sql_injection_v1__run_002,initial_access,T1190,9,3,1.585,1.0,0.0269,38433.77,14641.44,0.7052,63,24,0.7258,1.6656,0.7896,0.1607,1.2718,1,4,0,0,2,0,2.56,610.06,157.32,903.68,7597.8,7594.39,1,0.05,3.6366,0,0
2026-09-09T15:24:25.218452+00:00,web_sql_injection_v1,web_sql_injection_v1__run_002,initial_access,T1190,7,4,1.6645,1.0,0.0,14559.21,6932.96,0.7425,21,10,0.937,1.8748,0.7288,0.1319,1.1244,1,3,0,0,1,0,2.023,693.3,239.87,1157.01,7371.39,9618.37,0,0.0097,3.6684,0,0
2026-09-09T15:24:30.218452+00:00,web_sql_injection_v1,web_sql_injection_v1__run_002,initial_access,T1190,11,4,1.8676,0.8943,0.0929,15577.4,9912.89,0.7789,22,14,0.3089,0.6176,0.638,0.0931,0.9172,2,5,0,0,2,0,1.5075,708.06,224.72,1170.36,9092.81,8902.36,1,0.0,3.846,0,0
2026-09-09T15:24:35.218452+00:00,web_sql_injection_v1,web_sql_injection_v1__run_002,initial_access,T1190,7,3,1.5567,1.0,0.0,23076.3,15823.75,0.7454,35,24,0.9504,2.4549,0.7627,0.093,1.0419,1,3,0,0,1,0,1.4273,659.32,178.0,920.03,10478.69,6271.12,0,0.0483,3.9044,0,0
2026-09-09T15:24:40.218452+00:00,web_sql_injection_v1,web_sql_injection_v1__run_002,initial_access,T1190,10,4,1.8955,0.9612,0.0696,43528.92,22489.94,0.7099,60,31,0.6677,1.5321,0.513,0.1494,0.961,2,4,1,0,2,0,1.9233,725.48,282.49,1386.83,8683.59,8935.4,1,0.0,4.4099,0,0
2026-09-09T15:24:45.218452+00:00,web_sql_injection_v1,web_sql_injection_v1__run_002,initial_access,T1190,7,3,1.4488,0.9881,0.0192,27264.89,13632.44,0.6675,42,21,0.4147,1.2413,0.5977,0.1218,0.9633,1,3,0,0,1,0,1.9127,649.16,128.4,810.71,8283.35,8323.31,0,0.0,5.0682,0,0
2026-09-09T15:24:50.218452+00:00,web_sql_injection_v1,web_sql_injection_v1__run_002,initial_access,T1190,6,4,1.9183,0.9856,0.0,24510.55,12255.28,0.7137,36,18,0.8597,1.7026,0.5747,0.1162,0.9233,1,2,0,0,1,0,1.9571,680.85,138.3,829.68,7271.04,9454.03,0,0.0435,5.3136,0,0
2026-09-09T15:24:55.218452+00:00,web_sql_injection_v1,web_sql_injection_v1__run_002,initial_access,T1190,9,4,1.7527,1.0,0.0,42982.08,20467.66,0.7128,63,30,0.8784,2.3489,0.5277,0.0955,0.8143,1,4,0,0,1,0,2.041,682.26,217.74,1078.49,9369.06,7984.36,0,0.0041,3.2787,0,0
2026-09-09T15:25:00.218452+00:00,web_sql_injection_v1,web_sql_injection_v1__run_002,initial_access,T1190,4,3,1.5,1.0,0.0,23765.04,9902.1,0.6452,24,10,0.7592,1.7397,0.7239,0.2026,1.3318,0,1,0,0,1,0,2.3905,990.21,198.66,1217.67,7296.75,7733.78,0,0.0016,3.8273,0,0
2026-09-09T15:25:05.218452+00:00,web_sql_injection_v1,web_sql_injection_v1__run_002,initial_access,T1190,11,3,1.4949,0.9996,0.0,48117.41,29370.37,0.7608,77,47,0.6187,1.2561,0.6028,0.1342,1.0054,2,5,0,0,2,0,1.6059,624.9,184.14,983.83,9643.19,7389.5,1,0.005,4.2897,0,0
2026-09-09T15:25:10.218452+00:00,web_sql_injection_v1,web_sql_injection_v1__run_002,initial_access,T1190,11,4,1.6172,1.0,0.0,52217.8,22944.18,0.7816,66,29,0.9136,2.6678,0.6338,0.1833,1.1837,2,5,1,0,2,0,2.2278,791.18,195.27,1248.21,6758.3,9133.56,1,0.0183,3.541,0,0
2026-09-09T15:25:15.218452+00:00,web_sql_injection_v1,web_sql_injection_v1__run_002,initial_access,T1190,6,3,1.4591,0.9665,0.0403,46382.29,36543.62,0.7778,66,52,0.781,1.4174,0.7801,0.0936,1.061,1,2,0,0,1,0,1.248,702.76,262.85,1022.99,8249.9,8937.1,0,0.0282,3.2691,0,0
2026-09-09T15:25:20.218452+00:00,web_sql_injection_v1,web_sql_injection_v1__run_002,initial_access,T1190,6,4,1.7925,0.9713,0.015,24674.66,19876.81,0.7159,36,29,0.4913,0.7155,0.6216,0.0685,0.8272,1,2,0,0,1,0,1.2157,685.41,221.78,870.14,9809.13,7848.28,0,0.0,3.4566,0,0
2026-09-09T15:25:25.218452+00:00,web_sql_injection_v1,web_sql_injection_v1__run_002,initial_access,T1190,13,4,1.8339,1.0,0.0177,16963.76,7829.43,0.7399,26,12,0.9926,1.3453,0.6117,0.0963,0.9006,2,6,0,0,3,0,2.1141,652.45,313.64,1495.19,9609.29,6534.55,2,0.0276,4.2702,0,0
2026-09-09T15:25:30.218452+00:00,web_sql_injection_v1,web_sql_injection_v1__run_002,initial_access,T1190,0,0,0.0,1.0,0.0,0.0,0.0,0.8002,0,0,0.7527,1.7864,0.7675,0.2294,1.4558,0,0,0,0,0,0,1.6395,332.12,0.0,332.12,7566.68,8674.95,0,0.026,4.3483,0,0
2026-09-09T15:25:35.218452+00:00,web_sql_injection_v1,web_sql_injection_v1__run_002,initial_access,T1190,4,3,1.5,0.9342,0.0352,18464.77,10771.12,0.7446,24,14,0.6193,1.306,0.4654,0.0899,0.7352,0,2,0,0,0,0,1.6675,769.37,201.38,1011.97,8951.55,6614.36,0,0.0414,3.7288,0,0
2026-09-09T15:25:40.218452+00:00,web_sql_injection_v1,web_sql_injection_v1__run_002,initial_access,T1190,9,4,1.8366,1.0,0.0075,27661.58,9220.53,0.7869,36,12,0.7197,1.7199,0.6191,0.0911,0.8924,1,4,1,0,2,0,2.827,768.38,248.22,1272.78,8219.83,6452.7,1,0.0308,4.0317,0,1
2026-09-09T15:25:45.218452+00:00,web_sql_injection_v1,web_sql_injection_v1__run_002,initial_access,T1190,10,4,1.8464,1.0,0.0046,5778.34,2311.33,0.7023,10,4,0.7707,1.4509,0.6499,0.0851,0.9052,2,4,0,0,2,0,2.0721,577.83,180.42,990.71,8434.64,8497.89,1,0.0,4.5632,0,1
2026-09-09T15:25:50.218452+00:00,web_sql_injection_v1,web_sql_injection_v1__run_002,initial_access,T1190,12,3,1.4834,0.9856,0.0126,42117.7,27201.01,0.7693,48,31,0.8085,0.9956,0.639,0.1024,0.9461,2,6,1,0,2,0,1.505,877.45,188.59,1080.3,8492.78,8981.7,1,0.0075,3.3786,0,0
2026-09-09T15:25:55.218452+00:00,web_sql_injection_v1,web_sql_injection_v1__run_002,initial_access,T1190,4,4,2.0,1.0,0.0259,10722.21,4690.97,0.7495,16,7,0.9112,1.7891,0.8726,0.1499,1.3224,0,2,0,0,0,0,2.1533,670.14,232.88,1039.84,7990.88,6882.0,0,0.0,3.0261,0,0
2026-09-09T15:26:00.218452+00:00,web_sql_injection_v1,web_sql_injection_v1__run_002,initial_access,T1190,3,2,0.9183,0.9943,0.0,24802.16,13227.82,0.7562,30,16,0.8107,1.8823,0.5616,0.152,1.0177,0,1,0,0,0,0,1.8506,826.74,301.28,1245.12,10174.21,7827.4,0,0.0149,4.1342,0,0
2026-09-09T15:26:05.218452+00:00,web_sql_injection_v1,web_sql_injection_v1__run_002,initial_access,T1190,14,4,1.7274,1.0,0.0,29377.01,12590.15,0.7404,42,18,0.8008,2.3086,0.6158,0.1725,1.1333,2,6,1,0,3,0,2.3148,699.45,205.86,1224.26,8491.57,8024.7,1,0.0611,3.6739,0,0
2026-09-09T15:26:10.218452+00:00,web_sql_injection_v1,web_sql_injection_v1__run_002,initial_access,T1190,8,3,1.0613,1.0,0.0,27428.23,14856.96,0.8036,48,26,0.4393,0.9649,0.641,0.1518,1.0966,1,3,0,0,2,0,1.8352,571.42,102.91,722.48,9311.06,7494.77,1,0.0051,4.8035,0,0
2026-09-09T15:26:15.218452+00:00,web_sql_injection_v1,web_sql_injection_v1__run_002,initial_access,T1190,7,3,1.4488,0.969,0.0414,7782.19,3335.22,0.7389,14,6,0.8866,1.6727,0.5809,0.1605,1.0623,1,3,0,0,1,0,2.1478,555.87,213.35,1027.41,7983.63,8038.56,0,0.0149,3.9732,0,0
2026-09-09T15:26:20.218452+00:00,web_sql_injection_v1,web_sql_injection_v1__run_002,initial_access,T1190,12,4,1.8879,0.9766,0.0367,19499.78,8937.4,0.7757,24,11,0.6651,1.7134,0.6165,0.0835,0.867,2,5,1,0,2,0,2.0093,812.49,323.42,1467.52,8112.45,8191.16,1,0.0,2.9004,0,0
2026-09-09T15:26:25.218452+00:00,web_sql_injection_v1,web_sql_injection_v1__run_002,initial_access,T1190,7,3,1.4488,0.9423,0.0302,25232.04,16581.06,0.6729,35,23,0.8912,1.5318,0.8492,0.1871,1.4105,1,3,0,0,1,0,1.5009,720.92,351.55,1256.65,7912.4,7625.53,0,0.0415,3.7002,0,0
2026-09-09T15:26:30.218452+00:00,web_sql_injection_v1,web_sql_injection_v1__run_002,initial_access,T1190,6,3,1.4591,1.0,0.0,4792.89,2396.45,0.7573,6,3,1.0519,2.6981,0.7784,0.2325,1.4758,1,2,0,0,1,0,1.8458,798.82,160.61,1099.73,7602.06,8290.47,0,0.0,3.4717,0,0
2026-09-09T15:26:35.218452+00:00,web_sql_injection_v1,web_sql_injection_v1__run_002,initial_access,T1190,4,4,2.0,0.9632,0.0604,19889.31,9115.93,0.7444,24,11,0.3586,0.486,0.5397,0.1172,0.8912,0,2,0,0,1,0,2.1239,828.72,267.74,1148.08,9406.58,7863.64,0,0.0,4.0161,0,0
2026-09-09T15:26:40.218452+00:00,web_sql_injection_v1,web_sql_injection_v1__run_002,initial_access,T1190,2,2,1.0,1.0,0.0,11009.15,5504.58,0.7356,16,8,1.0621,2.4508,0.6937,0.2059,1.3115,0,1,0,0,0,0,1.9587,688.07,22.82,710.9,7491.71,10063.31,0,0.0,4.042,0,0
2026-09-09T15:26:45.218452+00:00,web_sql_injection_v1,web_sql_injection_v1__run_002,initial_access,T1190,9,4,1.8911,0.985,0.0095,34928.15,16817.26,0.6995,54,26,0.9637,2.7708,0.8788,0.0977,1.1719,1,4,1,0,2,0,2.006,646.82,102.13,837.0,6930.2,8631.76,1,0.0,4.197,0,0
2026-09-09T15:26:50.218452+00:00,web_sql_injection_v1,web_sql_injection_v1__run_002,initial_access,T1190,6,3,1.4591,0.9535,0.0323,28003.47,20002.48,0.7,42,30,0.9309,1.2033,0.8408,0.1354,1.247,1,3,0,0,1,0,1.3701,666.75,288.71,1289.79,7685.07,10921.07,0,0.0264,4.0542,0,0
2026-09-09T15:26:55.218452+00:00,web_sql_injection_v1,web_sql_injection_v1__run_002,initial_access,T1190,5,2,0.971,1.0,0.0,19697.39,8535.53,0.7792,30,13,0.7491,1.1591,0.5831,0.0649,0.7778,0,2,0,0,1,0,2.2748,656.58,220.33,997.87,9359.62,8612.98,0,0.0533,3.8695,0,0
2026-09-09T15:27:00.218452+00:00,web_sql_injection_v1,web_sql_injection_v1__run_002,initial_access,T1190,8,4,1.75,0.9706,0.0432,37251.91,26386.77,0.8069,48,34,0.9574,1.709,1.0158,0.1112,1.3493,1,4,0,0,2,0,1.4069,776.08,276.06,1248.22,7415.99,7363.84,1,0.0,4.2783,0,1
2026-09-09T15:27:05.218452+00:00,web_sql_injection_v1,web_sql_injection_v1__run_002,initial_access,T1190,4,2,0.8113,1.0,0.0,14188.02,7685.18,0.8276,24,13,0.6697,1.1329,0.7326,0.0823,0.9796,0,2,0,0,1,0,1.7974,591.17,163.04,768.72,8362.17,10680.1,0,0.0033,3.6674,0,0
2026-09-09T15:27:10.218452+00:00,web_sql_injection_v1,web_sql_injection_v1__run_002,initial_access,T1190,8,4,1.9056,1.0,0.0198,28708.76,17225.25,0.6767,40,24,0.8474,2.0999,0.5874,0.1428,1.0158,1,4,0,0,2,0,1.6354,717.72,286.38,1421.59,8029.68,10033.74,1,0.0,3.811,0,0
2026-09-09T15:27:15.218452+00:00,web_sql_injection_v1,web_sql_injection_v1__run_002,initial_access,T1190,9,3,1.3516,0.9859,0.0069,53292.57,25001.45,0.7546,81,38,0.5396,1.1866,0.5907,0.167,1.0916,1,4,0,0,2,0,2.1253,657.93,269.34,1359.97,8715.79,8749.74,1,0.0122,3.9302,0,0
2026-09-09T15:27:20.218452+00:00,web_sql_injection_v1,web_sql_injection_v1__run_002,initial_access,T1190,8,4,1.9056,0.9806,0.0,12530.2,11747.06,0.7237,16,15,0.5404,1.0131,0.6446,0.1583,1.1195,1,4,0,0,1,0,1.0512,783.14,251.37,1122.28,8342.68,8511.11,0,0.0047,3.5532,0,0
2026-09-09T15:27:25.218452+00:00,web_sql_injection_v1,web_sql_injection_v1__run_002,initial_access,T1190,12,4,1.8554,0.9787,0.0157,26129.58,12520.42,0.7201,48,23,0.8069,1.3877,0.7164,0.0804,0.9575,1,5,1,0,3,0,2.0149,544.37,160.32,874.61,6146.52,8365.01,1,0.0615,3.6515,0,0
2026-09-09T15:27:30.218452+00:00,web_sql_injection_v1,web_sql_injection_v1__run_002,initial_access,T1190,14,4,1.9592,0.9829,0.0,78582.63,62445.13,0.6899,112,89,0.9394,1.9775,0.6273,0.1418,1.0528,3,6,1,0,2,0,1.2574,701.63,200.17,1000.99,10302.72,7202.05,1,0.0152,3.5238,0,1
2026-09-09T15:27:35.218452+00:00,web_sql_injection_v1,web_sql_injection_v1__run_002,initial_access,T1190,8,4,1.9056,1.0,0.0,38020.8,20368.28,0.7758,56,30,0.968,2.2577,0.8072,0.1363,1.2162,1,4,0,0,2,0,1.8583,678.94,225.25,1099.24,7013.67,9338.45,1,0.0159,4.7414,0,1
2026-09-09T15:27:40.218452+00:00,web_sql_injection_v1,web_sql_injection_v1__run_002,initial_access,T1190,9,4,1.6577,1.0,0.0,18306.26,9492.14,0.7649,27,14,0.5856,1.0255,0.706,0.1135,1.0465,2,4,1,0,2,0,1.894,678.01,252.79,1333.35,6747.04,7909.66,1,0.0345,4.4128,0,1
2026-09-09T15:27:45.218452+00:00,web_sql_injection_v1,web_sql_injection_v1__run_002,initial_access,T1190,6,4,1.7925,1.0,0.0,13567.51,5276.26,0.7262,18,7,0.6773,1.8514,0.6644,0.1281,1.0488,1,3,0,0,1,0,2.4746,753.75,208.97,1012.85,6940.36,8671.68,0,0.0061,3.9173,0,0
2026-09-09T15:27:50.218452+00:00,web_sql_injection_v1,web_sql_injection_v1__run_002,initial_access,T1190,7,3,1.5567,1.0,0.0,18360.28,8742.99,0.7668,21,10,0.4281,1.2058,0.5557,0.1477,0.9988,1,3,0,0,1,0,2.0074,874.3,263.4,1265.35,7443.41,9074.06,0,0.0,3.9573,0,0
2026-09-09T15:27:55.218452+00:00,web_sql_injection_v1,web_sql_injection_v1__run_002,initial_access,T1190,8,4,1.75,0.9601,0.0424,53508.24,32773.8,0.6814,80,49,0.5905,1.3315,0.7252,0.1276,1.1081,1,4,0,0,1,0,1.6139,668.85,283.29,1288.11,7879.29,6628.65,0,0.0142,3.6861,0,0
2026-09-09T15:28:00.218452+00:00,web_sql_injection_v1,web_sql_injection_v1__run_002,initial_access,T1190,8,4,1.8113,0.9475,0.0448,30378.2,16708.01,0.7249,40,22,0.399,0.8938,0.611,0.1802,1.1515,1,4,0,0,1,0,1.7455,759.45,195.47,1040.87,7971.24,7390.41,0,0.0165,3.878,0,0
2026-09-09T15:28:05.218452+00:00,web_sql_injection_v1,web_sql_injection_v1__run_002,initial_access,T1190,4,2,0.8113,1.0,0.0,15546.19,6477.58,0.6291,24,10,0.995,2.5044,0.7509,0.1345,1.1545,0,1,0,0,1,0,2.2074,647.76,189.46,954.6,9085.37,9325.21,0,0.0188,3.4274,0,0
2026-09-09T15:28:10.218452+00:00,web_sql_injection_v1,web_sql_injection_v1__run_002,initial_access,T1190,6,3,1.4591,1.0,0.0,38878.4,20617.33,0.733,66,35,1.1316,2.8204,0.7765,0.2245,1.45,1,3,0,0,1,0,1.8526,589.07,148.07,798.55,8572.65,7218.49,0,0.0453,3.5156,0,1
2026-09-09T15:28:15.218452+00:00,web_sql_injection_v1,web_sql_injection_v1__run_002,initial_access,T1190,4,3,1.5,0.9492,0.0891,23854.01,11181.57,0.7407,32,15,0.4336,0.9491,0.7895,0.181,1.3326,0,1,0,0,0,0,2.0689,745.44,446.78,1428.27,9811.83,8459.56,0,0.0,3.7714,0,0
2026-09-09T15:28:20.218452+00:00,web_sql_injection_v1,web_sql_injection_v1__run_002,initial_access,T1190,9,4,1.8366,1.0,0.0276,18288.16,10160.09,0.6823,27,15,0.3207,0.4792,0.5473,0.0877,0.8105,1,4,0,0,2,0,1.7341,677.34,231.04,1121.96,6618.58,9316.91,1,0.0112,5.0412,0,0
2026-09-09T15:28:25.218452+00:00,web_sql_injection_v1,web_sql_injection_v1__run_002,initial_access,T1190,11,3,1.5395,0.9788,0.0191,24246.35,14694.76,0.6966,33,20,0.2842,0.5931,0.5855,0.1174,0.9376,2,5,1,0,3,0,1.6271,734.74,280.69,1213.89,8486.58,10071.87,2,0.047,3.9058,0,0
2026-09-09T15:28:30.218452+00:00,web_sql_injection_v1,web_sql_injection_v1__run_002,initial_access,T1190,10,4,1.971,0.9929,0.0,49710.85,29826.51,0.753,90,54,0.4848,1.0613,0.6299,0.1738,1.1513,1,4,0,0,2,0,1.6593,552.34,110.71,718.11,9481.47,10463.19,1,0.0318,3.3515,0,0
2026-09-09T15:28:35.218452+00:00,web_sql_injection_v1,web_sql_injection_v1__run_002,initial_access,T1190,6,3,1.2516,1.0,0.0293,40144.35,18585.35,0.8184,54,25,0.7249,2.171,0.5719,0.1446,1.0057,1,2,0,0,1,0,2.1062,743.41,271.11,1156.75,7329.06,9032.87,0,0.0,4.0284,0,0
2026-09-09T15:28:40.218452+00:00,web_sql_injection_v1,web_sql_injection_v1__run_002,initial_access,T1190,10,4,1.761,0.9578,0.0029,64402.17,30913.04,0.6984,100,48,0.4752,0.9976,0.456,0.1008,0.7585,1,4,1,0,2,0,2.0794,644.02,197.94,976.95,9740.57,8600.22,1,0.0,4.7988,0,0
2026-09-09T15:28:45.218452+00:00,web_sql_injection_v1,web_sql_injection_v1__run_002,initial_access,T1190,9,4,1.4466,1.0,0.0022,37627.48,29962.62,0.8137,54,43,0.3978,0.6948,0.6525,0.1575,1.1251,1,4,0,0,2,0,1.2516,696.81,229.68,1133.99,7125.92,9080.08,1,0.0335,3.7457,0,0
2026-09-09T15:28:50.218452+00:00,web_sql_injection_v1,web_sql_injection_v1__run_002,initial_access,T1190,2,2,1.0,0.9566,0.0202,11664.88,4860.37,0.6946,12,5,0.6673,1.8545,0.6114,0.0947,0.8955,0,0,0,0,0,0,2.1118,972.07,181.99,1154.06,7251.25,6085.15,0,0.0481,4.2155,0,0
2026-09-09T15:28:55.218452+00:00,web_sql_injection_v1,web_sql_injection_v1__run_002,initial_access,T1190,9,4,1.8366,1.0,0.0196,22108.51,12282.5,0.7429,27,15,1.0904,1.5553,0.8401,0.1568,1.3106,1,4,0,0,2,0,1.748,818.83,283.33,1256.34,8669.4,8181.59,1,0.0355,4.2302,0,0
2026-09-09T15:29:00.218452+00:00,web_sql_injection_v1,web_sql_injection_v1__run_002,initial_access,T1190,8,4,1.8113,1.0,0.0,34234.34,18951.15,0.7239,56,31,0.3912,0.4797,0.7044,0.1882,1.269,1,3,0,0,2,0,1.7659,611.33,123.79,832.58,8176.98,6941.69,1,0.0103,4.43,0,0
2026-09-09T15:29:05.218452+00:00,web_sql_injection_v1,web_sql_injection_v1__run_002,initial_access,T1190,6,3,1.4591,0.9981,0.0,25387.29,13298.11,0.7975,42,22,0.7877,2.3039,0.7296,0.1463,1.1685,0,2,0,0,1,0,1.8678,604.46,136.83,885.28,8094.11,7674.23,0,0.0,3.7649,0,0
2026-09-09T15:29:10.218452+00:00,web_sql_injection_v1,web_sql_injection_v1__run_002,initial_access,T1190,7,4,1.9502,1.0,0.0,29128.36,14564.18,0.6842,42,21,0.5089,1.4712,0.5411,0.1156,0.8879,1,3,0,0,1,0,1.9123,693.53,162.05,1058.43,7584.96,7188.07,0,0.0499,3.8552,0,0
2026-09-09T15:29:15.218452+00:00,web_sql_injection_v1,web_sql_injection_v1__run_002,initial_access,T1190,6,3,1.2516,0.9561,0.0426,43135.03,23364.81,0.8257,48,26,0.5914,0.8595,0.6928,0.1685,1.1984,1,3,0,0,1,0,1.8081,898.65,571.61,2139.94,7529.81,7582.61,0,0.0258,3.8478,0,0
2026-09-09T15:29:20.218452+00:00,web_sql_injection_v1,web_sql_injection_v1__run_002,initial_access,T1190,14,4,1.9242,1.0,0.0,59502.92,36835.14,0.7743,84,52,0.5259,1.2522,0.5508,0.1236,0.9215,2,6,1,0,3,0,1.5886,708.37,315.83,1372.05,7637.86,9518.5,1,0.0088,2.9674,0,0
2026-09-09T15:29:25.218452+00:00,web_sql_injection_v1,web_sql_injection_v1__run_002,initial_access,T1190,12,4,1.825,0.9948,0.022,31546.42,14458.78,0.6738,48,22,0.4715,1.302,0.6252,0.0955,0.9117,2,5,1,0,2,0,2.1391,657.22,236.06,1147.76,8521.81,7354.28,1,0.0,3.0269,0,0
2026-09-09T15:29:30.218452+00:00,web_sql_injection_v1,web_sql_injection_v1__run_002,initial_access,T1190,10,4,1.971,1.0,0.01,25088.07,11289.63,0.8143,40,18,0.5956,0.7522,0.7462,0.2225,1.4138,2,5,0,0,2,0,2.183,627.2,178.81,966.33,8248.05,8599.14,1,0.0295,3.5505,0,0
2026-09-09T15:29:35.218452+00:00,web_sql_injection_v1,web_sql_injection_v1__run_002,initial_access,T1190,2,1,-0.0,1.0,0.0132,12558.06,6279.03,0.8514,14,7,0.4337,1.1489,0.5946,0.1394,1.0128,0,0,0,0,0,0,1.751,897.0,198.35,1095.35,9155.58,7621.17,0,0.0,4.1259,0,0
2026-09-09T15:29:40.218452+00:00,web_sql_injection_v1,web_sql_injection_v1__run_002,initial_access,T1190,11,4,1.8676,1.0,0.0128,54978.17,42126.13,0.7288,77,59,0.7805,1.9784,0.5978,0.1454,1.0339,2,5,1,0,2,0,1.3006,714.0,376.76,1523.63,9899.52,9143.23,1,0.0,5.2075,0,0
2026-09-09T15:29:45.218452+00:00,web_sql_injection_v1,web_sql_injection_v1__run_002,initial_access,T1190,7,3,1.4488,1.0,0.0098,32325.01,19241.08,0.6996,42,25,0.6206,1.2481,0.7549,0.2027,1.363,1,3,0,0,1,0,1.6388,769.64,116.02,926.76,6860.0,9389.18,0,0.0165,4.4436,0,0
2026-09-09T15:29:50.218452+00:00,web_sql_injection_v1,web_sql_injection_v1__run_002,initial_access,T1190,8,4,1.9056,1.0,0.0,5783.96,5060.97,0.7195,8,7,0.3546,0.7622,0.5848,0.119,0.9419,1,3,0,0,2,0,1.1397,723.0,151.79,1033.06,8839.65,8874.37,1,0.0744,4.0043,0,0
2026-09-09T15:29:55.218452+00:00,web_sql_injection_v1,web_sql_injection_v1__run_002,initial_access,T1190,10,4,1.7219,1.0,0.0438,32246.2,14510.79,0.7368,40,18,0.4972,0.7588,0.7026,0.2059,1.3202,1,5,0,0,2,0,2.1588,806.15,263.23,1345.85,8653.17,7886.07,1,0.0156,3.8423,0,1
2026-09-09T15:30:00.218452+00:00,web_sql_injection_v1,web_sql_injection_v1__run_002,initial_access,T1190,9,3,1.3921,1.0,0.0285,33255.15,20692.09,0.741,45,28,0.6601,1.5481,0.6287,0.1697,1.1376,1,4,0,0,2,0,1.5556,739.0,217.21,1105.32,7569.78,8146.34,1,0.0432,4.2719,0,1
2026-09-09T15:30:05.218452+00:00,web_sql_injection_v1,web_sql_injection_v1__run_002,initial_access,T1190,7,3,1.3788,1.0,0.0145,22062.9,12607.37,0.7057,28,16,0.6842,1.0567,0.7432,0.1624,1.2305,1,3,0,0,1,0,1.7096,787.96,313.27,1340.33,10023.18,7881.83,0,0.0,4.4683,0,0
2026-09-09T15:30:10.218452+00:00,web_sql_injection_v1,web_sql_injection_v1__run_002,initial_access,T1190,7,4,1.8424,0.9765,0.001,4064.18,2322.39,0.7398,7,4,0.5522,1.6278,0.7215,0.1914,1.2958,1,3,0,0,1,0,1.6731,580.6,158.53,806.29,8605.56,8129.14,0,0.0,3.9762,0,0
2026-09-09T15:30:15.218452+00:00,web_sql_injection_v1,web_sql_injection_v1__run_002,initial_access,T1190,10,3,1.371,0.9953,0.0,55604.83,25331.09,0.7852,90,41,0.4403,0.8436,0.4841,0.0896,0.7529,2,4,1,0,2,0,2.187,617.83,259.78,1226.26,8770.54,8453.68,1,0.0082,4.2287,0,0
2026-09-09T15:30:20.218452+00:00,web_sql_injection_v1,web_sql_injection_v1__run_002,initial_access,T1190,8,4,1.8113,1.0,0.001,36679.3,28655.71,0.7002,64,50,0.7029,1.2919,0.5505,0.1042,0.8629,1,3,0,0,2,0,1.272,573.11,194.09,823.47,8631.83,7592.87,1,0.0,3.8707,0,0
2026-09-09T15:30:25.218452+00:00,web_sql_injection_v1,web_sql_injection_v1__run_002,initial_access,T1190,13,4,1.7381,1.0,0.0148,52745.23,37192.15,0.6925,78,55,0.8484,2.259,0.6174,0.1002,0.9179,2,6,1,0,3,0,1.3933,676.22,266.83,1270.6,8594.38,7074.11,1,0.0477,4.884,0,0
2026-09-09T15:30:30.218452+00:00,web_sql_injection_v1,web_sql_injection_v1__run_002,initial_access,T1190,8,4,1.9056,1.0,0.0337,38924.61,25718.05,0.7707,56,37,0.4546,0.9622,0.6209,0.1411,1.0442,1,4,0,0,1,0,1.4828,695.08,259.36,1122.43,7501.43,8236.88,0,0.0205,3.2076,0,0
2026-09-09T15:30:35.218452+00:00,web_sql_injection_v1,web_sql_injection_v1__run_002,initial_access,T1190,7,4,1.6645,1.0,0.0192,22119.37,11375.67,0.7791,35,18,0.8376,2.4416,0.6949,0.101,0.9979,1,3,0,0,1,0,1.8538,631.98,219.01,1059.79,8368.41,8282.31,0,0.0455,4.2627,0,0
2026-09-09T15:30:40.218452+00:00,web_sql_injection_v1,web_sql_injection_v1__run_002,initial_access,T1190,6,3,1.2516,0.98,0.0475,30589.25,16751.26,0.9016,42,23,0.8786,1.1922,0.6248,0.0672,0.8264,1,2,0,0,1,0,1.7873,728.32,279.08,1335.45,8743.94,7556.18,0,0.0211,3.7354,0,0
2026-09-09T15:30:45.218452+00:00,web_sql_injection_v1,web_sql_injection_v1__run_002,initial_access,T1190,13,4,1.6143,1.0,0.0255,50119.45,28529.53,0.7366,65,37,0.808,2.4031,0.7018,0.1916,1.2765,2,7,1,0,3,0,1.7336,771.07,467.2,1837.65,7311.48,7024.17,2,0.0605,3.6616,0,0
2026-09-09T15:30:50.218452+00:00,web_sql_injection_v1,web_sql_injection_v1__run_002,initial_access,T1190,7,3,1.5567,0.9411,0.0155,55804.23,30438.67,0.818,77,42,1.1256,2.377,0.7806,0.1071,1.1018,1,3,0,0,1,0,1.8302,724.73,142.31,908.26,8150.18,8648.03,0,0.0,4.2375,0,0
2026-09-09T15:30:55.218452+00:00,web_sql_injection_v1,web_sql_injection_v1__run_002,initial_access,T1190,9,3,1.5305,1.0,0.0,32185.51,17880.84,0.763,45,25,0.5822,1.4332,0.6692,0.1911,1.2425,1,4,0,0,2,0,1.786,715.23,266.36,1235.39,8548.91,8523.89,1,0.0467,3.0737,0,0
2026-09-09T15:31:00.218452+00:00,web_sql_injection_v1,web_sql_injection_v1__run_002,initial_access,T1190,7,4,1.8424,0.9957,0.0249,14875.79,6375.34,0.6813,21,9,0.6809,1.4109,0.7809,0.1427,1.2091,1,3,0,0,1,0,2.1953,708.37,159.95,1038.57,8738.4,7028.02,0,0.0347,4.7199,0,0
2026-09-09T15:31:05.218452+00:00,web_sql_injection_v1,web_sql_injection_v1__run_002,initial_access,T1190,10,4,1.8955,1.0,0.0114,56576.66,26671.85,0.7433,70,33,0.3922,1.0067,0.6161,0.1254,0.9922,1,4,1,0,2,0,2.0872,808.24,261.07,1272.87,7045.77,7586.45,1,0.0,3.8321,0,0
2026-09-09T15:31:10.218452+00:00,web_sql_injection_v1,web_sql_injection_v1__run_002,initial_access,T1190,8,4,1.5488,1.0,0.0,15462.15,7731.07,0.7485,24,12,0.531,1.4734,0.5855,0.0611,0.7686,1,3,0,0,1,0,1.8493,644.26,127.72,821.34,8631.74,8660.61,0,0.0122,4.2221,0,0
2026-09-09T15:31:15.218452+00:00,web_sql_injection_v1,web_sql_injection_v1__run_002,initial_access,T1190,4,1,-0.0,1.0,0.0,28127.76,11426.9,0.7686,32,13,0.7474,2.1911,0.865,0.2248,1.5395,0,2,0,0,0,0,2.3092,878.99,213.52,1018.93,6881.62,8179.2,0,0.0,3.5423,0,0
2026-09-09T15:31:20.218452+00:00,web_sql_injection_v1,web_sql_injection_v1__run_002,initial_access,T1190,8,3,1.5613,0.9628,0.0459,17578.2,8789.1,0.7895,24,12,0.7731,1.2707,0.5349,0.0719,0.7504,1,4,0,0,1,0,1.9537,732.43,259.93,1320.59,8832.06,8587.59,0,0.0897,4.0405,0,0
2026-09-09T15:31:25.218452+00:00,web_sql_injection_v1,web_sql_injection_v1__run_002,initial_access,T1190,8,4,1.75,1.0,0.0289,26780.14,11381.56,0.7729,40,17,0.8422,2.0993,0.6438,0.1711,1.1571,1,3,0,0,1,0,2.336,669.5,201.57,980.16,9204.92,6581.28,0,0.0502,4.6877,0,0
2026-09-09T15:31:30.218452+00:00,web_sql_injection_v1,web_sql_injection_v1__run_002,initial_access,T1190,8,3,1.5613,1.0,0.0166,30302.51,18939.07,0.7346,48,30,0.8008,1.5179,0.6594,0.0754,0.8856,1,4,0,0,2,0,1.5746,631.3,152.72,860.9,7466.12,8600.41,1,0.0276,3.3979,0,0
2026-09-09T15:31:35.218452+00:00,web_sql_injection_v1,web_sql_injection_v1__run_002,initial_access,T1190,9,4,1.8911,1.0,0.0,30853.31,17140.73,0.7551,54,30,0.8114,1.0969,0.578,0.1307,0.9701,1,4,1,0,2,0,1.7447,571.36,227.58,1075.89,8529.21,8377.68,1,0.029,4.0532,0,0
2026-09-09T15:31:40.218452+00:00,web_sql_injection_v1,web_sql_injection_v1__run_002,initial_access,T1190,10,4,1.8464,0.9669,0.0427,77828.58,36320.01,0.7488,90,42,0.4229,1.0207,0.6604,0.1521,1.1166,2,5,0,0,2,0,2.1053,864.76,358.81,1698.52,9604.93,6615.32,1,0.0236,4.4643,0,0
2026-09-09T15:31:45.218452+00:00,web_sql_injection_v1,web_sql_injection_v1__run_002,initial_access,T1190,7,4,1.8424,0.9831,0.0346,18915.92,8782.39,0.7947,28,13,0.7928,2.0348,0.6231,0.168,1.127,1,3,0,0,1,0,2.0983,675.57,306.25,1300.27,7934.08,8542.75,0,0.0715,4.4415,0,0
2026-09-09T15:31:50.218452+00:00,web_sql_injection_v1,web_sql_injection_v1__run_002,initial_access,T1190,14,4,1.9852,0.9877,0.0257,63861.54,61254.94,0.8416,98,94,0.4289,1.0142,0.753,0.1104,1.0843,2,7,1,0,3,0,1.0352,651.65,279.8,1061.36,7990.07,8341.84,1,0.0,4.9751,0,0
2026-09-09T15:31:55.218452+00:00,web_sql_injection_v1,web_sql_injection_v1__run_002,initial_access,T1190,7,2,0.9852,0.9681,0.0069,7852.81,2804.58,0.761,14,5,0.3631,0.8228,0.6455,0.1908,1.2178,1,3,0,0,1,0,2.3921,560.92,88.78,677.31,6831.73,8305.26,0,0.0238,4.0397,0,0
2026-09-09T15:32:00.218452+00:00,web_sql_injection_v1,web_sql_injection_v1__run_002,initial_access,T1190,5,3,1.5219,0.9829,0.0224,28586.92,17152.15,0.7595,40,24,0.9123,1.7013,0.7111,0.1263,1.0899,0,2,0,0,1,0,1.6172,714.67,144.12,874.99,8549.66,9608.84,0,0.006,3.5843,0,0
2026-09-09T15:32:05.218452+00:00,web_sql_injection_v1,web_sql_injection_v1__run_002,initial_access,T1190,4,3,1.5,1.0,0.0,23744.76,13356.43,0.7456,32,18,0.6657,1.3742,0.71,0.0755,0.9364,0,2,0,0,1,0,1.7774,742.02,236.16,1135.58,9867.26,7666.8,0,0.0,3.2522,0,0
2026-09-09T15:32:10.218452+00:00,web_sql_injection_v1,web_sql_injection_v1__run_002,initial_access,T1190,10,3,1.371,1.0,0.0094,53349.82,48014.84,0.718,80,72,0.6025,0.7872,0.5955,0.1542,1.0582,1,5,0,0,2,0,1.107,666.87,230.21,1123.05,7574.17,8380.27,1,0.0355,3.6332,0,0
2026-09-09T15:32:15.218452+00:00,web_sql_injection_v1,web_sql_injection_v1__run_002,initial_access,T1190,5,3,1.5219,0.9951,0.0285,20770.28,7788.86,0.6926,40,15,0.7357,1.6264,0.6285,0.136,1.0366,0,2,0,0,1,0,2.6637,519.26,114.4,681.33,6934.64,8048.67,0,0.0,3.2171,0,0
2026-09-09T15:32:20.218452+00:00,web_sql_injection_v1,web_sql_injection_v1__run_002,initial_access,T1190,6,4,1.9183,1.0,0.0192,33756.74,14065.31,0.8317,48,20,0.8359,1.8036,0.8059,0.1836,1.3566,1,3,0,0,1,0,2.2969,703.27,265.62,1014.86,8861.5,8423.39,0,0.0267,3.9974,0,0
2026-09-09T15:32:25.218452+00:00,web_sql_injection_v1,web_sql_injection_v1__run_002,initial_access,T1190,9,4,1.8366,0.9957,0.0214,12029.13,8687.7,0.7799,18,13,0.5609,1.0946,0.5692,0.0734,0.7894,2,4,0,0,2,0,1.3489,668.28,146.71,921.45,7077.99,7542.23,1,0.0107,3.4044,0,0
2026-09-09T15:32:30.218452+00:00,web_sql_injection_v1,web_sql_injection_v1__run_002,initial_access,T1190,6,4,1.7925,0.9735,0.0388,12994.74,6497.37,0.7688,18,9,0.5001,0.8826,0.5858,0.0659,0.7836,1,2,0,0,1,0,1.8485,721.93,111.78,901.11,8384.99,7189.07,0,0.0107,4.0575,0,0
2026-09-09T15:32:35.218452+00:00,web_sql_injection_v1,web_sql_injection_v1__run_002,initial_access,T1190,8,4,1.9056,0.9919,0.0,4900.75,2450.37,0.7562,8,4,0.4455,0.7846,0.7831,0.2017,1.3881,1,3,0,0,1,0,1.8682,612.59,229.6,970.08,7931.79,8666.88,0,0.0489,3.5146,0,0
2026-09-09T15:32:40.218452+00:00,web_sql_injection_v1,web_sql_injection_v1__run_002,initial_access,T1190,4,2,1.0,0.9874,0.0,18929.04,8675.81,0.7677,24,11,0.4052,1.1987,0.6617,0.0743,0.8847,0,2,0,0,0,0,2.0512,788.71,218.47,980.61,6521.22,9014.91,0,0.008,3.9867,0,0
2026-09-09T15:32:45.218452+00:00,web_sql_injection_v1,web_sql_injection_v1__run_002,initial_access,T1190,5,3,1.5219,1.0,0.0006,38356.96,26501.17,0.7737,55,38,0.3465,0.6449,0.7263,0.1686,1.2322,1,2,0,0,1,0,1.4348,697.4,254.84,1108.94,9267.12,6756.78,0,0.0309,3.7985,0,0
2026-09-09T15:32:50.218452+00:00,web_sql_injection_v1,web_sql_injection_v1__run_002,initial_access,T1190,9,4,1.8366,0.9716,0.0326,24546.86,13637.15,0.6698,36,20,0.5611,1.1643,0.481,0.0591,0.6584,1,4,0,0,2,0,1.7143,681.86,190.21,984.15,8389.52,9678.08,1,0.0052,3.5485,0,1
2026-09-09T15:32:55.218452+00:00,web_sql_injection_v1,web_sql_injection_v1__run_002,initial_access,T1190,7,4,1.8424,0.9792,0.0248,35632.79,15271.2,0.7489,49,21,0.829,1.1345,0.7032,0.1947,1.2872,1,3,0,0,1,0,2.2453,727.2,300.03,1279.81,6369.03,7486.44,0,0.022,4.2615,0,0
2026-09-09T15:33:00.218452+00:00,web_sql_injection_v1,web_sql_injection_v1__run_002,initial_access,T1190,6,4,1.9183,1.0,0.0009,48817.77,30917.92,0.8339,60,38,0.9459,2.7421,0.7562,0.1819,1.3017,1,3,0,0,1,0,1.5603,813.63,252.86,1175.87,8835.14,9168.95,0,0.0165,4.4117,0,0
2026-09-09T15:33:05.218452+00:00,web_sql_injection_v1,web_sql_injection_v1__run_002,initial_access,T1190,7,3,1.3788,1.0,0.013,26147.7,11828.72,0.8192,42,19,0.7901,1.7165,0.6436,0.132,1.0397,1,3,0,0,1,0,2.1227,622.56,145.71,935.82,9915.36,6503.2,0,0.0,4.2818,0,0
2026-09-09T15:33:10.218452+00:00,web_sql_injection_v1,web_sql_injection_v1__run_002,initial_access,T1190,4,4,2.0,1.0,0.0,23534.28,16810.2,0.7555,28,20,0.9195,2.2747,0.7342,0.135,1.1392,0,1,0,0,0,0,1.3611,840.51,356.67,1383.83,5507.18,6714.36,0,0.0295,4.0088,0,0
2026-09-09T15:33:15.218452+00:00,web_sql_injection_v1,web_sql_injection_v1__run_002,initial_access,T1190,6,4,1.9183,1.0,0.0,38290.39,27654.17,0.8427,54,39,1.1096,1.5973,0.7881,0.2035,1.3987,0,3,0,0,1,0,1.3775,709.08,169.9,953.06,7087.05,8183.97,0,0.0097,4.0284,0,0
2026-09-09T15:33:20.218452+00:00,web_sql_injection_v1,web_sql_injection_v1__run_002,initial_access,T1190,6,3,1.4591,1.0,0.0114,18212.78,7588.66,0.7306,24,10,0.4587,1.0492,0.5547,0.0591,0.732,1,2,0,0,1,0,2.3671,758.87,169.73,944.07,9671.37,7600.7,0,0.0717,3.3487,0,0
2026-09-09T15:33:25.218452+00:00,web_sql_injection_v1,web_sql_injection_v1__run_002,initial_access,T1190,6,3,1.4591,0.9932,0.0147,34645.7,22272.23,0.6801,42,27,0.7596,1.8232,0.8502,0.1685,1.3558,1,2,0,0,1,0,1.5054,824.9,292.6,1257.72,7860.89,7996.06,0,0.0032,3.747,0,0
2026-09-09T15:33:30.218452+00:00,web_sql_injection_v1,web_sql_injection_v1__run_002,initial_access,T1190,11,4,1.9363,0.9602,0.0483,21641.88,9837.22,0.8065,33,15,0.3026,0.413,0.5395,0.1155,0.8861,2,6,1,0,2,0,2.0883,655.81,171.03,985.38,8223.37,8842.8,1,0.0076,3.3497,0,0
2026-09-09T15:33:35.218452+00:00,web_sql_injection_v1,web_sql_injection_v1__run_002,initial_access,T1190,14,4,1.9242,1.0,0.0,68190.05,38965.74,0.7834,98,56,0.415,0.6779,0.5427,0.1207,0.9047,2,7,2,0,3,0,1.7479,695.82,234.38,1285.84,10501.43,7254.38,1,0.0383,3.9604,0,0
2026-09-09T15:33:40.218452+00:00,web_sql_injection_v1,web_sql_injection_v1__run_002,initial_access,T1190,3,3,1.585,0.9623,0.0357,15035.15,9307.48,0.9117,21,13,0.5997,1.5514,0.8383,0.2015,1.4429,0,1,0,0,0,0,1.5145,715.96,235.87,924.55,9188.44,7513.86,0,0.0,4.6133,0,1
2026-09-09T15:33:45.218452+00:00,web_sql_injection_v1,web_sql_injection_v1__run_002,initial_access,T1190,7,4,1.6645,0.988,0.0283,19889.72,10229.0,0.8374,35,18,0.5779,1.0446,0.5697,0.1506,1.0216,1,3,1,0,1,0,1.9256,568.28,196.68,879.42,9915.98,7687.25,0,0.0499,3.3817,0,0
2026-09-09T15:33:50.218452+00:00,web_sql_injection_v1,web_sql_injection_v1__run_002,initial_access,T1190,7,3,1.5567,0.979,0.0,34582.84,19761.62,0.7609,56,32,0.9949,2.3331,0.7535,0.2018,1.3589,1,3,0,0,1,0,1.7183,617.55,129.42,867.41,8461.89,6674.59,0,0.0866,4.4729,0,0
2026-09-09T15:33:55.218452+00:00,web_sql_injection_v1,web_sql_injection_v1__run_002,initial_access,T1190,6,2,0.65,1.0,0.0,32009.25,20806.02,0.7131,60,39,0.5713,1.1624,0.7451,0.1634,1.2354,1,2,0,0,1,0,1.5286,533.49,210.43,942.86,8551.19,8693.52,0,0.023,4.0609,0,0
2026-09-09T15:34:00.218452+00:00,web_sql_injection_v1,web_sql_injection_v1__run_002,initial_access,T1190,5,2,0.7219,1.0,0.0,23614.86,21253.37,0.7237,40,36,0.7805,1.3966,0.6315,0.1869,1.1922,1,2,0,0,1,0,1.0959,590.37,165.11,763.47,8027.59,7073.35,0,0.0325,3.3536,0,0
2026-09-09T15:34:05.218452+00:00,web_sql_injection_v1,web_sql_injection_v1__run_002,initial_access,T1190,7,3,1.3788,1.0,0.0,50206.04,40344.14,0.808,56,45,0.9408,2.1667,0.9058,0.1317,1.3009,1,3,0,0,1,0,1.2389,896.54,336.32,1607.35,7668.33,8200.88,0,0.0,4.1499,0,0
2026-09-09T15:34:10.218452+00:00,web_sql_injection_v1,web_sql_injection_v1__run_002,initial_access,T1190,6,3,1.4591,1.0,0.0,28171.18,16768.56,0.7056,42,25,0.4604,0.9549,0.7105,0.0851,0.9658,1,3,0,0,1,0,1.6655,670.74,289.56,1256.7,7820.5,8924.53,0,0.0312,3.856,0,0
2026-09-09T15:34:15.218452+00:00,web_sql_injection_v1,web_sql_injection_v1__run_002,initial_access,T1190,7,4,1.9502,0.9695,0.045,14491.8,6900.86,0.7009,21,10,0.7633,1.0438,0.6211,0.1536,1.0819,1,3,0,0,1,0,1.9738,690.09,155.32,1055.07,9183.38,8824.62,0,0.0448,4.0624,0,0
2026-09-09T15:34:20.218452+00:00,web_sql_injection_v1,web_sql_injection_v1__run_002,initial_access,T1190,10,4,1.8464,1.0,0.016,23097.51,11548.75,0.7596,40,20,0.4759,0.7248,0.6449,0.0701,0.8551,1,4,0,0,2,0,1.9954,577.44,155.91,810.54,8005.77,9067.27,1,0.0316,4.1249,0,0
2026-09-09T15:34:25.218452+00:00,web_sql_injection_v1,web_sql_injection_v1__run_002,initial_access,T1190,11,4,1.7899,0.9809,0.0096,56164.6,34282.29,0.7736,77,47,0.3818,0.5855,0.6882,0.1888,1.2547,1,5,1,0,2,0,1.6168,729.41,219.49,1248.8,7744.04,8304.27,1,0.0711,3.7464,0,0
2026-09-09T15:34:30.218452+00:00,web_sql_injection_v1,web_sql_injection_v1__run_002,initial_access,T1190,12,4,1.65,0.9721,0.0219,34024.04,19138.52,0.688,48,27,0.8006,1.6868,0.5277,0.1412,0.9513,2,5,1,0,3,0,1.7159,708.83,380.78,1807.0,7829.22,7732.69,2,0.0519,4.1731,0,0
2026-09-09T15:34:35.218452+00:00,web_sql_injection_v1,web_sql_injection_v1__run_002,initial_access,T1190,4,3,1.5,1.0,0.0,15287.74,6879.48,0.7032,20,9,0.7989,1.9995,0.7163,0.185,1.2714,0,1,0,0,0,0,2.1296,764.39,244.23,1018.08,8280.38,7561.89,0,0.0,3.4967,0,0
2026-09-09T15:34:40.218452+00:00,web_sql_injection_v1,web_sql_injection_v1__run_002,initial_access,T1190,3,2,0.9183,1.0,0.0472,16056.44,9366.26,0.7466,24,14,0.639,1.0164,0.9437,0.2382,1.6583,0,1,0,0,0,0,1.6562,669.02,103.2,749.66,7853.42,6782.05,0,0.034,4.2984,0,0
2026-09-09T15:34:45.218452+00:00,web_sql_injection_v1,web_sql_injection_v1__run_002,initial_access,T1190,6,3,1.4591,1.0,0.0134,40377.21,20188.6,0.7745,54,27,0.6381,1.3818,0.8457,0.1996,1.4445,1,2,0,0,1,0,1.9646,747.73,151.02,998.96,10091.9,9420.12,0,0.0596,3.0427,0,0
2026-09-09T15:34:50.218452+00:00,web_sql_injection_v1,web_sql_injection_v1__run_002,initial_access,T1190,9,3,1.3921,0.9251,0.087,52317.06,36621.94,0.7764,90,63,0.7154,1.3324,0.498,0.136,0.9059,1,4,0,0,2,0,1.4217,581.3,146.84,789.05,7977.61,6641.59,1,0.0,3.8987,0,0
2026-09-09T15:34:55.218452+00:00,web_sql_injection_v1,web_sql_injection_v1__run_002,initial_access,T1190,4,2,0.8113,1.0,0.0077,25367.0,13836.55,0.7212,44,24,0.3402,0.7434,0.535,0.07,0.7451,0,1,0,0,0,0,1.7747,576.52,195.77,907.49,5338.5,10146.15,0,0.0419,4.432,0,0
2026-09-09T15:35:00.218452+00:00,web_sql_injection_v1,web_sql_injection_v1__run_002,initial_access,T1190,8,4,1.8113,1.0,0.0,22243.9,8341.46,0.7383,32,12,1.1951,3.1958,0.8724,0.2162,1.5211,1,4,0,0,1,0,2.4648,695.12,122.09,985.4,7954.1,7697.53,0,0.0,3.7671,0,0
2026-09-09T15:35:05.218452+00:00,web_sql_injection_v1,web_sql_injection_v1__run_002,initial_access,T1190,5,4,1.9219,0.9832,0.0019,21171.21,13912.51,0.765,35,23,0.8737,1.3676,0.7412,0.1114,1.0753,1,2,0,0,1,0,1.4873,604.89,174.17,880.26,9027.09,9765.93,0,0.0213,3.2833,0,0
2026-09-09T15:35:10.218452+00:00,web_sql_injection_v1,web_sql_injection_v1__run_002,initial_access,T1190,13,4,1.8543,0.9661,0.0432,19693.84,9089.47,0.7311,26,12,0.3837,1.1226,0.5183,0.1121,0.8546,2,6,1,0,3,0,2.0438,757.46,329.46,1706.14,9296.64,10908.52,1,0.0163,4.7156,0,1
2026-09-09T15:35:15.218452+00:00,web_sql_injection_v1,web_sql_injection_v1__run_002,initial_access,T1190,9,4,1.8911,1.0,0.0127,19818.03,10276.01,0.7217,27,14,0.9154,1.227,0.6217,0.1619,1.1074,2,4,0,0,2,0,1.8059,734.0,191.67,1176.43,9744.46,7400.88,1,0.0406,3.8055,0,0
2026-09-09T15:35:20.218452+00:00,web_sql_injection_v1,web_sql_injection_v1__run_002,initial_access,T1190,11,4,1.7899,0.9969,0.0,52851.42,26425.71,0.7592,88,44,0.962,2.7259,0.7129,0.1349,1.1175,2,5,0,0,2,0,1.9848,600.58,252.5,1301.77,8422.72,9513.23,1,0.0164,3.1316,0,0
2026-09-09T15:35:25.218452+00:00,web_sql_injection_v1,web_sql_injection_v1__run_002,initial_access,T1190,2,1,-0.0,1.0,0.0096,9776.04,4888.02,0.6607,12,6,0.5944,1.2262,0.7149,0.1243,1.0878,0,1,0,0,0,0,1.989,814.67,16.13,830.8,8341.96,9955.92,0,0.0,3.7955,0,0
2026-09-09T15:35:30.218452+00:00,web_sql_injection_v1,web_sql_injection_v1__run_002,initial_access,T1190,12,4,1.8554,1.0,0.0278,60780.42,47032.47,0.7751,84,65,0.8281,1.6192,0.5994,0.1675,1.1021,2,6,1,0,3,0,1.2905,723.58,259.83,1084.65,8355.21,7451.18,1,0.0875,4.2118,0,0
2026-09-09T15:35:35.218452+00:00,web_sql_injection_v1,web_sql_injection_v1__run_002,initial_access,T1190,4,2,1.0,0.9863,0.0,17081.93,8540.97,0.7391,24,12,0.5954,1.634,0.6557,0.1565,1.1251,0,2,0,0,0,0,1.9533,711.75,137.02,935.81,9684.13,8228.98,0,0.0595,3.6945,0,1
2026-09-09T15:35:40.218452+00:00,web_sql_injection_v1,web_sql_injection_v1__run_002,initial_access,T1190,10,4,1.9219,0.9655,0.0607,31967.54,17262.47,0.7391,50,27,0.3747,0.4657,0.5947,0.0998,0.8942,1,5,0,0,2,0,1.8366,639.35,189.77,956.02,8590.18,8997.24,1,0.0689,3.2655,0,0
2026-09-09T15:35:45.218452+00:00,web_sql_injection_v1,web_sql_injection_v1__run_002,initial_access,T1190,11,4,1.9808,0.9969,0.0,58313.66,40895.29,0.8061,77,54,0.8812,1.9444,0.6098,0.0942,0.8925,2,5,1,0,2,0,1.4201,757.32,195.42,1017.67,8419.89,6290.35,1,0.0011,3.7823,0,0
2026-09-09T15:35:50.218452+00:00,web_sql_injection_v1,web_sql_injection_v1__run_002,initial_access,T1190,7,3,1.5567,1.0,0.0149,15278.8,6548.06,0.612,28,12,0.6909,0.8294,0.6595,0.0803,0.9005,1,3,0,0,1,0,2.27,545.67,139.66,808.63,9368.97,9380.35,0,0.028,4.2736,0,1
2026-09-09T15:35:55.218452+00:00,web_sql_injection_v1,web_sql_injection_v1__run_002,initial_access,T1190,9,3,1.3516,1.0,0.0099,30124.56,16735.86,0.7673,45,25,0.6163,1.4286,0.7558,0.1155,1.1024,1,4,0,0,2,0,1.7403,669.43,224.01,1130.3,7810.05,9320.46,1,0.0541,4.2732,0,0
2026-09-09T15:36:00.218452+00:00,web_sql_injection_v1,web_sql_injection_v1__run_002,initial_access,T1190,3,2,0.9183,1.0,0.0,9615.87,4006.61,0.6815,12,5,0.7725,1.8595,0.7921,0.1337,1.1932,0,1,0,0,0,0,2.3092,801.32,159.54,1018.33,8408.77,6274.6,0,0.0228,4.1487,0,0
2026-09-09T15:36:05.218452+00:00,web_sql_injection_v1,web_sql_injection_v1__run_002,initial_access,T1190,5,3,1.371,0.9883,0.0016,6568.25,2627.3,0.7123,10,4,0.5633,0.8263,0.5882,0.1121,0.9246,1,2,0,0,1,0,2.0837,656.83,192.27,979.84,7008.95,9272.56,0,0.0,3.1819,0,0
2026-09-09T15:36:10.218452+00:00,web_sql_injection_v1,web_sql_injection_v1__run_002,initial_access,T1190,8,4,1.9056,0.9978,0.0,19727.03,15411.75,0.8823,32,25,0.3823,0.5878,0.6252,0.147,1.0661,1,3,0,0,1,0,1.2654,616.47,198.65,994.76,8596.79,7698.88,0,0.0,3.6623,0,0
2026-09-09T15:36:15.218452+00:00,web_sql_injection_v1,web_sql_injection_v1__run_002,initial_access,T1190,6,3,1.4591,0.9983,0.0277,33161.23,15791.06,0.8057,42,20,0.8418,1.1839,0.7727,0.1824,1.32,1,3,0,0,1,0,2.0627,789.55,218.35,1238.42,9000.47,8210.11,0,0.0,3.5963,0,1
2026-09-09T15:36:20.218452+00:00,web_sql_injection_v1,web_sql_injection_v1__run_002,initial_access,T1190,3,2,0.9183,0.9771,0.0414,13650.13,5308.38,0.8226,18,7,0.7187,1.4112,0.6692,0.2005,1.2707,0,1,0,0,0,0,2.4322,758.34,253.53,1116.16,7294.62,7213.72,0,0.0248,4.5202,0,0
2026-09-09T15:36:25.218452+00:00,web_sql_injection_v1,web_sql_injection_v1__run_002,initial_access,T1190,7,3,1.1488,0.991,0.0,31153.35,19073.48,0.8216,49,30,0.548,0.7345,0.6989,0.14,1.119,1,3,0,0,1,0,1.5995,635.78,151.49,836.97,10028.52,7346.85,0,0.0456,3.5875,0,0
2026-09-09T15:36:30.218452+00:00,web_sql_injection_v1,web_sql_injection_v1__run_002,initial_access,T1190,10,4,1.971,0.9612,0.0345,47395.61,35546.71,0.7259,60,45,0.7576,1.1313,0.668,0.1146,1.0117,1,4,1,0,2,0,1.3249,789.93,207.66,1036.95,8532.68,8184.6,1,0.0,4.1273,0,0
2026-09-09T15:36:35.218452+00:00,web_sql_injection_v1,web_sql_injection_v1__run_002,initial_access,T1190,5,3,1.371,1.0,0.0,20218.84,8087.53,0.684,30,12,0.3975,0.8526,0.6905,0.089,0.9575,0,2,0,0,1,0,2.3088,673.96,243.93,1081.15,8030.13,9955.1,0,0.0,3.5756,0,0
2026-09-09T15:36:40.218452+00:00,web_sql_injection_v1,web_sql_injection_v1__run_002,initial_access,T1190,8,3,1.5613,0.9801,0.0,22698.69,11349.34,0.7414,40,20,0.7991,1.1776,0.5626,0.1278,0.946,1,3,0,0,2,0,1.9237,567.47,119.79,796.32,5454.02,8774.82,1,0.0,3.7938,0,0
2026-09-09T15:36:45.218452+00:00,web_sql_injection_v1,web_sql_injection_v1__run_002,initial_access,T1190,9,4,1.8911,0.9504,0.0525,46131.57,27550.8,0.7715,72,43,1.1238,2.4069,0.9058,0.1607,1.3879,1,4,0,0,2,0,1.6679,640.72,227.26,1014.33,8191.45,6954.97,1,0.0,3.6874,0,0
2026-09-09T15:36:50.218452+00:00,web_sql_injection_v1,web_sql_injection_v1__run_002,initial_access,T1190,5,3,1.371,1.0,0.0,20965.52,10482.76,0.7069,40,20,0.7408,1.9301,0.5911,0.0955,0.8777,0,2,0,0,1,0,1.9489,524.14,119.85,718.81,7092.68,7681.39,0,0.0,3.6176,0,0
2026-09-09T15:36:55.218452+00:00,web_sql_injection_v1,web_sql_injection_v1__run_002,initial_access,T1190,4,3,1.5,0.9637,0.045,11594.46,8695.85,0.7597,16,12,1.0136,2.8473,0.8936,0.2017,1.4987,0,1,0,0,0,0,1.3165,724.65,246.45,945.69,11330.49,9798.4,0,0.0213,4.8986,0,0
2026-09-09T15:37:00.218452+00:00,web_sql_injection_v1,web_sql_injection_v1__run_002,initial_access,T1190,4,4,2.0,0.9725,0.0157,9675.96,5442.72,0.7949,16,9,0.9695,2.5429,0.7387,0.1178,1.092,0,1,0,0,0,0,1.7503,604.75,96.41,739.96,9588.75,7007.16,0,0.0432,4.1883,0,0
2026-09-09T15:37:05.218452+00:00,web_sql_injection_v1,web_sql_injection_v1__run_002,initial_access,T1190,5,3,1.371,0.9984,0.0256,26376.52,18086.76,0.8224,35,24,0.3529,1.0072,0.6297,0.0727,0.848,1,2,0,0,1,0,1.446,753.61,229.76,1085.0,8312.17,8599.45,0,0.0323,3.9731,0,0
2026-09-09T15:37:10.218452+00:00,web_sql_injection_v1,web_sql_injection_v1__run_002,initial_access,T1190,9,4,1.8911,0.9916,0.0,28264.54,17586.83,0.7624,45,28,0.3667,0.9261,0.6648,0.0865,0.9242,1,4,0,0,2,0,1.5601,628.1,188.59,868.56,7302.83,8238.84,1,0.0593,3.6982,0,0
2026-09-09T15:37:15.218452+00:00,web_sql_injection_v1,web_sql_injection_v1__run_002,initial_access,T1190,6,2,1.0,1.0,0.0,12361.12,8240.75,0.8427,18,12,0.5647,1.4235,0.5598,0.1487,1.0057,1,2,0,0,1,0,1.4605,686.73,143.86,922.19,8036.68,8173.65,0,0.0,5.0566,0,0
2026-09-09T15:37:20.218452+00:00,web_sql_injection_v1,web_sql_injection_v1__run_002,initial_access,T1190,7,3,1.3788,0.9801,0.0262,30117.34,17209.91,0.6298,56,32,0.7943,2.3567,0.5394,0.1252,0.9152,1,3,0,0,1,0,1.7385,537.81,211.83,1028.82,8588.53,8650.92,0,0.0052,3.3507,0,1
2026-09-09T15:37:25.218452+00:00,web_sql_injection_v1,web_sql_injection_v1__run_002,initial_access,T1190,10,4,1.6855,1.0,0.013,20891.62,13927.75,0.8527,30,20,0.3693,0.7478,0.4438,0.1103,0.7746,1,5,0,0,2,0,1.4858,696.39,296.32,1244.86,6477.08,7182.17,1,0.0062,3.7242,0,0
2026-09-09T15:37:30.218452+00:00,web_sql_injection_v1,web_sql_injection_v1__run_002,initial_access,T1190,9,3,1.585,1.0,0.0,41419.34,23010.74,0.7374,63,35,0.5197,1.3489,0.6051,0.0791,0.8423,1,4,0,0,2,0,1.7621,657.45,221.06,999.96,8030.76,9179.3,1,0.0369,4.4673,0,1
2026-09-09T15:37:35.218452+00:00,web_sql_injection_v1,web_sql_injection_v1__run_002,initial_access,T1190,11,4,1.8676,0.9677,0.0382,55089.27,40780.37,0.7142,77,57,0.6524,1.1664,0.4513,0.0949,0.7361,2,5,1,0,2,0,1.3447,715.45,165.7,980.96,8729.85,11512.71,1,0.0,5.1357,0,0
2026-09-09T15:37:40.218452+00:00,web_sql_injection_v1,web_sql_injection_v1__run_002,initial_access,T1190,8,3,1.4056,0.9349,0.0641,9746.62,4264.15,0.6956,16,7,0.3821,1.1137,0.6286,0.1856,1.1854,1,3,0,0,1,0,2.2609,609.16,103.04,766.25,9361.84,6591.33,0,0.0,3.4775,0,1
2026-09-09T15:37:45.218452+00:00,web_sql_injection_v1,web_sql_injection_v1__run_002,initial_access,T1190,10,3,1.4855,1.0,0.0217,23716.61,14229.97,0.671,30,18,0.563,1.0126,0.5021,0.0585,0.6775,2,5,1,0,2,0,1.6382,790.55,329.21,1411.73,6799.53,9586.35,1,0.0254,3.2849,0,0
2026-09-09T15:37:50.218452+00:00,web_sql_injection_v1,web_sql_injection_v1__run_002,initial_access,T1190,8,3,1.5,1.0,0.0261,50376.55,31485.34,0.7235,72,45,0.4135,1.049,0.756,0.0935,1.0365,1,3,1,0,2,0,1.5894,699.67,199.26,1027.81,8097.8,8466.7,1,0.0076,3.8164,0,0
2026-09-09T15:37:55.218452+00:00,web_sql_injection_v1,web_sql_injection_v1__run_002,initial_access,T1190,9,3,1.3516,0.9954,0.0289,46934.26,31289.5,0.7781,72,48,0.8993,2.17,0.6185,0.1838,1.1699,1,4,0,0,2,0,1.4939,651.86,268.74,1144.69,8009.6,9789.77,1,0.0318,3.466,0,0
2026-09-09T15:38:00.218452+00:00,web_sql_injection_v1,web_sql_injection_v1__run_002,initial_access,T1190,11,4,1.6172,0.9634,0.0484,29968.26,17708.52,0.6782,44,26,0.45,1.1935,0.5189,0.1123,0.8557,2,5,0,0,2,0,1.6857,681.1,288.98,1485.78,9348.34,9864.66,1,0.0699,4.2401,0,0
2026-09-09T15:38:05.218452+00:00,web_sql_injection_v1,web_sql_injection_v1__run_002,initial_access,T1190,6,3,1.2516,0.9258,0.0636,29612.09,13160.93,0.8537,36,16,0.9391,1.6466,0.7049,0.1745,1.2283,1,2,0,0,1,0,2.2396,822.56,383.22,1631.33,7377.76,8616.85,0,0.051,4.2126,0,1
2026-09-09T15:38:10.218452+00:00,web_sql_injection_v1,web_sql_injection_v1__run_002,initial_access,T1190,8,3,1.4056,1.0,0.0,31133.88,13231.9,0.7302,40,17,0.8026,1.8439,0.7488,0.2127,1.3868,1,3,0,0,2,0,2.3079,778.35,272.49,1389.69,9719.53,7327.16,1,0.0321,3.7671,0,0
2026-09-09T15:38:15.218452+00:00,web_sql_injection_v1,web_sql_injection_v1__run_002,initial_access,T1190,11,4,1.8231,1.0,0.0,71356.62,40363.34,0.827,99,56,0.9245,2.4235,0.5842,0.0737,0.8054,2,5,0,0,2,0,1.7523,720.77,277.62,1305.01,9473.62,8118.65,1,0.0,4.1354,0,0
2026-09-09T15:38:20.218452+00:00,web_sql_injection_v1,web_sql_injection_v1__run_002,initial_access,T1190,10,3,1.2955,1.0,0.0225,28089.28,13342.41,0.6884,40,19,0.3962,0.5114,0.6315,0.0904,0.9027,2,4,0,0,2,0,2.0215,702.23,241.15,1133.05,7585.33,10683.38,1,0.0383,3.659,0,0
2026-09-09T15:38:25.218452+00:00,web_sql_injection_v1,web_sql_injection_v1__run_002,initial_access,T1190,5,4,1.9219,1.0,0.0,7559.47,3023.79,0.7634,10,4,0.378,0.5033,0.4887,0.0964,0.7777,0,2,0,0,1,0,2.0238,755.95,263.74,1094.09,8133.91,8910.12,0,0.0,3.6222,0,0
2026-09-09T15:38:30.218452+00:00,web_sql_injection_v1,web_sql_injection_v1__run_002,initial_access,T1190,7,4,1.8424,1.0,0.0,53038.74,34096.33,0.7967,56,36,0.4821,0.6215,0.6403,0.1279,1.0239,1,3,0,0,1,0,1.525,947.12,484.72,1929.51,9382.25,10054.87,0,0.0,3.7726,0,0
2026-09-09T15:38:35.218452+00:00,web_sql_injection_v1,web_sql_injection_v1__run_002,initial_access,T1190,8,4,2.0,1.0,0.0015,55267.94,23795.92,0.7896,72,31,0.7273,1.4406,0.4734,0.0662,0.6721,1,4,0,0,2,0,2.3098,767.61,214.17,1157.06,6317.92,9428.2,1,0.0475,4.4303,0,0
2026-09-09T15:38:40.218452+00:00,web_sql_injection_v1,web_sql_injection_v1__run_002,initial_access,T1190,7,3,1.4488,0.9628,0.0417,14684.37,7691.81,0.7625,21,11,0.4613,1.351,0.6794,0.1391,1.0969,1,3,0,0,1,0,1.8758,699.26,253.97,1113.7,8308.64,8342.05,0,0.0449,3.8016,0,0
2026-09-09T15:38:45.218452+00:00,web_sql_injection_v1,web_sql_injection_v1__run_002,initial_access,T1190,6,3,1.2516,1.0,0.0,15042.48,7019.83,0.7021,30,14,0.5523,1.5805,0.6699,0.0675,0.8724,1,2,0,0,1,0,2.1231,501.42,152.53,775.56,7666.34,8188.51,0,0.0,3.9186,0,0
2026-09-09T15:38:50.218452+00:00,web_sql_injection_v1,web_sql_injection_v1__run_002,initial_access,T1190,8,4,1.8113,0.9327,0.0834,25261.26,14209.46,0.8324,32,18,0.7822,1.3032,0.6125,0.129,0.9997,1,3,0,0,1,0,1.6865,789.41,209.13,1185.83,9425.05,9961.27,0,0.0,4.7839,0,0
2026-09-09T15:38:55.218452+00:00,web_sql_injection_v1,web_sql_injection_v1__run_002,initial_access,T1190,2,2,1.0,1.0,0.0033,8340.56,4170.28,0.7686,14,7,0.6071,0.7824,0.7068,0.1494,1.1552,0,0,0,0,0,0,1.9343,595.75,167.85,763.6,9569.32,6281.22,0,0.0031,3.6801,0,0
2026-09-09T15:39:00.218452+00:00,web_sql_injection_v1,web_sql_injection_v1__run_002,initial_access,T1190,10,4,1.8955,0.9649,0.068,12049.74,6627.36,0.8237,20,11,0.8771,1.8658,0.8698,0.1713,1.3836,2,4,1,0,2,0,1.7812,602.49,173.22,875.07,7769.34,5953.18,1,0.0068,3.539,0,0
2026-09-09T15:39:05.218452+00:00,web_sql_injection_v1,web_sql_injection_v1__run_002,initial_access,T1190,7,4,1.8424,0.9967,0.027,28053.74,16030.71,0.7913,35,20,0.4412,0.9338,0.63,0.1212,0.9935,1,3,0,0,1,0,1.7382,801.54,257.6,1114.22,8810.29,8176.85,0,0.0046,4.5017,0,0
2026-09-09T15:39:10.218452+00:00,web_sql_injection_v1,web_sql_injection_v1__run_002,initial_access,T1190,12,3,1.4591,0.9976,0.0,29760.26,16740.15,0.7698,48,27,0.894,2.5877,0.6284,0.0834,0.8785,2,5,1,0,3,0,1.7173,620.01,175.63,1053.66,9014.71,9286.27,2,0.0016,4.0146,0,0
2026-09-09T15:39:15.218452+00:00,web_sql_injection_v1,web_sql_injection_v1__run_002,initial_access,T1190,5,2,0.971,0.9706,0.0403,26970.08,11687.03,0.7096,30,13,0.8942,2.222,0.6898,0.1344,1.0929,1,2,0,0,1,0,2.1768,899.0,293.67,1460.78,8292.01,8703.85,0,0.031,4.4956,0,0
2026-09-09T15:39:20.218452+00:00,web_sql_injection_v1,web_sql_injection_v1__run_002,initial_access,T1190,12,4,1.614,1.0,0.0029,37537.51,21896.88,0.7451,60,35,0.7098,1.5044,0.6086,0.1165,0.9581,2,5,1,0,2,0,1.6729,625.63,141.62,913.33,7136.05,7303.06,1,0.0444,4.0312,0,0
2026-09-09T15:39:25.218452+00:00,web_sql_injection_v1,web_sql_injection_v1__run_002,initial_access,T1190,11,4,1.8676,1.0,0.0022,54849.4,35735.22,0.8545,66,43,0.5431,0.9411,0.4467,0.1336,0.8475,2,5,1,0,2,0,1.5198,831.05,200.55,1185.48,8948.78,8544.52,1,0.0592,2.7736,0,0
2026-09-09T15:39:30.218452+00:00,web_sql_injection_v1,web_sql_injection_v1__run_002,initial_access,T1190,5,3,1.371,0.954,0.0469,32714.28,22245.71,0.7375,50,34,0.7571,2.1175,0.5737,0.1426,1.0016,1,2,0,0,1,0,1.4413,654.29,136.95,862.04,10146.97,8005.67,0,0.0217,3.3906,0,0
2026-09-09T15:39:35.218452+00:00,web_sql_injection_v1,web_sql_injection_v1__run_002,initial_access,T1190,7,3,1.1488,0.9339,0.0909,21344.75,14636.4,0.6429,35,24,0.8702,2.3503,0.6842,0.1767,1.2142,1,3,0,0,1,0,1.4182,609.85,229.66,1024.1,7818.83,8876.17,0,0.0,4.442,0,0
2026-09-09T15:39:40.218452+00:00,web_sql_injection_v1,web_sql_injection_v1__run_002,initial_access,T1190,7,3,1.3788,1.0,0.0065,26294.67,13147.33,0.7795,42,21,0.4241,0.5885,0.7209,0.1989,1.3177,1,3,0,0,1,0,1.9795,626.06,169.21,1004.52,8229.47,7495.59,0,0.0706,4.2711,0,0
2026-09-09T15:39:45.218452+00:00,web_sql_injection_v1,web_sql_injection_v1__run_002,initial_access,T1190,2,2,1.0,0.9843,0.0,9972.63,9418.59,0.8153,18,17,0.3784,0.6462,0.6742,0.1245,1.0476,0,0,0,0,0,0,1.0033,554.03,117.52,671.55,9043.17,7935.6,0,0.0537,4.259,0,0
2026-09-09T15:39:50.218452+00:00,web_sql_injection_v1,web_sql_injection_v1__run_002,initial_access,T1190,6,3,1.4591,1.0,0.0,3533.27,1177.76,0.691,6,2,0.3788,0.9146,0.5252,0.136,0.9333,1,2,0,0,1,0,2.0663,588.88,221.06,1030.11,7492.29,9320.0,0,0.0021,3.8856,0,0
2026-09-09T15:39:55.218452+00:00,web_sql_injection_v1,web_sql_injection_v1__run_002,initial_access,T1190,13,3,1.5262,1.0,0.0099,116399.4,55350.76,0.7937,143,68,0.3259,0.8253,0.6488,0.1662,1.1473,2,6,1,0,2,0,2.0942,813.98,266.35,1372.01,8831.23,9772.94,1,0.0216,4.2529,0,0
2026-09-09T15:40:00.218452+00:00,web_sql_injection_v1,web_sql_injection_v1__run_002,initial_access,T1190,7,3,1.4488,0.9995,0.0,42571.36,24326.49,0.7614,56,32,0.8552,2.0779,0.6271,0.1642,1.1197,1,3,0,0,1,0,1.6978,760.2,424.84,1736.61,6188.09,9415.42,0,0.0556,3.7248,0,0
2026-09-09T15:40:05.218452+00:00,web_sql_injection_v1,web_sql_injection_v1__run_002,initial_access,T1190,7,4,1.9502,1.0,0.0077,42442.75,15916.03,0.6748,56,21,0.8222,2.1776,0.6989,0.1065,1.0185,1,3,0,0,1,0,2.5663,757.91,300.34,1236.36,9916.42,8112.0,0,0.0,5.0019,0,0
2026-09-09T15:40:10.218452+00:00,web_sql_injection_v1,web_sql_injection_v1__run_002,initial_access,T1190,11,4,1.8676,0.9776,0.0271,64017.34,49883.64,0.8078,77,60,0.8201,1.6746,0.5655,0.0976,0.8584,2,5,0,0,2,0,1.2822,831.39,306.42,1625.66,9609.82,7627.61,1,0.0,3.666,0,0
2026-09-09T15:40:15.218452+00:00,web_sql_injection_v1,web_sql_injection_v1__run_002,initial_access,T1190,9,4,1.8911,1.0,0.0,28884.42,21181.91,0.6946,45,33,0.9108,1.96,0.6426,0.1805,1.184,1,4,1,0,2,0,1.3343,641.88,224.6,1033.84,7773.71,10543.18,1,0.0,4.1689,0,0
2026-09-09T15:40:20.218452+00:00,web_sql_injection_v1,web_sql_injection_v1__run_002,initial_access,T1190,4,3,1.5,1.0,0.0,11719.02,6445.46,0.8023,20,11,0.5896,1.7134,0.6701,0.1827,1.2183,0,2,0,0,1,0,1.6768,585.95,201.81,913.1,7015.69,8290.95,0,0.0231,4.7742,0,0
2026-09-09T15:40:25.218452+00:00,web_sql_injection_v1,web_sql_injection_v1__run_002,initial_access,T1190,5,3,1.5219,0.9281,0.0614,10722.69,9293.0,0.7329,15,13,0.3184,0.6856,0.5723,0.0907,0.8444,1,2,0,0,1,0,1.1042,714.85,200.57,1017.76,8003.15,8509.31,0,0.0371,3.9918,0,0
2026-09-09T15:40:30.218452+00:00,web_sql_injection_v1,web_sql_injection_v1__run_002,initial_access,T1190,5,4,1.9219,0.9978,0.0,17267.93,6216.45,0.7176,25,9,1.0272,2.504,0.739,0.1594,1.2171,0,2,0,0,1,0,2.5029,690.72,149.29,917.95,6458.84,7612.05,0,0.0442,4.0562,0,1
2026-09-09T15:40:35.218452+00:00,web_sql_injection_v1,web_sql_injection_v1__run_002,initial_access,T1190,4,2,0.8113,0.9888,0.0165,14319.68,7159.84,0.7014,16,8,0.5531,1.0634,0.5954,0.0861,0.8538,0,1,0,0,0,0,1.9674,894.98,229.62,1149.47,8178.46,7531.0,0,0.0,4.0229,0,0
2026-09-09T15:40:40.218452+00:00,web_sql_injection_v1,web_sql_injection_v1__run_002,initial_access,T1190,9,3,1.4355,0.9929,0.0343,30243.87,14113.81,0.8363,45,21,0.9629,2.2417,0.8288,0.2464,1.568,1,4,0,0,2,0,2.1366,672.09,122.0,930.97,8558.67,7077.41,1,0.0106,3.8365,0,0
2026-09-09T15:40:45.218452+00:00,web_sql_injection_v1,web_sql_injection_v1__run_002,initial_access,T1190,2,2,1.0,1.0,0.0,14035.84,7017.92,0.7867,10,5,0.8604,1.9719,0.6924,0.0783,0.9272,0,1,0,0,0,0,1.9041,1403.58,272.01,1675.59,8183.38,7318.86,0,0.0094,4.5617,0,0
2026-09-09T15:40:50.218452+00:00,web_sql_injection_v1,web_sql_injection_v1__run_002,initial_access,T1190,8,4,1.75,0.9153,0.1095,45969.1,49560.43,0.643,64,69,0.7546,1.3247,0.805,0.2196,1.4637,1,4,0,0,1,0,0.9168,718.27,237.56,1151.32,9057.15,8161.0,0,0.0129,4.611,0,0
2026-09-09T15:40:55.218452+00:00,web_sql_injection_v1,web_sql_injection_v1__run_002,initial_access,T1190,7,3,1.3788,0.99,0.0,19217.25,9608.62,0.7913,28,14,0.5484,1.2192,0.6452,0.1696,1.1539,1,3,0,0,1,0,1.9113,686.33,259.81,1116.95,9640.62,6320.39,0,0.0444,4.2906,0,0
2026-09-09T15:41:00.218452+00:00,web_sql_injection_v1,web_sql_injection_v1__run_002,initial_access,T1190,5,3,1.371,0.9467,0.0577,12347.87,5762.34,0.6722,15,7,0.746,1.9166,0.7046,0.1261,1.0831,1,2,0,0,1,0,1.9133,823.19,326.17,1394.21,8803.31,8589.88,0,0.0189,4.1536,0,0
2026-09-09T15:41:05.218452+00:00,web_sql_injection_v1,web_sql_injection_v1__run_002,initial_access,T1190,4,2,0.8113,1.0,0.0,19111.0,10920.57,0.7756,28,16,0.6877,1.4122,0.7603,0.1447,1.1945,0,2,0,0,1,0,1.7008,682.54,119.84,867.64,8715.0,7911.28,0,0.0507,3.9002,0,0
2026-09-09T15:41:10.218452+00:00,web_sql_injection_v1,web_sql_injection_v1__run_002,initial_access,T1190,5,2,0.7219,0.9844,0.0154,13000.32,9880.25,0.756,25,19,0.7197,0.9101,0.7364,0.1564,1.2055,0,2,0,0,1,0,1.3005,520.01,118.41,705.97,7800.07,6778.72,0,0.0,4.7868,0,1
2026-09-09T15:41:15.218452+00:00,web_sql_injection_v1,web_sql_injection_v1__run_002,initial_access,T1190,7,2,0.9852,1.0,0.0,28747.42,8898.01,0.8079,42,13,0.5939,0.7493,0.5646,0.13,0.9545,1,3,0,0,2,0,3.1516,684.46,141.16,964.37,8206.78,9651.59,1,0.0,4.2138,0,0
2026-09-09T15:41:20.218452+00:00,web_sql_injection_v1,web_sql_injection_v1__run_002,initial_access,T1190,7,3,1.5567,1.0,0.0,16652.19,8722.57,0.7717,21,11,0.4347,0.7737,0.5686,0.137,0.9796,1,3,0,0,1,0,1.9055,792.96,284.56,1294.39,6442.65,7082.22,0,0.0389,4.0301,0,0
2026-09-09T15:41:25.218452+00:00,web_sql_injection_v1,web_sql_injection_v1__run_002,initial_access,T1190,8,3,1.2988,0.9719,0.0197,21081.36,24375.32,0.752,32,37,0.7763,1.2608,0.4879,0.0515,0.6425,1,4,0,0,1,0,0.8525,658.79,193.15,990.74,8891.26,8631.6,0,0.0,3.4106,0,0
2026-09-09T15:41:30.218452+00:00,web_sql_injection_v1,web_sql_injection_v1__run_002,initial_access,T1190,9,4,1.7527,1.0,0.0,35821.24,34229.19,0.8017,45,43,0.8355,1.0156,0.6251,0.102,0.9311,1,4,0,0,2,0,1.0428,796.03,257.81,1265.68,8210.93,9028.44,1,0.0,3.6454,0,0
2026-09-09T15:41:35.218452+00:00,web_sql_injection_v1,web_sql_injection_v1__run_002,initial_access,T1190,8,3,1.5,0.971,0.0459,42154.75,32368.82,0.7887,56,43,1.0647,1.7292,0.8876,0.1643,1.3804,1,4,0,0,2,0,1.2993,752.76,229.26,1081.74,6923.52,6575.4,1,0.0,4.8687,0,0
2026-09-09T15:41:40.218452+00:00,web_sql_injection_v1,web_sql_injection_v1__run_002,initial_access,T1190,8,3,1.5,0.9833,0.0218,37196.38,17048.34,0.691,48,22,0.9594,2.0311,0.5799,0.1734,1.1,1,4,1,0,1,0,2.0875,774.92,252.16,1258.96,8143.68,8074.69,0,0.0074,4.2899,0,0
2026-09-09T15:41:45.218452+00:00,web_sql_injection_v1,web_sql_injection_v1__run_002,initial_access,T1190,11,4,1.9808,0.9429,0.0233,22957.34,11130.83,0.7458,33,16,0.6658,1.983,0.7515,0.2138,1.393,2,5,1,0,2,0,1.9568,695.68,282.61,1263.52,10342.23,8247.3,1,0.0042,4.3918,0,0
2026-09-09T15:41:50.218452+00:00,web_sql_injection_v1,web_sql_injection_v1__run_002,initial_access,T1190,8,3,1.4056,0.998,0.0,11077.14,9000.17,0.7533,16,13,0.47,1.22,0.7536,0.1847,1.3076,1,3,0,0,1,0,1.1979,692.32,305.19,1362.55,8325.61,5654.84,0,0.0334,4.7782,0,1
2026-09-09T15:41:55.218452+00:00,web_sql_injection_v1,web_sql_injection_v1__run_002,initial_access,T1190,9,4,1.7527,0.9984,0.0339,28553.47,31091.56,0.7209,45,49,0.6971,1.9915,0.9133,0.1254,1.2896,1,4,0,0,2,0,0.9033,634.52,227.24,1225.56,8352.95,6778.14,1,0.0357,3.9154,0,1
2026-09-09T15:42:00.218452+00:00,web_sql_injection_v1,web_sql_injection_v1__run_002,initial_access,T1190,9,3,1.5305,0.9955,0.0081,33140.28,13808.45,0.761,36,15,0.8916,1.1841,0.7222,0.1713,1.2361,1,4,0,0,2,0,2.317,920.56,403.03,1709.52,7970.86,8719.95,1,0.0582,3.9728,0,0
2026-09-09T15:42:05.218452+00:00,web_sql_injection_v1,web_sql_injection_v1__run_002,initial_access,T1190,14,4,1.9852,1.0,0.0,53228.44,28135.03,0.7263,70,37,0.7743,1.0865,0.6363,0.1094,0.9644,2,7,1,0,3,0,1.8762,760.41,267.83,1286.5,8211.58,7646.73,2,0.021,4.5431,0,1
2026-09-09T15:42:10.218452+00:00,web_sql_injection_v1,web_sql_injection_v1__run_002,initial_access,T1190,4,3,1.5,1.0,0.0,21668.46,13155.85,0.7677,28,17,0.9678,2.4367,0.8265,0.2038,1.4379,0,1,0,0,1,0,1.5986,773.87,191.72,1058.09,9697.13,9096.47,0,0.0004,4.2288,0,0
2026-09-09T15:42:15.218452+00:00,web_sql_injection_v1,web_sql_injection_v1__run_002,initial_access,T1190,7,2,0.9852,1.0,0.0168,26973.21,14128.83,0.7699,42,22,0.5084,0.9408,0.754,0.1527,1.2123,1,3,0,0,1,0,1.8353,642.22,176.17,841.73,7155.62,6554.26,0,0.0,3.7688,0,0
2026-09-09T15:42:20.218452+00:00,web_sql_injection_v1,web_sql_injection_v1__run_002,initial_access,T1190,9,4,1.8911,0.9756,0.0104,58940.68,25540.96,0.758,90,39,0.4641,0.8114,0.4304,0.0607,0.6127,1,4,1,0,2,0,2.2549,654.9,258.73,1080.61,8801.96,7980.32,1,0.0514,4.0438,0,0
2026-09-09T15:42:25.218452+00:00,web_sql_injection_v1,web_sql_injection_v1__run_002,initial_access,T1190,9,4,1.8911,1.0,0.044,38792.04,18965.0,0.758,45,22,0.3798,0.6146,0.63,0.1644,1.1232,1,4,0,0,2,0,1.9925,862.05,181.19,1105.1,7649.18,7563.68,1,0.0346,3.9173,0,0
2026-09-09T15:42:30.218452+00:00,web_sql_injection_v1,web_sql_injection_v1__run_002,initial_access,T1190,10,4,1.761,1.0,0.0,35830.38,28664.3,0.7622,50,40,0.734,1.9145,0.6276,0.1247,1.0017,2,5,1,0,2,0,1.2351,716.61,195.28,1064.91,7983.77,8492.04,1,0.0069,3.4528,0,0
2026-09-09T15:42:35.218452+00:00,web_sql_injection_v1,web_sql_injection_v1__run_002,initial_access,T1190,5,1,-0.0,0.9685,0.0,19415.97,8413.59,0.7206,30,13,1.0044,1.7848,0.8198,0.1547,1.2839,1,2,0,0,1,0,2.2353,647.2,164.69,877.53,8034.75,7892.48,0,0.0113,3.4125,0,0
2026-09-09T15:42:40.218452+00:00,web_sql_injection_v1,web_sql_injection_v1__run_002,initial_access,T1190,11,4,1.9808,0.9518,0.05,22078.35,12711.78,0.6761,33,19,0.4473,1.0318,0.6665,0.0738,0.8879,2,5,1,0,3,0,1.677,669.04,146.58,944.49,8135.07,6546.73,1,0.0108,3.9608,0,0
2026-09-09T15:42:45.218452+00:00,web_sql_injection_v1,web_sql_injection_v1__run_002,initial_access,T1190,10,4,1.8464,1.0,0.0,80386.03,32772.76,0.7585,130,53,0.644,0.8685,0.5259,0.0601,0.7063,2,4,1,0,2,0,2.4182,618.35,161.59,902.68,8512.61,8259.58,1,0.0301,3.5207,0,0
2026-09-09T15:42:50.218452+00:00,web_sql_injection_v1,web_sql_injection_v1__run_002,initial_access,T1190,7,3,1.3788,1.0,0.0,21498.49,12284.85,0.7158,35,20,0.9483,1.5734,0.6938,0.1048,1.0082,1,3,0,0,1,0,1.7131,614.24,264.4,1180.88,6672.14,8441.54,0,0.0882,2.8718,0,0
2026-09-09T15:42:55.218452+00:00,web_sql_injection_v1,web_sql_injection_v1__run_002,initial_access,T1190,8,4,1.75,0.9806,0.0,12016.06,6759.04,0.7733,16,9,0.3775,0.9552,0.5245,0.1123,0.8613,1,4,0,0,2,0,1.7043,751.0,235.68,1107.91,6672.6,7349.98,1,0.0182,4.8907,0,2
2026-09-09T15:43:00.218452+00:00,web_sql_injection_v1,web_sql_injection_v1__run_002,initial_access,T1190,11,4,1.7899,1.0,0.0319,24216.74,15410.65,0.7359,33,21,0.7336,2.05,0.5773,0.0601,0.7575,2,5,1,0,2,0,1.5223,733.84,223.9,1261.87,8164.62,9491.02,1,0.0002,3.0271,0,0
2026-09-09T15:43:05.218452+00:00,web_sql_injection_v1,web_sql_injection_v1__run_002,initial_access,T1190,6,4,1.9183,0.9645,0.0428,23631.29,16541.9,0.7619,30,21,0.4516,1.2066,0.5804,0.1397,0.9995,1,2,0,0,1,0,1.4124,787.71,325.99,1368.93,10310.92,8307.03,0,0.04,3.6243,0,0
2026-09-09T15:43:10.218452+00:00,web_sql_injection_v1,web_sql_injection_v1__run_002,initial_access,T1190,11,4,1.9363,0.9872,0.0,23163.7,16144.4,0.71,33,23,0.7635,1.8189,0.7781,0.1979,1.3718,1,5,0,0,2,0,1.3903,701.93,224.7,1084.01,8577.72,8292.95,1,0.0472,4.0572,0,1
2026-09-09T15:43:15.218452+00:00,web_sql_injection_v1,web_sql_injection_v1__run_002,initial_access,T1190,9,4,1.8911,1.0,0.0,51940.06,26931.88,0.6848,81,42,0.67,1.19,0.5577,0.0947,0.8417,2,4,0,0,2,0,1.8864,641.24,170.01,1075.92,8435.4,7670.6,1,0.0522,4.5531,0,0
2026-09-09T15:43:20.218452+00:00,web_sql_injection_v1,web_sql_injection_v1__run_002,initial_access,T1190,4,3,1.5,1.0,0.0,15310.38,7017.26,0.7418,24,11,0.9755,1.2935,0.9689,0.1482,1.4135,0,1,0,0,0,0,2.1701,637.93,176.9,825.94,8684.38,7514.01,0,0.0148,3.8386,0,0
2026-09-09T15:43:25.218452+00:00,web_sql_injection_v1,web_sql_injection_v1__run_002,initial_access,T1190,11,4,1.8676,0.956,0.073,31675.06,18717.08,0.7155,44,26,0.8177,1.8456,0.7539,0.1439,1.1857,2,5,1,0,2,0,1.6725,719.89,234.72,1108.97,8382.95,8589.67,1,0.0194,4.434,0,0
2026-09-09T15:43:30.218452+00:00,web_sql_injection_v1,web_sql_injection_v1__run_002,initial_access,T1190,5,3,1.5219,0.9775,0.0143,20197.53,12118.52,0.7818,30,18,0.9012,2.3345,0.7368,0.1752,1.2625,1,2,0,0,1,0,1.6534,673.25,121.91,885.81,8678.52,6793.49,0,0.0085,4.3272,0,1
2026-09-09T15:43:35.218452+00:00,web_sql_injection_v1,web_sql_injection_v1__run_002,initial_access,T1190,7,3,1.3788,1.0,0.0042,26576.8,15186.74,0.7595,42,24,0.4352,1.1909,0.7807,0.1817,1.3258,1,3,0,0,1,0,1.7486,632.78,139.0,868.94,8740.9,7039.89,0,0.0248,3.2794,0,0
2026-09-09T15:43:40.218452+00:00,web_sql_injection_v1,web_sql_injection_v1__run_002,initial_access,T1190,3,3,1.585,1.0,0.0186,7026.58,2810.63,0.7453,15,6,0.5264,0.643,0.7909,0.0827,1.039,0,1,0,0,0,0,2.2742,468.44,139.82,665.23,8876.71,8751.56,0,0.0474,4.1397,0,0
2026-09-09T15:43:45.218452+00:00,web_sql_injection_v1,web_sql_injection_v1__run_002,initial_access,T1190,7,3,1.5567,1.0,0.0,39069.01,18139.18,0.824,56,26,0.3885,0.9326,0.7526,0.1384,1.1677,1,3,0,0,1,0,2.1389,697.66,357.66,1506.28,7984.23,8891.39,0,0.0014,4.0671,0,0
2026-09-09T15:43:50.218452+00:00,web_sql_injection_v1,web_sql_injection_v1__run_002,initial_access,T1190,3,2,0.9183,1.0,0.0135,11228.77,6238.2,0.6236,18,10,0.5009,0.7196,0.7495,0.1954,1.3359,0,1,0,0,0,0,1.7293,623.82,258.03,928.82,9010.86,7951.22,0,0.0719,4.4457,0,0
2026-09-09T15:43:55.218452+00:00,web_sql_injection_v1,web_sql_injection_v1__run_002,initial_access,T1190,4,3,1.5,0.9929,0.0053,11488.87,6462.49,0.8692,16,9,0.455,0.8468,0.6472,0.1403,1.0679,0,1,0,0,0,0,1.7741,718.05,113.22,843.37,7113.13,8720.92,0,0.0,3.2125,0,0
2026-09-09T15:44:00.218452+00:00,web_sql_injection_v1,web_sql_injection_v1__run_002,initial_access,T1190,10,3,1.571,1.0,0.0,12753.64,6376.82,0.7238,20,10,0.4114,0.7489,0.7271,0.1875,1.2896,1,4,0,0,2,0,1.8459,637.68,239.42,1101.95,9143.67,8539.52,1,0.0257,4.2598,0,0
2026-09-09T15:44:05.218452+00:00,web_sql_injection_v1,web_sql_injection_v1__run_002,initial_access,T1190,10,3,1.571,1.0,0.0024,28472.77,17795.48,0.7435,40,25,0.3266,0.5532,0.3738,0.0878,0.6371,1,4,1,0,2,0,1.5793,711.82,279.45,1383.68,7843.91,7731.24,1,0.0,3.6861,0,0
2026-09-09T15:44:10.218452+00:00,web_sql_injection_v1,web_sql_injection_v1__run_002,initial_access,T1190,10,4,1.8464,1.0,0.0,50572.22,26128.98,0.7056,60,31,0.8973,1.1733,0.6597,0.1463,1.0987,1,4,1,0,2,0,1.9228,842.87,288.58,1431.23,7661.06,7249.61,1,0.0498,3.2006,0,0
2026-09-09T15:44:15.218452+00:00,web_sql_injection_v1,web_sql_injection_v1__run_002,initial_access,T1190,6,3,1.2516,0.9774,0.0311,29644.23,15645.57,0.6696,36,19,0.3537,0.4818,0.5348,0.1385,0.9503,1,2,0,0,1,0,1.8856,823.45,282.63,1253.13,9115.76,6811.28,0,0.0248,5.1034,0,0
2026-09-09T15:44:20.218452+00:00,web_sql_injection_v1,web_sql_injection_v1__run_002,initial_access,T1190,7,2,0.9852,0.9817,0.0306,24922.56,16021.65,0.6814,42,27,0.8628,2.2498,0.7022,0.1602,1.1827,1,3,0,0,1,0,1.5501,593.39,117.94,827.43,9158.99,8027.99,0,0.0045,3.8128,0,0
2026-09-09T15:44:25.218452+00:00,web_sql_injection_v1,web_sql_injection_v1__run_002,initial_access,T1190,6,3,1.4591,1.0,0.0,30465.43,11605.88,0.7453,42,16,0.7537,1.307,0.5738,0.1329,0.9724,1,2,0,0,1,0,2.5179,725.37,236.32,1137.22,7267.77,10322.43,0,0.0514,3.711,0,0
2026-09-09T15:44:30.218452+00:00,web_sql_injection_v1,web_sql_injection_v1__run_002,initial_access,T1190,4,2,0.8113,1.0,0.0266,17946.41,8973.21,0.722,28,14,0.4226,0.8949,0.7521,0.1256,1.1289,0,2,0,0,1,0,1.9798,640.94,242.56,1039.69,9306.55,7786.99,0,0.0149,3.8995,0,0
2026-09-09T15:44:35.218452+00:00,web_sql_injection_v1,web_sql_injection_v1__run_002,initial_access,T1190,6,3,1.4591,1.0,0.0355,31238.69,15619.35,0.7788,42,21,0.6411,1.0213,0.7099,0.0971,1.0011,1,3,0,0,1,0,1.9616,743.78,166.46,1027.27,9453.63,8434.86,0,0.0,4.0663,0,0
2026-09-09T15:44:40.218452+00:00,web_sql_injection_v1,web_sql_injection_v1__run_002,initial_access,T1190,8,3,1.5613,1.0,0.0095,53416.6,39320.55,0.7531,72,53,0.5253,1.2632,0.8411,0.1325,1.2386,1,3,0,0,2,0,1.343,741.9,149.14,940.83,9051.76,8478.83,1,0.0,4.0466,0,0
2026-09-09T15:44:45.218452+00:00,web_sql_injection_v1,web_sql_injection_v1__run_002,initial_access,T1190,7,3,1.3788,0.956,0.0389,16133.36,14596.85,0.7664,21,19,0.9461,2.5148,0.6514,0.1305,1.0428,1,3,0,0,1,0,1.0698,768.26,261.78,1278.56,9380.7,8418.35,0,0.0,4.1943,0,0
2026-09-09T15:44:50.218452+00:00,web_sql_injection_v1,web_sql_injection_v1__run_002,initial_access,T1190,5,3,1.5219,1.0,0.0201,31019.64,18611.79,0.7321,45,27,0.9455,2.5098,0.6948,0.1251,1.0702,1,2,0,0,1,0,1.6549,689.33,160.14,899.52,8718.02,7032.49,0,0.0,3.722,0,0
2026-09-09T15:44:55.218452+00:00,web_sql_injection_v1,web_sql_injection_v1__run_002,initial_access,T1190,11,4,1.8676,0.9723,0.0285,19671.21,8345.36,0.7074,33,14,0.6289,1.7869,0.6239,0.1426,1.0516,2,5,1,0,3,0,2.2674,596.1,188.62,875.45,8495.42,6832.7,2,0.0455,2.9975,0,1
2026-09-09T15:45:00.218452+00:00,web_sql_injection_v1,web_sql_injection_v1__run_002,initial_access,T1190,1,1,-0.0,1.0,0.0201,3904.69,1952.34,0.7708,4,2,0.4761,0.9381,0.8718,0.2018,1.4772,0,0,0,0,0,0,1.4562,976.17,0.0,976.17,9409.29,7033.97,0,0.0,4.052,0,0
2026-09-09T15:45:05.218452+00:00,web_sql_injection_v1,web_sql_injection_v1__run_002,initial_access,T1190,7,4,1.9502,0.9928,0.0,15122.17,7561.09,0.7659,28,14,0.6281,1.7372,0.6654,0.1477,1.1086,1,3,0,0,1,0,1.9768,540.08,235.74,1009.76,9773.62,8093.27,0,0.0502,4.1816,0,0
2026-09-09T15:45:10.218452+00:00,web_sql_injection_v1,web_sql_injection_v1__run_002,initial_access,T1190,6,4,1.9183,0.9327,0.0713,10198.28,4532.57,0.778,18,8,0.7142,1.1274,0.5464,0.1552,1.0121,1,2,0,0,1,0,2.0215,566.57,59.2,656.45,8882.04,8451.05,0,0.0143,4.1392,0,0
2026-09-09T15:45:15.218452+00:00,web_sql_injection_v1,web_sql_injection_v1__run_002,initial_access,T1190,6,3,1.4591,1.0,0.0,30255.5,12966.64,0.7063,42,18,0.3109,0.6461,0.5457,0.1615,1.0301,1,2,0,0,1,0,2.3014,720.37,260.67,1284.05,6040.43,8415.85,0,0.023,4.1063,0,0
2026-09-09T15:45:20.218452+00:00,web_sql_injection_v1,web_sql_injection_v1__run_002,initial_access,T1190,7,4,1.9502,1.0,0.0,33209.07,17395.23,0.6429,42,22,0.8159,1.8947,0.6392,0.1026,0.9472,1,3,0,0,1,0,1.8695,790.69,172.14,1111.5,8039.31,6768.54,0,0.0307,4.2699,0,0
2026-09-09T15:45:25.218452+00:00,web_sql_injection_v1,web_sql_injection_v1__run_002,initial_access,T1190,11,3,1.5726,0.948,0.0537,39680.47,23086.82,0.7954,55,32,0.6944,1.6819,0.5857,0.1593,1.0636,2,5,1,0,3,0,1.6834,721.46,233.53,1269.0,8326.64,7664.05,2,0.0316,4.1509,0,0
2026-09-09T15:45:30.218452+00:00,web_sql_injection_v1,web_sql_injection_v1__run_002,initial_access,T1190,9,4,1.6577,1.0,0.0,39291.29,17462.8,0.7097,63,28,0.6306,1.4178,0.5562,0.162,1.0421,1,4,0,0,2,0,2.1946,623.67,237.13,1233.26,7534.62,7689.34,1,0.0316,4.1036,0,0
2026-09-09T15:45:35.218452+00:00,web_sql_injection_v1,web_sql_injection_v1__run_002,initial_access,T1190,12,4,1.9591,0.9927,0.0108,75511.42,40902.02,0.7128,96,52,0.5475,1.2138,0.6754,0.1982,1.2699,2,5,1,0,2,0,1.8432,786.58,275.99,1313.22,8782.87,8360.81,1,0.0038,3.4177,0,1
2026-09-09T15:45:40.218452+00:00,web_sql_injection_v1,web_sql_injection_v1__run_002,initial_access,T1190,11,4,1.8676,1.0,0.0,46796.17,29779.38,0.8416,77,49,0.3277,0.628,0.5938,0.1631,1.0832,2,5,0,0,2,0,1.5647,607.74,207.75,1050.29,7939.86,8047.54,1,0.0,3.3391,0,0
2026-09-09T15:45:45.218452+00:00,web_sql_injection_v1,web_sql_injection_v1__run_002,initial_access,T1190,11,4,1.8676,1.0,0.0086,59073.78,29536.89,0.7878,88,44,0.4112,0.697,0.4192,0.0985,0.7145,1,5,1,0,3,0,1.9981,671.29,261.96,1269.68,8363.85,6523.0,1,0.0,3.9109,0,0
2026-09-09T15:45:50.218452+00:00,web_sql_injection_v1,web_sql_injection_v1__run_002,initial_access,T1190,10,3,1.571,1.0,0.0,22314.3,14504.29,0.7565,40,26,0.5698,1.5418,0.7605,0.1742,1.2833,2,4,1,0,2,0,1.4852,557.86,169.66,939.11,8182.0,8948.11,1,0.0347,4.1803,0,0
2026-09-09T15:45:55.218452+00:00,web_sql_injection_v1,web_sql_injection_v1__run_002,initial_access,T1190,9,4,1.8366,0.9902,0.0078,60147.41,161608.2,0.6988,99,266,0.3921,1.0596,0.61,0.1694,1.1182,1,4,0,0,2,0,0.3722,607.55,151.88,820.89,7848.53,8213.41,1,0.0271,4.4826,0,0
2026-09-09T15:46:00.218452+00:00,web_sql_injection_v1,web_sql_injection_v1__run_002,initial_access,T1190,7,4,1.8424,1.0,0.0057,64961.99,28684.51,0.7828,77,34,0.7796,1.6988,0.722,0.1368,1.1325,1,3,0,0,1,0,2.2536,843.66,310.06,1411.13,9954.85,7879.69,0,0.0271,3.9126,0,0
2026-09-09T15:46:05.218452+00:00,web_sql_injection_v1,web_sql_injection_v1__run_002,initial_access,T1190,3,3,1.585,0.9544,0.0362,9924.04,3308.01,0.739,15,5,0.4989,1.1412,0.6411,0.0834,0.8912,0,1,0,0,0,0,2.7043,661.6,229.5,983.22,8619.15,7100.51,0,0.0108,4.5331,0,0
2026-09-09T15:46:10.218452+00:00,web_sql_injection_v1,web_sql_injection_v1__run_002,initial_access,T1190,9,4,1.8911,0.9661,0.0324,47687.03,34440.63,0.8083,72,52,0.5101,0.6145,0.6916,0.1559,1.1594,1,4,0,0,2,0,1.3676,662.32,151.87,858.5,7894.02,8995.48,1,0.0,4.3383,0,0
2026-09-09T15:46:15.218452+00:00,web_sql_injection_v1,web_sql_injection_v1__run_002,initial_access,T1190,9,4,1.8366,0.9985,0.0019,39257.25,16720.68,0.7959,54,23,0.3904,0.8962,0.5068,0.1361,0.9151,1,4,1,0,2,0,2.3262,726.99,303.41,1332.23,7819.42,7948.37,1,0.0327,4.5233,0,1
2026-09-09T15:46:20.218452+00:00,web_sql_injection_v1,web_sql_injection_v1__run_002,initial_access,T1190,5,4,1.9219,1.0,0.0102,16238.62,7794.54,0.7628,25,12,0.568,1.4072,0.7351,0.1726,1.253,0,2,0,0,1,0,2.0112,649.54,182.39,926.95,9809.3,7517.12,0,0.0,3.2758,0,0
2026-09-09T15:46:25.218452+00:00,web_sql_injection_v1,web_sql_injection_v1__run_002,initial_access,T1190,4,2,0.8113,1.0,0.0029,31212.03,27310.52,0.7174,40,35,0.6946,1.7116,0.6527,0.1559,1.1205,0,2,0,0,0,0,1.1397,780.3,20.83,807.39,8047.9,7982.36,0,0.0025,4.5662,0,0
2026-09-09T15:46:30.218452+00:00,web_sql_injection_v1,web_sql_injection_v1__run_002,initial_access,T1190,9,4,1.7527,1.0,0.0227,64093.61,39880.47,0.8051,90,56,0.4518,1.0756,0.6714,0.0923,0.9484,1,4,0,0,2,0,1.6007,712.15,167.8,916.09,7587.24,10174.06,1,0.0489,3.2736,0,0
2026-09-09T15:46:35.218452+00:00,web_sql_injection_v1,web_sql_injection_v1__run_002,initial_access,T1190,6,3,1.4591,0.9969,0.0392,31586.79,14289.26,0.8025,42,19,0.4037,0.792,0.6756,0.1651,1.171,1,2,0,0,1,0,2.147,752.07,151.23,991.41,8860.13,6951.39,0,0.0079,5.3242,0,0
2026-09-09T15:46:40.218452+00:00,web_sql_injection_v1,web_sql_injection_v1__run_002,initial_access,T1190,7,2,0.9852,1.0,0.0,6231.59,4451.13,0.7141,7,5,0.9074,1.6244,0.718,0.1545,1.1815,1,3,0,0,2,0,1.3012,890.23,297.27,1529.68,7769.8,7911.47,1,0.0,4.9247,0,0
2026-09-09T15:46:45.218452+00:00,web_sql_injection_v1,web_sql_injection_v1__run_002,initial_access,T1190,9,4,1.8911,1.0,0.0,44189.47,20458.09,0.6853,54,25,0.5854,0.7294,0.629,0.1828,1.1772,1,4,0,0,2,0,2.1333,818.32,295.67,1235.54,7662.19,6843.8,1,0.0003,4.3536,0,0
2026-09-09T15:46:50.218452+00:00,web_sql_injection_v1,web_sql_injection_v1__run_002,initial_access,T1190,4,4,2.0,1.0,0.0076,16757.9,6982.46,0.8798,24,10,0.8293,1.5022,0.726,0.2171,1.3772,0,2,0,0,0,0,2.2452,698.25,180.11,853.0,6766.48,7955.18,0,0.0,3.9003,0,0
2026-09-09T15:46:55.218452+00:00,web_sql_injection_v1,web_sql_injection_v1__run_002,initial_access,T1190,7,3,1.3788,0.9799,0.0385,11539.84,4945.64,0.6746,21,9,0.8799,2.1888,0.6161,0.1572,1.0877,1,3,0,0,1,0,2.123,549.52,129.9,786.06,8212.09,8312.15,0,0.0072,4.8334,0,0
2026-09-09T15:47:00.218452+00:00,web_sql_injection_v1,web_sql_injection_v1__run_002,initial_access,T1190,9,4,1.7527,1.0,0.0271,40574.96,24795.81,0.7828,54,33,0.3188,0.4894,0.5735,0.1358,0.981,1,4,0,0,1,0,1.6143,751.39,200.23,1069.18,8465.17,8599.58,0,0.0141,3.5325,0,0
2026-09-09T15:47:05.218452+00:00,web_sql_injection_v1,web_sql_injection_v1__run_002,initial_access,T1190,10,3,1.571,1.0,0.0137,46274.05,23715.45,0.679,80,41,0.7392,1.3276,0.6558,0.1202,1.0163,1,4,1,0,2,0,1.947,578.43,143.79,851.7,8583.7,9022.03,1,0.0,4.3472,0,0
2026-09-09T15:47:10.218452+00:00,web_sql_injection_v1,web_sql_injection_v1__run_002,initial_access,T1190,9,4,1.8366,1.0,0.0,40560.33,17383.0,0.8378,63,27,0.5736,1.3486,0.5001,0.1155,0.8466,2,4,0,0,2,0,2.2865,643.81,197.91,1123.5,7878.9,7906.21,1,0.0546,4.1565,0,0
2026-09-09T15:47:15.218452+00:00,web_sql_injection_v1,web_sql_injection_v1__run_002,initial_access,T1190,11,4,1.9363,0.9964,0.0,65542.61,43411.34,0.7612,77,51,0.5912,0.9627,0.5608,0.0857,0.8179,2,5,0,0,2,0,1.4975,851.2,328.19,1514.59,7943.78,9950.04,1,0.0766,4.1099,0,1
2026-09-09T15:47:20.218452+00:00,web_sql_injection_v1,web_sql_injection_v1__run_002,initial_access,T1190,5,3,1.5219,1.0,0.0037,38692.29,21925.63,0.6916,60,34,0.5898,1.6271,0.7069,0.1173,1.0589,1,2,0,0,1,0,1.7591,644.87,162.94,850.18,7044.9,8418.06,0,0.0287,4.3466,0,0
2026-09-09T15:47:25.218452+00:00,web_sql_injection_v1,web_sql_injection_v1__run_002,initial_access,T1190,5,2,0.7219,1.0,0.0025,16150.26,11628.19,0.7697,25,18,0.7473,1.9521,0.6838,0.074,0.9059,0,2,0,0,1,0,1.342,646.01,215.12,925.45,8447.51,6999.85,0,0.0285,4.939,0,0
2026-09-09T15:47:30.218452+00:00,web_sql_injection_v1,web_sql_injection_v1__run_002,initial_access,T1190,8,4,1.75,1.0,0.0143,31186.43,17263.92,0.6677,56,31,0.5706,1.0599,0.7073,0.1767,1.2374,1,4,0,0,2,0,1.7887,556.9,172.6,947.88,8946.56,8406.17,1,0.0584,4.9377,0,0
2026-09-09T15:47:35.218452+00:00,web_sql_injection_v1,web_sql_injection_v1__run_002,initial_access,T1190,4,3,1.5,0.9604,0.0137,24620.53,16157.22,0.6873,32,21,0.7068,1.028,0.8553,0.1091,1.1826,0,1,0,0,0,0,1.5042,769.39,512.26,1633.96,6933.83,8975.57,0,0.0882,3.9662,0,0
2026-09-09T15:47:40.218452+00:00,web_sql_injection_v1,web_sql_injection_v1__run_002,initial_access,T1190,4,3,1.5,1.0,0.0,20762.42,13841.61,0.7075,24,16,0.6265,1.7475,0.6007,0.1097,0.9299,0,2,0,0,0,0,1.4439,865.1,240.2,1105.22,7498.14,6698.01,0,0.0,4.426,0,0
2026-09-09T15:47:45.218452+00:00,web_sql_injection_v1,web_sql_injection_v1__run_002,initial_access,T1190,6,3,1.4591,0.9957,0.0,14533.38,10496.33,0.8081,18,13,1.1044,2.7793,0.8795,0.2178,1.5328,1,3,0,0,1,0,1.3744,807.41,176.33,1019.24,7026.22,7690.63,0,0.016,3.1097,0,0
2026-09-09T15:47:50.218452+00:00,web_sql_injection_v1,web_sql_injection_v1__run_002,initial_access,T1190,6,3,1.4591,0.9056,0.1113,17836.37,10404.55,0.7302,24,14,0.349,0.7084,0.7377,0.1449,1.1726,1,2,0,0,1,0,1.6822,743.18,205.54,1109.43,6058.82,7753.42,0,0.0228,3.7636,0,0
2026-09-09T15:47:55.218452+00:00,web_sql_injection_v1,web_sql_injection_v1__run_002,initial_access,T1190,4,2,1.0,0.9844,0.0,10132.63,5066.31,0.7517,16,8,0.4777,0.8,0.7,0.1293,1.088,0,2,0,0,1,0,1.9514,633.29,108.8,767.67,7366.33,8044.12,0,0.0193,3.4723,0,1
2026-09-09T15:48:00.218452+00:00,web_sql_injection_v1,web_sql_injection_v1__run_002,initial_access,T1190,9,4,1.8366,0.9587,0.0796,45301.81,29641.93,0.7888,81,53,0.6139,1.2246,0.5109,0.0626,0.6987,1,4,0,0,2,0,1.517,559.28,150.78,791.27,6141.96,6308.0,1,0.0045,3.915,0,1
2026-09-09T15:48:05.218452+00:00,web_sql_injection_v1,web_sql_injection_v1__run_002,initial_access,T1190,6,4,1.9183,1.0,0.0,30345.68,14540.64,0.7662,48,23,1.14,1.6282,0.7868,0.0819,1.0323,1,3,0,0,1,0,2.0754,632.2,127.8,764.36,8989.42,6671.81,0,0.0,4.3466,0,0
2026-09-09T15:48:10.218452+00:00,web_sql_injection_v1,web_sql_injection_v1__run_002,initial_access,T1190,10,4,1.8464,0.9348,0.0452,6516.71,3258.36,0.8461,10,5,0.5757,1.372,0.7223,0.1296,1.111,2,5,1,0,2,0,1.8678,651.67,249.5,1311.9,9820.09,7818.61,1,0.0,4.9862,0,0
2026-09-09T15:48:15.218452+00:00,web_sql_injection_v1,web_sql_injection_v1__run_002,initial_access,T1190,7,3,1.5567,1.0,0.0259,15873.58,6802.96,0.7773,21,9,0.6297,1.1942,0.7301,0.2137,1.3711,1,3,0,0,1,0,2.1992,755.88,155.65,956.1,6734.0,8365.19,0,0.031,4.7261,0,0
2026-09-09T15:48:20.218452+00:00,web_sql_injection_v1,web_sql_injection_v1__run_002,initial_access,T1190,5,3,1.371,1.0,0.0,33746.83,18898.22,0.6881,50,28,0.8157,1.1857,0.8408,0.1316,1.2355,1,2,0,0,1,0,1.7792,674.94,108.1,825.92,9511.65,9173.0,0,0.0593,4.8325,0,0
2026-09-09T15:48:25.218452+00:00,web_sql_injection_v1,web_sql_injection_v1__run_002,initial_access,T1190,10,4,1.8464,1.0,0.0,33371.38,14683.41,0.7133,50,22,1.0954,2.837,0.8139,0.1393,1.2318,1,5,1,0,2,0,2.1883,667.43,233.63,1242.9,9664.9,8294.46,1,0.0047,4.9176,0,0
2026-09-09T15:48:30.218452+00:00,web_sql_injection_v1,web_sql_injection_v1__run_002,initial_access,T1190,4,2,0.8113,1.0,0.0055,2304.37,1152.19,0.7268,4,2,0.3158,0.7441,0.4637,0.0952,0.7494,0,2,0,0,1,0,1.8017,576.09,248.24,991.75,8748.74,8095.13,0,0.0197,4.3657,0,0
2026-09-09T15:48:35.218452+00:00,web_sql_injection_v1,web_sql_injection_v1__run_002,initial_access,T1190,8,3,1.5613,1.0,0.0103,45321.6,21851.49,0.7499,56,27,0.6288,1.8034,0.6791,0.1157,1.0261,1,3,0,0,2,0,2.0415,809.31,236.88,1213.79,7407.28,7398.37,1,0.0245,4.3753,0,0
2026-09-09T15:48:40.218452+00:00,web_sql_injection_v1,web_sql_injection_v1__run_002,initial_access,T1190,6,4,1.7925,0.9901,0.0227,20770.28,13154.51,0.7703,30,19,0.3479,0.9128,0.5084,0.1305,0.8999,1,3,0,0,1,0,1.5238,692.34,247.27,933.15,8653.18,8666.18,0,0.0249,3.8767,0,0
2026-09-09T15:48:45.218452+00:00,web_sql_injection_v1,web_sql_injection_v1__run_002,initial_access,T1190,3,3,1.585,1.0,0.0,9970.47,4985.24,0.752,18,9,0.309,0.7931,0.5834,0.0725,0.8008,0,1,0,0,0,0,1.8423,553.92,108.11,689.26,9194.42,7553.12,0,0.0613,3.9416,0,0
2026-09-09T15:48:50.218452+00:00,web_sql_injection_v1,web_sql_injection_v1__run_002,initial_access,T1190,9,4,1.8366,1.0,0.0129,39313.11,16744.47,0.6686,54,23,0.4786,1.2338,0.622,0.0685,0.8274,1,4,1,0,2,0,2.2588,728.02,195.73,1089.6,9139.2,7969.31,1,0.0181,4.8488,0,0
2026-09-09T15:48:55.218452+00:00,web_sql_injection_v1,web_sql_injection_v1__run_002,initial_access,T1190,5,3,1.5219,0.9586,0.059,14629.43,5851.77,0.767,20,8,0.7369,0.9068,0.8697,0.2006,1.4714,0,2,0,0,1,0,2.2472,731.47,105.17,886.77,7814.69,8192.44,0,0.0546,3.6914,0,0
2026-09-09T15:49:00.218452+00:00,web_sql_injection_v1,web_sql_injection_v1__run_002,initial_access,T1190,10,4,1.9219,0.9972,0.0,31812.45,20996.22,0.8147,50,33,0.7888,2.2299,0.7036,0.0726,0.9216,2,5,0,0,2,0,1.5114,636.25,153.32,834.17,11316.92,6974.35,1,0.0055,4.1905,0,0
2026-09-09T15:49:05.218452+00:00,web_sql_injection_v1,web_sql_injection_v1__run_002,initial_access,T1190,5,3,1.5219,1.0,0.0,20393.79,10196.9,0.709,30,15,0.6756,1.5361,0.7181,0.1593,1.1959,0,2,0,0,1,0,1.8962,679.79,220.32,951.18,8647.03,10429.49,0,0.015,4.4687,0,0
2026-09-09T15:49:10.218452+00:00,web_sql_injection_v1,web_sql_injection_v1__run_002,initial_access,T1190,12,4,1.7842,0.9642,0.0267,75813.08,30799.06,0.8184,96,39,0.9917,2.7052,0.716,0.083,0.9649,2,5,1,0,2,0,2.4056,789.72,308.08,1727.7,8998.38,6681.27,1,0.0576,3.4782,0,0
2026-09-09T15:49:15.218452+00:00,web_sql_injection_v1,web_sql_injection_v1__run_002,initial_access,T1190,7,3,1.5567,0.9907,0.0,33870.52,16935.26,0.7052,56,28,0.4616,1.2498,0.7385,0.219,1.3956,1,3,0,0,1,0,1.951,604.83,139.25,786.43,7715.76,9123.96,0,0.044,3.927,0,0
2026-09-09T15:49:20.218452+00:00,web_sql_injection_v1,web_sql_injection_v1__run_002,initial_access,T1190,10,4,1.7219,1.0,0.0,42510.43,19838.2,0.7433,60,28,1.1439,2.7159,0.806,0.1567,1.276,1,5,0,0,2,0,2.0959,708.51,269.4,1205.29,8853.49,8640.31,1,0.0,4.184,0,1
2026-09-09T15:49:25.218452+00:00,web_sql_injection_v1,web_sql_injection_v1__run_002,initial_access,T1190,7,4,1.8424,0.9871,0.0108,41350.45,37658.44,0.819,56,51,0.5136,1.3387,0.7728,0.158,1.2468,1,3,0,0,1,0,1.0915,738.4,325.15,1398.02,7884.98,8671.05,0,0.0,3.6967,0,0
2026-09-09T15:49:30.218452+00:00,web_sql_injection_v1,web_sql_injection_v1__run_002,initial_access,T1190,7,4,1.8424,0.9691,0.0311,32769.6,21846.4,0.7941,42,28,0.7822,1.5894,0.5413,0.1508,0.9937,1,3,0,0,1,0,1.4767,780.23,198.87,1100.59,7947.03,8439.55,0,0.0176,3.8332,0,1
2026-09-09T15:49:35.218452+00:00,web_sql_injection_v1,web_sql_injection_v1__run_002,initial_access,T1190,2,1,-0.0,1.0,0.0,2531.65,632.91,0.8043,4,1,0.5036,0.8126,0.8176,0.2398,1.5369,0,1,0,0,0,0,2.0413,632.91,98.67,731.58,8003.76,9355.5,0,0.0012,3.3916,0,0
2026-09-09T15:49:40.218452+00:00,web_sql_injection_v1,web_sql_injection_v1__run_002,initial_access,T1190,9,4,1.9749,1.0,0.015,44388.63,21920.31,0.6802,81,40,0.8504,2.4611,0.6064,0.1742,1.1289,1,4,0,0,1,0,1.9789,548.01,120.28,718.61,8211.38,8331.07,0,0.0061,4.4372,0,0
2026-09-09T15:49:45.218452+00:00,web_sql_injection_v1,web_sql_injection_v1__run_002,initial_access,T1190,13,4,1.9501,0.9676,0.0291,88814.6,56704.71,0.7399,130,83,0.6554,1.9062,0.5076,0.0778,0.7409,2,6,1,0,3,0,1.5556,683.19,234.84,1106.91,5380.58,7355.17,2,0.0062,4.0701,0,0
2026-09-09T15:49:50.218452+00:00,web_sql_injection_v1,web_sql_injection_v1__run_002,initial_access,T1190,5,3,1.371,0.9893,0.0382,21868.87,8747.55,0.7264,30,12,0.5152,1.3932,0.6865,0.1979,1.2801,0,2,0,0,1,0,2.3572,728.96,190.68,976.72,6985.5,8626.85,0,0.0,4.0614,0,0
2026-09-09T15:49:55.218452+00:00,web_sql_injection_v1,web_sql_injection_v1__run_002,initial_access,T1190,6,3,1.2516,1.0,0.0,22316.75,6695.03,0.7622,30,9,0.5038,1.2055,0.5734,0.1242,0.9459,1,3,0,0,1,0,3.0118,743.89,292.8,1329.96,9889.42,9314.51,0,0.0,4.0752,0,1
2026-09-09T15:50:00.218452+00:00,web_sql_injection_v1,web_sql_injection_v1__run_002,initial_access,T1190,6,3,1.4591,0.9953,0.0,28344.1,12147.47,0.7271,42,18,0.6885,1.4127,0.8484,0.2384,1.5635,1,2,0,0,1,0,2.2344,674.86,127.74,775.13,7271.93,8166.43,0,0.0768,3.8651,0,0
2026-09-09T15:50:05.218452+00:00,web_sql_injection_v1,web_sql_injection_v1__run_002,initial_access,T1190,6,3,1.4591,0.9732,0.0416,29684.37,22616.67,0.6632,42,32,1.1355,3.3306,0.9519,0.1599,1.4317,0,3,0,0,1,0,1.3122,706.77,195.08,1023.09,8758.09,10929.91,0,0.0,3.0833,0,0
2026-09-09T15:50:10.218452+00:00,web_sql_injection_v1,web_sql_injection_v1__run_002,initial_access,T1190,8,4,1.75,0.9904,0.0187,56126.27,37417.51,0.6895,72,48,0.4148,0.8539,0.556,0.1649,1.0507,1,4,0,0,1,0,1.4988,779.53,248.72,1123.45,8248.95,6673.98,0,0.0421,3.7831,0,1
2026-09-09T15:50:15.218452+00:00,web_sql_injection_v1,web_sql_injection_v1__run_002,initial_access,T1190,6,4,1.9183,0.9991,0.0,25203.12,20162.49,0.7635,30,24,0.573,1.3574,0.6541,0.0882,0.9188,1,3,0,0,1,0,1.2385,840.1,246.95,1138.14,6941.56,8186.74,0,0.0405,4.0795,0,0
2026-09-09T15:50:20.218452+00:00,web_sql_injection_v1,web_sql_injection_v1__run_002,initial_access,T1190,5,4,1.9219,0.9911,0.0,50433.55,21854.54,0.6955,60,26,0.767,0.9768,0.6061,0.1373,1.0178,0,2,0,0,1,0,2.2798,840.56,190.59,1133.15,6847.37,6491.95,0,0.0482,3.1764,0,0
2026-09-09T15:50:25.218452+00:00,web_sql_injection_v1,web_sql_injection_v1__run_002,initial_access,T1190,8,3,1.4056,0.9647,0.0212,40012.23,28133.6,0.7721,64,45,0.5714,1.0338,0.6449,0.1429,1.0735,1,3,0,0,1,0,1.3985,625.19,184.71,1059.33,9148.07,8395.18,0,0.0007,2.6794,0,0
2026-09-09T15:50:30.218452+00:00,web_sql_injection_v1,web_sql_injection_v1__run_002,initial_access,T1190,4,2,1.0,1.0,0.0,13653.16,7509.24,0.7977,20,11,0.8938,1.2491,0.7892,0.1103,1.1201,0,1,0,0,1,0,1.7906,682.66,216.05,971.53,10214.97,7814.78,0,0.0146,3.8201,0,0
2026-09-09T15:50:35.218452+00:00,web_sql_injection_v1,web_sql_injection_v1__run_002,initial_access,T1190,9,3,1.5305,0.965,0.0718,38577.83,22146.53,0.7392,54,31,0.7291,1.4592,0.8355,0.1879,1.3992,1,4,0,0,2,0,1.7116,714.4,202.56,1092.17,9334.08,5906.42,1,0.0238,4.7677,0,0
2026-09-09T15:50:40.218452+00:00,web_sql_injection_v1,web_sql_injection_v1__run_002,initial_access,T1190,6,4,1.9183,1.0,0.0027,23690.67,11845.33,0.7415,30,15,0.8386,1.026,0.6534,0.1138,0.9948,1,2,0,0,1,0,1.9291,789.69,343.55,1365.31,8920.98,6106.52,0,0.0,3.8867,0,0
2026-09-09T15:50:45.218452+00:00,web_sql_injection_v1,web_sql_injection_v1__run_002,initial_access,T1190,8,4,1.9056,1.0,0.026,9698.57,4243.12,0.6659,16,7,0.9913,1.6245,0.7335,0.1212,1.0971,1,3,0,0,1,0,2.1911,606.16,168.44,904.03,8414.01,8346.43,0,0.0,4.324,0,0
2026-09-09T15:50:50.218452+00:00,web_sql_injection_v1,web_sql_injection_v1__run_002,initial_access,T1190,9,4,1.7527,1.0,0.0115,39499.04,24138.3,0.7313,54,33,1.0399,2.0753,0.7197,0.1094,1.0478,1,4,0,0,2,0,1.6149,731.46,185.99,989.68,10374.18,10039.94,1,0.0,3.8163,0,0
2026-09-09T15:50:55.218452+00:00,web_sql_injection_v1,web_sql_injection_v1__run_002,initial_access,T1190,6,3,1.4591,0.9707,0.05,27195.87,9820.73,0.797,36,13,0.9162,2.2046,0.8306,0.2075,1.4532,1,3,0,0,1,0,2.5746,755.44,189.25,1073.53,8735.68,8666.11,0,0.0,4.0184,0,1
