timestamp,persona_id,run_id,mitre_stage,technique_id,flow_count,unique_dst_ports,dest_port_entropy,tcp_ratio,udp_ratio,bytes_fwd_sum,bytes_bwd_sum,bidirectional_ratio,pkts_fwd_sum,pkts_bwd_sum,duration_mean,duration_max,iat_mean,iat_std,iat_max,syn_flag_sum,ack_flag_sum,fin_flag_sum,rst_flag_sum,psh_flag_sum,urg_flag_sum,down_up_ratio_mean,pkt_len_mean,pkt_len_std,pkt_len_max,init_fwd_win_mean,init_bwd_win_mean,fwd_psh_flags_sum,port_scan_score,ttl_variance,ip_fragment_flags,retransmit_count
2026-09-09T14:50:44.311796+00:00,bruteforce_ftp_v1,bruteforce_ftp_v1__run_001,initial_access,T1110.001,27,1,-0.0,0.9584,0.035,23836.85,21188.31,0.8918,243,216,0.1366,0.3984,0.2409,0.0349,0.3457,13,9,1,2,3,0,1.1209,98.09,35.86,218.34,9694.89,6838.87,2,0.0496,1.3792,0,1
2026-09-09T14:50:49.311796+00:00,bruteforce_ftp_v1,bruteforce_ftp_v1__run_001,initial_access,T1110.001,16,1,-0.0,1.0,0.0415,4970.96,4556.71,0.7706,48,44,0.3441,1.0137,0.2849,0.0379,0.3987,7,5,0,1,1,0,1.0856,103.56,34.99,177.86,9539.3,8487.18,0,0.0094,0.7105,0,0
2026-09-09T14:50:54.311796+00:00,bruteforce_ftp_v1,bruteforce_ftp_v1__run_001,initial_access,T1110.001,14,1,-0.0,0.9566,0.0671,6328.4,7119.45,0.8566,56,63,0.3844,0.806,0.3033,0.0275,0.3858,6,4,0,1,1,0,0.8779,113.01,26.96,160.78,9384.16,9553.74,0,0.0,1.6693,0,0
2026-09-09T14:50:59.311796+00:00,bruteforce_ftp_v1,bruteforce_ftp_v1__run_001,initial_access,T1110.001,14,1,-0.0,1.0,0.0,4577.43,4141.48,0.8647,42,38,0.389,1.0353,0.266,0.0193,0.324,6,4,0,1,0,0,1.0955,108.99,32.16,170.21,8807.06,6136.54,0,0.0541,1.6661,0,1
2026-09-09T14:51:04.311796+00:00,bruteforce_ftp_v1,bruteforce_ftp_v1__run_001,initial_access,T1110.001,8,1,-0.0,1.0,0.0153,1671.37,1566.91,0.9467,16,15,0.3814,0.6691,0.3136,0.0263,0.3924,4,2,0,0,0,0,1.0536,104.46,31.22,170.16,9282.61,6703.22,0,0.0528,0.0,0,1
2026-09-09T14:51:09.311796+00:00,bruteforce_ftp_v1,bruteforce_ftp_v1__run_001,initial_access,T1110.001,13,1,-0.0,1.0,0.0,4358.5,3939.42,0.8402,52,47,0.3191,0.8805,0.2894,0.0179,0.343,6,4,0,0,1,0,1.0983,83.82,18.72,125.49,9039.64,9876.45,0,0.0762,0.5478,0,0
2026-09-09T14:51:14.311796+00:00,bruteforce_ftp_v1,bruteforce_ftp_v1__run_001,initial_access,T1110.001,20,1,-0.0,0.981,0.0206,20715.41,12636.4,0.8162,200,122,0.2744,0.7179,0.2995,0.0441,0.4319,9,6,0,1,1,0,1.637,103.58,30.39,189.22,8945.01,8078.86,0,0.0,0.251,0,1
2026-09-09T14:51:19.311796+00:00,bruteforce_ftp_v1,bruteforce_ftp_v1__run_001,initial_access,T1110.001,19,1,-0.0,1.0,0.0119,23332.4,20671.69,0.8698,228,202,0.2377,0.3668,0.275,0.0329,0.3738,10,6,0,1,1,0,1.1252,102.34,23.45,141.81,9237.91,8625.07,0,0.0595,1.8574,0,1
2026-09-09T14:51:24.311796+00:00,bruteforce_ftp_v1,bruteforce_ftp_v1__run_001,initial_access,T1110.001,21,1,-0.0,1.0,0.0295,34335.19,29212.16,0.8137,315,268,0.1383,0.1925,0.2605,0.0251,0.3357,10,6,0,2,2,0,1.1749,109.0,27.41,166.88,8403.59,9793.6,1,0.0398,1.5489,0,0
2026-09-09T14:51:29.311796+00:00,bruteforce_ftp_v1,bruteforce_ftp_v1__run_001,initial_access,T1110.001,18,1,-0.0,0.9824,0.0511,8363.77,6505.16,0.8693,90,70,0.1503,0.3126,0.304,0.0423,0.4311,9,6,0,2,1,0,1.2818,92.93,20.71,133.06,9994.02,9346.33,0,0.0,0.5788,0,0
2026-09-09T14:51:34.311796+00:00,bruteforce_ftp_v1,bruteforce_ftp_v1__run_001,initial_access,T1110.001,11,1,-0.0,0.976,0.0472,10657.04,8396.45,0.7369,99,78,0.2329,0.6498,0.3148,0.0209,0.3775,5,3,0,1,0,0,1.2595,107.65,19.29,144.17,8207.19,9380.19,0,0.0585,1.1045,0,0
2026-09-09T14:51:39.311796+00:00,bruteforce_ftp_v1,bruteforce_ftp_v1__run_001,initial_access,T1110.001,16,1,-0.0,0.9683,0.0202,7591.44,7591.44,0.7644,80,80,0.1522,0.3375,0.2931,0.0231,0.3622,8,5,1,1,1,0,0.9968,94.89,17.32,147.94,8669.68,8927.13,0,0.0308,1.3879,0,1
2026-09-09T14:51:44.311796+00:00,bruteforce_ftp_v1,bruteforce_ftp_v1__run_001,initial_access,T1110.001,17,1,-0.0,1.0,0.0,11169.99,11639.32,0.7746,119,124,0.167,0.4836,0.2812,0.0214,0.3454,8,5,1,1,1,0,0.959,93.87,29.95,186.15,6987.89,7037.29,0,0.013,0.0,0,0
2026-09-09T14:51:49.311796+00:00,bruteforce_ftp_v1,bruteforce_ftp_v1__run_001,initial_access,T1110.001,30,1,-0.0,1.0,0.0216,21641.65,16591.93,0.7977,210,161,0.3036,0.6126,0.2487,0.0133,0.2887,14,10,1,3,2,0,1.3018,103.06,26.91,164.6,6981.86,7671.34,1,0.0308,1.1479,0,1
2026-09-09T14:51:54.311796+00:00,bruteforce_ftp_v1,bruteforce_ftp_v1__run_001,initial_access,T1110.001,15,1,-0.0,1.0,0.0,4369.06,3689.43,0.8552,45,38,0.3941,1.0172,0.2537,0.0374,0.366,7,5,0,1,0,0,1.1699,97.09,24.44,149.37,8854.18,8972.97,0,0.0223,1.7202,0,0
2026-09-09T14:51:59.311796+00:00,bruteforce_ftp_v1,bruteforce_ftp_v1__run_001,initial_access,T1110.001,15,1,-0.0,1.0,0.0,6982.03,6516.56,0.8257,75,70,0.3787,0.7256,0.2594,0.0366,0.3692,7,5,1,1,1,0,1.0658,93.09,28.87,138.15,10263.3,7771.99,0,0.0308,1.3405,0,1
2026-09-09T14:52:04.311796+00:00,bruteforce_ftp_v1,bruteforce_ftp_v1__run_001,initial_access,T1110.001,15,1,-0.0,1.0,0.0,9115.59,9014.3,0.7939,90,89,0.3452,0.4517,0.2332,0.0216,0.2981,7,5,0,1,0,0,1.0038,101.28,25.21,157.21,7681.07,11070.42,0,0.0215,1.6812,0,1
2026-09-09T14:52:09.311796+00:00,bruteforce_ftp_v1,bruteforce_ftp_v1__run_001,initial_access,T1110.001,21,1,-0.0,1.0,0.0179,16269.17,12298.72,0.8942,168,127,0.3509,0.762,0.2976,0.0393,0.4155,10,7,1,2,0,0,1.3157,96.84,23.02,149.57,8306.32,6106.94,0,0.0,0.9143,0,0
2026-09-09T14:52:14.311796+00:00,bruteforce_ftp_v1,bruteforce_ftp_v1__run_001,initial_access,T1110.001,18,1,-0.0,1.0,0.0,17565.72,12252.63,0.899,162,113,0.187,0.4018,0.3302,0.0363,0.439,8,6,0,1,1,0,1.4261,108.43,41.46,215.42,8976.85,7909.86,0,0.0,0.5778,0,0
2026-09-09T14:52:19.311796+00:00,bruteforce_ftp_v1,bruteforce_ftp_v1__run_001,initial_access,T1110.001,19,1,-0.0,0.9706,0.0292,12027.34,8967.75,0.8897,114,85,0.1654,0.334,0.2147,0.0235,0.2853,10,6,1,1,1,0,1.3336,105.5,33.65,187.26,9073.75,8143.79,0,0.0623,0.0,0,1
2026-09-09T14:52:24.311796+00:00,bruteforce_ftp_v1,bruteforce_ftp_v1__run_001,initial_access,T1110.001,17,1,-0.0,0.9386,0.0858,13858.78,16666.77,0.9657,153,184,0.2424,0.4757,0.3097,0.0364,0.4189,8,5,0,1,1,0,0.8282,90.58,31.67,155.93,8471.07,8621.0,0,0.0181,1.3763,0,0
2026-09-09T14:52:29.311796+00:00,bruteforce_ftp_v1,bruteforce_ftp_v1__run_001,initial_access,T1110.001,23,1,-0.0,0.9718,0.0,18515.11,19665.12,0.8861,161,171,0.2694,0.4313,0.2516,0.0305,0.3432,11,7,1,2,2,0,0.9379,115.0,29.71,179.6,7595.41,8941.81,1,0.0721,0.8963,0,4
2026-09-09T14:52:34.311796+00:00,bruteforce_ftp_v1,bruteforce_ftp_v1__run_001,initial_access,T1110.001,11,1,-0.0,1.0,0.0,6739.4,4901.38,0.8349,55,40,0.3649,0.5039,0.2445,0.0234,0.3146,5,3,0,0,0,0,1.3537,122.53,35.86,171.07,8808.85,8196.0,0,0.0671,1.7397,0,2
2026-09-09T14:52:39.311796+00:00,bruteforce_ftp_v1,bruteforce_ftp_v1__run_001,initial_access,T1110.001,18,1,-0.0,0.9857,0.0405,12820.16,11395.7,0.9204,126,112,0.3883,0.6995,0.2848,0.0366,0.3946,9,5,0,2,1,0,1.1203,101.75,22.43,147.54,8421.07,7948.08,0,0.0007,1.5551,0,0
2026-09-09T14:52:44.311796+00:00,bruteforce_ftp_v1,bruteforce_ftp_v1__run_001,initial_access,T1110.001,20,1,-0.0,1.0,0.0,12741.62,15502.3,0.8586,120,146,0.3592,1.0073,0.2868,0.0283,0.3717,9,5,1,1,2,0,0.8195,106.18,26.33,168.93,8293.97,8087.53,1,0.0,0.1696,0,2
2026-09-09T14:52:49.311796+00:00,bruteforce_ftp_v1,bruteforce_ftp_v1__run_001,initial_access,T1110.001,11,1,-0.0,1.0,0.0271,4445.28,3232.93,0.8717,44,32,0.2407,0.4595,0.3184,0.0345,0.4218,5,3,0,1,0,0,1.3335,101.03,23.89,144.7,10023.22,7545.29,0,0.04,0.5677,0,0
2026-09-09T14:52:54.311796+00:00,bruteforce_ftp_v1,bruteforce_ftp_v1__run_001,initial_access,T1110.001,14,1,-0.0,0.9699,0.0802,8499.51,12506.43,0.9336,70,103,0.1662,0.4377,0.2693,0.0299,0.3591,6,5,0,1,1,0,0.6764,121.42,32.21,198.44,8607.35,8364.93,0,0.0,1.0006,0,0
2026-09-09T14:52:59.311796+00:00,bruteforce_ftp_v1,bruteforce_ftp_v1__run_001,initial_access,T1110.001,19,1,-0.0,1.0,0.0,12035.78,9924.24,0.8977,114,94,0.146,0.2193,0.2752,0.0327,0.3732,9,7,0,1,1,0,1.2116,105.58,34.71,188.77,8618.68,7312.77,0,0.0,1.3939,0,1
2026-09-09T14:53:04.311796+00:00,bruteforce_ftp_v1,bruteforce_ftp_v1__run_001,initial_access,T1110.001,14,1,-0.0,0.9877,0.0242,9781.85,7103.49,0.8145,84,61,0.2496,0.4935,0.2636,0.025,0.3387,6,5,0,1,1,0,1.3619,116.45,23.09,172.77,7909.8,7659.42,0,0.0,0.6468,0,0
2026-09-09T14:53:09.311796+00:00,bruteforce_ftp_v1,bruteforce_ftp_v1__run_001,initial_access,T1110.001,21,1,-0.0,1.0,0.0265,8300.2,9090.7,0.9585,84,92,0.1884,0.4048,0.2919,0.0391,0.4092,10,6,0,1,2,0,0.9061,98.81,31.51,190.45,6746.43,9838.83,1,0.0421,0.0373,0,1
2026-09-09T14:53:14.311796+00:00,bruteforce_ftp_v1,bruteforce_ftp_v1__run_001,initial_access,T1110.001,18,1,-0.0,0.9931,0.0079,9121.5,17330.84,0.8286,90,171,0.3667,0.8805,0.3491,0.0496,0.498,9,6,0,1,1,0,0.5253,101.35,22.64,141.31,7732.35,9102.35,0,0.0,0.4663,0,1
2026-09-09T14:53:19.311796+00:00,bruteforce_ftp_v1,bruteforce_ftp_v1__run_001,initial_access,T1110.001,9,1,-0.0,0.9847,0.0,8712.02,7851.57,0.8941,81,73,0.2979,0.7153,0.2763,0.0256,0.353,4,3,0,0,0,0,1.1033,107.56,28.84,158.03,10225.65,8144.15,0,0.0345,1.2603,0,1
2026-09-09T14:53:24.311796+00:00,bruteforce_ftp_v1,bruteforce_ftp_v1__run_001,initial_access,T1110.001,21,1,-0.0,1.0,0.0046,14530.99,14432.14,0.8021,147,146,0.4121,1.1789,0.2759,0.0382,0.3904,10,7,0,1,1,0,1.0046,98.85,26.01,153.66,7379.58,6611.51,0,0.0285,1.3594,0,3
2026-09-09T14:53:29.311796+00:00,bruteforce_ftp_v1,bruteforce_ftp_v1__run_001,initial_access,T1110.001,15,1,-0.0,1.0,0.0,9609.67,10799.43,0.803,105,118,0.2478,0.6892,0.2889,0.0253,0.3648,7,4,0,1,1,0,0.8881,91.52,27.86,169.12,8764.49,7774.89,0,0.0889,1.1719,0,1
2026-09-09T14:53:34.311796+00:00,bruteforce_ftp_v1,bruteforce_ftp_v1__run_001,initial_access,T1110.001,17,1,-0.0,1.0,0.0,7011.59,7011.59,0.8481,68,68,0.2971,0.4238,0.2627,0.0324,0.3599,8,5,1,1,1,0,0.9989,103.11,41.8,190.23,7474.04,7383.45,0,0.0215,0.7933,0,0
2026-09-09T14:53:39.311796+00:00,bruteforce_ftp_v1,bruteforce_ftp_v1__run_001,initial_access,T1110.001,28,1,-0.0,1.0,0.0098,21714.21,18224.42,0.854,224,188,0.3896,1.1647,0.2496,0.0191,0.3069,13,9,1,3,2,0,1.1883,96.94,33.11,235.87,8758.01,5289.46,1,0.0176,1.1156,0,0
2026-09-09T14:53:44.311796+00:00,bruteforce_ftp_v1,bruteforce_ftp_v1__run_001,initial_access,T1110.001,24,1,-0.0,1.0,0.0044,16999.17,11029.22,0.8358,168,109,0.2608,0.7442,0.3398,0.0205,0.4012,12,8,2,1,1,0,1.5331,101.19,24.17,149.6,8698.12,8409.25,0,0.0216,0.4613,0,0
2026-09-09T14:53:49.311796+00:00,bruteforce_ftp_v1,bruteforce_ftp_v1__run_001,initial_access,T1110.001,25,1,-0.0,0.9731,0.0396,13248.89,14414.79,0.956,125,136,0.234,0.3654,0.2701,0.0376,0.3828,12,9,1,1,1,0,0.9183,105.99,29.67,176.44,5376.76,8294.65,0,0.0042,1.0973,0,0
2026-09-09T14:53:54.311796+00:00,bruteforce_ftp_v1,bruteforce_ftp_v1__run_001,initial_access,T1110.001,18,1,-0.0,1.0,0.0067,10310.11,7923.51,0.7589,108,83,0.4407,0.7282,0.3235,0.0236,0.3944,9,6,0,1,2,0,1.2865,95.46,29.16,139.42,7405.47,9277.91,1,0.0453,1.0467,0,1
2026-09-09T14:53:59.311796+00:00,bruteforce_ftp_v1,bruteforce_ftp_v1__run_001,initial_access,T1110.001,10,1,-0.0,0.9816,0.0007,7737.16,8252.97,0.8834,60,64,0.1508,0.2405,0.3009,0.0263,0.3799,4,3,0,0,1,0,0.9313,128.95,33.82,204.13,9656.06,6482.24,0,0.0336,1.9037,0,0
2026-09-09T14:54:04.311796+00:00,bruteforce_ftp_v1,bruteforce_ftp_v1__run_001,initial_access,T1110.001,11,1,-0.0,0.9463,0.0534,2092.42,1521.76,0.8583,22,16,0.1613,0.3725,0.3005,0.0295,0.3889,5,3,0,0,0,0,1.3036,95.11,16.81,125.87,9105.17,8748.54,0,0.0157,0.5739,0,0
2026-09-09T14:54:09.311796+00:00,bruteforce_ftp_v1,bruteforce_ftp_v1__run_001,initial_access,T1110.001,8,1,-0.0,0.9701,0.0377,4531.55,4078.4,0.7984,40,36,0.245,0.7272,0.2947,0.0436,0.4257,4,2,0,0,0,0,1.0881,113.29,25.69,149.07,10068.78,7024.03,0,0.0,0.442,0,1
2026-09-09T14:54:14.311796+00:00,bruteforce_ftp_v1,bruteforce_ftp_v1__run_001,initial_access,T1110.001,18,1,-0.0,1.0,0.0,10853.76,15074.67,0.8364,108,150,0.1829,0.3123,0.27,0.0179,0.3237,8,6,0,2,1,0,0.7195,100.5,41.19,200.32,7705.61,8574.98,0,0.0241,1.5055,0,0
2026-09-09T14:54:19.311796+00:00,bruteforce_ftp_v1,bruteforce_ftp_v1__run_001,initial_access,T1110.001,18,1,-0.0,0.9555,0.0177,3418.18,3513.13,0.8415,36,37,0.2004,0.3929,0.2492,0.0144,0.2925,8,6,1,1,1,0,0.9541,94.95,30.57,180.59,7799.9,9046.57,0,0.0315,1.1771,0,1
2026-09-09T14:54:24.311796+00:00,bruteforce_ftp_v1,bruteforce_ftp_v1__run_001,initial_access,T1110.001,12,1,-0.0,1.0,0.01,5942.66,8418.77,0.8383,60,85,0.3481,0.9155,0.2957,0.0181,0.3499,5,4,0,1,1,0,0.6978,99.04,34.36,161.58,9797.93,8082.42,0,0.035,0.1629,0,0
2026-09-09T14:54:29.311796+00:00,bruteforce_ftp_v1,bruteforce_ftp_v1__run_001,initial_access,T1110.001,11,1,-0.0,0.9805,0.0063,4843.48,3698.65,0.9009,55,42,0.3192,0.3888,0.3223,0.0453,0.4582,5,4,0,1,0,0,1.2841,88.06,25.65,137.71,8057.4,6854.98,0,0.0474,0.4192,0,0
2026-09-09T14:54:34.311796+00:00,bruteforce_ftp_v1,bruteforce_ftp_v1__run_001,initial_access,T1110.001,17,1,-0.0,0.9832,0.0,6655.7,5383.28,0.8481,68,55,0.2245,0.4943,0.2169,0.0284,0.3022,8,6,0,1,1,0,1.222,97.88,29.23,174.41,7385.73,7067.7,0,0.0372,0.1833,0,1
2026-09-09T14:54:39.311796+00:00,bruteforce_ftp_v1,bruteforce_ftp_v1__run_001,initial_access,T1110.001,13,1,-0.0,1.0,0.0281,12146.1,9436.59,0.8288,130,101,0.4074,0.9291,0.3243,0.0457,0.4615,6,4,0,1,0,0,1.2836,93.43,26.22,145.51,7959.32,9920.45,0,0.0247,0.6253,0,0
2026-09-09T14:54:44.311796+00:00,bruteforce_ftp_v1,bruteforce_ftp_v1__run_001,initial_access,T1110.001,15,1,-0.0,0.985,0.0271,7810.32,8851.69,0.8887,75,85,0.2682,0.3331,0.2593,0.0262,0.338,7,5,1,1,1,0,0.8723,104.14,27.16,169.24,8359.1,8894.41,0,0.0,1.6243,0,0
2026-09-09T14:54:49.311796+00:00,bruteforce_ftp_v1,bruteforce_ftp_v1__run_001,initial_access,T1110.001,25,1,-0.0,1.0,0.0037,16437.76,18692.08,0.7791,175,199,0.3494,0.9407,0.2813,0.0187,0.3373,12,9,1,1,2,0,0.8761,93.93,26.36,159.12,8503.82,6707.45,1,0.0202,1.1062,0,1
2026-09-09T14:54:54.311796+00:00,bruteforce_ftp_v1,bruteforce_ftp_v1__run_001,initial_access,T1110.001,20,1,-0.0,0.9581,0.0554,11545.44,10583.32,0.8301,120,110,0.2738,0.4116,0.3073,0.0259,0.3851,10,6,1,2,0,0,1.0884,96.21,28.2,176.11,6280.43,10219.6,0,0.018,1.4017,0,0
2026-09-09T14:54:59.311796+00:00,bruteforce_ftp_v1,bruteforce_ftp_v1__run_001,initial_access,T1110.001,24,1,-0.0,1.0,0.0,9591.85,9092.27,0.8177,96,91,0.2057,0.3925,0.2555,0.0175,0.3081,12,8,1,2,2,0,1.0458,99.92,34.71,216.9,8902.46,8173.03,1,0.0,1.0849,0,3
2026-09-09T14:55:04.311796+00:00,bruteforce_ftp_v1,bruteforce_ftp_v1__run_001,initial_access,T1110.001,23,1,-0.0,0.9652,0.0391,29264.13,23587.48,0.917,299,241,0.3191,0.9155,0.2979,0.0299,0.3877,11,7,1,1,2,0,1.24,97.87,25.54,167.75,6856.68,8043.95,1,0.0094,1.3032,0,2
2026-09-09T14:55:09.311796+00:00,bruteforce_ftp_v1,bruteforce_ftp_v1__run_001,initial_access,T1110.001,23,1,-0.0,1.0,0.0011,15633.72,12235.09,0.7647,161,126,0.3281,0.6202,0.3176,0.0219,0.3834,10,7,1,2,1,0,1.2706,97.1,25.29,150.43,7475.87,9123.16,0,0.0087,1.4469,0,0
2026-09-09T14:55:14.311796+00:00,bruteforce_ftp_v1,bruteforce_ftp_v1__run_001,initial_access,T1110.001,15,1,-0.0,0.9903,0.0,10517.19,8530.61,0.8916,90,73,0.4037,1.1327,0.3103,0.0329,0.409,7,5,1,1,1,0,1.2279,116.86,36.14,196.47,8212.64,9800.54,0,0.0651,1.2345,0,1
2026-09-09T14:55:19.311796+00:00,bruteforce_ftp_v1,bruteforce_ftp_v1__run_001,initial_access,T1110.001,20,1,-0.0,1.0,0.0,1980.49,1782.44,0.857,20,18,0.2596,0.5645,0.2477,0.0365,0.3572,9,6,0,1,1,0,1.1024,99.02,20.64,148.24,7433.61,8239.58,0,0.0306,0.7396,0,2
2026-09-09T14:55:24.311796+00:00,bruteforce_ftp_v1,bruteforce_ftp_v1__run_001,initial_access,T1110.001,23,1,-0.0,1.0,0.0118,9134.05,7545.52,0.8436,92,76,0.3646,0.99,0.2617,0.0315,0.3562,11,7,0,2,1,0,1.2027,99.28,31.0,168.54,9046.55,6349.21,0,0.0306,2.0831,0,1
2026-09-09T14:55:29.311796+00:00,bruteforce_ftp_v1,bruteforce_ftp_v1__run_001,initial_access,T1110.001,16,1,-0.0,1.0,0.0,21203.34,20256.77,0.8567,224,214,0.2831,0.5338,0.2702,0.0187,0.3263,8,5,0,1,1,0,1.0442,94.66,19.8,134.35,6458.27,9425.87,0,0.0255,0.0389,0,1
2026-09-09T14:55:34.311796+00:00,bruteforce_ftp_v1,bruteforce_ftp_v1__run_001,initial_access,T1110.001,15,1,-0.0,1.0,0.0,10964.42,10964.42,0.8271,105,105,0.3185,0.9127,0.313,0.0262,0.3916,7,4,0,1,0,0,0.9917,104.42,29.2,162.69,7232.54,6339.56,0,0.0,1.2014,0,0
2026-09-09T14:55:39.311796+00:00,bruteforce_ftp_v1,bruteforce_ftp_v1__run_001,initial_access,T1110.001,18,1,-0.0,1.0,0.0143,11783.15,11035.01,0.8,126,118,0.2381,0.4245,0.2376,0.0183,0.2926,9,6,0,2,1,0,1.0593,93.52,33.79,182.69,9805.69,9911.04,0,0.0293,1.4745,0,0
2026-09-09T14:55:44.311796+00:00,bruteforce_ftp_v1,bruteforce_ftp_v1__run_001,initial_access,T1110.001,19,1,-0.0,1.0,0.0,12189.23,8431.65,0.8473,133,92,0.1786,0.2649,0.2537,0.0312,0.3471,9,6,0,2,1,0,1.4395,91.65,25.4,139.57,7708.25,7977.29,0,0.0,0.7394,0,1
2026-09-09T14:55:49.311796+00:00,bruteforce_ftp_v1,bruteforce_ftp_v1__run_001,initial_access,T1110.001,13,1,-0.0,1.0,0.0,10359.59,7513.55,0.8706,91,66,0.1537,0.2275,0.26,0.0293,0.3479,6,4,0,1,0,0,1.366,113.84,36.18,181.38,8494.11,7745.24,0,0.0,0.947,0,1
2026-09-09T14:55:54.311796+00:00,bruteforce_ftp_v1,bruteforce_ftp_v1__run_001,initial_access,T1110.001,12,1,-0.0,1.0,0.0057,7009.92,4673.28,0.8518,72,48,0.329,0.7107,0.2398,0.0179,0.2936,5,4,0,1,1,0,1.4749,97.36,31.32,178.97,8456.39,9463.76,0,0.0094,0.5028,0,0
2026-09-09T14:55:59.311796+00:00,bruteforce_ftp_v1,bruteforce_ftp_v1__run_001,initial_access,T1110.001,27,1,-0.0,0.9948,0.0096,5456.39,4142.81,0.9228,54,41,0.318,0.7732,0.242,0.0333,0.342,12,9,1,2,3,1,1.3084,101.04,29.77,157.48,7754.51,9496.44,1,0.0129,0.5176,0,0
2026-09-09T14:56:04.311796+00:00,bruteforce_ftp_v1,bruteforce_ftp_v1__run_001,initial_access,T1110.001,16,1,-0.0,1.0,0.0,12019.31,15238.77,0.7948,112,142,0.19,0.2617,0.2643,0.0144,0.3075,7,4,0,1,1,0,0.7875,107.32,27.45,153.43,9374.77,7619.99,0,0.0499,1.2149,0,0
2026-09-09T14:56:09.311796+00:00,bruteforce_ftp_v1,bruteforce_ftp_v1__run_001,initial_access,T1110.001,20,1,-0.0,1.0,0.0192,11731.4,13588.88,0.8172,120,139,0.1484,0.2261,0.2652,0.0354,0.3713,9,7,0,2,1,0,0.8623,97.76,22.63,147.01,7429.31,7235.11,0,0.0296,1.2414,0,0
2026-09-09T14:56:14.311796+00:00,bruteforce_ftp_v1,bruteforce_ftp_v1__run_001,initial_access,T1110.001,19,1,-0.0,1.0,0.0,5590.99,5002.47,0.8527,57,51,0.2622,0.5006,0.3032,0.0394,0.4213,10,6,0,1,1,0,1.1101,98.09,26.3,162.49,8577.46,10039.96,0,0.0,0.5236,0,0
2026-09-09T14:56:19.311796+00:00,bruteforce_ftp_v1,bruteforce_ftp_v1__run_001,initial_access,T1110.001,14,1,-0.0,0.959,0.0665,11415.62,9071.34,0.8476,112,89,0.3015,0.8485,0.3423,0.0265,0.4217,6,4,0,1,1,0,1.2548,101.93,28.52,149.68,7625.4,7160.33,0,0.0514,0.9236,0,1
2026-09-09T14:56:24.311796+00:00,bruteforce_ftp_v1,bruteforce_ftp_v1__run_001,initial_access,T1110.001,17,1,-0.0,1.0,0.0,8311.12,7431.12,0.9304,85,76,0.249,0.5484,0.2543,0.0315,0.3488,7,5,0,0,1,0,1.1131,97.78,36.27,170.2,7720.73,7902.59,0,0.017,1.353,0,1
2026-09-09T14:56:29.311796+00:00,bruteforce_ftp_v1,bruteforce_ftp_v1__run_001,initial_access,T1110.001,15,1,-0.0,0.9992,0.0,7941.63,6670.97,0.8479,75,63,0.3129,0.713,0.2592,0.0269,0.34,7,5,0,1,1,0,1.1794,105.89,23.42,138.79,8897.9,8312.79,0,0.0035,0.0,0,0
2026-09-09T14:56:34.311796+00:00,bruteforce_ftp_v1,bruteforce_ftp_v1__run_001,initial_access,T1110.001,18,1,-0.0,1.0,0.0074,7314.27,5282.53,0.7907,72,52,0.201,0.3926,0.2844,0.0335,0.385,8,5,1,1,1,0,1.3627,101.59,24.02,154.52,7183.99,8204.01,0,0.0708,1.4985,0,0
2026-09-09T14:56:39.311796+00:00,bruteforce_ftp_v1,bruteforce_ftp_v1__run_001,initial_access,T1110.001,19,1,-0.0,0.9905,0.0125,14471.0,13818.17,0.8392,133,127,0.3296,0.7726,0.2998,0.0365,0.4095,9,7,1,1,1,0,1.0395,108.8,45.46,222.42,8572.13,7324.13,0,0.024,0.7409,0,1
2026-09-09T14:56:44.311796+00:00,bruteforce_ftp_v1,bruteforce_ftp_v1__run_001,initial_access,T1110.001,18,1,-0.0,0.9936,0.0,16184.97,16484.69,0.8563,162,165,0.2492,0.4112,0.2328,0.0128,0.2711,8,6,1,1,1,0,0.9802,99.91,31.39,151.0,8382.82,7559.44,0,0.0057,0.425,0,0
2026-09-09T14:56:49.311796+00:00,bruteforce_ftp_v1,bruteforce_ftp_v1__run_001,initial_access,T1110.001,23,1,-0.0,0.9588,0.0364,22201.15,28519.27,0.9055,253,325,0.3232,0.8857,0.2607,0.03,0.3507,12,8,0,1,1,0,0.7784,87.75,21.33,126.49,7318.38,7561.35,0,0.0491,1.3718,0,1
2026-09-09T14:56:54.311796+00:00,bruteforce_ftp_v1,bruteforce_ftp_v1__run_001,initial_access,T1110.001,15,1,-0.0,1.0,0.0046,8260.33,8627.45,0.7669,90,94,0.3208,0.4713,0.2398,0.0137,0.2809,7,5,0,1,0,0,0.951,91.78,28.67,168.92,8597.71,6698.81,0,0.0448,0.7418,0,3
2026-09-09T14:56:59.311796+00:00,bruteforce_ftp_v1,bruteforce_ftp_v1__run_001,initial_access,T1110.001,17,1,-0.0,0.9784,0.0332,8900.78,8691.35,0.9008,85,83,0.1588,0.1966,0.3033,0.0271,0.3847,8,6,0,1,1,0,1.0144,104.72,27.39,169.17,7482.11,9516.15,0,0.0744,1.0803,0,0
2026-09-09T14:57:04.311796+00:00,bruteforce_ftp_v1,bruteforce_ftp_v1__run_001,initial_access,T1110.001,15,1,-0.0,0.9451,0.0107,8671.32,8324.47,0.8516,75,72,0.2718,0.3552,0.3094,0.0381,0.4237,7,5,1,1,1,0,1.04,115.62,33.21,170.23,7508.42,9032.63,0,0.0221,0.552,0,0
2026-09-09T14:57:09.311796+00:00,bruteforce_ftp_v1,bruteforce_ftp_v1__run_001,initial_access,T1110.001,22,1,-0.0,0.992,0.0207,8512.39,7641.8,0.9161,88,79,0.2683,0.3346,0.2897,0.0189,0.3464,10,7,1,2,1,0,1.1063,96.73,24.53,144.7,8271.16,7848.5,0,0.0321,1.4529,0,0
2026-09-09T14:57:14.311796+00:00,bruteforce_ftp_v1,bruteforce_ftp_v1__run_001,initial_access,T1110.001,10,1,-0.0,0.9828,0.0253,5504.68,4513.83,0.7714,50,41,0.3475,0.4841,0.2767,0.0326,0.3744,5,3,0,1,0,0,1.2182,110.09,43.18,184.51,8484.36,9793.87,0,0.0288,0.9105,0,0
2026-09-09T14:57:19.311796+00:00,bruteforce_ftp_v1,bruteforce_ftp_v1__run_001,initial_access,T1110.001,20,1,-0.0,0.9848,0.0344,5993.26,6692.47,0.8045,60,67,0.2334,0.3858,0.2238,0.0167,0.274,10,6,0,1,1,0,0.8884,99.89,20.22,135.52,8136.93,9010.55,0,0.0,1.044,0,2
2026-09-09T14:57:24.311796+00:00,bruteforce_ftp_v1,bruteforce_ftp_v1__run_001,initial_access,T1110.001,12,1,-0.0,0.9719,0.0484,3686.0,4197.94,0.8271,36,41,0.1941,0.4219,0.3206,0.0352,0.4263,5,4,0,1,1,0,0.8753,102.39,37.28,193.45,7829.91,9753.84,0,0.016,0.9,0,0
2026-09-09T14:57:29.311796+00:00,bruteforce_ftp_v1,bruteforce_ftp_v1__run_001,initial_access,T1110.001,10,1,-0.0,0.9742,0.0624,3576.97,3487.55,0.7712,40,39,0.2215,0.501,0.2974,0.0328,0.3959,4,3,0,1,0,0,1.0001,89.42,25.35,129.13,7455.66,8170.99,0,0.0309,0.6216,0,0
2026-09-09T14:57:34.311796+00:00,bruteforce_ftp_v1,bruteforce_ftp_v1__run_001,initial_access,T1110.001,20,1,-0.0,0.9787,0.0263,13534.15,16821.01,0.8369,140,174,0.1779,0.4126,0.3353,0.0448,0.4697,10,6,1,2,1,0,0.8001,96.67,26.15,170.87,6863.24,10362.74,0,0.0137,1.2227,0,0
2026-09-09T14:57:39.311796+00:00,bruteforce_ftp_v1,bruteforce_ftp_v1__run_001,initial_access,T1110.001,12,1,-0.0,1.0,0.002,11864.83,12161.46,0.8299,120,123,0.3869,0.53,0.3363,0.0334,0.4366,5,4,0,1,0,0,0.9755,98.87,22.98,156.06,8944.55,8066.6,0,0.0076,1.0976,0,1
2026-09-09T14:57:44.311796+00:00,bruteforce_ftp_v1,bruteforce_ftp_v1__run_001,initial_access,T1110.001,24,1,-0.0,1.0,0.0048,7769.9,6474.91,0.8333,72,60,0.3787,0.8469,0.2579,0.0251,0.3332,12,7,1,2,2,0,1.1891,107.92,31.14,209.97,6938.45,6846.75,1,0.0183,0.6825,0,0
2026-09-09T14:57:49.311796+00:00,bruteforce_ftp_v1,bruteforce_ftp_v1__run_001,initial_access,T1110.001,16,1,-0.0,1.0,0.005,13110.44,12173.98,0.7956,112,104,0.205,0.5574,0.2247,0.025,0.2998,8,5,0,1,1,0,1.0678,117.06,33.75,218.95,8184.11,8075.53,0,0.0,1.14,0,0
2026-09-09T14:57:54.311796+00:00,bruteforce_ftp_v1,bruteforce_ftp_v1__run_001,initial_access,T1110.001,16,1,-0.0,1.0,0.0,10269.78,6785.39,0.7465,112,74,0.3192,0.8077,0.2516,0.0175,0.3041,7,5,0,1,1,0,1.5102,91.69,29.47,153.88,8480.66,8645.21,0,0.0498,1.4294,0,0
2026-09-09T14:57:59.311796+00:00,bruteforce_ftp_v1,bruteforce_ftp_v1__run_001,initial_access,T1110.001,16,1,-0.0,1.0,0.0,13717.04,14002.81,0.7917,144,147,0.392,0.5416,0.2776,0.0372,0.3892,8,5,0,1,0,0,0.9792,95.26,29.34,150.36,6343.61,8903.62,0,0.0,0.1811,0,0
2026-09-09T14:58:04.311796+00:00,bruteforce_ftp_v1,bruteforce_ftp_v1__run_001,initial_access,T1110.001,20,1,-0.0,1.0,0.0098,8142.53,6005.12,0.9124,80,59,0.2002,0.2702,0.3187,0.0275,0.4013,9,6,1,2,1,0,1.3503,101.78,31.61,161.95,7082.14,9395.78,0,0.1086,1.1184,0,0
2026-09-09T14:58:09.311796+00:00,bruteforce_ftp_v1,bruteforce_ftp_v1__run_001,initial_access,T1110.001,21,1,-0.0,0.9968,0.01,14723.03,12018.8,0.9082,147,120,0.1764,0.3249,0.3144,0.0441,0.4468,10,6,0,1,1,0,1.2161,100.16,33.34,168.94,7416.22,6879.78,0,0.0,0.5451,0,1
2026-09-09T14:58:14.311796+00:00,bruteforce_ftp_v1,bruteforce_ftp_v1__run_001,initial_access,T1110.001,18,1,-0.0,1.0,0.0161,8363.24,6783.52,0.8623,90,73,0.2416,0.3275,0.2922,0.0436,0.4232,8,6,0,1,1,0,1.2257,92.92,25.6,145.58,9229.92,7909.19,0,0.0605,1.441,0,2
2026-09-09T14:58:19.311796+00:00,bruteforce_ftp_v1,bruteforce_ftp_v1__run_001,initial_access,T1110.001,24,1,-0.0,1.0,0.0265,17074.13,15651.29,0.7441,168,154,0.3901,0.7825,0.2795,0.0389,0.3961,11,8,1,2,2,1,1.0842,101.63,31.52,199.7,8278.08,7545.69,1,0.0,1.2276,0,0
2026-09-09T14:58:24.311796+00:00,bruteforce_ftp_v1,bruteforce_ftp_v1__run_001,initial_access,T1110.001,18,1,-0.0,0.9796,0.0353,13577.48,11530.08,0.8585,126,107,0.308,0.8468,0.2655,0.0196,0.3243,9,6,0,1,1,0,1.176,107.76,22.01,140.76,8727.1,8240.74,0,0.026,0.8426,0,1
2026-09-09T14:58:29.311796+00:00,bruteforce_ftp_v1,bruteforce_ftp_v1__run_001,initial_access,T1110.001,11,1,-0.0,1.0,0.0037,7366.44,6027.08,0.8935,77,63,0.21,0.4734,0.2849,0.0249,0.3596,5,3,0,1,0,0,1.2105,95.67,17.84,119.83,6211.38,7211.95,0,0.1,1.1003,0,0
2026-09-09T14:58:34.311796+00:00,bruteforce_ftp_v1,bruteforce_ftp_v1__run_001,initial_access,T1110.001,19,1,-0.0,0.9868,0.0005,9292.98,7336.56,0.9028,95,75,0.386,0.811,0.2975,0.041,0.4203,10,6,0,2,1,0,1.2535,97.82,21.85,129.9,7241.7,4761.66,0,0.0465,1.575,0,0
2026-09-09T14:58:39.311796+00:00,bruteforce_ftp_v1,bruteforce_ftp_v1__run_001,initial_access,T1110.001,16,1,-0.0,0.9834,0.0064,7839.06,6369.24,0.8462,80,65,0.3709,0.9052,0.2398,0.022,0.3057,8,5,0,1,1,0,1.2248,97.99,28.03,167.94,9601.07,8767.1,0,0.0167,0.7978,0,0
2026-09-09T14:58:44.311796+00:00,bruteforce_ftp_v1,bruteforce_ftp_v1__run_001,initial_access,T1110.001,15,1,-0.0,1.0,0.0223,5121.62,5804.5,0.8514,45,51,0.3153,0.4018,0.278,0.0259,0.3557,7,5,1,1,1,0,0.8722,113.81,31.17,192.47,7951.68,7313.15,0,0.0229,1.0289,0,0
2026-09-09T14:58:49.311796+00:00,bruteforce_ftp_v1,bruteforce_ftp_v1__run_001,initial_access,T1110.001,17,1,-0.0,1.0,0.0,7920.35,6522.65,0.8818,85,70,0.3798,0.8964,0.3365,0.0268,0.4169,8,6,0,1,1,0,1.2085,93.18,26.29,156.07,9446.38,7665.53,0,0.0368,0.0916,0,2
2026-09-09T14:58:54.311796+00:00,bruteforce_ftp_v1,bruteforce_ftp_v1__run_001,initial_access,T1110.001,13,1,-0.0,0.9891,0.0506,10023.45,10119.83,0.8541,104,105,0.2364,0.4546,0.2943,0.0316,0.389,6,4,0,1,1,0,0.9859,96.38,35.21,180.38,8388.8,8730.63,0,0.0373,1.3606,0,0
2026-09-09T14:58:59.311796+00:00,bruteforce_ftp_v1,bruteforce_ftp_v1__run_001,initial_access,T1110.001,17,1,-0.0,0.9538,0.0442,5401.79,4660.37,0.8436,51,44,0.4019,0.8955,0.3198,0.0305,0.4113,7,5,0,2,1,0,1.1524,105.92,33.07,165.39,9446.64,5828.08,0,0.0423,1.3016,0,1
2026-09-09T14:59:04.311796+00:00,bruteforce_ftp_v1,bruteforce_ftp_v1__run_001,initial_access,T1110.001,18,1,-0.0,0.974,0.0418,12387.85,14452.49,0.811,126,147,0.3281,0.4895,0.336,0.043,0.465,8,6,0,1,1,0,0.8564,98.32,29.11,174.51,8089.9,9863.69,0,0.0,1.151,0,0
2026-09-09T14:59:09.311796+00:00,bruteforce_ftp_v1,bruteforce_ftp_v1__run_001,initial_access,T1110.001,19,1,-0.0,1.0,0.0196,12870.81,11854.7,0.9195,114,105,0.2203,0.4571,0.3032,0.0297,0.3922,9,7,1,1,1,0,1.0833,112.9,27.29,180.85,6509.31,7449.72,0,0.0026,0.2343,0,0
2026-09-09T14:59:14.311796+00:00,bruteforce_ftp_v1,bruteforce_ftp_v1__run_001,initial_access,T1110.001,16,1,-0.0,1.0,0.0025,3036.6,3321.28,0.9586,32,35,0.1332,0.1868,0.2824,0.022,0.3483,7,5,1,1,0,0,0.9015,94.89,25.28,153.41,8956.78,8815.02,0,0.0,1.3227,0,1
2026-09-09T14:59:19.311796+00:00,bruteforce_ftp_v1,bruteforce_ftp_v1__run_001,initial_access,T1110.001,18,1,-0.0,0.9775,0.0,14813.19,14721.75,0.8552,162,161,0.1696,0.2334,0.2928,0.0242,0.3654,8,6,1,1,1,0,1.0018,91.44,35.37,197.31,7346.51,5470.38,0,0.0,1.1141,0,0
2026-09-09T14:59:24.311796+00:00,bruteforce_ftp_v1,bruteforce_ftp_v1__run_001,initial_access,T1110.001,15,1,-0.0,1.0,0.0176,7813.84,10105.9,0.9023,75,97,0.4016,0.9809,0.3694,0.0225,0.4368,7,5,0,0,1,0,0.7676,104.18,25.78,169.65,9085.4,9284.87,0,0.0,1.6275,0,1
2026-09-09T14:59:29.311796+00:00,bruteforce_ftp_v1,bruteforce_ftp_v1__run_001,initial_access,T1110.001,24,1,-0.0,1.0,0.0021,13324.96,17951.68,0.8356,144,194,0.3093,0.8228,0.2233,0.0329,0.322,12,8,0,2,1,0,0.7404,92.53,32.25,170.68,8011.68,7415.6,0,0.0,0.1265,0,1
2026-09-09T14:59:34.311796+00:00,bruteforce_ftp_v1,bruteforce_ftp_v1__run_001,initial_access,T1110.001,15,1,-0.0,1.0,0.0,13581.29,10865.03,0.8418,135,108,0.4518,0.9069,0.2807,0.034,0.3827,7,5,0,1,1,0,1.2401,100.6,37.34,182.64,8785.8,9092.26,0,0.0863,1.6336,0,1
2026-09-09T14:59:39.311796+00:00,bruteforce_ftp_v1,bruteforce_ftp_v1__run_001,initial_access,T1110.001,17,1,-0.0,0.9837,0.0375,12830.66,10782.07,0.882,119,100,0.2166,0.5372,0.2973,0.0306,0.389,8,5,0,1,1,0,1.1865,107.82,38.52,216.36,8430.32,10084.83,0,0.0283,1.771,0,0
2026-09-09T14:59:44.311796+00:00,bruteforce_ftp_v1,bruteforce_ftp_v1__run_001,initial_access,T1110.001,24,1,-0.0,1.0,0.0223,8177.6,6899.85,0.9408,96,81,0.2095,0.2685,0.2966,0.0234,0.367,11,9,0,2,1,0,1.1816,85.18,27.41,176.6,8252.36,8165.49,0,0.0041,0.3231,0,0
2026-09-09T14:59:49.311796+00:00,bruteforce_ftp_v1,bruteforce_ftp_v1__run_001,initial_access,T1110.001,13,1,-0.0,1.0,0.0,9731.32,12083.95,0.838,91,113,0.304,0.589,0.2651,0.0226,0.3328,6,4,0,1,0,0,0.8001,106.94,36.67,198.16,7206.43,7041.8,0,0.0046,0.1692,0,0
2026-09-09T14:59:54.311796+00:00,bruteforce_ftp_v1,bruteforce_ftp_v1__run_001,initial_access,T1110.001,21,1,-0.0,0.9951,0.0,15810.79,15528.45,0.8428,168,165,0.1772,0.4609,0.2893,0.0272,0.3709,10,7,1,1,2,0,1.0155,94.11,25.15,130.38,8978.41,8735.68,1,0.0262,0.9507,0,1
2026-09-09T14:59:59.311796+00:00,bruteforce_ftp_v1,bruteforce_ftp_v1__run_001,initial_access,T1110.001,20,1,-0.0,1.0,0.0237,4043.14,3436.67,0.8768,40,34,0.3457,0.9667,0.276,0.0215,0.3403,9,7,0,1,1,0,1.1571,101.08,31.03,172.38,8007.14,7484.11,0,0.0,2.0371,0,1
2026-09-09T15:00:04.311796+00:00,bruteforce_ftp_v1,bruteforce_ftp_v1__run_001,initial_access,T1110.001,15,1,-0.0,1.0,0.0404,7600.63,6891.23,0.88,75,68,0.2867,0.6177,0.315,0.045,0.4499,8,5,0,1,1,0,1.1029,101.34,35.53,180.47,9781.02,8484.26,0,0.0353,0.711,0,0
2026-09-09T15:00:09.311796+00:00,bruteforce_ftp_v1,bruteforce_ftp_v1__run_001,initial_access,T1110.001,16,1,-0.0,0.9754,0.0118,8191.31,6143.48,0.8373,80,60,0.3118,0.7439,0.2513,0.0305,0.3428,8,5,1,1,1,0,1.3184,102.39,26.35,158.55,9801.5,7359.71,0,0.0,0.9216,0,1
2026-09-09T15:00:14.311796+00:00,bruteforce_ftp_v1,bruteforce_ftp_v1__run_001,initial_access,T1110.001,30,1,-0.0,0.9886,0.005,15421.24,11822.95,0.8255,150,115,0.2937,0.7302,0.2717,0.0237,0.3427,15,11,1,3,1,0,1.3019,102.81,33.73,213.55,8670.0,8565.94,0,0.0,1.0227,0,0
2026-09-09T15:00:19.311796+00:00,bruteforce_ftp_v1,bruteforce_ftp_v1__run_001,initial_access,T1110.001,21,1,-0.0,0.9243,0.0655,14100.66,10935.21,0.8678,147,114,0.2183,0.5678,0.2794,0.0322,0.3758,10,7,1,2,1,0,1.2808,95.92,28.72,153.11,9171.7,9425.52,0,0.0,0.8399,0,0
2026-09-09T15:00:24.311796+00:00,bruteforce_ftp_v1,bruteforce_ftp_v1__run_001,initial_access,T1110.001,12,1,-0.0,0.994,0.0,5553.01,3586.32,0.8462,48,31,0.336,0.619,0.2403,0.0221,0.3065,6,4,0,1,1,0,1.5098,115.69,40.45,188.91,7336.94,7626.09,0,0.0169,1.5681,0,0
2026-09-09T15:00:29.311796+00:00,bruteforce_ftp_v1,bruteforce_ftp_v1__run_001,initial_access,T1110.001,18,1,-0.0,1.0,0.0193,5408.84,4307.04,0.8114,54,43,0.4414,0.9525,0.3145,0.0297,0.4035,8,6,1,1,1,0,1.2384,100.16,31.88,189.54,6708.0,5591.14,0,0.0115,0.9362,0,0
2026-09-09T15:00:34.311796+00:00,bruteforce_ftp_v1,bruteforce_ftp_v1__run_001,initial_access,T1110.001,23,1,-0.0,0.9994,0.0,4634.09,4533.35,0.8099,46,45,0.2382,0.3312,0.3008,0.019,0.3577,11,7,1,2,0,0,1.0122,100.74,31.35,154.99,8632.32,8457.11,0,0.0,0.5548,0,1
2026-09-09T15:00:39.311796+00:00,bruteforce_ftp_v1,bruteforce_ftp_v1__run_001,initial_access,T1110.001,12,1,-0.0,0.981,0.0298,5445.68,5445.68,0.8586,48,48,0.2159,0.4151,0.2412,0.0267,0.3214,5,4,0,1,0,0,0.9943,113.45,35.34,168.94,5984.41,7726.74,0,0.0,1.4079,0,0
2026-09-09T15:00:44.311796+00:00,bruteforce_ftp_v1,bruteforce_ftp_v1__run_001,initial_access,T1110.001,12,1,-0.0,0.9871,0.0274,9250.79,11081.68,0.7964,96,115,0.322,0.4193,0.2644,0.0164,0.3135,6,4,0,1,0,0,0.8344,96.36,20.44,134.56,6714.86,8155.22,0,0.022,1.1121,0,0
2026-09-09T15:00:49.311796+00:00,bruteforce_ftp_v1,bruteforce_ftp_v1__run_001,initial_access,T1110.001,13,1,-0.0,1.0,0.0,7707.62,8992.22,0.8347,78,91,0.3572,0.9854,0.3272,0.0272,0.4089,5,4,0,1,1,0,0.849,98.82,20.99,141.41,8041.37,8806.14,0,0.0118,0.5928,0,0
2026-09-09T15:00:54.311796+00:00,bruteforce_ftp_v1,bruteforce_ftp_v1__run_001,initial_access,T1110.001,21,1,-0.0,0.9672,0.0469,16797.36,13712.13,0.8814,147,120,0.3881,0.6089,0.29,0.0333,0.39,10,7,1,2,1,0,1.2233,114.27,43.35,243.2,9292.79,7546.97,0,0.0243,0.189,0,1
2026-09-09T15:00:59.311796+00:00,bruteforce_ftp_v1,bruteforce_ftp_v1__run_001,initial_access,T1110.001,22,1,-0.0,0.9798,0.032,16674.21,20084.85,0.7745,176,212,0.264,0.6097,0.2882,0.0268,0.3685,11,8,1,1,1,0,0.8272,94.74,24.27,157.01,7242.01,7358.06,0,0.0362,1.2785,0,1
2026-09-09T15:01:04.311796+00:00,bruteforce_ftp_v1,bruteforce_ftp_v1__run_001,initial_access,T1110.001,23,1,-0.0,1.0,0.0242,21728.1,26871.46,0.7952,207,256,0.3477,0.7409,0.2559,0.0376,0.3686,11,7,2,2,2,0,0.807,104.97,33.89,204.68,6859.02,9023.72,1,0.0124,0.5137,0,0
2026-09-09T15:01:09.311796+00:00,bruteforce_ftp_v1,bruteforce_ftp_v1__run_001,initial_access,T1110.001,27,1,-0.0,0.9883,0.0434,19677.59,16345.94,0.8572,189,157,0.2272,0.6271,0.3289,0.0426,0.4568,12,8,1,2,2,0,1.2036,104.11,36.67,238.41,8595.68,9376.98,1,0.0259,1.0999,0,2
2026-09-09T15:01:14.311796+00:00,bruteforce_ftp_v1,bruteforce_ftp_v1__run_001,initial_access,T1110.001,18,1,-0.0,1.0,0.0007,16827.23,17645.22,0.8759,144,151,0.2057,0.421,0.2573,0.0261,0.3357,9,6,0,2,1,0,0.9484,116.86,50.56,275.13,7934.31,8050.33,0,0.0074,1.3717,0,0
2026-09-09T15:01:19.311796+00:00,bruteforce_ftp_v1,bruteforce_ftp_v1__run_001,initial_access,T1110.001,26,1,-0.0,0.9488,0.0625,7785.54,8184.8,0.8603,78,82,0.3634,0.8292,0.2809,0.0225,0.3486,12,9,1,3,1,0,0.9442,99.81,29.24,184.88,7231.63,9776.57,0,0.0121,0.5797,0,0
2026-09-09T15:01:24.311796+00:00,bruteforce_ftp_v1,bruteforce_ftp_v1__run_001,initial_access,T1110.001,21,1,-0.0,0.9978,0.0,6620.41,6200.06,0.8613,63,59,0.317,0.6844,0.2355,0.0351,0.3409,10,6,0,1,1,0,1.0608,105.09,28.31,168.42,7489.37,7029.22,0,0.0322,0.3901,0,2
2026-09-09T15:01:29.311796+00:00,bruteforce_ftp_v1,bruteforce_ftp_v1__run_001,initial_access,T1110.001,16,1,-0.0,1.0,0.0296,7731.5,6668.42,0.8306,80,69,0.2536,0.3726,0.2209,0.0288,0.3074,7,6,0,0,1,0,1.1445,96.64,37.98,179.23,7632.2,6233.86,0,0.0,2.2048,0,0
2026-09-09T15:01:34.311796+00:00,bruteforce_ftp_v1,bruteforce_ftp_v1__run_001,initial_access,T1110.001,12,1,-0.0,1.0,0.0262,3774.94,3355.5,0.8762,36,32,0.3747,1.0141,0.2587,0.0149,0.3033,6,4,0,1,1,0,1.1003,104.86,22.25,140.22,8458.52,7781.12,0,0.0302,1.1342,0,0
2026-09-09T15:01:39.311796+00:00,bruteforce_ftp_v1,bruteforce_ftp_v1__run_001,initial_access,T1110.001,12,1,-0.0,1.0,0.0042,7846.74,6647.93,0.9249,72,61,0.3307,0.8529,0.2523,0.0257,0.3296,5,4,0,1,1,0,1.1674,108.98,30.33,173.34,8056.51,8813.18,0,0.0534,1.0133,0,1
2026-09-09T15:01:44.311796+00:00,bruteforce_ftp_v1,bruteforce_ftp_v1__run_001,initial_access,T1110.001,9,1,-0.0,1.0,0.0,3432.81,4004.95,0.8594,36,42,0.3936,0.4977,0.2453,0.0229,0.314,4,3,0,0,0,0,0.8482,95.36,35.34,147.06,9343.09,7895.65,0,0.0643,2.3523,0,0
2026-09-09T15:01:49.311796+00:00,bruteforce_ftp_v1,bruteforce_ftp_v1__run_001,initial_access,T1110.001,18,1,-0.0,0.99,0.0006,13419.53,9691.88,0.8103,126,91,0.3951,1.0015,0.2744,0.022,0.3404,8,6,1,1,2,0,1.372,106.5,23.7,151.94,9019.17,7159.79,1,0.0,1.1095,0,0
2026-09-09T15:01:54.311796+00:00,bruteforce_ftp_v1,bruteforce_ftp_v1__run_001,initial_access,T1110.001,22,1,-0.0,1.0,0.0,16957.54,15966.52,0.8241,154,145,0.1651,0.2912,0.2049,0.0208,0.2673,11,7,0,1,2,0,1.0584,110.11,19.89,164.53,7569.14,10716.87,1,0.0185,0.5107,0,0
2026-09-09T15:01:59.311796+00:00,bruteforce_ftp_v1,bruteforce_ftp_v1__run_001,initial_access,T1110.001,22,1,-0.0,0.9968,0.0,17784.07,16513.78,0.8024,154,143,0.1583,0.2502,0.2754,0.0211,0.3387,10,7,1,2,1,0,1.0698,115.48,29.83,200.74,7344.36,6736.28,0,0.0089,0.4049,0,0
2026-09-09T15:02:04.311796+00:00,bruteforce_ftp_v1,bruteforce_ftp_v1__run_001,initial_access,T1110.001,20,1,-0.0,1.0,0.0094,22651.29,22934.43,0.8665,240,243,0.3089,0.8546,0.274,0.02,0.3339,9,6,1,1,1,0,0.9859,94.38,29.85,154.88,7077.09,7478.14,0,0.038,0.5037,0,0
2026-09-09T15:02:09.311796+00:00,bruteforce_ftp_v1,bruteforce_ftp_v1__run_001,initial_access,T1110.001,18,1,-0.0,0.9981,0.0147,17797.9,14831.58,0.9056,180,150,0.1834,0.5213,0.2958,0.0322,0.3926,8,6,0,1,2,0,1.1953,98.88,28.21,159.88,7275.14,6415.68,1,0.0,0.7601,0,0
2026-09-09T15:02:14.311796+00:00,bruteforce_ftp_v1,bruteforce_ftp_v1__run_001,initial_access,T1110.001,16,1,-0.0,1.0,0.0049,7069.64,6274.3,0.9258,80,71,0.327,0.8389,0.2771,0.0392,0.3947,8,6,1,1,0,0,1.1211,88.37,22.94,119.54,8214.66,8956.95,0,0.0102,0.492,0,0
2026-09-09T15:02:19.311796+00:00,bruteforce_ftp_v1,bruteforce_ftp_v1__run_001,initial_access,T1110.001,24,1,-0.0,0.9691,0.0221,20604.85,14273.15,0.7858,192,133,0.2336,0.6882,0.2837,0.0369,0.3943,11,7,0,2,1,0,1.4347,107.32,35.41,226.61,9209.13,6696.45,0,0.0,1.4342,0,3
2026-09-09T15:02:24.311796+00:00,bruteforce_ftp_v1,bruteforce_ftp_v1__run_001,initial_access,T1110.001,17,1,-0.0,1.0,0.0,13489.84,9522.24,0.8077,119,84,0.146,0.2916,0.3027,0.0418,0.428,7,6,1,1,1,0,1.4093,113.36,36.35,210.82,8900.92,8086.83,0,0.0,1.7688,0,1
2026-09-09T15:02:29.311796+00:00,bruteforce_ftp_v1,bruteforce_ftp_v1__run_001,initial_access,T1110.001,19,1,-0.0,1.0,0.0103,20099.12,15761.94,0.8124,190,149,0.2643,0.4077,0.2248,0.016,0.2729,9,6,0,2,1,0,1.2743,105.78,32.49,184.76,5410.87,9791.96,0,0.0419,1.9412,0,0
2026-09-09T15:02:34.311796+00:00,bruteforce_ftp_v1,bruteforce_ftp_v1__run_001,initial_access,T1110.001,17,1,-0.0,1.0,0.0,13959.57,15191.3,0.8526,136,148,0.3653,0.4429,0.2679,0.0172,0.3195,8,5,0,1,1,0,0.916,102.64,32.23,205.75,9919.24,8828.9,0,0.0,0.9377,0,0
2026-09-09T15:02:39.311796+00:00,bruteforce_ftp_v1,bruteforce_ftp_v1__run_001,initial_access,T1110.001,15,1,-0.0,1.0,0.0,5061.99,7986.7,0.9408,45,71,0.377,0.919,0.2865,0.0413,0.4105,7,5,0,1,1,0,0.6279,112.49,31.05,176.6,8554.73,7838.68,0,0.0161,1.2749,0,0
2026-09-09T15:02:44.311796+00:00,bruteforce_ftp_v1,bruteforce_ftp_v1__run_001,initial_access,T1110.001,22,1,-0.0,1.0,0.0,15512.52,15411.79,0.8548,154,153,0.4257,0.7813,0.3062,0.0267,0.3864,10,6,0,1,1,0,1.0026,100.73,29.9,184.89,6323.18,9248.42,0,0.0,0.0252,0,0
2026-09-09T15:02:49.311796+00:00,bruteforce_ftp_v1,bruteforce_ftp_v1__run_001,initial_access,T1110.001,15,1,-0.0,0.9998,0.0357,10762.13,10762.13,0.849,120,120,0.2206,0.3381,0.2289,0.0136,0.2696,7,5,1,1,1,0,0.9952,89.68,30.28,144.16,7442.52,9050.98,0,0.0848,0.7226,0,0
2026-09-09T15:02:54.311796+00:00,bruteforce_ftp_v1,bruteforce_ftp_v1__run_001,initial_access,T1110.001,16,1,-0.0,0.9871,0.0,11505.38,12044.7,0.8939,128,134,0.442,0.9583,0.3032,0.0405,0.4248,8,5,0,1,2,0,0.9541,89.89,23.29,128.81,7271.27,8369.6,1,0.0,0.5639,0,0
2026-09-09T15:02:59.311796+00:00,bruteforce_ftp_v1,bruteforce_ftp_v1__run_001,initial_access,T1110.001,25,1,-0.0,1.0,0.0217,18334.95,16593.13,0.8457,200,181,0.3464,0.8581,0.3216,0.0299,0.4113,12,7,0,2,2,0,1.1027,91.67,23.3,156.75,8546.38,7920.12,1,0.0344,1.1157,0,3
2026-09-09T15:03:04.311796+00:00,bruteforce_ftp_v1,bruteforce_ftp_v1__run_001,initial_access,T1110.001,12,1,-0.0,1.0,0.0,5033.33,4299.31,0.8508,48,41,0.3073,0.5542,0.2557,0.0147,0.2998,5,4,0,1,1,0,1.1473,104.86,18.76,134.12,7347.92,8695.72,0,0.0714,1.4877,0,0
2026-09-09T15:03:09.311796+00:00,bruteforce_ftp_v1,bruteforce_ftp_v1__run_001,initial_access,T1110.001,17,1,-0.0,1.0,0.005,6897.01,5274.19,0.8237,68,52,0.1826,0.5382,0.2373,0.0266,0.3172,7,5,1,1,1,0,1.289,101.43,32.98,166.7,8306.6,9554.28,0,0.0,0.5722,0,2
2026-09-09T15:03:14.311796+00:00,bruteforce_ftp_v1,bruteforce_ftp_v1__run_001,initial_access,T1110.001,28,1,-0.0,1.0,0.0519,20464.65,19733.77,0.8261,224,216,0.3234,0.6373,0.2588,0.0228,0.3273,13,10,2,3,1,0,1.0335,91.36,24.0,154.29,7056.96,8607.33,0,0.0197,1.344,0,2
2026-09-09T15:03:19.311796+00:00,bruteforce_ftp_v1,bruteforce_ftp_v1__run_001,initial_access,T1110.001,11,1,-0.0,1.0,0.0186,11246.38,7249.73,0.8355,121,78,0.2111,0.4537,0.2755,0.0221,0.3419,5,4,0,0,0,0,1.5414,92.95,30.67,149.08,7775.69,6726.74,0,0.0127,1.0004,0,0
2026-09-09T15:03:24.311796+00:00,bruteforce_ftp_v1,bruteforce_ftp_v1__run_001,initial_access,T1110.001,14,1,-0.0,1.0,0.0179,11773.24,11983.47,0.9691,112,114,0.3686,0.4437,0.319,0.022,0.3851,6,4,0,1,0,0,0.9772,105.12,23.15,142.85,8293.93,9244.25,0,0.0056,1.0385,0,2
2026-09-09T15:03:29.311796+00:00,bruteforce_ftp_v1,bruteforce_ftp_v1__run_001,initial_access,T1110.001,23,1,-0.0,1.0,0.0009,15987.44,16384.65,0.84,161,165,0.2397,0.4241,0.2863,0.0408,0.4088,11,8,1,2,2,0,0.973,99.3,30.54,181.29,6967.18,8109.78,1,0.0616,0.2374,0,3
2026-09-09T15:03:34.311796+00:00,bruteforce_ftp_v1,bruteforce_ftp_v1__run_001,initial_access,T1110.001,15,1,-0.0,0.9385,0.0576,12550.19,12236.44,0.7932,120,117,0.2684,0.6788,0.3162,0.0358,0.4237,7,5,0,1,1,0,1.0221,104.58,26.6,147.11,7891.84,8422.58,0,0.0407,1.3622,0,1
2026-09-09T15:03:39.311796+00:00,bruteforce_ftp_v1,bruteforce_ftp_v1__run_001,initial_access,T1110.001,15,1,-0.0,0.9806,0.0107,9796.58,11009.49,0.8372,105,118,0.2329,0.6943,0.3162,0.035,0.4211,7,4,0,1,1,0,0.8847,93.3,16.8,132.95,8534.65,8073.89,0,0.0375,1.3488,0,2
2026-09-09T15:03:44.311796+00:00,bruteforce_ftp_v1,bruteforce_ftp_v1__run_001,initial_access,T1110.001,21,1,-0.0,0.9835,0.0086,12252.58,9724.27,0.8483,126,100,0.352,0.5611,0.3439,0.0354,0.45,10,7,1,1,1,0,1.2483,97.24,25.25,155.55,6778.07,8579.11,0,0.0056,0.0,0,1
2026-09-09T15:03:49.311796+00:00,bruteforce_ftp_v1,bruteforce_ftp_v1__run_001,initial_access,T1110.001,16,1,-0.0,0.9916,0.0,6342.51,4360.48,0.9375,64,44,0.2531,0.6163,0.2629,0.0386,0.3786,7,5,1,2,1,0,1.428,99.1,32.5,184.08,8649.9,7409.73,0,0.0,0.7342,0,1
2026-09-09T15:03:54.311796+00:00,bruteforce_ftp_v1,bruteforce_ftp_v1__run_001,initial_access,T1110.001,18,1,-0.0,1.0,0.0,18060.93,14749.76,0.8516,180,147,0.4685,0.9718,0.3163,0.0414,0.4406,9,5,1,2,0,0,1.217,100.34,32.87,169.16,9750.9,7635.45,0,0.0,1.8424,0,0
2026-09-09T15:03:59.311796+00:00,bruteforce_ftp_v1,bruteforce_ftp_v1__run_001,initial_access,T1110.001,16,1,-0.0,0.9883,0.0343,9542.31,11430.89,0.8022,96,115,0.343,0.5408,0.2862,0.0267,0.3664,8,5,1,1,2,0,0.8289,99.4,33.33,181.62,8635.78,6832.11,1,0.04,0.8585,0,1
2026-09-09T15:04:04.311796+00:00,bruteforce_ftp_v1,bruteforce_ftp_v1__run_001,initial_access,T1110.001,7,1,-0.0,0.987,0.0,8075.07,6793.31,0.955,63,53,0.1749,0.3611,0.3328,0.0228,0.4012,3,2,0,0,0,0,1.1683,128.18,26.5,168.72,6283.42,8751.28,0,0.0368,1.423,0,2
2026-09-09T15:04:09.311796+00:00,bruteforce_ftp_v1,bruteforce_ftp_v1__run_001,initial_access,T1110.001,8,1,-0.0,0.9731,0.0646,771.98,578.98,0.8171,8,6,0.185,0.5225,0.2609,0.0194,0.3189,4,2,0,0,0,0,1.1869,96.5,42.74,205.81,7562.02,8200.97,0,0.0438,0.4094,0,0
2026-09-09T15:04:14.311796+00:00,bruteforce_ftp_v1,bruteforce_ftp_v1__run_001,initial_access,T1110.001,15,1,-0.0,0.9589,0.0335,4394.18,4101.23,0.806,45,42,0.3102,0.4804,0.3275,0.0432,0.457,6,4,0,1,1,0,1.0583,97.65,17.92,141.02,6625.79,7901.56,0,0.0,0.3594,0,0
2026-09-09T15:04:19.311796+00:00,bruteforce_ftp_v1,bruteforce_ftp_v1__run_001,initial_access,T1110.001,14,1,-0.0,0.9921,0.0138,9395.94,10738.22,0.8215,98,112,0.2399,0.3503,0.2868,0.0368,0.3973,7,4,1,1,1,0,0.8725,95.88,19.52,132.65,5932.12,7320.47,0,0.0,0.7537,0,3
2026-09-09T15:04:24.311796+00:00,bruteforce_ftp_v1,bruteforce_ftp_v1__run_001,initial_access,T1110.001,14,1,-0.0,1.0,0.0,18704.86,16957.7,0.7973,182,165,0.2864,0.8552,0.2584,0.0333,0.3584,6,4,0,1,1,0,1.1001,102.77,35.04,175.24,8138.53,8603.47,0,0.0,1.148,0,1
2026-09-09T15:04:29.311796+00:00,bruteforce_ftp_v1,bruteforce_ftp_v1__run_001,initial_access,T1110.001,22,1,-0.0,0.9739,0.014,14173.16,13851.04,0.8578,132,129,0.4057,1.2082,0.2861,0.0405,0.4076,11,8,0,2,2,0,1.0219,107.37,28.08,160.63,8095.4,7549.12,1,0.0633,0.9494,0,2
2026-09-09T15:04:34.311796+00:00,bruteforce_ftp_v1,bruteforce_ftp_v1__run_001,initial_access,T1110.001,21,1,-0.0,0.9808,0.0488,25740.15,25127.29,0.9157,252,246,0.3062,0.4548,0.2361,0.0121,0.2722,9,7,1,2,1,0,1.0223,102.14,31.1,207.76,7288.44,7149.43,0,0.0233,1.346,0,0
2026-09-09T15:04:39.311796+00:00,bruteforce_ftp_v1,bruteforce_ftp_v1__run_001,initial_access,T1110.001,16,1,-0.0,1.0,0.0028,7711.72,5494.6,0.8619,80,57,0.3896,0.7431,0.2802,0.0236,0.351,8,5,0,1,0,0,1.3935,96.4,20.56,138.02,8633.48,6494.14,0,0.0,0.5832,0,0
2026-09-09T15:04:44.311796+00:00,bruteforce_ftp_v1,bruteforce_ftp_v1__run_001,initial_access,T1110.001,21,1,-0.0,0.9991,0.0226,7739.12,7554.86,0.841,84,82,0.1862,0.5559,0.3135,0.0316,0.4082,10,7,0,2,1,0,1.0195,92.13,29.57,153.41,9054.44,6397.54,0,0.0125,0.9999,0,0
2026-09-09T15:04:49.311796+00:00,bruteforce_ftp_v1,bruteforce_ftp_v1__run_001,initial_access,T1110.001,17,1,-0.0,0.951,0.0578,17357.08,18656.54,0.8479,187,201,0.1659,0.3443,0.3294,0.037,0.4403,8,5,0,2,1,0,0.9261,92.82,21.58,131.11,6273.57,7251.79,0,0.0,1.0892,0,0
2026-09-09T15:04:54.311796+00:00,bruteforce_ftp_v1,bruteforce_ftp_v1__run_001,initial_access,T1110.001,15,1,-0.0,0.9537,0.0303,7407.39,5728.38,0.8862,75,58,0.3361,0.7705,0.3261,0.0438,0.4576,7,5,0,1,0,0,1.2745,98.77,32.41,168.23,8460.7,8361.98,0,0.0789,0.3749,0,0
2026-09-09T15:04:59.311796+00:00,bruteforce_ftp_v1,bruteforce_ftp_v1__run_001,initial_access,T1110.001,21,1,-0.0,1.0,0.0111,16917.36,18729.94,0.8183,168,186,0.2814,0.57,0.2555,0.0352,0.3612,10,7,1,2,1,0,0.903,100.7,30.58,160.82,8666.99,9152.5,0,0.0,1.3765,0,0
2026-09-09T15:05:04.311796+00:00,bruteforce_ftp_v1,bruteforce_ftp_v1__run_001,initial_access,T1110.001,18,1,-0.0,0.9863,0.0,7198.61,5598.92,0.7458,72,56,0.1768,0.3178,0.3021,0.0382,0.4167,9,6,0,2,1,0,1.2774,99.98,28.39,166.07,9151.47,7609.97,0,0.022,0.5153,0,0
2026-09-09T15:05:09.311796+00:00,bruteforce_ftp_v1,bruteforce_ftp_v1__run_001,initial_access,T1110.001,20,1,-0.0,0.9723,0.0393,9090.64,10090.61,0.8892,100,111,0.1949,0.3514,0.2677,0.027,0.3487,9,6,1,2,1,0,0.8968,90.91,17.98,123.55,7454.42,7578.43,0,0.0294,1.2201,0,0
2026-09-09T15:05:14.311796+00:00,bruteforce_ftp_v1,bruteforce_ftp_v1__run_001,initial_access,T1110.001,10,1,-0.0,0.9543,0.0406,9528.14,7431.95,0.8325,100,78,0.194,0.4931,0.3582,0.0449,0.493,5,3,0,1,0,0,1.2668,95.28,40.58,172.47,8534.13,8271.08,0,0.0,1.4081,0,0
2026-09-09T15:05:19.311796+00:00,bruteforce_ftp_v1,bruteforce_ftp_v1__run_001,initial_access,T1110.001,19,1,-0.0,0.9892,0.0054,13158.48,11971.25,0.8218,133,121,0.3696,0.9623,0.3485,0.0375,0.4609,9,6,0,1,1,0,1.0961,98.94,31.92,181.79,6658.06,6424.49,0,0.0195,0.233,0,2
2026-09-09T15:05:24.311796+00:00,bruteforce_ftp_v1,bruteforce_ftp_v1__run_001,initial_access,T1110.001,19,1,-0.0,0.9426,0.0403,7643.12,5531.21,0.842,76,55,0.2178,0.3286,0.2236,0.0117,0.2586,9,5,0,2,2,0,1.3719,100.57,30.21,164.48,9228.18,8465.54,1,0.0039,1.4397,0,0
2026-09-09T15:05:29.311796+00:00,bruteforce_ftp_v1,bruteforce_ftp_v1__run_001,initial_access,T1110.001,17,1,-0.0,1.0,0.0301,1837.94,2486.63,0.8213,17,23,0.3071,0.559,0.3175,0.0419,0.4432,8,6,0,2,1,0,0.7303,108.11,24.7,164.43,8524.87,8327.84,0,0.0,2.1056,0,2
2026-09-09T15:05:34.311796+00:00,bruteforce_ftp_v1,bruteforce_ftp_v1__run_001,initial_access,T1110.001,17,1,-0.0,0.995,0.0566,6638.65,6541.03,0.8282,68,67,0.3379,0.9137,0.4347,0.0489,0.5813,8,5,0,1,1,0,1.0018,97.63,31.04,161.62,9063.97,8204.77,0,0.0235,1.2704,0,0
2026-09-09T15:05:39.311796+00:00,bruteforce_ftp_v1,bruteforce_ftp_v1__run_001,initial_access,T1110.001,17,1,-0.0,1.0,0.0,6832.65,5325.45,0.8442,68,53,0.2165,0.3705,0.2279,0.0325,0.3253,8,6,0,1,1,0,1.2791,100.48,35.26,181.37,8063.85,7100.77,0,0.0347,2.2361,0,1
2026-09-09T15:05:44.311796+00:00,bruteforce_ftp_v1,bruteforce_ftp_v1__run_001,initial_access,T1110.001,21,1,-0.0,0.9808,0.0171,11019.9,12384.27,0.794,105,118,0.1356,0.167,0.2177,0.0189,0.2746,10,7,0,2,1,0,0.8848,104.95,29.92,177.35,7306.13,10033.25,0,0.0,0.5007,0,0
2026-09-09T15:05:49.311796+00:00,bruteforce_ftp_v1,bruteforce_ftp_v1__run_001,initial_access,T1110.001,14,1,-0.0,1.0,0.0098,6475.73,5828.16,0.9139,70,63,0.4415,0.966,0.313,0.0454,0.4491,7,5,0,1,0,0,1.1072,92.51,27.27,136.61,8761.5,9062.05,0,0.0093,0.5121,0,0
2026-09-09T15:05:54.311796+00:00,bruteforce_ftp_v1,bruteforce_ftp_v1__run_001,initial_access,T1110.001,17,1,-0.0,0.9671,0.0513,11087.07,8043.56,0.8266,102,74,0.2367,0.6939,0.276,0.0331,0.3753,8,6,0,1,1,0,1.3617,108.7,21.32,150.88,8263.78,8751.8,0,0.0735,1.2377,0,2
2026-09-09T15:05:59.311796+00:00,bruteforce_ftp_v1,bruteforce_ftp_v1__run_001,initial_access,T1110.001,16,1,-0.0,1.0,0.0,7331.48,8064.63,0.9132,80,88,0.3544,0.9001,0.3152,0.0219,0.3808,8,5,0,1,1,0,0.9001,91.64,24.2,142.03,8523.69,6937.68,0,0.0461,1.9326,0,1
2026-09-09T15:06:04.311796+00:00,bruteforce_ftp_v1,bruteforce_ftp_v1__run_001,initial_access,T1110.001,19,1,-0.0,1.0,0.0,14326.4,10987.17,0.8501,133,102,0.3951,1.0878,0.359,0.0222,0.4255,9,6,1,1,1,0,1.3023,107.72,28.7,177.35,8264.56,8580.66,0,0.0072,1.1951,0,0
2026-09-09T15:06:09.311796+00:00,bruteforce_ftp_v1,bruteforce_ftp_v1__run_001,initial_access,T1110.001,20,1,-0.0,1.0,0.029,7618.3,5904.18,0.8324,80,62,0.3254,0.627,0.2781,0.0328,0.3764,9,7,0,2,2,0,1.2745,95.23,25.65,175.86,9150.1,8594.38,1,0.0,0.7855,0,1
2026-09-09T15:06:14.311796+00:00,bruteforce_ftp_v1,bruteforce_ftp_v1__run_001,initial_access,T1110.001,20,1,-0.0,1.0,0.0047,5194.59,8224.76,0.7905,60,95,0.3924,0.5216,0.3011,0.0417,0.4262,10,7,1,2,1,0,0.6253,86.58,20.82,130.79,8153.39,8991.28,0,0.0,1.5649,0,0
2026-09-09T15:06:19.311796+00:00,bruteforce_ftp_v1,bruteforce_ftp_v1__run_001,initial_access,T1110.001,18,1,-0.0,0.9804,0.0184,9001.23,7584.37,0.8772,108,91,0.371,0.4532,0.2698,0.0329,0.3684,9,6,1,1,1,0,1.1774,83.34,21.68,139.37,7669.34,8528.73,0,0.0532,1.1827,0,0
2026-09-09T15:06:24.311796+00:00,bruteforce_ftp_v1,bruteforce_ftp_v1__run_001,initial_access,T1110.001,15,1,-0.0,0.9788,0.0,14892.72,11814.89,0.8404,150,119,0.2494,0.6514,0.2365,0.0219,0.302,7,5,0,1,1,0,1.2534,99.28,21.35,137.94,6412.93,8241.38,0,0.0266,0.1419,0,0
2026-09-09T15:06:29.311796+00:00,bruteforce_ftp_v1,bruteforce_ftp_v1__run_001,initial_access,T1110.001,19,1,-0.0,0.9824,0.0,23948.3,29305.15,0.7451,228,279,0.2245,0.6117,0.2214,0.0173,0.2733,9,5,0,1,1,0,0.8151,105.04,48.47,215.56,8232.25,8070.2,0,0.0,0.5836,0,0
2026-09-09T15:06:34.311796+00:00,bruteforce_ftp_v1,bruteforce_ftp_v1__run_001,initial_access,T1110.001,11,1,-0.0,1.0,0.0078,3401.54,3504.61,0.9338,33,34,0.3962,1.137,0.3282,0.0303,0.4191,5,3,0,1,0,0,0.9447,103.08,37.76,207.04,9050.66,8233.37,0,0.0,0.2863,0,1
2026-09-09T15:06:39.311796+00:00,bruteforce_ftp_v1,bruteforce_ftp_v1__run_001,initial_access,T1110.001,12,1,-0.0,0.979,0.0436,4463.59,3626.67,0.8676,48,39,0.3644,0.7844,0.318,0.0403,0.4389,5,4,0,1,1,0,1.2279,92.99,20.07,131.2,8321.44,7491.43,0,0.0653,0.9051,0,0
2026-09-09T15:06:44.311796+00:00,bruteforce_ftp_v1,bruteforce_ftp_v1__run_001,initial_access,T1110.001,14,1,-0.0,0.9695,0.0543,7286.22,7546.44,0.8415,84,87,0.1457,0.2251,0.2982,0.0357,0.4053,6,4,0,1,1,0,0.9643,86.74,22.46,124.31,6706.59,9635.05,0,0.0,0.6875,0,1
2026-09-09T15:06:49.311796+00:00,bruteforce_ftp_v1,bruteforce_ftp_v1__run_001,initial_access,T1110.001,14,1,-0.0,1.0,0.0,12483.29,13573.1,0.8918,126,137,0.2063,0.4643,0.2811,0.0203,0.3422,7,4,0,2,1,0,0.9187,99.07,35.44,179.95,7904.95,9731.16,0,0.0101,1.0822,0,0
2026-09-09T15:06:54.311796+00:00,bruteforce_ftp_v1,bruteforce_ftp_v1__run_001,initial_access,T1110.001,26,1,-0.0,1.0,0.0,8384.93,9137.42,0.8664,78,85,0.2625,0.7738,0.2725,0.0147,0.3164,13,8,0,2,0,0,0.9083,107.5,39.56,216.43,7063.45,7650.99,0,0.0,1.3405,0,0
2026-09-09T15:06:59.311796+00:00,bruteforce_ftp_v1,bruteforce_ftp_v1__run_001,initial_access,T1110.001,13,1,-0.0,1.0,0.0,3656.81,3094.22,0.8809,39,33,0.4054,0.7898,0.2313,0.0116,0.2662,6,4,0,1,1,0,1.1534,93.76,31.6,165.38,8142.78,6466.64,0,0.0127,1.2514,0,1
2026-09-09T15:07:04.311796+00:00,bruteforce_ftp_v1,bruteforce_ftp_v1__run_001,initial_access,T1110.001,20,1,-0.0,1.0,0.0,7512.91,6104.24,0.8881,80,65,0.2948,0.3835,0.2714,0.0253,0.3472,9,6,0,1,1,0,1.2288,93.91,25.02,170.36,9118.93,8383.03,0,0.0262,1.1066,0,0
2026-09-09T15:07:09.311796+00:00,bruteforce_ftp_v1,bruteforce_ftp_v1__run_001,initial_access,T1110.001,14,1,-0.0,1.0,0.0,6041.45,4315.32,0.9106,56,40,0.3819,0.596,0.2437,0.0138,0.2851,7,4,0,0,1,0,1.3817,107.88,37.57,224.39,9391.8,9447.41,0,0.0272,1.3425,0,2
2026-09-09T15:07:14.311796+00:00,bruteforce_ftp_v1,bruteforce_ftp_v1__run_001,initial_access,T1110.001,12,1,-0.0,1.0,0.0171,3646.37,2937.36,0.8771,36,29,0.3109,0.4325,0.2561,0.0289,0.3428,6,3,0,1,0,0,1.2408,101.29,35.53,192.11,9715.02,7608.82,0,0.0623,1.2979,0,0
2026-09-09T15:07:19.311796+00:00,bruteforce_ftp_v1,bruteforce_ftp_v1__run_001,initial_access,T1110.001,12,1,-0.0,1.0,0.0015,6314.77,5683.29,0.8324,60,54,0.1657,0.2089,0.2954,0.0218,0.361,6,4,0,1,1,0,1.1075,105.25,21.48,143.58,8701.53,6390.62,0,0.0047,0.87,0,0
2026-09-09T15:07:24.311796+00:00,bruteforce_ftp_v1,bruteforce_ftp_v1__run_001,initial_access,T1110.001,13,1,-0.0,0.9537,0.0152,13726.68,12766.77,0.823,143,133,0.1676,0.2234,0.3131,0.0375,0.4255,6,4,0,0,0,0,1.0698,95.99,26.1,163.61,7847.42,9961.69,0,0.0546,0.0474,0,0
2026-09-09T15:07:29.311796+00:00,bruteforce_ftp_v1,bruteforce_ftp_v1__run_001,initial_access,T1110.001,13,1,-0.0,0.982,0.0,15207.85,12336.44,0.7088,143,116,0.2873,0.6126,0.2759,0.0379,0.3897,5,4,0,1,1,0,1.2271,106.35,26.53,160.12,7877.41,7748.39,0,0.0,1.0868,0,0
2026-09-09T15:07:34.311796+00:00,bruteforce_ftp_v1,bruteforce_ftp_v1__run_001,initial_access,T1110.001,16,1,-0.0,1.0,0.0,16792.45,17937.39,0.8403,176,188,0.3445,0.7534,0.291,0.0195,0.3495,7,5,0,1,1,0,0.9337,95.41,22.75,158.54,7313.6,8877.59,0,0.0486,0.3063,0,0
2026-09-09T15:07:39.311796+00:00,bruteforce_ftp_v1,bruteforce_ftp_v1__run_001,initial_access,T1110.001,18,1,-0.0,0.9891,0.011,11177.06,13557.36,0.899,108,131,0.2339,0.4911,0.3343,0.0321,0.4307,8,6,0,2,0,0,0.8213,103.49,42.23,256.98,9629.75,7474.72,0,0.0,1.8875,0,1
2026-09-09T15:07:44.311796+00:00,bruteforce_ftp_v1,bruteforce_ftp_v1__run_001,initial_access,T1110.001,15,1,-0.0,0.9813,0.031,5848.51,5458.61,0.8262,60,56,0.2074,0.5444,0.3022,0.0439,0.434,7,5,0,1,1,0,1.0627,97.48,24.63,135.71,8475.03,10397.95,0,0.0249,1.0316,0,0
2026-09-09T15:07:49.311796+00:00,bruteforce_ftp_v1,bruteforce_ftp_v1__run_001,initial_access,T1110.001,12,1,-0.0,0.9813,0.0154,3384.53,2350.37,0.8796,36,25,0.3306,0.9259,0.2328,0.0226,0.3007,5,4,0,1,1,0,1.4227,94.01,26.4,159.91,6784.28,9681.25,0,0.0173,0.5683,0,0
2026-09-09T15:07:54.311796+00:00,bruteforce_ftp_v1,bruteforce_ftp_v1__run_001,initial_access,T1110.001,13,1,-0.0,1.0,0.0206,8904.66,8048.45,0.8374,104,94,0.2269,0.5679,0.3301,0.0439,0.4618,6,4,0,1,1,0,1.1024,85.62,26.89,146.0,8993.61,8324.12,0,0.0,1.5713,0,0
2026-09-09T15:07:59.311796+00:00,bruteforce_ftp_v1,bruteforce_ftp_v1__run_001,initial_access,T1110.001,21,1,-0.0,1.0,0.0033,15425.02,12486.92,0.8689,147,119,0.367,0.7922,0.3059,0.0308,0.3983,10,7,0,2,1,0,1.2289,104.93,42.8,227.73,8673.9,7324.15,0,0.0058,0.0,0,1
2026-09-09T15:08:04.311796+00:00,bruteforce_ftp_v1,bruteforce_ftp_v1__run_001,initial_access,T1110.001,15,1,-0.0,0.9708,0.0,4457.69,5151.1,0.857,45,52,0.1509,0.2698,0.2977,0.0261,0.3762,7,5,0,1,0,0,0.8499,99.06,18.68,134.08,7714.67,7256.17,0,0.0,0.8841,0,1
2026-09-09T15:08:09.311796+00:00,bruteforce_ftp_v1,bruteforce_ftp_v1__run_001,initial_access,T1110.001,21,1,-0.0,1.0,0.0014,7467.89,5334.21,0.79,84,60,0.2021,0.3995,0.2831,0.0203,0.3441,11,6,1,2,1,0,1.3954,88.9,22.28,136.17,8147.3,8379.65,0,0.0658,1.4747,0,1
2026-09-09T15:08:14.311796+00:00,bruteforce_ftp_v1,bruteforce_ftp_v1__run_001,initial_access,T1110.001,19,1,-0.0,1.0,0.0177,10982.29,10404.27,0.8535,114,108,0.2486,0.5414,0.2694,0.0271,0.3507,8,6,1,2,0,0,1.0469,96.34,30.13,171.25,8459.55,8604.47,0,0.0368,1.0609,0,1
2026-09-09T15:08:19.311796+00:00,bruteforce_ftp_v1,bruteforce_ftp_v1__run_001,initial_access,T1110.001,29,1,-0.0,0.9362,0.0707,36723.13,40911.71,0.882,377,420,0.3591,0.4633,0.2678,0.0368,0.3782,13,9,0,2,1,0,0.897,97.41,32.7,179.73,9271.96,8375.65,0,0.0334,1.8424,0,0
2026-09-09T15:08:24.311796+00:00,bruteforce_ftp_v1,bruteforce_ftp_v1__run_001,initial_access,T1110.001,18,1,-0.0,0.9822,0.0203,12114.29,11525.4,0.7915,144,137,0.4065,0.5769,0.2815,0.0413,0.4055,8,6,0,1,2,0,1.0454,84.13,21.11,124.21,6929.51,7817.21,1,0.0,0.3987,0,0
2026-09-09T15:08:29.311796+00:00,bruteforce_ftp_v1,bruteforce_ftp_v1__run_001,initial_access,T1110.001,14,1,-0.0,1.0,0.0,7444.25,6061.74,0.8691,70,57,0.2019,0.4798,0.2813,0.0175,0.3339,7,4,0,1,1,0,1.2136,106.35,23.41,164.61,7831.94,7229.94,0,0.0327,0.7142,0,0
2026-09-09T15:08:34.311796+00:00,bruteforce_ftp_v1,bruteforce_ftp_v1__run_001,initial_access,T1110.001,14,1,-0.0,1.0,0.0,8558.71,7336.03,0.8767,98,84,0.1471,0.2838,0.2796,0.0148,0.324,7,4,1,1,1,0,1.1549,87.33,20.37,128.27,8764.4,7923.73,0,0.0081,1.5374,0,0
2026-09-09T15:08:39.311796+00:00,bruteforce_ftp_v1,bruteforce_ftp_v1__run_001,initial_access,T1110.001,23,1,-0.0,0.987,0.0219,8419.98,6131.94,0.8397,92,67,0.2845,0.428,0.3206,0.0458,0.4581,11,8,0,1,1,0,1.3604,91.52,27.42,154.43,10858.87,7610.98,0,0.0128,1.6314,0,0
2026-09-09T15:08:44.311796+00:00,bruteforce_ftp_v1,bruteforce_ftp_v1__run_001,initial_access,T1110.001,22,1,-0.0,1.0,0.0066,18909.18,16223.21,0.7899,176,151,0.2802,0.6559,0.296,0.015,0.3409,11,8,0,2,1,0,1.1596,107.44,33.16,193.33,5795.94,8235.68,0,0.0035,1.543,0,0
2026-09-09T15:08:49.311796+00:00,bruteforce_ftp_v1,bruteforce_ftp_v1__run_001,initial_access,T1110.001,26,1,-0.0,0.9952,0.0287,10109.8,8846.07,0.8528,104,91,0.4049,0.8207,0.287,0.0269,0.3675,12,10,1,2,2,0,1.1363,97.21,29.58,153.77,7548.29,7685.51,1,0.0316,1.02,0,2
2026-09-09T15:08:54.311796+00:00,bruteforce_ftp_v1,bruteforce_ftp_v1__run_001,initial_access,T1110.001,19,1,-0.0,1.0,0.059,8382.32,9154.37,0.8217,76,83,0.3764,0.8657,0.3061,0.0357,0.4133,9,6,1,2,1,0,0.9125,110.29,37.9,193.26,9109.29,7741.24,0,0.0343,0.9008,0,0
2026-09-09T15:08:59.311796+00:00,bruteforce_ftp_v1,bruteforce_ftp_v1__run_001,initial_access,T1110.001,18,1,-0.0,0.9749,0.0446,5690.95,5058.62,0.8208,54,48,0.3246,0.7261,0.2857,0.0248,0.3601,8,6,1,1,0,0,1.1164,105.39,27.93,152.2,7252.74,8641.42,0,0.0192,2.3187,0,1
2026-09-09T15:09:04.311796+00:00,bruteforce_ftp_v1,bruteforce_ftp_v1__run_001,initial_access,T1110.001,18,1,-0.0,0.9846,0.0206,10245.17,8158.19,0.8961,108,86,0.3054,0.4476,0.3026,0.0408,0.425,8,6,0,1,0,0,1.2487,94.86,20.94,131.66,9231.29,8002.46,0,0.0159,1.1909,0,0
2026-09-09T15:09:09.311796+00:00,bruteforce_ftp_v1,bruteforce_ftp_v1__run_001,initial_access,T1110.001,13,1,-0.0,0.9734,0.0109,7273.13,7273.13,0.8935,65,65,0.3554,0.7322,0.2723,0.0211,0.3355,6,4,1,1,0,0,0.993,111.89,30.45,174.5,8319.32,8008.08,0,0.031,0.5939,0,1
2026-09-09T15:09:14.311796+00:00,bruteforce_ftp_v1,bruteforce_ftp_v1__run_001,initial_access,T1110.001,19,1,-0.0,0.9784,0.0,10899.24,8222.24,0.8455,114,86,0.255,0.4287,0.234,0.0314,0.3281,9,6,0,1,1,0,1.3154,95.61,30.34,141.12,8816.39,7261.46,0,0.0,0.919,0,0
2026-09-09T15:09:19.311796+00:00,bruteforce_ftp_v1,bruteforce_ftp_v1__run_001,initial_access,T1110.001,8,1,-0.0,1.0,0.0,3405.66,3405.66,0.8952,32,32,0.2396,0.4889,0.3514,0.0444,0.4845,3,2,0,0,0,0,0.9995,106.43,18.59,130.53,9750.05,5498.17,0,0.0,1.4765,0,0
2026-09-09T15:09:24.311796+00:00,bruteforce_ftp_v1,bruteforce_ftp_v1__run_001,initial_access,T1110.001,20,1,-0.0,1.0,0.0,6265.51,5430.11,0.9259,60,52,0.4073,0.9138,0.3126,0.0429,0.4413,10,7,1,2,1,0,1.1353,104.43,24.88,154.17,6425.91,8677.23,0,0.0049,0.9968,0,2
2026-09-09T15:09:29.311796+00:00,bruteforce_ftp_v1,bruteforce_ftp_v1__run_001,initial_access,T1110.001,17,1,-0.0,1.0,0.0,13461.85,15045.6,0.8856,136,152,0.1438,0.2277,0.2404,0.0159,0.2882,8,6,0,1,0,0,0.8893,98.98,27.1,153.25,8632.85,8292.15,0,0.0694,1.9889,0,1
2026-09-09T15:09:34.311796+00:00,bruteforce_ftp_v1,bruteforce_ftp_v1__run_001,initial_access,T1110.001,17,1,-0.0,1.0,0.0,11287.43,8916.12,0.9568,119,94,0.3534,0.6571,0.267,0.0303,0.358,8,6,0,1,1,0,1.2642,94.85,28.95,172.6,8198.04,7540.77,0,0.0168,0.5613,0,0
2026-09-09T15:09:39.311796+00:00,bruteforce_ftp_v1,bruteforce_ftp_v1__run_001,initial_access,T1110.001,14,1,-0.0,1.0,0.0014,5803.85,4663.81,0.8684,56,45,0.3893,0.5534,0.3133,0.0256,0.3902,6,5,0,1,1,0,1.2362,103.64,22.87,165.71,8353.83,7949.45,0,0.01,0.8475,0,3
2026-09-09T15:09:44.311796+00:00,bruteforce_ftp_v1,bruteforce_ftp_v1__run_001,initial_access,T1110.001,18,1,-0.0,1.0,0.0,6722.85,5602.37,0.7693,72,60,0.3153,0.5662,0.277,0.0224,0.3442,8,6,1,1,1,0,1.1961,93.37,16.07,130.65,8829.29,7964.25,0,0.0031,0.5272,0,0
2026-09-09T15:09:49.311796+00:00,bruteforce_ftp_v1,bruteforce_ftp_v1__run_001,initial_access,T1110.001,20,1,-0.0,0.9711,0.0145,10593.02,9445.44,0.7824,120,107,0.4392,0.6693,0.3407,0.0235,0.4111,9,6,2,1,2,0,1.1196,88.28,25.47,171.08,8033.88,6546.68,1,0.0019,0.8885,0,0
2026-09-09T15:09:54.311796+00:00,bruteforce_ftp_v1,bruteforce_ftp_v1__run_001,initial_access,T1110.001,17,1,-0.0,0.9656,0.0491,7829.07,8013.28,0.9343,85,87,0.2043,0.3151,0.32,0.0281,0.4045,8,5,0,1,1,0,0.9702,92.11,24.18,138.72,9183.51,8075.77,0,0.0153,0.7143,0,0
2026-09-09T15:09:59.311796+00:00,bruteforce_ftp_v1,bruteforce_ftp_v1__run_001,initial_access,T1110.001,22,1,-0.0,1.0,0.0,8416.93,6408.35,0.7296,88,67,0.1381,0.1919,0.2885,0.0149,0.3332,11,7,1,2,1,0,1.3018,95.65,32.38,197.86,7494.96,8480.31,0,0.0,1.1206,0,0
2026-09-09T15:10:04.311796+00:00,bruteforce_ftp_v1,bruteforce_ftp_v1__run_001,initial_access,T1110.001,13,1,-0.0,0.9547,0.0726,12336.67,9371.13,0.811,104,79,0.2558,0.7624,0.282,0.0201,0.3424,6,4,0,0,1,0,1.3143,118.62,52.9,277.3,7513.58,7302.07,0,0.0392,1.0649,0,2
2026-09-09T15:10:09.311796+00:00,bruteforce_ftp_v1,bruteforce_ftp_v1__run_001,initial_access,T1110.001,12,1,-0.0,0.994,0.0124,4916.33,4199.36,0.8919,48,41,0.1435,0.3725,0.2897,0.015,0.3346,6,3,0,1,1,0,1.1602,102.42,28.27,158.42,7970.52,7609.07,0,0.0236,0.7151,0,0
2026-09-09T15:10:14.311796+00:00,bruteforce_ftp_v1,bruteforce_ftp_v1__run_001,initial_access,T1110.001,11,1,-0.0,1.0,0.0138,4124.49,3655.8,0.8291,44,39,0.1626,0.4444,0.2894,0.03,0.3795,5,3,0,1,1,0,1.1201,93.74,24.61,146.15,8794.27,7992.47,0,0.015,0.9399,0,1
2026-09-09T15:10:19.311796+00:00,bruteforce_ftp_v1,bruteforce_ftp_v1__run_001,initial_access,T1110.001,14,1,-0.0,0.9929,0.057,7786.73,6025.45,0.8716,84,65,0.3461,0.5116,0.2774,0.0253,0.3534,7,5,0,1,1,0,1.2741,92.7,21.34,121.36,9636.29,6526.64,0,0.0186,1.5439,0,0
2026-09-09T15:10:24.311796+00:00,bruteforce_ftp_v1,bruteforce_ftp_v1__run_001,initial_access,T1110.001,19,1,-0.0,1.0,0.0415,13683.77,16153.02,0.8161,133,157,0.235,0.6899,0.271,0.0183,0.3258,9,6,0,2,1,0,0.847,102.89,39.02,233.76,5877.27,6127.04,0,0.0494,0.6707,0,0
2026-09-09T15:10:29.311796+00:00,bruteforce_ftp_v1,bruteforce_ftp_v1__run_001,initial_access,T1110.001,12,1,-0.0,0.9659,0.048,8875.18,8029.92,0.8997,84,76,0.367,0.4897,0.2839,0.0196,0.3428,5,4,1,1,0,0,1.0916,105.66,27.19,144.96,9264.7,7199.56,0,0.0,0.8639,0,0
2026-09-09T15:10:34.311796+00:00,bruteforce_ftp_v1,bruteforce_ftp_v1__run_001,initial_access,T1110.001,10,1,-0.0,1.0,0.0,8846.84,8404.5,0.8337,80,76,0.1994,0.5022,0.3029,0.0355,0.4093,5,3,0,0,0,0,1.0434,110.59,41.53,188.3,8258.41,7626.79,0,0.0,0.6084,0,0
2026-09-09T15:10:39.311796+00:00,bruteforce_ftp_v1,bruteforce_ftp_v1__run_001,initial_access,T1110.001,21,1,-0.0,1.0,0.0,6194.68,5703.03,0.8456,63,58,0.3538,0.9289,0.286,0.0298,0.3755,10,6,1,1,2,0,1.0724,98.33,26.46,139.54,9346.64,8924.6,1,0.0406,0.9474,0,1
2026-09-09T15:10:44.311796+00:00,bruteforce_ftp_v1,bruteforce_ftp_v1__run_001,initial_access,T1110.001,18,1,-0.0,0.9745,0.035,8286.9,10588.82,0.8136,90,115,0.2555,0.5517,0.2527,0.0202,0.3134,8,6,0,2,2,0,0.7788,92.08,29.32,151.21,8249.39,8737.32,1,0.0,1.3101,0,0
2026-09-09T15:10:49.311796+00:00,bruteforce_ftp_v1,bruteforce_ftp_v1__run_001,initial_access,T1110.001,21,1,-0.0,0.9942,0.0,8872.95,9084.21,0.8782,84,86,0.2694,0.4844,0.3031,0.0203,0.364,10,6,0,2,0,0,0.9666,105.63,38.98,187.36,9874.52,7226.14,0,0.0512,1.3556,0,0
2026-09-09T15:10:54.311796+00:00,bruteforce_ftp_v1,bruteforce_ftp_v1__run_001,initial_access,T1110.001,17,1,-0.0,0.9803,0.0334,6782.33,4488.31,0.8396,68,45,0.3268,0.4955,0.305,0.0301,0.3955,8,5,1,2,1,0,1.4869,99.74,24.83,154.62,9251.72,10339.01,0,0.0163,0.9419,0,1
2026-09-09T15:10:59.311796+00:00,bruteforce_ftp_v1,bruteforce_ftp_v1__run_001,initial_access,T1110.001,18,1,-0.0,1.0,0.0176,11226.38,9147.42,0.8606,108,88,0.3517,0.9309,0.284,0.0322,0.3805,9,6,0,2,1,0,1.2251,103.95,37.94,181.43,6438.18,7891.8,0,0.0,1.7559,0,1
2026-09-09T15:11:04.311796+00:00,bruteforce_ftp_v1,bruteforce_ftp_v1__run_001,initial_access,T1110.001,21,1,-0.0,1.0,0.016,13091.01,11933.31,0.8457,147,134,0.3488,0.4428,0.2567,0.0131,0.296,10,7,1,2,1,0,1.0947,89.05,18.62,117.98,7475.42,8806.18,0,0.0203,0.6739,0,2
2026-09-09T15:11:09.311796+00:00,bruteforce_ftp_v1,bruteforce_ftp_v1__run_001,initial_access,T1110.001,25,1,-0.0,1.0,0.0173,20840.26,16255.4,0.9099,200,156,0.2336,0.6646,0.3026,0.0315,0.3972,12,8,1,3,1,0,1.2798,104.2,39.78,202.9,6989.95,6666.15,0,0.0236,2.2578,0,0
2026-09-09T15:11:14.311796+00:00,bruteforce_ftp_v1,bruteforce_ftp_v1__run_001,initial_access,T1110.001,10,1,-0.0,0.9402,0.0882,2556.37,2641.58,0.7644,30,31,0.2226,0.4732,0.3719,0.0523,0.5288,4,3,0,0,0,0,0.9604,85.21,17.65,115.43,4988.78,9977.23,0,0.005,0.9052,0,0
2026-09-09T15:11:19.311796+00:00,bruteforce_ftp_v1,bruteforce_ftp_v1__run_001,initial_access,T1110.001,20,1,-0.0,1.0,0.0,8242.2,7211.92,0.8706,80,70,0.1957,0.5394,0.3072,0.0314,0.4015,10,7,1,2,1,0,1.1353,103.03,24.29,138.92,6576.58,8776.55,0,0.0,0.7166,0,0
2026-09-09T15:11:24.311796+00:00,bruteforce_ftp_v1,bruteforce_ftp_v1__run_001,initial_access,T1110.001,21,1,-0.0,1.0,0.0,20611.24,17339.61,0.8019,189,159,0.1492,0.2632,0.2538,0.0162,0.3022,10,7,0,2,1,0,1.1879,109.05,27.36,161.17,7475.83,7264.4,0,0.0352,0.6666,0,0
2026-09-09T15:11:29.311796+00:00,bruteforce_ftp_v1,bruteforce_ftp_v1__run_001,initial_access,T1110.001,19,1,-0.0,1.0,0.0,13014.71,9785.49,0.8476,133,100,0.25,0.444,0.3496,0.019,0.4065,10,6,0,1,1,0,1.3202,97.85,26.44,157.17,9289.29,8705.06,0,0.0385,0.9918,0,1
2026-09-09T15:11:34.311796+00:00,bruteforce_ftp_v1,bruteforce_ftp_v1__run_001,initial_access,T1110.001,22,1,-0.0,1.0,0.0,9357.44,9570.11,0.8224,88,90,0.3717,0.8656,0.2669,0.0182,0.3215,10,7,1,2,2,0,0.9753,106.33,24.5,152.98,6552.72,7954.11,1,0.0,1.4392,0,0
2026-09-09T15:11:39.311796+00:00,bruteforce_ftp_v1,bruteforce_ftp_v1__run_001,initial_access,T1110.001,10,1,-0.0,1.0,0.0093,6469.08,6857.22,0.8864,50,53,0.3479,0.5381,0.3107,0.0259,0.3883,5,3,0,1,0,0,0.9327,129.38,46.86,228.69,7524.07,8046.66,0,0.0254,0.6507,0,0
2026-09-09T15:11:44.311796+00:00,bruteforce_ftp_v1,bruteforce_ftp_v1__run_001,initial_access,T1110.001,11,1,-0.0,0.9471,0.0583,7547.18,9311.46,0.8436,77,95,0.4354,0.6531,0.3161,0.03,0.4061,5,3,0,0,1,0,0.8042,98.02,18.79,138.44,7555.43,9199.14,0,0.0117,0.4618,0,0
2026-09-09T15:11:49.311796+00:00,bruteforce_ftp_v1,bruteforce_ftp_v1__run_001,initial_access,T1110.001,20,1,-0.0,1.0,0.0,7997.15,7997.15,0.7737,80,80,0.1937,0.3795,0.3221,0.0243,0.3949,10,7,1,2,1,0,0.993,99.96,25.13,163.27,7354.5,9411.82,0,0.0611,1.2404,0,1
2026-09-09T15:11:54.311796+00:00,bruteforce_ftp_v1,bruteforce_ftp_v1__run_001,initial_access,T1110.001,17,1,-0.0,1.0,0.0216,10535.92,10845.8,0.8309,102,105,0.2636,0.549,0.2592,0.0373,0.3712,8,6,0,1,0,0,0.9655,103.29,21.31,143.83,7858.53,8771.39,0,0.0089,0.4016,0,2
2026-09-09T15:11:59.311796+00:00,bruteforce_ftp_v1,bruteforce_ftp_v1__run_001,initial_access,T1110.001,18,1,-0.0,1.0,0.0,14193.67,10053.85,0.7982,144,102,0.357,0.9269,0.2832,0.0281,0.3675,8,7,0,1,1,0,1.4002,98.57,20.58,125.66,6684.55,7239.75,0,0.0,1.1914,0,0
2026-09-09T15:12:04.311796+00:00,bruteforce_ftp_v1,bruteforce_ftp_v1__run_001,initial_access,T1110.001,17,1,-0.0,0.9983,0.0081,6452.72,5598.68,0.893,68,59,0.2302,0.4167,0.2037,0.0144,0.247,8,5,0,1,0,0,1.1433,94.89,35.34,196.12,6976.84,7306.14,0,0.0,0.7132,0,0
2026-09-09T15:12:09.311796+00:00,bruteforce_ftp_v1,bruteforce_ftp_v1__run_001,initial_access,T1110.001,18,1,-0.0,1.0,0.0,11245.62,12286.88,0.8625,108,118,0.216,0.3155,0.2548,0.017,0.3059,8,6,0,1,1,0,0.9107,104.13,29.55,159.39,8457.69,8118.79,0,0.0,0.9903,0,3
2026-09-09T15:12:14.311796+00:00,bruteforce_ftp_v1,bruteforce_ftp_v1__run_001,initial_access,T1110.001,18,1,-0.0,1.0,0.0102,9278.34,7216.49,0.8619,108,84,0.165,0.2896,0.2902,0.0246,0.3641,9,5,0,1,1,0,1.2796,85.91,20.87,117.03,7368.23,7833.48,0,0.0,0.7115,0,1
2026-09-09T15:12:19.311796+00:00,bruteforce_ftp_v1,bruteforce_ftp_v1__run_001,initial_access,T1110.001,23,1,-0.0,1.0,0.0347,18166.26,15105.64,0.8341,184,153,0.3368,0.8185,0.2788,0.0212,0.3423,11,8,1,2,1,0,1.1986,98.73,32.9,199.62,7404.21,9385.83,0,0.0218,1.0179,0,0
2026-09-09T15:12:24.311796+00:00,bruteforce_ftp_v1,bruteforce_ftp_v1__run_001,initial_access,T1110.001,20,1,-0.0,1.0,0.0,7422.61,5103.04,0.8795,80,55,0.382,0.6373,0.2759,0.0244,0.3491,10,7,1,2,1,0,1.4402,92.78,22.21,147.68,9383.47,7047.92,0,0.0036,1.7931,0,0
2026-09-09T15:12:29.311796+00:00,bruteforce_ftp_v1,bruteforce_ftp_v1__run_001,initial_access,T1110.001,17,1,-0.0,0.9625,0.0564,8055.78,6918.49,0.8728,85,73,0.3036,0.7861,0.297,0.0219,0.3627,8,5,0,1,1,0,1.1494,94.77,25.17,137.67,10332.91,7633.84,0,0.0008,0.7399,0,0
2026-09-09T15:12:34.311796+00:00,bruteforce_ftp_v1,bruteforce_ftp_v1__run_001,initial_access,T1110.001,16,1,-0.0,0.98,0.0431,10412.2,7344.32,0.8579,112,79,0.319,0.8564,0.2859,0.016,0.3339,8,5,0,1,0,0,1.4165,92.97,14.91,119.45,6891.56,8732.68,0,0.0427,1.1289,0,0
2026-09-09T15:12:39.311796+00:00,bruteforce_ftp_v1,bruteforce_ftp_v1__run_001,initial_access,T1110.001,12,1,-0.0,1.0,0.0,10902.41,8290.37,0.8945,96,73,0.3938,1.1225,0.2783,0.0241,0.3506,6,4,0,1,1,0,1.3142,113.57,62.0,300.73,8714.99,9723.57,0,0.0,1.6486,0,0
2026-09-09T15:12:44.311796+00:00,bruteforce_ftp_v1,bruteforce_ftp_v1__run_001,initial_access,T1110.001,16,1,-0.0,1.0,0.0599,15199.69,12444.75,0.8309,160,131,0.2827,0.5491,0.3201,0.0214,0.3843,7,5,0,1,0,0,1.2132,95.0,25.29,165.81,8072.44,8897.34,0,0.0,1.2318,0,0
2026-09-09T15:12:49.311796+00:00,bruteforce_ftp_v1,bruteforce_ftp_v1__run_001,initial_access,T1110.001,14,1,-0.0,0.9605,0.0413,3069.54,3836.92,0.8546,28,35,0.2441,0.2947,0.3331,0.0273,0.4149,7,4,1,1,0,0,0.7849,109.63,23.25,161.55,7319.89,8933.34,0,0.0791,0.2732,0,0
2026-09-09T15:12:54.311796+00:00,bruteforce_ftp_v1,bruteforce_ftp_v1__run_001,initial_access,T1110.001,19,1,-0.0,0.9991,0.0,10937.36,8059.11,0.8315,114,84,0.2362,0.4117,0.33,0.0255,0.4065,9,6,0,1,1,0,1.3479,95.94,24.49,156.78,9329.9,8867.74,0,0.0,1.9041,0,2
2026-09-09T15:12:59.311796+00:00,bruteforce_ftp_v1,bruteforce_ftp_v1__run_001,initial_access,T1110.001,16,1,-0.0,0.9849,0.008,10087.03,12969.04,0.8756,112,144,0.3519,0.8638,0.3119,0.0383,0.4268,7,5,0,1,1,0,0.776,90.06,19.21,121.99,8117.8,8907.25,0,0.0199,0.4922,0,1
2026-09-09T15:13:04.311796+00:00,bruteforce_ftp_v1,bruteforce_ftp_v1__run_001,initial_access,T1110.001,13,1,-0.0,1.0,0.0,9909.2,8711.39,0.8474,91,80,0.2902,0.6208,0.2308,0.0133,0.2707,6,4,1,1,1,0,1.1365,108.89,28.93,173.25,8693.81,7714.54,0,0.0,0.8672,0,1
2026-09-09T15:13:09.311796+00:00,bruteforce_ftp_v1,bruteforce_ftp_v1__run_001,initial_access,T1110.001,24,1,-0.0,1.0,0.0209,16399.52,12885.34,0.889,168,132,0.3748,1.0787,0.2698,0.0263,0.3487,11,8,1,2,1,0,1.2664,97.62,30.98,156.74,6769.31,7877.36,0,0.0186,1.2237,0,0
2026-09-09T15:13:14.311796+00:00,bruteforce_ftp_v1,bruteforce_ftp_v1__run_001,initial_access,T1110.001,19,1,-0.0,1.0,0.044,21583.9,21480.63,0.8413,209,208,0.2952,0.4935,0.2865,0.0299,0.3763,9,7,1,2,1,0,1.0022,103.27,33.09,160.71,8885.61,7689.05,0,0.0,1.9781,0,0
2026-09-09T15:13:19.311796+00:00,bruteforce_ftp_v1,bruteforce_ftp_v1__run_001,initial_access,T1110.001,16,1,-0.0,1.0,0.0,9172.79,8026.19,0.8367,96,84,0.2495,0.4319,0.2862,0.0294,0.3745,7,5,0,1,0,0,1.1299,95.55,29.43,157.07,8660.62,9580.81,0,0.0268,1.3476,0,2
2026-09-09T15:13:24.311796+00:00,bruteforce_ftp_v1,bruteforce_ftp_v1__run_001,initial_access,T1110.001,23,1,-0.0,1.0,0.0437,7366.63,8434.25,0.8478,69,79,0.3493,0.7102,0.2719,0.0324,0.369,11,8,0,2,2,0,0.8695,106.76,31.69,184.3,8501.9,8397.14,1,0.0346,0.0,0,0
2026-09-09T15:13:29.311796+00:00,bruteforce_ftp_v1,bruteforce_ftp_v1__run_001,initial_access,T1110.001,20,1,-0.0,0.9757,0.0227,6264.77,7830.96,0.8383,60,75,0.4082,0.8505,0.2687,0.0277,0.3518,10,6,0,2,1,0,0.7949,104.41,37.79,187.05,8507.22,7727.56,0,0.0298,0.9784,0,0
2026-09-09T15:13:34.311796+00:00,bruteforce_ftp_v1,bruteforce_ftp_v1__run_001,initial_access,T1110.001,13,1,-0.0,0.9829,0.0469,13528.12,9469.68,0.8806,130,91,0.4591,0.6563,0.3467,0.0242,0.4194,6,4,0,1,1,0,1.4163,104.06,34.33,167.34,8653.12,8047.61,0,0.0213,0.5474,0,0
2026-09-09T15:13:39.311796+00:00,bruteforce_ftp_v1,bruteforce_ftp_v1__run_001,initial_access,T1110.001,16,1,-0.0,0.9585,0.003,9094.35,8241.75,0.8562,96,87,0.209,0.4462,0.2587,0.0297,0.3479,8,5,0,1,1,0,1.0996,94.73,17.86,131.38,8495.21,8470.61,0,0.0106,0.6944,0,1
2026-09-09T15:13:44.311796+00:00,bruteforce_ftp_v1,bruteforce_ftp_v1__run_001,initial_access,T1110.001,18,1,-0.0,1.0,0.0,3852.49,3210.41,0.8747,36,30,0.315,0.5553,0.3093,0.0238,0.3807,8,6,1,1,1,0,1.1617,107.01,26.82,166.1,9517.92,9036.39,0,0.0315,0.8884,0,1
2026-09-09T15:13:49.311796+00:00,bruteforce_ftp_v1,bruteforce_ftp_v1__run_001,initial_access,T1110.001,20,1,-0.0,1.0,0.0067,11829.32,12125.05,0.8393,120,123,0.167,0.3008,0.2394,0.0355,0.3458,10,7,1,2,1,0,0.9688,98.58,31.38,170.11,8095.76,7061.26,0,0.0429,1.7153,0,2
2026-09-09T15:13:54.311796+00:00,bruteforce_ftp_v1,bruteforce_ftp_v1__run_001,initial_access,T1110.001,17,1,-0.0,0.9814,0.0105,9150.86,7858.97,0.8741,85,73,0.1686,0.4422,0.2427,0.0153,0.2885,8,6,0,1,1,0,1.1493,107.66,23.39,155.81,8437.67,8198.58,0,0.0171,2.0563,0,0
2026-09-09T15:13:59.311796+00:00,bruteforce_ftp_v1,bruteforce_ftp_v1__run_001,initial_access,T1110.001,12,1,-0.0,1.0,0.0093,9260.41,10473.09,0.7883,84,95,0.2691,0.5872,0.272,0.0209,0.3348,5,3,0,1,1,0,0.8779,110.24,30.5,169.58,8018.23,8116.27,0,0.0,0.798,0,1
2026-09-09T15:14:04.311796+00:00,bruteforce_ftp_v1,bruteforce_ftp_v1__run_001,initial_access,T1110.001,16,1,-0.0,0.9829,0.0138,7388.32,4710.06,0.8425,80,51,0.2738,0.4416,0.3445,0.0222,0.4112,7,5,0,2,0,0,1.5509,92.35,24.42,136.68,8718.16,6988.47,0,0.0,1.7609,0,1
2026-09-09T15:14:09.311796+00:00,bruteforce_ftp_v1,bruteforce_ftp_v1__run_001,initial_access,T1110.001,17,1,-0.0,1.0,0.0124,6459.77,7504.74,0.8562,68,79,0.2277,0.4555,0.2998,0.0195,0.3583,8,5,0,1,1,0,0.8567,95.0,22.01,127.09,8644.43,10087.81,0,0.0603,0.6239,0,1
2026-09-09T15:14:14.311796+00:00,bruteforce_ftp_v1,bruteforce_ftp_v1__run_001,initial_access,T1110.001,22,1,-0.0,1.0,0.0082,14111.18,11866.22,0.7302,132,111,0.3877,1.0645,0.3222,0.0324,0.4196,10,7,0,1,2,0,1.1837,106.9,52.21,264.35,7115.62,7920.12,1,0.0,1.1271,0,1
2026-09-09T15:14:19.311796+00:00,bruteforce_ftp_v1,bruteforce_ftp_v1__run_001,initial_access,T1110.001,11,1,-0.0,1.0,0.0,13400.68,12182.44,0.8582,110,100,0.4319,0.8578,0.2612,0.0364,0.3704,5,3,0,1,1,0,1.0965,121.82,38.14,194.43,8546.9,6457.91,0,0.0154,0.9405,0,0
2026-09-09T15:14:24.311796+00:00,bruteforce_ftp_v1,bruteforce_ftp_v1__run_001,initial_access,T1110.001,21,1,-0.0,0.9809,0.0,18823.8,19944.27,0.8403,168,178,0.2337,0.3331,0.2406,0.0286,0.3263,9,7,1,2,1,0,0.9412,112.05,29.54,199.56,8761.63,8775.26,0,0.0494,0.2468,0,2
2026-09-09T15:14:29.311796+00:00,bruteforce_ftp_v1,bruteforce_ftp_v1__run_001,initial_access,T1110.001,16,1,-0.0,1.0,0.0,12994.16,12080.51,0.7848,128,119,0.3984,0.5368,0.2758,0.0166,0.3255,7,5,1,1,1,0,1.0738,101.52,28.21,164.97,8033.64,9314.28,0,0.031,1.3163,0,1
2026-09-09T15:14:34.311796+00:00,bruteforce_ftp_v1,bruteforce_ftp_v1__run_001,initial_access,T1110.001,15,1,-0.0,1.0,0.0,7357.45,6082.16,0.763,75,62,0.2798,0.6143,0.3302,0.0353,0.4361,7,5,0,1,1,0,1.2016,98.1,19.35,135.77,9943.55,7120.37,0,0.0431,1.1684,0,0
2026-09-09T15:14:39.311796+00:00,bruteforce_ftp_v1,bruteforce_ftp_v1__run_001,initial_access,T1110.001,13,1,-0.0,1.0,0.0,10665.28,11690.79,0.7927,104,114,0.3849,0.5462,0.2767,0.0412,0.4003,6,4,0,1,0,0,0.9097,102.55,34.96,171.17,8346.94,9186.77,0,0.0679,0.6965,0,0
2026-09-09T15:14:44.311796+00:00,bruteforce_ftp_v1,bruteforce_ftp_v1__run_001,initial_access,T1110.001,12,1,-0.0,1.0,0.0146,8843.48,7369.57,0.8204,96,80,0.1774,0.3521,0.2824,0.0355,0.3889,6,4,0,1,0,0,1.1955,92.12,23.69,139.93,9422.3,7027.79,0,0.0299,0.8039,0,0
2026-09-09T15:14:49.311796+00:00,bruteforce_ftp_v1,bruteforce_ftp_v1__run_001,initial_access,T1110.001,25,1,-0.0,1.0,0.0056,15493.96,17456.53,0.8773,150,169,0.1788,0.3163,0.3086,0.03,0.3985,11,9,1,2,2,0,0.8825,103.29,29.36,163.59,9391.5,8804.92,1,0.028,0.4291,0,1
2026-09-09T15:14:54.311796+00:00,bruteforce_ftp_v1,bruteforce_ftp_v1__run_001,initial_access,T1110.001,17,1,-0.0,1.0,0.0,8231.61,7747.4,0.8854,85,80,0.1972,0.533,0.2824,0.0315,0.377,8,5,1,1,0,0,1.0505,96.84,28.76,161.03,7899.63,10328.04,0,0.0863,1.2672,0,0
2026-09-09T15:14:59.311796+00:00,bruteforce_ftp_v1,bruteforce_ftp_v1__run_001,initial_access,T1110.001,23,1,-0.0,0.9933,0.0,15731.53,18076.6,0.8924,161,185,0.3956,0.7897,0.3073,0.0274,0.3893,10,8,0,2,2,0,0.8682,97.71,30.59,155.01,8987.1,8585.6,1,0.0293,0.7086,0,0
2026-09-09T15:15:04.311796+00:00,bruteforce_ftp_v1,bruteforce_ftp_v1__run_001,initial_access,T1110.001,16,1,-0.0,1.0,0.0,16346.5,11145.34,0.9075,176,120,0.3686,0.8942,0.3376,0.0204,0.3989,8,5,0,1,1,0,1.4568,92.88,31.41,157.52,8569.36,8030.1,0,0.048,1.2887,0,0
2026-09-09T15:15:09.311796+00:00,bruteforce_ftp_v1,bruteforce_ftp_v1__run_001,initial_access,T1110.001,13,1,-0.0,1.0,0.0071,8575.47,6816.4,0.8501,78,62,0.3851,0.5556,0.3081,0.0365,0.4176,6,4,0,1,1,0,1.2548,109.94,19.94,146.49,8203.93,7565.88,0,0.0,1.7894,0,0
2026-09-09T15:15:14.311796+00:00,bruteforce_ftp_v1,bruteforce_ftp_v1__run_001,initial_access,T1110.001,24,1,-0.0,1.0,0.03,12476.99,19651.25,0.8743,120,189,0.3368,0.5181,0.2519,0.0362,0.3604,12,8,0,2,1,0,0.6325,103.97,36.46,228.53,8327.95,9857.62,0,0.0,1.4809,0,2
2026-09-09T15:15:19.311796+00:00,bruteforce_ftp_v1,bruteforce_ftp_v1__run_001,initial_access,T1110.001,23,1,-0.0,0.9678,0.0075,6072.69,8096.92,0.8523,69,92,0.3386,0.4073,0.3117,0.0168,0.362,11,7,1,2,1,0,0.7439,88.01,27.23,177.64,9084.26,7483.91,0,0.0,0.9708,0,0
2026-09-09T15:15:24.311796+00:00,bruteforce_ftp_v1,bruteforce_ftp_v1__run_001,initial_access,T1110.001,16,1,-0.0,0.9692,0.026,6268.87,6268.87,0.87,64,64,0.2355,0.466,0.2542,0.0183,0.3091,8,5,0,2,1,0,0.9891,97.95,24.74,147.94,9039.05,6230.81,0,0.0158,0.4101,0,0
2026-09-09T15:15:29.311796+00:00,bruteforce_ftp_v1,bruteforce_ftp_v1__run_001,initial_access,T1110.001,20,1,-0.0,1.0,0.0,11199.7,8399.77,0.8482,120,90,0.1993,0.3812,0.2791,0.0193,0.3369,10,6,0,2,1,0,1.322,93.33,27.89,170.33,9305.66,7601.25,0,0.0369,0.2105,0,0
2026-09-09T15:15:34.311796+00:00,bruteforce_ftp_v1,bruteforce_ftp_v1__run_001,initial_access,T1110.001,11,1,-0.0,0.9659,0.016,8985.65,8781.43,0.8401,88,86,0.3889,1.1032,0.341,0.0305,0.4325,5,4,0,0,1,0,1.0151,102.11,21.48,148.32,5817.46,8068.35,0,0.0427,1.2062,0,0
2026-09-09T15:15:39.311796+00:00,bruteforce_ftp_v1,bruteforce_ftp_v1__run_001,initial_access,T1110.001,18,1,-0.0,0.9748,0.0402,7392.55,7597.9,0.7903,72,74,0.2097,0.4316,0.301,0.0386,0.4168,8,5,0,2,0,0,0.9721,102.67,29.86,168.0,8551.47,9631.21,0,0.042,0.2044,0,0
2026-09-09T15:15:44.311796+00:00,bruteforce_ftp_v1,bruteforce_ftp_v1__run_001,initial_access,T1110.001,15,1,-0.0,1.0,0.0,10150.19,7830.15,0.8903,105,81,0.1707,0.2571,0.2448,0.0265,0.3244,7,5,0,1,0,0,1.2833,96.67,20.91,141.17,7644.63,9131.07,0,0.0283,1.5848,0,0
2026-09-09T15:15:49.311796+00:00,bruteforce_ftp_v1,bruteforce_ftp_v1__run_001,initial_access,T1110.001,16,1,-0.0,0.9541,0.0596,12038.25,12132.29,0.8412,128,129,0.2159,0.3307,0.2806,0.025,0.3555,8,5,0,2,1,0,0.9896,94.05,34.73,208.4,8110.91,8571.48,0,0.0148,0.7537,0,0
2026-09-09T15:15:54.311796+00:00,bruteforce_ftp_v1,bruteforce_ftp_v1__run_001,initial_access,T1110.001,16,1,-0.0,0.9825,0.0217,15662.9,14140.12,0.873,144,130,0.2268,0.6687,0.3188,0.041,0.4416,8,5,1,1,0,0,1.1015,108.77,39.77,193.73,7336.84,9561.21,0,0.0143,0.0638,0,1
2026-09-09T15:15:59.311796+00:00,bruteforce_ftp_v1,bruteforce_ftp_v1__run_001,initial_access,T1110.001,17,1,-0.0,1.0,0.0149,6171.69,7805.37,0.8162,68,86,0.3615,0.4657,0.2971,0.0328,0.3954,8,6,1,1,1,0,0.7844,90.76,32.18,157.27,8201.73,7887.63,0,0.0151,1.9769,0,0
2026-09-09T15:16:04.311796+00:00,bruteforce_ftp_v1,bruteforce_ftp_v1__run_001,initial_access,T1110.001,18,1,-0.0,1.0,0.0,1856.94,1960.1,0.937,18,19,0.216,0.474,0.2883,0.0399,0.408,8,6,1,1,1,0,0.9142,103.16,24.35,157.98,8307.85,7835.14,0,0.015,0.7912,0,1
2026-09-09T15:16:09.311796+00:00,bruteforce_ftp_v1,bruteforce_ftp_v1__run_001,initial_access,T1110.001,12,1,-0.0,1.0,0.0225,6829.42,5008.24,0.812,60,44,0.4095,0.4979,0.3766,0.0334,0.4768,6,4,0,1,0,0,1.3388,113.82,33.46,173.32,8195.27,10195.82,0,0.0521,0.6421,0,0
2026-09-09T15:16:14.311796+00:00,bruteforce_ftp_v1,bruteforce_ftp_v1__run_001,initial_access,T1110.001,20,1,-0.0,0.9865,0.0116,13446.91,12390.36,0.9643,140,129,0.1663,0.3241,0.2491,0.0312,0.3428,10,7,0,1,1,0,1.0783,96.05,27.89,140.95,7683.89,6808.2,0,0.0505,1.1903,0,0
2026-09-09T15:16:19.311796+00:00,bruteforce_ftp_v1,bruteforce_ftp_v1__run_001,initial_access,T1110.001,20,1,-0.0,0.9902,0.0,16821.84,14508.84,0.8164,160,138,0.3993,0.5288,0.3126,0.0268,0.3931,9,7,0,1,2,0,1.1583,105.14,34.97,179.82,8110.34,8020.23,1,0.0121,0.7438,0,0
2026-09-09T15:16:24.311796+00:00,bruteforce_ftp_v1,bruteforce_ftp_v1__run_001,initial_access,T1110.001,20,1,-0.0,0.9601,0.0274,7734.18,5800.64,0.856,80,60,0.3078,0.7138,0.3191,0.0344,0.4223,10,7,1,2,1,0,1.3266,96.68,27.41,152.16,7125.12,9913.13,0,0.0392,1.6183,0,2
2026-09-09T15:16:29.311796+00:00,bruteforce_ftp_v1,bruteforce_ftp_v1__run_001,initial_access,T1110.001,23,1,-0.0,0.984,0.0,15349.42,13347.33,0.7608,161,140,0.335,0.5298,0.3345,0.0186,0.3903,13,7,1,2,1,0,1.1455,95.34,23.15,141.65,8902.83,7591.1,0,0.0,1.3479,0,0
2026-09-09T15:16:34.311796+00:00,bruteforce_ftp_v1,bruteforce_ftp_v1__run_001,initial_access,T1110.001,10,1,-0.0,1.0,0.018,6964.01,5471.72,0.9577,70,55,0.4151,0.8815,0.2896,0.03,0.3797,4,3,0,1,0,0,1.2692,99.49,26.77,146.5,9401.17,9301.5,0,0.0111,1.0818,0,0
2026-09-09T15:16:39.311796+00:00,bruteforce_ftp_v1,bruteforce_ftp_v1__run_001,initial_access,T1110.001,16,1,-0.0,1.0,0.0112,8828.7,11311.77,0.8975,96,123,0.1343,0.3904,0.3076,0.0386,0.4234,7,5,0,1,0,0,0.7751,91.97,39.63,209.32,8765.29,8972.31,0,0.0403,1.1531,0,1
2026-09-09T15:16:44.311796+00:00,bruteforce_ftp_v1,bruteforce_ftp_v1__run_001,initial_access,T1110.001,17,1,-0.0,1.0,0.0,7055.02,6432.52,0.8408,68,62,0.2169,0.3715,0.2886,0.0267,0.3687,8,6,1,1,1,0,1.0809,103.75,26.41,153.63,8926.88,6102.53,0,0.0,0.7854,0,0
2026-09-09T15:16:49.311796+00:00,bruteforce_ftp_v1,bruteforce_ftp_v1__run_001,initial_access,T1110.001,14,1,-0.0,1.0,0.0,10502.69,8573.62,0.8647,98,80,0.2686,0.7994,0.2511,0.0282,0.3357,6,4,0,1,1,0,1.2179,107.17,26.07,155.77,8505.87,6464.41,0,0.036,1.4936,0,0
2026-09-09T15:16:54.311796+00:00,bruteforce_ftp_v1,bruteforce_ftp_v1__run_001,initial_access,T1110.001,19,1,-0.0,1.0,0.0032,15619.15,12096.03,0.8199,133,103,0.282,0.7786,0.239,0.031,0.3321,9,7,1,1,1,0,1.2822,117.44,35.08,178.63,9075.31,7807.61,0,0.0205,0.2261,0,1
2026-09-09T15:16:59.311796+00:00,bruteforce_ftp_v1,bruteforce_ftp_v1__run_001,initial_access,T1110.001,12,1,-0.0,1.0,0.0,6731.82,4768.37,0.9522,72,51,0.309,0.6806,0.3493,0.0406,0.471,6,4,0,1,0,0,1.3883,93.5,28.23,166.59,8723.95,6317.26,0,0.0,1.3003,0,0
2026-09-09T15:17:04.311796+00:00,bruteforce_ftp_v1,bruteforce_ftp_v1__run_001,initial_access,T1110.001,17,1,-0.0,0.9632,0.0495,3355.64,2664.77,0.8221,34,27,0.3284,0.424,0.2686,0.0292,0.3561,8,5,0,1,1,0,1.2323,98.7,24.69,143.35,8791.02,8359.77,0,0.0208,1.3289,0,1
2026-09-09T15:17:09.311796+00:00,bruteforce_ftp_v1,bruteforce_ftp_v1__run_001,initial_access,T1110.001,14,1,-0.0,0.9799,0.0087,3587.33,2391.56,0.9907,42,28,0.3476,1.0248,0.2606,0.0297,0.3497,6,5,0,1,1,0,1.4852,85.41,23.45,131.2,8653.17,7796.04,0,0.0,0.8478,0,0
2026-09-09T15:17:14.311796+00:00,bruteforce_ftp_v1,bruteforce_ftp_v1__run_001,initial_access,T1110.001,22,1,-0.0,0.9378,0.0804,12264.2,13379.12,0.7952,132,144,0.4121,0.547,0.2237,0.0228,0.292,10,7,0,2,1,0,0.9161,92.91,28.93,154.03,8743.76,8885.73,0,0.0,0.9705,0,0
2026-09-09T15:17:19.311796+00:00,bruteforce_ftp_v1,bruteforce_ftp_v1__run_001,initial_access,T1110.001,19,1,-0.0,0.9812,0.045,11299.85,10606.0,0.8028,114,107,0.3032,0.4895,0.2598,0.0357,0.3669,8,6,1,2,0,0,1.0634,99.12,26.38,147.21,8165.58,9666.24,0,0.0657,0.9213,0,0
2026-09-09T15:17:24.311796+00:00,bruteforce_ftp_v1,bruteforce_ftp_v1__run_001,initial_access,T1110.001,15,1,-0.0,0.9658,0.0512,6961.02,6496.95,0.7355,75,70,0.3256,0.8913,0.2968,0.0292,0.3846,7,4,0,1,1,0,1.0651,92.81,24.17,137.83,8772.97,7435.37,0,0.0088,0.6633,0,1
2026-09-09T15:17:29.311796+00:00,bruteforce_ftp_v1,bruteforce_ftp_v1__run_001,initial_access,T1110.001,17,1,-0.0,0.9411,0.068,12283.63,11832.02,0.7858,136,131,0.3566,0.8989,0.2507,0.0155,0.2972,8,5,1,1,1,0,1.0317,90.32,24.96,140.26,8282.95,8379.34,0,0.0096,1.283,0,0
2026-09-09T15:17:34.311796+00:00,bruteforce_ftp_v1,bruteforce_ftp_v1__run_001,initial_access,T1110.001,22,1,-0.0,0.9033,0.0714,18339.8,18860.81,0.7608,176,181,0.1712,0.2076,0.2793,0.0176,0.332,10,7,0,1,1,0,0.9722,104.2,26.86,192.94,8261.73,7779.46,0,0.0249,0.3335,0,0
2026-09-09T15:17:39.311796+00:00,bruteforce_ftp_v1,bruteforce_ftp_v1__run_001,initial_access,T1110.001,16,1,-0.0,1.0,0.0,3101.92,3101.92,0.7571,32,32,0.281,0.8266,0.3008,0.0379,0.4144,8,5,1,1,1,0,0.9818,96.93,24.52,147.43,7793.98,9422.9,0,0.0,1.0479,0,0
2026-09-09T15:17:44.311796+00:00,bruteforce_ftp_v1,bruteforce_ftp_v1__run_001,initial_access,T1110.001,18,1,-0.0,1.0,0.0,14555.02,13443.18,0.8719,144,133,0.3248,0.702,0.266,0.0295,0.3546,8,6,1,1,1,0,1.0778,101.08,32.49,172.46,8119.08,8107.02,0,0.0947,0.2926,0,2
2026-09-09T15:17:49.311796+00:00,bruteforce_ftp_v1,bruteforce_ftp_v1__run_001,initial_access,T1110.001,17,1,-0.0,1.0,0.0,5688.41,4907.65,0.9,51,44,0.4381,0.8423,0.3257,0.0455,0.4621,9,5,0,1,1,0,1.1425,111.54,37.76,217.0,6958.49,8971.45,0,0.0015,1.3952,0,0
2026-09-09T15:17:54.311796+00:00,bruteforce_ftp_v1,bruteforce_ftp_v1__run_001,initial_access,T1110.001,14,1,-0.0,1.0,0.0,6294.51,9261.92,0.9102,70,103,0.2617,0.7714,0.241,0.0315,0.3354,7,4,0,1,0,0,0.6751,89.92,19.96,125.6,8100.89,7532.38,0,0.021,0.953,0,1
2026-09-09T15:17:59.311796+00:00,bruteforce_ftp_v1,bruteforce_ftp_v1__run_001,initial_access,T1110.001,17,1,-0.0,1.0,0.0308,14764.36,20301.0,0.7583,136,187,0.1958,0.3681,0.3261,0.0203,0.3869,8,6,0,1,1,0,0.7273,108.56,30.82,166.9,6257.76,7744.93,0,0.0,0.5798,0,0
2026-09-09T15:18:04.311796+00:00,bruteforce_ftp_v1,bruteforce_ftp_v1__run_001,initial_access,T1110.001,19,1,-0.0,1.0,0.0107,16203.74,14024.29,0.8819,171,148,0.1525,0.3001,0.2601,0.0269,0.3407,9,6,1,2,2,0,1.1492,94.76,23.41,139.59,8923.06,8497.83,1,0.0039,1.1101,0,0
2026-09-09T15:18:09.311796+00:00,bruteforce_ftp_v1,bruteforce_ftp_v1__run_001,initial_access,T1110.001,13,1,-0.0,0.9618,0.0578,5483.74,5061.91,0.8495,52,48,0.3409,0.7852,0.2853,0.0261,0.3637,6,4,0,1,0,0,1.0632,105.46,33.62,188.17,8186.49,8776.87,0,0.0098,0.1503,0,1
2026-09-09T15:18:14.311796+00:00,bruteforce_ftp_v1,bruteforce_ftp_v1__run_001,initial_access,T1110.001,13,1,-0.0,0.9968,0.019,8028.91,7514.24,0.8421,78,73,0.2505,0.7326,0.3121,0.0294,0.4004,5,4,0,1,1,0,1.0621,102.93,36.33,201.98,8431.49,8343.62,0,0.0,0.526,0,0
2026-09-09T15:18:19.311796+00:00,bruteforce_ftp_v1,bruteforce_ftp_v1__run_001,initial_access,T1110.001,22,1,-0.0,1.0,0.0209,8604.06,8408.52,0.8837,88,86,0.3914,0.5779,0.2899,0.0329,0.3887,11,7,0,2,2,0,1.0124,97.77,31.59,191.95,9081.92,8150.29,1,0.039,1.1945,0,1
2026-09-09T15:18:24.311796+00:00,bruteforce_ftp_v1,bruteforce_ftp_v1__run_001,initial_access,T1110.001,12,1,-0.0,0.9657,0.0132,3485.97,3001.8,0.844,36,31,0.32,0.7149,0.2696,0.0398,0.3889,6,4,0,1,1,0,1.1372,96.83,47.28,237.16,7746.33,7615.37,0,0.0448,1.5989,0,0
2026-09-09T15:18:29.311796+00:00,bruteforce_ftp_v1,bruteforce_ftp_v1__run_001,initial_access,T1110.001,21,1,-0.0,0.9652,0.0198,15188.44,12502.05,0.8037,147,121,0.265,0.5319,0.297,0.03,0.3871,10,7,1,2,1,0,1.2086,103.32,32.33,178.86,8246.11,8664.69,0,0.0343,0.0,0,0
2026-09-09T15:18:34.311796+00:00,bruteforce_ftp_v1,bruteforce_ftp_v1__run_001,initial_access,T1110.001,17,1,-0.0,1.0,0.0007,8113.03,5917.74,0.8083,85,62,0.2013,0.4866,0.2697,0.032,0.3656,8,6,0,1,2,0,1.3546,95.45,21.31,128.69,10055.53,6806.02,1,0.0,1.225,0,0
2026-09-09T15:18:39.311796+00:00,bruteforce_ftp_v1,bruteforce_ftp_v1__run_001,initial_access,T1110.001,23,1,-0.0,1.0,0.0,8917.41,6203.41,0.7921,92,64,0.2867,0.6072,0.2293,0.0188,0.2855,11,7,1,3,2,0,1.4304,96.93,30.5,149.37,8210.33,9921.86,1,0.0422,1.4561,0,0
2026-09-09T15:18:44.311796+00:00,bruteforce_ftp_v1,bruteforce_ftp_v1__run_001,initial_access,T1110.001,17,1,-0.0,1.0,0.0,15032.21,10942.56,0.8991,136,99,0.2508,0.508,0.3108,0.0373,0.4226,8,5,1,2,1,0,1.3734,110.53,39.5,201.35,8991.48,7355.43,0,0.0,0.0433,0,0
2026-09-09T15:18:49.311796+00:00,bruteforce_ftp_v1,bruteforce_ftp_v1__run_001,initial_access,T1110.001,20,1,-0.0,1.0,0.0,12179.57,9642.16,0.8788,120,95,0.2371,0.6896,0.2701,0.0206,0.3318,10,6,0,2,1,0,1.2539,101.5,35.74,207.7,8290.48,8001.79,0,0.0233,1.5086,0,1
2026-09-09T15:18:54.311796+00:00,bruteforce_ftp_v1,bruteforce_ftp_v1__run_001,initial_access,T1110.001,15,1,-0.0,1.0,0.0295,2987.0,1991.33,0.9136,30,20,0.2444,0.4466,0.3176,0.0181,0.3718,7,4,0,1,0,0,1.4374,99.57,31.29,176.53,8157.76,10001.58,0,0.0717,0.9402,0,0
2026-09-09T15:18:59.311796+00:00,bruteforce_ftp_v1,bruteforce_ftp_v1__run_001,initial_access,T1110.001,21,1,-0.0,1.0,0.0,17000.06,14108.89,0.8335,147,122,0.2218,0.4803,0.265,0.0346,0.3689,11,7,0,2,2,0,1.1969,115.65,32.79,201.42,11090.37,7331.1,1,0.0489,1.0468,0,1
2026-09-09T15:19:04.311796+00:00,bruteforce_ftp_v1,bruteforce_ftp_v1__run_001,initial_access,T1110.001,15,1,-0.0,1.0,0.0,4278.15,3042.24,0.8204,45,32,0.161,0.3299,0.2702,0.0239,0.3418,7,5,0,1,0,0,1.3978,95.07,23.34,145.84,7111.56,8605.55,0,0.0,1.6038,0,0
2026-09-09T15:19:09.311796+00:00,bruteforce_ftp_v1,bruteforce_ftp_v1__run_001,initial_access,T1110.001,16,1,-0.0,1.0,0.0018,18293.99,20372.85,0.8949,176,196,0.1986,0.4998,0.2455,0.034,0.3474,7,5,0,1,1,0,0.8967,103.94,38.89,208.6,8481.04,9631.0,0,0.0265,0.3284,0,0
2026-09-09T15:19:14.311796+00:00,bruteforce_ftp_v1,bruteforce_ftp_v1__run_001,initial_access,T1110.001,17,1,-0.0,1.0,0.005,10783.62,9877.44,0.8532,119,109,0.2299,0.3239,0.3182,0.0353,0.4241,8,6,1,1,1,0,1.0909,90.62,26.02,130.69,7921.4,9629.75,0,0.038,0.0,0,2
2026-09-09T15:19:19.311796+00:00,bruteforce_ftp_v1,bruteforce_ftp_v1__run_001,initial_access,T1110.001,19,1,-0.0,1.0,0.0,23092.64,26628.36,0.8734,209,241,0.2179,0.3846,0.2934,0.0186,0.3494,9,6,0,2,1,0,0.8653,110.49,32.19,176.31,8255.57,6763.25,0,0.0346,1.4753,0,2
2026-09-09T15:19:24.311796+00:00,bruteforce_ftp_v1,bruteforce_ftp_v1__run_001,initial_access,T1110.001,14,1,-0.0,1.0,0.0,8832.17,7300.06,0.8581,98,81,0.3779,0.6047,0.2529,0.022,0.319,7,4,0,1,1,0,1.2055,90.12,25.94,162.57,8291.08,7856.47,0,0.0286,0.8639,0,1
2026-09-09T15:19:29.311796+00:00,bruteforce_ftp_v1,bruteforce_ftp_v1__run_001,initial_access,T1110.001,14,1,-0.0,0.9982,0.0,10274.34,9121.1,0.9115,98,87,0.3584,0.7218,0.2752,0.0392,0.3927,7,4,0,1,1,0,1.1151,104.84,27.7,174.42,7710.11,10654.88,0,0.0369,1.3235,0,1
2026-09-09T15:19:34.311796+00:00,bruteforce_ftp_v1,bruteforce_ftp_v1__run_001,initial_access,T1110.001,15,1,-0.0,0.9891,0.0292,1468.6,1370.7,0.9049,15,14,0.332,0.6992,0.3164,0.0179,0.3701,7,5,1,1,1,0,1.0498,97.91,38.69,193.01,7175.7,7064.18,0,0.0238,1.0256,0,0
2026-09-09T15:19:39.311796+00:00,bruteforce_ftp_v1,bruteforce_ftp_v1__run_001,initial_access,T1110.001,17,1,-0.0,0.9703,0.0514,14631.2,11834.06,0.8611,136,110,0.24,0.5528,0.2656,0.0231,0.3348,8,5,0,1,1,0,1.2259,107.58,39.13,198.98,9987.38,9350.76,0,0.0,0.8599,0,0
2026-09-09T15:19:44.311796+00:00,bruteforce_ftp_v1,bruteforce_ftp_v1__run_001,initial_access,T1110.001,17,1,-0.0,1.0,0.0,3595.41,2855.18,0.8333,34,27,0.4047,0.8744,0.2539,0.0275,0.3365,8,5,0,2,1,0,1.2368,105.75,32.99,156.66,5738.75,8018.13,0,0.0,0.9307,0,0
2026-09-09T15:19:49.311796+00:00,bruteforce_ftp_v1,bruteforce_ftp_v1__run_001,initial_access,T1110.001,16,1,-0.0,1.0,0.0411,2765.79,2247.2,0.8992,32,26,0.1628,0.3714,0.3085,0.0303,0.3994,7,5,0,1,0,0,1.1857,86.43,14.77,110.85,8198.81,7264.9,0,0.0026,1.0562,0,0
2026-09-09T15:19:54.311796+00:00,bruteforce_ftp_v1,bruteforce_ftp_v1__run_001,initial_access,T1110.001,13,1,-0.0,0.9668,0.0345,6656.35,5888.31,0.7891,78,69,0.1714,0.2751,0.3015,0.0349,0.4062,6,4,0,1,1,0,1.1205,85.34,22.87,141.5,9884.42,6696.77,0,0.0196,1.0095,0,1
2026-09-09T15:19:59.311796+00:00,bruteforce_ftp_v1,bruteforce_ftp_v1__run_001,initial_access,T1110.001,22,1,-0.0,1.0,0.0,22119.8,17997.48,0.913,220,179,0.4073,1.2151,0.2798,0.0246,0.3536,10,7,1,2,1,0,1.2232,100.54,22.97,145.9,9303.02,6479.91,0,0.0,0.0355,0,1
2026-09-09T15:20:04.311796+00:00,bruteforce_ftp_v1,bruteforce_ftp_v1__run_001,initial_access,T1110.001,10,1,-0.0,1.0,0.0063,6465.14,6372.78,0.8672,70,69,0.2325,0.6325,0.4187,0.0589,0.5953,4,3,0,0,1,0,1.0003,92.36,23.73,139.31,7990.22,8280.35,0,0.0304,0.9115,0,0
2026-09-09T15:20:09.311796+00:00,bruteforce_ftp_v1,bruteforce_ftp_v1__run_001,initial_access,T1110.001,21,1,-0.0,1.0,0.0227,6830.52,4662.1,0.8754,63,43,0.3062,0.4913,0.3041,0.0166,0.354,10,6,0,2,1,0,1.455,108.42,30.91,177.61,7925.01,8301.99,0,0.0188,1.0166,0,0
2026-09-09T15:20:14.311796+00:00,bruteforce_ftp_v1,bruteforce_ftp_v1__run_001,initial_access,T1110.001,27,1,-0.0,0.9869,0.0049,5958.75,5958.75,0.8355,54,54,0.3116,0.6714,0.2497,0.0153,0.2955,13,8,1,2,1,0,0.9979,110.35,34.73,182.04,8074.59,9729.45,0,0.0232,0.5888,0,2
2026-09-09T15:20:19.311796+00:00,bruteforce_ftp_v1,bruteforce_ftp_v1__run_001,initial_access,T1110.001,14,1,-0.0,0.9691,0.0414,5190.7,4356.48,0.8746,56,47,0.2284,0.6282,0.2571,0.0202,0.3178,7,5,0,0,0,0,1.1705,92.69,25.67,145.39,8648.81,7725.2,0,0.0166,0.3562,0,1
2026-09-09T15:20:24.311796+00:00,bruteforce_ftp_v1,bruteforce_ftp_v1__run_001,initial_access,T1110.001,17,1,-0.0,1.0,0.0,8993.49,8358.66,0.9475,85,79,0.155,0.3259,0.2862,0.0196,0.345,8,6,1,1,1,0,1.0627,105.81,36.63,186.23,8678.78,8477.53,0,0.0017,1.4697,0,1
2026-09-09T15:20:29.311796+00:00,bruteforce_ftp_v1,bruteforce_ftp_v1__run_001,initial_access,T1110.001,6,1,-0.0,0.9866,0.0003,3751.35,3542.94,0.8928,36,34,0.4362,0.7755,0.2861,0.0209,0.3489,3,2,0,0,0,0,1.0377,104.2,40.65,161.86,7990.22,8266.93,0,0.0,0.8199,0,0
2026-09-09T15:20:34.311796+00:00,bruteforce_ftp_v1,bruteforce_ftp_v1__run_001,initial_access,T1110.001,21,1,-0.0,0.9948,0.0074,17294.66,14823.99,0.8465,168,144,0.2942,0.6948,0.3187,0.0455,0.4554,9,7,1,2,2,0,1.1604,102.94,27.56,179.39,7671.13,7560.37,1,0.0,0.8564,0,2
2026-09-09T15:20:39.311796+00:00,bruteforce_ftp_v1,bruteforce_ftp_v1__run_001,initial_access,T1110.001,26,1,-0.0,0.95,0.0539,7265.53,7824.41,0.8366,78,84,0.2646,0.3395,0.3026,0.0377,0.4156,12,9,1,3,1,0,0.9176,93.15,31.08,197.48,8559.37,7873.2,0,0.003,0.9885,0,1
2026-09-09T15:20:44.311796+00:00,bruteforce_ftp_v1,bruteforce_ftp_v1__run_001,initial_access,T1110.001,8,1,-0.0,0.9758,0.0,4943.68,4325.72,0.7708,56,49,0.2149,0.3548,0.354,0.0393,0.472,3,2,0,0,0,0,1.1376,88.28,31.46,165.98,8443.51,8052.95,0,0.0115,1.226,0,1
2026-09-09T15:20:49.311796+00:00,bruteforce_ftp_v1,bruteforce_ftp_v1__run_001,initial_access,T1110.001,19,1,-0.0,0.9814,0.0262,9409.58,13371.52,0.8788,95,135,0.2348,0.3398,0.3024,0.0182,0.3568,9,6,1,1,1,0,0.7028,99.05,31.44,202.28,9509.51,8417.43,0,0.0202,0.8731,0,1
2026-09-09T15:20:54.311796+00:00,bruteforce_ftp_v1,bruteforce_ftp_v1__run_001,initial_access,T1110.001,11,1,-0.0,0.9621,0.046,2267.78,1958.53,0.8862,22,19,0.2345,0.3364,0.325,0.0245,0.3986,5,3,0,1,0,0,1.1092,103.08,23.5,156.95,10022.31,9474.07,0,0.021,0.6641,0,0
2026-09-09T15:20:59.311796+00:00,bruteforce_ftp_v1,bruteforce_ftp_v1__run_001,initial_access,T1110.001,24,1,-0.0,1.0,0.0,9224.13,11626.25,0.7188,96,121,0.2424,0.7185,0.2429,0.021,0.3058,11,8,1,2,2,0,0.7932,96.08,17.57,143.04,8311.07,7417.13,1,0.0803,0.885,0,1
2026-09-09T15:21:04.311796+00:00,bruteforce_ftp_v1,bruteforce_ftp_v1__run_001,initial_access,T1110.001,18,1,-0.0,0.95,0.0284,19629.43,12431.97,0.768,180,114,0.2667,0.7083,0.3435,0.0195,0.4021,9,6,0,1,1,0,1.5664,109.05,35.72,225.81,6637.28,8257.01,0,0.0354,1.0455,0,0
2026-09-09T15:21:09.311796+00:00,bruteforce_ftp_v1,bruteforce_ftp_v1__run_001,initial_access,T1110.001,14,1,-0.0,0.9951,0.0255,7402.22,11103.33,0.8032,84,126,0.419,0.8829,0.3226,0.0379,0.4363,7,4,0,1,0,0,0.6647,88.12,23.19,133.43,8809.21,9563.54,0,0.0337,2.0507,0,1
2026-09-09T15:21:14.311796+00:00,bruteforce_ftp_v1,bruteforce_ftp_v1__run_001,initial_access,T1110.001,16,1,-0.0,0.997,0.0202,5359.19,5135.89,0.8943,48,46,0.3989,0.9778,0.3374,0.049,0.4843,8,5,0,1,1,0,1.0231,111.65,41.97,196.62,8658.56,7492.73,0,0.006,1.1981,0,0
2026-09-09T15:21:19.311796+00:00,bruteforce_ftp_v1,bruteforce_ftp_v1__run_001,initial_access,T1110.001,20,1,-0.0,1.0,0.0182,14437.42,23718.61,0.8885,140,230,0.1636,0.463,0.2506,0.036,0.3588,10,7,0,2,1,0,0.6086,103.12,24.83,146.27,8297.02,8449.52,0,0.0136,0.7594,0,0
2026-09-09T15:21:24.311796+00:00,bruteforce_ftp_v1,bruteforce_ftp_v1__run_001,initial_access,T1110.001,25,1,-0.0,0.9836,0.0637,15078.41,10942.62,0.8861,175,127,0.3205,0.488,0.2869,0.0405,0.4085,11,8,0,1,2,0,1.3735,86.16,17.06,135.37,7485.09,8590.67,1,0.0589,1.0473,0,2
2026-09-09T15:21:29.311796+00:00,bruteforce_ftp_v1,bruteforce_ftp_v1__run_001,initial_access,T1110.001,16,1,-0.0,1.0,0.0,13595.34,12381.47,0.8869,112,102,0.1429,0.4017,0.2941,0.0397,0.4133,7,5,0,1,1,0,1.0918,121.39,35.26,221.98,8489.77,5828.35,0,0.0101,0.9816,0,1
2026-09-09T15:21:34.311796+00:00,bruteforce_ftp_v1,bruteforce_ftp_v1__run_001,initial_access,T1110.001,15,1,-0.0,0.9844,0.0038,11044.39,9676.99,0.8719,105,92,0.3417,0.5394,0.333,0.0444,0.4663,7,5,1,0,1,0,1.1407,105.18,30.71,167.39,8041.14,8717.53,0,0.0,1.6119,0,0
2026-09-09T15:21:39.311796+00:00,bruteforce_ftp_v1,bruteforce_ftp_v1__run_001,initial_access,T1110.001,19,1,-0.0,1.0,0.0,14416.17,11570.88,0.8096,152,122,0.228,0.6586,0.326,0.0434,0.4561,9,6,1,1,1,0,1.239,94.84,23.8,145.69,7899.17,7937.9,0,0.0416,1.0174,0,1
2026-09-09T15:21:44.311796+00:00,bruteforce_ftp_v1,bruteforce_ftp_v1__run_001,initial_access,T1110.001,11,1,-0.0,0.9882,0.0112,5909.52,4566.45,0.7595,66,51,0.4041,0.7882,0.2786,0.0202,0.3393,5,4,0,1,1,0,1.2854,89.54,29.07,156.8,8405.12,9265.58,0,0.0532,0.5317,0,1
2026-09-09T15:21:49.311796+00:00,bruteforce_ftp_v1,bruteforce_ftp_v1__run_001,initial_access,T1110.001,17,1,-0.0,0.9688,0.067,7054.51,8506.9,0.8595,68,82,0.1682,0.3891,0.3293,0.0402,0.45,8,6,1,1,1,0,0.828,103.74,29.9,166.39,8682.08,9745.98,0,0.0,0.7858,0,1
2026-09-09T15:21:54.311796+00:00,bruteforce_ftp_v1,bruteforce_ftp_v1__run_001,initial_access,T1110.001,19,1,-0.0,1.0,0.0,15361.49,12307.16,0.8683,171,137,0.1659,0.4276,0.2709,0.0355,0.3772,9,6,0,2,1,0,1.2408,89.83,21.36,136.63,8387.43,5918.34,0,0.0,0.9167,0,1
2026-09-09T15:21:59.311796+00:00,bruteforce_ftp_v1,bruteforce_ftp_v1__run_001,initial_access,T1110.001,19,1,-0.0,1.0,0.0116,8202.52,11051.82,0.9028,95,128,0.2799,0.4903,0.3101,0.0209,0.3727,9,5,1,2,2,0,0.7405,86.34,21.77,124.75,8789.8,7537.85,1,0.0623,1.0606,0,0
2026-09-09T15:22:04.311796+00:00,bruteforce_ftp_v1,bruteforce_ftp_v1__run_001,initial_access,T1110.001,17,1,-0.0,1.0,0.0292,6526.08,6334.13,0.7999,68,66,0.2308,0.3556,0.3437,0.0479,0.4874,8,6,1,2,1,0,1.0161,95.97,22.65,136.19,9586.61,9012.82,0,0.0273,0.958,0,0
2026-09-09T15:22:09.311796+00:00,bruteforce_ftp_v1,bruteforce_ftp_v1__run_001,initial_access,T1110.001,12,1,-0.0,0.9598,0.0419,2091.83,1743.19,0.8404,24,20,0.2805,0.7261,0.2956,0.0173,0.3475,5,4,0,0,1,0,1.1695,87.16,27.43,130.76,7907.2,7332.88,0,0.0,0.9657,0,0
2026-09-09T15:22:14.311796+00:00,bruteforce_ftp_v1,bruteforce_ftp_v1__run_001,initial_access,T1110.001,12,1,-0.0,1.0,0.0,4900.77,4594.47,0.7929,48,45,0.4175,0.9762,0.3181,0.0383,0.433,6,4,0,1,0,0,1.0469,102.1,23.15,145.91,9051.68,7661.06,0,0.0,1.7004,0,1
2026-09-09T15:22:19.311796+00:00,bruteforce_ftp_v1,bruteforce_ftp_v1__run_001,initial_access,T1110.001,15,1,-0.0,0.9676,0.0208,6419.3,7275.21,0.8177,60,68,0.3294,0.5179,0.2991,0.0194,0.3573,7,5,1,2,0,0,0.8788,106.99,29.7,155.94,6024.2,8194.55,0,0.0,1.2927,0,0
2026-09-09T15:22:24.311796+00:00,bruteforce_ftp_v1,bruteforce_ftp_v1__run_001,initial_access,T1110.001,19,1,-0.0,1.0,0.0059,23914.42,22541.34,0.8787,209,197,0.2068,0.4863,0.2727,0.0144,0.3159,10,6,0,1,1,0,1.0601,114.42,65.95,373.32,10282.6,9155.34,0,0.0002,1.1848,0,1
2026-09-09T15:22:29.311796+00:00,bruteforce_ftp_v1,bruteforce_ftp_v1__run_001,initial_access,T1110.001,19,1,-0.0,0.996,0.0,7246.53,7818.62,0.9223,76,82,0.3349,0.6793,0.3314,0.0253,0.4074,9,7,0,2,1,0,0.9212,95.35,31.17,175.04,7669.67,9009.39,0,0.0,0.5308,0,0
2026-09-09T15:22:34.311796+00:00,bruteforce_ftp_v1,bruteforce_ftp_v1__run_001,initial_access,T1110.001,21,1,-0.0,1.0,0.0118,10362.22,8487.15,0.8315,105,86,0.3161,0.6752,0.2782,0.0362,0.3867,10,8,0,2,2,0,1.2155,98.69,19.5,133.97,8128.6,9184.78,1,0.037,1.3118,0,1
2026-09-09T15:22:39.311796+00:00,bruteforce_ftp_v1,bruteforce_ftp_v1__run_001,initial_access,T1110.001,14,1,-0.0,0.965,0.0389,7929.87,5853.0,0.8846,84,62,0.3451,0.5367,0.3341,0.0359,0.4416,7,5,0,1,1,0,1.35,94.4,27.4,145.58,8114.55,7293.61,0,0.0364,0.8458,0,0
2026-09-09T15:22:44.311796+00:00,bruteforce_ftp_v1,bruteforce_ftp_v1__run_001,initial_access,T1110.001,13,1,-0.0,1.0,0.0259,5532.83,5320.03,0.8488,52,50,0.2682,0.4684,0.2657,0.0288,0.352,6,4,0,1,1,0,1.0342,106.4,26.33,156.17,8798.23,8758.31,0,0.0,1.3243,0,1
2026-09-09T15:22:49.311796+00:00,bruteforce_ftp_v1,bruteforce_ftp_v1__run_001,initial_access,T1110.001,19,1,-0.0,0.926,0.0589,8937.81,8373.31,0.7862,95,89,0.3755,0.5643,0.2643,0.0212,0.328,9,7,0,1,0,0,1.058,94.08,24.85,180.12,5740.59,6765.61,0,0.0035,0.4731,0,2
2026-09-09T15:22:54.311796+00:00,bruteforce_ftp_v1,bruteforce_ftp_v1__run_001,initial_access,T1110.001,23,1,-0.0,1.0,0.0083,11322.36,12700.74,0.8322,115,129,0.3346,0.771,0.2988,0.0444,0.4319,11,7,2,2,2,0,0.8906,98.46,26.06,150.01,9288.1,6974.25,1,0.0047,0.7777,0,0
2026-09-09T15:22:59.311796+00:00,bruteforce_ftp_v1,bruteforce_ftp_v1__run_001,initial_access,T1110.001,18,1,-0.0,0.9968,0.0,11388.91,10650.74,0.7953,108,101,0.3071,0.4418,0.2192,0.0245,0.2928,8,6,1,1,1,0,1.0666,105.45,24.34,164.56,6653.89,7883.1,0,0.0203,0.0,0,0
2026-09-09T15:23:04.311796+00:00,bruteforce_ftp_v1,bruteforce_ftp_v1__run_001,initial_access,T1110.001,17,1,-0.0,1.0,0.0132,9706.2,13417.39,0.8657,102,141,0.2745,0.4595,0.2959,0.0193,0.3539,8,5,1,1,1,0,0.7217,95.16,26.95,139.59,7702.76,7548.61,0,0.0,1.3187,0,0
2026-09-09T15:23:09.311796+00:00,bruteforce_ftp_v1,bruteforce_ftp_v1__run_001,initial_access,T1110.001,19,1,-0.0,0.9983,0.0,11543.18,11340.67,0.8452,114,112,0.1502,0.3888,0.295,0.0407,0.4172,9,6,0,2,1,0,1.0171,101.26,26.89,173.88,10008.35,7147.4,0,0.0337,1.2326,0,1
2026-09-09T15:23:14.311796+00:00,bruteforce_ftp_v1,bruteforce_ftp_v1__run_001,initial_access,T1110.001,19,1,-0.0,0.9748,0.0569,15306.91,11580.88,0.9474,152,115,0.2604,0.7424,0.2968,0.0255,0.3733,9,6,1,1,1,0,1.3181,100.7,26.84,176.8,8133.83,6446.69,0,0.0,2.2273,0,0
2026-09-09T15:23:19.311796+00:00,bruteforce_ftp_v1,bruteforce_ftp_v1__run_001,initial_access,T1110.001,20,1,-0.0,1.0,0.0,7875.53,13880.63,0.7771,80,141,0.333,0.4681,0.2713,0.0327,0.3694,10,7,1,2,1,0,0.5645,98.44,21.62,124.56,7470.64,8905.32,0,0.0591,0.9868,0,1
2026-09-09T15:23:24.311796+00:00,bruteforce_ftp_v1,bruteforce_ftp_v1__run_001,initial_access,T1110.001,21,1,-0.0,0.9628,0.0561,16120.62,18094.58,0.8763,147,165,0.3357,0.9292,0.301,0.0234,0.3711,10,6,1,2,1,0,0.8905,109.66,25.32,154.22,9408.38,9001.26,0,0.0086,0.0378,0,0
2026-09-09T15:23:29.311796+00:00,bruteforce_ftp_v1,bruteforce_ftp_v1__run_001,initial_access,T1110.001,19,1,-0.0,0.9815,0.0083,8680.5,5756.54,0.8593,95,63,0.3902,0.8028,0.3004,0.0339,0.4023,10,6,0,1,1,0,1.5045,91.37,25.84,143.2,7971.85,8188.0,0,0.0418,1.8473,0,3
2026-09-09T15:23:34.311796+00:00,bruteforce_ftp_v1,bruteforce_ftp_v1__run_001,initial_access,T1110.001,13,1,-0.0,0.9869,0.024,7242.98,7242.98,0.7398,78,78,0.3609,1.0617,0.2625,0.0238,0.334,6,4,0,1,0,0,0.9964,92.86,21.73,139.87,8042.18,10356.13,0,0.0,0.1216,0,1
2026-09-09T15:23:39.311796+00:00,bruteforce_ftp_v1,bruteforce_ftp_v1__run_001,initial_access,T1110.001,15,1,-0.0,1.0,0.0,10855.46,11889.32,0.9178,105,115,0.3129,0.6353,0.2521,0.0357,0.3592,7,5,0,1,0,0,0.9107,103.39,29.14,173.59,7854.55,7557.12,0,0.0279,1.3278,0,0
2026-09-09T15:23:44.311796+00:00,bruteforce_ftp_v1,bruteforce_ftp_v1__run_001,initial_access,T1110.001,13,1,-0.0,1.0,0.0,9374.23,13220.07,0.8689,117,165,0.3105,0.8805,0.2848,0.0155,0.3314,6,4,1,1,0,0,0.7057,80.12,20.57,122.44,7443.88,9213.06,0,0.0224,1.0621,0,0
2026-09-09T15:23:49.311796+00:00,bruteforce_ftp_v1,bruteforce_ftp_v1__run_001,initial_access,T1110.001,16,1,-0.0,0.9911,0.0057,18085.44,16133.04,0.805,176,157,0.1738,0.4903,0.3156,0.0332,0.4151,7,5,0,2,1,0,1.1165,102.76,40.78,207.88,7777.95,7322.36,0,0.0121,1.1258,0,0
2026-09-09T15:23:54.311796+00:00,bruteforce_ftp_v1,bruteforce_ftp_v1__run_001,initial_access,T1110.001,22,1,-0.0,1.0,0.0034,17163.32,12189.86,0.8178,176,125,0.3045,0.583,0.3017,0.0311,0.395,10,7,1,2,1,0,1.4058,97.52,23.04,153.03,8320.83,7815.75,0,0.0222,1.7734,0,1
2026-09-09T15:23:59.311796+00:00,bruteforce_ftp_v1,bruteforce_ftp_v1__run_001,initial_access,T1110.001,18,1,-0.0,1.0,0.0058,12709.75,10591.46,0.92,126,105,0.394,1.0284,0.3175,0.0294,0.4057,9,5,0,0,1,0,1.194,100.87,23.75,154.61,7963.89,9086.88,0,0.0,0.9417,0,0
2026-09-09T15:24:04.311796+00:00,bruteforce_ftp_v1,bruteforce_ftp_v1__run_001,initial_access,T1110.001,23,1,-0.0,0.955,0.04,13740.82,14238.67,0.842,138,143,0.2766,0.6247,0.3256,0.0193,0.3835,11,7,1,1,1,0,0.9625,99.57,33.23,176.48,7935.09,8152.71,0,0.0,1.7975,0,0
2026-09-09T15:24:09.311796+00:00,bruteforce_ftp_v1,bruteforce_ftp_v1__run_001,initial_access,T1110.001,14,1,-0.0,1.0,0.0,9735.43,11126.2,0.8416,98,112,0.214,0.2755,0.3355,0.0326,0.4332,6,4,0,1,1,0,0.873,99.34,37.17,194.38,9188.83,9716.91,0,0.0405,0.8775,0,2
2026-09-09T15:24:14.311796+00:00,bruteforce_ftp_v1,bruteforce_ftp_v1__run_001,initial_access,T1110.001,14,1,-0.0,0.9697,0.0407,8380.46,7682.09,0.8444,84,77,0.382,0.799,0.3059,0.0384,0.421,7,4,1,1,0,0,1.0882,99.77,31.51,173.91,7981.19,9492.46,0,0.0498,1.1575,0,0
2026-09-09T15:24:19.311796+00:00,bruteforce_ftp_v1,bruteforce_ftp_v1__run_001,initial_access,T1110.001,20,1,-0.0,0.9765,0.0221,11986.7,15083.27,0.8296,120,151,0.3923,0.8928,0.2479,0.0185,0.3035,10,7,0,1,1,0,0.7942,99.89,29.41,162.62,8884.46,8452.29,0,0.0555,1.039,0,0
2026-09-09T15:24:24.311796+00:00,bruteforce_ftp_v1,bruteforce_ftp_v1__run_001,initial_access,T1110.001,20,1,-0.0,1.0,0.006,6883.76,7686.86,0.7882,60,67,0.3644,0.6131,0.2787,0.0371,0.3902,9,6,1,1,1,0,0.8918,114.73,49.18,228.45,8069.09,7925.18,0,0.001,0.8958,0,2
2026-09-09T15:24:29.311796+00:00,bruteforce_ftp_v1,bruteforce_ftp_v1__run_001,initial_access,T1110.001,18,1,-0.0,1.0,0.0,9481.53,8006.63,0.8036,90,76,0.2936,0.6544,0.2487,0.0151,0.2939,8,6,0,1,1,0,1.1791,105.35,34.44,181.33,5856.84,8411.85,0,0.073,1.0661,0,0
2026-09-09T15:24:34.311796+00:00,bruteforce_ftp_v1,bruteforce_ftp_v1__run_001,initial_access,T1110.001,19,1,-0.0,0.9789,0.0109,3431.32,2618.64,0.739,38,29,0.295,0.542,0.2826,0.0365,0.3923,9,7,0,1,1,0,1.2795,90.3,29.07,167.86,7838.75,9170.14,0,0.0422,0.6371,0,2
2026-09-09T15:24:39.311796+00:00,bruteforce_ftp_v1,bruteforce_ftp_v1__run_001,initial_access,T1110.001,18,1,-0.0,1.0,0.0399,10567.74,10469.89,0.8102,108,107,0.3059,0.3902,0.2632,0.0361,0.3715,9,5,1,1,1,0,1.0073,97.85,32.04,153.54,6603.89,8326.81,0,0.0,0.7093,0,0
2026-09-09T15:24:44.311796+00:00,bruteforce_ftp_v1,bruteforce_ftp_v1__run_001,initial_access,T1110.001,21,1,-0.0,1.0,0.0,8726.29,7479.67,0.8908,84,72,0.3383,0.9712,0.2562,0.0361,0.3645,11,7,0,1,1,0,1.1582,103.88,27.42,162.18,8953.44,11088.46,0,0.0179,0.4706,0,1
2026-09-09T15:24:49.311796+00:00,bruteforce_ftp_v1,bruteforce_ftp_v1__run_001,initial_access,T1110.001,20,1,-0.0,0.9835,0.0,20373.06,17520.83,0.8217,200,172,0.3973,0.557,0.2867,0.0409,0.4094,11,7,0,1,1,0,1.1617,101.87,29.56,153.79,8308.93,7878.44,0,0.0553,0.7078,0,0
2026-09-09T15:24:54.311796+00:00,bruteforce_ftp_v1,bruteforce_ftp_v1__run_001,initial_access,T1110.001,13,1,-0.0,1.0,0.0183,8728.62,8632.7,0.8758,91,90,0.2909,0.3857,0.2677,0.0236,0.3385,6,4,0,1,1,0,1.0045,95.92,24.79,148.57,9445.98,9776.32,0,0.0006,0.9513,0,0
2026-09-09T15:24:59.311796+00:00,bruteforce_ftp_v1,bruteforce_ftp_v1__run_001,initial_access,T1110.001,17,1,-0.0,1.0,0.004,3488.29,2667.52,0.9018,34,26,0.3142,0.5474,0.26,0.0183,0.3147,8,6,0,1,1,0,1.2861,102.6,35.39,168.57,8639.8,8043.56,0,0.035,1.0106,0,1
2026-09-09T15:25:04.311796+00:00,bruteforce_ftp_v1,bruteforce_ftp_v1__run_001,initial_access,T1110.001,14,1,-0.0,0.9885,0.015,12462.57,9099.65,0.9023,126,92,0.3952,0.8651,0.2766,0.0325,0.374,6,5,0,1,0,0,1.367,98.91,34.04,161.87,9283.34,10453.03,0,0.0186,1.6176,0,0
2026-09-09T15:25:09.311796+00:00,bruteforce_ftp_v1,bruteforce_ftp_v1__run_001,initial_access,T1110.001,24,1,-0.0,1.0,0.0038,7071.85,6678.97,0.8725,72,68,0.3173,0.8213,0.297,0.0304,0.3881,11,9,1,2,1,0,1.0473,98.22,30.16,199.41,7912.37,7804.69,0,0.0,0.8167,0,1
2026-09-09T15:25:14.311796+00:00,bruteforce_ftp_v1,bruteforce_ftp_v1__run_001,initial_access,T1110.001,24,1,-0.0,0.9879,0.0444,19412.7,12762.05,0.74,216,142,0.1566,0.3999,0.2829,0.02,0.3428,12,8,2,2,1,0,1.5171,89.87,28.86,187.01,6924.22,7518.37,0,0.0058,0.0,0,0
2026-09-09T15:25:19.311796+00:00,bruteforce_ftp_v1,bruteforce_ftp_v1__run_001,initial_access,T1110.001,7,1,-0.0,1.0,0.0,3077.74,3693.28,0.8324,35,42,0.1952,0.3025,0.2865,0.0193,0.3444,3,2,0,0,0,0,0.827,87.94,21.95,122.19,10015.0,8718.71,0,0.0087,1.2421,0,0
2026-09-09T15:25:24.311796+00:00,bruteforce_ftp_v1,bruteforce_ftp_v1__run_001,initial_access,T1110.001,25,1,-0.0,1.0,0.0,2463.05,1576.35,0.7691,25,16,0.174,0.3311,0.2769,0.0407,0.399,12,9,1,2,1,0,1.4831,98.52,29.42,173.94,8708.49,8572.08,0,0.0068,0.6715,0,1
2026-09-09T15:25:29.311796+00:00,bruteforce_ftp_v1,bruteforce_ftp_v1__run_001,initial_access,T1110.001,21,1,-0.0,0.9973,0.0302,10234.01,9746.68,0.8717,105,100,0.4154,0.8622,0.2905,0.0159,0.3382,10,7,1,2,1,0,1.0467,97.47,24.56,172.09,8386.29,7494.52,0,0.0863,0.5636,0,0
2026-09-09T15:25:34.311796+00:00,bruteforce_ftp_v1,bruteforce_ftp_v1__run_001,initial_access,T1110.001,15,1,-0.0,1.0,0.0,11013.85,8706.18,0.8632,105,83,0.1509,0.2912,0.2723,0.0142,0.3149,7,5,1,1,0,0,1.251,104.89,34.76,182.01,8740.44,9805.39,0,0.0055,1.3769,0,1
2026-09-09T15:25:39.311796+00:00,bruteforce_ftp_v1,bruteforce_ftp_v1__run_001,initial_access,T1110.001,16,1,-0.0,0.98,0.0314,13125.29,10459.22,0.7864,128,102,0.2611,0.7216,0.3218,0.0327,0.4198,8,5,1,1,1,0,1.2497,102.54,31.42,170.66,6969.74,7442.69,0,0.0145,0.0,0,0
2026-09-09T15:25:44.311796+00:00,bruteforce_ftp_v1,bruteforce_ftp_v1__run_001,initial_access,T1110.001,23,1,-0.0,1.0,0.0,12269.4,15470.11,0.9049,115,145,0.2674,0.3848,0.2436,0.0238,0.315,11,8,1,2,2,0,0.7903,106.69,38.25,219.83,8020.98,8414.8,1,0.0102,0.5541,0,1
2026-09-09T15:25:49.311796+00:00,bruteforce_ftp_v1,bruteforce_ftp_v1__run_001,initial_access,T1110.001,13,1,-0.0,0.9416,0.06,13191.26,12379.49,0.8202,130,122,0.1488,0.3668,0.317,0.0298,0.4065,6,4,0,1,0,0,1.0636,101.47,34.63,155.47,8820.15,7447.77,0,0.0237,0.2229,0,0
2026-09-09T15:25:54.311796+00:00,bruteforce_ftp_v1,bruteforce_ftp_v1__run_001,initial_access,T1110.001,19,1,-0.0,0.993,0.0027,12364.86,9761.73,0.883,133,105,0.2376,0.6461,0.3141,0.0177,0.3672,9,6,0,2,1,0,1.2646,92.97,26.18,145.74,8591.24,9126.84,0,0.0,0.6153,0,0
2026-09-09T15:25:59.311796+00:00,bruteforce_ftp_v1,bruteforce_ftp_v1__run_001,initial_access,T1110.001,22,1,-0.0,1.0,0.0,10920.62,12509.07,0.8554,110,126,0.3487,0.8057,0.2426,0.0355,0.349,11,7,0,1,0,0,0.8722,99.28,36.47,186.99,6490.21,8551.38,0,0.0,1.2481,0,1
2026-09-09T15:26:04.311796+00:00,bruteforce_ftp_v1,bruteforce_ftp_v1__run_001,initial_access,T1110.001,20,1,-0.0,0.9258,0.0433,4026.6,3422.61,0.8585,40,34,0.1646,0.2904,0.2417,0.0247,0.3157,9,6,1,1,1,0,1.1707,100.66,27.85,157.11,8336.55,9230.98,0,0.0009,0.9594,0,0
2026-09-09T15:26:09.311796+00:00,bruteforce_ftp_v1,bruteforce_ftp_v1__run_001,initial_access,T1110.001,13,1,-0.0,0.9939,0.0,3604.8,3327.51,0.8644,39,36,0.4025,0.5803,0.3151,0.0201,0.3754,6,4,0,1,1,0,1.0591,92.43,37.52,178.74,7591.49,7642.55,0,0.0175,0.7605,0,1
2026-09-09T15:26:14.311796+00:00,bruteforce_ftp_v1,bruteforce_ftp_v1__run_001,initial_access,T1110.001,15,1,-0.0,0.9844,0.0183,14842.2,11873.76,0.855,135,108,0.3727,0.4516,0.2856,0.025,0.3607,7,5,0,1,1,0,1.2462,109.94,35.86,203.27,6566.06,8074.77,0,0.0,0.0,0,0
2026-09-09T15:26:19.311796+00:00,bruteforce_ftp_v1,bruteforce_ftp_v1__run_001,initial_access,T1110.001,17,1,-0.0,0.9647,0.0268,8823.83,7059.07,0.8897,85,68,0.179,0.4796,0.2813,0.0405,0.4029,8,5,0,2,1,0,1.2326,103.81,32.06,164.54,6593.97,8116.02,0,0.0,0.0,0,1
2026-09-09T15:26:24.311796+00:00,bruteforce_ftp_v1,bruteforce_ftp_v1__run_001,initial_access,T1110.001,18,1,-0.0,0.9933,0.0,7078.34,8159.75,0.8565,72,83,0.4125,0.6884,0.3537,0.0295,0.4421,8,6,0,1,1,0,0.8609,98.31,25.09,153.03,8447.59,8532.57,0,0.0,1.0886,0,0
2026-09-09T15:26:29.311796+00:00,bruteforce_ftp_v1,bruteforce_ftp_v1__run_001,initial_access,T1110.001,20,1,-0.0,1.0,0.0401,9381.59,7505.27,0.8703,80,64,0.3604,0.8857,0.271,0.0355,0.3777,10,7,0,2,0,0,1.2467,117.27,41.14,234.49,8411.07,8669.72,0,0.0369,1.0968,0,0
2026-09-09T15:26:34.311796+00:00,bruteforce_ftp_v1,bruteforce_ftp_v1__run_001,initial_access,T1110.001,12,1,-0.0,0.9775,0.0359,7628.45,7900.9,0.8537,84,87,0.2201,0.2696,0.3241,0.0165,0.3737,5,4,0,1,0,0,0.9651,90.81,29.09,155.83,7105.86,8996.62,0,0.0626,0.06,0,0
2026-09-09T15:26:39.311796+00:00,bruteforce_ftp_v1,bruteforce_ftp_v1__run_001,initial_access,T1110.001,26,1,-0.0,1.0,0.0,8082.62,6839.14,0.8664,78,66,0.1794,0.2413,0.2661,0.03,0.3561,12,9,1,2,1,0,1.1684,103.62,26.86,166.04,7249.02,7422.81,0,0.002,1.6923,0,0
2026-09-09T15:26:44.311796+00:00,bruteforce_ftp_v1,bruteforce_ftp_v1__run_001,initial_access,T1110.001,22,1,-0.0,0.9654,0.0116,9954.18,8144.33,0.815,110,90,0.3637,0.6458,0.3033,0.0168,0.3536,10,7,1,1,2,0,1.2153,90.49,20.64,123.43,8235.15,6965.99,1,0.0226,0.0971,0,1
2026-09-09T15:26:49.311796+00:00,bruteforce_ftp_v1,bruteforce_ftp_v1__run_001,initial_access,T1110.001,17,1,-0.0,1.0,0.0032,3360.87,2965.47,0.7842,34,30,0.2889,0.6243,0.2512,0.037,0.362,8,5,0,2,1,0,1.1044,98.85,21.18,131.38,7997.17,8426.76,0,0.0839,1.4558,0,0
2026-09-09T15:26:54.311796+00:00,bruteforce_ftp_v1,bruteforce_ftp_v1__run_001,initial_access,T1110.001,23,1,-0.0,1.0,0.0,6414.7,6042.83,0.9179,69,65,0.295,0.6398,0.2407,0.0233,0.3106,11,7,1,2,1,0,1.0535,92.97,18.94,129.17,9195.22,10315.42,0,0.0465,0.5552,0,0
2026-09-09T15:26:59.311796+00:00,bruteforce_ftp_v1,bruteforce_ftp_v1__run_001,initial_access,T1110.001,26,1,-0.0,0.9944,0.0134,13916.22,13702.13,0.8493,130,128,0.3924,0.6597,0.2101,0.0209,0.2728,13,8,2,2,2,0,1.0149,107.05,30.48,170.96,7858.77,7196.74,1,0.0158,1.6584,0,0
2026-09-09T15:27:04.311796+00:00,bruteforce_ftp_v1,bruteforce_ftp_v1__run_001,initial_access,T1110.001,13,1,-0.0,0.9393,0.0779,8521.09,7303.79,0.8829,91,78,0.3735,0.8656,0.351,0.0277,0.4341,6,4,0,1,1,0,1.1561,93.64,17.19,122.75,6702.1,8069.67,0,0.0213,0.5659,0,1
2026-09-09T15:27:09.311796+00:00,bruteforce_ftp_v1,bruteforce_ftp_v1__run_001,initial_access,T1110.001,14,1,-0.0,1.0,0.0,14006.06,11588.35,0.7651,168,139,0.2653,0.4988,0.3102,0.027,0.3912,6,5,0,1,1,0,1.2074,83.37,20.55,130.85,7587.37,6786.33,0,0.0,1.1813,0,0
2026-09-09T15:27:14.311796+00:00,bruteforce_ftp_v1,bruteforce_ftp_v1__run_001,initial_access,T1110.001,17,1,-0.0,1.0,0.0094,16350.18,15388.41,0.8819,153,144,0.342,0.7549,0.3742,0.0348,0.4786,8,5,0,1,1,0,1.057,106.86,48.01,266.58,8066.24,6498.85,0,0.0,1.597,0,1
2026-09-09T15:27:19.311796+00:00,bruteforce_ftp_v1,bruteforce_ftp_v1__run_001,initial_access,T1110.001,16,1,-0.0,0.9895,0.0153,11845.62,14066.68,0.8732,128,152,0.3351,0.4621,0.3143,0.0464,0.4536,8,5,0,2,1,0,0.8419,92.54,23.32,134.31,9355.51,7730.31,0,0.0,0.7125,0,2
2026-09-09T15:27:24.311796+00:00,bruteforce_ftp_v1,bruteforce_ftp_v1__run_001,initial_access,T1110.001,15,1,-0.0,0.977,0.036,8560.08,12174.33,0.8777,90,128,0.2088,0.5517,0.3174,0.0268,0.3978,7,5,0,2,1,0,0.7013,95.11,29.8,164.91,7974.27,6751.02,0,0.0577,1.5925,0,0
2026-09-09T15:27:29.311796+00:00,bruteforce_ftp_v1,bruteforce_ftp_v1__run_001,initial_access,T1110.001,23,1,-0.0,0.9591,0.0285,8738.06,7123.42,0.8975,92,75,0.2945,0.66,0.2681,0.0227,0.3363,10,7,0,3,2,0,1.221,94.98,34.63,180.92,9085.71,8374.55,1,0.0068,1.1115,0,0
2026-09-09T15:27:34.311796+00:00,bruteforce_ftp_v1,bruteforce_ftp_v1__run_001,initial_access,T1110.001,9,1,-0.0,1.0,0.0022,4451.97,3380.2,0.8788,54,41,0.1583,0.2622,0.2969,0.0189,0.3536,4,3,0,0,0,0,1.3081,82.44,25.32,119.07,9617.28,8385.46,0,0.0247,1.1619,0,0
2026-09-09T15:27:39.311796+00:00,bruteforce_ftp_v1,bruteforce_ftp_v1__run_001,initial_access,T1110.001,17,1,-0.0,1.0,0.0,8155.62,10434.39,0.8317,68,87,0.4389,0.5688,0.2426,0.032,0.3386,8,5,0,1,1,0,0.7789,119.94,38.91,180.03,9579.9,8728.88,0,0.0164,0.609,0,1
2026-09-09T15:27:44.311796+00:00,bruteforce_ftp_v1,bruteforce_ftp_v1__run_001,initial_access,T1110.001,14,1,-0.0,0.9687,0.0587,9158.36,8177.1,0.8803,84,75,0.1556,0.2472,0.2777,0.0194,0.336,7,5,0,1,0,0,1.118,109.03,23.06,145.92,9204.05,9036.78,0,0.0,1.9611,0,0
2026-09-09T15:27:49.311796+00:00,bruteforce_ftp_v1,bruteforce_ftp_v1__run_001,initial_access,T1110.001,18,1,-0.0,1.0,0.0,9541.68,7686.35,0.9396,108,87,0.1663,0.3566,0.3144,0.0224,0.3817,8,6,0,1,1,0,1.2395,88.35,24.67,138.79,6855.77,7263.21,0,0.0,0.3338,0,0
2026-09-09T15:27:54.311796+00:00,bruteforce_ftp_v1,bruteforce_ftp_v1__run_001,initial_access,T1110.001,16,1,-0.0,1.0,0.0226,11447.99,10323.63,0.8402,112,101,0.3076,0.4858,0.3471,0.0399,0.4669,8,6,0,1,1,0,1.1068,102.21,33.46,172.17,7066.11,9265.33,0,0.0482,0.5807,0,0
2026-09-09T15:27:59.311796+00:00,bruteforce_ftp_v1,bruteforce_ftp_v1__run_001,initial_access,T1110.001,12,1,-0.0,1.0,0.0019,4698.55,3993.77,0.8963,60,51,0.3055,0.9005,0.2772,0.0313,0.3711,5,4,0,1,0,0,1.1732,78.31,17.99,111.71,9130.8,8701.09,0,0.0155,1.0756,0,1
2026-09-09T15:28:04.311796+00:00,bruteforce_ftp_v1,bruteforce_ftp_v1__run_001,initial_access,T1110.001,18,1,-0.0,0.9861,0.0402,12325.75,10858.39,0.8957,126,111,0.2778,0.6067,0.2609,0.0236,0.3318,9,6,0,1,1,0,1.1259,97.82,34.44,178.83,9270.83,8466.88,0,0.0025,2.0814,0,1
2026-09-09T15:28:09.311796+00:00,bruteforce_ftp_v1,bruteforce_ftp_v1__run_001,initial_access,T1110.001,21,1,-0.0,0.9167,0.0922,9117.98,6621.39,0.8733,84,61,0.3415,0.7256,0.2785,0.0397,0.3975,10,6,1,1,1,0,1.369,108.55,36.27,198.14,6692.14,7485.66,0,0.0406,0.774,0,0
2026-09-09T15:28:14.311796+00:00,bruteforce_ftp_v1,bruteforce_ftp_v1__run_001,initial_access,T1110.001,16,1,-0.0,1.0,0.0,9684.31,9079.04,0.8516,96,90,0.2582,0.4852,0.2419,0.0143,0.2848,8,5,0,1,1,0,1.0661,100.88,26.28,164.15,8075.81,8144.24,0,0.0008,1.2929,0,1
2026-09-09T15:28:19.311796+00:00,bruteforce_ftp_v1,bruteforce_ftp_v1__run_001,initial_access,T1110.001,21,1,-0.0,1.0,0.0038,9382.27,12420.34,0.8882,105,139,0.2036,0.3652,0.3672,0.0543,0.53,10,7,0,1,1,0,0.7512,89.35,17.67,122.86,8580.34,8004.63,0,0.0657,0.5882,0,1
2026-09-09T15:28:24.311796+00:00,bruteforce_ftp_v1,bruteforce_ftp_v1__run_001,initial_access,T1110.001,12,1,-0.0,1.0,0.0,5507.53,4222.44,0.8458,60,46,0.2908,0.8056,0.3243,0.031,0.4172,6,4,0,0,1,0,1.2913,91.79,30.53,171.86,9906.14,9226.27,0,0.0213,0.6263,0,0
2026-09-09T15:28:29.311796+00:00,bruteforce_ftp_v1,bruteforce_ftp_v1__run_001,initial_access,T1110.001,15,1,-0.0,1.0,0.0,3221.16,3435.91,0.7876,30,32,0.1742,0.4129,0.3269,0.0222,0.3934,7,5,0,1,1,0,0.9209,107.37,23.12,140.7,7483.65,8140.41,0,0.0465,1.2791,0,1
2026-09-09T15:28:34.311796+00:00,bruteforce_ftp_v1,bruteforce_ftp_v1__run_001,initial_access,T1110.001,24,1,-0.0,1.0,0.0,9198.7,9007.06,0.8611,96,94,0.2833,0.6305,0.3155,0.042,0.4414,10,7,1,2,1,0,1.0196,95.82,25.98,155.92,8852.37,7923.87,0,0.0203,1.1563,0,0
2026-09-09T15:28:39.311796+00:00,bruteforce_ftp_v1,bruteforce_ftp_v1__run_001,initial_access,T1110.001,18,1,-0.0,1.0,0.0,20480.36,21238.89,0.8298,216,224,0.3077,0.7233,0.2899,0.0297,0.3789,9,6,1,1,1,0,0.9616,94.82,17.13,119.38,7927.37,5704.71,0,0.0159,0.4853,0,0
2026-09-09T15:28:44.311796+00:00,bruteforce_ftp_v1,bruteforce_ftp_v1__run_001,initial_access,T1110.001,15,1,-0.0,1.0,0.0,11426.56,8379.48,0.7178,120,88,0.2943,0.4604,0.2579,0.0225,0.3255,7,4,0,1,0,0,1.3583,95.22,26.13,174.6,6716.51,8754.93,0,0.0474,1.1865,0,0
2026-09-09T15:28:49.311796+00:00,bruteforce_ftp_v1,bruteforce_ftp_v1__run_001,initial_access,T1110.001,27,1,-0.0,1.0,0.0,19327.04,15645.7,0.8931,189,153,0.315,0.4222,0.2407,0.0155,0.2874,13,9,1,2,1,0,1.23,102.26,27.42,172.29,9665.39,8501.79,0,0.0046,0.6459,0,0
2026-09-09T15:28:54.311796+00:00,bruteforce_ftp_v1,bruteforce_ftp_v1__run_001,initial_access,T1110.001,16,1,-0.0,0.9779,0.0075,5166.11,3766.95,0.8435,48,35,0.3839,0.8341,0.2609,0.0223,0.3279,7,6,0,1,1,0,1.3688,107.63,23.86,151.54,8761.29,8330.51,0,0.0104,1.0637,0,0
2026-09-09T15:28:59.311796+00:00,bruteforce_ftp_v1,bruteforce_ftp_v1__run_001,initial_access,T1110.001,24,1,-0.0,1.0,0.0,32005.33,34551.21,0.8685,264,285,0.3154,0.9048,0.3953,0.0516,0.5501,13,8,1,2,1,0,0.9238,121.23,31.74,194.35,7637.81,8610.29,0,0.0,1.5323,0,0
2026-09-09T15:29:04.311796+00:00,bruteforce_ftp_v1,bruteforce_ftp_v1__run_001,initial_access,T1110.001,19,1,-0.0,1.0,0.0,15218.8,14188.96,0.8284,133,124,0.2491,0.4096,0.2349,0.0274,0.3172,9,6,0,2,1,0,1.0654,114.43,34.41,205.56,9104.88,7729.64,0,0.0,1.3489,0,0
2026-09-09T15:29:09.311796+00:00,bruteforce_ftp_v1,bruteforce_ftp_v1__run_001,initial_access,T1110.001,22,1,-0.0,0.9612,0.0252,18191.86,14332.98,0.7432,198,156,0.161,0.3917,0.3082,0.0436,0.439,10,8,0,1,1,0,1.2648,91.88,26.09,151.45,10332.97,8739.84,0,0.0227,1.0292,0,0
2026-09-09T15:29:14.311796+00:00,bruteforce_ftp_v1,bruteforce_ftp_v1__run_001,initial_access,T1110.001,16,1,-0.0,0.9438,0.0502,5180.84,5504.64,0.8857,48,51,0.3651,0.7398,0.3366,0.0333,0.4366,8,5,0,1,1,0,0.94,107.93,25.65,169.43,6309.32,7296.61,0,0.0033,0.5302,0,1
2026-09-09T15:29:19.311796+00:00,bruteforce_ftp_v1,bruteforce_ftp_v1__run_001,initial_access,T1110.001,18,1,-0.0,1.0,0.0,5362.21,4567.81,0.8378,54,46,0.2353,0.6372,0.2081,0.0173,0.2599,8,6,0,1,1,0,1.1668,99.3,26.69,142.3,6367.75,10081.61,0,0.0592,0.12,0,0
2026-09-09T15:29:24.311796+00:00,bruteforce_ftp_v1,bruteforce_ftp_v1__run_001,initial_access,T1110.001,15,1,-0.0,0.9854,0.0026,12906.44,11472.39,0.7679,135,120,0.1759,0.2438,0.3064,0.0293,0.3943,7,5,0,1,1,0,1.1183,95.6,29.62,162.72,7549.1,7163.21,0,0.0418,1.0441,0,1
2026-09-09T15:29:29.311796+00:00,bruteforce_ftp_v1,bruteforce_ftp_v1__run_001,initial_access,T1110.001,20,1,-0.0,0.9716,0.0324,22950.7,23576.63,0.8762,220,226,0.4108,0.553,0.3067,0.0195,0.3652,10,7,0,2,1,0,0.9732,104.32,36.01,184.09,7848.59,8572.57,0,0.0142,0.8385,0,0
2026-09-09T15:29:34.311796+00:00,bruteforce_ftp_v1,bruteforce_ftp_v1__run_001,initial_access,T1110.001,27,1,-0.0,0.9584,0.0708,22159.51,18876.62,0.9179,216,184,0.1789,0.4407,0.2888,0.0238,0.3601,14,8,0,3,1,0,1.1735,102.59,36.11,187.7,9039.9,8051.87,0,0.0174,2.0567,0,1
2026-09-09T15:29:39.311796+00:00,bruteforce_ftp_v1,bruteforce_ftp_v1__run_001,initial_access,T1110.001,8,1,-0.0,1.0,0.0,2513.6,2199.4,0.79,24,21,0.2536,0.7251,0.2991,0.0384,0.4144,3,2,0,0,0,0,1.1224,104.73,34.84,169.86,6998.93,8956.84,0,0.0,1.2674,0,0
2026-09-09T15:29:44.311796+00:00,bruteforce_ftp_v1,bruteforce_ftp_v1__run_001,initial_access,T1110.001,14,1,-0.0,1.0,0.0,7701.2,8251.28,0.8175,84,90,0.3447,0.7763,0.2962,0.0259,0.3738,6,4,0,0,0,0,0.927,91.68,27.98,154.78,9767.56,7576.29,0,0.0,1.2685,0,1
2026-09-09T15:29:49.311796+00:00,bruteforce_ftp_v1,bruteforce_ftp_v1__run_001,initial_access,T1110.001,26,1,-0.0,1.0,0.0124,11641.96,10656.88,0.9053,130,119,0.1664,0.2335,0.2466,0.0228,0.3151,12,8,1,2,2,0,1.0861,89.55,28.98,166.76,8215.16,9906.31,1,0.0,1.1185,0,0
2026-09-09T15:29:54.311796+00:00,bruteforce_ftp_v1,bruteforce_ftp_v1__run_001,initial_access,T1110.001,18,1,-0.0,1.0,0.0,5150.49,4005.94,0.818,54,42,0.4233,1.0219,0.2061,0.0169,0.2567,9,6,0,2,1,0,1.2747,95.38,26.54,177.73,6620.55,8418.94,0,0.0,0.8546,0,1
2026-09-09T15:29:59.311796+00:00,bruteforce_ftp_v1,bruteforce_ftp_v1__run_001,initial_access,T1110.001,21,1,-0.0,0.9879,0.0244,14653.72,10118.05,0.8144,126,87,0.3559,0.8436,0.3041,0.0281,0.3885,10,7,0,2,2,0,1.4355,116.3,39.71,195.07,9476.76,11212.66,1,0.0,0.8688,0,0
2026-09-09T15:30:04.311796+00:00,bruteforce_ftp_v1,bruteforce_ftp_v1__run_001,initial_access,T1110.001,19,1,-0.0,1.0,0.0224,6291.22,5849.73,0.8348,57,53,0.2354,0.6268,0.2801,0.02,0.3401,9,6,0,1,1,0,1.066,110.37,30.18,167.4,9152.37,5980.4,0,0.0275,0.4936,0,1
2026-09-09T15:30:09.311796+00:00,bruteforce_ftp_v1,bruteforce_ftp_v1__run_001,initial_access,T1110.001,22,1,-0.0,0.9857,0.0302,17188.93,15528.64,0.8834,176,159,0.1872,0.2254,0.3075,0.0404,0.4287,11,8,1,2,2,0,1.1037,97.66,25.22,158.71,8313.57,7271.37,1,0.0597,0.7481,0,0
2026-09-09T15:30:14.311796+00:00,bruteforce_ftp_v1,bruteforce_ftp_v1__run_001,initial_access,T1110.001,21,1,-0.0,0.9894,0.0096,16735.35,13348.43,0.8312,168,134,0.3678,0.5204,0.3368,0.0425,0.4644,10,7,1,2,1,0,1.2501,99.62,27.18,172.38,9134.83,9148.48,0,0.0085,1.1643,0,0
2026-09-09T15:30:19.311796+00:00,bruteforce_ftp_v1,bruteforce_ftp_v1__run_001,initial_access,T1110.001,10,1,-0.0,1.0,0.0324,3265.84,4245.59,0.8494,30,39,0.1392,0.1961,0.3085,0.0368,0.4189,5,3,0,1,0,0,0.7635,108.86,31.05,181.37,8464.97,8384.6,0,0.0163,0.0,0,0
2026-09-09T15:30:24.311796+00:00,bruteforce_ftp_v1,bruteforce_ftp_v1__run_001,initial_access,T1110.001,13,1,-0.0,0.9763,0.0303,4924.81,5493.06,0.8792,52,58,0.2009,0.465,0.2497,0.0173,0.3017,6,4,0,1,0,0,0.8901,94.71,21.4,132.4,10243.59,7558.63,0,0.0,0.5765,0,1
2026-09-09T15:30:29.311796+00:00,bruteforce_ftp_v1,bruteforce_ftp_v1__run_001,initial_access,T1110.001,20,1,-0.0,0.9801,0.0087,7234.25,5154.4,0.8335,80,57,0.1457,0.3161,0.3113,0.0444,0.4446,9,7,1,2,1,0,1.3835,90.43,25.52,125.36,9522.35,8349.51,0,0.0239,0.4479,0,1
2026-09-09T15:30:34.311796+00:00,bruteforce_ftp_v1,bruteforce_ftp_v1__run_001,initial_access,T1110.001,24,1,-0.0,1.0,0.0036,11236.36,9644.54,0.8931,120,103,0.2167,0.3545,0.2547,0.022,0.3209,11,8,1,2,2,0,1.16,93.64,32.54,175.2,11142.0,9613.61,1,0.013,0.7006,0,0
2026-09-09T15:30:39.311796+00:00,bruteforce_ftp_v1,bruteforce_ftp_v1__run_001,initial_access,T1110.001,15,1,-0.0,0.9904,0.0085,9046.74,9850.89,0.7296,90,98,0.2093,0.4964,0.3087,0.0433,0.4385,7,4,0,1,1,0,0.9143,100.52,29.77,167.78,8081.97,10312.52,0,0.0298,1.2575,0,2
2026-09-09T15:30:44.311796+00:00,bruteforce_ftp_v1,bruteforce_ftp_v1__run_001,initial_access,T1110.001,10,1,-0.0,0.957,0.059,4513.6,3949.4,0.8579,40,35,0.1848,0.3663,0.3016,0.0433,0.4316,5,3,0,1,0,0,1.1176,112.84,56.67,276.9,8902.72,7244.72,0,0.0067,1.0344,0,0
2026-09-09T15:30:49.311796+00:00,bruteforce_ftp_v1,bruteforce_ftp_v1__run_001,initial_access,T1110.001,18,1,-0.0,0.9936,0.0105,5189.89,4421.01,0.8733,54,46,0.2031,0.3802,0.2641,0.0295,0.3526,8,6,1,1,1,0,1.164,96.11,28.58,156.63,8850.62,8817.56,0,0.0174,0.8651,0,0
2026-09-09T15:30:54.311796+00:00,bruteforce_ftp_v1,bruteforce_ftp_v1__run_001,initial_access,T1110.001,23,1,-0.0,1.0,0.0089,27455.68,26153.44,0.8596,253,241,0.3985,1.1117,0.2415,0.0197,0.3006,11,7,1,2,2,0,1.0489,108.52,48.66,283.86,7943.59,7519.7,1,0.0401,1.3968,0,2
2026-09-09T15:30:59.311796+00:00,bruteforce_ftp_v1,bruteforce_ftp_v1__run_001,initial_access,T1110.001,17,1,-0.0,1.0,0.0,11010.27,8203.73,0.8592,102,76,0.2449,0.6034,0.3238,0.0326,0.4216,8,5,1,1,1,0,1.3307,107.94,31.08,171.0,7033.8,6885.93,0,0.0492,1.2499,0,1
2026-09-09T15:31:04.311796+00:00,bruteforce_ftp_v1,bruteforce_ftp_v1__run_001,initial_access,T1110.001,13,1,-0.0,0.9887,0.059,1137.2,787.29,0.8129,13,9,0.3638,0.6055,0.2674,0.0347,0.3715,6,4,0,1,1,0,1.3357,87.48,30.26,179.59,8239.57,9648.15,0,0.0085,1.1844,0,0
2026-09-09T15:31:09.311796+00:00,bruteforce_ftp_v1,bruteforce_ftp_v1__run_001,initial_access,T1110.001,22,1,-0.0,1.0,0.0048,9033.28,8827.98,0.7947,88,86,0.4419,0.725,0.2503,0.0192,0.3078,11,7,1,2,2,0,1.0133,102.65,27.09,163.95,7850.27,9558.47,1,0.0011,0.8438,0,1
2026-09-09T15:31:14.311796+00:00,bruteforce_ftp_v1,bruteforce_ftp_v1__run_001,initial_access,T1110.001,14,1,-0.0,1.0,0.0,7781.72,10282.98,0.8054,84,111,0.3681,0.6673,0.2733,0.0273,0.3553,7,4,0,1,1,0,0.754,92.64,34.44,186.81,7592.63,8563.65,0,0.0,1.6911,0,0
2026-09-09T15:31:19.311796+00:00,bruteforce_ftp_v1,bruteforce_ftp_v1__run_001,initial_access,T1110.001,19,1,-0.0,0.9865,0.0218,15674.61,12684.06,0.8762,152,123,0.2151,0.4022,0.2643,0.0284,0.3494,9,7,0,2,1,0,1.2287,103.12,24.71,151.42,6601.04,8282.43,0,0.0,1.2589,0,0
2026-09-09T15:31:24.311796+00:00,bruteforce_ftp_v1,bruteforce_ftp_v1__run_001,initial_access,T1110.001,20,1,-0.0,1.0,0.0,12848.5,11563.65,0.8019,120,108,0.3748,0.535,0.2363,0.0271,0.3176,10,6,0,1,2,0,1.1057,107.07,35.23,175.38,8155.84,9941.83,1,0.0173,0.9858,0,0
2026-09-09T15:31:29.311796+00:00,bruteforce_ftp_v1,bruteforce_ftp_v1__run_001,initial_access,T1110.001,18,1,-0.0,0.9664,0.0196,6310.41,5784.55,0.8546,72,66,0.2709,0.3819,0.2801,0.0305,0.3717,8,6,0,1,1,0,1.0859,87.64,23.85,144.35,10140.86,8363.66,0,0.0066,0.6148,0,0
2026-09-09T15:31:34.311796+00:00,bruteforce_ftp_v1,bruteforce_ftp_v1__run_001,initial_access,T1110.001,15,1,-0.0,1.0,0.0027,8289.06,6907.55,0.8918,90,75,0.166,0.4873,0.2604,0.0276,0.3433,7,6,1,1,1,0,1.1946,92.1,19.98,123.21,9598.02,7257.53,0,0.0417,0.4675,0,1
2026-09-09T15:31:39.311796+00:00,bruteforce_ftp_v1,bruteforce_ftp_v1__run_001,initial_access,T1110.001,22,1,-0.0,1.0,0.0085,10462.71,10462.71,0.9015,110,110,0.1837,0.4897,0.3168,0.0253,0.3927,10,8,1,2,1,0,0.9918,95.12,25.55,152.18,6717.49,8101.47,0,0.0,1.4371,0,2
2026-09-09T15:31:44.311796+00:00,bruteforce_ftp_v1,bruteforce_ftp_v1__run_001,initial_access,T1110.001,18,1,-0.0,0.9942,0.0219,5074.21,5919.91,0.89,54,63,0.4159,1.194,0.3191,0.0346,0.4229,9,6,0,1,1,0,0.8553,93.97,26.34,151.62,8895.15,7747.41,0,0.0057,1.0711,0,0
2026-09-09T15:31:49.311796+00:00,bruteforce_ftp_v1,bruteforce_ftp_v1__run_001,initial_access,T1110.001,14,1,-0.0,1.0,0.0101,16277.03,14268.82,0.8491,154,135,0.3762,0.8369,0.3018,0.0348,0.4061,6,4,0,1,1,0,1.1406,105.69,32.35,153.77,8139.33,7281.04,0,0.0009,1.1207,0,0
2026-09-09T15:31:54.311796+00:00,bruteforce_ftp_v1,bruteforce_ftp_v1__run_001,initial_access,T1110.001,16,1,-0.0,0.9966,0.0,4479.31,4106.04,0.8544,48,44,0.3825,0.9242,0.3073,0.0251,0.3824,7,5,0,2,1,0,1.0705,93.32,20.93,134.31,9761.87,7796.46,0,0.026,1.2872,0,2
2026-09-09T15:31:59.311796+00:00,bruteforce_ftp_v1,bruteforce_ftp_v1__run_001,initial_access,T1110.001,16,1,-0.0,1.0,0.0113,10579.86,6895.8,0.8418,112,73,0.3798,0.8457,0.236,0.0328,0.3344,7,5,0,1,1,0,1.5231,94.46,36.88,210.39,6420.71,7435.34,0,0.0551,1.1669,0,1
2026-09-09T15:32:04.311796+00:00,bruteforce_ftp_v1,bruteforce_ftp_v1__run_001,initial_access,T1110.001,17,1,-0.0,1.0,0.0,11379.29,16351.75,0.8471,119,171,0.1438,0.226,0.2467,0.0309,0.3392,8,6,0,1,1,0,0.6955,95.62,28.78,132.86,8121.88,10128.05,0,0.0516,0.498,0,1
2026-09-09T15:32:09.311796+00:00,bruteforce_ftp_v1,bruteforce_ftp_v1__run_001,initial_access,T1110.001,16,1,-0.0,1.0,0.0,7432.12,5016.68,0.8021,80,54,0.3437,0.7271,0.248,0.0286,0.3337,8,5,0,1,1,0,1.462,92.9,22.11,128.4,6839.5,8153.09,0,0.0684,0.8719,0,0
2026-09-09T15:32:14.311796+00:00,bruteforce_ftp_v1,bruteforce_ftp_v1__run_001,initial_access,T1110.001,20,1,-0.0,1.0,0.0139,23975.56,23575.97,0.8375,240,236,0.3999,1.1957,0.2611,0.0331,0.3604,10,7,1,1,1,0,1.0157,99.9,25.33,155.32,9318.31,7351.43,0,0.0018,1.131,0,0
2026-09-09T15:32:19.311796+00:00,bruteforce_ftp_v1,bruteforce_ftp_v1__run_001,initial_access,T1110.001,21,1,-0.0,0.9432,0.0529,13134.12,12508.68,0.8259,126,120,0.2593,0.374,0.2693,0.03,0.3594,10,7,1,1,1,0,1.0418,104.24,27.34,165.0,8878.0,9345.2,0,0.0,0.7731,0,0
2026-09-09T15:32:24.311796+00:00,bruteforce_ftp_v1,bruteforce_ftp_v1__run_001,initial_access,T1110.001,15,1,-0.0,0.9618,0.042,9090.13,5973.51,0.8216,105,69,0.3909,0.6811,0.2902,0.0213,0.354,7,5,0,1,1,0,1.5138,86.57,30.04,143.61,8634.89,8309.32,0,0.0458,1.5576,0,0
2026-09-09T15:32:29.311796+00:00,bruteforce_ftp_v1,bruteforce_ftp_v1__run_001,initial_access,T1110.001,11,1,-0.0,0.9789,0.0083,3055.06,2592.17,0.8573,33,28,0.2314,0.3229,0.2765,0.0376,0.3893,5,3,0,0,0,0,1.1769,92.58,25.74,132.83,7457.22,7250.08,0,0.0288,1.1418,0,1
2026-09-09T15:32:34.311796+00:00,bruteforce_ftp_v1,bruteforce_ftp_v1__run_001,initial_access,T1110.001,16,1,-0.0,1.0,0.0079,11113.42,9426.56,0.819,112,95,0.3871,0.9683,0.3251,0.0359,0.4327,8,5,0,1,1,0,1.1784,99.23,20.04,145.96,7949.73,8183.99,0,0.0,1.0859,0,0
2026-09-09T15:32:39.311796+00:00,bruteforce_ftp_v1,bruteforce_ftp_v1__run_001,initial_access,T1110.001,16,1,-0.0,1.0,0.009,7725.71,8594.86,0.8554,80,89,0.2411,0.2987,0.3227,0.0292,0.4103,8,5,1,1,1,0,0.897,96.57,27.04,134.78,7613.48,7852.4,0,0.0546,1.4908,0,0
2026-09-09T15:32:44.311796+00:00,bruteforce_ftp_v1,bruteforce_ftp_v1__run_001,initial_access,T1110.001,19,1,-0.0,0.9513,0.0478,13649.83,9544.61,0.9804,133,93,0.1966,0.3173,0.2747,0.0259,0.3524,9,6,0,2,1,0,1.4158,102.63,27.52,161.14,8795.39,8514.32,0,0.0297,1.0282,0,1
2026-09-09T15:32:49.311796+00:00,bruteforce_ftp_v1,bruteforce_ftp_v1__run_001,initial_access,T1110.001,30,1,-0.0,1.0,0.0541,12509.86,15845.82,0.7747,120,152,0.1733,0.2603,0.2693,0.0327,0.3674,15,10,1,3,4,0,0.788,104.25,29.12,164.56,7886.14,9133.3,3,0.0348,0.4814,0,1
2026-09-09T15:32:54.311796+00:00,bruteforce_ftp_v1,bruteforce_ftp_v1__run_001,initial_access,T1110.001,16,1,-0.0,0.991,0.0059,8466.24,8254.59,0.8158,80,78,0.2567,0.4949,0.2781,0.0313,0.3719,7,5,0,1,1,0,1.019,105.83,21.74,140.39,6495.49,8996.98,0,0.0684,1.4181,0,0
2026-09-09T15:32:59.311796+00:00,bruteforce_ftp_v1,bruteforce_ftp_v1__run_001,initial_access,T1110.001,17,1,-0.0,1.0,0.0103,7707.5,9861.06,0.809,68,87,0.3623,0.6113,0.2711,0.0383,0.3859,8,6,0,1,1,0,0.7771,113.35,37.87,185.03,9109.03,7801.11,0,0.0308,0.3862,0,1
2026-09-09T15:33:04.311796+00:00,bruteforce_ftp_v1,bruteforce_ftp_v1__run_001,initial_access,T1110.001,15,1,-0.0,1.0,0.0,10759.43,7800.59,0.875,120,87,0.3173,0.4722,0.3521,0.0266,0.4319,7,5,1,1,1,0,1.3765,89.66,19.31,138.47,8181.1,8509.77,0,0.0513,0.2125,0,0
2026-09-09T15:33:09.311796+00:00,bruteforce_ftp_v1,bruteforce_ftp_v1__run_001,initial_access,T1110.001,11,1,-0.0,0.9762,0.0142,4570.0,3572.91,0.8801,55,43,0.2353,0.3185,0.3224,0.0374,0.4346,5,3,0,0,0,0,1.2691,83.09,17.48,113.12,7321.58,9303.34,0,0.0019,1.0527,0,0
2026-09-09T15:33:14.311796+00:00,bruteforce_ftp_v1,bruteforce_ftp_v1__run_001,initial_access,T1110.001,20,1,-0.0,1.0,0.0036,17256.27,21857.94,0.8795,180,228,0.3898,0.4986,0.3235,0.0196,0.3823,10,6,0,1,1,0,0.7867,95.87,25.13,142.72,8262.99,7431.5,0,0.0,0.363,0,1
2026-09-09T15:33:19.311796+00:00,bruteforce_ftp_v1,bruteforce_ftp_v1__run_001,initial_access,T1110.001,19,1,-0.0,1.0,0.0,8742.54,8374.43,0.8374,95,91,0.1494,0.342,0.2578,0.0222,0.3243,9,6,1,1,1,0,1.0412,92.03,18.66,130.0,9778.68,7549.5,0,0.0099,0.7267,0,0
2026-09-09T15:33:24.311796+00:00,bruteforce_ftp_v1,bruteforce_ftp_v1__run_001,initial_access,T1110.001,18,1,-0.0,0.9982,0.0035,11594.97,10858.78,0.8442,126,118,0.2975,0.4103,0.2757,0.0202,0.3362,8,6,0,1,1,0,1.0601,92.02,28.66,158.96,7328.17,8617.49,0,0.0,0.8625,0,3
2026-09-09T15:33:29.311796+00:00,bruteforce_ftp_v1,bruteforce_ftp_v1__run_001,initial_access,T1110.001,16,1,-0.0,0.9237,0.1069,15085.35,15910.33,0.7411,128,135,0.4218,1.2537,0.2818,0.037,0.3927,8,5,0,1,1,0,0.9417,117.85,36.06,211.16,9996.17,8189.52,0,0.0226,0.9325,0,1
2026-09-09T15:33:34.311796+00:00,bruteforce_ftp_v1,bruteforce_ftp_v1__run_001,initial_access,T1110.001,13,1,-0.0,0.9931,0.0,14799.62,15843.18,0.8079,156,167,0.1883,0.4978,0.3199,0.0225,0.3874,6,4,0,1,1,0,0.9287,94.87,21.41,138.33,7645.81,7039.82,0,0.0361,0.7042,0,0
2026-09-09T15:33:39.311796+00:00,bruteforce_ftp_v1,bruteforce_ftp_v1__run_001,initial_access,T1110.001,18,1,-0.0,1.0,0.0531,5616.43,4368.33,0.7905,54,42,0.3854,0.9731,0.2778,0.0332,0.3773,9,5,0,1,1,0,1.2726,104.01,40.45,202.38,8397.5,7721.9,0,0.0397,1.2229,0,0
2026-09-09T15:33:44.311796+00:00,bruteforce_ftp_v1,bruteforce_ftp_v1__run_001,initial_access,T1110.001,25,1,-0.0,0.9901,0.0036,25909.3,22074.72,0.9139,250,213,0.4197,0.8944,0.262,0.0327,0.3601,11,8,0,2,1,0,1.1695,103.64,29.42,179.93,7103.26,8219.19,0,0.0368,0.7329,0,2
2026-09-09T15:33:49.311796+00:00,bruteforce_ftp_v1,bruteforce_ftp_v1__run_001,initial_access,T1110.001,21,1,-0.0,1.0,0.043,8739.76,7491.22,0.8931,84,72,0.2203,0.6088,0.295,0.0201,0.3552,10,7,1,1,1,0,1.1629,104.04,27.81,153.46,9634.66,10375.61,0,0.0582,0.951,0,0
2026-09-09T15:33:54.311796+00:00,bruteforce_ftp_v1,bruteforce_ftp_v1__run_001,initial_access,T1110.001,15,1,-0.0,1.0,0.0,8579.17,8007.22,0.808,75,70,0.2211,0.6258,0.3376,0.0332,0.4373,7,5,1,1,0,0,1.0681,114.39,22.11,156.16,7696.87,6471.78,0,0.0295,1.3674,0,1
2026-09-09T15:33:59.311796+00:00,bruteforce_ftp_v1,bruteforce_ftp_v1__run_001,initial_access,T1110.001,15,1,-0.0,1.0,0.0,12605.3,11298.09,0.9079,135,121,0.3232,0.8085,0.2934,0.034,0.3955,7,5,0,1,1,0,1.1104,93.37,16.77,130.17,11032.99,8418.95,0,0.0,1.354,0,1
2026-09-09T15:34:04.311796+00:00,bruteforce_ftp_v1,bruteforce_ftp_v1__run_001,initial_access,T1110.001,14,1,-0.0,0.9797,0.0334,5977.66,4056.27,0.8733,56,38,0.339,0.7813,0.2546,0.0165,0.3042,7,4,1,1,1,0,1.4426,106.74,35.64,188.2,8239.84,10077.3,0,0.0,0.3119,0,2
2026-09-09T15:34:09.311796+00:00,bruteforce_ftp_v1,bruteforce_ftp_v1__run_001,initial_access,T1110.001,14,1,-0.0,1.0,0.0145,10418.79,9953.66,0.8672,112,107,0.2023,0.4895,0.245,0.0242,0.3177,7,4,0,1,0,0,1.0412,93.02,21.93,137.38,7950.91,7229.28,0,0.0352,0.7169,0,0
2026-09-09T15:34:14.311796+00:00,bruteforce_ftp_v1,bruteforce_ftp_v1__run_001,initial_access,T1110.001,18,1,-0.0,1.0,0.0,8500.4,5478.03,0.8318,90,58,0.2641,0.3814,0.2812,0.0239,0.3527,8,6,0,2,1,0,1.5449,94.45,34.55,161.46,10363.79,9422.75,0,0.0113,1.6121,0,0
2026-09-09T15:34:19.311796+00:00,bruteforce_ftp_v1,bruteforce_ftp_v1__run_001,initial_access,T1110.001,13,1,-0.0,1.0,0.0085,6804.38,5024.77,0.8943,65,48,0.3854,0.9348,0.2749,0.0376,0.3878,6,4,0,1,1,0,1.3271,104.68,32.32,144.91,7264.97,5781.93,0,0.0325,0.8193,0,1
2026-09-09T15:34:24.311796+00:00,bruteforce_ftp_v1,bruteforce_ftp_v1__run_001,initial_access,T1110.001,20,1,-0.0,1.0,0.0,7804.87,9268.28,0.7863,80,95,0.1985,0.3922,0.29,0.0373,0.4019,9,6,1,2,1,0,0.8382,97.56,18.69,129.2,7579.31,9002.74,0,0.0,0.9296,0,0
2026-09-09T15:34:29.311796+00:00,bruteforce_ftp_v1,bruteforce_ftp_v1__run_001,initial_access,T1110.001,16,1,-0.0,1.0,0.0113,10261.76,7604.7,0.8719,112,83,0.1581,0.4646,0.287,0.0155,0.3337,8,5,0,1,1,0,1.344,91.62,21.71,145.95,7444.26,9219.99,0,0.0,0.6957,0,0
2026-09-09T15:34:34.311796+00:00,bruteforce_ftp_v1,bruteforce_ftp_v1__run_001,initial_access,T1110.001,13,1,-0.0,0.9954,0.0,9353.29,8325.46,0.8401,91,81,0.396,0.8783,0.2518,0.0189,0.3086,6,4,0,1,0,0,1.1196,102.78,35.75,192.24,7383.09,8494.97,0,0.0,1.1421,0,0
2026-09-09T15:34:39.311796+00:00,bruteforce_ftp_v1,bruteforce_ftp_v1__run_001,initial_access,T1110.001,19,1,-0.0,0.9887,0.0256,5126.37,4496.81,0.783,57,50,0.332,0.9217,0.2712,0.0294,0.3594,9,6,0,2,2,0,1.1386,89.94,21.62,149.99,7359.94,8747.59,1,0.0274,1.2638,0,0
2026-09-09T15:34:44.311796+00:00,bruteforce_ftp_v1,bruteforce_ftp_v1__run_001,initial_access,T1110.001,17,1,-0.0,0.989,0.0539,11922.02,10018.51,0.8587,119,100,0.2692,0.6541,0.2886,0.0268,0.369,8,6,0,1,1,0,1.1832,100.19,37.45,217.66,8141.58,7017.17,0,0.0048,0.0041,0,0
2026-09-09T15:34:49.311796+00:00,bruteforce_ftp_v1,bruteforce_ftp_v1__run_001,initial_access,T1110.001,12,1,-0.0,1.0,0.0089,2545.45,2121.21,0.9047,24,20,0.3548,0.4954,0.3086,0.0282,0.3931,5,4,0,0,1,0,1.1718,106.06,35.55,201.03,9248.46,8208.56,0,0.0,0.8545,0,1
2026-09-09T15:34:54.311796+00:00,bruteforce_ftp_v1,bruteforce_ftp_v1__run_001,initial_access,T1110.001,19,1,-0.0,0.9822,0.0251,11537.44,9209.71,0.7638,114,91,0.2145,0.3138,0.3156,0.0432,0.4452,9,6,0,1,1,0,1.2456,101.21,24.28,141.96,9246.69,7906.27,0,0.0276,2.1038,0,0
2026-09-09T15:34:59.311796+00:00,bruteforce_ftp_v1,bruteforce_ftp_v1__run_001,initial_access,T1110.001,20,1,-0.0,1.0,0.0271,7555.07,7082.88,0.8361,80,75,0.3737,1.0151,0.3368,0.0272,0.4185,9,6,0,2,1,0,1.0631,94.44,27.84,145.14,7479.39,9141.04,0,0.08,1.4323,0,1
2026-09-09T15:35:04.311796+00:00,bruteforce_ftp_v1,bruteforce_ftp_v1__run_001,initial_access,T1110.001,15,1,-0.0,1.0,0.0091,4691.95,4691.95,0.854,45,45,0.3048,0.8323,0.3015,0.0381,0.4158,7,5,0,2,1,0,0.9991,104.27,41.03,223.7,9631.24,10107.86,0,0.0239,0.8035,0,0
2026-09-09T15:35:09.311796+00:00,bruteforce_ftp_v1,bruteforce_ftp_v1__run_001,initial_access,T1110.001,16,1,-0.0,0.9836,0.0406,7281.0,4732.65,0.8258,80,52,0.3405,0.5937,0.2976,0.0192,0.3551,7,5,1,1,1,0,1.5216,91.01,17.05,135.23,8476.07,7811.07,0,0.0,1.2812,0,0
2026-09-09T15:35:14.311796+00:00,bruteforce_ftp_v1,bruteforce_ftp_v1__run_001,initial_access,T1110.001,16,1,-0.0,1.0,0.0137,11984.33,9550.01,0.8657,128,102,0.2166,0.6415,0.3342,0.0256,0.411,7,5,0,1,1,0,1.2434,93.63,34.87,176.55,7934.98,9329.31,0,0.0515,1.4303,0,0
2026-09-09T15:35:19.311796+00:00,bruteforce_ftp_v1,bruteforce_ftp_v1__run_001,initial_access,T1110.001,17,1,-0.0,0.9798,0.0406,12753.87,11440.97,0.8349,136,122,0.3602,0.5246,0.3256,0.0274,0.4078,8,6,0,1,1,0,1.108,93.78,32.24,152.24,8644.51,7874.14,0,0.0246,0.807,0,0
2026-09-09T15:35:24.311796+00:00,bruteforce_ftp_v1,bruteforce_ftp_v1__run_001,initial_access,T1110.001,13,1,-0.0,0.9899,0.0293,10923.49,11403.64,0.8219,91,95,0.1772,0.2187,0.3473,0.0328,0.4457,6,4,0,0,0,0,0.9569,120.04,22.98,162.44,6558.42,10129.44,0,0.025,1.8682,0,2
2026-09-09T15:35:29.311796+00:00,bruteforce_ftp_v1,bruteforce_ftp_v1__run_001,initial_access,T1110.001,24,1,-0.0,1.0,0.0033,15103.26,11866.85,0.8824,168,132,0.1485,0.2272,0.2766,0.0236,0.3475,12,7,0,2,1,0,1.2632,89.9,18.72,135.23,9784.54,6793.58,0,0.0727,0.8601,0,1
2026-09-09T15:35:34.311796+00:00,bruteforce_ftp_v1,bruteforce_ftp_v1__run_001,initial_access,T1110.001,17,1,-0.0,1.0,0.0103,10265.55,10064.26,0.8432,102,100,0.1764,0.3666,0.3386,0.0433,0.4684,8,6,1,1,1,0,1.0185,100.64,26.46,176.99,8885.7,8490.76,0,0.0007,1.1727,0,0
2026-09-09T15:35:39.311796+00:00,bruteforce_ftp_v1,bruteforce_ftp_v1__run_001,initial_access,T1110.001,25,1,-0.0,1.0,0.0,14406.83,12197.78,0.8748,150,127,0.1988,0.5857,0.2395,0.0313,0.3334,13,8,1,2,2,0,1.1754,96.05,26.37,163.91,9453.95,8043.92,1,0.0,0.5027,0,1
2026-09-09T15:35:44.311796+00:00,bruteforce_ftp_v1,bruteforce_ftp_v1__run_001,initial_access,T1110.001,19,1,-0.0,0.9839,0.0332,16323.35,13555.06,0.7378,171,142,0.3733,1.1052,0.3074,0.0219,0.3731,9,6,1,2,1,0,1.1997,95.46,27.74,151.98,8220.9,9332.48,0,0.0264,1.3503,0,1
2026-09-09T15:35:49.311796+00:00,bruteforce_ftp_v1,bruteforce_ftp_v1__run_001,initial_access,T1110.001,22,1,-0.0,1.0,0.0044,19298.72,11891.13,0.7785,198,122,0.2563,0.3639,0.29,0.0384,0.4051,11,6,1,1,0,0,1.6159,97.47,32.65,211.78,8425.81,8728.0,0,0.0518,0.5321,0,1
2026-09-09T15:35:54.311796+00:00,bruteforce_ftp_v1,bruteforce_ftp_v1__run_001,initial_access,T1110.001,24,1,-0.0,0.9978,0.0,11237.2,9926.19,0.8612,120,106,0.3594,0.6087,0.2729,0.014,0.3148,12,8,1,1,2,0,1.1285,93.64,18.44,134.56,9016.0,6482.65,1,0.0487,1.3978,0,0
2026-09-09T15:35:59.311796+00:00,bruteforce_ftp_v1,bruteforce_ftp_v1__run_001,initial_access,T1110.001,29,1,-0.0,0.9824,0.0127,13818.9,9625.58,0.7657,145,101,0.38,0.7271,0.3224,0.0267,0.4025,15,11,1,2,1,0,1.4216,95.3,22.53,144.55,8490.09,7481.1,0,0.0252,0.6389,0,1
2026-09-09T15:36:04.311796+00:00,bruteforce_ftp_v1,bruteforce_ftp_v1__run_001,initial_access,T1110.001,17,1,-0.0,1.0,0.0,10814.55,11132.63,0.8645,102,105,0.1927,0.4797,0.3048,0.0293,0.3926,8,5,1,2,0,0,0.9673,106.03,34.34,175.51,9234.0,8119.43,0,0.0063,1.828,0,1
2026-09-09T15:36:09.311796+00:00,bruteforce_ftp_v1,bruteforce_ftp_v1__run_001,initial_access,T1110.001,20,1,-0.0,1.0,0.0209,14224.75,9779.51,0.8304,160,110,0.3304,0.7962,0.2498,0.0347,0.3539,10,7,0,2,1,0,1.4428,88.9,28.61,158.63,8423.03,8773.08,0,0.0,1.0729,0,0
2026-09-09T15:36:14.311796+00:00,bruteforce_ftp_v1,bruteforce_ftp_v1__run_001,initial_access,T1110.001,23,1,-0.0,0.9277,0.1047,8524.34,7690.43,0.807,92,83,0.2418,0.5935,0.2528,0.0198,0.3123,10,7,1,2,1,0,1.0999,92.66,32.99,202.18,10499.0,6950.55,0,0.0565,1.0248,0,1
2026-09-09T15:36:19.311796+00:00,bruteforce_ftp_v1,bruteforce_ftp_v1__run_001,initial_access,T1110.001,20,1,-0.0,1.0,0.0081,7664.42,5652.51,0.8816,80,59,0.1763,0.216,0.2508,0.0168,0.3011,10,7,0,2,2,0,1.3419,95.81,28.57,180.22,6300.12,7230.13,1,0.0607,1.1935,0,2
2026-09-09T15:36:24.311796+00:00,bruteforce_ftp_v1,bruteforce_ftp_v1__run_001,initial_access,T1110.001,22,1,-0.0,1.0,0.0108,16562.5,13766.23,0.8686,154,128,0.3215,0.4919,0.2692,0.0329,0.3678,10,7,1,2,1,0,1.197,107.55,42.74,229.65,8264.73,7804.62,0,0.0489,0.694,0,3
2026-09-09T15:36:29.311796+00:00,bruteforce_ftp_v1,bruteforce_ftp_v1__run_001,initial_access,T1110.001,16,1,-0.0,1.0,0.0239,8062.71,6349.38,0.851,80,63,0.2142,0.6105,0.3299,0.0317,0.4251,7,5,0,1,1,0,1.2678,100.78,26.08,173.71,7607.15,6154.22,0,0.0229,1.4751,0,1
2026-09-09T15:36:34.311796+00:00,bruteforce_ftp_v1,bruteforce_ftp_v1__run_001,initial_access,T1110.001,12,1,-0.0,0.9688,0.019,7970.34,7495.91,0.8976,84,79,0.391,1.1567,0.2758,0.032,0.3718,6,4,0,0,1,0,1.0616,94.88,18.49,129.5,7981.29,8092.09,0,0.0,1.2995,0,0
2026-09-09T15:36:39.311796+00:00,bruteforce_ftp_v1,bruteforce_ftp_v1__run_001,initial_access,T1110.001,13,1,-0.0,1.0,0.0,7912.11,9433.67,0.768,78,93,0.1718,0.5057,0.2691,0.021,0.3322,6,4,0,1,1,0,0.8348,101.44,43.04,215.99,9634.87,8737.49,0,0.038,0.898,0,0
2026-09-09T15:36:44.311796+00:00,bruteforce_ftp_v1,bruteforce_ftp_v1__run_001,initial_access,T1110.001,18,1,-0.0,1.0,0.0,3657.76,2844.92,0.8183,36,28,0.3254,0.7317,0.3,0.0333,0.3998,9,6,0,1,1,0,1.2646,101.6,40.73,193.75,9057.66,8326.1,0,0.0282,2.1111,0,1
2026-09-09T15:36:49.311796+00:00,bruteforce_ftp_v1,bruteforce_ftp_v1__run_001,initial_access,T1110.001,21,1,-0.0,1.0,0.0444,12471.74,10294.13,0.9148,126,104,0.2315,0.63,0.342,0.0362,0.4505,9,6,1,1,2,0,1.2027,98.98,25.08,159.21,8554.81,6855.06,1,0.0363,0.9909,0,0
2026-09-09T15:36:54.311796+00:00,bruteforce_ftp_v1,bruteforce_ftp_v1__run_001,initial_access,T1110.001,19,1,-0.0,0.9642,0.0516,12563.29,11902.06,0.8166,114,108,0.2266,0.4504,0.2424,0.0303,0.3334,9,6,1,1,1,0,1.0495,110.2,38.51,203.46,9543.33,8287.06,0,0.049,0.6186,0,1
2026-09-09T15:36:59.311796+00:00,bruteforce_ftp_v1,bruteforce_ftp_v1__run_001,initial_access,T1110.001,17,1,-0.0,1.0,0.0027,8852.38,6248.74,0.8735,85,60,0.3694,0.655,0.2497,0.0171,0.3011,8,5,0,1,1,0,1.4078,104.15,30.17,170.47,9686.09,7278.31,0,0.0971,1.868,0,0
2026-09-09T15:37:04.311796+00:00,bruteforce_ftp_v1,bruteforce_ftp_v1__run_001,initial_access,T1110.001,14,1,-0.0,1.0,0.0,2750.48,2357.55,0.8415,28,24,0.3173,0.5213,0.273,0.0224,0.3402,6,4,0,1,1,0,1.1525,98.23,33.8,198.92,7380.15,7827.2,0,0.0406,0.5699,0,1
2026-09-09T15:37:09.311796+00:00,bruteforce_ftp_v1,bruteforce_ftp_v1__run_001,initial_access,T1110.001,18,1,-0.0,1.0,0.0217,12251.95,11798.18,0.9115,108,104,0.2969,0.6194,0.2624,0.0326,0.3602,9,6,0,1,0,0,1.0339,113.44,21.78,167.64,7933.55,9715.92,0,0.0157,1.0621,0,0
2026-09-09T15:37:14.311796+00:00,bruteforce_ftp_v1,bruteforce_ftp_v1__run_001,initial_access,T1110.001,23,1,-0.0,0.993,0.0154,16411.73,18960.14,0.8839,161,186,0.2411,0.6528,0.303,0.0294,0.3913,11,8,1,3,1,0,0.8613,101.94,30.89,200.95,6905.47,7083.89,0,0.009,0.4663,0,0
2026-09-09T15:37:19.311796+00:00,bruteforce_ftp_v1,bruteforce_ftp_v1__run_001,initial_access,T1110.001,22,1,-0.0,1.0,0.0016,6861.0,5821.45,0.7916,66,56,0.3791,0.9302,0.2766,0.0409,0.3992,11,7,1,2,2,0,1.1633,103.95,28.16,171.25,7387.75,8040.44,1,0.0,1.5052,0,1
2026-09-09T15:37:24.311796+00:00,bruteforce_ftp_v1,bruteforce_ftp_v1__run_001,initial_access,T1110.001,13,1,-0.0,1.0,0.0,9379.17,7575.48,0.8376,104,84,0.2866,0.6453,0.3143,0.0267,0.3944,6,4,0,1,0,0,1.2353,90.18,22.33,133.48,9028.47,5315.81,0,0.087,0.5522,0,0
2026-09-09T15:37:29.311796+00:00,bruteforce_ftp_v1,bruteforce_ftp_v1__run_001,initial_access,T1110.001,15,1,-0.0,0.9902,0.0366,17764.71,22609.64,0.851,165,210,0.3888,1.0627,0.2935,0.0352,0.3989,7,5,0,1,1,0,0.7834,107.66,22.57,156.28,9699.21,10092.51,0,0.0196,0.388,0,0
2026-09-09T15:37:34.311796+00:00,bruteforce_ftp_v1,bruteforce_ftp_v1__run_001,initial_access,T1110.001,14,1,-0.0,0.9783,0.043,8257.1,7274.11,0.8171,84,74,0.1565,0.2373,0.2721,0.0383,0.387,7,4,1,2,1,0,1.1276,98.3,18.93,123.95,9923.52,8309.1,0,0.0326,0.4502,0,0
2026-09-09T15:37:39.311796+00:00,bruteforce_ftp_v1,bruteforce_ftp_v1__run_001,initial_access,T1110.001,17,1,-0.0,1.0,0.0,16621.44,14991.88,0.8444,153,138,0.4401,0.6116,0.3146,0.0344,0.4177,8,5,0,2,1,0,1.1086,108.64,35.49,207.24,8395.41,6842.14,0,0.0,0.9537,0,0
2026-09-09T15:37:44.311796+00:00,bruteforce_ftp_v1,bruteforce_ftp_v1__run_001,initial_access,T1110.001,16,1,-0.0,1.0,0.0,2987.55,3174.27,0.8608,32,34,0.1666,0.2734,0.2701,0.0307,0.3621,8,5,0,1,1,0,0.9206,93.36,31.99,159.75,7848.47,6715.72,0,0.0437,0.8137,0,1
2026-09-09T15:37:49.311796+00:00,bruteforce_ftp_v1,bruteforce_ftp_v1__run_001,initial_access,T1110.001,21,1,-0.0,0.9834,0.007,11750.59,10818.0,0.7805,126,116,0.3535,0.9151,0.2964,0.0374,0.4085,10,6,1,1,2,0,1.0783,93.26,24.43,146.87,8557.97,7587.67,1,0.0,1.6729,0,0
2026-09-09T15:37:54.311796+00:00,bruteforce_ftp_v1,bruteforce_ftp_v1__run_001,initial_access,T1110.001,20,1,-0.0,0.9967,0.0,2157.29,2049.43,0.8112,20,19,0.3588,0.633,0.2246,0.0184,0.2798,10,6,1,1,1,0,1.0345,107.86,24.81,174.27,8356.88,6751.85,0,0.0,1.6604,0,1
2026-09-09T15:37:59.311796+00:00,bruteforce_ftp_v1,bruteforce_ftp_v1__run_001,initial_access,T1110.001,21,1,-0.0,0.985,0.036,11288.27,11073.25,0.8251,105,103,0.3838,1.1051,0.2747,0.0317,0.37,11,7,1,2,1,0,1.0174,107.51,31.15,155.63,7673.13,8184.9,0,0.0096,0.8269,0,1
2026-09-09T15:38:04.311796+00:00,bruteforce_ftp_v1,bruteforce_ftp_v1__run_001,initial_access,T1110.001,18,1,-0.0,1.0,0.0181,13627.28,13086.52,0.8842,126,121,0.1613,0.2295,0.2681,0.0395,0.3865,8,6,0,2,1,0,1.0412,108.15,24.94,150.01,6449.33,7424.75,0,0.0327,1.9383,0,1
2026-09-09T15:38:09.311796+00:00,bruteforce_ftp_v1,bruteforce_ftp_v1__run_001,initial_access,T1110.001,26,1,-0.0,1.0,0.0267,25900.01,23686.33,0.9997,234,214,0.385,1.0405,0.3031,0.0163,0.3521,13,8,1,2,1,0,1.0933,110.68,41.17,202.74,7269.01,9129.26,0,0.0217,1.8374,0,0
2026-09-09T15:38:14.311796+00:00,bruteforce_ftp_v1,bruteforce_ftp_v1__run_001,initial_access,T1110.001,16,1,-0.0,0.9914,0.0089,9625.95,10027.03,0.9791,96,100,0.4525,1.2685,0.2972,0.0157,0.3443,7,5,0,0,2,0,0.9584,100.27,37.04,188.18,8445.85,7893.46,1,0.0075,0.5776,0,0
2026-09-09T15:38:19.311796+00:00,bruteforce_ftp_v1,bruteforce_ftp_v1__run_001,initial_access,T1110.001,18,1,-0.0,0.9841,0.0064,8787.68,7030.15,0.9511,90,72,0.3404,0.6865,0.2513,0.0218,0.3166,9,6,1,2,1,0,1.238,97.64,31.03,174.16,8765.39,8594.11,0,0.0,0.6686,0,0
2026-09-09T15:38:24.311796+00:00,bruteforce_ftp_v1,bruteforce_ftp_v1__run_001,initial_access,T1110.001,7,1,-0.0,1.0,0.0,4789.32,3534.98,0.9076,42,31,0.3722,0.6327,0.2604,0.0164,0.3096,3,2,0,0,0,0,1.3506,114.03,22.11,161.83,9409.79,6670.82,0,0.0,0.8905,0,0
2026-09-09T15:38:29.311796+00:00,bruteforce_ftp_v1,bruteforce_ftp_v1__run_001,initial_access,T1110.001,18,1,-0.0,1.0,0.0192,22214.15,17174.83,0.8576,216,167,0.1436,0.4054,0.2523,0.0155,0.2989,8,6,0,1,1,0,1.2911,102.84,23.7,149.12,9061.36,6843.75,0,0.0,0.8372,0,0
2026-09-09T15:38:34.311796+00:00,bruteforce_ftp_v1,bruteforce_ftp_v1__run_001,initial_access,T1110.001,17,1,-0.0,1.0,0.0,21394.89,18038.83,0.864,204,172,0.2584,0.7165,0.3231,0.0467,0.4631,8,6,1,1,1,0,1.1826,104.88,27.86,181.21,8832.38,8750.75,0,0.0632,1.1495,0,0
2026-09-09T15:38:39.311796+00:00,bruteforce_ftp_v1,bruteforce_ftp_v1__run_001,initial_access,T1110.001,10,1,-0.0,0.9927,0.0158,9661.69,18249.85,0.8183,90,170,0.2796,0.4543,0.2716,0.0225,0.339,5,3,0,1,0,0,0.5286,107.35,17.49,137.16,5818.91,8490.09,0,0.032,1.3256,0,0
2026-09-09T15:38:44.311796+00:00,bruteforce_ftp_v1,bruteforce_ftp_v1__run_001,initial_access,T1110.001,19,1,-0.0,1.0,0.0,13029.7,10629.49,0.9317,114,93,0.2897,0.8076,0.264,0.025,0.339,9,6,0,1,2,0,1.2211,114.3,27.95,162.02,8238.46,6243.72,1,0.0542,1.358,0,1
2026-09-09T15:38:49.311796+00:00,bruteforce_ftp_v1,bruteforce_ftp_v1__run_001,initial_access,T1110.001,23,1,-0.0,0.9737,0.0121,4568.09,3773.64,0.8712,46,38,0.328,0.5104,0.2574,0.0152,0.3031,11,8,1,3,1,0,1.2053,99.31,26.82,145.66,8815.16,10156.04,0,0.0,1.0395,0,1
2026-09-09T15:38:54.311796+00:00,bruteforce_ftp_v1,bruteforce_ftp_v1__run_001,initial_access,T1110.001,17,1,-0.0,1.0,0.0179,3433.5,3433.5,0.8229,34,34,0.2548,0.5394,0.2976,0.0179,0.3513,8,6,0,1,1,0,0.9999,100.99,20.5,128.84,6128.08,8837.03,0,0.0157,1.577,0,0
2026-09-09T15:38:59.311796+00:00,bruteforce_ftp_v1,bruteforce_ftp_v1__run_001,initial_access,T1110.001,21,1,-0.0,0.9741,0.0195,10349.97,7589.98,0.8879,105,77,0.2074,0.3867,0.2959,0.0154,0.342,11,8,0,2,1,0,1.3475,98.57,26.19,158.7,7848.8,8556.36,0,0.0133,0.195,0,1
2026-09-09T15:39:04.311796+00:00,bruteforce_ftp_v1,bruteforce_ftp_v1__run_001,initial_access,T1110.001,21,1,-0.0,0.9904,0.0097,10685.85,8141.6,0.8582,105,80,0.2079,0.4769,0.3069,0.0231,0.3763,10,7,0,2,1,0,1.3056,101.77,25.08,145.45,7650.57,8016.38,0,0.0,0.627,0,0
2026-09-09T15:39:09.311796+00:00,bruteforce_ftp_v1,bruteforce_ftp_v1__run_001,initial_access,T1110.001,13,1,-0.0,1.0,0.0,9312.96,6716.07,0.8826,104,75,0.3571,0.957,0.3165,0.0333,0.4163,6,4,0,1,1,0,1.3722,89.55,19.97,120.41,7622.48,8183.6,0,0.0054,0.6946,0,1
2026-09-09T15:39:14.311796+00:00,bruteforce_ftp_v1,bruteforce_ftp_v1__run_001,initial_access,T1110.001,19,1,-0.0,1.0,0.0,13812.0,14993.29,0.9099,152,165,0.1571,0.3503,0.2995,0.0258,0.3768,9,5,0,2,1,0,0.9176,90.87,27.06,150.87,6622.72,6891.66,0,0.0218,1.2499,0,0
2026-09-09T15:39:19.311796+00:00,bruteforce_ftp_v1,bruteforce_ftp_v1__run_001,initial_access,T1110.001,17,1,-0.0,0.995,0.0,12470.82,9222.12,0.8607,119,88,0.3784,0.4843,0.2745,0.036,0.3826,8,5,1,1,1,0,1.3427,104.8,24.2,157.57,6960.08,7991.23,0,0.006,0.9168,0,0
2026-09-09T15:39:24.311796+00:00,bruteforce_ftp_v1,bruteforce_ftp_v1__run_001,initial_access,T1110.001,12,1,-0.0,0.9918,0.0476,3963.38,3798.24,0.8017,48,46,0.1647,0.2067,0.3162,0.0473,0.4582,5,4,0,1,0,0,1.0362,82.57,18.04,118.87,8446.84,8914.62,0,0.0004,1.3545,0,0
2026-09-09T15:39:29.311796+00:00,bruteforce_ftp_v1,bruteforce_ftp_v1__run_001,initial_access,T1110.001,18,1,-0.0,1.0,0.0032,5423.66,4519.71,0.8747,54,45,0.1412,0.2192,0.2878,0.0403,0.4088,9,5,1,1,2,0,1.1988,100.44,34.79,194.36,9634.66,7310.0,1,0.0129,1.2551,0,0
2026-09-09T15:39:34.311796+00:00,bruteforce_ftp_v1,bruteforce_ftp_v1__run_001,initial_access,T1110.001,19,1,-0.0,0.9743,0.0092,7970.26,9123.85,0.8311,76,87,0.2791,0.4867,0.3462,0.0343,0.4492,9,7,1,2,1,0,0.8676,104.87,25.19,167.9,8171.03,7849.69,0,0.006,1.3688,0,1
2026-09-09T15:39:39.311796+00:00,bruteforce_ftp_v1,bruteforce_ftp_v1__run_001,initial_access,T1110.001,13,1,-0.0,0.9575,0.0384,7821.97,9627.04,0.7913,78,96,0.3,0.4952,0.3019,0.0449,0.4365,6,4,0,1,1,0,0.8103,100.28,23.32,155.1,9105.25,7766.46,0,0.0,0.9161,0,1
2026-09-09T15:39:44.311796+00:00,bruteforce_ftp_v1,bruteforce_ftp_v1__run_001,initial_access,T1110.001,25,1,-0.0,0.9916,0.0,13967.73,18660.89,0.9139,125,167,0.185,0.5199,0.331,0.024,0.4029,12,8,1,2,2,0,0.7481,111.74,30.37,199.09,9475.38,7776.95,1,0.0,0.3339,0,0
2026-09-09T15:39:49.311796+00:00,bruteforce_ftp_v1,bruteforce_ftp_v1__run_001,initial_access,T1110.001,11,1,-0.0,0.9923,0.0108,8133.23,11724.52,0.8902,77,111,0.2361,0.5915,0.2244,0.0318,0.3197,5,3,0,1,0,0,0.6913,105.63,22.55,146.51,7725.59,7682.36,0,0.0571,1.2942,0,0
2026-09-09T15:39:54.311796+00:00,bruteforce_ftp_v1,bruteforce_ftp_v1__run_001,initial_access,T1110.001,21,1,-0.0,1.0,0.0,8806.3,5975.7,0.7754,84,57,0.3662,1.0475,0.3131,0.044,0.4451,10,7,0,2,1,0,1.459,104.84,37.01,238.83,7501.53,8312.07,0,0.0295,0.3187,0,1
2026-09-09T15:39:59.311796+00:00,bruteforce_ftp_v1,bruteforce_ftp_v1__run_001,initial_access,T1110.001,24,1,-0.0,0.956,0.0564,9600.91,8400.8,0.7955,96,84,0.2438,0.5956,0.2496,0.0296,0.3383,11,7,1,2,2,0,1.14,100.01,30.51,169.35,7034.56,6450.83,1,0.0275,0.3589,0,0
2026-09-09T15:40:04.311796+00:00,bruteforce_ftp_v1,bruteforce_ftp_v1__run_001,initial_access,T1110.001,12,1,-0.0,1.0,0.0,7818.15,5584.4,0.7822,84,60,0.3453,0.7814,0.2344,0.0268,0.3148,6,3,0,1,0,0,1.3961,93.07,32.58,147.38,8741.3,8115.76,0,0.0266,0.5742,0,0
2026-09-09T15:40:09.311796+00:00,bruteforce_ftp_v1,bruteforce_ftp_v1__run_001,initial_access,T1110.001,17,1,-0.0,0.9819,0.0285,15326.22,13122.45,0.9085,153,131,0.256,0.459,0.2511,0.0225,0.3187,8,5,0,2,0,0,1.1625,100.17,36.77,210.31,8738.15,7421.66,0,0.0022,1.0338,0,0
2026-09-09T15:40:14.311796+00:00,bruteforce_ftp_v1,bruteforce_ftp_v1__run_001,initial_access,T1110.001,27,1,-0.0,1.0,0.014,11694.3,11477.74,0.8539,108,106,0.26,0.7374,0.3122,0.0314,0.4063,14,10,1,2,1,0,1.0135,108.28,23.09,171.11,7920.43,8992.22,0,0.0016,2.0335,0,1
2026-09-09T15:40:19.311796+00:00,bruteforce_ftp_v1,bruteforce_ftp_v1__run_001,initial_access,T1110.001,14,1,-0.0,0.9773,0.0,8993.61,7249.95,0.9235,98,79,0.2107,0.5192,0.2602,0.0269,0.3409,7,5,1,1,1,0,1.238,91.77,27.15,144.2,7752.66,9736.03,0,0.0189,1.8205,0,1
2026-09-09T15:40:24.311796+00:00,bruteforce_ftp_v1,bruteforce_ftp_v1__run_001,initial_access,T1110.001,23,1,-0.0,1.0,0.0377,9263.99,10371.64,0.9075,92,103,0.2889,0.6156,0.2975,0.0427,0.4255,11,8,1,2,1,0,0.8867,100.7,26.52,166.93,8697.89,7862.89,0,0.0516,0.2198,0,0
2026-09-09T15:40:29.311796+00:00,bruteforce_ftp_v1,bruteforce_ftp_v1__run_001,initial_access,T1110.001,22,1,-0.0,0.948,0.049,8323.96,9742.81,0.8034,88,103,0.1983,0.5544,0.2783,0.0146,0.3221,11,7,1,2,1,0,0.8499,94.59,27.04,158.32,7906.4,9026.23,0,0.0523,1.0874,0,1
2026-09-09T15:40:34.311796+00:00,bruteforce_ftp_v1,bruteforce_ftp_v1__run_001,initial_access,T1110.001,13,1,-0.0,0.9681,0.0474,4018.86,4534.09,0.8185,39,44,0.4416,1.0146,0.2575,0.0129,0.2962,6,4,0,1,0,0,0.8798,103.05,30.19,157.84,9130.86,6830.08,0,0.0273,0.532,0,1
2026-09-09T15:40:39.311796+00:00,bruteforce_ftp_v1,bruteforce_ftp_v1__run_001,initial_access,T1110.001,24,1,-0.0,1.0,0.0154,15250.99,12709.15,0.8605,168,140,0.2491,0.4342,0.2679,0.0352,0.3734,12,9,0,2,1,0,1.1962,90.78,28.38,160.25,7297.26,8374.2,0,0.0,0.2991,0,0
2026-09-09T15:40:44.311796+00:00,bruteforce_ftp_v1,bruteforce_ftp_v1__run_001,initial_access,T1110.001,26,1,-0.0,0.9758,0.0359,17711.89,13040.62,0.7979,182,134,0.1696,0.508,0.3005,0.032,0.3965,13,9,1,2,1,0,1.3509,97.32,31.21,172.48,7444.5,8816.12,0,0.0383,0.9254,0,0
2026-09-09T15:40:49.311796+00:00,bruteforce_ftp_v1,bruteforce_ftp_v1__run_001,initial_access,T1110.001,20,1,-0.0,0.9956,0.0404,5854.04,6244.31,0.9239,60,64,0.2635,0.3902,0.2244,0.0115,0.2588,9,6,0,2,1,0,0.926,97.57,29.06,179.05,7989.25,7404.4,0,0.0,1.5004,0,0
2026-09-09T15:40:54.311796+00:00,bruteforce_ftp_v1,bruteforce_ftp_v1__run_001,initial_access,T1110.001,12,1,-0.0,0.9629,0.0519,5030.71,3563.42,0.8117,48,34,0.2158,0.3225,0.3132,0.0442,0.4457,5,4,0,1,1,0,1.4005,104.81,31.03,180.84,7078.12,7761.39,0,0.0385,0.7969,0,0
2026-09-09T15:40:59.311796+00:00,bruteforce_ftp_v1,bruteforce_ftp_v1__run_001,initial_access,T1110.001,16,1,-0.0,0.9909,0.0089,11451.2,11003.89,0.8077,128,123,0.2433,0.4674,0.3101,0.0418,0.4354,8,5,0,1,1,0,1.0396,89.46,29.06,141.87,9404.47,7672.59,0,0.0145,1.4186,0,0
2026-09-09T15:41:04.311796+00:00,bruteforce_ftp_v1,bruteforce_ftp_v1__run_001,initial_access,T1110.001,11,1,-0.0,0.985,0.0172,6325.68,5367.24,0.8313,66,56,0.3492,0.7678,0.2871,0.0198,0.3464,5,3,0,0,0,0,1.1668,95.84,16.77,130.31,7519.99,8233.58,0,0.0121,0.7742,0,1
2026-09-09T15:41:09.311796+00:00,bruteforce_ftp_v1,bruteforce_ftp_v1__run_001,initial_access,T1110.001,19,1,-0.0,1.0,0.0162,15726.74,15002.48,0.8782,152,145,0.3017,0.7817,0.2831,0.0357,0.3902,9,6,0,2,1,0,1.0463,103.47,25.32,149.86,7700.1,7100.81,0,0.0943,0.5587,0,0
2026-09-09T15:41:14.311796+00:00,bruteforce_ftp_v1,bruteforce_ftp_v1__run_001,initial_access,T1110.001,13,1,-0.0,1.0,0.0311,7751.37,6161.35,0.8878,78,62,0.3824,1.1249,0.3114,0.0349,0.4161,6,4,0,1,0,0,1.2525,99.38,25.65,147.05,7050.17,7844.38,0,0.0403,0.9095,0,0
2026-09-09T15:41:19.311796+00:00,bruteforce_ftp_v1,bruteforce_ftp_v1__run_001,initial_access,T1110.001,16,1,-0.0,1.0,0.0,6458.92,7871.81,0.7856,64,78,0.3874,0.7601,0.2481,0.0163,0.2969,8,5,0,1,1,0,0.82,100.92,31.51,155.99,8995.21,7175.3,0,0.0042,1.0508,0,1
2026-09-09T15:41:24.311796+00:00,bruteforce_ftp_v1,bruteforce_ftp_v1__run_001,initial_access,T1110.001,20,1,-0.0,0.9855,0.0384,1945.76,1653.9,0.8786,20,17,0.3757,0.6759,0.2547,0.032,0.3506,10,6,1,1,1,0,1.166,97.29,30.45,169.72,9141.13,7700.86,0,0.0,0.8932,0,1
2026-09-09T15:41:29.311796+00:00,bruteforce_ftp_v1,bruteforce_ftp_v1__run_001,initial_access,T1110.001,13,1,-0.0,1.0,0.0192,8517.51,8954.31,0.8753,78,82,0.1867,0.3386,0.3073,0.0452,0.4427,6,4,0,1,1,0,0.9432,109.2,25.51,157.76,8987.97,8898.82,0,0.0,1.3648,0,0
2026-09-09T15:41:34.311796+00:00,bruteforce_ftp_v1,bruteforce_ftp_v1__run_001,initial_access,T1110.001,23,1,-0.0,1.0,0.0,9494.06,9081.27,0.8138,92,88,0.2856,0.6585,0.21,0.0172,0.2615,11,8,0,2,2,0,1.0362,103.2,37.6,235.21,9220.44,7224.73,1,0.0303,1.9216,0,1
2026-09-09T15:41:39.311796+00:00,bruteforce_ftp_v1,bruteforce_ftp_v1__run_001,initial_access,T1110.001,14,1,-0.0,0.9866,0.0355,3985.61,3321.34,0.8555,42,35,0.2581,0.623,0.2702,0.0282,0.3548,6,5,0,1,1,0,1.1754,94.9,27.11,142.99,8232.21,9299.17,0,0.0337,1.2253,0,1
2026-09-09T15:41:44.311796+00:00,bruteforce_ftp_v1,bruteforce_ftp_v1__run_001,initial_access,T1110.001,8,1,-0.0,0.9555,0.0299,5685.81,4467.42,0.812,56,44,0.2182,0.5793,0.2947,0.0199,0.3544,3,2,0,0,0,0,1.2532,101.53,33.98,157.76,8032.92,6629.33,0,0.0106,0.3162,0,0
2026-09-09T15:41:49.311796+00:00,bruteforce_ftp_v1,bruteforce_ftp_v1__run_001,initial_access,T1110.001,18,1,-0.0,0.9609,0.033,23263.22,28333.4,0.9063,234,285,0.2821,0.7407,0.264,0.0278,0.3474,8,6,0,1,1,0,0.819,99.42,27.85,168.2,8221.34,7648.83,0,0.0086,1.4659,0,1
2026-09-09T15:41:54.311796+00:00,bruteforce_ftp_v1,bruteforce_ftp_v1__run_001,initial_access,T1110.001,25,1,-0.0,0.9667,0.0264,15609.33,15787.72,0.7598,175,177,0.3679,0.6699,0.27,0.0347,0.3742,13,8,2,2,1,0,0.9874,89.2,22.32,136.35,7691.83,7655.95,0,0.0358,1.3936,0,1
2026-09-09T15:41:59.311796+00:00,bruteforce_ftp_v1,bruteforce_ftp_v1__run_001,initial_access,T1110.001,17,1,-0.0,0.9546,0.0553,11206.6,10924.08,0.8901,119,116,0.2812,0.4605,0.2955,0.0182,0.3501,8,6,1,1,1,0,1.018,94.17,20.55,140.46,8087.9,7297.71,0,0.0539,0.8568,0,0
2026-09-09T15:42:04.311796+00:00,bruteforce_ftp_v1,bruteforce_ftp_v1__run_001,initial_access,T1110.001,12,1,-0.0,1.0,0.0,4472.48,3354.36,0.8467,48,36,0.1659,0.4697,0.2607,0.0188,0.3171,5,3,0,1,1,0,1.3139,93.18,22.38,156.72,8092.56,6757.38,0,0.0,0.8748,0,0
2026-09-09T15:42:09.311796+00:00,bruteforce_ftp_v1,bruteforce_ftp_v1__run_001,initial_access,T1110.001,14,1,-0.0,0.9824,0.0174,13461.18,13247.51,0.9247,126,124,0.3976,0.8105,0.2978,0.0307,0.39,7,4,0,1,1,0,1.0126,106.83,26.23,154.64,7658.94,7173.95,0,0.0408,1.4873,0,0
2026-09-09T15:42:14.311796+00:00,bruteforce_ftp_v1,bruteforce_ftp_v1__run_001,initial_access,T1110.001,15,1,-0.0,0.9904,0.0,7420.88,5738.81,0.8777,75,58,0.2611,0.5548,0.2451,0.0265,0.3245,7,4,0,1,1,0,1.2802,98.95,31.26,151.55,8394.19,10014.82,0,0.0052,1.5371,0,1
2026-09-09T15:42:19.311796+00:00,bruteforce_ftp_v1,bruteforce_ftp_v1__run_001,initial_access,T1110.001,14,1,-0.0,1.0,0.0,5349.91,5859.43,0.8084,42,46,0.1331,0.3475,0.2377,0.0288,0.3241,7,4,0,1,1,0,0.9032,127.38,47.14,216.85,7735.41,9282.57,0,0.014,1.3271,0,0
2026-09-09T15:42:24.311796+00:00,bruteforce_ftp_v1,bruteforce_ftp_v1__run_001,initial_access,T1110.001,15,1,-0.0,0.9557,0.0394,12349.2,17746.26,0.8964,135,194,0.3271,0.7238,0.2763,0.0248,0.3507,7,5,0,1,1,0,0.6929,91.48,26.79,147.57,8114.79,8529.52,0,0.0154,1.9654,0,0
2026-09-09T15:42:29.311796+00:00,bruteforce_ftp_v1,bruteforce_ftp_v1__run_001,initial_access,T1110.001,20,1,-0.0,0.983,0.0052,8812.38,9032.69,0.8561,80,82,0.2878,0.4082,0.2608,0.0204,0.3219,9,7,1,1,1,0,0.9642,110.15,34.39,172.47,10349.38,8318.17,0,0.0078,1.5516,0,0
2026-09-09T15:42:34.311796+00:00,bruteforce_ftp_v1,bruteforce_ftp_v1__run_001,initial_access,T1110.001,11,1,-0.0,1.0,0.0069,15929.49,15929.49,0.8395,143,143,0.1621,0.4069,0.3301,0.0476,0.4728,5,3,0,1,0,0,0.9946,111.4,40.23,205.62,8908.79,6033.57,0,0.0208,0.3055,0,1
2026-09-09T15:42:39.311796+00:00,bruteforce_ftp_v1,bruteforce_ftp_v1__run_001,initial_access,T1110.001,11,1,-0.0,0.9813,0.0153,5028.63,5211.49,0.9167,55,57,0.3207,0.7713,0.2718,0.0163,0.3207,5,4,0,1,1,0,0.9559,91.43,24.61,150.69,9113.12,8484.23,0,0.0115,1.7208,0,1
2026-09-09T15:42:44.311796+00:00,bruteforce_ftp_v1,bruteforce_ftp_v1__run_001,initial_access,T1110.001,17,1,-0.0,1.0,0.0,15601.35,12756.4,0.8566,170,139,0.1728,0.3924,0.2837,0.0236,0.3545,8,6,0,1,1,0,1.2196,91.77,25.93,135.45,9854.0,8703.45,0,0.0059,0.3776,0,0
2026-09-09T15:42:49.311796+00:00,bruteforce_ftp_v1,bruteforce_ftp_v1__run_001,initial_access,T1110.001,17,1,-0.0,0.9778,0.0226,4562.08,2951.94,0.7738,51,33,0.3451,1.0328,0.2747,0.0251,0.3501,7,5,0,1,1,0,1.539,89.45,18.53,121.97,7761.41,6933.76,0,0.0005,1.7096,0,1
2026-09-09T15:42:54.311796+00:00,bruteforce_ftp_v1,bruteforce_ftp_v1__run_001,initial_access,T1110.001,14,1,-0.0,1.0,0.0123,11343.77,14674.88,0.8787,126,163,0.1968,0.5415,0.2809,0.0157,0.328,6,5,0,1,1,0,0.7689,90.03,26.45,166.25,8695.29,7646.56,0,0.0093,0.9558,0,2
2026-09-09T15:42:59.311796+00:00,bruteforce_ftp_v1,bruteforce_ftp_v1__run_001,initial_access,T1110.001,14,1,-0.0,0.983,0.0014,6683.19,5823.92,0.8667,70,61,0.4327,1.1679,0.2838,0.035,0.3889,7,5,0,1,0,0,1.1404,95.47,35.66,171.06,6932.12,8165.37,0,0.0,1.1283,0,1
2026-09-09T15:43:04.311796+00:00,bruteforce_ftp_v1,bruteforce_ftp_v1__run_001,initial_access,T1110.001,16,1,-0.0,1.0,0.0,11973.74,9407.93,0.8334,112,88,0.3606,0.6251,0.2567,0.038,0.3707,8,6,0,1,1,0,1.2648,106.91,39.49,198.23,9853.8,8230.93,0,0.0432,0.8452,0,1
2026-09-09T15:43:09.311796+00:00,bruteforce_ftp_v1,bruteforce_ftp_v1__run_001,initial_access,T1110.001,13,1,-0.0,1.0,0.0,11183.24,8602.49,0.8836,104,80,0.3007,0.4684,0.3011,0.0417,0.4261,6,4,1,1,0,0,1.2989,107.53,24.93,154.95,8728.12,9196.51,0,0.0475,1.3302,0,0
2026-09-09T15:43:14.311796+00:00,bruteforce_ftp_v1,bruteforce_ftp_v1__run_001,initial_access,T1110.001,19,1,-0.0,1.0,0.0263,15399.84,14488.0,0.8268,152,143,0.1904,0.5226,0.3637,0.0541,0.5261,9,6,0,2,1,0,1.06,101.31,23.3,147.73,6765.13,6983.47,0,0.0068,0.4123,0,1
2026-09-09T15:43:19.311796+00:00,bruteforce_ftp_v1,bruteforce_ftp_v1__run_001,initial_access,T1110.001,17,1,-0.0,0.9763,0.0042,15097.34,12334.43,0.7921,153,125,0.163,0.3446,0.294,0.0218,0.3593,8,5,0,1,1,0,1.2151,98.68,39.27,219.93,7013.4,9035.0,0,0.0407,0.5746,0,0
2026-09-09T15:43:24.311796+00:00,bruteforce_ftp_v1,bruteforce_ftp_v1__run_001,initial_access,T1110.001,18,1,-0.0,0.9861,0.0,23468.46,20953.99,0.8912,252,225,0.2433,0.3871,0.3045,0.0203,0.3654,8,6,0,2,1,0,1.1198,93.13,32.42,159.62,7237.33,9262.96,0,0.0728,0.3018,0,0
2026-09-09T15:43:29.311796+00:00,bruteforce_ftp_v1,bruteforce_ftp_v1__run_001,initial_access,T1110.001,22,1,-0.0,0.9715,0.0395,9069.72,6699.22,0.853,88,65,0.2697,0.548,0.303,0.0361,0.4112,10,7,1,2,2,0,1.3428,103.06,30.25,176.05,8710.56,9371.73,1,0.0,0.8685,0,0
2026-09-09T15:43:34.311796+00:00,bruteforce_ftp_v1,bruteforce_ftp_v1__run_001,initial_access,T1110.001,12,1,-0.0,1.0,0.0213,3936.16,6314.26,0.844,48,77,0.2623,0.6145,0.2511,0.0162,0.2997,6,4,0,0,0,0,0.6186,82.0,20.77,117.42,8077.56,9098.71,0,0.0207,0.1694,0,0
2026-09-09T15:43:39.311796+00:00,bruteforce_ftp_v1,bruteforce_ftp_v1__run_001,initial_access,T1110.001,17,1,-0.0,1.0,0.0,13728.17,10094.24,0.8414,136,100,0.3155,0.586,0.302,0.0261,0.3801,8,5,0,1,1,0,1.3514,100.94,35.19,179.16,8582.54,8261.33,0,0.0,0.3555,0,0
2026-09-09T15:43:44.311796+00:00,bruteforce_ftp_v1,bruteforce_ftp_v1__run_001,initial_access,T1110.001,15,1,-0.0,1.0,0.0068,8591.92,7159.93,0.8572,90,75,0.3277,0.6282,0.3076,0.0439,0.4393,7,5,1,1,0,0,1.1986,95.47,27.41,143.03,8455.07,7936.87,0,0.0034,1.4743,0,0
2026-09-09T15:43:49.311796+00:00,bruteforce_ftp_v1,bruteforce_ftp_v1__run_001,initial_access,T1110.001,19,1,-0.0,0.9956,0.0,4292.33,4066.42,0.8375,38,36,0.1382,0.1898,0.2671,0.0387,0.3832,9,6,0,1,1,0,1.0551,112.96,25.96,170.6,9353.01,6741.54,0,0.0,1.1642,0,1
2026-09-09T15:43:54.311796+00:00,bruteforce_ftp_v1,bruteforce_ftp_v1__run_001,initial_access,T1110.001,14,1,-0.0,1.0,0.0398,7760.61,7853.0,0.828,84,85,0.1482,0.2214,0.2935,0.0237,0.3645,6,4,0,1,1,0,0.9853,92.39,33.04,172.18,8442.33,7982.84,0,0.0211,0.9849,0,2
2026-09-09T15:43:59.311796+00:00,bruteforce_ftp_v1,bruteforce_ftp_v1__run_001,initial_access,T1110.001,14,1,-0.0,1.0,0.001,3590.31,3504.83,0.9385,42,41,0.3412,0.4772,0.2522,0.0318,0.3475,7,5,1,1,1,0,1.0088,85.48,19.38,118.86,8228.66,8586.46,0,0.0418,0.6935,0,0
2026-09-09T15:44:04.311796+00:00,bruteforce_ftp_v1,bruteforce_ftp_v1__run_001,initial_access,T1110.001,16,1,-0.0,0.978,0.0603,6547.68,8798.44,0.9158,64,86,0.1638,0.4084,0.3171,0.0453,0.4529,7,5,0,2,1,0,0.741,102.31,22.86,149.21,8587.57,9706.43,0,0.0211,2.3245,0,1
2026-09-09T15:44:09.311796+00:00,bruteforce_ftp_v1,bruteforce_ftp_v1__run_001,initial_access,T1110.001,8,1,-0.0,0.9847,0.0174,4326.31,3940.03,0.8782,56,51,0.1828,0.3562,0.2606,0.0268,0.3409,4,2,0,0,0,0,1.0789,77.26,19.77,113.98,9166.95,8489.83,0,0.0012,1.5559,0,0
2026-09-09T15:44:14.311796+00:00,bruteforce_ftp_v1,bruteforce_ftp_v1__run_001,initial_access,T1110.001,14,1,-0.0,1.0,0.0,6779.99,6198.84,0.905,70,64,0.3091,0.4882,0.2886,0.0256,0.3653,7,5,0,1,1,0,1.0896,96.86,22.68,134.65,9801.9,7866.6,0,0.063,0.6789,0,0
2026-09-09T15:44:19.311796+00:00,bruteforce_ftp_v1,bruteforce_ftp_v1__run_001,initial_access,T1110.001,16,1,-0.0,0.9976,0.0209,14839.67,19940.8,0.9654,128,172,0.4081,0.9135,0.3217,0.0479,0.4654,7,5,0,1,1,0,0.7405,115.93,32.58,188.15,8480.16,7025.2,0,0.0534,1.5114,0,0
2026-09-09T15:44:24.311796+00:00,bruteforce_ftp_v1,bruteforce_ftp_v1__run_001,initial_access,T1110.001,11,1,-0.0,1.0,0.0051,4902.8,5571.36,0.7767,44,50,0.2102,0.4279,0.2699,0.0233,0.3397,5,3,0,1,0,0,0.8757,111.43,27.03,182.4,6571.27,8202.11,0,0.022,0.7725,0,0
2026-09-09T15:44:29.311796+00:00,bruteforce_ftp_v1,bruteforce_ftp_v1__run_001,initial_access,T1110.001,22,1,-0.0,0.9913,0.0055,16890.61,13051.84,0.8366,154,119,0.4307,0.6526,0.2719,0.0256,0.3486,10,7,1,2,2,0,1.2913,109.68,39.49,229.59,9597.21,7880.03,1,0.0417,0.7827,0,0
2026-09-09T15:44:34.311796+00:00,bruteforce_ftp_v1,bruteforce_ftp_v1__run_001,initial_access,T1110.001,15,1,-0.0,1.0,0.0,8902.33,8012.1,0.8107,90,81,0.272,0.6137,0.2834,0.0216,0.3481,7,5,0,1,1,0,1.0997,98.91,30.19,159.24,7851.57,7644.33,0,0.0,0.2532,0,0
2026-09-09T15:44:39.311796+00:00,bruteforce_ftp_v1,bruteforce_ftp_v1__run_001,initial_access,T1110.001,21,1,-0.0,1.0,0.0145,18316.09,23222.18,0.7564,168,213,0.1905,0.2848,0.305,0.0346,0.4089,11,7,1,2,1,0,0.786,109.02,42.95,199.45,8910.96,6832.05,0,0.0475,0.0,0,3
2026-09-09T15:44:44.311796+00:00,bruteforce_ftp_v1,bruteforce_ftp_v1__run_001,initial_access,T1110.001,20,1,-0.0,1.0,0.0019,6120.3,5916.29,0.8371,60,58,0.1677,0.2403,0.3312,0.0483,0.4761,9,6,0,1,1,0,1.0329,102.01,28.77,171.13,8141.97,8061.88,0,0.0,0.3855,0,1
2026-09-09T15:44:49.311796+00:00,bruteforce_ftp_v1,bruteforce_ftp_v1__run_001,initial_access,T1110.001,14,1,-0.0,1.0,0.0,11434.56,14701.58,0.8012,112,144,0.2423,0.3073,0.3271,0.0404,0.4484,7,5,0,1,0,0,0.7726,102.09,22.96,142.73,7264.99,7593.98,0,0.0477,0.8916,0,0
2026-09-09T15:44:54.311796+00:00,bruteforce_ftp_v1,bruteforce_ftp_v1__run_001,initial_access,T1110.001,11,1,-0.0,1.0,0.0,1095.46,995.88,0.8715,11,10,0.4216,0.6819,0.3211,0.0479,0.4648,5,3,0,1,0,0,1.0045,99.59,23.72,140.1,9372.57,8525.2,0,0.0332,1.2158,0,0
2026-09-09T15:44:59.311796+00:00,bruteforce_ftp_v1,bruteforce_ftp_v1__run_001,initial_access,T1110.001,15,1,-0.0,0.9876,0.0,6593.45,6593.45,0.7894,60,60,0.2398,0.5533,0.2752,0.0168,0.3257,7,5,0,1,0,1,0.9881,109.89,35.56,179.37,9159.55,5289.69,0,0.0318,0.8073,0,0
2026-09-09T15:45:04.311796+00:00,bruteforce_ftp_v1,bruteforce_ftp_v1__run_001,initial_access,T1110.001,19,1,-0.0,1.0,0.0123,9259.32,15692.1,0.8747,95,161,0.1879,0.3963,0.2702,0.0148,0.3145,8,6,0,2,1,0,0.5877,97.47,24.01,155.96,8655.9,6143.38,0,0.0145,0.9057,0,0
2026-09-09T15:45:09.311796+00:00,bruteforce_ftp_v1,bruteforce_ftp_v1__run_001,initial_access,T1110.001,13,1,-0.0,0.9636,0.0397,7738.03,6802.66,0.8083,91,80,0.1604,0.2281,0.3144,0.0262,0.3929,6,5,0,1,1,0,1.13,85.03,20.79,127.79,7328.28,8765.3,0,0.0,0.725,0,0
2026-09-09T15:45:14.311796+00:00,bruteforce_ftp_v1,bruteforce_ftp_v1__run_001,initial_access,T1110.001,12,1,-0.0,0.9513,0.048,4786.09,5085.22,0.7796,48,51,0.1778,0.4255,0.3054,0.0291,0.3926,6,4,0,1,1,0,0.9297,99.71,37.19,203.49,7757.16,8027.19,0,0.0152,1.6637,0,0
2026-09-09T15:45:19.311796+00:00,bruteforce_ftp_v1,bruteforce_ftp_v1__run_001,initial_access,T1110.001,23,1,-0.0,0.9917,0.0006,23876.34,21800.13,0.8415,230,210,0.196,0.3976,0.2978,0.021,0.3607,11,7,1,2,1,0,1.0944,103.81,36.01,177.97,7098.73,9304.02,0,0.029,0.6282,0,0
2026-09-09T15:45:24.311796+00:00,bruteforce_ftp_v1,bruteforce_ftp_v1__run_001,initial_access,T1110.001,14,1,-0.0,0.9559,0.0135,9135.38,10253.99,0.8586,98,110,0.2259,0.4623,0.2904,0.0272,0.3719,6,4,0,1,1,0,0.8899,93.22,23.91,151.25,9957.96,7599.3,0,0.0247,1.12,0,0
2026-09-09T15:45:29.311796+00:00,bruteforce_ftp_v1,bruteforce_ftp_v1__run_001,initial_access,T1110.001,24,1,-0.0,0.9598,0.0521,14300.74,15591.78,0.8535,144,157,0.4182,0.8291,0.3343,0.0438,0.4659,11,8,1,2,2,0,0.9132,99.31,21.35,141.88,9020.59,10845.95,1,0.0,1.9717,0,1
2026-09-09T15:45:34.311796+00:00,bruteforce_ftp_v1,bruteforce_ftp_v1__run_001,initial_access,T1110.001,22,1,-0.0,1.0,0.0164,15059.76,11148.13,0.7996,154,114,0.1652,0.3765,0.3026,0.0247,0.3768,10,8,1,2,1,0,1.3439,97.79,25.78,165.29,7315.89,9763.01,0,0.0352,0.6007,0,1
2026-09-09T15:45:39.311796+00:00,bruteforce_ftp_v1,bruteforce_ftp_v1__run_001,initial_access,T1110.001,14,1,-0.0,1.0,0.024,10831.07,12550.28,0.8349,126,146,0.1852,0.47,0.3288,0.0304,0.42,7,4,0,1,0,0,0.8593,85.96,20.65,130.75,8244.16,8502.95,0,0.0281,1.0613,0,1
2026-09-09T15:45:44.311796+00:00,bruteforce_ftp_v1,bruteforce_ftp_v1__run_001,initial_access,T1110.001,18,1,-0.0,0.999,0.0,13351.36,12444.78,0.8976,162,151,0.2927,0.848,0.3286,0.0362,0.4371,8,6,1,1,1,0,1.0693,82.42,27.29,156.32,7566.18,9342.12,0,0.0329,1.1294,0,0
2026-09-09T15:45:49.311796+00:00,bruteforce_ftp_v1,bruteforce_ftp_v1__run_001,initial_access,T1110.001,15,1,-0.0,0.9637,0.0121,12135.95,10315.56,0.8606,120,102,0.3921,0.7785,0.2937,0.0326,0.3916,7,5,0,1,0,0,1.1749,101.13,22.57,135.99,8816.5,6989.16,0,0.0253,0.4831,0,0
2026-09-09T15:45:54.311796+00:00,bruteforce_ftp_v1,bruteforce_ftp_v1__run_001,initial_access,T1110.001,16,1,-0.0,1.0,0.0,7968.64,6574.13,0.8859,80,66,0.3689,0.8048,0.347,0.0435,0.4775,8,5,1,1,1,0,1.2099,99.61,35.5,211.63,8294.95,8326.96,0,0.0,0.7412,0,0
2026-09-09T15:45:59.311796+00:00,bruteforce_ftp_v1,bruteforce_ftp_v1__run_001,initial_access,T1110.001,20,1,-0.0,1.0,0.0,14468.66,10308.92,0.8451,160,114,0.2251,0.4813,0.2633,0.0303,0.3542,9,7,0,1,1,0,1.3964,90.43,32.06,160.11,8134.77,8994.88,0,0.0066,1.1766,0,0
2026-09-09T15:46:04.311796+00:00,bruteforce_ftp_v1,bruteforce_ftp_v1__run_001,initial_access,T1110.001,9,1,-0.0,0.9765,0.0203,2055.6,1827.2,0.8729,18,16,0.4144,0.8496,0.3346,0.0329,0.4333,4,3,0,0,0,0,1.084,114.2,37.35,174.42,8471.26,9921.63,0,0.0389,0.1769,0,0
2026-09-09T15:46:09.311796+00:00,bruteforce_ftp_v1,bruteforce_ftp_v1__run_001,initial_access,T1110.001,12,1,-0.0,1.0,0.0168,5811.62,5327.32,0.7244,60,55,0.4121,0.4987,0.2527,0.0244,0.3259,5,3,0,1,0,0,1.0902,96.86,23.01,134.37,7121.95,8319.81,0,0.0525,1.1983,0,0
2026-09-09T15:46:14.311796+00:00,bruteforce_ftp_v1,bruteforce_ftp_v1__run_001,initial_access,T1110.001,11,1,-0.0,0.9472,0.0441,7401.6,5767.48,0.9185,77,60,0.1866,0.4004,0.2999,0.0349,0.4046,5,4,0,1,0,0,1.2681,96.12,22.13,136.25,8951.85,8234.14,0,0.0,1.1539,0,0
2026-09-09T15:46:19.311796+00:00,bruteforce_ftp_v1,bruteforce_ftp_v1__run_001,initial_access,T1110.001,20,1,-0.0,0.9618,0.0623,18149.58,13702.93,0.9077,200,151,0.432,0.5839,0.3228,0.0299,0.4125,10,6,0,2,0,0,1.3193,90.75,30.64,144.61,9160.56,8889.79,0,0.0298,1.8255,0,0
2026-09-09T15:46:24.311796+00:00,bruteforce_ftp_v1,bruteforce_ftp_v1__run_001,initial_access,T1110.001,24,1,-0.0,0.97,0.0235,9500.94,8412.29,0.9097,96,85,0.4114,1.1549,0.2877,0.0145,0.3313,12,8,1,2,1,0,1.1255,98.97,31.39,177.98,7265.11,8343.11,0,0.0,1.0501,0,1
2026-09-09T15:46:29.311796+00:00,bruteforce_ftp_v1,bruteforce_ftp_v1__run_001,initial_access,T1110.001,21,1,-0.0,1.0,0.0,8402.14,9602.45,0.8294,84,96,0.3898,1.0414,0.3081,0.0336,0.409,10,7,1,1,1,0,0.8666,100.03,24.5,150.31,9591.3,7618.75,0,0.053,1.1121,0,0
2026-09-09T15:46:34.311796+00:00,bruteforce_ftp_v1,bruteforce_ftp_v1__run_001,initial_access,T1110.001,22,1,-0.0,1.0,0.0,6248.75,4639.23,0.857,66,49,0.2588,0.3993,0.3405,0.0304,0.4317,11,6,0,2,2,0,1.3349,94.68,28.82,186.41,7183.43,10144.49,1,0.0144,0.0973,0,3
2026-09-09T15:46:39.311796+00:00,bruteforce_ftp_v1,bruteforce_ftp_v1__run_001,initial_access,T1110.001,15,1,-0.0,0.9718,0.025,4027.23,3758.75,0.8415,45,42,0.2976,0.5403,0.2601,0.0133,0.3,7,5,0,1,1,0,1.0613,89.49,25.2,147.99,8065.52,11153.17,0,0.0025,0.0,0,1
2026-09-09T15:46:44.311796+00:00,bruteforce_ftp_v1,bruteforce_ftp_v1__run_001,initial_access,T1110.001,16,1,-0.0,1.0,0.0,6095.52,6952.71,0.7591,64,73,0.41,0.8845,0.3782,0.0202,0.4389,8,5,0,1,1,0,0.87,95.24,29.31,163.74,8095.71,8604.46,0,0.0,1.8361,0,0
2026-09-09T15:46:49.311796+00:00,bruteforce_ftp_v1,bruteforce_ftp_v1__run_001,initial_access,T1110.001,21,1,-0.0,0.9653,0.0279,25279.66,24724.06,0.8164,273,267,0.1751,0.3221,0.2811,0.0162,0.3296,10,7,0,1,2,0,1.0197,92.6,28.93,154.28,9215.51,9155.55,1,0.04,1.3695,0,1
2026-09-09T15:46:54.311796+00:00,bruteforce_ftp_v1,bruteforce_ftp_v1__run_001,initial_access,T1110.001,18,1,-0.0,0.947,0.0684,13756.33,16335.64,0.9375,144,171,0.2527,0.6642,0.2777,0.0234,0.3479,9,6,1,1,1,0,0.8406,95.53,25.21,166.75,9068.46,8813.05,0,0.0473,1.4053,0,0
2026-09-09T15:46:59.311796+00:00,bruteforce_ftp_v1,bruteforce_ftp_v1__run_001,initial_access,T1110.001,22,1,-0.0,0.9913,0.0127,6153.19,4941.2,0.8331,66,53,0.2878,0.5243,0.2742,0.0146,0.318,10,7,0,1,1,0,1.2407,93.23,28.27,182.08,7459.86,8877.75,0,0.0,0.0281,0,2
2026-09-09T15:47:04.311796+00:00,bruteforce_ftp_v1,bruteforce_ftp_v1__run_001,initial_access,T1110.001,19,1,-0.0,0.9939,0.0185,7895.3,5921.47,0.8078,76,57,0.3634,0.9197,0.3663,0.0416,0.491,9,6,0,1,1,0,1.3118,103.89,31.08,163.42,7960.2,6757.78,0,0.0,0.3293,0,2
2026-09-09T15:47:09.311796+00:00,bruteforce_ftp_v1,bruteforce_ftp_v1__run_001,initial_access,T1110.001,16,1,-0.0,0.952,0.0436,9159.37,11735.44,0.8214,96,123,0.2171,0.5972,0.2719,0.0201,0.3321,7,5,0,1,1,0,0.7796,95.41,26.17,170.91,7044.63,8739.68,0,0.0369,1.6138,0,0
2026-09-09T15:47:14.311796+00:00,bruteforce_ftp_v1,bruteforce_ftp_v1__run_001,initial_access,T1110.001,15,1,-0.0,1.0,0.0054,5389.49,5569.14,0.8688,60,62,0.2976,0.78,0.2935,0.0334,0.3938,7,5,0,1,1,0,0.966,89.82,24.95,131.32,8397.09,9272.04,0,0.0938,1.2872,0,0
2026-09-09T15:47:19.311796+00:00,bruteforce_ftp_v1,bruteforce_ftp_v1__run_001,initial_access,T1110.001,16,1,-0.0,1.0,0.0142,1795.05,1795.05,0.825,16,16,0.3169,0.4124,0.299,0.0188,0.3555,7,5,0,1,1,0,0.9585,112.19,36.34,200.53,6729.61,7951.01,0,0.0043,0.0,0,0
2026-09-09T15:47:24.311796+00:00,bruteforce_ftp_v1,bruteforce_ftp_v1__run_001,initial_access,T1110.001,22,1,-0.0,0.9205,0.1107,23729.38,26102.32,0.8872,220,242,0.2321,0.6894,0.2945,0.0292,0.3823,11,8,0,1,1,0,0.9074,107.86,23.65,174.39,9666.86,10131.78,0,0.0185,1.2268,0,0
2026-09-09T15:47:29.311796+00:00,bruteforce_ftp_v1,bruteforce_ftp_v1__run_001,initial_access,T1110.001,16,1,-0.0,1.0,0.0,12758.93,9569.2,0.8807,128,96,0.3175,0.6207,0.2413,0.0198,0.3007,7,5,1,1,1,0,1.3276,99.68,19.63,144.1,8614.46,8080.59,0,0.0,1.4964,0,0
2026-09-09T15:47:34.311796+00:00,bruteforce_ftp_v1,bruteforce_ftp_v1__run_001,initial_access,T1110.001,9,1,-0.0,1.0,0.0004,2528.61,2154.0,0.8636,27,23,0.2686,0.6218,0.3394,0.0414,0.4636,4,3,0,0,0,0,1.1587,93.65,35.98,178.53,8634.74,8606.92,0,0.0,0.0,0,0
2026-09-09T15:47:39.311796+00:00,bruteforce_ftp_v1,bruteforce_ftp_v1__run_001,initial_access,T1110.001,11,1,-0.0,0.9343,0.0854,9311.63,10052.33,0.8968,88,95,0.4183,0.7808,0.2819,0.0216,0.3466,5,3,0,1,1,0,0.9215,105.81,29.04,147.55,7568.68,8117.62,0,0.0469,1.4985,0,1
2026-09-09T15:47:44.311796+00:00,bruteforce_ftp_v1,bruteforce_ftp_v1__run_001,initial_access,T1110.001,13,1,-0.0,1.0,0.0,8322.49,6615.32,0.8072,78,62,0.1927,0.3967,0.3174,0.028,0.4013,6,4,1,1,1,0,1.2531,106.7,22.61,136.39,8624.05,7155.61,0,0.0838,1.2191,0,0
2026-09-09T15:47:49.311796+00:00,bruteforce_ftp_v1,bruteforce_ftp_v1__run_001,initial_access,T1110.001,17,1,-0.0,0.9664,0.0396,11842.35,9155.43,0.951,119,92,0.1975,0.3263,0.3389,0.0353,0.4449,8,5,0,1,1,0,1.2849,99.52,40.07,187.35,9878.22,9253.2,0,0.0022,1.5546,0,1
2026-09-09T15:47:54.311796+00:00,bruteforce_ftp_v1,bruteforce_ftp_v1__run_001,initial_access,T1110.001,16,1,-0.0,0.9722,0.0388,10139.62,9596.43,0.9204,112,106,0.1719,0.3438,0.2941,0.0236,0.3648,8,5,0,1,1,0,1.0476,90.53,20.17,127.54,9385.24,8079.71,0,0.0512,1.0051,0,0
2026-09-09T15:47:59.311796+00:00,bruteforce_ftp_v1,bruteforce_ftp_v1__run_001,initial_access,T1110.001,27,1,-0.0,1.0,0.0009,19359.23,21100.53,0.8798,189,206,0.4036,0.5001,0.2712,0.0221,0.3374,12,9,2,1,2,0,0.9145,102.43,32.31,160.07,7570.57,8075.15,1,0.0,1.1723,0,1
2026-09-09T15:48:04.311796+00:00,bruteforce_ftp_v1,bruteforce_ftp_v1__run_001,initial_access,T1110.001,16,1,-0.0,0.9436,0.0285,12209.27,9633.88,0.817,128,101,0.1394,0.2708,0.2766,0.0393,0.3945,8,4,1,1,1,0,1.2574,95.38,27.07,144.54,8699.76,6831.0,0,0.0,1.2058,0,0
2026-09-09T15:48:09.311796+00:00,bruteforce_ftp_v1,bruteforce_ftp_v1__run_001,initial_access,T1110.001,14,1,-0.0,1.0,0.0007,10827.19,10247.16,0.7424,112,106,0.2308,0.6508,0.2819,0.0261,0.3601,6,5,0,1,0,0,1.0485,96.67,29.02,146.25,7358.2,9281.14,0,0.0,0.0,0,0
2026-09-09T15:48:14.311796+00:00,bruteforce_ftp_v1,bruteforce_ftp_v1__run_001,initial_access,T1110.001,21,1,-0.0,0.976,0.0563,12647.55,11242.27,0.8633,126,112,0.3112,0.7208,0.2704,0.0182,0.325,10,8,0,1,1,0,1.1176,100.38,32.94,181.92,9754.28,7132.66,0,0.0,0.6378,0,0
2026-09-09T15:48:19.311796+00:00,bruteforce_ftp_v1,bruteforce_ftp_v1__run_001,initial_access,T1110.001,13,1,-0.0,1.0,0.0,4935.41,5694.7,0.9367,65,75,0.3385,0.4987,0.3065,0.0362,0.4153,6,4,0,1,0,0,0.8564,75.93,14.41,112.14,8175.83,8496.27,0,0.0346,1.859,0,0
2026-09-09T15:48:24.311796+00:00,bruteforce_ftp_v1,bruteforce_ftp_v1__run_001,initial_access,T1110.001,14,1,-0.0,0.9725,0.0471,13206.16,10376.27,0.8745,154,121,0.3936,0.9372,0.2649,0.0383,0.3798,6,4,0,1,0,0,1.2714,85.75,23.17,129.76,8376.66,7623.68,0,0.0,0.5297,0,1
2026-09-09T15:48:29.311796+00:00,bruteforce_ftp_v1,bruteforce_ftp_v1__run_001,initial_access,T1110.001,13,1,-0.0,1.0,0.0,5263.73,4656.38,0.8473,52,46,0.281,0.6634,0.3189,0.0461,0.4571,6,4,0,1,0,0,1.123,101.23,24.77,146.61,10334.43,8956.85,0,0.0,0.4523,0,1
2026-09-09T15:48:34.311796+00:00,bruteforce_ftp_v1,bruteforce_ftp_v1__run_001,initial_access,T1110.001,17,1,-0.0,0.969,0.0567,8345.25,7265.28,0.7832,85,74,0.1617,0.363,0.255,0.0133,0.2949,8,6,0,1,1,0,1.1471,98.18,23.1,141.09,8456.12,9580.4,0,0.0388,0.5813,0,0
2026-09-09T15:48:39.311796+00:00,bruteforce_ftp_v1,bruteforce_ftp_v1__run_001,initial_access,T1110.001,22,1,-0.0,0.9885,0.0193,18248.98,16405.65,0.9063,198,178,0.2853,0.5696,0.2888,0.0244,0.3618,10,7,1,2,1,0,1.1067,92.17,27.38,156.54,6467.85,7245.13,0,0.0077,0.8628,0,0
2026-09-09T15:48:44.311796+00:00,bruteforce_ftp_v1,bruteforce_ftp_v1__run_001,initial_access,T1110.001,13,1,-0.0,0.9493,0.0354,7996.74,6663.95,0.8414,78,65,0.4098,0.6853,0.3035,0.032,0.3995,5,4,0,1,1,0,1.2,102.52,33.01,163.75,7225.74,7961.59,0,0.0,1.6867,0,0
2026-09-09T15:48:49.311796+00:00,bruteforce_ftp_v1,bruteforce_ftp_v1__run_001,initial_access,T1110.001,20,1,-0.0,0.942,0.0259,8162.49,7652.33,0.87,80,75,0.4218,0.5456,0.2843,0.0292,0.372,10,6,0,1,2,0,1.0647,102.03,32.61,195.6,9490.52,8145.75,1,0.0409,1.0797,0,0
2026-09-09T15:48:54.311796+00:00,bruteforce_ftp_v1,bruteforce_ftp_v1__run_001,initial_access,T1110.001,21,1,-0.0,0.9637,0.0824,3999.35,5618.13,0.8217,42,59,0.3746,0.9061,0.2546,0.031,0.3478,9,6,0,1,1,0,0.7114,95.22,25.47,170.39,8065.38,7452.52,0,0.0234,0.4172,0,2
2026-09-09T15:48:59.311796+00:00,bruteforce_ftp_v1,bruteforce_ftp_v1__run_001,initial_access,T1110.001,21,1,-0.0,1.0,0.0,9231.52,9671.11,0.9203,105,110,0.1584,0.3213,0.2653,0.024,0.3373,9,8,1,1,1,0,0.9497,87.92,24.61,139.56,7072.61,8860.93,0,0.009,1.574,0,0
2026-09-09T15:49:04.311796+00:00,bruteforce_ftp_v1,bruteforce_ftp_v1__run_001,initial_access,T1110.001,13,1,-0.0,0.9776,0.0458,15729.48,13961.08,0.8494,169,150,0.2099,0.3696,0.29,0.0279,0.3738,6,4,0,1,1,0,1.1257,93.07,28.42,144.33,9169.68,7927.39,0,0.0045,0.0,0,0
2026-09-09T15:49:09.311796+00:00,bruteforce_ftp_v1,bruteforce_ftp_v1__run_001,initial_access,T1110.001,18,1,-0.0,0.9693,0.0229,8489.33,9526.91,0.8031,90,101,0.3345,0.5866,0.2856,0.0161,0.334,8,6,0,2,1,0,0.8862,94.33,25.35,154.86,10331.81,9259.42,0,0.0593,0.646,0,1
2026-09-09T15:49:14.311796+00:00,bruteforce_ftp_v1,bruteforce_ftp_v1__run_001,initial_access,T1110.001,21,1,-0.0,0.9874,0.0334,6064.67,10011.52,0.8115,63,104,0.3807,1.0436,0.303,0.0401,0.4232,10,8,1,2,1,0,0.6031,96.26,38.87,177.39,8357.22,7304.39,0,0.0244,0.9842,0,0
2026-09-09T15:49:19.311796+00:00,bruteforce_ftp_v1,bruteforce_ftp_v1__run_001,initial_access,T1110.001,8,1,-0.0,0.9844,0.0205,4493.05,4043.74,0.8545,40,36,0.2158,0.5047,0.3138,0.0448,0.4482,4,2,0,1,0,0,1.1004,112.33,29.02,167.99,7444.16,8433.6,0,0.0685,1.2464,0,0
2026-09-09T15:49:24.311796+00:00,bruteforce_ftp_v1,bruteforce_ftp_v1__run_001,initial_access,T1110.001,27,1,-0.0,1.0,0.0,13473.36,14171.98,0.7895,135,142,0.22,0.4023,0.2918,0.0368,0.402,13,9,0,2,1,0,0.9499,99.8,40.87,268.43,9423.4,7443.37,0,0.0203,0.5261,0,0
2026-09-09T15:49:29.311796+00:00,bruteforce_ftp_v1,bruteforce_ftp_v1__run_001,initial_access,T1110.001,18,1,-0.0,1.0,0.0039,17115.69,12995.25,0.9146,162,123,0.281,0.7996,0.309,0.0434,0.4391,9,6,1,0,1,0,1.3074,105.65,35.78,201.42,6879.0,10150.65,0,0.0252,1.7237,0,0
2026-09-09T15:49:34.311796+00:00,bruteforce_ftp_v1,bruteforce_ftp_v1__run_001,initial_access,T1110.001,18,1,-0.0,1.0,0.0,7035.35,5471.94,0.843,72,56,0.204,0.5377,0.2811,0.0291,0.3684,8,5,0,2,1,0,1.2796,97.71,28.91,196.13,7282.51,8321.47,0,0.0,1.9502,0,0
2026-09-09T15:49:39.311796+00:00,bruteforce_ftp_v1,bruteforce_ftp_v1__run_001,initial_access,T1110.001,19,1,-0.0,1.0,0.0013,12916.65,10877.18,0.8538,114,96,0.3811,0.6425,0.3184,0.0331,0.4177,9,6,1,1,1,0,1.1871,113.3,32.82,178.73,6831.16,8849.39,0,0.0549,0.9038,0,1
2026-09-09T15:49:44.311796+00:00,bruteforce_ftp_v1,bruteforce_ftp_v1__run_001,initial_access,T1110.001,15,1,-0.0,0.9936,0.0,6379.85,6379.85,0.8376,60,60,0.3293,0.7117,0.2765,0.0195,0.3351,7,5,0,1,0,0,0.9894,106.33,28.81,172.58,6681.67,7688.05,0,0.0,1.1406,0,1
2026-09-09T15:49:49.311796+00:00,bruteforce_ftp_v1,bruteforce_ftp_v1__run_001,initial_access,T1110.001,23,1,-0.0,0.9598,0.0338,16637.58,13744.09,0.8637,161,133,0.1965,0.4065,0.2386,0.0281,0.3229,11,8,1,2,2,0,1.2041,103.34,31.81,173.65,8982.62,7318.42,1,0.0411,1.7223,0,0
2026-09-09T15:49:54.311796+00:00,bruteforce_ftp_v1,bruteforce_ftp_v1__run_001,initial_access,T1110.001,15,1,-0.0,1.0,0.0443,5892.63,5401.58,0.7623,60,55,0.4543,1.3251,0.3164,0.0359,0.424,7,5,1,0,1,0,1.0723,98.21,34.44,174.63,8930.56,7682.96,0,0.0394,1.5187,0,1
2026-09-09T15:49:59.311796+00:00,bruteforce_ftp_v1,bruteforce_ftp_v1__run_001,initial_access,T1110.001,15,1,-0.0,1.0,0.0,9912.25,8401.81,0.8171,105,89,0.2499,0.697,0.3315,0.0217,0.3966,7,5,1,1,1,0,1.1715,94.4,31.96,151.98,9316.38,7119.41,0,0.035,2.1383,0,0
2026-09-09T15:50:04.311796+00:00,bruteforce_ftp_v1,bruteforce_ftp_v1__run_001,initial_access,T1110.001,22,1,-0.0,1.0,0.0,16912.81,12011.94,0.856,176,125,0.3445,0.7025,0.294,0.0318,0.3895,11,7,1,2,1,0,1.4007,96.1,23.93,140.29,8550.01,8607.52,0,0.0,0.8089,0,0
2026-09-09T15:50:09.311796+00:00,bruteforce_ftp_v1,bruteforce_ftp_v1__run_001,initial_access,T1110.001,17,1,-0.0,1.0,0.0,5118.55,4817.46,0.9075,51,48,0.4726,1.3193,0.3503,0.0382,0.465,8,6,0,1,1,0,1.0573,100.36,26.11,143.91,7308.33,10013.52,0,0.0,1.1796,0,0
2026-09-09T15:50:14.311796+00:00,bruteforce_ftp_v1,bruteforce_ftp_v1__run_001,initial_access,T1110.001,15,1,-0.0,0.9817,0.0225,11683.78,9347.02,0.909,120,96,0.2912,0.7239,0.3128,0.0293,0.4009,7,5,0,1,1,0,1.2443,97.36,31.46,161.77,8944.79,7741.76,0,0.0,0.5284,0,2
2026-09-09T15:50:19.311796+00:00,bruteforce_ftp_v1,bruteforce_ftp_v1__run_001,initial_access,T1110.001,8,1,-0.0,0.9392,0.0254,5256.73,4490.12,0.8385,48,41,0.36,0.7496,0.2694,0.0155,0.3158,4,2,0,0,0,0,1.1596,109.52,34.44,162.76,7330.42,9126.2,0,0.0,1.375,0,1
2026-09-09T15:50:24.311796+00:00,bruteforce_ftp_v1,bruteforce_ftp_v1__run_001,initial_access,T1110.001,19,1,-0.0,1.0,0.0243,14645.02,23233.82,0.975,133,211,0.404,1.0568,0.2616,0.0387,0.3776,9,7,1,2,1,0,0.6277,110.11,45.07,199.01,6669.1,8188.4,0,0.0,0.4492,0,1
2026-09-09T15:50:29.311796+00:00,bruteforce_ftp_v1,bruteforce_ftp_v1__run_001,initial_access,T1110.001,16,1,-0.0,0.9992,0.0,10356.57,8954.12,0.8816,96,83,0.2838,0.7433,0.3148,0.0466,0.4547,7,5,1,1,1,0,1.1453,107.88,31.68,164.39,8211.92,8900.44,0,0.0056,0.8494,0,0
2026-09-09T15:50:34.311796+00:00,bruteforce_ftp_v1,bruteforce_ftp_v1__run_001,initial_access,T1110.001,20,1,-0.0,1.0,0.0134,16989.4,14016.25,0.8164,160,132,0.1938,0.3294,0.2524,0.0235,0.3229,10,7,1,1,2,0,1.2045,106.18,28.41,178.11,8307.2,9203.1,1,0.0191,1.1983,0,0
2026-09-09T15:50:39.311796+00:00,bruteforce_ftp_v1,bruteforce_ftp_v1__run_001,initial_access,T1110.001,16,1,-0.0,0.9519,0.0738,12408.72,14735.36,0.8331,128,152,0.355,0.4518,0.2713,0.0279,0.355,8,5,0,1,1,0,0.837,96.94,18.26,124.28,6900.61,10311.35,0,0.0383,1.0707,0,0
