timestamp,persona_id,run_id,mitre_stage,technique_id,flow_count,unique_dst_ports,dest_port_entropy,tcp_ratio,udp_ratio,bytes_fwd_sum,bytes_bwd_sum,bidirectional_ratio,pkts_fwd_sum,pkts_bwd_sum,duration_mean,duration_max,iat_mean,iat_std,iat_max,syn_flag_sum,ack_flag_sum,fin_flag_sum,rst_flag_sum,psh_flag_sum,urg_flag_sum,down_up_ratio_mean,pkt_len_mean,pkt_len_std,pkt_len_max,init_fwd_win_mean,init_bwd_win_mean,fwd_psh_flags_sum,port_scan_score,ttl_variance,ip_fragment_flags,retransmit_count
2026-09-03T22:16:06.879090+00:00,bruteforce_ftp_v1,bruteforce_ftp_v1__run_002,initial_access,T1110.001,15,1,-0.0,0.9808,0.0478,9286.07,6809.78,0.8098,90,66,0.2648,0.423,0.2362,0.0236,0.307,7,5,0,1,1,0,1.3569,103.18,37.99,192.36,10222.26,8022.26,0,0.0145,1.2538,0,0
2026-09-03T22:16:11.879090+00:00,bruteforce_ftp_v1,bruteforce_ftp_v1__run_002,initial_access,T1110.001,26,1,-0.0,0.9694,0.0,21125.04,20921.92,0.9108,208,206,0.2525,0.7218,0.2961,0.0276,0.379,13,8,1,2,1,0,1.0052,101.56,33.65,186.93,7139.84,7344.07,0,0.0748,0.5087,0,1
2026-09-03T22:16:16.879090+00:00,bruteforce_ftp_v1,bruteforce_ftp_v1__run_002,initial_access,T1110.001,11,1,-0.0,1.0,0.0,3156.46,2391.25,0.867,33,25,0.3054,0.4288,0.2564,0.0155,0.3029,5,3,0,1,0,0,1.2745,95.65,25.18,153.09,8119.31,8070.96,0,0.0162,0.631,0,1
2026-09-03T22:16:21.879090+00:00,bruteforce_ftp_v1,bruteforce_ftp_v1__run_002,initial_access,T1110.001,15,1,-0.0,1.0,0.0105,11531.93,12300.72,0.8665,105,112,0.4119,0.6486,0.2779,0.0149,0.3226,7,5,0,1,0,0,0.9312,109.83,26.46,155.18,9188.8,6233.01,0,0.0519,0.9765,0,0
2026-09-03T22:16:26.879090+00:00,bruteforce_ftp_v1,bruteforce_ftp_v1__run_002,initial_access,T1110.001,11,1,-0.0,0.983,0.0,2390.04,2933.23,0.8664,22,27,0.3844,0.677,0.2775,0.0185,0.3329,5,3,0,1,0,0,0.8119,108.64,30.97,174.06,9215.17,6845.16,0,0.0149,0.7584,0,0
2026-09-03T22:16:31.879090+00:00,bruteforce_ftp_v1,bruteforce_ftp_v1__run_002,initial_access,T1110.001,15,1,-0.0,1.0,0.0,12999.48,11940.27,0.8233,135,124,0.3068,0.669,0.3054,0.0381,0.4196,7,5,0,1,0,0,1.084,96.29,30.29,150.04,8062.39,6924.34,0,0.0347,1.2197,0,2
2026-09-03T22:16:36.879090+00:00,bruteforce_ftp_v1,bruteforce_ftp_v1__run_002,initial_access,T1110.001,20,1,-0.0,1.0,0.0062,9847.13,8862.42,0.8412,100,90,0.2394,0.5126,0.284,0.0175,0.3365,9,6,0,1,1,0,1.1038,98.47,33.19,168.49,7716.17,7833.34,0,0.0471,0.0,0,0
2026-09-03T22:16:41.879090+00:00,bruteforce_ftp_v1,bruteforce_ftp_v1__run_002,initial_access,T1110.001,21,1,-0.0,0.9829,0.0319,14140.64,13659.67,0.8139,147,142,0.2192,0.3482,0.2555,0.0332,0.3551,11,7,1,1,1,0,1.0322,96.19,30.77,169.96,9179.66,8988.15,0,0.0139,0.6223,0,0
2026-09-03T22:16:46.879090+00:00,bruteforce_ftp_v1,bruteforce_ftp_v1__run_002,initial_access,T1110.001,25,1,-0.0,1.0,0.0,29349.35,25827.43,0.8614,300,264,0.265,0.3879,0.3175,0.024,0.3896,11,8,0,2,3,0,1.1356,97.83,29.9,208.15,8921.08,6785.59,1,0.0117,0.0096,0,2
2026-09-03T22:16:51.879090+00:00,bruteforce_ftp_v1,bruteforce_ftp_v1__run_002,initial_access,T1110.001,11,1,-0.0,0.9621,0.0361,6733.7,5159.59,0.8303,77,59,0.2952,0.4394,0.2599,0.0193,0.3178,5,3,0,0,1,0,1.2875,87.45,24.56,137.75,7779.27,8271.83,0,0.0,1.0174,0,0
2026-09-03T22:16:56.879090+00:00,bruteforce_ftp_v1,bruteforce_ftp_v1__run_002,initial_access,T1110.001,23,1,-0.0,0.9636,0.0,15944.14,15448.98,0.8592,161,156,0.3777,0.4961,0.3139,0.047,0.4549,11,7,0,1,1,0,1.0316,99.03,26.08,153.47,7655.22,7488.99,0,0.0018,0.6875,0,1
2026-09-03T22:17:01.879090+00:00,bruteforce_ftp_v1,bruteforce_ftp_v1__run_002,initial_access,T1110.001,16,1,-0.0,1.0,0.0,15297.06,11047.88,0.8056,144,104,0.1978,0.3252,0.3024,0.0446,0.436,8,5,0,1,1,0,1.38,106.23,23.14,151.33,8483.4,7616.97,0,0.0356,0.1041,0,0
2026-09-03T22:17:06.879090+00:00,bruteforce_ftp_v1,bruteforce_ftp_v1__run_002,initial_access,T1110.001,18,1,-0.0,0.9848,0.0097,7905.06,6367.97,0.8677,72,58,0.2777,0.7818,0.2834,0.0197,0.3425,8,6,1,1,1,0,1.2288,109.79,32.13,210.55,8268.04,6964.02,0,0.0,1.7569,0,0
2026-09-03T22:17:11.879090+00:00,bruteforce_ftp_v1,bruteforce_ftp_v1__run_002,initial_access,T1110.001,13,1,-0.0,1.0,0.0,3833.11,3833.11,0.7282,39,39,0.1766,0.4839,0.2933,0.0421,0.4197,6,4,0,1,1,0,0.9906,98.28,22.98,142.25,7792.24,9954.77,0,0.0264,1.2379,0,0
2026-09-03T22:17:16.879090+00:00,bruteforce_ftp_v1,bruteforce_ftp_v1__run_002,initial_access,T1110.001,12,1,-0.0,1.0,0.0,2521.45,1996.15,0.8474,24,19,0.3805,0.6192,0.2643,0.0354,0.3704,5,3,0,1,1,0,1.2288,105.06,33.99,184.78,8345.2,7420.68,0,0.0583,0.9096,0,0
2026-09-03T22:17:21.879090+00:00,bruteforce_ftp_v1,bruteforce_ftp_v1__run_002,initial_access,T1110.001,26,1,-0.0,1.0,0.0,10840.95,9590.07,0.8615,104,92,0.2109,0.6131,0.2588,0.0251,0.3342,12,8,0,2,2,0,1.1281,104.24,23.83,151.8,7576.18,9445.73,1,0.0711,1.1042,0,0
2026-09-03T22:17:26.879090+00:00,bruteforce_ftp_v1,bruteforce_ftp_v1__run_002,initial_access,T1110.001,12,1,-0.0,0.9738,0.0196,4274.55,4007.39,0.7836,48,45,0.1914,0.3165,0.2893,0.0302,0.3798,5,3,0,0,1,0,1.0619,89.05,26.61,134.13,8937.42,8788.67,0,0.0171,0.8053,0,0
2026-09-03T22:17:31.879090+00:00,bruteforce_ftp_v1,bruteforce_ftp_v1__run_002,initial_access,T1110.001,18,1,-0.0,0.9915,0.0,12540.6,15625.99,0.8237,126,157,0.3397,0.4713,0.3391,0.0456,0.4761,8,5,0,2,0,0,0.7998,99.53,24.71,145.13,7803.87,10285.62,0,0.0293,1.1091,0,0
2026-09-03T22:17:36.879090+00:00,bruteforce_ftp_v1,bruteforce_ftp_v1__run_002,initial_access,T1110.001,24,1,-0.0,0.9719,0.0473,18304.94,20688.39,0.9217,192,217,0.3978,1.1535,0.2817,0.0235,0.3523,12,8,1,3,1,0,0.8816,95.34,33.32,193.65,8713.23,7600.84,0,0.0042,1.5594,0,3
2026-09-03T22:17:41.879090+00:00,bruteforce_ftp_v1,bruteforce_ftp_v1__run_002,initial_access,T1110.001,12,1,-0.0,1.0,0.0126,5018.61,3659.41,0.9067,48,35,0.3724,0.8305,0.2887,0.0145,0.3323,6,4,0,1,1,0,1.3613,104.55,34.64,198.52,9988.43,7113.97,0,0.0434,0.5767,0,1
2026-09-03T22:17:46.879090+00:00,bruteforce_ftp_v1,bruteforce_ftp_v1__run_002,initial_access,T1110.001,11,1,-0.0,0.9835,0.0384,7139.42,5748.62,0.9289,77,62,0.1478,0.4042,0.2594,0.0294,0.3477,5,3,0,1,1,0,1.2241,92.72,24.69,127.66,8124.97,8175.46,0,0.0184,1.0481,0,1
2026-09-03T22:17:51.879090+00:00,bruteforce_ftp_v1,bruteforce_ftp_v1__run_002,initial_access,T1110.001,18,1,-0.0,0.9769,0.026,14647.8,14444.36,0.8254,144,142,0.2919,0.7472,0.3073,0.0236,0.3782,8,6,0,2,1,0,1.0114,101.72,22.24,145.73,9386.03,5801.11,0,0.0317,0.6294,0,1
2026-09-03T22:17:56.879090+00:00,bruteforce_ftp_v1,bruteforce_ftp_v1__run_002,initial_access,T1110.001,10,1,-0.0,1.0,0.0174,6354.13,5355.62,0.9131,70,59,0.3108,0.7961,0.3235,0.0404,0.4446,5,3,0,0,0,0,1.177,90.77,26.47,149.67,8075.45,8496.58,0,0.0025,1.4744,0,1
2026-09-03T22:18:01.879090+00:00,bruteforce_ftp_v1,bruteforce_ftp_v1__run_002,initial_access,T1110.001,21,1,-0.0,1.0,0.0,11984.14,10652.57,0.9,126,112,0.3168,0.3841,0.3681,0.0266,0.4478,11,7,0,2,1,0,1.1234,95.11,24.49,144.52,7807.35,8839.08,0,0.0039,0.5238,0,1
2026-09-03T22:18:06.879090+00:00,bruteforce_ftp_v1,bruteforce_ftp_v1__run_002,initial_access,T1110.001,21,1,-0.0,1.0,0.0094,15046.58,14739.51,0.9098,147,144,0.2807,0.3724,0.2147,0.0263,0.2936,10,6,1,2,1,0,1.0171,102.36,30.88,161.74,6611.5,8073.32,0,0.0,0.8033,0,1
2026-09-03T22:18:11.879090+00:00,bruteforce_ftp_v1,bruteforce_ftp_v1__run_002,initial_access,T1110.001,11,1,-0.0,1.0,0.0013,6946.92,7262.69,0.8141,66,69,0.1697,0.4499,0.2812,0.0154,0.3276,5,4,0,0,0,0,0.9558,105.26,34.22,189.93,7625.7,7747.73,0,0.0307,1.1336,0,1
2026-09-03T22:18:16.879090+00:00,bruteforce_ftp_v1,bruteforce_ftp_v1__run_002,initial_access,T1110.001,20,1,-0.0,1.0,0.0216,7242.43,7151.9,0.8171,80,79,0.4,0.7468,0.2968,0.0223,0.3638,9,7,1,1,2,0,1.0071,90.53,30.86,172.68,6381.53,6232.27,1,0.0516,0.5873,0,0
2026-09-03T22:18:21.879090+00:00,bruteforce_ftp_v1,bruteforce_ftp_v1__run_002,initial_access,T1110.001,19,1,-0.0,1.0,0.0113,12413.35,12304.47,0.8169,114,113,0.2589,0.4021,0.2489,0.0303,0.3397,9,6,0,1,1,0,1.005,108.89,18.95,136.8,8164.45,6151.45,0,0.0076,0.6797,0,1
2026-09-03T22:18:26.879090+00:00,bruteforce_ftp_v1,bruteforce_ftp_v1__run_002,initial_access,T1110.001,21,1,-0.0,0.9729,0.0938,15970.13,13362.76,0.9272,147,123,0.1562,0.2948,0.2966,0.041,0.4195,10,7,1,1,2,0,1.1912,108.64,31.93,192.82,8608.72,8474.9,1,0.0,1.3333,0,0
2026-09-03T22:18:31.879090+00:00,bruteforce_ftp_v1,bruteforce_ftp_v1__run_002,initial_access,T1110.001,15,1,-0.0,0.9592,0.022,5639.42,4135.58,0.8834,60,44,0.2487,0.6466,0.2581,0.0182,0.3126,7,5,0,1,0,0,1.3557,93.99,22.87,120.72,8583.42,9264.45,0,0.0728,0.2765,0,1
2026-09-03T22:18:36.879090+00:00,bruteforce_ftp_v1,bruteforce_ftp_v1__run_002,initial_access,T1110.001,17,1,-0.0,1.0,0.0,1624.49,1146.7,0.9068,17,12,0.1802,0.2876,0.3126,0.0169,0.3634,8,5,0,1,0,0,1.365,95.56,25.46,145.04,7827.92,8169.65,0,0.0066,0.4023,0,0
2026-09-03T22:18:41.879090+00:00,bruteforce_ftp_v1,bruteforce_ftp_v1__run_002,initial_access,T1110.001,17,1,-0.0,0.9965,0.0574,15164.66,9911.55,0.8653,153,100,0.1633,0.4157,0.2759,0.037,0.3868,8,5,0,1,1,0,1.5224,99.12,20.29,144.31,8326.84,7830.5,0,0.0519,0.0,0,0
2026-09-03T22:18:46.879090+00:00,bruteforce_ftp_v1,bruteforce_ftp_v1__run_002,initial_access,T1110.001,27,1,-0.0,1.0,0.0297,2818.52,3027.3,0.8847,27,29,0.2889,0.5532,0.2743,0.0271,0.3557,13,9,0,2,2,0,0.9199,104.39,27.59,146.45,8356.17,6718.81,1,0.0,1.5736,0,0
2026-09-03T22:18:51.879090+00:00,bruteforce_ftp_v1,bruteforce_ftp_v1__run_002,initial_access,T1110.001,18,1,-0.0,0.9861,0.0,1641.06,1549.89,0.7269,18,17,0.1766,0.3278,0.2854,0.0355,0.3918,8,6,1,1,1,0,1.0319,91.17,30.43,165.16,8874.47,11069.0,0,0.0496,0.4556,0,0
2026-09-03T22:18:56.879090+00:00,bruteforce_ftp_v1,bruteforce_ftp_v1__run_002,initial_access,T1110.001,14,1,-0.0,0.9748,0.0497,13553.49,11714.09,0.8249,140,121,0.4197,1.1188,0.3427,0.0273,0.4245,7,4,0,1,1,0,1.1485,96.81,20.06,142.4,9197.29,9021.28,0,0.0,2.0108,0,1
2026-09-03T22:19:01.879090+00:00,bruteforce_ftp_v1,bruteforce_ftp_v1__run_002,initial_access,T1110.001,20,1,-0.0,0.9873,0.0157,13548.26,10048.29,0.8004,120,89,0.2809,0.6603,0.2637,0.0351,0.3689,10,6,1,1,1,0,1.3411,112.9,41.07,224.78,9184.55,7370.12,0,0.0608,0.6701,0,0
2026-09-03T22:19:06.879090+00:00,bruteforce_ftp_v1,bruteforce_ftp_v1__run_002,initial_access,T1110.001,22,1,-0.0,0.9886,0.0432,15778.61,14164.89,0.9194,176,158,0.3776,0.8511,0.2885,0.0286,0.3743,10,6,1,2,1,0,1.109,89.65,20.4,132.46,8574.4,8517.76,0,0.032,0.5714,0,0
2026-09-03T22:19:11.879090+00:00,bruteforce_ftp_v1,bruteforce_ftp_v1__run_002,initial_access,T1110.001,14,1,-0.0,1.0,0.0,5801.13,6422.68,0.8668,56,62,0.4107,0.5865,0.3009,0.0162,0.3495,6,4,0,1,1,0,0.8926,103.59,23.08,146.28,8065.25,9331.24,0,0.065,0.8055,0,0
2026-09-03T22:19:16.879090+00:00,bruteforce_ftp_v1,bruteforce_ftp_v1__run_002,initial_access,T1110.001,14,1,-0.0,0.9377,0.0655,6461.09,6553.39,0.829,70,71,0.394,1.0842,0.2712,0.034,0.3733,7,4,0,1,1,0,0.9793,92.3,21.95,146.9,7664.48,6271.71,0,0.0185,1.1852,0,0
2026-09-03T22:19:21.879090+00:00,bruteforce_ftp_v1,bruteforce_ftp_v1__run_002,initial_access,T1110.001,11,1,-0.0,1.0,0.0076,4898.83,3896.79,0.9066,44,35,0.4081,0.6952,0.2907,0.0297,0.3797,5,3,0,1,0,0,1.2532,111.34,24.11,157.02,8305.42,7956.36,0,0.0329,1.5314,0,1
2026-09-03T22:19:26.879090+00:00,bruteforce_ftp_v1,bruteforce_ftp_v1__run_002,initial_access,T1110.001,15,1,-0.0,1.0,0.0111,9975.5,8977.95,0.7975,90,81,0.4299,1.0386,0.2883,0.0307,0.3803,7,5,0,1,0,0,1.1069,110.84,39.92,186.38,8537.06,8514.82,0,0.0287,0.1475,0,1
2026-09-03T22:19:31.879090+00:00,bruteforce_ftp_v1,bruteforce_ftp_v1__run_002,initial_access,T1110.001,17,1,-0.0,0.9947,0.003,1757.49,1137.2,0.7709,17,11,0.2298,0.5301,0.2542,0.0215,0.3186,8,5,0,1,1,0,1.5263,103.38,32.9,160.09,7353.84,8089.72,0,0.0279,0.9862,0,0
2026-09-03T22:19:36.879090+00:00,bruteforce_ftp_v1,bruteforce_ftp_v1__run_002,initial_access,T1110.001,18,1,-0.0,1.0,0.0099,11436.5,9530.42,0.9128,108,90,0.3796,0.9201,0.2977,0.0396,0.4166,9,6,0,1,1,0,1.1994,105.89,34.92,202.17,7597.81,9398.72,0,0.0474,0.5634,0,0
2026-09-03T22:19:41.879090+00:00,bruteforce_ftp_v1,bruteforce_ftp_v1__run_002,initial_access,T1110.001,17,1,-0.0,1.0,0.0101,10465.55,9131.7,0.89,102,89,0.3325,0.9414,0.3018,0.0183,0.3566,8,6,0,1,1,0,1.1387,102.6,31.88,181.95,7465.73,8496.01,0,0.058,0.42,0,1
2026-09-03T22:19:46.879090+00:00,bruteforce_ftp_v1,bruteforce_ftp_v1__run_002,initial_access,T1110.001,21,1,-0.0,0.9755,0.0,15446.21,15236.05,0.8441,147,145,0.3694,0.9734,0.2919,0.0338,0.3934,9,6,1,2,1,0,1.0136,105.08,32.92,170.57,9213.43,6586.66,0,0.0459,0.4756,0,1
2026-09-03T22:19:51.879090+00:00,bruteforce_ftp_v1,bruteforce_ftp_v1__run_002,initial_access,T1110.001,14,1,-0.0,0.9976,0.0,5157.05,3867.79,0.8123,56,42,0.3715,1.0602,0.3214,0.0448,0.4557,7,5,0,1,0,0,1.3323,92.09,23.2,129.37,9903.85,9573.18,0,0.0,1.2273,0,0
2026-09-03T22:19:56.879090+00:00,bruteforce_ftp_v1,bruteforce_ftp_v1__run_002,initial_access,T1110.001,17,1,-0.0,0.9402,0.0632,8145.54,9487.15,0.8397,85,99,0.266,0.5532,0.2803,0.0175,0.3328,8,5,1,1,1,0,0.851,95.83,25.68,149.86,8858.88,7648.21,0,0.0,1.8848,0,2
2026-09-03T22:20:01.879090+00:00,bruteforce_ftp_v1,bruteforce_ftp_v1__run_002,initial_access,T1110.001,17,1,-0.0,0.9916,0.0,12790.02,10156.78,0.8545,136,108,0.3091,0.5011,0.2625,0.026,0.3407,8,6,0,2,1,0,1.2581,94.04,19.81,129.74,8803.92,7745.13,0,0.0185,0.0655,0,1
2026-09-03T22:20:06.879090+00:00,bruteforce_ftp_v1,bruteforce_ftp_v1__run_002,initial_access,T1110.001,16,1,-0.0,1.0,0.0,10242.75,8749.02,0.9603,96,82,0.316,0.4217,0.3122,0.0328,0.4107,7,6,0,0,1,0,1.157,106.7,35.01,176.53,8476.75,11076.99,0,0.0111,1.1095,0,1
2026-09-03T22:20:11.879090+00:00,bruteforce_ftp_v1,bruteforce_ftp_v1__run_002,initial_access,T1110.001,17,1,-0.0,0.9708,0.004,9857.99,12564.1,0.7956,102,130,0.4456,1.2939,0.3338,0.034,0.4359,8,6,1,1,0,0,0.7793,96.65,25.49,150.7,7682.58,6376.05,0,0.0449,1.0623,0,1
2026-09-03T22:20:16.879090+00:00,bruteforce_ftp_v1,bruteforce_ftp_v1__run_002,initial_access,T1110.001,18,1,-0.0,0.9744,0.012,19900.56,20001.06,0.8796,198,199,0.4015,1.0057,0.283,0.0407,0.4051,8,6,0,1,1,0,0.9929,100.51,24.1,158.76,7406.04,9477.99,0,0.0,2.0707,0,1
2026-09-03T22:20:21.879090+00:00,bruteforce_ftp_v1,bruteforce_ftp_v1__run_002,initial_access,T1110.001,15,1,-0.0,1.0,0.0,11934.93,10045.24,0.8366,120,101,0.2975,0.6591,0.2861,0.015,0.3311,7,5,0,1,1,0,1.1827,99.46,26.03,157.73,8286.1,7240.68,0,0.0,1.5343,0,1
2026-09-03T22:20:26.879090+00:00,bruteforce_ftp_v1,bruteforce_ftp_v1__run_002,initial_access,T1110.001,20,1,-0.0,1.0,0.0,10640.6,14790.44,0.8192,100,139,0.1475,0.1972,0.3274,0.0348,0.4318,10,6,0,2,2,0,0.7169,106.41,28.05,157.9,9311.59,7504.25,1,0.0078,1.2589,0,4
2026-09-03T22:20:31.879090+00:00,bruteforce_ftp_v1,bruteforce_ftp_v1__run_002,initial_access,T1110.001,25,1,-0.0,1.0,0.0,9901.51,21486.29,0.8718,100,217,0.2363,0.704,0.2966,0.039,0.4136,12,9,2,1,1,0,0.4592,99.02,29.49,153.94,7753.23,7937.57,0,0.0332,0.9264,0,1
2026-09-03T22:20:36.879090+00:00,bruteforce_ftp_v1,bruteforce_ftp_v1__run_002,initial_access,T1110.001,19,1,-0.0,1.0,0.0339,10645.83,7283.99,0.8137,114,78,0.1921,0.5425,0.2163,0.0194,0.2746,9,6,0,1,1,0,1.4612,93.38,18.31,131.02,7875.65,7546.05,0,0.0302,0.6983,0,0
2026-09-03T22:20:41.879090+00:00,bruteforce_ftp_v1,bruteforce_ftp_v1__run_002,initial_access,T1110.001,22,1,-0.0,1.0,0.0,9250.44,7989.02,0.7304,88,76,0.26,0.3144,0.3285,0.0384,0.4436,11,7,0,2,1,0,1.1503,105.12,25.52,156.71,7281.74,10428.35,0,0.074,0.125,0,1
2026-09-03T22:20:46.879090+00:00,bruteforce_ftp_v1,bruteforce_ftp_v1__run_002,initial_access,T1110.001,15,1,-0.0,1.0,0.0042,13102.26,14084.93,0.8483,120,129,0.3372,0.6299,0.2907,0.0414,0.415,7,5,0,0,1,0,0.9258,109.19,30.53,166.07,7188.98,9175.65,0,0.0431,1.1069,0,2
2026-09-03T22:20:51.879090+00:00,bruteforce_ftp_v1,bruteforce_ftp_v1__run_002,initial_access,T1110.001,19,1,-0.0,1.0,0.0292,9034.76,7988.63,0.7859,95,84,0.2189,0.3495,0.2844,0.015,0.3294,10,7,0,1,1,0,1.1224,95.1,21.57,131.03,8350.87,6942.3,0,0.0071,0.9513,0,1
2026-09-03T22:20:56.879090+00:00,bruteforce_ftp_v1,bruteforce_ftp_v1__run_002,initial_access,T1110.001,18,1,-0.0,0.9853,0.0338,18003.56,19603.88,0.8561,180,196,0.255,0.5639,0.2902,0.0191,0.3475,8,6,0,1,1,0,0.9159,100.02,32.77,176.8,6826.71,7266.63,0,0.0712,1.8487,0,1
2026-09-03T22:21:01.879090+00:00,bruteforce_ftp_v1,bruteforce_ftp_v1__run_002,initial_access,T1110.001,16,1,-0.0,1.0,0.022,10890.19,11003.63,0.8493,96,97,0.3285,0.9117,0.3095,0.0269,0.3901,7,5,0,2,1,0,0.9873,113.44,35.31,165.84,7723.84,8646.61,0,0.024,1.6459,0,0
2026-09-03T22:21:06.879090+00:00,bruteforce_ftp_v1,bruteforce_ftp_v1__run_002,initial_access,T1110.001,21,1,-0.0,0.9826,0.0504,10197.64,11751.57,0.7491,105,121,0.3284,0.5661,0.3032,0.034,0.4053,9,7,0,1,2,0,0.8671,97.12,25.24,185.03,8348.84,7904.33,1,0.0,1.3128,0,1
2026-09-03T22:21:11.879090+00:00,bruteforce_ftp_v1,bruteforce_ftp_v1__run_002,initial_access,T1110.001,17,1,-0.0,0.9819,0.0,18667.95,14385.31,0.8219,170,131,0.3394,0.9788,0.2497,0.0192,0.3073,8,5,1,2,1,0,1.2895,109.81,39.8,192.28,8521.55,9617.15,0,0.032,1.4454,0,0
2026-09-03T22:21:16.879090+00:00,bruteforce_ftp_v1,bruteforce_ftp_v1__run_002,initial_access,T1110.001,15,1,-0.0,0.9948,0.0,14601.94,12546.85,0.8611,135,116,0.1735,0.411,0.3042,0.0364,0.4135,7,5,0,1,1,0,1.1572,108.16,31.73,161.58,9084.26,9712.27,0,0.0322,1.0053,0,0
2026-09-03T22:21:21.879090+00:00,bruteforce_ftp_v1,bruteforce_ftp_v1__run_002,initial_access,T1110.001,13,1,-0.0,0.9708,0.0082,5092.33,3819.24,0.8053,52,39,0.3389,0.9652,0.2858,0.024,0.3579,6,4,0,1,1,0,1.3085,97.93,22.32,150.01,9650.23,8554.87,0,0.1302,1.0998,0,0
2026-09-03T22:21:26.879090+00:00,bruteforce_ftp_v1,bruteforce_ftp_v1__run_002,initial_access,T1110.001,25,1,-0.0,1.0,0.0054,17164.04,25991.27,0.7869,175,265,0.2947,0.7197,0.319,0.0404,0.4403,12,8,0,3,1,0,0.6588,98.08,20.22,136.73,7053.54,7998.0,0,0.0118,1.2317,0,0
2026-09-03T22:21:31.879090+00:00,bruteforce_ftp_v1,bruteforce_ftp_v1__run_002,initial_access,T1110.001,17,1,-0.0,0.9932,0.0,9739.42,10503.29,0.7949,102,110,0.3093,0.5834,0.3134,0.024,0.3854,9,5,1,1,1,0,0.9197,95.48,25.82,134.92,8741.42,7922.96,0,0.0,1.1607,0,0
2026-09-03T22:21:36.879090+00:00,bruteforce_ftp_v1,bruteforce_ftp_v1__run_002,initial_access,T1110.001,16,1,-0.0,0.9876,0.0034,4567.0,3330.1,0.8915,48,35,0.2911,0.6739,0.3192,0.0323,0.4162,7,4,0,1,0,0,1.3381,95.15,21.5,143.58,8778.72,9155.62,0,0.0856,1.4577,0,4
2026-09-03T22:21:41.879090+00:00,bruteforce_ftp_v1,bruteforce_ftp_v1__run_002,initial_access,T1110.001,15,1,-0.0,0.9859,0.0328,7102.57,7007.87,0.8684,75,74,0.2452,0.7349,0.3241,0.0454,0.4602,8,5,1,1,1,0,1.0052,94.7,24.17,132.77,8372.83,7191.42,0,0.0,1.105,0,1
2026-09-03T22:21:46.879090+00:00,bruteforce_ftp_v1,bruteforce_ftp_v1__run_002,initial_access,T1110.001,11,1,-0.0,0.9392,0.0572,1160.15,949.22,0.8081,11,9,0.3263,0.6929,0.2985,0.0388,0.415,5,4,0,1,1,0,1.1515,105.47,27.09,161.33,7793.17,8923.71,0,0.0045,1.2074,0,1
2026-09-03T22:21:51.879090+00:00,bruteforce_ftp_v1,bruteforce_ftp_v1__run_002,initial_access,T1110.001,18,1,-0.0,1.0,0.0,8229.37,6857.81,0.8055,90,75,0.2602,0.6149,0.234,0.0138,0.2755,8,6,1,2,1,0,1.1872,91.44,29.3,169.39,9430.35,8142.1,0,0.0134,0.0,0,0
2026-09-03T22:21:56.879090+00:00,bruteforce_ftp_v1,bruteforce_ftp_v1__run_002,initial_access,T1110.001,14,1,-0.0,0.9976,0.0,15867.3,14960.6,0.7788,140,132,0.274,0.7282,0.3521,0.0256,0.429,6,5,0,1,1,0,1.055,113.34,26.52,151.15,8306.78,7335.32,0,0.0005,1.1432,0,0
2026-09-03T22:22:01.879090+00:00,bruteforce_ftp_v1,bruteforce_ftp_v1__run_002,initial_access,T1110.001,21,1,-0.0,1.0,0.0,6359.69,6157.8,0.8467,63,61,0.2465,0.4619,0.2814,0.0214,0.3457,11,7,1,2,1,0,1.0298,100.95,23.58,150.72,9677.35,8730.57,0,0.0361,1.7162,0,0
2026-09-03T22:22:06.879090+00:00,bruteforce_ftp_v1,bruteforce_ftp_v1__run_002,initial_access,T1110.001,16,1,-0.0,0.9661,0.037,2886.33,2074.55,0.8057,32,23,0.2638,0.6643,0.332,0.0302,0.4228,8,5,0,1,1,0,1.389,90.2,33.08,192.23,8484.07,9030.73,0,0.047,0.8231,0,1
2026-09-03T22:22:11.879090+00:00,bruteforce_ftp_v1,bruteforce_ftp_v1__run_002,initial_access,T1110.001,16,1,-0.0,1.0,0.0,10415.36,9392.42,0.7875,112,101,0.3804,0.9084,0.2683,0.0141,0.3106,7,6,0,1,0,0,1.1011,92.99,25.19,141.38,8655.7,7522.28,0,0.0,2.0498,0,0
2026-09-03T22:22:16.879090+00:00,bruteforce_ftp_v1,bruteforce_ftp_v1__run_002,initial_access,T1110.001,18,1,-0.0,0.987,0.015,9433.09,9433.09,0.8729,90,90,0.3844,1.0282,0.2833,0.0195,0.3417,8,6,0,1,1,0,0.998,104.81,26.81,177.06,9104.33,7099.34,0,0.0046,1.4193,0,1
2026-09-03T22:22:21.879090+00:00,bruteforce_ftp_v1,bruteforce_ftp_v1__run_002,initial_access,T1110.001,19,1,-0.0,0.9612,0.0139,8382.81,7412.17,0.8331,95,84,0.2312,0.4448,0.3005,0.0348,0.4049,9,6,0,1,1,0,1.1186,88.24,25.66,165.11,8843.04,8486.41,0,0.0076,0.6374,0,2
2026-09-03T22:22:26.879090+00:00,bruteforce_ftp_v1,bruteforce_ftp_v1__run_002,initial_access,T1110.001,19,1,-0.0,1.0,0.0058,9556.07,11467.29,0.844,95,114,0.2698,0.3627,0.2737,0.0158,0.3212,9,6,0,1,1,0,0.8278,100.59,35.88,193.91,8302.17,9069.44,0,0.0651,1.0234,0,0
2026-09-03T22:22:31.879090+00:00,bruteforce_ftp_v1,bruteforce_ftp_v1__run_002,initial_access,T1110.001,12,1,-0.0,1.0,0.0183,3606.41,4107.3,0.8619,36,41,0.1759,0.4038,0.3118,0.0358,0.4193,6,3,1,1,1,0,0.8614,100.18,32.68,174.36,6676.82,7159.52,0,0.0216,0.0,0,1
2026-09-03T22:22:36.879090+00:00,bruteforce_ftp_v1,bruteforce_ftp_v1__run_002,initial_access,T1110.001,14,1,-0.0,1.0,0.0,4485.04,4698.62,0.807,42,44,0.2185,0.5089,0.3182,0.0281,0.4025,6,5,0,1,1,0,0.9461,106.79,26.23,177.29,7021.24,7735.28,0,0.0393,1.0727,0,1
2026-09-03T22:22:41.879090+00:00,bruteforce_ftp_v1,bruteforce_ftp_v1__run_002,initial_access,T1110.001,12,1,-0.0,1.0,0.003,3939.22,2626.14,0.8714,36,24,0.3811,0.5504,0.3434,0.0204,0.4046,6,4,0,1,1,0,1.4663,109.42,25.3,152.89,8942.77,7322.23,0,0.0,1.2752,0,1
2026-09-03T22:22:46.879090+00:00,bruteforce_ftp_v1,bruteforce_ftp_v1__run_002,initial_access,T1110.001,16,1,-0.0,0.9946,0.0154,8272.22,8099.88,0.7996,96,94,0.3009,0.4948,0.311,0.0214,0.3753,8,5,0,1,1,0,1.019,86.17,23.82,128.04,7902.3,9280.52,0,0.0,1.3031,0,1
2026-09-03T22:22:51.879090+00:00,bruteforce_ftp_v1,bruteforce_ftp_v1__run_002,initial_access,T1110.001,14,1,-0.0,1.0,0.0,15127.03,15559.23,0.7897,140,144,0.2437,0.4015,0.2921,0.0273,0.374,6,4,0,1,1,0,0.9671,108.05,32.45,168.1,7757.15,7671.8,0,0.0259,0.5187,0,0
2026-09-03T22:22:56.879090+00:00,bruteforce_ftp_v1,bruteforce_ftp_v1__run_002,initial_access,T1110.001,20,1,-0.0,1.0,0.0064,9760.08,10248.09,0.8425,100,105,0.1436,0.4276,0.2607,0.0379,0.3743,9,7,1,2,2,0,0.9469,97.6,29.83,167.28,8180.4,8673.59,1,0.0,1.0994,0,0
2026-09-03T22:23:01.879090+00:00,bruteforce_ftp_v1,bruteforce_ftp_v1__run_002,initial_access,T1110.001,18,1,-0.0,0.9877,0.0065,7456.42,9113.4,0.8075,90,110,0.2795,0.7753,0.2858,0.0166,0.3355,9,6,0,1,1,0,0.8163,82.85,17.68,126.81,8762.82,11374.2,0,0.0156,0.8736,0,0
2026-09-03T22:23:06.879090+00:00,bruteforce_ftp_v1,bruteforce_ftp_v1__run_002,initial_access,T1110.001,22,1,-0.0,1.0,0.0,5981.41,4984.51,0.9337,66,55,0.2565,0.3633,0.2993,0.0382,0.4138,11,7,1,2,1,0,1.184,90.63,25.61,151.1,7598.03,7193.1,0,0.0095,0.3823,0,1
2026-09-03T22:23:11.879090+00:00,bruteforce_ftp_v1,bruteforce_ftp_v1__run_002,initial_access,T1110.001,18,1,-0.0,1.0,0.0474,8686.12,8975.65,0.8533,90,93,0.3711,0.83,0.2511,0.0148,0.2956,9,6,0,2,1,0,0.9609,96.51,26.69,158.6,7500.99,10096.42,0,0.0198,1.047,0,4
2026-09-03T22:23:16.879090+00:00,bruteforce_ftp_v1,bruteforce_ftp_v1__run_002,initial_access,T1110.001,24,1,-0.0,0.9651,0.0479,10871.25,8425.22,0.8074,120,93,0.3641,0.55,0.2353,0.0221,0.3016,11,8,1,2,2,0,1.2896,90.59,30.2,155.08,8360.79,9506.48,1,0.0,1.7164,0,0
2026-09-03T22:23:21.879090+00:00,bruteforce_ftp_v1,bruteforce_ftp_v1__run_002,initial_access,T1110.001,7,1,-0.0,1.0,0.0075,8128.49,5278.24,0.848,77,50,0.3799,1.0526,0.2723,0.0339,0.3739,3,2,0,0,0,0,1.5239,105.56,20.68,142.39,8266.59,7147.29,0,0.0164,1.2132,0,0
2026-09-03T22:23:26.879090+00:00,bruteforce_ftp_v1,bruteforce_ftp_v1__run_002,initial_access,T1110.001,17,1,-0.0,0.9787,0.0,4745.37,3256.63,0.8202,51,35,0.3477,0.6081,0.2781,0.0303,0.3692,8,6,0,1,1,0,1.4332,93.05,30.56,147.02,7910.61,7668.18,0,0.0073,0.9337,0,0
2026-09-03T22:23:31.879090+00:00,bruteforce_ftp_v1,bruteforce_ftp_v1__run_002,initial_access,T1110.001,21,1,-0.0,0.997,0.0029,13758.07,18780.86,0.8092,126,172,0.1583,0.2688,0.2634,0.0223,0.3302,10,7,0,2,1,0,0.7293,109.19,31.27,176.41,9161.96,9506.44,0,0.0247,0.8466,0,1
2026-09-03T22:23:36.879090+00:00,bruteforce_ftp_v1,bruteforce_ftp_v1__run_002,initial_access,T1110.001,13,1,-0.0,0.9603,0.0417,4268.29,5034.39,0.7741,39,46,0.1869,0.4847,0.2923,0.0152,0.338,6,4,0,1,0,0,0.8453,109.44,36.73,214.13,6477.9,6061.92,0,0.0114,1.5492,0,0
2026-09-03T22:23:41.879090+00:00,bruteforce_ftp_v1,bruteforce_ftp_v1__run_002,initial_access,T1110.001,20,1,-0.0,1.0,0.008,19454.4,17725.12,0.7907,180,164,0.2025,0.3544,0.2873,0.0359,0.3949,11,7,1,2,1,0,1.0968,108.08,38.83,193.71,7950.46,8527.1,0,0.0417,1.0987,0,1
2026-09-03T22:23:46.879090+00:00,bruteforce_ftp_v1,bruteforce_ftp_v1__run_002,initial_access,T1110.001,17,1,-0.0,0.9582,0.0,8591.51,7378.59,0.8864,85,73,0.3922,0.7596,0.2588,0.0183,0.3138,8,5,0,1,1,0,1.1618,101.08,34.89,208.61,7489.18,8807.42,0,0.0308,0.2842,0,1
2026-09-03T22:23:51.879090+00:00,bruteforce_ftp_v1,bruteforce_ftp_v1__run_002,initial_access,T1110.001,25,1,-0.0,1.0,0.0209,12157.18,12643.46,0.7487,125,130,0.1476,0.3809,0.2668,0.03,0.3569,12,7,0,2,2,0,0.9561,97.26,30.16,162.22,7812.5,5951.91,1,0.0,1.3115,0,1
2026-09-03T22:23:56.879090+00:00,bruteforce_ftp_v1,bruteforce_ftp_v1__run_002,initial_access,T1110.001,15,1,-0.0,0.9624,0.0295,5623.78,5342.59,0.8479,60,57,0.3994,0.9763,0.2548,0.0276,0.3376,8,5,0,1,1,0,1.0413,93.73,22.84,133.75,8410.09,8810.28,0,0.0325,1.5594,0,0
2026-09-03T22:24:01.879090+00:00,bruteforce_ftp_v1,bruteforce_ftp_v1__run_002,initial_access,T1110.001,17,1,-0.0,0.9928,0.0,10393.79,9170.99,0.8535,102,90,0.1679,0.4029,0.2706,0.018,0.3247,8,6,0,2,2,0,1.1215,101.9,26.45,158.91,9904.96,9225.33,1,0.0414,1.0729,0,0
2026-09-03T22:24:06.879090+00:00,bruteforce_ftp_v1,bruteforce_ftp_v1__run_002,initial_access,T1110.001,15,1,-0.0,1.0,0.0,6593.93,6593.93,0.8877,60,60,0.2729,0.5394,0.4005,0.026,0.4786,6,5,0,0,1,0,0.9878,109.9,38.56,212.78,9823.12,9872.07,0,0.0529,1.0521,0,0
2026-09-03T22:24:11.879090+00:00,bruteforce_ftp_v1,bruteforce_ftp_v1__run_002,initial_access,T1110.001,21,1,-0.0,1.0,0.0,17069.57,18288.83,0.8271,168,180,0.2762,0.6612,0.2845,0.016,0.3326,11,7,1,2,1,0,0.9288,101.6,29.06,159.59,8031.82,7288.05,0,0.0228,0.6918,0,1
2026-09-03T22:24:16.879090+00:00,bruteforce_ftp_v1,bruteforce_ftp_v1__run_002,initial_access,T1110.001,20,1,-0.0,0.9353,0.0641,17493.43,28766.98,0.8172,180,296,0.1357,0.2431,0.293,0.0211,0.3562,9,7,0,1,0,0,0.6076,97.19,29.37,172.73,8176.01,7467.08,0,0.0224,1.1101,0,1
2026-09-03T22:24:21.879090+00:00,bruteforce_ftp_v1,bruteforce_ftp_v1__run_002,initial_access,T1110.001,22,1,-0.0,0.9932,0.0,15690.77,12124.69,0.8815,154,119,0.2589,0.6666,0.2841,0.0156,0.331,10,8,1,2,2,0,1.2925,101.89,29.57,173.91,6506.62,9500.58,1,0.0211,0.0412,0,1
2026-09-03T22:24:26.879090+00:00,bruteforce_ftp_v1,bruteforce_ftp_v1__run_002,initial_access,T1110.001,17,1,-0.0,1.0,0.0168,9130.69,9667.79,0.7725,102,108,0.1542,0.3203,0.3075,0.0283,0.3923,8,5,1,1,0,0,0.9375,89.52,23.06,148.38,8947.02,9871.64,0,0.0119,1.7275,0,1
2026-09-03T22:24:31.879090+00:00,bruteforce_ftp_v1,bruteforce_ftp_v1__run_002,initial_access,T1110.001,16,1,-0.0,1.0,0.0,9896.36,14535.27,0.8124,96,141,0.1804,0.3817,0.2707,0.0369,0.3814,7,5,0,1,1,0,0.677,103.09,19.02,138.55,10839.72,7193.12,0,0.0031,0.5207,0,0
2026-09-03T22:24:36.879090+00:00,bruteforce_ftp_v1,bruteforce_ftp_v1__run_002,initial_access,T1110.001,19,1,-0.0,1.0,0.0045,11899.36,11273.08,0.9258,114,108,0.3973,1.0202,0.2809,0.0365,0.3903,9,6,1,2,1,0,1.0554,104.38,28.54,174.88,6719.08,11059.68,0,0.0,0.9571,0,1
2026-09-03T22:24:41.879090+00:00,bruteforce_ftp_v1,bruteforce_ftp_v1__run_002,initial_access,T1110.001,19,1,-0.0,0.9698,0.0273,6798.98,5546.54,0.8309,76,62,0.1787,0.2942,0.2823,0.0364,0.3915,9,6,0,1,0,0,1.2176,89.46,15.19,116.12,7071.92,7747.94,0,0.0121,1.4293,0,1
2026-09-03T22:24:46.879090+00:00,bruteforce_ftp_v1,bruteforce_ftp_v1__run_002,initial_access,T1110.001,19,1,-0.0,0.9561,0.0383,15262.41,18274.73,0.8311,152,182,0.2364,0.3133,0.2828,0.0225,0.3504,9,6,0,2,1,0,0.8308,100.41,29.63,187.6,9084.79,9486.37,0,0.0355,0.7274,0,1
2026-09-03T22:24:51.879090+00:00,bruteforce_ftp_v1,bruteforce_ftp_v1__run_002,initial_access,T1110.001,12,1,-0.0,0.9661,0.0078,3692.54,3384.83,0.901,36,33,0.2503,0.4475,0.2569,0.0295,0.3453,5,4,1,1,0,0,1.0771,102.57,39.98,194.0,8868.42,9629.68,0,0.0774,0.1438,0,0
2026-09-03T22:24:56.879090+00:00,bruteforce_ftp_v1,bruteforce_ftp_v1__run_002,initial_access,T1110.001,20,1,-0.0,0.9902,0.0067,7714.24,5592.83,0.8199,80,58,0.1643,0.4869,0.2732,0.0301,0.3634,9,7,1,2,1,0,1.3673,96.43,28.37,166.89,9584.29,8805.93,0,0.0272,1.4696,0,1
2026-09-03T22:25:01.879090+00:00,bruteforce_ftp_v1,bruteforce_ftp_v1__run_002,initial_access,T1110.001,11,1,-0.0,0.9586,0.037,11957.43,10979.09,0.8968,110,101,0.3514,0.6571,0.3133,0.0395,0.4318,5,3,0,1,0,0,1.0828,108.7,29.46,148.9,8528.16,8862.34,0,0.0545,1.4625,0,1
2026-09-03T22:25:06.879090+00:00,bruteforce_ftp_v1,bruteforce_ftp_v1__run_002,initial_access,T1110.001,18,1,-0.0,1.0,0.0,3362.93,3269.51,0.7959,36,35,0.1981,0.2805,0.3368,0.0356,0.4436,9,6,0,1,1,0,1.0199,93.41,24.6,159.36,8577.58,9497.26,0,0.0353,0.9435,0,1
2026-09-03T22:25:11.879090+00:00,bruteforce_ftp_v1,bruteforce_ftp_v1__run_002,initial_access,T1110.001,12,1,-0.0,1.0,0.0,4551.3,4456.48,0.8535,48,47,0.1982,0.2949,0.245,0.0321,0.3414,6,4,0,1,1,0,1.0039,94.82,26.19,145.76,7908.03,7706.37,0,0.0,1.4103,0,0
2026-09-03T22:25:16.879090+00:00,bruteforce_ftp_v1,bruteforce_ftp_v1__run_002,initial_access,T1110.001,20,1,-0.0,0.966,0.0294,9576.27,11204.24,0.8174,100,117,0.2117,0.4729,0.2584,0.0228,0.3268,10,7,0,2,1,0,0.8536,95.76,25.29,169.79,8547.92,8672.58,0,0.0032,0.9074,0,1
2026-09-03T22:25:21.879090+00:00,bruteforce_ftp_v1,bruteforce_ftp_v1__run_002,initial_access,T1110.001,17,1,-0.0,1.0,0.0,11108.31,12415.17,0.9166,102,114,0.4242,1.1488,0.2843,0.0222,0.3508,8,6,1,1,1,0,0.8935,108.9,30.51,180.07,7847.85,7515.0,0,0.0303,0.3865,0,0
2026-09-03T22:25:26.879090+00:00,bruteforce_ftp_v1,bruteforce_ftp_v1__run_002,initial_access,T1110.001,19,1,-0.0,0.9883,0.0,9686.49,10298.27,0.8666,95,101,0.3903,0.9241,0.279,0.0416,0.4038,9,6,0,1,1,0,0.9404,101.96,30.02,184.58,8357.11,6974.79,0,0.0321,0.2751,0,0
2026-09-03T22:25:31.879090+00:00,bruteforce_ftp_v1,bruteforce_ftp_v1__run_002,initial_access,T1110.001,8,1,-0.0,1.0,0.0031,8285.66,9321.37,0.8448,80,90,0.2404,0.543,0.255,0.0261,0.3332,3,2,0,0,0,0,0.8876,103.57,25.25,168.59,9063.73,9777.09,0,0.0521,0.4549,0,0
2026-09-03T22:25:36.879090+00:00,bruteforce_ftp_v1,bruteforce_ftp_v1__run_002,initial_access,T1110.001,17,1,-0.0,0.9701,0.0545,11812.4,14095.47,0.8659,119,142,0.1918,0.3301,0.2968,0.0414,0.4211,8,6,1,1,1,0,0.833,99.26,24.06,155.39,8156.46,7237.0,0,0.0,1.25,0,0
2026-09-03T22:25:41.879090+00:00,bruteforce_ftp_v1,bruteforce_ftp_v1__run_002,initial_access,T1110.001,14,1,-0.0,0.986,0.0145,5004.37,4021.37,0.9169,56,45,0.1985,0.461,0.302,0.0224,0.3691,7,5,0,1,0,0,1.2252,89.36,20.4,135.21,7835.87,7369.39,0,0.0545,0.808,0,0
2026-09-03T22:25:46.879090+00:00,bruteforce_ftp_v1,bruteforce_ftp_v1__run_002,initial_access,T1110.001,19,1,-0.0,0.9877,0.0,6284.59,6174.34,0.8862,57,56,0.2676,0.7067,0.2932,0.0392,0.4107,9,6,0,2,2,0,1.0134,110.26,27.62,156.75,8761.09,10122.56,1,0.0484,0.6544,0,0
2026-09-03T22:25:51.879090+00:00,bruteforce_ftp_v1,bruteforce_ftp_v1__run_002,initial_access,T1110.001,22,1,-0.0,0.9952,0.0072,16589.32,12630.5,0.8101,176,134,0.3842,0.795,0.2906,0.0183,0.3455,10,7,0,3,1,0,1.3056,94.26,24.17,160.22,9381.83,7667.99,0,0.0457,1.3655,0,0
2026-09-03T22:25:56.879090+00:00,bruteforce_ftp_v1,bruteforce_ftp_v1__run_002,initial_access,T1110.001,19,1,-0.0,0.9832,0.0004,10784.24,9554.46,0.7576,114,101,0.2524,0.3062,0.27,0.0179,0.3236,9,6,0,1,1,0,1.1203,94.6,26.57,138.41,7557.72,7100.78,0,0.0,0.7728,0,0
2026-09-03T22:26:01.879090+00:00,bruteforce_ftp_v1,bruteforce_ftp_v1__run_002,initial_access,T1110.001,16,1,-0.0,0.9955,0.0207,7012.16,6310.94,0.8398,80,72,0.3171,0.4869,0.216,0.023,0.285,8,5,0,1,1,0,1.0977,87.65,16.31,122.01,6862.27,6910.75,0,0.0271,1.7362,0,2
2026-09-03T22:26:06.879090+00:00,bruteforce_ftp_v1,bruteforce_ftp_v1__run_002,initial_access,T1110.001,17,1,-0.0,0.9491,0.0669,12995.76,12122.1,0.7917,119,111,0.2713,0.7569,0.3019,0.0192,0.3596,8,5,0,1,1,0,1.0666,109.21,24.48,146.09,8212.02,8223.69,0,0.0426,1.0238,0,0
2026-09-03T22:26:11.879090+00:00,bruteforce_ftp_v1,bruteforce_ftp_v1__run_002,initial_access,T1110.001,25,1,-0.0,0.982,0.0052,20815.35,27383.75,0.8703,225,296,0.2527,0.5844,0.3034,0.0447,0.4373,12,9,2,3,2,0,0.7585,92.51,24.17,149.45,9939.75,8785.79,1,0.0,1.6783,0,2
2026-09-03T22:26:16.879090+00:00,bruteforce_ftp_v1,bruteforce_ftp_v1__run_002,initial_access,T1110.001,19,1,-0.0,0.9946,0.0152,13798.49,13176.0,0.8014,133,127,0.1743,0.2171,0.3233,0.0357,0.4304,9,6,0,2,1,0,1.041,103.75,34.99,174.2,7595.17,6833.5,0,0.0203,1.3467,0,1
2026-09-03T22:26:21.879090+00:00,bruteforce_ftp_v1,bruteforce_ftp_v1__run_002,initial_access,T1110.001,19,1,-0.0,0.9846,0.0053,18783.27,17135.61,0.7908,171,156,0.3261,0.9274,0.2878,0.0357,0.3949,9,6,0,1,1,0,1.0913,109.84,28.16,174.49,8213.31,9971.26,0,0.0152,0.903,0,0
2026-09-03T22:26:26.879090+00:00,bruteforce_ftp_v1,bruteforce_ftp_v1__run_002,initial_access,T1110.001,21,1,-0.0,0.9643,0.0091,9283.4,10167.53,0.9178,84,92,0.1712,0.3117,0.2942,0.0363,0.403,10,7,0,0,1,0,0.9033,110.52,30.19,161.25,8811.76,8894.33,0,0.043,1.2667,0,1
2026-09-03T22:26:31.879090+00:00,bruteforce_ftp_v1,bruteforce_ftp_v1__run_002,initial_access,T1110.001,22,1,-0.0,0.9263,0.0388,23117.0,22906.85,0.8736,220,218,0.2602,0.526,0.3624,0.0515,0.5168,10,7,0,2,2,0,1.0055,105.08,26.98,171.0,7155.51,9593.11,1,0.0,1.174,0,0
2026-09-03T22:26:36.879090+00:00,bruteforce_ftp_v1,bruteforce_ftp_v1__run_002,initial_access,T1110.001,21,1,-0.0,0.9996,0.0,16296.76,15326.72,0.8562,168,158,0.2783,0.7797,0.2459,0.0368,0.3564,10,7,1,2,1,0,1.0622,97.0,34.51,188.34,8785.93,7173.83,0,0.0,1.195,0,3
2026-09-03T22:26:41.879090+00:00,bruteforce_ftp_v1,bruteforce_ftp_v1__run_002,initial_access,T1110.001,24,1,-0.0,1.0,0.0,13915.98,11403.37,0.8304,144,118,0.1759,0.4281,0.2687,0.0217,0.3338,11,8,1,2,1,0,1.2104,96.64,31.46,151.82,9025.39,7403.8,0,0.0528,1.0241,0,0
2026-09-03T22:26:46.879090+00:00,bruteforce_ftp_v1,bruteforce_ftp_v1__run_002,initial_access,T1110.001,20,1,-0.0,0.9992,0.0,20382.43,15379.47,0.8266,220,166,0.2881,0.6833,0.2741,0.0291,0.3615,9,7,0,2,1,0,1.3185,92.65,24.16,143.41,8564.09,6599.59,0,0.0371,1.8937,0,0
2026-09-03T22:26:51.879090+00:00,bruteforce_ftp_v1,bruteforce_ftp_v1__run_002,initial_access,T1110.001,9,1,-0.0,0.9776,0.0032,3383.28,3007.36,0.8345,36,32,0.1521,0.2052,0.3052,0.0349,0.41,4,3,0,1,0,0,1.1028,93.98,23.67,137.58,7764.44,6531.41,0,0.0418,0.5364,0,0
2026-09-03T22:26:56.879090+00:00,bruteforce_ftp_v1,bruteforce_ftp_v1__run_002,initial_access,T1110.001,13,1,-0.0,0.9608,0.0,11487.35,9523.7,0.8408,117,97,0.1681,0.3375,0.2893,0.042,0.4152,6,4,0,1,1,0,1.2013,98.18,25.15,160.93,7854.49,8615.47,0,0.0,1.3636,0,1
2026-09-03T22:27:01.879090+00:00,bruteforce_ftp_v1,bruteforce_ftp_v1__run_002,initial_access,T1110.001,13,1,-0.0,0.9365,0.0267,11176.33,7952.39,0.889,104,74,0.2534,0.4912,0.2835,0.0263,0.3626,6,4,0,1,1,0,1.3968,107.46,36.81,192.9,8276.18,8285.67,0,0.0128,1.5585,0,0
2026-09-03T22:27:06.879090+00:00,bruteforce_ftp_v1,bruteforce_ftp_v1__run_002,initial_access,T1110.001,19,1,-0.0,0.9567,0.0494,16961.02,12200.04,0.8561,171,123,0.3083,0.4931,0.303,0.0383,0.418,10,6,0,1,1,0,1.3864,99.19,24.16,152.73,7575.62,9298.25,0,0.026,0.6592,0,1
2026-09-03T22:27:11.879090+00:00,bruteforce_ftp_v1,bruteforce_ftp_v1__run_002,initial_access,T1110.001,26,1,-0.0,1.0,0.0381,11928.15,13419.16,0.8727,104,117,0.2331,0.3589,0.2508,0.0376,0.3635,12,8,1,3,2,0,0.8834,114.69,55.52,303.53,8398.02,9022.8,1,0.0258,0.4759,0,3
2026-09-03T22:27:16.879090+00:00,bruteforce_ftp_v1,bruteforce_ftp_v1__run_002,initial_access,T1110.001,12,1,-0.0,1.0,0.032,5639.25,4699.37,0.8367,60,50,0.3295,0.8198,0.2278,0.0337,0.3289,6,4,1,0,1,0,1.1853,93.99,15.09,119.44,8305.9,8614.7,0,0.0125,1.4013,0,3
2026-09-03T22:27:21.879090+00:00,bruteforce_ftp_v1,bruteforce_ftp_v1__run_002,initial_access,T1110.001,21,1,-0.0,1.0,0.0,10578.96,8966.93,0.8416,105,89,0.3378,0.7123,0.2446,0.015,0.2895,10,7,1,2,1,0,1.1709,100.75,37.03,213.1,9032.68,7309.87,0,0.0485,0.3434,0,1
2026-09-03T22:27:26.879090+00:00,bruteforce_ftp_v1,bruteforce_ftp_v1__run_002,initial_access,T1110.001,18,1,-0.0,0.9952,0.0,14481.47,16269.31,0.8933,162,182,0.3617,0.9033,0.3668,0.0206,0.4285,8,6,0,1,1,0,0.8881,89.39,20.84,136.91,5867.46,8040.39,0,0.0438,1.5189,0,0
2026-09-03T22:27:31.879090+00:00,bruteforce_ftp_v1,bruteforce_ftp_v1__run_002,initial_access,T1110.001,15,1,-0.0,1.0,0.0105,4508.31,4207.75,0.8261,45,42,0.3477,0.8695,0.2584,0.0378,0.3719,7,5,0,1,1,0,1.0513,100.18,32.24,196.04,9400.0,7535.59,0,0.0344,1.5024,0,1
2026-09-03T22:27:36.879090+00:00,bruteforce_ftp_v1,bruteforce_ftp_v1__run_002,initial_access,T1110.001,16,1,-0.0,0.9815,0.0198,11232.55,10931.67,0.9304,112,109,0.3872,0.9746,0.2825,0.0179,0.3363,7,4,1,1,0,0,1.0224,100.29,25.1,162.93,9524.11,8435.32,0,0.0494,1.1879,0,0
2026-09-03T22:27:41.879090+00:00,bruteforce_ftp_v1,bruteforce_ftp_v1__run_002,initial_access,T1110.001,17,1,-0.0,1.0,0.0,18928.17,12804.35,0.9277,204,138,0.4175,0.5765,0.3862,0.0205,0.4479,8,5,0,1,1,0,1.4769,92.79,23.1,130.61,6353.72,7055.97,0,0.0,0.6244,0,1
2026-09-03T22:27:46.879090+00:00,bruteforce_ftp_v1,bruteforce_ftp_v1__run_002,initial_access,T1110.001,9,1,-0.0,1.0,0.0159,6101.92,6666.91,0.8794,54,59,0.4609,1.1361,0.3096,0.0333,0.4095,4,3,0,1,0,0,0.9082,113.0,26.24,153.87,9282.42,7280.14,0,0.0,1.6999,0,0
2026-09-03T22:27:51.879090+00:00,bruteforce_ftp_v1,bruteforce_ftp_v1__run_002,initial_access,T1110.001,15,1,-0.0,1.0,0.0,7555.67,6447.51,0.882,75,64,0.4035,0.9925,0.3151,0.0225,0.3826,7,5,0,1,1,0,1.1634,100.74,27.33,169.4,6308.16,6990.22,0,0.0199,0.8171,0,0
2026-09-03T22:27:56.879090+00:00,bruteforce_ftp_v1,bruteforce_ftp_v1__run_002,initial_access,T1110.001,11,1,-0.0,0.9948,0.0205,5895.72,5359.75,0.819,44,40,0.1354,0.2796,0.2221,0.0324,0.3194,5,3,0,1,1,0,1.0834,133.99,81.1,370.13,9776.0,9049.32,0,0.0044,0.5608,0,1
2026-09-03T22:28:01.879090+00:00,bruteforce_ftp_v1,bruteforce_ftp_v1__run_002,initial_access,T1110.001,18,1,-0.0,1.0,0.0156,14601.52,12573.53,0.8944,144,124,0.2396,0.5263,0.3353,0.0437,0.4664,8,5,1,1,1,0,1.1593,101.4,29.98,192.12,7201.27,8361.51,0,0.0,0.9386,0,0
2026-09-03T22:28:06.879090+00:00,bruteforce_ftp_v1,bruteforce_ftp_v1__run_002,initial_access,T1110.001,23,1,-0.0,1.0,0.0,21052.41,20340.49,0.858,207,200,0.3534,0.6367,0.2432,0.0355,0.3497,11,7,1,1,2,0,1.0317,101.7,29.6,178.5,7789.37,7846.55,1,0.0219,0.7478,0,2
2026-09-03T22:28:11.879090+00:00,bruteforce_ftp_v1,bruteforce_ftp_v1__run_002,initial_access,T1110.001,18,1,-0.0,0.9951,0.0,8893.73,5929.16,0.8924,90,60,0.1983,0.5686,0.3023,0.0191,0.3597,9,5,0,2,1,0,1.4898,98.82,29.55,189.06,6937.42,6060.11,0,0.0146,0.7535,0,0
2026-09-03T22:28:16.879090+00:00,bruteforce_ftp_v1,bruteforce_ftp_v1__run_002,initial_access,T1110.001,25,1,-0.0,1.0,0.0,5265.69,5160.38,0.8461,50,49,0.3097,0.4817,0.2837,0.0154,0.3299,11,8,1,2,1,0,1.0153,105.31,28.49,171.08,9135.09,9912.67,0,0.0539,1.1406,0,0
2026-09-03T22:28:21.879090+00:00,bruteforce_ftp_v1,bruteforce_ftp_v1__run_002,initial_access,T1110.001,19,1,-0.0,0.9726,0.0214,9205.38,8527.09,0.8655,95,88,0.1627,0.2048,0.3001,0.0441,0.4324,9,7,0,2,1,0,1.0775,96.9,29.68,176.48,7392.15,8595.87,0,0.0,0.8404,0,1
2026-09-03T22:28:26.879090+00:00,bruteforce_ftp_v1,bruteforce_ftp_v1__run_002,initial_access,T1110.001,19,1,-0.0,0.9749,0.0247,7275.9,5935.6,0.8823,76,62,0.2437,0.6595,0.2862,0.0213,0.3501,9,6,1,2,0,0,1.222,95.74,22.29,156.79,8579.29,8346.54,0,0.0,0.2493,0,1
2026-09-03T22:28:31.879090+00:00,bruteforce_ftp_v1,bruteforce_ftp_v1__run_002,initial_access,T1110.001,18,1,-0.0,1.0,0.0,31526.24,30289.92,0.8991,306,294,0.3945,1.0049,0.2691,0.0167,0.3191,9,6,0,1,1,0,1.0394,103.03,43.62,229.41,6217.83,7589.82,0,0.0071,0.5485,0,0
2026-09-03T22:28:36.879090+00:00,bruteforce_ftp_v1,bruteforce_ftp_v1__run_002,initial_access,T1110.001,26,1,-0.0,1.0,0.0074,9966.39,12074.66,0.8575,104,126,0.3216,0.9449,0.2749,0.0231,0.3442,12,9,1,2,2,0,0.8254,95.83,33.22,174.8,6609.4,7811.68,1,0.0,0.5966,0,1
2026-09-03T22:28:41.879090+00:00,bruteforce_ftp_v1,bruteforce_ftp_v1__run_002,initial_access,T1110.001,19,1,-0.0,0.9604,0.0419,6441.01,9605.01,0.7911,57,85,0.3678,0.6098,0.2496,0.036,0.3575,9,6,0,1,1,0,0.6654,113.0,36.93,192.56,9150.33,6766.74,0,0.011,1.1217,0,1
2026-09-03T22:28:46.879090+00:00,bruteforce_ftp_v1,bruteforce_ftp_v1__run_002,initial_access,T1110.001,17,1,-0.0,1.0,0.0109,6428.98,7279.88,0.8702,68,77,0.2085,0.371,0.3629,0.0536,0.5237,8,5,0,1,1,0,0.8787,94.54,32.22,169.23,8053.31,9119.85,0,0.0,0.6923,0,0
2026-09-03T22:28:51.879090+00:00,bruteforce_ftp_v1,bruteforce_ftp_v1__run_002,initial_access,T1110.001,25,1,-0.0,0.9925,0.0068,10063.67,7849.66,0.8164,100,78,0.2932,0.4452,0.3154,0.036,0.4234,12,8,0,2,1,0,1.2689,100.64,29.8,162.53,8928.43,9840.5,0,0.0582,1.167,0,0
2026-09-03T22:28:56.879090+00:00,bruteforce_ftp_v1,bruteforce_ftp_v1__run_002,initial_access,T1110.001,16,1,-0.0,0.9757,0.0523,9311.91,9408.91,0.8757,96,97,0.4302,0.8479,0.2528,0.028,0.3369,7,5,1,2,1,0,0.9808,97.0,36.11,169.52,9625.15,9036.97,0,0.0245,0.9975,0,0
2026-09-03T22:29:01.879090+00:00,bruteforce_ftp_v1,bruteforce_ftp_v1__run_002,initial_access,T1110.001,28,1,-0.0,1.0,0.0009,9910.88,10264.84,0.8356,112,116,0.1581,0.2177,0.2599,0.0348,0.3642,13,9,0,2,1,0,0.9576,88.49,25.24,146.17,9537.27,9813.86,0,0.0177,0.5216,0,3
2026-09-03T22:29:06.879090+00:00,bruteforce_ftp_v1,bruteforce_ftp_v1__run_002,initial_access,T1110.001,16,1,-0.0,1.0,0.0,12871.94,12168.0,0.8172,128,121,0.2445,0.4855,0.2697,0.0323,0.3667,7,5,1,1,1,0,1.0525,100.56,20.59,145.33,8229.76,6735.73,0,0.0129,0.5383,0,1
2026-09-03T22:29:11.879090+00:00,bruteforce_ftp_v1,bruteforce_ftp_v1__run_002,initial_access,T1110.001,14,1,-0.0,1.0,0.0112,7969.94,7210.89,0.8666,84,76,0.3047,0.8783,0.3081,0.0319,0.4039,6,5,0,1,1,0,1.0993,94.88,28.8,152.87,7721.36,8125.26,0,0.03,0.8981,0,0
2026-09-03T22:29:16.879090+00:00,bruteforce_ftp_v1,bruteforce_ftp_v1__run_002,initial_access,T1110.001,17,1,-0.0,0.9567,0.0552,3095.51,2276.11,0.7801,34,25,0.2879,0.4716,0.2431,0.0227,0.3111,7,5,0,1,1,0,1.3175,91.04,21.11,153.87,7886.76,9412.64,0,0.0113,0.7813,0,0
2026-09-03T22:29:21.879090+00:00,bruteforce_ftp_v1,bruteforce_ftp_v1__run_002,initial_access,T1110.001,16,1,-0.0,1.0,0.0045,12614.02,11135.82,0.8893,128,113,0.2335,0.3655,0.3149,0.0408,0.4373,7,5,0,1,1,0,1.1276,98.55,29.26,154.99,9021.74,7305.38,0,0.0275,0.6426,0,0
2026-09-03T22:29:26.879090+00:00,bruteforce_ftp_v1,bruteforce_ftp_v1__run_002,initial_access,T1110.001,20,1,-0.0,0.9593,0.0363,15067.59,11489.03,0.9277,160,122,0.1544,0.441,0.2812,0.0167,0.3313,9,7,1,1,1,0,1.3104,94.17,27.27,158.17,6916.39,9161.48,0,0.0463,1.4638,0,0
2026-09-03T22:29:31.879090+00:00,bruteforce_ftp_v1,bruteforce_ftp_v1__run_002,initial_access,T1110.001,18,1,-0.0,0.9446,0.0325,13285.75,10241.1,0.8482,144,111,0.1845,0.3841,0.2577,0.03,0.3477,8,5,0,2,1,0,1.2953,92.26,22.89,157.85,7983.1,9980.32,0,0.0,0.6641,0,0
2026-09-03T22:29:36.879090+00:00,bruteforce_ftp_v1,bruteforce_ftp_v1__run_002,initial_access,T1110.001,16,1,-0.0,1.0,0.0038,6982.7,6284.43,0.9169,80,72,0.2433,0.3675,0.2492,0.0144,0.2924,7,5,1,1,0,0,1.1087,87.28,23.54,150.02,6972.32,8768.75,0,0.0133,0.9118,0,0
2026-09-03T22:29:41.879090+00:00,bruteforce_ftp_v1,bruteforce_ftp_v1__run_002,initial_access,T1110.001,22,1,-0.0,1.0,0.0139,10538.02,7185.01,0.8327,110,75,0.287,0.7675,0.2382,0.0137,0.2792,10,8,1,1,3,0,1.4567,95.8,31.5,170.05,8019.07,10744.58,2,0.0905,2.1591,0,1
2026-09-03T22:29:46.879090+00:00,bruteforce_ftp_v1,bruteforce_ftp_v1__run_002,initial_access,T1110.001,18,1,-0.0,1.0,0.0,12673.45,9857.13,0.7467,126,98,0.3361,0.5854,0.286,0.0352,0.3917,9,6,1,1,1,0,1.2808,100.58,31.87,176.16,5849.22,7053.04,0,0.1107,0.4373,0,0
2026-09-03T22:29:51.879090+00:00,bruteforce_ftp_v1,bruteforce_ftp_v1__run_002,initial_access,T1110.001,27,1,-0.0,0.9732,0.0194,21435.98,28052.02,0.8321,243,318,0.1635,0.202,0.2776,0.036,0.3856,14,9,1,3,2,0,0.762,88.21,15.46,136.58,10296.53,8038.6,1,0.0103,1.129,0,1
2026-09-03T22:29:56.879090+00:00,bruteforce_ftp_v1,bruteforce_ftp_v1__run_002,initial_access,T1110.001,20,1,-0.0,0.9608,0.0609,11434.51,8385.3,0.8837,120,88,0.2888,0.4397,0.3101,0.0294,0.3982,9,7,1,1,2,0,1.3536,95.29,26.67,159.87,8498.03,9586.1,1,0.0155,1.2184,0,0
2026-09-03T22:30:01.879090+00:00,bruteforce_ftp_v1,bruteforce_ftp_v1__run_002,initial_access,T1110.001,13,1,-0.0,1.0,0.0,4847.24,5313.32,0.7167,52,57,0.2905,0.4438,0.2799,0.0267,0.3599,6,4,0,1,1,0,0.9043,93.22,23.99,125.19,7415.34,9726.56,0,0.0369,1.4449,0,0
2026-09-03T22:30:06.879090+00:00,bruteforce_ftp_v1,bruteforce_ftp_v1__run_002,initial_access,T1110.001,20,1,-0.0,0.9699,0.0,9957.78,6671.71,0.7923,100,67,0.3559,0.5912,0.2722,0.0377,0.3853,10,7,0,2,1,0,1.4745,99.58,27.29,162.34,10433.31,7459.57,0,0.0739,1.0795,0,2
2026-09-03T22:30:11.879090+00:00,bruteforce_ftp_v1,bruteforce_ftp_v1__run_002,initial_access,T1110.001,13,1,-0.0,1.0,0.0133,4537.48,3606.72,0.8523,39,31,0.3413,0.4412,0.3112,0.0426,0.4389,6,4,0,0,1,0,1.2194,116.35,34.9,174.94,7632.9,9039.56,0,0.0,0.8508,0,0
2026-09-03T22:30:16.879090+00:00,bruteforce_ftp_v1,bruteforce_ftp_v1__run_002,initial_access,T1110.001,20,1,-0.0,0.9707,0.0,7982.94,6286.56,0.8433,80,63,0.3953,0.7651,0.3147,0.0165,0.3642,10,6,1,0,1,0,1.2582,99.79,25.9,168.87,9289.97,7693.25,0,0.0319,0.8575,0,0
2026-09-03T22:30:21.879090+00:00,bruteforce_ftp_v1,bruteforce_ftp_v1__run_002,initial_access,T1110.001,19,1,-0.0,1.0,0.0,9906.94,7612.7,0.8846,95,73,0.4039,0.5396,0.2786,0.0278,0.3619,9,5,0,2,1,0,1.2936,104.28,34.02,163.38,9688.44,6920.27,0,0.0761,0.871,0,0
2026-09-03T22:30:26.879090+00:00,bruteforce_ftp_v1,bruteforce_ftp_v1__run_002,initial_access,T1110.001,17,1,-0.0,0.9901,0.0042,16478.99,13667.87,0.9489,170,141,0.168,0.2065,0.3346,0.0306,0.4263,8,5,0,1,1,0,1.1994,96.94,31.54,164.37,6643.8,7822.19,0,0.0504,2.2443,0,1
2026-09-03T22:30:31.879090+00:00,bruteforce_ftp_v1,bruteforce_ftp_v1__run_002,initial_access,T1110.001,25,1,-0.0,1.0,0.0139,16208.15,15019.56,0.8711,150,139,0.3025,0.7872,0.2546,0.024,0.3267,12,8,1,1,1,0,1.0768,108.05,34.33,209.78,7742.45,6635.72,0,0.034,1.5522,0,1
2026-09-03T22:30:36.879090+00:00,bruteforce_ftp_v1,bruteforce_ftp_v1__run_002,initial_access,T1110.001,13,1,-0.0,0.9826,0.0547,10625.98,12158.57,0.8546,104,119,0.4363,0.966,0.2426,0.033,0.3417,6,4,0,1,0,0,0.8691,102.17,31.71,159.78,6106.27,7387.2,0,0.0557,1.8013,0,0
2026-09-03T22:30:41.879090+00:00,bruteforce_ftp_v1,bruteforce_ftp_v1__run_002,initial_access,T1110.001,18,1,-0.0,0.9824,0.0201,8828.71,9123.0,0.8668,90,93,0.157,0.3168,0.2726,0.0297,0.3618,9,5,1,1,0,0,0.964,98.1,23.86,133.97,8185.29,6954.04,0,0.0423,0.4744,0,1
2026-09-03T22:30:46.879090+00:00,bruteforce_ftp_v1,bruteforce_ftp_v1__run_002,initial_access,T1110.001,15,1,-0.0,1.0,0.0065,4461.01,3469.68,0.8553,45,35,0.1923,0.44,0.2929,0.0279,0.3766,7,5,1,1,1,0,1.2748,99.13,24.75,148.67,8462.65,8334.55,0,0.0379,1.7293,0,0
2026-09-03T22:30:51.879090+00:00,bruteforce_ftp_v1,bruteforce_ftp_v1__run_002,initial_access,T1110.001,15,1,-0.0,1.0,0.0,6295.5,4406.85,0.851,60,42,0.2818,0.4194,0.2446,0.0152,0.2901,8,5,1,1,1,0,1.4044,104.92,35.8,193.58,8240.35,7251.5,0,0.0268,0.2152,0,0
2026-09-03T22:30:56.879090+00:00,bruteforce_ftp_v1,bruteforce_ftp_v1__run_002,initial_access,T1110.001,14,1,-0.0,1.0,0.0,6427.95,4683.22,0.8138,70,51,0.2652,0.648,0.2702,0.0332,0.3698,7,5,0,1,0,0,1.3561,91.83,21.77,152.21,9342.6,5921.7,0,0.0287,0.9534,0,0
2026-09-03T22:31:01.879090+00:00,bruteforce_ftp_v1,bruteforce_ftp_v1__run_002,initial_access,T1110.001,25,1,-0.0,1.0,0.0,21506.15,19212.16,0.9383,225,201,0.3148,0.3843,0.2533,0.0128,0.2917,12,7,1,2,2,0,1.1184,95.58,25.36,155.74,7792.22,9162.4,1,0.0543,0.5697,0,0
2026-09-03T22:31:06.879090+00:00,bruteforce_ftp_v1,bruteforce_ftp_v1__run_002,initial_access,T1110.001,18,1,-0.0,0.9819,0.007,3667.38,3158.02,0.8363,36,31,0.2394,0.6961,0.2881,0.0174,0.3403,8,5,0,1,1,0,1.151,101.87,38.12,202.43,10571.99,7794.51,0,0.0171,1.1332,0,1
2026-09-03T22:31:11.879090+00:00,bruteforce_ftp_v1,bruteforce_ftp_v1__run_002,initial_access,T1110.001,16,1,-0.0,0.9996,0.0,22351.12,20395.39,0.7963,240,219,0.2557,0.6606,0.2526,0.0247,0.3265,8,6,0,1,1,0,1.0927,93.13,26.93,153.72,8378.3,9575.91,0,0.0093,0.8658,0,0
2026-09-03T22:31:16.879090+00:00,bruteforce_ftp_v1,bruteforce_ftp_v1__run_002,initial_access,T1110.001,13,1,-0.0,1.0,0.0,8881.19,7514.85,0.8753,91,77,0.2522,0.6603,0.3327,0.0211,0.3959,6,4,0,1,1,0,1.1814,97.6,30.68,137.63,8667.11,9047.13,0,0.0,0.4336,0,0
2026-09-03T22:31:21.879090+00:00,bruteforce_ftp_v1,bruteforce_ftp_v1__run_002,initial_access,T1110.001,21,1,-0.0,0.9613,0.0331,13920.02,16382.06,0.8725,147,173,0.2634,0.6831,0.2426,0.036,0.3506,10,7,1,2,2,0,0.8488,94.69,34.71,190.73,8329.82,8068.28,1,0.0612,1.7038,0,0
2026-09-03T22:31:26.879090+00:00,bruteforce_ftp_v1,bruteforce_ftp_v1__run_002,initial_access,T1110.001,14,1,-0.0,0.9815,0.0466,5815.37,4776.91,0.8365,56,46,0.3229,0.4868,0.2613,0.0134,0.3014,7,5,0,1,1,0,1.2025,103.85,33.4,184.43,9245.57,8641.21,0,0.0769,0.0957,0,1
2026-09-03T22:31:31.879090+00:00,bruteforce_ftp_v1,bruteforce_ftp_v1__run_002,initial_access,T1110.001,23,1,-0.0,1.0,0.0,9202.53,7702.12,0.7811,92,77,0.2033,0.5363,0.2381,0.0319,0.3337,11,7,1,2,1,0,1.1908,100.03,19.87,146.1,7175.03,9296.26,0,0.0491,0.4863,0,1
2026-09-03T22:31:36.879090+00:00,bruteforce_ftp_v1,bruteforce_ftp_v1__run_002,initial_access,T1110.001,16,1,-0.0,1.0,0.0,8274.66,10136.46,0.8246,80,98,0.2741,0.8005,0.2756,0.0407,0.3978,8,5,0,1,1,0,0.8104,103.43,30.49,187.18,8040.75,7311.76,0,0.0367,1.1002,0,1
2026-09-03T22:31:41.879090+00:00,bruteforce_ftp_v1,bruteforce_ftp_v1__run_002,initial_access,T1110.001,13,1,-0.0,1.0,0.0001,9280.99,9586.95,0.8735,91,94,0.1833,0.2325,0.2681,0.0364,0.3774,6,4,0,1,0,0,0.966,101.99,27.56,151.08,9633.11,5639.58,0,0.0459,1.443,0,0
2026-09-03T22:31:46.879090+00:00,bruteforce_ftp_v1,bruteforce_ftp_v1__run_002,initial_access,T1110.001,12,1,-0.0,0.9972,0.0,7845.28,7409.43,0.871,72,68,0.2183,0.5563,0.2983,0.0376,0.411,5,3,0,1,1,0,1.0514,108.96,31.48,165.85,7984.72,7385.56,0,0.0,0.4298,0,0
2026-09-03T22:31:51.879090+00:00,bruteforce_ftp_v1,bruteforce_ftp_v1__run_002,initial_access,T1110.001,17,1,-0.0,1.0,0.0257,10055.39,8675.24,0.7972,102,88,0.4475,1.3358,0.3239,0.034,0.4257,8,5,1,1,1,0,1.1544,98.58,26.83,144.73,8192.74,7747.6,0,0.0266,1.9653,0,0
2026-09-03T22:31:56.879090+00:00,bruteforce_ftp_v1,bruteforce_ftp_v1__run_002,initial_access,T1110.001,22,1,-0.0,1.0,0.0,8960.46,10691.46,0.9089,88,105,0.1548,0.2485,0.2409,0.0174,0.293,10,7,0,2,1,0,0.8365,101.82,33.6,171.11,9017.6,8064.34,0,0.0362,0.6818,0,1
2026-09-03T22:32:01.879090+00:00,bruteforce_ftp_v1,bruteforce_ftp_v1__run_002,initial_access,T1110.001,18,1,-0.0,1.0,0.0079,10442.59,11506.19,0.8466,108,119,0.1826,0.5447,0.2544,0.031,0.3473,8,6,0,1,2,0,0.9032,96.69,19.64,132.39,9876.84,7815.53,1,0.0,1.0308,0,3
2026-09-03T22:32:06.879090+00:00,bruteforce_ftp_v1,bruteforce_ftp_v1__run_002,initial_access,T1110.001,15,1,-0.0,0.9858,0.0529,14150.59,15188.3,0.8573,150,161,0.3523,0.9162,0.2661,0.0192,0.3238,7,5,0,1,1,0,0.9309,94.34,23.28,129.38,7681.82,8019.52,0,0.0,1.1318,0,0
2026-09-03T22:32:11.879090+00:00,bruteforce_ftp_v1,bruteforce_ftp_v1__run_002,initial_access,T1110.001,23,1,-0.0,1.0,0.0,15020.46,15891.21,0.8485,138,146,0.4552,1.3388,0.3629,0.0352,0.4685,11,8,1,1,1,0,0.9411,108.84,40.05,227.36,9097.25,7698.86,0,0.0119,0.5546,0,0
2026-09-03T22:32:16.879090+00:00,bruteforce_ftp_v1,bruteforce_ftp_v1__run_002,initial_access,T1110.001,18,1,-0.0,0.9892,0.0328,10792.26,11092.04,0.9238,108,111,0.3233,0.9443,0.3084,0.0158,0.3557,8,6,1,1,1,0,0.9667,99.93,23.51,145.13,8522.24,7362.95,0,0.0495,0.6738,0,0
2026-09-03T22:32:21.879090+00:00,bruteforce_ftp_v1,bruteforce_ftp_v1__run_002,initial_access,T1110.001,19,1,-0.0,1.0,0.0463,13009.12,11297.39,0.8171,114,99,0.2204,0.6375,0.3074,0.0323,0.4044,9,6,0,1,1,0,1.1501,114.12,21.03,155.71,10568.91,6993.94,0,0.0,1.2745,0,0
2026-09-03T22:32:26.879090+00:00,bruteforce_ftp_v1,bruteforce_ftp_v1__run_002,initial_access,T1110.001,15,1,-0.0,1.0,0.0,6848.06,4930.6,0.8905,75,54,0.1743,0.3663,0.2874,0.0219,0.353,7,4,0,1,1,0,1.3838,91.31,21.59,127.34,8354.07,8270.98,0,0.0,1.2902,0,0
2026-09-03T22:32:31.879090+00:00,bruteforce_ftp_v1,bruteforce_ftp_v1__run_002,initial_access,T1110.001,22,1,-0.0,1.0,0.0247,11023.62,9019.33,0.8368,110,90,0.2196,0.5625,0.3042,0.0429,0.4329,11,6,0,1,2,0,1.2136,100.21,30.18,170.01,10080.83,9045.46,1,0.0113,1.0941,0,2
2026-09-03T22:32:36.879090+00:00,bruteforce_ftp_v1,bruteforce_ftp_v1__run_002,initial_access,T1110.001,19,1,-0.0,1.0,0.0,9225.32,8642.67,0.8469,95,89,0.2035,0.4183,0.2553,0.016,0.3033,9,7,0,2,1,0,1.0641,97.11,18.95,141.7,7882.28,8958.57,0,0.0186,1.304,0,0
2026-09-03T22:32:41.879090+00:00,bruteforce_ftp_v1,bruteforce_ftp_v1__run_002,initial_access,T1110.001,13,1,-0.0,0.9827,0.0282,10977.98,7693.97,0.7958,117,82,0.2112,0.4207,0.28,0.0202,0.3405,6,5,0,1,1,0,1.4142,93.83,33.24,178.32,7180.18,9476.42,0,0.0661,0.8298,0,0
2026-09-03T22:32:46.879090+00:00,bruteforce_ftp_v1,bruteforce_ftp_v1__run_002,initial_access,T1110.001,14,1,-0.0,1.0,0.0,12094.06,12669.97,0.7991,126,132,0.2483,0.4354,0.3156,0.0208,0.3779,6,4,0,1,1,0,0.9542,95.98,19.5,134.39,7447.53,7982.73,0,0.0,1.1455,0,2
2026-09-03T22:32:51.879090+00:00,bruteforce_ftp_v1,bruteforce_ftp_v1__run_002,initial_access,T1110.001,23,1,-0.0,1.0,0.0423,20789.09,15968.43,0.8095,207,159,0.2019,0.5378,0.2795,0.0389,0.3961,10,8,1,2,1,0,1.2973,100.43,26.31,153.96,8580.28,7348.72,0,0.0,0.639,0,1
2026-09-03T22:32:56.879090+00:00,bruteforce_ftp_v1,bruteforce_ftp_v1__run_002,initial_access,T1110.001,15,1,-0.0,1.0,0.013,8885.15,9815.97,0.8563,105,116,0.4221,0.8646,0.325,0.0218,0.3905,7,5,0,1,1,0,0.9005,84.62,19.67,120.99,8030.86,6804.27,0,0.0266,0.7167,0,1
2026-09-03T22:33:01.879090+00:00,bruteforce_ftp_v1,bruteforce_ftp_v1__run_002,initial_access,T1110.001,15,1,-0.0,0.9881,0.0258,2807.95,2620.75,0.7591,30,28,0.3006,0.6033,0.3117,0.0414,0.4361,7,5,0,1,1,0,1.0399,93.6,20.06,127.25,7801.99,9134.03,0,0.0492,0.2079,0,0
2026-09-03T22:33:06.879090+00:00,bruteforce_ftp_v1,bruteforce_ftp_v1__run_002,initial_access,T1110.001,14,1,-0.0,0.9951,0.0065,9769.63,11252.52,0.9277,112,129,0.1831,0.4286,0.254,0.0279,0.3376,7,4,0,1,0,0,0.8629,87.23,20.64,121.84,8445.36,7103.25,0,0.0009,1.6087,0,1
2026-09-03T22:33:11.879090+00:00,bruteforce_ftp_v1,bruteforce_ftp_v1__run_002,initial_access,T1110.001,18,1,-0.0,1.0,0.0,15059.92,10458.27,0.7956,144,100,0.4214,0.8304,0.3282,0.0228,0.3966,8,6,0,1,0,0,1.4258,104.58,31.66,190.37,8647.45,9103.63,0,0.0256,0.0,0,0
2026-09-03T22:33:16.879090+00:00,bruteforce_ftp_v1,bruteforce_ftp_v1__run_002,initial_access,T1110.001,19,1,-0.0,0.97,0.0657,7810.84,5241.49,0.9124,76,51,0.4107,1.1634,0.2565,0.0182,0.3111,9,6,0,1,1,0,1.4745,102.77,25.27,168.23,8948.74,8376.75,0,0.0,0.7937,0,1
2026-09-03T22:33:21.879090+00:00,bruteforce_ftp_v1,bruteforce_ftp_v1__run_002,initial_access,T1110.001,12,1,-0.0,1.0,0.0282,10219.84,13200.62,0.7398,96,124,0.3283,0.8117,0.2655,0.0275,0.3479,6,4,0,1,1,0,0.7729,106.46,30.62,186.0,7036.25,8215.56,0,0.0375,0.9487,0,0
2026-09-03T22:33:26.879090+00:00,bruteforce_ftp_v1,bruteforce_ftp_v1__run_002,initial_access,T1110.001,18,1,-0.0,0.9623,0.0955,12224.81,12903.96,0.786,108,114,0.3645,0.8541,0.3085,0.0296,0.3973,9,6,1,1,1,0,0.9392,113.19,26.56,176.27,6863.28,9102.77,0,0.0,1.1391,0,1
2026-09-03T22:33:31.879090+00:00,bruteforce_ftp_v1,bruteforce_ftp_v1__run_002,initial_access,T1110.001,9,1,-0.0,1.0,0.0,6484.53,5764.02,0.8628,54,48,0.3392,0.8007,0.2646,0.0145,0.3082,4,3,0,0,0,0,1.1144,120.08,22.12,172.86,7805.34,7711.79,0,0.0318,1.5414,0,0
2026-09-03T22:33:36.879090+00:00,bruteforce_ftp_v1,bruteforce_ftp_v1__run_002,initial_access,T1110.001,18,1,-0.0,1.0,0.0,21487.93,24092.53,0.8781,198,222,0.4043,0.5991,0.2451,0.0185,0.3004,9,6,1,1,1,0,0.8893,108.52,32.43,180.68,8653.01,8185.9,0,0.024,0.933,0,1
2026-09-03T22:33:41.879090+00:00,bruteforce_ftp_v1,bruteforce_ftp_v1__run_002,initial_access,T1110.001,14,1,-0.0,1.0,0.0195,17099.35,14767.62,0.8741,154,133,0.4384,1.1976,0.3188,0.0288,0.4053,6,5,1,1,0,0,1.1551,111.03,29.68,179.62,7757.14,6688.09,0,0.0525,1.7711,0,0
2026-09-03T22:33:46.879090+00:00,bruteforce_ftp_v1,bruteforce_ftp_v1__run_002,initial_access,T1110.001,13,1,-0.0,0.9596,0.0743,14097.07,14639.26,0.8284,130,135,0.2691,0.5852,0.284,0.0155,0.3305,6,4,0,0,1,0,0.9579,108.44,35.29,158.72,7211.5,8632.91,0,0.0279,1.0918,0,0
2026-09-03T22:33:51.879090+00:00,bruteforce_ftp_v1,bruteforce_ftp_v1__run_002,initial_access,T1110.001,19,1,-0.0,0.9474,0.0959,11623.03,12030.86,0.8021,114,118,0.1721,0.2111,0.304,0.0239,0.3756,9,7,0,2,1,0,0.9652,101.96,24.67,149.62,8412.21,7789.92,0,0.0202,1.4733,0,0
2026-09-03T22:33:56.879090+00:00,bruteforce_ftp_v1,bruteforce_ftp_v1__run_002,initial_access,T1110.001,17,1,-0.0,1.0,0.0076,4785.01,3283.83,0.9108,51,35,0.1625,0.2783,0.3301,0.0309,0.4227,8,6,0,1,1,0,1.4449,93.82,34.68,170.51,7477.16,10311.76,0,0.0753,1.6739,0,0
2026-09-03T22:34:01.879090+00:00,bruteforce_ftp_v1,bruteforce_ftp_v1__run_002,initial_access,T1110.001,32,1,-0.0,1.0,0.0,12678.31,13470.7,0.8317,128,136,0.3455,0.4848,0.2271,0.0341,0.3292,16,10,1,3,3,0,0.9359,99.05,30.57,232.16,8286.99,8048.07,2,0.0299,1.9224,0,0
2026-09-03T22:34:06.879090+00:00,bruteforce_ftp_v1,bruteforce_ftp_v1__run_002,initial_access,T1110.001,24,1,-0.0,1.0,0.0,9350.64,8474.02,0.8641,96,87,0.2669,0.7272,0.3033,0.0231,0.3728,11,9,1,2,1,0,1.0973,97.4,21.38,148.88,7502.77,9656.34,0,0.0355,1.2691,0,0
2026-09-03T22:34:11.879090+00:00,bruteforce_ftp_v1,bruteforce_ftp_v1__run_002,initial_access,T1110.001,14,1,-0.0,0.9814,0.0139,4273.17,4680.14,0.8373,42,46,0.4058,0.8967,0.2854,0.017,0.3365,7,4,0,1,1,0,0.9115,101.74,28.67,151.92,7888.94,9775.67,0,0.0431,0.8196,0,1
2026-09-03T22:34:16.879090+00:00,bruteforce_ftp_v1,bruteforce_ftp_v1__run_002,initial_access,T1110.001,15,1,-0.0,1.0,0.0,7597.95,5571.83,0.7757,75,55,0.2628,0.3192,0.2531,0.0341,0.3554,7,5,0,1,1,0,1.348,101.31,26.1,164.68,8863.36,7293.33,0,0.0,0.554,0,0
2026-09-03T22:34:21.879090+00:00,bruteforce_ftp_v1,bruteforce_ftp_v1__run_002,initial_access,T1110.001,20,1,-0.0,1.0,0.0,8276.64,8276.64,0.9347,80,80,0.3586,0.9919,0.3111,0.0265,0.3904,9,6,1,1,1,0,0.9908,103.46,36.82,197.57,9655.34,7272.82,0,0.0659,0.6406,0,0
2026-09-03T22:34:26.879090+00:00,bruteforce_ftp_v1,bruteforce_ftp_v1__run_002,initial_access,T1110.001,12,1,-0.0,0.9712,0.0389,2475.49,2269.2,0.7961,24,22,0.19,0.3618,0.2491,0.027,0.3301,5,4,0,1,0,0,1.0662,103.15,43.63,196.54,9083.07,7676.63,0,0.0,0.8655,0,0
2026-09-03T22:34:31.879090+00:00,bruteforce_ftp_v1,bruteforce_ftp_v1__run_002,initial_access,T1110.001,18,1,-0.0,1.0,0.0,10003.81,10374.32,0.9414,108,112,0.1845,0.27,0.2791,0.0152,0.3246,9,6,0,1,1,0,0.9577,92.63,18.91,146.86,6436.92,11090.54,0,0.0559,1.2588,0,0
2026-09-03T22:34:36.879090+00:00,bruteforce_ftp_v1,bruteforce_ftp_v1__run_002,initial_access,T1110.001,20,1,-0.0,0.965,0.0746,10396.81,11020.61,0.8575,100,106,0.2092,0.4141,0.3263,0.0198,0.3855,9,7,1,1,1,0,0.9382,103.97,28.38,156.8,8404.65,7234.29,0,0.0366,2.0728,0,0
2026-09-03T22:34:41.879090+00:00,bruteforce_ftp_v1,bruteforce_ftp_v1__run_002,initial_access,T1110.001,12,1,-0.0,1.0,0.0,12678.87,10661.78,0.8472,132,111,0.4015,0.6015,0.3257,0.0173,0.3777,5,4,0,1,1,0,1.1819,96.05,27.71,162.21,8383.87,7329.54,0,0.0,1.019,0,0
2026-09-03T22:34:46.879090+00:00,bruteforce_ftp_v1,bruteforce_ftp_v1__run_002,initial_access,T1110.001,22,1,-0.0,1.0,0.0,14399.64,14212.64,0.9431,154,152,0.3329,0.7444,0.209,0.0158,0.2563,11,8,0,2,1,0,1.0099,93.5,26.35,162.99,7948.1,5989.16,0,0.0211,1.8762,0,1
2026-09-03T22:34:51.879090+00:00,bruteforce_ftp_v1,bruteforce_ftp_v1__run_002,initial_access,T1110.001,11,1,-0.0,1.0,0.0,2305.0,2200.22,0.7625,22,21,0.4309,0.9795,0.3692,0.0394,0.4874,5,3,0,1,0,0,1.021,104.77,40.23,186.87,6985.91,8923.33,0,0.0833,0.9651,0,1
2026-09-03T22:34:56.879090+00:00,bruteforce_ftp_v1,bruteforce_ftp_v1__run_002,initial_access,T1110.001,22,1,-0.0,1.0,0.0219,10854.48,9670.35,0.8928,110,98,0.4008,0.5466,0.3431,0.0506,0.4948,10,7,1,2,0,0,1.1161,98.68,31.47,173.46,7943.9,7675.55,0,0.0097,1.0191,0,0
2026-09-03T22:35:01.879090+00:00,bruteforce_ftp_v1,bruteforce_ftp_v1__run_002,initial_access,T1110.001,18,1,-0.0,1.0,0.0,15795.13,12675.11,0.8804,162,130,0.4294,0.9152,0.272,0.0208,0.3344,9,6,0,1,1,0,1.2399,97.5,32.19,158.13,7527.92,8598.18,0,0.0241,1.8226,0,1
2026-09-03T22:35:06.879090+00:00,bruteforce_ftp_v1,bruteforce_ftp_v1__run_002,initial_access,T1110.001,19,1,-0.0,1.0,0.0,16189.78,15243.0,0.8187,171,161,0.382,1.1194,0.2833,0.0332,0.3829,9,6,0,2,1,0,1.062,94.68,33.37,171.5,6856.44,9796.29,0,0.0611,0.7411,0,1
2026-09-03T22:35:11.879090+00:00,bruteforce_ftp_v1,bruteforce_ftp_v1__run_002,initial_access,T1110.001,18,1,-0.0,1.0,0.0,4435.61,3860.62,0.8461,54,47,0.2619,0.3986,0.2665,0.0277,0.3495,9,6,1,1,1,0,1.1374,82.14,21.75,122.01,6352.33,7425.72,0,0.0913,1.2453,0,0
2026-09-03T22:35:16.879090+00:00,bruteforce_ftp_v1,bruteforce_ftp_v1__run_002,initial_access,T1110.001,19,1,-0.0,0.9625,0.0125,7210.56,7495.18,0.9622,76,79,0.1681,0.2312,0.2371,0.0226,0.3048,9,6,1,1,2,0,0.9518,94.88,21.56,144.79,9899.96,7787.47,1,0.0133,2.8547,0,0
2026-09-03T22:35:21.879090+00:00,bruteforce_ftp_v1,bruteforce_ftp_v1__run_002,initial_access,T1110.001,16,1,-0.0,0.9637,0.0476,6474.78,5968.93,0.8055,64,59,0.3343,0.6577,0.2719,0.0302,0.3624,8,5,0,1,1,0,1.0847,101.17,17.78,144.14,8262.18,8248.42,0,0.0114,0.9317,0,0
2026-09-03T22:35:26.879090+00:00,bruteforce_ftp_v1,bruteforce_ftp_v1__run_002,initial_access,T1110.001,20,1,-0.0,1.0,0.0263,7569.58,4541.75,0.8097,80,48,0.2947,0.7765,0.2948,0.0282,0.3794,9,7,1,1,1,0,1.6642,94.62,26.44,130.68,7556.37,8589.6,0,0.0456,0.8906,0,0
2026-09-03T22:35:31.879090+00:00,bruteforce_ftp_v1,bruteforce_ftp_v1__run_002,initial_access,T1110.001,18,1,-0.0,1.0,0.0183,15206.56,12883.34,0.7949,144,122,0.2026,0.2612,0.3048,0.0226,0.3725,8,6,1,1,1,0,1.1754,105.6,30.19,198.99,6680.85,9653.0,0,0.0,1.0593,0,1
2026-09-03T22:35:36.879090+00:00,bruteforce_ftp_v1,bruteforce_ftp_v1__run_002,initial_access,T1110.001,15,1,-0.0,0.9644,0.0479,13407.61,9497.06,0.8213,120,85,0.264,0.4756,0.2923,0.0221,0.3584,7,5,0,0,0,0,1.4017,111.73,34.68,182.51,8455.54,8649.78,0,0.0085,0.9519,0,1
2026-09-03T22:35:41.879090+00:00,bruteforce_ftp_v1,bruteforce_ftp_v1__run_002,initial_access,T1110.001,11,1,-0.0,0.9612,0.0398,1100.9,1200.98,0.8876,11,12,0.428,0.6144,0.2973,0.0392,0.415,5,4,0,1,0,0,0.8937,100.08,21.77,142.35,7344.57,6069.73,0,0.002,0.7405,0,0
2026-09-03T22:35:46.879090+00:00,bruteforce_ftp_v1,bruteforce_ftp_v1__run_002,initial_access,T1110.001,23,1,-0.0,1.0,0.0058,17722.51,21382.59,0.8232,184,222,0.2349,0.3035,0.2877,0.0418,0.4129,11,8,1,2,1,0,0.8278,96.32,23.15,136.41,8102.31,7176.28,0,0.0083,1.393,0,0
2026-09-03T22:35:51.879090+00:00,bruteforce_ftp_v1,bruteforce_ftp_v1__run_002,initial_access,T1110.001,16,1,-0.0,1.0,0.0,12893.89,7756.48,0.8829,128,77,0.2039,0.5209,0.2717,0.0183,0.3266,7,5,0,1,1,0,1.6553,100.73,29.07,156.72,5626.91,6940.09,0,0.0216,1.2818,0,0
2026-09-03T22:35:56.879090+00:00,bruteforce_ftp_v1,bruteforce_ftp_v1__run_002,initial_access,T1110.001,13,1,-0.0,1.0,0.0006,3878.77,4873.33,0.8366,39,49,0.2064,0.4247,0.33,0.048,0.4741,6,4,0,1,1,0,0.7831,99.46,19.44,136.83,6819.12,10051.57,0,0.0,1.2998,0,0
2026-09-03T22:36:01.879090+00:00,bruteforce_ftp_v1,bruteforce_ftp_v1__run_002,initial_access,T1110.001,16,1,-0.0,1.0,0.0,6624.31,7348.84,0.8514,64,71,0.4249,0.7112,0.3092,0.0307,0.4012,7,5,0,1,1,0,0.8903,103.5,21.89,151.57,9437.84,8585.26,0,0.0354,0.7571,0,0
2026-09-03T22:36:06.879090+00:00,bruteforce_ftp_v1,bruteforce_ftp_v1__run_002,initial_access,T1110.001,25,1,-0.0,0.9984,0.0,12236.12,9299.45,0.8769,125,95,0.1795,0.4216,0.2592,0.0244,0.3323,13,8,0,2,2,0,1.3087,97.89,30.53,187.9,7038.63,9679.66,1,0.0681,1.1073,0,0
2026-09-03T22:36:11.879090+00:00,bruteforce_ftp_v1,bruteforce_ftp_v1__run_002,initial_access,T1110.001,16,1,-0.0,0.9579,0.0239,20929.29,16501.94,0.8273,208,164,0.3836,0.7221,0.3345,0.0493,0.4824,8,5,0,1,1,0,1.2627,100.62,31.12,165.65,6954.13,5013.34,0,0.0098,0.3411,0,0
2026-09-03T22:36:16.879090+00:00,bruteforce_ftp_v1,bruteforce_ftp_v1__run_002,initial_access,T1110.001,21,1,-0.0,1.0,0.0,14898.26,12465.89,0.8141,147,123,0.2027,0.2526,0.3017,0.0442,0.4343,10,7,0,1,1,0,1.193,101.35,30.49,171.68,8121.24,10321.18,0,0.0203,1.0575,0,0
2026-09-03T22:36:21.879090+00:00,bruteforce_ftp_v1,bruteforce_ftp_v1__run_002,initial_access,T1110.001,13,1,-0.0,1.0,0.0,6264.89,6746.81,0.8512,65,70,0.3249,0.9038,0.2627,0.0332,0.3623,6,4,0,1,0,0,0.9282,96.38,28.59,150.17,7512.72,7319.8,0,0.0206,1.6806,0,1
2026-09-03T22:36:26.879090+00:00,bruteforce_ftp_v1,bruteforce_ftp_v1__run_002,initial_access,T1110.001,18,1,-0.0,1.0,0.021,17260.3,15662.13,0.8699,162,147,0.272,0.6107,0.3469,0.0429,0.4757,9,6,1,2,1,0,1.1014,106.55,27.3,158.74,8698.93,7941.99,0,0.0147,0.2256,0,1
2026-09-03T22:36:31.879090+00:00,bruteforce_ftp_v1,bruteforce_ftp_v1__run_002,initial_access,T1110.001,18,1,-0.0,0.9862,0.0129,7773.1,9176.58,0.9294,72,85,0.3315,0.7532,0.2014,0.0235,0.2719,9,5,1,2,1,0,0.8395,107.96,24.73,143.44,7632.67,8750.15,0,0.0,1.7239,0,1
2026-09-03T22:36:36.879090+00:00,bruteforce_ftp_v1,bruteforce_ftp_v1__run_002,initial_access,T1110.001,14,1,-0.0,0.971,0.0171,8357.61,8238.22,0.8178,70,69,0.4155,0.6533,0.2951,0.0239,0.3667,7,4,0,1,0,0,1.0012,119.39,38.94,212.49,6882.94,7296.2,0,0.0068,1.3773,0,0
2026-09-03T22:36:41.879090+00:00,bruteforce_ftp_v1,bruteforce_ftp_v1__run_002,initial_access,T1110.001,9,1,-0.0,1.0,0.0,4245.93,3396.74,0.8925,45,36,0.3841,0.5808,0.2827,0.0346,0.3864,4,3,0,1,0,0,1.2266,94.35,26.73,144.18,7952.9,9282.04,0,0.0454,1.005,0,0
2026-09-03T22:36:46.879090+00:00,bruteforce_ftp_v1,bruteforce_ftp_v1__run_002,initial_access,T1110.001,15,1,-0.0,0.9892,0.0,9703.03,9425.8,0.8344,105,102,0.3005,0.7604,0.3294,0.0454,0.4657,7,5,0,1,1,0,1.0276,92.41,26.98,149.85,9466.51,9902.76,0,0.0598,1.3262,0,0
2026-09-03T22:36:51.879090+00:00,bruteforce_ftp_v1,bruteforce_ftp_v1__run_002,initial_access,T1110.001,21,1,-0.0,1.0,0.0,13233.13,12152.88,0.7167,147,135,0.2531,0.6822,0.2538,0.024,0.3258,10,6,0,1,2,0,1.0884,90.02,29.04,159.08,8866.33,9107.51,1,0.0911,0.6024,0,0
2026-09-03T22:36:56.879090+00:00,bruteforce_ftp_v1,bruteforce_ftp_v1__run_002,initial_access,T1110.001,21,1,-0.0,1.0,0.0,22225.22,24438.12,0.8448,231,254,0.148,0.2539,0.2931,0.0257,0.3703,10,7,1,2,1,0,0.9068,96.21,17.83,135.02,9356.23,7168.2,0,0.0376,1.322,0,0
2026-09-03T22:37:01.879090+00:00,bruteforce_ftp_v1,bruteforce_ftp_v1__run_002,initial_access,T1110.001,13,1,-0.0,1.0,0.0021,7472.28,7280.68,0.8304,78,76,0.1863,0.5007,0.2712,0.0229,0.3398,6,4,0,1,1,0,1.0144,95.8,38.9,208.06,9716.7,9029.93,0,0.0298,1.0234,0,0
2026-09-03T22:37:06.879090+00:00,bruteforce_ftp_v1,bruteforce_ftp_v1__run_002,initial_access,T1110.001,20,1,-0.0,0.9551,0.0666,9640.28,9037.76,0.8599,80,75,0.1805,0.2586,0.3424,0.0457,0.4794,9,7,0,2,1,0,1.057,120.5,40.73,209.65,7732.98,8038.11,0,0.0423,0.9166,0,0
2026-09-03T22:37:11.879090+00:00,bruteforce_ftp_v1,bruteforce_ftp_v1__run_002,initial_access,T1110.001,18,1,-0.0,0.9954,0.0124,14437.74,9725.42,0.8562,144,97,0.2832,0.7766,0.2917,0.0198,0.351,9,6,1,2,2,0,1.4815,100.26,36.98,232.99,7277.34,7526.45,1,0.0,1.5189,0,1
2026-09-03T22:37:16.879090+00:00,bruteforce_ftp_v1,bruteforce_ftp_v1__run_002,initial_access,T1110.001,16,1,-0.0,0.9679,0.0167,9888.37,7931.3,0.8872,96,77,0.3462,0.5712,0.3009,0.0327,0.3989,7,5,1,1,1,0,1.2446,103.0,25.0,155.51,9557.56,9539.6,0,0.0,0.7701,0,0
2026-09-03T22:37:21.879090+00:00,bruteforce_ftp_v1,bruteforce_ftp_v1__run_002,initial_access,T1110.001,25,1,-0.0,1.0,0.0085,15156.44,18895.03,0.8692,150,187,0.3696,0.5774,0.2423,0.024,0.3144,12,9,0,2,1,0,0.8001,101.04,26.46,158.03,7155.61,7167.89,0,0.0255,0.8387,0,1
2026-09-03T22:37:26.879090+00:00,bruteforce_ftp_v1,bruteforce_ftp_v1__run_002,initial_access,T1110.001,18,1,-0.0,1.0,0.0294,9876.84,10882.82,0.8911,108,119,0.4503,0.7817,0.3124,0.0434,0.4426,8,6,1,1,1,0,0.9065,91.45,21.42,130.1,8530.92,8279.84,0,0.0716,0.9095,0,0
2026-09-03T22:37:31.879090+00:00,bruteforce_ftp_v1,bruteforce_ftp_v1__run_002,initial_access,T1110.001,9,1,-0.0,1.0,0.0139,3660.49,4372.25,0.8719,36,43,0.2732,0.7553,0.2825,0.035,0.3876,4,3,0,0,1,0,0.8345,101.68,24.41,148.47,9420.97,7256.13,0,0.0,0.5326,0,0
2026-09-03T22:37:36.879090+00:00,bruteforce_ftp_v1,bruteforce_ftp_v1__run_002,initial_access,T1110.001,17,1,-0.0,1.0,0.0,8559.75,8358.34,0.8732,85,83,0.192,0.3256,0.2677,0.0368,0.3781,8,5,0,1,1,0,1.0119,100.7,26.15,164.86,8255.39,8852.7,0,0.0,0.5649,0,0
2026-09-03T22:37:41.879090+00:00,bruteforce_ftp_v1,bruteforce_ftp_v1__run_002,initial_access,T1110.001,21,1,-0.0,0.9125,0.086,8689.26,6413.5,0.8165,84,62,0.3847,0.8478,0.2753,0.0254,0.3516,10,7,0,1,1,0,1.35,103.44,31.71,176.3,7634.76,8283.84,0,0.0037,1.327,0,1
2026-09-03T22:37:46.879090+00:00,bruteforce_ftp_v1,bruteforce_ftp_v1__run_002,initial_access,T1110.001,19,1,-0.0,0.9668,0.0637,8947.58,8665.02,0.8625,95,92,0.148,0.4198,0.2763,0.0318,0.3718,9,6,0,2,1,0,1.0241,94.19,28.44,159.34,8328.6,7025.33,0,0.0058,0.8948,0,2
2026-09-03T22:37:51.879090+00:00,bruteforce_ftp_v1,bruteforce_ftp_v1__run_002,initial_access,T1110.001,14,1,-0.0,0.9881,0.0,7285.31,5516.02,0.8189,70,53,0.2985,0.6452,0.2948,0.0406,0.4166,7,4,0,1,1,0,1.3169,104.08,22.66,141.79,7801.97,8302.7,0,0.0248,1.5261,0,1
2026-09-03T22:37:56.879090+00:00,bruteforce_ftp_v1,bruteforce_ftp_v1__run_002,initial_access,T1110.001,15,1,-0.0,0.9936,0.0,12304.9,13854.4,0.779,135,152,0.1589,0.2936,0.2451,0.0327,0.3431,7,5,0,1,1,0,0.8847,91.15,29.38,153.56,8877.76,9163.34,0,0.0,1.0044,0,0
2026-09-03T22:38:01.879090+00:00,bruteforce_ftp_v1,bruteforce_ftp_v1__run_002,initial_access,T1110.001,11,1,-0.0,0.9565,0.0412,6649.85,6146.07,0.9492,66,61,0.3874,1.1523,0.2679,0.0143,0.3108,5,3,0,1,0,0,1.0656,100.76,19.69,136.52,6126.38,9172.64,0,0.0409,1.0268,0,0
2026-09-03T22:38:06.879090+00:00,bruteforce_ftp_v1,bruteforce_ftp_v1__run_002,initial_access,T1110.001,18,1,-0.0,1.0,0.0,6830.52,6925.39,0.8981,72,73,0.3541,0.8614,0.2711,0.021,0.3342,9,6,0,2,1,0,0.9743,94.87,26.47,166.7,8283.34,8352.54,0,0.0345,0.1141,0,0
2026-09-03T22:38:11.879090+00:00,bruteforce_ftp_v1,bruteforce_ftp_v1__run_002,initial_access,T1110.001,15,1,-0.0,0.9942,0.0208,8186.82,8550.68,0.8871,90,94,0.177,0.2645,0.2526,0.0371,0.3638,7,5,0,1,1,0,0.9512,90.96,29.85,147.83,8472.48,9290.48,0,0.0679,0.8883,0,1
2026-09-03T22:38:16.879090+00:00,bruteforce_ftp_v1,bruteforce_ftp_v1__run_002,initial_access,T1110.001,12,1,-0.0,0.9854,0.0245,2209.6,2854.06,0.7904,24,31,0.2043,0.3445,0.3425,0.0287,0.4285,6,3,0,0,0,0,0.7667,92.07,25.29,130.3,7760.89,8213.21,0,0.0374,0.8373,0,1
2026-09-03T22:38:21.879090+00:00,bruteforce_ftp_v1,bruteforce_ftp_v1__run_002,initial_access,T1110.001,14,1,-0.0,0.9914,0.0137,7190.96,6163.68,0.8466,70,60,0.2504,0.3043,0.306,0.0344,0.409,6,4,0,1,1,0,1.166,102.73,28.68,164.41,5955.46,8824.01,0,0.0317,1.8112,0,0
2026-09-03T22:38:26.879090+00:00,bruteforce_ftp_v1,bruteforce_ftp_v1__run_002,initial_access,T1110.001,14,1,-0.0,0.9703,0.0197,12366.69,18648.18,0.8163,126,190,0.1788,0.4995,0.2876,0.0402,0.4083,7,4,0,1,0,0,0.66,98.15,27.28,150.43,6228.95,8236.45,0,0.0,0.8412,0,0
2026-09-03T22:38:31.879090+00:00,bruteforce_ftp_v1,bruteforce_ftp_v1__run_002,initial_access,T1110.001,17,1,-0.0,1.0,0.0149,7166.16,5585.39,0.7721,68,53,0.398,1.1363,0.22,0.0238,0.2914,8,5,1,1,1,0,1.2677,105.38,35.53,196.27,9420.87,7974.24,0,0.012,0.6238,0,0
2026-09-03T22:38:36.879090+00:00,bruteforce_ftp_v1,bruteforce_ftp_v1__run_002,initial_access,T1110.001,14,1,-0.0,0.9774,0.0128,6748.23,7423.05,0.832,70,77,0.1903,0.5553,0.2877,0.0401,0.4081,6,4,0,1,0,0,0.9033,96.4,23.5,138.74,7989.98,8446.48,0,0.046,0.377,0,0
2026-09-03T22:38:41.879090+00:00,bruteforce_ftp_v1,bruteforce_ftp_v1__run_002,initial_access,T1110.001,16,1,-0.0,1.0,0.0,10446.53,12296.44,0.8462,96,113,0.4665,1.2901,0.2977,0.0202,0.3583,7,5,0,1,1,0,0.8426,108.82,38.25,210.8,7437.29,9983.81,0,0.0391,0.7682,0,1
2026-09-03T22:38:46.879090+00:00,bruteforce_ftp_v1,bruteforce_ftp_v1__run_002,initial_access,T1110.001,17,1,-0.0,0.9719,0.0502,9071.21,11739.21,0.7627,85,110,0.2272,0.3927,0.3479,0.0404,0.4691,8,5,1,1,2,0,0.7695,106.72,39.12,172.71,7950.78,8862.5,1,0.0,0.4714,0,1
2026-09-03T22:38:51.879090+00:00,bruteforce_ftp_v1,bruteforce_ftp_v1__run_002,initial_access,T1110.001,14,1,-0.0,1.0,0.0,7218.86,8147.0,0.8213,70,79,0.2933,0.704,0.285,0.0382,0.3995,6,4,0,0,1,0,0.8831,103.13,23.51,166.82,7396.04,7975.67,0,0.0447,0.7539,0,1
2026-09-03T22:38:56.879090+00:00,bruteforce_ftp_v1,bruteforce_ftp_v1__run_002,initial_access,T1110.001,16,1,-0.0,0.9898,0.0014,9692.08,6576.77,0.9066,112,76,0.4215,0.6366,0.2806,0.0404,0.4018,8,5,0,1,1,0,1.4628,86.54,24.01,129.56,9957.68,8767.14,0,0.0,1.9628,0,0
2026-09-03T22:39:01.879090+00:00,bruteforce_ftp_v1,bruteforce_ftp_v1__run_002,initial_access,T1110.001,16,1,-0.0,0.9867,0.0212,4558.17,3988.4,0.8713,48,42,0.3949,0.503,0.2903,0.0219,0.3561,7,4,0,1,1,0,1.1228,94.96,41.79,202.72,9352.13,7777.46,0,0.0011,0.8194,0,0
2026-09-03T22:39:06.879090+00:00,bruteforce_ftp_v1,bruteforce_ftp_v1__run_002,initial_access,T1110.001,14,1,-0.0,0.9619,0.0572,5737.34,6044.7,0.8911,56,59,0.4305,1.2769,0.3703,0.053,0.5292,7,4,0,1,1,0,0.9435,102.45,27.07,158.59,8070.26,6968.05,0,0.0569,0.5038,0,1
2026-09-03T22:39:11.879090+00:00,bruteforce_ftp_v1,bruteforce_ftp_v1__run_002,initial_access,T1110.001,17,1,-0.0,0.9901,0.0175,14251.55,12934.18,0.8066,119,108,0.3127,0.7414,0.3087,0.0184,0.3638,8,6,0,1,1,0,1.0927,119.76,41.1,203.3,9814.01,8734.23,0,0.0,1.2217,0,0
2026-09-03T22:39:16.879090+00:00,bruteforce_ftp_v1,bruteforce_ftp_v1__run_002,initial_access,T1110.001,23,1,-0.0,1.0,0.0,9010.11,6757.58,0.8038,92,69,0.2937,0.3977,0.2477,0.0199,0.3075,11,7,0,1,2,0,1.3173,97.94,26.41,150.0,7107.71,9625.85,1,0.0508,0.1615,0,0
2026-09-03T22:39:21.879090+00:00,bruteforce_ftp_v1,bruteforce_ftp_v1__run_002,initial_access,T1110.001,15,1,-0.0,0.9732,0.035,4314.25,3930.76,0.8646,45,41,0.438,0.6072,0.2209,0.0117,0.256,7,5,0,1,0,0,1.0959,95.87,19.85,146.11,9162.32,9281.17,0,0.0,0.8453,0,0
2026-09-03T22:39:26.879090+00:00,bruteforce_ftp_v1,bruteforce_ftp_v1__run_002,initial_access,T1110.001,27,1,-0.0,1.0,0.009,18964.84,23580.62,0.9155,189,235,0.3443,0.9049,0.2805,0.036,0.3884,13,9,0,3,1,0,0.8026,100.34,28.66,163.78,8616.29,8312.03,0,0.0389,1.8641,0,0
2026-09-03T22:39:31.879090+00:00,bruteforce_ftp_v1,bruteforce_ftp_v1__run_002,initial_access,T1110.001,11,1,-0.0,1.0,0.0,3601.23,3055.59,0.8011,33,28,0.2535,0.3478,0.3432,0.025,0.4182,5,3,0,1,0,0,1.1672,109.13,44.01,230.06,7509.41,9603.41,0,0.0552,1.6944,0,0
2026-09-03T22:39:36.879090+00:00,bruteforce_ftp_v1,bruteforce_ftp_v1__run_002,initial_access,T1110.001,11,1,-0.0,1.0,0.0088,4208.74,3634.82,0.8717,44,38,0.3098,0.4514,0.3891,0.0255,0.4658,5,4,0,1,0,0,1.1408,95.65,26.87,146.92,9192.2,8714.54,0,0.0204,0.6136,0,0
2026-09-03T22:39:41.879090+00:00,bruteforce_ftp_v1,bruteforce_ftp_v1__run_002,initial_access,T1110.001,21,1,-0.0,0.9772,0.009,18273.07,20110.04,0.838,189,208,0.3391,0.6033,0.2822,0.0277,0.3653,10,7,0,1,1,0,0.9059,96.68,30.37,185.48,7619.14,9208.09,0,0.0056,1.1387,0,0
2026-09-03T22:39:46.879090+00:00,bruteforce_ftp_v1,bruteforce_ftp_v1__run_002,initial_access,T1110.001,20,1,-0.0,0.9859,0.0161,5746.75,6034.09,0.833,60,63,0.2554,0.4225,0.2578,0.0333,0.3576,9,7,1,1,1,0,0.9408,95.78,27.42,166.92,7547.32,8210.0,0,0.0383,1.3941,0,1
2026-09-03T22:39:51.879090+00:00,bruteforce_ftp_v1,bruteforce_ftp_v1__run_002,initial_access,T1110.001,19,1,-0.0,1.0,0.0,13852.61,12602.75,0.8321,133,121,0.315,0.9022,0.2465,0.029,0.3335,9,6,1,2,1,0,1.0937,104.15,29.68,164.52,8776.7,6297.14,0,0.0187,0.6449,0,0
2026-09-03T22:39:56.879090+00:00,bruteforce_ftp_v1,bruteforce_ftp_v1__run_002,initial_access,T1110.001,16,1,-0.0,0.9678,0.0328,14049.57,9854.21,0.9131,144,101,0.3068,0.3935,0.3059,0.043,0.435,8,6,0,2,1,0,1.4229,97.57,20.62,140.2,9940.73,7591.31,0,0.0118,1.6535,0,0
2026-09-03T22:40:01.879090+00:00,bruteforce_ftp_v1,bruteforce_ftp_v1__run_002,initial_access,T1110.001,10,1,-0.0,1.0,0.0128,7161.44,6547.6,0.9326,70,64,0.2287,0.5615,0.322,0.0425,0.4497,4,3,0,0,0,0,1.0813,102.31,27.29,143.92,7111.01,9950.69,0,0.056,0.0109,0,0
2026-09-03T22:40:06.879090+00:00,bruteforce_ftp_v1,bruteforce_ftp_v1__run_002,initial_access,T1110.001,16,1,-0.0,1.0,0.0444,7882.79,7685.72,0.8785,80,78,0.369,0.807,0.3237,0.0217,0.3889,8,5,0,1,1,0,1.0216,98.53,26.77,154.68,8128.75,7125.02,0,0.0,1.5596,0,1
2026-09-03T22:40:11.879090+00:00,bruteforce_ftp_v1,bruteforce_ftp_v1__run_002,initial_access,T1110.001,20,1,-0.0,1.0,0.0303,9466.97,7289.57,0.8323,100,77,0.4073,0.5977,0.2486,0.023,0.3177,10,7,1,2,1,0,1.287,94.67,22.89,149.95,7488.04,9879.51,0,0.0,0.9796,0,2
2026-09-03T22:40:16.879090+00:00,bruteforce_ftp_v1,bruteforce_ftp_v1__run_002,initial_access,T1110.001,20,1,-0.0,0.9979,0.0,8428.99,7902.18,0.8276,80,75,0.2095,0.4325,0.2657,0.0157,0.3127,10,6,1,1,1,0,1.053,105.36,28.7,159.33,7743.2,8063.59,0,0.0627,0.7274,0,1
2026-09-03T22:40:21.879090+00:00,bruteforce_ftp_v1,bruteforce_ftp_v1__run_002,initial_access,T1110.001,22,1,-0.0,1.0,0.0,8328.43,11167.66,0.7923,88,118,0.3114,0.4145,0.2464,0.0292,0.3341,11,7,0,2,1,0,0.7452,94.64,24.04,154.3,9369.27,8004.92,0,0.0,1.069,0,1
2026-09-03T22:40:26.879090+00:00,bruteforce_ftp_v1,bruteforce_ftp_v1__run_002,initial_access,T1110.001,22,1,-0.0,1.0,0.0,18042.04,16811.9,0.8083,176,164,0.1697,0.5073,0.2315,0.0172,0.2831,11,7,0,1,2,0,1.0707,102.51,25.98,154.46,7038.34,9217.6,1,0.0,1.0055,0,0
2026-09-03T22:40:31.879090+00:00,bruteforce_ftp_v1,bruteforce_ftp_v1__run_002,initial_access,T1110.001,22,1,-0.0,0.9666,0.0378,10646.21,12388.31,0.8679,110,128,0.3336,0.4342,0.2591,0.013,0.2982,11,8,0,2,2,0,0.857,96.78,25.63,141.45,8016.76,8306.73,1,0.0076,1.0936,0,2
2026-09-03T22:40:36.879090+00:00,bruteforce_ftp_v1,bruteforce_ftp_v1__run_002,initial_access,T1110.001,20,1,-0.0,1.0,0.0,12168.15,11559.74,0.8337,120,114,0.1972,0.3566,0.2238,0.016,0.2717,10,6,1,1,1,0,1.0456,101.4,32.18,184.86,10003.92,9879.39,0,0.0335,1.6698,0,0
2026-09-03T22:40:41.879090+00:00,bruteforce_ftp_v1,bruteforce_ftp_v1__run_002,initial_access,T1110.001,13,1,-0.0,0.9636,0.0379,3839.49,3150.35,0.8576,39,32,0.3483,0.6581,0.3447,0.0212,0.4082,6,5,0,1,1,0,1.2177,98.45,32.23,183.07,9450.19,7367.37,0,0.0238,1.782,0,0
2026-09-03T22:40:46.879090+00:00,bruteforce_ftp_v1,bruteforce_ftp_v1__run_002,initial_access,T1110.001,23,1,-0.0,1.0,0.0102,10019.76,6796.01,0.8276,115,78,0.2016,0.4901,0.2996,0.0238,0.3711,11,7,1,1,1,0,1.4591,87.13,27.66,141.51,7172.99,8304.2,0,0.0191,0.2959,0,1
2026-09-03T22:40:51.879090+00:00,bruteforce_ftp_v1,bruteforce_ftp_v1__run_002,initial_access,T1110.001,19,1,-0.0,0.9851,0.0035,26795.58,26493.38,0.8774,266,263,0.2228,0.3311,0.3518,0.0256,0.4285,9,6,0,1,1,0,1.0082,100.74,25.54,151.18,6873.5,9846.93,0,0.0527,2.1695,0,1
2026-09-03T22:40:56.879090+00:00,bruteforce_ftp_v1,bruteforce_ftp_v1__run_002,initial_access,T1110.001,14,1,-0.0,1.0,0.0,7999.59,9256.66,0.8379,70,81,0.4506,1.1657,0.3161,0.0452,0.4517,7,4,0,1,1,0,0.8627,114.28,39.71,189.11,8321.19,7896.86,0,0.0,1.07,0,1
2026-09-03T22:41:01.879090+00:00,bruteforce_ftp_v1,bruteforce_ftp_v1__run_002,initial_access,T1110.001,13,1,-0.0,0.9624,0.0463,8175.8,7651.71,0.8888,78,73,0.3911,0.4699,0.2999,0.0181,0.3542,6,4,0,1,1,0,1.0651,104.82,42.06,215.38,8576.76,7103.92,0,0.0168,0.8421,0,0
2026-09-03T22:41:06.879090+00:00,bruteforce_ftp_v1,bruteforce_ftp_v1__run_002,initial_access,T1110.001,16,1,-0.0,1.0,0.0,15252.55,12710.46,0.7731,144,120,0.1547,0.3769,0.2995,0.0224,0.3668,8,5,0,0,1,0,1.1937,105.92,26.78,180.79,7884.88,6004.08,0,0.0145,0.9245,0,1
2026-09-03T22:41:11.879090+00:00,bruteforce_ftp_v1,bruteforce_ftp_v1__run_002,initial_access,T1110.001,19,1,-0.0,1.0,0.0,4168.12,3290.62,0.846,38,30,0.3938,0.7089,0.3206,0.0374,0.4326,9,6,0,2,0,0,1.2282,109.69,41.71,217.27,10476.88,10198.51,0,0.0295,1.2282,0,1
2026-09-03T22:41:16.879090+00:00,bruteforce_ftp_v1,bruteforce_ftp_v1__run_002,initial_access,T1110.001,22,1,-0.0,1.0,0.007,4256.93,3869.94,0.9512,44,40,0.1732,0.266,0.2717,0.0262,0.3503,11,7,0,1,2,0,1.0734,96.75,28.44,181.02,7538.18,8319.29,1,0.0263,0.8535,0,0
2026-09-03T22:41:21.879090+00:00,bruteforce_ftp_v1,bruteforce_ftp_v1__run_002,initial_access,T1110.001,20,1,-0.0,0.9994,0.0136,10421.24,7121.18,0.8577,120,82,0.4239,0.6562,0.2408,0.0127,0.2788,9,6,1,2,1,0,1.4509,86.84,24.91,163.31,9844.03,6204.83,0,0.0525,0.8217,0,0
2026-09-03T22:41:26.879090+00:00,bruteforce_ftp_v1,bruteforce_ftp_v1__run_002,initial_access,T1110.001,18,1,-0.0,0.9899,0.0052,6492.69,11001.5,0.8464,72,122,0.3227,0.4612,0.3539,0.0519,0.5098,8,6,1,1,1,0,0.5897,90.18,15.51,121.44,7332.46,7181.58,0,0.0085,1.0175,0,1
2026-09-03T22:41:31.879090+00:00,bruteforce_ftp_v1,bruteforce_ftp_v1__run_002,initial_access,T1110.001,17,1,-0.0,0.9976,0.0,12538.84,14198.4,0.8065,136,154,0.3039,0.8851,0.3069,0.0252,0.3826,8,5,0,1,1,0,0.8829,92.2,23.48,143.45,7850.58,10134.82,0,0.0259,1.5409,0,0
2026-09-03T22:41:36.879090+00:00,bruteforce_ftp_v1,bruteforce_ftp_v1__run_002,initial_access,T1110.001,21,1,-0.0,1.0,0.0,21470.32,25866.62,0.8138,210,253,0.1726,0.252,0.2522,0.0204,0.3134,10,8,1,1,1,0,0.8279,102.24,23.42,158.26,7678.54,8692.51,0,0.0,0.3059,0,0
2026-09-03T22:41:41.879090+00:00,bruteforce_ftp_v1,bruteforce_ftp_v1__run_002,initial_access,T1110.001,23,1,-0.0,0.9856,0.0049,23023.2,20220.38,0.8614,230,202,0.2962,0.5856,0.2803,0.0216,0.3452,11,7,1,1,2,0,1.1363,100.1,35.1,171.96,6671.96,9148.08,1,0.0426,1.7694,0,1
2026-09-03T22:41:46.879090+00:00,bruteforce_ftp_v1,bruteforce_ftp_v1__run_002,initial_access,T1110.001,18,1,-0.0,0.9312,0.0597,5722.8,4451.07,0.8174,54,42,0.3126,0.572,0.2353,0.0199,0.295,8,6,1,1,1,0,1.2717,105.98,23.9,156.3,7294.54,7112.21,0,0.0,1.8344,0,0
2026-09-03T22:41:51.879090+00:00,bruteforce_ftp_v1,bruteforce_ftp_v1__run_002,initial_access,T1110.001,9,1,-0.0,0.9568,0.0511,2804.75,2493.12,0.809,27,24,0.2956,0.5451,0.2461,0.0307,0.3382,4,3,0,0,0,0,1.0826,103.88,23.34,158.97,9061.79,9031.6,0,0.0754,0.5109,0,0
2026-09-03T22:41:56.879090+00:00,bruteforce_ftp_v1,bruteforce_ftp_v1__run_002,initial_access,T1110.001,24,1,-0.0,1.0,0.0,15266.64,17068.95,0.8972,144,161,0.3845,0.8463,0.3038,0.0322,0.4005,12,7,2,3,2,0,0.8937,106.02,29.94,201.55,9516.77,7654.69,1,0.0,1.1052,0,0
2026-09-03T22:42:01.879090+00:00,bruteforce_ftp_v1,bruteforce_ftp_v1__run_002,initial_access,T1110.001,19,1,-0.0,1.0,0.009,14928.31,17776.48,0.9015,152,181,0.2737,0.6832,0.2741,0.0288,0.3604,10,6,0,0,1,0,0.8375,98.21,30.12,160.63,8265.57,6236.16,0,0.0735,0.484,0,1
2026-09-03T22:42:06.879090+00:00,bruteforce_ftp_v1,bruteforce_ftp_v1__run_002,initial_access,T1110.001,18,1,-0.0,0.9934,0.0,25285.88,21199.27,0.8608,198,166,0.3807,0.889,0.3043,0.0221,0.3707,9,6,0,2,1,0,1.1899,127.71,42.95,218.34,9460.7,7683.12,0,0.0218,0.5506,0,0
2026-09-03T22:42:11.879090+00:00,bruteforce_ftp_v1,bruteforce_ftp_v1__run_002,initial_access,T1110.001,19,1,-0.0,1.0,0.0285,10706.48,8452.49,0.835,114,90,0.3278,0.4145,0.2796,0.0145,0.3232,9,6,1,1,1,0,1.2532,93.92,19.57,122.96,8134.9,6771.72,0,0.0,0.0,0,0
2026-09-03T22:42:16.879090+00:00,bruteforce_ftp_v1,bruteforce_ftp_v1__run_002,initial_access,T1110.001,18,1,-0.0,1.0,0.0,7503.19,5523.18,1.0,72,53,0.2986,0.6936,0.2864,0.036,0.3945,9,6,0,2,1,0,1.3448,104.21,21.7,158.8,7235.32,9561.14,0,0.0536,0.6993,0,0
2026-09-03T22:42:21.879090+00:00,bruteforce_ftp_v1,bruteforce_ftp_v1__run_002,initial_access,T1110.001,13,1,-0.0,0.9874,0.04,5470.21,6101.38,0.7994,52,58,0.403,0.4988,0.3012,0.0163,0.3502,5,4,0,1,0,0,0.8879,105.2,24.06,147.72,8352.78,9433.41,0,0.008,0.0,0,1
2026-09-03T22:42:26.879090+00:00,bruteforce_ftp_v1,bruteforce_ftp_v1__run_002,initial_access,T1110.001,19,1,-0.0,0.9904,0.0219,4886.08,4028.88,0.8933,57,47,0.1881,0.4911,0.2846,0.0288,0.3711,10,6,1,1,1,0,1.206,85.72,17.27,129.81,6669.8,8684.95,0,0.0162,1.299,0,1
2026-09-03T22:42:31.879090+00:00,bruteforce_ftp_v1,bruteforce_ftp_v1__run_002,initial_access,T1110.001,13,1,-0.0,0.977,0.0253,4667.45,4188.73,0.912,39,35,0.2453,0.4626,0.3232,0.0196,0.3818,6,4,0,1,0,0,1.0984,119.68,30.11,183.25,10022.98,8136.05,0,0.021,1.1498,0,1
2026-09-03T22:42:36.879090+00:00,bruteforce_ftp_v1,bruteforce_ftp_v1__run_002,initial_access,T1110.001,22,1,-0.0,0.9982,0.0,16906.69,19020.03,0.8086,176,198,0.365,0.6533,0.2094,0.0228,0.2777,11,9,0,2,1,0,0.8866,96.06,21.33,140.81,9130.9,8107.59,0,0.0,1.3688,0,0
2026-09-03T22:42:41.879090+00:00,bruteforce_ftp_v1,bruteforce_ftp_v1__run_002,initial_access,T1110.001,20,1,-0.0,0.9906,0.0072,9152.25,7138.76,0.7874,100,78,0.396,0.778,0.3203,0.0173,0.372,10,6,0,1,1,0,1.2753,91.52,28.43,150.38,9925.87,10479.87,0,0.0086,1.6078,0,1
2026-09-03T22:42:46.879090+00:00,bruteforce_ftp_v1,bruteforce_ftp_v1__run_002,initial_access,T1110.001,19,1,-0.0,1.0,0.0,9487.3,7589.84,0.9069,95,76,0.2672,0.4241,0.3074,0.0325,0.4048,10,6,0,1,1,0,1.2457,99.87,30.31,175.86,8109.49,8396.11,0,0.0167,0.0,0,1
2026-09-03T22:42:51.879090+00:00,bruteforce_ftp_v1,bruteforce_ftp_v1__run_002,initial_access,T1110.001,19,1,-0.0,0.9562,0.0522,9524.92,12332.26,0.9279,95,123,0.2961,0.7132,0.2912,0.0206,0.3529,9,7,1,2,1,0,0.7703,100.26,20.94,149.58,6188.47,8272.19,0,0.0,1.6986,0,1
2026-09-03T22:42:56.879090+00:00,bruteforce_ftp_v1,bruteforce_ftp_v1__run_002,initial_access,T1110.001,15,1,-0.0,1.0,0.0,7355.91,10200.19,0.8737,75,104,0.2869,0.4846,0.3176,0.0395,0.436,8,4,1,1,1,0,0.7203,98.08,25.39,148.66,10673.45,8809.94,0,0.0,0.9235,0,0
2026-09-03T22:43:01.879090+00:00,bruteforce_ftp_v1,bruteforce_ftp_v1__run_002,initial_access,T1110.001,15,1,-0.0,0.984,0.0,3253.31,2927.98,0.8756,30,27,0.284,0.3666,0.2272,0.0154,0.2735,7,5,0,1,0,0,1.0826,108.44,36.02,164.25,9008.71,9633.79,0,0.0,1.3197,0,0
2026-09-03T22:43:06.879090+00:00,bruteforce_ftp_v1,bruteforce_ftp_v1__run_002,initial_access,T1110.001,19,1,-0.0,1.0,0.0,12024.52,13923.12,0.8135,114,132,0.2042,0.3259,0.3167,0.0266,0.3964,9,5,1,2,1,0,0.8572,105.48,30.66,163.41,8864.05,8224.45,0,0.0465,0.8898,0,1
2026-09-03T22:43:11.879090+00:00,bruteforce_ftp_v1,bruteforce_ftp_v1__run_002,initial_access,T1110.001,20,1,-0.0,0.9897,0.0452,17782.98,20351.63,0.8343,180,206,0.2077,0.6191,0.3425,0.027,0.4234,10,7,1,2,1,0,0.87,98.79,34.08,182.07,7416.95,7613.03,0,0.0,1.0055,0,0
2026-09-03T22:43:16.879090+00:00,bruteforce_ftp_v1,bruteforce_ftp_v1__run_002,initial_access,T1110.001,16,1,-0.0,1.0,0.0,5951.38,5393.44,0.8222,64,58,0.3869,0.9152,0.3019,0.0417,0.427,7,5,1,1,0,0,1.0893,92.99,30.45,172.37,7309.83,7809.39,0,0.0062,1.016,0,0
2026-09-03T22:43:21.879090+00:00,bruteforce_ftp_v1,bruteforce_ftp_v1__run_002,initial_access,T1110.001,20,1,-0.0,1.0,0.0,12924.79,12924.79,0.8372,120,120,0.4538,1.0537,0.2795,0.0194,0.3377,10,6,0,1,1,0,0.9994,107.71,28.34,180.85,9616.01,8103.06,0,0.0585,1.128,0,0
2026-09-03T22:43:26.879090+00:00,bruteforce_ftp_v1,bruteforce_ftp_v1__run_002,initial_access,T1110.001,15,1,-0.0,1.0,0.0,10510.52,8608.62,0.778,105,86,0.2805,0.7535,0.306,0.0459,0.4436,8,5,0,1,0,0,1.2122,100.1,39.11,223.31,8596.06,7216.62,0,0.005,0.6036,0,0
2026-09-03T22:43:31.879090+00:00,bruteforce_ftp_v1,bruteforce_ftp_v1__run_002,initial_access,T1110.001,19,1,-0.0,1.0,0.0,18209.02,15653.37,0.8243,171,147,0.3869,0.7343,0.3453,0.0264,0.4244,8,6,1,1,1,0,1.1582,106.49,26.56,149.08,7000.25,8456.26,0,0.0208,0.2818,0,0
2026-09-03T22:43:36.879090+00:00,bruteforce_ftp_v1,bruteforce_ftp_v1__run_002,initial_access,T1110.001,17,1,-0.0,1.0,0.0,12092.8,9958.78,0.8132,136,112,0.2738,0.5344,0.3279,0.0245,0.4013,8,6,0,1,1,0,1.2111,88.92,23.02,135.76,9031.03,9950.78,0,0.0219,1.4658,0,0
2026-09-03T22:43:41.879090+00:00,bruteforce_ftp_v1,bruteforce_ftp_v1__run_002,initial_access,T1110.001,12,1,-0.0,1.0,0.0306,3603.33,3503.24,0.8453,36,35,0.2873,0.8255,0.2309,0.0164,0.28,6,4,0,1,0,0,1.0249,100.09,35.61,195.19,8438.37,9052.23,0,0.0202,2.3551,0,2
2026-09-03T22:43:46.879090+00:00,bruteforce_ftp_v1,bruteforce_ftp_v1__run_002,initial_access,T1110.001,17,1,-0.0,0.9721,0.0675,6708.04,6609.4,0.8427,68,67,0.1593,0.293,0.2724,0.0182,0.3269,8,5,0,2,1,0,1.0045,98.65,18.78,153.01,9658.14,7006.35,0,0.0,1.1121,0,0
2026-09-03T22:43:51.879090+00:00,bruteforce_ftp_v1,bruteforce_ftp_v1__run_002,initial_access,T1110.001,13,1,-0.0,0.9267,0.1157,5889.61,6342.66,0.8039,52,56,0.1842,0.4789,0.2692,0.0279,0.3527,6,4,0,1,0,0,0.9177,113.26,24.4,154.68,8776.6,7639.33,0,0.0,0.8839,0,0
2026-09-03T22:43:56.879090+00:00,bruteforce_ftp_v1,bruteforce_ftp_v1__run_002,initial_access,T1110.001,15,1,-0.0,0.9595,0.0431,10378.79,11466.09,0.917,105,116,0.3661,1.037,0.3197,0.0298,0.4091,7,5,0,1,1,0,0.9014,98.85,24.8,143.02,8435.09,9223.04,0,0.0005,0.3999,0,0
2026-09-03T22:44:01.879090+00:00,bruteforce_ftp_v1,bruteforce_ftp_v1__run_002,initial_access,T1110.001,17,1,-0.0,0.9399,0.0746,18143.6,18890.69,0.887,170,177,0.2922,0.747,0.2856,0.0175,0.3381,8,5,0,1,1,0,0.9584,106.73,30.74,169.7,9836.2,7223.99,0,0.0715,1.9588,0,0
2026-09-03T22:44:06.879090+00:00,bruteforce_ftp_v1,bruteforce_ftp_v1__run_002,initial_access,T1110.001,30,1,-0.0,0.9957,0.0,17753.97,20910.23,0.8556,180,212,0.3363,0.758,0.2198,0.0153,0.2656,14,10,0,3,2,0,0.8464,98.63,37.52,199.44,8556.17,8718.81,1,0.0366,1.0202,0,0
2026-09-03T22:44:11.879090+00:00,bruteforce_ftp_v1,bruteforce_ftp_v1__run_002,initial_access,T1110.001,10,1,-0.0,0.9977,0.0282,4907.23,3435.06,0.8013,50,35,0.2896,0.6086,0.2482,0.0243,0.3211,4,3,0,0,0,0,1.3901,98.14,25.69,169.27,8171.7,8118.04,0,0.0009,0.8767,0,0
2026-09-03T22:44:16.879090+00:00,bruteforce_ftp_v1,bruteforce_ftp_v1__run_002,initial_access,T1110.001,19,1,-0.0,1.0,0.0,10322.68,10757.32,0.7892,95,99,0.3637,0.7455,0.2708,0.0205,0.3325,10,6,0,2,1,0,0.9519,108.66,24.2,159.29,7531.16,9167.38,0,0.0456,0.5333,0,1
2026-09-03T22:44:21.879090+00:00,bruteforce_ftp_v1,bruteforce_ftp_v1__run_002,initial_access,T1110.001,15,1,-0.0,0.9505,0.0482,6787.52,5158.52,0.8904,75,57,0.3796,0.5809,0.2632,0.0268,0.3435,8,5,0,1,1,0,1.2937,90.5,33.13,160.55,8225.38,7810.74,0,0.0144,1.1971,0,1
2026-09-03T22:44:26.879090+00:00,bruteforce_ftp_v1,bruteforce_ftp_v1__run_002,initial_access,T1110.001,24,1,-0.0,0.9971,0.0346,14917.19,12223.81,0.8575,144,118,0.2176,0.5841,0.2539,0.0285,0.3395,11,8,1,2,2,0,1.2129,103.59,30.95,206.76,7138.61,7991.78,1,0.0,0.9186,0,0
2026-09-03T22:44:31.879090+00:00,bruteforce_ftp_v1,bruteforce_ftp_v1__run_002,initial_access,T1110.001,20,1,-0.0,0.9948,0.0006,4004.74,4605.45,0.7754,40,46,0.3075,0.6489,0.2503,0.016,0.2982,10,7,1,2,1,0,0.8606,100.12,28.88,177.04,9243.54,9342.86,0,0.0,0.2012,0,1
2026-09-03T22:44:36.879090+00:00,bruteforce_ftp_v1,bruteforce_ftp_v1__run_002,initial_access,T1110.001,22,1,-0.0,1.0,0.0207,14021.87,13065.83,0.8318,132,123,0.3687,0.9566,0.2925,0.0372,0.404,11,7,0,2,1,0,1.0672,106.23,48.15,242.01,8881.07,7227.19,0,0.009,0.2339,0,1
2026-09-03T22:44:41.879090+00:00,bruteforce_ftp_v1,bruteforce_ftp_v1__run_002,initial_access,T1110.001,27,1,-0.0,0.9787,0.0,10384.26,9615.06,0.7299,108,100,0.1695,0.226,0.2972,0.0364,0.4064,13,9,0,3,1,0,1.0758,96.15,28.67,189.32,10063.96,7970.79,0,0.0,0.2681,0,0
2026-09-03T22:44:46.879090+00:00,bruteforce_ftp_v1,bruteforce_ftp_v1__run_002,initial_access,T1110.001,17,1,-0.0,1.0,0.0168,9872.24,8710.8,0.8031,85,75,0.2131,0.3967,0.2563,0.0334,0.3564,8,5,1,1,1,0,1.1313,116.14,38.64,204.64,7422.23,8388.76,0,0.0248,0.9011,0,0
2026-09-03T22:44:51.879090+00:00,bruteforce_ftp_v1,bruteforce_ftp_v1__run_002,initial_access,T1110.001,12,1,-0.0,0.978,0.0335,7766.78,8629.76,0.8173,72,80,0.2874,0.4214,0.2562,0.0301,0.3464,5,4,0,1,0,0,0.8929,107.87,24.91,159.69,9725.3,7504.74,0,0.0,1.4522,0,0
2026-09-03T22:44:56.879090+00:00,bruteforce_ftp_v1,bruteforce_ftp_v1__run_002,initial_access,T1110.001,23,1,-0.0,1.0,0.0,22309.65,25758.49,0.7918,207,239,0.2386,0.52,0.2868,0.0175,0.3394,11,8,1,1,1,0,0.8632,107.78,30.99,180.88,8937.89,7588.24,0,0.018,0.9939,0,1
2026-09-03T22:45:01.879090+00:00,bruteforce_ftp_v1,bruteforce_ftp_v1__run_002,initial_access,T1110.001,19,1,-0.0,0.9463,0.0393,10534.84,12105.82,0.8093,114,131,0.1736,0.4102,0.3309,0.044,0.463,9,6,0,1,1,0,0.8671,92.41,29.32,146.08,9711.21,8507.01,0,0.0,0.5179,0,1
2026-09-03T22:45:06.879090+00:00,bruteforce_ftp_v1,bruteforce_ftp_v1__run_002,initial_access,T1110.001,11,1,-0.0,0.9659,0.0605,10472.27,10789.61,0.9341,99,102,0.2396,0.5539,0.3453,0.0321,0.4417,5,3,0,1,0,0,0.962,105.78,24.61,153.09,7117.55,8125.28,0,0.0125,1.7164,0,1
2026-09-03T22:45:11.879090+00:00,bruteforce_ftp_v1,bruteforce_ftp_v1__run_002,initial_access,T1110.001,16,1,-0.0,1.0,0.0193,13233.67,12498.47,0.8297,144,136,0.2043,0.4005,0.3045,0.0286,0.3905,7,5,0,1,1,0,1.0577,91.9,22.1,148.06,8470.67,8377.0,0,0.0,0.9491,0,0
2026-09-03T22:45:16.879090+00:00,bruteforce_ftp_v1,bruteforce_ftp_v1__run_002,initial_access,T1110.001,17,1,-0.0,0.9958,0.005,10946.94,11268.9,0.8338,102,105,0.2735,0.3321,0.3342,0.0242,0.4066,9,5,1,1,1,0,0.9669,107.32,27.2,155.95,7327.36,7750.86,0,0.0934,0.9276,0,0
2026-09-03T22:45:21.879090+00:00,bruteforce_ftp_v1,bruteforce_ftp_v1__run_002,initial_access,T1110.001,16,1,-0.0,1.0,0.0145,8009.52,7408.81,0.814,80,74,0.3107,0.6469,0.2804,0.0337,0.3814,7,5,0,1,1,0,1.0747,100.12,31.15,182.45,8753.77,7760.69,0,0.0,0.7653,0,1
2026-09-03T22:45:26.879090+00:00,bruteforce_ftp_v1,bruteforce_ftp_v1__run_002,initial_access,T1110.001,17,1,-0.0,1.0,0.0,12631.75,9447.28,0.8107,119,89,0.3438,0.7618,0.2499,0.0182,0.3045,8,5,1,1,1,0,1.3362,106.15,36.03,200.8,7237.47,8975.96,0,0.0082,0.7804,0,0
2026-09-03T22:45:31.879090+00:00,bruteforce_ftp_v1,bruteforce_ftp_v1__run_002,initial_access,T1110.001,22,1,-0.0,1.0,0.0,18022.58,14979.81,0.8551,154,128,0.2801,0.6477,0.2893,0.0409,0.4119,10,7,1,2,1,0,1.1957,117.03,32.34,183.73,9692.19,7993.98,0,0.0293,0.3507,0,0
2026-09-03T22:45:36.879090+00:00,bruteforce_ftp_v1,bruteforce_ftp_v1__run_002,initial_access,T1110.001,21,1,-0.0,0.9928,0.0,10171.43,10752.65,0.8814,105,111,0.283,0.6624,0.2397,0.0234,0.31,10,7,1,3,1,0,0.9396,96.87,22.95,145.3,9536.36,10869.78,0,0.0188,1.3144,0,0
2026-09-03T22:45:41.879090+00:00,bruteforce_ftp_v1,bruteforce_ftp_v1__run_002,initial_access,T1110.001,19,1,-0.0,1.0,0.0077,11443.29,9034.18,0.8553,114,90,0.1505,0.1932,0.3003,0.019,0.3572,9,6,0,2,2,0,1.2604,100.38,27.1,139.49,8234.45,6913.87,1,0.0482,0.0,0,0
2026-09-03T22:45:46.879090+00:00,bruteforce_ftp_v1,bruteforce_ftp_v1__run_002,initial_access,T1110.001,18,1,-0.0,1.0,0.0,11807.39,13587.87,0.9064,126,145,0.1435,0.2902,0.2143,0.0152,0.26,9,6,0,2,1,0,0.8662,93.71,26.66,166.42,10007.69,5823.56,0,0.0678,0.5105,0,0
2026-09-03T22:45:51.879090+00:00,bruteforce_ftp_v1,bruteforce_ftp_v1__run_002,initial_access,T1110.001,17,1,-0.0,1.0,0.0226,6383.91,3943.0,0.8733,68,42,0.3671,0.9302,0.258,0.0248,0.3324,8,6,1,1,1,0,1.5844,93.88,16.78,125.56,5327.8,8485.21,0,0.0,0.9891,0,0
2026-09-03T22:45:56.879090+00:00,bruteforce_ftp_v1,bruteforce_ftp_v1__run_002,initial_access,T1110.001,23,1,-0.0,1.0,0.0,25988.45,29583.69,0.7913,253,288,0.1823,0.5114,0.3379,0.0478,0.4813,11,7,1,1,2,0,0.8776,102.72,41.48,208.13,10825.87,5657.0,1,0.0068,0.5357,0,0
2026-09-03T22:46:01.879090+00:00,bruteforce_ftp_v1,bruteforce_ftp_v1__run_002,initial_access,T1110.001,20,1,-0.0,1.0,0.0006,12072.76,12978.22,0.8184,120,129,0.3656,0.9847,0.3006,0.0272,0.3822,10,6,1,1,1,0,0.9291,100.61,29.33,190.65,9219.8,8900.49,0,0.0644,0.9852,0,0
2026-09-03T22:46:06.879090+00:00,bruteforce_ftp_v1,bruteforce_ftp_v1__run_002,initial_access,T1110.001,18,1,-0.0,0.9893,0.0189,3784.21,2627.92,0.8099,36,25,0.2568,0.7428,0.3395,0.0301,0.4297,9,6,0,1,1,0,1.4354,105.12,23.28,150.23,8609.16,8684.35,0,0.0,0.6848,0,2
2026-09-03T22:46:11.879090+00:00,bruteforce_ftp_v1,bruteforce_ftp_v1__run_002,initial_access,T1110.001,19,1,-0.0,1.0,0.0417,11007.05,8013.91,0.7826,114,83,0.1451,0.2284,0.2276,0.0138,0.269,9,7,1,1,1,0,1.3654,96.55,33.12,191.32,7878.49,7221.66,0,0.0,0.5893,0,1
2026-09-03T22:46:16.879090+00:00,bruteforce_ftp_v1,bruteforce_ftp_v1__run_002,initial_access,T1110.001,13,1,-0.0,1.0,0.0,3356.39,2495.78,0.8565,39,29,0.1847,0.4389,0.3117,0.0467,0.4518,6,4,0,1,1,0,1.3415,86.06,19.58,113.76,8470.56,7900.25,0,0.0193,0.4288,0,0
2026-09-03T22:46:21.879090+00:00,bruteforce_ftp_v1,bruteforce_ftp_v1__run_002,initial_access,T1110.001,13,1,-0.0,0.9924,0.0,5041.89,3975.33,0.8798,52,41,0.1875,0.2333,0.2978,0.0285,0.3833,6,4,0,1,1,0,1.2512,96.96,23.01,150.91,4603.06,10113.89,0,0.0321,1.2695,0,0
2026-09-03T22:46:26.879090+00:00,bruteforce_ftp_v1,bruteforce_ftp_v1__run_002,initial_access,T1110.001,13,1,-0.0,0.9879,0.0389,9196.23,7680.36,0.8205,91,76,0.2334,0.5181,0.3161,0.0302,0.4065,6,4,0,1,0,0,1.1953,101.06,38.36,165.0,7911.15,6938.83,0,0.062,0.448,0,0
2026-09-03T22:46:31.879090+00:00,bruteforce_ftp_v1,bruteforce_ftp_v1__run_002,initial_access,T1110.001,13,1,-0.0,0.9992,0.0088,14979.78,21055.5,0.7966,143,201,0.1714,0.3275,0.3782,0.0275,0.4608,6,4,0,1,0,0,0.7096,104.75,28.96,157.71,6042.05,8528.64,0,0.004,0.5956,0,1
2026-09-03T22:46:36.879090+00:00,bruteforce_ftp_v1,bruteforce_ftp_v1__run_002,initial_access,T1110.001,18,1,-0.0,1.0,0.0,8493.5,17081.38,0.8216,90,181,0.338,0.8511,0.2602,0.0271,0.3414,8,6,0,1,1,0,0.4948,94.37,32.58,166.86,8432.74,8173.34,0,0.0,1.0554,0,0
2026-09-03T22:46:41.879090+00:00,bruteforce_ftp_v1,bruteforce_ftp_v1__run_002,initial_access,T1110.001,10,1,-0.0,1.0,0.0,4537.23,4990.96,0.8514,50,55,0.2705,0.3622,0.3014,0.0187,0.3575,4,3,0,1,0,0,0.901,90.74,24.39,143.8,7539.54,8705.51,0,0.0549,1.3033,0,0
2026-09-03T22:46:46.879090+00:00,bruteforce_ftp_v1,bruteforce_ftp_v1__run_002,initial_access,T1110.001,16,1,-0.0,0.9843,0.0263,10387.03,8547.66,0.8985,96,79,0.2334,0.6847,0.2673,0.0385,0.3829,7,5,0,1,0,0,1.2097,108.2,19.12,146.71,9619.78,8322.21,0,0.0,0.8322,0,0
2026-09-03T22:46:51.879090+00:00,bruteforce_ftp_v1,bruteforce_ftp_v1__run_002,initial_access,T1110.001,17,1,-0.0,1.0,0.0065,4935.1,4741.56,0.8968,51,49,0.423,0.7051,0.251,0.0275,0.3336,8,5,0,1,1,0,1.04,96.77,35.78,204.89,8508.86,8727.93,0,0.033,1.1554,0,2
2026-09-03T22:46:56.879090+00:00,bruteforce_ftp_v1,bruteforce_ftp_v1__run_002,initial_access,T1110.001,17,1,-0.0,1.0,0.005,8692.76,7670.09,0.8812,85,75,0.1562,0.461,0.2826,0.0403,0.4036,8,5,0,2,1,0,1.1185,102.27,30.54,184.81,5809.96,7695.27,0,0.0,0.07,0,2
2026-09-03T22:47:01.879090+00:00,bruteforce_ftp_v1,bruteforce_ftp_v1__run_002,initial_access,T1110.001,9,1,-0.0,1.0,0.0185,3794.85,3478.61,0.9503,36,33,0.3165,0.6709,0.2849,0.0183,0.3399,4,3,0,1,0,0,1.0749,105.41,29.25,161.74,7403.92,9017.98,0,0.0101,1.0085,0,1
2026-09-03T22:47:06.879090+00:00,bruteforce_ftp_v1,bruteforce_ftp_v1__run_002,initial_access,T1110.001,17,1,-0.0,0.9437,0.0551,9074.77,7473.34,0.9944,85,70,0.3476,0.8535,0.3276,0.0353,0.4335,8,5,1,1,1,0,1.2003,106.76,35.92,208.47,8539.24,8432.12,0,0.0119,0.8688,0,1
2026-09-03T22:47:11.879090+00:00,bruteforce_ftp_v1,bruteforce_ftp_v1__run_002,initial_access,T1110.001,10,1,-0.0,0.9778,0.0338,3429.74,3544.06,0.8799,30,31,0.4211,0.7152,0.3409,0.0445,0.4743,4,3,0,0,0,0,0.9465,114.32,27.17,174.29,8895.48,8883.0,0,0.0402,1.3339,0,0
2026-09-03T22:47:16.879090+00:00,bruteforce_ftp_v1,bruteforce_ftp_v1__run_002,initial_access,T1110.001,16,1,-0.0,1.0,0.0,4292.59,2861.73,0.7926,48,32,0.3247,0.8175,0.3343,0.0422,0.461,8,5,0,1,1,0,1.4867,89.43,20.87,130.82,8663.06,8299.64,0,0.1042,0.7549,0,1
2026-09-03T22:47:21.879090+00:00,bruteforce_ftp_v1,bruteforce_ftp_v1__run_002,initial_access,T1110.001,10,1,-0.0,1.0,0.0,3996.65,3197.32,0.8465,40,32,0.29,0.7792,0.321,0.0409,0.4436,5,3,0,1,0,0,1.2372,99.92,17.23,125.05,9493.5,7004.99,0,0.0618,1.7912,0,0
2026-09-03T22:47:26.879090+00:00,bruteforce_ftp_v1,bruteforce_ftp_v1__run_002,initial_access,T1110.001,9,1,-0.0,0.9842,0.0233,8314.53,7044.26,0.8422,72,61,0.3667,1.0359,0.2723,0.0249,0.3469,4,3,0,0,0,0,1.1737,115.48,30.12,165.93,7897.9,8959.85,0,0.0522,0.9901,0,0
2026-09-03T22:47:31.879090+00:00,bruteforce_ftp_v1,bruteforce_ftp_v1__run_002,initial_access,T1110.001,18,1,-0.0,1.0,0.0007,15348.33,12790.28,0.909,162,135,0.2554,0.5565,0.3089,0.0234,0.3789,8,6,1,2,0,0,1.194,94.74,43.1,229.83,9332.09,7457.11,0,0.0,1.5834,0,0
2026-09-03T22:47:36.879090+00:00,bruteforce_ftp_v1,bruteforce_ftp_v1__run_002,initial_access,T1110.001,21,1,-0.0,0.9913,0.0195,8067.36,5474.28,0.9201,84,57,0.2706,0.6643,0.3103,0.0458,0.4476,10,8,0,2,1,0,1.4483,96.04,27.47,170.78,8918.99,8602.26,0,0.0,0.8522,0,1
2026-09-03T22:47:41.879090+00:00,bruteforce_ftp_v1,bruteforce_ftp_v1__run_002,initial_access,T1110.001,18,1,-0.0,0.9672,0.0206,13054.83,11604.3,0.8706,126,112,0.1592,0.352,0.265,0.0374,0.3771,9,6,0,1,1,0,1.12,103.61,24.33,146.68,8089.49,7819.19,0,0.0,1.0274,0,0
2026-09-03T22:47:46.879090+00:00,bruteforce_ftp_v1,bruteforce_ftp_v1__run_002,initial_access,T1110.001,28,1,-0.0,0.991,0.0174,15992.2,12755.68,0.8591,168,134,0.4364,1.1828,0.2764,0.0296,0.3652,14,8,0,2,2,0,1.2484,95.19,22.58,153.45,8661.54,7334.49,1,0.0,0.9549,0,1
2026-09-03T22:47:51.879090+00:00,bruteforce_ftp_v1,bruteforce_ftp_v1__run_002,initial_access,T1110.001,14,1,-0.0,0.9662,0.0196,12709.35,9481.58,0.8969,126,94,0.295,0.6429,0.2524,0.0355,0.3589,7,5,1,1,0,0,1.3265,100.87,30.03,161.23,7597.77,8057.61,0,0.0374,0.6616,0,0
2026-09-03T22:47:56.879090+00:00,bruteforce_ftp_v1,bruteforce_ftp_v1__run_002,initial_access,T1110.001,14,1,-0.0,1.0,0.0098,4290.91,2860.61,0.856,42,28,0.2032,0.4197,0.273,0.017,0.3241,6,5,0,1,1,0,1.457,102.16,22.95,135.84,7012.68,8009.43,0,0.0034,1.4942,0,1
2026-09-03T22:48:01.879090+00:00,bruteforce_ftp_v1,bruteforce_ftp_v1__run_002,initial_access,T1110.001,15,1,-0.0,0.9411,0.0846,6130.88,6743.97,0.8347,60,66,0.1559,0.3426,0.2954,0.035,0.4003,7,4,1,1,1,0,0.8974,102.18,24.9,130.92,8923.56,7129.55,0,0.0144,1.3244,0,0
2026-09-03T22:48:06.879090+00:00,bruteforce_ftp_v1,bruteforce_ftp_v1__run_002,initial_access,T1110.001,22,1,-0.0,0.948,0.0469,16253.8,12375.05,0.8951,176,134,0.2109,0.387,0.2751,0.0399,0.3947,10,7,2,2,2,0,1.3087,92.35,29.6,153.32,10309.07,9163.46,1,0.0269,0.895,0,0
2026-09-03T22:48:11.879090+00:00,bruteforce_ftp_v1,bruteforce_ftp_v1__run_002,initial_access,T1110.001,11,1,-0.0,0.981,0.027,6250.81,6819.07,0.8408,66,72,0.1777,0.3088,0.2549,0.0181,0.3091,5,3,0,0,0,0,0.9101,94.71,26.09,152.38,6468.93,7731.43,0,0.0,1.2536,0,0
2026-09-03T22:48:16.879090+00:00,bruteforce_ftp_v1,bruteforce_ftp_v1__run_002,initial_access,T1110.001,15,1,-0.0,1.0,0.0354,8758.89,7493.72,0.7964,90,77,0.2049,0.3174,0.3224,0.0345,0.4258,6,5,0,1,1,0,1.1635,97.32,22.87,154.05,8090.55,7904.51,0,0.0611,1.6063,0,0
2026-09-03T22:48:21.879090+00:00,bruteforce_ftp_v1,bruteforce_ftp_v1__run_002,initial_access,T1110.001,19,1,-0.0,1.0,0.0,4224.54,3446.34,0.8245,38,31,0.3927,0.753,0.2848,0.0336,0.3856,8,6,0,1,1,0,1.21,111.17,32.5,187.24,7872.29,8539.11,0,0.0,0.7055,0,1
2026-09-03T22:48:26.879090+00:00,bruteforce_ftp_v1,bruteforce_ftp_v1__run_002,initial_access,T1110.001,11,1,-0.0,0.9715,0.0248,4603.94,4269.11,0.9017,55,51,0.4318,0.8959,0.3759,0.0328,0.4743,5,4,0,1,0,0,1.0639,83.71,18.19,119.81,7159.49,8606.99,0,0.0025,0.607,0,0
2026-09-03T22:48:31.879090+00:00,bruteforce_ftp_v1,bruteforce_ftp_v1__run_002,initial_access,T1110.001,23,1,-0.0,0.9952,0.0259,17376.44,25471.06,0.9329,161,236,0.2467,0.5598,0.3218,0.024,0.3938,11,8,1,2,2,0,0.6811,107.93,33.39,179.74,5535.62,7478.48,1,0.0269,0.7759,0,0
2026-09-03T22:48:36.879090+00:00,bruteforce_ftp_v1,bruteforce_ftp_v1__run_002,initial_access,T1110.001,17,1,-0.0,0.9837,0.0,14461.91,16588.66,0.8963,136,156,0.3613,0.9651,0.2628,0.0315,0.3574,8,6,1,1,1,0,0.8669,106.34,39.15,200.01,6590.75,9522.32,0,0.0252,0.3939,0,0
2026-09-03T22:48:41.879090+00:00,bruteforce_ftp_v1,bruteforce_ftp_v1__run_002,initial_access,T1110.001,20,1,-0.0,0.9992,0.0,15647.54,14865.16,0.8263,140,133,0.4292,0.6115,0.2888,0.023,0.3579,10,7,0,2,1,0,1.0479,111.77,50.82,283.78,7622.94,8193.24,0,0.0026,1.2166,0,0
2026-09-03T22:48:46.879090+00:00,bruteforce_ftp_v1,bruteforce_ftp_v1__run_002,initial_access,T1110.001,23,1,-0.0,0.9742,0.0338,13367.78,14045.85,0.7787,138,145,0.3288,0.6489,0.2974,0.0225,0.365,11,8,1,1,1,0,0.9458,96.87,28.15,146.71,6119.25,8221.63,0,0.0,1.0558,0,2
2026-09-03T22:48:51.879090+00:00,bruteforce_ftp_v1,bruteforce_ftp_v1__run_002,initial_access,T1110.001,19,1,-0.0,1.0,0.0,11640.03,12252.66,0.8167,114,120,0.1844,0.4885,0.2418,0.0278,0.3251,9,6,1,2,1,0,0.944,102.11,22.54,155.07,10079.27,8278.81,0,0.0109,0.9862,0,0
2026-09-03T22:48:56.879090+00:00,bruteforce_ftp_v1,bruteforce_ftp_v1__run_002,initial_access,T1110.001,14,1,-0.0,0.9506,0.0559,8007.45,8960.71,0.8626,84,94,0.17,0.4401,0.2585,0.0215,0.323,7,4,0,1,1,0,0.8931,95.33,23.96,131.89,9460.28,11181.35,0,0.0885,1.6043,0,0
2026-09-03T22:49:01.879090+00:00,bruteforce_ftp_v1,bruteforce_ftp_v1__run_002,initial_access,T1110.001,17,1,-0.0,1.0,0.0,12150.56,10925.29,0.9812,119,107,0.3036,0.3726,0.3023,0.0398,0.4216,8,5,0,1,1,0,1.1099,102.11,26.81,165.4,8381.41,7695.62,0,0.0026,0.636,0,0
2026-09-03T22:49:06.879090+00:00,bruteforce_ftp_v1,bruteforce_ftp_v1__run_002,initial_access,T1110.001,24,1,-0.0,0.9734,0.0133,12075.51,26918.32,0.8835,144,321,0.3202,0.6406,0.2939,0.026,0.372,12,8,1,2,2,0,0.4477,83.86,22.12,151.36,9123.02,8908.35,1,0.0333,1.7188,0,0
2026-09-03T22:49:11.879090+00:00,bruteforce_ftp_v1,bruteforce_ftp_v1__run_002,initial_access,T1110.001,23,1,-0.0,1.0,0.0,12407.02,8199.42,0.9067,115,76,0.2118,0.4547,0.2359,0.0224,0.3031,11,7,1,1,1,0,1.5017,107.89,28.78,154.54,8080.61,8600.68,0,0.0,0.76,0,0
2026-09-03T22:49:16.879090+00:00,bruteforce_ftp_v1,bruteforce_ftp_v1__run_002,initial_access,T1110.001,18,1,-0.0,1.0,0.0,5035.84,3263.97,0.8935,54,35,0.2012,0.2541,0.3016,0.0223,0.3686,9,6,0,0,0,0,1.5021,93.26,18.88,123.89,7714.18,7391.43,0,0.0,0.0,0,0
2026-09-03T22:49:21.879090+00:00,bruteforce_ftp_v1,bruteforce_ftp_v1__run_002,initial_access,T1110.001,24,1,-0.0,0.9686,0.021,7017.36,5847.8,0.7366,72,60,0.3353,0.8687,0.2548,0.0329,0.3534,11,7,1,3,1,0,1.1853,97.46,25.71,164.11,7562.3,8673.11,0,0.0,0.0886,0,0
2026-09-03T22:49:26.879090+00:00,bruteforce_ftp_v1,bruteforce_ftp_v1__run_002,initial_access,T1110.001,13,1,-0.0,1.0,0.0018,6150.07,5992.38,0.9277,78,76,0.1716,0.4242,0.3094,0.0174,0.3615,6,4,0,1,1,0,1.0197,78.85,16.22,106.32,9606.97,7615.96,0,0.0,1.0492,0,1
2026-09-03T22:49:31.879090+00:00,bruteforce_ftp_v1,bruteforce_ftp_v1__run_002,initial_access,T1110.001,22,1,-0.0,1.0,0.004,8704.95,7418.99,0.7666,88,75,0.2282,0.6105,0.2832,0.0401,0.4036,11,7,1,2,1,0,1.1651,98.92,32.78,172.41,9301.94,7797.76,0,0.0394,0.7658,0,0
2026-09-03T22:49:36.879090+00:00,bruteforce_ftp_v1,bruteforce_ftp_v1__run_002,initial_access,T1110.001,22,1,-0.0,0.9881,0.0107,9666.99,13006.5,0.8191,110,148,0.3926,1.0893,0.3154,0.0241,0.3877,10,6,0,1,1,0,0.7422,87.88,21.01,137.47,8107.41,8822.16,0,0.0608,0.8615,0,0
2026-09-03T22:49:41.879090+00:00,bruteforce_ftp_v1,bruteforce_ftp_v1__run_002,initial_access,T1110.001,17,1,-0.0,0.9763,0.0221,11992.31,12345.03,0.8535,136,140,0.3651,0.8145,0.3228,0.0207,0.385,8,6,0,1,1,0,0.9682,88.18,25.48,152.33,7920.79,7645.27,0,0.0,0.8951,0,0
2026-09-03T22:49:46.879090+00:00,bruteforce_ftp_v1,bruteforce_ftp_v1__run_002,initial_access,T1110.001,16,1,-0.0,1.0,0.0,13157.76,19017.07,0.8959,128,185,0.2734,0.4657,0.2918,0.0244,0.365,7,5,1,1,1,0,0.6898,102.79,39.84,216.69,8419.6,6970.99,0,0.0074,0.3238,0,0
2026-09-03T22:49:51.879090+00:00,bruteforce_ftp_v1,bruteforce_ftp_v1__run_002,initial_access,T1110.001,19,1,-0.0,0.9974,0.0031,13047.6,20110.96,0.9209,133,205,0.3897,0.8651,0.234,0.0224,0.3011,9,6,0,1,1,0,0.646,98.1,22.88,136.56,9438.2,5640.33,0,0.0248,1.0317,0,1
2026-09-03T22:49:56.879090+00:00,bruteforce_ftp_v1,bruteforce_ftp_v1__run_002,initial_access,T1110.001,9,1,-0.0,0.9898,0.0642,10030.65,9625.37,0.8411,99,95,0.406,0.5562,0.3559,0.0212,0.4196,4,3,0,0,0,0,1.0398,101.32,18.78,127.97,8775.07,7987.51,0,0.0251,1.5656,0,0
2026-09-03T22:50:01.879090+00:00,bruteforce_ftp_v1,bruteforce_ftp_v1__run_002,initial_access,T1110.001,14,1,-0.0,1.0,0.0018,10368.75,8252.68,0.8919,98,78,0.342,0.9274,0.204,0.0141,0.2462,7,4,0,1,1,0,1.2407,105.8,36.5,162.34,7523.33,8520.79,0,0.0364,0.9511,0,0
2026-09-03T22:50:06.879090+00:00,bruteforce_ftp_v1,bruteforce_ftp_v1__run_002,initial_access,T1110.001,17,1,-0.0,0.9932,0.0,12419.16,14976.05,0.7757,136,164,0.3078,0.6812,0.3267,0.0207,0.3889,8,6,0,1,1,0,0.8246,91.32,27.19,134.14,7075.04,8424.44,0,0.0,0.3476,0,1
2026-09-03T22:50:11.879090+00:00,bruteforce_ftp_v1,bruteforce_ftp_v1__run_002,initial_access,T1110.001,14,1,-0.0,0.9791,0.0595,8736.03,6774.88,0.8808,98,76,0.209,0.5545,0.2652,0.0182,0.3198,7,5,0,1,1,0,1.2815,89.14,24.92,133.34,8404.35,7333.08,0,0.0201,1.6521,0,1
2026-09-03T22:50:16.879090+00:00,bruteforce_ftp_v1,bruteforce_ftp_v1__run_002,initial_access,T1110.001,21,1,-0.0,0.9821,0.0425,4056.33,5311.86,0.8034,42,55,0.2379,0.7073,0.3471,0.0367,0.4571,11,7,1,2,1,0,0.7602,96.58,28.1,151.67,7767.41,7389.79,0,0.0,0.8518,0,2
2026-09-03T22:50:21.879090+00:00,bruteforce_ftp_v1,bruteforce_ftp_v1__run_002,initial_access,T1110.001,16,1,-0.0,0.9985,0.0,10012.38,7151.7,0.8073,112,80,0.308,0.7628,0.2784,0.0334,0.3786,8,5,0,1,1,0,1.3904,89.4,27.48,156.32,10095.27,9257.49,0,0.0535,1.457,0,1
2026-09-03T22:50:26.879090+00:00,bruteforce_ftp_v1,bruteforce_ftp_v1__run_002,initial_access,T1110.001,18,1,-0.0,0.9813,0.0,13297.85,11609.24,0.8336,126,110,0.4104,0.718,0.2804,0.0407,0.4025,8,5,1,1,1,0,1.1447,105.54,29.04,177.47,9531.31,9239.68,0,0.0174,0.5673,0,1
2026-09-03T22:50:31.879090+00:00,bruteforce_ftp_v1,bruteforce_ftp_v1__run_002,initial_access,T1110.001,21,1,-0.0,1.0,0.0186,16023.59,16882.0,0.8402,168,177,0.3107,0.8039,0.2623,0.0154,0.3085,10,7,1,2,1,0,0.9456,95.38,23.12,166.21,9418.93,5620.04,0,0.0243,0.4164,0,0
2026-09-03T22:50:36.879090+00:00,bruteforce_ftp_v1,bruteforce_ftp_v1__run_002,initial_access,T1110.001,12,1,-0.0,0.9871,0.0146,5631.47,5396.82,0.8854,48,46,0.247,0.6631,0.2623,0.0308,0.3546,6,4,0,1,1,0,1.032,117.32,35.22,206.41,7515.62,8307.12,0,0.0038,1.9299,0,0
2026-09-03T22:50:41.879090+00:00,bruteforce_ftp_v1,bruteforce_ftp_v1__run_002,initial_access,T1110.001,14,1,-0.0,1.0,0.0038,5307.28,4075.23,0.7768,56,43,0.2953,0.5248,0.2688,0.021,0.3317,7,4,0,1,0,0,1.2925,94.77,20.34,131.28,10320.51,8544.38,0,0.0252,1.3497,0,0
2026-09-03T22:50:46.879090+00:00,bruteforce_ftp_v1,bruteforce_ftp_v1__run_002,initial_access,T1110.001,21,1,-0.0,0.9854,0.0079,8485.81,9799.09,0.8619,84,97,0.2767,0.7606,0.2265,0.0172,0.2782,10,7,1,2,1,0,0.8608,101.02,26.48,150.55,6912.59,7102.19,0,0.0,1.0856,0,1
2026-09-03T22:50:51.879090+00:00,bruteforce_ftp_v1,bruteforce_ftp_v1__run_002,initial_access,T1110.001,17,1,-0.0,0.9742,0.0389,9241.4,7936.74,0.8477,85,73,0.4023,0.5706,0.251,0.0348,0.3553,8,5,0,1,1,0,1.1612,108.72,34.68,189.99,9127.62,9038.99,0,0.0538,0.9399,0,2
2026-09-03T22:50:56.879090+00:00,bruteforce_ftp_v1,bruteforce_ftp_v1__run_002,initial_access,T1110.001,14,1,-0.0,1.0,0.0,11579.16,9718.22,0.8486,112,94,0.4049,0.8451,0.2576,0.0225,0.325,6,5,0,1,0,0,1.1794,103.39,41.64,207.37,7980.87,7232.78,0,0.02,0.5393,0,1
2026-09-03T22:51:01.879090+00:00,bruteforce_ftp_v1,bruteforce_ftp_v1__run_002,initial_access,T1110.001,16,1,-0.0,0.9748,0.0334,12002.59,11359.6,0.8381,112,106,0.4274,0.7929,0.2802,0.0311,0.3734,7,5,1,2,1,0,1.0485,107.17,40.08,199.84,6865.51,6538.27,0,0.0272,0.985,0,1
2026-09-03T22:51:06.879090+00:00,bruteforce_ftp_v1,bruteforce_ftp_v1__run_002,initial_access,T1110.001,20,1,-0.0,0.9865,0.0441,10882.68,9141.45,0.9315,100,84,0.3171,0.7095,0.2226,0.0222,0.2892,10,6,0,2,1,0,1.181,108.83,27.12,191.73,9103.72,7034.85,0,0.0016,0.8437,0,0
2026-09-03T22:51:11.879090+00:00,bruteforce_ftp_v1,bruteforce_ftp_v1__run_002,initial_access,T1110.001,23,1,-0.0,0.9476,0.0137,9707.73,11185.0,0.7658,92,106,0.3565,0.975,0.2988,0.0384,0.4139,11,8,1,1,1,0,0.8637,105.52,33.66,201.08,7071.3,7363.2,0,0.0604,0.0,0,1
2026-09-03T22:51:16.879090+00:00,bruteforce_ftp_v1,bruteforce_ftp_v1__run_002,initial_access,T1110.001,12,1,-0.0,1.0,0.0152,9125.21,9220.26,0.8734,96,97,0.1694,0.2501,0.2787,0.0396,0.3975,5,4,0,1,0,0,0.9849,95.05,23.28,141.46,9524.94,7054.46,0,0.0508,1.4576,0,0
2026-09-03T22:51:21.879090+00:00,bruteforce_ftp_v1,bruteforce_ftp_v1__run_002,initial_access,T1110.001,11,1,-0.0,1.0,0.0,3492.71,2222.63,0.8217,33,21,0.3088,0.5377,0.295,0.0339,0.3966,5,3,0,0,0,0,1.5106,105.84,39.55,214.59,9127.13,9213.87,0,0.0491,1.0366,0,1
2026-09-03T22:51:26.879090+00:00,bruteforce_ftp_v1,bruteforce_ftp_v1__run_002,initial_access,T1110.001,17,1,-0.0,0.9459,0.0523,12119.17,12119.17,0.8006,136,136,0.2659,0.5562,0.2221,0.0259,0.2999,7,6,1,1,1,0,0.9963,89.11,24.03,135.62,8402.21,9363.53,0,0.02,0.3757,0,0
2026-09-03T22:51:31.879090+00:00,bruteforce_ftp_v1,bruteforce_ftp_v1__run_002,initial_access,T1110.001,16,1,-0.0,1.0,0.0,11470.98,10651.62,0.8426,112,104,0.2828,0.7312,0.3009,0.0259,0.3787,8,5,1,1,1,0,1.0741,102.42,33.27,183.74,6968.54,8696.75,0,0.028,0.831,0,1
2026-09-03T22:51:36.879090+00:00,bruteforce_ftp_v1,bruteforce_ftp_v1__run_002,initial_access,T1110.001,21,1,-0.0,0.9402,0.0098,18158.83,18062.75,0.9223,189,188,0.4031,0.7842,0.2918,0.0334,0.3919,10,7,1,2,0,0,1.0044,96.08,28.93,150.08,7287.52,8872.77,0,0.0293,0.6383,0,0
2026-09-03T22:51:41.879090+00:00,bruteforce_ftp_v1,bruteforce_ftp_v1__run_002,initial_access,T1110.001,18,1,-0.0,1.0,0.0516,12156.26,13394.39,0.8663,108,119,0.3465,0.778,0.3666,0.0294,0.4548,9,6,1,2,1,0,0.9007,112.56,34.1,180.07,6236.11,8139.83,0,0.0054,0.4946,0,0
2026-09-03T22:51:46.879090+00:00,bruteforce_ftp_v1,bruteforce_ftp_v1__run_002,initial_access,T1110.001,19,1,-0.0,0.9858,0.0,7482.7,8565.72,0.8173,76,87,0.1767,0.4489,0.258,0.0339,0.3598,9,6,0,1,1,0,0.8682,98.46,26.75,152.0,8599.32,9661.02,0,0.0,1.2186,0,1
2026-09-03T22:51:51.879090+00:00,bruteforce_ftp_v1,bruteforce_ftp_v1__run_002,initial_access,T1110.001,19,1,-0.0,1.0,0.0,9942.16,10884.05,0.8222,95,104,0.3839,0.9074,0.3045,0.0439,0.4361,10,6,1,1,1,0,0.9127,104.65,37.21,176.11,8609.38,8270.44,0,0.0515,1.2393,0,2
2026-09-03T22:51:56.879090+00:00,bruteforce_ftp_v1,bruteforce_ftp_v1__run_002,initial_access,T1110.001,15,1,-0.0,1.0,0.004,4651.56,3721.25,0.8144,45,36,0.3014,0.5264,0.3381,0.037,0.449,7,5,0,1,1,0,1.234,103.37,34.99,169.93,8044.55,9596.27,0,0.0855,1.407,0,0
2026-09-03T22:52:01.879090+00:00,bruteforce_ftp_v1,bruteforce_ftp_v1__run_002,initial_access,T1110.001,16,1,-0.0,0.9764,0.0211,15042.72,13279.9,0.8089,128,113,0.1551,0.369,0.2961,0.0386,0.4121,7,5,0,1,1,0,1.1237,117.52,38.87,197.92,9001.62,8148.99,0,0.0363,0.1672,0,0
2026-09-03T22:52:06.879090+00:00,bruteforce_ftp_v1,bruteforce_ftp_v1__run_002,initial_access,T1110.001,17,1,-0.0,1.0,0.0,7810.27,7534.62,0.8752,85,82,0.4341,0.6235,0.309,0.0162,0.3577,8,5,1,1,1,0,1.0304,91.89,24.68,141.22,8518.5,8921.65,0,0.0,0.9696,0,1
2026-09-03T22:52:11.879090+00:00,bruteforce_ftp_v1,bruteforce_ftp_v1__run_002,initial_access,T1110.001,26,1,-0.0,1.0,0.0,7785.12,9082.65,0.8281,78,91,0.4146,0.9342,0.34,0.0228,0.4082,12,9,2,2,2,0,0.8479,99.81,24.35,153.14,8056.47,8015.32,1,0.0516,1.4409,0,0
2026-09-03T22:52:16.879090+00:00,bruteforce_ftp_v1,bruteforce_ftp_v1__run_002,initial_access,T1110.001,13,1,-0.0,0.995,0.0,7176.25,5741.0,0.8766,65,52,0.3357,0.76,0.2655,0.0147,0.3096,6,4,0,1,0,0,1.2479,110.4,36.2,180.91,8748.86,9424.24,0,0.054,1.1641,0,0
2026-09-03T22:52:21.879090+00:00,bruteforce_ftp_v1,bruteforce_ftp_v1__run_002,initial_access,T1110.001,16,1,-0.0,1.0,0.0126,12651.25,12764.21,0.8357,112,113,0.2156,0.4721,0.2831,0.0368,0.3934,8,5,0,1,0,0,0.9854,112.96,35.1,220.37,8472.4,9506.45,0,0.0316,0.966,0,0
2026-09-03T22:52:26.879090+00:00,bruteforce_ftp_v1,bruteforce_ftp_v1__run_002,initial_access,T1110.001,22,1,-0.0,1.0,0.031,14230.51,12012.76,0.8348,154,130,0.2248,0.6414,0.2806,0.038,0.3947,11,7,1,2,1,0,1.1827,92.41,23.7,141.58,7626.62,7576.53,0,0.0109,2.0172,0,1
2026-09-03T22:52:31.879090+00:00,bruteforce_ftp_v1,bruteforce_ftp_v1__run_002,initial_access,T1110.001,10,1,-0.0,0.9682,0.0471,4779.94,3059.16,0.8213,50,32,0.46,1.2764,0.3228,0.0469,0.4635,4,3,0,1,0,0,1.5359,95.6,23.53,129.06,8169.88,9386.84,0,0.0612,2.5878,0,1
2026-09-03T22:52:36.879090+00:00,bruteforce_ftp_v1,bruteforce_ftp_v1__run_002,initial_access,T1110.001,12,1,-0.0,1.0,0.0,5325.21,4770.5,0.7909,48,43,0.3563,0.5396,0.3362,0.0398,0.4555,6,4,0,0,0,0,1.0954,110.94,31.96,188.87,8509.99,7844.28,0,0.0157,1.5012,0,0
2026-09-03T22:52:41.879090+00:00,bruteforce_ftp_v1,bruteforce_ftp_v1__run_002,initial_access,T1110.001,12,1,-0.0,1.0,0.0,8426.51,5517.36,0.8468,84,55,0.3875,1.1006,0.3288,0.0388,0.4452,6,4,0,0,1,0,1.5099,100.32,22.0,141.72,8948.75,10503.02,0,0.0621,0.9546,0,1
2026-09-03T22:52:46.879090+00:00,bruteforce_ftp_v1,bruteforce_ftp_v1__run_002,initial_access,T1110.001,16,1,-0.0,1.0,0.0001,8024.84,6821.11,0.8,80,68,0.246,0.6594,0.2276,0.0181,0.2819,7,5,0,1,1,0,1.1694,100.31,24.93,143.59,6707.18,8660.35,0,0.0369,0.2986,0,0
2026-09-03T22:52:51.879090+00:00,bruteforce_ftp_v1,bruteforce_ftp_v1__run_002,initial_access,T1110.001,12,1,-0.0,1.0,0.0505,5636.73,4462.41,0.8382,48,38,0.363,0.5558,0.2603,0.0256,0.3372,6,4,0,1,1,0,1.2609,117.43,49.88,210.1,8220.11,8097.89,0,0.0112,1.6901,0,0
2026-09-03T22:52:56.879090+00:00,bruteforce_ftp_v1,bruteforce_ftp_v1__run_002,initial_access,T1110.001,12,1,-0.0,0.9769,0.0219,8398.52,7961.1,0.7479,96,91,0.1503,0.2305,0.2701,0.0141,0.3125,6,4,0,1,0,0,1.05,87.48,21.78,133.21,6127.0,8447.04,0,0.0237,0.4234,0,0
2026-09-03T22:53:01.879090+00:00,bruteforce_ftp_v1,bruteforce_ftp_v1__run_002,initial_access,T1110.001,25,1,-0.0,0.9857,0.0,13935.33,11241.17,0.908,150,121,0.2218,0.564,0.3188,0.0283,0.4036,12,9,1,2,2,0,1.2316,92.9,23.8,150.48,6397.81,8567.07,1,0.0323,1.6775,0,0
2026-09-03T22:53:06.879090+00:00,bruteforce_ftp_v1,bruteforce_ftp_v1__run_002,initial_access,T1110.001,21,1,-0.0,1.0,0.0021,3473.35,3886.84,0.8142,42,47,0.2124,0.4368,0.3163,0.0395,0.4348,10,6,1,1,2,0,0.8901,82.7,27.55,150.21,8590.12,8199.2,1,0.0,0.0,0,1
2026-09-03T22:53:11.879090+00:00,bruteforce_ftp_v1,bruteforce_ftp_v1__run_002,initial_access,T1110.001,13,1,-0.0,1.0,0.0129,5633.46,6608.49,0.8224,52,61,0.3114,0.3884,0.3127,0.02,0.3727,6,4,0,1,1,0,0.8403,108.34,35.67,177.03,9107.44,8897.88,0,0.0326,0.0,0,1
2026-09-03T22:53:16.879090+00:00,bruteforce_ftp_v1,bruteforce_ftp_v1__run_002,initial_access,T1110.001,21,1,-0.0,1.0,0.0,18793.51,17272.13,0.8643,210,193,0.3819,0.6256,0.2913,0.0192,0.349,10,7,1,1,1,0,1.0836,89.49,24.8,159.65,7945.12,8504.85,0,0.0,0.5862,0,1
2026-09-03T22:53:21.879090+00:00,bruteforce_ftp_v1,bruteforce_ftp_v1__run_002,initial_access,T1110.001,21,1,-0.0,0.9618,0.067,19120.32,14770.19,0.9461,189,146,0.3435,1.0251,0.2789,0.0314,0.373,10,7,1,2,1,0,1.2861,101.17,39.61,180.74,7778.29,6816.29,0,0.0,1.1152,0,2
2026-09-03T22:53:26.879090+00:00,bruteforce_ftp_v1,bruteforce_ftp_v1__run_002,initial_access,T1110.001,11,1,-0.0,0.9733,0.0572,6222.43,4996.8,0.7957,66,53,0.2992,0.5254,0.2774,0.0408,0.4,5,3,0,1,0,0,1.2395,94.28,20.33,141.08,7970.59,8069.14,0,0.0,0.9019,0,0
2026-09-03T22:53:31.879090+00:00,bruteforce_ftp_v1,bruteforce_ftp_v1__run_002,initial_access,T1110.001,13,1,-0.0,1.0,0.0178,13753.89,9233.38,0.8553,143,96,0.2593,0.3623,0.3298,0.0473,0.4718,6,4,0,1,0,0,1.4875,96.18,28.44,169.19,8751.93,9563.97,0,0.0,0.8287,0,0
2026-09-03T22:53:36.879090+00:00,bruteforce_ftp_v1,bruteforce_ftp_v1__run_002,initial_access,T1110.001,18,1,-0.0,0.9454,0.0602,3580.3,4972.64,0.8162,36,50,0.1866,0.2964,0.3348,0.0281,0.4192,9,6,0,2,1,0,0.7148,99.45,31.48,186.22,8520.0,7023.66,0,0.0106,0.946,0,1
2026-09-03T22:53:41.879090+00:00,bruteforce_ftp_v1,bruteforce_ftp_v1__run_002,initial_access,T1110.001,14,1,-0.0,0.9537,0.0307,18241.63,17339.57,0.8661,182,173,0.2424,0.5107,0.3446,0.0276,0.4273,6,4,0,1,0,0,1.0481,100.23,31.49,152.35,8081.35,7338.98,0,0.035,1.4194,0,1
2026-09-03T22:53:46.879090+00:00,bruteforce_ftp_v1,bruteforce_ftp_v1__run_002,initial_access,T1110.001,10,1,-0.0,0.9961,0.0,3258.31,3801.36,0.8556,30,35,0.323,0.4764,0.3059,0.0197,0.365,5,3,0,0,0,0,0.8473,108.61,32.06,178.21,9254.49,8436.1,0,0.0582,0.8457,0,0
2026-09-03T22:53:51.879090+00:00,bruteforce_ftp_v1,bruteforce_ftp_v1__run_002,initial_access,T1110.001,15,1,-0.0,1.0,0.0,12654.2,12232.39,0.844,120,116,0.3458,0.6796,0.2544,0.0228,0.3228,7,5,0,1,1,0,1.0328,105.45,36.36,207.22,7225.11,9199.25,0,0.0,1.0521,0,0
2026-09-03T22:53:56.879090+00:00,bruteforce_ftp_v1,bruteforce_ftp_v1__run_002,initial_access,T1110.001,11,1,-0.0,1.0,0.0106,4103.72,3823.93,0.831,44,41,0.3309,0.5351,0.3105,0.0236,0.3813,5,3,0,1,0,0,1.0676,93.27,25.96,143.33,9158.94,8431.63,0,0.0169,1.0924,0,1
2026-09-03T22:54:01.879090+00:00,bruteforce_ftp_v1,bruteforce_ftp_v1__run_002,initial_access,T1110.001,15,1,-0.0,0.977,0.0584,12029.16,8661.0,0.856,150,108,0.1842,0.5117,0.3544,0.0236,0.4254,7,5,0,1,0,0,1.3868,80.19,24.0,124.24,9431.73,6498.17,0,0.0,0.2308,0,0
2026-09-03T22:54:06.879090+00:00,bruteforce_ftp_v1,bruteforce_ftp_v1__run_002,initial_access,T1110.001,16,1,-0.0,0.9898,0.0123,13801.56,13370.26,0.8006,160,155,0.2015,0.2733,0.2607,0.0348,0.3651,7,5,1,1,0,0,1.0257,86.26,26.42,137.18,9958.19,6780.21,0,0.0,0.5121,0,0
2026-09-03T22:54:11.879090+00:00,bruteforce_ftp_v1,bruteforce_ftp_v1__run_002,initial_access,T1110.001,14,1,-0.0,0.981,0.0218,3267.58,2567.39,0.8133,28,22,0.3209,0.6447,0.3036,0.0239,0.3752,6,5,0,1,0,0,1.2403,116.7,31.35,176.08,9209.93,8015.81,0,0.0058,0.5772,0,0
2026-09-03T22:54:16.879090+00:00,bruteforce_ftp_v1,bruteforce_ftp_v1__run_002,initial_access,T1110.001,18,1,-0.0,0.981,0.0087,7215.5,6113.13,0.7601,72,61,0.1833,0.5403,0.2788,0.0148,0.3232,9,5,1,1,1,0,1.1692,100.22,31.66,167.5,7049.36,8030.23,0,0.0218,0.0,0,3
2026-09-03T22:54:21.879090+00:00,bruteforce_ftp_v1,bruteforce_ftp_v1__run_002,initial_access,T1110.001,10,1,-0.0,0.9959,0.0351,7130.73,7232.6,0.8209,70,71,0.3118,0.8309,0.3468,0.047,0.4879,5,3,0,0,1,0,0.9793,101.87,25.58,157.55,6422.54,7830.7,0,0.0284,1.3791,0,0
2026-09-03T22:54:26.879090+00:00,bruteforce_ftp_v1,bruteforce_ftp_v1__run_002,initial_access,T1110.001,17,1,-0.0,1.0,0.0,5066.31,4172.26,0.9213,51,42,0.3883,1.0383,0.3177,0.0443,0.4506,8,6,0,2,1,0,1.2012,99.34,29.7,184.16,6791.7,8240.82,0,0.0701,0.9699,0,1
2026-09-03T22:54:31.879090+00:00,bruteforce_ftp_v1,bruteforce_ftp_v1__run_002,initial_access,T1110.001,15,1,-0.0,1.0,0.0,9440.22,6922.83,0.8702,90,66,0.1929,0.3565,0.2283,0.0241,0.3007,7,5,1,1,1,0,1.3582,104.89,28.08,166.13,7837.02,7392.28,0,0.0067,0.5305,0,0
2026-09-03T22:54:36.879090+00:00,bruteforce_ftp_v1,bruteforce_ftp_v1__run_002,initial_access,T1110.001,12,1,-0.0,1.0,0.0169,4872.23,4222.6,0.9739,60,52,0.1516,0.4009,0.2928,0.0323,0.3896,5,4,0,1,1,0,1.1524,81.2,22.95,123.5,7653.68,8680.98,0,0.0689,0.8541,0,0
2026-09-03T22:54:41.879090+00:00,bruteforce_ftp_v1,bruteforce_ftp_v1__run_002,initial_access,T1110.001,14,1,-0.0,0.9526,0.0337,8701.61,6629.8,0.9666,84,64,0.3279,0.4637,0.2857,0.0259,0.3634,7,5,0,1,1,0,1.2932,103.59,29.68,161.51,8013.94,8435.26,0,0.0304,1.5632,0,0
2026-09-03T22:54:46.879090+00:00,bruteforce_ftp_v1,bruteforce_ftp_v1__run_002,initial_access,T1110.001,19,1,-0.0,1.0,0.0149,14718.05,12975.12,0.8635,152,134,0.3074,0.886,0.3097,0.0445,0.4431,8,7,1,1,1,0,1.1341,96.83,31.98,179.25,8433.78,7905.74,0,0.0103,0.5719,0,0
2026-09-03T22:54:51.879090+00:00,bruteforce_ftp_v1,bruteforce_ftp_v1__run_002,initial_access,T1110.001,20,1,-0.0,1.0,0.0324,12761.61,10528.33,0.8494,120,99,0.1656,0.2685,0.2802,0.0329,0.379,10,6,1,2,0,0,1.2106,106.35,24.17,170.18,7996.78,7962.84,0,0.048,2.1452,0,0
2026-09-03T22:54:56.879090+00:00,bruteforce_ftp_v1,bruteforce_ftp_v1__run_002,initial_access,T1110.001,17,1,-0.0,0.9965,0.0325,4659.4,4111.24,0.915,51,45,0.2598,0.7636,0.2826,0.0154,0.3289,7,5,1,1,1,0,1.1241,91.36,19.0,131.88,7590.57,9108.58,0,0.0062,0.4964,0,1
2026-09-03T22:55:01.879090+00:00,bruteforce_ftp_v1,bruteforce_ftp_v1__run_002,initial_access,T1110.001,12,1,-0.0,0.9881,0.0,3842.31,2881.73,0.8274,48,36,0.3993,0.7469,0.3042,0.0348,0.4085,6,4,0,1,1,0,1.3182,80.05,22.31,122.33,8889.0,7302.78,0,0.0094,0.5467,0,1
2026-09-03T22:55:06.879090+00:00,bruteforce_ftp_v1,bruteforce_ftp_v1__run_002,initial_access,T1110.001,13,1,-0.0,0.9946,0.0736,7636.82,6364.02,0.7723,78,65,0.2347,0.6875,0.2704,0.0235,0.341,6,4,0,1,1,0,1.1857,97.91,22.29,134.45,7625.06,7926.29,0,0.0324,1.581,0,2
2026-09-03T22:55:11.879090+00:00,bruteforce_ftp_v1,bruteforce_ftp_v1__run_002,initial_access,T1110.001,13,1,-0.0,0.9663,0.0321,14400.32,15709.44,0.8439,143,156,0.2654,0.4159,0.2988,0.0351,0.404,6,5,0,1,1,0,0.9162,100.7,39.54,194.49,6316.12,7445.31,0,0.0018,1.3959,0,0
2026-09-03T22:55:16.879090+00:00,bruteforce_ftp_v1,bruteforce_ftp_v1__run_002,initial_access,T1110.001,24,1,-0.0,1.0,0.0172,12435.18,10466.28,0.7742,120,101,0.1932,0.2971,0.2834,0.02,0.3435,11,8,1,1,1,0,1.1861,103.63,34.04,173.18,7269.22,8714.04,0,0.0517,1.1324,0,1
2026-09-03T22:55:21.879090+00:00,bruteforce_ftp_v1,bruteforce_ftp_v1__run_002,initial_access,T1110.001,17,1,-0.0,0.9658,0.0499,13774.59,20459.32,0.855,136,202,0.1411,0.2482,0.2624,0.0354,0.3685,8,5,0,1,1,0,0.6707,101.28,29.49,166.35,7993.19,8578.05,0,0.0322,1.0286,0,0
2026-09-03T22:55:26.879090+00:00,bruteforce_ftp_v1,bruteforce_ftp_v1__run_002,initial_access,T1110.001,16,1,-0.0,0.992,0.0054,8930.37,6604.75,0.9039,96,71,0.3823,0.6061,0.2771,0.039,0.394,7,5,0,1,1,0,1.3412,93.02,39.88,196.76,8423.19,8923.74,0,0.0137,1.5326,0,2
2026-09-03T22:55:31.879090+00:00,bruteforce_ftp_v1,bruteforce_ftp_v1__run_002,initial_access,T1110.001,17,1,-0.0,1.0,0.0,6611.38,6028.02,0.8036,68,62,0.1755,0.2834,0.2506,0.019,0.3077,8,6,0,1,1,0,1.093,97.23,25.65,144.28,8238.31,7005.76,0,0.0159,0.4249,0,2
2026-09-03T22:55:36.879090+00:00,bruteforce_ftp_v1,bruteforce_ftp_v1__run_002,initial_access,T1110.001,14,1,-0.0,0.9911,0.0066,11339.71,12959.66,0.8155,98,112,0.3369,0.5144,0.3209,0.0183,0.3757,6,4,0,1,1,0,0.8697,115.71,40.86,194.15,8709.41,6269.84,0,0.055,0.3228,0,0
2026-09-03T22:55:41.879090+00:00,bruteforce_ftp_v1,bruteforce_ftp_v1__run_002,initial_access,T1110.001,12,1,-0.0,0.9889,0.0079,11814.42,10731.43,0.8302,120,109,0.3382,0.8064,0.2418,0.0247,0.316,5,4,0,1,1,0,1.0956,98.45,36.61,167.98,7947.08,8706.53,0,0.0188,1.3831,0,1
2026-09-03T22:55:46.879090+00:00,bruteforce_ftp_v1,bruteforce_ftp_v1__run_002,initial_access,T1110.001,15,1,-0.0,0.9906,0.0,5793.88,5504.18,0.8709,60,57,0.2315,0.492,0.3447,0.0215,0.4091,7,5,0,1,1,0,1.0475,96.56,23.76,131.57,6751.59,9277.6,0,0.0408,1.1395,0,1
2026-09-03T22:55:51.879090+00:00,bruteforce_ftp_v1,bruteforce_ftp_v1__run_002,initial_access,T1110.001,17,1,-0.0,0.9675,0.0684,10430.64,6749.24,0.9057,102,66,0.1945,0.5398,0.2832,0.0382,0.3977,8,6,1,1,0,0,1.5336,102.26,35.99,181.12,7465.5,8012.19,0,0.0348,0.9893,0,0
2026-09-03T22:55:56.879090+00:00,bruteforce_ftp_v1,bruteforce_ftp_v1__run_002,initial_access,T1110.001,18,1,-0.0,0.9469,0.0433,5500.4,4889.24,0.7715,54,48,0.3397,0.7837,0.2936,0.0423,0.4204,8,6,1,1,1,0,1.119,101.86,40.54,195.27,9341.1,8736.9,0,0.0405,0.6606,0,0
2026-09-03T22:56:01.879090+00:00,bruteforce_ftp_v1,bruteforce_ftp_v1__run_002,initial_access,T1110.001,18,1,-0.0,1.0,0.0112,16668.29,22502.19,0.8328,180,243,0.2416,0.678,0.2668,0.0134,0.3071,9,6,0,1,1,0,0.7398,92.6,23.39,140.1,8917.43,9629.68,0,0.0246,1.0113,0,0
2026-09-03T22:56:06.879090+00:00,bruteforce_ftp_v1,bruteforce_ftp_v1__run_002,initial_access,T1110.001,22,1,-0.0,0.9904,0.0163,17714.98,13957.26,0.7815,198,156,0.2934,0.3929,0.3698,0.0194,0.4281,11,7,0,2,2,0,1.2674,89.47,28.2,158.9,8702.9,6573.88,1,0.0263,1.3829,0,0
2026-09-03T22:56:11.879090+00:00,bruteforce_ftp_v1,bruteforce_ftp_v1__run_002,initial_access,T1110.001,20,1,-0.0,1.0,0.0,12495.65,11975.0,0.8244,120,115,0.3667,0.6686,0.2777,0.0292,0.3652,9,7,1,1,1,0,1.0355,104.13,42.47,256.82,7223.84,8838.54,0,0.0332,1.2472,0,0
2026-09-03T22:56:16.879090+00:00,bruteforce_ftp_v1,bruteforce_ftp_v1__run_002,initial_access,T1110.001,19,1,-0.0,0.9757,0.002,9540.89,12252.51,0.8535,95,122,0.2768,0.6011,0.2423,0.0322,0.339,9,6,0,1,1,0,0.7759,100.43,35.04,189.82,8131.07,7909.04,0,0.0174,0.2019,0,1
2026-09-03T22:56:21.879090+00:00,bruteforce_ftp_v1,bruteforce_ftp_v1__run_002,initial_access,T1110.001,25,1,-0.0,0.989,0.0,10782.42,7655.52,0.8911,100,71,0.2035,0.5085,0.2922,0.0399,0.4118,11,8,2,3,2,0,1.3976,107.82,43.34,258.32,8421.27,7768.98,1,0.0183,1.2557,0,0
2026-09-03T22:56:26.879090+00:00,bruteforce_ftp_v1,bruteforce_ftp_v1__run_002,initial_access,T1110.001,17,1,-0.0,0.9699,0.014,5419.48,5313.21,0.811,51,50,0.2967,0.7378,0.2728,0.0289,0.3596,8,5,0,1,1,0,1.0173,106.26,32.68,174.81,9455.4,8910.01,0,0.0,1.3732,0,0
2026-09-03T22:56:31.879090+00:00,bruteforce_ftp_v1,bruteforce_ftp_v1__run_002,initial_access,T1110.001,13,1,-0.0,1.0,0.0129,6035.29,6035.29,0.898,52,52,0.4184,0.5242,0.3029,0.0401,0.4231,6,4,0,1,1,0,0.9828,116.06,35.33,207.09,8198.06,8448.19,0,0.012,0.3054,0,0
2026-09-03T22:56:36.879090+00:00,bruteforce_ftp_v1,bruteforce_ftp_v1__run_002,initial_access,T1110.001,9,1,-0.0,0.9913,0.0,7308.18,4872.12,0.8216,72,48,0.443,1.0,0.2534,0.0361,0.3618,4,2,0,0,0,0,1.4968,101.5,27.16,147.93,7719.95,10474.03,0,0.0441,1.2033,0,0
2026-09-03T22:56:41.879090+00:00,bruteforce_ftp_v1,bruteforce_ftp_v1__run_002,initial_access,T1110.001,14,1,-0.0,0.9913,0.0,13178.28,11766.32,0.929,112,100,0.3172,0.4726,0.3018,0.0322,0.3984,7,5,0,1,1,0,1.1133,117.66,29.46,183.29,7628.01,9226.33,0,0.0058,0.164,0,1
2026-09-03T22:56:46.879090+00:00,bruteforce_ftp_v1,bruteforce_ftp_v1__run_002,initial_access,T1110.001,17,1,-0.0,1.0,0.0,9510.12,9416.88,0.9468,102,101,0.2916,0.8161,0.2687,0.0341,0.371,7,6,1,1,1,0,1.0008,93.24,24.28,135.17,9220.58,8328.62,0,0.0081,0.5298,0,0
2026-09-03T22:56:51.879090+00:00,bruteforce_ftp_v1,bruteforce_ftp_v1__run_002,initial_access,T1110.001,17,1,-0.0,0.9968,0.0018,13533.8,14628.45,0.8476,136,147,0.3515,0.7382,0.2967,0.0317,0.3919,7,5,1,1,1,0,0.9247,99.51,24.14,133.91,8364.27,8845.95,0,0.0104,1.1796,0,0
2026-09-03T22:56:56.879090+00:00,bruteforce_ftp_v1,bruteforce_ftp_v1__run_002,initial_access,T1110.001,10,1,-0.0,1.0,0.0065,5205.86,3331.75,0.8954,50,32,0.2645,0.6,0.3069,0.0256,0.3835,5,3,0,1,0,0,1.5277,104.12,25.37,157.29,8914.6,9430.16,0,0.0391,1.9143,0,0
2026-09-03T22:57:01.879090+00:00,bruteforce_ftp_v1,bruteforce_ftp_v1__run_002,initial_access,T1110.001,16,1,-0.0,1.0,0.0195,12006.0,8897.3,0.8927,112,83,0.1467,0.2843,0.2703,0.0395,0.3886,7,5,0,1,0,0,1.3446,107.2,37.05,215.86,6326.98,8778.89,0,0.0711,0.5442,0,0
2026-09-03T22:57:06.879090+00:00,bruteforce_ftp_v1,bruteforce_ftp_v1__run_002,initial_access,T1110.001,17,1,-0.0,0.9999,0.0,7108.77,6586.07,0.9047,68,63,0.3228,0.6907,0.3881,0.0467,0.5281,8,5,1,1,1,0,1.0784,104.54,32.13,170.13,7941.13,8231.59,0,0.0,1.5327,0,0
2026-09-03T22:57:11.879090+00:00,bruteforce_ftp_v1,bruteforce_ftp_v1__run_002,initial_access,T1110.001,15,1,-0.0,0.9263,0.0648,16624.75,17027.77,0.8838,165,169,0.3864,0.7338,0.3642,0.0199,0.424,7,5,0,1,1,0,0.9709,100.76,47.15,238.31,8635.01,8114.02,0,0.0244,0.5346,0,0
2026-09-03T22:57:16.879090+00:00,bruteforce_ftp_v1,bruteforce_ftp_v1__run_002,initial_access,T1110.001,26,1,-0.0,0.9882,0.0,16607.72,13961.43,0.8375,182,153,0.3843,1.1387,0.2932,0.029,0.3803,12,8,1,3,1,0,1.1874,91.25,27.18,170.1,6657.34,8155.18,0,0.0804,1.9849,0,1
2026-09-03T22:57:21.879090+00:00,bruteforce_ftp_v1,bruteforce_ftp_v1__run_002,initial_access,T1110.001,18,1,-0.0,0.9656,0.0643,5535.15,5125.14,0.9785,54,50,0.2613,0.6194,0.247,0.0186,0.3028,9,6,0,1,1,0,1.0599,102.5,25.99,164.12,9500.48,7706.47,0,0.0346,0.4197,0,0
2026-09-03T22:57:26.879090+00:00,bruteforce_ftp_v1,bruteforce_ftp_v1__run_002,initial_access,T1110.001,17,1,-0.0,0.9891,0.0033,12633.09,10616.04,0.86,119,100,0.3447,0.6912,0.2593,0.0179,0.3132,8,6,0,1,1,0,1.1839,106.16,25.05,167.82,8549.28,7248.01,0,0.0,0.2823,0,1
2026-09-03T22:57:31.879090+00:00,bruteforce_ftp_v1,bruteforce_ftp_v1__run_002,initial_access,T1110.001,16,1,-0.0,1.0,0.0,11390.74,11695.85,0.8412,112,115,0.4587,0.7557,0.2815,0.0365,0.391,7,5,0,1,1,0,0.9692,101.7,20.72,149.22,7026.87,8334.09,0,0.0351,0.7112,0,0
2026-09-03T22:57:36.879090+00:00,bruteforce_ftp_v1,bruteforce_ftp_v1__run_002,initial_access,T1110.001,13,1,-0.0,0.9958,0.0,8806.25,19870.52,0.7527,78,176,0.2181,0.6379,0.3086,0.0307,0.4007,6,4,0,1,1,0,0.4409,112.9,31.85,177.83,8172.1,9060.9,0,0.0302,1.7782,0,0
2026-09-03T22:57:41.879090+00:00,bruteforce_ftp_v1,bruteforce_ftp_v1__run_002,initial_access,T1110.001,11,1,-0.0,1.0,0.0,9309.29,8462.99,0.8619,99,90,0.2329,0.5917,0.2978,0.0153,0.3438,5,3,0,1,1,0,1.0962,94.03,25.69,153.96,9310.3,9379.52,0,0.0382,1.7354,0,0
2026-09-03T22:57:46.879090+00:00,bruteforce_ftp_v1,bruteforce_ftp_v1__run_002,initial_access,T1110.001,21,1,-0.0,1.0,0.038,19738.38,19738.38,0.923,210,210,0.3534,0.9256,0.25,0.0362,0.3585,11,7,0,1,2,0,0.9988,93.99,19.1,131.4,7775.28,9571.37,1,0.0015,1.5653,0,1
2026-09-03T22:57:51.879090+00:00,bruteforce_ftp_v1,bruteforce_ftp_v1__run_002,initial_access,T1110.001,15,1,-0.0,0.9903,0.0118,9656.75,6989.65,0.9213,105,76,0.4052,0.9461,0.3284,0.0298,0.4179,8,4,0,1,0,0,1.3762,91.97,36.55,170.69,8022.43,8902.55,0,0.0,1.473,0,1
2026-09-03T22:57:56.879090+00:00,bruteforce_ftp_v1,bruteforce_ftp_v1__run_002,initial_access,T1110.001,8,1,-0.0,0.9747,0.0271,2418.75,2116.4,0.8603,24,21,0.167,0.469,0.2852,0.0409,0.408,3,2,0,0,0,0,1.1287,100.78,23.02,144.94,7942.17,8017.11,0,0.0328,0.0222,0,0
2026-09-03T22:58:01.879090+00:00,bruteforce_ftp_v1,bruteforce_ftp_v1__run_002,initial_access,T1110.001,24,1,-0.0,0.9832,0.0153,16553.47,15568.14,0.8777,168,158,0.1845,0.332,0.2583,0.0177,0.3114,11,8,1,2,1,0,1.0586,98.53,36.23,188.53,8432.1,8406.83,0,0.0144,1.419,0,2
2026-09-03T22:58:06.879090+00:00,bruteforce_ftp_v1,bruteforce_ftp_v1__run_002,initial_access,T1110.001,12,1,-0.0,1.0,0.0138,6346.37,8567.6,0.8399,60,81,0.164,0.4174,0.2611,0.0303,0.3519,5,4,0,1,0,0,0.7375,105.77,33.94,151.02,9360.83,10047.18,0,0.0441,1.3987,0,0
2026-09-03T22:58:11.879090+00:00,bruteforce_ftp_v1,bruteforce_ftp_v1__run_002,initial_access,T1110.001,9,1,-0.0,1.0,0.0196,7006.42,5560.65,0.8653,63,50,0.3289,0.8809,0.2515,0.0223,0.3185,4,3,0,0,0,0,1.2433,111.21,25.07,154.54,7977.56,8951.6,0,0.0,0.4885,0,1
2026-09-03T22:58:16.879090+00:00,bruteforce_ftp_v1,bruteforce_ftp_v1__run_002,initial_access,T1110.001,17,1,-0.0,0.989,0.0,11822.55,12716.69,0.8423,119,128,0.3339,0.5075,0.3128,0.039,0.4298,8,5,1,1,1,0,0.928,99.35,31.98,165.72,6525.91,8486.18,0,0.0,0.0,0,0
2026-09-03T22:58:21.879090+00:00,bruteforce_ftp_v1,bruteforce_ftp_v1__run_002,initial_access,T1110.001,20,1,-0.0,1.0,0.0364,8269.25,11370.22,0.7825,80,110,0.232,0.5125,0.2612,0.0328,0.3598,10,7,0,1,1,0,0.7209,103.37,25.23,150.79,6898.32,7058.63,0,0.0222,1.4171,0,0
2026-09-03T22:58:26.879090+00:00,bruteforce_ftp_v1,bruteforce_ftp_v1__run_002,initial_access,T1110.001,21,1,-0.0,1.0,0.0099,13822.04,12035.52,0.8239,147,128,0.1944,0.5525,0.3401,0.0172,0.3917,12,7,0,2,1,0,1.1441,94.03,28.11,175.25,7123.67,10178.39,0,0.0,0.5984,0,1
2026-09-03T22:58:31.879090+00:00,bruteforce_ftp_v1,bruteforce_ftp_v1__run_002,initial_access,T1110.001,11,1,-0.0,1.0,0.0,6519.58,5926.89,0.9058,55,50,0.422,1.0598,0.2291,0.0288,0.3154,5,3,0,1,0,0,1.0853,118.54,36.15,183.42,7291.83,9691.23,0,0.0737,0.881,0,1
2026-09-03T22:58:36.879090+00:00,bruteforce_ftp_v1,bruteforce_ftp_v1__run_002,initial_access,T1110.001,12,1,-0.0,1.0,0.0206,10907.15,9796.24,0.8549,108,97,0.2714,0.4188,0.3028,0.0379,0.4165,6,4,0,1,0,0,1.106,100.99,31.4,169.5,8439.47,7140.8,0,0.0679,0.9531,0,1
2026-09-03T22:58:41.879090+00:00,bruteforce_ftp_v1,bruteforce_ftp_v1__run_002,initial_access,T1110.001,16,1,-0.0,0.9618,0.0775,19596.82,20821.62,0.7976,192,204,0.3239,0.808,0.2504,0.0263,0.3292,7,5,1,2,1,0,0.9409,102.07,26.11,153.0,9303.13,10038.2,0,0.0462,2.6661,0,2
2026-09-03T22:58:46.879090+00:00,bruteforce_ftp_v1,bruteforce_ftp_v1__run_002,initial_access,T1110.001,6,1,-0.0,0.9896,0.028,2199.62,1924.67,0.8399,24,21,0.149,0.3203,0.2834,0.0273,0.3655,3,2,0,0,0,0,1.1293,91.65,21.54,130.46,8588.92,7084.41,0,0.0355,1.1944,0,1
2026-09-03T22:58:51.879090+00:00,bruteforce_ftp_v1,bruteforce_ftp_v1__run_002,initial_access,T1110.001,27,1,-0.0,0.9946,0.0025,24127.25,17077.72,0.8232,243,172,0.1646,0.2187,0.229,0.0238,0.3004,13,8,1,2,1,0,1.4086,99.29,30.97,177.82,10284.18,6302.86,0,0.0,0.8449,0,0
2026-09-03T22:58:56.879090+00:00,bruteforce_ftp_v1,bruteforce_ftp_v1__run_002,initial_access,T1110.001,21,1,-0.0,0.9775,0.005,19207.12,15548.62,0.8956,189,153,0.407,0.628,0.2856,0.0301,0.376,10,7,0,1,1,0,1.2283,101.62,35.69,185.21,6477.89,7881.42,0,0.0,0.9832,0,0
2026-09-03T22:59:01.879090+00:00,bruteforce_ftp_v1,bruteforce_ftp_v1__run_002,initial_access,T1110.001,26,1,-0.0,1.0,0.0105,7430.37,6096.71,0.8443,78,64,0.1636,0.467,0.2547,0.0311,0.3478,12,10,1,3,2,0,1.2172,95.26,28.49,176.64,7245.86,7895.51,1,0.029,1.3869,0,0
2026-09-03T22:59:06.879090+00:00,bruteforce_ftp_v1,bruteforce_ftp_v1__run_002,initial_access,T1110.001,21,1,-0.0,1.0,0.0,11623.72,13616.36,0.7571,105,123,0.1684,0.4386,0.3451,0.0517,0.5004,10,7,1,1,2,0,0.8535,110.7,27.54,168.36,7871.3,7913.5,1,0.0295,1.3151,0,0
2026-09-03T22:59:11.879090+00:00,bruteforce_ftp_v1,bruteforce_ftp_v1__run_002,initial_access,T1110.001,17,1,-0.0,0.9857,0.0,1853.32,1308.22,0.7462,17,12,0.2076,0.3708,0.3424,0.0475,0.4848,8,6,1,1,1,0,1.3178,109.02,33.39,189.36,10469.78,6578.12,0,0.0194,1.0299,0,0
2026-09-03T22:59:16.879090+00:00,bruteforce_ftp_v1,bruteforce_ftp_v1__run_002,initial_access,T1110.001,16,1,-0.0,1.0,0.0,4485.85,3831.66,0.9117,48,41,0.147,0.2435,0.3177,0.0177,0.3708,7,5,0,1,1,0,1.1479,93.46,23.83,141.02,8548.97,8504.71,0,0.0339,1.0501,0,0
2026-09-03T22:59:21.879090+00:00,bruteforce_ftp_v1,bruteforce_ftp_v1__run_002,initial_access,T1110.001,18,1,-0.0,0.9393,0.0813,5209.8,4437.98,0.9589,54,46,0.4014,0.9219,0.2143,0.014,0.2564,8,5,0,2,2,0,1.1572,96.48,28.34,154.06,6463.09,7311.17,1,0.0223,0.9795,0,1
2026-09-03T22:59:26.879090+00:00,bruteforce_ftp_v1,bruteforce_ftp_v1__run_002,initial_access,T1110.001,25,1,-0.0,1.0,0.0,7266.32,4844.21,0.8661,75,50,0.2907,0.6032,0.3332,0.0391,0.4506,11,8,0,1,1,0,1.492,96.88,29.3,167.15,8845.53,8287.96,0,0.0,1.8036,0,0
2026-09-03T22:59:31.879090+00:00,bruteforce_ftp_v1,bruteforce_ftp_v1__run_002,initial_access,T1110.001,22,1,-0.0,0.9991,0.0,10409.4,7665.11,0.7307,110,81,0.2421,0.4232,0.3404,0.0257,0.4176,10,8,1,2,2,0,1.3515,94.63,21.31,148.33,8121.94,8960.45,1,0.0092,0.9846,0,0
2026-09-03T22:59:36.879090+00:00,bruteforce_ftp_v1,bruteforce_ftp_v1__run_002,initial_access,T1110.001,17,1,-0.0,1.0,0.0,15689.3,14151.13,0.845,153,138,0.2223,0.5853,0.3011,0.0245,0.3745,8,5,1,2,1,0,1.1048,102.54,36.9,189.45,8371.8,6724.11,0,0.0277,0.3074,0,1
2026-09-03T22:59:41.879090+00:00,bruteforce_ftp_v1,bruteforce_ftp_v1__run_002,initial_access,T1110.001,20,1,-0.0,0.9493,0.0438,5836.54,5641.99,0.864,60,58,0.3393,0.9777,0.2797,0.0192,0.3374,10,6,1,1,2,0,1.0245,97.28,26.3,163.01,8742.29,9646.72,1,0.041,0.4231,0,1
2026-09-03T22:59:46.879090+00:00,bruteforce_ftp_v1,bruteforce_ftp_v1__run_002,initial_access,T1110.001,16,1,-0.0,1.0,0.0,7997.38,5898.07,0.8625,80,59,0.3918,0.9231,0.2603,0.0352,0.366,8,5,0,1,1,0,1.3521,99.97,26.39,151.87,6169.64,7632.66,0,0.0259,1.6475,0,0
2026-09-03T22:59:51.879090+00:00,bruteforce_ftp_v1,bruteforce_ftp_v1__run_002,initial_access,T1110.001,9,1,-0.0,0.9976,0.0127,1064.26,1300.76,0.8193,9,11,0.4411,0.8511,0.304,0.0397,0.4231,4,3,0,1,0,0,0.7994,118.25,34.74,170.94,9541.67,9587.87,0,0.0411,0.0,0,0
2026-09-03T22:59:56.879090+00:00,bruteforce_ftp_v1,bruteforce_ftp_v1__run_002,initial_access,T1110.001,23,1,-0.0,1.0,0.0166,12741.98,10156.65,0.8744,138,110,0.2856,0.5139,0.3009,0.0159,0.3485,11,8,1,2,1,0,1.2471,92.33,28.0,160.02,8481.79,9874.43,0,0.0455,0.7215,0,1
2026-09-03T23:00:01.879090+00:00,bruteforce_ftp_v1,bruteforce_ftp_v1__run_002,initial_access,T1110.001,16,1,-0.0,1.0,0.0,8919.29,9105.11,0.8675,96,98,0.3177,0.7511,0.3778,0.0329,0.4763,8,5,1,1,1,0,0.9748,92.91,25.49,149.19,8336.73,8081.49,0,0.0004,1.3012,0,0
2026-09-03T23:00:06.879090+00:00,bruteforce_ftp_v1,bruteforce_ftp_v1__run_002,initial_access,T1110.001,24,1,-0.0,1.0,0.0,7026.72,6636.35,0.882,72,68,0.4367,0.861,0.2798,0.0211,0.3432,11,7,1,2,2,0,1.0501,97.59,22.19,130.09,10748.5,9082.92,1,0.0,0.4735,0,1
2026-09-03T23:00:11.879090+00:00,bruteforce_ftp_v1,bruteforce_ftp_v1__run_002,initial_access,T1110.001,14,1,-0.0,1.0,0.0,15689.45,19662.75,0.9035,154,193,0.3036,0.6579,0.317,0.0462,0.4556,6,4,0,1,1,0,0.7959,101.88,42.57,213.84,9472.02,8254.36,0,0.0674,0.1981,0,1
2026-09-03T23:00:16.879090+00:00,bruteforce_ftp_v1,bruteforce_ftp_v1__run_002,initial_access,T1110.001,18,1,-0.0,0.991,0.0073,10261.22,9805.17,0.9067,90,86,0.2896,0.6194,0.2986,0.0385,0.4141,9,6,0,2,0,0,1.0464,114.01,47.56,244.64,8650.52,8025.34,0,0.0416,1.4232,0,2
2026-09-03T23:00:21.879090+00:00,bruteforce_ftp_v1,bruteforce_ftp_v1__run_002,initial_access,T1110.001,20,1,-0.0,1.0,0.004,4322.64,3890.37,0.8813,40,36,0.1712,0.5133,0.2943,0.0271,0.3755,9,6,1,2,1,0,1.095,108.07,35.8,172.16,8481.77,8009.57,0,0.0464,1.3626,0,1
2026-09-03T23:00:26.879090+00:00,bruteforce_ftp_v1,bruteforce_ftp_v1__run_002,initial_access,T1110.001,18,1,-0.0,0.99,0.0,3530.44,3138.17,0.8402,36,32,0.4019,0.4951,0.2875,0.0405,0.409,8,6,1,1,1,0,1.0932,98.07,28.0,176.63,7977.95,6454.9,0,0.0,0.969,0,1
2026-09-03T23:00:31.879090+00:00,bruteforce_ftp_v1,bruteforce_ftp_v1__run_002,initial_access,T1110.001,20,1,-0.0,0.9927,0.0142,16135.82,11295.07,0.8385,140,98,0.3817,0.9536,0.2673,0.0205,0.3288,9,7,1,1,1,0,1.4235,115.26,48.0,189.97,8218.18,8539.24,0,0.0114,1.2861,0,0
2026-09-03T23:00:36.879090+00:00,bruteforce_ftp_v1,bruteforce_ftp_v1__run_002,initial_access,T1110.001,23,1,-0.0,1.0,0.0074,6815.22,5432.42,0.8847,69,55,0.3335,0.4845,0.2944,0.0392,0.4121,11,7,0,2,1,0,1.2486,98.77,28.29,158.53,7040.37,8222.23,0,0.0,2.0804,0,1
2026-09-03T23:00:41.879090+00:00,bruteforce_ftp_v1,bruteforce_ftp_v1__run_002,initial_access,T1110.001,20,1,-0.0,0.9917,0.0,17158.53,11796.49,0.8304,160,110,0.3591,0.8269,0.2847,0.0211,0.3481,10,6,0,2,1,0,1.4482,107.24,38.7,230.2,8705.71,7531.46,0,0.0801,0.6666,0,0
2026-09-03T23:00:46.879090+00:00,bruteforce_ftp_v1,bruteforce_ftp_v1__run_002,initial_access,T1110.001,16,1,-0.0,1.0,0.0,4728.32,5319.36,0.8611,48,54,0.2736,0.7443,0.27,0.0221,0.3362,7,5,0,2,1,0,0.8762,98.51,28.84,147.12,9099.04,6829.4,0,0.0,0.1774,0,0
2026-09-03T23:00:51.879090+00:00,bruteforce_ftp_v1,bruteforce_ftp_v1__run_002,initial_access,T1110.001,20,1,-0.0,1.0,0.0,19682.98,13231.34,0.9674,180,121,0.3586,0.7351,0.3512,0.0477,0.4944,10,7,0,1,1,0,1.4773,109.35,25.61,162.13,9228.96,8355.21,0,0.0452,1.1842,0,1
2026-09-03T23:00:56.879090+00:00,bruteforce_ftp_v1,bruteforce_ftp_v1__run_002,initial_access,T1110.001,17,1,-0.0,0.967,0.0423,13702.78,11889.18,0.822,136,118,0.1674,0.2273,0.326,0.0299,0.4155,8,6,0,2,1,0,1.147,100.76,24.62,159.56,10093.26,9176.07,0,0.0,0.7712,0,0
2026-09-03T23:01:01.879090+00:00,bruteforce_ftp_v1,bruteforce_ftp_v1__run_002,initial_access,T1110.001,14,1,-0.0,0.9113,0.0671,9282.13,9613.63,0.8961,84,87,0.2904,0.5845,0.3231,0.0479,0.4669,7,5,0,1,1,0,0.9629,110.5,23.38,151.07,10144.52,9566.55,0,0.0621,0.8363,0,0
2026-09-03T23:01:06.879090+00:00,bruteforce_ftp_v1,bruteforce_ftp_v1__run_002,initial_access,T1110.001,19,1,-0.0,0.9906,0.0,5246.01,4693.8,0.8049,57,51,0.3554,0.921,0.2431,0.0177,0.2961,9,6,1,2,1,0,1.0985,92.04,23.05,135.57,6593.2,8626.4,0,0.043,0.9886,0,0
2026-09-03T23:01:11.879090+00:00,bruteforce_ftp_v1,bruteforce_ftp_v1__run_002,initial_access,T1110.001,22,1,-0.0,1.0,0.0,13662.44,14372.18,0.902,154,162,0.3287,0.5934,0.3002,0.0411,0.4235,10,6,0,2,1,1,0.9478,88.72,20.99,125.14,7014.39,7471.48,0,0.0234,0.7881,0,1
2026-09-03T23:01:16.879090+00:00,bruteforce_ftp_v1,bruteforce_ftp_v1__run_002,initial_access,T1110.001,19,1,-0.0,1.0,0.0014,15463.98,15972.66,0.8192,152,157,0.2765,0.4249,0.2748,0.0249,0.3494,9,5,1,1,1,0,0.964,101.74,24.2,146.45,7045.49,9399.0,0,0.0199,1.2184,0,0
2026-09-03T23:01:21.879090+00:00,bruteforce_ftp_v1,bruteforce_ftp_v1__run_002,initial_access,T1110.001,16,1,-0.0,1.0,0.0,12121.75,10714.76,0.854,112,99,0.213,0.266,0.2409,0.0338,0.3424,8,5,1,1,1,0,1.1239,108.23,34.17,217.63,8990.9,8348.68,0,0.0,1.1245,0,0
2026-09-03T23:01:26.879090+00:00,bruteforce_ftp_v1,bruteforce_ftp_v1__run_002,initial_access,T1110.001,23,1,-0.0,1.0,0.0,15874.54,9366.96,0.8928,161,95,0.2987,0.497,0.2453,0.0142,0.2879,11,7,0,2,2,0,1.6788,98.6,26.32,164.61,8822.94,8436.66,1,0.0274,0.6416,0,1
2026-09-03T23:01:31.879090+00:00,bruteforce_ftp_v1,bruteforce_ftp_v1__run_002,initial_access,T1110.001,12,1,-0.0,0.9882,0.0216,3376.51,2532.38,0.7877,36,27,0.3305,0.4234,0.3009,0.0178,0.3544,6,4,0,1,0,0,1.2996,93.79,35.02,183.21,6704.36,8396.2,0,0.017,0.655,0,1
2026-09-03T23:01:36.879090+00:00,bruteforce_ftp_v1,bruteforce_ftp_v1__run_002,initial_access,T1110.001,14,1,-0.0,0.9702,0.0509,13372.43,9265.19,0.8341,140,97,0.2281,0.6202,0.2655,0.0375,0.378,7,4,0,1,1,0,1.4402,95.52,26.1,130.5,8473.12,8892.28,0,0.0,1.3413,0,1
2026-09-03T23:01:41.879090+00:00,bruteforce_ftp_v1,bruteforce_ftp_v1__run_002,initial_access,T1110.001,19,1,-0.0,0.9788,0.0373,19866.21,17670.47,0.8294,190,169,0.1803,0.356,0.266,0.0188,0.3225,9,6,1,1,1,0,1.1214,104.56,24.14,161.7,7746.08,8441.77,0,0.0,0.9751,0,0
2026-09-03T23:01:46.879090+00:00,bruteforce_ftp_v1,bruteforce_ftp_v1__run_002,initial_access,T1110.001,19,1,-0.0,0.993,0.0154,9077.82,8217.82,0.8823,95,86,0.3912,0.576,0.3133,0.0184,0.3683,9,7,1,2,1,0,1.0963,95.56,21.23,133.17,7937.98,8200.75,0,0.0,0.8773,0,0
2026-09-03T23:01:51.879090+00:00,bruteforce_ftp_v1,bruteforce_ftp_v1__run_002,initial_access,T1110.001,12,1,-0.0,1.0,0.0,8193.19,11021.79,0.7905,84,113,0.2165,0.4193,0.3314,0.042,0.4575,5,4,0,1,1,0,0.737,97.54,24.9,135.55,8599.11,10262.65,0,0.0412,1.7608,0,0
2026-09-03T23:01:56.879090+00:00,bruteforce_ftp_v1,bruteforce_ftp_v1__run_002,initial_access,T1110.001,17,1,-0.0,1.0,0.0,8826.67,6126.75,0.9063,85,59,0.1838,0.3358,0.2238,0.027,0.3048,8,5,1,1,0,0,1.4244,103.84,25.35,143.74,8608.43,7662.28,0,0.0121,0.9822,0,0
2026-09-03T23:02:01.879090+00:00,bruteforce_ftp_v1,bruteforce_ftp_v1__run_002,initial_access,T1110.001,13,1,-0.0,0.9925,0.0274,7004.15,6375.57,0.8863,78,71,0.331,0.7796,0.2977,0.03,0.3878,6,4,0,1,1,0,1.0899,89.8,34.02,152.45,9815.41,7548.64,0,0.0197,0.0433,0,0
2026-09-03T23:02:06.879090+00:00,bruteforce_ftp_v1,bruteforce_ftp_v1__run_002,initial_access,T1110.001,18,1,-0.0,0.9403,0.0749,6809.54,5580.04,0.9034,72,59,0.3693,1.0278,0.3142,0.028,0.398,8,6,1,1,1,0,1.2095,94.58,27.9,146.15,6226.1,8452.38,0,0.0214,0.5657,0,0
2026-09-03T23:02:11.879090+00:00,bruteforce_ftp_v1,bruteforce_ftp_v1__run_002,initial_access,T1110.001,16,1,-0.0,1.0,0.0,6600.7,6497.56,0.8735,64,63,0.2394,0.4852,0.2563,0.0311,0.3496,8,5,0,1,1,0,1.0081,103.14,23.48,166.17,9065.23,10245.51,0,0.0635,0.5934,0,0
2026-09-03T23:02:16.879090+00:00,bruteforce_ftp_v1,bruteforce_ftp_v1__run_002,initial_access,T1110.001,19,1,-0.0,1.0,0.022,11264.56,10375.25,0.8518,114,105,0.1918,0.2696,0.2897,0.029,0.3767,9,6,0,1,2,0,1.0789,98.81,25.54,145.59,8526.43,8419.17,1,0.0,0.2491,0,0
2026-09-03T23:02:21.879090+00:00,bruteforce_ftp_v1,bruteforce_ftp_v1__run_002,initial_access,T1110.001,22,1,-0.0,0.9672,0.0179,7948.7,7226.09,0.8403,88,80,0.1579,0.3118,0.268,0.0191,0.3252,10,8,0,1,2,0,1.0871,90.33,29.63,182.49,7812.94,6940.82,1,0.0405,0.7486,0,1
2026-09-03T23:02:26.879090+00:00,bruteforce_ftp_v1,bruteforce_ftp_v1__run_002,initial_access,T1110.001,15,1,-0.0,1.0,0.0,10412.49,7734.99,0.8001,105,78,0.2333,0.5433,0.2864,0.0232,0.3559,7,4,0,1,1,0,1.3308,99.17,19.68,131.96,8677.91,7254.43,0,0.0003,0.7965,0,0
2026-09-03T23:02:31.879090+00:00,bruteforce_ftp_v1,bruteforce_ftp_v1__run_002,initial_access,T1110.001,22,1,-0.0,0.9799,0.0,12750.2,13909.31,0.8777,154,168,0.3584,0.7466,0.3029,0.026,0.3808,10,7,0,1,1,0,0.913,82.79,16.92,121.79,9805.64,8512.97,0,0.0073,0.9745,0,0
2026-09-03T23:02:36.879090+00:00,bruteforce_ftp_v1,bruteforce_ftp_v1__run_002,initial_access,T1110.001,29,1,-0.0,0.9916,0.0,21039.74,21039.74,0.8985,203,203,0.3388,0.6284,0.2346,0.0131,0.2739,15,10,0,2,1,0,0.9998,103.64,35.4,219.56,9266.57,7313.38,0,0.0325,1.8391,0,0
2026-09-03T23:02:41.879090+00:00,bruteforce_ftp_v1,bruteforce_ftp_v1__run_002,initial_access,T1110.001,18,1,-0.0,1.0,0.0,6797.92,6986.75,0.9217,72,74,0.3029,0.7779,0.254,0.0266,0.3337,8,6,1,1,1,0,0.966,94.42,21.2,131.84,7924.63,8356.91,0,0.0372,0.8798,0,1
2026-09-03T23:02:46.879090+00:00,bruteforce_ftp_v1,bruteforce_ftp_v1__run_002,initial_access,T1110.001,13,1,-0.0,1.0,0.0,13054.25,12050.08,0.8738,130,120,0.3225,0.6599,0.2839,0.0189,0.3406,6,4,0,1,0,0,1.081,100.42,30.19,146.65,8414.24,6774.55,0,0.0004,1.3075,0,0
2026-09-03T23:02:51.879090+00:00,bruteforce_ftp_v1,bruteforce_ftp_v1__run_002,initial_access,T1110.001,20,1,-0.0,1.0,0.0,13940.08,11749.5,0.8231,140,118,0.3509,0.7434,0.2865,0.0278,0.3698,9,7,0,1,1,0,1.1827,99.57,27.69,149.85,8427.98,8109.08,0,0.022,0.3486,0,0
2026-09-03T23:02:56.879090+00:00,bruteforce_ftp_v1,bruteforce_ftp_v1__run_002,initial_access,T1110.001,18,1,-0.0,1.0,0.0,14675.17,10870.5,0.873,162,120,0.1609,0.4754,0.2771,0.0163,0.326,8,6,0,1,1,0,1.3447,90.59,19.43,139.47,8652.74,9120.23,0,0.0616,0.5585,0,0
2026-09-03T23:03:01.879090+00:00,bruteforce_ftp_v1,bruteforce_ftp_v1__run_002,initial_access,T1110.001,14,1,-0.0,1.0,0.0209,7137.41,6525.63,0.8786,70,64,0.2723,0.7726,0.2678,0.0173,0.3196,7,4,0,1,1,0,1.088,101.96,35.93,206.96,9755.83,7498.07,0,0.0074,0.8175,0,0
2026-09-03T23:03:06.879090+00:00,bruteforce_ftp_v1,bruteforce_ftp_v1__run_002,initial_access,T1110.001,16,1,-0.0,1.0,0.0066,7076.31,6722.5,0.9135,80,76,0.3292,0.5305,0.3111,0.0293,0.399,7,6,1,1,0,0,1.0394,88.45,19.56,118.23,7638.93,8137.81,0,0.0112,1.1219,0,0
2026-09-03T23:03:11.879090+00:00,bruteforce_ftp_v1,bruteforce_ftp_v1__run_002,initial_access,T1110.001,17,1,-0.0,1.0,0.0,6778.12,5781.34,0.7977,68,58,0.149,0.297,0.264,0.0187,0.3201,8,6,0,1,0,0,1.1616,99.68,30.86,174.17,9049.45,6063.09,0,0.055,1.2218,0,0
2026-09-03T23:03:16.879090+00:00,bruteforce_ftp_v1,bruteforce_ftp_v1__run_002,initial_access,T1110.001,22,1,-0.0,0.9962,0.0,28014.36,19296.6,0.8689,286,197,0.2367,0.595,0.329,0.022,0.395,10,7,0,1,1,0,1.4514,97.95,22.27,159.51,7889.1,8169.34,0,0.0426,0.6601,0,1
2026-09-03T23:03:21.879090+00:00,bruteforce_ftp_v1,bruteforce_ftp_v1__run_002,initial_access,T1110.001,13,1,-0.0,0.9855,0.0196,2716.19,2611.72,0.7746,26,25,0.2818,0.6207,0.2711,0.0378,0.3844,6,4,0,0,0,0,1.0145,104.47,22.06,136.17,8569.04,7650.41,0,0.0,0.6472,0,1
2026-09-03T23:03:26.879090+00:00,bruteforce_ftp_v1,bruteforce_ftp_v1__run_002,initial_access,T1110.001,14,1,-0.0,1.0,0.0,4979.24,3912.26,0.8152,56,44,0.3805,0.5708,0.33,0.0225,0.3976,6,5,1,1,1,0,1.2683,88.91,19.77,121.33,9116.94,8947.79,0,0.0515,1.22,0,1
2026-09-03T23:03:31.879090+00:00,bruteforce_ftp_v1,bruteforce_ftp_v1__run_002,initial_access,T1110.001,17,1,-0.0,0.9815,0.0093,13812.36,12593.62,0.8002,136,124,0.3267,0.5151,0.3103,0.0176,0.3632,8,5,0,1,1,0,1.0892,101.56,30.53,174.61,11307.12,8545.47,0,0.0583,0.8094,0,1
2026-09-03T23:03:36.879090+00:00,bruteforce_ftp_v1,bruteforce_ftp_v1__run_002,initial_access,T1110.001,16,1,-0.0,1.0,0.0,6496.23,6191.72,0.9323,64,61,0.2116,0.493,0.3408,0.0427,0.4689,7,6,0,1,1,0,1.0376,101.5,34.29,172.3,9145.1,8375.72,0,0.0628,0.9692,0,0
2026-09-03T23:03:41.879090+00:00,bruteforce_ftp_v1,bruteforce_ftp_v1__run_002,initial_access,T1110.001,23,1,-0.0,0.9596,0.0124,12764.25,11839.3,0.844,138,128,0.2356,0.5622,0.2341,0.0144,0.2772,11,8,0,2,2,0,1.0699,92.49,31.87,181.03,6878.12,6971.75,1,0.0459,0.5317,0,0
2026-09-03T23:03:46.879090+00:00,bruteforce_ftp_v1,bruteforce_ftp_v1__run_002,initial_access,T1110.001,24,1,-0.0,0.9811,0.0262,16613.71,19778.22,0.8605,168,200,0.2965,0.6643,0.3135,0.0443,0.4465,12,7,1,2,1,0,0.8391,98.89,25.71,176.47,7018.29,10197.46,0,0.0863,0.6876,0,2
2026-09-03T23:03:51.879090+00:00,bruteforce_ftp_v1,bruteforce_ftp_v1__run_002,initial_access,T1110.001,15,1,-0.0,1.0,0.0,9555.18,8068.81,0.8835,90,76,0.3154,0.6285,0.2534,0.0285,0.3387,7,5,0,1,1,0,1.1808,106.17,27.12,166.94,9734.64,8863.24,0,0.0,0.674,0,0
2026-09-03T23:03:56.879090+00:00,bruteforce_ftp_v1,bruteforce_ftp_v1__run_002,initial_access,T1110.001,13,1,-0.0,0.9814,0.0178,7899.74,6684.39,0.8372,78,66,0.326,0.4196,0.369,0.0404,0.4902,6,4,0,1,0,0,1.1642,101.28,16.97,133.33,7845.49,8371.21,0,0.0332,1.5874,0,0
2026-09-03T23:04:01.879090+00:00,bruteforce_ftp_v1,bruteforce_ftp_v1__run_002,initial_access,T1110.001,29,1,-0.0,1.0,0.0076,6106.36,6422.2,0.8741,58,61,0.1776,0.5123,0.2692,0.0402,0.3896,13,9,1,2,1,0,0.9465,105.28,28.35,160.98,6220.48,7502.46,0,0.0297,1.7235,0,1
2026-09-03T23:04:06.879090+00:00,bruteforce_ftp_v1,bruteforce_ftp_v1__run_002,initial_access,T1110.001,18,1,-0.0,1.0,0.0117,16565.66,14520.52,0.914,162,142,0.2782,0.4103,0.2967,0.0284,0.3818,9,6,0,1,1,0,1.1408,102.26,27.69,160.03,8027.95,8703.92,0,0.0,1.4225,0,0
2026-09-03T23:04:11.879090+00:00,bruteforce_ftp_v1,bruteforce_ftp_v1__run_002,initial_access,T1110.001,17,1,-0.0,1.0,0.001,8456.11,8854.05,0.9392,85,89,0.2666,0.4859,0.2842,0.039,0.4011,8,5,0,1,1,0,0.9542,99.48,35.96,165.83,7920.03,9434.21,0,0.014,0.7438,0,1
2026-09-03T23:04:16.879090+00:00,bruteforce_ftp_v1,bruteforce_ftp_v1__run_002,initial_access,T1110.001,19,1,-0.0,1.0,0.0137,20178.04,19965.64,0.8549,190,188,0.2985,0.5289,0.2995,0.027,0.3805,9,6,1,2,1,0,1.0087,106.2,29.6,168.64,6602.3,8422.43,0,0.0287,1.2289,0,1
2026-09-03T23:04:21.879090+00:00,bruteforce_ftp_v1,bruteforce_ftp_v1__run_002,initial_access,T1110.001,20,1,-0.0,1.0,0.0,8106.44,6586.48,0.8647,80,65,0.365,0.9211,0.2969,0.0437,0.4279,10,6,1,2,0,0,1.2274,101.33,25.58,153.86,6804.68,8244.53,0,0.0,0.7735,0,0
2026-09-03T23:04:26.879090+00:00,bruteforce_ftp_v1,bruteforce_ftp_v1__run_002,initial_access,T1110.001,21,1,-0.0,0.9451,0.0617,9810.85,8035.55,0.9186,105,86,0.1987,0.5642,0.2686,0.0272,0.3501,10,8,0,1,0,0,1.2148,93.44,25.91,168.22,7511.77,9354.97,0,0.0344,0.4994,0,1
2026-09-03T23:04:31.879090+00:00,bruteforce_ftp_v1,bruteforce_ftp_v1__run_002,initial_access,T1110.001,12,1,-0.0,1.0,0.0,5670.27,5197.74,0.9158,60,55,0.3494,0.4967,0.2605,0.0369,0.3713,5,4,1,1,1,0,1.0885,94.5,28.31,164.48,6581.27,8310.6,0,0.0799,0.0453,0,0
2026-09-03T23:04:36.879090+00:00,bruteforce_ftp_v1,bruteforce_ftp_v1__run_002,initial_access,T1110.001,16,1,-0.0,1.0,0.0195,10482.43,9827.28,0.8847,96,90,0.2092,0.2954,0.3205,0.0419,0.4461,8,5,1,1,1,0,1.0662,109.19,35.94,183.59,7890.34,7857.19,0,0.0,0.6389,0,0
2026-09-03T23:04:41.879090+00:00,bruteforce_ftp_v1,bruteforce_ftp_v1__run_002,initial_access,T1110.001,16,1,-0.0,1.0,0.0111,7344.81,6885.76,0.9171,80,75,0.2572,0.7112,0.344,0.0344,0.4473,7,5,0,1,0,0,1.0612,91.81,26.14,137.73,7362.98,6309.69,0,0.0055,1.3802,0,1
2026-09-03T23:04:46.879090+00:00,bruteforce_ftp_v1,bruteforce_ftp_v1__run_002,initial_access,T1110.001,18,1,-0.0,1.0,0.0043,7265.14,6256.09,0.8631,72,62,0.4247,0.9152,0.3408,0.0487,0.487,9,6,0,1,2,0,1.1594,100.9,25.93,143.15,8576.5,6696.71,1,0.0078,1.1383,0,1
2026-09-03T23:04:51.879090+00:00,bruteforce_ftp_v1,bruteforce_ftp_v1__run_002,initial_access,T1110.001,22,1,-0.0,1.0,0.0,6664.95,10603.32,0.8845,66,105,0.2262,0.4042,0.2719,0.0357,0.379,10,7,1,2,1,0,0.6281,100.98,27.88,143.52,9519.53,7805.94,0,0.0,0.7025,0,0
2026-09-03T23:04:56.879090+00:00,bruteforce_ftp_v1,bruteforce_ftp_v1__run_002,initial_access,T1110.001,22,1,-0.0,0.9797,0.0,17297.37,18083.62,0.8637,154,161,0.2055,0.5555,0.392,0.0259,0.4698,10,7,0,1,1,0,0.9527,112.32,40.5,232.2,8276.17,8204.15,0,0.0326,0.4529,0,0
2026-09-03T23:05:01.879090+00:00,bruteforce_ftp_v1,bruteforce_ftp_v1__run_002,initial_access,T1110.001,21,1,-0.0,1.0,0.0,4101.54,3320.3,0.898,42,34,0.2356,0.411,0.261,0.024,0.3329,10,6,0,2,1,0,1.2344,97.66,28.83,156.68,7842.31,8507.85,0,0.0652,0.5634,0,0
2026-09-03T23:05:06.879090+00:00,bruteforce_ftp_v1,bruteforce_ftp_v1__run_002,initial_access,T1110.001,21,1,-0.0,0.9539,0.0638,16840.84,16439.87,0.7827,168,164,0.4025,1.145,0.2763,0.0382,0.391,9,7,1,2,1,0,1.0183,100.24,26.27,157.02,9615.25,7535.59,0,0.029,1.3783,0,1
2026-09-03T23:05:11.879090+00:00,bruteforce_ftp_v1,bruteforce_ftp_v1__run_002,initial_access,T1110.001,16,1,-0.0,0.9591,0.0736,14623.56,12084.75,0.9471,144,119,0.3381,0.6548,0.3505,0.0346,0.4542,8,5,0,1,1,0,1.2077,101.55,27.68,173.49,6379.6,9591.59,0,0.0381,0.8671,0,0
2026-09-03T23:05:16.879090+00:00,bruteforce_ftp_v1,bruteforce_ftp_v1__run_002,initial_access,T1110.001,17,1,-0.0,1.0,0.0,15697.06,11388.06,0.9256,153,111,0.3233,0.431,0.3391,0.0249,0.4138,8,5,1,1,1,0,1.3698,102.6,25.79,147.09,7799.98,7490.47,0,0.0359,0.7115,0,0
2026-09-03T23:05:21.879090+00:00,bruteforce_ftp_v1,bruteforce_ftp_v1__run_002,initial_access,T1110.001,26,1,-0.0,1.0,0.0,7790.29,7790.29,0.8077,78,78,0.1921,0.5108,0.2462,0.0277,0.3293,11,9,2,1,1,0,0.9905,99.88,31.07,202.74,7599.32,8051.79,0,0.0586,1.2673,0,0
2026-09-03T23:05:26.879090+00:00,bruteforce_ftp_v1,bruteforce_ftp_v1__run_002,initial_access,T1110.001,21,1,-0.0,0.973,0.0249,14495.98,10650.11,0.8741,147,108,0.4166,0.7392,0.3146,0.0318,0.4101,10,7,1,2,2,0,1.3574,98.61,26.7,154.85,8659.95,6239.51,1,0.0,0.9202,0,1
2026-09-03T23:05:31.879090+00:00,bruteforce_ftp_v1,bruteforce_ftp_v1__run_002,initial_access,T1110.001,29,1,-0.0,1.0,0.0,10167.03,10692.91,0.9236,116,122,0.1721,0.4268,0.2821,0.0153,0.3281,15,10,1,3,1,0,0.9469,87.65,23.54,158.54,8244.3,7788.3,0,0.0,1.3994,0,0
2026-09-03T23:05:36.879090+00:00,bruteforce_ftp_v1,bruteforce_ftp_v1__run_002,initial_access,T1110.001,18,1,-0.0,1.0,0.0,21684.24,16162.79,0.8768,216,161,0.3051,0.6238,0.2968,0.0427,0.4248,9,5,0,1,1,0,1.3341,100.39,23.53,141.04,8279.75,8681.68,0,0.0,0.7929,0,1
2026-09-03T23:05:41.879090+00:00,bruteforce_ftp_v1,bruteforce_ftp_v1__run_002,initial_access,T1110.001,17,1,-0.0,0.9747,0.0433,15021.51,17574.19,0.83,153,179,0.1577,0.3884,0.3294,0.0443,0.4624,8,6,1,0,1,0,0.8528,98.18,30.01,169.61,7441.42,6474.27,0,0.0,0.9495,0,0
2026-09-03T23:05:46.879090+00:00,bruteforce_ftp_v1,bruteforce_ftp_v1__run_002,initial_access,T1110.001,18,1,-0.0,0.9689,0.0195,5701.09,4539.76,0.8634,54,43,0.3975,0.7906,0.273,0.0344,0.3762,9,5,1,1,1,0,1.2359,105.58,25.56,155.86,6344.51,6350.44,0,0.0201,1.0912,0,1
2026-09-03T23:05:51.879090+00:00,bruteforce_ftp_v1,bruteforce_ftp_v1__run_002,initial_access,T1110.001,19,1,-0.0,1.0,0.0,15485.18,16809.57,0.8953,152,165,0.3307,0.4669,0.2336,0.0344,0.3368,9,5,1,2,1,0,0.917,101.88,33.82,178.3,9740.36,8179.82,0,0.0,0.8302,0,1
2026-09-03T23:05:56.879090+00:00,bruteforce_ftp_v1,bruteforce_ftp_v1__run_002,initial_access,T1110.001,17,1,-0.0,1.0,0.0,6194.61,4919.25,0.9194,68,54,0.3752,0.5127,0.3197,0.0214,0.3839,7,6,0,1,1,0,1.242,91.1,22.45,125.58,9071.4,6965.19,0,0.0,1.07,0,0
2026-09-03T23:06:01.879090+00:00,bruteforce_ftp_v1,bruteforce_ftp_v1__run_002,initial_access,T1110.001,19,1,-0.0,0.9648,0.0625,7459.63,6183.64,0.9738,76,63,0.2854,0.3544,0.2687,0.017,0.3197,9,7,1,1,1,0,1.205,98.15,32.9,172.75,7519.35,6785.74,0,0.0571,1.1028,0,0
2026-09-03T23:06:06.879090+00:00,bruteforce_ftp_v1,bruteforce_ftp_v1__run_002,initial_access,T1110.001,20,1,-0.0,0.9652,0.0146,9267.45,5745.82,0.9139,100,62,0.2477,0.5448,0.2846,0.0153,0.3304,10,7,0,2,1,0,1.6044,92.67,26.53,148.26,8469.54,6558.59,0,0.0,1.4537,0,0
2026-09-03T23:06:11.879090+00:00,bruteforce_ftp_v1,bruteforce_ftp_v1__run_002,initial_access,T1110.001,22,1,-0.0,0.9972,0.0,9877.72,7722.58,0.92,110,86,0.2081,0.2702,0.2694,0.0169,0.3202,11,7,0,2,1,0,1.2725,89.8,26.72,152.4,9222.46,10826.82,0,0.0565,1.6135,0,0
2026-09-03T23:06:16.879090+00:00,bruteforce_ftp_v1,bruteforce_ftp_v1__run_002,initial_access,T1110.001,19,1,-0.0,1.0,0.0,11335.19,13124.95,0.8666,114,132,0.3914,0.5548,0.352,0.0399,0.4717,9,7,0,2,1,0,0.8606,99.43,37.4,242.14,10491.63,7219.83,0,0.0,0.9401,0,0
2026-09-03T23:06:21.879090+00:00,bruteforce_ftp_v1,bruteforce_ftp_v1__run_002,initial_access,T1110.001,21,1,-0.0,0.9625,0.0277,13690.65,9872.17,0.9089,147,106,0.2295,0.5883,0.3504,0.0413,0.4742,11,7,0,1,1,0,1.3785,93.13,24.9,142.32,9939.34,8549.0,0,0.0,1.0248,0,1
2026-09-03T23:06:26.879090+00:00,bruteforce_ftp_v1,bruteforce_ftp_v1__run_002,initial_access,T1110.001,16,1,-0.0,0.9945,0.0,10221.3,6707.73,0.8321,96,63,0.3053,0.814,0.2566,0.035,0.3617,8,5,0,1,1,0,1.5146,106.47,31.99,202.5,8132.77,7858.08,0,0.0522,0.7096,0,0
2026-09-03T23:06:31.879090+00:00,bruteforce_ftp_v1,bruteforce_ftp_v1__run_002,initial_access,T1110.001,11,1,-0.0,1.0,0.014,7037.15,7783.52,0.809,66,73,0.3962,0.7982,0.3104,0.0446,0.4441,6,3,0,0,1,0,0.9003,106.62,38.73,193.23,7123.33,8745.39,0,0.0272,1.5584,0,0
2026-09-03T23:06:36.879090+00:00,bruteforce_ftp_v1,bruteforce_ftp_v1__run_002,initial_access,T1110.001,16,1,-0.0,0.9517,0.0222,11139.14,11835.34,0.9371,112,119,0.2775,0.7013,0.2544,0.0328,0.3527,8,5,0,1,1,0,0.9379,99.46,33.11,182.4,7538.75,7431.68,0,0.0281,0.5165,0,0
2026-09-03T23:06:41.879090+00:00,bruteforce_ftp_v1,bruteforce_ftp_v1__run_002,initial_access,T1110.001,13,1,-0.0,0.9766,0.0113,3555.66,3008.63,0.8257,39,33,0.1607,0.335,0.2735,0.0299,0.3633,6,4,0,1,0,0,1.172,91.17,24.11,149.39,8433.84,8970.73,0,0.0258,0.856,0,1
2026-09-03T23:06:46.879090+00:00,bruteforce_ftp_v1,bruteforce_ftp_v1__run_002,initial_access,T1110.001,20,1,-0.0,1.0,0.0236,18778.25,14083.69,0.9201,200,150,0.388,0.4907,0.2794,0.0337,0.3805,10,7,1,2,2,0,1.3297,93.89,29.37,144.62,7765.57,8216.57,1,0.0,1.1412,0,0
2026-09-03T23:06:51.879090+00:00,bruteforce_ftp_v1,bruteforce_ftp_v1__run_002,initial_access,T1110.001,19,1,-0.0,1.0,0.0,9745.04,7283.13,0.9208,95,71,0.2535,0.6374,0.2979,0.0316,0.3927,9,6,0,2,1,0,1.3216,102.58,27.1,161.01,8802.49,7623.92,0,0.0165,1.315,0,2
2026-09-03T23:06:56.879090+00:00,bruteforce_ftp_v1,bruteforce_ftp_v1__run_002,initial_access,T1110.001,20,1,-0.0,0.9787,0.0299,9704.27,8345.68,0.842,100,86,0.3053,0.5496,0.3395,0.0426,0.4672,9,6,1,2,1,0,1.15,97.04,26.7,164.51,7930.2,7169.91,0,0.0109,1.6718,0,2
2026-09-03T23:07:01.879090+00:00,bruteforce_ftp_v1,bruteforce_ftp_v1__run_002,initial_access,T1110.001,10,1,-0.0,0.9931,0.0,7296.56,6045.72,0.8287,70,58,0.396,0.949,0.2879,0.0423,0.4147,5,3,0,1,0,0,1.2045,104.24,26.27,155.13,6448.05,6523.8,0,0.0135,0.083,0,2
2026-09-03T23:07:06.879090+00:00,bruteforce_ftp_v1,bruteforce_ftp_v1__run_002,initial_access,T1110.001,17,1,-0.0,0.9838,0.0,5346.7,4508.0,0.9082,51,43,0.1577,0.333,0.2884,0.0329,0.3871,8,5,0,1,1,0,1.1857,104.84,31.96,182.68,6689.09,9063.28,0,0.0861,1.0106,0,0
2026-09-03T23:07:11.879090+00:00,bruteforce_ftp_v1,bruteforce_ftp_v1__run_002,initial_access,T1110.001,20,1,-0.0,1.0,0.0152,11835.15,14892.57,0.8015,120,151,0.3516,0.5366,0.2694,0.0304,0.3607,9,6,0,2,1,1,0.7937,98.63,29.53,157.36,6684.98,6158.27,0,0.0121,0.3608,0,0
2026-09-03T23:07:16.879090+00:00,bruteforce_ftp_v1,bruteforce_ftp_v1__run_002,initial_access,T1110.001,21,1,-0.0,0.9846,0.013,14395.09,12436.57,0.8786,147,127,0.23,0.5749,0.2652,0.0231,0.3347,10,6,1,2,1,0,1.1497,97.93,41.66,185.29,6117.87,7411.71,0,0.0483,0.6488,0,0
2026-09-03T23:07:21.879090+00:00,bruteforce_ftp_v1,bruteforce_ftp_v1__run_002,initial_access,T1110.001,17,1,-0.0,1.0,0.0,9854.41,9757.79,0.8466,102,101,0.448,0.9802,0.313,0.0393,0.4308,8,5,0,1,1,0,1.0045,96.61,28.46,147.48,8661.42,9080.66,0,0.0948,1.4822,0,2
2026-09-03T23:07:26.879090+00:00,bruteforce_ftp_v1,bruteforce_ftp_v1__run_002,initial_access,T1110.001,21,1,-0.0,0.9702,0.0177,16865.62,12448.43,0.8462,168,124,0.411,0.7118,0.2394,0.0149,0.284,10,7,1,1,1,0,1.3535,100.39,28.29,169.23,8836.21,7865.03,0,0.0,0.8483,0,0
2026-09-03T23:07:31.879090+00:00,bruteforce_ftp_v1,bruteforce_ftp_v1__run_002,initial_access,T1110.001,12,1,-0.0,0.9945,0.0,6759.17,10251.4,0.8929,60,91,0.2865,0.6377,0.3255,0.0432,0.455,6,4,0,1,1,0,0.6578,112.65,36.36,195.68,7418.99,7245.07,0,0.0,0.8744,0,0
2026-09-03T23:07:36.879090+00:00,bruteforce_ftp_v1,bruteforce_ftp_v1__run_002,initial_access,T1110.001,21,1,-0.0,1.0,0.0,19356.0,18331.87,0.7542,189,179,0.3092,0.7325,0.3855,0.0306,0.4773,10,7,1,2,1,0,1.0548,102.41,28.88,202.55,7153.61,8996.27,0,0.0,1.0154,0,0
2026-09-03T23:07:41.879090+00:00,bruteforce_ftp_v1,bruteforce_ftp_v1__run_002,initial_access,T1110.001,18,1,-0.0,1.0,0.0,10259.9,11494.88,0.8791,108,121,0.3122,0.6297,0.2507,0.021,0.3139,9,6,0,2,1,0,0.8923,95.0,27.7,156.22,8478.54,7779.5,0,0.0,1.2099,0,0
2026-09-03T23:07:46.879090+00:00,bruteforce_ftp_v1,bruteforce_ftp_v1__run_002,initial_access,T1110.001,17,1,-0.0,1.0,0.0,8970.23,7914.91,0.8634,85,75,0.4049,0.5476,0.2713,0.018,0.3252,8,5,0,1,0,0,1.1221,105.53,30.23,179.91,9283.42,7611.87,0,0.0063,1.4468,0,0
2026-09-03T23:07:51.879090+00:00,bruteforce_ftp_v1,bruteforce_ftp_v1__run_002,initial_access,T1110.001,13,1,-0.0,1.0,0.0,3814.25,4303.26,0.7896,39,44,0.3413,0.7769,0.2855,0.023,0.3544,6,4,0,1,1,0,0.8723,97.8,19.97,139.9,10218.93,7096.1,0,0.0033,1.2854,0,2
2026-09-03T23:07:56.879090+00:00,bruteforce_ftp_v1,bruteforce_ftp_v1__run_002,initial_access,T1110.001,23,1,-0.0,1.0,0.0,4470.05,2526.55,0.8627,46,26,0.1766,0.5183,0.2965,0.0397,0.4155,11,7,1,2,2,0,1.7333,97.17,24.18,146.14,9732.24,6078.74,1,0.0,0.8904,0,0
2026-09-03T23:08:01.879090+00:00,bruteforce_ftp_v1,bruteforce_ftp_v1__run_002,initial_access,T1110.001,25,1,-0.0,0.9761,0.0043,10356.92,8389.1,0.9095,100,81,0.2579,0.5671,0.3055,0.0344,0.4086,12,8,1,2,2,0,1.2247,103.57,36.1,202.93,6847.8,10334.83,1,0.0139,0.5348,0,1
2026-09-03T23:08:06.879090+00:00,bruteforce_ftp_v1,bruteforce_ftp_v1__run_002,initial_access,T1110.001,11,1,-0.0,0.9551,0.0358,3173.44,2884.94,0.882,33,30,0.2631,0.6674,0.2592,0.0184,0.3144,5,4,0,1,0,0,1.0853,96.16,25.7,136.36,8638.78,8552.46,0,0.0614,1.6524,0,0
2026-09-03T23:08:11.879090+00:00,bruteforce_ftp_v1,bruteforce_ftp_v1__run_002,initial_access,T1110.001,14,1,-0.0,1.0,0.0062,7485.8,9802.83,0.8526,84,110,0.3156,0.7156,0.3253,0.0204,0.3864,7,4,0,1,0,0,0.7626,89.12,21.75,137.76,9196.81,8828.81,0,0.0062,1.2559,0,0
2026-09-03T23:08:16.879090+00:00,bruteforce_ftp_v1,bruteforce_ftp_v1__run_002,initial_access,T1110.001,18,1,-0.0,1.0,0.0,13030.54,11789.54,0.9016,126,114,0.2184,0.5152,0.2904,0.035,0.3955,8,6,1,1,0,0,1.0983,103.42,36.28,185.01,7024.22,8632.99,0,0.0446,1.28,0,1
2026-09-03T23:08:21.879090+00:00,bruteforce_ftp_v1,bruteforce_ftp_v1__run_002,initial_access,T1110.001,20,1,-0.0,1.0,0.021,8711.37,8493.59,0.7889,80,78,0.1645,0.2316,0.2899,0.0281,0.3743,10,7,1,1,1,0,1.0145,108.89,28.08,179.47,9486.55,7710.34,0,0.0155,0.5956,0,1
2026-09-03T23:08:26.879090+00:00,bruteforce_ftp_v1,bruteforce_ftp_v1__run_002,initial_access,T1110.001,20,1,-0.0,0.9675,0.0397,6347.17,5606.67,0.86,60,53,0.276,0.8245,0.2948,0.0242,0.3675,10,6,0,2,1,0,1.1255,105.79,34.46,213.19,9420.15,7878.45,0,0.0224,0.6464,0,1
2026-09-03T23:08:31.879090+00:00,bruteforce_ftp_v1,bruteforce_ftp_v1__run_002,initial_access,T1110.001,13,1,-0.0,1.0,0.0177,4259.06,4586.68,0.7443,39,42,0.2717,0.6968,0.2794,0.0178,0.3327,6,4,1,1,1,0,0.9071,109.21,29.36,181.21,5787.36,7626.27,0,0.0273,0.4706,0,1
2026-09-03T23:08:36.879090+00:00,bruteforce_ftp_v1,bruteforce_ftp_v1__run_002,initial_access,T1110.001,14,1,-0.0,1.0,0.029,1317.85,1317.85,0.8582,14,14,0.1837,0.4524,0.2679,0.0333,0.3677,6,4,0,1,1,0,0.9853,94.13,21.81,150.85,6725.17,8107.97,0,0.0,1.0468,0,2
2026-09-03T23:08:41.879090+00:00,bruteforce_ftp_v1,bruteforce_ftp_v1__run_002,initial_access,T1110.001,18,1,-0.0,1.0,0.0168,3249.66,2346.97,0.8441,36,26,0.3066,0.7516,0.2458,0.0277,0.3291,8,6,1,1,1,0,1.3834,90.27,18.43,128.0,9016.76,9349.43,0,0.0,2.0502,0,0
2026-09-03T23:08:46.879090+00:00,bruteforce_ftp_v1,bruteforce_ftp_v1__run_002,initial_access,T1110.001,20,1,-0.0,1.0,0.0,22728.69,20249.2,0.8797,220,196,0.3695,0.8288,0.2864,0.0422,0.413,9,6,0,2,0,0,1.1173,103.31,30.49,184.45,9105.66,8287.74,0,0.0184,1.1403,0,1
2026-09-03T23:08:51.879090+00:00,bruteforce_ftp_v1,bruteforce_ftp_v1__run_002,initial_access,T1110.001,15,1,-0.0,1.0,0.0,13477.22,12578.74,0.839,120,112,0.2261,0.5681,0.2725,0.0275,0.355,7,5,1,0,1,0,1.0684,112.31,32.92,174.31,9955.25,8445.0,0,0.0063,0.5393,0,0
2026-09-03T23:08:56.879090+00:00,bruteforce_ftp_v1,bruteforce_ftp_v1__run_002,initial_access,T1110.001,26,1,-0.0,1.0,0.0,11108.44,7605.01,0.7888,130,89,0.3883,0.7194,0.3095,0.0186,0.3652,13,8,0,3,3,0,1.4592,85.45,18.3,140.99,7666.86,7445.36,2,0.0391,1.0511,0,0
2026-09-03T23:09:01.879090+00:00,bruteforce_ftp_v1,bruteforce_ftp_v1__run_002,initial_access,T1110.001,26,1,-0.0,1.0,0.0,15897.78,11413.79,0.8393,156,112,0.2843,0.5994,0.2604,0.0382,0.3749,12,10,1,2,2,0,1.3875,101.91,25.15,148.02,8417.34,9408.52,1,0.0,0.7232,0,2
2026-09-03T23:09:06.879090+00:00,bruteforce_ftp_v1,bruteforce_ftp_v1__run_002,initial_access,T1110.001,20,1,-0.0,0.9981,0.0,13533.5,13630.16,0.8909,140,141,0.2135,0.431,0.3096,0.0455,0.4462,9,6,0,2,0,0,0.988,96.67,27.94,161.7,8551.78,8370.91,0,0.0576,1.209,0,0
2026-09-03T23:09:11.879090+00:00,bruteforce_ftp_v1,bruteforce_ftp_v1__run_002,initial_access,T1110.001,22,1,-0.0,0.9716,0.0327,28681.11,22162.68,0.8184,286,221,0.1641,0.3089,0.2556,0.0351,0.3608,11,8,0,1,1,0,1.2898,100.28,22.46,150.33,7940.95,6967.88,0,0.0191,0.8884,0,2
2026-09-03T23:09:16.879090+00:00,bruteforce_ftp_v1,bruteforce_ftp_v1__run_002,initial_access,T1110.001,19,1,-0.0,0.9641,0.0792,13718.42,15794.24,0.8721,152,175,0.2763,0.4662,0.2693,0.024,0.3415,9,6,0,1,1,0,0.8675,90.25,22.09,134.86,7490.48,7635.39,0,0.0437,0.7166,0,0
2026-09-03T23:09:21.879090+00:00,bruteforce_ftp_v1,bruteforce_ftp_v1__run_002,initial_access,T1110.001,15,1,-0.0,0.9557,0.0699,10830.04,11036.32,0.8585,105,107,0.3053,0.4906,0.2716,0.0313,0.3656,7,4,1,1,1,0,0.9738,103.14,32.5,150.97,8774.49,8442.01,0,0.0,0.7771,0,1
2026-09-03T23:09:26.879090+00:00,bruteforce_ftp_v1,bruteforce_ftp_v1__run_002,initial_access,T1110.001,16,1,-0.0,1.0,0.02,14511.25,11991.94,0.8717,144,119,0.3984,0.8989,0.2861,0.0262,0.3647,8,5,1,1,1,0,1.2011,100.77,26.4,151.69,5695.87,7206.0,0,0.0186,2.2022,0,0
2026-09-03T23:09:31.879090+00:00,bruteforce_ftp_v1,bruteforce_ftp_v1__run_002,initial_access,T1110.001,26,1,-0.0,0.9944,0.0148,13452.19,8105.8,0.8735,156,94,0.4179,1.1476,0.3023,0.0388,0.4185,12,8,0,2,1,0,1.6473,86.23,32.05,195.14,7383.56,7199.06,0,0.0355,1.485,0,1
2026-09-03T23:09:36.879090+00:00,bruteforce_ftp_v1,bruteforce_ftp_v1__run_002,initial_access,T1110.001,16,1,-0.0,1.0,0.0,10115.83,9483.59,0.8015,96,90,0.298,0.5589,0.3139,0.0175,0.3664,8,5,0,1,1,0,1.0575,105.37,45.04,204.64,8075.03,8321.06,0,0.0413,1.3328,0,0
2026-09-03T23:09:41.879090+00:00,bruteforce_ftp_v1,bruteforce_ftp_v1__run_002,initial_access,T1110.001,10,1,-0.0,1.0,0.0,5850.16,6727.68,0.7874,60,69,0.3198,0.7191,0.2962,0.0303,0.3871,5,3,0,1,0,0,0.8623,97.5,18.66,122.33,9350.1,7007.74,0,0.0385,1.1898,0,0
2026-09-03T23:09:46.879090+00:00,bruteforce_ftp_v1,bruteforce_ftp_v1__run_002,initial_access,T1110.001,13,1,-0.0,0.9618,0.0214,2283.58,1932.26,0.8601,26,22,0.3873,0.8844,0.2893,0.0146,0.333,6,4,1,1,0,0,1.1805,87.83,25.16,121.56,6967.0,7458.41,0,0.0406,0.5695,0,1
2026-09-03T23:09:51.879090+00:00,bruteforce_ftp_v1,bruteforce_ftp_v1__run_002,initial_access,T1110.001,17,1,-0.0,0.9953,0.0122,10166.49,11561.9,0.9722,102,116,0.1504,0.1866,0.2565,0.0271,0.3379,8,6,0,1,0,0,0.8791,99.67,25.3,154.32,7038.9,8170.8,0,0.0,0.8685,0,0
2026-09-03T23:09:56.879090+00:00,bruteforce_ftp_v1,bruteforce_ftp_v1__run_002,initial_access,T1110.001,16,1,-0.0,1.0,0.0,11754.01,10389.7,0.8821,112,99,0.3234,0.9205,0.3478,0.0236,0.4186,7,5,0,1,1,0,1.1265,104.95,31.68,195.78,8011.57,7891.18,0,0.037,1.6165,0,0
2026-09-03T23:10:01.879090+00:00,bruteforce_ftp_v1,bruteforce_ftp_v1__run_002,initial_access,T1110.001,20,1,-0.0,1.0,0.0,3812.19,3430.97,0.8819,40,36,0.388,0.6859,0.2812,0.0212,0.3446,10,6,1,2,2,0,1.1027,95.3,24.08,129.37,7607.9,7879.43,1,0.0308,0.2388,0,3
2026-09-03T23:10:06.879090+00:00,bruteforce_ftp_v1,bruteforce_ftp_v1__run_002,initial_access,T1110.001,18,1,-0.0,0.9674,0.0,13259.41,13996.05,0.9438,126,133,0.2228,0.3804,0.2673,0.0368,0.3779,9,5,1,1,0,0,0.9411,105.23,34.62,203.45,7501.68,8120.21,0,0.0387,0.8315,0,0
2026-09-03T23:10:11.879090+00:00,bruteforce_ftp_v1,bruteforce_ftp_v1__run_002,initial_access,T1110.001,12,1,-0.0,1.0,0.0,6181.78,5666.63,0.8744,60,55,0.1894,0.4874,0.2915,0.0171,0.3427,6,4,0,1,0,0,1.0876,103.03,20.72,149.47,7050.59,8431.39,0,0.0819,0.9432,0,2
2026-09-03T23:10:16.879090+00:00,bruteforce_ftp_v1,bruteforce_ftp_v1__run_002,initial_access,T1110.001,16,1,-0.0,0.9863,0.0,11991.06,8457.98,0.7969,112,79,0.3077,0.9016,0.2444,0.0303,0.3352,8,5,0,1,1,0,1.4049,107.06,40.86,186.73,9541.95,8151.5,0,0.0,1.03,0,0
2026-09-03T23:10:21.879090+00:00,bruteforce_ftp_v1,bruteforce_ftp_v1__run_002,initial_access,T1110.001,21,1,-0.0,1.0,0.0154,17449.05,16514.28,0.8798,168,159,0.3631,1.0159,0.2881,0.0348,0.3924,10,7,0,3,1,0,1.0517,103.86,29.31,169.87,7289.96,7623.39,0,0.0303,0.698,0,1
2026-09-03T23:10:26.879090+00:00,bruteforce_ftp_v1,bruteforce_ftp_v1__run_002,initial_access,T1110.001,16,1,-0.0,0.9798,0.0451,12752.97,10162.53,0.8352,128,102,0.3288,0.9064,0.279,0.0313,0.3729,7,5,0,1,1,0,1.247,99.63,21.15,135.16,6557.47,9360.2,0,0.0,0.9754,0,0
2026-09-03T23:10:31.879090+00:00,bruteforce_ftp_v1,bruteforce_ftp_v1__run_002,initial_access,T1110.001,8,1,-0.0,0.9473,0.0361,3271.82,2965.09,0.7733,32,29,0.4272,0.964,0.3027,0.0432,0.4323,4,2,0,0,0,0,1.0697,102.24,22.68,133.4,7504.52,5655.94,0,0.034,1.2123,0,0
2026-09-03T23:10:36.879090+00:00,bruteforce_ftp_v1,bruteforce_ftp_v1__run_002,initial_access,T1110.001,23,1,-0.0,1.0,0.0,10656.72,9174.05,0.9192,115,99,0.2683,0.4166,0.2126,0.0226,0.2805,10,8,0,2,1,0,1.1557,92.67,26.35,140.3,9645.82,9689.26,0,0.0419,0.2236,0,1
2026-09-03T23:10:41.879090+00:00,bruteforce_ftp_v1,bruteforce_ftp_v1__run_002,initial_access,T1110.001,14,1,-0.0,1.0,0.0139,14728.21,12039.73,0.8258,126,103,0.1503,0.224,0.2458,0.0272,0.3273,7,4,1,1,1,0,1.2118,116.89,41.34,196.72,5699.49,9734.93,0,0.0442,1.4038,0,0
2026-09-03T23:10:46.879090+00:00,bruteforce_ftp_v1,bruteforce_ftp_v1__run_002,initial_access,T1110.001,14,1,-0.0,1.0,0.0,10029.93,7471.28,0.8684,98,73,0.3111,0.8413,0.2942,0.0251,0.3695,7,5,1,1,1,0,1.3368,102.35,19.48,135.1,8313.6,7883.75,0,0.0,1.1641,0,0
2026-09-03T23:10:51.879090+00:00,bruteforce_ftp_v1,bruteforce_ftp_v1__run_002,initial_access,T1110.001,14,1,-0.0,0.9828,0.0099,11595.63,11181.5,0.9144,112,108,0.3991,1.1028,0.2467,0.0359,0.3545,6,4,0,1,1,0,1.03,103.53,22.13,156.52,9215.86,7903.62,0,0.0403,1.232,0,0
2026-09-03T23:10:56.879090+00:00,bruteforce_ftp_v1,bruteforce_ftp_v1__run_002,initial_access,T1110.001,16,1,-0.0,1.0,0.0028,4935.46,4935.46,0.862,48,48,0.3014,0.5896,0.353,0.0443,0.486,7,6,0,1,1,0,0.9994,102.82,25.37,146.02,9228.97,7456.28,0,0.0,1.0154,0,0
2026-09-03T23:11:01.879090+00:00,bruteforce_ftp_v1,bruteforce_ftp_v1__run_002,initial_access,T1110.001,19,1,-0.0,1.0,0.0,5206.35,5297.69,0.8354,57,58,0.1661,0.3513,0.2252,0.0249,0.2999,9,6,0,2,1,0,0.9681,91.34,32.64,188.88,8278.13,10028.91,0,0.053,1.0828,0,0
2026-09-03T23:11:06.879090+00:00,bruteforce_ftp_v1,bruteforce_ftp_v1__run_002,initial_access,T1110.001,17,1,-0.0,1.0,0.0,3188.75,3188.75,0.8299,34,34,0.3941,0.5753,0.3181,0.0161,0.3663,8,5,1,0,0,0,0.973,93.79,19.24,133.48,8996.48,7588.18,0,0.0,1.5595,0,0
2026-09-03T23:11:11.879090+00:00,bruteforce_ftp_v1,bruteforce_ftp_v1__run_002,initial_access,T1110.001,14,1,-0.0,0.9956,0.0,5845.07,4383.8,0.9137,56,42,0.3707,0.5113,0.2862,0.0208,0.3485,6,4,0,2,0,0,1.3033,104.38,30.3,160.75,8596.34,9895.72,0,0.0433,0.4114,0,0
2026-09-03T23:11:16.879090+00:00,bruteforce_ftp_v1,bruteforce_ftp_v1__run_002,initial_access,T1110.001,15,1,-0.0,0.9649,0.0333,1435.0,1243.67,0.8369,15,13,0.3941,0.714,0.2691,0.0258,0.3465,7,5,0,1,0,0,1.1128,95.67,28.17,153.64,8113.02,8369.19,0,0.0605,0.1654,0,0
2026-09-03T23:11:21.879090+00:00,bruteforce_ftp_v1,bruteforce_ftp_v1__run_002,initial_access,T1110.001,15,1,-0.0,1.0,0.0,1595.87,1489.48,0.8356,15,14,0.2589,0.412,0.2949,0.016,0.3429,7,5,0,1,1,0,1.0291,106.39,34.47,168.51,5360.81,8343.95,0,0.0529,1.6011,0,0
2026-09-03T23:11:26.879090+00:00,bruteforce_ftp_v1,bruteforce_ftp_v1__run_002,initial_access,T1110.001,20,1,-0.0,0.9989,0.0045,11222.08,8977.67,0.8746,120,96,0.3406,0.7289,0.3077,0.0223,0.3747,10,7,1,1,1,0,1.2408,93.52,20.09,132.32,6944.2,5142.3,0,0.0041,1.0778,0,3
2026-09-03T23:11:31.879090+00:00,bruteforce_ftp_v1,bruteforce_ftp_v1__run_002,initial_access,T1110.001,19,1,-0.0,1.0,0.0017,9486.72,9386.86,0.9367,95,94,0.3086,0.808,0.3258,0.0453,0.4616,8,6,1,2,1,0,1.0017,99.86,30.36,183.51,7172.76,9505.4,0,0.0314,0.9326,0,0
2026-09-03T23:11:36.879090+00:00,bruteforce_ftp_v1,bruteforce_ftp_v1__run_002,initial_access,T1110.001,9,1,-0.0,1.0,0.0,2682.72,2285.28,0.8442,27,23,0.3096,0.7539,0.3021,0.0437,0.4331,4,3,0,0,0,0,1.147,99.36,24.88,147.52,9109.82,9827.46,0,0.0,1.5421,0,0
2026-09-03T23:11:41.879090+00:00,bruteforce_ftp_v1,bruteforce_ftp_v1__run_002,initial_access,T1110.001,17,1,-0.0,1.0,0.0,12853.97,9613.48,0.8669,119,89,0.2625,0.678,0.3828,0.0382,0.4975,8,5,1,1,1,0,1.3352,108.02,39.04,191.82,7201.15,7654.36,0,0.034,0.6391,0,0
2026-09-03T23:11:46.879090+00:00,bruteforce_ftp_v1,bruteforce_ftp_v1__run_002,initial_access,T1110.001,18,1,-0.0,0.9886,0.0028,17788.04,13538.67,0.7935,180,137,0.4107,0.8009,0.2055,0.0211,0.2687,8,6,1,1,2,0,1.3072,98.82,25.33,150.6,7057.79,7499.87,1,0.0,1.2282,0,0
2026-09-03T23:11:51.879090+00:00,bruteforce_ftp_v1,bruteforce_ftp_v1__run_002,initial_access,T1110.001,25,1,-0.0,1.0,0.0148,15697.8,12662.89,0.8151,150,121,0.1458,0.3297,0.2597,0.0132,0.2993,12,9,1,2,1,0,1.2306,104.65,23.49,146.82,9513.11,8073.54,0,0.0176,1.2276,0,0
2026-09-03T23:11:56.879090+00:00,bruteforce_ftp_v1,bruteforce_ftp_v1__run_002,initial_access,T1110.001,13,1,-0.0,0.9546,0.0188,15658.69,13149.28,0.9935,156,131,0.197,0.5289,0.2329,0.0229,0.3016,6,4,0,1,1,0,1.1899,100.38,31.4,155.26,6629.28,7881.69,0,0.0,0.9263,0,0
2026-09-03T23:12:01.879090+00:00,bruteforce_ftp_v1,bruteforce_ftp_v1__run_002,initial_access,T1110.001,15,1,-0.0,0.9734,0.0093,15454.37,13300.12,0.8249,165,142,0.1716,0.4396,0.3124,0.0356,0.4194,7,4,0,1,1,0,1.1603,93.66,25.45,142.19,6249.72,9311.95,0,0.0089,0.9124,0,0
2026-09-03T23:12:06.879090+00:00,bruteforce_ftp_v1,bruteforce_ftp_v1__run_002,initial_access,T1110.001,15,1,-0.0,1.0,0.057,8217.62,5807.12,0.8562,75,53,0.3046,0.8679,0.2988,0.033,0.3978,7,5,0,1,1,0,1.3903,109.57,29.02,156.75,8980.21,8123.99,0,0.0,1.1245,0,1
2026-09-03T23:12:11.879090+00:00,bruteforce_ftp_v1,bruteforce_ftp_v1__run_002,initial_access,T1110.001,19,1,-0.0,1.0,0.0,8435.54,8790.72,0.8886,95,99,0.27,0.41,0.2941,0.0365,0.4036,9,6,1,2,1,0,0.9543,88.8,25.48,134.11,8200.51,8893.29,0,0.0125,0.6829,0,1
2026-09-03T23:12:16.879090+00:00,bruteforce_ftp_v1,bruteforce_ftp_v1__run_002,initial_access,T1110.001,15,1,-0.0,0.9978,0.0,1591.59,1061.06,0.867,15,10,0.2719,0.4985,0.3408,0.0291,0.4282,7,5,0,0,0,0,1.3808,106.11,23.34,180.31,9855.21,7320.07,0,0.0,1.5681,0,0
2026-09-03T23:12:21.879090+00:00,bruteforce_ftp_v1,bruteforce_ftp_v1__run_002,initial_access,T1110.001,15,1,-0.0,0.9624,0.0331,7502.23,5801.73,0.8856,75,58,0.3327,0.8037,0.2949,0.0241,0.3672,6,5,0,1,1,0,1.2772,100.03,26.48,149.83,8797.79,7932.96,0,0.0648,0.7,0,0
2026-09-03T23:12:26.879090+00:00,bruteforce_ftp_v1,bruteforce_ftp_v1__run_002,initial_access,T1110.001,17,1,-0.0,0.9676,0.0327,9458.22,8345.49,0.805,85,75,0.16,0.2426,0.3263,0.0198,0.3857,9,5,0,2,1,0,1.1325,111.27,26.91,177.93,7337.49,8295.5,0,0.0466,1.1656,0,0
2026-09-03T23:12:31.879090+00:00,bruteforce_ftp_v1,bruteforce_ftp_v1__run_002,initial_access,T1110.001,19,1,-0.0,0.9968,0.0229,9485.83,8187.77,0.9113,95,82,0.3275,0.6231,0.2709,0.0234,0.3412,9,6,1,2,1,0,1.1536,99.85,28.53,179.98,7295.84,8987.36,0,0.0,0.8614,0,0
2026-09-03T23:12:36.879090+00:00,bruteforce_ftp_v1,bruteforce_ftp_v1__run_002,initial_access,T1110.001,11,1,-0.0,1.0,0.0309,7195.66,6354.61,0.8577,77,68,0.1906,0.2315,0.2671,0.0241,0.3393,5,3,0,1,0,0,1.1245,93.45,31.05,168.3,8507.13,8205.77,0,0.0325,0.9051,0,0
2026-09-03T23:12:41.879090+00:00,bruteforce_ftp_v1,bruteforce_ftp_v1__run_002,initial_access,T1110.001,25,1,-0.0,0.9808,0.0,18026.49,17820.48,0.8338,175,173,0.334,0.5351,0.2608,0.0387,0.377,13,8,1,3,1,0,1.0113,103.01,31.41,160.72,8210.14,8031.66,0,0.0425,0.9488,0,1
2026-09-03T23:12:46.879090+00:00,bruteforce_ftp_v1,bruteforce_ftp_v1__run_002,initial_access,T1110.001,13,1,-0.0,1.0,0.0,10694.52,9871.87,0.8044,104,96,0.3604,0.6012,0.2902,0.0176,0.3431,6,4,0,1,1,0,1.0785,102.83,34.29,176.32,7487.62,7380.71,0,0.0048,0.7177,0,0
2026-09-03T23:12:51.879090+00:00,bruteforce_ftp_v1,bruteforce_ftp_v1__run_002,initial_access,T1110.001,15,1,-0.0,1.0,0.0,4245.08,2830.05,0.887,45,30,0.4207,0.8854,0.2345,0.0138,0.2759,7,5,0,1,0,0,1.4777,94.34,29.65,145.93,6277.29,4870.13,0,0.0071,1.0578,0,0
2026-09-03T23:12:56.879090+00:00,bruteforce_ftp_v1,bruteforce_ftp_v1__run_002,initial_access,T1110.001,18,1,-0.0,0.9797,0.0045,10836.41,9933.37,0.8794,108,99,0.1538,0.3349,0.2808,0.0172,0.3324,8,6,1,1,1,0,1.0868,100.34,35.24,189.02,5871.39,8420.5,0,0.0,0.8087,0,2
2026-09-03T23:13:01.879090+00:00,bruteforce_ftp_v1,bruteforce_ftp_v1__run_002,initial_access,T1110.001,21,1,-0.0,1.0,0.0,14961.29,10991.97,0.8538,147,108,0.269,0.3743,0.2811,0.0183,0.3359,10,6,1,1,1,0,1.356,101.78,21.8,145.8,8458.32,7910.98,0,0.0629,0.433,0,0
2026-09-03T23:13:06.879090+00:00,bruteforce_ftp_v1,bruteforce_ftp_v1__run_002,initial_access,T1110.001,19,1,-0.0,0.982,0.023,11674.94,9319.47,0.8245,114,91,0.2694,0.4704,0.3319,0.0421,0.4581,9,6,1,2,1,0,1.2504,102.41,21.86,145.51,7752.43,9158.01,0,0.0338,1.6191,0,1
2026-09-03T23:13:11.879090+00:00,bruteforce_ftp_v1,bruteforce_ftp_v1__run_002,initial_access,T1110.001,17,1,-0.0,0.9869,0.0528,7017.94,6501.92,0.7891,68,63,0.3789,0.8104,0.2807,0.0235,0.3513,8,5,0,0,1,0,1.0633,103.21,28.78,163.63,8615.79,11011.64,0,0.0502,0.9303,0,1
2026-09-03T23:13:16.879090+00:00,bruteforce_ftp_v1,bruteforce_ftp_v1__run_002,initial_access,T1110.001,19,1,-0.0,0.997,0.0,15412.29,15412.29,0.8887,152,152,0.2815,0.6904,0.2809,0.0409,0.4036,9,7,1,1,1,0,0.994,101.4,30.01,173.56,8130.45,7993.68,0,0.0,1.0666,0,0
2026-09-03T23:13:21.879090+00:00,bruteforce_ftp_v1,bruteforce_ftp_v1__run_002,initial_access,T1110.001,15,1,-0.0,0.9825,0.0004,4283.15,3331.34,0.8159,45,35,0.1825,0.429,0.2554,0.0271,0.3369,7,5,0,1,0,0,1.2628,95.18,21.87,136.72,8275.97,8876.3,0,0.0173,1.5709,0,0
2026-09-03T23:13:26.879090+00:00,bruteforce_ftp_v1,bruteforce_ftp_v1__run_002,initial_access,T1110.001,21,1,-0.0,1.0,0.0347,13972.81,12642.06,0.8987,147,133,0.3405,0.4611,0.3146,0.0308,0.4071,10,7,0,2,2,0,1.1043,95.05,26.39,141.35,9062.58,9457.69,1,0.0282,1.7157,0,0
2026-09-03T23:13:31.879090+00:00,bruteforce_ftp_v1,bruteforce_ftp_v1__run_002,initial_access,T1110.001,23,1,-0.0,1.0,0.0162,13868.57,13165.09,0.8268,138,131,0.4068,0.8605,0.2786,0.0198,0.3379,11,7,1,2,2,0,1.0468,100.5,27.12,158.97,8179.37,5730.8,1,0.0446,1.1395,0,0
2026-09-03T23:13:36.879090+00:00,bruteforce_ftp_v1,bruteforce_ftp_v1__run_002,initial_access,T1110.001,10,1,-0.0,0.9505,0.0357,2656.18,2213.49,0.9629,30,25,0.3866,0.4649,0.2282,0.0195,0.2866,5,3,0,0,0,0,1.1638,88.54,26.57,144.8,8659.48,6394.49,0,0.0,1.462,0,0
2026-09-03T23:13:41.879090+00:00,bruteforce_ftp_v1,bruteforce_ftp_v1__run_002,initial_access,T1110.001,20,1,-0.0,1.0,0.0,14944.06,16331.73,0.8704,140,153,0.429,0.5581,0.2655,0.0214,0.3298,10,7,1,2,0,0,0.9139,106.74,31.44,164.23,6865.25,10320.79,0,0.0213,0.034,0,1
2026-09-03T23:13:46.879090+00:00,bruteforce_ftp_v1,bruteforce_ftp_v1__run_002,initial_access,T1110.001,10,1,-0.0,1.0,0.0,3748.81,2811.61,0.7813,40,30,0.1751,0.4218,0.3439,0.0287,0.43,4,3,0,1,0,0,1.3197,93.72,21.43,135.38,7810.05,7459.51,0,0.0,1.0695,0,0
2026-09-03T23:13:51.879090+00:00,bruteforce_ftp_v1,bruteforce_ftp_v1__run_002,initial_access,T1110.001,28,1,-0.0,0.9939,0.029,23223.2,23119.52,0.8053,224,223,0.2325,0.4606,0.2378,0.0261,0.3161,15,8,1,3,2,0,1.0039,103.67,28.73,157.44,7513.59,8357.72,1,0.0042,1.0296,0,0
2026-09-03T23:13:56.879090+00:00,bruteforce_ftp_v1,bruteforce_ftp_v1__run_002,initial_access,T1110.001,21,1,-0.0,1.0,0.0073,10646.88,9632.89,0.9304,105,95,0.3895,0.4703,0.2658,0.0187,0.322,10,7,0,2,1,0,1.0998,101.4,29.79,154.69,8352.21,10086.63,0,0.0541,1.5736,0,0
2026-09-03T23:14:01.879090+00:00,bruteforce_ftp_v1,bruteforce_ftp_v1__run_002,initial_access,T1110.001,22,1,-0.0,0.9743,0.0135,16619.05,16902.33,0.8858,176,179,0.2886,0.4466,0.3251,0.0181,0.3794,10,7,0,2,1,0,0.982,94.43,24.15,131.07,5689.67,7643.76,0,0.0486,0.2312,0,0
2026-09-03T23:14:06.879090+00:00,bruteforce_ftp_v1,bruteforce_ftp_v1__run_002,initial_access,T1110.001,22,1,-0.0,1.0,0.0085,14259.25,13070.98,0.8909,132,121,0.2539,0.6159,0.271,0.036,0.379,11,7,0,1,2,0,1.0857,108.02,27.0,156.46,9083.4,8408.87,1,0.034,1.4973,0,0
2026-09-03T23:14:11.879090+00:00,bruteforce_ftp_v1,bruteforce_ftp_v1__run_002,initial_access,T1110.001,15,1,-0.0,0.996,0.0,5502.55,4768.88,0.7418,60,52,0.2567,0.3756,0.2866,0.0373,0.3984,7,4,0,1,1,0,1.1426,91.71,25.22,153.8,8742.92,9715.98,0,0.0,1.8301,0,0
2026-09-03T23:14:16.879090+00:00,bruteforce_ftp_v1,bruteforce_ftp_v1__run_002,initial_access,T1110.001,24,1,-0.0,1.0,0.0,20813.35,21680.57,0.8968,192,200,0.1757,0.4095,0.2739,0.0322,0.3705,11,8,1,2,2,0,0.9572,108.4,37.09,230.54,7689.52,7548.55,1,0.0,0.6756,0,1
2026-09-03T23:14:21.879090+00:00,bruteforce_ftp_v1,bruteforce_ftp_v1__run_002,initial_access,T1110.001,17,1,-0.0,0.9607,0.0274,11420.71,8157.65,0.7935,119,85,0.2204,0.5866,0.2958,0.0154,0.3421,8,6,1,1,1,0,1.3953,95.97,29.78,160.52,9641.93,8756.47,0,0.0372,0.7786,0,0
2026-09-03T23:14:26.879090+00:00,bruteforce_ftp_v1,bruteforce_ftp_v1__run_002,initial_access,T1110.001,19,1,-0.0,0.9825,0.0328,11095.99,7786.66,0.8629,114,80,0.3788,1.0252,0.2344,0.0154,0.2806,10,6,1,1,1,0,1.4113,97.33,26.68,157.27,6959.28,7568.93,0,0.0204,0.2536,0,1
2026-09-03T23:14:31.879090+00:00,bruteforce_ftp_v1,bruteforce_ftp_v1__run_002,initial_access,T1110.001,18,1,-0.0,0.991,0.0092,9525.72,10372.45,0.9317,90,98,0.1329,0.356,0.2998,0.0242,0.3725,9,6,1,1,0,0,0.9124,105.84,33.75,197.42,9448.59,9910.0,0,0.0561,0.5508,0,0
2026-09-03T23:14:36.879090+00:00,bruteforce_ftp_v1,bruteforce_ftp_v1__run_002,initial_access,T1110.001,14,1,-0.0,0.9747,0.0,5894.13,4525.85,0.8602,56,43,0.247,0.6821,0.2778,0.018,0.3317,7,5,0,1,1,0,1.2955,105.25,25.67,157.73,6332.6,8643.08,0,0.0573,0.7887,0,1
2026-09-03T23:14:41.879090+00:00,bruteforce_ftp_v1,bruteforce_ftp_v1__run_002,initial_access,T1110.001,11,1,-0.0,0.991,0.0,4438.62,3530.72,0.8867,44,35,0.3303,0.8282,0.317,0.046,0.4552,5,3,0,1,0,0,1.2377,100.88,37.41,183.65,7539.04,7873.8,0,0.0189,0.6759,0,0
2026-09-03T23:14:46.879090+00:00,bruteforce_ftp_v1,bruteforce_ftp_v1__run_002,initial_access,T1110.001,17,1,-0.0,1.0,0.0111,8591.93,8389.77,0.8715,85,83,0.1926,0.2912,0.2537,0.0273,0.3357,8,6,0,1,0,0,1.0185,101.08,22.37,151.71,8224.77,6828.33,0,0.0018,1.8954,0,0
2026-09-03T23:14:51.879090+00:00,bruteforce_ftp_v1,bruteforce_ftp_v1__run_002,initial_access,T1110.001,13,1,-0.0,1.0,0.0,4286.7,3627.2,0.7658,39,33,0.3143,0.6003,0.3243,0.0282,0.4089,6,4,0,1,0,0,1.1589,109.92,33.11,195.37,9233.73,9152.63,0,0.0,1.3838,0,1
2026-09-03T23:14:56.879090+00:00,bruteforce_ftp_v1,bruteforce_ftp_v1__run_002,initial_access,T1110.001,16,1,-0.0,0.9716,0.0231,6583.36,7714.88,0.778,64,75,0.2942,0.4586,0.2977,0.0402,0.4183,8,5,0,1,0,0,0.8505,102.87,25.01,155.98,6940.4,5177.87,0,0.0,0.8451,0,2
2026-09-03T23:15:01.879090+00:00,bruteforce_ftp_v1,bruteforce_ftp_v1__run_002,initial_access,T1110.001,16,1,-0.0,1.0,0.0,10838.22,8693.16,0.8349,96,77,0.2151,0.5075,0.3266,0.0246,0.4003,7,5,0,1,1,0,1.2382,112.9,27.17,169.19,7996.15,7831.2,0,0.0362,0.8748,0,1
2026-09-03T23:15:06.879090+00:00,bruteforce_ftp_v1,bruteforce_ftp_v1__run_002,initial_access,T1110.001,17,1,-0.0,0.9879,0.0525,3092.6,2910.69,0.869,34,32,0.2976,0.7924,0.3108,0.0368,0.4213,8,6,1,1,0,0,1.0567,90.96,40.26,204.93,8695.83,10439.13,0,0.0743,0.494,0,0
2026-09-03T23:15:11.879090+00:00,bruteforce_ftp_v1,bruteforce_ftp_v1__run_002,initial_access,T1110.001,22,1,-0.0,0.9769,0.0265,14166.3,11958.57,0.7877,154,130,0.1965,0.4708,0.2997,0.0174,0.3521,10,7,1,2,1,0,1.177,91.99,33.5,173.03,7739.06,7200.22,0,0.0,1.1085,0,0
2026-09-03T23:15:16.879090+00:00,bruteforce_ftp_v1,bruteforce_ftp_v1__run_002,initial_access,T1110.001,15,1,-0.0,1.0,0.0,15815.65,17660.81,0.826,120,134,0.4545,0.91,0.234,0.0287,0.3202,7,5,0,1,1,0,0.8903,131.8,19.64,168.63,7144.11,9001.71,0,0.0716,1.306,0,0
2026-09-03T23:15:21.879090+00:00,bruteforce_ftp_v1,bruteforce_ftp_v1__run_002,initial_access,T1110.001,15,1,-0.0,1.0,0.0,11053.23,15382.41,0.7921,120,167,0.266,0.4893,0.335,0.0238,0.4064,6,5,0,2,1,0,0.715,92.11,28.58,158.56,6569.11,7046.64,0,0.0568,0.6312,0,0
2026-09-03T23:15:26.879090+00:00,bruteforce_ftp_v1,bruteforce_ftp_v1__run_002,initial_access,T1110.001,15,1,-0.0,0.9609,0.0602,7556.38,9269.16,0.8748,75,92,0.3758,0.839,0.3133,0.0195,0.3718,7,4,0,1,1,0,0.8115,100.75,30.84,174.34,7035.43,8007.67,0,0.0,0.6948,0,0
2026-09-03T23:15:31.879090+00:00,bruteforce_ftp_v1,bruteforce_ftp_v1__run_002,initial_access,T1110.001,15,1,-0.0,1.0,0.0,5763.49,5091.08,0.894,60,53,0.4319,0.9506,0.3389,0.0465,0.4784,7,5,1,1,1,0,1.1277,96.06,24.8,146.84,6923.31,8874.46,0,0.0115,0.0896,0,0
2026-09-03T23:15:36.879090+00:00,bruteforce_ftp_v1,bruteforce_ftp_v1__run_002,initial_access,T1110.001,18,1,-0.0,0.9623,0.0518,15905.78,21796.81,0.86,162,222,0.358,0.9774,0.2563,0.0251,0.3315,9,6,0,1,1,0,0.7288,98.18,31.9,168.79,8220.49,5905.78,0,0.076,0.4574,0,0
2026-09-03T23:15:41.879090+00:00,bruteforce_ftp_v1,bruteforce_ftp_v1__run_002,initial_access,T1110.001,17,1,-0.0,0.9475,0.0639,19128.91,18678.82,0.9444,170,166,0.215,0.5904,0.2442,0.0136,0.2849,8,6,1,1,1,0,1.024,112.52,24.36,177.96,8299.13,7419.63,0,0.0165,1.1862,0,0
2026-09-03T23:15:46.879090+00:00,bruteforce_ftp_v1,bruteforce_ftp_v1__run_002,initial_access,T1110.001,17,1,-0.0,0.9381,0.0505,13973.87,13151.88,0.9127,153,144,0.1922,0.3689,0.3548,0.0216,0.4196,8,6,0,2,1,0,1.0592,91.33,25.81,139.51,9054.44,9034.17,0,0.005,1.1589,0,1
2026-09-03T23:15:51.879090+00:00,bruteforce_ftp_v1,bruteforce_ftp_v1__run_002,initial_access,T1110.001,20,1,-0.0,1.0,0.0,9011.09,6758.31,0.8404,80,60,0.1499,0.2949,0.2502,0.0248,0.3247,10,7,1,1,1,0,1.3293,112.64,41.32,214.55,9854.06,9079.66,0,0.0107,1.0318,0,1
2026-09-03T23:15:56.879090+00:00,bruteforce_ftp_v1,bruteforce_ftp_v1__run_002,initial_access,T1110.001,17,1,-0.0,1.0,0.0351,5700.96,4694.91,0.9569,51,42,0.3576,0.7863,0.2515,0.036,0.3595,8,5,0,1,0,0,1.2066,111.78,33.42,175.61,9504.84,8250.85,0,0.072,1.6255,0,1
2026-09-03T23:16:01.879090+00:00,bruteforce_ftp_v1,bruteforce_ftp_v1__run_002,initial_access,T1110.001,22,1,-0.0,1.0,0.0,14218.51,15880.41,0.8572,154,172,0.385,0.5119,0.2865,0.0195,0.3451,10,7,1,2,1,0,0.8934,92.33,22.15,136.32,7401.39,5961.66,0,0.0,1.8429,0,3
