timestamp,persona_id,run_id,mitre_stage,technique_id,flow_count,unique_dst_ports,dest_port_entropy,tcp_ratio,udp_ratio,bytes_fwd_sum,bytes_bwd_sum,bidirectional_ratio,pkts_fwd_sum,pkts_bwd_sum,duration_mean,duration_max,iat_mean,iat_std,iat_max,syn_flag_sum,ack_flag_sum,fin_flag_sum,rst_flag_sum,psh_flag_sum,urg_flag_sum,down_up_ratio_mean,pkt_len_mean,pkt_len_std,pkt_len_max,init_fwd_win_mean,init_bwd_win_mean,fwd_psh_flags_sum,port_scan_score,ttl_variance,ip_fragment_flags,retransmit_count
2026-09-09T14:50:39.514983+00:00,benign_browsing_v1,benign_browsing_v1__run_000,benign,,3,2,0.9183,0.8598,0.134,11011.98,4588.33,0.6973,12,5,0.5416,0.9093,0.7258,0.3262,1.7043,0,1,0,0,0,0,2.3952,917.67,389.32,1459.74,7940.0,8240.58,0,0.0098,3.7867,0,0
2026-09-09T14:50:44.514983+00:00,benign_browsing_v1,benign_browsing_v1__run_000,benign,,4,4,2.0,0.8758,0.1341,11376.05,2844.01,0.739,20,5,1.7296,4.3943,1.1456,0.2455,1.8822,0,2,0,0,0,0,3.452,568.8,173.92,869.01,8575.72,7538.49,0,0.0176,3.8058,0,0
2026-09-09T14:50:49.514983+00:00,benign_browsing_v1,benign_browsing_v1__run_000,benign,,5,2,0.971,0.893,0.1174,12887.55,3866.27,0.6435,20,6,0.6932,1.5151,0.7451,0.1468,1.1856,0,3,0,0,0,0,3.2025,644.38,250.77,1128.93,10172.94,8818.17,0,0.0914,4.4223,0,0
2026-09-09T14:50:54.514983+00:00,benign_browsing_v1,benign_browsing_v1__run_000,benign,,6,3,1.4591,0.8946,0.0816,20572.18,6857.39,0.6318,36,12,1.114,2.2517,0.7612,0.3107,1.6932,0,3,0,0,0,0,2.8059,571.45,409.18,1420.87,8400.96,7652.33,0,0.0548,3.6812,0,0
2026-09-09T14:50:59.514983+00:00,benign_browsing_v1,benign_browsing_v1__run_000,benign,,5,3,1.371,0.8981,0.0849,14219.22,5118.92,0.7553,25,9,0.5607,1.0352,0.7392,0.3019,1.6449,0,3,0,0,0,0,2.5247,568.77,263.74,1031.93,8710.71,6981.42,0,0.0013,4.0426,0,0
2026-09-09T14:51:04.514983+00:00,benign_browsing_v1,benign_browsing_v1__run_000,benign,,4,2,0.8113,0.8461,0.1273,17478.69,8739.34,0.7088,36,18,0.7423,2.0529,0.7587,0.3942,1.9412,0,2,0,0,0,0,1.9361,485.52,105.46,656.46,7048.88,7719.33,0,0.0488,3.9121,0,0
2026-09-09T14:51:09.514983+00:00,benign_browsing_v1,benign_browsing_v1__run_000,benign,,8,4,1.8113,0.8906,0.1129,15750.01,4921.88,0.6468,32,10,1.2513,2.7927,0.9586,0.416,2.2067,0,4,0,0,0,0,3.0194,492.19,222.69,960.71,8269.95,7537.15,0,0.0077,4.7305,0,0
2026-09-09T14:51:14.514983+00:00,benign_browsing_v1,benign_browsing_v1__run_000,benign,,7,4,1.8424,0.8548,0.1176,30044.41,22533.31,0.6645,56,42,0.488,1.4016,0.5882,0.1206,0.9502,0,4,0,0,0,0,1.325,536.51,229.64,812.86,8924.71,6452.69,0,0.0657,4.9827,0,0
2026-09-09T14:51:19.514983+00:00,benign_browsing_v1,benign_browsing_v1__run_000,benign,,11,4,1.9363,0.8581,0.1051,42636.66,26647.92,0.6876,88,55,1.1142,2.9145,0.9139,0.1698,1.4233,0,6,1,0,1,0,1.573,484.51,169.15,814.75,9216.83,6887.33,0,0.0266,3.9766,0,0
2026-09-09T14:51:24.514983+00:00,benign_browsing_v1,benign_browsing_v1__run_000,benign,,9,4,1.7527,0.8572,0.1518,40495.14,15748.11,0.799,72,28,0.6098,0.7972,0.661,0.3316,1.656,0,5,0,0,0,0,2.505,562.43,223.79,838.29,8138.08,7787.99,0,0.0,4.3141,0,0
2026-09-09T14:51:29.514983+00:00,benign_browsing_v1,benign_browsing_v1__run_000,benign,,7,4,1.6645,0.8845,0.1255,33466.82,12749.27,0.7394,42,16,1.0016,1.7137,0.5864,0.1485,1.0319,0,4,0,0,0,0,2.5969,796.83,356.95,1441.74,9466.35,8378.89,0,0.0,3.1458,0,0
2026-09-09T14:51:34.514983+00:00,benign_browsing_v1,benign_browsing_v1__run_000,benign,,6,4,1.9183,0.8777,0.1356,12666.78,4222.26,0.7166,30,10,0.8569,2.3272,1.1546,0.3987,2.3506,0,3,0,0,0,0,2.9741,422.23,193.42,841.99,7002.93,7370.22,0,0.0,4.2261,0,0
2026-09-09T14:51:39.514983+00:00,benign_browsing_v1,benign_browsing_v1__run_000,benign,,6,4,1.7925,0.8758,0.1503,39112.63,15210.47,0.6874,54,21,0.6213,1.4875,0.8108,0.224,1.4827,0,3,0,0,0,0,2.4588,724.31,500.76,1461.99,10121.78,8281.48,0,0.0627,2.8913,0,0
2026-09-09T14:51:44.514983+00:00,benign_browsing_v1,benign_browsing_v1__run_000,benign,,8,3,1.5613,0.8903,0.1114,38981.57,18272.61,0.6557,64,30,1.0208,2.0711,1.0526,0.2635,1.8433,0,4,0,0,0,0,2.1196,609.09,180.63,860.91,7979.62,7210.64,0,0.0097,4.3634,0,0
2026-09-09T14:51:49.514983+00:00,benign_browsing_v1,benign_browsing_v1__run_000,benign,,7,4,1.8424,0.8428,0.1825,23310.22,11988.11,0.609,35,18,0.9687,2.3407,0.7516,0.2162,1.4002,0,4,0,0,0,0,1.935,666.01,251.11,1097.62,7723.13,7897.28,0,0.0247,3.8952,0,0
2026-09-09T14:51:54.514983+00:00,benign_browsing_v1,benign_browsing_v1__run_000,benign,,10,3,1.361,0.9667,0.028,27268.71,14316.07,0.6814,40,21,0.6419,1.7192,0.5882,0.1948,1.1727,0,6,0,0,1,0,1.8681,681.72,330.17,1367.09,8149.9,6814.39,0,0.0505,4.6692,0,0
2026-09-09T14:51:59.514983+00:00,benign_browsing_v1,benign_browsing_v1__run_000,benign,,13,4,1.8843,0.8663,0.1338,26364.12,8619.04,0.6706,52,17,0.6387,1.5326,0.4892,0.2438,1.2206,0,8,0,0,1,0,2.9238,507.0,225.17,929.1,7136.83,7791.44,0,0.0688,3.4038,0,0
2026-09-09T14:52:04.514983+00:00,benign_browsing_v1,benign_browsing_v1__run_000,benign,,3,3,1.585,0.8866,0.1315,12971.51,4941.53,0.7976,21,8,1.3568,3.2278,1.1927,0.5609,2.8753,0,1,0,0,0,0,2.5145,617.69,162.21,833.23,9055.74,8872.16,0,0.0964,4.4426,0,0
2026-09-09T14:52:09.514983+00:00,benign_browsing_v1,benign_browsing_v1__run_000,benign,,5,2,0.971,0.8767,0.1468,8919.98,2378.66,0.5997,15,4,0.6736,1.7114,1.1702,0.3694,2.2785,0,3,0,0,0,0,3.4785,594.67,294.99,1164.77,6609.31,9227.0,0,0.0,4.0368,0,0
2026-09-09T14:52:14.514983+00:00,benign_browsing_v1,benign_browsing_v1__run_000,benign,,0,0,0.0,0.8567,0.1463,0.0,0.0,0.7451,0,0,1.2766,2.5872,1.2,0.4983,2.695,0,0,0,0,0,0,2.6108,505.55,0.0,505.55,8678.15,7845.33,0,0.0,3.5022,0,0
2026-09-09T14:52:19.514983+00:00,benign_browsing_v1,benign_browsing_v1__run_000,benign,,8,4,1.9056,0.8382,0.187,17719.47,7198.53,0.7277,32,13,1.2818,2.5408,0.9837,0.3131,1.9232,0,5,0,0,1,0,2.3729,553.73,231.42,1130.18,7767.0,8517.05,0,0.0,3.4957,0,0
2026-09-09T14:52:24.514983+00:00,benign_browsing_v1,benign_browsing_v1__run_000,benign,,4,2,0.8113,0.8836,0.0864,7328.91,3298.01,0.6326,20,9,0.933,1.585,1.0935,0.4059,2.3112,0,2,0,0,0,0,2.1788,366.45,80.33,455.0,7558.78,8717.36,0,0.0,3.9728,0,0
2026-09-09T14:52:29.514983+00:00,benign_browsing_v1,benign_browsing_v1__run_000,benign,,6,3,1.4591,0.9108,0.1085,3739.38,623.23,0.7315,6,1,1.0955,2.1285,0.8155,0.3793,1.9534,0,3,0,0,0,0,4.2466,623.23,226.91,963.62,8864.43,9430.42,0,0.0543,4.3554,0,0
2026-09-09T14:52:34.514983+00:00,benign_browsing_v1,benign_browsing_v1__run_000,benign,,9,4,1.7527,0.8865,0.1174,35403.77,22127.36,0.6836,72,45,0.9319,1.7889,0.6413,0.1957,1.2282,0,5,0,0,1,0,1.5801,491.72,136.91,700.54,7688.74,9850.81,0,0.0888,4.9924,0,0
2026-09-09T14:52:39.514983+00:00,benign_browsing_v1,benign_browsing_v1__run_000,benign,,2,2,1.0,0.8797,0.0864,7628.29,1907.07,0.7278,12,3,0.776,1.8186,1.0949,0.2845,1.9485,0,1,0,0,0,0,3.0209,635.69,62.64,698.33,7830.0,7969.15,0,0.0,4.6838,0,0
2026-09-09T14:52:44.514983+00:00,benign_browsing_v1,benign_browsing_v1__run_000,benign,,6,4,1.9183,0.8979,0.1211,9026.57,3008.86,0.7237,18,6,0.5852,1.366,1.1222,0.5771,2.8534,0,3,0,0,0,0,2.6067,501.48,195.7,808.29,9316.87,9815.78,0,0.0172,3.7981,0,0
2026-09-09T14:52:49.514983+00:00,benign_browsing_v1,benign_browsing_v1__run_000,benign,,3,2,0.9183,0.9609,0.0335,11127.96,7418.64,0.6518,21,14,1.1191,3.3493,0.6632,0.3391,1.6805,0,1,0,0,0,0,1.49,529.9,189.1,757.04,8045.4,8200.85,0,0.0101,4.7984,0,0
2026-09-09T14:52:54.514983+00:00,benign_browsing_v1,benign_browsing_v1__run_000,benign,,2,1,-0.0,0.883,0.1326,3310.0,1655.0,0.7123,6,3,0.8182,0.9948,1.0247,0.3228,1.9931,0,1,0,0,0,0,1.914,551.67,37.1,588.77,9452.14,9806.65,0,0.0,2.9224,0,0
2026-09-09T14:52:59.514983+00:00,benign_browsing_v1,benign_browsing_v1__run_000,benign,,3,3,1.585,0.9108,0.0973,3018.64,1006.21,0.7083,6,2,0.6748,1.0926,1.0785,0.2435,1.8091,0,1,0,0,0,0,2.1913,503.11,92.49,586.86,6479.14,8519.1,0,0.0,3.5108,0,0
2026-09-09T14:53:04.514983+00:00,benign_browsing_v1,benign_browsing_v1__run_000,benign,,0,0,0.0,0.8949,0.1101,0.0,0.0,0.7829,0,0,0.7788,2.2319,1.237,0.5475,2.8794,0,0,0,0,0,0,2.6573,503.31,0.0,503.31,7887.66,8518.33,0,0.0,3.9544,0,0
2026-09-09T14:53:09.514983+00:00,benign_browsing_v1,benign_browsing_v1__run_000,benign,,11,4,1.9363,0.8426,0.1606,38183.53,15273.41,0.7564,55,22,0.7513,1.8985,0.6263,0.3269,1.6071,0,6,0,0,1,0,2.4184,694.25,364.19,1408.64,9890.86,6982.06,0,0.0679,3.5408,0,0
2026-09-09T14:53:14.514983+00:00,benign_browsing_v1,benign_browsing_v1__run_000,benign,,6,4,1.7925,0.8577,0.137,9457.92,2627.2,0.6693,18,5,1.2039,3.3723,0.8857,0.2009,1.4884,0,3,0,0,0,0,3.3455,525.44,174.34,867.68,10263.24,8117.6,0,0.0336,3.6871,0,0
2026-09-09T14:53:19.514983+00:00,benign_browsing_v1,benign_browsing_v1__run_000,benign,,5,3,1.5219,0.8683,0.1224,33041.85,10212.94,0.7037,55,17,0.5475,0.8865,0.9453,0.2492,1.6928,0,2,0,0,0,0,3.1529,600.76,111.16,815.71,8309.75,7942.52,0,0.0131,3.6878,0,1
2026-09-09T14:53:24.514983+00:00,benign_browsing_v1,benign_browsing_v1__run_000,benign,,9,4,1.8911,0.8689,0.1302,46341.73,16918.41,0.6483,63,23,0.801,1.5291,0.9199,0.4472,2.2615,1,5,1,0,0,0,2.6798,735.58,325.23,1392.64,7051.95,8240.07,0,0.0351,4.3744,0,1
2026-09-09T14:53:29.514983+00:00,benign_browsing_v1,benign_browsing_v1__run_000,benign,,12,4,1.7925,0.8988,0.106,43406.41,20497.47,0.8564,72,34,0.3647,0.493,0.6698,0.2156,1.3165,0,7,1,0,1,0,2.097,602.87,185.07,937.92,11825.53,8204.56,0,0.0373,4.7268,0,0
2026-09-09T14:53:34.514983+00:00,benign_browsing_v1,benign_browsing_v1__run_000,benign,,13,4,1.9501,0.8558,0.1315,40836.15,23873.44,0.7134,65,38,1.0359,2.0381,1.0325,0.4184,2.2878,0,8,1,0,1,0,1.6729,628.25,285.67,1198.91,7077.32,7865.68,0,0.0498,4.0565,0,0
2026-09-09T14:53:39.514983+00:00,benign_browsing_v1,benign_browsing_v1__run_000,benign,,2,2,1.0,0.8703,0.1292,9175.11,3440.67,0.5894,16,6,0.7766,1.4991,1.2291,0.2682,2.0338,0,1,0,0,0,0,2.5532,573.44,21.26,594.7,6663.62,7332.12,0,0.0349,3.861,0,0
2026-09-09T14:53:44.514983+00:00,benign_browsing_v1,benign_browsing_v1__run_000,benign,,5,3,1.5219,0.836,0.1763,35732.84,12863.82,0.6847,50,18,1.0042,1.7865,1.4737,0.3313,2.4676,0,3,0,0,0,0,2.7153,714.66,344.54,1399.84,6175.47,8804.68,0,0.1092,3.7664,1,0
2026-09-09T14:53:49.514983+00:00,benign_browsing_v1,benign_browsing_v1__run_000,benign,,4,3,1.5,0.8503,0.1361,10223.78,3407.93,0.7747,24,8,1.1193,1.4789,0.933,0.3335,1.9336,0,2,0,0,0,0,2.6731,425.99,167.4,676.57,8533.4,8320.56,0,0.0187,3.7267,0,0
2026-09-09T14:53:54.514983+00:00,benign_browsing_v1,benign_browsing_v1__run_000,benign,,5,4,1.9219,0.8154,0.172,6368.85,1910.66,0.671,10,3,1.3537,3.4046,1.077,0.3472,2.1185,0,2,0,0,0,0,2.706,636.89,209.37,894.01,9677.85,10558.14,0,0.0338,3.6288,0,0
2026-09-09T14:53:59.514983+00:00,benign_browsing_v1,benign_browsing_v1__run_000,benign,,4,3,1.5,0.8779,0.1504,4174.61,2609.13,0.6281,8,5,0.937,2.6712,1.0805,0.2847,1.9347,0,2,0,0,0,0,1.5121,521.83,50.17,597.83,8409.05,7274.81,0,0.0156,4.5393,1,0
2026-09-09T14:54:04.514983+00:00,benign_browsing_v1,benign_browsing_v1__run_000,benign,,2,1,-0.0,0.938,0.1033,9634.46,3010.77,0.6144,16,5,1.2627,2.9192,0.9819,0.3653,2.0778,0,1,0,0,0,0,2.6891,602.15,218.85,821.0,7494.51,9578.21,0,0.0,4.0369,0,0
2026-09-09T14:54:09.514983+00:00,benign_browsing_v1,benign_browsing_v1__run_000,benign,,11,4,1.9363,0.9041,0.1152,32939.58,8983.52,0.6585,55,15,0.8195,1.3872,0.7023,0.1447,1.1365,0,6,0,0,1,0,3.4571,598.9,288.69,1203.99,8227.55,8299.67,0,0.0146,4.6322,0,0
2026-09-09T14:54:14.514983+00:00,benign_browsing_v1,benign_browsing_v1__run_000,benign,,3,2,0.9183,0.8914,0.1076,14536.31,5537.64,0.7375,21,8,1.1384,2.6955,1.0071,0.4415,2.3318,0,1,0,0,0,0,2.3687,692.21,365.33,1189.04,8314.53,10024.43,0,0.0513,3.7445,0,0
2026-09-09T14:54:19.514983+00:00,benign_browsing_v1,benign_browsing_v1__run_000,benign,,7,4,1.8424,0.8721,0.1444,35189.61,19549.78,0.7235,63,35,0.6301,1.6009,0.7661,0.3704,1.8775,0,4,0,0,0,0,1.7601,558.57,210.39,895.51,8335.13,8461.48,0,0.0,4.561,0,0
2026-09-09T14:54:24.514983+00:00,benign_browsing_v1,benign_browsing_v1__run_000,benign,,8,4,1.75,0.8685,0.154,24203.93,7563.73,0.7364,32,10,0.5104,0.6363,0.7793,0.3285,1.7647,0,4,0,0,1,0,2.9218,756.37,466.87,1539.67,8620.74,8789.52,0,0.0018,3.679,1,0
2026-09-09T14:54:29.514983+00:00,benign_browsing_v1,benign_browsing_v1__run_000,benign,,16,4,1.9772,0.8823,0.0848,53958.41,20234.4,0.7081,96,36,0.561,1.2958,0.6865,0.1588,1.1628,1,9,1,0,1,0,2.6593,562.07,214.39,948.65,7809.2,6666.59,0,0.0324,4.1328,0,1
2026-09-09T14:54:34.514983+00:00,benign_browsing_v1,benign_browsing_v1__run_000,benign,,11,4,1.6858,0.8577,0.1481,47163.87,20723.52,0.7603,66,29,0.9008,1.4611,0.6788,0.3432,1.7085,0,6,1,0,1,0,2.258,714.6,221.54,1061.56,7145.01,8342.89,0,0.0323,3.0334,0,0
2026-09-09T14:54:39.514983+00:00,benign_browsing_v1,benign_browsing_v1__run_000,benign,,4,3,1.5,0.9139,0.0863,14525.98,9078.74,0.7661,32,20,1.4031,3.6817,1.2138,0.328,2.1977,0,2,0,0,0,0,1.5425,453.94,62.86,523.85,8465.41,7850.64,0,0.0212,4.3688,0,0
2026-09-09T14:54:44.514983+00:00,benign_browsing_v1,benign_browsing_v1__run_000,benign,,6,4,1.9183,0.8327,0.1547,22320.66,6820.2,0.6804,36,11,0.8065,1.5222,0.7314,0.2851,1.5866,0,3,0,0,0,0,3.0099,620.02,178.31,826.29,7454.67,9586.42,0,0.0452,3.9165,0,0
2026-09-09T14:54:49.514983+00:00,benign_browsing_v1,benign_browsing_v1__run_000,benign,,4,3,1.5,0.8903,0.1216,3212.76,803.19,0.7036,4,1,1.1845,3.5438,1.0256,0.3436,2.0563,0,2,0,0,0,0,2.6725,803.19,394.28,1476.99,9549.51,7062.99,0,0.0007,4.4917,0,0
2026-09-09T14:54:54.514983+00:00,benign_browsing_v1,benign_browsing_v1__run_000,benign,,3,2,0.9183,0.8177,0.193,16159.37,5925.1,0.7023,30,11,0.5262,1.2391,1.0401,0.3306,2.0318,0,1,0,0,0,0,2.5765,538.65,153.41,739.57,9627.85,8155.3,0,0.0472,3.0521,0,0
2026-09-09T14:54:59.514983+00:00,benign_browsing_v1,benign_browsing_v1__run_000,benign,,9,4,1.8366,0.8515,0.1473,55893.87,21391.48,0.6772,81,31,0.4634,1.274,0.8013,0.3457,1.8385,0,5,0,0,0,0,2.5339,690.05,314.33,1424.33,10192.62,9448.93,0,0.0,4.4156,1,0
2026-09-09T14:55:04.514983+00:00,benign_browsing_v1,benign_browsing_v1__run_000,benign,,8,4,1.8113,0.8681,0.117,23302.23,8738.34,0.6365,48,18,1.0749,2.7407,0.7225,0.3471,1.7639,0,4,0,0,1,0,2.5836,485.46,360.06,1368.51,6576.21,9836.0,0,0.0225,3.8299,0,0
2026-09-09T14:55:09.514983+00:00,benign_browsing_v1,benign_browsing_v1__run_000,benign,,8,3,1.4056,0.9001,0.1151,25727.32,9647.75,0.7358,40,15,0.8983,1.8588,0.9192,0.2103,1.55,0,4,0,0,0,0,2.5238,643.18,343.2,1181.94,8724.2,7558.79,0,0.0317,3.7502,1,0
2026-09-09T14:55:14.514983+00:00,benign_browsing_v1,benign_browsing_v1__run_000,benign,,8,4,1.9056,0.8487,0.1382,31318.98,10439.66,0.67,48,16,0.7951,0.9798,0.6136,0.2289,1.3002,0,5,0,0,1,0,2.963,652.48,349.15,1237.24,7423.56,10021.23,0,0.0068,3.8098,0,1
2026-09-09T14:55:19.514983+00:00,benign_browsing_v1,benign_browsing_v1__run_000,benign,,2,2,1.0,0.8708,0.152,15939.72,6198.78,0.6347,18,7,0.8066,1.6585,1.2049,0.2535,1.9653,0,1,0,0,0,0,2.4761,885.54,241.16,1126.7,8963.33,7764.05,0,0.0492,4.1454,0,0
2026-09-09T14:55:24.514983+00:00,benign_browsing_v1,benign_browsing_v1__run_000,benign,,5,3,1.5219,0.905,0.1076,13405.77,8043.46,0.7474,20,12,0.5213,0.6726,0.7578,0.3716,1.8727,0,3,0,0,0,0,1.6061,670.29,423.48,1475.95,7448.23,8332.77,0,0.0,4.5832,0,0
2026-09-09T14:55:29.514983+00:00,benign_browsing_v1,benign_browsing_v1__run_000,benign,,5,2,0.7219,0.8233,0.2027,13530.58,4329.79,0.6617,25,8,0.7524,1.6447,0.8367,0.1919,1.4122,0,3,0,0,0,0,2.8029,541.22,364.16,1236.13,8928.03,7761.4,0,0.0846,3.5458,0,0
2026-09-09T14:55:34.514983+00:00,benign_browsing_v1,benign_browsing_v1__run_000,benign,,7,3,1.1488,0.8288,0.1819,16649.21,6540.76,0.6847,28,11,1.3265,3.3409,1.0243,0.3384,2.0395,0,4,0,0,0,0,2.4236,594.61,196.7,929.78,8598.84,8260.31,0,0.0,3.8565,0,0
2026-09-09T14:55:39.514983+00:00,benign_browsing_v1,benign_browsing_v1__run_000,benign,,5,3,1.5219,0.8575,0.1406,7272.07,2424.02,0.6959,15,5,0.9606,1.3933,0.632,0.2085,1.2575,0,3,0,0,0,0,2.6915,484.8,155.89,697.78,6980.71,9381.68,0,0.0,4.0797,0,0
2026-09-09T14:55:44.514983+00:00,benign_browsing_v1,benign_browsing_v1__run_000,benign,,6,3,1.4591,0.8614,0.137,19867.95,10485.86,0.6596,36,19,0.5498,0.8414,0.6976,0.3363,1.7065,0,3,0,0,0,0,1.857,551.89,297.1,1121.57,8307.43,8872.03,0,0.0091,3.8353,0,0
2026-09-09T14:55:49.514983+00:00,benign_browsing_v1,benign_browsing_v1__run_000,benign,,5,3,1.371,0.8445,0.1853,14961.78,7480.89,0.6527,20,10,0.4372,0.7854,0.8377,0.2858,1.695,0,3,0,0,0,0,1.9424,748.09,312.36,1061.59,8799.08,8513.91,0,0.0,3.9098,0,0
2026-09-09T14:55:54.514983+00:00,benign_browsing_v1,benign_browsing_v1__run_000,benign,,7,3,1.3788,0.8793,0.1192,36699.57,9830.24,0.6834,56,15,0.595,1.5016,0.8065,0.222,1.4723,0,4,0,0,0,0,3.6019,655.35,239.79,931.61,8561.32,8516.86,0,0.0181,4.2789,1,1
2026-09-09T14:55:59.514983+00:00,benign_browsing_v1,benign_browsing_v1__run_000,benign,,11,3,1.5395,0.8509,0.1965,58185.2,43638.9,0.7374,88,66,0.3329,0.8457,0.6753,0.3302,1.666,0,7,1,0,1,0,1.3282,661.2,345.84,1599.55,8154.18,6956.52,0,0.0232,3.7342,0,1
2026-09-09T14:56:04.514983+00:00,benign_browsing_v1,benign_browsing_v1__run_000,benign,,11,4,1.7899,0.8217,0.1884,37563.57,11708.12,0.6534,77,24,1.2223,2.1024,0.9318,0.429,2.2188,0,6,1,0,0,0,3.2075,487.84,204.92,827.42,8946.67,8676.36,0,0.0016,4.0251,0,0
2026-09-09T14:56:09.514983+00:00,benign_browsing_v1,benign_browsing_v1__run_000,benign,,6,3,1.585,0.8683,0.1317,26600.2,15200.11,0.7083,42,24,0.7616,1.2021,1.2509,0.4579,2.6247,0,3,0,0,1,0,1.7381,633.34,436.61,1587.7,6220.95,7218.91,0,0.0037,4.3323,0,0
2026-09-09T14:56:14.514983+00:00,benign_browsing_v1,benign_browsing_v1__run_000,benign,,7,4,1.8424,0.8339,0.1115,10193.19,3640.42,0.7295,14,5,1.1514,3.2687,1.3627,0.3602,2.4433,0,4,0,0,0,0,2.7951,728.08,323.11,1297.58,8230.3,8171.95,0,0.0,3.8061,0,0
2026-09-09T14:56:19.514983+00:00,benign_browsing_v1,benign_browsing_v1__run_000,benign,,4,2,1.0,0.936,0.085,17653.87,6620.2,0.5967,24,9,1.0016,1.897,0.8371,0.358,1.9111,0,2,0,0,0,0,2.6382,735.58,312.61,1061.34,8800.35,9362.03,0,0.0225,4.0876,0,0
2026-09-09T14:56:24.514983+00:00,benign_browsing_v1,benign_browsing_v1__run_000,benign,,1,1,-0.0,0.9374,0.0118,1176.72,168.1,0.6707,7,1,0.8596,1.632,1.0737,0.3166,2.0234,0,0,0,0,0,0,4.1751,168.1,0.0,168.1,10054.03,8251.94,0,0.0,3.9865,0,0
2026-09-09T14:56:29.514983+00:00,benign_browsing_v1,benign_browsing_v1__run_000,benign,,8,4,1.9056,0.8995,0.0978,23864.09,8949.03,0.6737,40,15,0.4756,1.1995,0.6827,0.2115,1.3173,0,4,0,0,0,0,2.5008,596.6,258.04,1149.69,8562.58,8411.03,0,0.0092,3.6079,0,0
2026-09-09T14:56:34.514983+00:00,benign_browsing_v1,benign_browsing_v1__run_000,benign,,5,4,1.9219,0.9019,0.0684,14201.65,5680.66,0.631,25,10,0.758,1.4778,0.8759,0.1728,1.3943,0,3,0,0,0,0,2.2762,568.07,243.64,939.17,8182.27,8376.8,0,0.0543,3.6777,0,0
2026-09-09T14:56:39.514983+00:00,benign_browsing_v1,benign_browsing_v1__run_000,benign,,7,3,1.3788,0.9016,0.0775,24198.27,8296.55,0.733,35,12,0.4299,1.136,0.7686,0.2085,1.3941,0,4,0,0,0,0,2.775,691.38,282.75,942.62,8191.68,7633.33,0,0.0267,4.1506,0,0
2026-09-09T14:56:44.514983+00:00,benign_browsing_v1,benign_browsing_v1__run_000,benign,,4,3,1.5,0.8813,0.1229,15115.3,4318.66,0.7493,28,8,1.045,2.8436,1.0911,0.4564,2.4604,0,2,0,0,0,0,3.1927,539.83,122.45,720.13,7486.57,8450.32,0,0.0326,3.9866,0,0
2026-09-09T14:56:49.514983+00:00,benign_browsing_v1,benign_browsing_v1__run_000,benign,,6,4,1.9183,0.8359,0.1609,25788.06,14736.03,0.7866,42,24,0.8564,2.4859,1.1596,0.513,2.6986,0,3,0,0,0,0,1.6944,614.0,314.16,1141.88,7558.27,7417.65,0,0.0079,4.3519,0,0
2026-09-09T14:56:54.514983+00:00,benign_browsing_v1,benign_browsing_v1__run_000,benign,,7,2,0.8631,0.8847,0.0912,22712.81,6489.38,0.7453,35,10,0.669,1.0869,0.7676,0.2482,1.5122,0,4,0,0,0,0,3.2123,648.94,205.19,896.01,9190.86,9285.22,0,0.0354,4.1599,0,0
2026-09-09T14:56:59.514983+00:00,benign_browsing_v1,benign_browsing_v1__run_000,benign,,5,3,1.371,0.8871,0.0976,8264.88,2754.96,0.789,15,5,0.8595,2.514,0.7417,0.2825,1.5893,0,3,0,0,0,0,2.63,550.99,225.39,943.73,9161.37,9836.95,0,0.0,4.4314,0,0
2026-09-09T14:57:04.514983+00:00,benign_browsing_v1,benign_browsing_v1__run_000,benign,,6,4,1.9183,0.8682,0.1123,61952.81,34074.05,0.7106,60,33,1.0823,1.7524,0.9766,0.3199,1.9364,0,3,0,0,0,0,1.7693,1032.55,444.03,1865.34,7550.76,8385.72,0,0.0,5.2949,0,0
2026-09-09T14:57:09.514983+00:00,benign_browsing_v1,benign_browsing_v1__run_000,benign,,9,3,1.5305,0.8976,0.0934,25520.31,10208.13,0.744,45,18,0.6277,1.7276,0.8275,0.3397,1.8466,0,5,0,0,0,0,2.4999,567.12,168.81,883.76,8903.7,9771.96,0,0.0069,3.9601,0,0
2026-09-09T14:57:14.514983+00:00,benign_browsing_v1,benign_browsing_v1__run_000,benign,,2,1,-0.0,0.9104,0.0691,8559.63,4279.82,0.6974,18,9,1.3309,3.5298,1.1854,0.3538,2.2466,0,1,0,0,0,0,1.8645,475.54,8.34,483.88,7601.65,7352.55,0,0.032,4.008,0,0
2026-09-09T14:57:19.514983+00:00,benign_browsing_v1,benign_browsing_v1__run_000,benign,,7,3,1.4488,0.8603,0.1118,55336.34,15091.73,0.6993,77,21,0.4572,1.15,0.5359,0.1402,0.9564,0,4,0,0,0,0,3.5852,718.65,294.54,1209.07,10520.18,7123.14,0,0.0026,4.1179,0,0
2026-09-09T14:57:24.514983+00:00,benign_browsing_v1,benign_browsing_v1__run_000,benign,,4,3,1.5,0.8647,0.1587,11995.94,2998.99,0.7315,28,7,1.7168,4.6787,1.0826,0.3026,1.9904,0,2,0,0,0,0,3.7765,428.43,175.04,673.45,8178.33,7537.47,0,0.0702,5.3129,0,0
2026-09-09T14:57:29.514983+00:00,benign_browsing_v1,benign_browsing_v1__run_000,benign,,11,4,1.8231,0.8716,0.132,28826.64,14675.38,0.6901,55,28,0.9974,1.3987,0.5781,0.1674,1.0803,0,7,1,0,1,0,1.9565,524.12,210.45,1042.09,6935.29,8467.23,0,0.0,3.9222,0,0
2026-09-09T14:57:34.514983+00:00,benign_browsing_v1,benign_browsing_v1__run_000,benign,,2,2,1.0,0.875,0.1317,8805.59,3144.85,0.708,14,5,1.2359,3.3648,0.9466,0.4445,2.2801,0,1,0,0,0,0,2.444,628.97,199.69,828.66,7074.32,6311.83,0,0.0122,3.4714,0,0
2026-09-09T14:57:39.514983+00:00,benign_browsing_v1,benign_browsing_v1__run_000,benign,,3,2,0.9183,0.8898,0.0885,8789.05,2511.16,0.6474,21,6,0.6736,0.8558,0.8749,0.4076,2.0978,0,1,0,0,0,0,3.1122,418.53,81.6,482.18,9780.98,9121.32,0,0.0272,4.047,0,0
2026-09-09T14:57:44.514983+00:00,benign_browsing_v1,benign_browsing_v1__run_000,benign,,9,4,1.8911,0.8417,0.1436,20651.33,9178.37,0.725,27,12,1.3709,2.1146,0.9487,0.2432,1.6782,0,5,0,0,0,0,2.0913,764.86,301.24,1464.55,9900.3,7775.36,0,0.0448,4.966,0,0
2026-09-09T14:57:49.514983+00:00,benign_browsing_v1,benign_browsing_v1__run_000,benign,,8,3,1.5613,0.8658,0.1552,11497.61,7545.31,0.6927,32,21,0.9665,1.3469,0.8104,0.2432,1.5402,0,5,0,0,0,0,1.4636,359.3,157.24,702.38,8034.19,7518.7,0,0.0198,3.6557,0,0
2026-09-09T14:57:54.514983+00:00,benign_browsing_v1,benign_browsing_v1__run_000,benign,,9,4,1.9749,0.8883,0.124,39426.95,14602.57,0.7409,54,20,1.0727,1.6135,0.9701,0.3621,2.0565,0,5,0,0,1,0,2.6499,730.13,158.96,926.6,8223.6,8904.73,0,0.041,4.2548,0,0
2026-09-09T14:57:59.514983+00:00,benign_browsing_v1,benign_browsing_v1__run_000,benign,,10,4,1.971,0.8788,0.117,52594.94,27048.83,0.7209,70,36,0.7365,1.911,0.7435,0.2072,1.3651,0,6,0,0,1,0,1.9296,751.36,519.91,2031.06,7451.03,7194.16,0,0.0657,3.264,0,0
2026-09-09T14:58:04.514983+00:00,benign_browsing_v1,benign_browsing_v1__run_000,benign,,4,3,1.5,0.8605,0.1129,6833.77,1708.44,0.7438,8,2,0.8091,1.0253,1.2993,0.4451,2.6347,0,2,0,0,0,0,2.6821,854.22,501.28,1699.87,7257.05,8838.32,0,0.0049,3.6888,1,0
2026-09-09T14:58:09.514983+00:00,benign_browsing_v1,benign_browsing_v1__run_000,benign,,7,3,1.3788,0.9347,0.0684,36890.35,9881.34,0.6793,56,15,0.4766,1.1096,0.8032,0.242,1.5291,0,4,0,0,0,0,3.5904,658.76,137.5,828.32,8002.26,8789.3,0,0.0149,4.4885,0,0
2026-09-09T14:58:14.514983+00:00,benign_browsing_v1,benign_browsing_v1__run_000,benign,,6,4,1.7925,0.902,0.1093,16607.52,9226.4,0.7072,36,20,1.1347,1.4647,0.862,0.4051,2.0773,0,3,0,0,0,0,1.7175,461.32,117.32,619.38,7209.85,7357.36,0,0.04,4.1559,0,0
2026-09-09T14:58:19.514983+00:00,benign_browsing_v1,benign_browsing_v1__run_000,benign,,7,4,1.9502,0.8689,0.1505,30902.93,10484.92,0.7218,56,19,1.1494,3.2561,0.7971,0.2015,1.4015,0,4,0,0,0,0,2.8512,551.84,229.87,810.85,8775.14,8200.92,0,0.0586,3.89,0,0
2026-09-09T14:58:24.514983+00:00,benign_browsing_v1,benign_browsing_v1__run_000,benign,,6,2,0.9183,0.89,0.1413,20017.73,13345.16,0.6466,36,24,0.5623,0.9809,0.8978,0.3102,1.8286,0,3,0,0,0,0,1.4697,556.05,230.99,997.13,8333.76,8517.38,0,0.0,3.6346,0,0
2026-09-09T14:58:29.514983+00:00,benign_browsing_v1,benign_browsing_v1__run_000,benign,,1,1,-0.0,0.888,0.0522,5535.92,1845.31,0.6063,6,2,0.953,1.2713,1.1733,0.3351,2.1787,0,0,0,0,0,0,2.2089,922.65,0.0,922.65,8656.68,9267.33,0,0.0,3.294,0,0
2026-09-09T14:58:34.514983+00:00,benign_browsing_v1,benign_browsing_v1__run_000,benign,,8,2,0.9544,0.8847,0.1368,32053.85,10016.83,0.7316,64,20,1.4286,3.5927,1.1856,0.5866,2.9455,0,5,0,0,0,0,3.0645,500.84,105.09,623.2,8115.66,8069.47,0,0.0469,3.7943,0,0
2026-09-09T14:58:39.514983+00:00,benign_browsing_v1,benign_browsing_v1__run_000,benign,,10,4,1.761,0.9086,0.0979,23497.54,8224.14,0.6585,40,14,0.8715,2.2267,0.6655,0.1955,1.2521,0,5,0,0,0,0,2.7165,587.44,240.31,945.91,6407.16,9971.23,0,0.0483,3.9451,0,0
2026-09-09T14:58:44.514983+00:00,benign_browsing_v1,benign_browsing_v1__run_000,benign,,6,4,1.7925,0.9179,0.0817,13363.08,5567.95,0.7303,24,10,0.7477,2.2104,0.8032,0.3654,1.8995,0,3,0,0,0,0,2.2373,556.79,271.37,1067.06,9042.28,9182.78,0,0.0626,3.0064,0,0
2026-09-09T14:58:49.514983+00:00,benign_browsing_v1,benign_browsing_v1__run_000,benign,,9,4,1.8366,0.901,0.1351,41283.07,16054.53,0.7431,72,28,0.5838,1.5681,0.6733,0.1594,1.1516,0,5,0,0,0,0,2.4999,573.38,188.31,942.97,7884.34,8219.33,0,0.0239,4.2883,0,0
2026-09-09T14:58:54.514983+00:00,benign_browsing_v1,benign_browsing_v1__run_000,benign,,8,3,1.2988,0.8581,0.1572,29936.72,11974.69,0.7057,40,16,0.442,0.8696,0.9032,0.2413,1.6271,0,4,0,0,1,0,2.3757,748.42,339.73,1490.6,7861.13,8386.92,0,0.0299,4.3686,2,0
2026-09-09T14:58:59.514983+00:00,benign_browsing_v1,benign_browsing_v1__run_000,benign,,3,2,0.9183,0.8508,0.185,9908.98,5780.24,0.7006,12,7,1.1702,3.1546,1.1971,0.3928,2.3756,0,1,0,0,0,0,1.6436,825.75,515.74,1554.83,9515.94,7545.76,0,0.055,4.5943,0,0
2026-09-09T14:59:04.514983+00:00,benign_browsing_v1,benign_browsing_v1__run_000,benign,,0,0,0.0,0.8798,0.1234,0.0,0.0,0.7719,0,0,1.4865,3.3331,1.2261,0.6252,3.1016,0,0,0,0,0,0,3.6826,386.89,0.0,386.89,7147.53,6878.91,0,0.0,3.3317,0,0
2026-09-09T14:59:09.514983+00:00,benign_browsing_v1,benign_browsing_v1__run_000,benign,,6,3,1.2516,0.8923,0.1025,20381.03,6793.68,0.7071,42,14,0.857,1.4863,0.8327,0.1459,1.2705,0,3,0,0,0,0,2.9126,485.26,162.95,704.47,9291.89,6370.88,0,0.0337,3.8493,0,0
2026-09-09T14:59:14.514983+00:00,benign_browsing_v1,benign_browsing_v1__run_000,benign,,3,2,0.9183,0.8644,0.1198,13418.15,5750.64,0.6654,21,9,0.5126,0.9574,0.7863,0.2186,1.4421,0,1,0,0,0,0,2.1986,638.96,306.48,1034.69,7191.55,7622.97,0,0.0204,4.2687,0,0
2026-09-09T14:59:19.514983+00:00,benign_browsing_v1,benign_browsing_v1__run_000,benign,,4,3,1.5,0.8775,0.1449,7406.19,2592.17,0.6398,20,7,0.8289,1.3276,0.742,0.1685,1.2475,0,2,0,0,0,0,2.8496,370.31,81.07,497.44,8338.65,7557.07,0,0.0186,3.8202,0,0
2026-09-09T14:59:24.514983+00:00,benign_browsing_v1,benign_browsing_v1__run_000,benign,,3,1,-0.0,0.8161,0.1758,23917.63,13287.57,0.698,27,15,0.8645,2.0222,1.3162,0.2747,2.1403,0,1,0,0,0,0,1.6951,885.84,175.37,1123.62,8551.85,7948.94,0,0.022,4.1405,0,0
2026-09-09T14:59:29.514983+00:00,benign_browsing_v1,benign_browsing_v1__run_000,benign,,8,4,1.8113,0.8737,0.1175,22048.14,6063.24,0.6397,40,11,0.4361,0.6183,0.7226,0.3386,1.7385,0,5,0,0,0,0,3.6153,551.2,229.06,998.89,7878.68,6660.73,0,0.0404,5.0615,0,0
2026-09-09T14:59:34.514983+00:00,benign_browsing_v1,benign_browsing_v1__run_000,benign,,3,2,0.9183,0.8712,0.1037,7814.07,2604.69,0.7046,12,4,1.012,2.4383,0.7192,0.1578,1.1926,0,1,0,0,0,0,2.8229,651.17,112.88,774.6,9820.54,7898.93,0,0.0192,3.5416,0,0
2026-09-09T14:59:39.514983+00:00,benign_browsing_v1,benign_browsing_v1__run_000,benign,,4,3,1.5,0.8809,0.1467,14736.32,4605.1,0.646,32,10,0.9253,2.1026,0.6808,0.1276,1.0635,0,2,0,0,0,0,3.0576,460.51,169.52,619.88,7230.74,9139.75,0,0.0043,3.698,0,0
2026-09-09T14:59:44.514983+00:00,benign_browsing_v1,benign_browsing_v1__run_000,benign,,5,2,0.971,0.8604,0.1406,9225.99,3690.39,0.6408,15,6,1.0732,1.3366,0.6457,0.2403,1.3666,0,3,0,0,0,0,2.4349,615.07,261.29,986.73,8934.44,9244.56,0,0.0,4.1881,0,0
2026-09-09T14:59:49.514983+00:00,benign_browsing_v1,benign_browsing_v1__run_000,benign,,7,4,1.9502,0.8796,0.1304,12730.95,4546.77,0.7404,14,5,1.0769,1.5286,1.2647,0.2309,1.9573,0,4,0,0,0,0,2.5706,909.35,393.74,1583.7,8745.83,8381.0,0,0.032,4.5266,0,0
2026-09-09T14:59:54.514983+00:00,benign_browsing_v1,benign_browsing_v1__run_000,benign,,11,4,1.7899,0.8425,0.099,38626.88,22473.82,0.7032,55,32,0.6923,1.4834,0.7791,0.358,1.8532,0,6,1,0,1,0,1.6879,702.31,261.56,1253.31,9756.11,7445.24,0,0.0118,4.9197,0,0
2026-09-09T14:59:59.514983+00:00,benign_browsing_v1,benign_browsing_v1__run_000,benign,,9,4,1.8366,0.9185,0.0728,39610.95,13753.8,0.7609,72,25,0.9025,1.9344,0.5119,0.2507,1.264,0,5,0,0,1,0,2.8564,550.15,231.2,1003.72,9456.01,8790.78,0,0.0188,4.1007,0,0
2026-09-09T15:00:04.514983+00:00,benign_browsing_v1,benign_browsing_v1__run_000,benign,,6,4,1.9183,0.8878,0.1113,50866.93,31791.83,0.6368,72,45,0.5762,1.4753,0.8365,0.4106,2.0683,0,3,0,0,0,0,1.5919,706.49,445.13,1595.39,6859.92,9046.82,0,0.0488,4.4971,0,0
2026-09-09T15:00:09.514983+00:00,benign_browsing_v1,benign_browsing_v1__run_000,benign,,3,2,0.9183,0.8469,0.1534,10434.7,4347.79,0.6897,12,5,0.8161,1.2319,0.7477,0.2803,1.5886,0,1,0,0,0,0,2.1562,869.56,518.29,1602.4,7106.17,8877.54,0,0.0,3.4527,0,0
2026-09-09T15:00:14.514983+00:00,benign_browsing_v1,benign_browsing_v1__run_000,benign,,3,3,1.585,0.9387,0.0607,9892.57,2355.37,0.6569,21,5,0.5389,1.0665,0.7744,0.3896,1.943,0,1,0,0,0,0,3.5264,471.07,85.09,561.21,5869.54,7919.8,0,0.0176,4.423,0,0
2026-09-09T15:00:19.514983+00:00,benign_browsing_v1,benign_browsing_v1__run_000,benign,,3,2,0.9183,0.8944,0.105,20615.34,7400.38,0.657,39,14,0.6947,1.8981,1.1361,0.3569,2.2069,0,1,0,0,0,0,2.6402,528.6,221.48,789.77,7700.95,6485.02,0,0.0805,4.5864,0,0
2026-09-09T15:00:24.514983+00:00,benign_browsing_v1,benign_browsing_v1__run_000,benign,,4,3,1.5,0.8759,0.121,23987.59,9595.04,0.6815,40,16,0.8347,1.1402,0.6016,0.2795,1.44,0,2,0,0,0,0,2.3887,599.69,155.91,833.53,8501.86,8411.47,0,0.0419,3.7721,0,0
2026-09-09T15:00:29.514983+00:00,benign_browsing_v1,benign_browsing_v1__run_000,benign,,4,2,1.0,0.9233,0.0629,14489.86,11269.89,0.7573,36,28,0.7918,2.0834,0.9068,0.3446,1.9405,0,2,0,0,0,0,1.2779,402.5,85.56,546.26,7744.46,8365.02,0,0.0083,4.5654,0,0
2026-09-09T15:00:34.514983+00:00,benign_browsing_v1,benign_browsing_v1__run_000,benign,,4,2,1.0,0.8565,0.1513,20865.98,7172.68,0.6744,32,11,1.1715,2.2143,0.924,0.2205,1.5856,0,2,0,0,0,0,2.7434,652.06,283.68,915.3,7634.94,8312.85,0,0.0508,4.0614,0,0
2026-09-09T15:00:39.514983+00:00,benign_browsing_v1,benign_browsing_v1__run_000,benign,,5,3,1.5219,0.8787,0.1368,21420.43,10404.21,0.769,35,17,1.032,1.8792,1.2253,0.6372,3.1369,0,3,0,0,0,0,1.9851,612.01,160.39,769.66,8965.98,8876.88,0,0.0385,4.4322,0,0
2026-09-09T15:00:44.514983+00:00,benign_browsing_v1,benign_browsing_v1__run_000,benign,,7,2,0.5917,0.9116,0.0893,17582.37,4395.59,0.7446,28,7,0.5747,1.3354,0.6169,0.2584,1.3922,0,4,0,0,0,0,3.6457,627.94,305.54,1343.31,8895.4,9719.91,0,0.0416,4.0272,0,1
2026-09-09T15:00:49.514983+00:00,benign_browsing_v1,benign_browsing_v1__run_000,benign,,5,4,1.9219,0.8862,0.1107,12369.04,4452.85,0.6948,25,9,0.8993,1.7035,1.0811,0.3617,2.1664,0,3,0,0,0,0,2.7187,494.76,97.46,666.25,6292.35,9904.1,0,0.064,4.9034,0,0
2026-09-09T15:00:54.514983+00:00,benign_browsing_v1,benign_browsing_v1__run_000,benign,,4,3,1.5,0.8852,0.0654,9073.69,3402.64,0.7249,16,6,1.1339,3.2347,0.9994,0.1993,1.5973,0,2,0,0,0,0,2.4455,567.11,244.6,911.38,7799.12,8266.15,0,0.0386,4.0487,0,0
2026-09-09T15:00:59.514983+00:00,benign_browsing_v1,benign_browsing_v1__run_000,benign,,6,4,1.9183,0.9096,0.0873,20033.44,7345.59,0.7924,30,11,0.6788,0.8675,0.5456,0.2326,1.2433,0,3,0,0,0,0,2.646,667.78,285.83,1175.59,9536.91,8309.17,0,0.0011,4.2338,0,0
2026-09-09T15:01:04.514983+00:00,benign_browsing_v1,benign_browsing_v1__run_000,benign,,7,3,1.3788,0.9144,0.1181,30627.76,15001.35,0.6698,49,24,0.6348,1.4275,0.7472,0.3011,1.6505,0,4,0,0,0,0,2.0074,625.06,270.24,1005.91,9343.58,7387.81,0,0.0,4.0309,0,0
2026-09-09T15:01:09.514983+00:00,benign_browsing_v1,benign_browsing_v1__run_000,benign,,4,4,2.0,0.8551,0.1495,8316.79,3326.72,0.6716,20,8,1.0225,2.9195,1.3765,0.663,3.3655,0,2,0,0,0,0,2.4504,415.84,117.43,602.0,7541.45,8253.01,0,0.0,3.4667,0,0
2026-09-09T15:01:14.514983+00:00,benign_browsing_v1,benign_browsing_v1__run_000,benign,,5,3,1.371,0.8426,0.1371,12215.33,3908.9,0.6346,25,8,0.8652,2.233,0.7451,0.2892,1.6127,0,3,0,0,0,0,2.8505,488.61,130.03,691.97,9176.4,8199.56,0,0.0,3.4146,0,0
2026-09-09T15:01:19.514983+00:00,benign_browsing_v1,benign_browsing_v1__run_000,benign,,4,3,1.5,0.8525,0.1267,8125.12,3046.92,0.6872,16,6,0.5871,0.8374,0.8631,0.313,1.8022,0,2,0,0,0,0,2.3976,507.82,162.94,727.58,6878.67,6795.0,0,0.0252,3.4065,0,0
2026-09-09T15:01:24.514983+00:00,benign_browsing_v1,benign_browsing_v1__run_000,benign,,7,4,1.9502,0.8481,0.1727,36324.66,15567.71,0.6691,49,21,0.973,1.6346,0.7241,0.3787,1.8601,0,4,0,0,0,0,2.3062,741.32,191.81,1075.25,7280.04,5916.68,0,0.0151,4.818,0,0
2026-09-09T15:01:29.514983+00:00,benign_browsing_v1,benign_browsing_v1__run_000,benign,,3,3,1.585,0.9068,0.0942,23311.36,7770.45,0.6318,33,11,0.662,1.4335,0.6397,0.1982,1.2342,0,1,0,0,0,0,2.7635,706.4,95.18,834.29,8153.81,9876.73,0,0.0069,3.3477,0,0
2026-09-09T15:01:34.514983+00:00,benign_browsing_v1,benign_browsing_v1__run_000,benign,,5,2,0.971,0.8662,0.1234,16164.11,7543.25,0.7238,30,14,0.6633,1.8136,0.7088,0.1525,1.1664,0,3,0,0,0,0,2.1321,538.8,152.32,814.23,9206.08,8653.4,0,0.0,3.6175,0,0
2026-09-09T15:01:39.514983+00:00,benign_browsing_v1,benign_browsing_v1__run_000,benign,,2,2,1.0,0.8787,0.1193,2258.97,564.74,0.7391,4,1,1.3766,3.1492,0.8689,0.2251,1.5443,0,1,0,0,0,0,2.2183,564.74,85.69,650.44,8195.33,7925.29,0,0.0541,3.9798,0,0
2026-09-09T15:01:44.514983+00:00,benign_browsing_v1,benign_browsing_v1__run_000,benign,,5,3,1.5219,0.879,0.148,9555.73,3822.29,0.6998,20,8,0.5757,0.8721,0.7295,0.3629,1.8182,0,3,0,0,0,0,2.2572,477.79,133.49,637.58,9241.38,9371.5,0,0.0,4.8239,0,0
2026-09-09T15:01:49.514983+00:00,benign_browsing_v1,benign_browsing_v1__run_000,benign,,10,4,1.6855,0.8866,0.1118,69543.65,23760.75,0.7492,120,41,0.4426,0.661,0.6989,0.2212,1.3626,0,6,1,0,1,0,2.882,579.53,299.52,1043.16,8101.85,8815.77,0,0.0438,4.3861,0,0
2026-09-09T15:01:54.514983+00:00,benign_browsing_v1,benign_browsing_v1__run_000,benign,,4,3,1.5,0.8824,0.129,17850.82,5578.38,0.6826,32,10,1.4491,4.3449,1.1128,0.2923,1.9897,0,2,0,0,0,0,2.9293,557.84,267.45,1018.33,9915.99,6185.96,0,0.0077,3.7039,0,0
2026-09-09T15:01:59.514983+00:00,benign_browsing_v1,benign_browsing_v1__run_000,benign,,5,4,1.9219,0.9167,0.0773,18710.09,4989.36,0.7569,30,8,0.8694,2.0436,1.1607,0.4651,2.5559,0,3,0,0,0,0,3.4647,623.67,247.26,926.32,8075.09,7468.93,0,0.0,4.2215,0,0
2026-09-09T15:02:04.514983+00:00,benign_browsing_v1,benign_browsing_v1__run_000,benign,,7,2,0.9852,0.9344,0.0626,19658.47,9127.15,0.6894,28,13,0.723,2.0364,0.7582,0.1704,1.2695,0,4,0,0,1,0,2.0649,702.09,386.77,1551.89,7516.41,8792.71,0,0.0482,4.0028,0,0
2026-09-09T15:02:09.514983+00:00,benign_browsing_v1,benign_browsing_v1__run_000,benign,,2,1,-0.0,0.8558,0.1619,7739.31,2764.04,0.5881,14,5,1.4625,3.6275,1.1506,0.3943,2.3335,0,1,0,0,0,0,2.732,552.81,122.92,675.73,6053.28,7592.97,0,0.0,3.9533,0,0
2026-09-09T15:02:14.514983+00:00,benign_browsing_v1,benign_browsing_v1__run_000,benign,,4,3,1.5,0.9156,0.0887,17161.89,7627.51,0.6194,36,16,0.8087,2.0516,1.1306,0.4872,2.5922,0,2,0,0,0,0,2.1667,476.72,153.1,702.07,7799.14,7622.95,0,0.0,4.2749,0,0
2026-09-09T15:02:19.514983+00:00,benign_browsing_v1,benign_browsing_v1__run_000,benign,,10,4,1.971,0.8437,0.1534,43600.49,19620.22,0.654,60,27,0.8008,1.0682,0.807,0.1888,1.3733,0,6,0,0,1,0,2.1795,726.67,420.25,1820.12,8513.62,7700.11,0,0.0289,4.2026,1,0
2026-09-09T15:02:24.514983+00:00,benign_browsing_v1,benign_browsing_v1__run_000,benign,,4,3,1.5,0.8738,0.1013,22160.38,10072.9,0.6283,44,20,0.7988,1.4643,1.2164,0.2845,2.0699,0,2,0,0,0,0,2.1053,503.64,148.48,601.26,8640.76,8325.26,0,0.0046,3.5053,0,0
2026-09-09T15:02:29.514983+00:00,benign_browsing_v1,benign_browsing_v1__run_000,benign,,5,3,1.5219,0.9015,0.1044,23309.36,7325.8,0.6335,35,11,0.6524,0.9318,0.6494,0.2845,1.503,0,3,0,0,0,0,3.1252,665.98,461.07,1541.36,8256.6,6308.82,0,0.0,3.1813,0,0
2026-09-09T15:02:34.514983+00:00,benign_browsing_v1,benign_browsing_v1__run_000,benign,,8,4,1.75,0.8806,0.1269,47332.61,42073.43,0.6507,72,64,0.8256,1.3449,0.8691,0.3685,1.9745,0,4,0,0,0,0,1.1206,657.4,307.36,1186.05,8359.46,8712.15,0,0.0155,4.0245,0,1
2026-09-09T15:02:39.514983+00:00,benign_browsing_v1,benign_browsing_v1__run_000,benign,,2,2,1.0,0.8938,0.1258,8108.48,2702.83,0.7165,18,6,0.5088,1.0273,0.6725,0.3252,1.6483,0,1,0,0,0,0,2.8032,450.47,77.52,527.99,7200.54,8184.88,0,0.0057,4.0132,0,0
2026-09-09T15:02:44.514983+00:00,benign_browsing_v1,benign_browsing_v1__run_000,benign,,4,3,1.5,0.8448,0.1525,15283.91,5458.54,0.6815,28,10,0.3847,0.9831,0.7347,0.1723,1.2517,0,2,0,0,0,0,2.6811,545.85,257.5,884.83,6091.02,7706.59,0,0.0483,3.8363,0,0
2026-09-09T15:02:49.514983+00:00,benign_browsing_v1,benign_browsing_v1__run_000,benign,,3,2,0.9183,0.8383,0.1399,13799.21,3942.63,0.6365,21,6,1.1239,2.1099,1.2717,0.2324,1.9689,0,1,0,0,0,0,3.31,657.11,122.62,824.48,7258.21,8885.13,0,0.0021,4.7901,0,0
2026-09-09T15:02:54.514983+00:00,benign_browsing_v1,benign_browsing_v1__run_000,benign,,6,3,1.4591,0.8851,0.111,16337.53,5990.43,0.5996,30,11,0.3655,0.8782,0.6424,0.229,1.3293,0,3,0,0,0,0,2.521,544.58,238.43,947.4,10184.16,8943.42,0,0.0475,3.9456,0,0
2026-09-09T15:02:59.514983+00:00,benign_browsing_v1,benign_browsing_v1__run_000,benign,,7,3,1.1488,0.92,0.0938,42873.23,18374.24,0.6507,42,18,0.5068,1.3839,0.6875,0.2146,1.3314,0,4,0,0,0,0,2.3119,1020.79,501.01,1747.46,7921.59,8458.32,0,0.0655,5.052,0,0
2026-09-09T15:03:04.514983+00:00,benign_browsing_v1,benign_browsing_v1__run_000,benign,,6,3,1.4591,0.8538,0.1237,12810.33,3843.1,0.6978,30,9,0.921,1.7693,1.3135,0.6158,3.1609,0,3,0,0,0,0,3.1754,427.01,196.46,769.49,9493.39,6637.07,0,0.0173,4.0849,0,0
2026-09-09T15:03:09.514983+00:00,benign_browsing_v1,benign_browsing_v1__run_000,benign,,9,4,1.8366,0.9345,0.036,39726.18,27035.87,0.6131,72,49,1.1037,2.9569,0.8077,0.2717,1.6228,0,5,0,0,1,0,1.4639,551.75,173.49,901.09,8284.03,8324.43,0,0.0,3.4549,0,0
2026-09-09T15:03:14.514983+00:00,benign_browsing_v1,benign_browsing_v1__run_000,benign,,12,4,1.9591,0.9494,0.0294,31328.19,8354.18,0.7127,60,16,1.1202,2.711,0.8879,0.1807,1.43,0,7,1,0,1,0,3.6868,522.14,183.2,885.72,8111.44,7396.78,0,0.0699,3.6433,1,0
2026-09-09T15:03:19.514983+00:00,benign_browsing_v1,benign_browsing_v1__run_000,benign,,3,2,0.9183,0.9276,0.0683,3374.49,1499.77,0.6598,9,4,0.9415,1.4703,0.8884,0.3409,1.9109,0,1,0,0,0,0,2.1966,374.94,74.57,480.21,8404.15,9046.43,0,0.0405,4.4874,0,0
2026-09-09T15:03:24.514983+00:00,benign_browsing_v1,benign_browsing_v1__run_000,benign,,4,3,1.5,0.9143,0.1021,28439.87,9776.2,0.6811,32,11,0.4911,1.2655,0.5902,0.1475,1.0327,0,2,0,0,0,0,2.792,888.75,313.6,1427.63,9437.42,7613.38,0,0.0481,4.1528,0,0
2026-09-09T15:03:29.514983+00:00,benign_browsing_v1,benign_browsing_v1__run_000,benign,,1,1,-0.0,0.88,0.0936,283.21,0.0,0.6516,1,0,1.5109,2.9989,1.0759,0.4119,2.3115,0,0,0,0,0,0,1.4552,283.21,0.0,283.21,8246.95,7797.73,0,0.0,3.6351,0,0
2026-09-09T15:03:34.514983+00:00,benign_browsing_v1,benign_browsing_v1__run_000,benign,,8,4,1.9056,0.8909,0.1107,15364.77,7042.19,0.7003,24,11,1.1184,1.7344,0.8324,0.3838,1.9837,0,4,0,0,1,0,2.1133,640.2,255.07,971.82,9820.73,7876.2,0,0.0325,4.4479,0,0
2026-09-09T15:03:39.514983+00:00,benign_browsing_v1,benign_browsing_v1__run_000,benign,,2,2,1.0,0.9012,0.1671,13594.06,4855.02,0.6304,14,5,1.5989,2.7915,1.3993,0.4761,2.8275,0,1,0,0,0,0,2.7238,971.0,621.98,1592.98,5930.2,7429.88,0,0.011,4.197,0,0
2026-09-09T15:03:44.514983+00:00,benign_browsing_v1,benign_browsing_v1__run_000,benign,,3,2,0.9183,0.8625,0.124,13984.26,4143.48,0.7789,27,8,1.1937,2.7071,0.8498,0.1776,1.3825,0,1,0,0,0,0,3.1142,517.94,269.28,879.38,7420.01,8234.63,0,0.0261,4.115,0,0
2026-09-09T15:03:49.514983+00:00,benign_browsing_v1,benign_browsing_v1__run_000,benign,,11,4,1.6858,0.8502,0.1635,39050.77,17750.35,0.7633,66,30,0.9809,2.5999,1.0233,0.373,2.1423,0,7,0,0,1,0,2.1604,591.68,216.56,1151.33,7338.35,6911.79,0,0.0249,3.8304,0,0
2026-09-09T15:03:54.514983+00:00,benign_browsing_v1,benign_browsing_v1__run_000,benign,,7,3,1.3788,0.8776,0.1197,46954.02,16098.52,0.6697,70,24,0.4558,1.1197,0.829,0.2164,1.4783,0,4,0,0,0,0,2.8853,670.77,170.79,932.93,6987.77,10103.45,0,0.0915,4.0512,0,0
2026-09-09T15:03:59.514983+00:00,benign_browsing_v1,benign_browsing_v1__run_000,benign,,7,4,1.8424,0.8467,0.1453,33147.02,20716.89,0.6944,56,35,0.5903,0.8459,0.6267,0.2402,1.3473,0,4,0,0,0,0,1.5695,591.91,241.67,1083.13,8433.55,8622.32,0,0.0479,3.6296,0,0
2026-09-09T15:04:04.514983+00:00,benign_browsing_v1,benign_browsing_v1__run_000,benign,,5,3,1.5219,0.8726,0.1114,23755.31,6787.23,0.7298,35,10,0.3616,0.6979,0.5837,0.1344,0.987,0,3,0,0,0,0,3.3976,678.72,195.56,1021.85,8836.44,7969.92,0,0.0376,4.2782,0,0
2026-09-09T15:04:09.514983+00:00,benign_browsing_v1,benign_browsing_v1__run_000,benign,,6,3,1.4591,0.9065,0.1406,18154.08,5446.22,0.6629,30,9,1.2347,1.6887,0.9145,0.4393,2.2324,0,3,0,0,0,0,3.2829,605.14,208.34,1060.61,9101.83,6278.43,0,0.0075,4.3442,0,0
2026-09-09T15:04:14.514983+00:00,benign_browsing_v1,benign_browsing_v1__run_000,benign,,10,4,1.8464,0.9124,0.0928,10655.66,4795.05,0.6713,20,9,0.3515,0.5816,0.6586,0.2502,1.4091,0,6,0,0,1,0,2.1359,532.78,187.99,868.06,8670.62,5680.45,0,0.0695,5.1366,0,0
2026-09-09T15:04:19.514983+00:00,benign_browsing_v1,benign_browsing_v1__run_000,benign,,5,3,1.5219,0.8653,0.1236,28103.11,7494.16,0.6763,45,12,1.1125,3.2808,1.2708,0.5178,2.8242,0,3,0,0,0,0,3.4955,624.51,104.87,805.33,8528.76,7985.66,0,0.0194,4.1333,0,1
2026-09-09T15:04:24.514983+00:00,benign_browsing_v1,benign_browsing_v1__run_000,benign,,9,4,1.8911,0.8396,0.197,29078.64,17447.18,0.7202,45,27,1.1226,3.1357,0.9387,0.2649,1.7333,0,5,0,0,1,0,1.6185,646.19,251.72,1153.68,7215.37,9763.97,0,0.0382,4.5577,0,0
2026-09-09T15:04:29.514983+00:00,benign_browsing_v1,benign_browsing_v1__run_000,benign,,7,3,1.5567,0.896,0.1137,29000.24,8976.27,0.7148,42,13,1.1776,3.4879,1.2867,0.5169,2.8372,0,4,0,0,0,0,3.1377,690.48,300.18,1181.94,8965.92,9472.99,0,0.0468,4.0075,0,0
2026-09-09T15:04:34.514983+00:00,benign_browsing_v1,benign_browsing_v1__run_000,benign,,5,3,1.5219,0.893,0.0971,11271.35,2817.84,0.7025,20,5,0.8842,1.553,0.7547,0.3252,1.7303,0,3,0,0,0,0,3.341,563.57,294.49,1012.71,7986.27,7605.28,0,0.0313,3.4916,0,0
2026-09-09T15:04:39.514983+00:00,benign_browsing_v1,benign_browsing_v1__run_000,benign,,9,4,1.8911,0.8595,0.1489,15108.6,10631.98,0.6697,27,19,0.5565,0.8167,0.7098,0.275,1.5348,0,5,0,0,1,0,1.3584,559.58,332.27,1391.91,11170.5,7982.53,0,0.0191,3.9171,1,0
2026-09-09T15:04:44.514983+00:00,benign_browsing_v1,benign_browsing_v1__run_000,benign,,2,2,1.0,0.8816,0.1321,11143.48,4178.8,0.6323,16,6,0.7316,0.8878,1.2014,0.4,2.4014,0,1,0,0,0,0,2.3521,696.47,198.59,895.06,8908.81,9819.46,0,0.0512,3.7027,0,0
2026-09-09T15:04:49.514983+00:00,benign_browsing_v1,benign_browsing_v1__run_000,benign,,7,4,1.9502,0.8765,0.1109,40099.15,10740.84,0.772,56,15,0.7118,1.5022,0.699,0.269,1.5059,0,4,0,0,0,0,3.6856,716.06,279.31,1150.38,8905.85,8090.47,0,0.0451,3.8871,1,0
2026-09-09T15:04:54.514983+00:00,benign_browsing_v1,benign_browsing_v1__run_000,benign,,6,4,1.9183,0.8873,0.1454,19633.95,5142.23,0.7233,42,11,0.7412,1.7277,1.0351,0.4306,2.3267,0,3,0,0,0,0,3.6393,467.48,178.88,721.78,9111.5,9057.71,0,0.0625,3.5646,0,0
2026-09-09T15:04:59.514983+00:00,benign_browsing_v1,benign_browsing_v1__run_000,benign,,9,4,1.8911,0.8898,0.0689,13254.19,3927.17,0.6243,27,8,0.3993,0.9381,0.475,0.2146,1.1187,0,5,0,0,0,0,3.3747,490.9,216.83,958.89,6112.93,9036.23,0,0.0,4.0482,0,0
2026-09-09T15:05:04.514983+00:00,benign_browsing_v1,benign_browsing_v1__run_000,benign,,7,4,1.8424,0.9187,0.1256,35324.43,14508.25,0.7306,56,23,0.6112,1.0806,0.8493,0.2319,1.5449,0,4,0,0,0,0,2.3857,630.79,207.15,927.01,7837.36,8269.28,0,0.0,3.9084,0,1
2026-09-09T15:05:09.514983+00:00,benign_browsing_v1,benign_browsing_v1__run_000,benign,,5,4,1.9219,0.8469,0.183,16764.2,4310.79,0.7119,35,9,0.7058,0.9653,0.9358,0.4553,2.3018,0,2,0,0,0,0,3.747,478.98,223.57,904.04,7555.97,10931.27,0,0.0491,3.5224,0,0
2026-09-09T15:05:14.514983+00:00,benign_browsing_v1,benign_browsing_v1__run_000,benign,,3,3,1.585,0.9149,0.0782,5891.37,1472.84,0.737,12,3,0.6803,1.5217,1.1112,0.3522,2.1678,0,1,0,0,0,0,3.2738,490.95,167.01,685.05,7773.04,8036.99,0,0.0707,4.0207,0,0
2026-09-09T15:05:19.514983+00:00,benign_browsing_v1,benign_browsing_v1__run_000,benign,,6,3,1.4591,0.8474,0.151,3411.99,1137.33,0.6769,6,2,0.8738,2.3306,0.5977,0.201,1.2007,0,3,0,0,0,0,2.1917,568.67,172.04,819.7,8080.53,8949.42,0,0.0695,4.3758,0,0
2026-09-09T15:05:24.514983+00:00,benign_browsing_v1,benign_browsing_v1__run_000,benign,,7,4,1.9502,0.8709,0.147,28339.11,11470.59,0.7691,42,17,0.7662,1.768,0.7889,0.2252,1.4646,0,4,0,0,1,0,2.3789,674.74,308.13,1182.15,8796.2,9230.87,0,0.0572,3.6856,0,0
2026-09-09T15:05:29.514983+00:00,benign_browsing_v1,benign_browsing_v1__run_000,benign,,8,4,1.9056,0.836,0.1505,7313.25,2742.47,0.7341,16,6,1.1242,1.9089,0.6228,0.2065,1.2423,0,4,0,0,0,0,2.3869,457.08,236.74,1024.18,8978.92,8762.38,0,0.0646,4.3328,0,0
2026-09-09T15:05:34.514983+00:00,benign_browsing_v1,benign_browsing_v1__run_000,benign,,7,4,1.8424,0.8722,0.1119,27274.84,14027.06,0.651,35,18,0.6234,1.2908,0.8511,0.3177,1.8041,0,4,0,0,0,0,1.8837,779.28,334.77,1363.2,10064.16,8448.89,0,0.0031,4.3832,0,0
2026-09-09T15:05:39.514983+00:00,benign_browsing_v1,benign_browsing_v1__run_000,benign,,4,3,1.5,0.8321,0.1806,5652.18,4239.13,0.7192,16,12,1.1243,1.8568,0.8471,0.4371,2.1585,0,2,0,0,0,0,1.2676,353.26,195.42,619.3,7361.17,8837.04,0,0.0,4.1178,0,0
2026-09-09T15:05:44.514983+00:00,benign_browsing_v1,benign_browsing_v1__run_000,benign,,8,4,1.9056,0.9242,0.0967,12887.59,6443.8,0.7499,24,12,0.729,1.6777,0.6744,0.2216,1.3392,0,4,0,0,1,0,1.896,536.98,152.64,714.04,8131.01,7311.72,0,0.0,4.5084,0,0
2026-09-09T15:05:49.514983+00:00,benign_browsing_v1,benign_browsing_v1__run_000,benign,,5,3,1.371,0.8585,0.1142,12676.27,3485.97,0.7144,40,11,0.9327,2.0647,0.9187,0.2297,1.6078,0,3,0,0,0,0,3.4943,316.91,99.0,496.71,8032.16,7181.57,0,0.0254,4.8699,0,0
2026-09-09T15:05:54.514983+00:00,benign_browsing_v1,benign_browsing_v1__run_000,benign,,5,3,1.5219,0.9666,0.0131,19017.87,7063.78,0.6892,35,13,0.9709,2.1866,1.0557,0.5067,2.5757,0,3,0,0,0,0,2.672,543.37,205.37,736.18,9365.69,6959.85,0,0.064,4.3797,0,0
2026-09-09T15:05:59.514983+00:00,benign_browsing_v1,benign_browsing_v1__run_000,benign,,6,4,1.7925,0.8886,0.115,15643.55,6257.42,0.7824,30,12,1.3683,3.1892,1.1935,0.3062,2.1122,0,3,0,0,0,0,2.316,521.45,261.93,1089.94,8001.56,8558.03,0,0.0,3.9478,0,0
2026-09-09T15:06:04.514983+00:00,benign_browsing_v1,benign_browsing_v1__run_000,benign,,4,2,0.8113,0.8229,0.1988,4935.71,1645.24,0.6609,12,4,0.6617,1.5756,1.2326,0.63,3.1225,0,2,0,0,0,0,2.6495,411.31,146.83,645.71,7528.16,9096.61,0,0.0,3.5095,0,1
2026-09-09T15:06:09.514983+00:00,benign_browsing_v1,benign_browsing_v1__run_000,benign,,7,3,1.5567,0.8926,0.1045,11247.35,3749.12,0.7093,21,7,1.0562,1.8413,0.9427,0.2118,1.5782,0,4,0,0,1,0,2.882,535.59,384.85,1285.21,7983.45,8784.11,0,0.0077,3.8396,0,0
2026-09-09T15:06:14.514983+00:00,benign_browsing_v1,benign_browsing_v1__run_000,benign,,5,3,1.371,0.8615,0.1252,13251.75,5300.7,0.6807,20,8,1.3455,3.0779,0.9825,0.2129,1.6212,0,3,0,0,0,0,2.4069,662.59,179.97,841.28,7512.76,8176.84,0,0.0,3.8345,0,0
2026-09-09T15:06:19.514983+00:00,benign_browsing_v1,benign_browsing_v1__run_000,benign,,3,2,0.9183,0.9041,0.1427,7295.52,3647.76,0.7792,18,9,1.2938,2.1807,1.0002,0.4926,2.478,0,1,0,0,0,0,1.9747,405.31,226.94,681.24,7984.01,7608.55,0,0.001,4.3018,0,0
2026-09-09T15:06:24.514983+00:00,benign_browsing_v1,benign_browsing_v1__run_000,benign,,10,4,1.9219,0.8806,0.1501,69341.41,20172.05,0.7363,110,32,0.9853,1.8655,0.8511,0.3363,1.8599,0,6,0,0,0,0,3.3821,630.38,390.56,1281.35,6964.87,7913.59,0,0.0453,5.1657,0,0
2026-09-09T15:06:29.514983+00:00,benign_browsing_v1,benign_browsing_v1__run_000,benign,,3,3,1.585,0.8564,0.1457,6966.17,1741.54,0.6474,12,3,1.0771,1.5964,0.8964,0.2089,1.5231,0,1,0,0,0,0,3.8495,580.51,140.97,773.46,6692.21,7599.83,0,0.0,4.1788,0,0
2026-09-09T15:06:34.514983+00:00,benign_browsing_v1,benign_browsing_v1__run_000,benign,,8,4,1.9056,0.8572,0.1362,23716.46,8399.58,0.6913,48,17,1.0421,2.9937,0.7028,0.2386,1.4186,0,4,0,0,0,0,2.7328,494.09,208.86,861.29,7932.92,8995.47,0,0.0,3.9654,0,2
2026-09-09T15:06:39.514983+00:00,benign_browsing_v1,benign_browsing_v1__run_000,benign,,6,3,1.4591,0.8474,0.1473,23227.38,7189.43,0.6864,42,13,0.6387,1.1397,0.7874,0.2059,1.4052,0,3,0,0,0,0,3.1904,553.03,326.92,1040.33,8920.29,6887.36,0,0.0,3.5027,0,0
2026-09-09T15:06:44.514983+00:00,benign_browsing_v1,benign_browsing_v1__run_000,benign,,9,3,1.585,0.9081,0.0875,48719.05,27066.14,0.6302,90,50,1.0212,2.6107,0.6818,0.3323,1.6788,0,5,0,0,1,0,1.7894,541.32,216.55,796.38,6484.78,8440.15,0,0.0199,3.0209,1,0
2026-09-09T15:06:49.514983+00:00,benign_browsing_v1,benign_browsing_v1__run_000,benign,,7,4,1.9502,0.8401,0.1596,27081.92,13154.07,0.6748,35,17,0.9849,2.2614,0.5399,0.1098,0.8695,0,4,0,0,0,0,2.0006,773.77,477.41,1794.96,8469.21,6685.17,0,0.0177,3.2346,0,0
2026-09-09T15:06:54.514983+00:00,benign_browsing_v1,benign_browsing_v1__run_000,benign,,11,3,1.4354,0.8462,0.1178,26391.79,8997.2,0.7421,44,15,0.9679,1.5027,0.6506,0.2939,1.5324,0,6,1,0,1,0,2.8353,599.81,274.2,1125.25,8577.48,7250.21,0,0.0486,3.9618,0,0
2026-09-09T15:06:59.514983+00:00,benign_browsing_v1,benign_browsing_v1__run_000,benign,,7,4,1.8424,0.9179,0.0739,30171.55,8620.44,0.748,49,14,1.4563,2.5806,1.1357,0.3506,2.1876,0,4,0,0,0,0,3.3293,615.75,232.41,870.74,5842.59,8768.64,0,0.0202,4.0627,0,1
2026-09-09T15:07:04.514983+00:00,benign_browsing_v1,benign_browsing_v1__run_000,benign,,9,4,1.6577,0.8422,0.163,27699.22,12926.3,0.6329,45,21,1.246,2.6208,1.1339,0.5952,2.9195,0,5,0,0,1,0,2.1214,615.54,316.43,1294.4,7896.44,8074.93,0,0.0055,4.168,0,1
2026-09-09T15:07:09.514983+00:00,benign_browsing_v1,benign_browsing_v1__run_000,benign,,9,4,1.8366,0.9183,0.148,18278.44,8123.75,0.7047,36,16,0.9186,1.5513,0.6922,0.3468,1.7326,0,5,0,0,1,0,2.1713,507.73,223.0,954.55,8505.34,8186.71,0,0.0369,4.5756,0,0
2026-09-09T15:07:14.514983+00:00,benign_browsing_v1,benign_browsing_v1__run_000,benign,,4,2,1.0,0.9173,0.0906,13894.77,4342.12,0.7499,16,5,0.8045,2.1992,0.7541,0.2737,1.5751,0,2,0,0,0,0,2.8675,868.42,413.56,1483.92,8002.76,9842.17,0,0.0088,3.4982,0,0
2026-09-09T15:07:19.514983+00:00,benign_browsing_v1,benign_browsing_v1__run_000,benign,,5,3,1.5219,0.8426,0.1515,8755.02,4377.51,0.6648,10,5,0.514,1.3792,0.8649,0.4253,2.1408,0,3,0,0,0,0,1.9657,875.5,405.94,1315.55,8661.02,7784.39,0,0.0371,3.5766,0,0
2026-09-09T15:07:24.514983+00:00,benign_browsing_v1,benign_browsing_v1__run_000,benign,,8,4,1.75,0.9062,0.0886,26563.01,11953.35,0.7187,40,18,0.3284,0.4269,0.64,0.1877,1.2032,0,5,0,0,1,0,2.1356,664.08,312.66,1292.04,8702.79,7529.8,0,0.0678,4.6634,0,0
2026-09-09T15:07:29.514983+00:00,benign_browsing_v1,benign_browsing_v1__run_000,benign,,7,4,1.8424,0.8932,0.1304,20107.44,8042.97,0.6823,35,14,1.3257,2.3242,1.1317,0.3041,2.0441,0,4,0,0,0,0,2.3863,574.5,227.19,918.94,9229.23,8145.62,0,0.049,3.7555,1,0
2026-09-09T15:07:34.514983+00:00,benign_browsing_v1,benign_browsing_v1__run_000,benign,,7,2,0.9852,0.868,0.1514,23506.75,6044.59,0.678,35,9,0.5631,1.5373,1.0216,0.3414,2.0457,0,4,0,0,0,0,3.6433,671.62,339.41,1264.09,8864.39,8523.88,0,0.0,4.4947,0,0
2026-09-09T15:07:39.514983+00:00,benign_browsing_v1,benign_browsing_v1__run_000,benign,,5,3,1.5219,0.9002,0.0942,12337.57,5428.53,0.7437,25,11,0.6705,1.0222,0.912,0.2417,1.6369,0,3,0,0,0,0,2.1359,493.5,53.17,573.6,8809.51,7979.61,0,0.0617,4.2567,0,0
2026-09-09T15:07:44.514983+00:00,benign_browsing_v1,benign_browsing_v1__run_000,benign,,1,1,-0.0,0.8797,0.1455,4458.72,1273.92,0.7333,7,2,0.4871,1.4442,0.8929,0.1704,1.4043,0,0,0,0,0,0,3.1857,636.96,0.0,636.96,7529.3,7009.59,0,0.0498,3.9179,0,0
2026-09-09T15:07:49.514983+00:00,benign_browsing_v1,benign_browsing_v1__run_000,benign,,7,4,1.8424,0.8168,0.1684,15093.24,6468.53,0.7339,28,12,0.5559,1.3478,1.1178,0.4544,2.481,0,4,0,0,0,0,2.2689,539.04,218.2,788.33,7071.55,7737.05,0,0.0356,4.0988,0,1
2026-09-09T15:07:54.514983+00:00,benign_browsing_v1,benign_browsing_v1__run_000,benign,,5,2,0.971,0.8543,0.1524,14945.41,4981.8,0.7477,30,10,0.7115,1.068,1.1043,0.2795,1.9428,0,3,0,0,0,0,2.9305,498.18,107.52,692.49,9484.02,9835.38,0,0.0,4.5347,0,0
2026-09-09T15:07:59.514983+00:00,benign_browsing_v1,benign_browsing_v1__run_000,benign,,11,4,1.9363,0.898,0.0798,25815.12,12320.85,0.7395,44,21,0.9545,1.2448,0.6026,0.2476,1.3454,0,6,0,0,1,0,2.0419,586.71,256.14,1036.22,8792.28,8782.6,0,0.0073,3.6018,0,0
2026-09-09T15:08:04.514983+00:00,benign_browsing_v1,benign_browsing_v1__run_000,benign,,7,3,1.1488,0.9002,0.0875,30052.15,9301.86,0.6457,42,13,0.7891,1.5135,0.9828,0.4645,2.3762,0,4,0,0,0,0,3.1135,715.53,346.95,1338.68,7705.95,10362.56,0,0.02,4.1885,0,0
2026-09-09T15:08:09.514983+00:00,benign_browsing_v1,benign_browsing_v1__run_000,benign,,8,3,1.4056,0.8431,0.1376,30055.2,11270.7,0.6898,64,24,0.8538,2.5377,0.7075,0.323,1.6766,0,5,0,0,0,0,2.5854,469.61,145.92,702.08,9113.94,8243.18,0,0.0,3.6429,0,1
2026-09-09T15:08:14.514983+00:00,benign_browsing_v1,benign_browsing_v1__run_000,benign,,9,4,1.8366,0.9242,0.0615,27070.52,10226.64,0.6858,45,17,0.735,1.0191,0.7546,0.3266,1.7345,0,6,0,0,0,0,2.5027,601.57,176.98,929.3,6591.7,7495.83,0,0.0655,4.1462,0,0
2026-09-09T15:08:19.514983+00:00,benign_browsing_v1,benign_browsing_v1__run_000,benign,,13,3,1.4196,0.8593,0.1151,54218.83,21316.81,0.8245,117,46,0.53,0.9668,0.6805,0.3173,1.6324,0,8,0,0,1,0,2.4942,463.41,275.64,1151.99,7267.21,7796.5,0,0.0125,3.8143,0,0
2026-09-09T15:08:24.514983+00:00,benign_browsing_v1,benign_browsing_v1__run_000,benign,,12,4,1.9183,0.8585,0.1418,68942.73,26428.05,0.7569,120,46,0.5584,0.9322,0.6369,0.1396,1.0556,0,7,0,0,1,0,2.5922,574.52,315.29,1408.98,8495.3,7011.33,0,0.1101,3.9072,0,0
2026-09-09T15:08:29.514983+00:00,benign_browsing_v1,benign_browsing_v1__run_000,benign,,8,3,1.4056,0.9054,0.0665,24840.13,10202.2,0.6785,56,23,0.4276,0.7637,0.6582,0.2671,1.4595,0,5,0,0,1,0,2.4251,443.57,199.86,873.38,9804.41,7949.76,0,0.0,3.741,0,0
2026-09-09T15:08:34.514983+00:00,benign_browsing_v1,benign_browsing_v1__run_000,benign,,8,4,1.8113,0.9023,0.0581,27227.49,9529.62,0.7361,40,14,0.5559,1.273,0.9347,0.4115,2.1693,0,5,0,0,0,0,2.7723,680.69,464.24,1622.45,7075.64,8383.63,0,0.0603,3.2306,0,0
2026-09-09T15:08:39.514983+00:00,benign_browsing_v1,benign_browsing_v1__run_000,benign,,2,2,1.0,0.9372,0.0598,4676.86,1169.22,0.7202,8,2,1.246,2.0156,1.0581,0.2114,1.6921,0,1,0,0,0,0,2.8268,584.61,0.33,584.93,8840.05,7447.9,0,0.0,3.0235,0,0
2026-09-09T15:08:44.514983+00:00,benign_browsing_v1,benign_browsing_v1__run_000,benign,,11,4,1.9808,0.9154,0.038,26664.55,11150.63,0.6917,55,23,0.8749,1.1481,0.8779,0.4207,2.1401,0,6,0,0,1,0,2.386,484.81,169.94,877.48,7317.87,7407.31,0,0.0,3.7008,0,0
2026-09-09T15:08:49.514983+00:00,benign_browsing_v1,benign_browsing_v1__run_000,benign,,4,3,1.5,0.8394,0.1729,18657.32,5996.99,0.7023,28,9,0.7387,1.544,0.9085,0.298,1.8024,0,2,0,0,0,0,2.9005,666.33,177.74,896.29,9576.02,9168.26,0,0.0,3.4995,0,1
2026-09-09T15:08:54.514983+00:00,benign_browsing_v1,benign_browsing_v1__run_000,benign,,6,2,0.9183,0.8723,0.1218,18675.55,9782.43,0.6782,42,22,1.1451,2.6108,1.0638,0.2872,1.9253,0,3,0,0,0,0,1.9076,444.66,139.78,603.16,7528.14,6218.92,0,0.029,4.6752,0,0
2026-09-09T15:08:59.514983+00:00,benign_browsing_v1,benign_browsing_v1__run_000,benign,,5,3,1.5219,0.8741,0.132,8374.79,3349.91,0.764,15,6,1.0405,2.2293,1.3197,0.4297,2.6089,0,3,0,0,0,0,2.4826,558.32,330.25,1202.3,8891.47,8255.56,0,0.0,3.4642,0,0
2026-09-09T15:09:04.514983+00:00,benign_browsing_v1,benign_browsing_v1__run_000,benign,,6,3,1.4591,0.9149,0.0985,36658.67,14935.01,0.8192,54,22,0.7817,2.0748,0.6091,0.2684,1.4143,0,4,0,0,0,0,2.395,678.86,418.93,1540.5,7733.77,8704.77,0,0.0,4.1261,0,0
2026-09-09T15:09:09.514983+00:00,benign_browsing_v1,benign_browsing_v1__run_000,benign,,10,4,1.761,0.8915,0.0926,30131.37,12052.55,0.6931,60,24,0.4801,1.0656,0.6407,0.3211,1.6042,0,6,1,0,1,0,2.4135,502.19,314.56,1368.53,6690.8,9281.55,0,0.0,3.5265,0,0
2026-09-09T15:09:14.514983+00:00,benign_browsing_v1,benign_browsing_v1__run_000,benign,,7,3,1.5567,0.8713,0.111,29463.3,13679.39,0.714,56,26,0.6372,1.2618,1.1907,0.4149,2.4354,0,4,0,0,0,0,2.1472,526.13,116.15,749.27,9110.68,9273.73,0,0.0007,3.9178,0,0
2026-09-09T15:09:19.514983+00:00,benign_browsing_v1,benign_browsing_v1__run_000,benign,,10,4,1.8464,0.919,0.1007,34248.19,15069.2,0.7413,50,22,0.5178,1.1009,0.6857,0.1703,1.1966,0,6,1,0,1,0,2.2118,684.96,338.31,1287.82,7762.41,8733.91,0,0.0065,4.0904,0,0
2026-09-09T15:09:24.514983+00:00,benign_browsing_v1,benign_browsing_v1__run_000,benign,,7,4,1.9502,0.8839,0.1198,10890.83,5834.37,0.6562,28,15,0.9763,2.0314,0.6594,0.2792,1.4969,0,4,0,0,0,0,1.7778,388.96,135.34,673.78,7655.96,8654.05,0,0.005,3.7251,0,0
2026-09-09T15:09:29.514983+00:00,benign_browsing_v1,benign_browsing_v1__run_000,benign,,3,3,1.585,0.8927,0.1149,7051.16,2350.39,0.7527,12,4,0.5795,1.317,0.9015,0.3097,1.8307,0,1,0,0,0,0,2.59,587.6,296.32,1003.5,7822.37,6351.22,0,0.0,3.5924,0,0
2026-09-09T15:09:34.514983+00:00,benign_browsing_v1,benign_browsing_v1__run_000,benign,,6,3,1.4591,0.9122,0.116,11766.25,5392.87,0.6987,24,11,0.4021,1.1792,0.7255,0.1349,1.1303,0,3,0,0,0,0,2.1659,490.26,123.58,627.89,6667.79,7912.66,0,0.024,3.9507,0,0
2026-09-09T15:09:39.514983+00:00,benign_browsing_v1,benign_browsing_v1__run_000,benign,,10,4,1.971,0.8708,0.1409,37252.31,16142.67,0.7099,60,26,0.8919,2.2513,0.7327,0.2611,1.5161,0,5,0,0,0,0,2.2511,620.87,237.46,1076.51,7197.1,6957.99,0,0.0097,4.5907,0,0
2026-09-09T15:09:44.514983+00:00,benign_browsing_v1,benign_browsing_v1__run_000,benign,,5,4,1.9219,0.8908,0.0917,11594.9,5217.7,0.7163,20,9,0.4375,0.6907,0.6,0.2031,1.2094,0,2,0,0,0,0,2.1764,579.74,104.73,705.26,8407.34,8726.08,0,0.0652,3.3518,0,0
2026-09-09T15:09:49.514983+00:00,benign_browsing_v1,benign_browsing_v1__run_000,benign,,6,2,0.9183,0.9106,0.0816,59469.36,22526.27,0.7345,66,25,0.6524,1.3992,0.9062,0.1732,1.4258,0,3,0,0,0,0,2.5961,901.05,361.01,1597.75,8487.73,7089.67,0,0.0,3.7849,0,0
2026-09-09T15:09:54.514983+00:00,benign_browsing_v1,benign_browsing_v1__run_000,benign,,10,4,1.8955,0.8765,0.0981,27434.95,9602.23,0.5915,40,14,0.5331,0.7906,0.7044,0.2256,1.3813,0,6,0,0,1,0,2.7705,685.87,300.02,1270.83,7428.93,7467.15,0,0.0187,4.2025,0,0
2026-09-09T15:09:59.514983+00:00,benign_browsing_v1,benign_browsing_v1__run_000,benign,,13,4,1.9878,0.8676,0.1238,23811.47,6105.5,0.6921,39,10,0.5129,1.3414,0.7243,0.3386,1.7402,1,8,1,0,1,0,3.7835,610.55,336.63,1323.76,6848.65,7419.83,0,0.0549,3.5297,0,0
2026-09-09T15:10:04.514983+00:00,benign_browsing_v1,benign_browsing_v1__run_000,benign,,5,3,1.5219,0.8271,0.1987,13908.87,6027.18,0.7091,30,13,1.1604,3.4087,0.9435,0.2149,1.5882,0,3,0,0,0,0,2.2386,463.63,132.84,675.21,7349.94,6790.13,0,0.0472,3.3356,0,0
2026-09-09T15:10:09.514983+00:00,benign_browsing_v1,benign_browsing_v1__run_000,benign,,3,3,1.585,0.8697,0.1423,6811.25,2838.02,0.7428,12,5,0.6343,1.5634,0.9469,0.4797,2.386,0,1,0,0,0,0,2.0322,567.6,24.04,594.39,8789.95,8216.79,0,0.043,4.1642,0,0
2026-09-09T15:10:14.514983+00:00,benign_browsing_v1,benign_browsing_v1__run_000,benign,,3,3,1.585,0.8643,0.1337,9506.87,2716.25,0.7303,21,6,1.044,1.3557,1.0803,0.4402,2.4009,0,1,0,0,0,0,3.179,452.71,14.25,470.0,8677.55,9687.54,0,0.0,3.1225,0,0
2026-09-09T15:10:19.514983+00:00,benign_browsing_v1,benign_browsing_v1__run_000,benign,,10,4,1.8464,0.8588,0.1413,27775.43,18331.78,0.7133,50,33,0.6554,0.9557,0.809,0.346,1.8468,0,6,0,0,1,0,1.4999,555.51,262.42,1029.65,6908.88,7457.81,0,0.0132,4.7412,0,0
2026-09-09T15:10:24.514983+00:00,benign_browsing_v1,benign_browsing_v1__run_000,benign,,4,3,1.5,0.8838,0.1203,18705.2,7793.83,0.7119,24,10,1.3229,3.8834,1.087,0.3865,2.2464,0,2,0,0,0,0,2.3517,779.38,562.89,1730.23,8938.61,9140.0,0,0.0386,4.5809,0,0
2026-09-09T15:10:29.514983+00:00,benign_browsing_v1,benign_browsing_v1__run_000,benign,,12,4,1.9591,0.8932,0.1229,29616.6,17893.36,0.7288,48,29,0.9276,1.4632,0.6444,0.1704,1.1555,1,7,1,0,1,0,1.6325,617.01,256.72,1091.31,9065.04,9948.61,0,0.0392,3.9531,1,0
2026-09-09T15:10:34.514983+00:00,benign_browsing_v1,benign_browsing_v1__run_000,benign,,8,4,1.9056,0.861,0.131,26802.57,11167.74,0.7028,48,20,0.7355,1.5077,0.874,0.3539,1.9356,0,4,0,0,1,0,2.3278,558.39,237.94,835.71,9297.85,8355.21,0,0.0422,5.2799,0,0
2026-09-09T15:10:39.514983+00:00,benign_browsing_v1,benign_browsing_v1__run_000,benign,,10,4,1.6855,0.9109,0.1066,16602.42,6225.91,0.7151,40,15,0.9428,2.3225,0.6649,0.3345,1.6683,0,5,1,0,0,0,2.6301,415.06,106.09,575.5,7953.33,9155.68,0,0.0292,3.1593,0,0
2026-09-09T15:10:44.514983+00:00,benign_browsing_v1,benign_browsing_v1__run_000,benign,,5,4,1.9219,0.8822,0.1036,25193.23,12236.71,0.6471,35,17,0.8912,1.6381,1.0206,0.3977,2.2138,0,3,0,0,0,0,2.0547,719.81,317.24,1333.2,7020.52,8832.08,0,0.0436,4.4251,0,0
2026-09-09T15:10:49.514983+00:00,benign_browsing_v1,benign_browsing_v1__run_000,benign,,6,2,1.0,0.9267,0.0734,11936.5,4973.54,0.6172,24,10,0.7479,1.5388,0.6793,0.201,1.2824,0,3,0,0,0,0,2.3404,497.35,200.6,770.5,8302.47,8147.52,0,0.0,4.0964,0,0
2026-09-09T15:10:54.514983+00:00,benign_browsing_v1,benign_browsing_v1__run_000,benign,,6,3,1.4591,0.8749,0.1171,19098.34,5835.6,0.7238,36,11,0.4018,0.7551,0.6219,0.1101,0.9521,0,3,0,0,0,0,3.1585,530.51,110.45,678.94,8525.16,7374.92,0,0.0217,3.7934,0,0
2026-09-09T15:10:59.514983+00:00,benign_browsing_v1,benign_browsing_v1__run_000,benign,,7,3,1.3788,0.8697,0.1263,23174.2,6621.2,0.6249,42,12,0.4416,0.8439,0.6279,0.3004,1.5291,0,4,0,0,1,0,3.3625,551.77,154.74,900.83,9279.27,7563.26,0,0.0236,3.0327,0,0
2026-09-09T15:11:04.514983+00:00,benign_browsing_v1,benign_browsing_v1__run_000,benign,,2,2,1.0,0.8382,0.1871,6771.75,1692.94,0.6273,12,3,0.8251,2.3376,0.9738,0.2186,1.6297,0,1,0,0,0,0,3.7624,564.31,179.11,743.42,9770.37,8854.46,0,0.0569,4.0764,0,0
2026-09-09T15:11:09.514983+00:00,benign_browsing_v1,benign_browsing_v1__run_000,benign,,4,3,1.5,0.837,0.1722,5071.0,1267.75,0.6706,8,2,1.2018,3.4246,0.9501,0.4607,2.3324,0,2,0,0,0,0,3.3602,633.87,190.52,829.4,6953.96,9184.53,0,0.0181,4.3259,0,0
2026-09-09T15:11:14.514983+00:00,benign_browsing_v1,benign_browsing_v1__run_000,benign,,8,4,1.75,0.9251,0.0836,24406.11,9762.44,0.7095,40,16,0.8199,2.2542,0.8502,0.2721,1.6666,0,4,0,0,0,0,2.4069,610.15,429.69,1608.07,8755.36,7009.73,0,0.0104,4.4421,1,0
2026-09-09T15:11:19.514983+00:00,benign_browsing_v1,benign_browsing_v1__run_000,benign,,1,1,-0.0,0.8536,0.1523,2281.85,456.37,0.7477,5,1,0.6725,1.7123,0.8639,0.3157,1.811,0,0,0,0,0,0,3.4903,456.37,0.0,456.37,8816.29,7447.91,0,0.0408,3.7782,0,0
2026-09-09T15:11:24.514983+00:00,benign_browsing_v1,benign_browsing_v1__run_000,benign,,3,2,0.9183,0.825,0.1942,11570.87,7285.36,0.7491,27,17,0.9999,1.5025,0.8311,0.2543,1.594,0,1,0,0,0,0,1.5584,428.55,111.14,574.92,8994.89,6885.88,0,0.0118,3.5626,0,0
2026-09-09T15:11:29.514983+00:00,benign_browsing_v1,benign_browsing_v1__run_000,benign,,5,4,1.9219,0.9062,0.0493,7952.84,2120.76,0.7343,15,4,1.0896,1.4032,0.7785,0.2359,1.4862,0,3,0,0,0,0,3.285,530.19,105.22,651.75,8024.57,8059.74,0,0.0,4.6325,0,0
2026-09-09T15:11:34.514983+00:00,benign_browsing_v1,benign_browsing_v1__run_000,benign,,1,1,-0.0,0.9046,0.1052,3330.23,1427.24,0.5964,7,3,0.8939,1.3048,1.3072,0.5321,2.9036,0,0,0,0,0,0,2.1258,475.75,0.0,475.75,8071.9,8803.29,0,0.0259,4.3131,0,0
2026-09-09T15:11:39.514983+00:00,benign_browsing_v1,benign_browsing_v1__run_000,benign,,6,4,1.9183,0.9053,0.0938,26894.94,12999.22,0.8066,60,29,0.9714,2.8591,0.9,0.3204,1.8611,0,3,0,0,0,0,2.0494,448.25,159.94,719.82,7956.49,7617.64,0,0.0073,4.0721,0,0
2026-09-09T15:11:44.514983+00:00,benign_browsing_v1,benign_browsing_v1__run_000,benign,,5,3,1.5219,0.8867,0.1372,12785.38,6818.87,0.7822,30,16,0.5476,1.0815,0.8108,0.3341,1.8132,0,3,0,0,0,0,1.8006,426.18,102.49,629.98,8478.88,6267.43,0,0.0557,3.9498,0,0
2026-09-09T15:11:49.514983+00:00,benign_browsing_v1,benign_browsing_v1__run_000,benign,,5,3,1.371,0.9102,0.082,10556.68,7741.56,0.6351,15,11,0.6172,1.1996,1.3396,0.3816,2.4845,0,3,0,0,0,0,1.2525,703.78,153.5,904.99,8496.31,9489.98,0,0.0,4.0182,0,0
2026-09-09T15:11:54.514983+00:00,benign_browsing_v1,benign_browsing_v1__run_000,benign,,4,3,1.5,0.9025,0.1073,15242.95,3810.74,0.7317,24,6,1.1023,1.5385,0.9624,0.2264,1.6415,0,2,0,0,0,0,3.6061,635.12,141.29,849.83,8561.54,9795.08,0,0.0336,3.8694,0,0
2026-09-09T15:11:59.514983+00:00,benign_browsing_v1,benign_browsing_v1__run_000,benign,,4,4,2.0,0.9211,0.0676,24232.3,12789.27,0.624,36,19,0.9316,2.3962,0.686,0.3354,1.6921,0,2,0,0,0,0,1.8416,673.12,63.82,733.76,8542.39,7444.63,0,0.014,4.2893,0,0
2026-09-09T15:12:04.514983+00:00,benign_browsing_v1,benign_browsing_v1__run_000,benign,,6,4,1.7925,0.9001,0.0975,7569.5,1892.37,0.7558,12,3,0.5913,0.935,0.7082,0.1434,1.1384,0,3,0,0,0,0,3.0439,630.79,334.8,1266.84,7117.43,8957.47,0,0.0123,4.401,0,0
2026-09-09T15:12:09.514983+00:00,benign_browsing_v1,benign_browsing_v1__run_000,benign,,5,3,1.5219,0.8976,0.0942,20814.92,8325.97,0.7231,20,8,1.4158,2.2811,1.1682,0.5968,2.9585,0,3,0,0,0,0,2.4316,1040.75,1069.27,3158.6,7229.96,7822.22,0,0.0,4.2462,0,0
2026-09-09T15:12:14.514983+00:00,benign_browsing_v1,benign_browsing_v1__run_000,benign,,6,2,0.65,0.9022,0.114,11081.17,3693.72,0.7322,30,10,1.019,1.411,1.1808,0.2578,1.9542,0,3,0,0,0,0,2.987,369.37,143.31,533.23,8166.74,6881.53,0,0.0256,4.4589,0,1
2026-09-09T15:12:19.514983+00:00,benign_browsing_v1,benign_browsing_v1__run_000,benign,,4,3,1.5,0.8377,0.1697,27816.78,8850.79,0.7402,44,14,0.9835,1.3278,0.8105,0.183,1.3594,0,2,0,0,0,0,2.9685,632.2,264.09,967.75,9956.67,7663.85,0,0.0508,3.646,0,0
2026-09-09T15:12:24.514983+00:00,benign_browsing_v1,benign_browsing_v1__run_000,benign,,7,3,1.5567,0.9498,0.0722,17499.35,6666.42,0.5921,42,16,0.9335,1.4792,0.7886,0.2277,1.4717,0,4,0,0,0,0,2.543,416.65,176.62,755.07,8930.68,7236.38,0,0.0057,4.2949,0,0
2026-09-09T15:12:29.514983+00:00,benign_browsing_v1,benign_browsing_v1__run_000,benign,,10,4,1.8464,0.9128,0.0827,29630.84,11259.72,0.6796,50,19,0.5034,1.121,0.7543,0.2529,1.5129,0,6,1,0,1,0,2.5944,592.62,182.96,840.86,8890.37,7605.77,0,0.0,4.5848,0,0
2026-09-09T15:12:34.514983+00:00,benign_browsing_v1,benign_browsing_v1__run_000,benign,,9,4,1.9749,0.894,0.1316,22855.65,9734.82,0.6758,54,23,1.325,3.2941,1.0387,0.3643,2.1316,0,5,0,0,1,0,2.3357,423.25,164.39,837.19,7702.53,8928.53,0,0.0394,4.6705,0,0
2026-09-09T15:12:39.514983+00:00,benign_browsing_v1,benign_browsing_v1__run_000,benign,,8,4,1.75,0.9039,0.0732,13035.01,5974.38,0.7374,24,11,0.7663,1.4938,0.6884,0.2469,1.4292,0,4,0,0,0,0,2.1581,543.13,245.52,973.04,6580.98,5773.62,0,0.0619,3.637,0,0
2026-09-09T15:12:44.514983+00:00,benign_browsing_v1,benign_browsing_v1__run_000,benign,,10,4,1.971,0.8925,0.1436,47207.62,31696.54,0.6838,70,47,0.5455,1.3749,0.7536,0.391,1.9267,0,5,0,0,1,0,1.4767,674.39,330.73,1271.83,9497.43,8035.84,0,0.0464,4.1129,0,0
2026-09-09T15:12:49.514983+00:00,benign_browsing_v1,benign_browsing_v1__run_000,benign,,4,1,-0.0,0.8681,0.1698,11244.84,4497.93,0.6756,20,8,0.6322,1.2564,1.2707,0.6204,3.1318,0,2,0,0,0,0,2.364,562.24,98.87,667.37,7037.43,8405.32,0,0.0,4.639,0,0
2026-09-09T15:12:54.514983+00:00,benign_browsing_v1,benign_browsing_v1__run_000,benign,,6,3,1.4591,0.8895,0.0994,25072.82,8357.61,0.6979,42,14,1.4197,3.3149,1.1364,0.3941,2.3187,0,3,0,0,0,0,2.8013,596.97,259.57,1044.25,9177.43,7005.74,0,0.0,3.6448,0,0
2026-09-09T15:12:59.514983+00:00,benign_browsing_v1,benign_browsing_v1__run_000,benign,,1,1,-0.0,0.8622,0.1383,2351.59,587.9,0.7052,4,1,0.5738,1.4544,0.8162,0.1931,1.3956,0,0,0,0,0,0,2.6645,587.9,0.0,587.9,8439.97,7035.77,0,0.0586,4.6664,0,0
2026-09-09T15:13:04.514983+00:00,benign_browsing_v1,benign_browsing_v1__run_000,benign,,7,3,1.1488,0.9191,0.115,14235.2,8642.8,0.7516,28,17,0.529,1.0548,0.731,0.1575,1.2036,0,4,0,0,0,0,1.5853,508.4,236.58,1007.08,8629.61,8925.9,0,0.0351,2.935,0,0
2026-09-09T15:13:09.514983+00:00,benign_browsing_v1,benign_browsing_v1__run_000,benign,,6,3,1.2516,0.8986,0.1016,15238.12,8465.62,0.8053,36,20,1.0922,2.0097,0.8347,0.1823,1.3817,0,3,0,0,0,0,1.788,423.28,88.51,577.61,8275.62,7575.44,0,0.0156,3.7191,1,0
2026-09-09T15:13:14.514983+00:00,benign_browsing_v1,benign_browsing_v1__run_000,benign,,8,4,1.75,0.9151,0.0845,44334.01,15617.66,0.6698,88,31,0.5347,1.238,0.8887,0.4369,2.1995,0,5,1,0,0,0,2.8254,503.8,193.99,821.39,8517.6,6835.24,0,0.0194,3.8449,1,0
2026-09-09T15:13:19.514983+00:00,benign_browsing_v1,benign_browsing_v1__run_000,benign,,4,3,1.5,0.8761,0.1276,12164.59,3801.44,0.6703,32,10,0.9899,2.4945,0.6898,0.1437,1.1209,0,2,0,0,0,0,3.0999,380.14,147.33,541.03,8082.67,6780.32,0,0.039,3.9513,0,0
2026-09-09T15:13:24.514983+00:00,benign_browsing_v1,benign_browsing_v1__run_000,benign,,5,3,1.371,0.8652,0.1224,16912.47,6088.49,0.7739,25,9,0.5193,0.8853,0.7794,0.2823,1.6262,0,2,0,0,0,0,2.7217,676.5,320.12,1137.32,8014.76,8700.96,0,0.0155,4.1164,0,0
2026-09-09T15:13:29.514983+00:00,benign_browsing_v1,benign_browsing_v1__run_000,benign,,11,4,1.8231,0.9034,0.0778,46791.71,22686.89,0.7649,66,32,0.7935,2.2629,0.7272,0.3079,1.651,0,6,0,0,1,0,2.0445,708.97,239.09,1098.1,8853.37,7561.81,0,0.0063,3.7845,0,0
2026-09-09T15:13:34.514983+00:00,benign_browsing_v1,benign_browsing_v1__run_000,benign,,6,4,1.9183,0.8359,0.1667,11902.62,5455.37,0.7507,24,11,0.8911,1.2201,0.6553,0.1379,1.069,0,3,0,0,0,0,2.1465,495.94,360.88,1281.47,7629.42,8605.34,0,0.0179,4.5176,0,0
2026-09-09T15:13:39.514983+00:00,benign_browsing_v1,benign_browsing_v1__run_000,benign,,6,4,1.7925,0.8964,0.1001,11616.23,4517.42,0.7348,18,7,0.6891,1.3495,0.6291,0.2885,1.4945,0,3,0,0,0,0,2.3823,645.35,503.46,1610.23,9170.71,8489.74,0,0.0148,4.6545,0,0
2026-09-09T15:13:44.514983+00:00,benign_browsing_v1,benign_browsing_v1__run_000,benign,,5,2,0.971,0.9383,0.0729,21176.78,7260.61,0.6328,35,12,0.9067,2.0166,0.7063,0.3276,1.6891,0,3,0,0,0,0,2.7324,605.05,92.64,715.89,8384.72,9380.05,0,0.0289,4.0468,0,0
2026-09-09T15:13:49.514983+00:00,benign_browsing_v1,benign_browsing_v1__run_000,benign,,4,3,1.5,0.8298,0.1796,17654.41,11349.27,0.741,28,18,0.5757,0.8952,0.8239,0.2658,1.6212,0,2,0,0,0,0,1.486,630.51,540.25,1539.11,7585.1,8963.83,0,0.0814,3.5647,0,0
2026-09-09T15:13:54.514983+00:00,benign_browsing_v1,benign_browsing_v1__run_000,benign,,12,4,1.7842,0.8553,0.1062,69298.81,25666.23,0.7419,108,40,1.0573,1.865,0.7147,0.2505,1.4662,0,7,0,0,1,0,2.6937,641.66,233.18,1043.17,9381.22,6377.16,0,0.0727,3.8665,1,0
2026-09-09T15:13:59.514983+00:00,benign_browsing_v1,benign_browsing_v1__run_000,benign,,2,1,-0.0,0.9135,0.0784,13808.88,6276.76,0.7625,22,10,0.3583,0.5279,0.6433,0.2995,1.5418,0,1,0,0,0,0,2.0307,627.68,170.5,798.18,8004.11,7463.06,0,0.0,3.8923,0,0
2026-09-09T15:14:04.514983+00:00,benign_browsing_v1,benign_browsing_v1__run_000,benign,,4,2,0.8113,0.9264,0.0931,25585.16,7195.83,0.6773,32,9,0.923,2.1118,0.8324,0.305,1.7473,0,2,0,0,0,0,3.5445,799.54,415.87,1485.24,8749.17,8870.08,0,0.0539,3.7668,0,0
2026-09-09T15:14:09.514983+00:00,benign_browsing_v1,benign_browsing_v1__run_000,benign,,3,2,0.9183,0.8118,0.1812,4602.6,2557.0,0.6318,9,5,1.4755,2.7286,1.2329,0.5234,2.8032,0,1,0,0,0,0,1.742,511.4,181.57,766.88,7207.49,8422.52,0,0.0321,3.9469,0,0
2026-09-09T15:14:14.514983+00:00,benign_browsing_v1,benign_browsing_v1__run_000,benign,,10,4,1.971,0.8213,0.1432,16260.4,8672.21,0.7622,30,16,0.3797,0.6949,0.6221,0.3054,1.5384,0,6,0,0,1,0,1.7822,542.01,182.29,923.39,8125.41,8520.86,0,0.0,4.0539,0,0
2026-09-09T15:14:19.514983+00:00,benign_browsing_v1,benign_browsing_v1__run_000,benign,,7,3,1.3788,0.8763,0.1322,28751.85,13554.44,0.7364,70,33,0.9076,1.3126,0.7746,0.3714,1.8889,0,4,0,0,0,0,2.0781,410.74,166.41,679.57,7104.95,7662.09,0,0.0182,3.8733,0,0
2026-09-09T15:14:24.514983+00:00,benign_browsing_v1,benign_browsing_v1__run_000,benign,,4,2,0.8113,0.8909,0.1264,12720.61,10335.5,0.6033,16,13,0.7178,0.9992,0.7508,0.1549,1.2154,0,2,0,0,0,0,1.2078,795.04,150.34,1053.17,8121.42,9001.43,0,0.0,4.1818,0,0
2026-09-09T15:14:29.514983+00:00,benign_browsing_v1,benign_browsing_v1__run_000,benign,,4,4,2.0,0.9076,0.0972,19020.06,7472.17,0.647,28,11,0.3905,1.0795,0.6582,0.2028,1.2665,0,2,0,0,0,0,2.3813,679.29,69.38,750.84,7570.08,6059.4,0,0.0107,4.4394,0,0
2026-09-09T15:14:34.514983+00:00,benign_browsing_v1,benign_browsing_v1__run_000,benign,,8,4,1.9056,0.8566,0.1142,19396.47,6788.76,0.5962,40,14,0.495,0.8637,0.6958,0.2304,1.3868,0,5,0,0,0,0,2.696,484.91,219.88,986.98,8549.78,7562.95,0,0.0122,5.0064,0,0
2026-09-09T15:14:39.514983+00:00,benign_browsing_v1,benign_browsing_v1__run_000,benign,,6,4,1.7925,0.8516,0.1462,24589.73,11123.93,0.7604,42,19,0.8698,1.9282,0.8003,0.409,2.0274,0,3,0,0,0,0,2.1807,585.47,89.25,716.8,9085.59,8234.31,0,0.0861,4.1622,0,0
2026-09-09T15:14:44.514983+00:00,benign_browsing_v1,benign_browsing_v1__run_000,benign,,0,0,0.0,0.8393,0.1704,0.0,0.0,0.782,0,0,1.0313,2.8642,1.2657,0.2851,2.121,0,0,0,0,0,0,2.1952,310.1,0.0,310.1,7270.65,7972.88,0,0.0,4.9428,0,0
2026-09-09T15:14:49.514983+00:00,benign_browsing_v1,benign_browsing_v1__run_000,benign,,12,3,1.4591,0.9087,0.0892,34338.7,10730.84,0.6651,48,15,0.8626,2.3655,1.0197,0.4497,2.3689,0,7,1,0,1,0,3.0302,715.39,296.81,1213.22,7639.25,8181.3,0,0.0,3.7295,0,0
2026-09-09T15:14:54.514983+00:00,benign_browsing_v1,benign_browsing_v1__run_000,benign,,2,2,1.0,0.9166,0.0635,4133.62,1240.09,0.7701,10,3,1.7729,4.5728,1.174,0.4117,2.409,0,1,0,0,0,0,3.2308,413.36,1.06,414.43,8683.48,8121.03,0,0.0,4.6482,0,0
2026-09-09T15:14:59.514983+00:00,benign_browsing_v1,benign_browsing_v1__run_000,benign,,8,4,1.9056,0.8861,0.1145,36130.89,16371.81,0.7423,64,29,1.4411,3.4602,1.2162,0.367,2.3171,0,5,0,0,1,0,2.1895,564.55,231.75,915.32,8086.97,8192.54,0,0.0181,4.427,0,0
2026-09-09T15:15:04.514983+00:00,benign_browsing_v1,benign_browsing_v1__run_000,benign,,7,4,1.8424,0.8799,0.1194,30990.65,11953.54,0.6888,70,27,0.798,1.2361,0.8367,0.3137,1.778,0,4,0,0,0,0,2.5103,442.72,205.46,744.46,8739.93,8489.98,0,0.0438,3.9039,0,0
2026-09-09T15:15:09.514983+00:00,benign_browsing_v1,benign_browsing_v1__run_000,benign,,3,2,0.9183,0.8337,0.1473,13333.06,6419.62,0.7089,27,13,0.7527,1.7524,1.0501,0.4055,2.2667,0,1,0,0,0,0,1.9318,493.82,243.98,827.03,7634.24,7190.87,0,0.0244,3.5609,0,0
2026-09-09T15:15:14.514983+00:00,benign_browsing_v1,benign_browsing_v1__run_000,benign,,9,4,1.7527,0.8484,0.1751,50676.07,14389.5,0.7167,81,23,0.9361,2.2944,0.5886,0.1421,1.0149,0,5,0,0,1,0,3.5103,625.63,179.35,905.82,7406.09,8558.88,0,0.052,3.6431,1,0
2026-09-09T15:15:19.514983+00:00,benign_browsing_v1,benign_browsing_v1__run_000,benign,,8,4,1.9056,0.8555,0.1512,42628.29,26642.68,0.7623,72,45,0.8203,1.0103,0.6107,0.1488,1.057,0,4,0,0,0,0,1.5954,592.06,158.6,848.2,9821.48,8341.28,0,0.0471,3.8105,0,0
2026-09-09T15:15:24.514983+00:00,benign_browsing_v1,benign_browsing_v1__run_000,benign,,4,3,1.5,0.9115,0.0591,14369.2,6386.31,0.7053,36,16,0.544,1.5645,1.0739,0.4812,2.5174,0,2,0,0,0,0,2.1859,399.14,108.8,527.21,8675.47,6995.55,0,0.0281,3.9907,0,0
2026-09-09T15:15:29.514983+00:00,benign_browsing_v1,benign_browsing_v1__run_000,benign,,11,4,1.8231,0.8739,0.1259,12250.84,3341.14,0.7096,22,6,0.8395,1.9414,0.7572,0.2451,1.4924,0,6,0,0,1,0,3.1933,556.86,240.19,977.88,10397.04,7257.38,0,0.0236,3.5683,0,0
2026-09-09T15:15:34.514983+00:00,benign_browsing_v1,benign_browsing_v1__run_000,benign,,3,1,-0.0,0.85,0.1445,16530.48,8265.24,0.6998,24,12,0.7396,1.5895,1.1438,0.5791,2.8812,0,1,0,0,0,0,1.8991,688.77,284.73,1063.64,10709.65,7356.06,0,0.0,5.0632,0,0
2026-09-09T15:15:39.514983+00:00,benign_browsing_v1,benign_browsing_v1__run_000,benign,,4,3,1.5,0.8359,0.1832,15025.37,5008.46,0.7482,24,8,0.8726,1.2261,0.7546,0.3872,1.9163,0,2,0,0,0,0,2.7195,626.06,270.19,905.54,6097.65,9323.32,0,0.0819,4.3606,0,0
2026-09-09T15:15:44.514983+00:00,benign_browsing_v1,benign_browsing_v1__run_000,benign,,11,4,1.9363,0.8723,0.1403,53746.48,25516.01,0.7061,99,47,0.5587,1.4843,0.6861,0.2619,1.4718,0,6,0,0,0,0,2.0861,542.89,151.86,830.09,8528.57,8623.44,0,0.0,3.595,0,0
2026-09-09T15:15:49.514983+00:00,benign_browsing_v1,benign_browsing_v1__run_000,benign,,6,4,1.7925,0.8606,0.1187,25836.41,8612.14,0.7529,48,16,0.5533,1.1918,0.7688,0.2525,1.5263,0,3,0,0,0,0,2.8288,538.26,213.0,934.85,8683.07,7059.32,0,0.0034,2.9567,0,0
2026-09-09T15:15:54.514983+00:00,benign_browsing_v1,benign_browsing_v1__run_000,benign,,8,4,1.9056,0.8379,0.2159,42402.84,20444.23,0.7569,56,27,0.9166,1.2452,0.8271,0.2955,1.7138,0,4,0,0,0,0,2.0684,757.19,396.9,1686.68,9123.51,7897.12,0,0.0,3.2164,0,0
2026-09-09T15:15:59.514983+00:00,benign_browsing_v1,benign_browsing_v1__run_000,benign,,5,2,0.971,0.8949,0.1217,27984.39,12792.86,0.69,35,16,0.791,1.9422,1.1252,0.3005,2.0267,0,3,0,0,0,0,2.1715,799.55,225.76,1011.93,10121.94,8850.57,0,0.0,3.3904,0,0
2026-09-09T15:16:04.514983+00:00,benign_browsing_v1,benign_browsing_v1__run_000,benign,,6,3,1.2516,0.893,0.1118,28765.56,14982.06,0.7007,48,25,0.7385,1.3287,0.7143,0.3469,1.7549,0,3,0,0,0,0,1.902,599.28,204.07,835.38,7701.14,8542.86,0,0.0,4.1631,0,0
2026-09-09T15:16:09.514983+00:00,benign_browsing_v1,benign_browsing_v1__run_000,benign,,9,4,1.8366,0.8746,0.0898,24461.83,8697.54,0.7237,45,16,0.7207,1.5085,0.6349,0.2382,1.3495,0,5,0,0,0,0,2.7121,543.6,241.15,1029.63,9082.4,7588.53,0,0.0576,5.0312,0,0
2026-09-09T15:16:14.514983+00:00,benign_browsing_v1,benign_browsing_v1__run_000,benign,,7,3,1.5567,0.8926,0.0768,3781.43,1080.41,0.7259,7,2,0.9479,1.7184,0.6416,0.2176,1.2944,0,4,0,0,0,0,2.7918,540.2,211.03,978.94,9160.01,7188.08,0,0.0323,4.1538,0,0
2026-09-09T15:16:19.514983+00:00,benign_browsing_v1,benign_browsing_v1__run_000,benign,,10,4,1.8464,0.8514,0.139,19290.86,9002.4,0.6604,30,14,0.6496,1.4279,0.6396,0.3285,1.625,0,6,0,0,0,0,2.0183,643.03,222.96,1137.84,8828.98,7353.55,0,0.0058,3.8003,1,0
2026-09-09T15:16:24.514983+00:00,benign_browsing_v1,benign_browsing_v1__run_000,benign,,5,3,1.5219,0.8879,0.1085,10967.54,7457.93,0.5849,25,17,0.5508,1.0086,0.9561,0.4804,2.3974,0,3,0,0,0,0,1.3895,438.7,69.96,520.64,6745.34,8967.43,0,0.0305,4.2379,0,0
2026-09-09T15:16:29.514983+00:00,benign_browsing_v1,benign_browsing_v1__run_000,benign,,5,2,0.7219,0.9326,0.074,18502.4,8986.88,0.8013,35,17,0.8113,1.521,0.9078,0.3747,2.032,0,3,0,0,0,0,1.9621,528.64,168.96,803.77,8887.07,8871.23,0,0.0003,3.3311,0,0
2026-09-09T15:16:34.514983+00:00,benign_browsing_v1,benign_browsing_v1__run_000,benign,,5,3,1.371,0.8957,0.1067,21742.7,7972.32,0.6697,30,11,0.7447,1.5778,0.6872,0.2822,1.5337,0,3,0,0,0,0,2.6221,724.76,266.87,1114.7,7185.11,8538.49,0,0.0278,4.0239,0,0
2026-09-09T15:16:39.514983+00:00,benign_browsing_v1,benign_browsing_v1__run_000,benign,,8,4,1.9056,0.8696,0.1424,38384.01,15079.43,0.6459,56,22,0.9018,1.2661,1.1086,0.2251,1.7839,0,4,0,0,0,0,2.4719,685.43,517.33,1829.01,8468.06,7601.59,0,0.0,3.9995,0,0
2026-09-09T15:16:44.514983+00:00,benign_browsing_v1,benign_browsing_v1__run_000,benign,,8,4,1.9056,0.9431,0.0863,35690.71,15057.02,0.777,64,27,0.8509,2.401,0.678,0.1429,1.1067,0,4,0,0,1,0,2.3606,557.67,185.17,813.43,7822.13,9013.03,0,0.0164,3.4084,0,0
2026-09-09T15:16:49.514983+00:00,benign_browsing_v1,benign_browsing_v1__run_000,benign,,8,3,1.5613,0.8963,0.0805,26193.56,26193.56,0.6686,40,40,0.7825,1.8468,0.6385,0.2588,1.415,0,4,0,0,0,0,0.9853,654.84,519.07,1912.8,9188.74,8484.71,0,0.0197,4.8408,0,0
2026-09-09T15:16:54.514983+00:00,benign_browsing_v1,benign_browsing_v1__run_000,benign,,8,4,1.5488,0.8471,0.1471,24639.5,17966.3,0.7414,48,35,0.9375,1.6624,0.8224,0.371,1.9354,0,5,0,0,0,0,1.3381,513.32,229.1,1012.93,8390.51,7526.35,0,0.0479,3.6546,0,0
2026-09-09T15:16:59.514983+00:00,benign_browsing_v1,benign_browsing_v1__run_000,benign,,4,2,0.8113,0.8297,0.1738,8643.06,3457.23,0.7535,20,8,1.1924,2.4542,0.8319,0.3445,1.8655,0,2,0,0,0,0,2.269,432.15,128.98,570.81,7564.73,8141.55,0,0.0428,4.8391,0,1
2026-09-09T15:17:04.514983+00:00,benign_browsing_v1,benign_browsing_v1__run_000,benign,,8,3,1.4056,0.8957,0.1444,26790.15,9376.55,0.6602,40,14,0.841,1.7702,0.751,0.3138,1.6925,0,4,0,0,1,0,2.7064,669.75,267.86,1208.01,7118.28,9822.43,0,0.0,4.0353,0,1
2026-09-09T15:17:09.514983+00:00,benign_browsing_v1,benign_browsing_v1__run_000,benign,,10,3,1.571,0.8592,0.1113,22435.07,8413.15,0.6926,40,15,0.4687,0.9762,0.6231,0.2581,1.3973,0,6,0,0,1,0,2.544,560.88,179.85,823.2,8022.44,8228.74,0,0.0273,3.7063,0,0
2026-09-09T15:17:14.514983+00:00,benign_browsing_v1,benign_browsing_v1__run_000,benign,,8,4,1.9056,0.8849,0.0939,33939.99,12727.5,0.8125,72,27,0.6823,1.6693,0.6998,0.2435,1.4304,0,4,0,0,1,0,2.5989,471.39,211.99,824.56,6847.78,8162.18,0,0.0505,3.7657,1,2
2026-09-09T15:17:19.514983+00:00,benign_browsing_v1,benign_browsing_v1__run_000,benign,,6,3,1.4591,0.8756,0.1522,28161.72,10430.27,0.68,54,20,0.5441,1.5958,0.8278,0.3159,1.7755,0,3,0,0,0,0,2.6258,521.51,120.15,763.4,8167.78,7415.23,0,0.0,3.6898,0,0
2026-09-09T15:17:24.514983+00:00,benign_browsing_v1,benign_browsing_v1__run_000,benign,,8,4,1.9056,0.816,0.213,35254.15,13220.31,0.7164,56,21,0.3982,0.8331,0.7182,0.3553,1.784,0,4,0,0,1,0,2.6202,629.54,232.83,1064.21,7849.38,8738.95,0,0.0,4.6332,0,0
2026-09-09T15:17:29.514983+00:00,benign_browsing_v1,benign_browsing_v1__run_000,benign,,5,3,1.5219,0.9024,0.1135,13750.92,3437.73,0.6842,20,5,1.234,2.4859,0.9699,0.3257,1.947,0,3,0,0,0,0,3.5174,687.55,291.35,1189.76,8981.53,7848.96,0,0.0699,4.3012,0,0
2026-09-09T15:17:34.514983+00:00,benign_browsing_v1,benign_browsing_v1__run_000,benign,,8,2,0.9544,0.9175,0.0818,65380.64,28232.55,0.7017,88,38,0.5591,0.8513,0.7937,0.3275,1.7762,0,4,0,0,0,0,2.2679,742.96,290.71,1237.46,8934.43,7540.86,0,0.0317,3.6294,0,0
2026-09-09T15:17:39.514983+00:00,benign_browsing_v1,benign_browsing_v1__run_000,benign,,11,3,1.3222,0.8752,0.1365,32009.7,13967.87,0.673,55,24,0.857,1.8047,1.024,0.2863,1.8828,0,6,0,0,1,0,2.2141,581.99,195.09,1038.38,8110.86,9714.88,0,0.0681,4.0029,0,0
2026-09-09T15:17:44.514983+00:00,benign_browsing_v1,benign_browsing_v1__run_000,benign,,8,4,1.75,0.8738,0.121,36845.75,12793.66,0.7036,72,25,0.7433,1.5974,0.6365,0.1326,1.0344,0,4,0,0,1,0,2.7744,511.75,199.2,834.94,7741.48,8536.0,0,0.0186,4.2621,0,0
2026-09-09T15:17:49.514983+00:00,benign_browsing_v1,benign_browsing_v1__run_000,benign,,2,1,-0.0,0.8572,0.1467,1732.81,866.4,0.6666,4,2,1.4066,1.9848,1.2007,0.2894,2.069,0,1,0,0,0,0,1.4602,433.2,7.2,440.4,9101.36,8615.93,0,0.0416,4.1194,0,0
2026-09-09T15:17:54.514983+00:00,benign_browsing_v1,benign_browsing_v1__run_000,benign,,10,4,1.8955,0.8851,0.1203,11063.56,4978.6,0.7266,20,9,0.4136,0.9193,0.6394,0.2204,1.3005,0,6,1,0,0,0,2.0433,553.18,200.22,820.46,8815.25,7241.85,0,0.0334,3.9869,0,1
2026-09-09T15:17:59.514983+00:00,benign_browsing_v1,benign_browsing_v1__run_000,benign,,4,3,1.5,0.8641,0.1581,16281.31,6105.49,0.754,24,9,0.8483,2.2594,1.4621,0.3559,2.5298,0,2,0,0,0,0,2.4867,678.39,211.55,1034.9,6755.59,6996.89,0,0.0,4.0652,0,0
2026-09-09T15:18:04.514983+00:00,benign_browsing_v1,benign_browsing_v1__run_000,benign,,5,3,1.5219,0.9305,0.0782,28390.63,7300.45,0.6936,35,9,0.5279,0.8107,0.7378,0.1343,1.1407,0,3,0,0,0,0,3.5174,811.16,238.24,1095.6,9070.39,7806.69,0,0.0,2.9546,0,0
2026-09-09T15:18:09.514983+00:00,benign_browsing_v1,benign_browsing_v1__run_000,benign,,4,3,1.5,0.8851,0.118,14722.35,7361.17,0.6743,20,10,1.7642,3.9376,1.0618,0.2012,1.6654,0,2,0,0,0,0,1.9853,736.12,372.91,1275.49,8351.78,7060.25,0,0.0042,4.4637,0,0
2026-09-09T15:18:14.514983+00:00,benign_browsing_v1,benign_browsing_v1__run_000,benign,,5,3,1.5219,0.9342,0.037,12388.63,4955.45,0.7706,20,8,0.6916,0.9444,0.6038,0.2147,1.2478,0,3,0,0,0,0,2.2782,619.43,334.98,1214.26,8321.68,6899.91,0,0.0031,4.2213,0,0
2026-09-09T15:18:19.514983+00:00,benign_browsing_v1,benign_browsing_v1__run_000,benign,,8,3,1.4056,0.8578,0.1253,20249.18,10757.38,0.6622,32,17,1.3178,3.8561,1.078,0.5117,2.613,0,5,0,0,1,0,1.8187,632.79,319.6,1202.06,8400.98,6442.2,0,0.0295,3.4992,0,0
2026-09-09T15:18:24.514983+00:00,benign_browsing_v1,benign_browsing_v1__run_000,benign,,9,3,1.4355,0.8989,0.0769,18139.65,5038.79,0.7057,36,10,0.6385,0.9783,0.6633,0.2492,1.411,0,5,0,0,1,0,3.5909,503.88,261.71,1165.29,9532.97,8121.78,0,0.0046,4.5017,0,0
2026-09-09T15:18:29.514983+00:00,benign_browsing_v1,benign_browsing_v1__run_000,benign,,8,3,1.5613,0.8903,0.1084,14288.82,4762.94,0.6953,24,8,0.4291,0.6811,0.6632,0.3126,1.6011,0,5,0,0,0,0,2.6777,595.37,234.02,964.45,6826.38,8641.47,0,0.0,4.1774,0,0
2026-09-09T15:18:34.514983+00:00,benign_browsing_v1,benign_browsing_v1__run_000,benign,,9,4,1.8911,0.8319,0.1868,33038.52,17620.54,0.7351,45,24,0.4935,1.4128,0.5713,0.2027,1.1793,0,5,0,0,0,0,1.8463,734.19,448.66,1823.5,8767.35,7522.8,0,0.0393,3.7717,0,0
2026-09-09T15:18:39.514983+00:00,benign_browsing_v1,benign_browsing_v1__run_000,benign,,5,3,1.371,0.8914,0.122,33363.54,17158.39,0.7526,35,18,1.1432,1.8932,1.0856,0.4438,2.417,0,3,0,0,0,0,1.8448,953.24,429.48,1649.14,8510.27,8605.36,0,0.0,3.8692,0,0
2026-09-09T15:18:44.514983+00:00,benign_browsing_v1,benign_browsing_v1__run_000,benign,,4,3,1.5,0.8898,0.1355,8788.46,3954.81,0.6761,20,9,0.7989,1.0221,0.7436,0.2331,1.443,0,2,0,0,0,0,2.2145,439.42,110.43,620.82,8029.12,7386.09,0,0.0,4.6155,0,0
2026-09-09T15:18:49.514983+00:00,benign_browsing_v1,benign_browsing_v1__run_000,benign,,8,4,2.0,0.8985,0.1116,29946.33,8110.46,0.7549,48,13,0.5588,1.2666,1.1988,0.4771,2.63,0,5,0,0,0,0,3.6373,623.88,310.48,1318.87,8940.76,8982.16,0,0.0546,4.8416,0,0
2026-09-09T15:18:54.514983+00:00,benign_browsing_v1,benign_browsing_v1__run_000,benign,,7,4,1.8424,0.8731,0.1533,54683.74,23435.89,0.6949,70,30,0.5047,1.4231,0.6629,0.3461,1.7011,0,4,0,0,0,0,2.2604,781.2,434.46,1701.37,8094.56,10321.35,0,0.0,3.789,0,1
2026-09-09T15:18:59.514983+00:00,benign_browsing_v1,benign_browsing_v1__run_000,benign,,10,4,1.8955,0.8662,0.1573,23056.21,10951.7,0.7335,40,19,0.9655,2.7599,0.6601,0.3107,1.5922,0,6,0,0,0,0,2.0776,576.41,232.87,938.82,8256.67,9322.34,0,0.0519,3.7993,0,0
2026-09-09T15:19:04.514983+00:00,benign_browsing_v1,benign_browsing_v1__run_000,benign,,3,3,1.585,0.8364,0.1593,3448.37,1149.46,0.6441,6,2,1.1697,3.0129,0.8307,0.3785,1.9661,0,1,0,0,0,0,2.6009,574.73,216.24,861.61,7108.23,7493.63,0,0.0224,3.8166,0,0
2026-09-09T15:19:09.514983+00:00,benign_browsing_v1,benign_browsing_v1__run_000,benign,,9,4,1.8366,0.8694,0.1107,31272.82,13402.64,0.6962,63,27,0.6835,1.9294,0.7183,0.3261,1.6967,0,5,0,0,0,0,2.2611,496.39,260.85,1179.11,8399.76,5785.03,0,0.0217,3.2909,0,0
2026-09-09T15:19:14.514983+00:00,benign_browsing_v1,benign_browsing_v1__run_000,benign,,11,4,1.9808,0.9023,0.1031,21268.33,7089.44,0.7206,33,11,0.3968,0.7216,0.5789,0.144,1.0109,0,7,1,0,1,0,2.8048,644.49,234.49,1060.48,8069.99,9036.63,0,0.035,2.8116,0,0
2026-09-09T15:19:19.514983+00:00,benign_browsing_v1,benign_browsing_v1__run_000,benign,,6,4,1.9183,0.89,0.1406,21758.62,9843.19,0.6048,42,19,0.7682,1.1357,0.5887,0.1182,0.9434,0,3,0,0,0,0,2.1516,518.06,231.19,867.79,8800.78,8107.58,0,0.0102,3.9797,0,0
2026-09-09T15:19:24.514983+00:00,benign_browsing_v1,benign_browsing_v1__run_000,benign,,10,4,1.8464,0.9136,0.0867,52816.77,19146.08,0.7028,80,29,0.4175,0.7414,0.7127,0.2699,1.5224,0,6,1,0,0,0,2.6912,660.21,290.53,1189.94,8069.06,8345.63,0,0.0345,3.3193,1,0
2026-09-09T15:19:29.514983+00:00,benign_browsing_v1,benign_browsing_v1__run_000,benign,,3,3,1.585,0.8462,0.1202,6652.42,1663.1,0.7059,12,3,0.8788,2.2516,0.8769,0.2915,1.7513,0,1,0,0,0,0,3.1075,554.37,193.42,827.82,8785.18,8832.11,0,0.0077,4.1852,0,0
2026-09-09T15:19:34.514983+00:00,benign_browsing_v1,benign_browsing_v1__run_000,benign,,4,3,1.5,0.8673,0.1336,21803.13,7873.35,0.6692,36,13,1.1084,1.4444,1.2156,0.4509,2.5683,0,2,0,0,0,0,2.6547,605.64,217.37,903.54,8262.75,7535.7,0,0.0,3.8976,0,0
2026-09-09T15:19:39.514983+00:00,benign_browsing_v1,benign_browsing_v1__run_000,benign,,4,3,1.5,0.8801,0.1176,6879.97,1719.99,0.7098,12,3,0.9126,2.3344,0.7047,0.1551,1.1698,0,2,0,0,0,0,3.2208,573.33,19.52,595.63,8182.17,8833.2,0,0.0205,3.9583,0,0
2026-09-09T15:19:44.514983+00:00,benign_browsing_v1,benign_browsing_v1__run_000,benign,,8,4,1.8113,0.8831,0.1281,45038.97,19704.55,0.7388,80,35,0.6338,1.4525,0.8067,0.3658,1.9039,0,5,0,0,0,0,2.2674,562.99,239.38,999.58,8479.25,9613.86,0,0.0302,3.8124,0,0
2026-09-09T15:19:49.514983+00:00,benign_browsing_v1,benign_browsing_v1__run_000,benign,,4,3,1.5,0.8634,0.1759,19102.61,7641.05,0.7302,20,8,0.5641,1.4102,1.0386,0.4673,2.4406,0,2,0,0,0,0,2.4096,955.13,576.83,1614.83,8350.24,8914.65,0,0.0327,3.741,0,0
2026-09-09T15:19:54.514983+00:00,benign_browsing_v1,benign_browsing_v1__run_000,benign,,9,4,1.6577,0.8454,0.1227,59040.58,32800.32,0.5878,90,50,0.6837,0.861,0.6961,0.2515,1.4506,0,5,0,0,1,0,1.7715,656.01,212.15,979.74,8839.75,7151.19,0,0.0553,4.0254,0,0
2026-09-09T15:19:59.514983+00:00,benign_browsing_v1,benign_browsing_v1__run_000,benign,,5,4,1.9219,0.8383,0.157,20628.83,5672.93,0.7505,40,11,0.7776,1.0097,1.2253,0.2935,2.1058,0,3,0,0,0,0,3.5032,515.72,267.19,1032.5,9498.08,7668.6,0,0.0183,4.1401,0,0
2026-09-09T15:20:04.514983+00:00,benign_browsing_v1,benign_browsing_v1__run_000,benign,,7,4,1.8424,0.9021,0.0971,47961.04,17128.94,0.7225,70,25,0.6739,0.9114,0.7088,0.2285,1.3942,0,4,0,0,0,0,2.7964,685.16,226.91,1115.84,7244.3,8558.66,0,0.0472,3.4097,0,0
2026-09-09T15:20:09.514983+00:00,benign_browsing_v1,benign_browsing_v1__run_000,benign,,2,2,1.0,0.7984,0.2167,6036.82,1509.21,0.6275,16,4,0.4962,0.7982,0.9484,0.3231,1.9178,0,1,0,0,0,0,3.3532,377.3,67.97,445.27,8959.23,9153.71,0,0.0254,3.7741,0,0
2026-09-09T15:20:14.514983+00:00,benign_browsing_v1,benign_browsing_v1__run_000,benign,,1,1,-0.0,0.8194,0.1735,4240.0,1817.14,0.6422,7,3,0.5306,1.407,0.9631,0.4282,2.2478,0,0,0,0,0,0,2.3146,605.71,0.0,605.71,8177.06,7954.15,0,0.0183,4.3049,0,0
2026-09-09T15:20:19.514983+00:00,benign_browsing_v1,benign_browsing_v1__run_000,benign,,8,3,1.5613,0.8423,0.1589,42306.8,15865.05,0.7604,56,21,1.357,3.6659,0.84,0.2689,1.6468,0,5,0,0,1,0,2.6501,755.48,345.3,1337.93,6191.88,7521.75,0,0.0294,4.0002,0,0
2026-09-09T15:20:24.514983+00:00,benign_browsing_v1,benign_browsing_v1__run_000,benign,,12,4,1.8879,0.8798,0.1356,42869.99,15310.71,0.6753,84,30,0.4418,0.9154,0.6294,0.2802,1.47,0,7,0,0,1,0,2.7831,510.36,157.68,914.91,7255.4,7107.73,0,0.0531,4.835,0,0
2026-09-09T15:20:29.514983+00:00,benign_browsing_v1,benign_browsing_v1__run_000,benign,,13,4,1.7759,0.8893,0.1172,80378.12,35723.61,0.6188,117,52,1.1002,1.5819,0.8307,0.3353,1.8366,0,8,1,0,1,0,2.211,686.99,367.19,1802.97,8488.83,7736.55,0,0.0335,3.8316,3,1
2026-09-09T15:20:34.514983+00:00,benign_browsing_v1,benign_browsing_v1__run_000,benign,,12,4,1.7842,0.8785,0.1161,32657.31,17689.38,0.6724,48,26,0.436,0.6314,0.636,0.2853,1.4918,0,7,1,0,1,0,1.8248,680.36,264.92,1068.89,9087.2,8490.55,0,0.0596,3.089,1,0
2026-09-09T15:20:39.514983+00:00,benign_browsing_v1,benign_browsing_v1__run_000,benign,,4,3,1.5,0.9258,0.1109,17994.44,3855.95,0.737,28,6,0.8291,2.3722,1.2901,0.5629,2.9787,0,2,0,0,0,0,4.3978,642.66,278.67,1070.32,9026.95,8949.35,0,0.0297,4.1128,0,0
2026-09-09T15:20:44.514983+00:00,benign_browsing_v1,benign_browsing_v1__run_000,benign,,6,3,1.4591,0.863,0.1432,16578.6,8841.92,0.7351,30,16,1.1313,3.0109,1.18,0.3043,2.093,0,3,0,0,0,0,1.7699,552.62,165.11,773.85,9361.67,8079.69,0,0.0304,5.0181,0,1
2026-09-09T15:20:49.514983+00:00,benign_browsing_v1,benign_browsing_v1__run_000,benign,,9,4,1.7527,0.9212,0.0444,27628.33,11511.81,0.7038,36,15,0.807,2.2995,0.7605,0.257,1.5315,0,5,0,0,1,0,2.2641,767.45,336.3,1538.84,7580.83,9446.83,0,0.006,4.8727,0,0
2026-09-09T15:20:54.514983+00:00,benign_browsing_v1,benign_browsing_v1__run_000,benign,,10,4,1.8464,0.9196,0.0822,41802.07,17765.88,0.7808,80,34,0.6552,1.772,0.7919,0.2327,1.49,0,6,0,0,0,0,2.342,522.53,310.19,1183.38,9080.49,6665.32,0,0.0357,4.5279,0,0
2026-09-09T15:20:59.514983+00:00,benign_browsing_v1,benign_browsing_v1__run_000,benign,,8,3,1.5613,0.8677,0.1686,27038.32,11105.03,0.6483,56,23,0.5043,1.2538,0.6965,0.2436,1.4275,0,4,0,0,1,0,2.3783,482.83,107.67,614.48,7347.94,6819.75,0,0.0076,4.4088,0,0
2026-09-09T15:21:04.514983+00:00,benign_browsing_v1,benign_browsing_v1__run_000,benign,,5,3,1.5219,0.893,0.0613,10621.75,4779.79,0.6607,20,9,0.4806,0.7276,0.6669,0.3317,1.6621,0,3,0,0,0,0,2.034,531.09,184.41,776.88,8529.64,7456.8,0,0.0249,3.6424,0,0
2026-09-09T15:21:09.514983+00:00,benign_browsing_v1,benign_browsing_v1__run_000,benign,,4,3,1.5,0.8546,0.1824,18677.09,6003.35,0.6718,28,9,1.0954,2.8376,1.0498,0.3641,2.142,0,2,0,0,0,0,3.0454,667.04,348.56,1201.48,7956.32,6834.73,0,0.0631,3.9163,0,0
2026-09-09T15:21:14.514983+00:00,benign_browsing_v1,benign_browsing_v1__run_000,benign,,10,4,1.8464,0.8667,0.1198,30805.21,12322.09,0.6976,50,20,0.5816,1.2351,1.0954,0.3998,2.2948,0,6,0,0,1,0,2.4657,616.1,291.66,1331.0,7627.78,7797.63,0,0.056,4.3231,0,0
2026-09-09T15:21:19.514983+00:00,benign_browsing_v1,benign_browsing_v1__run_000,benign,,6,3,1.585,0.8724,0.1229,14293.25,3970.35,0.7049,18,5,0.8589,1.1303,0.647,0.1433,1.0771,0,3,0,0,0,0,3.1903,794.07,302.0,1354.7,8748.29,9247.98,0,0.0496,4.9846,0,0
2026-09-09T15:21:24.514983+00:00,benign_browsing_v1,benign_browsing_v1__run_000,benign,,8,4,1.9056,0.944,0.0695,37946.57,12874.73,0.7951,56,19,0.8838,2.1909,0.8153,0.2275,1.4978,0,4,0,0,0,0,2.8625,677.62,251.46,1182.07,9117.24,6868.31,0,0.0115,4.5069,0,0
2026-09-09T15:21:29.514983+00:00,benign_browsing_v1,benign_browsing_v1__run_000,benign,,8,3,1.4056,0.9085,0.0769,18611.2,5816.0,0.6698,32,10,0.9837,2.2889,0.9589,0.1767,1.4891,0,5,0,0,1,0,2.91,581.6,244.47,858.32,7566.35,8099.11,0,0.0226,3.6424,1,0
2026-09-09T15:21:34.514983+00:00,benign_browsing_v1,benign_browsing_v1__run_000,benign,,6,4,1.9183,0.8537,0.1393,8587.91,2862.64,0.7012,12,4,0.6665,1.0106,0.642,0.2157,1.289,0,3,0,0,0,0,2.7694,715.66,259.97,1189.67,8817.73,7782.07,0,0.0,3.6727,0,0
2026-09-09T15:21:39.514983+00:00,benign_browsing_v1,benign_browsing_v1__run_000,benign,,8,4,1.9056,0.8629,0.1012,38731.05,40805.93,0.6746,56,59,0.4164,0.9143,0.5942,0.1729,1.113,0,4,1,0,0,0,0.9489,691.63,350.39,1406.72,8831.09,8021.47,0,0.0575,3.975,0,0
2026-09-09T15:21:44.514983+00:00,benign_browsing_v1,benign_browsing_v1__run_000,benign,,3,2,0.9183,0.8897,0.086,10069.46,4195.61,0.7268,24,10,0.4031,0.6628,0.5861,0.1953,1.1719,0,2,0,0,0,0,2.3695,419.56,122.68,588.8,7706.88,10017.41,0,0.0249,3.0873,0,0
2026-09-09T15:21:49.514983+00:00,benign_browsing_v1,benign_browsing_v1__run_000,benign,,4,3,1.5,0.9068,0.0671,14644.38,6589.97,0.692,20,9,0.5434,0.9003,0.9936,0.4761,2.422,0,2,0,0,0,0,2.1097,732.22,239.67,1140.55,7922.69,8483.19,0,0.041,4.2055,0,0
2026-09-09T15:21:54.514983+00:00,benign_browsing_v1,benign_browsing_v1__run_000,benign,,3,2,0.9183,0.9022,0.0872,12753.96,7287.98,0.7535,21,12,0.5235,0.997,0.5048,0.2387,1.221,0,1,0,0,0,0,1.6709,607.33,336.36,1044.15,7971.48,9476.95,0,0.023,4.0424,0,0
2026-09-09T15:21:59.514983+00:00,benign_browsing_v1,benign_browsing_v1__run_000,benign,,7,4,1.9502,0.8762,0.1487,15926.66,6825.71,0.695,21,9,1.1139,1.5069,0.8029,0.3707,1.9149,0,4,0,0,0,0,2.1792,758.41,201.05,1037.38,7497.21,9141.94,0,0.0344,4.6508,0,0
2026-09-09T15:22:04.514983+00:00,benign_browsing_v1,benign_browsing_v1__run_000,benign,,2,2,1.0,0.8477,0.1429,4924.65,2462.33,0.7334,10,5,1.3143,2.1377,1.1086,0.2977,2.0017,0,1,0,0,0,0,1.8959,492.47,70.99,563.45,8673.39,8423.06,0,0.0085,4.6773,0,0
2026-09-09T15:22:09.514983+00:00,benign_browsing_v1,benign_browsing_v1__run_000,benign,,6,3,1.585,0.8821,0.084,24280.25,8093.42,0.6262,42,14,0.7496,0.9273,0.8133,0.4264,2.0926,0,3,0,0,0,0,2.89,578.1,275.47,1124.09,9838.91,7362.32,0,0.0,4.5496,1,0
2026-09-09T15:22:14.514983+00:00,benign_browsing_v1,benign_browsing_v1__run_000,benign,,9,4,1.7527,0.8922,0.1294,25636.53,8545.51,0.617,36,12,0.9042,2.3559,0.7105,0.3119,1.6462,0,5,1,0,0,0,2.9517,712.13,276.57,1374.52,7487.77,8621.95,0,0.012,3.9816,0,1
2026-09-09T15:22:19.514983+00:00,benign_browsing_v1,benign_browsing_v1__run_000,benign,,3,3,1.585,0.8921,0.1113,12635.98,3685.49,0.691,24,7,0.5828,1.6088,0.7016,0.2437,1.4326,0,1,0,0,0,0,3.0844,526.5,211.17,694.34,8910.34,8452.33,0,0.0141,4.9761,0,0
2026-09-09T15:22:24.514983+00:00,benign_browsing_v1,benign_browsing_v1__run_000,benign,,9,3,1.3921,0.8997,0.11,32394.88,11998.1,0.7318,54,20,0.5079,0.6376,0.6776,0.2995,1.5763,0,5,0,0,1,0,2.6328,599.91,450.34,1645.12,8501.37,8424.6,0,0.0,3.5163,0,0
2026-09-09T15:22:29.514983+00:00,benign_browsing_v1,benign_browsing_v1__run_000,benign,,10,4,1.6855,0.8647,0.1633,36068.5,9274.76,0.7382,70,18,1.4618,3.1626,1.1856,0.4797,2.6247,0,6,0,0,1,0,3.732,515.26,212.97,852.65,7920.89,8917.87,0,0.0267,4.1234,0,0
2026-09-09T15:22:34.514983+00:00,benign_browsing_v1,benign_browsing_v1__run_000,benign,,9,4,1.8366,0.9658,0.0,21139.97,12331.65,0.753,36,21,1.3712,2.6481,1.1504,0.4526,2.5083,0,5,0,0,1,0,1.7008,587.22,313.85,1225.54,8021.87,8973.9,0,0.0693,4.5072,0,0
2026-09-09T15:22:39.514983+00:00,benign_browsing_v1,benign_browsing_v1__run_000,benign,,5,4,1.9219,0.8538,0.133,10570.11,6342.07,0.6775,15,9,0.8444,1.7591,0.8348,0.2946,1.7186,0,3,0,0,0,0,1.6215,704.67,151.64,867.41,8705.34,8637.21,0,0.0055,4.0261,0,0
2026-09-09T15:22:44.514983+00:00,benign_browsing_v1,benign_browsing_v1__run_000,benign,,5,3,1.5219,0.8546,0.1331,11026.08,3528.35,0.6921,25,8,1.2378,1.8619,0.881,0.2471,1.6222,0,3,0,0,0,0,2.9412,441.04,185.23,670.54,8306.36,6993.52,0,0.0,3.926,0,0
2026-09-09T15:22:49.514983+00:00,benign_browsing_v1,benign_browsing_v1__run_000,benign,,8,4,1.8113,0.9024,0.095,15225.05,6185.18,0.6656,32,13,0.6948,1.1661,0.8569,0.1846,1.4107,0,5,0,0,1,0,2.3873,475.78,253.18,1111.83,6740.33,8685.62,0,0.044,3.9872,0,0
2026-09-09T15:22:54.514983+00:00,benign_browsing_v1,benign_browsing_v1__run_000,benign,,9,4,1.9749,0.9395,0.0612,29864.48,11282.14,0.743,45,17,0.9624,1.8585,0.7614,0.1744,1.2844,0,5,0,0,0,0,2.5933,663.66,243.91,1296.24,7124.62,7998.05,0,0.0536,4.7458,1,0
2026-09-09T15:22:59.514983+00:00,benign_browsing_v1,benign_browsing_v1__run_000,benign,,6,3,1.4591,0.8698,0.1413,24504.66,6806.85,0.6851,36,10,1.7068,2.2055,1.099,0.2872,1.9607,0,3,0,0,1,0,3.3961,680.68,148.97,903.09,8422.14,6454.9,0,0.0204,3.4182,1,0
2026-09-09T15:23:04.514983+00:00,benign_browsing_v1,benign_browsing_v1__run_000,benign,,6,4,1.9183,0.8965,0.1044,18899.62,7199.86,0.7229,42,16,1.4887,3.9096,1.0286,0.1814,1.5728,0,3,0,0,0,0,2.5999,449.99,231.55,863.56,6941.96,9280.5,0,0.0266,4.2117,0,0
2026-09-09T15:23:09.514983+00:00,benign_browsing_v1,benign_browsing_v1__run_000,benign,,7,4,1.8424,0.8468,0.1261,24115.61,10335.26,0.6836,42,18,0.6606,1.6192,0.7001,0.1357,1.1071,0,4,0,0,0,0,2.2484,574.18,227.23,890.47,8099.33,8139.39,0,0.031,3.8717,0,0
2026-09-09T15:23:14.514983+00:00,benign_browsing_v1,benign_browsing_v1__run_000,benign,,4,3,1.5,0.925,0.067,18530.31,6485.61,0.6463,40,14,0.9623,2.0836,0.9058,0.2478,1.6492,0,2,0,0,0,0,2.7169,463.26,113.82,622.6,7507.24,8266.85,0,0.0084,3.9003,0,0
2026-09-09T15:23:19.514983+00:00,benign_browsing_v1,benign_browsing_v1__run_000,benign,,4,3,1.5,0.8975,0.0948,7609.62,5231.61,0.6852,16,11,0.4088,0.8821,0.5975,0.2968,1.4878,0,2,0,0,0,0,1.3697,475.6,148.33,686.77,8472.01,9377.25,0,0.0354,4.1621,1,0
2026-09-09T15:23:24.514983+00:00,benign_browsing_v1,benign_browsing_v1__run_000,benign,,5,3,1.5219,0.8654,0.1047,9840.81,4592.38,0.7559,15,7,1.1335,1.6305,0.8939,0.3906,2.0656,0,3,0,0,0,0,1.9952,656.05,204.48,1019.18,6339.64,7442.98,0,0.0152,4.7445,0,0
2026-09-09T15:23:29.514983+00:00,benign_browsing_v1,benign_browsing_v1__run_000,benign,,9,4,1.7527,0.8595,0.1234,47847.08,19271.74,0.7079,72,29,0.9208,1.4362,0.8709,0.3166,1.8208,0,5,0,0,1,0,2.4766,664.54,417.53,1693.44,8865.73,7780.91,0,0.0,3.6764,0,0
2026-09-09T15:23:34.514983+00:00,benign_browsing_v1,benign_browsing_v1__run_000,benign,,2,1,-0.0,0.8592,0.1959,7452.15,1490.43,0.6672,10,2,0.6185,1.0225,1.1778,0.5575,2.8503,0,1,0,0,0,0,3.6152,745.21,290.15,1035.37,7475.65,10146.05,0,0.024,3.4492,0,0
2026-09-09T15:23:39.514983+00:00,benign_browsing_v1,benign_browsing_v1__run_000,benign,,5,2,0.7219,0.8908,0.1127,24141.83,6207.9,0.7128,35,9,0.4461,1.1115,0.8809,0.3487,1.9269,0,3,0,0,0,0,3.6943,689.77,187.53,988.97,9352.72,7700.28,0,0.0,3.6605,0,0
2026-09-09T15:23:44.514983+00:00,benign_browsing_v1,benign_browsing_v1__run_000,benign,,10,4,1.971,0.8685,0.1559,30564.87,10188.29,0.6478,60,20,0.499,1.2156,0.678,0.3221,1.6443,0,5,0,0,1,0,2.9902,509.41,203.99,836.46,7783.33,7164.5,0,0.0368,3.8054,1,0
2026-09-09T15:23:49.514983+00:00,benign_browsing_v1,benign_browsing_v1__run_000,benign,,6,4,1.9183,0.8554,0.1357,15541.54,7770.77,0.7083,30,15,0.8042,1.2934,0.8336,0.3461,1.8717,0,3,0,0,0,0,1.9934,518.05,124.58,691.29,8709.47,7956.23,0,0.0165,4.8497,1,0
2026-09-09T15:23:54.514983+00:00,benign_browsing_v1,benign_browsing_v1__run_000,benign,,9,3,1.5305,0.9511,0.0779,24598.11,10932.49,0.7528,54,24,0.6481,1.61,0.6707,0.2055,1.2871,0,5,0,0,1,0,2.1725,455.52,187.1,782.48,10342.55,6459.85,0,0.0838,4.1122,0,0
2026-09-09T15:23:59.514983+00:00,benign_browsing_v1,benign_browsing_v1__run_000,benign,,1,1,-0.0,0.8807,0.1081,2199.93,549.98,0.6983,4,1,1.0938,2.9503,0.7526,0.3447,1.7867,0,0,0,0,0,0,2.6014,549.98,0.0,549.98,8733.67,8084.29,0,0.0,4.4703,0,0
2026-09-09T15:24:04.514983+00:00,benign_browsing_v1,benign_browsing_v1__run_000,benign,,5,3,1.5219,0.8291,0.1651,17288.73,6051.05,0.6719,40,14,0.9466,1.6933,0.6782,0.1906,1.25,0,3,0,0,0,0,2.7993,432.22,127.29,669.74,8562.49,6275.15,0,0.0,4.0225,0,0
2026-09-09T15:24:09.514983+00:00,benign_browsing_v1,benign_browsing_v1__run_000,benign,,10,4,1.9219,0.8897,0.1061,49288.62,21563.77,0.6004,80,35,0.4923,1.0484,0.6713,0.3491,1.7185,0,6,0,0,1,0,2.2817,616.11,131.01,871.67,8529.38,6953.82,0,0.0688,4.8071,0,1
2026-09-09T15:24:14.514983+00:00,benign_browsing_v1,benign_browsing_v1__run_000,benign,,6,4,1.9183,0.8975,0.0996,12115.69,3634.71,0.6839,30,9,0.5509,0.8946,0.7642,0.1921,1.3403,0,3,0,0,0,0,3.0052,403.86,176.05,703.42,7849.75,7936.7,0,0.0347,3.1722,0,0
2026-09-09T15:24:19.514983+00:00,benign_browsing_v1,benign_browsing_v1__run_000,benign,,6,2,0.9183,0.8349,0.2025,13216.52,3304.13,0.612,24,6,1.6915,4.3575,1.3332,0.4305,2.6248,0,3,0,0,0,0,3.7801,550.69,227.54,1040.35,9042.9,8157.89,0,0.0,4.1652,0,0
2026-09-09T15:24:24.514983+00:00,benign_browsing_v1,benign_browsing_v1__run_000,benign,,13,4,1.9501,0.9392,0.0507,75939.16,36801.29,0.738,130,63,0.7878,1.8298,1.0148,0.2387,1.7309,0,8,1,0,1,0,2.0468,584.15,276.93,1400.22,8385.71,8533.13,0,0.0025,4.0857,0,0
2026-09-09T15:24:29.514983+00:00,benign_browsing_v1,benign_browsing_v1__run_000,benign,,8,4,1.9056,0.8593,0.1402,23828.55,8339.99,0.6734,40,14,1.2569,2.9993,1.0722,0.2969,1.9629,0,4,0,0,0,0,2.7485,595.71,265.42,1147.69,7212.56,9304.82,0,0.0578,4.3447,0,0
2026-09-09T15:24:34.514983+00:00,benign_browsing_v1,benign_browsing_v1__run_000,benign,,4,3,1.5,0.8267,0.1579,25444.52,10177.81,0.6362,40,16,0.9157,1.7328,0.6434,0.2198,1.303,0,2,0,0,0,0,2.3537,636.11,188.88,912.5,7585.91,7113.08,0,0.0571,4.2385,0,0
2026-09-09T15:24:39.514983+00:00,benign_browsing_v1,benign_browsing_v1__run_000,benign,,3,2,0.9183,0.8511,0.1392,16597.4,8693.88,0.6476,21,11,0.4466,0.6223,0.6778,0.3178,1.6312,0,1,0,0,0,0,1.772,790.35,393.72,1272.35,7745.08,7425.26,0,0.0515,4.343,0,0
2026-09-09T15:24:44.514983+00:00,benign_browsing_v1,benign_browsing_v1__run_000,benign,,3,2,0.9183,0.8437,0.151,6916.26,6916.26,0.784,12,12,0.5185,1.4932,0.7028,0.2129,1.3413,0,1,0,0,0,0,0.9261,576.36,201.01,735.18,9354.96,8216.99,0,0.0,3.9159,0,0
2026-09-09T15:24:49.514983+00:00,benign_browsing_v1,benign_browsing_v1__run_000,benign,,4,3,1.5,0.8881,0.1231,23596.12,7668.74,0.7192,40,13,1.4294,3.71,0.9847,0.2477,1.7277,0,2,0,0,0,0,3.0745,589.9,138.01,693.5,6520.19,8189.16,0,0.0542,4.5897,0,0
2026-09-09T15:24:54.514983+00:00,benign_browsing_v1,benign_browsing_v1__run_000,benign,,8,4,1.75,0.8369,0.1355,10233.99,4477.37,0.6667,16,7,1.0403,3.0657,1.1231,0.5584,2.7982,0,5,0,0,0,0,2.1631,639.62,273.15,1170.87,9859.52,7512.79,0,0.0,4.736,1,0
2026-09-09T15:24:59.514983+00:00,benign_browsing_v1,benign_browsing_v1__run_000,benign,,7,4,1.6645,0.8339,0.1963,11271.24,4830.53,0.6917,28,12,0.7824,2.0151,0.838,0.3697,1.947,0,4,0,0,0,0,2.2443,402.54,162.67,683.18,7410.63,8863.41,0,0.054,5.0297,0,0
2026-09-09T15:25:04.514983+00:00,benign_browsing_v1,benign_browsing_v1__run_000,benign,,4,3,1.5,0.9115,0.1075,26998.59,9204.06,0.7007,44,15,1.0575,2.8789,0.8547,0.4473,2.1965,0,2,0,0,0,0,2.9218,613.6,214.69,934.29,8736.25,6748.7,0,0.0412,3.8859,0,0
2026-09-09T15:25:09.514983+00:00,benign_browsing_v1,benign_browsing_v1__run_000,benign,,5,2,0.971,0.8456,0.1337,8022.34,2674.11,0.6445,15,5,0.6991,1.9481,0.868,0.4001,2.0682,0,3,0,0,0,0,2.5341,534.82,225.14,954.07,9718.93,9234.68,0,0.0,3.5192,0,0
2026-09-09T15:25:14.514983+00:00,benign_browsing_v1,benign_browsing_v1__run_000,benign,,7,4,1.8424,0.8577,0.1201,40919.76,18998.46,0.7605,56,26,1.7101,2.8025,1.4014,0.5688,3.1079,0,4,0,0,0,0,2.1146,730.71,441.25,1437.85,8869.52,9365.77,0,0.0321,4.4178,0,0
2026-09-09T15:25:19.514983+00:00,benign_browsing_v1,benign_browsing_v1__run_000,benign,,4,3,1.5,0.8862,0.1016,12128.96,4851.58,0.7217,20,8,0.4379,0.8811,0.7233,0.1475,1.1656,0,2,0,0,0,0,2.4269,606.45,257.8,1014.56,9700.93,7269.97,0,0.0086,3.9506,0,0
2026-09-09T15:25:24.514983+00:00,benign_browsing_v1,benign_browsing_v1__run_000,benign,,5,2,0.971,0.8549,0.1653,13072.31,4575.31,0.6275,20,7,0.4528,0.7537,0.9076,0.2146,1.5515,0,3,0,0,0,0,2.7185,653.62,78.91,752.13,6614.58,8800.4,0,0.0051,3.6954,0,0
2026-09-09T15:25:29.514983+00:00,benign_browsing_v1,benign_browsing_v1__run_000,benign,,10,4,1.571,0.8981,0.0949,38253.77,13006.28,0.6332,50,17,0.4851,0.9475,0.4799,0.1589,0.9567,0,6,1,0,1,0,2.9077,765.08,307.46,1581.69,8367.59,10014.01,0,0.0,4.1899,0,0
2026-09-09T15:25:34.514983+00:00,benign_browsing_v1,benign_browsing_v1__run_000,benign,,4,3,1.5,0.8895,0.1191,16074.02,5625.91,0.7621,20,7,1.0589,2.7432,0.7422,0.3759,1.8699,0,2,0,0,0,0,2.8001,803.7,429.3,1405.33,8825.99,8235.71,0,0.0,3.5794,0,0
2026-09-09T15:25:39.514983+00:00,benign_browsing_v1,benign_browsing_v1__run_000,benign,,2,1,-0.0,0.8918,0.0956,13200.29,6600.15,0.7581,16,8,0.9394,2.1994,1.202,0.4449,2.5366,0,1,0,0,0,0,1.9955,825.02,294.07,1119.09,7141.53,6807.39,0,0.0641,2.7186,0,0
2026-09-09T15:25:44.514983+00:00,benign_browsing_v1,benign_browsing_v1__run_000,benign,,9,4,1.8911,0.8492,0.1564,19319.3,10017.41,0.7296,27,14,1.1399,2.5676,0.8254,0.3289,1.8122,0,5,0,0,0,0,1.858,715.53,403.32,1396.76,6127.87,7985.7,0,0.0,4.0915,0,0
2026-09-09T15:25:49.514983+00:00,benign_browsing_v1,benign_browsing_v1__run_000,benign,,4,3,1.5,0.91,0.1222,20275.26,10137.63,0.7235,28,14,1.2388,2.7345,0.9084,0.4498,2.2577,0,2,0,0,0,0,1.9652,724.12,320.89,1276.99,9120.65,8110.55,0,0.085,3.5506,0,0
2026-09-09T15:25:54.514983+00:00,benign_browsing_v1,benign_browsing_v1__run_000,benign,,10,3,1.571,0.8618,0.1101,41869.89,15701.21,0.6148,80,30,0.467,0.9172,0.7372,0.257,1.5081,0,6,0,0,1,0,2.6179,523.37,229.2,1086.32,10006.31,7859.46,0,0.0009,3.6614,0,0
2026-09-09T15:25:59.514983+00:00,benign_browsing_v1,benign_browsing_v1__run_000,benign,,8,4,1.8113,0.911,0.0762,20161.35,9450.63,0.7011,32,15,1.0801,2.6509,1.0718,0.204,1.684,0,5,0,0,0,0,2.0485,630.04,207.75,1060.43,7860.95,7775.94,0,0.0,3.7605,0,0
2026-09-09T15:26:04.514983+00:00,benign_browsing_v1,benign_browsing_v1__run_000,benign,,8,3,1.2988,0.8802,0.1174,19480.19,6087.56,0.7233,32,10,0.8019,2.1078,0.7611,0.2671,1.5623,0,4,0,0,1,0,2.9682,608.76,301.2,1233.89,8268.82,8129.2,0,0.0457,3.7323,0,0
2026-09-09T15:26:09.514983+00:00,benign_browsing_v1,benign_browsing_v1__run_000,benign,,4,3,1.5,0.8824,0.0896,6852.34,2284.11,0.7168,12,4,1.0856,1.8935,1.4642,0.6402,3.3848,0,2,0,0,0,0,2.6311,571.03,100.64,687.46,8496.44,8371.42,0,0.0383,4.0,0,0
2026-09-09T15:26:14.514983+00:00,benign_browsing_v1,benign_browsing_v1__run_000,benign,,3,3,1.585,0.9056,0.1036,17004.11,6234.84,0.7464,30,11,0.5931,0.8222,0.9865,0.4186,2.2424,0,1,0,0,0,0,2.5606,566.8,161.96,785.9,7796.78,6407.23,0,0.0,3.7082,0,0
2026-09-09T15:26:19.514983+00:00,benign_browsing_v1,benign_browsing_v1__run_000,benign,,5,3,1.371,0.8649,0.1402,26982.07,9443.73,0.7419,60,21,1.4072,2.8778,1.1113,0.394,2.2933,0,3,0,0,0,0,2.7524,449.7,200.53,826.86,8467.94,9725.6,0,0.045,4.1013,0,0
2026-09-09T15:26:24.514983+00:00,benign_browsing_v1,benign_browsing_v1__run_000,benign,,5,3,1.5219,0.8566,0.1744,26669.99,8297.33,0.6592,45,14,0.9587,2.4781,0.7831,0.4081,2.0073,0,3,0,0,0,0,3.0664,592.67,225.87,999.13,8175.67,8469.12,0,0.0267,4.3382,0,0
2026-09-09T15:26:29.514983+00:00,benign_browsing_v1,benign_browsing_v1__run_000,benign,,6,3,1.4591,0.8607,0.1283,18137.65,7859.65,0.7851,30,13,0.6024,1.5168,0.7234,0.219,1.3802,0,3,0,0,0,0,2.1667,604.59,242.56,966.41,7134.9,9380.09,0,0.0239,4.2223,0,0
2026-09-09T15:26:34.514983+00:00,benign_browsing_v1,benign_browsing_v1__run_000,benign,,12,4,1.65,0.8673,0.1074,15036.8,5012.27,0.6287,36,12,0.9126,1.426,0.6716,0.2692,1.4791,0,6,1,0,1,0,2.8319,417.69,169.71,831.72,7999.12,7437.65,0,0.0406,4.9081,0,0
2026-09-09T15:26:39.514983+00:00,benign_browsing_v1,benign_browsing_v1__run_000,benign,,7,3,1.3788,0.8968,0.1162,31194.88,13369.23,0.6761,56,24,1.703,2.3708,1.2137,0.451,2.5666,0,4,0,0,0,0,2.2639,557.05,187.83,812.16,7343.28,7095.84,0,0.057,4.0807,0,0
2026-09-09T15:26:44.514983+00:00,benign_browsing_v1,benign_browsing_v1__run_000,benign,,1,1,-0.0,0.8935,0.1053,2089.72,417.94,0.7261,5,1,0.7224,1.5611,0.9536,0.4996,2.4522,0,0,0,0,0,0,2.6469,417.94,0.0,417.94,8842.17,8483.06,0,0.0184,4.2526,0,0
2026-09-09T15:26:49.514983+00:00,benign_browsing_v1,benign_browsing_v1__run_000,benign,,8,4,1.75,0.9297,0.1074,69492.39,23690.59,0.6678,88,30,0.4438,1.2248,0.6607,0.2469,1.4014,0,4,1,0,0,0,2.8472,789.69,327.14,1519.94,6134.17,7792.44,0,0.002,3.2446,0,0
2026-09-09T15:26:54.514983+00:00,benign_browsing_v1,benign_browsing_v1__run_000,benign,,9,4,1.8366,0.8875,0.1047,24388.07,10297.18,0.6965,45,19,0.6824,0.8973,0.7553,0.3779,1.8891,0,5,0,0,0,0,2.3053,541.96,285.16,1271.8,8287.72,7986.7,0,0.002,4.7301,0,1
2026-09-09T15:26:59.514983+00:00,benign_browsing_v1,benign_browsing_v1__run_000,benign,,10,4,1.971,0.9067,0.1037,39037.21,17566.74,0.6995,80,36,0.3897,0.6304,0.626,0.186,1.184,0,6,1,0,1,0,2.2076,487.97,327.56,1127.04,8836.59,5568.77,0,0.0397,3.5121,0,0
2026-09-09T15:27:04.514983+00:00,benign_browsing_v1,benign_browsing_v1__run_000,benign,,7,4,1.9502,0.9222,0.0706,34425.23,14051.12,0.7099,49,20,0.9307,2.2625,0.6665,0.1276,1.0493,0,4,0,0,1,0,2.445,702.56,448.81,1503.31,10713.94,7952.37,0,0.0618,3.2967,0,0
2026-09-09T15:27:09.514983+00:00,benign_browsing_v1,benign_browsing_v1__run_000,benign,,6,4,1.9183,0.8498,0.1611,9885.49,3707.06,0.7204,24,9,0.739,1.7588,0.8441,0.3636,1.935,0,3,0,0,0,0,2.4961,411.9,115.19,573.92,9599.33,7706.69,0,0.0522,4.5028,1,0
2026-09-09T15:27:14.514983+00:00,benign_browsing_v1,benign_browsing_v1__run_000,benign,,3,3,1.585,0.8458,0.1154,7954.84,2651.61,0.7325,12,4,1.1576,1.5202,0.8998,0.4119,2.1356,0,1,0,0,0,0,2.9176,662.9,411.0,1177.61,8843.95,5231.75,0,0.0,4.0055,0,0
2026-09-09T15:27:19.514983+00:00,benign_browsing_v1,benign_browsing_v1__run_000,benign,,10,3,1.571,0.8978,0.0713,57726.15,17317.84,0.7299,70,21,0.9585,1.4581,0.7302,0.1887,1.2963,0,5,0,0,1,0,3.3333,824.66,398.06,1761.2,9340.84,8948.33,0,0.0246,4.0273,0,0
2026-09-09T15:27:24.514983+00:00,benign_browsing_v1,benign_browsing_v1__run_000,benign,,6,4,1.9183,0.8438,0.1627,39866.35,13288.78,0.6944,42,14,0.6517,1.9474,0.8623,0.1783,1.3972,0,3,0,0,0,0,2.9638,949.2,446.04,1681.5,6495.94,8981.24,0,0.062,3.8849,0,0
2026-09-09T15:27:29.514983+00:00,benign_browsing_v1,benign_browsing_v1__run_000,benign,,5,3,1.371,0.8853,0.116,22552.98,18794.15,0.6409,30,25,1.1693,3.1929,1.1178,0.274,1.9396,0,3,0,0,0,0,1.1644,751.77,265.25,1188.48,8476.05,5647.98,0,0.0018,4.7375,1,0
2026-09-09T15:27:34.514983+00:00,benign_browsing_v1,benign_browsing_v1__run_000,benign,,8,4,1.9056,0.8584,0.1597,21742.53,6794.54,0.649,32,10,0.7482,1.6425,0.8238,0.3821,1.9701,0,5,0,0,0,0,2.9738,679.45,277.71,1183.36,8833.42,7490.63,0,0.0442,4.2902,0,0
2026-09-09T15:27:39.514983+00:00,benign_browsing_v1,benign_browsing_v1__run_000,benign,,3,2,0.9183,0.8868,0.1265,7933.34,1762.96,0.643,9,2,0.5103,0.9464,1.0557,0.4294,2.3439,0,1,0,0,0,0,3.3225,881.48,513.23,1527.76,8593.8,8363.22,0,0.0,3.8445,0,0
2026-09-09T15:27:44.514983+00:00,benign_browsing_v1,benign_browsing_v1__run_000,benign,,4,2,1.0,0.8712,0.1386,11885.67,4952.36,0.679,24,10,1.2878,2.4488,1.0088,0.4965,2.4984,0,2,0,0,0,0,2.1972,495.24,49.95,539.9,8182.16,8607.1,0,0.0,4.0036,0,0
2026-09-09T15:27:49.514983+00:00,benign_browsing_v1,benign_browsing_v1__run_000,benign,,11,4,1.8676,0.8834,0.1458,27833.39,8603.05,0.6812,55,17,0.813,1.825,0.5782,0.2706,1.3899,1,6,1,0,1,0,3.2116,506.06,198.22,857.12,7964.48,8447.19,0,0.0031,3.9303,0,0
2026-09-09T15:27:54.514983+00:00,benign_browsing_v1,benign_browsing_v1__run_000,benign,,11,4,1.8676,0.827,0.1883,34099.93,14879.97,0.7427,55,24,0.363,0.906,0.5881,0.2076,1.2108,0,7,0,0,0,0,2.2043,620.0,232.67,999.38,8748.19,7187.83,0,0.0358,3.7519,0,0
2026-09-09T15:27:59.514983+00:00,benign_browsing_v1,benign_browsing_v1__run_000,benign,,13,3,1.5262,0.9046,0.1051,52276.79,16085.17,0.6296,78,24,0.94,1.6394,0.5956,0.1655,1.0922,0,8,1,0,1,0,3.1251,670.22,275.04,1171.97,9090.57,7424.28,0,0.0,4.2218,0,0
2026-09-09T15:28:04.514983+00:00,benign_browsing_v1,benign_browsing_v1__run_000,benign,,6,3,1.585,0.8584,0.1641,22134.9,8608.01,0.773,36,14,0.4448,0.7711,0.8287,0.2005,1.4301,0,3,0,0,0,0,2.4908,614.86,175.43,918.49,9565.23,8095.51,0,0.0081,3.8807,0,0
2026-09-09T15:28:09.514983+00:00,benign_browsing_v1,benign_browsing_v1__run_000,benign,,7,4,1.9502,0.9042,0.0722,24895.99,13210.12,0.7448,49,26,0.6319,1.1932,0.7482,0.3831,1.8976,0,4,0,0,0,0,1.8387,508.08,256.41,974.25,6134.43,8777.85,0,0.0268,3.7304,0,0
2026-09-09T15:28:14.514983+00:00,benign_browsing_v1,benign_browsing_v1__run_000,benign,,4,3,1.5,0.888,0.0961,5299.88,1324.97,0.742,12,3,0.8451,1.3394,1.0107,0.3938,2.1921,0,2,0,0,0,0,3.065,441.66,127.68,589.84,7697.74,9676.11,0,0.0272,4.2274,0,0
2026-09-09T15:28:19.514983+00:00,benign_browsing_v1,benign_browsing_v1__run_000,benign,,5,3,1.5219,0.8682,0.1562,27246.4,9341.62,0.7047,35,12,1.1448,1.728,0.8341,0.3633,1.9239,0,3,0,0,0,0,2.8671,778.47,336.34,1300.21,8667.21,9018.58,0,0.0052,3.9586,0,0
2026-09-09T15:28:24.514983+00:00,benign_browsing_v1,benign_browsing_v1__run_000,benign,,2,2,1.0,0.8301,0.1937,7221.36,2808.31,0.7542,18,7,0.574,1.4604,1.0518,0.4264,2.3312,0,1,0,0,0,0,2.3603,401.19,119.73,520.92,8520.53,10406.3,0,0.0,4.2749,0,0
2026-09-09T15:28:29.514983+00:00,benign_browsing_v1,benign_browsing_v1__run_000,benign,,4,4,2.0,0.8397,0.1553,21957.2,9758.76,0.6888,36,16,1.0547,2.5881,0.7329,0.2167,1.3829,0,2,0,0,0,0,2.1732,609.92,221.25,861.5,7089.82,9722.4,0,0.0284,3.7201,0,0
2026-09-09T15:28:34.514983+00:00,benign_browsing_v1,benign_browsing_v1__run_000,benign,,5,4,1.9219,0.8644,0.134,19525.14,6136.47,0.6492,35,11,0.744,2.1402,1.1583,0.378,2.2924,0,3,0,0,0,0,2.9185,557.86,212.18,926.35,8784.69,10316.49,0,0.0255,3.6649,0,0
2026-09-09T15:28:39.514983+00:00,benign_browsing_v1,benign_browsing_v1__run_000,benign,,6,3,1.4591,0.8502,0.1691,16703.99,7238.39,0.7354,30,13,1.0404,2.6604,0.6795,0.192,1.2556,0,3,0,0,0,0,2.1884,556.8,363.73,1275.4,8068.34,7077.36,0,0.0089,3.3704,0,0
2026-09-09T15:28:44.514983+00:00,benign_browsing_v1,benign_browsing_v1__run_000,benign,,4,2,0.8113,0.8636,0.1303,15878.5,7145.32,0.7456,40,18,0.9332,1.9547,0.7277,0.3408,1.7502,0,2,0,0,0,0,2.2203,396.96,123.61,505.05,9076.05,7420.48,0,0.0436,4.7123,0,0
2026-09-09T15:28:49.514983+00:00,benign_browsing_v1,benign_browsing_v1__run_000,benign,,8,4,1.9056,0.8419,0.1649,33769.8,19230.03,0.6885,72,41,0.5767,0.8161,0.8073,0.3662,1.9057,0,4,0,0,1,0,1.7492,469.03,192.82,763.43,9923.55,8313.13,0,0.0137,3.2907,0,0
2026-09-09T15:28:54.514983+00:00,benign_browsing_v1,benign_browsing_v1__run_000,benign,,4,3,1.5,0.9523,0.074,18700.07,6752.8,0.7429,36,13,1.3468,3.6234,0.8376,0.2549,1.6024,0,2,0,0,0,0,2.6873,519.45,174.65,724.07,8749.14,8948.87,0,0.0528,4.0576,0,0
2026-09-09T15:28:59.514983+00:00,benign_browsing_v1,benign_browsing_v1__run_000,benign,,4,2,1.0,0.8737,0.1742,18774.25,5475.82,0.6927,24,7,1.13,1.7206,0.9074,0.2419,1.6332,0,2,0,0,0,0,3.064,782.26,292.09,1071.69,9018.82,8592.62,0,0.0417,4.1464,0,0
2026-09-09T15:29:04.514983+00:00,benign_browsing_v1,benign_browsing_v1__run_000,benign,,2,1,-0.0,0.8764,0.0903,2444.4,611.1,0.6986,4,1,1.4802,4.0878,1.3342,0.4639,2.7258,0,1,0,0,0,0,2.9698,611.1,53.12,664.22,8011.65,7172.82,0,0.0903,3.7569,0,0
2026-09-09T15:29:09.514983+00:00,benign_browsing_v1,benign_browsing_v1__run_000,benign,,5,4,1.9219,0.9181,0.0704,34262.12,18501.55,0.7433,50,27,0.7879,1.8942,0.919,0.3772,2.0506,0,3,0,0,0,0,1.7937,685.24,294.21,1217.53,10075.51,8712.57,0,0.0029,3.7373,0,0
2026-09-09T15:29:14.514983+00:00,benign_browsing_v1,benign_browsing_v1__run_000,benign,,3,2,0.9183,0.8993,0.115,16937.35,6452.32,0.7612,21,8,1.4287,2.463,1.2234,0.2693,2.0313,0,1,0,0,0,0,2.4292,806.54,254.23,1124.99,6914.96,6928.7,0,0.0176,3.6983,1,0
2026-09-09T15:29:19.514983+00:00,benign_browsing_v1,benign_browsing_v1__run_000,benign,,5,4,1.9219,0.8925,0.1165,22606.88,9042.75,0.6538,45,18,1.0299,2.8817,1.3198,0.4407,2.6419,0,3,0,0,0,0,2.3726,502.38,211.02,775.83,7853.62,8301.97,0,0.0095,3.8332,0,0
2026-09-09T15:29:24.514983+00:00,benign_browsing_v1,benign_browsing_v1__run_000,benign,,5,3,1.5219,0.8494,0.1594,18779.86,6259.95,0.6878,30,10,1.1769,2.5344,0.8562,0.425,2.1312,0,3,0,0,0,0,2.9671,626.0,391.61,1330.11,8378.48,8289.95,0,0.0591,3.7229,0,0
2026-09-09T15:29:29.514983+00:00,benign_browsing_v1,benign_browsing_v1__run_000,benign,,7,3,1.5567,0.8803,0.1217,31838.78,14403.26,0.6388,42,19,0.7134,2.0376,0.7558,0.2898,1.6253,0,4,0,0,0,0,2.1456,758.07,173.14,1143.23,8371.09,8441.65,0,0.0,4.112,0,0
2026-09-09T15:29:34.514983+00:00,benign_browsing_v1,benign_browsing_v1__run_000,benign,,4,4,2.0,0.8843,0.1334,4205.88,1051.47,0.6853,8,2,1.5894,3.1336,1.1997,0.4887,2.6659,0,2,0,0,0,0,2.7754,525.73,189.9,732.36,7955.2,8065.9,0,0.03,4.0507,0,0
2026-09-09T15:29:39.514983+00:00,benign_browsing_v1,benign_browsing_v1__run_000,benign,,8,4,1.9056,0.8697,0.1239,50239.98,20933.32,0.6686,72,30,1.2362,2.2613,1.1428,0.5657,2.84,0,5,0,0,1,0,2.3272,697.78,495.1,1606.47,8168.82,8178.82,0,0.0115,4.5563,0,1
2026-09-09T15:29:44.514983+00:00,benign_browsing_v1,benign_browsing_v1__run_000,benign,,6,3,1.2516,0.9375,0.0601,12806.81,5122.72,0.6573,30,12,1.5389,4.014,0.8814,0.3253,1.8572,0,3,0,0,0,0,2.4483,426.89,74.27,520.17,8779.98,6741.91,0,0.0,2.8081,0,0
2026-09-09T15:29:49.514983+00:00,benign_browsing_v1,benign_browsing_v1__run_000,benign,,3,1,-0.0,0.8664,0.1559,3036.81,1012.27,0.6352,6,2,0.7768,1.2481,1.3161,0.5707,3.0282,0,1,0,0,0,0,2.106,506.14,127.39,683.13,9188.04,7593.09,0,0.053,4.2356,0,0
2026-09-09T15:29:54.514983+00:00,benign_browsing_v1,benign_browsing_v1__run_000,benign,,12,4,1.7842,0.9015,0.1081,15260.84,5086.95,0.7377,24,8,0.9167,2.4103,0.7411,0.2498,1.4903,0,7,1,0,1,0,2.8303,635.87,260.43,1074.83,6903.69,6875.53,0,0.0552,2.7731,0,0
2026-09-09T15:29:59.514983+00:00,benign_browsing_v1,benign_browsing_v1__run_000,benign,,5,3,1.5219,0.8212,0.1937,19772.5,9227.17,0.6813,30,14,0.5425,0.6686,1.0529,0.1874,1.6152,0,3,0,0,0,0,2.0789,659.08,316.76,1177.56,9484.89,7160.03,0,0.0,4.056,0,0
2026-09-09T15:30:04.514983+00:00,benign_browsing_v1,benign_browsing_v1__run_000,benign,,7,4,1.8424,0.8639,0.1249,35265.92,17273.1,0.6814,49,24,0.7939,2.203,1.3166,0.5641,3.0089,0,4,0,0,0,0,2.0178,719.71,536.01,1941.31,9311.47,8680.78,0,0.0612,3.7833,0,0
2026-09-09T15:30:09.514983+00:00,benign_browsing_v1,benign_browsing_v1__run_000,benign,,3,2,0.9183,0.8279,0.1636,3995.74,1331.91,0.6824,9,3,0.4,0.6859,0.7319,0.1465,1.1713,0,1,0,0,0,0,2.4881,443.97,138.51,597.11,7855.04,6539.61,0,0.0275,4.3105,0,0
2026-09-09T15:30:14.514983+00:00,benign_browsing_v1,benign_browsing_v1__run_000,benign,,6,4,1.7925,0.8387,0.1762,38565.41,11686.49,0.5943,66,20,1.163,2.525,1.089,0.556,2.7571,0,3,0,0,0,0,3.2547,584.32,150.03,794.64,7917.22,7761.6,0,0.0478,4.9915,0,0
2026-09-09T15:30:19.514983+00:00,benign_browsing_v1,benign_browsing_v1__run_000,benign,,2,1,-0.0,0.9,0.1186,16726.78,5322.16,0.7557,22,7,0.5757,0.912,1.0514,0.4126,2.2892,0,1,0,0,0,0,2.8398,760.31,222.09,982.39,10942.36,9064.13,0,0.0122,3.791,0,0
2026-09-09T15:30:24.514983+00:00,benign_browsing_v1,benign_browsing_v1__run_000,benign,,7,4,1.8424,0.9059,0.0768,30637.38,12036.11,0.699,56,22,1.0394,2.773,0.8464,0.432,2.1425,0,4,0,0,0,0,2.4641,547.1,152.84,857.63,10081.21,8131.36,0,0.048,3.6499,0,0
2026-09-09T15:30:29.514983+00:00,benign_browsing_v1,benign_browsing_v1__run_000,benign,,4,3,1.5,0.8407,0.1236,17313.99,5194.2,0.6548,20,6,1.2792,2.6449,0.7904,0.2957,1.6775,0,2,0,0,0,0,2.9837,865.7,456.5,1606.43,10350.79,10124.1,0,0.0825,3.95,0,0
2026-09-09T15:30:34.514983+00:00,benign_browsing_v1,benign_browsing_v1__run_000,benign,,11,4,1.8676,0.8902,0.1348,25082.91,12541.46,0.7721,44,22,1.1114,1.9845,1.1761,0.3393,2.1939,0,6,0,0,1,0,1.9456,570.07,218.32,1022.44,9873.84,7981.13,0,0.0,4.1756,0,0
2026-09-09T15:30:39.514983+00:00,benign_browsing_v1,benign_browsing_v1__run_000,benign,,7,4,1.6645,0.8801,0.1097,33710.41,10701.72,0.7162,63,20,1.5654,4.3037,1.1622,0.4442,2.4947,0,4,0,0,0,0,3.0001,535.09,258.29,1097.67,9299.63,6665.37,0,0.0,4.5532,0,0
2026-09-09T15:30:44.514983+00:00,benign_browsing_v1,benign_browsing_v1__run_000,benign,,9,3,1.4355,0.8799,0.1296,30632.83,14295.32,0.7183,45,21,0.6066,1.379,0.9244,0.4204,2.1857,0,5,0,0,1,0,2.0571,680.73,221.1,1191.97,8468.94,7112.25,0,0.0,4.4954,0,0
2026-09-09T15:30:49.514983+00:00,benign_browsing_v1,benign_browsing_v1__run_000,benign,,13,4,1.8262,0.8614,0.1007,49456.44,26630.39,0.7294,78,42,0.7744,1.7629,0.6107,0.235,1.3156,0,8,1,0,1,0,1.8294,634.06,244.19,1077.51,9632.49,7250.11,0,0.0149,4.1143,0,0
2026-09-09T15:30:54.514983+00:00,benign_browsing_v1,benign_browsing_v1__run_000,benign,,3,3,1.585,0.9151,0.1052,8252.32,4126.16,0.6388,18,9,0.8525,2.2273,1.0025,0.2561,1.7709,0,1,0,0,0,0,1.8218,458.46,197.72,736.63,7457.54,9669.22,0,0.0,4.1977,0,0
2026-09-09T15:30:59.514983+00:00,benign_browsing_v1,benign_browsing_v1__run_000,benign,,7,4,1.9502,0.8893,0.1335,41485.03,18520.1,0.7709,56,25,0.985,2.3165,0.6394,0.1594,1.1176,0,4,0,0,0,0,2.212,740.8,435.41,1753.66,8995.22,8536.1,0,0.0541,3.7808,0,0
2026-09-09T15:31:04.514983+00:00,benign_browsing_v1,benign_browsing_v1__run_000,benign,,7,3,1.4488,0.9292,0.0643,10600.07,2523.83,0.6963,21,5,0.7259,1.1349,1.1011,0.3114,2.0353,0,4,0,0,0,0,4.1582,504.77,99.94,699.26,7900.06,8045.71,0,0.0439,4.5232,0,0
2026-09-09T15:31:09.514983+00:00,benign_browsing_v1,benign_browsing_v1__run_000,benign,,5,2,0.971,0.9236,0.0722,16978.59,7470.58,0.607,25,11,0.5981,0.8845,0.9059,0.1747,1.43,0,3,0,0,0,0,2.2621,679.14,253.8,1048.4,8335.98,6529.21,0,0.0389,4.4698,0,0
2026-09-09T15:31:14.514983+00:00,benign_browsing_v1,benign_browsing_v1__run_000,benign,,5,4,1.9219,0.8571,0.1619,20492.98,9563.39,0.6458,30,14,0.9082,2.322,0.7895,0.2669,1.5901,0,3,0,0,0,0,2.1308,683.1,144.43,824.73,8970.76,8956.76,0,0.0,4.3115,0,0
2026-09-09T15:31:19.514983+00:00,benign_browsing_v1,benign_browsing_v1__run_000,benign,,9,4,1.8366,0.8607,0.143,22559.17,7519.72,0.6905,36,12,1.0105,1.5104,0.6777,0.1533,1.1376,0,5,0,0,1,0,2.8379,626.64,427.21,1679.87,7361.29,9343.6,0,0.0108,3.6406,0,0
2026-09-09T15:31:24.514983+00:00,benign_browsing_v1,benign_browsing_v1__run_000,benign,,4,2,0.8113,0.8994,0.069,19482.8,7793.12,0.7416,20,8,0.821,1.9299,0.6193,0.2868,1.4796,0,2,0,0,0,0,2.463,974.14,450.46,1623.11,5974.48,8336.18,0,0.0,3.8548,0,0
2026-09-09T15:31:29.514983+00:00,benign_browsing_v1,benign_browsing_v1__run_000,benign,,4,2,0.8113,0.931,0.0382,17571.26,10982.04,0.6502,32,20,0.5336,0.9166,1.0755,0.5044,2.5885,0,2,0,0,0,0,1.5523,549.1,165.04,812.01,7252.18,8188.69,0,0.0408,3.5592,0,0
2026-09-09T15:31:34.514983+00:00,benign_browsing_v1,benign_browsing_v1__run_000,benign,,15,4,1.8892,0.8767,0.1373,27080.98,15646.79,0.7349,45,26,0.724,1.0505,0.684,0.286,1.542,1,9,1,0,2,0,1.7105,601.8,211.47,1099.92,10309.08,8273.33,1,0.0,3.4717,0,0
2026-09-09T15:31:39.514983+00:00,benign_browsing_v1,benign_browsing_v1__run_000,benign,,3,1,-0.0,0.8754,0.1273,11592.99,4416.38,0.7143,21,8,0.55,0.9075,0.7807,0.2167,1.4309,0,1,0,0,0,0,2.6031,552.05,199.76,832.59,8429.72,6851.12,0,0.0094,3.8876,0,0
2026-09-09T15:31:44.514983+00:00,benign_browsing_v1,benign_browsing_v1__run_000,benign,,9,4,1.7527,0.8803,0.0939,43983.53,14050.29,0.7133,72,23,0.7771,1.7585,0.7557,0.3919,1.9315,0,5,0,0,1,0,3.1274,610.88,301.64,1244.23,8323.15,9215.19,0,0.0537,4.1729,0,0
2026-09-09T15:31:49.514983+00:00,benign_browsing_v1,benign_browsing_v1__run_000,benign,,11,4,1.9808,0.8836,0.1123,37672.76,14840.78,0.6928,66,26,1.1109,2.7687,1.1313,0.3201,2.0917,0,7,1,0,1,0,2.4714,570.8,310.42,1182.83,8664.15,7242.54,0,0.0529,3.6333,0,0
2026-09-09T15:31:54.514983+00:00,benign_browsing_v1,benign_browsing_v1__run_000,benign,,5,2,0.7219,0.8891,0.1384,6640.53,1770.81,0.6859,15,4,0.9976,2.6004,1.0186,0.3993,2.2166,0,3,0,0,0,0,3.418,442.7,154.91,726.93,8718.62,8882.62,0,0.021,4.0495,0,0
2026-09-09T15:31:59.514983+00:00,benign_browsing_v1,benign_browsing_v1__run_000,benign,,5,3,1.5219,0.908,0.0892,22479.41,6422.69,0.6966,35,10,0.3686,0.903,0.791,0.1914,1.3653,0,3,0,0,0,0,3.4531,642.27,314.51,1207.67,8282.0,10059.7,0,0.0094,3.954,0,1
2026-09-09T15:32:04.514983+00:00,benign_browsing_v1,benign_browsing_v1__run_000,benign,,7,3,1.3788,0.9161,0.0797,19348.07,14280.72,0.6436,42,31,0.426,0.5984,0.5975,0.1589,1.0743,0,4,0,0,1,0,1.3538,460.67,182.17,793.66,7352.72,10605.67,0,0.0385,4.2637,0,0
2026-09-09T15:32:09.514983+00:00,benign_browsing_v1,benign_browsing_v1__run_000,benign,,5,2,0.971,0.8874,0.0876,9637.03,2569.87,0.7706,15,4,0.4695,1.1426,0.9387,0.4877,2.4018,0,3,0,0,0,0,3.124,642.47,312.25,1057.35,10196.53,5899.26,0,0.0,4.1996,0,0
2026-09-09T15:32:14.514983+00:00,benign_browsing_v1,benign_browsing_v1__run_000,benign,,5,3,1.5219,0.8708,0.1206,11015.86,3855.55,0.7148,20,7,0.8557,2.3739,0.8934,0.3105,1.8247,0,3,0,0,0,0,2.8359,550.79,234.48,938.17,9475.88,8049.31,0,0.0,3.7826,0,0
2026-09-09T15:32:19.514983+00:00,benign_browsing_v1,benign_browsing_v1__run_000,benign,,8,4,1.9056,0.8834,0.1209,35718.38,15068.69,0.7012,64,27,0.7702,1.679,0.908,0.2114,1.5421,0,5,0,0,0,0,2.3576,558.1,198.42,907.66,7749.0,8325.12,0,0.0639,3.7598,0,0
2026-09-09T15:32:24.514983+00:00,benign_browsing_v1,benign_browsing_v1__run_000,benign,,5,2,0.971,0.885,0.13,26991.11,7711.75,0.6839,35,10,0.7552,1.9012,0.5443,0.2498,1.2938,0,3,0,0,0,0,3.3134,771.17,349.68,1363.64,8576.93,6836.21,0,0.025,3.1441,0,0
2026-09-09T15:32:29.514983+00:00,benign_browsing_v1,benign_browsing_v1__run_000,benign,,6,3,1.585,0.9082,0.0798,16538.88,6891.2,0.687,24,10,0.766,1.0025,0.5941,0.1354,1.0002,0,3,0,0,0,0,2.2975,689.12,413.9,1543.37,6973.99,7133.32,0,0.0,4.6771,0,0
2026-09-09T15:32:34.514983+00:00,benign_browsing_v1,benign_browsing_v1__run_000,benign,,5,3,1.5219,0.8672,0.1415,33994.04,15054.5,0.725,70,31,0.4931,1.438,0.7139,0.1382,1.1284,0,2,0,0,0,0,2.2532,485.63,195.87,753.56,6374.84,8486.49,0,0.0603,4.1959,0,0
2026-09-09T15:32:39.514983+00:00,benign_browsing_v1,benign_browsing_v1__run_000,benign,,6,3,1.2516,0.9086,0.0724,19621.68,13081.12,0.6935,30,20,0.521,1.0705,0.8693,0.2291,1.5567,0,3,0,0,0,0,1.4557,654.06,322.68,1222.36,8252.75,8079.91,0,0.0524,4.4538,0,0
2026-09-09T15:32:44.514983+00:00,benign_browsing_v1,benign_browsing_v1__run_000,benign,,5,4,1.9219,0.8569,0.1245,44059.91,22911.16,0.6734,75,39,0.9274,1.8663,0.893,0.2284,1.5783,0,3,0,0,0,0,1.9113,587.47,294.25,1134.58,7921.86,9287.55,0,0.0555,4.4496,0,0
2026-09-09T15:32:49.514983+00:00,benign_browsing_v1,benign_browsing_v1__run_000,benign,,7,3,1.1488,0.9106,0.1273,8278.92,2956.76,0.7154,14,5,1.2528,3.3642,0.9169,0.3718,2.0322,0,4,0,0,0,0,2.7411,591.35,198.45,948.44,8449.83,8907.88,0,0.0045,3.2916,0,0
2026-09-09T15:32:54.514983+00:00,benign_browsing_v1,benign_browsing_v1__run_000,benign,,3,2,0.9183,0.8669,0.1382,2592.18,432.03,0.8064,6,1,1.1684,1.4944,1.1884,0.5744,2.9115,0,1,0,0,0,0,3.0269,432.03,116.45,596.66,8030.71,8495.98,0,0.0444,3.776,0,0
2026-09-09T15:32:59.514983+00:00,benign_browsing_v1,benign_browsing_v1__run_000,benign,,5,3,1.5219,0.9177,0.0629,12376.08,3465.3,0.6856,25,7,0.8802,1.7461,0.8292,0.3533,1.8892,0,3,0,0,0,0,3.2936,495.04,99.14,639.02,7632.1,9287.41,0,0.0,4.3127,0,0
2026-09-09T15:33:04.514983+00:00,benign_browsing_v1,benign_browsing_v1__run_000,benign,,6,3,1.585,0.8999,0.1333,17461.19,6305.43,0.7198,36,13,0.9007,2.1108,0.8431,0.3332,1.8428,0,3,0,0,0,0,2.6473,485.03,214.08,903.54,8118.55,8819.65,0,0.0347,4.9852,0,0
2026-09-09T15:33:09.514983+00:00,benign_browsing_v1,benign_browsing_v1__run_000,benign,,5,3,1.5219,0.893,0.0677,4695.16,1408.55,0.7465,10,3,0.8886,1.2389,0.7314,0.2521,1.4878,0,3,0,0,0,0,2.6907,469.52,183.33,726.94,8150.1,9777.1,0,0.0761,4.5252,0,0
2026-09-09T15:33:14.514983+00:00,benign_browsing_v1,benign_browsing_v1__run_000,benign,,3,2,0.9183,0.8847,0.1155,9375.21,3125.07,0.6275,15,5,0.5588,1.1697,0.6351,0.1161,0.9834,0,1,0,0,0,0,2.8781,625.01,144.3,807.06,9987.35,7774.18,0,0.0,4.3243,0,0
2026-09-09T15:33:19.514983+00:00,benign_browsing_v1,benign_browsing_v1__run_000,benign,,2,2,1.0,0.9389,0.122,5829.19,1748.76,0.6356,10,3,0.7206,1.5116,0.734,0.3173,1.686,0,1,0,0,0,0,2.6942,582.92,228.1,811.02,9793.63,8691.22,0,0.0,4.2794,0,0
2026-09-09T15:33:24.514983+00:00,benign_browsing_v1,benign_browsing_v1__run_000,benign,,11,4,1.9808,0.8796,0.0959,33016.47,12005.99,0.6826,77,28,0.8072,1.7957,0.7714,0.3302,1.762,0,7,1,0,1,0,2.7186,428.79,178.13,861.47,8731.86,5817.45,0,0.0782,3.6364,1,0
2026-09-09T15:33:29.514983+00:00,benign_browsing_v1,benign_browsing_v1__run_000,benign,,5,4,1.9219,0.8765,0.1088,6242.59,3745.55,0.6344,10,6,0.5799,0.8896,0.9271,0.3949,2.1116,0,3,0,0,0,0,1.5447,624.26,300.12,1161.05,9024.25,8735.01,0,0.0007,3.5906,0,0
2026-09-09T15:33:34.514983+00:00,benign_browsing_v1,benign_browsing_v1__run_000,benign,,5,2,0.7219,0.8889,0.082,14833.96,4450.19,0.7467,20,6,0.6543,1.7955,0.8288,0.2412,1.5523,0,3,0,0,0,0,3.2167,741.7,465.59,1631.31,8894.31,7693.69,0,0.0302,4.3852,0,0
2026-09-09T15:33:39.514983+00:00,benign_browsing_v1,benign_browsing_v1__run_000,benign,,3,2,0.9183,0.8951,0.1038,2536.94,422.82,0.6575,6,1,1.1343,1.5961,1.185,0.386,2.3431,0,1,0,0,0,0,3.0996,422.82,64.33,503.45,7023.98,8120.03,0,0.0046,4.7854,0,0
2026-09-09T15:33:44.514983+00:00,benign_browsing_v1,benign_browsing_v1__run_000,benign,,2,2,1.0,0.8784,0.0974,14019.73,4460.82,0.719,22,7,0.8691,1.5013,1.107,0.3412,2.1306,0,1,0,0,0,0,3.0574,637.26,59.12,696.38,8046.86,8231.94,0,0.0426,3.2182,0,0
2026-09-09T15:33:49.514983+00:00,benign_browsing_v1,benign_browsing_v1__run_000,benign,,6,4,1.9183,0.9043,0.0724,35637.81,16037.01,0.7769,60,27,0.5841,1.4888,1.0625,0.32,2.0226,0,3,0,0,0,0,2.1743,593.96,163.74,799.33,6778.28,9174.11,0,0.0258,3.9138,0,1
2026-09-09T15:33:54.514983+00:00,benign_browsing_v1,benign_browsing_v1__run_000,benign,,3,2,0.9183,0.8906,0.1216,10243.6,5548.62,0.7283,24,13,0.8842,2.4448,0.879,0.4344,2.1823,0,1,0,0,0,0,1.758,426.82,6.34,433.57,7925.42,7731.35,0,0.0051,3.4582,0,0
2026-09-09T15:33:59.514983+00:00,benign_browsing_v1,benign_browsing_v1__run_000,benign,,6,4,1.7925,0.8342,0.1425,35612.22,12859.97,0.6647,36,13,0.6401,0.9238,1.3252,0.3605,2.4068,0,3,0,0,0,0,2.5839,989.23,674.48,2416.78,8464.6,8513.58,0,0.0,4.9159,0,0
2026-09-09T15:34:04.514983+00:00,benign_browsing_v1,benign_browsing_v1__run_000,benign,,17,4,1.8727,0.8521,0.1401,38011.49,27726.03,0.6252,85,62,0.8889,2.3008,0.6456,0.2941,1.5278,1,10,1,0,2,0,1.3674,447.19,193.09,999.4,8791.96,9629.33,1,0.0239,3.0091,0,0
2026-09-09T15:34:09.514983+00:00,benign_browsing_v1,benign_browsing_v1__run_000,benign,,2,2,1.0,0.8375,0.171,4267.44,1600.29,0.6317,8,3,0.6359,1.3881,1.0034,0.2921,1.8796,0,1,0,0,0,0,2.4538,533.43,89.37,622.8,8076.79,9201.69,0,0.0172,3.8147,0,0
2026-09-09T15:34:14.514983+00:00,benign_browsing_v1,benign_browsing_v1__run_000,benign,,4,3,1.5,0.8889,0.056,15163.91,5415.68,0.8162,28,10,0.5856,1.5796,1.1197,0.456,2.4878,0,2,0,0,0,0,2.5659,541.57,188.89,718.98,8620.56,6658.71,0,0.0458,3.9294,0,0
2026-09-09T15:34:19.514983+00:00,benign_browsing_v1,benign_browsing_v1__run_000,benign,,5,4,1.9219,0.8784,0.1347,15246.73,4065.8,0.7022,30,8,1.4075,3.5156,1.1088,0.418,2.3629,0,2,0,0,0,0,3.36,508.22,223.63,863.24,6591.81,6093.1,0,0.0128,3.8682,0,0
2026-09-09T15:34:24.514983+00:00,benign_browsing_v1,benign_browsing_v1__run_000,benign,,5,2,0.971,0.9239,0.0911,12525.06,5010.02,0.6728,25,10,1.0853,2.8067,0.8512,0.3757,1.9784,0,3,0,0,0,0,2.4671,501.0,377.68,1249.8,6742.93,6847.09,0,0.0056,4.8178,0,0
2026-09-09T15:34:29.514983+00:00,benign_browsing_v1,benign_browsing_v1__run_000,benign,,5,3,1.5219,0.8807,0.1261,8102.98,2836.04,0.8074,20,7,1.0166,2.9144,1.0234,0.4321,2.3196,0,3,0,0,0,0,2.8327,405.15,175.12,691.45,7577.96,8961.79,0,0.0607,3.7487,0,0
2026-09-09T15:34:34.514983+00:00,benign_browsing_v1,benign_browsing_v1__run_000,benign,,14,4,1.5917,0.9014,0.0992,70201.54,22206.61,0.7545,98,31,0.608,1.7967,0.6665,0.286,1.5244,0,8,0,0,1,0,3.0792,716.34,309.69,1401.4,9083.91,9034.86,0,0.0367,4.2472,1,1
2026-09-09T15:34:39.514983+00:00,benign_browsing_v1,benign_browsing_v1__run_000,benign,,4,3,1.5,0.8973,0.0918,18621.81,7980.78,0.7239,28,12,0.6519,1.1419,1.1918,0.4406,2.5135,0,2,0,0,0,0,2.2733,665.06,236.29,1011.51,8016.57,8928.6,0,0.0133,4.0965,0,0
2026-09-09T15:34:44.514983+00:00,benign_browsing_v1,benign_browsing_v1__run_000,benign,,4,3,1.5,0.8641,0.1388,4910.92,1227.73,0.6708,8,2,0.7568,2.0882,0.896,0.364,1.988,0,2,0,0,0,0,2.6975,613.86,234.92,948.34,8613.22,9647.7,0,0.0368,4.6059,0,0
2026-09-09T15:34:49.514983+00:00,benign_browsing_v1,benign_browsing_v1__run_000,benign,,5,2,0.7219,0.9179,0.0649,7148.99,2859.6,0.7243,20,8,0.6528,1.302,0.6825,0.136,1.0905,0,3,0,0,0,0,2.3534,357.45,163.52,542.91,6205.7,7894.26,0,0.0545,3.1596,0,0
2026-09-09T15:34:54.514983+00:00,benign_browsing_v1,benign_browsing_v1__run_000,benign,,9,3,1.585,0.8835,0.1634,36607.52,16778.45,0.7881,72,33,0.4473,0.7244,0.6742,0.1642,1.1667,0,5,0,0,0,0,2.1226,508.44,215.91,906.3,8610.84,5497.62,0,0.04,3.3257,0,0
2026-09-09T15:34:59.514983+00:00,benign_browsing_v1,benign_browsing_v1__run_000,benign,,7,4,1.8424,0.9021,0.1072,27870.69,8460.75,0.6588,56,17,0.9463,1.6521,0.8049,0.2549,1.5696,0,4,0,0,0,0,3.168,497.69,209.5,826.64,9160.62,8306.82,0,0.0845,3.2032,0,0
2026-09-09T15:35:04.514983+00:00,benign_browsing_v1,benign_browsing_v1__run_000,benign,,5,3,1.371,0.8245,0.1794,14759.89,6494.35,0.7291,25,11,1.0941,2.94,0.7193,0.1914,1.2936,0,3,0,0,0,0,2.1727,590.4,231.11,883.4,7422.5,8217.56,0,0.0,4.5058,0,0
2026-09-09T15:35:09.514983+00:00,benign_browsing_v1,benign_browsing_v1__run_000,benign,,8,3,1.2988,0.8752,0.1222,19033.41,6542.73,0.6908,32,11,0.5095,0.8526,0.9926,0.2041,1.6051,0,4,0,0,0,0,2.7137,594.79,241.29,1115.72,8505.56,7534.73,0,0.0017,3.947,1,0
2026-09-09T15:35:14.514983+00:00,benign_browsing_v1,benign_browsing_v1__run_000,benign,,7,3,1.5567,0.8892,0.1458,25305.6,8676.21,0.7007,35,12,0.6313,0.9665,1.1066,0.5093,2.6344,0,4,0,0,0,0,2.8673,723.02,501.51,1817.76,8404.72,7686.82,0,0.0371,3.6044,0,0
2026-09-09T15:35:19.514983+00:00,benign_browsing_v1,benign_browsing_v1__run_000,benign,,5,4,1.9219,0.8335,0.1903,16363.12,6136.17,0.6831,40,15,0.3756,0.9728,0.6254,0.2321,1.3218,0,3,0,0,0,0,2.5592,409.08,105.1,577.53,8530.37,7971.27,0,0.028,4.0753,0,0
2026-09-09T15:35:24.514983+00:00,benign_browsing_v1,benign_browsing_v1__run_000,benign,,3,2,0.9183,0.8896,0.1036,5395.94,1199.1,0.6947,9,2,1.4251,3.6775,1.1984,0.311,2.1313,0,1,0,0,0,0,3.5087,599.55,254.54,873.49,8212.98,7781.06,0,0.0365,4.7554,0,0
2026-09-09T15:35:29.514983+00:00,benign_browsing_v1,benign_browsing_v1__run_000,benign,,5,3,1.5219,0.9033,0.1049,20436.37,12261.82,0.6947,35,21,1.1606,2.3342,1.232,0.2222,1.8985,0,3,0,0,0,0,1.5963,583.9,256.04,840.8,7913.58,8934.96,0,0.0121,4.0818,1,0
2026-09-09T15:35:34.514983+00:00,benign_browsing_v1,benign_browsing_v1__run_000,benign,,4,3,1.5,0.8672,0.1081,11422.18,3997.76,0.6695,20,7,1.0596,1.3706,0.9112,0.4124,2.1485,0,2,0,0,0,0,2.7328,571.11,150.9,831.39,8743.59,9519.5,0,0.0018,4.2298,0,0
2026-09-09T15:35:39.514983+00:00,benign_browsing_v1,benign_browsing_v1__run_000,benign,,5,3,1.371,0.8643,0.1285,17759.31,9323.64,0.6498,40,21,1.5845,4.1739,1.0653,0.4527,2.4233,0,2,0,0,0,0,1.8215,443.98,126.58,585.72,7803.56,8619.58,0,0.0727,4.3921,0,0
2026-09-09T15:35:44.514983+00:00,benign_browsing_v1,benign_browsing_v1__run_000,benign,,6,4,1.9183,0.8726,0.1588,33981.98,22654.65,0.7499,48,32,1.2031,2.8714,0.9358,0.2944,1.8189,0,3,0,0,0,0,1.4736,707.96,345.11,1375.35,7828.08,7727.12,0,0.0384,3.6494,0,0
2026-09-09T15:35:49.514983+00:00,benign_browsing_v1,benign_browsing_v1__run_000,benign,,4,2,0.8113,0.9037,0.0549,12658.01,4430.3,0.6971,20,7,0.6401,1.633,0.7826,0.3125,1.7201,0,2,0,0,0,0,2.7315,632.9,311.48,944.24,8008.64,7975.39,0,0.0116,3.6662,0,0
2026-09-09T15:35:54.514983+00:00,benign_browsing_v1,benign_browsing_v1__run_000,benign,,5,3,1.5219,0.8948,0.07,11992.36,2998.09,0.6948,20,5,1.0725,3.0463,0.875,0.4482,2.2196,0,3,0,0,0,0,3.7142,599.62,280.97,1024.7,7282.44,8317.88,0,0.0453,4.9589,0,0
2026-09-09T15:35:59.514983+00:00,benign_browsing_v1,benign_browsing_v1__run_000,benign,,3,3,1.585,0.8596,0.1601,6519.93,4346.62,0.6814,12,8,0.4711,1.0724,0.8647,0.4336,2.1654,0,1,0,0,0,0,1.4967,543.33,126.06,690.55,7397.4,7650.74,0,0.0,4.0212,0,0
2026-09-09T15:36:04.514983+00:00,benign_browsing_v1,benign_browsing_v1__run_000,benign,,1,1,-0.0,0.8686,0.1093,5016.12,2149.77,0.7398,7,3,0.8898,1.5203,1.2009,0.5692,2.9086,0,0,0,0,0,0,2.1403,716.59,0.0,716.59,8144.18,8649.4,0,0.0,3.8629,0,0
2026-09-09T15:36:09.514983+00:00,benign_browsing_v1,benign_browsing_v1__run_000,benign,,7,4,1.8424,0.9145,0.105,30387.07,7717.35,0.6999,63,16,0.4802,0.9288,0.7309,0.1849,1.2856,0,4,0,0,0,0,3.8763,482.33,98.18,618.09,9517.28,7977.37,0,0.0483,4.3432,0,0
2026-09-09T15:36:14.514983+00:00,benign_browsing_v1,benign_browsing_v1__run_000,benign,,5,3,1.5219,0.8747,0.1115,11578.01,5094.33,0.7462,25,11,0.9016,2.6878,0.869,0.1992,1.4665,0,3,0,0,0,0,2.2331,463.12,245.32,927.76,8222.87,9900.38,0,0.0333,4.0725,0,0
2026-09-09T15:36:19.514983+00:00,benign_browsing_v1,benign_browsing_v1__run_000,benign,,4,3,1.5,0.9413,0.0585,9212.08,4606.04,0.6522,24,12,1.1782,3.5113,1.379,0.6178,3.2325,0,2,0,0,0,0,1.9443,383.84,146.14,554.07,7524.94,9380.68,0,0.0248,4.2436,0,0
2026-09-09T15:36:24.514983+00:00,benign_browsing_v1,benign_browsing_v1__run_000,benign,,2,1,-0.0,0.8855,0.118,2529.84,505.97,0.7266,10,2,0.608,1.0037,0.8059,0.2515,1.5603,0,1,0,0,0,0,3.6178,252.98,106.78,359.76,7185.12,7125.4,0,0.0165,4.1947,0,0
2026-09-09T15:36:29.514983+00:00,benign_browsing_v1,benign_browsing_v1__run_000,benign,,7,3,1.5567,0.8631,0.1628,10696.2,4584.08,0.7086,14,6,0.7905,1.1432,0.9085,0.172,1.4246,0,4,0,0,0,0,2.2563,764.01,80.32,917.24,7456.65,7988.98,0,0.0462,3.0596,0,0
2026-09-09T15:36:34.514983+00:00,benign_browsing_v1,benign_browsing_v1__run_000,benign,,7,4,1.8424,0.948,0.0262,20935.76,13757.79,0.7146,35,23,0.9474,2.6295,0.9004,0.2463,1.6393,0,4,0,0,0,0,1.5054,598.16,205.04,903.87,7817.5,8239.55,0,0.0,4.7348,0,0
2026-09-09T15:36:39.514983+00:00,benign_browsing_v1,benign_browsing_v1__run_000,benign,,5,3,1.5219,0.8498,0.1726,26530.75,9949.03,0.7266,40,15,0.7513,1.4763,1.0175,0.426,2.2956,0,3,0,0,0,0,2.5893,663.27,228.72,1000.24,8662.22,6033.81,0,0.0224,4.5451,0,0
2026-09-09T15:36:44.514983+00:00,benign_browsing_v1,benign_browsing_v1__run_000,benign,,4,2,1.0,0.8652,0.1621,5272.48,1318.12,0.6842,8,2,1.2888,2.1839,1.3739,0.4452,2.7095,0,2,0,0,0,0,2.8214,659.06,25.05,701.6,7895.34,6943.97,0,0.0385,3.8649,0,1
2026-09-09T15:36:49.514983+00:00,benign_browsing_v1,benign_browsing_v1__run_000,benign,,4,2,0.8113,0.8929,0.1344,14796.97,4756.17,0.7852,28,9,0.5996,1.0658,0.8673,0.3139,1.8091,0,2,0,0,0,0,2.8221,528.46,87.41,619.35,9105.8,10443.25,0,0.0,3.3128,0,0
2026-09-09T15:36:54.514983+00:00,benign_browsing_v1,benign_browsing_v1__run_000,benign,,2,2,1.0,0.9246,0.0838,3177.02,1059.01,0.6461,6,2,1.4525,2.5117,1.0788,0.2269,1.7593,0,1,0,0,0,0,2.7259,529.5,11.39,540.9,7737.54,8401.54,0,0.0166,3.0856,0,0
2026-09-09T15:36:59.514983+00:00,benign_browsing_v1,benign_browsing_v1__run_000,benign,,6,3,1.4591,0.9187,0.0943,23592.81,11141.05,0.7106,36,17,0.9879,1.3755,0.9516,0.2745,1.7751,0,3,0,0,0,0,2.0274,655.36,236.83,1140.89,8171.48,9205.26,0,0.0484,4.1485,0,0
2026-09-09T15:37:04.514983+00:00,benign_browsing_v1,benign_browsing_v1__run_000,benign,,10,4,1.8464,0.8986,0.0987,31121.78,11930.02,0.7284,60,23,0.5347,1.0164,0.7155,0.1281,1.0999,0,6,0,0,1,0,2.6004,518.7,154.54,772.49,9039.36,6912.44,0,0.0398,3.7691,0,0
2026-09-09T15:37:09.514983+00:00,benign_browsing_v1,benign_browsing_v1__run_000,benign,,9,3,1.4355,0.8797,0.1088,45895.88,37153.8,0.7507,63,51,1.1879,1.6564,1.025,0.3086,1.9509,0,5,0,0,1,0,1.224,728.51,373.32,1695.52,8574.0,7784.93,0,0.0144,4.2665,0,0
2026-09-09T15:37:14.514983+00:00,benign_browsing_v1,benign_browsing_v1__run_000,benign,,5,2,0.971,0.8983,0.1248,15074.57,5276.1,0.6565,20,7,0.6584,1.7055,1.4325,0.3557,2.4997,0,3,0,0,0,0,2.5631,753.73,568.71,1862.74,8607.55,6949.88,0,0.0,4.2191,0,0
2026-09-09T15:37:19.514983+00:00,benign_browsing_v1,benign_browsing_v1__run_000,benign,,4,3,1.5,0.8862,0.0937,8771.89,3837.7,0.7135,16,7,1.2724,2.8517,0.9761,0.4432,2.3057,0,2,0,0,0,0,2.1243,548.24,89.35,682.9,8748.24,7028.71,0,0.0771,4.5836,0,0
2026-09-09T15:37:24.514983+00:00,benign_browsing_v1,benign_browsing_v1__run_000,benign,,4,3,1.5,0.859,0.1125,22213.59,10412.62,0.6522,32,15,0.7803,2.1812,0.6482,0.1439,1.0798,0,2,0,0,0,0,2.0635,694.17,286.71,952.78,9226.3,8288.11,0,0.0491,3.3322,0,0
2026-09-09T15:37:29.514983+00:00,benign_browsing_v1,benign_browsing_v1__run_000,benign,,4,2,0.8113,0.8538,0.1431,11617.28,7260.8,0.6763,16,10,1.4985,3.6412,0.9786,0.3464,2.0179,0,2,0,0,0,0,1.4876,726.08,228.76,1061.29,7180.86,6151.43,0,0.0469,4.3571,0,0
2026-09-09T15:37:34.514983+00:00,benign_browsing_v1,benign_browsing_v1__run_000,benign,,4,2,0.8113,0.8819,0.1305,5579.42,1743.57,0.7648,16,5,0.8695,2.1027,0.8099,0.2078,1.4334,0,2,0,0,0,0,3.0446,348.71,27.38,377.15,8809.35,7764.43,0,0.0042,4.5014,0,0
2026-09-09T15:37:39.514983+00:00,benign_browsing_v1,benign_browsing_v1__run_000,benign,,4,3,1.5,0.9207,0.0604,7095.05,3192.77,0.7396,20,9,1.0331,1.3646,0.8452,0.4152,2.0907,0,2,0,0,0,0,2.1908,354.75,86.78,481.11,7759.98,8388.66,0,0.0397,3.9684,0,0
2026-09-09T15:37:44.514983+00:00,benign_browsing_v1,benign_browsing_v1__run_000,benign,,2,2,1.0,0.8918,0.1142,6856.36,3428.18,0.6675,8,4,1.4342,1.9931,0.9684,0.5018,2.4739,0,1,0,0,0,0,1.8462,857.04,433.41,1290.46,7540.14,8838.31,0,0.0899,4.321,0,0
2026-09-09T15:37:49.514983+00:00,benign_browsing_v1,benign_browsing_v1__run_000,benign,,8,4,1.75,0.8473,0.145,16922.99,12269.17,0.6448,40,29,0.4513,0.6097,0.978,0.2213,1.6418,0,5,0,0,0,0,1.3664,423.07,128.78,627.06,9083.06,8831.32,0,0.032,4.0479,0,0
2026-09-09T15:37:54.514983+00:00,benign_browsing_v1,benign_browsing_v1__run_000,benign,,3,2,0.9183,0.8878,0.1027,13609.54,4536.51,0.6765,27,9,0.6388,0.8965,1.053,0.2152,1.6985,0,1,0,0,0,0,2.7004,504.06,50.04,574.17,6859.9,7339.27,0,0.0,4.1904,0,0
2026-09-09T15:37:59.514983+00:00,benign_browsing_v1,benign_browsing_v1__run_000,benign,,6,3,1.4591,0.8905,0.0717,19695.57,15318.78,0.7306,36,28,1.1219,1.8525,0.7205,0.2371,1.4317,0,3,0,0,0,0,1.2492,547.1,264.18,1011.21,7607.85,6676.12,0,0.0336,4.0858,0,0
2026-09-09T15:38:04.514983+00:00,benign_browsing_v1,benign_browsing_v1__run_000,benign,,9,4,1.8366,0.9253,0.0642,32439.19,13215.97,0.7229,54,22,0.5549,0.9291,1.2287,0.4284,2.514,0,5,0,0,0,0,2.4412,600.73,187.41,1001.29,8142.95,10519.38,0,0.0632,3.7401,0,0
2026-09-09T15:38:09.514983+00:00,benign_browsing_v1,benign_browsing_v1__run_000,benign,,7,4,1.8424,0.8897,0.1342,48219.74,22544.3,0.6692,77,36,1.1421,3.2704,0.9696,0.2632,1.7591,0,4,0,0,0,0,2.1137,626.23,211.99,978.62,7900.7,8698.48,0,0.0463,4.2362,0,0
2026-09-09T15:38:14.514983+00:00,benign_browsing_v1,benign_browsing_v1__run_000,benign,,3,2,0.9183,0.8924,0.1008,9763.23,2169.61,0.7714,9,2,0.758,1.1423,0.954,0.4248,2.2284,0,1,0,0,0,0,3.5514,1084.8,423.96,1654.25,8983.02,8292.8,0,0.0318,3.9985,0,0
2026-09-09T15:38:19.514983+00:00,benign_browsing_v1,benign_browsing_v1__run_000,benign,,6,2,1.0,0.8494,0.1553,9253.27,2056.28,0.726,18,4,0.8125,2.1593,0.7768,0.2239,1.4484,0,3,0,0,0,0,3.6163,514.07,352.97,1180.16,6841.5,8614.42,0,0.0,4.3596,0,0
2026-09-09T15:38:24.514983+00:00,benign_browsing_v1,benign_browsing_v1__run_000,benign,,2,2,1.0,0.9073,0.1083,2485.17,621.29,0.6085,4,1,0.8551,1.9727,0.9898,0.4296,2.2787,0,1,0,0,0,0,2.8515,621.29,101.29,722.58,9364.65,6585.84,0,0.0,4.8649,0,0
2026-09-09T15:38:29.514983+00:00,benign_browsing_v1,benign_browsing_v1__run_000,benign,,6,3,1.2516,0.9072,0.0738,11856.05,4610.69,0.6661,18,7,1.0821,2.9035,0.9044,0.2983,1.7993,0,3,0,0,0,0,2.4509,658.67,320.98,1170.7,7540.17,9054.59,0,0.0533,4.4883,0,0
2026-09-09T15:38:34.514983+00:00,benign_browsing_v1,benign_browsing_v1__run_000,benign,,12,4,1.9183,0.8813,0.0832,62634.27,18790.28,0.803,120,36,0.5424,1.2595,0.6704,0.3504,1.7217,0,7,1,0,1,0,3.2768,521.95,298.99,1308.13,8105.94,6618.96,0,0.0,4.0943,0,0
2026-09-09T15:38:39.514983+00:00,benign_browsing_v1,benign_browsing_v1__run_000,benign,,8,4,1.9056,0.8764,0.1192,16721.31,5225.41,0.6922,32,10,0.7402,1.9093,0.8783,0.3949,2.0631,0,4,0,0,0,0,3.1278,522.54,143.38,778.39,8975.65,7015.95,0,0.0,3.6824,0,0
2026-09-09T15:38:44.514983+00:00,benign_browsing_v1,benign_browsing_v1__run_000,benign,,6,4,1.9183,0.9558,0.0304,49561.8,23954.87,0.7435,60,29,1.2757,3.3051,1.0742,0.3741,2.1965,0,3,0,0,0,0,2.0677,826.03,204.02,1043.24,6775.23,7284.74,0,0.0221,3.7565,0,0
2026-09-09T15:38:49.514983+00:00,benign_browsing_v1,benign_browsing_v1__run_000,benign,,7,3,1.3788,0.893,0.0952,18211.11,7154.37,0.5394,28,11,0.4741,0.8909,0.7783,0.2389,1.495,0,4,0,0,0,0,2.3471,650.4,218.27,1023.51,7772.49,8861.56,0,0.0084,4.0578,0,0
2026-09-09T15:38:54.514983+00:00,benign_browsing_v1,benign_browsing_v1__run_000,benign,,8,3,1.5,0.9292,0.0717,50320.54,14152.65,0.7531,64,18,0.5743,1.4492,0.5924,0.2885,1.4578,0,5,0,0,1,0,3.5052,786.26,244.51,1210.54,7421.84,7353.26,0,0.0511,3.8529,0,0
2026-09-09T15:38:59.514983+00:00,benign_browsing_v1,benign_browsing_v1__run_000,benign,,4,3,1.5,0.8529,0.1231,14873.85,4338.21,0.6872,24,7,1.7861,2.6843,1.1786,0.4783,2.6136,0,2,0,0,0,0,3.0577,619.74,271.22,955.87,8159.09,7911.76,0,0.0022,3.8629,0,0
2026-09-09T15:39:04.514983+00:00,benign_browsing_v1,benign_browsing_v1__run_000,benign,,2,2,1.0,0.7992,0.2265,12435.21,4145.07,0.6791,18,6,0.8725,1.1666,0.6924,0.2683,1.4973,0,1,0,0,0,0,2.8871,690.85,14.61,705.46,8008.1,8165.37,0,0.0845,4.3216,0,0
2026-09-09T15:39:09.514983+00:00,benign_browsing_v1,benign_browsing_v1__run_000,benign,,9,4,1.8911,0.9072,0.0893,8446.28,3284.67,0.7082,18,7,0.8574,2.0027,0.7326,0.3631,1.8218,0,5,0,0,0,0,2.505,469.24,232.02,914.0,7301.23,8279.3,0,0.0009,3.3949,1,0
2026-09-09T15:39:14.514983+00:00,benign_browsing_v1,benign_browsing_v1__run_000,benign,,6,4,1.7925,0.8871,0.1244,7660.55,2553.52,0.7481,12,4,0.4026,0.8053,0.8819,0.2246,1.5557,0,3,0,0,0,0,2.6912,638.38,279.36,1136.34,8115.14,9675.13,0,0.0466,4.2882,0,0
2026-09-09T15:39:19.514983+00:00,benign_browsing_v1,benign_browsing_v1__run_000,benign,,4,3,1.5,0.8589,0.191,12701.08,7408.96,0.7317,24,14,1.0771,2.941,0.8131,0.3554,1.8795,0,2,0,0,0,0,1.621,529.21,348.66,1083.53,9635.24,9097.94,0,0.0576,3.4652,0,0
2026-09-09T15:39:24.514983+00:00,benign_browsing_v1,benign_browsing_v1__run_000,benign,,6,3,1.4591,0.8932,0.1146,34570.64,15124.65,0.7164,48,21,0.9409,2.4898,0.5982,0.1711,1.1116,0,3,0,0,0,0,2.2736,720.22,270.54,1271.94,9795.19,7121.87,0,0.0098,3.5905,0,0
2026-09-09T15:39:29.514983+00:00,benign_browsing_v1,benign_browsing_v1__run_000,benign,,11,3,1.5726,0.9056,0.0858,26226.54,15735.92,0.7097,55,33,0.5891,1.129,0.5625,0.2145,1.2062,0,6,0,0,1,0,1.6514,476.85,157.81,737.08,8983.59,8362.83,0,0.0511,3.7577,0,0
2026-09-09T15:39:34.514983+00:00,benign_browsing_v1,benign_browsing_v1__run_000,benign,,5,2,0.971,0.8276,0.208,17064.6,5119.38,0.6355,30,9,1.1128,2.937,1.0189,0.4425,2.3464,0,3,0,0,0,0,3.0885,568.82,276.65,979.72,10281.85,7485.85,0,0.0,3.4614,0,0
2026-09-09T15:39:39.514983+00:00,benign_browsing_v1,benign_browsing_v1__run_000,benign,,4,3,1.5,0.8799,0.1209,16528.87,5312.85,0.7622,28,9,0.888,2.5967,0.8201,0.2272,1.5018,0,2,0,0,0,0,2.9474,590.32,310.14,997.48,8289.83,9194.75,0,0.0063,3.6894,0,0
2026-09-09T15:39:44.514983+00:00,benign_browsing_v1,benign_browsing_v1__run_000,benign,,7,3,1.5567,0.834,0.1592,16887.82,9047.05,0.7094,28,15,1.1243,2.804,0.7176,0.2412,1.4414,0,4,0,0,1,0,1.8063,603.14,244.32,970.77,8265.06,8421.2,0,0.0674,5.3861,0,0
2026-09-09T15:39:49.514983+00:00,benign_browsing_v1,benign_browsing_v1__run_000,benign,,9,4,1.8911,0.8618,0.1271,58416.22,17849.4,0.534,72,22,0.9107,1.6702,0.646,0.2521,1.4023,0,5,0,0,0,0,3.2544,811.34,386.38,1366.39,7739.75,7852.36,0,0.0429,2.974,0,0
2026-09-09T15:39:54.514983+00:00,benign_browsing_v1,benign_browsing_v1__run_000,benign,,7,4,1.9502,0.9043,0.0717,21720.25,12411.57,0.6844,56,32,0.5774,1.4903,0.5956,0.3108,1.5281,0,4,0,0,0,0,1.7307,387.86,84.6,518.53,7896.72,8236.03,0,0.003,3.6608,0,0
2026-09-09T15:39:59.514983+00:00,benign_browsing_v1,benign_browsing_v1__run_000,benign,,9,4,1.8911,0.922,0.0704,41102.89,23405.81,0.7418,72,41,0.4178,1.2323,0.6911,0.2596,1.4699,0,5,0,0,0,0,1.7267,570.87,177.08,825.92,9607.29,7401.9,0,0.0,4.289,0,0
2026-09-09T15:40:04.514983+00:00,benign_browsing_v1,benign_browsing_v1__run_000,benign,,8,4,1.75,0.8816,0.1149,48189.54,15059.23,0.7007,64,20,1.0276,1.507,0.9874,0.3142,1.9301,0,5,0,0,1,0,3.1121,752.96,378.37,1632.38,9534.5,7165.42,0,0.1048,3.9666,0,0
2026-09-09T15:40:09.514983+00:00,benign_browsing_v1,benign_browsing_v1__run_000,benign,,5,4,1.9219,0.835,0.159,14691.43,8814.86,0.701,35,21,0.9484,1.1534,0.6815,0.1957,1.2685,0,3,0,0,0,0,1.6089,419.76,207.99,830.87,7299.68,6935.03,0,0.0577,4.265,0,0
2026-09-09T15:40:14.514983+00:00,benign_browsing_v1,benign_browsing_v1__run_000,benign,,8,3,1.2988,0.8452,0.1887,36811.32,14379.42,0.6821,64,25,0.4013,1.1091,0.8385,0.3599,1.9183,0,4,0,0,1,0,2.4729,575.18,139.52,772.7,8884.79,8883.82,0,0.008,4.4119,0,0
2026-09-09T15:40:19.514983+00:00,benign_browsing_v1,benign_browsing_v1__run_000,benign,,10,3,1.361,0.8432,0.1513,33848.96,13539.58,0.7563,50,20,0.7325,2.1353,0.6447,0.2134,1.2849,0,6,0,0,1,0,2.4959,676.98,371.3,1432.54,7633.69,7951.64,0,0.014,3.6926,0,0
2026-09-09T15:40:24.514983+00:00,benign_browsing_v1,benign_browsing_v1__run_000,benign,,6,3,1.4591,0.8789,0.1433,13987.55,8159.41,0.7194,24,14,1.0672,1.8431,0.9186,0.4562,2.2872,0,3,0,0,0,0,1.6634,582.81,186.84,937.85,8303.02,7635.45,0,0.0002,4.6274,0,0
2026-09-09T15:40:29.514983+00:00,benign_browsing_v1,benign_browsing_v1__run_000,benign,,3,2,0.9183,0.8637,0.1331,6666.1,2222.03,0.7095,15,5,0.7391,1.9551,0.7122,0.3682,1.8169,0,1,0,0,0,0,2.7409,444.41,165.25,569.46,6414.56,7868.46,0,0.0332,4.0183,0,1
2026-09-09T15:40:34.514983+00:00,benign_browsing_v1,benign_browsing_v1__run_000,benign,,9,3,1.4355,0.8538,0.1915,43126.55,16118.0,0.8163,99,37,0.9097,1.3085,0.7178,0.225,1.3928,0,5,0,0,0,0,2.6289,435.62,103.25,649.25,7619.35,7347.71,0,0.01,3.5768,0,0
2026-09-09T15:40:39.514983+00:00,benign_browsing_v1,benign_browsing_v1__run_000,benign,,7,4,1.9502,0.8824,0.1655,11126.3,3178.94,0.8392,28,8,1.4608,3.7683,0.9901,0.2532,1.7498,0,4,0,0,0,0,3.1517,397.37,118.93,592.17,9381.83,8980.03,0,0.0047,4.3337,1,0
2026-09-09T15:40:44.514983+00:00,benign_browsing_v1,benign_browsing_v1__run_000,benign,,5,2,0.971,0.8976,0.1041,16465.21,7244.69,0.7335,25,11,0.7916,1.5779,0.5212,0.2035,1.1316,0,3,0,0,0,0,2.1668,658.61,275.14,1164.24,7223.49,6801.25,0,0.0226,4.78,0,0
2026-09-09T15:40:49.514983+00:00,benign_browsing_v1,benign_browsing_v1__run_000,benign,,1,1,-0.0,0.8873,0.0804,3233.89,1293.55,0.6772,5,2,1.3918,1.9256,0.8734,0.4555,2.2398,0,0,0,0,0,0,2.4418,646.78,0.0,646.78,9500.15,8507.78,0,0.0,4.3286,0,0
2026-09-09T15:40:54.514983+00:00,benign_browsing_v1,benign_browsing_v1__run_000,benign,,5,2,0.7219,0.8561,0.1371,20187.96,5652.63,0.6835,25,7,1.0075,1.283,0.8239,0.1738,1.3453,0,2,0,0,0,0,3.3979,807.52,221.86,1066.32,9842.7,8558.1,0,0.043,4.0401,0,0
2026-09-09T15:40:59.514983+00:00,benign_browsing_v1,benign_browsing_v1__run_000,benign,,7,4,1.8424,0.8866,0.1323,8916.11,3821.19,0.7228,14,6,0.5188,1.2442,0.9437,0.3476,1.9866,0,4,1,0,0,0,2.2834,636.86,280.43,1087.76,8354.52,9003.58,0,0.0685,3.5203,0,0
2026-09-09T15:41:04.514983+00:00,benign_browsing_v1,benign_browsing_v1__run_000,benign,,5,3,1.371,0.8448,0.1809,14902.55,5961.02,0.6807,35,14,0.8131,1.5652,0.8477,0.1655,1.3442,0,3,0,0,0,0,2.3907,425.79,37.82,464.97,7897.42,9182.14,0,0.004,4.3807,0,0
2026-09-09T15:41:09.514983+00:00,benign_browsing_v1,benign_browsing_v1__run_000,benign,,3,3,1.585,0.8682,0.1008,9204.28,3506.39,0.6934,21,8,0.8273,1.243,1.0174,0.471,2.4304,0,1,0,0,0,0,2.4833,438.3,195.35,623.82,8983.63,6818.79,0,0.0138,4.1317,0,0
2026-09-09T15:41:14.514983+00:00,benign_browsing_v1,benign_browsing_v1__run_000,benign,,8,3,1.4056,0.9134,0.0548,22877.42,8579.03,0.6801,32,12,0.4515,0.7387,0.67,0.1346,1.0737,0,4,0,0,1,0,2.5518,714.92,219.1,1252.31,7871.72,7683.03,0,0.0,4.2193,0,0
2026-09-09T15:41:19.514983+00:00,benign_browsing_v1,benign_browsing_v1__run_000,benign,,12,4,1.8879,0.9067,0.1109,55503.3,31349.08,0.6915,108,61,0.8245,1.528,0.7543,0.3374,1.7664,0,8,0,0,1,0,1.7684,513.92,206.1,1022.09,7823.79,5925.04,0,0.0174,4.026,0,0
2026-09-09T15:41:24.514983+00:00,benign_browsing_v1,benign_browsing_v1__run_000,benign,,10,4,1.8464,0.9394,0.0248,40899.91,14607.11,0.7423,70,25,0.9213,2.7448,0.6246,0.17,1.1347,0,6,0,0,1,0,2.7359,584.28,209.51,973.07,7482.45,9716.69,0,0.0,4.6637,0,0
2026-09-09T15:41:29.514983+00:00,benign_browsing_v1,benign_browsing_v1__run_000,benign,,5,2,0.971,0.8264,0.1946,6976.11,2092.83,0.7501,10,3,0.4855,1.0767,0.7263,0.1913,1.3003,0,3,0,0,0,0,2.6926,697.61,273.01,1099.03,7574.25,9361.97,0,0.0094,4.0955,0,0
2026-09-09T15:41:34.514983+00:00,benign_browsing_v1,benign_browsing_v1__run_000,benign,,7,4,1.8424,0.8675,0.1254,13888.4,4960.14,0.675,28,10,1.0113,1.3766,0.9815,0.4645,2.3751,0,4,0,0,0,0,2.7083,496.01,168.67,773.44,8716.65,6847.78,0,0.0097,4.0411,0,0
2026-09-09T15:41:39.514983+00:00,benign_browsing_v1,benign_browsing_v1__run_000,benign,,6,3,1.4591,0.8942,0.1174,26225.07,8304.61,0.6922,60,19,0.3742,0.9291,0.7487,0.263,1.5377,0,3,0,0,0,0,3.1412,437.08,125.72,669.85,7198.93,8897.5,0,0.0,3.5229,0,0
2026-09-09T15:41:44.514983+00:00,benign_browsing_v1,benign_browsing_v1__run_000,benign,,5,3,1.5219,0.8467,0.1317,13681.11,6840.55,0.6894,20,10,1.2201,2.6205,1.0014,0.3027,1.9094,0,3,0,0,0,0,1.9296,684.06,228.68,1091.09,9150.25,9136.66,0,0.0236,3.8028,0,0
2026-09-09T15:41:49.514983+00:00,benign_browsing_v1,benign_browsing_v1__run_000,benign,,10,3,1.361,0.8448,0.1436,31486.39,22040.47,0.7459,50,35,0.9127,2.1533,0.7599,0.3137,1.7009,0,5,0,0,1,0,1.4008,629.73,317.64,1260.33,8037.41,6474.34,0,0.0462,2.8262,0,0
2026-09-09T15:41:54.514983+00:00,benign_browsing_v1,benign_browsing_v1__run_000,benign,,4,2,0.8113,0.8904,0.0951,12424.55,4141.52,0.6255,24,8,1.1859,1.4476,0.9333,0.392,2.1092,0,2,0,0,0,0,2.835,517.69,176.18,722.09,8079.35,6039.96,0,0.0,3.6364,0,0
2026-09-09T15:41:59.514983+00:00,benign_browsing_v1,benign_browsing_v1__run_000,benign,,3,2,0.9183,0.9218,0.098,7486.92,2994.77,0.6789,15,6,0.8816,1.0668,0.712,0.3123,1.6489,0,1,0,0,0,0,2.4509,499.13,208.0,788.77,6809.57,9066.53,0,0.043,3.9285,0,0
2026-09-09T15:42:04.514983+00:00,benign_browsing_v1,benign_browsing_v1__run_000,benign,,3,2,0.9183,0.8953,0.0833,9608.87,2562.36,0.6883,15,4,1.6146,2.7099,1.2594,0.6185,3.1148,0,1,0,0,0,0,3.1369,640.59,61.43,726.73,8376.38,5893.29,0,0.0016,3.8036,0,0
2026-09-09T15:42:09.514983+00:00,benign_browsing_v1,benign_browsing_v1__run_000,benign,,9,3,1.5305,0.8424,0.1515,32901.96,10053.38,0.7525,72,22,0.9585,2.224,0.9074,0.3759,2.035,0,5,0,0,0,0,3.1472,456.97,268.8,1162.42,8076.02,8717.01,0,0.0,4.5758,0,0
2026-09-09T15:42:14.514983+00:00,benign_browsing_v1,benign_browsing_v1__run_000,benign,,4,2,0.8113,0.8519,0.1343,17953.75,7181.5,0.8479,20,8,1.0877,2.2017,0.8104,0.2381,1.5247,0,2,0,0,0,0,2.3503,897.69,789.39,2238.83,7090.04,6426.58,0,0.0161,4.4916,0,0
2026-09-09T15:42:19.514983+00:00,benign_browsing_v1,benign_browsing_v1__run_000,benign,,9,4,1.8911,0.8548,0.138,32674.61,15248.15,0.6529,45,21,0.6131,1.3157,0.8847,0.3712,1.9983,0,5,0,0,0,0,2.1015,726.1,424.97,1843.35,7931.92,9059.42,0,0.0295,3.2839,0,0
2026-09-09T15:42:24.514983+00:00,benign_browsing_v1,benign_browsing_v1__run_000,benign,,4,3,1.5,0.8406,0.1587,7094.67,3103.92,0.6816,16,7,0.5375,0.9354,0.8527,0.19,1.4225,0,2,0,0,0,0,2.2443,443.42,179.49,725.7,8078.66,7975.09,0,0.026,3.6562,0,0
2026-09-09T15:42:29.514983+00:00,benign_browsing_v1,benign_browsing_v1__run_000,benign,,5,3,1.5219,0.8777,0.1314,8831.77,4121.49,0.7537,15,7,0.5439,1.4615,1.0541,0.2164,1.7033,0,3,0,0,0,0,2.1146,588.78,180.18,809.95,9124.15,7515.82,0,0.032,3.6509,0,0
2026-09-09T15:42:34.514983+00:00,benign_browsing_v1,benign_browsing_v1__run_000,benign,,3,3,1.585,0.8774,0.1302,18185.87,6735.51,0.7618,27,10,1.1477,1.6674,1.1397,0.3603,2.2206,0,1,0,0,0,0,2.5247,673.55,428.28,1245.41,7310.46,6862.67,0,0.0952,3.5423,0,0
2026-09-09T15:42:39.514983+00:00,benign_browsing_v1,benign_browsing_v1__run_000,benign,,4,3,1.5,0.875,0.1284,7943.64,2647.88,0.683,12,4,1.655,2.4739,1.1985,0.4259,2.4763,0,2,0,0,0,0,2.5077,661.97,177.11,778.27,10153.77,7553.03,0,0.0082,3.3676,0,0
2026-09-09T15:42:44.514983+00:00,benign_browsing_v1,benign_browsing_v1__run_000,benign,,8,3,1.5613,0.8473,0.1569,30259.0,13868.71,0.7197,48,22,0.4109,0.7739,0.618,0.1316,1.0128,0,5,0,0,0,0,2.0891,630.4,154.95,810.11,7692.48,7853.48,0,0.0434,4.4321,0,1
2026-09-09T15:42:49.514983+00:00,benign_browsing_v1,benign_browsing_v1__run_000,benign,,8,4,1.75,0.8861,0.1016,24601.12,7687.85,0.8254,48,15,0.4344,0.9311,0.6902,0.1551,1.1554,0,4,0,0,1,0,3.1708,512.52,103.89,713.15,8474.75,8061.82,0,0.0203,3.8142,0,1
2026-09-09T15:42:54.514983+00:00,benign_browsing_v1,benign_browsing_v1__run_000,benign,,4,2,1.0,0.9036,0.0908,22637.24,7781.55,0.7563,32,11,0.8641,2.1294,0.933,0.3754,2.0592,0,2,0,0,0,0,2.8719,707.41,249.32,1088.34,8953.1,7051.77,0,0.036,4.8591,0,0
2026-09-09T15:42:59.514983+00:00,benign_browsing_v1,benign_browsing_v1__run_000,benign,,12,4,1.7842,0.8145,0.2029,12193.13,4572.42,0.7216,24,9,0.3161,0.4992,0.5733,0.193,1.1523,0,7,1,0,1,0,2.5901,508.05,239.22,881.58,7871.3,8015.63,0,0.0116,4.0864,0,0
2026-09-09T15:43:04.514983+00:00,benign_browsing_v1,benign_browsing_v1__run_000,benign,,12,4,1.8554,0.8792,0.1092,14920.41,5595.16,0.7197,24,9,0.9842,1.3623,0.5428,0.2087,1.1689,0,7,0,0,1,0,2.5192,621.68,268.92,1265.87,7838.28,8133.1,0,0.0315,4.0417,1,0
2026-09-09T15:43:09.514983+00:00,benign_browsing_v1,benign_browsing_v1__run_000,benign,,7,4,1.9502,0.8813,0.0911,24023.93,13155.96,0.6491,42,23,0.7386,1.5629,0.8916,0.344,1.9238,0,4,0,0,0,0,1.7643,572.0,108.87,818.26,7836.61,8037.21,0,0.0,3.4703,0,0
2026-09-09T15:43:14.514983+00:00,benign_browsing_v1,benign_browsing_v1__run_000,benign,,7,3,1.4488,0.8995,0.1238,28070.54,15149.18,0.6774,63,34,0.8941,1.0747,1.0316,0.5015,2.536,0,4,0,0,0,0,1.8453,445.56,100.72,620.15,8107.74,8464.58,0,0.0593,3.5901,0,0
2026-09-09T15:43:19.514983+00:00,benign_browsing_v1,benign_browsing_v1__run_000,benign,,4,3,1.5,0.8829,0.1156,36577.97,9906.53,0.7759,48,13,1.5804,3.1341,1.254,0.4726,2.6717,0,2,0,0,0,0,3.4385,762.04,199.71,1081.95,8581.95,7715.95,0,0.0288,4.301,0,0
2026-09-09T15:43:24.514983+00:00,benign_browsing_v1,benign_browsing_v1__run_000,benign,,7,2,0.9852,0.8391,0.1597,8927.92,3188.54,0.6608,14,5,0.6647,1.1719,0.9177,0.412,2.1537,0,4,0,0,0,0,2.6741,637.71,299.68,1077.89,8117.74,7565.6,0,0.0,3.9846,0,0
2026-09-09T15:43:29.514983+00:00,benign_browsing_v1,benign_browsing_v1__run_000,benign,,7,4,1.8424,0.8467,0.1697,37543.31,11799.33,0.6961,70,22,0.3619,0.5446,0.7595,0.3521,1.8159,0,4,0,0,0,0,3.102,536.33,295.25,1209.8,7500.84,9011.12,0,0.0,3.155,0,0
2026-09-09T15:43:34.514983+00:00,benign_browsing_v1,benign_browsing_v1__run_000,benign,,8,4,1.9056,0.8851,0.1469,5856.21,1464.05,0.6449,8,2,1.1546,3.2417,0.8017,0.1491,1.2491,0,5,0,0,0,0,3.0705,732.03,321.28,1527.05,7868.26,9376.08,0,0.0578,3.9327,0,0
2026-09-09T15:43:39.514983+00:00,benign_browsing_v1,benign_browsing_v1__run_000,benign,,5,2,0.7219,0.8556,0.1521,5448.52,2179.41,0.6482,15,6,1.1303,2.9307,0.8231,0.4097,2.0523,0,3,0,0,0,0,2.3532,363.23,74.0,428.24,8986.55,8876.05,0,0.0,4.1612,1,0
2026-09-09T15:43:44.514983+00:00,benign_browsing_v1,benign_browsing_v1__run_000,benign,,5,4,1.9219,0.9323,0.1079,24948.43,7128.12,0.7326,35,10,1.5052,3.5381,1.0386,0.4086,2.2644,0,2,0,0,0,0,3.1983,712.81,108.94,852.46,7708.72,7303.37,0,0.0428,4.5488,0,0
2026-09-09T15:43:49.514983+00:00,benign_browsing_v1,benign_browsing_v1__run_000,benign,,8,3,1.5,0.8745,0.0974,31175.36,9463.95,0.6953,56,17,0.3425,1.0236,0.7061,0.3571,1.7773,0,4,0,0,1,0,3.1982,556.7,230.33,1095.03,8930.29,8361.31,0,0.0,4.2752,0,0
2026-09-09T15:43:54.514983+00:00,benign_browsing_v1,benign_browsing_v1__run_000,benign,,6,3,1.4591,0.9215,0.0898,20393.67,8254.58,0.7268,42,17,0.9784,2.3061,1.0027,0.2601,1.7831,0,3,0,0,0,0,2.3674,485.56,277.65,1067.72,8921.95,7394.86,0,0.0782,3.6756,0,0
2026-09-09T15:43:59.514983+00:00,benign_browsing_v1,benign_browsing_v1__run_000,benign,,7,3,1.5567,0.89,0.1042,17976.23,10785.74,0.7051,35,21,0.6456,0.7783,0.7547,0.346,1.7927,0,4,0,0,1,0,1.63,513.61,257.55,1007.67,7075.65,8435.75,0,0.0019,5.3441,0,0
2026-09-09T15:44:04.514983+00:00,benign_browsing_v1,benign_browsing_v1__run_000,benign,,4,4,2.0,0.8567,0.1566,8133.95,3050.23,0.8285,16,6,1.0009,2.5041,1.0663,0.3631,2.1556,0,2,0,0,0,0,2.3786,508.37,314.74,1024.22,7776.53,9235.29,0,0.0439,4.0276,0,0
2026-09-09T15:44:09.514983+00:00,benign_browsing_v1,benign_browsing_v1__run_000,benign,,9,3,1.4355,0.9052,0.071,38020.35,17836.71,0.7318,81,38,0.4339,1.1914,0.6036,0.2422,1.3302,0,5,0,0,1,0,2.0978,469.39,131.84,680.33,9171.11,9521.18,0,0.0,4.2447,0,0
2026-09-09T15:44:14.514983+00:00,benign_browsing_v1,benign_browsing_v1__run_000,benign,,6,4,1.7925,0.8673,0.1094,11837.15,3945.72,0.6577,24,8,0.8438,1.2889,1.3796,0.4611,2.7631,0,3,0,0,0,0,2.9668,493.21,140.53,788.94,8594.91,7358.08,0,0.0643,4.5084,0,0
2026-09-09T15:44:19.514983+00:00,benign_browsing_v1,benign_browsing_v1__run_000,benign,,4,2,1.0,0.9103,0.0519,4518.74,2824.22,0.7062,8,5,0.6008,0.9672,0.6279,0.1843,1.1809,0,2,0,0,0,0,1.5739,564.84,188.7,753.54,8179.91,7994.48,0,0.0228,3.3345,0,0
2026-09-09T15:44:24.514983+00:00,benign_browsing_v1,benign_browsing_v1__run_000,benign,,3,2,0.9183,0.8892,0.103,6501.7,1444.82,0.7779,9,2,1.5885,2.9065,1.1462,0.4815,2.5907,0,1,0,0,0,0,3.1778,722.41,101.41,840.56,9202.75,7769.02,0,0.0122,3.949,0,0
2026-09-09T15:44:29.514983+00:00,benign_browsing_v1,benign_browsing_v1__run_000,benign,,10,4,1.9219,0.8724,0.1278,62916.98,19574.17,0.6685,90,28,0.5826,0.7245,0.8294,0.2048,1.444,0,6,0,0,1,0,3.1117,699.08,326.87,1332.06,8127.29,6065.07,0,0.0442,4.5564,1,0
2026-09-09T15:44:34.514983+00:00,benign_browsing_v1,benign_browsing_v1__run_000,benign,,4,2,0.8113,0.9209,0.0662,9767.87,3418.75,0.6135,20,7,0.9161,1.7263,0.7954,0.415,2.0403,0,2,0,0,0,0,2.7377,488.39,184.36,767.45,7869.73,9040.83,0,0.0534,3.2397,0,0
2026-09-09T15:44:39.514983+00:00,benign_browsing_v1,benign_browsing_v1__run_000,benign,,3,2,0.9183,0.868,0.1495,6525.23,2485.8,0.7592,21,8,0.936,1.2358,1.0181,0.4454,2.3544,0,1,0,0,0,0,2.519,310.73,165.91,531.26,9010.46,7375.51,0,0.0125,4.217,0,0
2026-09-09T15:44:44.514983+00:00,benign_browsing_v1,benign_browsing_v1__run_000,benign,,2,1,-0.0,0.8955,0.0818,20981.62,7262.87,0.598,26,9,0.423,0.7323,0.7981,0.2847,1.6521,0,1,0,0,0,0,2.8435,806.99,188.26,995.25,7583.69,8270.09,0,0.0118,3.7419,0,0
2026-09-09T15:44:49.514983+00:00,benign_browsing_v1,benign_browsing_v1__run_000,benign,,7,4,1.8424,0.8452,0.1423,15202.79,4886.61,0.7449,28,9,1.4119,2.3994,1.2289,0.6072,3.0506,0,4,0,0,0,0,2.8038,542.96,216.76,982.05,7703.2,7249.66,0,0.0196,4.3409,0,0
2026-09-09T15:44:54.514983+00:00,benign_browsing_v1,benign_browsing_v1__run_000,benign,,7,3,1.4488,0.8743,0.0996,34982.66,14159.65,0.7066,42,17,0.5183,1.1057,0.6589,0.2247,1.333,0,4,0,0,0,0,2.3478,832.92,494.05,1823.08,7011.95,6261.21,0,0.0263,3.4956,1,0
2026-09-09T15:44:59.514983+00:00,benign_browsing_v1,benign_browsing_v1__run_000,benign,,5,3,1.371,0.9029,0.0829,14865.47,4756.95,0.6422,25,8,1.0069,1.7951,0.8894,0.4093,2.1175,0,3,0,0,0,0,2.9526,594.62,101.77,742.8,9397.19,9215.96,0,0.0402,3.788,0,0
2026-09-09T15:45:04.514983+00:00,benign_browsing_v1,benign_browsing_v1__run_000,benign,,13,4,1.8843,0.9307,0.0826,24137.42,7426.9,0.7135,39,12,0.8376,2.0842,0.4243,0.1585,0.8998,0,8,0,0,1,0,3.2418,618.91,174.25,919.45,8306.07,9135.49,0,0.0587,5.1049,0,0
2026-09-09T15:45:09.514983+00:00,benign_browsing_v1,benign_browsing_v1__run_000,benign,,4,2,0.8113,0.8887,0.0815,6555.05,2185.02,0.6914,12,4,0.4657,1.127,0.8862,0.2253,1.5621,0,2,0,0,0,0,2.7998,546.25,123.52,695.01,9248.17,9270.5,0,0.0,4.4162,0,0
2026-09-09T15:45:14.514983+00:00,benign_browsing_v1,benign_browsing_v1__run_000,benign,,3,2,0.9183,0.9001,0.1112,18766.16,6824.06,0.6914,33,12,0.7993,1.2456,0.8154,0.2273,1.4972,0,1,0,0,0,0,2.7191,568.67,215.52,870.09,7299.19,7662.27,0,0.0,4.3618,0,0
2026-09-09T15:45:19.514983+00:00,benign_browsing_v1,benign_browsing_v1__run_000,benign,,2,1,-0.0,0.8561,0.1512,30038.27,12288.38,0.5243,22,9,0.7258,1.8837,0.8707,0.2118,1.506,0,1,0,0,0,0,2.3451,1365.38,1140.01,2505.39,9245.69,8230.58,0,0.0,3.7937,0,0
2026-09-09T15:45:24.514983+00:00,benign_browsing_v1,benign_browsing_v1__run_000,benign,,2,2,1.0,0.8992,0.0972,8153.45,1630.69,0.7053,10,2,0.5326,0.7212,0.8195,0.1723,1.3365,0,1,0,0,0,0,3.4619,815.34,23.22,838.57,8541.74,8151.99,0,0.0,4.0108,0,0
2026-09-09T15:45:29.514983+00:00,benign_browsing_v1,benign_browsing_v1__run_000,benign,,5,3,1.5219,0.9109,0.105,11876.01,4750.4,0.6414,20,8,1.459,2.79,0.9235,0.3435,1.9542,0,3,0,0,0,0,2.4206,593.8,153.12,804.97,8601.56,6884.67,0,0.0459,3.1806,0,0
2026-09-09T15:45:34.514983+00:00,benign_browsing_v1,benign_browsing_v1__run_000,benign,,5,3,1.371,0.8732,0.141,8555.64,3422.26,0.6766,15,6,1.1926,3.1361,0.7506,0.309,1.6777,0,3,0,0,0,0,2.2785,570.38,72.41,655.17,7528.58,8057.64,0,0.0314,4.228,0,0
2026-09-09T15:45:39.514983+00:00,benign_browsing_v1,benign_browsing_v1__run_000,benign,,3,2,0.9183,0.8977,0.0922,13574.08,4021.95,0.6902,27,8,0.5632,1.5823,0.8849,0.4583,2.2598,0,1,0,0,0,0,3.1706,502.74,121.07,635.57,8384.38,8026.05,0,0.0,4.1889,0,0
2026-09-09T15:45:44.514983+00:00,benign_browsing_v1,benign_browsing_v1__run_000,benign,,6,4,1.9183,0.8952,0.0926,13134.61,6567.3,0.7019,18,9,0.9563,2.0067,0.5615,0.1433,0.9914,0,3,0,0,0,0,1.9178,729.7,251.4,1109.51,6173.32,7178.02,0,0.0074,3.0946,0,0
2026-09-09T15:45:49.514983+00:00,benign_browsing_v1,benign_browsing_v1__run_000,benign,,6,4,1.9183,0.8719,0.1058,36430.04,14841.87,0.6463,54,22,0.8343,1.7147,0.8154,0.3563,1.8844,0,3,0,0,0,0,2.4347,674.63,206.78,1028.66,6733.05,7720.28,0,0.1012,3.568,0,0
2026-09-09T15:45:54.514983+00:00,benign_browsing_v1,benign_browsing_v1__run_000,benign,,3,3,1.585,0.8388,0.168,12615.59,4205.2,0.7576,15,5,0.9585,1.5367,1.1907,0.487,2.6517,0,1,0,0,0,0,2.9473,841.04,532.7,1591.16,6822.38,9082.45,0,0.0784,3.9386,0,0
2026-09-09T15:45:59.514983+00:00,benign_browsing_v1,benign_browsing_v1__run_000,benign,,3,2,0.9183,0.8443,0.1655,4557.57,2278.78,0.6843,6,3,0.6742,1.0614,0.9021,0.2185,1.5578,0,1,0,0,0,0,1.8317,759.59,195.16,967.44,7201.21,10291.5,0,0.0152,4.1626,0,0
2026-09-09T15:46:04.514983+00:00,benign_browsing_v1,benign_browsing_v1__run_000,benign,,7,4,1.8424,0.8527,0.1746,23585.68,8423.46,0.6787,42,15,1.008,2.4175,0.754,0.1356,1.1608,0,4,0,0,0,0,2.7528,561.56,175.75,822.64,9287.9,8929.63,0,0.0,3.3455,0,1
2026-09-09T15:46:09.514983+00:00,benign_browsing_v1,benign_browsing_v1__run_000,benign,,2,1,-0.0,0.8644,0.1295,6374.93,2390.6,0.7719,8,3,0.9565,2.7183,0.7704,0.2055,1.3869,0,1,0,0,0,0,2.5122,796.87,111.9,908.77,9345.86,8621.02,0,0.0018,3.751,0,0
2026-09-09T15:46:14.514983+00:00,benign_browsing_v1,benign_browsing_v1__run_000,benign,,10,4,1.761,0.9606,0.0353,58773.2,28080.53,0.6348,90,43,0.4764,1.0996,0.9263,0.4142,2.1691,0,6,1,0,1,0,2.0575,653.04,282.92,1166.64,8856.08,7844.49,0,0.0105,3.6848,0,0
2026-09-09T15:46:19.514983+00:00,benign_browsing_v1,benign_browsing_v1__run_000,benign,,4,4,2.0,0.9601,0.0127,8966.75,5043.8,0.6861,16,9,1.2527,2.6107,1.235,0.3873,2.397,0,2,0,0,0,0,1.7338,560.42,257.33,970.58,7863.17,7244.62,0,0.0666,3.6957,0,0
2026-09-09T15:46:24.514983+00:00,benign_browsing_v1,benign_browsing_v1__run_000,benign,,6,3,1.4591,0.8839,0.1425,13484.99,5993.33,0.6727,18,8,0.8683,1.9582,0.5841,0.2602,1.3647,0,3,0,0,0,0,2.1205,749.17,243.45,1060.82,9784.11,9798.67,0,0.0799,4.199,0,0
2026-09-09T15:46:29.514983+00:00,benign_browsing_v1,benign_browsing_v1__run_000,benign,,6,3,1.4591,0.8453,0.1476,33556.8,13982.0,0.7433,60,25,0.5849,0.7698,0.9153,0.3179,1.8691,0,3,0,0,0,0,2.3385,559.28,165.13,736.39,6451.63,9166.07,0,0.0314,3.7716,0,0
2026-09-09T15:46:34.514983+00:00,benign_browsing_v1,benign_browsing_v1__run_000,benign,,12,4,1.9591,0.9105,0.0909,69530.21,32281.89,0.6683,84,39,0.7134,1.3341,0.7382,0.2457,1.4753,0,7,1,0,1,0,2.1205,827.74,305.71,1403.66,8881.81,7850.28,0,0.0261,3.8069,0,0
2026-09-09T15:46:39.514983+00:00,benign_browsing_v1,benign_browsing_v1__run_000,benign,,6,4,1.7925,0.8786,0.1025,32163.05,17868.36,0.7007,36,20,0.7587,1.1309,0.6289,0.1719,1.1445,0,3,0,0,0,0,1.7196,893.42,452.33,1479.65,8939.84,7575.94,0,0.0882,4.2883,0,0
2026-09-09T15:46:44.514983+00:00,benign_browsing_v1,benign_browsing_v1__run_000,benign,,5,3,1.5219,0.8661,0.1189,12681.74,3170.44,0.6404,20,5,0.5071,1.4022,0.6841,0.1331,1.0835,0,3,0,0,0,0,3.9441,634.09,304.92,1157.47,9831.62,7523.08,0,0.0,4.9778,0,0
2026-09-09T15:46:49.514983+00:00,benign_browsing_v1,benign_browsing_v1__run_000,benign,,11,3,1.4949,0.9445,0.0618,61368.77,23112.91,0.6795,77,29,0.4757,1.3823,0.6844,0.2692,1.492,0,6,0,0,1,0,2.5818,797.0,458.16,1913.71,7849.0,7968.13,0,0.0,3.877,0,0
2026-09-09T15:46:54.514983+00:00,benign_browsing_v1,benign_browsing_v1__run_000,benign,,6,3,1.4591,0.8708,0.0992,27098.16,12043.63,0.7439,54,24,1.0367,2.2821,0.9112,0.3425,1.9387,0,3,0,0,0,0,2.2037,501.82,271.1,1089.0,7006.41,7388.32,0,0.0251,4.0798,0,0
2026-09-09T15:46:59.514983+00:00,benign_browsing_v1,benign_browsing_v1__run_000,benign,,11,4,1.8676,0.8631,0.1293,12691.65,5192.04,0.6186,22,9,0.988,2.7183,0.7597,0.2799,1.5994,0,6,1,0,1,0,2.4137,576.89,201.22,988.47,8166.25,8268.54,0,0.0053,4.4092,1,0
2026-09-09T15:47:04.514983+00:00,benign_browsing_v1,benign_browsing_v1__run_000,benign,,7,3,1.4488,0.8744,0.0981,39764.18,27692.91,0.7061,56,39,0.501,0.8924,0.6863,0.245,1.4212,0,4,0,0,0,0,1.4282,710.07,358.43,1483.18,9204.86,8880.59,0,0.1162,3.5462,0,1
2026-09-09T15:47:09.514983+00:00,benign_browsing_v1,benign_browsing_v1__run_000,benign,,5,4,1.9219,0.9324,0.0697,31503.04,20161.94,0.7007,50,32,0.6902,1.7371,0.8361,0.2431,1.5653,0,3,0,0,0,0,1.5272,630.06,286.19,1146.52,7604.6,8028.59,0,0.054,4.112,0,0
2026-09-09T15:47:14.514983+00:00,benign_browsing_v1,benign_browsing_v1__run_000,benign,,6,4,1.9183,0.8788,0.0836,14344.83,5578.55,0.6449,18,7,0.6025,1.2508,0.6156,0.2646,1.4093,0,3,0,0,0,0,2.3907,796.94,394.51,1339.02,7444.87,7583.36,0,0.0,4.0802,1,0
2026-09-09T15:47:19.514983+00:00,benign_browsing_v1,benign_browsing_v1__run_000,benign,,6,3,1.4591,0.891,0.1093,20622.25,9738.29,0.6658,36,17,1.3631,3.9717,1.2298,0.2809,2.0725,0,3,0,0,0,0,2.0524,572.84,204.41,887.2,8601.24,7447.68,0,0.0456,3.5596,0,0
2026-09-09T15:47:24.514983+00:00,benign_browsing_v1,benign_browsing_v1__run_000,benign,,7,4,1.9502,0.8617,0.1481,21741.65,10353.17,0.641,42,20,0.7838,1.5863,0.7276,0.3041,1.6399,0,4,0,0,0,0,2.0791,517.66,216.25,812.14,8100.72,8022.34,0,0.0,4.9127,0,0
2026-09-09T15:47:29.514983+00:00,benign_browsing_v1,benign_browsing_v1__run_000,benign,,2,2,1.0,0.8721,0.0916,8572.01,2678.75,0.7222,16,5,0.7476,1.4239,0.6701,0.1478,1.1135,0,1,0,0,0,0,2.8397,535.75,203.1,738.85,7969.36,7637.32,0,0.0,3.6082,0,0
2026-09-09T15:47:34.514983+00:00,benign_browsing_v1,benign_browsing_v1__run_000,benign,,5,3,1.5219,0.9202,0.0656,15853.88,4756.17,0.7585,20,6,0.8289,1.4445,0.7866,0.1699,1.2963,0,2,0,0,0,0,3.114,792.69,366.48,1210.58,8908.79,8631.64,0,0.0348,4.3769,0,0
2026-09-09T15:47:39.514983+00:00,benign_browsing_v1,benign_browsing_v1__run_000,benign,,5,3,1.5219,0.8803,0.1157,22179.87,11089.94,0.6934,30,15,1.5182,3.1184,1.0697,0.5044,2.583,0,2,0,0,0,0,1.9638,739.33,310.71,1111.41,6250.75,10344.83,0,0.0,4.6101,0,0
2026-09-09T15:47:44.514983+00:00,benign_browsing_v1,benign_browsing_v1__run_000,benign,,4,2,1.0,0.8889,0.1029,24483.49,15739.39,0.7372,28,18,0.9195,2.3494,1.0105,0.4411,2.3338,0,2,0,0,0,0,1.5383,874.41,478.07,1478.94,5744.87,7623.77,0,0.018,3.3782,0,0
2026-09-09T15:47:49.514983+00:00,benign_browsing_v1,benign_browsing_v1__run_000,benign,,3,3,1.585,0.9134,0.0734,8496.91,2832.3,0.7356,21,7,0.6844,2.0315,0.9387,0.2039,1.5505,0,1,0,0,0,0,2.9422,404.61,184.08,664.94,8584.35,8782.63,0,0.0075,3.8127,0,0
2026-09-09T15:47:54.514983+00:00,benign_browsing_v1,benign_browsing_v1__run_000,benign,,7,4,1.8424,0.8505,0.1207,22000.89,8905.12,0.7652,42,17,0.7091,1.5691,0.7318,0.2599,1.5115,0,4,0,0,0,0,2.3667,523.83,194.92,802.16,9169.28,10788.22,0,0.0353,3.8754,0,0
2026-09-09T15:47:59.514983+00:00,benign_browsing_v1,benign_browsing_v1__run_000,benign,,6,3,1.4591,0.939,0.0676,4825.32,804.22,0.6643,6,1,1.4524,2.8857,1.0891,0.5637,2.7803,0,3,0,0,0,0,3.5759,804.22,318.94,1270.07,6846.43,7145.86,0,0.0046,4.5838,0,0
2026-09-09T15:48:04.514983+00:00,benign_browsing_v1,benign_browsing_v1__run_000,benign,,11,4,1.8676,0.8477,0.1661,16194.26,10305.44,0.6507,33,21,0.4089,0.5038,0.605,0.2212,1.2685,0,6,0,0,1,0,1.5218,490.74,170.3,845.54,8265.27,10823.33,0,0.0167,3.8785,0,0
2026-09-09T15:48:09.514983+00:00,benign_browsing_v1,benign_browsing_v1__run_000,benign,,7,3,1.5567,0.8751,0.1217,35012.96,11879.4,0.6067,56,19,0.9435,2.223,1.0438,0.3265,2.0233,0,4,0,0,1,0,2.8087,625.23,194.37,1077.55,6291.96,6339.18,0,0.021,4.7771,0,0
2026-09-09T15:48:14.514983+00:00,benign_browsing_v1,benign_browsing_v1__run_000,benign,,13,4,1.8262,0.8895,0.123,75275.72,28952.2,0.7381,104,40,0.6982,1.091,0.7692,0.1585,1.2448,0,8,1,0,1,0,2.5411,723.8,333.99,1514.63,6677.91,8882.55,0,0.0303,4.2692,0,0
2026-09-09T15:48:19.514983+00:00,benign_browsing_v1,benign_browsing_v1__run_000,benign,,3,2,0.9183,0.8778,0.1367,9374.15,3905.9,0.7609,12,5,0.8216,2.2394,1.4182,0.6026,3.2258,0,1,0,0,0,0,2.0821,781.18,415.44,1220.59,7689.25,8137.1,0,0.0336,4.5215,0,0
2026-09-09T15:48:24.514983+00:00,benign_browsing_v1,benign_browsing_v1__run_000,benign,,4,2,0.8113,0.8677,0.1551,10399.57,3249.86,0.6778,16,5,0.4711,0.7231,0.7064,0.1468,1.1466,0,2,0,0,0,0,3.194,649.97,319.6,1072.79,8100.11,7816.2,0,0.0,3.4431,0,0
2026-09-09T15:48:29.514983+00:00,benign_browsing_v1,benign_browsing_v1__run_000,benign,,6,4,1.9183,0.8776,0.1466,36150.73,13389.16,0.6414,54,20,1.3122,3.4664,0.9135,0.2518,1.6689,0,3,0,0,0,0,2.6568,669.46,256.71,950.13,9059.54,8131.57,0,0.0258,4.4676,1,0
2026-09-09T15:48:34.514983+00:00,benign_browsing_v1,benign_browsing_v1__run_000,benign,,7,3,1.5567,0.8572,0.1406,27088.3,12254.23,0.698,42,19,0.9381,1.6384,0.5927,0.1769,1.1235,0,4,0,0,0,0,2.1741,644.96,202.68,924.53,10123.05,7332.5,0,0.0205,3.607,0,0
2026-09-09T15:48:39.514983+00:00,benign_browsing_v1,benign_browsing_v1__run_000,benign,,2,2,1.0,0.8681,0.1401,5010.42,2505.21,0.7859,12,6,1.446,4.0349,1.3118,0.5931,3.091,0,1,0,0,0,0,1.8831,417.53,120.58,538.11,7124.68,7154.59,0,0.0003,4.1456,0,0
2026-09-09T15:48:44.514983+00:00,benign_browsing_v1,benign_browsing_v1__run_000,benign,,6,3,1.4591,0.8766,0.0936,46036.1,13252.82,0.7247,66,19,0.976,1.5233,1.0151,0.4503,2.3658,0,3,0,0,0,0,3.4619,697.52,256.51,1067.44,8734.08,10092.66,0,0.0254,4.5968,0,0
2026-09-09T15:48:49.514983+00:00,benign_browsing_v1,benign_browsing_v1__run_000,benign,,6,3,1.2516,0.9103,0.0822,11229.22,4210.96,0.7898,24,9,0.979,1.9659,0.7625,0.3044,1.6757,0,3,0,0,0,0,2.5342,467.88,261.13,988.47,9217.55,8137.14,0,0.0502,4.6209,1,0
2026-09-09T15:48:54.514983+00:00,benign_browsing_v1,benign_browsing_v1__run_000,benign,,4,3,1.5,0.8587,0.1622,6668.07,1667.02,0.7286,8,2,0.6312,0.9685,1.2626,0.6218,3.128,0,2,0,0,0,0,3.7201,833.51,410.38,1272.85,9653.86,7204.26,0,0.0314,3.7023,0,0
2026-09-09T15:48:59.514983+00:00,benign_browsing_v1,benign_browsing_v1__run_000,benign,,10,3,1.5219,0.9209,0.0901,27417.77,11515.46,0.6901,50,21,0.9076,1.4536,0.9795,0.3627,2.0677,0,5,0,0,1,0,2.3664,548.36,245.71,1026.64,9710.19,9908.94,0,0.0157,4.0244,0,0
2026-09-09T15:49:04.514983+00:00,benign_browsing_v1,benign_browsing_v1__run_000,benign,,5,4,1.9219,0.8898,0.0665,17330.13,6932.05,0.7624,20,8,0.9778,1.2068,0.6694,0.2823,1.5163,0,3,0,0,0,0,2.3092,866.51,330.2,1237.1,8756.63,7975.3,0,0.0261,4.1732,0,0
2026-09-09T15:49:09.514983+00:00,benign_browsing_v1,benign_browsing_v1__run_000,benign,,5,3,1.5219,0.8675,0.1598,36355.44,15269.29,0.7318,50,21,0.8236,2.0005,0.6501,0.2326,1.348,0,3,0,0,0,0,2.3771,727.11,236.47,1001.75,6590.77,5915.48,0,0.0709,3.7263,0,0
2026-09-09T15:49:14.514983+00:00,benign_browsing_v1,benign_browsing_v1__run_000,benign,,13,4,1.9501,0.9301,0.0521,28045.67,12944.16,0.7105,39,18,0.4893,1.3521,0.5768,0.2832,1.4263,0,8,1,0,1,0,2.1333,719.12,627.11,2542.02,8704.48,9402.06,0,0.0769,4.3464,0,1
2026-09-09T15:49:19.514983+00:00,benign_browsing_v1,benign_browsing_v1__run_000,benign,,4,3,1.5,0.9114,0.0842,12016.69,6008.34,0.6472,24,12,0.5022,1.4839,0.7234,0.3709,1.8361,0,2,0,0,0,0,1.9605,500.7,154.55,699.47,6109.38,5416.58,0,0.0,4.0335,0,0
2026-09-09T15:49:24.514983+00:00,benign_browsing_v1,benign_browsing_v1__run_000,benign,,7,3,1.5567,0.8989,0.0844,11555.07,5502.41,0.5894,21,10,0.9705,2.1925,0.8835,0.394,2.0657,0,4,0,0,0,0,2.0551,550.24,186.6,872.39,6730.46,8318.79,0,0.0692,4.479,0,0
2026-09-09T15:49:29.514983+00:00,benign_browsing_v1,benign_browsing_v1__run_000,benign,,8,3,1.4056,0.9063,0.0879,28967.52,16746.85,0.6397,64,37,1.0444,1.7717,0.7287,0.3018,1.634,0,5,0,0,1,0,1.7091,452.62,241.42,1016.49,7704.76,7930.59,0,0.0,3.4587,0,0
2026-09-09T15:49:34.514983+00:00,benign_browsing_v1,benign_browsing_v1__run_000,benign,,4,3,1.5,0.9158,0.0754,1528.67,382.17,0.7109,4,1,0.5416,1.4568,0.8823,0.4043,2.0953,0,2,0,0,0,0,3.0043,382.17,148.32,629.0,6242.89,8844.73,0,0.0,3.5566,0,0
2026-09-09T15:49:39.514983+00:00,benign_browsing_v1,benign_browsing_v1__run_000,benign,,3,2,0.9183,0.8372,0.1968,12438.88,4146.29,0.6852,21,7,1.5175,3.1254,0.962,0.41,2.192,0,1,0,0,0,0,2.8204,592.33,140.66,734.13,8547.68,7546.46,0,0.0137,3.6718,0,0
2026-09-09T15:49:44.514983+00:00,benign_browsing_v1,benign_browsing_v1__run_000,benign,,7,3,1.4488,0.8575,0.1263,22917.12,8512.07,0.7235,35,13,1.0721,3.143,0.8104,0.3403,1.8312,0,4,0,0,0,0,2.6159,654.77,222.43,1055.85,9551.55,8079.82,0,0.0315,3.2541,0,0
2026-09-09T15:49:49.514983+00:00,benign_browsing_v1,benign_browsing_v1__run_000,benign,,4,4,2.0,0.9111,0.067,24043.7,7728.33,0.669,28,9,1.1126,2.8539,0.8785,0.2124,1.5156,0,2,0,0,0,0,2.9438,858.7,258.64,1156.93,8136.84,8008.73,0,0.0671,3.6359,0,0
2026-09-09T15:49:54.514983+00:00,benign_browsing_v1,benign_browsing_v1__run_000,benign,,3,2,0.9183,0.8398,0.1716,7759.51,2586.5,0.7078,15,5,1.1505,1.9908,0.9694,0.2158,1.6169,0,1,0,0,0,0,2.8907,517.3,199.2,797.78,7620.46,8093.79,0,0.0041,4.0915,0,0
2026-09-09T15:49:59.514983+00:00,benign_browsing_v1,benign_browsing_v1__run_000,benign,,10,4,1.8464,0.8759,0.1298,16002.57,4267.35,0.6682,30,8,0.5058,1.1535,0.8348,0.2254,1.5109,0,6,0,0,1,0,3.5494,533.42,162.11,880.02,9151.47,7759.03,0,0.0323,3.8182,0,0
2026-09-09T15:50:04.514983+00:00,benign_browsing_v1,benign_browsing_v1__run_000,benign,,5,4,1.9219,0.8423,0.0909,22057.86,9705.46,0.7426,25,11,1.6168,2.876,1.0729,0.4877,2.5361,0,3,0,0,0,0,2.1228,882.31,611.52,1979.48,9516.25,5889.68,0,0.0799,3.7768,0,0
2026-09-09T15:50:09.514983+00:00,benign_browsing_v1,benign_browsing_v1__run_000,benign,,4,3,1.5,0.8568,0.1617,2751.96,687.99,0.6671,8,2,1.0153,2.4158,0.8644,0.4286,2.1501,0,2,0,0,0,0,3.6474,344.0,134.72,542.82,6628.62,6153.54,0,0.0,4.0635,0,0
2026-09-09T15:50:14.514983+00:00,benign_browsing_v1,benign_browsing_v1__run_000,benign,,8,4,1.75,0.8952,0.0888,43437.02,22397.21,0.6459,64,33,0.3975,1.1127,0.6969,0.2975,1.5895,0,4,0,0,0,0,1.9114,678.7,281.62,1253.44,9015.45,8635.89,0,0.0517,4.3414,0,0
2026-09-09T15:50:19.514983+00:00,benign_browsing_v1,benign_browsing_v1__run_000,benign,,4,3,1.5,0.8977,0.1102,5581.19,1395.3,0.6711,8,2,0.6863,1.349,0.7764,0.1894,1.3446,0,2,0,0,0,0,3.1835,697.65,235.38,1086.68,7435.37,9838.69,0,0.0475,4.2258,0,0
2026-09-09T15:50:24.514983+00:00,benign_browsing_v1,benign_browsing_v1__run_000,benign,,3,2,0.9183,0.8638,0.1542,15980.0,8370.48,0.699,21,11,0.8822,1.3913,0.7864,0.2878,1.6497,0,1,0,0,0,0,1.8246,760.95,147.3,889.55,7310.79,10241.99,0,0.0153,3.865,0,0
2026-09-09T15:50:29.514983+00:00,benign_browsing_v1,benign_browsing_v1__run_000,benign,,7,3,1.3788,0.9064,0.1286,50971.43,23301.22,0.6598,70,32,0.5776,1.5504,0.6474,0.121,1.0104,0,4,0,0,0,0,2.1596,728.16,262.41,1315.18,8655.9,7568.61,0,0.0,4.9564,1,0
2026-09-09T15:50:34.514983+00:00,benign_browsing_v1,benign_browsing_v1__run_000,benign,,6,3,1.4591,0.8744,0.1066,20071.44,8028.57,0.6279,30,12,1.5915,3.2253,1.0059,0.2763,1.8348,0,3,0,0,0,0,2.3415,669.05,276.13,1142.43,9619.09,7587.69,0,0.0,4.1026,0,0
