timestamp,persona_id,run_id,mitre_stage,technique_id,flow_count,unique_dst_ports,dest_port_entropy,tcp_ratio,udp_ratio,bytes_fwd_sum,bytes_bwd_sum,bidirectional_ratio,pkts_fwd_sum,pkts_bwd_sum,duration_mean,duration_max,iat_mean,iat_std,iat_max,syn_flag_sum,ack_flag_sum,fin_flag_sum,rst_flag_sum,psh_flag_sum,urg_flag_sum,down_up_ratio_mean,pkt_len_mean,pkt_len_std,pkt_len_max,init_fwd_win_mean,init_bwd_win_mean,fwd_psh_flags_sum,port_scan_score,ttl_variance,ip_fragment_flags,retransmit_count
2026-08-27T19:24:18.015938+00:00,c2_dns_tunnel_v1,c2_dns_tunnel_v1__c7430f52c647,command_and_control,T1071.004,1,1,-0.0,0.0988,0.8862,594.4,445.8,0.9126,4,3,5.1687,11.172,4.8803,0.7501,7.1307,0,0,0,0,0,0,1.1736,148.6,0.0,148.6,7781.04,8103.03,0,0.0306,1.5436,0,0
2026-08-27T19:24:23.015938+00:00,c2_dns_tunnel_v1,c2_dns_tunnel_v1__c7430f52c647,command_and_control,T1071.004,0,0,0.0,0.1272,0.8988,0.0,0.0,0.8135,0,0,5.1909,8.9975,3.9394,0.7936,6.3202,0,0,0,0,0,0,0.9299,132.37,0.0,132.37,8398.89,8926.59,0,0.0047,1.4837,0,0
2026-08-27T19:24:28.015938+00:00,c2_dns_tunnel_v1,c2_dns_tunnel_v1__c7430f52c647,command_and_control,T1071.004,0,0,0.0,0.1229,0.865,0.0,0.0,0.8614,0,0,3.4471,6.1792,2.9275,0.3988,4.1238,0,0,0,0,0,0,1.4924,230.68,0.0,230.68,8151.1,7783.05,0,0.0,1.5334,0,0
2026-08-27T19:24:33.015938+00:00,c2_dns_tunnel_v1,c2_dns_tunnel_v1__c7430f52c647,command_and_control,T1071.004,5,1,-0.0,0.0443,0.9654,6483.45,10003.03,0.8522,35,54,2.9056,7.2918,3.5218,0.3382,4.5364,0,1,0,0,0,0,0.6444,185.24,34.19,247.4,8040.08,9425.98,0,0.032,0.6776,0,0
2026-08-27T19:24:38.015938+00:00,c2_dns_tunnel_v1,c2_dns_tunnel_v1__c7430f52c647,command_and_control,T1071.004,1,1,-0.0,0.1064,0.8869,2261.55,2010.27,0.9616,9,8,3.2361,8.9953,3.4016,0.5607,5.0838,0,0,0,0,0,0,1.0348,251.28,0.0,251.28,7545.31,8320.4,0,0.0627,0.8298,0,0
2026-08-27T19:24:43.015938+00:00,c2_dns_tunnel_v1,c2_dns_tunnel_v1__c7430f52c647,command_and_control,T1071.004,1,1,-0.0,0.0881,0.9123,1154.53,1346.95,0.7752,6,7,4.7176,5.7606,2.8245,0.433,4.1236,0,0,0,0,0,0,0.7837,192.42,0.0,192.42,10368.01,7583.44,0,0.0,0.605,0,0
2026-08-27T19:24:48.015938+00:00,c2_dns_tunnel_v1,c2_dns_tunnel_v1__c7430f52c647,command_and_control,T1071.004,2,1,-0.0,0.1197,0.8659,7368.52,6754.48,0.7717,24,22,4.5712,10.1398,3.7971,0.5887,5.5632,0,0,0,0,0,0,1.0812,307.02,74.64,381.66,6749.95,8702.67,0,0.0,0.405,0,0
2026-08-27T19:24:53.015938+00:00,c2_dns_tunnel_v1,c2_dns_tunnel_v1__c7430f52c647,command_and_control,T1071.004,1,1,0.317,0.2508,0.729,1494.7,1096.112,0.7274,3,2,3.9712,5.3576,2.3282,0.5113,3.862,0,0,0,0,0,0,0.8909,210.542,24.186,244.584,9196.91,7482.502,0,0.0225,1.8585,0,0
2026-08-27T19:24:58.015938+00:00,c2_dns_tunnel_v1,c2_dns_tunnel_v1__c7430f52c647,command_and_control,T1071.004,2,1,-0.0,0.0996,0.9193,1430.51,1072.88,0.7835,8,6,4.0695,11.8769,3.3526,0.7492,5.6003,0,0,0,0,0,0,1.1722,178.81,35.14,213.95,7765.74,7674.59,0,0.0,0.8596,0,0
2026-08-27T19:25:03.015938+00:00,c2_dns_tunnel_v1,c2_dns_tunnel_v1__c7430f52c647,command_and_control,T1071.004,0,0,0.0,0.054,0.9479,0.0,0.0,0.9099,0,0,2.3783,4.8162,3.144,0.2488,3.8903,0,0,0,0,0,0,0.9013,184.21,0.0,184.21,7005.05,8970.8,0,0.0058,1.2613,0,0
2026-08-27T19:25:08.015938+00:00,c2_dns_tunnel_v1,c2_dns_tunnel_v1__c7430f52c647,command_and_control,T1071.004,1,1,0.317,0.2674,0.7155,2536.012,2021.72,0.7041,10,9,2.8401,5.6702,2.9664,0.3274,3.9485,0,0,0,0,0,0,1.1418,215.35,24.186,249.392,8714.446,8565.294,0,0.0054,1.401,0,0
2026-08-27T19:25:13.015938+00:00,c2_dns_tunnel_v1,c2_dns_tunnel_v1__c7430f52c647,command_and_control,T1071.004,2,1,-0.0,0.1087,0.8695,1155.39,1010.96,0.9192,8,7,4.0667,5.8545,2.9566,0.2977,3.8497,0,0,0,0,0,0,1.0972,144.42,31.97,176.39,7954.51,9296.58,0,0.0014,0.8176,0,0
2026-08-27T19:25:18.015938+00:00,c2_dns_tunnel_v1,c2_dns_tunnel_v1__c7430f52c647,command_and_control,T1071.004,1,1,0.317,0.316,0.7005,1914.748,1306.136,0.7749,6,4,3.1125,7.4555,2.4736,0.5262,4.052,0,0,0,0,0,0,1.3494,204.654,24.186,238.696,8016.062,7352.182,0,0.0054,1.4715,0,0
2026-08-27T19:25:23.015938+00:00,c2_dns_tunnel_v1,c2_dns_tunnel_v1__c7430f52c647,command_and_control,T1071.004,1,1,-0.0,0.1191,0.875,345.33,172.66,0.8731,2,1,3.1583,4.6159,3.3696,0.3445,4.4031,0,0,0,0,0,0,1.5602,172.66,0.0,172.66,8395.31,7921.46,0,0.0035,0.9005,0,0
2026-08-27T19:25:28.015938+00:00,c2_dns_tunnel_v1,c2_dns_tunnel_v1__c7430f52c647,command_and_control,T1071.004,1,1,-0.0,0.1131,0.8981,880.22,704.17,0.8021,5,4,3.9293,5.2716,3.498,0.6726,5.5159,0,0,0,0,0,0,1.1842,176.04,0.0,176.04,7558.12,6036.05,0,0.0,0.4739,0,0
2026-08-27T19:25:33.015938+00:00,c2_dns_tunnel_v1,c2_dns_tunnel_v1__c7430f52c647,command_and_control,T1071.004,3,1,-0.0,0.1026,0.9182,2516.69,2796.32,0.8504,18,20,2.0079,3.3464,2.8113,0.5171,4.3626,0,1,0,0,0,0,0.863,139.82,6.09,147.92,8217.81,7084.59,0,0.0006,0.3963,0,0
2026-08-27T19:25:38.015938+00:00,c2_dns_tunnel_v1,c2_dns_tunnel_v1__c7430f52c647,command_and_control,T1071.004,3,1,-0.0,0.0516,0.973,3449.6,2299.73,0.9065,24,16,3.2987,4.0503,2.6932,0.447,4.0343,0,1,0,0,0,0,1.4683,143.73,20.84,169.27,9004.84,7768.29,0,0.0,0.7725,0,0
2026-08-27T19:25:43.015938+00:00,c2_dns_tunnel_v1,c2_dns_tunnel_v1__c7430f52c647,command_and_control,T1071.004,1,1,-0.0,0.1041,0.9091,1074.85,1074.85,0.9128,5,5,3.3934,8.7795,3.2771,0.6318,5.1726,0,0,0,0,0,0,0.9979,214.97,0.0,214.97,7890.65,8484.17,0,0.0285,1.2047,0,0
2026-08-27T19:25:48.015938+00:00,c2_dns_tunnel_v1,c2_dns_tunnel_v1__c7430f52c647,command_and_control,T1071.004,2,1,-0.0,0.1069,0.8929,1795.09,1346.31,0.8923,12,9,2.8174,7.7137,2.9779,0.4174,4.23,0,0,0,0,0,0,1.2585,149.59,19.6,169.19,8477.43,7794.94,0,0.0,0.423,0,0
2026-08-27T19:25:53.015938+00:00,c2_dns_tunnel_v1,c2_dns_tunnel_v1__c7430f52c647,command_and_control,T1071.004,1,1,-0.0,0.1106,0.887,1393.9,1115.12,0.8753,5,4,3.7797,6.0975,3.0255,0.4358,4.333,0,0,0,0,0,0,1.0407,278.78,0.0,278.78,7057.51,8706.51,0,0.0,1.4101,0,0
2026-08-27T19:25:58.015938+00:00,c2_dns_tunnel_v1,c2_dns_tunnel_v1__c7430f52c647,command_and_control,T1071.004,1,1,-0.0,0.1133,0.8757,309.82,309.82,0.9204,2,2,3.8666,7.2849,2.7086,0.5044,4.2219,0,0,0,0,0,0,0.9409,154.91,0.0,154.91,7519.04,9067.13,0,0.0423,0.7113,0,0
2026-08-27T19:26:03.015938+00:00,c2_dns_tunnel_v1,c2_dns_tunnel_v1__c7430f52c647,command_and_control,T1071.004,0,0,0.0,0.1075,0.9024,0.0,0.0,0.8103,0,0,5.5328,10.8313,3.9177,0.4701,5.3279,0,0,0,0,0,0,0.759,98.07,0.0,98.07,9772.35,9122.4,0,0.0042,1.2228,0,0
2026-08-27T19:26:08.015938+00:00,c2_dns_tunnel_v1,c2_dns_tunnel_v1__c7430f52c647,command_and_control,T1071.004,0,0,0.0,0.0622,0.9559,0.0,0.0,0.9537,0,0,4.886,6.4437,3.2615,0.4327,4.5597,0,0,0,0,0,0,1.3359,259.09,0.0,259.09,8369.27,9391.62,0,0.0414,1.0614,0,0
2026-08-27T19:26:13.015938+00:00,c2_dns_tunnel_v1,c2_dns_tunnel_v1__c7430f52c647,command_and_control,T1071.004,1,1,-0.0,0.1057,0.8893,988.99,988.99,0.8561,7,7,4.7842,7.1658,3.9014,0.3448,4.9357,0,0,0,0,0,0,0.9298,141.28,0.0,141.28,8651.01,7319.92,0,0.0516,0.7056,0,0
2026-08-27T19:26:18.015938+00:00,c2_dns_tunnel_v1,c2_dns_tunnel_v1__c7430f52c647,command_and_control,T1071.004,1,1,-0.0,0.0691,0.9402,901.65,540.99,0.8443,5,3,3.0142,7.6103,3.0029,0.5175,4.5552,0,0,0,0,0,0,1.4485,180.33,0.0,180.33,9199.6,9750.1,0,0.0,1.2401,0,0
2026-08-27T19:26:23.015938+00:00,c2_dns_tunnel_v1,c2_dns_tunnel_v1__c7430f52c647,command_and_control,T1071.004,3,1,-0.0,0.0899,0.8889,5874.55,5874.55,0.7844,36,36,2.2965,3.2595,3.444,0.5806,5.1858,0,1,0,0,0,0,0.9888,163.18,45.66,199.4,8117.56,7345.21,0,0.0002,1.2461,0,0
2026-08-27T19:26:28.015938+00:00,c2_dns_tunnel_v1,c2_dns_tunnel_v1__c7430f52c647,command_and_control,T1071.004,2,1,-0.0,0.0565,0.9524,3226.76,2621.74,0.8819,16,13,2.8701,5.8258,4.2631,0.8543,6.8259,0,0,0,0,0,0,1.1699,201.67,61.84,263.52,8642.57,7639.18,0,0.0171,1.5021,0,0
2026-08-27T19:26:33.015938+00:00,c2_dns_tunnel_v1,c2_dns_tunnel_v1__c7430f52c647,command_and_control,T1071.004,1,1,-0.0,0.1494,0.8452,282.5,188.33,0.9235,3,2,3.6214,5.4898,3.3069,0.7269,5.4877,0,0,0,0,0,0,1.1002,94.17,0.0,94.17,8030.23,6297.26,0,0.0,0.6657,0,0
2026-08-27T19:26:38.015938+00:00,c2_dns_tunnel_v1,c2_dns_tunnel_v1__c7430f52c647,command_and_control,T1071.004,0,0,0.0,0.0884,0.937,0.0,0.0,0.937,0,0,3.8649,9.6663,3.3997,0.7417,5.6249,0,0,0,0,0,0,1.4155,141.11,0.0,141.11,6083.48,8600.03,0,0.0248,1.4249,0,0
2026-08-27T19:26:43.015938+00:00,c2_dns_tunnel_v1,c2_dns_tunnel_v1__c7430f52c647,command_and_control,T1071.004,2,1,-0.0,0.1128,0.8757,3034.05,3034.05,0.9188,18,18,2.775,4.2274,3.597,0.7123,5.7339,0,0,0,0,0,0,0.9906,168.56,28.23,196.79,7437.37,6315.0,0,0.0,0.6537,0,0
2026-08-27T19:26:48.015938+00:00,c2_dns_tunnel_v1,c2_dns_tunnel_v1__c7430f52c647,command_and_control,T1071.004,3,1,-0.0,0.1124,0.8829,2564.24,2136.87,0.8939,18,15,3.7988,9.1024,3.4701,0.3992,4.6676,0,1,0,0,0,0,1.1253,142.46,12.7,159.88,10168.99,9398.08,0,0.0,0.7003,0,0
2026-08-27T19:26:53.015938+00:00,c2_dns_tunnel_v1,c2_dns_tunnel_v1__c7430f52c647,command_and_control,T1071.004,0,0,0.0,0.0652,0.9198,0.0,0.0,0.9233,0,0,4.1657,6.4536,3.3798,0.417,4.6308,0,0,0,0,0,0,0.9378,226.31,0.0,226.31,7180.3,9541.1,0,0.0169,1.5522,0,0
2026-08-27T19:26:58.015938+00:00,c2_dns_tunnel_v1,c2_dns_tunnel_v1__c7430f52c647,command_and_control,T1071.004,2,1,-0.0,0.1086,0.8826,2100.33,1890.3,0.9224,10,9,4.2066,10.5423,2.8833,0.3733,4.0031,0,0,0,0,0,0,1.0915,210.03,23.94,233.98,6456.23,7673.11,0,0.0182,0.8978,0,0
2026-08-27T19:27:03.015938+00:00,c2_dns_tunnel_v1,c2_dns_tunnel_v1__c7430f52c647,command_and_control,T1071.004,1,1,-0.0,0.1256,0.8804,765.82,765.82,0.8672,5,5,2.1061,4.8298,2.8654,0.3244,3.8385,0,0,0,0,0,0,0.8781,153.16,0.0,153.16,8833.13,9609.96,0,0.0,1.276,0,0
2026-08-27T19:27:08.015938+00:00,c2_dns_tunnel_v1,c2_dns_tunnel_v1__c7430f52c647,command_and_control,T1071.004,1,1,-0.0,0.0766,0.9353,1757.23,1405.79,0.8981,10,8,4.4636,10.9077,3.1073,0.253,3.8663,0,0,0,0,0,0,1.1769,175.72,0.0,175.72,9725.49,7567.86,0,0.0309,1.1456,0,0
2026-08-27T19:27:13.015938+00:00,c2_dns_tunnel_v1,c2_dns_tunnel_v1__c7430f52c647,command_and_control,T1071.004,2,1,-0.0,0.097,0.8839,3571.88,2678.91,0.9142,16,12,4.5836,12.2545,3.0726,0.2638,3.8641,0,0,0,0,0,0,1.2649,223.24,60.72,283.97,8310.21,8088.44,0,0.0225,1.2158,0,0
2026-08-27T19:27:18.015938+00:00,c2_dns_tunnel_v1,c2_dns_tunnel_v1__c7430f52c647,command_and_control,T1071.004,3,1,0.317,0.3109,0.6501,2730.644,2332.056,0.8051,10,9,3.384,9.6775,2.5762,0.4516,3.931,0,1,0,0,0,0,0.9982,236.974,69.762,335.344,7351.758,8959.142,0,0.0054,1.2577,0,0
2026-08-27T19:27:23.015938+00:00,c2_dns_tunnel_v1,c2_dns_tunnel_v1__c7430f52c647,command_and_control,T1071.004,1,1,-0.0,0.0921,0.9075,2287.81,1830.25,0.8935,10,8,2.3542,6.9336,2.9249,0.6195,4.7834,0,0,0,0,0,0,1.1213,228.78,0.0,228.78,6678.42,7118.43,0,0.0113,0.7718,0,0
2026-08-27T19:27:28.015938+00:00,c2_dns_tunnel_v1,c2_dns_tunnel_v1__c7430f52c647,command_and_control,T1071.004,1,1,-0.0,0.0975,0.9285,2339.16,2339.16,0.9051,8,8,4.1619,11.6741,3.0543,0.2512,3.8078,0,0,0,0,0,0,0.9813,292.39,0.0,292.39,10456.58,9527.82,0,0.0226,1.5154,0,0
2026-08-27T19:27:33.015938+00:00,c2_dns_tunnel_v1,c2_dns_tunnel_v1__c7430f52c647,command_and_control,T1071.004,1,1,-0.0,0.1143,0.9083,444.99,296.66,0.8304,3,2,2.2735,3.7389,3.4448,0.4089,4.6714,0,0,0,0,0,0,1.0517,148.33,0.0,148.33,8869.19,7311.87,0,0.0,1.0668,0,0
2026-08-27T19:27:38.015938+00:00,c2_dns_tunnel_v1,c2_dns_tunnel_v1__c7430f52c647,command_and_control,T1071.004,2,1,-0.0,0.0643,0.9499,411.78,205.89,0.802,2,1,2.633,7.4996,3.6014,0.5945,5.3848,0,0,0,0,0,0,1.1901,205.89,64.05,269.94,8074.93,8656.34,0,0.0,0.8951,0,0
2026-08-27T19:27:43.015938+00:00,c2_dns_tunnel_v1,c2_dns_tunnel_v1__c7430f52c647,command_and_control,T1071.004,3,1,-0.0,0.1234,0.8945,2476.51,2146.31,0.8124,15,13,3.9546,4.9595,2.9254,0.5123,4.4622,0,1,0,0,0,0,1.113,165.1,29.02,196.6,7192.31,7814.71,0,0.0,1.7294,0,0
2026-08-27T19:27:48.015938+00:00,c2_dns_tunnel_v1,c2_dns_tunnel_v1__c7430f52c647,command_and_control,T1071.004,1,1,-0.0,0.1164,0.8919,1750.28,1400.22,0.9109,10,8,1.6948,2.8792,3.0963,0.2717,3.9115,0,0,0,0,0,0,1.229,175.03,0.0,175.03,8153.32,8669.4,0,0.0,0.0,0,0
2026-08-27T19:27:53.015938+00:00,c2_dns_tunnel_v1,c2_dns_tunnel_v1__c7430f52c647,command_and_control,T1071.004,4,1,-0.0,0.1567,0.8473,1235.91,926.93,0.8273,8,6,3.7793,7.1702,3.2477,0.6375,5.1601,0,1,0,0,0,0,1.2185,154.49,36.87,195.32,8015.34,7292.78,0,0.0109,1.3575,0,0
2026-08-27T19:27:58.015938+00:00,c2_dns_tunnel_v1,c2_dns_tunnel_v1__c7430f52c647,command_and_control,T1071.004,1,1,-0.0,0.0877,0.9068,485.1,242.55,0.8633,2,1,2.7359,3.599,4.2069,0.7483,6.4519,0,0,0,0,0,0,1.2355,242.55,0.0,242.55,7315.19,7083.31,0,0.0,0.6953,0,0
2026-08-27T19:28:03.015938+00:00,c2_dns_tunnel_v1,c2_dns_tunnel_v1__c7430f52c647,command_and_control,T1071.004,0,0,0.0,0.1293,0.8307,0.0,0.0,0.7595,0,0,5.4673,8.4228,4.2788,0.7154,6.425,0,0,0,0,0,0,1.1418,237.84,0.0,237.84,7761.47,7353.44,0,0.0,0.9765,0,0
2026-08-27T19:28:08.015938+00:00,c2_dns_tunnel_v1,c2_dns_tunnel_v1__c7430f52c647,command_and_control,T1071.004,0,0,0.0,0.1152,0.9265,0.0,0.0,0.8926,0,0,4.1809,5.2664,2.9691,0.5966,4.7589,0,0,0,0,0,0,0.8867,117.31,0.0,117.31,10606.31,7515.37,0,0.0006,1.3101,0,0
2026-08-27T19:28:13.015938+00:00,c2_dns_tunnel_v1,c2_dns_tunnel_v1__c7430f52c647,command_and_control,T1071.004,0,0,0.0,0.1511,0.8367,0.0,0.0,0.9573,0,0,1.8981,3.327,2.7952,0.3759,3.923,0,0,0,0,0,0,1.3111,168.69,0.0,168.69,6999.13,6496.03,0,0.0071,0.4142,0,0
2026-08-27T19:28:18.015938+00:00,c2_dns_tunnel_v1,c2_dns_tunnel_v1__c7430f52c647,command_and_control,T1071.004,1,1,-0.0,0.1288,0.8849,751.29,563.47,0.8815,4,3,3.2069,9.1348,3.8009,0.4399,5.1207,0,0,0,0,0,0,1.0182,187.82,0.0,187.82,8169.96,9618.37,0,0.0,1.1527,0,0
2026-08-27T19:28:23.015938+00:00,c2_dns_tunnel_v1,c2_dns_tunnel_v1__c7430f52c647,command_and_control,T1071.004,4,1,-0.0,0.0608,0.9446,5624.01,5096.76,0.8218,32,29,3.5875,6.518,3.2329,0.5114,4.7671,0,1,0,0,0,0,1.0876,175.75,21.68,201.17,10336.55,7632.68,0,0.0,0.7196,0,0
2026-08-27T19:28:28.015938+00:00,c2_dns_tunnel_v1,c2_dns_tunnel_v1__c7430f52c647,command_and_control,T1071.004,3,1,-0.0,0.0779,0.9106,2693.31,2334.21,0.838,15,13,2.494,3.3483,2.7415,0.365,3.8365,0,1,0,0,0,0,1.1517,179.55,55.8,239.67,6865.02,6024.98,0,0.0,1.3805,0,0
2026-08-27T19:28:33.015938+00:00,c2_dns_tunnel_v1,c2_dns_tunnel_v1__c7430f52c647,command_and_control,T1071.004,2,1,-0.0,0.1276,0.8641,2234.53,1675.9,0.8677,12,9,1.8173,3.5286,3.1901,0.5386,4.8058,0,0,0,0,0,0,1.3256,186.21,6.68,192.89,8828.34,7083.19,0,0.0227,1.3636,0,0
2026-08-27T19:28:38.015938+00:00,c2_dns_tunnel_v1,c2_dns_tunnel_v1__c7430f52c647,command_and_control,T1071.004,0,0,0.0,0.0873,0.9152,0.0,0.0,0.8325,0,0,4.495,11.8291,3.1737,0.2827,4.0217,0,0,0,0,0,0,1.3623,237.02,0.0,237.02,9223.58,7260.38,0,0.0245,0.6516,0,0
2026-08-27T19:28:43.015938+00:00,c2_dns_tunnel_v1,c2_dns_tunnel_v1__c7430f52c647,command_and_control,T1071.004,1,1,-0.0,0.0549,0.934,1325.94,1031.29,0.8328,9,7,2.8402,5.723,2.917,0.5563,4.5859,0,0,0,0,0,0,1.2439,147.33,0.0,147.33,7737.39,9109.36,0,0.0,0.605,0,0
2026-08-27T19:28:48.015938+00:00,c2_dns_tunnel_v1,c2_dns_tunnel_v1__c7430f52c647,command_and_control,T1071.004,2,1,-0.0,0.1009,0.9202,966.97,1289.29,0.8562,6,8,2.377,4.1355,3.6831,0.8072,6.1048,0,0,0,0,0,0,0.6874,161.16,5.38,166.54,9110.56,7283.97,0,0.0251,0.7775,0,0
2026-08-27T19:28:53.015938+00:00,c2_dns_tunnel_v1,c2_dns_tunnel_v1__c7430f52c647,command_and_control,T1071.004,2,1,-0.0,0.1199,0.8905,1824.28,1368.21,0.8565,8,6,3.5381,9.6938,4.2973,0.9077,7.0205,0,0,0,0,0,0,1.2623,228.03,70.38,298.41,9392.52,8032.47,0,0.0123,1.8696,0,0
2026-08-27T19:28:58.015938+00:00,c2_dns_tunnel_v1,c2_dns_tunnel_v1__c7430f52c647,command_and_control,T1071.004,4,1,-0.0,0.1224,0.8959,4540.85,4162.44,0.8728,24,22,4.5544,13.4561,2.6391,0.5185,4.1946,0,1,0,0,0,0,1.0591,189.2,63.59,272.4,10178.14,7680.27,0,0.0287,0.9218,0,1
2026-08-27T19:29:03.015938+00:00,c2_dns_tunnel_v1,c2_dns_tunnel_v1__c7430f52c647,command_and_control,T1071.004,2,1,-0.0,0.0907,0.9061,2325.81,2824.19,0.8122,14,17,3.3165,7.6138,3.427,0.4165,4.6765,0,0,0,0,0,0,0.7939,166.13,29.09,195.22,7946.36,7927.45,0,0.0,1.2468,0,0
2026-08-27T19:29:08.015938+00:00,c2_dns_tunnel_v1,c2_dns_tunnel_v1__c7430f52c647,command_and_control,T1071.004,1,1,-0.0,0.0688,0.9417,373.84,186.92,0.905,2,1,4.5191,6.4529,3.1985,0.6822,5.2453,0,0,0,0,0,0,1.1578,186.92,0.0,186.92,5885.2,6703.95,0,0.0423,1.387,0,0
2026-08-27T19:29:13.015938+00:00,c2_dns_tunnel_v1,c2_dns_tunnel_v1__c7430f52c647,command_and_control,T1071.004,5,1,-0.0,0.0942,0.8963,2206.97,1765.57,0.8185,15,12,3.6524,5.3361,3.1474,0.3945,4.3309,0,1,0,0,0,0,1.1572,147.13,48.04,203.08,9101.39,6803.1,0,0.0,1.1228,0,0
2026-08-27T19:29:18.015938+00:00,c2_dns_tunnel_v1,c2_dns_tunnel_v1__c7430f52c647,command_and_control,T1071.004,1,1,-0.0,0.1409,0.9062,314.6,157.3,0.9172,2,1,4.9392,12.3236,3.9368,0.5137,5.4777,0,0,0,0,0,0,1.1079,157.3,0.0,157.3,8862.88,7261.96,0,0.0,1.391,0,0
2026-08-27T19:29:23.015938+00:00,c2_dns_tunnel_v1,c2_dns_tunnel_v1__c7430f52c647,command_and_control,T1071.004,1,1,-0.0,0.0248,0.9905,341.29,341.29,0.9177,4,4,4.4811,12.8401,3.8733,0.6188,5.7297,0,0,0,0,0,0,0.9652,85.32,0.0,85.32,8096.03,9083.47,0,0.0036,1.0872,0,0
2026-08-27T19:29:28.015938+00:00,c2_dns_tunnel_v1,c2_dns_tunnel_v1__c7430f52c647,command_and_control,T1071.004,3,1,-0.0,0.1145,0.8693,2497.65,2081.38,0.8322,18,15,4.1514,5.1942,3.6024,0.4281,4.8869,0,1,0,0,0,0,1.1429,138.76,23.93,161.42,10434.25,7990.56,0,0.008,0.5443,0,0
2026-08-27T19:29:33.015938+00:00,c2_dns_tunnel_v1,c2_dns_tunnel_v1__c7430f52c647,command_and_control,T1071.004,0,0,0.0,0.0718,0.8989,0.0,0.0,0.8722,0,0,2.596,6.1902,3.5414,0.4099,4.771,0,0,0,0,0,0,0.9996,165.56,0.0,165.56,8772.91,8433.93,0,0.0197,0.6454,0,0
2026-08-27T19:29:38.015938+00:00,c2_dns_tunnel_v1,c2_dns_tunnel_v1__c7430f52c647,command_and_control,T1071.004,1,1,-0.0,0.0745,0.9354,993.55,745.16,0.8823,4,3,4.6223,13.2097,3.5484,0.7968,5.9388,0,0,0,0,0,0,1.2456,248.39,0.0,248.39,8031.86,8385.93,0,0.0,1.8534,0,0
2026-08-27T19:29:43.015938+00:00,c2_dns_tunnel_v1,c2_dns_tunnel_v1__c7430f52c647,command_and_control,T1071.004,3,1,-0.0,0.1191,0.8739,6304.9,4394.33,0.8639,33,23,3.4112,7.795,3.921,0.3223,4.8878,0,1,0,0,0,0,1.3955,191.06,34.34,237.64,8725.57,8330.63,0,0.0,0.9757,0,0
2026-08-27T19:29:48.015938+00:00,c2_dns_tunnel_v1,c2_dns_tunnel_v1__c7430f52c647,command_and_control,T1071.004,1,1,-0.0,0.0929,0.9264,895.57,671.68,0.8428,4,3,3.6443,10.3145,2.8105,0.2432,3.5401,0,0,0,0,0,0,1.1906,223.89,0.0,223.89,6929.24,8028.32,0,0.0056,0.7702,0,0
2026-08-27T19:29:53.015938+00:00,c2_dns_tunnel_v1,c2_dns_tunnel_v1__c7430f52c647,command_and_control,T1071.004,3,1,0.317,0.2568,0.7454,3634.492,2665.296,0.82,15,11,4.5482,9.2063,3.7936,0.6427,5.7218,0,1,0,0,0,0,1.2717,242.302,49.514,310.208,7603.414,8119.886,0,0.0138,1.7192,0,0
2026-08-27T19:29:58.015938+00:00,c2_dns_tunnel_v1,c2_dns_tunnel_v1__c7430f52c647,command_and_control,T1071.004,0,0,0.0,0.1402,0.8339,0.0,0.0,0.7591,0,0,2.9516,4.8763,3.2259,0.389,4.3929,0,0,0,0,0,0,0.8695,227.72,0.0,227.72,8763.18,9171.94,0,0.0,1.3809,0,0
2026-08-27T19:30:03.015938+00:00,c2_dns_tunnel_v1,c2_dns_tunnel_v1__c7430f52c647,command_and_control,T1071.004,2,1,-0.0,0.0997,0.9195,2259.64,2259.64,0.8365,12,12,3.8615,9.0157,4.0254,0.5754,5.7517,0,0,0,0,0,0,0.9417,188.3,3.69,191.99,9225.96,7907.85,0,0.0044,1.1554,0,0
2026-08-27T19:30:08.015938+00:00,c2_dns_tunnel_v1,c2_dns_tunnel_v1__c7430f52c647,command_and_control,T1071.004,2,1,-0.0,0.1014,0.908,2196.51,1757.21,0.7724,10,8,4.7046,8.9238,2.9697,0.4872,4.4314,0,0,0,0,0,0,1.2101,219.65,4.76,224.41,7961.98,10267.8,0,0.0214,0.9193,0,0
2026-08-27T19:30:13.015938+00:00,c2_dns_tunnel_v1,c2_dns_tunnel_v1__c7430f52c647,command_and_control,T1071.004,1,1,-0.0,0.0986,0.9264,949.34,632.89,0.8228,6,4,5.4133,12.6153,4.0921,0.4659,5.4898,0,0,0,0,0,0,1.2388,158.22,0.0,158.22,8115.47,7642.04,0,0.0277,0.8346,0,0
2026-08-27T19:30:18.015938+00:00,c2_dns_tunnel_v1,c2_dns_tunnel_v1__c7430f52c647,command_and_control,T1071.004,5,1,-0.0,0.0543,0.9518,6735.6,5965.81,0.796,35,31,2.0054,2.5696,3.1324,0.656,5.1003,0,1,0,0,0,0,1.1171,192.45,62.95,304.65,7166.56,6739.9,0,0.0395,1.723,0,0
2026-08-27T19:30:23.015938+00:00,c2_dns_tunnel_v1,c2_dns_tunnel_v1__c7430f52c647,command_and_control,T1071.004,1,1,-0.0,0.0358,0.9396,499.22,332.81,0.8636,3,2,4.0409,6.461,3.1381,0.4217,4.4034,0,0,0,0,0,0,1.0841,166.41,0.0,166.41,8835.76,9656.67,0,0.0302,1.0362,0,0
2026-08-27T19:30:28.015938+00:00,c2_dns_tunnel_v1,c2_dns_tunnel_v1__c7430f52c647,command_and_control,T1071.004,2,1,-0.0,0.0618,0.9308,1549.69,968.55,0.8084,8,5,3.0885,6.3456,2.8282,0.5895,4.5965,0,0,0,0,0,0,1.5554,193.71,21.25,214.96,8677.51,8107.05,0,0.0404,1.3289,0,0
2026-08-27T19:30:33.015938+00:00,c2_dns_tunnel_v1,c2_dns_tunnel_v1__c7430f52c647,command_and_control,T1071.004,1,1,-0.0,0.1259,0.8926,1123.9,1123.9,0.9521,5,5,2.3475,4.7908,2.6756,0.5477,4.3187,0,0,0,0,0,0,0.9724,224.78,0.0,224.78,9116.12,6731.77,0,0.0547,0.266,0,0
2026-08-27T19:30:38.015938+00:00,c2_dns_tunnel_v1,c2_dns_tunnel_v1__c7430f52c647,command_and_control,T1071.004,2,1,-0.0,0.0795,0.9245,991.42,495.71,0.8758,6,3,4.5934,7.9419,3.3305,0.3478,4.3738,0,0,0,0,0,0,1.5176,165.24,25.82,191.06,8586.22,8391.18,0,0.0,1.6693,0,0
2026-08-27T19:30:43.015938+00:00,c2_dns_tunnel_v1,c2_dns_tunnel_v1__c7430f52c647,command_and_control,T1071.004,4,1,-0.0,0.1457,0.8704,3278.34,2294.83,0.8759,20,14,2.0297,3.3061,3.606,0.5236,5.1767,0,1,0,0,0,0,1.3573,163.92,43.63,203.51,7848.63,7553.85,0,0.0302,1.2532,0,0
2026-08-27T19:30:48.015938+00:00,c2_dns_tunnel_v1,c2_dns_tunnel_v1__c7430f52c647,command_and_control,T1071.004,2,1,-0.0,0.0914,0.8917,3288.5,2959.65,0.7348,20,18,4.3879,7.826,3.6507,0.4616,5.0355,0,0,0,0,0,0,1.105,164.43,10.52,174.95,11056.02,8570.59,0,0.0216,0.2512,0,0
2026-08-27T19:30:53.015938+00:00,c2_dns_tunnel_v1,c2_dns_tunnel_v1__c7430f52c647,command_and_control,T1071.004,4,1,-0.0,0.0392,0.9635,7490.25,6366.71,0.9423,40,34,3.9654,9.9733,2.9406,0.3656,4.0374,0,1,0,0,0,0,1.1682,187.26,14.06,201.22,8539.72,8476.12,0,0.0221,1.0072,0,0
2026-08-27T19:30:58.015938+00:00,c2_dns_tunnel_v1,c2_dns_tunnel_v1__c7430f52c647,command_and_control,T1071.004,0,0,0.0,0.072,0.9311,0.0,0.0,0.7569,0,0,5.116,9.0419,3.7493,0.7973,6.1413,0,0,0,0,0,0,1.1133,207.37,0.0,207.37,9694.02,6291.03,0,0.0223,0.9466,0,0
2026-08-27T19:31:03.015938+00:00,c2_dns_tunnel_v1,c2_dns_tunnel_v1__c7430f52c647,command_and_control,T1071.004,3,1,-0.0,0.1839,0.8106,3304.12,2863.57,0.8493,15,13,1.7935,4.8389,3.2181,0.5077,4.7413,0,1,0,0,0,0,1.0989,220.27,37.91,273.27,9509.46,9106.72,0,0.0213,1.0692,0,0
2026-08-27T19:31:08.015938+00:00,c2_dns_tunnel_v1,c2_dns_tunnel_v1__c7430f52c647,command_and_control,T1071.004,1,1,0.317,0.2505,0.7502,1494.7,1096.112,0.7665,3,2,3.6878,6.5675,3.0232,0.6214,4.8875,0,0,0,0,0,0,1.2258,280.862,24.186,314.904,8138.198,8997.814,0,0.0389,2.5585,0,0
2026-08-27T19:31:13.015938+00:00,c2_dns_tunnel_v1,c2_dns_tunnel_v1__c7430f52c647,command_and_control,T1071.004,1,1,-0.0,0.1575,0.8284,807.55,672.95,0.8096,6,5,2.1927,4.3031,4.4005,0.9138,7.1418,0,0,0,0,0,0,1.1367,134.59,0.0,134.59,8305.11,6848.73,0,0.0792,1.7112,0,0
2026-08-27T19:31:18.015938+00:00,c2_dns_tunnel_v1,c2_dns_tunnel_v1__c7430f52c647,command_and_control,T1071.004,3,1,-0.0,0.0839,0.9381,4335.21,4977.46,0.8491,27,31,4.1512,6.9149,3.0349,0.3812,4.1784,0,1,0,0,0,0,0.8497,160.56,51.44,225.5,6802.11,7224.03,0,0.0001,1.3286,0,0
2026-08-27T19:31:23.015938+00:00,c2_dns_tunnel_v1,c2_dns_tunnel_v1__c7430f52c647,command_and_control,T1071.004,0,0,0.0,0.0967,0.8661,0.0,0.0,0.8523,0,0,4.3692,11.5427,2.9845,0.6048,4.7988,0,0,0,0,0,0,1.4198,222.2,0.0,222.2,6627.21,10085.69,0,0.0131,1.1207,0,0
2026-08-27T19:31:28.015938+00:00,c2_dns_tunnel_v1,c2_dns_tunnel_v1__c7430f52c647,command_and_control,T1071.004,3,1,-0.0,0.0992,0.886,1732.38,1732.38,0.8999,9,9,2.0676,4.8828,2.937,0.5274,4.5193,0,1,0,0,0,0,0.9237,192.49,59.88,277.14,8872.27,7556.38,0,0.0435,0.6557,0,0
2026-08-27T19:31:33.015938+00:00,c2_dns_tunnel_v1,c2_dns_tunnel_v1__c7430f52c647,command_and_control,T1071.004,2,1,-0.0,0.0945,0.9229,2408.82,1806.61,0.873,12,9,2.1819,4.2412,3.1413,0.429,4.4284,0,0,0,0,0,0,1.2271,200.73,2.03,202.77,7629.72,6351.58,0,0.0,0.6976,0,0
2026-08-27T19:31:38.015938+00:00,c2_dns_tunnel_v1,c2_dns_tunnel_v1__c7430f52c647,command_and_control,T1071.004,0,0,0.0,0.1237,0.8823,0.0,0.0,0.8509,0,0,3.5828,7.7142,3.9858,0.3066,4.9058,0,0,0,0,0,0,0.8748,233.71,0.0,233.71,9069.35,8252.13,0,0.0,0.9837,0,0
2026-08-27T19:31:43.015938+00:00,c2_dns_tunnel_v1,c2_dns_tunnel_v1__c7430f52c647,command_and_control,T1071.004,2,1,-0.0,0.1276,0.8794,4035.99,2935.27,0.8623,22,16,2.0736,4.4144,2.9747,0.3585,4.0502,0,0,0,0,0,0,1.3569,183.45,3.23,186.68,8409.28,8574.88,0,0.0206,1.1815,0,0
2026-08-27T19:31:48.015938+00:00,c2_dns_tunnel_v1,c2_dns_tunnel_v1__c7430f52c647,command_and_control,T1071.004,2,1,-0.0,0.0685,0.9543,2235.52,2075.84,0.896,14,13,4.6203,11.2123,2.913,0.4769,4.3436,0,0,0,0,0,0,1.0395,159.68,7.55,167.23,7314.0,6825.46,0,0.0419,0.0276,0,0
2026-08-27T19:31:53.015938+00:00,c2_dns_tunnel_v1,c2_dns_tunnel_v1__c7430f52c647,command_and_control,T1071.004,1,1,0.317,0.1908,0.8204,2738.484,1984.528,0.8019,9,6,1.8883,4.9578,2.976,0.2776,3.8087,0,0,0,0,0,0,1.2228,277.326,24.186,311.368,9218.15,8358.398,0,0.0317,1.1524,0,0
2026-08-27T19:31:58.015938+00:00,c2_dns_tunnel_v1,c2_dns_tunnel_v1__c7430f52c647,command_and_control,T1071.004,2,1,-0.0,0.106,0.8728,2489.72,2904.67,0.8988,18,21,2.0229,2.7629,3.7126,0.6219,5.5784,0,0,0,0,0,0,0.8247,138.32,34.92,173.24,8478.99,9442.87,0,0.0,1.5805,0,0
2026-08-27T19:32:03.015938+00:00,c2_dns_tunnel_v1,c2_dns_tunnel_v1__c7430f52c647,command_and_control,T1071.004,1,1,-0.0,0.0884,0.8944,1119.56,895.65,0.8621,5,4,4.2616,10.621,3.4785,0.668,5.4827,0,0,0,0,0,0,1.029,223.91,0.0,223.91,9795.11,10141.12,0,0.0267,0.4518,0,0
2026-08-27T19:32:08.015938+00:00,c2_dns_tunnel_v1,c2_dns_tunnel_v1__c7430f52c647,command_and_control,T1071.004,5,1,-0.0,0.0888,0.9083,4948.82,3464.17,0.9071,30,21,2.7235,6.7387,4.0637,0.796,6.4517,0,2,0,0,0,0,1.4154,164.96,29.26,206.44,7919.45,6910.34,0,0.0432,1.3275,0,0
2026-08-27T19:32:13.015938+00:00,c2_dns_tunnel_v1,c2_dns_tunnel_v1__c7430f52c647,command_and_control,T1071.004,1,1,-0.0,0.121,0.8714,576.98,384.65,0.8746,3,2,3.0633,6.0991,3.0043,0.63,4.8944,0,0,0,0,0,0,1.2157,192.33,0.0,192.33,7928.0,9654.04,0,0.0244,0.1204,0,0
2026-08-27T19:32:18.015938+00:00,c2_dns_tunnel_v1,c2_dns_tunnel_v1__c7430f52c647,command_and_control,T1071.004,2,1,-0.0,0.099,0.9067,4099.23,3416.02,0.829,18,15,2.5275,3.473,3.9252,0.5964,5.7144,0,0,0,0,0,0,1.1469,227.73,57.05,284.79,8346.86,7998.83,0,0.0,1.0205,0,0
2026-08-27T19:32:23.015938+00:00,c2_dns_tunnel_v1,c2_dns_tunnel_v1__c7430f52c647,command_and_control,T1071.004,4,1,-0.0,0.0839,0.901,6166.45,4624.84,0.8702,32,24,2.1546,3.4996,3.1686,0.6328,5.0671,0,1,0,0,0,0,1.3202,192.7,52.27,265.74,6908.04,9866.25,0,0.0,1.5995,0,0
2026-08-27T19:32:28.015938+00:00,c2_dns_tunnel_v1,c2_dns_tunnel_v1__c7430f52c647,command_and_control,T1071.004,1,1,0.317,0.1997,0.7805,2018.348,1619.76,0.7811,8,7,2.2896,6.108,2.355,0.2653,3.1507,0,0,0,0,0,0,1.0283,186.918,24.186,220.96,8846.598,7767.51,0,0.0054,1.4745,0,0
2026-08-27T19:32:33.015938+00:00,c2_dns_tunnel_v1,c2_dns_tunnel_v1__c7430f52c647,command_and_control,T1071.004,0,0,0.0,0.0916,0.9123,0.0,0.0,0.8571,0,0,2.5427,6.9916,3.8344,0.5452,5.4701,0,0,0,0,0,0,0.9679,224.67,0.0,224.67,9763.38,8977.27,0,0.0,0.8572,0,0
2026-08-27T19:32:38.015938+00:00,c2_dns_tunnel_v1,c2_dns_tunnel_v1__c7430f52c647,command_and_control,T1071.004,1,1,-0.0,0.1393,0.853,2005.12,1559.54,0.7947,9,7,1.7656,4.5574,3.015,0.6722,5.0316,0,0,0,0,0,0,1.2718,222.79,0.0,222.79,7760.3,8131.24,0,0.0168,0.9644,0,0
2026-08-27T19:32:43.015938+00:00,c2_dns_tunnel_v1,c2_dns_tunnel_v1__c7430f52c647,command_and_control,T1071.004,4,1,-0.0,0.0796,0.9243,2432.04,2280.04,0.8429,16,15,3.0427,4.6505,3.1784,0.65,5.1284,0,1,0,0,0,0,1.0131,152.0,43.75,223.88,8506.45,9040.14,0,0.0391,1.5772,0,0
2026-08-27T19:32:48.015938+00:00,c2_dns_tunnel_v1,c2_dns_tunnel_v1__c7430f52c647,command_and_control,T1071.004,5,1,-0.0,0.091,0.9193,4414.18,4061.05,0.869,25,23,5.2083,12.9933,4.0418,0.639,5.9588,0,2,0,0,0,0,1.0774,176.57,17.55,202.17,8169.78,7043.61,0,0.0367,0.4086,0,0
2026-08-27T19:32:53.015938+00:00,c2_dns_tunnel_v1,c2_dns_tunnel_v1__c7430f52c647,command_and_control,T1071.004,0,0,0.0,0.0829,0.9059,0.0,0.0,0.7876,0,0,5.5438,11.501,3.9023,0.3511,4.9556,0,0,0,0,0,0,1.0521,220.1,0.0,220.1,7413.25,8305.56,0,0.0,0.9538,0,0
2026-08-27T19:32:58.015938+00:00,c2_dns_tunnel_v1,c2_dns_tunnel_v1__c7430f52c647,command_and_control,T1071.004,0,0,0.0,0.123,0.8688,0.0,0.0,0.9073,0,0,5.1389,9.477,3.3583,0.4722,4.7748,0,0,0,0,0,0,1.0575,271.3,0.0,271.3,8244.1,9041.38,0,0.0,0.8463,0,0
2026-08-27T19:33:03.015938+00:00,c2_dns_tunnel_v1,c2_dns_tunnel_v1__c7430f52c647,command_and_control,T1071.004,0,0,0.0,0.0926,0.8969,0.0,0.0,0.8921,0,0,4.9875,10.3022,3.8998,0.5469,5.5406,0,0,0,0,0,0,1.084,201.91,0.0,201.91,8851.33,8024.8,0,0.0,0.6707,0,0
2026-08-27T19:33:08.015938+00:00,c2_dns_tunnel_v1,c2_dns_tunnel_v1__c7430f52c647,command_and_control,T1071.004,3,1,-0.0,0.1424,0.8295,3147.65,1923.56,0.8671,18,11,2.079,3.9941,3.4464,0.4607,4.8283,0,1,0,0,0,0,1.5025,174.87,59.82,259.26,8326.65,8155.16,0,0.0,1.089,0,0
2026-08-27T19:33:13.015938+00:00,c2_dns_tunnel_v1,c2_dns_tunnel_v1__c7430f52c647,command_and_control,T1071.004,3,1,0.317,0.2661,0.713,4078.196,2990.68,0.7623,15,11,2.428,3.9037,2.4947,0.4214,3.7589,0,1,0,0,0,0,1.2972,271.878,57.57,336.024,7349.19,10086.734,0,0.0054,0.6868,0,0
2026-08-27T19:33:18.015938+00:00,c2_dns_tunnel_v1,c2_dns_tunnel_v1__c7430f52c647,command_and_control,T1071.004,2,1,-0.0,0.1795,0.8193,2578.84,2793.74,0.7835,12,13,4.646,6.6355,3.2374,0.3725,4.3548,0,0,0,0,0,0,0.8625,214.9,9.7,224.6,6831.25,7442.09,0,0.0,1.5065,0,0
2026-08-27T19:33:23.015938+00:00,c2_dns_tunnel_v1,c2_dns_tunnel_v1__c7430f52c647,command_and_control,T1071.004,2,1,-0.0,0.1189,0.8726,2105.57,1754.65,0.8863,12,10,3.7745,4.9825,3.5995,0.3746,4.7234,0,0,0,0,0,0,1.1612,175.46,28.23,203.7,9228.13,8153.96,0,0.0,1.463,0,0
2026-08-27T19:33:28.015938+00:00,c2_dns_tunnel_v1,c2_dns_tunnel_v1__c7430f52c647,command_and_control,T1071.004,4,1,-0.0,0.1501,0.8849,763.88,572.91,0.7957,4,3,2.5905,6.4724,2.3396,0.4294,3.6278,0,1,0,0,0,0,1.1111,190.97,33.22,246.34,6822.8,8178.27,0,0.0,1.11,0,0
2026-08-27T19:33:33.015938+00:00,c2_dns_tunnel_v1,c2_dns_tunnel_v1__c7430f52c647,command_and_control,T1071.004,1,1,-0.0,0.0918,0.8492,1851.39,1542.83,0.8572,6,5,3.2059,8.9617,3.3302,0.7007,5.4324,0,0,0,0,0,0,1.1331,308.57,0.0,308.57,7136.67,9805.68,0,0.035,1.5047,0,0
2026-08-27T19:33:38.015938+00:00,c2_dns_tunnel_v1,c2_dns_tunnel_v1__c7430f52c647,command_and_control,T1071.004,3,1,-0.0,0.124,0.8802,1240.09,826.73,0.8613,9,6,5.2202,8.2066,3.93,0.5079,5.4537,0,1,0,0,0,0,1.3161,137.79,26.96,171.72,5899.77,8769.6,0,0.0301,1.403,0,0
2026-08-27T19:33:43.015938+00:00,c2_dns_tunnel_v1,c2_dns_tunnel_v1__c7430f52c647,command_and_control,T1071.004,0,0,0.0,0.1287,0.8975,0.0,0.0,0.8532,0,0,2.9047,6.1334,4.633,0.9938,7.6143,0,0,0,0,0,0,1.0869,252.64,0.0,252.64,7003.16,9313.38,0,0.0222,0.865,0,0
2026-08-27T19:33:48.015938+00:00,c2_dns_tunnel_v1,c2_dns_tunnel_v1__c7430f52c647,command_and_control,T1071.004,1,1,-0.0,0.0632,0.9543,1532.04,1313.18,0.8216,7,6,2.2183,5.9424,3.3262,0.7236,5.4971,0,0,0,0,0,0,1.0109,218.86,0.0,218.86,8556.52,8837.21,0,0.0,1.3436,0,0
2026-08-27T19:33:53.015938+00:00,c2_dns_tunnel_v1,c2_dns_tunnel_v1__c7430f52c647,command_and_control,T1071.004,0,0,0.0,0.127,0.878,0.0,0.0,0.8601,0,0,2.3015,5.4325,3.919,0.3334,4.9192,0,0,0,0,0,0,0.8529,135.38,0.0,135.38,7468.54,7573.92,0,0.0,0.9414,0,0
2026-08-27T19:33:58.015938+00:00,c2_dns_tunnel_v1,c2_dns_tunnel_v1__c7430f52c647,command_and_control,T1071.004,1,1,-0.0,0.1231,0.8831,1067.38,640.43,0.7994,5,3,1.9167,2.4226,2.8939,0.3185,3.8495,0,0,0,0,0,0,1.4539,213.48,0.0,213.48,9839.18,6068.0,0,0.0207,1.5468,0,0
2026-08-27T19:34:03.015938+00:00,c2_dns_tunnel_v1,c2_dns_tunnel_v1__c7430f52c647,command_and_control,T1071.004,1,1,0.317,0.2321,0.7743,2652.14,1757.512,0.794,9,5,1.7811,3.8293,2.8564,0.4697,4.2655,0,0,0,0,0,0,1.449,264.998,24.186,299.04,8265.494,8672.51,0,0.0061,1.5553,0,0
2026-08-27T19:34:08.015938+00:00,c2_dns_tunnel_v1,c2_dns_tunnel_v1__c7430f52c647,command_and_control,T1071.004,0,0,0.0,0.0466,0.94,0.0,0.0,0.8358,0,0,4.7598,6.7804,4.081,0.3483,5.126,0,0,0,0,0,0,1.2539,170.71,0.0,170.71,10430.59,8419.69,0,0.0092,1.2793,0,0
2026-08-27T19:34:13.015938+00:00,c2_dns_tunnel_v1,c2_dns_tunnel_v1__c7430f52c647,command_and_control,T1071.004,1,1,-0.0,0.0975,0.8898,1753.58,1558.73,0.8715,9,8,2.1798,4.5843,3.1376,0.5293,4.7255,0,0,0,0,0,0,1.1062,194.84,0.0,194.84,8751.74,7317.99,0,0.0019,0.2752,0,0
2026-08-27T19:34:18.015938+00:00,c2_dns_tunnel_v1,c2_dns_tunnel_v1__c7430f52c647,command_and_control,T1071.004,0,0,0.0,0.1404,0.8423,0.0,0.0,0.8279,0,0,3.517,7.6208,2.4537,0.5025,3.9612,0,0,0,0,0,0,0.8699,123.46,0.0,123.46,8093.22,8794.75,0,0.0176,0.802,0,0
2026-08-27T19:34:23.015938+00:00,c2_dns_tunnel_v1,c2_dns_tunnel_v1__c7430f52c647,command_and_control,T1071.004,3,1,-0.0,0.1104,0.9089,3978.9,2873.65,0.9325,18,13,3.6917,8.6849,3.1807,0.6836,5.2315,0,1,0,0,0,0,1.374,221.05,42.31,265.94,7077.26,10178.05,0,0.0668,0.7633,0,0
2026-08-27T19:34:28.015938+00:00,c2_dns_tunnel_v1,c2_dns_tunnel_v1__c7430f52c647,command_and_control,T1071.004,0,0,0.0,0.1128,0.8667,0.0,0.0,0.8494,0,0,2.5715,3.57,3.4191,0.3802,4.5596,0,0,0,0,0,0,0.9865,178.84,0.0,178.84,7803.52,8140.43,0,0.0202,1.2916,0,0
2026-08-27T19:34:33.015938+00:00,c2_dns_tunnel_v1,c2_dns_tunnel_v1__c7430f52c647,command_and_control,T1071.004,0,0,0.0,0.0457,0.9593,0.0,0.0,0.9376,0,0,4.5181,10.3947,3.0618,0.4478,4.4052,0,0,0,0,0,0,1.3419,215.87,0.0,215.87,6153.83,8466.59,0,0.0,1.5697,0,0
2026-08-27T19:34:38.015938+00:00,c2_dns_tunnel_v1,c2_dns_tunnel_v1__c7430f52c647,command_and_control,T1071.004,2,1,-0.0,0.1109,0.8741,1808.71,2170.45,0.9185,10,12,2.2637,4.7288,4.0596,0.9019,6.7652,0,0,0,0,0,0,0.8201,180.87,45.06,225.94,7828.0,6691.87,0,0.0,1.0665,0,0
2026-08-27T19:34:43.015938+00:00,c2_dns_tunnel_v1,c2_dns_tunnel_v1__c7430f52c647,command_and_control,T1071.004,2,1,-0.0,0.08,0.9536,2135.07,1601.3,0.8969,12,9,2.6885,6.7052,3.0368,0.4207,4.2988,0,0,0,0,0,0,1.2634,177.92,32.98,210.91,8439.62,6685.12,0,0.0171,1.097,0,0
2026-08-27T19:34:48.015938+00:00,c2_dns_tunnel_v1,c2_dns_tunnel_v1__c7430f52c647,command_and_control,T1071.004,0,0,0.0,0.0806,0.9128,0.0,0.0,0.8142,0,0,2.1611,5.1935,4.1326,0.4568,5.5029,0,0,0,0,0,0,0.9766,153.76,0.0,153.76,8211.7,7580.24,0,0.0,0.8202,0,0
2026-08-27T19:34:53.015938+00:00,c2_dns_tunnel_v1,c2_dns_tunnel_v1__c7430f52c647,command_and_control,T1071.004,3,1,-0.0,0.1247,0.8667,4329.32,2886.21,0.8718,18,12,3.59,9.9299,3.4628,0.4024,4.6699,0,1,0,0,0,0,1.4273,240.52,54.06,312.01,7441.42,9383.56,0,0.0,1.005,0,0
2026-08-27T19:34:58.015938+00:00,c2_dns_tunnel_v1,c2_dns_tunnel_v1__c7430f52c647,command_and_control,T1071.004,3,1,-0.0,0.0955,0.9497,3117.14,3324.95,0.879,15,16,5.0963,8.5798,3.3902,0.7002,5.4909,0,1,0,0,0,0,0.9238,207.81,40.63,252.65,6759.91,8808.17,0,0.0,1.4768,0,0
2026-08-27T19:35:03.015938+00:00,c2_dns_tunnel_v1,c2_dns_tunnel_v1__c7430f52c647,command_and_control,T1071.004,1,1,-0.0,0.1015,0.916,983.57,843.06,0.9626,7,6,2.7917,3.9362,3.86,0.3989,5.0567,0,0,0,0,0,0,1.0469,140.51,0.0,140.51,10014.51,7972.15,0,0.0202,0.5154,0,0
2026-08-27T19:35:08.015938+00:00,c2_dns_tunnel_v1,c2_dns_tunnel_v1__c7430f52c647,command_and_control,T1071.004,0,0,0.0,0.0824,0.8988,0.0,0.0,0.8921,0,0,3.0339,8.1687,3.0515,0.3468,4.0919,0,0,0,0,0,0,1.4664,188.99,0.0,188.99,8591.14,9761.3,0,0.0327,0.8243,0,0
2026-08-27T19:35:13.015938+00:00,c2_dns_tunnel_v1,c2_dns_tunnel_v1__c7430f52c647,command_and_control,T1071.004,2,1,-0.0,0.0407,0.9959,3445.26,2583.94,0.8671,20,15,4.7146,11.7911,3.5064,0.563,5.1953,0,0,0,0,0,0,1.3069,172.26,44.75,217.01,8182.19,8612.69,0,0.0208,1.1604,0,0
2026-08-27T19:35:18.015938+00:00,c2_dns_tunnel_v1,c2_dns_tunnel_v1__c7430f52c647,command_and_control,T1071.004,3,1,-0.0,0.1297,0.8774,2534.29,1900.72,0.86,12,9,2.8801,7.546,3.4281,0.7641,5.7204,0,1,0,0,0,0,1.3004,211.19,61.43,298.06,7843.43,7968.3,0,0.0318,0.2953,0,0
2026-08-27T19:35:23.015938+00:00,c2_dns_tunnel_v1,c2_dns_tunnel_v1__c7430f52c647,command_and_control,T1071.004,1,1,-0.0,0.0537,0.9271,1325.81,1031.18,0.8519,9,7,1.9026,3.7545,3.4483,0.6911,5.5216,0,0,0,0,0,0,1.2564,147.31,0.0,147.31,8348.82,8438.36,0,0.0447,0.6723,0,0
2026-08-27T19:35:28.015938+00:00,c2_dns_tunnel_v1,c2_dns_tunnel_v1__c7430f52c647,command_and_control,T1071.004,1,1,-0.0,0.07,0.9267,953.8,763.04,0.8203,5,4,2.578,6.2171,3.5032,0.6075,5.3257,0,0,0,0,0,0,1.0506,190.76,0.0,190.76,8309.45,9187.35,0,0.0,1.4374,0,0
2026-08-27T19:35:33.015938+00:00,c2_dns_tunnel_v1,c2_dns_tunnel_v1__c7430f52c647,command_and_control,T1071.004,2,1,-0.0,0.0985,0.8779,913.09,456.54,0.8697,6,3,3.3096,6.3568,4.1431,0.562,5.8291,0,0,0,0,0,0,1.6492,152.18,8.33,160.51,7735.9,8622.74,0,0.049,0.3476,0,0
2026-08-27T19:35:38.015938+00:00,c2_dns_tunnel_v1,c2_dns_tunnel_v1__c7430f52c647,command_and_control,T1071.004,2,1,-0.0,0.132,0.8769,3267.2,2904.17,0.914,18,16,3.7254,7.44,3.6036,0.6268,5.4839,0,0,0,0,0,0,1.1111,181.51,26.93,208.44,7086.79,9087.02,0,0.0413,0.9152,0,0
2026-08-27T19:35:43.015938+00:00,c2_dns_tunnel_v1,c2_dns_tunnel_v1__c7430f52c647,command_and_control,T1071.004,4,1,0.317,0.2499,0.7496,4118.86,3228.24,0.7463,16,13,1.7215,4.6255,2.8244,0.463,4.2132,0,1,0,0,0,0,1.2147,263.654,43.93,310.2,8739.502,9269.038,0,0.0054,1.4468,0,0
2026-08-27T19:35:48.015938+00:00,c2_dns_tunnel_v1,c2_dns_tunnel_v1__c7430f52c647,command_and_control,T1071.004,1,1,-0.0,0.1095,0.8865,853.94,683.15,0.811,5,4,2.9516,5.6134,2.914,0.415,4.1591,0,0,0,0,0,0,1.1893,170.79,0.0,170.79,8586.46,8973.21,0,0.0,0.7225,0,0
2026-08-27T19:35:53.015938+00:00,c2_dns_tunnel_v1,c2_dns_tunnel_v1__c7430f52c647,command_and_control,T1071.004,3,1,-0.0,0.1075,0.8937,1912.96,1912.96,0.8249,12,12,4.3998,11.067,3.5432,0.4455,4.8798,0,1,0,0,0,0,0.9373,159.41,29.97,199.57,8095.5,9450.28,0,0.0,0.8664,0,0
2026-08-27T19:35:58.015938+00:00,c2_dns_tunnel_v1,c2_dns_tunnel_v1__c7430f52c647,command_and_control,T1071.004,2,1,-0.0,0.135,0.8972,2057.28,2571.6,0.9599,12,15,4.5782,9.4431,3.6302,0.7164,5.7795,0,0,0,0,0,0,0.7985,171.44,56.26,227.7,8420.08,8233.67,0,0.0,0.229,0,0
2026-08-27T19:36:03.015938+00:00,c2_dns_tunnel_v1,c2_dns_tunnel_v1__c7430f52c647,command_and_control,T1071.004,2,1,-0.0,0.1066,0.8754,2094.9,1645.99,0.926,14,11,3.8445,7.0945,3.2365,0.3822,4.3832,0,0,0,0,0,0,1.2236,149.64,4.4,154.04,8208.9,7178.45,0,0.0152,0.0,0,0
2026-08-27T19:36:08.015938+00:00,c2_dns_tunnel_v1,c2_dns_tunnel_v1__c7430f52c647,command_and_control,T1071.004,1,1,-0.0,0.1345,0.8813,1208.69,1007.25,0.724,6,5,2.3821,4.9736,3.552,0.3736,4.6728,0,0,0,0,0,0,1.0971,201.45,0.0,201.45,7345.87,7187.46,0,0.0,0.8389,0,0
2026-08-27T19:36:13.015938+00:00,c2_dns_tunnel_v1,c2_dns_tunnel_v1__c7430f52c647,command_and_control,T1071.004,1,1,-0.0,0.1055,0.8881,695.68,463.79,0.7775,6,4,2.5316,7.4442,2.9052,0.4796,4.3441,0,0,0,0,0,0,1.3005,115.95,0.0,115.95,8366.39,10645.41,0,0.0338,0.9481,0,0
2026-08-27T19:36:18.015938+00:00,c2_dns_tunnel_v1,c2_dns_tunnel_v1__c7430f52c647,command_and_control,T1071.004,1,1,-0.0,0.0746,0.9485,1102.12,964.36,0.8715,8,7,2.04,4.3003,3.3818,0.7356,5.5886,0,0,0,0,0,0,1.1393,137.77,0.0,137.77,8338.54,8440.23,0,0.0,1.0858,0,0
2026-08-27T19:36:23.015938+00:00,c2_dns_tunnel_v1,c2_dns_tunnel_v1__c7430f52c647,command_and_control,T1071.004,2,1,-0.0,0.1475,0.8521,2188.23,2188.23,0.8278,12,12,2.962,7.8017,3.746,0.5061,5.2643,0,0,0,0,0,0,0.9289,182.35,3.02,185.37,6950.0,9122.36,0,0.0304,1.5079,0,0
2026-08-27T19:36:28.015938+00:00,c2_dns_tunnel_v1,c2_dns_tunnel_v1__c7430f52c647,command_and_control,T1071.004,2,1,0.317,0.2761,0.7054,4045.124,3965.336,0.7958,16,17,2.3318,3.2797,2.0793,0.3737,3.2003,0,0,0,0,0,0,0.9659,259.046,36.786,305.688,7998.63,7041.998,0,0.0313,1.5304,0,0
2026-08-27T19:36:33.015938+00:00,c2_dns_tunnel_v1,c2_dns_tunnel_v1__c7430f52c647,command_and_control,T1071.004,2,1,-0.0,0.0902,0.9082,2869.72,3074.7,0.8238,14,15,3.8726,6.9951,3.7862,0.407,5.0072,0,0,0,0,0,0,0.9016,204.98,1.3,206.28,8179.46,8824.29,0,0.0009,1.6797,0,0
2026-08-27T19:36:38.015938+00:00,c2_dns_tunnel_v1,c2_dns_tunnel_v1__c7430f52c647,command_and_control,T1071.004,3,1,-0.0,0.1132,0.8912,3726.6,3519.56,0.9211,18,17,1.7775,2.851,3.3508,0.4661,4.7491,0,1,0,0,0,0,1.0104,207.03,58.27,249.71,8619.03,9027.0,0,0.0463,0.9819,0,0
2026-08-27T19:36:43.015938+00:00,c2_dns_tunnel_v1,c2_dns_tunnel_v1__c7430f52c647,command_and_control,T1071.004,3,1,-0.0,0.1345,0.8569,2391.82,2072.91,0.8255,15,13,4.0999,9.6636,3.0232,0.6007,4.8253,0,1,0,0,0,0,1.1134,159.45,48.45,209.68,8068.55,6637.74,0,0.0129,1.6713,0,0
2026-08-27T19:36:48.015938+00:00,c2_dns_tunnel_v1,c2_dns_tunnel_v1__c7430f52c647,command_and_control,T1071.004,1,1,-0.0,0.1027,0.9022,2026.85,1520.13,0.8708,8,6,4.9521,13.4165,3.0573,0.4239,4.329,0,0,0,0,0,0,1.2578,253.36,0.0,253.36,9136.95,7973.64,0,0.056,0.5891,0,0
2026-08-27T19:36:53.015938+00:00,c2_dns_tunnel_v1,c2_dns_tunnel_v1__c7430f52c647,command_and_control,T1071.004,2,1,-0.0,0.0852,0.92,1873.64,1605.97,0.8611,14,12,4.1191,7.1108,3.4994,0.756,5.7675,0,0,0,0,0,0,1.1564,133.83,51.77,185.6,9413.67,7580.61,0,0.0,1.471,0,0
2026-08-27T19:36:58.015938+00:00,c2_dns_tunnel_v1,c2_dns_tunnel_v1__c7430f52c647,command_and_control,T1071.004,0,0,0.0,0.141,0.8566,0.0,0.0,0.8336,0,0,2.8176,4.7731,2.8392,0.498,4.3332,0,0,0,0,0,0,1.2152,136.3,0.0,136.3,6749.19,7992.38,0,0.0,1.248,0,0
2026-08-27T19:37:03.015938+00:00,c2_dns_tunnel_v1,c2_dns_tunnel_v1__c7430f52c647,command_and_control,T1071.004,0,0,0.0,0.0723,0.8923,0.0,0.0,0.8334,0,0,3.4522,9.7438,2.221,0.3864,3.3802,0,0,0,0,0,0,0.9375,144.34,0.0,144.34,9806.06,8728.23,0,0.0,2.4603,0,0
2026-08-27T19:37:08.015938+00:00,c2_dns_tunnel_v1,c2_dns_tunnel_v1__c7430f52c647,command_and_control,T1071.004,2,1,-0.0,0.0868,0.925,2223.56,1905.91,0.7766,14,12,2.3328,2.8949,4.1073,0.3786,5.243,0,0,0,0,0,0,1.1208,158.83,30.8,189.62,8835.55,8230.81,0,0.0652,1.0696,0,0
2026-08-27T19:37:13.015938+00:00,c2_dns_tunnel_v1,c2_dns_tunnel_v1__c7430f52c647,command_and_control,T1071.004,2,1,-0.0,0.1213,0.8374,3297.13,3297.13,0.8379,18,18,3.8678,8.8118,3.7955,0.5095,5.3241,0,0,0,0,0,0,0.9764,183.17,35.34,218.51,8224.3,7984.22,0,0.0,1.2764,0,0
2026-08-27T19:37:18.015938+00:00,c2_dns_tunnel_v1,c2_dns_tunnel_v1__c7430f52c647,command_and_control,T1071.004,1,1,0.317,0.2728,0.73,2444.276,2045.688,0.7317,7,6,2.306,3.7926,3.0094,0.6514,4.9636,0,0,0,0,0,0,1.0411,289.558,24.186,323.6,7595.022,8478.79,0,0.0355,1.3919,0,0
2026-08-27T19:37:23.015938+00:00,c2_dns_tunnel_v1,c2_dns_tunnel_v1__c7430f52c647,command_and_control,T1071.004,2,1,-0.0,0.0733,0.9251,1143.08,714.42,0.8841,8,5,2.483,7.346,4.0284,0.7756,6.3552,0,0,0,0,0,0,1.3344,142.88,11.38,154.26,5618.89,6849.22,0,0.0462,0.177,0,0
2026-08-27T19:37:28.015938+00:00,c2_dns_tunnel_v1,c2_dns_tunnel_v1__c7430f52c647,command_and_control,T1071.004,0,0,0.0,0.074,0.9352,0.0,0.0,0.7746,0,0,3.3979,8.8245,3.0363,0.6757,5.0635,0,0,0,0,0,0,1.1936,395.41,0.0,395.41,8420.84,7847.61,0,0.0486,0.0,0,0
2026-08-27T19:37:33.015938+00:00,c2_dns_tunnel_v1,c2_dns_tunnel_v1__c7430f52c647,command_and_control,T1071.004,3,1,-0.0,0.1074,0.839,3058.05,3931.78,0.8476,21,27,4.3951,9.3391,3.1513,0.2667,3.9514,0,1,0,0,0,0,0.7611,145.62,33.8,190.93,9007.28,7926.99,0,0.0051,0.0199,0,0
2026-08-27T19:37:38.015938+00:00,c2_dns_tunnel_v1,c2_dns_tunnel_v1__c7430f52c647,command_and_control,T1071.004,2,1,-0.0,0.1074,0.8914,1206.93,804.62,0.8179,6,4,2.3461,6.429,2.7122,0.2334,3.4124,0,0,0,0,0,0,1.2277,201.15,6.71,207.86,7943.14,7607.73,0,0.0,0.3495,0,0
2026-08-27T19:37:43.015938+00:00,c2_dns_tunnel_v1,c2_dns_tunnel_v1__c7430f52c647,command_and_control,T1071.004,2,1,0.317,0.2224,0.7811,4571.732,4002.192,0.8297,17,16,3.9009,9.0742,2.7867,0.3118,3.7219,0,0,0,0,0,0,1.0825,270.59,43.882,324.328,8510.974,8334.246,0,0.0073,1.3012,0,0
2026-08-27T19:37:48.015938+00:00,c2_dns_tunnel_v1,c2_dns_tunnel_v1__c7430f52c647,command_and_control,T1071.004,1,1,-0.0,0.1473,0.8753,635.98,476.99,0.8584,4,3,3.8883,9.6242,3.3193,0.7379,5.5329,0,0,0,0,0,0,1.167,159.0,0.0,159.0,7089.26,8360.57,0,0.0228,0.7856,0,0
2026-08-27T19:37:53.015938+00:00,c2_dns_tunnel_v1,c2_dns_tunnel_v1__c7430f52c647,command_and_control,T1071.004,4,1,-0.0,0.1648,0.8128,2742.35,2913.75,0.8905,16,17,4.4167,10.9566,3.4032,0.6386,5.3191,0,1,0,0,0,0,0.9374,171.4,47.58,248.7,8064.77,7940.51,0,0.0329,1.5387,0,0
2026-08-27T19:37:58.015938+00:00,c2_dns_tunnel_v1,c2_dns_tunnel_v1__c7430f52c647,command_and_control,T1071.004,3,1,-0.0,0.0875,0.9317,3614.3,3815.09,0.785,18,19,4.7127,13.3545,3.2586,0.4504,4.6099,0,1,0,0,0,0,0.9,200.79,50.51,272.22,7907.91,9423.03,0,0.0007,1.0173,0,0
2026-08-27T19:38:03.015938+00:00,c2_dns_tunnel_v1,c2_dns_tunnel_v1__c7430f52c647,command_and_control,T1071.004,2,1,-0.0,0.1081,0.8917,2268.27,1944.23,0.8221,14,12,3.4244,6.781,3.5777,0.778,5.9118,0,0,0,0,0,0,1.0938,162.02,42.56,204.58,10804.36,5814.0,0,0.0,1.5779,0,0
2026-08-27T19:38:08.015938+00:00,c2_dns_tunnel_v1,c2_dns_tunnel_v1__c7430f52c647,command_and_control,T1071.004,1,1,-0.0,0.0871,0.9337,798.32,684.28,0.7787,7,6,1.843,4.2492,4.0249,0.3878,5.1882,0,0,0,0,0,0,1.0927,114.05,0.0,114.05,7917.02,6914.24,0,0.0235,0.2886,0,0
2026-08-27T19:38:13.015938+00:00,c2_dns_tunnel_v1,c2_dns_tunnel_v1__c7430f52c647,command_and_control,T1071.004,2,1,-0.0,0.0508,0.9669,2693.2,3198.17,0.8631,16,19,2.6955,5.157,2.7781,0.2326,3.476,0,0,0,0,0,0,0.8396,168.32,17.29,185.62,7758.17,8559.04,0,0.0297,1.0952,0,0
2026-08-27T19:38:18.015938+00:00,c2_dns_tunnel_v1,c2_dns_tunnel_v1__c7430f52c647,command_and_control,T1071.004,0,0,0.0,0.1111,0.8506,0.0,0.0,0.9248,0,0,1.8883,3.5806,3.0158,0.4426,4.3437,0,0,0,0,0,0,1.2169,230.61,0.0,230.61,8751.89,10070.4,0,0.0,1.5116,0,0
2026-08-27T19:38:23.015938+00:00,c2_dns_tunnel_v1,c2_dns_tunnel_v1__c7430f52c647,command_and_control,T1071.004,3,1,-0.0,0.1955,0.8361,1519.66,1266.39,0.8348,12,10,2.7529,3.5103,2.9838,0.3642,4.0764,0,1,0,0,0,0,1.0962,126.64,27.6,165.35,7557.55,7817.46,0,0.0049,0.6982,0,0
2026-08-27T19:38:28.015938+00:00,c2_dns_tunnel_v1,c2_dns_tunnel_v1__c7430f52c647,command_and_control,T1071.004,1,1,-0.0,0.1322,0.8657,107.16,0.0,0.9534,1,0,4.8312,7.5007,4.1174,0.4744,5.5406,0,0,0,0,0,0,1.0274,107.16,0.0,107.16,7102.39,8800.23,0,0.0059,1.0546,0,0
2026-08-27T19:38:33.015938+00:00,c2_dns_tunnel_v1,c2_dns_tunnel_v1__c7430f52c647,command_and_control,T1071.004,2,1,-0.0,0.092,0.8927,2176.37,2357.73,0.864,12,13,2.9089,4.8075,3.8433,0.4844,5.2966,0,0,0,0,0,0,0.8858,181.36,21.27,202.63,9250.93,9193.89,0,0.0213,0.9383,0,0
2026-08-27T19:38:38.015938+00:00,c2_dns_tunnel_v1,c2_dns_tunnel_v1__c7430f52c647,command_and_control,T1071.004,1,1,-0.0,0.054,0.9649,601.89,601.89,0.7892,4,4,4.3254,12.7221,3.1364,0.702,5.2425,0,0,0,0,0,0,0.9093,150.47,0.0,150.47,9112.95,7132.7,0,0.0183,0.7901,0,0
2026-08-27T19:38:43.015938+00:00,c2_dns_tunnel_v1,c2_dns_tunnel_v1__c7430f52c647,command_and_control,T1071.004,2,1,0.317,0.2407,0.7546,4206.348,3807.76,0.8259,16,15,2.5656,5.6217,2.894,0.5567,4.5642,0,0,0,0,0,0,1.042,269.126,62.418,341.4,8573.102,9121.326,0,0.0054,1.8678,0,0
2026-08-27T19:38:48.015938+00:00,c2_dns_tunnel_v1,c2_dns_tunnel_v1__c7430f52c647,command_and_control,T1071.004,1,1,-0.0,0.0514,0.9909,1540.93,1198.5,0.8506,9,7,3.9734,11.8872,2.7499,0.4387,4.0659,0,0,0,0,0,0,1.1741,171.21,0.0,171.21,9178.85,9668.12,0,0.0085,0.4516,0,0
2026-08-27T19:38:53.015938+00:00,c2_dns_tunnel_v1,c2_dns_tunnel_v1__c7430f52c647,command_and_control,T1071.004,3,1,-0.0,0.0959,0.9093,3349.03,3125.77,0.8367,15,14,3.9731,7.7461,4.0429,0.8102,6.4736,0,1,0,0,0,0,1.0279,223.27,31.38,246.93,7867.61,8751.19,0,0.0235,0.6562,0,0
2026-08-27T19:38:58.015938+00:00,c2_dns_tunnel_v1,c2_dns_tunnel_v1__c7430f52c647,command_and_control,T1071.004,0,0,0.0,0.1387,0.8639,0.0,0.0,0.9057,0,0,2.8166,5.3193,2.9126,0.4582,4.287,0,0,0,0,0,0,0.9176,138.6,0.0,138.6,8349.03,6903.48,0,0.0,0.5748,0,0
2026-08-27T19:39:03.015938+00:00,c2_dns_tunnel_v1,c2_dns_tunnel_v1__c7430f52c647,command_and_control,T1071.004,3,1,0.317,0.2845,0.6933,4347.484,3568.528,0.7151,15,13,3.3965,8.4009,2.995,0.3599,4.0747,0,1,0,0,0,0,1.1572,289.83,86.122,406.52,7828.366,7952.798,0,0.0501,0.9049,0,0
2026-08-27T19:39:08.015938+00:00,c2_dns_tunnel_v1,c2_dns_tunnel_v1__c7430f52c647,command_and_control,T1071.004,1,1,-0.0,0.1425,0.8484,779.49,779.49,0.867,5,5,1.4951,2.0724,2.8934,0.6085,4.7189,0,0,0,0,0,0,0.9865,155.9,0.0,155.9,6897.74,6286.01,0,0.009,0.8146,0,0
2026-08-27T19:39:13.015938+00:00,c2_dns_tunnel_v1,c2_dns_tunnel_v1__c7430f52c647,command_and_control,T1071.004,1,1,-0.0,0.0726,0.9163,696.97,464.65,0.7313,9,6,3.4712,7.8053,3.3061,0.6732,5.3259,0,0,0,0,0,0,1.4458,77.44,0.0,77.44,8477.57,8103.54,0,0.0182,1.0784,0,0
2026-08-27T19:39:18.015938+00:00,c2_dns_tunnel_v1,c2_dns_tunnel_v1__c7430f52c647,command_and_control,T1071.004,0,0,0.0,0.1412,0.857,0.0,0.0,0.8812,0,0,3.155,4.0659,3.0732,0.2472,3.8148,0,0,0,0,0,0,0.9303,186.95,0.0,186.95,6614.34,8504.24,0,0.0,1.2884,0,0
2026-08-27T19:39:23.015938+00:00,c2_dns_tunnel_v1,c2_dns_tunnel_v1__c7430f52c647,command_and_control,T1071.004,3,1,-0.0,0.0876,0.8979,2720.42,1813.61,0.9105,15,10,3.225,4.1739,2.9453,0.4083,4.1703,0,1,0,0,0,0,1.4672,181.36,16.78,198.35,7115.51,7325.05,0,0.0,0.8863,0,0
2026-08-27T19:39:28.015938+00:00,c2_dns_tunnel_v1,c2_dns_tunnel_v1__c7430f52c647,command_and_control,T1071.004,1,1,-0.0,0.0624,0.931,1000.86,800.69,0.7289,5,4,4.4178,7.5088,3.2879,0.4587,4.6639,0,0,0,0,0,0,1.0622,200.17,0.0,200.17,9189.48,7165.31,0,0.0124,1.023,0,0
2026-08-27T19:39:33.015938+00:00,c2_dns_tunnel_v1,c2_dns_tunnel_v1__c7430f52c647,command_and_control,T1071.004,1,1,-0.0,0.0576,0.9559,1324.27,756.73,0.8214,7,4,2.7643,5.143,3.2985,0.3145,4.242,0,0,0,0,0,0,1.4336,189.18,0.0,189.18,7198.84,8690.2,0,0.0389,0.7854,0,0
2026-08-27T19:39:38.015938+00:00,c2_dns_tunnel_v1,c2_dns_tunnel_v1__c7430f52c647,command_and_control,T1071.004,3,1,-0.0,0.1055,0.8877,6312.64,5050.11,0.8742,30,24,3.1084,5.147,3.2923,0.5734,5.0126,0,1,0,0,0,0,1.2075,210.42,45.35,250.57,9019.02,9785.99,0,0.0013,1.1834,0,0
2026-08-27T19:39:43.015938+00:00,c2_dns_tunnel_v1,c2_dns_tunnel_v1__c7430f52c647,command_and_control,T1071.004,2,1,-0.0,0.0966,0.9016,1039.86,693.24,0.8224,6,4,3.0071,8.5067,3.7319,0.5199,5.2917,0,0,0,0,0,0,1.3172,173.31,1.65,174.97,6787.56,6166.99,0,0.0268,1.3543,0,0
2026-08-27T19:39:48.015938+00:00,c2_dns_tunnel_v1,c2_dns_tunnel_v1__c7430f52c647,command_and_control,T1071.004,2,1,-0.0,0.0855,0.9163,2037.72,1601.07,0.886,14,11,1.9645,2.4223,2.9866,0.3394,4.0049,0,0,0,0,0,0,1.2724,145.55,2.17,147.72,6585.84,6622.89,0,0.0,1.3158,0,0
2026-08-27T19:39:53.015938+00:00,c2_dns_tunnel_v1,c2_dns_tunnel_v1__c7430f52c647,command_and_control,T1071.004,2,1,-0.0,0.0777,0.9238,3206.19,2977.18,0.9106,14,13,4.9313,10.3118,3.5155,0.5608,5.198,0,0,0,0,0,0,1.055,229.01,16.55,245.56,9025.6,6461.47,0,0.026,1.0077,0,0
2026-08-27T19:39:58.015938+00:00,c2_dns_tunnel_v1,c2_dns_tunnel_v1__c7430f52c647,command_and_control,T1071.004,3,1,0.317,0.2186,0.7618,3015.556,2490.224,0.78,13,11,2.749,5.7622,2.4337,0.4097,3.6628,0,1,0,0,0,0,1.0962,226.382,32.21,271.08,8991.182,8795.47,0,0.0054,1.0823,0,0
2026-08-27T19:40:03.015938+00:00,c2_dns_tunnel_v1,c2_dns_tunnel_v1__c7430f52c647,command_and_control,T1071.004,1,1,-0.0,0.08,0.8866,1025.16,854.3,0.8584,6,5,4.8698,9.6302,3.687,0.6066,5.5069,0,0,0,0,0,0,1.1148,170.86,0.0,170.86,7658.06,7161.6,0,0.015,1.1212,0,0
2026-08-27T19:40:08.015938+00:00,c2_dns_tunnel_v1,c2_dns_tunnel_v1__c7430f52c647,command_and_control,T1071.004,0,0,0.0,0.1473,0.8634,0.0,0.0,0.7811,0,0,4.6513,5.592,4.2799,0.652,6.2359,0,0,0,0,0,0,1.1695,156.54,0.0,156.54,9120.91,8293.64,0,0.0042,0.0628,0,0
2026-08-27T19:40:13.015938+00:00,c2_dns_tunnel_v1,c2_dns_tunnel_v1__c7430f52c647,command_and_control,T1071.004,0,0,0.0,0.0577,0.9675,0.0,0.0,0.8524,0,0,2.7264,6.0337,3.6401,0.7372,5.8516,0,0,0,0,0,0,0.8224,192.14,0.0,192.14,8181.4,8422.53,0,0.0,0.5834,0,0
2026-08-27T19:40:18.015938+00:00,c2_dns_tunnel_v1,c2_dns_tunnel_v1__c7430f52c647,command_and_control,T1071.004,1,1,-0.0,0.1057,0.8943,856.6,642.45,0.9051,4,3,3.141,4.6471,2.6925,0.4909,4.1651,0,0,0,0,0,0,1.1344,214.15,0.0,214.15,7624.86,8153.52,0,0.0111,0.2664,0,0
2026-08-27T19:40:23.015938+00:00,c2_dns_tunnel_v1,c2_dns_tunnel_v1__c7430f52c647,command_and_control,T1071.004,1,1,0.317,0.2452,0.7691,1494.7,1096.112,0.7103,3,2,4.0717,6.122,3.2124,0.6722,5.2288,0,0,0,0,0,0,1.2383,169.542,24.186,203.584,8041.03,9345.79,0,0.0054,1.9731,0,0
2026-08-27T19:40:28.015938+00:00,c2_dns_tunnel_v1,c2_dns_tunnel_v1__c7430f52c647,command_and_control,T1071.004,1,1,-0.0,0.0973,0.9145,994.03,710.02,0.8756,7,5,2.8936,5.4211,3.863,0.7465,6.1025,0,0,0,0,0,0,1.2136,142.0,0.0,142.0,7216.36,7075.81,0,0.033,0.4821,0,0
2026-08-27T19:40:33.015938+00:00,c2_dns_tunnel_v1,c2_dns_tunnel_v1__c7430f52c647,command_and_control,T1071.004,2,1,-0.0,0.0964,0.8915,2221.39,1727.75,0.773,18,14,4.3457,5.8904,3.2288,0.6847,5.2829,0,0,0,0,0,0,1.28,123.41,22.22,145.63,6442.0,8164.83,0,0.0,0.6992,0,0
2026-08-27T19:40:38.015938+00:00,c2_dns_tunnel_v1,c2_dns_tunnel_v1__c7430f52c647,command_and_control,T1071.004,3,1,-0.0,0.0486,0.9313,6100.0,5083.34,0.9284,24,20,1.8338,4.3947,2.7007,0.3313,3.6946,0,1,0,0,0,0,1.1903,254.17,6.21,261.89,9065.85,8667.87,0,0.0786,0.8673,0,0
2026-08-27T19:40:43.015938+00:00,c2_dns_tunnel_v1,c2_dns_tunnel_v1__c7430f52c647,command_and_control,T1071.004,3,1,-0.0,0.139,0.9077,5553.09,6562.74,0.8838,33,39,2.0278,3.5687,3.2255,0.5812,4.9691,0,1,0,0,0,0,0.8334,168.28,21.76,189.42,8833.25,9474.91,0,0.0,0.7854,0,0
2026-08-27T19:40:48.015938+00:00,c2_dns_tunnel_v1,c2_dns_tunnel_v1__c7430f52c647,command_and_control,T1071.004,1,1,-0.0,0.0891,0.9376,869.5,869.5,0.8826,6,6,2.4607,4.3923,3.8424,0.5659,5.5401,0,0,0,0,0,0,0.9428,144.92,0.0,144.92,7806.29,8771.46,0,0.054,1.6586,0,0
2026-08-27T19:40:53.015938+00:00,c2_dns_tunnel_v1,c2_dns_tunnel_v1__c7430f52c647,command_and_control,T1071.004,1,1,-0.0,0.1045,0.9067,2434.56,2705.06,0.856,9,10,2.205,2.7404,3.5333,0.5461,5.1715,0,0,0,0,0,0,0.8402,270.51,0.0,270.51,8526.72,8842.39,0,0.0325,1.4587,0,0
2026-08-27T19:40:58.015938+00:00,c2_dns_tunnel_v1,c2_dns_tunnel_v1__c7430f52c647,command_and_control,T1071.004,3,1,-0.0,0.082,0.9171,2366.18,1971.82,0.8208,12,10,4.6269,6.2958,3.1948,0.7044,5.3081,0,1,0,0,0,0,1.1446,197.18,38.23,233.76,8317.5,7204.01,0,0.0,0.8219,0,0
2026-08-27T19:41:03.015938+00:00,c2_dns_tunnel_v1,c2_dns_tunnel_v1__c7430f52c647,command_and_control,T1071.004,0,0,0.0,0.0454,0.9422,0.0,0.0,0.8884,0,0,2.1667,3.8498,3.4317,0.4443,4.7644,0,0,0,0,0,0,1.2004,119.92,0.0,119.92,10137.16,8848.92,0,0.013,1.1904,0,0
2026-08-27T19:41:08.015938+00:00,c2_dns_tunnel_v1,c2_dns_tunnel_v1__c7430f52c647,command_and_control,T1071.004,3,1,-0.0,0.1259,0.8639,979.16,815.97,0.9129,6,5,2.7746,7.6755,4.3186,0.5172,5.8703,0,1,0,0,0,0,1.0668,163.19,58.26,245.55,9878.14,7541.51,0,0.029,0.6124,0,0
2026-08-27T19:41:13.015938+00:00,c2_dns_tunnel_v1,c2_dns_tunnel_v1__c7430f52c647,command_and_control,T1071.004,4,1,-0.0,0.1001,0.8747,3827.59,3349.14,0.8773,24,21,4.1602,11.0816,4.5162,0.6984,6.6115,0,1,0,0,0,0,1.1371,159.48,14.03,178.96,8644.97,6991.53,0,0.0311,1.3817,0,0
2026-08-27T19:41:18.015938+00:00,c2_dns_tunnel_v1,c2_dns_tunnel_v1__c7430f52c647,command_and_control,T1071.004,0,0,0.0,0.1099,0.8855,0.0,0.0,0.923,0,0,3.8057,8.805,2.9769,0.508,4.5009,0,0,0,0,0,0,1.1281,243.82,0.0,243.82,8200.99,7225.15,0,0.0,1.7027,0,0
2026-08-27T19:41:23.015938+00:00,c2_dns_tunnel_v1,c2_dns_tunnel_v1__c7430f52c647,command_and_control,T1071.004,1,1,-0.0,0.1073,0.8438,615.48,461.61,0.7621,4,3,2.9252,3.5509,2.5466,0.4065,3.766,0,0,0,0,0,0,1.0185,153.87,0.0,153.87,6968.91,8718.23,0,0.0274,0.4772,0,0
2026-08-27T19:41:28.015938+00:00,c2_dns_tunnel_v1,c2_dns_tunnel_v1__c7430f52c647,command_and_control,T1071.004,0,0,0.0,0.0732,0.9508,0.0,0.0,0.869,0,0,1.6618,4.3677,2.8273,0.5536,4.4881,0,0,0,0,0,0,1.0928,131.6,0.0,131.6,8923.8,6874.31,0,0.0,1.4585,0,0
2026-08-27T19:41:33.015938+00:00,c2_dns_tunnel_v1,c2_dns_tunnel_v1__c7430f52c647,command_and_control,T1071.004,2,1,-0.0,0.0817,0.8961,861.73,861.73,0.8851,4,4,2.531,4.9809,3.1891,0.5591,4.8663,0,0,0,0,0,0,0.8618,215.43,15.67,231.1,7411.82,5877.14,0,0.0,1.3696,0,0
2026-08-27T19:41:38.015938+00:00,c2_dns_tunnel_v1,c2_dns_tunnel_v1__c7430f52c647,command_and_control,T1071.004,1,1,0.317,0.2584,0.7549,2134.46,1522.624,0.8251,8,5,3.8642,5.9511,3.5108,0.3556,4.5777,0,0,0,0,0,0,1.3924,206.27,24.186,240.312,6794.63,9527.062,0,0.0054,1.6204,0,0
2026-08-27T19:41:43.015938+00:00,c2_dns_tunnel_v1,c2_dns_tunnel_v1__c7430f52c647,command_and_control,T1071.004,0,0,0.0,0.0548,0.9741,0.0,0.0,0.8545,0,0,3.503,10.3985,3.6438,0.2758,4.4711,0,0,0,0,0,0,1.1591,231.96,0.0,231.96,9561.69,8633.38,0,0.0,1.2031,0,0
2026-08-27T19:41:48.015938+00:00,c2_dns_tunnel_v1,c2_dns_tunnel_v1__c7430f52c647,command_and_control,T1071.004,1,1,-0.0,0.0491,0.9538,572.95,381.97,0.8182,6,4,4.8742,12.733,4.2875,0.9442,7.1202,0,0,0,0,0,0,1.2686,95.49,0.0,95.49,9585.04,8351.99,0,0.0,0.4371,0,0
2026-08-27T19:41:53.015938+00:00,c2_dns_tunnel_v1,c2_dns_tunnel_v1__c7430f52c647,command_and_control,T1071.004,2,1,-0.0,0.1026,0.9168,1374.0,1145.0,0.8166,6,5,3.286,4.5402,3.097,0.3686,4.2028,0,0,0,0,0,0,1.0844,229.0,59.02,288.02,9399.84,7836.66,0,0.0301,1.228,0,0
2026-08-27T19:41:58.015938+00:00,c2_dns_tunnel_v1,c2_dns_tunnel_v1__c7430f52c647,command_and_control,T1071.004,0,0,0.0,0.0912,0.9062,0.0,0.0,0.7734,0,0,2.1267,5.9627,3.1566,0.4295,4.4452,0,0,0,0,0,0,1.4074,181.48,0.0,181.48,5872.35,8697.98,0,0.012,1.5326,0,0
2026-08-27T19:42:03.015938+00:00,c2_dns_tunnel_v1,c2_dns_tunnel_v1__c7430f52c647,command_and_control,T1071.004,1,1,-0.0,0.0852,0.9229,2987.07,1493.54,0.9103,12,6,4.8485,8.4137,3.4369,0.6826,5.4847,0,0,0,0,0,0,1.9651,248.92,0.0,248.92,9179.55,8802.87,0,0.0053,1.4276,0,0
2026-08-27T19:42:08.015938+00:00,c2_dns_tunnel_v1,c2_dns_tunnel_v1__c7430f52c647,command_and_control,T1071.004,3,1,-0.0,0.1357,0.8893,4376.03,4376.03,0.8783,21,21,2.2233,5.685,2.9971,0.357,4.068,0,1,0,0,0,0,0.9806,208.38,56.65,282.72,7658.19,8499.82,0,0.0142,1.6571,0,0
2026-08-27T19:42:13.015938+00:00,c2_dns_tunnel_v1,c2_dns_tunnel_v1__c7430f52c647,command_and_control,T1071.004,2,1,-0.0,0.1144,0.8907,768.34,768.34,0.8042,4,4,3.0434,5.3679,2.9564,0.4959,4.4442,0,0,0,0,0,0,0.9878,192.08,50.12,242.21,9219.59,8011.07,0,0.022,0.3085,0,0
2026-08-27T19:42:18.015938+00:00,c2_dns_tunnel_v1,c2_dns_tunnel_v1__c7430f52c647,command_and_control,T1071.004,3,1,-0.0,0.1449,0.8628,2461.51,2297.41,0.7306,15,14,1.6611,4.3731,2.999,0.587,4.7599,0,1,0,0,0,0,1.0348,164.1,16.53,182.25,5994.25,7341.9,0,0.0,0.5998,0,0
2026-08-27T19:42:23.015938+00:00,c2_dns_tunnel_v1,c2_dns_tunnel_v1__c7430f52c647,command_and_control,T1071.004,0,0,0.0,0.0984,0.9087,0.0,0.0,0.89,0,0,4.798,7.7202,4.0631,0.7832,6.4128,0,0,0,0,0,0,0.9985,178.0,0.0,178.0,9399.35,7817.72,0,0.0228,1.3243,0,0
2026-08-27T19:42:28.015938+00:00,c2_dns_tunnel_v1,c2_dns_tunnel_v1__c7430f52c647,command_and_control,T1071.004,1,1,-0.0,0.057,0.9565,868.03,868.03,0.7768,4,4,2.4622,4.7185,3.155,0.5974,4.9471,0,0,0,0,0,0,0.9321,217.01,0.0,217.01,9291.0,9554.66,0,0.0221,0.6241,0,0
2026-08-27T19:42:33.015938+00:00,c2_dns_tunnel_v1,c2_dns_tunnel_v1__c7430f52c647,command_and_control,T1071.004,0,0,0.0,0.09,0.8809,0.0,0.0,0.7966,0,0,3.7366,8.9164,3.1305,0.6948,5.2149,0,0,0,0,0,0,1.0714,185.08,0.0,185.08,9901.57,6414.09,0,0.0107,0.5374,0,0
2026-08-27T19:42:38.015938+00:00,c2_dns_tunnel_v1,c2_dns_tunnel_v1__c7430f52c647,command_and_control,T1071.004,1,1,-0.0,0.0819,0.9327,1440.37,1296.33,0.8577,10,9,4.8686,6.9726,3.2454,0.4091,4.4729,0,0,0,0,0,0,1.1058,144.04,0.0,144.04,6987.53,8902.93,0,0.0591,0.8554,0,0
2026-08-27T19:42:43.015938+00:00,c2_dns_tunnel_v1,c2_dns_tunnel_v1__c7430f52c647,command_and_control,T1071.004,0,0,0.0,0.1101,0.8704,0.0,0.0,0.838,0,0,4.2712,6.6925,3.5095,0.4328,4.8078,0,0,0,0,0,0,0.9457,115.78,0.0,115.78,6328.27,9546.12,0,0.016,1.1172,0,0
2026-08-27T19:42:48.015938+00:00,c2_dns_tunnel_v1,c2_dns_tunnel_v1__c7430f52c647,command_and_control,T1071.004,1,1,-0.0,0.0948,0.9132,1234.76,987.81,0.8149,5,4,3.966,8.4386,2.9326,0.5772,4.6641,0,0,0,0,0,0,1.0247,246.95,0.0,246.95,8849.87,8598.26,0,0.0017,1.2907,0,0
2026-08-27T19:42:53.015938+00:00,c2_dns_tunnel_v1,c2_dns_tunnel_v1__c7430f52c647,command_and_control,T1071.004,2,1,0.317,0.238,0.7832,3296.564,2640.568,0.767,14,12,3.393,7.7084,2.3427,0.5262,3.9213,0,0,0,0,0,0,1.1735,228.35,36.258,274.472,8373.254,8398.126,0,0.0092,1.5671,0,0
2026-08-27T19:42:58.015938+00:00,c2_dns_tunnel_v1,c2_dns_tunnel_v1__c7430f52c647,command_and_control,T1071.004,1,1,-0.0,0.1072,0.9051,914.34,653.1,0.83,7,5,3.2822,9.8144,3.1442,0.673,5.1632,0,0,0,0,0,0,1.3738,130.62,0.0,130.62,7657.59,8865.32,0,0.0,1.6983,0,0
2026-08-27T19:43:03.015938+00:00,c2_dns_tunnel_v1,c2_dns_tunnel_v1__c7430f52c647,command_and_control,T1071.004,1,1,-0.0,0.1167,0.8724,1016.4,726.0,0.9656,7,5,3.577,9.092,3.4145,0.7555,5.6811,0,0,0,0,0,0,1.2081,145.2,0.0,145.2,8031.82,8846.09,0,0.0228,1.2872,0,0
2026-08-27T19:43:08.015938+00:00,c2_dns_tunnel_v1,c2_dns_tunnel_v1__c7430f52c647,command_and_control,T1071.004,1,1,-0.0,0.1229,0.888,1234.82,1234.82,0.8715,8,8,4.4872,8.6189,3.2542,0.3866,4.4142,0,0,0,0,0,0,0.9467,154.35,0.0,154.35,9353.78,8369.6,0,0.0127,0.6983,0,0
2026-08-27T19:43:13.015938+00:00,c2_dns_tunnel_v1,c2_dns_tunnel_v1__c7430f52c647,command_and_control,T1071.004,0,0,0.0,0.1204,0.8674,0.0,0.0,0.8172,0,0,4.0744,5.8333,3.1163,0.3376,4.1291,0,0,0,0,0,0,1.1033,151.41,0.0,151.41,7162.83,6949.99,0,0.0201,1.4173,0,0
2026-08-27T19:43:18.015938+00:00,c2_dns_tunnel_v1,c2_dns_tunnel_v1__c7430f52c647,command_and_control,T1071.004,0,0,0.0,0.1098,0.9033,0.0,0.0,0.8204,0,0,2.4645,3.3131,4.0227,0.3563,5.0917,0,0,0,0,0,0,0.9062,259.36,0.0,259.36,7493.29,10482.71,0,0.0,1.1957,0,0
2026-08-27T19:43:23.015938+00:00,c2_dns_tunnel_v1,c2_dns_tunnel_v1__c7430f52c647,command_and_control,T1071.004,1,1,-0.0,0.1274,0.8748,471.1,235.55,0.7443,2,1,3.2218,6.9931,3.571,0.4692,4.9787,0,0,0,0,0,0,1.0784,235.55,0.0,235.55,7479.9,8289.58,0,0.0526,0.7494,0,0
2026-08-27T19:43:28.015938+00:00,c2_dns_tunnel_v1,c2_dns_tunnel_v1__c7430f52c647,command_and_control,T1071.004,1,1,-0.0,0.0519,0.9656,478.4,318.93,0.8531,3,2,2.7093,4.2329,3.1254,0.3256,4.1023,0,0,0,0,0,0,1.355,159.47,0.0,159.47,8244.05,9051.84,0,0.0,0.9774,0,0
2026-08-27T19:43:33.015938+00:00,c2_dns_tunnel_v1,c2_dns_tunnel_v1__c7430f52c647,command_and_control,T1071.004,0,0,0.0,0.1271,0.909,0.0,0.0,0.8317,0,0,2.3583,7.0246,4.1253,0.8821,6.7717,0,0,0,0,0,0,1.2438,174.2,0.0,174.2,8399.2,8734.47,0,0.0026,0.9255,0,0
2026-08-27T19:43:38.015938+00:00,c2_dns_tunnel_v1,c2_dns_tunnel_v1__c7430f52c647,command_and_control,T1071.004,3,1,-0.0,0.1099,0.8855,3357.5,2984.44,0.8905,18,16,4.4146,8.2395,2.4569,0.228,3.141,0,1,0,0,0,0,1.1034,186.53,70.55,282.83,7046.37,7798.59,0,0.0114,1.2778,0,0
2026-08-27T19:43:43.015938+00:00,c2_dns_tunnel_v1,c2_dns_tunnel_v1__c7430f52c647,command_and_control,T1071.004,3,1,0.317,0.2491,0.745,2375.068,1829.752,0.7981,8,6,3.0281,8.3899,2.6505,0.4116,3.8855,0,1,0,0,0,0,1.065,246.374,61.586,332.632,6364.19,9909.75,0,0.0096,1.2458,0,0
2026-08-27T19:43:48.015938+00:00,c2_dns_tunnel_v1,c2_dns_tunnel_v1__c7430f52c647,command_and_control,T1071.004,2,1,-0.0,0.15,0.8745,1639.95,1229.96,0.8593,8,6,2.2466,3.0818,3.6816,0.3547,4.7458,0,0,0,0,0,0,1.2103,204.99,27.91,232.9,7495.64,7349.91,0,0.0355,0.932,0,0
2026-08-27T19:43:53.015938+00:00,c2_dns_tunnel_v1,c2_dns_tunnel_v1__c7430f52c647,command_and_control,T1071.004,2,1,-0.0,0.1441,0.8432,1270.19,846.79,0.8339,6,4,2.8977,6.8482,2.8628,0.3739,3.9846,0,0,0,0,0,0,1.2407,211.7,8.02,219.72,9606.61,9467.03,0,0.0,1.1002,0,0
2026-08-27T19:43:58.015938+00:00,c2_dns_tunnel_v1,c2_dns_tunnel_v1__c7430f52c647,command_and_control,T1071.004,4,1,-0.0,0.1625,0.8749,1998.09,1498.57,0.8794,12,9,5.1975,13.7146,4.2693,0.6537,6.2304,0,1,0,0,0,0,1.2663,166.51,26.6,205.52,8456.31,9395.6,0,0.0348,0.8375,0,0
2026-08-27T19:44:03.015938+00:00,c2_dns_tunnel_v1,c2_dns_tunnel_v1__c7430f52c647,command_and_control,T1071.004,1,1,-0.0,0.1044,0.8694,1660.68,1453.09,0.8987,8,7,5.1105,11.2513,3.7074,0.4466,5.0471,0,0,0,0,0,0,1.0756,207.58,0.0,207.58,8163.34,9468.02,0,0.0378,0.7429,0,0
2026-08-27T19:44:08.015938+00:00,c2_dns_tunnel_v1,c2_dns_tunnel_v1__c7430f52c647,command_and_control,T1071.004,2,1,-0.0,0.0881,0.9408,1352.86,1521.97,0.8166,8,9,4.1135,11.781,3.2316,0.3112,4.165,0,0,0,0,0,0,0.8339,169.11,15.58,184.69,7275.3,8156.58,0,0.0148,0.5591,0,0
2026-08-27T19:44:13.015938+00:00,c2_dns_tunnel_v1,c2_dns_tunnel_v1__c7430f52c647,command_and_control,T1071.004,1,1,-0.0,0.0824,0.9446,553.42,415.07,0.8555,4,3,3.6803,10.2226,4.2072,0.8384,6.7225,0,0,0,0,0,0,1.0885,138.36,0.0,138.36,7271.85,9036.79,0,0.0,1.3061,0,0
2026-08-27T19:44:18.015938+00:00,c2_dns_tunnel_v1,c2_dns_tunnel_v1__c7430f52c647,command_and_control,T1071.004,1,1,-0.0,0.0686,0.9069,771.23,771.23,0.7506,6,6,3.0703,6.1587,3.6241,0.6817,5.6691,0,0,0,0,0,0,0.9856,128.54,0.0,128.54,8996.54,9169.22,0,0.0245,1.2907,0,0
2026-08-27T19:44:23.015938+00:00,c2_dns_tunnel_v1,c2_dns_tunnel_v1__c7430f52c647,command_and_control,T1071.004,1,1,-0.0,0.0888,0.9104,886.41,886.41,0.8595,6,6,3.0008,8.3493,4.2634,0.3535,5.324,0,0,0,0,0,0,0.965,147.73,0.0,147.73,8665.86,8163.6,0,0.0207,1.5874,0,0
2026-08-27T19:44:28.015938+00:00,c2_dns_tunnel_v1,c2_dns_tunnel_v1__c7430f52c647,command_and_control,T1071.004,2,1,-0.0,0.1064,0.8703,769.19,384.6,0.8351,4,2,2.6546,5.0687,3.4281,0.3382,4.4427,0,0,0,0,0,0,1.3351,192.3,10.11,202.41,9140.4,7442.89,0,0.0,1.062,0,0
2026-08-27T19:44:33.015938+00:00,c2_dns_tunnel_v1,c2_dns_tunnel_v1__c7430f52c647,command_and_control,T1071.004,2,1,-0.0,0.0726,0.9063,2330.38,2097.34,0.8825,10,9,1.7104,3.3834,3.7568,0.3525,4.8143,0,0,0,0,0,0,1.0625,233.04,19.61,252.65,8460.85,10026.64,0,0.0077,0.5688,0,0
2026-08-27T19:44:38.015938+00:00,c2_dns_tunnel_v1,c2_dns_tunnel_v1__c7430f52c647,command_and_control,T1071.004,0,0,0.0,0.0495,0.9702,0.0,0.0,0.7842,0,0,2.7484,3.5221,3.047,0.2692,3.8545,0,0,0,0,0,0,1.0391,196.82,0.0,196.82,9177.98,9869.83,0,0.0365,0.9305,0,0
2026-08-27T19:44:43.015938+00:00,c2_dns_tunnel_v1,c2_dns_tunnel_v1__c7430f52c647,command_and_control,T1071.004,1,1,-0.0,0.0355,0.9735,1032.34,619.4,0.8359,5,3,1.828,5.0726,3.1741,0.6221,5.0404,0,0,0,0,0,0,1.6054,206.47,0.0,206.47,7962.36,8054.94,0,0.0399,0.9467,0,0
2026-08-27T19:44:48.015938+00:00,c2_dns_tunnel_v1,c2_dns_tunnel_v1__c7430f52c647,command_and_control,T1071.004,2,1,-0.0,0.1218,0.8614,2286.16,1796.27,0.8198,14,11,4.414,6.8846,3.2814,0.5131,4.8207,0,0,0,0,0,0,1.2154,163.3,0.92,164.21,9581.0,9036.55,0,0.0531,0.8675,0,0
2026-08-27T19:44:53.015938+00:00,c2_dns_tunnel_v1,c2_dns_tunnel_v1__c7430f52c647,command_and_control,T1071.004,2,1,-0.0,0.1035,0.8822,2537.4,2325.95,0.933,12,11,4.1585,8.8547,3.6848,0.5005,5.1864,0,0,0,0,0,0,1.0158,211.45,89.25,300.7,6729.24,9049.64,0,0.0,0.9776,0,0
2026-08-27T19:44:58.015938+00:00,c2_dns_tunnel_v1,c2_dns_tunnel_v1__c7430f52c647,command_and_control,T1071.004,0,0,0.0,0.1256,0.8678,0.0,0.0,0.8657,0,0,4.2605,5.2308,3.1605,0.4028,4.369,0,0,0,0,0,0,0.9015,145.99,0.0,145.99,9389.98,7443.78,0,0.0,1.101,0,0
2026-08-27T19:45:03.015938+00:00,c2_dns_tunnel_v1,c2_dns_tunnel_v1__c7430f52c647,command_and_control,T1071.004,2,1,-0.0,0.0652,0.9703,1101.88,881.5,0.8077,10,8,5.0653,6.8323,3.2775,0.5105,4.8091,0,0,0,0,0,0,1.215,110.19,21.93,132.12,8163.27,7677.54,0,0.0,1.1727,0,0
2026-08-27T19:45:08.015938+00:00,c2_dns_tunnel_v1,c2_dns_tunnel_v1__c7430f52c647,command_and_control,T1071.004,2,1,-0.0,0.0706,0.9364,1725.51,1725.51,0.9313,6,6,2.5637,3.752,3.6684,0.5594,5.3467,0,0,0,0,0,0,0.9768,287.58,110.53,398.12,8438.76,7509.18,0,0.0176,1.0169,0,0
2026-08-27T19:45:13.015938+00:00,c2_dns_tunnel_v1,c2_dns_tunnel_v1__c7430f52c647,command_and_control,T1071.004,3,1,-0.0,0.1037,0.8778,3281.64,3281.64,0.7759,21,21,2.7405,5.3966,3.2454,0.3118,4.1809,0,1,0,0,0,0,0.9842,156.27,24.44,189.51,9117.12,7314.36,0,0.0386,1.79,0,0
2026-08-27T19:45:18.015938+00:00,c2_dns_tunnel_v1,c2_dns_tunnel_v1__c7430f52c647,command_and_control,T1071.004,2,1,-0.0,0.1093,0.9063,1111.81,1111.81,0.8214,6,6,3.7717,7.2655,2.9303,0.6501,4.8808,0,0,0,0,0,0,0.9029,185.3,53.6,238.9,7888.09,8965.7,0,0.0185,1.51,0,0
2026-08-27T19:45:23.015938+00:00,c2_dns_tunnel_v1,c2_dns_tunnel_v1__c7430f52c647,command_and_control,T1071.004,2,1,-0.0,0.1158,0.884,968.97,807.48,0.7929,6,5,4.1027,9.7436,3.7711,0.3028,4.6796,0,0,0,0,0,0,1.1501,161.5,29.92,191.42,8604.63,8637.68,0,0.043,0.0,0,0
2026-08-27T19:45:28.015938+00:00,c2_dns_tunnel_v1,c2_dns_tunnel_v1__c7430f52c647,command_and_control,T1071.004,1,1,0.317,0.2512,0.7517,2269.524,1561.008,0.7397,7,5,2.73,7.443,3.0112,0.6774,5.0433,0,0,0,0,0,0,1.3228,254.614,24.186,288.656,8362.982,8911.742,0,0.0469,1.4164,0,0
2026-08-27T19:45:33.015938+00:00,c2_dns_tunnel_v1,c2_dns_tunnel_v1__c7430f52c647,command_and_control,T1071.004,1,1,-0.0,0.1041,0.906,1064.96,1064.96,0.8142,5,5,2.7685,5.0443,3.1941,0.5419,4.8197,0,0,0,0,0,0,0.8715,212.99,0.0,212.99,8145.98,7899.85,0,0.0,0.1606,0,0
2026-08-27T19:45:38.015938+00:00,c2_dns_tunnel_v1,c2_dns_tunnel_v1__c7430f52c647,command_and_control,T1071.004,1,1,-0.0,0.0472,0.9622,1064.06,1197.06,0.8128,8,9,4.3686,9.8806,3.7728,0.3856,4.9296,0,0,0,0,0,0,0.8545,133.01,0.0,133.01,8315.84,7987.06,0,0.0774,0.0,0,0
2026-08-27T19:45:43.015938+00:00,c2_dns_tunnel_v1,c2_dns_tunnel_v1__c7430f52c647,command_and_control,T1071.004,3,1,-0.0,0.0909,0.9055,4067.32,3873.64,0.825,21,20,3.6768,7.7919,3.33,0.7121,5.4661,0,1,0,0,0,0,1.0268,193.68,51.57,263.69,7553.84,8808.0,0,0.0181,0.0,0,0
2026-08-27T19:45:48.015938+00:00,c2_dns_tunnel_v1,c2_dns_tunnel_v1__c7430f52c647,command_and_control,T1071.004,1,1,-0.0,0.0864,0.9248,992.22,771.72,0.8867,9,7,4.1353,8.4591,3.0146,0.4264,4.2939,0,0,0,0,0,0,1.1942,110.25,0.0,110.25,6635.6,9898.92,0,0.0,1.8678,0,0
2026-08-27T19:45:53.015938+00:00,c2_dns_tunnel_v1,c2_dns_tunnel_v1__c7430f52c647,command_and_control,T1071.004,4,1,-0.0,0.1378,0.8379,5226.09,5226.09,0.9606,28,28,2.1305,4.2685,3.0773,0.279,3.9143,0,1,0,0,0,0,0.9887,186.65,31.32,230.83,9438.83,6219.94,0,0.0022,1.1826,0,0
2026-08-27T19:45:58.015938+00:00,c2_dns_tunnel_v1,c2_dns_tunnel_v1__c7430f52c647,command_and_control,T1071.004,1,1,-0.0,0.085,0.8982,698.74,838.48,0.84,5,6,2.6677,4.0641,3.3273,0.3271,4.3085,0,0,0,0,0,0,0.8166,139.75,0.0,139.75,9740.36,7570.27,0,0.0,0.8443,0,0
2026-08-27T19:46:03.015938+00:00,c2_dns_tunnel_v1,c2_dns_tunnel_v1__c7430f52c647,command_and_control,T1071.004,0,0,0.0,0.1026,0.9067,0.0,0.0,0.8293,0,0,3.0849,6.4104,3.442,0.7403,5.6629,0,0,0,0,0,0,0.8655,268.22,0.0,268.22,7069.51,7386.0,0,0.0215,1.5309,0,0
2026-08-27T19:46:08.015938+00:00,c2_dns_tunnel_v1,c2_dns_tunnel_v1__c7430f52c647,command_and_control,T1071.004,0,0,0.0,0.0924,0.9181,0.0,0.0,0.8657,0,0,3.6453,8.0283,3.031,0.4552,4.3967,0,0,0,0,0,0,0.9787,143.51,0.0,143.51,8603.48,8626.44,0,0.0239,1.5703,0,0
2026-08-27T19:46:13.015938+00:00,c2_dns_tunnel_v1,c2_dns_tunnel_v1__c7430f52c647,command_and_control,T1071.004,2,1,-0.0,0.0893,0.8656,1951.1,1672.37,0.8176,14,12,3.9908,10.7335,3.9028,0.832,6.3989,0,0,0,0,0,0,1.1491,139.36,47.51,186.87,8323.17,9149.01,0,0.0,0.344,0,0
2026-08-27T19:46:18.015938+00:00,c2_dns_tunnel_v1,c2_dns_tunnel_v1__c7430f52c647,command_and_control,T1071.004,0,0,0.0,0.1083,0.8975,0.0,0.0,0.7569,0,0,2.8687,6.9845,3.4671,0.7645,5.7605,0,0,0,0,0,0,1.1073,133.23,0.0,133.23,8210.56,7354.0,0,0.0,0.0,0,0
2026-08-27T19:46:23.015938+00:00,c2_dns_tunnel_v1,c2_dns_tunnel_v1__c7430f52c647,command_and_control,T1071.004,4,1,-0.0,0.119,0.8655,4393.98,3923.2,0.8433,28,25,5.5871,7.772,3.8588,0.8388,6.3752,0,1,0,0,0,0,1.1123,156.93,47.71,224.44,8464.34,7332.53,0,0.0057,1.3768,0,0
2026-08-27T19:46:28.015938+00:00,c2_dns_tunnel_v1,c2_dns_tunnel_v1__c7430f52c647,command_and_control,T1071.004,0,0,0.0,0.1314,0.8237,0.0,0.0,0.8505,0,0,3.2586,6.5831,3.0837,0.6653,5.0794,0,0,0,0,0,0,1.3113,123.37,0.0,123.37,8323.77,9750.92,0,0.0072,0.2372,0,0
2026-08-27T19:46:33.015938+00:00,c2_dns_tunnel_v1,c2_dns_tunnel_v1__c7430f52c647,command_and_control,T1071.004,4,1,0.317,0.2379,0.7253,4963.748,4420.616,0.7304,22,21,2.1007,3.1773,2.9452,0.553,4.6043,0,1,0,0,0,0,1.0693,244.19,71.314,353.504,7712.678,8326.35,0,0.0593,1.5963,0,0
2026-08-27T19:46:38.015938+00:00,c2_dns_tunnel_v1,c2_dns_tunnel_v1__c7430f52c647,command_and_control,T1071.004,1,1,-0.0,0.0836,0.9283,973.12,973.12,0.8875,7,7,3.8195,10.3973,3.5914,0.2931,4.4706,0,0,0,0,0,0,0.8835,139.02,0.0,139.02,8318.57,8862.8,0,0.0,0.0,0,0
2026-08-27T19:46:43.015938+00:00,c2_dns_tunnel_v1,c2_dns_tunnel_v1__c7430f52c647,command_and_control,T1071.004,3,1,-0.0,0.0967,0.8796,3753.46,3544.94,0.7768,18,17,3.732,5.1785,2.868,0.5628,4.5563,0,1,0,0,0,0,1.0283,208.53,36.16,257.78,9089.6,9456.62,0,0.0167,1.2765,0,0
2026-08-27T19:46:48.015938+00:00,c2_dns_tunnel_v1,c2_dns_tunnel_v1__c7430f52c647,command_and_control,T1071.004,1,1,-0.0,0.1549,0.8442,1344.51,1210.06,0.8375,10,9,3.1264,4.0319,3.0394,0.6611,5.0226,0,0,0,0,0,0,1.0115,134.45,0.0,134.45,8158.1,7347.57,0,0.0159,0.9865,0,0
2026-08-27T19:46:53.015938+00:00,c2_dns_tunnel_v1,c2_dns_tunnel_v1__c7430f52c647,command_and_control,T1071.004,3,1,-0.0,0.1051,0.8984,6671.46,6226.7,0.8207,30,28,3.5083,8.9428,2.9407,0.5766,4.6705,0,1,0,0,0,0,1.066,222.38,58.55,304.95,7003.28,9289.92,0,0.0,0.6858,0,0
2026-08-27T19:46:58.015938+00:00,c2_dns_tunnel_v1,c2_dns_tunnel_v1__c7430f52c647,command_and_control,T1071.004,3,1,-0.0,0.1062,0.9195,5350.04,3962.99,0.8362,27,20,4.9644,14.8555,3.5388,0.4702,4.9492,0,1,0,0,0,0,1.3225,198.15,23.74,227.9,7759.2,9107.13,0,0.0532,0.5519,0,0
2026-08-27T19:47:03.015938+00:00,c2_dns_tunnel_v1,c2_dns_tunnel_v1__c7430f52c647,command_and_control,T1071.004,1,1,0.317,0.2688,0.6876,2211.844,1813.256,0.8018,9,8,4.1139,8.4467,3.742,0.3351,4.7473,0,0,0,0,0,0,1.0537,202.094,24.186,236.136,7903.11,8780.438,0,0.0054,1.5291,0,0
2026-08-27T19:47:08.015938+00:00,c2_dns_tunnel_v1,c2_dns_tunnel_v1__c7430f52c647,command_and_control,T1071.004,1,1,-0.0,0.1027,0.8866,963.1,1685.42,0.894,4,7,3.261,6.1917,3.7571,0.614,5.599,0,0,0,0,0,0,0.5651,240.77,0.0,240.77,7374.7,8210.38,0,0.049,1.6684,0,0
2026-08-27T19:47:13.015938+00:00,c2_dns_tunnel_v1,c2_dns_tunnel_v1__c7430f52c647,command_and_control,T1071.004,0,0,0.0,0.1078,0.9055,0.0,0.0,0.8477,0,0,2.9617,4.3024,3.4969,0.5838,5.2482,0,0,0,0,0,0,0.9014,97.72,0.0,97.72,7222.2,8804.49,0,0.0299,1.6471,0,0
2026-08-27T19:47:18.015938+00:00,c2_dns_tunnel_v1,c2_dns_tunnel_v1__c7430f52c647,command_and_control,T1071.004,1,1,-0.0,0.0581,0.9484,1299.67,742.67,0.8913,7,4,5.3099,8.2303,3.8016,0.4202,5.0622,0,0,0,0,0,0,1.5274,185.67,0.0,185.67,6490.88,8298.93,0,0.0,0.7616,0,0
2026-08-27T19:47:23.015938+00:00,c2_dns_tunnel_v1,c2_dns_tunnel_v1__c7430f52c647,command_and_control,T1071.004,1,1,-0.0,0.113,0.8955,906.86,518.21,0.7839,7,4,4.8474,6.8683,3.1913,0.6066,5.0112,0,0,0,0,0,0,1.5111,129.55,0.0,129.55,10369.96,9641.6,0,0.0,0.9131,0,0
2026-08-27T19:47:28.015938+00:00,c2_dns_tunnel_v1,c2_dns_tunnel_v1__c7430f52c647,command_and_control,T1071.004,1,1,-0.0,0.1538,0.8417,1143.4,857.55,0.796,8,6,5.2537,8.793,2.9477,0.4415,4.2722,0,0,0,0,0,0,1.2761,142.92,0.0,142.92,7244.48,9564.69,0,0.0703,1.2,0,0
2026-08-27T19:47:33.015938+00:00,c2_dns_tunnel_v1,c2_dns_tunnel_v1__c7430f52c647,command_and_control,T1071.004,0,0,0.0,0.0542,0.9717,0.0,0.0,0.8094,0,0,2.4767,4.1223,3.9581,0.2995,4.8565,0,0,0,0,0,0,1.0906,165.73,0.0,165.73,7102.3,9139.34,0,0.0009,0.1022,0,0
2026-08-27T19:47:38.015938+00:00,c2_dns_tunnel_v1,c2_dns_tunnel_v1__c7430f52c647,command_and_control,T1071.004,2,1,-0.0,0.1328,0.8572,2031.86,1625.49,0.8802,10,8,3.2816,5.0877,2.7033,0.4735,4.1238,0,0,0,0,0,0,1.1718,203.19,31.79,234.98,7105.17,7692.22,0,0.0276,1.1204,0,0
2026-08-27T19:47:43.015938+00:00,c2_dns_tunnel_v1,c2_dns_tunnel_v1__c7430f52c647,command_and_control,T1071.004,0,0,0.0,0.0236,0.9983,0.0,0.0,0.8691,0,0,1.7434,4.0196,3.216,0.3797,4.355,0,0,0,0,0,0,1.3759,278.89,0.0,278.89,6332.06,7351.41,0,0.0097,1.7693,0,0
2026-08-27T19:47:48.015938+00:00,c2_dns_tunnel_v1,c2_dns_tunnel_v1__c7430f52c647,command_and_control,T1071.004,1,1,-0.0,0.0909,0.8976,1280.61,1280.61,0.8639,6,6,4.0132,7.4527,3.8888,0.5071,5.41,0,0,0,0,0,0,0.9323,213.44,0.0,213.44,7232.54,7634.25,0,0.0259,1.5851,0,0
2026-08-27T19:47:53.015938+00:00,c2_dns_tunnel_v1,c2_dns_tunnel_v1__c7430f52c647,command_and_control,T1071.004,2,1,-0.0,0.1206,0.846,3800.48,3800.48,0.8859,20,20,1.8661,5.5923,2.7916,0.3178,3.7449,0,0,0,0,0,0,0.9595,190.02,53.57,243.59,9083.87,8871.4,0,0.045,0.0,0,0
2026-08-27T19:47:58.015938+00:00,c2_dns_tunnel_v1,c2_dns_tunnel_v1__c7430f52c647,command_and_control,T1071.004,4,1,-0.0,0.1224,0.9278,4225.08,2816.72,0.8354,24,16,1.5933,3.2621,2.9429,0.2807,3.7851,0,1,0,0,0,0,1.4255,176.05,54.58,235.89,9112.72,8260.12,0,0.017,0.7755,0,0
2026-08-27T19:48:03.015938+00:00,c2_dns_tunnel_v1,c2_dns_tunnel_v1__c7430f52c647,command_and_control,T1071.004,0,0,0.0,0.1159,0.8756,0.0,0.0,0.9161,0,0,2.6503,6.4587,3.2605,0.5488,4.907,0,0,0,0,0,0,1.1458,102.51,0.0,102.51,7092.65,9791.49,0,0.0645,0.5859,0,0
2026-08-27T19:48:08.015938+00:00,c2_dns_tunnel_v1,c2_dns_tunnel_v1__c7430f52c647,command_and_control,T1071.004,3,1,-0.0,0.1304,0.8915,1839.94,1993.26,0.8746,12,13,4.6136,13.5126,2.9481,0.6036,4.7589,0,1,0,0,0,0,0.9113,153.33,26.88,189.22,7796.99,8979.54,0,0.0061,0.6282,0,0
2026-08-27T19:48:13.015938+00:00,c2_dns_tunnel_v1,c2_dns_tunnel_v1__c7430f52c647,command_and_control,T1071.004,2,1,-0.0,0.0475,0.9839,3138.72,2615.6,0.8591,18,15,4.5728,6.2464,3.3241,0.7454,5.5602,0,0,0,0,0,0,1.1459,174.37,9.21,183.59,10590.44,10025.18,0,0.0246,1.6704,0,0
2026-08-27T19:48:18.015938+00:00,c2_dns_tunnel_v1,c2_dns_tunnel_v1__c7430f52c647,command_and_control,T1071.004,2,1,-0.0,0.0063,1.0,1005.12,670.08,0.7901,6,4,3.6764,7.5222,3.58,0.5597,5.2591,0,0,0,0,0,0,1.3555,167.52,11.6,179.12,7241.04,7616.39,0,0.0541,0.0,0,0
2026-08-27T19:48:23.015938+00:00,c2_dns_tunnel_v1,c2_dns_tunnel_v1__c7430f52c647,command_and_control,T1071.004,0,0,0.0,0.0384,0.9514,0.0,0.0,0.8903,0,0,4.5668,8.0217,2.9923,0.6337,4.8935,0,0,0,0,0,0,1.2717,113.89,0.0,113.89,7815.16,9979.39,0,0.0,1.0631,0,0
2026-08-27T19:48:28.015938+00:00,c2_dns_tunnel_v1,c2_dns_tunnel_v1__c7430f52c647,command_and_control,T1071.004,0,0,0.0,0.0697,0.935,0.0,0.0,0.852,0,0,4.3834,12.9487,3.6594,0.5009,5.1621,0,0,0,0,0,0,1.2624,124.87,0.0,124.87,7220.48,10383.71,0,0.0312,1.4678,0,0
2026-08-27T19:48:33.015938+00:00,c2_dns_tunnel_v1,c2_dns_tunnel_v1__c7430f52c647,command_and_control,T1071.004,0,0,0.0,0.1032,0.8975,0.0,0.0,0.8464,0,0,4.8348,8.7204,3.4092,0.427,4.69,0,0,0,0,0,0,1.2613,167.89,0.0,167.89,8691.13,7335.42,0,0.0,0.4647,0,0
2026-08-27T19:48:38.015938+00:00,c2_dns_tunnel_v1,c2_dns_tunnel_v1__c7430f52c647,command_and_control,T1071.004,1,1,-0.0,0.0905,0.9122,597.85,478.28,0.8024,5,4,3.1859,5.9791,4.3156,0.5407,5.9378,0,0,0,0,0,0,1.1142,119.57,0.0,119.57,8703.45,9379.4,0,0.0,0.0,0,0
2026-08-27T19:48:43.015938+00:00,c2_dns_tunnel_v1,c2_dns_tunnel_v1__c7430f52c647,command_and_control,T1071.004,3,1,-0.0,0.1051,0.8807,3928.24,3535.42,0.8129,30,27,3.4371,9.5349,3.5276,0.7124,5.6647,0,1,0,0,0,0,1.0876,130.94,12.43,147.94,9093.42,7829.93,0,0.0302,1.5388,0,0
2026-08-27T19:48:48.015938+00:00,c2_dns_tunnel_v1,c2_dns_tunnel_v1__c7430f52c647,command_and_control,T1071.004,1,1,-0.0,0.1351,0.8337,817.28,817.28,0.8727,7,7,5.1259,13.5727,3.6133,0.4605,4.9949,0,0,0,0,0,0,0.9148,116.75,0.0,116.75,8890.28,9334.01,0,0.0,0.3825,0,0
2026-08-27T19:48:53.015938+00:00,c2_dns_tunnel_v1,c2_dns_tunnel_v1__c7430f52c647,command_and_control,T1071.004,0,0,0.0,0.1312,0.8553,0.0,0.0,0.819,0,0,4.9361,12.7517,4.4393,0.7801,6.7796,0,0,0,0,0,0,1.2325,86.27,0.0,86.27,8500.23,8135.0,0,0.0431,0.3225,0,0
2026-08-27T19:48:58.015938+00:00,c2_dns_tunnel_v1,c2_dns_tunnel_v1__c7430f52c647,command_and_control,T1071.004,1,1,-0.0,0.0847,0.9222,1507.23,1055.06,0.8828,10,7,4.2238,11.5298,3.2437,0.5832,4.9933,0,0,0,0,0,0,1.304,150.72,0.0,150.72,8907.5,7503.12,0,0.0123,0.9889,0,0
2026-08-27T19:49:03.015938+00:00,c2_dns_tunnel_v1,c2_dns_tunnel_v1__c7430f52c647,command_and_control,T1071.004,3,1,-0.0,0.0925,0.8985,934.42,467.21,0.8641,6,3,4.2509,9.9589,2.8803,0.3798,4.0198,0,1,0,0,0,0,1.6189,155.74,35.05,204.62,7648.28,7036.48,0,0.0138,1.4876,0,0
2026-08-27T19:49:08.015938+00:00,c2_dns_tunnel_v1,c2_dns_tunnel_v1__c7430f52c647,command_and_control,T1071.004,1,1,0.317,0.2347,0.7614,1494.7,1096.112,0.763,3,2,3.7556,5.6887,2.5063,0.4877,3.9693,0,0,0,0,0,0,0.97,242.07,24.186,276.112,9131.174,8448.358,0,0.0073,1.3971,0,0
2026-08-27T19:49:13.015938+00:00,c2_dns_tunnel_v1,c2_dns_tunnel_v1__c7430f52c647,command_and_control,T1071.004,2,1,-0.0,0.1036,0.8973,1181.42,1181.42,0.8049,8,8,5.0034,9.2854,4.1081,0.6984,6.2032,0,0,0,0,0,0,0.9923,147.68,22.78,170.46,7508.22,8529.35,0,0.0028,1.5905,0,0
2026-08-27T19:49:18.015938+00:00,c2_dns_tunnel_v1,c2_dns_tunnel_v1__c7430f52c647,command_and_control,T1071.004,0,0,0.0,0.0787,0.9481,0.0,0.0,0.8298,0,0,2.3578,5.2446,3.1733,0.4412,4.497,0,0,0,0,0,0,1.0612,144.65,0.0,144.65,9418.47,7780.19,0,0.0,0.4046,0,0
2026-08-27T19:49:23.015938+00:00,c2_dns_tunnel_v1,c2_dns_tunnel_v1__c7430f52c647,command_and_control,T1071.004,1,1,-0.0,0.077,0.9267,683.3,512.47,0.8048,4,3,4.9058,6.5882,4.5123,0.6855,6.5688,0,0,0,0,0,0,1.3274,170.82,0.0,170.82,7237.72,8474.61,0,0.0435,0.6949,0,0
2026-08-27T19:49:28.015938+00:00,c2_dns_tunnel_v1,c2_dns_tunnel_v1__c7430f52c647,command_and_control,T1071.004,2,1,-0.0,0.105,0.9277,952.5,1111.25,0.836,6,7,2.06,4.8383,3.9149,0.4264,5.1941,0,0,0,0,0,0,0.7684,158.75,30.46,189.2,7931.33,10129.25,0,0.0,1.1189,0,0
2026-08-27T19:49:33.015938+00:00,c2_dns_tunnel_v1,c2_dns_tunnel_v1__c7430f52c647,command_and_control,T1071.004,1,1,-0.0,0.0466,0.9522,793.1,566.5,0.8548,7,5,3.2193,3.8737,3.0937,0.5177,4.6469,0,0,0,0,0,0,1.2039,113.3,0.0,113.3,7051.42,8192.42,0,0.0201,0.8356,0,0
2026-08-27T19:49:38.015938+00:00,c2_dns_tunnel_v1,c2_dns_tunnel_v1__c7430f52c647,command_and_control,T1071.004,1,1,-0.0,0.099,0.8698,1548.58,1769.8,0.9185,7,8,3.2753,5.778,2.988,0.2291,3.6753,0,0,0,0,0,0,0.835,221.23,0.0,221.23,8132.89,8485.2,0,0.0171,1.4689,0,0
2026-08-27T19:49:43.015938+00:00,c2_dns_tunnel_v1,c2_dns_tunnel_v1__c7430f52c647,command_and_control,T1071.004,3,1,-0.0,0.0871,0.8899,3041.39,2433.11,0.8104,15,12,4.87,6.7258,4.1229,0.7084,6.2481,0,1,0,0,0,0,1.2471,202.76,3.92,208.15,8673.9,7432.17,0,0.0658,0.6598,0,0
2026-08-27T19:49:48.015938+00:00,c2_dns_tunnel_v1,c2_dns_tunnel_v1__c7430f52c647,command_and_control,T1071.004,4,1,-0.0,0.0889,0.898,1602.07,1201.56,0.8472,12,9,3.4873,10.0239,2.9913,0.2745,3.8149,0,1,0,0,0,0,1.3245,133.51,50.14,208.57,8747.72,8095.6,0,0.0,1.9777,0,0
2026-08-27T19:49:53.015938+00:00,c2_dns_tunnel_v1,c2_dns_tunnel_v1__c7430f52c647,command_and_control,T1071.004,0,0,0.0,0.1089,0.8627,0.0,0.0,0.8929,0,0,1.8843,2.6205,3.5617,0.7835,5.9123,0,0,0,0,0,0,1.1266,198.11,0.0,198.11,8254.91,6539.33,0,0.0,0.8301,0,0
2026-08-27T19:49:58.015938+00:00,c2_dns_tunnel_v1,c2_dns_tunnel_v1__c7430f52c647,command_and_control,T1071.004,1,1,-0.0,0.125,0.8833,622.6,622.6,0.7972,3,3,3.5323,7.9551,2.9473,0.4001,4.1477,0,0,0,0,0,0,0.9512,207.53,0.0,207.53,7740.02,8984.49,0,0.0355,1.4751,0,0
2026-08-27T19:50:03.015938+00:00,c2_dns_tunnel_v1,c2_dns_tunnel_v1__c7430f52c647,command_and_control,T1071.004,0,0,0.0,0.0853,0.8898,0.0,0.0,0.9057,0,0,5.1446,9.3435,4.0321,0.5653,5.7281,0,0,0,0,0,0,1.0206,130.82,0.0,130.82,6832.07,6989.71,0,0.0,1.2397,0,0
2026-08-27T19:50:08.015938+00:00,c2_dns_tunnel_v1,c2_dns_tunnel_v1__c7430f52c647,command_and_control,T1071.004,0,0,0.0,0.0581,0.9173,0.0,0.0,0.8362,0,0,2.2671,6.7828,3.7816,0.347,4.8225,0,0,0,0,0,0,0.9169,137.83,0.0,137.83,8097.33,7947.66,0,0.0,1.7717,0,0
2026-08-27T19:50:13.015938+00:00,c2_dns_tunnel_v1,c2_dns_tunnel_v1__c7430f52c647,command_and_control,T1071.004,1,1,-0.0,0.1102,0.8683,1040.84,1040.84,0.8557,6,6,2.9947,5.7164,3.34,0.3664,4.4393,0,0,0,0,0,0,0.996,173.47,0.0,173.47,6957.57,8889.64,0,0.0142,1.2997,0,0
2026-08-27T19:50:18.015938+00:00,c2_dns_tunnel_v1,c2_dns_tunnel_v1__c7430f52c647,command_and_control,T1071.004,2,1,-0.0,0.1255,0.8962,570.68,428.01,0.8005,4,3,2.5452,5.9992,3.6289,0.7071,5.7501,0,0,0,0,0,0,1.2274,142.67,3.4,146.07,6589.88,7356.29,0,0.0,1.0915,0,0
2026-08-27T19:50:23.015938+00:00,c2_dns_tunnel_v1,c2_dns_tunnel_v1__c7430f52c647,command_and_control,T1071.004,1,1,0.317,0.251,0.735,1494.7,1096.112,0.7415,3,2,2.3994,5.9723,2.8908,0.6122,4.7275,0,0,0,0,0,0,1.3452,225.67,24.186,259.712,9135.55,8037.27,0,0.0054,1.9286,0,0
2026-08-27T19:50:28.015938+00:00,c2_dns_tunnel_v1,c2_dns_tunnel_v1__c7430f52c647,command_and_control,T1071.004,0,0,0.0,0.1087,0.8952,0.0,0.0,0.8064,0,0,4.5444,6.9728,2.3631,0.3829,3.5118,0,0,0,0,0,0,1.3358,227.06,0.0,227.06,6624.4,6212.02,0,0.0072,0.7978,0,0
2026-08-27T19:50:33.015938+00:00,c2_dns_tunnel_v1,c2_dns_tunnel_v1__c7430f52c647,command_and_control,T1071.004,1,1,-0.0,0.0666,0.926,749.4,749.4,0.9096,4,4,4.5759,7.8871,3.9739,0.377,5.1048,0,0,0,0,0,0,0.9935,187.35,0.0,187.35,9817.45,8514.17,0,0.0796,1.2078,0,0
2026-08-27T19:50:38.015938+00:00,c2_dns_tunnel_v1,c2_dns_tunnel_v1__c7430f52c647,command_and_control,T1071.004,1,1,-0.0,0.1092,0.8852,823.64,658.91,0.7738,5,4,2.4604,3.219,3.7287,0.6533,5.6887,0,0,0,0,0,0,1.0398,164.73,0.0,164.73,7552.01,7506.75,0,0.0462,0.0714,0,0
2026-08-27T19:50:43.015938+00:00,c2_dns_tunnel_v1,c2_dns_tunnel_v1__c7430f52c647,command_and_control,T1071.004,2,1,-0.0,0.0934,0.8921,1740.83,1218.58,0.8076,10,7,4.551,11.9446,3.2375,0.7262,5.4162,0,0,0,0,0,0,1.3497,174.08,6.51,180.59,8477.51,7305.66,0,0.0,0.856,0,0
2026-08-27T19:50:48.015938+00:00,c2_dns_tunnel_v1,c2_dns_tunnel_v1__c7430f52c647,command_and_control,T1071.004,1,1,-0.0,0.0486,0.9429,880.5,880.5,0.8917,7,7,3.9896,9.3738,3.5683,0.3628,4.6567,0,0,0,0,0,0,0.9251,125.79,0.0,125.79,8404.81,8776.57,0,0.0517,0.5927,0,0
2026-08-27T19:50:53.015938+00:00,c2_dns_tunnel_v1,c2_dns_tunnel_v1__c7430f52c647,command_and_control,T1071.004,2,1,-0.0,0.1148,0.8662,1786.54,1429.23,0.8738,10,8,4.2239,12.4454,3.2124,0.438,4.5265,0,0,0,0,0,0,1.1465,178.65,42.12,220.78,8774.44,10804.45,0,0.0001,1.344,0,0
2026-08-27T19:50:58.015938+00:00,c2_dns_tunnel_v1,c2_dns_tunnel_v1__c7430f52c647,command_and_control,T1071.004,1,1,-0.0,0.0963,0.9167,211.94,105.97,0.8266,2,1,2.19,6.1676,4.0601,0.745,6.2949,0,0,0,0,0,0,1.3244,105.97,0.0,105.97,7349.23,6592.87,0,0.0447,1.3459,0,0
2026-08-27T19:51:03.015938+00:00,c2_dns_tunnel_v1,c2_dns_tunnel_v1__c7430f52c647,command_and_control,T1071.004,2,1,-0.0,0.1216,0.8748,3417.51,3417.51,0.8636,14,14,1.9756,4.459,2.2508,0.3639,3.3425,0,0,0,0,0,0,0.9715,244.11,36.27,280.38,7663.95,6798.95,0,0.001,1.2311,0,0
2026-08-27T19:51:08.015938+00:00,c2_dns_tunnel_v1,c2_dns_tunnel_v1__c7430f52c647,command_and_control,T1071.004,3,1,-0.0,0.079,0.9379,4585.39,3311.67,0.9228,18,13,4.3368,12.6893,2.9138,0.4464,4.253,0,1,0,0,0,0,1.3487,254.74,77.56,362.68,8003.2,8632.86,0,0.0118,0.0,0,0
2026-08-27T19:51:13.015938+00:00,c2_dns_tunnel_v1,c2_dns_tunnel_v1__c7430f52c647,command_and_control,T1071.004,2,1,-0.0,0.1019,0.8918,1317.3,1646.63,0.8482,8,10,1.7225,2.7464,2.9962,0.6079,4.8199,0,0,0,0,0,0,0.7371,164.66,16.78,181.44,8142.48,8849.91,0,0.0,1.291,0,0
2026-08-27T19:51:18.015938+00:00,c2_dns_tunnel_v1,c2_dns_tunnel_v1__c7430f52c647,command_and_control,T1071.004,1,1,-0.0,0.0539,0.9427,937.42,1093.66,0.871,6,7,2.6855,5.2735,3.3315,0.5759,5.0594,0,0,0,0,0,0,0.7766,156.24,0.0,156.24,8473.45,6381.71,0,0.0,0.8103,0,0
2026-08-27T19:51:23.015938+00:00,c2_dns_tunnel_v1,c2_dns_tunnel_v1__c7430f52c647,command_and_control,T1071.004,1,1,-0.0,0.1017,0.8807,430.89,143.63,0.7474,3,1,3.9552,7.0491,2.9441,0.3327,3.9421,0,0,0,0,0,0,1.5661,143.63,0.0,143.63,8778.37,6130.78,0,0.0611,0.672,0,0
2026-08-27T19:51:28.015938+00:00,c2_dns_tunnel_v1,c2_dns_tunnel_v1__c7430f52c647,command_and_control,T1071.004,3,1,0.317,0.2676,0.7257,5720.652,6589.856,0.8209,27,33,1.9829,5.2405,2.9135,0.6082,4.7382,0,1,0,0,0,0,0.8653,240.51,45.602,291.912,8668.934,8021.622,0,0.0054,1.8694,0,0
2026-08-27T19:51:33.015938+00:00,c2_dns_tunnel_v1,c2_dns_tunnel_v1__c7430f52c647,command_and_control,T1071.004,0,0,0.0,0.1049,0.8815,0.0,0.0,0.8278,0,0,3.1672,4.8118,4.0018,0.753,6.2609,0,0,0,0,0,0,1.1826,236.52,0.0,236.52,7644.2,6765.71,0,0.0,1.3716,0,0
2026-08-27T19:51:38.015938+00:00,c2_dns_tunnel_v1,c2_dns_tunnel_v1__c7430f52c647,command_and_control,T1071.004,2,1,-0.0,0.1208,0.8649,493.96,370.47,0.8538,4,3,2.3355,6.768,3.4874,0.2963,4.3762,0,0,0,0,0,0,1.2231,123.49,2.54,126.03,8816.36,8674.91,0,0.0,0.3725,0,0
2026-08-27T19:51:43.015938+00:00,c2_dns_tunnel_v1,c2_dns_tunnel_v1__c7430f52c647,command_and_control,T1071.004,1,1,-0.0,0.0623,0.9366,2798.74,1865.82,0.7119,9,6,4.6824,6.5137,4.0421,0.6274,5.9244,0,0,0,0,0,0,1.4987,310.97,0.0,310.97,6900.84,8170.67,0,0.0174,1.3219,0,0
2026-08-27T19:51:48.015938+00:00,c2_dns_tunnel_v1,c2_dns_tunnel_v1__c7430f52c647,command_and_control,T1071.004,0,0,0.0,0.0661,0.9262,0.0,0.0,0.9195,0,0,2.1825,5.9449,3.859,0.4875,5.3216,0,0,0,0,0,0,1.0135,136.92,0.0,136.92,8482.46,8542.32,0,0.0043,1.4795,0,0
2026-08-27T19:51:53.015938+00:00,c2_dns_tunnel_v1,c2_dns_tunnel_v1__c7430f52c647,command_and_control,T1071.004,1,1,-0.0,0.0743,0.9306,1429.97,1429.97,0.8934,7,7,4.2602,8.938,3.6096,0.7082,5.7342,0,0,0,0,0,0,0.9271,204.28,0.0,204.28,9435.22,8690.24,0,0.0591,0.8092,0,0
2026-08-27T19:51:58.015938+00:00,c2_dns_tunnel_v1,c2_dns_tunnel_v1__c7430f52c647,command_and_control,T1071.004,2,1,-0.0,0.1047,0.9021,2971.28,1733.25,0.8223,12,7,2.1727,3.856,3.2979,0.6199,5.1577,0,0,0,0,0,0,1.5137,247.61,3.86,251.47,7491.04,7843.68,0,0.0166,1.4291,0,0
2026-08-27T19:52:03.015938+00:00,c2_dns_tunnel_v1,c2_dns_tunnel_v1__c7430f52c647,command_and_control,T1071.004,0,0,0.0,0.0828,0.8941,0.0,0.0,0.8015,0,0,2.3479,4.6042,2.789,0.4456,4.1257,0,0,0,0,0,0,0.7521,198.7,0.0,198.7,7113.89,9307.64,0,0.0,1.8085,0,0
2026-08-27T19:52:08.015938+00:00,c2_dns_tunnel_v1,c2_dns_tunnel_v1__c7430f52c647,command_and_control,T1071.004,1,1,-0.0,0.0549,0.9661,2222.29,2716.13,0.8631,9,11,4.6005,9.9726,3.4512,0.6293,5.3392,0,0,0,0,0,0,0.7923,246.92,0.0,246.92,8715.01,8888.82,0,0.0069,0.6936,0,0
2026-08-27T19:52:13.015938+00:00,c2_dns_tunnel_v1,c2_dns_tunnel_v1__c7430f52c647,command_and_control,T1071.004,2,1,-0.0,0.0465,0.9919,913.15,913.15,0.9337,6,6,4.927,7.0808,3.3768,0.3565,4.4462,0,0,0,0,0,0,0.9755,152.19,23.26,175.45,7329.95,6425.74,0,0.0,0.8478,0,0
2026-08-27T19:52:18.015938+00:00,c2_dns_tunnel_v1,c2_dns_tunnel_v1__c7430f52c647,command_and_control,T1071.004,2,1,-0.0,0.1275,0.8615,1312.05,1476.05,0.834,8,9,3.478,9.3269,3.1296,0.4949,4.6144,0,0,0,0,0,0,0.8046,164.01,4.34,168.35,9432.64,6524.59,0,0.0655,0.8383,0,0
2026-08-27T19:52:23.015938+00:00,c2_dns_tunnel_v1,c2_dns_tunnel_v1__c7430f52c647,command_and_control,T1071.004,0,0,0.0,0.0885,0.9019,0.0,0.0,0.9107,0,0,1.6998,4.1369,3.3312,0.4778,4.7645,0,0,0,0,0,0,1.0563,287.76,0.0,287.76,9655.24,5900.44,0,0.0,1.1384,0,0
2026-08-27T19:52:28.015938+00:00,c2_dns_tunnel_v1,c2_dns_tunnel_v1__c7430f52c647,command_and_control,T1071.004,1,1,-0.0,0.1072,0.9106,1265.73,1054.77,0.8501,6,5,3.8257,8.7712,3.4103,0.5303,5.0012,0,0,0,0,0,0,1.0293,210.95,0.0,210.95,8385.81,7735.56,0,0.0,0.8485,0,0
2026-08-27T19:52:33.015938+00:00,c2_dns_tunnel_v1,c2_dns_tunnel_v1__c7430f52c647,command_and_control,T1071.004,0,0,0.0,0.0805,0.8697,0.0,0.0,0.8331,0,0,2.4748,6.4529,3.2054,0.6435,5.1358,0,0,0,0,0,0,1.1919,194.48,0.0,194.48,9283.7,6609.45,0,0.0,0.4469,0,0
2026-08-27T19:52:38.015938+00:00,c2_dns_tunnel_v1,c2_dns_tunnel_v1__c7430f52c647,command_and_control,T1071.004,1,1,-0.0,0.1607,0.8253,901.66,721.33,0.785,5,4,3.2956,8.9125,3.2076,0.5826,4.9555,0,0,0,0,0,0,1.0427,180.33,0.0,180.33,8600.1,6280.32,0,0.0566,0.9821,0,0
2026-08-27T19:52:43.015938+00:00,c2_dns_tunnel_v1,c2_dns_tunnel_v1__c7430f52c647,command_and_control,T1071.004,2,1,-0.0,0.1379,0.8622,708.53,708.53,0.8142,4,4,3.6511,6.4327,2.4963,0.5028,4.0048,0,0,0,0,0,0,0.9677,177.13,32.66,209.79,8907.91,7847.62,0,0.0,1.2199,0,0
2026-08-27T19:52:48.015938+00:00,c2_dns_tunnel_v1,c2_dns_tunnel_v1__c7430f52c647,command_and_control,T1071.004,2,1,-0.0,0.1,0.8948,618.84,309.42,0.8342,4,2,2.4986,5.3467,3.4457,0.5784,5.1808,0,0,0,0,0,0,1.4404,154.71,16.5,171.21,8241.08,7956.81,0,0.0236,0.5721,0,0
2026-08-27T19:52:53.015938+00:00,c2_dns_tunnel_v1,c2_dns_tunnel_v1__c7430f52c647,command_and_control,T1071.004,2,1,-0.0,0.1336,0.8721,2489.31,3111.64,0.7603,8,10,3.3595,8.0588,3.2708,0.6717,5.286,0,0,0,0,0,0,0.7919,311.16,29.78,340.94,9304.01,7712.31,0,0.0036,0.6561,0,0
2026-08-27T19:52:58.015938+00:00,c2_dns_tunnel_v1,c2_dns_tunnel_v1__c7430f52c647,command_and_control,T1071.004,0,0,0.0,0.1383,0.8654,0.0,0.0,0.9431,0,0,3.0595,4.1676,3.4607,0.5662,5.1593,0,0,0,0,0,0,0.9089,297.23,0.0,297.23,10002.14,9493.09,0,0.0,0.2894,0,0
2026-08-27T19:53:03.015938+00:00,c2_dns_tunnel_v1,c2_dns_tunnel_v1__c7430f52c647,command_and_control,T1071.004,3,1,-0.0,0.1216,0.9122,5141.05,3598.73,0.8029,30,21,3.6686,6.3912,3.1886,0.487,4.6497,0,1,0,0,0,0,1.3788,171.37,14.05,184.25,8396.72,8057.66,0,0.0194,1.3708,0,0
2026-08-27T19:53:08.015938+00:00,c2_dns_tunnel_v1,c2_dns_tunnel_v1__c7430f52c647,command_and_control,T1071.004,1,1,-0.0,0.0859,0.9432,669.81,535.85,0.904,5,4,1.9566,3.0791,3.5565,0.5567,5.2265,0,0,0,0,0,0,1.0868,133.96,0.0,133.96,7341.22,6222.77,0,0.0,0.5094,0,0
2026-08-27T19:53:13.015938+00:00,c2_dns_tunnel_v1,c2_dns_tunnel_v1__c7430f52c647,command_and_control,T1071.004,0,0,0.0,0.0585,0.934,0.0,0.0,0.8553,0,0,1.9872,2.9188,3.8777,0.5404,5.499,0,0,0,0,0,0,1.0046,163.91,0.0,163.91,9277.74,8265.98,0,0.0,1.226,0,0
2026-08-27T19:53:18.015938+00:00,c2_dns_tunnel_v1,c2_dns_tunnel_v1__c7430f52c647,command_and_control,T1071.004,0,0,0.0,0.1184,0.8666,0.0,0.0,0.9165,0,0,5.0312,6.0659,3.8671,0.6975,5.9596,0,0,0,0,0,0,0.8693,196.96,0.0,196.96,8008.75,8959.67,0,0.0,0.7236,0,0
2026-08-27T19:53:23.015938+00:00,c2_dns_tunnel_v1,c2_dns_tunnel_v1__c7430f52c647,command_and_control,T1071.004,1,1,-0.0,0.1213,0.8654,1541.74,1541.74,0.8059,8,8,3.4137,9.7917,3.1144,0.564,4.8063,0,0,0,0,0,0,0.9273,192.72,0.0,192.72,8400.07,8661.35,0,0.0395,0.6011,0,0
2026-08-27T19:53:28.015938+00:00,c2_dns_tunnel_v1,c2_dns_tunnel_v1__c7430f52c647,command_and_control,T1071.004,1,1,0.317,0.2308,0.7864,2233.612,1982.8,0.7665,7,7,2.8625,6.7219,2.8411,0.6517,4.7962,0,0,0,0,0,0,0.8579,247.43,24.186,281.472,8464.582,9638.086,0,0.0444,2.036,0,0
2026-08-27T19:53:33.015938+00:00,c2_dns_tunnel_v1,c2_dns_tunnel_v1__c7430f52c647,command_and_control,T1071.004,4,1,-0.0,0.0575,0.983,4035.9,3195.09,0.8367,24,19,3.8827,5.1292,2.7809,0.485,4.2359,0,1,0,0,0,0,1.21,168.16,40.48,219.59,7755.2,7913.66,0,0.0128,1.2236,0,0
2026-08-27T19:53:38.015938+00:00,c2_dns_tunnel_v1,c2_dns_tunnel_v1__c7430f52c647,command_and_control,T1071.004,0,0,0.0,0.0647,0.9095,0.0,0.0,0.8219,0,0,3.3149,7.5298,2.9853,0.4364,4.2945,0,0,0,0,0,0,1.1239,168.56,0.0,168.56,8715.72,8380.69,0,0.0,1.2864,0,0
2026-08-27T19:53:43.015938+00:00,c2_dns_tunnel_v1,c2_dns_tunnel_v1__c7430f52c647,command_and_control,T1071.004,2,1,-0.0,0.1333,0.8887,2712.72,2983.99,0.7783,20,22,1.6697,2.9776,3.2266,0.7042,5.3391,0,0,0,0,0,0,0.8921,135.64,2.6,138.23,7776.56,8594.95,0,0.0,1.6862,0,0
2026-08-27T19:53:48.015938+00:00,c2_dns_tunnel_v1,c2_dns_tunnel_v1__c7430f52c647,command_and_control,T1071.004,0,0,0.0,0.0764,0.9112,0.0,0.0,0.9384,0,0,4.4831,8.9339,3.3542,0.3287,4.3402,0,0,0,0,0,0,1.076,262.13,0.0,262.13,8291.24,8212.47,0,0.0,0.9083,0,0
2026-08-27T19:53:53.015938+00:00,c2_dns_tunnel_v1,c2_dns_tunnel_v1__c7430f52c647,command_and_control,T1071.004,1,1,-0.0,0.1701,0.8386,1437.56,1026.83,0.9406,7,5,4.2986,9.7556,4.116,0.7374,6.3283,0,0,0,0,0,0,1.3153,205.37,0.0,205.37,7673.26,7045.21,0,0.0779,1.4091,0,0
2026-08-27T19:53:58.015938+00:00,c2_dns_tunnel_v1,c2_dns_tunnel_v1__c7430f52c647,command_and_control,T1071.004,1,1,-0.0,0.0444,0.9825,1228.54,1228.54,0.9073,7,7,2.2096,4.2302,3.8153,0.4967,5.3054,0,0,0,0,0,0,0.8832,175.51,0.0,175.51,9082.37,9423.56,0,0.0491,0.9089,0,0
2026-08-27T19:54:03.015938+00:00,c2_dns_tunnel_v1,c2_dns_tunnel_v1__c7430f52c647,command_and_control,T1071.004,2,1,-0.0,0.1003,0.8805,1916.19,2554.92,0.871,12,16,4.831,6.4277,2.874,0.5945,4.6574,0,0,0,0,0,0,0.7066,159.68,32.27,191.95,7258.42,9101.66,0,0.0247,0.8636,0,0
2026-08-27T19:54:08.015938+00:00,c2_dns_tunnel_v1,c2_dns_tunnel_v1__c7430f52c647,command_and_control,T1071.004,1,1,-0.0,0.1078,0.9044,543.76,407.82,0.9015,4,3,4.2022,10.4616,3.5243,0.4038,4.7358,0,0,0,0,0,0,1.0755,135.94,0.0,135.94,9233.95,8552.67,0,0.0215,1.4129,0,0
2026-08-27T19:54:13.015938+00:00,c2_dns_tunnel_v1,c2_dns_tunnel_v1__c7430f52c647,command_and_control,T1071.004,0,0,0.0,0.1518,0.8532,0.0,0.0,0.8661,0,0,4.4775,9.7825,3.0677,0.5193,4.6255,0,0,0,0,0,0,0.8537,140.91,0.0,140.91,6233.26,9041.8,0,0.0275,1.206,0,0
2026-08-27T19:54:18.015938+00:00,c2_dns_tunnel_v1,c2_dns_tunnel_v1__c7430f52c647,command_and_control,T1071.004,4,1,-0.0,0.1335,0.8725,2299.74,1868.54,0.8476,16,13,3.8102,11.2524,3.1937,0.4912,4.6672,0,1,0,0,0,0,1.1816,143.73,18.44,169.81,6114.94,5852.76,0,0.0337,0.6481,0,0
2026-08-27T19:54:23.015938+00:00,c2_dns_tunnel_v1,c2_dns_tunnel_v1__c7430f52c647,command_and_control,T1071.004,3,1,-0.0,0.1577,0.8398,3231.68,2800.79,0.9032,15,13,2.4981,4.7423,3.2524,0.4532,4.6119,0,1,0,0,0,0,1.1269,215.45,41.32,253.38,7388.78,8372.51,0,0.0329,0.5206,0,0
2026-08-27T19:54:28.015938+00:00,c2_dns_tunnel_v1,c2_dns_tunnel_v1__c7430f52c647,command_and_control,T1071.004,1,1,-0.0,0.1435,0.8735,837.14,669.71,0.7876,5,4,3.054,4.3717,3.2056,0.5447,4.8397,0,0,0,0,0,0,1.0759,167.43,0.0,167.43,6856.97,7746.91,0,0.0,1.0611,0,0
2026-08-27T19:54:33.015938+00:00,c2_dns_tunnel_v1,c2_dns_tunnel_v1__c7430f52c647,command_and_control,T1071.004,0,0,0.0,0.166,0.8024,0.0,0.0,0.8342,0,0,2.6383,6.4144,2.8094,0.3806,3.9513,0,0,0,0,0,0,0.9977,152.15,0.0,152.15,8475.1,8330.14,0,0.0146,1.0601,0,0
2026-08-27T19:54:38.015938+00:00,c2_dns_tunnel_v1,c2_dns_tunnel_v1__c7430f52c647,command_and_control,T1071.004,2,1,-0.0,0.1278,0.8512,4846.9,3525.02,0.8104,22,16,2.962,4.4691,3.386,0.3703,4.4968,0,0,0,0,0,0,1.2979,220.31,31.03,251.34,7809.4,7621.46,0,0.0564,1.5698,0,0
2026-08-27T19:54:43.015938+00:00,c2_dns_tunnel_v1,c2_dns_tunnel_v1__c7430f52c647,command_and_control,T1071.004,2,1,0.317,0.2344,0.782,3212.412,2445.744,0.8367,14,11,3.3405,8.2917,2.6724,0.3221,3.6388,0,0,0,0,0,0,1.2361,222.342,24.714,256.904,8115.758,8671.486,0,0.0054,1.2864,0,0
2026-08-27T19:54:48.015938+00:00,c2_dns_tunnel_v1,c2_dns_tunnel_v1__c7430f52c647,command_and_control,T1071.004,0,0,0.0,0.1196,0.8393,0.0,0.0,0.9411,0,0,1.6914,4.4339,2.7924,0.438,4.1063,0,0,0,0,0,0,1.4879,164.53,0.0,164.53,7473.45,9633.68,0,0.0,0.5357,0,0
2026-08-27T19:54:53.015938+00:00,c2_dns_tunnel_v1,c2_dns_tunnel_v1__c7430f52c647,command_and_control,T1071.004,0,0,0.0,0.0609,0.9405,0.0,0.0,0.8502,0,0,2.8354,8.1903,2.9172,0.5152,4.4628,0,0,0,0,0,0,1.1016,151.37,0.0,151.37,8002.09,7288.44,0,0.0,0.7127,0,0
2026-08-27T19:54:58.015938+00:00,c2_dns_tunnel_v1,c2_dns_tunnel_v1__c7430f52c647,command_and_control,T1071.004,2,1,-0.0,0.1306,0.8562,3322.01,2768.34,0.884,18,15,3.7874,11.1642,3.8683,0.7193,6.0263,0,0,0,0,0,0,1.1313,184.56,34.76,219.32,7904.15,7423.09,0,0.0138,0.2367,0,0
2026-08-27T19:55:03.015938+00:00,c2_dns_tunnel_v1,c2_dns_tunnel_v1__c7430f52c647,command_and_control,T1071.004,1,1,-0.0,0.1452,0.8366,1567.76,979.85,0.8579,8,5,4.5248,6.4204,3.869,0.5048,5.3835,0,0,0,0,0,0,1.4003,195.97,0.0,195.97,7903.24,9035.03,0,0.0225,2.1482,0,0
2026-08-27T19:55:08.015938+00:00,c2_dns_tunnel_v1,c2_dns_tunnel_v1__c7430f52c647,command_and_control,T1071.004,4,1,-0.0,0.1204,0.8824,4119.68,3089.76,0.8274,28,21,3.846,7.2626,3.4463,0.5415,5.0707,0,1,0,0,0,0,1.2825,147.13,26.83,186.0,7930.78,7242.83,0,0.0,0.6774,0,0
2026-08-27T19:55:13.015938+00:00,c2_dns_tunnel_v1,c2_dns_tunnel_v1__c7430f52c647,command_and_control,T1071.004,1,1,-0.0,0.0606,0.9228,1399.08,1598.95,0.9054,7,8,4.2538,8.7556,3.6265,0.6054,5.4427,0,0,0,0,0,0,0.8713,199.87,0.0,199.87,8077.24,6104.47,0,0.0,1.184,0,0
2026-08-27T19:55:18.015938+00:00,c2_dns_tunnel_v1,c2_dns_tunnel_v1__c7430f52c647,command_and_control,T1071.004,2,1,-0.0,0.1182,0.8407,2411.3,1894.59,0.8152,14,11,4.798,9.4704,2.8976,0.4978,4.3911,0,0,0,0,0,0,1.1737,172.24,63.15,235.38,7864.38,8078.01,0,0.0291,1.0633,0,0
2026-08-27T19:55:23.015938+00:00,c2_dns_tunnel_v1,c2_dns_tunnel_v1__c7430f52c647,command_and_control,T1071.004,1,1,-0.0,0.1111,0.9173,1562.35,1367.06,0.7529,8,7,4.0929,8.1342,2.7378,0.5437,4.3687,0,0,0,0,0,0,1.1297,195.29,0.0,195.29,8790.93,9597.25,0,0.0,0.9385,0,0
2026-08-27T19:55:28.015938+00:00,c2_dns_tunnel_v1,c2_dns_tunnel_v1__c7430f52c647,command_and_control,T1071.004,2,1,-0.0,0.0818,0.8862,1670.47,1169.33,0.8836,10,7,2.1847,5.2807,3.0995,0.3328,4.0979,0,0,0,0,0,0,1.3962,167.05,47.65,214.7,11177.01,8435.45,0,0.0265,1.3056,0,0
2026-08-27T19:55:33.015938+00:00,c2_dns_tunnel_v1,c2_dns_tunnel_v1__c7430f52c647,command_and_control,T1071.004,2,1,0.317,0.2273,0.7668,3176.316,2537.496,0.7773,14,12,1.4975,3.6108,2.6362,0.5738,4.3573,0,0,0,0,0,0,1.1761,219.758,45.738,275.352,9413.974,9280.526,0,0.0092,1.6221,0,0
2026-08-27T19:55:38.015938+00:00,c2_dns_tunnel_v1,c2_dns_tunnel_v1__c7430f52c647,command_and_control,T1071.004,2,1,-0.0,0.1293,0.922,1098.38,1098.38,0.8213,8,8,4.6445,7.9529,3.6917,0.2858,4.549,0,0,0,0,0,0,0.9919,137.3,24.93,162.22,6661.64,8726.66,0,0.0541,0.8824,0,0
2026-08-27T19:55:43.015938+00:00,c2_dns_tunnel_v1,c2_dns_tunnel_v1__c7430f52c647,command_and_control,T1071.004,3,1,-0.0,0.0769,0.9278,2200.34,2053.65,0.9594,15,14,2.3006,4.6898,3.3952,0.5462,5.0339,0,1,0,0,0,0,1.0482,146.69,53.41,222.2,7279.18,7156.84,0,0.0,0.7488,0,0
2026-08-27T19:55:48.015938+00:00,c2_dns_tunnel_v1,c2_dns_tunnel_v1__c7430f52c647,command_and_control,T1071.004,1,1,-0.0,0.111,0.8612,647.16,647.16,0.8458,4,4,4.6509,6.9479,3.7142,0.6513,5.6681,0,0,0,0,0,0,0.8726,161.79,0.0,161.79,7774.86,8525.9,0,0.0211,0.0,0,0
2026-08-27T19:55:53.015938+00:00,c2_dns_tunnel_v1,c2_dns_tunnel_v1__c7430f52c647,command_and_control,T1071.004,0,0,0.0,0.1409,0.8728,0.0,0.0,0.856,0,0,3.8731,9.9621,2.6882,0.2237,3.3595,0,0,0,0,0,0,1.0048,246.97,0.0,246.97,8788.65,8969.57,0,0.0159,0.4804,0,0
2026-08-27T19:55:58.015938+00:00,c2_dns_tunnel_v1,c2_dns_tunnel_v1__c7430f52c647,command_and_control,T1071.004,3,1,-0.0,0.0883,0.8991,4514.06,4943.97,0.8797,21,23,3.1567,3.8701,3.0334,0.666,5.0313,0,1,0,0,0,0,0.9111,214.96,51.19,287.29,6106.5,7413.69,0,0.0,1.3021,0,0
2026-08-27T19:56:03.015938+00:00,c2_dns_tunnel_v1,c2_dns_tunnel_v1__c7430f52c647,command_and_control,T1071.004,3,1,-0.0,0.1132,0.8631,4350.19,3866.83,0.863,18,16,3.6702,9.3909,3.0696,0.3891,4.2369,0,1,0,0,0,0,1.0867,241.68,66.22,335.11,7701.44,9940.12,0,0.0501,0.9561,0,0
2026-08-27T19:56:08.015938+00:00,c2_dns_tunnel_v1,c2_dns_tunnel_v1__c7430f52c647,command_and_control,T1071.004,2,1,-0.0,0.1113,0.8692,3232.98,2748.04,0.9218,20,17,4.4836,10.9375,3.5527,0.7005,5.6543,0,0,0,0,0,0,1.1753,161.65,27.82,189.47,8820.8,7691.12,0,0.0035,0.9333,0,0
2026-08-27T19:56:13.015938+00:00,c2_dns_tunnel_v1,c2_dns_tunnel_v1__c7430f52c647,command_and_control,T1071.004,1,1,0.317,0.2385,0.7594,2787.78,2065.92,0.8526,9,7,3.2992,8.8403,2.5047,0.4738,3.9263,0,0,0,0,0,0,1.1981,261.278,24.186,295.32,6614.238,8391.902,0,0.0181,1.0961,0,0
2026-08-27T19:56:18.015938+00:00,c2_dns_tunnel_v1,c2_dns_tunnel_v1__c7430f52c647,command_and_control,T1071.004,1,1,-0.0,0.1199,0.8768,527.42,351.61,0.761,3,2,2.7997,5.3469,3.3441,0.4231,4.6135,0,0,0,0,0,0,1.1944,175.81,0.0,175.81,8384.75,9357.01,0,0.0,1.3951,0,0
2026-08-27T19:56:23.015938+00:00,c2_dns_tunnel_v1,c2_dns_tunnel_v1__c7430f52c647,command_and_control,T1071.004,1,1,-0.0,0.0815,0.9303,1430.94,1589.94,0.8887,9,10,2.4128,6.0722,2.3952,0.4948,3.8797,0,0,0,0,0,0,0.8318,158.99,0.0,158.99,8248.37,7909.75,0,0.0672,0.2952,0,0
2026-08-27T19:56:28.015938+00:00,c2_dns_tunnel_v1,c2_dns_tunnel_v1__c7430f52c647,command_and_control,T1071.004,2,1,-0.0,0.131,0.8822,3237.16,2751.58,0.9128,20,17,3.4258,8.8822,3.7883,0.4697,5.1974,0,0,0,0,0,0,1.1116,161.86,5.66,167.51,8628.62,6539.26,0,0.0,0.711,0,0
2026-08-27T19:56:33.015938+00:00,c2_dns_tunnel_v1,c2_dns_tunnel_v1__c7430f52c647,command_and_control,T1071.004,3,1,-0.0,0.1193,0.8942,3300.98,3300.98,0.8617,18,18,2.2974,3.4715,2.998,0.5774,4.7301,0,1,0,0,0,0,0.9636,183.39,49.12,241.94,9906.36,6812.34,0,0.017,0.5848,0,0
2026-08-27T19:56:38.015938+00:00,c2_dns_tunnel_v1,c2_dns_tunnel_v1__c7430f52c647,command_and_control,T1071.004,1,1,-0.0,0.1103,0.9142,757.22,605.77,0.887,5,4,1.8851,2.5523,2.9465,0.3768,4.077,0,0,0,0,0,0,1.0457,151.44,0.0,151.44,7445.11,9423.37,0,0.0,1.2233,0,0
2026-08-27T19:56:43.015938+00:00,c2_dns_tunnel_v1,c2_dns_tunnel_v1__c7430f52c647,command_and_control,T1071.004,3,1,-0.0,0.0764,0.9489,3842.3,3984.61,0.8341,27,28,2.1618,5.1757,4.7431,0.7723,7.0599,0,1,0,0,0,0,0.9568,142.31,24.71,168.64,9342.97,10585.63,0,0.0,0.8541,0,0
2026-08-27T19:56:48.015938+00:00,c2_dns_tunnel_v1,c2_dns_tunnel_v1__c7430f52c647,command_and_control,T1071.004,0,0,0.0,0.1187,0.8868,0.0,0.0,0.8102,0,0,2.0609,4.5164,3.4765,0.391,4.6494,0,0,0,0,0,0,1.3056,256.82,0.0,256.82,9668.41,7207.75,0,0.0,0.7411,0,0
2026-08-27T19:56:53.015938+00:00,c2_dns_tunnel_v1,c2_dns_tunnel_v1__c7430f52c647,command_and_control,T1071.004,0,0,0.0,0.0718,0.9081,0.0,0.0,0.8269,0,0,1.9288,4.1719,3.2238,0.3622,4.3105,0,0,0,0,0,0,0.7265,123.88,0.0,123.88,7785.97,6778.34,0,0.0,0.1732,0,0
2026-08-27T19:56:58.015938+00:00,c2_dns_tunnel_v1,c2_dns_tunnel_v1__c7430f52c647,command_and_control,T1071.004,0,0,0.0,0.0699,0.965,0.0,0.0,0.8986,0,0,3.0673,5.3607,2.9749,0.5674,4.677,0,0,0,0,0,0,1.0681,126.72,0.0,126.72,9899.6,7250.92,0,0.0596,1.7619,0,0
2026-08-27T19:57:03.015938+00:00,c2_dns_tunnel_v1,c2_dns_tunnel_v1__c7430f52c647,command_and_control,T1071.004,2,1,-0.0,0.0997,0.8971,2938.14,2448.45,0.8503,18,15,3.1059,7.4785,3.6854,0.3621,4.7716,0,0,0,0,0,0,1.1997,163.23,21.91,185.14,8115.56,7281.31,0,0.0,0.2012,0,0
2026-08-27T19:57:08.015938+00:00,c2_dns_tunnel_v1,c2_dns_tunnel_v1__c7430f52c647,command_and_control,T1071.004,0,0,0.0,0.1039,0.8974,0.0,0.0,0.783,0,0,1.9714,3.8503,3.6932,0.5373,5.3051,0,0,0,0,0,0,1.3216,159.2,0.0,159.2,9501.96,9446.26,0,0.0,1.5774,0,0
2026-08-27T19:57:13.015938+00:00,c2_dns_tunnel_v1,c2_dns_tunnel_v1__c7430f52c647,command_and_control,T1071.004,1,1,-0.0,0.0749,0.9262,1071.04,856.83,0.8802,5,4,2.3096,5.7828,3.3077,0.7437,5.5387,0,0,0,0,0,0,1.0596,214.21,0.0,214.21,9206.62,9148.04,0,0.0052,1.2931,0,0
2026-08-27T19:57:18.015938+00:00,c2_dns_tunnel_v1,c2_dns_tunnel_v1__c7430f52c647,command_and_control,T1071.004,0,0,0.0,0.1041,0.8968,0.0,0.0,0.9158,0,0,1.6784,4.2341,2.8045,0.2675,3.6069,0,0,0,0,0,0,0.8246,167.82,0.0,167.82,6712.12,8473.4,0,0.032,1.8169,0,0
2026-08-27T19:57:23.015938+00:00,c2_dns_tunnel_v1,c2_dns_tunnel_v1__c7430f52c647,command_and_control,T1071.004,2,1,-0.0,0.0908,0.8969,1999.4,1570.95,0.8138,14,11,1.987,2.7703,3.4457,0.3682,4.5504,0,0,0,0,0,0,1.2097,142.81,47.34,190.15,7583.95,9087.65,0,0.0199,0.8732,0,0
2026-08-27T19:57:28.015938+00:00,c2_dns_tunnel_v1,c2_dns_tunnel_v1__c7430f52c647,command_and_control,T1071.004,0,0,0.0,0.1296,0.8872,0.0,0.0,0.8385,0,0,4.8321,7.2872,3.6108,0.5174,5.163,0,0,0,0,0,0,0.9078,193.3,0.0,193.3,7836.56,6891.49,0,0.0,0.913,0,0
2026-08-27T19:57:33.015938+00:00,c2_dns_tunnel_v1,c2_dns_tunnel_v1__c7430f52c647,command_and_control,T1071.004,3,1,-0.0,0.0744,0.9171,2694.09,2394.75,0.8948,18,16,2.1864,5.6915,3.0545,0.5446,4.6883,0,1,0,0,0,0,1.1009,149.67,27.26,183.23,8639.57,7920.52,0,0.0,1.109,0,0
2026-08-27T19:57:38.015938+00:00,c2_dns_tunnel_v1,c2_dns_tunnel_v1__c7430f52c647,command_and_control,T1071.004,1,1,-0.0,0.0964,0.9298,1559.63,1169.72,0.9015,8,6,3.5781,7.4142,3.4929,0.3473,4.5348,0,0,0,0,0,0,1.3277,194.95,0.0,194.95,7323.41,7650.78,0,0.0,1.3802,0,0
2026-08-27T19:57:43.015938+00:00,c2_dns_tunnel_v1,c2_dns_tunnel_v1__c7430f52c647,command_and_control,T1071.004,1,1,-0.0,0.1017,0.8971,700.86,817.67,0.7311,6,7,2.9935,5.3151,3.8867,0.6256,5.7635,0,0,0,0,0,0,0.7749,116.81,0.0,116.81,8043.24,8674.84,0,0.0,0.1956,0,0
2026-08-27T19:57:48.015938+00:00,c2_dns_tunnel_v1,c2_dns_tunnel_v1__c7430f52c647,command_and_control,T1071.004,2,1,-0.0,0.0624,0.8791,1314.78,876.52,0.9278,6,4,3.0654,8.6338,2.8018,0.4678,4.205,0,0,0,0,0,0,1.3084,219.13,60.13,279.25,8151.19,8295.18,0,0.0,0.9261,0,0
2026-08-27T19:57:53.015938+00:00,c2_dns_tunnel_v1,c2_dns_tunnel_v1__c7430f52c647,command_and_control,T1071.004,1,1,-0.0,0.1177,0.9032,1703.36,1703.36,0.8252,9,9,4.6707,8.7049,3.2425,0.4473,4.5844,0,0,0,0,0,0,0.9699,189.26,0.0,189.26,7961.9,7596.6,0,0.0464,1.7275,0,0
2026-08-27T19:57:58.015938+00:00,c2_dns_tunnel_v1,c2_dns_tunnel_v1__c7430f52c647,command_and_control,T1071.004,0,0,0.0,0.1787,0.8177,0.0,0.0,0.8459,0,0,2.8699,7.6656,3.647,0.7263,5.8258,0,0,0,0,0,0,1.2627,243.72,0.0,243.72,7929.17,6101.32,0,0.0471,0.5547,0,0
2026-08-27T19:58:03.015938+00:00,c2_dns_tunnel_v1,c2_dns_tunnel_v1__c7430f52c647,command_and_control,T1071.004,1,1,-0.0,0.1229,0.8925,775.6,581.7,0.7892,4,3,4.5009,12.8027,3.0307,0.3656,4.1274,0,0,0,0,0,0,1.0864,193.9,0.0,193.9,8518.77,6145.74,0,0.0198,0.5709,0,0
2026-08-27T19:58:08.015938+00:00,c2_dns_tunnel_v1,c2_dns_tunnel_v1__c7430f52c647,command_and_control,T1071.004,2,1,-0.0,0.09,0.9214,2110.47,1582.85,0.76,16,12,2.0225,3.8221,3.5783,0.7441,5.8105,0,0,0,0,0,0,1.3268,131.9,14.7,146.6,9132.85,8126.57,0,0.0,0.6238,0,0
2026-08-27T19:58:13.015938+00:00,c2_dns_tunnel_v1,c2_dns_tunnel_v1__c7430f52c647,command_and_control,T1071.004,1,1,-0.0,0.1159,0.8934,1092.78,849.94,0.907,9,7,2.4598,6.4446,3.6279,0.5492,5.2754,0,0,0,0,0,0,1.1365,121.42,0.0,121.42,9510.51,9174.35,0,0.0267,0.9985,0,0
2026-08-27T19:58:18.015938+00:00,c2_dns_tunnel_v1,c2_dns_tunnel_v1__c7430f52c647,command_and_control,T1071.004,1,1,-0.0,0.0556,0.9355,1345.17,1195.71,0.9171,9,8,4.3712,8.4358,3.6701,0.7638,5.9615,0,0,0,0,0,0,1.0527,149.46,0.0,149.46,7563.21,8977.18,0,0.0239,0.0644,0,0
2026-08-27T19:58:23.015938+00:00,c2_dns_tunnel_v1,c2_dns_tunnel_v1__c7430f52c647,command_and_control,T1071.004,1,1,-0.0,0.0672,0.9087,941.05,1097.89,0.8173,6,7,2.6935,5.0435,3.8574,0.7771,6.1888,0,0,0,0,0,0,0.7787,156.84,0.0,156.84,7071.04,7638.67,0,0.0,1.2501,0,0
2026-08-27T19:58:28.015938+00:00,c2_dns_tunnel_v1,c2_dns_tunnel_v1__c7430f52c647,command_and_control,T1071.004,3,1,-0.0,0.0803,0.9453,4057.72,3156.01,0.9053,18,14,3.0627,6.2319,2.7048,0.3279,3.6884,0,1,0,0,0,0,1.2719,225.43,48.53,281.74,8898.61,9734.7,0,0.029,1.3023,0,0
2026-08-27T19:58:33.015938+00:00,c2_dns_tunnel_v1,c2_dns_tunnel_v1__c7430f52c647,command_and_control,T1071.004,1,1,-0.0,0.0992,0.9346,270.75,270.75,0.7783,3,3,5.4619,10.8328,3.8265,0.582,5.5726,0,0,0,0,0,0,0.9145,90.25,0.0,90.25,6430.77,9455.84,0,0.0,0.1484,0,0
2026-08-27T19:58:38.015938+00:00,c2_dns_tunnel_v1,c2_dns_tunnel_v1__c7430f52c647,command_and_control,T1071.004,2,1,-0.0,0.1103,0.8683,2324.1,2130.42,0.8552,12,11,4.114,10.6674,3.5534,0.6808,5.5959,0,0,0,0,0,0,1.0407,193.67,20.95,214.62,8412.92,8662.06,0,0.0,0.74,0,0
2026-08-27T19:58:43.015938+00:00,c2_dns_tunnel_v1,c2_dns_tunnel_v1__c7430f52c647,command_and_control,T1071.004,1,1,0.317,0.2442,0.7431,2685.1,2815.576,0.8088,10,13,2.9015,5.2567,3.0354,0.3429,4.0639,0,0,0,0,0,0,0.7714,231.91,24.186,265.952,7964.902,6867.734,0,0.0089,2.0662,0,0
2026-08-27T19:58:48.015938+00:00,c2_dns_tunnel_v1,c2_dns_tunnel_v1__c7430f52c647,command_and_control,T1071.004,2,1,-0.0,0.135,0.8507,2171.25,2050.63,0.867,18,17,5.2005,9.4301,2.8158,0.2346,3.5196,0,0,0,0,0,0,1.0067,120.63,23.5,144.13,10328.01,7820.23,0,0.012,1.2024,0,0
2026-08-27T19:58:53.015938+00:00,c2_dns_tunnel_v1,c2_dns_tunnel_v1__c7430f52c647,command_and_control,T1071.004,0,0,0.0,0.0999,0.9041,0.0,0.0,0.907,0,0,2.1706,6.4564,3.3604,0.2894,4.2285,0,0,0,0,0,0,0.9623,154.02,0.0,154.02,10214.49,7130.87,0,0.0,0.5076,0,0
2026-08-27T19:58:58.015938+00:00,c2_dns_tunnel_v1,c2_dns_tunnel_v1__c7430f52c647,command_and_control,T1071.004,3,1,0.317,0.2461,0.7449,4340.084,3625.344,0.7911,17,15,4.5041,12.1808,3.621,0.7209,5.7836,0,1,0,0,0,0,1.1528,257.726,47.634,324.912,10036.63,8972.342,0,0.0054,1.8403,0,0
2026-08-27T19:59:03.015938+00:00,c2_dns_tunnel_v1,c2_dns_tunnel_v1__c7430f52c647,command_and_control,T1071.004,2,1,0.317,0.2365,0.7252,3522.684,2786.096,0.8832,17,14,4.3611,9.748,3.3844,0.6082,5.2088,0,0,0,0,0,0,1.1667,212.31,40.298,262.464,7545.518,8594.974,0,0.0229,1.2104,0,0
2026-08-27T19:59:08.015938+00:00,c2_dns_tunnel_v1,c2_dns_tunnel_v1__c7430f52c647,command_and_control,T1071.004,2,1,-0.0,0.1643,0.8381,2522.91,2342.7,0.8256,14,13,2.5926,6.7089,3.7176,0.3798,4.857,0,0,0,0,0,0,1.0543,180.21,21.97,202.18,7566.31,8530.65,0,0.0242,1.4715,0,0
2026-08-27T19:59:13.015938+00:00,c2_dns_tunnel_v1,c2_dns_tunnel_v1__c7430f52c647,command_and_control,T1071.004,2,1,-0.0,0.0886,0.9051,4487.43,3875.51,0.8368,22,19,2.6674,4.7002,3.8406,0.6567,5.8106,0,0,0,0,0,0,1.1457,203.97,71.66,275.63,9439.85,7142.25,0,0.0343,1.1544,0,0
2026-08-27T19:59:18.015938+00:00,c2_dns_tunnel_v1,c2_dns_tunnel_v1__c7430f52c647,command_and_control,T1071.004,1,1,-0.0,0.0902,0.8995,1549.81,2324.71,0.8704,6,9,4.9436,9.9892,4.1713,0.6744,6.1943,0,0,0,0,0,0,0.6643,258.3,0.0,258.3,7950.95,7632.76,0,0.082,0.6618,0,0
2026-08-27T19:59:23.015938+00:00,c2_dns_tunnel_v1,c2_dns_tunnel_v1__c7430f52c647,command_and_control,T1071.004,3,1,-0.0,0.052,0.9326,4494.62,3662.28,0.84,27,22,1.8506,4.5319,3.2664,0.3749,4.3912,0,1,0,0,0,0,1.1909,166.47,27.28,188.54,6888.05,6707.81,0,0.0247,1.0391,0,0
2026-08-27T19:59:28.015938+00:00,c2_dns_tunnel_v1,c2_dns_tunnel_v1__c7430f52c647,command_and_control,T1071.004,0,0,0.0,0.128,0.8801,0.0,0.0,0.7914,0,0,2.8472,4.8693,4.3397,0.3914,5.5138,0,0,0,0,0,0,1.3317,204.43,0.0,204.43,7310.17,8927.98,0,0.0,1.4271,0,0
2026-08-27T19:59:33.015938+00:00,c2_dns_tunnel_v1,c2_dns_tunnel_v1__c7430f52c647,command_and_control,T1071.004,1,1,-0.0,0.111,0.859,1577.08,1126.49,0.7575,7,5,2.5933,4.24,3.1258,0.2347,3.8298,0,0,0,0,0,0,1.2515,225.3,0.0,225.3,7981.63,8446.32,0,0.0467,1.3441,0,0
2026-08-27T19:59:38.015938+00:00,c2_dns_tunnel_v1,c2_dns_tunnel_v1__c7430f52c647,command_and_control,T1071.004,0,0,0.0,0.0762,0.9426,0.0,0.0,0.9051,0,0,4.6288,9.7875,2.9962,0.4184,4.2515,0,0,0,0,0,0,1.2077,127.16,0.0,127.16,6794.63,8568.17,0,0.0222,0.817,0,0
2026-08-27T19:59:43.015938+00:00,c2_dns_tunnel_v1,c2_dns_tunnel_v1__c7430f52c647,command_and_control,T1071.004,2,1,-0.0,0.0659,0.9285,561.41,421.06,0.8486,4,3,3.0494,4.6266,3.2424,0.5124,4.7796,0,0,0,0,0,0,1.0652,140.35,20.77,161.12,7715.55,7060.24,0,0.0,1.0617,0,0
2026-08-27T19:59:48.015938+00:00,c2_dns_tunnel_v1,c2_dns_tunnel_v1__c7430f52c647,command_and_control,T1071.004,3,1,-0.0,0.132,0.8833,4715.94,4912.44,0.9764,24,25,4.8217,6.4042,3.7939,0.7545,6.0576,0,1,0,0,0,0,0.9438,196.5,36.18,228.31,8270.06,8806.82,0,0.0173,1.2474,0,0
2026-08-27T19:59:53.015938+00:00,c2_dns_tunnel_v1,c2_dns_tunnel_v1__c7430f52c647,command_and_control,T1071.004,2,1,-0.0,0.1019,0.8778,2464.55,2002.45,0.8627,16,13,3.0738,7.0934,3.7811,0.7027,5.8893,0,0,0,0,0,0,1.2032,154.03,30.47,184.51,8833.36,9110.38,0,0.0,1.5859,0,0
2026-08-27T19:59:58.015938+00:00,c2_dns_tunnel_v1,c2_dns_tunnel_v1__c7430f52c647,command_and_control,T1071.004,1,1,0.317,0.2548,0.747,1494.7,1096.112,0.7719,3,2,3.6393,7.056,2.8124,0.3278,3.7957,0,0,0,0,0,0,1.327,262.894,24.186,296.936,9102.27,8151.062,0,0.0054,1.0018,0,0
2026-08-27T20:00:03.015938+00:00,c2_dns_tunnel_v1,c2_dns_tunnel_v1__c7430f52c647,command_and_control,T1071.004,0,0,0.0,0.0364,0.9831,0.0,0.0,0.9095,0,0,3.9797,7.6921,3.7912,0.4012,4.9948,0,0,0,0,0,0,1.1999,188.34,0.0,188.34,7242.21,8497.03,0,0.0481,0.2721,0,0
2026-08-27T20:00:08.015938+00:00,c2_dns_tunnel_v1,c2_dns_tunnel_v1__c7430f52c647,command_and_control,T1071.004,2,1,-0.0,0.0711,0.9061,2684.5,2516.72,0.8088,16,15,4.8935,9.1231,3.3181,0.73,5.5079,0,0,0,0,0,0,1.0245,167.78,8.27,176.05,8031.05,7341.7,0,0.0477,0.4096,0,0
2026-08-27T20:00:13.015938+00:00,c2_dns_tunnel_v1,c2_dns_tunnel_v1__c7430f52c647,command_and_control,T1071.004,0,0,0.0,0.104,0.8819,0.0,0.0,0.8416,0,0,1.7502,4.3608,3.5241,0.6189,5.3808,0,0,0,0,0,0,1.2616,221.77,0.0,221.77,10216.3,7877.91,0,0.0,1.5496,0,0
2026-08-27T20:00:18.015938+00:00,c2_dns_tunnel_v1,c2_dns_tunnel_v1__c7430f52c647,command_and_control,T1071.004,3,1,-0.0,0.1126,0.8818,1952.41,2603.22,0.9154,12,16,2.9497,6.8057,3.0725,0.6448,5.0069,0,1,0,0,0,0,0.7117,162.7,16.65,186.25,7716.3,8359.81,0,0.0,0.2794,0,0
2026-08-27T20:00:23.015938+00:00,c2_dns_tunnel_v1,c2_dns_tunnel_v1__c7430f52c647,command_and_control,T1071.004,1,1,0.317,0.2591,0.7658,2630.572,2231.984,0.7419,9,8,1.8945,3.9919,3.3783,0.6131,5.2177,0,0,0,0,0,0,1.0041,261.91,24.186,295.952,9405.886,10432.902,0,0.0297,1.5502,0,0
2026-08-27T20:00:28.015938+00:00,c2_dns_tunnel_v1,c2_dns_tunnel_v1__c7430f52c647,command_and_control,T1071.004,1,1,0.317,0.2582,0.7291,2259.7,1733.608,0.749,8,6,3.3703,6.3827,2.5644,0.3854,3.7205,0,0,0,0,0,0,1.2078,227.142,24.186,261.184,8459.55,8814.502,0,0.028,1.8279,0,0
2026-08-27T20:00:33.015938+00:00,c2_dns_tunnel_v1,c2_dns_tunnel_v1__c7430f52c647,command_and_control,T1071.004,0,0,0.0,0.0478,0.9392,0.0,0.0,0.7737,0,0,4.4639,12.6355,2.9484,0.4756,4.3752,0,0,0,0,0,0,1.0132,121.24,0.0,121.24,8147.83,8379.41,0,0.0,0.1917,0,0
2026-08-27T20:00:38.015938+00:00,c2_dns_tunnel_v1,c2_dns_tunnel_v1__c7430f52c647,command_and_control,T1071.004,2,1,-0.0,0.1233,0.874,1506.21,1317.93,0.9174,8,7,2.7255,7.996,3.2587,0.4503,4.6096,0,0,0,0,0,0,1.0578,188.28,10.35,198.62,7276.68,8594.65,0,0.0,1.1893,0,0
2026-08-27T20:00:43.015938+00:00,c2_dns_tunnel_v1,c2_dns_tunnel_v1__c7430f52c647,command_and_control,T1071.004,3,1,-0.0,0.1414,0.8726,2295.92,2142.85,0.83,15,14,3.1266,7.663,2.9455,0.3559,4.0131,0,1,0,0,0,0,1.0704,153.06,17.1,176.9,8904.05,8714.31,0,0.064,1.386,0,0
2026-08-27T20:00:48.015938+00:00,c2_dns_tunnel_v1,c2_dns_tunnel_v1__c7430f52c647,command_and_control,T1071.004,0,0,0.0,0.0789,0.9218,0.0,0.0,0.8312,0,0,4.9505,11.7294,3.7829,0.2847,4.637,0,0,0,0,0,0,1.0517,164.44,0.0,164.44,8730.25,7440.05,0,0.0,1.3159,0,0
2026-08-27T20:00:53.015938+00:00,c2_dns_tunnel_v1,c2_dns_tunnel_v1__c7430f52c647,command_and_control,T1071.004,1,1,-0.0,0.0695,0.8903,584.28,438.21,0.7465,4,3,1.763,2.9371,3.1654,0.5612,4.8492,0,0,0,0,0,0,1.014,146.07,0.0,146.07,8834.05,7542.76,0,0.0,0.7782,0,0
2026-08-27T20:00:58.015938+00:00,c2_dns_tunnel_v1,c2_dns_tunnel_v1__c7430f52c647,command_and_control,T1071.004,2,1,-0.0,0.0899,0.9051,1052.64,947.38,0.7889,10,9,1.6786,2.2332,3.1723,0.6731,5.1915,0,0,0,0,0,0,1.0071,105.26,1.42,106.68,6716.46,8619.14,0,0.0157,0.0812,0,0
2026-08-27T20:01:03.015938+00:00,c2_dns_tunnel_v1,c2_dns_tunnel_v1__c7430f52c647,command_and_control,T1071.004,2,1,-0.0,0.0919,0.8771,2156.9,2336.64,0.8541,12,13,3.0316,4.491,4.1373,0.4786,5.5732,0,0,0,0,0,0,0.902,179.74,7.74,187.48,7866.85,9156.63,0,0.0,1.6575,0,0
2026-08-27T20:01:08.015938+00:00,c2_dns_tunnel_v1,c2_dns_tunnel_v1__c7430f52c647,command_and_control,T1071.004,1,1,-0.0,0.133,0.8856,2451.58,1838.68,0.8587,12,9,4.026,5.0917,3.7829,0.7361,5.9914,0,0,0,0,0,0,1.2831,204.3,0.0,204.3,8487.63,8559.22,0,0.0,1.6446,0,0
2026-08-27T20:01:13.015938+00:00,c2_dns_tunnel_v1,c2_dns_tunnel_v1__c7430f52c647,command_and_control,T1071.004,3,1,-0.0,0.0941,0.9209,3238.5,2338.91,0.8336,18,13,3.839,7.5603,3.0002,0.5764,4.7293,0,1,0,0,0,0,1.3395,179.92,20.39,207.08,6589.13,7406.8,0,0.0,1.022,0,0
2026-08-27T20:01:18.015938+00:00,c2_dns_tunnel_v1,c2_dns_tunnel_v1__c7430f52c647,command_and_control,T1071.004,1,1,0.317,0.2421,0.7214,1494.7,1096.112,0.7403,3,2,3.7045,9.5208,2.7942,0.4249,4.0689,0,0,0,0,0,0,1.2006,340.974,24.186,375.016,8335.598,7573.046,0,0.0054,1.3526,0,0
2026-08-27T20:01:23.015938+00:00,c2_dns_tunnel_v1,c2_dns_tunnel_v1__c7430f52c647,command_and_control,T1071.004,1,1,-0.0,0.1148,0.8525,1672.73,1338.18,0.846,10,8,3.92,6.7107,3.2688,0.4467,4.6089,0,0,0,0,0,0,1.1557,167.27,0.0,167.27,8000.05,8514.21,0,0.0,1.8652,0,0
2026-08-27T20:01:28.015938+00:00,c2_dns_tunnel_v1,c2_dns_tunnel_v1__c7430f52c647,command_and_control,T1071.004,0,0,0.0,0.1275,0.9043,0.0,0.0,0.8189,0,0,2.2924,5.0619,2.6738,0.3179,3.6274,0,0,0,0,0,0,1.1127,111.5,0.0,111.5,6299.32,9702.38,0,0.0,0.5898,0,0
2026-08-27T20:01:33.015938+00:00,c2_dns_tunnel_v1,c2_dns_tunnel_v1__c7430f52c647,command_and_control,T1071.004,0,0,0.0,0.1269,0.9055,0.0,0.0,0.9019,0,0,3.0558,7.2936,3.7058,0.5404,5.3269,0,0,0,0,0,0,1.4646,271.69,0.0,271.69,8673.73,6921.9,0,0.0088,1.2022,0,0
2026-08-27T20:01:38.015938+00:00,c2_dns_tunnel_v1,c2_dns_tunnel_v1__c7430f52c647,command_and_control,T1071.004,2,1,-0.0,0.0827,0.9193,3546.94,2758.73,0.8299,18,14,3.9392,7.4224,2.6928,0.5456,4.3296,0,0,0,0,0,0,1.2258,197.05,49.86,246.91,9482.41,8006.99,0,0.0,0.6853,0,0
2026-08-27T20:01:43.015938+00:00,c2_dns_tunnel_v1,c2_dns_tunnel_v1__c7430f52c647,command_and_control,T1071.004,0,0,0.0,0.0979,0.8977,0.0,0.0,0.8084,0,0,3.3744,6.7935,2.333,0.4747,3.757,0,0,0,0,0,0,1.3562,146.23,0.0,146.23,8787.0,9509.1,0,0.0,1.047,0,0
2026-08-27T20:01:48.015938+00:00,c2_dns_tunnel_v1,c2_dns_tunnel_v1__c7430f52c647,command_and_control,T1071.004,0,0,0.0,0.0873,0.923,0.0,0.0,0.7904,0,0,2.5766,6.3379,3.6632,0.6886,5.7289,0,0,0,0,0,0,0.9167,106.92,0.0,106.92,10681.62,8551.85,0,0.0,0.4508,0,0
2026-08-27T20:01:53.015938+00:00,c2_dns_tunnel_v1,c2_dns_tunnel_v1__c7430f52c647,command_and_control,T1071.004,1,1,-0.0,0.1544,0.829,250.36,0.0,0.8421,1,0,4.2644,10.3447,2.9564,0.2366,3.6664,0,0,0,0,0,0,1.2406,250.36,0.0,250.36,8390.72,8611.36,0,0.0543,1.1972,0,0
2026-08-27T20:01:58.015938+00:00,c2_dns_tunnel_v1,c2_dns_tunnel_v1__c7430f52c647,command_and_control,T1071.004,1,1,-0.0,0.0941,0.9154,1754.22,1002.41,0.8992,7,4,4.8177,8.8511,4.4029,0.3955,5.5895,0,0,0,0,0,0,1.5694,250.6,0.0,250.6,9252.0,6953.18,0,0.0174,0.8624,0,0
2026-08-27T20:02:03.015938+00:00,c2_dns_tunnel_v1,c2_dns_tunnel_v1__c7430f52c647,command_and_control,T1071.004,0,0,0.0,0.1464,0.8525,0.0,0.0,0.8736,0,0,2.1713,3.8832,3.3985,0.6354,5.3047,0,0,0,0,0,0,1.2311,144.82,0.0,144.82,8156.82,6975.55,0,0.0193,1.9008,0,0
2026-08-27T20:02:08.015938+00:00,c2_dns_tunnel_v1,c2_dns_tunnel_v1__c7430f52c647,command_and_control,T1071.004,2,1,-0.0,0.1807,0.8339,2150.96,2150.96,0.8443,12,12,4.0992,12.137,2.7461,0.4211,4.0095,0,0,0,0,0,0,0.962,179.25,36.02,215.27,7832.75,8404.56,0,0.0,1.4742,0,0
2026-08-27T20:02:13.015938+00:00,c2_dns_tunnel_v1,c2_dns_tunnel_v1__c7430f52c647,command_and_control,T1071.004,1,1,0.317,0.2451,0.7593,1494.7,1096.112,0.8079,3,2,2.974,5.6212,2.8293,0.5758,4.5569,0,0,0,0,0,0,1.2413,280.638,24.186,314.68,8902.534,8681.27,0,0.0054,1.926,0,0
2026-08-27T20:02:18.015938+00:00,c2_dns_tunnel_v1,c2_dns_tunnel_v1__c7430f52c647,command_and_control,T1071.004,0,0,0.0,0.0659,0.9329,0.0,0.0,0.7717,0,0,2.3286,5.8912,2.849,0.4529,4.2077,0,0,0,0,0,0,0.9383,161.96,0.0,161.96,10156.34,7029.93,0,0.0418,1.1927,0,0
2026-08-27T20:02:23.015938+00:00,c2_dns_tunnel_v1,c2_dns_tunnel_v1__c7430f52c647,command_and_control,T1071.004,3,1,-0.0,0.027,0.9645,1692.15,1269.11,0.8991,12,9,2.1509,5.8245,3.5935,0.7831,5.9428,0,1,0,0,0,0,1.2761,141.01,27.65,180.11,8671.31,7352.68,0,0.0226,0.9706,0,0
2026-08-27T20:02:28.015938+00:00,c2_dns_tunnel_v1,c2_dns_tunnel_v1__c7430f52c647,command_and_control,T1071.004,1,1,-0.0,0.0956,0.9115,1331.9,1141.63,0.852,7,6,3.016,3.7054,2.732,0.2972,3.6235,0,0,0,0,0,0,1.0479,190.27,0.0,190.27,7966.55,8058.64,0,0.0907,0.5824,0,0
2026-08-27T20:02:33.015938+00:00,c2_dns_tunnel_v1,c2_dns_tunnel_v1__c7430f52c647,command_and_control,T1071.004,1,1,0.317,0.2273,0.7643,1494.7,1096.112,0.7665,3,2,1.8655,3.6166,3.1686,0.323,4.1375,0,0,0,0,0,0,0.9701,329.59,24.186,363.632,8148.614,9160.062,0,0.0434,1.5018,0,0
2026-08-27T20:02:38.015938+00:00,c2_dns_tunnel_v1,c2_dns_tunnel_v1__c7430f52c647,command_and_control,T1071.004,3,1,-0.0,0.1278,0.8684,3456.0,2688.0,0.9532,18,14,4.418,10.4386,3.3341,0.2925,4.2117,0,1,0,0,0,0,1.285,192.0,15.25,213.57,7248.92,6459.36,0,0.0012,1.4861,0,0
2026-08-27T20:02:43.015938+00:00,c2_dns_tunnel_v1,c2_dns_tunnel_v1__c7430f52c647,command_and_control,T1071.004,3,1,-0.0,0.0769,0.938,2666.9,2133.52,0.8196,15,12,3.0647,5.5813,3.1157,0.6843,5.1686,0,1,0,0,0,0,1.1877,177.79,37.63,207.87,9104.95,8789.11,0,0.0049,1.188,0,0
2026-08-27T20:02:48.015938+00:00,c2_dns_tunnel_v1,c2_dns_tunnel_v1__c7430f52c647,command_and_control,T1071.004,1,1,0.317,0.2138,0.787,1626.844,1096.112,0.8274,4,2,3.8532,5.2929,3.1384,0.4438,4.4699,0,0,0,0,0,0,1.0857,231.79,24.186,265.832,8001.326,9481.182,0,0.0129,1.3417,0,0
2026-08-27T20:02:53.015938+00:00,c2_dns_tunnel_v1,c2_dns_tunnel_v1__c7430f52c647,command_and_control,T1071.004,4,1,-0.0,0.062,0.9176,3972.73,2814.02,0.8795,24,17,2.0235,3.0606,3.4534,0.6115,5.288,0,1,0,0,0,0,1.3751,165.53,19.1,191.61,7452.95,8132.24,0,0.0,0.9181,0,0
2026-08-27T20:02:58.015938+00:00,c2_dns_tunnel_v1,c2_dns_tunnel_v1__c7430f52c647,command_and_control,T1071.004,2,1,-0.0,0.1207,0.9002,3145.63,4019.42,0.8188,18,23,5.0418,11.6512,3.9928,0.6142,5.8355,0,0,0,0,0,0,0.7699,174.76,34.48,209.23,8327.61,8680.49,0,0.0,1.8716,0,0
2026-08-27T20:03:03.015938+00:00,c2_dns_tunnel_v1,c2_dns_tunnel_v1__c7430f52c647,command_and_control,T1071.004,2,1,-0.0,0.0926,0.9017,2420.45,2593.34,0.8029,14,15,1.7631,2.6822,3.1459,0.3366,4.1556,0,0,0,0,0,0,0.9193,172.89,58.37,231.26,7556.68,7838.05,0,0.042,0.5587,0,0
2026-08-27T20:03:08.015938+00:00,c2_dns_tunnel_v1,c2_dns_tunnel_v1__c7430f52c647,command_and_control,T1071.004,1,1,-0.0,0.0741,0.9356,1066.79,1066.79,0.8936,8,8,3.8154,5.1511,3.0812,0.5954,4.8673,0,0,0,0,0,0,0.9523,133.35,0.0,133.35,10237.43,7678.24,0,0.0,0.5213,0,0
2026-08-27T20:03:13.015938+00:00,c2_dns_tunnel_v1,c2_dns_tunnel_v1__c7430f52c647,command_and_control,T1071.004,0,0,0.0,0.1299,0.8348,0.0,0.0,0.8667,0,0,4.7352,10.1025,3.4907,0.3995,4.6892,0,0,0,0,0,0,1.3916,164.01,0.0,164.01,10938.25,8340.92,0,0.1076,1.0355,0,0
2026-08-27T20:03:18.015938+00:00,c2_dns_tunnel_v1,c2_dns_tunnel_v1__c7430f52c647,command_and_control,T1071.004,1,1,0.317,0.2591,0.7428,2357.46,1958.872,0.7839,7,6,3.9388,8.76,3.6459,0.4244,4.9191,0,0,0,0,0,0,1.0404,272.198,24.186,306.24,8584.222,8596.758,0,0.0054,1.5175,0,0
2026-08-27T20:03:23.015938+00:00,c2_dns_tunnel_v1,c2_dns_tunnel_v1__c7430f52c647,command_and_control,T1071.004,3,1,-0.0,0.1001,0.9038,4531.61,4028.09,0.796,27,24,2.7394,6.4603,3.5633,0.5238,5.1347,0,1,0,0,0,0,1.0946,167.84,30.55,201.31,8597.69,7707.05,0,0.0247,0.6025,0,0
2026-08-27T20:03:28.015938+00:00,c2_dns_tunnel_v1,c2_dns_tunnel_v1__c7430f52c647,command_and_control,T1071.004,1,1,-0.0,0.0563,0.9085,1492.56,1066.11,0.8611,7,5,3.8383,9.4246,2.9212,0.3756,4.0479,0,0,0,0,0,0,1.3074,213.22,0.0,213.22,9340.7,9130.33,0,0.0,1.0423,0,0
2026-08-27T20:03:33.015938+00:00,c2_dns_tunnel_v1,c2_dns_tunnel_v1__c7430f52c647,command_and_control,T1071.004,1,1,-0.0,0.0874,0.924,551.6,551.6,0.8703,3,3,4.1201,11.4467,3.7124,0.6944,5.7956,0,0,0,0,0,0,0.9792,183.87,0.0,183.87,7579.76,9061.03,0,0.0,1.2594,0,0
2026-08-27T20:03:38.015938+00:00,c2_dns_tunnel_v1,c2_dns_tunnel_v1__c7430f52c647,command_and_control,T1071.004,0,0,0.0,0.0304,0.9896,0.0,0.0,0.8945,0,0,5.4941,14.5899,4.5126,0.5655,6.2092,0,0,0,0,0,0,1.2257,281.1,0.0,281.1,8756.39,10397.26,0,0.0305,1.5578,0,0
2026-08-27T20:03:43.015938+00:00,c2_dns_tunnel_v1,c2_dns_tunnel_v1__c7430f52c647,command_and_control,T1071.004,1,1,-0.0,0.1159,0.8782,441.89,441.89,0.7835,5,5,3.4495,7.7445,3.3205,0.5248,4.8948,0,0,0,0,0,0,0.9568,88.38,0.0,88.38,8025.11,10072.03,0,0.054,0.527,0,0
2026-08-27T20:03:48.015938+00:00,c2_dns_tunnel_v1,c2_dns_tunnel_v1__c7430f52c647,command_and_control,T1071.004,1,1,-0.0,0.0801,0.8958,1132.36,990.82,0.7639,8,7,3.971,5.4885,3.2269,0.6629,5.2157,0,0,0,0,0,0,1.1378,141.55,0.0,141.55,7505.2,10407.73,0,0.0,1.2191,0,0
2026-08-27T20:03:53.015938+00:00,c2_dns_tunnel_v1,c2_dns_tunnel_v1__c7430f52c647,command_and_control,T1071.004,2,1,-0.0,0.1228,0.8401,1403.01,701.5,0.8921,10,5,3.5261,5.9222,3.1723,0.3785,4.3078,0,0,0,0,0,0,1.6832,140.3,15.92,156.22,8935.56,6366.85,0,0.0,2.2178,0,0
2026-08-27T20:03:58.015938+00:00,c2_dns_tunnel_v1,c2_dns_tunnel_v1__c7430f52c647,command_and_control,T1071.004,1,1,-0.0,0.0841,0.9416,959.07,639.38,0.8169,6,4,2.8983,8.2361,2.9779,0.3433,4.0077,0,0,0,0,0,0,1.2035,159.84,0.0,159.84,9638.9,8867.33,0,0.0047,1.3308,0,0
2026-08-27T20:04:03.015938+00:00,c2_dns_tunnel_v1,c2_dns_tunnel_v1__c7430f52c647,command_and_control,T1071.004,0,0,0.0,0.1261,0.8654,0.0,0.0,0.8416,0,0,3.6373,7.9652,2.9701,0.589,4.737,0,0,0,0,0,0,0.9962,204.91,0.0,204.91,8914.57,7367.44,0,0.0068,0.9058,0,0
2026-08-27T20:04:08.015938+00:00,c2_dns_tunnel_v1,c2_dns_tunnel_v1__c7430f52c647,command_and_control,T1071.004,4,1,-0.0,0.0971,0.9063,2534.79,3802.18,0.8386,12,18,2.6378,5.6791,2.9158,0.4957,4.4029,0,1,0,0,0,0,0.6446,211.23,20.38,230.48,10756.11,7260.45,0,0.0252,0.5575,0,0
2026-08-27T20:04:13.015938+00:00,c2_dns_tunnel_v1,c2_dns_tunnel_v1__c7430f52c647,command_and_control,T1071.004,1,1,-0.0,0.0774,0.9054,1680.27,1440.23,0.855,7,6,4.5815,7.9924,3.7689,0.741,5.9919,0,0,0,0,0,0,1.1299,240.04,0.0,240.04,7754.56,7301.09,0,0.061,0.9344,0,0
2026-08-27T20:04:18.015938+00:00,c2_dns_tunnel_v1,c2_dns_tunnel_v1__c7430f52c647,command_and_control,T1071.004,1,1,-0.0,0.1201,0.8878,1881.3,1410.97,0.8164,12,9,4.7505,8.4409,3.0605,0.3765,4.1899,0,0,0,0,0,0,1.2234,156.77,0.0,156.77,7529.32,9496.76,0,0.0875,0.2388,0,0
2026-08-27T20:04:23.015938+00:00,c2_dns_tunnel_v1,c2_dns_tunnel_v1__c7430f52c647,command_and_control,T1071.004,1,1,-0.0,0.1068,0.8677,663.24,663.24,0.8209,6,6,3.4999,9.7787,3.6644,0.6941,5.7468,0,0,0,0,0,0,0.8599,110.54,0.0,110.54,6926.46,7413.11,0,0.0,1.9305,0,0
2026-08-27T20:04:28.015938+00:00,c2_dns_tunnel_v1,c2_dns_tunnel_v1__c7430f52c647,command_and_control,T1071.004,2,1,-0.0,0.0918,0.8852,2089.77,2089.77,0.8533,12,12,2.9056,3.8127,3.2798,0.3177,4.2327,0,0,0,0,0,0,0.9741,174.15,5.75,179.9,8991.42,8998.38,0,0.0121,1.2755,0,0
2026-08-27T20:04:33.015938+00:00,c2_dns_tunnel_v1,c2_dns_tunnel_v1__c7430f52c647,command_and_control,T1071.004,1,1,-0.0,0.0639,0.9386,1497.74,1747.36,0.8234,6,7,4.369,11.9323,3.2086,0.5786,4.9444,0,0,0,0,0,0,0.8192,249.62,0.0,249.62,7167.33,9695.81,0,0.0089,0.4362,0,0
2026-08-27T20:04:38.015938+00:00,c2_dns_tunnel_v1,c2_dns_tunnel_v1__c7430f52c647,command_and_control,T1071.004,4,1,-0.0,0.1189,0.8824,5858.93,4812.69,0.7999,28,23,4.1059,9.5148,3.907,0.6714,5.9213,0,1,0,0,0,0,1.1681,209.25,77.29,332.86,8824.2,8465.12,0,0.0,0.0,0,0
2026-08-27T20:04:43.015938+00:00,c2_dns_tunnel_v1,c2_dns_tunnel_v1__c7430f52c647,command_and_control,T1071.004,1,1,0.317,0.245,0.764,1494.7,1096.112,0.7354,3,2,2.7132,4.8632,2.8427,0.2882,3.7073,0,0,0,0,0,0,1.0169,249.822,24.186,283.864,7370.358,8108.286,0,0.0359,1.3931,0,0
2026-08-27T20:04:48.015938+00:00,c2_dns_tunnel_v1,c2_dns_tunnel_v1__c7430f52c647,command_and_control,T1071.004,2,1,-0.0,0.1569,0.8209,2031.01,1777.13,0.8558,8,7,3.6627,9.3521,3.5666,0.3829,4.7153,0,0,0,0,0,0,1.0475,253.88,0.67,254.55,6540.94,7594.46,0,0.0,1.2256,0,0
2026-08-27T20:04:53.015938+00:00,c2_dns_tunnel_v1,c2_dns_tunnel_v1__c7430f52c647,command_and_control,T1071.004,0,0,0.0,0.0786,0.9206,0.0,0.0,0.7989,0,0,3.6989,10.234,3.6565,0.3469,4.697,0,0,0,0,0,0,1.1687,116.29,0.0,116.29,7901.01,6572.35,0,0.0,0.9629,0,0
2026-08-27T20:04:58.015938+00:00,c2_dns_tunnel_v1,c2_dns_tunnel_v1__c7430f52c647,command_and_control,T1071.004,0,0,0.0,0.0,1.0,0.0,0.0,0.7596,0,0,4.2527,9.0709,3.4822,0.5977,5.2754,0,0,0,0,0,0,1.2354,154.14,0.0,154.14,7466.32,9587.91,0,0.0,1.8549,0,0
2026-08-27T20:05:03.015938+00:00,c2_dns_tunnel_v1,c2_dns_tunnel_v1__c7430f52c647,command_and_control,T1071.004,1,1,-0.0,0.0896,0.905,680.83,510.62,0.8437,4,3,3.696,10.9587,4.146,0.6215,6.0104,0,0,0,0,0,0,1.1437,170.21,0.0,170.21,6610.39,9008.27,0,0.0,1.821,0,0
2026-08-27T20:05:08.015938+00:00,c2_dns_tunnel_v1,c2_dns_tunnel_v1__c7430f52c647,command_and_control,T1071.004,1,1,-0.0,0.1463,0.8273,698.51,558.81,0.7888,5,4,1.9335,4.0456,2.7646,0.5428,4.3929,0,0,0,0,0,0,1.1776,139.7,0.0,139.7,9280.53,6829.01,0,0.0313,1.0079,0,0
2026-08-27T20:05:13.015938+00:00,c2_dns_tunnel_v1,c2_dns_tunnel_v1__c7430f52c647,command_and_control,T1071.004,2,1,-0.0,0.1079,0.8695,1786.34,1429.07,0.881,10,8,3.7577,6.6838,2.3927,0.2441,3.1251,0,0,0,0,0,0,1.1314,178.63,11.72,190.35,7032.53,8343.08,0,0.052,0.8971,0,0
2026-08-27T20:05:18.015938+00:00,c2_dns_tunnel_v1,c2_dns_tunnel_v1__c7430f52c647,command_and_control,T1071.004,1,1,-0.0,0.1355,0.901,1150.3,1006.51,0.9212,8,7,4.8115,7.3256,3.3586,0.4314,4.6527,0,0,0,0,0,0,1.1352,143.79,0.0,143.79,7911.72,9054.37,0,0.0128,1.3945,0,0
2026-08-27T20:05:23.015938+00:00,c2_dns_tunnel_v1,c2_dns_tunnel_v1__c7430f52c647,command_and_control,T1071.004,2,1,-0.0,0.1096,0.8691,987.22,822.68,0.8387,6,5,2.803,3.8074,3.3428,0.5967,5.133,0,0,0,0,0,0,1.1658,164.54,3.72,168.26,8676.69,7629.73,0,0.0,1.0016,0,0
2026-08-27T20:05:28.015938+00:00,c2_dns_tunnel_v1,c2_dns_tunnel_v1__c7430f52c647,command_and_control,T1071.004,2,1,-0.0,0.1095,0.8785,2212.02,1244.26,0.8668,16,9,2.9831,6.697,3.6602,0.2759,4.4878,0,0,0,0,0,0,1.66,138.25,0.85,139.1,5627.17,7263.45,0,0.0178,1.0827,0,0
2026-08-27T20:05:33.015938+00:00,c2_dns_tunnel_v1,c2_dns_tunnel_v1__c7430f52c647,command_and_control,T1071.004,1,1,-0.0,0.0825,0.9294,1213.05,1010.87,0.8493,6,5,2.333,4.9448,3.562,0.751,5.815,0,0,0,0,0,0,1.1585,202.17,0.0,202.17,7826.58,7339.12,0,0.0,1.1481,0,0
2026-08-27T20:05:38.015938+00:00,c2_dns_tunnel_v1,c2_dns_tunnel_v1__c7430f52c647,command_and_control,T1071.004,2,1,0.317,0.2416,0.7534,3712.228,3646.272,0.7207,19,21,2.3158,5.9313,2.7452,0.5419,4.3707,0,0,0,0,0,0,0.9357,210.526,46.77,267.144,8914.27,8623.71,0,0.0054,0.8628,0,0
2026-08-27T20:05:43.015938+00:00,c2_dns_tunnel_v1,c2_dns_tunnel_v1__c7430f52c647,command_and_control,T1071.004,2,1,-0.0,0.1215,0.8731,922.26,922.26,0.8757,6,6,3.6136,6.3366,3.4272,0.3517,4.4823,0,0,0,0,0,0,0.9607,153.71,5.06,158.77,9006.78,7753.75,0,0.0,0.9007,0,0
2026-08-27T20:05:48.015938+00:00,c2_dns_tunnel_v1,c2_dns_tunnel_v1__c7430f52c647,command_and_control,T1071.004,5,1,-0.0,0.0944,0.8995,2693.07,2693.07,0.9217,15,15,4.151,5.0967,3.3543,0.4642,4.7468,0,1,0,0,0,0,0.9459,179.54,42.06,237.85,8779.33,7202.68,0,0.0,0.577,0,0
2026-08-27T20:05:53.015938+00:00,c2_dns_tunnel_v1,c2_dns_tunnel_v1__c7430f52c647,command_and_control,T1071.004,2,1,-0.0,0.1314,0.859,2650.38,1987.79,0.9737,12,9,2.444,5.8168,3.0882,0.6687,5.0942,0,0,0,0,0,0,1.2942,220.87,80.08,300.94,7678.14,7829.98,0,0.037,1.4666,0,0
2026-08-27T20:05:58.015938+00:00,c2_dns_tunnel_v1,c2_dns_tunnel_v1__c7430f52c647,command_and_control,T1071.004,1,1,0.317,0.2453,0.725,1494.7,1096.112,0.7907,3,2,3.2914,4.9975,3.0069,0.5555,4.6735,0,0,0,0,0,0,1.0499,209.678,24.186,243.72,8548.182,7969.774,0,0.0054,1.1271,0,0
2026-08-27T20:06:03.015938+00:00,c2_dns_tunnel_v1,c2_dns_tunnel_v1__c7430f52c647,command_and_control,T1071.004,0,0,0.0,0.1313,0.82,0.0,0.0,0.7783,0,0,2.3217,5.7319,3.4322,0.3267,4.4124,0,0,0,0,0,0,1.1765,190.31,0.0,190.31,9257.88,7731.77,0,0.0,1.2488,0,0
2026-08-27T20:06:08.015938+00:00,c2_dns_tunnel_v1,c2_dns_tunnel_v1__c7430f52c647,command_and_control,T1071.004,6,1,-0.0,0.1284,0.8637,7036.31,6596.54,0.8532,48,45,4.4695,13.2189,2.9897,0.5045,4.503,0,2,0,0,0,0,1.0453,146.59,30.89,191.58,9427.14,8630.6,0,0.0011,1.4775,0,0
2026-08-27T20:06:13.015938+00:00,c2_dns_tunnel_v1,c2_dns_tunnel_v1__c7430f52c647,command_and_control,T1071.004,1,1,-0.0,0.0681,0.9271,509.87,407.9,0.8623,5,4,3.4135,9.6848,2.7698,0.3054,3.686,0,0,0,0,0,0,1.0238,101.97,0.0,101.97,9297.52,8057.95,0,0.0409,1.1076,0,0
2026-08-27T20:06:18.015938+00:00,c2_dns_tunnel_v1,c2_dns_tunnel_v1__c7430f52c647,command_and_control,T1071.004,1,1,-0.0,0.1066,0.9022,1077.41,837.99,0.8743,9,7,2.3425,5.9454,3.6795,0.5493,5.3272,0,0,0,0,0,0,1.2516,119.71,0.0,119.71,8280.18,6396.62,0,0.0,0.9041,0,0
2026-08-27T20:06:23.015938+00:00,c2_dns_tunnel_v1,c2_dns_tunnel_v1__c7430f52c647,command_and_control,T1071.004,2,1,-0.0,0.0636,0.9688,1696.69,1272.52,0.8115,8,6,3.8432,10.4406,3.5738,0.4339,4.8756,0,0,0,0,0,0,1.3141,212.09,26.64,238.73,7610.63,7355.21,0,0.0,0.4446,0,0
2026-08-27T20:06:28.015938+00:00,c2_dns_tunnel_v1,c2_dns_tunnel_v1__c7430f52c647,command_and_control,T1071.004,3,1,-0.0,0.1464,0.8493,1825.96,1217.31,0.9104,15,10,4.144,5.9123,3.4771,0.6858,5.5345,0,1,0,0,0,0,1.3862,121.73,35.55,163.33,8434.88,8014.42,0,0.0661,1.1212,0,0
2026-08-27T20:06:33.015938+00:00,c2_dns_tunnel_v1,c2_dns_tunnel_v1__c7430f52c647,command_and_control,T1071.004,0,0,0.0,0.1251,0.9003,0.0,0.0,0.8999,0,0,1.8608,3.4569,3.533,0.6006,5.3347,0,0,0,0,0,0,0.854,217.34,0.0,217.34,7675.75,8079.28,0,0.0,1.5875,0,0
2026-08-27T20:06:38.015938+00:00,c2_dns_tunnel_v1,c2_dns_tunnel_v1__c7430f52c647,command_and_control,T1071.004,5,1,-0.0,0.0928,0.8993,5904.76,4920.64,0.7983,30,25,2.9052,7.5615,3.4291,0.6757,5.4562,0,1,0,0,0,0,1.1732,196.83,56.93,284.36,8350.17,6717.76,0,0.0,1.8132,0,0
2026-08-27T20:06:43.015938+00:00,c2_dns_tunnel_v1,c2_dns_tunnel_v1__c7430f52c647,command_and_control,T1071.004,0,0,0.0,0.0624,0.9394,0.0,0.0,0.8112,0,0,2.6174,3.9351,3.1848,0.5765,4.9144,0,0,0,0,0,0,1.0474,156.54,0.0,156.54,8956.39,8516.62,0,0.0,1.0436,0,0
2026-08-27T20:06:48.015938+00:00,c2_dns_tunnel_v1,c2_dns_tunnel_v1__c7430f52c647,command_and_control,T1071.004,0,0,0.0,0.0914,0.9335,0.0,0.0,0.7789,0,0,1.4904,2.7724,3.0524,0.4292,4.34,0,0,0,0,0,0,1.0492,226.97,0.0,226.97,6575.72,10020.96,0,0.0389,1.1356,0,0
2026-08-27T20:06:53.015938+00:00,c2_dns_tunnel_v1,c2_dns_tunnel_v1__c7430f52c647,command_and_control,T1071.004,2,1,-0.0,0.1678,0.8568,1888.03,1180.02,0.9242,16,10,2.5013,6.8222,3.8282,0.5143,5.3711,0,0,0,0,0,0,1.4743,118.0,62.02,180.02,5550.69,11557.91,0,0.0,0.2815,0,0
2026-08-27T20:06:58.015938+00:00,c2_dns_tunnel_v1,c2_dns_tunnel_v1__c7430f52c647,command_and_control,T1071.004,0,0,0.0,0.1108,0.8765,0.0,0.0,0.8766,0,0,2.7301,5.6412,3.0694,0.4983,4.5645,0,0,0,0,0,0,0.6645,107.96,0.0,107.96,8613.91,7436.87,0,0.0137,0.0415,0,0
2026-08-27T20:07:03.015938+00:00,c2_dns_tunnel_v1,c2_dns_tunnel_v1__c7430f52c647,command_and_control,T1071.004,2,1,-0.0,0.1183,0.8715,1995.72,1496.79,0.8286,12,9,2.683,7.1454,3.3928,0.6834,5.4429,0,0,0,0,0,0,1.2719,166.31,53.71,220.02,8948.31,7044.02,0,0.0,1.2432,0,0
2026-08-27T20:07:08.015938+00:00,c2_dns_tunnel_v1,c2_dns_tunnel_v1__c7430f52c647,command_and_control,T1071.004,0,0,0.0,0.1336,0.8637,0.0,0.0,0.856,0,0,4.1167,8.8896,3.1036,0.6254,4.9798,0,0,0,0,0,0,1.3821,156.44,0.0,156.44,8450.88,9566.91,0,0.0,0.9089,0,0
2026-08-27T20:07:13.015938+00:00,c2_dns_tunnel_v1,c2_dns_tunnel_v1__c7430f52c647,command_and_control,T1071.004,1,1,-0.0,0.0507,0.9684,1057.31,881.09,0.8569,6,5,5.4478,10.4543,3.5045,0.5985,5.2999,0,0,0,0,0,0,1.0256,176.22,0.0,176.22,9495.47,8588.7,0,0.0333,1.3108,0,0
2026-08-27T20:07:18.015938+00:00,c2_dns_tunnel_v1,c2_dns_tunnel_v1__c7430f52c647,command_and_control,T1071.004,3,1,-0.0,0.0914,0.8899,3665.04,3665.04,0.8144,21,21,4.2843,11.237,3.6496,0.6827,5.6978,0,1,0,0,0,0,0.9967,174.53,42.04,233.72,8887.55,9345.13,0,0.0081,0.876,0,0
2026-08-27T20:07:23.015938+00:00,c2_dns_tunnel_v1,c2_dns_tunnel_v1__c7430f52c647,command_and_control,T1071.004,1,1,-0.0,0.073,0.929,1653.54,1240.16,0.7857,8,6,4.4842,5.8897,3.1964,0.5055,4.7129,0,0,0,0,0,0,1.2186,206.69,0.0,206.69,10218.45,7883.7,0,0.0534,0.8533,0,0
2026-08-27T20:07:28.015938+00:00,c2_dns_tunnel_v1,c2_dns_tunnel_v1__c7430f52c647,command_and_control,T1071.004,1,1,-0.0,0.1012,0.8878,1717.23,1287.92,0.9155,8,6,4.4624,9.8219,3.391,0.7122,5.5277,0,0,0,0,0,0,1.2387,214.65,0.0,214.65,9394.35,9093.55,0,0.0037,1.0586,0,0
2026-08-27T20:07:33.015938+00:00,c2_dns_tunnel_v1,c2_dns_tunnel_v1__c7430f52c647,command_and_control,T1071.004,1,1,-0.0,0.0645,0.9169,1877.3,2033.74,0.8366,12,13,4.1882,11.3934,3.1261,0.5269,4.7069,0,0,0,0,0,0,0.9095,156.44,0.0,156.44,10179.83,7389.89,0,0.0,0.9196,0,0
2026-08-27T20:07:38.015938+00:00,c2_dns_tunnel_v1,c2_dns_tunnel_v1__c7430f52c647,command_and_control,T1071.004,2,1,-0.0,0.0901,0.9299,2364.45,2364.45,0.9029,12,12,3.5857,4.6526,3.9344,0.4868,5.3948,0,0,0,0,0,0,0.9808,197.04,59.24,256.28,8439.42,9401.8,0,0.0107,1.3682,0,0
2026-08-27T20:07:43.015938+00:00,c2_dns_tunnel_v1,c2_dns_tunnel_v1__c7430f52c647,command_and_control,T1071.004,1,1,-0.0,0.1313,0.9041,438.86,351.09,0.8463,5,4,1.914,5.1173,2.936,0.34,3.956,0,0,0,0,0,0,1.2099,87.77,0.0,87.77,7047.61,6379.98,0,0.0264,1.3162,0,0
2026-08-27T20:07:48.015938+00:00,c2_dns_tunnel_v1,c2_dns_tunnel_v1__c7430f52c647,command_and_control,T1071.004,0,0,0.0,0.1497,0.8115,0.0,0.0,0.8111,0,0,2.3577,3.3749,4.6754,0.4698,6.0849,0,0,0,0,0,0,1.03,118.39,0.0,118.39,7751.49,7425.67,0,0.0083,0.4758,0,0
2026-08-27T20:07:53.015938+00:00,c2_dns_tunnel_v1,c2_dns_tunnel_v1__c7430f52c647,command_and_control,T1071.004,1,1,0.317,0.2509,0.7621,2784.732,1902.384,0.8093,9,6,1.8268,3.1433,3.0727,0.3325,4.0702,0,0,0,0,0,0,1.3346,260.902,24.186,294.944,8268.726,8879.614,0,0.0413,1.2876,0,0
2026-08-27T20:07:58.015938+00:00,c2_dns_tunnel_v1,c2_dns_tunnel_v1__c7430f52c647,command_and_control,T1071.004,1,1,-0.0,0.0954,0.8862,1237.68,1443.96,0.8547,6,7,1.6638,3.4851,3.1466,0.5544,4.8099,0,0,0,0,0,0,0.7823,206.28,0.0,206.28,9482.14,8404.01,0,0.0,0.7751,0,0
2026-08-27T20:08:03.015938+00:00,c2_dns_tunnel_v1,c2_dns_tunnel_v1__c7430f52c647,command_and_control,T1071.004,2,1,-0.0,0.0371,0.9547,951.47,832.54,0.8466,8,7,2.8061,5.5101,3.5617,0.4811,5.0049,0,0,0,0,0,0,1.1159,118.93,8.52,127.45,9032.32,8299.08,0,0.0389,1.5137,0,0
2026-08-27T20:08:08.015938+00:00,c2_dns_tunnel_v1,c2_dns_tunnel_v1__c7430f52c647,command_and_control,T1071.004,5,1,-0.0,0.0695,0.9273,5413.4,4872.06,0.8059,30,27,3.732,9.9483,2.828,0.6193,4.686,0,2,0,0,0,0,1.0921,180.45,46.63,234.64,7031.1,7376.44,0,0.0321,1.0689,0,0
2026-08-27T20:08:13.015938+00:00,c2_dns_tunnel_v1,c2_dns_tunnel_v1__c7430f52c647,command_and_control,T1071.004,1,1,-0.0,0.0885,0.9431,1028.32,771.24,0.8946,4,3,3.6066,8.4011,3.0577,0.4892,4.5252,0,0,0,0,0,0,1.0961,257.08,0.0,257.08,6619.02,8694.33,0,0.0401,1.4863,0,0
2026-08-27T20:08:18.015938+00:00,c2_dns_tunnel_v1,c2_dns_tunnel_v1__c7430f52c647,command_and_control,T1071.004,2,1,-0.0,0.1353,0.8628,799.1,665.92,0.9699,6,5,2.8592,4.3102,3.3124,0.7384,5.5275,0,0,0,0,0,0,1.0085,133.18,12.01,145.19,7382.28,6398.97,0,0.0179,1.4474,0,0
2026-08-27T20:08:23.015938+00:00,c2_dns_tunnel_v1,c2_dns_tunnel_v1__c7430f52c647,command_and_control,T1071.004,4,1,-0.0,0.0792,0.907,3963.92,4954.9,0.8451,20,25,3.3888,6.3887,3.5773,0.7772,5.909,0,1,0,0,0,0,0.7713,198.2,42.18,239.94,7280.69,8770.61,0,0.0038,0.0,0,0
2026-08-27T20:08:28.015938+00:00,c2_dns_tunnel_v1,c2_dns_tunnel_v1__c7430f52c647,command_and_control,T1071.004,0,0,0.0,0.1059,0.8983,0.0,0.0,0.9478,0,0,2.3561,6.1534,3.7468,0.4202,5.0073,0,0,0,0,0,0,1.0416,143.81,0.0,143.81,9030.26,7618.72,0,0.0,1.3672,0,0
2026-08-27T20:08:33.015938+00:00,c2_dns_tunnel_v1,c2_dns_tunnel_v1__c7430f52c647,command_and_control,T1071.004,2,1,-0.0,0.1223,0.8986,1701.04,1594.73,0.866,16,15,3.1151,5.8864,3.0443,0.6524,5.0017,0,0,0,0,0,0,1.0305,106.32,4.13,110.45,8721.05,9217.41,0,0.0265,0.848,0,0
2026-08-27T20:08:38.015938+00:00,c2_dns_tunnel_v1,c2_dns_tunnel_v1__c7430f52c647,command_and_control,T1071.004,2,1,-0.0,0.0973,0.9041,3722.01,3722.01,0.7669,18,18,4.2986,11.3228,2.9869,0.2859,3.8446,0,0,0,0,0,0,0.9826,206.78,72.68,279.46,7328.45,7834.15,0,0.0211,1.3318,0,0
2026-08-27T20:08:43.015938+00:00,c2_dns_tunnel_v1,c2_dns_tunnel_v1__c7430f52c647,command_and_control,T1071.004,1,1,0.317,0.2794,0.6977,1494.7,1096.112,0.7175,3,2,1.6582,3.983,2.6746,0.2651,3.47,0,0,0,0,0,0,1.1041,192.102,24.186,226.144,9135.99,9570.31,0,0.0077,1.1412,0,0
2026-08-27T20:08:48.015938+00:00,c2_dns_tunnel_v1,c2_dns_tunnel_v1__c7430f52c647,command_and_control,T1071.004,1,1,0.317,0.2539,0.7583,1494.7,1096.112,0.7755,3,2,3.5478,8.4702,3.3483,0.5116,4.883,0,0,0,0,0,0,1.2337,226.342,24.186,260.384,8072.502,9221.262,0,0.0605,1.5128,0,0
2026-08-27T20:08:53.015938+00:00,c2_dns_tunnel_v1,c2_dns_tunnel_v1__c7430f52c647,command_and_control,T1071.004,2,1,-0.0,0.0551,0.9548,1568.39,1437.69,0.846,12,11,2.6706,4.4587,2.6557,0.3192,3.6134,0,0,0,0,0,0,1.0083,130.7,21.38,152.07,8119.34,9168.84,0,0.0187,0.7896,0,0
2026-08-27T20:08:58.015938+00:00,c2_dns_tunnel_v1,c2_dns_tunnel_v1__c7430f52c647,command_and_control,T1071.004,0,0,0.0,0.0998,0.9122,0.0,0.0,0.7979,0,0,5.2889,13.9936,3.736,0.3815,4.8805,0,0,0,0,0,0,1.2212,246.09,0.0,246.09,5520.17,9505.31,0,0.0,1.8807,0,0
2026-08-27T20:09:03.015938+00:00,c2_dns_tunnel_v1,c2_dns_tunnel_v1__c7430f52c647,command_and_control,T1071.004,5,1,-0.0,0.1043,0.8837,4707.72,3362.66,0.821,35,25,4.0608,6.6088,2.8073,0.2418,3.5326,0,2,0,0,0,0,1.3929,134.51,32.03,193.89,7166.49,7768.37,0,0.0038,0.3051,0,0
2026-08-27T20:09:08.015938+00:00,c2_dns_tunnel_v1,c2_dns_tunnel_v1__c7430f52c647,command_and_control,T1071.004,5,1,-0.0,0.073,0.9271,9794.19,7301.12,0.7982,55,41,2.9973,3.8815,3.2307,0.2477,3.9739,0,1,0,0,0,0,1.3147,178.08,15.65,198.93,7199.05,7678.48,0,0.0056,1.2349,0,0
2026-08-27T20:09:13.015938+00:00,c2_dns_tunnel_v1,c2_dns_tunnel_v1__c7430f52c647,command_and_control,T1071.004,0,0,0.0,0.1136,0.9293,0.0,0.0,0.8572,0,0,2.0475,3.6332,2.7884,0.2314,3.4826,0,0,0,0,0,0,0.8268,150.22,0.0,150.22,7692.19,9825.72,0,0.012,1.1387,0,0
2026-08-27T20:09:18.015938+00:00,c2_dns_tunnel_v1,c2_dns_tunnel_v1__c7430f52c647,command_and_control,T1071.004,5,1,-0.0,0.1237,0.8989,7465.9,6825.96,0.8158,35,32,4.1315,8.4019,3.4073,0.684,5.4593,0,1,0,0,0,0,1.0857,213.31,24.89,239.79,6215.12,9223.29,0,0.0,0.8121,0,0
2026-08-27T20:09:23.015938+00:00,c2_dns_tunnel_v1,c2_dns_tunnel_v1__c7430f52c647,command_and_control,T1071.004,0,0,0.0,0.1424,0.8403,0.0,0.0,0.8914,0,0,4.41,12.2434,3.9092,0.8345,6.4125,0,0,0,0,0,0,0.993,193.33,0.0,193.33,7723.33,6813.98,0,0.0043,1.0771,0,0
2026-08-27T20:09:28.015938+00:00,c2_dns_tunnel_v1,c2_dns_tunnel_v1__c7430f52c647,command_and_control,T1071.004,1,1,-0.0,0.0956,0.9047,921.87,921.87,0.9298,5,5,2.3527,5.8,4.4259,0.6146,6.2698,0,0,0,0,0,0,0.9649,184.37,0.0,184.37,6840.39,9692.72,0,0.0747,1.5828,0,0
2026-08-27T20:09:33.015938+00:00,c2_dns_tunnel_v1,c2_dns_tunnel_v1__c7430f52c647,command_and_control,T1071.004,2,1,0.317,0.234,0.7579,2904.516,2153.472,0.8095,13,9,2.553,6.6866,2.9886,0.6418,4.914,0,0,0,0,0,0,1.2558,217.134,37.842,264.832,8486.262,8474.07,0,0.0081,0.736,0,0
2026-08-27T20:09:38.015938+00:00,c2_dns_tunnel_v1,c2_dns_tunnel_v1__c7430f52c647,command_and_control,T1071.004,3,1,-0.0,0.0774,0.8972,5508.68,4774.19,0.8161,30,26,2.6821,4.7921,3.4314,0.7111,5.5648,0,1,0,0,0,0,1.1231,183.62,32.59,229.4,8306.97,8512.52,0,0.0,0.315,0,0
2026-08-27T20:09:43.015938+00:00,c2_dns_tunnel_v1,c2_dns_tunnel_v1__c7430f52c647,command_and_control,T1071.004,2,1,-0.0,0.1103,0.8475,1897.3,1581.08,0.8173,12,10,4.1715,7.6099,3.0065,0.4872,4.4681,0,0,0,0,0,0,1.181,158.11,16.08,174.19,9897.84,8272.39,0,0.0278,0.8308,0,0
2026-08-27T20:09:48.015938+00:00,c2_dns_tunnel_v1,c2_dns_tunnel_v1__c7430f52c647,command_and_control,T1071.004,1,1,-0.0,0.0675,0.9316,1165.81,777.21,0.8379,6,4,3.0326,7.8178,3.0863,0.6342,4.9891,0,0,0,0,0,0,1.256,194.3,0.0,194.3,7986.58,7147.49,0,0.0241,0.1099,0,0
2026-08-27T20:09:53.015938+00:00,c2_dns_tunnel_v1,c2_dns_tunnel_v1__c7430f52c647,command_and_control,T1071.004,2,1,-0.0,0.0773,0.9374,1440.86,1008.6,0.7253,10,7,2.5472,5.7922,3.3148,0.2892,4.1824,0,0,0,0,0,0,1.3428,144.09,3.04,147.13,6999.7,9363.35,0,0.0678,1.109,0,0
2026-08-27T20:09:58.015938+00:00,c2_dns_tunnel_v1,c2_dns_tunnel_v1__c7430f52c647,command_and_control,T1071.004,0,0,0.0,0.1538,0.8394,0.0,0.0,0.8775,0,0,4.7246,9.107,3.0182,0.5253,4.5941,0,0,0,0,0,0,1.0518,165.2,0.0,165.2,6790.63,7127.42,0,0.0116,1.0404,0,0
2026-08-27T20:10:03.015938+00:00,c2_dns_tunnel_v1,c2_dns_tunnel_v1__c7430f52c647,command_and_control,T1071.004,2,1,0.317,0.2502,0.7738,1783.204,1384.616,0.7887,5,4,3.7196,8.1079,3.0355,0.3694,4.1438,0,0,0,0,0,0,0.9899,243.894,30.442,284.2,9917.878,6633.15,0,0.0201,2.2627,0,0
2026-08-27T20:10:08.015938+00:00,c2_dns_tunnel_v1,c2_dns_tunnel_v1__c7430f52c647,command_and_control,T1071.004,1,1,-0.0,0.051,0.9438,1442.14,1236.12,0.8421,7,6,2.6971,5.7321,2.9866,0.5006,4.4884,0,0,0,0,0,0,1.0209,206.02,0.0,206.02,7717.94,8747.61,0,0.0852,1.8136,0,0
2026-08-27T20:10:13.015938+00:00,c2_dns_tunnel_v1,c2_dns_tunnel_v1__c7430f52c647,command_and_control,T1071.004,0,0,0.0,0.0798,0.9728,0.0,0.0,0.8963,0,0,1.7764,2.8582,3.7606,0.3962,4.9493,0,0,0,0,0,0,1.4658,118.19,0.0,118.19,9174.01,9929.81,0,0.0,1.1494,0,0
2026-08-27T20:10:18.015938+00:00,c2_dns_tunnel_v1,c2_dns_tunnel_v1__c7430f52c647,command_and_control,T1071.004,4,1,-0.0,0.1307,0.8696,2899.91,3044.91,0.8535,20,21,3.8426,10.8519,3.0154,0.5756,4.7422,0,1,0,0,0,0,0.9469,145.0,21.38,174.53,8811.42,8113.03,0,0.0384,2.2895,0,0
2026-08-27T20:10:23.015938+00:00,c2_dns_tunnel_v1,c2_dns_tunnel_v1__c7430f52c647,command_and_control,T1071.004,4,1,-0.0,0.0891,0.9254,3490.22,3141.19,0.9337,20,18,2.9874,7.8792,3.4617,0.4785,4.8971,0,1,0,0,0,0,1.0735,174.51,31.95,212.88,8917.62,7955.63,0,0.0,1.1116,0,0
2026-08-27T20:10:28.015938+00:00,c2_dns_tunnel_v1,c2_dns_tunnel_v1__c7430f52c647,command_and_control,T1071.004,0,0,0.0,0.0691,0.9418,0.0,0.0,0.8775,0,0,4.1302,5.6528,4.0512,0.6249,5.926,0,0,0,0,0,0,1.3015,147.44,0.0,147.44,6974.77,8085.37,0,0.0,0.0,0,0
2026-08-27T20:10:33.015938+00:00,c2_dns_tunnel_v1,c2_dns_tunnel_v1__c7430f52c647,command_and_control,T1071.004,0,0,0.0,0.0827,0.8884,0.0,0.0,0.9469,0,0,3.4334,6.6492,3.1366,0.5757,4.8637,0,0,0,0,0,0,0.9671,111.15,0.0,111.15,8439.06,8068.26,0,0.0,1.4455,0,0
2026-08-27T20:10:38.015938+00:00,c2_dns_tunnel_v1,c2_dns_tunnel_v1__c7430f52c647,command_and_control,T1071.004,0,0,0.0,0.0545,0.9268,0.0,0.0,0.8652,0,0,3.9223,6.3147,2.6358,0.4516,3.9906,0,0,0,0,0,0,0.8317,207.85,0.0,207.85,7574.99,8283.48,0,0.0299,1.303,0,0
2026-08-27T20:10:43.015938+00:00,c2_dns_tunnel_v1,c2_dns_tunnel_v1__c7430f52c647,command_and_control,T1071.004,1,1,-0.0,0.1115,0.9037,1841.08,1150.67,0.8626,8,5,3.5619,4.5953,2.7876,0.3134,3.7279,0,0,0,0,0,0,1.3339,230.13,0.0,230.13,7546.64,6909.17,0,0.0702,1.7818,0,0
2026-08-27T20:10:48.015938+00:00,c2_dns_tunnel_v1,c2_dns_tunnel_v1__c7430f52c647,command_and_control,T1071.004,2,1,-0.0,0.0701,0.952,3504.08,3638.85,0.806,26,27,4.228,8.5568,3.4284,0.436,4.7366,0,0,0,0,0,0,0.9534,134.77,10.3,145.07,9262.27,7364.56,0,0.0,1.4938,0,0
2026-08-27T20:10:53.015938+00:00,c2_dns_tunnel_v1,c2_dns_tunnel_v1__c7430f52c647,command_and_control,T1071.004,2,1,-0.0,0.1289,0.8477,2132.16,1865.64,0.8367,16,14,1.9358,5.132,3.2657,0.7076,5.3885,0,0,0,0,0,0,1.069,133.26,0.75,134.01,7565.9,8388.03,0,0.0046,0.2368,0,0
2026-08-27T20:10:58.015938+00:00,c2_dns_tunnel_v1,c2_dns_tunnel_v1__c7430f52c647,command_and_control,T1071.004,1,1,-0.0,0.1222,0.8577,635.46,381.27,0.8251,5,3,1.8324,2.9722,3.6465,0.8197,6.1058,0,0,0,0,0,0,1.2606,127.09,0.0,127.09,8736.27,8218.57,0,0.0355,1.0678,0,0
2026-08-27T20:11:03.015938+00:00,c2_dns_tunnel_v1,c2_dns_tunnel_v1__c7430f52c647,command_and_control,T1071.004,0,0,0.0,0.1247,0.8466,0.0,0.0,0.8879,0,0,2.3243,5.2737,3.162,0.6621,5.1482,0,0,0,0,0,0,0.4828,147.84,0.0,147.84,6284.66,7984.56,0,0.0011,0.51,0,0
2026-08-27T20:11:08.015938+00:00,c2_dns_tunnel_v1,c2_dns_tunnel_v1__c7430f52c647,command_and_control,T1071.004,3,1,-0.0,0.0934,0.8699,2408.36,3411.85,0.89,12,17,4.4117,8.0868,3.74,0.3929,4.9188,0,1,0,0,0,0,0.674,200.7,39.65,256.35,8647.19,7226.42,0,0.0067,1.5358,0,0
2026-08-27T20:11:13.015938+00:00,c2_dns_tunnel_v1,c2_dns_tunnel_v1__c7430f52c647,command_and_control,T1071.004,3,1,-0.0,0.1074,0.8966,2023.66,1855.02,0.8176,12,11,3.9619,6.0485,3.649,0.46,5.0289,0,1,0,0,0,0,1.0676,168.64,15.05,188.26,8315.25,8006.67,0,0.013,0.9779,0,0
2026-08-27T20:11:18.015938+00:00,c2_dns_tunnel_v1,c2_dns_tunnel_v1__c7430f52c647,command_and_control,T1071.004,3,1,0.317,0.3356,0.6426,6026.212,4803.712,0.7887,29,24,4.5237,7.8453,3.1704,0.5121,4.7065,0,1,0,0,0,0,1.2196,236.966,31.626,277.28,7756.238,7211.078,0,0.0364,1.578,0,0
2026-08-27T20:11:23.015938+00:00,c2_dns_tunnel_v1,c2_dns_tunnel_v1__c7430f52c647,command_and_control,T1071.004,3,1,-0.0,0.094,0.9355,5698.75,5487.69,0.7907,27,26,3.5726,7.6637,3.3059,0.6329,5.2046,0,1,0,0,0,0,1.0327,211.06,70.03,304.77,7628.9,8246.96,0,0.0,0.7022,0,0
2026-08-27T20:11:28.015938+00:00,c2_dns_tunnel_v1,c2_dns_tunnel_v1__c7430f52c647,command_and_control,T1071.004,1,1,-0.0,0.1181,0.8756,1025.83,615.5,0.8575,5,3,1.8508,5.4532,4.1188,0.7656,6.4155,0,0,0,0,0,0,1.2859,205.17,0.0,205.17,9509.97,7535.1,0,0.01,1.5849,0,0
2026-08-27T20:11:33.015938+00:00,c2_dns_tunnel_v1,c2_dns_tunnel_v1__c7430f52c647,command_and_control,T1071.004,3,1,-0.0,0.1416,0.865,3485.26,2323.51,0.8934,18,12,2.2827,4.8714,3.8375,0.3758,4.9648,0,1,0,0,0,0,1.3887,193.63,61.74,280.56,7758.94,7927.72,0,0.039,0.0,0,0
2026-08-27T20:11:38.015938+00:00,c2_dns_tunnel_v1,c2_dns_tunnel_v1__c7430f52c647,command_and_control,T1071.004,1,1,-0.0,0.0623,0.936,942.24,706.68,0.9299,4,3,2.3232,3.7223,4.0855,0.311,5.0185,0,0,0,0,0,0,1.1836,235.56,0.0,235.56,7453.55,6765.56,0,0.0,0.8759,0,0
2026-08-27T20:11:43.015938+00:00,c2_dns_tunnel_v1,c2_dns_tunnel_v1__c7430f52c647,command_and_control,T1071.004,2,1,-0.0,0.0955,0.9121,2111.51,1478.06,0.956,10,7,3.2395,4.7594,3.4615,0.3992,4.6592,0,0,0,0,0,0,1.3789,211.15,55.3,266.45,6317.29,7550.84,0,0.0241,1.4074,0,0
2026-08-27T20:11:48.015938+00:00,c2_dns_tunnel_v1,c2_dns_tunnel_v1__c7430f52c647,command_and_control,T1071.004,0,0,0.0,0.0906,0.9068,0.0,0.0,0.8495,0,0,3.7196,7.6386,3.5786,0.4417,4.9039,0,0,0,0,0,0,1.3427,183.31,0.0,183.31,8746.07,7403.68,0,0.0,0.5979,0,0
2026-08-27T20:11:53.015938+00:00,c2_dns_tunnel_v1,c2_dns_tunnel_v1__c7430f52c647,command_and_control,T1071.004,0,0,0.0,0.108,0.9098,0.0,0.0,0.8142,0,0,3.8747,9.2116,3.0975,0.4979,4.5913,0,0,0,0,0,0,1.0273,153.63,0.0,153.63,7693.17,8227.78,0,0.0,0.7816,0,0
2026-08-27T20:11:58.015938+00:00,c2_dns_tunnel_v1,c2_dns_tunnel_v1__c7430f52c647,command_and_control,T1071.004,0,0,0.0,0.1386,0.7991,0.0,0.0,0.848,0,0,3.6912,9.269,3.634,0.41,4.8639,0,0,0,0,0,0,1.1101,154.82,0.0,154.82,8247.09,7682.55,0,0.0,0.757,0,0
2026-08-27T20:12:03.015938+00:00,c2_dns_tunnel_v1,c2_dns_tunnel_v1__c7430f52c647,command_and_control,T1071.004,0,0,0.0,0.2363,0.783,0.0,0.0,0.8065,0,0,2.7587,5.2375,4.2175,0.5784,5.9526,0,0,0,0,0,0,0.8361,165.34,0.0,165.34,6433.24,8331.12,0,0.0245,0.0,0,0
2026-08-27T20:12:08.015938+00:00,c2_dns_tunnel_v1,c2_dns_tunnel_v1__c7430f52c647,command_and_control,T1071.004,3,1,-0.0,0.1467,0.8307,3859.17,3215.97,0.8544,18,15,4.1862,9.5672,2.9111,0.4278,4.1946,0,1,0,0,0,0,1.1409,214.4,46.24,262.16,8046.13,9636.47,0,0.0132,0.9968,0,0
2026-08-27T20:12:13.015938+00:00,c2_dns_tunnel_v1,c2_dns_tunnel_v1__c7430f52c647,command_and_control,T1071.004,2,1,-0.0,0.0928,0.8926,3191.38,2279.56,0.8796,14,10,1.8534,3.4161,2.8807,0.3745,4.0042,0,0,0,0,0,0,1.3625,227.96,10.98,238.93,9392.24,8551.3,0,0.0242,1.8684,0,0
2026-08-27T20:12:18.015938+00:00,c2_dns_tunnel_v1,c2_dns_tunnel_v1__c7430f52c647,command_and_control,T1071.004,0,0,0.0,0.0682,0.9233,0.0,0.0,0.8439,0,0,2.7498,7.4012,2.787,0.4476,4.1297,0,0,0,0,0,0,1.3015,170.22,0.0,170.22,7688.63,9030.78,0,0.0036,0.917,0,0
2026-08-27T20:12:23.015938+00:00,c2_dns_tunnel_v1,c2_dns_tunnel_v1__c7430f52c647,command_and_control,T1071.004,2,1,-0.0,0.0872,0.9242,1320.23,1100.19,0.8119,6,5,3.663,4.5597,4.1286,0.7688,6.4349,0,0,0,0,0,0,1.0478,220.04,29.9,249.94,9506.23,7981.68,0,0.0815,1.1381,0,0
2026-08-27T20:12:28.015938+00:00,c2_dns_tunnel_v1,c2_dns_tunnel_v1__c7430f52c647,command_and_control,T1071.004,2,1,-0.0,0.1046,0.8976,3634.27,3452.56,0.8851,20,19,2.0441,4.6833,3.1083,0.5941,4.8905,0,0,0,0,0,0,1.0141,181.71,41.47,223.18,8350.76,6760.12,0,0.0921,0.9701,0,0
2026-08-27T20:12:33.015938+00:00,c2_dns_tunnel_v1,c2_dns_tunnel_v1__c7430f52c647,command_and_control,T1071.004,3,1,-0.0,0.0737,0.921,6940.75,5398.36,0.9214,27,21,3.1065,5.5792,3.0207,0.2307,3.7129,0,1,0,0,0,0,1.2299,257.06,83.07,373.98,9063.22,7331.0,0,0.0,0.2977,0,0
2026-08-27T20:12:38.015938+00:00,c2_dns_tunnel_v1,c2_dns_tunnel_v1__c7430f52c647,command_and_control,T1071.004,1,1,-0.0,0.096,0.8924,1577.78,1577.78,0.8717,6,6,2.4281,5.5184,3.2246,0.5216,4.7896,0,0,0,0,0,0,0.9072,262.96,0.0,262.96,9751.04,7971.93,0,0.0178,1.1005,0,0
2026-08-27T20:12:43.015938+00:00,c2_dns_tunnel_v1,c2_dns_tunnel_v1__c7430f52c647,command_and_control,T1071.004,0,0,0.0,0.1112,0.9113,0.0,0.0,0.7481,0,0,3.581,9.3165,2.9108,0.2959,3.7985,0,0,0,0,0,0,1.2421,142.19,0.0,142.19,7467.04,7614.34,0,0.0216,1.9501,0,0
2026-08-27T20:12:48.015938+00:00,c2_dns_tunnel_v1,c2_dns_tunnel_v1__c7430f52c647,command_and_control,T1071.004,3,1,-0.0,0.1662,0.8468,2597.06,2741.34,0.8541,18,19,4.3142,12.1672,3.4444,0.2988,4.3408,0,1,0,0,0,0,0.9425,144.28,19.27,158.0,7536.51,7626.07,0,0.0059,2.0691,0,0
2026-08-27T20:12:53.015938+00:00,c2_dns_tunnel_v1,c2_dns_tunnel_v1__c7430f52c647,command_and_control,T1071.004,0,0,0.0,0.1243,0.9297,0.0,0.0,0.9277,0,0,3.9728,9.1234,2.7732,0.5066,4.293,0,0,0,0,0,0,1.0446,160.7,0.0,160.7,8261.72,8357.39,0,0.0,0.444,0,0
2026-08-27T20:12:58.015938+00:00,c2_dns_tunnel_v1,c2_dns_tunnel_v1__c7430f52c647,command_and_control,T1071.004,3,1,-0.0,0.0769,0.9165,3392.08,3165.94,0.7074,15,14,2.184,3.9885,3.099,0.2889,3.9656,0,1,0,0,0,0,1.0607,226.14,35.27,275.69,8385.83,8365.31,0,0.022,2.4697,0,0
2026-08-27T20:13:03.015938+00:00,c2_dns_tunnel_v1,c2_dns_tunnel_v1__c7430f52c647,command_and_control,T1071.004,2,1,-0.0,0.0945,0.9077,2880.16,2880.16,0.8662,10,10,3.3731,5.97,3.2165,0.4357,4.5235,0,0,0,0,0,0,0.9616,288.02,32.76,320.77,7539.97,8021.04,0,0.0,0.6814,0,0
2026-08-27T20:13:08.015938+00:00,c2_dns_tunnel_v1,c2_dns_tunnel_v1__c7430f52c647,command_and_control,T1071.004,2,1,-0.0,0.094,0.9354,1141.98,761.32,0.8626,6,4,1.8136,5.0591,2.6542,0.5254,4.2306,0,0,0,0,0,0,1.401,190.33,6.33,196.66,8202.49,7965.99,0,0.0,0.6365,0,0
2026-08-27T20:13:13.015938+00:00,c2_dns_tunnel_v1,c2_dns_tunnel_v1__c7430f52c647,command_and_control,T1071.004,2,1,-0.0,0.1055,0.887,1718.71,1718.71,0.8735,14,14,3.4253,6.6285,2.8638,0.4898,4.3332,0,0,0,0,0,0,0.9646,122.77,8.21,130.98,8815.39,9005.87,0,0.0172,1.313,0,0
2026-08-27T20:13:18.015938+00:00,c2_dns_tunnel_v1,c2_dns_tunnel_v1__c7430f52c647,command_and_control,T1071.004,2,1,-0.0,0.0723,0.9515,2491.45,1868.59,0.8008,12,9,4.4373,9.3837,2.9348,0.5219,4.5004,0,0,0,0,0,0,1.2461,207.62,3.53,211.15,8401.25,8789.45,0,0.0,1.0637,0,0
2026-08-27T20:13:23.015938+00:00,c2_dns_tunnel_v1,c2_dns_tunnel_v1__c7430f52c647,command_and_control,T1071.004,1,1,-0.0,0.1347,0.8694,1405.18,1003.7,0.8236,7,5,4.3808,8.314,3.687,0.4008,4.8894,0,0,0,0,0,0,1.1697,200.74,0.0,200.74,7909.49,6857.68,0,0.0,1.0347,0,0
2026-08-27T20:13:28.015938+00:00,c2_dns_tunnel_v1,c2_dns_tunnel_v1__c7430f52c647,command_and_control,T1071.004,4,1,-0.0,0.0833,0.9074,4960.01,4960.01,0.8267,28,28,2.3205,3.7925,3.4429,0.6079,5.2667,0,1,0,0,0,0,0.9657,177.14,57.07,259.42,7328.89,9451.87,0,0.0,1.5107,0,0
2026-08-27T20:13:33.015938+00:00,c2_dns_tunnel_v1,c2_dns_tunnel_v1__c7430f52c647,command_and_control,T1071.004,0,0,0.0,0.1046,0.8923,0.0,0.0,0.8404,0,0,3.3104,9.1547,3.3487,0.2981,4.2431,0,0,0,0,0,0,1.2541,195.44,0.0,195.44,7446.95,8297.03,0,0.0,0.1257,0,0
2026-08-27T20:13:38.015938+00:00,c2_dns_tunnel_v1,c2_dns_tunnel_v1__c7430f52c647,command_and_control,T1071.004,2,1,-0.0,0.1243,0.8982,1966.12,1404.37,0.9279,14,10,3.1559,9.4419,3.8699,0.4422,5.1967,0,0,0,0,0,0,1.3501,140.44,8.0,148.43,7747.26,6350.03,0,0.0,1.1991,0,0
2026-08-27T20:13:43.015938+00:00,c2_dns_tunnel_v1,c2_dns_tunnel_v1__c7430f52c647,command_and_control,T1071.004,2,1,-0.0,0.062,0.9575,1921.84,1729.66,0.8294,10,9,2.6759,3.6811,2.7907,0.4602,4.1714,0,0,0,0,0,0,1.101,192.18,22.5,214.69,8192.48,9350.3,0,0.0338,0.4084,0,0
2026-08-27T20:13:48.015938+00:00,c2_dns_tunnel_v1,c2_dns_tunnel_v1__c7430f52c647,command_and_control,T1071.004,2,1,-0.0,0.1001,0.9191,2508.3,2149.98,0.948,14,12,2.7165,5.3601,3.0778,0.5038,4.5892,0,0,0,0,0,0,1.1079,179.16,45.8,224.96,8198.47,8101.17,0,0.0331,0.2682,0,0
2026-08-27T20:13:53.015938+00:00,c2_dns_tunnel_v1,c2_dns_tunnel_v1__c7430f52c647,command_and_control,T1071.004,1,1,-0.0,0.1226,0.8956,707.13,530.35,0.7876,4,3,5.449,10.7491,3.6553,0.573,5.3744,0,0,0,0,0,0,1.2418,176.78,0.0,176.78,9297.92,9068.2,0,0.0244,0.3475,0,0
2026-08-27T20:13:58.015938+00:00,c2_dns_tunnel_v1,c2_dns_tunnel_v1__c7430f52c647,command_and_control,T1071.004,0,0,0.0,0.1269,0.8976,0.0,0.0,0.8302,0,0,2.1311,4.269,3.7346,0.3009,4.6372,0,0,0,0,0,0,1.2858,144.31,0.0,144.31,9556.45,9411.16,0,0.0485,0.556,0,0
2026-08-27T20:14:03.015938+00:00,c2_dns_tunnel_v1,c2_dns_tunnel_v1__c7430f52c647,command_and_control,T1071.004,2,1,0.317,0.2456,0.7398,2726.748,2204.952,0.8195,11,9,2.7971,7.841,2.6164,0.3459,3.6542,0,0,0,0,0,0,1.0857,222.854,33.074,265.784,8813.718,9415.814,0,0.0111,2.2813,0,0
2026-08-27T20:14:08.015938+00:00,c2_dns_tunnel_v1,c2_dns_tunnel_v1__c7430f52c647,command_and_control,T1071.004,2,1,-0.0,0.1108,0.9098,1184.09,828.86,0.8498,10,7,4.5589,9.3127,4.1639,0.8054,6.58,0,0,0,0,0,0,1.2802,118.41,14.71,133.12,8032.62,7327.17,0,0.0,1.314,0,0
2026-08-27T20:14:13.015938+00:00,c2_dns_tunnel_v1,c2_dns_tunnel_v1__c7430f52c647,command_and_control,T1071.004,2,1,-0.0,0.1078,0.8671,1392.69,1810.5,0.9234,10,13,3.9196,5.5783,2.912,0.4724,4.3293,0,0,0,0,0,0,0.7634,139.27,23.72,162.99,8886.95,8685.84,0,0.0048,1.3559,0,0
2026-08-27T20:14:18.015938+00:00,c2_dns_tunnel_v1,c2_dns_tunnel_v1__c7430f52c647,command_and_control,T1071.004,1,1,-0.0,0.0929,0.9092,2846.2,2134.65,0.83,8,6,5.2103,9.6694,3.8514,0.6642,5.8441,0,0,0,0,0,0,1.1855,355.77,0.0,355.77,8649.09,7240.95,0,0.0,1.7234,0,0
2026-08-27T20:14:23.015938+00:00,c2_dns_tunnel_v1,c2_dns_tunnel_v1__c7430f52c647,command_and_control,T1071.004,1,1,-0.0,0.125,0.8565,1208.08,604.04,0.7646,6,3,4.9283,14.6562,3.6517,0.8082,6.0761,0,0,0,0,0,0,1.5712,201.35,0.0,201.35,8284.06,7186.0,0,0.0082,0.6924,0,0
2026-08-27T20:14:28.015938+00:00,c2_dns_tunnel_v1,c2_dns_tunnel_v1__c7430f52c647,command_and_control,T1071.004,1,1,-0.0,0.1668,0.8701,1018.97,679.32,0.8613,6,4,4.2315,8.0484,2.6535,0.5746,4.3775,0,0,0,0,0,0,1.3274,169.83,0.0,169.83,8247.86,8262.89,0,0.0172,1.4651,0,0
2026-08-27T20:14:33.015938+00:00,c2_dns_tunnel_v1,c2_dns_tunnel_v1__c7430f52c647,command_and_control,T1071.004,1,1,-0.0,0.0615,0.9452,1163.82,872.87,0.816,4,3,3.4239,10.1894,2.9936,0.2329,3.6922,0,0,0,0,0,0,1.0578,290.96,0.0,290.96,8938.38,9296.59,0,0.0336,0.5249,0,0
2026-08-27T20:14:38.015938+00:00,c2_dns_tunnel_v1,c2_dns_tunnel_v1__c7430f52c647,command_and_control,T1071.004,1,1,-0.0,0.083,0.9539,1507.99,1507.99,0.819,7,7,4.8611,13.8868,3.9963,0.4245,5.2697,0,0,0,0,0,0,0.9046,215.43,0.0,215.43,7459.61,8063.14,0,0.0,0.8635,0,0
2026-08-27T20:14:43.015938+00:00,c2_dns_tunnel_v1,c2_dns_tunnel_v1__c7430f52c647,command_and_control,T1071.004,2,1,-0.0,0.1382,0.8525,622.46,622.46,0.7967,6,6,1.6401,4.2612,2.3572,0.3387,3.3733,0,0,0,0,0,0,0.9744,103.74,2.32,106.06,8807.86,8352.75,0,0.0,0.7588,0,0
2026-08-27T20:14:48.015938+00:00,c2_dns_tunnel_v1,c2_dns_tunnel_v1__c7430f52c647,command_and_control,T1071.004,2,1,-0.0,0.1138,0.8941,3159.65,2708.27,0.9074,14,12,2.2465,3.7231,3.1294,0.4325,4.4269,0,0,0,0,0,0,1.1306,225.69,27.91,253.6,9047.66,7592.16,0,0.007,0.4692,0,0
2026-08-27T20:14:53.015938+00:00,c2_dns_tunnel_v1,c2_dns_tunnel_v1__c7430f52c647,command_and_control,T1071.004,2,1,-0.0,0.0745,0.924,1596.26,1117.38,0.8635,10,7,2.4677,5.9703,2.7575,0.3898,3.9269,0,0,0,0,0,0,1.4162,159.63,3.01,162.64,9167.46,7638.2,0,0.0228,1.0011,0,0
2026-08-27T20:14:58.015938+00:00,c2_dns_tunnel_v1,c2_dns_tunnel_v1__c7430f52c647,command_and_control,T1071.004,0,0,0.0,0.0843,0.9199,0.0,0.0,0.9038,0,0,4.715,7.0366,3.786,0.5712,5.4996,0,0,0,0,0,0,0.8374,211.18,0.0,211.18,8521.46,8047.36,0,0.0,0.9955,0,0
2026-08-27T20:15:03.015938+00:00,c2_dns_tunnel_v1,c2_dns_tunnel_v1__c7430f52c647,command_and_control,T1071.004,1,1,0.317,0.2659,0.7484,2055.252,1563.24,0.8033,8,6,4.0049,8.475,3.2947,0.47,4.7046,0,0,0,0,0,0,1.1523,193.07,24.186,227.112,7376.518,7974.422,0,0.0781,2.1776,0,0
2026-08-27T20:15:08.015938+00:00,c2_dns_tunnel_v1,c2_dns_tunnel_v1__c7430f52c647,command_and_control,T1071.004,2,1,-0.0,0.1361,0.869,1146.1,1146.1,0.8513,4,4,1.8825,2.8902,2.694,0.3126,3.6318,0,0,0,0,0,0,0.9152,286.52,67.61,354.13,9426.04,9067.72,0,0.0216,0.8596,0,0
2026-08-27T20:15:13.015938+00:00,c2_dns_tunnel_v1,c2_dns_tunnel_v1__c7430f52c647,command_and_control,T1071.004,1,1,-0.0,0.0811,0.9566,618.43,618.43,0.8231,4,4,2.4046,4.5926,3.3001,0.547,4.9411,0,0,0,0,0,0,0.8991,154.61,0.0,154.61,6925.64,8852.61,0,0.0477,1.3872,0,0
2026-08-27T20:15:18.015938+00:00,c2_dns_tunnel_v1,c2_dns_tunnel_v1__c7430f52c647,command_and_control,T1071.004,2,1,-0.0,0.0895,0.9066,2441.36,2170.1,0.8263,18,16,3.4752,8.7655,2.6793,0.5947,4.4633,0,0,0,0,0,0,1.1186,135.63,8.66,144.29,9616.72,8794.62,0,0.0,0.6083,0,0
2026-08-27T20:15:23.015938+00:00,c2_dns_tunnel_v1,c2_dns_tunnel_v1__c7430f52c647,command_and_control,T1071.004,3,1,-0.0,0.0866,0.8991,1655.77,2391.67,0.8691,9,13,5.2029,9.0041,3.4668,0.5859,5.2244,0,1,0,0,0,0,0.6702,183.97,88.29,288.02,9271.23,7393.85,0,0.0588,1.3734,0,0
2026-08-27T20:15:28.015938+00:00,c2_dns_tunnel_v1,c2_dns_tunnel_v1__c7430f52c647,command_and_control,T1071.004,3,1,-0.0,0.1526,0.8307,2397.4,2796.96,0.7799,12,14,1.7411,2.2861,3.2794,0.7023,5.3862,0,1,0,0,0,0,0.8191,199.78,54.44,248.99,7814.9,10691.35,0,0.0061,1.4147,0,0
2026-08-27T20:15:33.015938+00:00,c2_dns_tunnel_v1,c2_dns_tunnel_v1__c7430f52c647,command_and_control,T1071.004,0,0,0.0,0.1256,0.8651,0.0,0.0,0.874,0,0,4.5022,9.5841,3.2424,0.4165,4.4917,0,0,0,0,0,0,1.2117,124.35,0.0,124.35,9829.11,9053.8,0,0.0,1.5148,0,0
2026-08-27T20:15:38.015938+00:00,c2_dns_tunnel_v1,c2_dns_tunnel_v1__c7430f52c647,command_and_control,T1071.004,3,1,-0.0,0.0997,0.9151,3805.56,2677.98,0.9024,27,19,3.9034,4.707,3.6361,0.3647,4.7302,0,1,0,0,0,0,1.4118,140.95,21.4,164.96,9002.29,8981.85,0,0.0384,0.87,0,0
2026-08-27T20:15:43.015938+00:00,c2_dns_tunnel_v1,c2_dns_tunnel_v1__c7430f52c647,command_and_control,T1071.004,1,1,-0.0,0.0794,0.9239,1173.51,977.92,0.756,6,5,5.0005,11.8226,3.2798,0.436,4.5877,0,0,0,0,0,0,1.0801,195.58,0.0,195.58,8314.71,10298.82,0,0.0003,0.8682,0,0
2026-08-27T20:15:48.015938+00:00,c2_dns_tunnel_v1,c2_dns_tunnel_v1__c7430f52c647,command_and_control,T1071.004,2,1,-0.0,0.1296,0.8615,2293.53,2129.7,0.8626,14,13,2.3882,6.3213,2.6057,0.4402,3.9263,0,0,0,0,0,0,1.002,163.82,6.71,170.53,7809.81,9317.58,0,0.0,0.8225,0,0
2026-08-27T20:15:53.015938+00:00,c2_dns_tunnel_v1,c2_dns_tunnel_v1__c7430f52c647,command_and_control,T1071.004,2,1,-0.0,0.0965,0.8911,1397.55,1397.55,0.8574,8,8,1.8141,2.6179,2.8184,0.4986,4.314,0,0,0,0,0,0,0.993,174.69,9.66,184.35,8036.37,9926.4,0,0.0681,0.9155,0,0
2026-08-27T20:15:58.015938+00:00,c2_dns_tunnel_v1,c2_dns_tunnel_v1__c7430f52c647,command_and_control,T1071.004,1,1,-0.0,0.1667,0.8501,801.66,668.05,0.8643,6,5,3.2574,9.7506,3.0354,0.5964,4.8246,0,0,0,0,0,0,1.1649,133.61,0.0,133.61,9158.95,10601.7,0,0.0338,0.5398,0,0
2026-08-27T20:16:03.015938+00:00,c2_dns_tunnel_v1,c2_dns_tunnel_v1__c7430f52c647,command_and_control,T1071.004,3,1,-0.0,0.1189,0.8571,4328.67,5591.2,0.8935,24,31,1.877,4.6869,3.1004,0.6846,5.1543,0,1,0,0,0,0,0.7524,180.36,41.41,221.07,9995.05,9191.57,0,0.0162,0.9183,0,0
2026-08-27T20:16:08.015938+00:00,c2_dns_tunnel_v1,c2_dns_tunnel_v1__c7430f52c647,command_and_control,T1071.004,0,0,0.0,0.0791,0.9134,0.0,0.0,0.8962,0,0,2.8014,7.8983,3.1271,0.2891,3.9945,0,0,0,0,0,0,1.229,173.36,0.0,173.36,9067.86,7536.49,0,0.0083,1.6385,0,0
2026-08-27T20:16:13.015938+00:00,c2_dns_tunnel_v1,c2_dns_tunnel_v1__c7430f52c647,command_and_control,T1071.004,0,0,0.0,0.046,0.9437,0.0,0.0,0.8622,0,0,3.5983,9.8851,3.6032,0.6575,5.5757,0,0,0,0,0,0,0.8285,131.87,0.0,131.87,7177.33,8568.38,0,0.0248,0.0,0,0
2026-08-27T20:16:18.015938+00:00,c2_dns_tunnel_v1,c2_dns_tunnel_v1__c7430f52c647,command_and_control,T1071.004,1,1,0.317,0.2665,0.7353,2534.732,1838.992,0.742,9,6,1.6612,2.343,2.5633,0.5791,4.3007,0,0,0,0,0,0,1.3072,248.222,24.186,282.264,8193.43,9149.438,0,0.0054,0.9714,0,0
2026-08-27T20:16:23.015938+00:00,c2_dns_tunnel_v1,c2_dns_tunnel_v1__c7430f52c647,command_and_control,T1071.004,0,0,0.0,0.1144,0.8836,0.0,0.0,0.7987,0,0,3.2495,7.5705,3.4627,0.5812,5.2063,0,0,0,0,0,0,1.3306,299.41,0.0,299.41,9604.35,8647.27,0,0.0,0.2444,0,0
2026-08-27T20:16:28.015938+00:00,c2_dns_tunnel_v1,c2_dns_tunnel_v1__c7430f52c647,command_and_control,T1071.004,2,1,-0.0,0.0812,0.9199,1151.7,1151.7,0.8482,8,8,3.0705,7.2892,2.7117,0.2054,3.3278,0,0,0,0,0,0,0.9508,143.96,6.48,150.45,9631.71,7806.38,0,0.0,0.9626,0,0
2026-08-27T20:16:33.015938+00:00,c2_dns_tunnel_v1,c2_dns_tunnel_v1__c7430f52c647,command_and_control,T1071.004,0,0,0.0,0.1444,0.8852,0.0,0.0,0.7943,0,0,4.0898,10.5169,3.4664,0.6247,5.3403,0,0,0,0,0,0,1.01,186.88,0.0,186.88,7776.44,8752.93,0,0.0,0.0974,0,0
2026-08-27T20:16:38.015938+00:00,c2_dns_tunnel_v1,c2_dns_tunnel_v1__c7430f52c647,command_and_control,T1071.004,1,1,-0.0,0.1117,0.8931,1860.7,1447.21,0.9152,9,7,3.9717,7.2461,3.1701,0.3139,4.1119,0,0,0,0,0,0,1.1785,206.74,0.0,206.74,9290.26,9111.75,0,0.0,1.0756,0,0
2026-08-27T20:16:43.015938+00:00,c2_dns_tunnel_v1,c2_dns_tunnel_v1__c7430f52c647,command_and_control,T1071.004,1,1,-0.0,0.1199,0.9089,1161.49,663.71,0.7887,7,4,3.0426,6.1956,4.1893,0.7983,6.5841,0,0,0,0,0,0,1.4886,165.93,0.0,165.93,9367.11,7023.63,0,0.0027,0.0,0,0
2026-08-27T20:16:48.015938+00:00,c2_dns_tunnel_v1,c2_dns_tunnel_v1__c7430f52c647,command_and_control,T1071.004,3,1,-0.0,0.1426,0.8559,3940.74,3502.88,0.8298,18,16,2.7858,4.2485,2.391,0.2827,3.2391,0,1,0,0,0,0,1.0593,218.93,59.35,290.17,7366.19,7009.38,0,0.0306,0.9957,0,0
2026-08-27T20:16:53.015938+00:00,c2_dns_tunnel_v1,c2_dns_tunnel_v1__c7430f52c647,command_and_control,T1071.004,1,1,-0.0,0.1174,0.9277,583.33,583.33,0.8231,4,4,5.027,9.3188,4.1834,0.6557,6.1504,0,0,0,0,0,0,0.9633,145.83,0.0,145.83,7475.72,8437.82,0,0.0,1.3621,0,0
2026-08-27T20:16:58.015938+00:00,c2_dns_tunnel_v1,c2_dns_tunnel_v1__c7430f52c647,command_and_control,T1071.004,1,1,0.317,0.2924,0.7241,1494.7,1096.112,0.7933,3,2,2.9188,4.4456,2.4815,0.4522,3.838,0,0,0,0,0,0,0.9188,220.47,24.186,254.512,9183.678,10400.926,0,0.0054,1.3612,0,0
2026-08-27T20:17:03.015938+00:00,c2_dns_tunnel_v1,c2_dns_tunnel_v1__c7430f52c647,command_and_control,T1071.004,2,1,-0.0,0.1071,0.8576,1351.87,1013.9,0.9047,8,6,4.5225,13.5149,3.1764,0.7021,5.2828,0,0,0,0,0,0,1.1826,168.98,46.21,215.19,6689.78,9198.91,0,0.0104,0.4822,0,0
2026-08-27T20:17:08.015938+00:00,c2_dns_tunnel_v1,c2_dns_tunnel_v1__c7430f52c647,command_and_control,T1071.004,1,1,-0.0,0.0625,0.9587,1114.73,668.84,0.8652,5,3,2.9667,6.3922,3.8883,0.5737,5.6093,0,0,0,0,0,0,1.4076,222.95,0.0,222.95,7803.25,8889.55,0,0.0,1.3894,0,0
2026-08-27T20:17:13.015938+00:00,c2_dns_tunnel_v1,c2_dns_tunnel_v1__c7430f52c647,command_and_control,T1071.004,1,1,-0.0,0.1288,0.8834,637.69,510.15,0.6997,5,4,2.7206,6.0501,3.312,0.5751,5.0373,0,0,0,0,0,0,1.0527,127.54,0.0,127.54,8961.0,9021.9,0,0.0,1.8706,0,0
2026-08-27T20:17:18.015938+00:00,c2_dns_tunnel_v1,c2_dns_tunnel_v1__c7430f52c647,command_and_control,T1071.004,0,0,0.0,0.1647,0.8394,0.0,0.0,0.7803,0,0,2.2623,3.5011,3.0722,0.4676,4.4751,0,0,0,0,0,0,1.0956,258.15,0.0,258.15,8182.63,9262.84,0,0.0,0.9079,0,0
2026-08-27T20:17:23.015938+00:00,c2_dns_tunnel_v1,c2_dns_tunnel_v1__c7430f52c647,command_and_control,T1071.004,3,1,0.317,0.2669,0.7215,3131.052,2641.552,0.7687,17,16,2.5238,4.6604,2.5441,0.3317,3.5392,0,1,0,0,0,0,1.0688,190.558,28.13,228.656,7833.534,6880.798,0,0.0054,1.9192,0,0
2026-08-27T20:17:28.015938+00:00,c2_dns_tunnel_v1,c2_dns_tunnel_v1__c7430f52c647,command_and_control,T1071.004,2,1,-0.0,0.1096,0.8796,2785.46,1790.66,0.8881,14,9,1.6854,3.5143,3.0681,0.4444,4.4013,0,0,0,0,0,0,1.444,198.96,26.72,225.68,8334.0,10185.5,0,0.0,1.6635,0,0
2026-08-27T20:17:33.015938+00:00,c2_dns_tunnel_v1,c2_dns_tunnel_v1__c7430f52c647,command_and_control,T1071.004,2,1,-0.0,0.1869,0.8109,1064.98,931.86,0.9064,8,7,2.7796,6.8485,3.1797,0.518,4.7336,0,0,0,0,0,0,1.0367,133.12,19.78,152.9,6472.87,7569.36,0,0.0157,0.6733,0,0
2026-08-27T20:17:38.015938+00:00,c2_dns_tunnel_v1,c2_dns_tunnel_v1__c7430f52c647,command_and_control,T1071.004,0,0,0.0,0.1165,0.8689,0.0,0.0,0.7482,0,0,4.3343,10.8626,3.7273,0.483,5.1764,0,0,0,0,0,0,0.8551,117.67,0.0,117.67,10418.62,8258.27,0,0.0164,0.0,0,0
2026-08-27T20:17:43.015938+00:00,c2_dns_tunnel_v1,c2_dns_tunnel_v1__c7430f52c647,command_and_control,T1071.004,0,0,0.0,0.1699,0.8263,0.0,0.0,0.8047,0,0,3.7602,4.7416,3.4005,0.7437,5.6316,0,0,0,0,0,0,0.8679,166.4,0.0,166.4,6733.03,7381.59,0,0.002,1.1349,0,0
2026-08-27T20:17:48.015938+00:00,c2_dns_tunnel_v1,c2_dns_tunnel_v1__c7430f52c647,command_and_control,T1071.004,1,1,-0.0,0.1089,0.893,417.56,417.56,0.8385,4,4,2.0005,3.5575,3.3867,0.5371,4.9981,0,0,0,0,0,0,0.8701,104.39,0.0,104.39,8683.04,8208.43,0,0.0,0.5027,0,0
2026-08-27T20:17:53.015938+00:00,c2_dns_tunnel_v1,c2_dns_tunnel_v1__c7430f52c647,command_and_control,T1071.004,4,1,-0.0,0.1052,0.8857,3479.6,2957.66,0.8201,20,17,3.7078,9.5703,3.1509,0.6047,4.9649,0,1,0,0,0,0,1.1563,173.98,38.04,238.8,7834.59,7933.88,0,0.0118,0.5206,0,0
2026-08-27T20:17:58.015938+00:00,c2_dns_tunnel_v1,c2_dns_tunnel_v1__c7430f52c647,command_and_control,T1071.004,1,1,0.317,0.2863,0.71,1494.7,1096.112,0.7321,3,2,3.3453,5.0638,2.9722,0.5307,4.5644,0,0,0,0,0,0,1.21,320.15,24.186,354.192,7661.774,10711.278,0,0.0261,1.4799,0,0
2026-08-27T20:18:03.015938+00:00,c2_dns_tunnel_v1,c2_dns_tunnel_v1__c7430f52c647,command_and_control,T1071.004,2,1,-0.0,0.1068,0.916,1733.22,1733.22,0.8201,10,10,4.2824,6.3592,3.4122,0.6586,5.3881,0,0,0,0,0,0,0.9771,173.32,32.75,206.07,7571.99,7211.3,0,0.0,1.0564,0,0
2026-08-27T20:18:08.015938+00:00,c2_dns_tunnel_v1,c2_dns_tunnel_v1__c7430f52c647,command_and_control,T1071.004,0,0,0.0,0.1006,0.8967,0.0,0.0,0.763,0,0,5.5733,13.6529,4.1745,0.5183,5.7294,0,0,0,0,0,0,1.1785,213.06,0.0,213.06,7578.45,6235.65,0,0.0,0.3506,0,0
2026-08-27T20:18:13.015938+00:00,c2_dns_tunnel_v1,c2_dns_tunnel_v1__c7430f52c647,command_and_control,T1071.004,2,1,-0.0,0.1669,0.8383,2558.63,2375.87,0.7985,14,13,3.5658,10.1183,3.4868,0.7545,5.7503,0,0,0,0,0,0,1.0018,182.76,8.63,191.39,8787.29,7207.75,0,0.0314,1.3392,0,0
2026-08-27T20:18:18.015938+00:00,c2_dns_tunnel_v1,c2_dns_tunnel_v1__c7430f52c647,command_and_control,T1071.004,1,1,-0.0,0.0559,0.9305,1163.24,969.37,0.8602,6,5,1.8167,3.8228,3.3037,0.609,5.1306,0,0,0,0,0,0,1.1534,193.87,0.0,193.87,8155.66,8638.24,0,0.0486,0.8158,0,0
2026-08-27T20:18:23.015938+00:00,c2_dns_tunnel_v1,c2_dns_tunnel_v1__c7430f52c647,command_and_control,T1071.004,3,1,-0.0,0.0933,0.8908,5325.85,4565.01,0.895,21,18,4.3279,7.4493,3.5326,0.399,4.7296,0,1,0,0,0,0,1.1243,253.61,83.6,368.33,7966.42,5968.02,0,0.0332,0.9828,0,0
2026-08-27T20:18:28.015938+00:00,c2_dns_tunnel_v1,c2_dns_tunnel_v1__c7430f52c647,command_and_control,T1071.004,0,0,0.0,0.1185,0.8686,0.0,0.0,0.8338,0,0,4.6141,13.3718,3.399,0.4292,4.6866,0,0,0,0,0,0,1.2613,138.09,0.0,138.09,9119.24,7523.52,0,0.0032,1.5145,0,0
2026-08-27T20:18:33.015938+00:00,c2_dns_tunnel_v1,c2_dns_tunnel_v1__c7430f52c647,command_and_control,T1071.004,1,1,-0.0,0.1191,0.8968,1449.11,1242.1,0.8395,7,6,3.645,10.3367,3.5209,0.4873,4.9829,0,0,0,0,0,0,1.1003,207.02,0.0,207.02,8287.66,7489.08,0,0.0,1.2056,0,0
2026-08-27T20:18:38.015938+00:00,c2_dns_tunnel_v1,c2_dns_tunnel_v1__c7430f52c647,command_and_control,T1071.004,1,1,-0.0,0.057,0.9588,1298.7,742.11,0.9167,7,4,5.0353,9.8718,3.7719,0.8212,6.2356,0,0,0,0,0,0,1.6065,185.53,0.0,185.53,8697.26,7691.96,0,0.019,1.0243,0,0
2026-08-27T20:18:43.015938+00:00,c2_dns_tunnel_v1,c2_dns_tunnel_v1__c7430f52c647,command_and_control,T1071.004,0,0,0.0,0.0667,0.8948,0.0,0.0,0.797,0,0,2.1384,3.8693,3.1861,0.2736,4.0069,0,0,0,0,0,0,1.1707,202.69,0.0,202.69,5857.4,7971.04,0,0.0345,1.1684,0,0
2026-08-27T20:18:48.015938+00:00,c2_dns_tunnel_v1,c2_dns_tunnel_v1__c7430f52c647,command_and_control,T1071.004,3,1,-0.0,0.1113,0.9115,2231.16,1859.3,0.9111,12,10,3.7182,10.8225,2.9124,0.335,3.9174,0,1,0,0,0,0,1.104,185.93,67.63,280.53,6448.86,9460.03,0,0.0,0.8534,0,0
2026-08-27T20:18:53.015938+00:00,c2_dns_tunnel_v1,c2_dns_tunnel_v1__c7430f52c647,command_and_control,T1071.004,2,1,-0.0,0.1481,0.8505,2131.9,1492.33,0.8066,10,7,2.219,6.4042,3.2751,0.6065,5.0946,0,0,0,0,0,0,1.4153,213.19,29.67,242.86,7412.64,6570.32,0,0.0225,1.0793,0,0
2026-08-27T20:18:58.015938+00:00,c2_dns_tunnel_v1,c2_dns_tunnel_v1__c7430f52c647,command_and_control,T1071.004,3,1,-0.0,0.1368,0.8539,1206.92,1072.82,0.7488,9,8,2.3959,5.2523,3.363,0.2695,4.1715,0,1,0,0,0,0,1.1132,134.1,19.37,156.31,8434.87,6704.71,0,0.0414,0.4393,0,0
2026-08-27T20:19:03.015938+00:00,c2_dns_tunnel_v1,c2_dns_tunnel_v1__c7430f52c647,command_and_control,T1071.004,2,1,-0.0,0.1057,0.8718,1741.97,1567.78,0.8323,10,9,1.6924,3.216,3.5479,0.5098,5.0772,0,0,0,0,0,0,1.0637,174.2,21.24,195.44,9158.65,7862.17,0,0.0154,1.0868,0,0
2026-08-27T20:19:08.015938+00:00,c2_dns_tunnel_v1,c2_dns_tunnel_v1__c7430f52c647,command_and_control,T1071.004,3,1,-0.0,0.0849,0.9064,1596.25,1418.89,0.898,9,8,3.9474,7.7519,3.4558,0.5238,5.0271,0,1,0,0,0,0,1.0876,177.36,11.43,193.15,9389.58,7443.05,0,0.0,1.3778,0,0
2026-08-27T20:19:13.015938+00:00,c2_dns_tunnel_v1,c2_dns_tunnel_v1__c7430f52c647,command_and_control,T1071.004,4,1,-0.0,0.0796,0.9134,8381.59,6286.19,0.9018,40,30,3.2956,9.4096,3.1371,0.2467,3.8771,0,1,0,0,0,0,1.3264,209.54,73.82,336.49,5717.36,7608.12,0,0.0019,2.2475,0,0
2026-08-27T20:19:18.015938+00:00,c2_dns_tunnel_v1,c2_dns_tunnel_v1__c7430f52c647,command_and_control,T1071.004,1,1,0.317,0.2068,0.8044,2422.572,1758.88,0.7508,9,6,3.0387,8.6247,2.9358,0.5384,4.5509,0,0,0,0,0,0,1.3192,232.198,24.186,266.24,8291.118,7144.83,0,0.0054,0.8784,0,0
2026-08-27T20:19:23.015938+00:00,c2_dns_tunnel_v1,c2_dns_tunnel_v1__c7430f52c647,command_and_control,T1071.004,1,1,0.317,0.2458,0.7661,1494.7,1096.112,0.7599,3,2,2.2264,4.7235,2.3164,0.5043,3.8293,0,0,0,0,0,0,1.032,261.918,24.186,295.96,8120.142,8916.518,0,0.0101,1.2835,0,0
2026-08-27T20:19:28.015938+00:00,c2_dns_tunnel_v1,c2_dns_tunnel_v1__c7430f52c647,command_and_control,T1071.004,1,1,-0.0,0.0717,0.9272,596.15,715.38,0.7552,5,6,4.7292,13.7077,2.7465,0.5358,4.3541,0,0,0,0,0,0,0.8331,119.23,0.0,119.23,7275.62,8890.06,0,0.0,0.7065,0,0
2026-08-27T20:19:33.015938+00:00,c2_dns_tunnel_v1,c2_dns_tunnel_v1__c7430f52c647,command_and_control,T1071.004,2,1,-0.0,0.1005,0.8861,2016.86,1008.43,0.8707,8,4,4.5242,9.671,3.7928,0.5885,5.5582,0,0,0,0,0,0,1.7182,252.11,12.24,264.35,8485.85,7785.7,0,0.0088,1.4746,0,0
2026-08-27T20:19:38.015938+00:00,c2_dns_tunnel_v1,c2_dns_tunnel_v1__c7430f52c647,command_and_control,T1071.004,0,0,0.0,0.0727,0.9544,0.0,0.0,0.7609,0,0,4.8126,13.4484,3.8242,0.7444,6.0575,0,0,0,0,0,0,1.2376,147.95,0.0,147.95,7540.07,7565.53,0,0.0073,0.9227,0,0
2026-08-27T20:19:43.015938+00:00,c2_dns_tunnel_v1,c2_dns_tunnel_v1__c7430f52c647,command_and_control,T1071.004,1,1,0.317,0.2352,0.7626,2687.58,1891.368,0.844,8,5,3.8733,7.1596,3.0519,0.3577,4.1249,0,0,0,0,0,0,1.2653,298.462,24.186,332.504,9159.678,9506.91,0,0.03,1.4693,0,0
2026-08-27T20:19:48.015938+00:00,c2_dns_tunnel_v1,c2_dns_tunnel_v1__c7430f52c647,command_and_control,T1071.004,2,1,-0.0,0.106,0.8953,2237.24,1917.63,0.7529,14,12,1.7995,4.4219,3.9249,0.6195,5.7834,0,0,0,0,0,0,1.0795,159.8,67.29,227.09,9759.07,9768.5,0,0.0153,2.3465,0,0
2026-08-27T20:19:53.015938+00:00,c2_dns_tunnel_v1,c2_dns_tunnel_v1__c7430f52c647,command_and_control,T1071.004,2,1,-0.0,0.1148,0.8825,2678.01,3012.76,0.9081,16,18,2.617,7.036,3.3935,0.7223,5.5604,0,0,0,0,0,0,0.8882,167.38,19.85,187.23,9024.66,7404.4,0,0.0,1.1287,0,0
2026-08-27T20:19:58.015938+00:00,c2_dns_tunnel_v1,c2_dns_tunnel_v1__c7430f52c647,command_and_control,T1071.004,1,1,-0.0,0.0775,0.8707,1440.91,1621.03,0.8758,8,9,2.7597,6.3675,2.5281,0.3341,3.5305,0,0,0,0,0,0,0.8102,180.11,0.0,180.11,9243.39,7843.18,0,0.0576,1.4565,0,0
2026-08-27T20:20:03.015938+00:00,c2_dns_tunnel_v1,c2_dns_tunnel_v1__c7430f52c647,command_and_control,T1071.004,2,1,-0.0,0.0552,0.9736,2521.55,1512.93,0.8839,10,6,2.0915,2.8713,3.2711,0.6822,5.3178,0,0,0,0,0,0,1.4643,252.15,49.51,301.67,9802.33,8446.97,0,0.0433,0.9582,0,0
2026-08-27T20:20:08.015938+00:00,c2_dns_tunnel_v1,c2_dns_tunnel_v1__c7430f52c647,command_and_control,T1071.004,1,1,0.317,0.2285,0.7787,1494.7,1096.112,0.767,3,2,1.7897,4.8151,2.4772,0.5182,4.0318,0,0,0,0,0,0,0.6197,210.942,24.186,244.984,8043.086,7854.926,0,0.0162,1.4001,0,0
2026-08-27T20:20:13.015938+00:00,c2_dns_tunnel_v1,c2_dns_tunnel_v1__c7430f52c647,command_and_control,T1071.004,1,1,-0.0,0.038,0.9531,891.54,891.54,0.8769,5,5,2.1946,3.378,3.8673,0.5648,5.5616,0,0,0,0,0,0,0.8856,178.31,0.0,178.31,8085.22,7344.5,0,0.0541,1.1222,0,0
2026-08-27T20:20:18.015938+00:00,c2_dns_tunnel_v1,c2_dns_tunnel_v1__c7430f52c647,command_and_control,T1071.004,1,1,-0.0,0.1219,0.9106,878.8,585.87,0.7917,6,4,2.156,4.3706,3.3409,0.605,5.1559,0,0,0,0,0,0,1.4926,146.47,0.0,146.47,8798.41,8890.27,0,0.0,0.6237,0,0
2026-08-27T20:20:23.015938+00:00,c2_dns_tunnel_v1,c2_dns_tunnel_v1__c7430f52c647,command_and_control,T1071.004,1,1,-0.0,0.1451,0.839,1051.01,1051.01,0.7698,7,7,2.6482,5.106,3.0108,0.6713,5.0247,0,0,0,0,0,0,0.9292,150.14,0.0,150.14,9622.57,7419.78,0,0.0,0.4837,0,0
2026-08-27T20:20:28.015938+00:00,c2_dns_tunnel_v1,c2_dns_tunnel_v1__c7430f52c647,command_and_control,T1071.004,0,0,0.0,0.0734,0.9467,0.0,0.0,0.8868,0,0,1.6539,2.7064,2.9731,0.3182,3.9277,0,0,0,0,0,0,1.0453,154.2,0.0,154.2,7671.58,8397.59,0,0.0301,0.6762,0,0
2026-08-27T20:20:33.015938+00:00,c2_dns_tunnel_v1,c2_dns_tunnel_v1__c7430f52c647,command_and_control,T1071.004,2,1,-0.0,0.0899,0.9278,2301.16,1725.87,0.8596,12,9,3.4617,5.4391,3.6777,0.6798,5.7171,0,0,0,0,0,0,1.2205,191.76,44.52,236.28,7346.35,8381.67,0,0.0416,1.0109,0,0
2026-08-27T20:20:38.015938+00:00,c2_dns_tunnel_v1,c2_dns_tunnel_v1__c7430f52c647,command_and_control,T1071.004,2,1,-0.0,0.0786,0.9153,2312.15,1981.84,0.8951,14,12,2.5533,7.1738,3.0249,0.4372,4.3364,0,0,0,0,0,0,1.1406,165.15,2.15,167.31,8153.24,7612.74,0,0.007,1.1003,0,0
2026-08-27T20:20:43.015938+00:00,c2_dns_tunnel_v1,c2_dns_tunnel_v1__c7430f52c647,command_and_control,T1071.004,0,0,0.0,0.0734,0.9543,0.0,0.0,0.8396,0,0,3.4229,4.2385,4.1101,0.5374,5.7222,0,0,0,0,0,0,1.3354,105.09,0.0,105.09,8047.06,8219.95,0,0.0,1.337,0,0
2026-08-27T20:20:48.015938+00:00,c2_dns_tunnel_v1,c2_dns_tunnel_v1__c7430f52c647,command_and_control,T1071.004,3,1,-0.0,0.0571,0.9263,2161.19,2161.19,0.8938,12,12,3.5868,10.6403,3.3643,0.5227,4.9323,0,1,0,0,0,0,0.976,180.1,54.92,254.92,8801.14,8788.06,0,0.0,1.0063,0,0
2026-08-27T20:20:53.015938+00:00,c2_dns_tunnel_v1,c2_dns_tunnel_v1__c7430f52c647,command_and_control,T1071.004,1,1,0.317,0.2468,0.7503,2214.668,1636.088,0.7578,6,5,2.236,3.9287,3.2728,0.7089,5.3995,0,0,0,0,0,0,1.2981,279.638,24.186,313.68,9363.054,8203.678,0,0.0093,1.5088,0,0
2026-08-27T20:20:58.015938+00:00,c2_dns_tunnel_v1,c2_dns_tunnel_v1__c7430f52c647,command_and_control,T1071.004,2,1,-0.0,0.0758,0.9708,1533.31,1533.31,0.9248,10,10,4.0637,7.7422,3.0354,0.4943,4.5181,0,0,0,0,0,0,0.9432,153.33,14.8,168.13,7122.96,8619.11,0,0.0086,0.9266,0,0
2026-08-27T20:21:03.015938+00:00,c2_dns_tunnel_v1,c2_dns_tunnel_v1__c7430f52c647,command_and_control,T1071.004,1,1,-0.0,0.1027,0.9262,496.06,248.03,0.9548,2,1,3.2396,4.7867,3.7132,0.421,4.9763,0,0,0,0,0,0,1.4477,248.03,0.0,248.03,8347.56,8894.73,0,0.0068,0.3166,0,0
2026-08-27T20:21:08.015938+00:00,c2_dns_tunnel_v1,c2_dns_tunnel_v1__c7430f52c647,command_and_control,T1071.004,4,1,-0.0,0.1043,0.8971,3593.82,3234.44,0.8294,20,18,2.8045,5.9813,3.3732,0.3264,4.3525,0,1,0,0,0,0,1.0616,179.69,1.93,181.63,7644.99,7695.41,0,0.0213,0.1077,0,1
2026-08-27T20:21:13.015938+00:00,c2_dns_tunnel_v1,c2_dns_tunnel_v1__c7430f52c647,command_and_control,T1071.004,1,1,-0.0,0.0966,0.936,840.54,630.41,0.8619,4,3,4.9145,9.7198,3.3828,0.3965,4.5723,0,0,0,0,0,0,1.104,210.14,0.0,210.14,8920.06,9918.77,0,0.018,0.7481,0,0
2026-08-27T20:21:18.015938+00:00,c2_dns_tunnel_v1,c2_dns_tunnel_v1__c7430f52c647,command_and_control,T1071.004,1,1,-0.0,0.111,0.8608,1111.74,667.05,0.8874,5,3,2.3738,6.0413,3.6965,0.7736,6.0174,0,0,0,0,0,0,1.2804,222.35,0.0,222.35,9410.36,7842.0,0,0.0338,0.9273,0,0
2026-08-27T20:21:23.015938+00:00,c2_dns_tunnel_v1,c2_dns_tunnel_v1__c7430f52c647,command_and_control,T1071.004,1,1,-0.0,0.0886,0.9289,1014.37,1159.28,0.9601,7,8,2.6088,6.6404,3.817,0.7095,5.9456,0,0,0,0,0,0,0.8702,144.91,0.0,144.91,8500.48,8797.43,0,0.0436,0.8765,0,0
2026-08-27T20:21:28.015938+00:00,c2_dns_tunnel_v1,c2_dns_tunnel_v1__c7430f52c647,command_and_control,T1071.004,1,1,-0.0,0.1094,0.8724,531.59,637.91,0.8136,5,6,2.036,3.8575,3.3888,0.6597,5.3678,0,0,0,0,0,0,0.7237,106.32,0.0,106.32,7674.78,6698.0,0,0.0,1.7314,0,0
2026-08-27T20:21:33.015938+00:00,c2_dns_tunnel_v1,c2_dns_tunnel_v1__c7430f52c647,command_and_control,T1071.004,3,1,-0.0,0.1357,0.8794,1928.14,1446.1,0.9282,12,9,2.0549,6.1175,3.2749,0.6425,5.2024,0,1,0,0,0,0,1.2271,160.68,60.02,233.17,6513.99,7915.05,0,0.0513,1.4898,0,0
2026-08-27T20:21:38.015938+00:00,c2_dns_tunnel_v1,c2_dns_tunnel_v1__c7430f52c647,command_and_control,T1071.004,2,1,-0.0,0.0993,0.8613,3466.02,3899.27,0.8294,16,18,4.732,12.7312,3.5116,0.748,5.7555,0,0,0,0,0,0,0.8436,216.63,62.02,278.65,6700.28,8959.79,0,0.0,0.6816,0,0
2026-08-27T20:21:43.015938+00:00,c2_dns_tunnel_v1,c2_dns_tunnel_v1__c7430f52c647,command_and_control,T1071.004,5,1,-0.0,0.1687,0.8427,3989.91,3670.72,0.9303,25,23,4.4412,11.2967,3.9255,0.7036,6.0362,0,2,0,0,0,0,1.0806,159.6,29.27,184.43,8002.93,7486.68,0,0.0203,1.2219,0,0
2026-08-27T20:21:48.015938+00:00,c2_dns_tunnel_v1,c2_dns_tunnel_v1__c7430f52c647,command_and_control,T1071.004,0,0,0.0,0.0824,0.9293,0.0,0.0,0.8471,0,0,3.0745,6.6185,3.2695,0.5063,4.7883,0,0,0,0,0,0,1.0167,143.09,0.0,143.09,8672.51,7742.33,0,0.0,0.7387,0,0
2026-08-27T20:21:53.015938+00:00,c2_dns_tunnel_v1,c2_dns_tunnel_v1__c7430f52c647,command_and_control,T1071.004,0,0,0.0,0.0991,0.9215,0.0,0.0,0.8394,0,0,2.8712,5.0084,3.149,0.5095,4.6777,0,0,0,0,0,0,1.4007,207.53,0.0,207.53,8051.5,6917.45,0,0.0523,1.0469,0,0
2026-08-27T20:21:58.015938+00:00,c2_dns_tunnel_v1,c2_dns_tunnel_v1__c7430f52c647,command_and_control,T1071.004,1,1,-0.0,0.0668,0.9746,1584.29,1188.22,0.8654,8,6,2.676,6.6408,2.8731,0.5477,4.5162,0,0,0,0,0,0,1.2584,198.04,0.0,198.04,8441.7,9636.23,0,0.045,1.6609,0,0
2026-08-27T20:22:03.015938+00:00,c2_dns_tunnel_v1,c2_dns_tunnel_v1__c7430f52c647,command_and_control,T1071.004,1,1,-0.0,0.1239,0.8834,1073.15,1073.15,0.8663,4,4,3.6067,4.5686,2.8852,0.4274,4.1674,0,0,0,0,0,0,0.9142,268.29,0.0,268.29,8733.19,8730.94,0,0.0224,1.6619,0,0
2026-08-27T20:22:08.015938+00:00,c2_dns_tunnel_v1,c2_dns_tunnel_v1__c7430f52c647,command_and_control,T1071.004,4,1,-0.0,0.1114,0.8929,6921.66,5537.33,0.7629,40,32,3.98,6.3562,3.1931,0.6956,5.28,0,1,0,0,0,0,1.2224,173.04,31.31,221.47,8895.78,7913.97,0,0.0419,1.6216,0,0
2026-08-27T20:22:13.015938+00:00,c2_dns_tunnel_v1,c2_dns_tunnel_v1__c7430f52c647,command_and_control,T1071.004,1,1,-0.0,0.0917,0.9148,1733.34,1516.67,0.7797,8,7,2.6623,7.3751,3.2299,0.4982,4.7246,0,0,0,0,0,0,1.0763,216.67,0.0,216.67,8738.65,7896.73,0,0.0189,1.2079,0,0
2026-08-27T20:22:18.015938+00:00,c2_dns_tunnel_v1,c2_dns_tunnel_v1__c7430f52c647,command_and_control,T1071.004,1,1,-0.0,0.0726,0.9563,1133.87,1133.87,0.7523,7,7,2.2851,6.2653,3.771,0.6041,5.5833,0,0,0,0,0,0,0.9165,161.98,0.0,161.98,9093.53,9557.65,0,0.0243,0.2615,0,0
2026-08-27T20:22:23.015938+00:00,c2_dns_tunnel_v1,c2_dns_tunnel_v1__c7430f52c647,command_and_control,T1071.004,0,0,0.0,0.0629,0.9163,0.0,0.0,0.8182,0,0,2.1228,2.6289,3.9414,0.5296,5.5301,0,0,0,0,0,0,0.8989,106.66,0.0,106.66,9497.63,7598.45,0,0.0219,1.4386,0,0
2026-08-27T20:22:28.015938+00:00,c2_dns_tunnel_v1,c2_dns_tunnel_v1__c7430f52c647,command_and_control,T1071.004,1,1,-0.0,0.1284,0.8597,1071.71,1071.71,0.9356,7,7,4.5924,6.5306,3.1376,0.4191,4.395,0,0,0,0,0,0,0.9364,153.1,0.0,153.1,8723.24,8188.29,0,0.0,0.2268,0,0
2026-08-27T20:22:33.015938+00:00,c2_dns_tunnel_v1,c2_dns_tunnel_v1__c7430f52c647,command_and_control,T1071.004,1,1,-0.0,0.0911,0.8993,755.39,604.31,0.8403,5,4,4.1465,8.5266,3.2046,0.3915,4.379,0,0,0,0,0,0,1.051,151.08,0.0,151.08,8266.99,7444.65,0,0.0083,1.1388,0,0
2026-08-27T20:22:38.015938+00:00,c2_dns_tunnel_v1,c2_dns_tunnel_v1__c7430f52c647,command_and_control,T1071.004,2,1,-0.0,0.1072,0.9002,2823.8,3630.6,0.8942,14,18,2.7405,8.0191,2.7891,0.5855,4.5457,0,0,0,0,0,0,0.7697,201.7,14.59,216.29,8864.03,7234.99,0,0.0692,1.7302,0,0
2026-08-27T20:22:43.015938+00:00,c2_dns_tunnel_v1,c2_dns_tunnel_v1__c7430f52c647,command_and_control,T1071.004,2,1,-0.0,0.1092,0.8771,1934.2,1611.83,0.8992,6,5,4.6412,10.4848,3.0976,0.2646,3.8913,0,0,0,0,0,0,1.0221,322.37,155.36,477.73,10726.22,7810.37,0,0.0,1.2141,0,0
2026-08-27T20:22:48.015938+00:00,c2_dns_tunnel_v1,c2_dns_tunnel_v1__c7430f52c647,command_and_control,T1071.004,3,1,-0.0,0.1526,0.8509,2748.13,2748.13,0.8333,15,15,2.7781,8.1136,3.2429,0.2703,4.0538,0,1,0,0,0,0,0.9796,183.21,35.62,217.94,9496.9,7898.7,0,0.0,1.0199,0,0
2026-08-27T20:22:53.015938+00:00,c2_dns_tunnel_v1,c2_dns_tunnel_v1__c7430f52c647,command_and_control,T1071.004,2,1,-0.0,0.1583,0.8112,1351.18,1688.97,0.8593,8,10,1.8366,2.2088,3.0929,0.5839,4.8446,0,0,0,0,0,0,0.7423,168.9,2.37,171.27,8321.05,9356.49,0,0.0481,0.7918,0,0
2026-08-27T20:22:58.015938+00:00,c2_dns_tunnel_v1,c2_dns_tunnel_v1__c7430f52c647,command_and_control,T1071.004,1,1,-0.0,0.111,0.8951,597.4,477.92,0.8327,5,4,3.7969,10.9664,3.0321,0.3304,4.0231,0,0,0,0,0,0,1.1514,119.48,0.0,119.48,5782.23,7707.46,0,0.0167,2.1864,0,0
2026-08-27T20:23:03.015938+00:00,c2_dns_tunnel_v1,c2_dns_tunnel_v1__c7430f52c647,command_and_control,T1071.004,2,1,-0.0,0.1217,0.8797,2914.37,4047.73,0.8774,18,25,2.2293,4.9875,3.9509,0.7134,6.0912,0,0,0,0,0,0,0.7014,161.91,6.12,168.03,7890.77,7524.87,0,0.0212,0.7201,0,0
2026-08-27T20:23:08.015938+00:00,c2_dns_tunnel_v1,c2_dns_tunnel_v1__c7430f52c647,command_and_control,T1071.004,1,1,-0.0,0.0899,0.9079,2256.74,1611.96,0.8153,7,5,3.1986,5.1402,2.8677,0.5849,4.6223,0,0,0,0,0,0,1.3833,322.39,0.0,322.39,8719.8,8757.98,0,0.0116,0.6213,0,0
2026-08-27T20:23:13.015938+00:00,c2_dns_tunnel_v1,c2_dns_tunnel_v1__c7430f52c647,command_and_control,T1071.004,3,1,-0.0,0.1491,0.8447,864.14,576.09,0.8665,6,4,1.8071,5.3383,3.0686,0.6267,4.9487,0,1,0,0,0,0,1.3402,144.02,21.09,159.08,7923.94,8026.24,0,0.0,1.5518,0,0
2026-08-27T20:23:18.015938+00:00,c2_dns_tunnel_v1,c2_dns_tunnel_v1__c7430f52c647,command_and_control,T1071.004,2,1,-0.0,0.0807,0.9291,1813.29,1450.63,0.9297,10,8,3.8062,9.9554,2.8281,0.5797,4.5673,0,0,0,0,0,0,1.2103,181.33,8.78,190.11,8729.36,9037.76,0,0.0554,0.8639,0,1
2026-08-27T20:23:23.015938+00:00,c2_dns_tunnel_v1,c2_dns_tunnel_v1__c7430f52c647,command_and_control,T1071.004,3,1,-0.0,0.0957,0.9442,3026.21,2521.84,0.9247,18,15,2.7059,7.1993,3.3219,0.6387,5.2379,0,1,0,0,0,0,1.1599,168.12,17.52,188.74,6209.68,9851.95,0,0.0,1.46,0,1
2026-08-27T20:23:28.015938+00:00,c2_dns_tunnel_v1,c2_dns_tunnel_v1__c7430f52c647,command_and_control,T1071.004,0,0,0.0,0.1085,0.8754,0.0,0.0,0.8281,0,0,4.5948,9.181,3.1155,0.5404,4.7368,0,0,0,0,0,0,1.019,161.07,0.0,161.07,7369.6,7435.36,0,0.0,1.0204,0,0
2026-08-27T20:23:33.015938+00:00,c2_dns_tunnel_v1,c2_dns_tunnel_v1__c7430f52c647,command_and_control,T1071.004,2,1,-0.0,0.1269,0.8461,3115.36,3504.79,0.813,16,18,4.3596,8.0548,3.3498,0.4536,4.7106,0,0,0,0,0,0,0.858,194.71,67.85,262.56,7954.17,8124.5,0,0.0,0.8906,0,0
2026-08-27T20:23:38.015938+00:00,c2_dns_tunnel_v1,c2_dns_tunnel_v1__c7430f52c647,command_and_control,T1071.004,2,1,-0.0,0.1222,0.9061,1719.35,1074.59,0.8714,8,5,4.329,8.0677,2.937,0.4685,4.3426,0,0,0,0,0,0,1.365,214.92,32.15,247.07,8390.67,9807.61,0,0.0289,0.7267,0,0
2026-08-27T20:23:43.015938+00:00,c2_dns_tunnel_v1,c2_dns_tunnel_v1__c7430f52c647,command_and_control,T1071.004,0,0,0.0,0.0743,0.9239,0.0,0.0,0.8265,0,0,5.5076,16.1539,4.0621,0.8644,6.6553,0,0,0,0,0,0,0.9334,228.77,0.0,228.77,7857.55,7877.21,0,0.063,0.3848,0,0
2026-08-27T20:23:48.015938+00:00,c2_dns_tunnel_v1,c2_dns_tunnel_v1__c7430f52c647,command_and_control,T1071.004,3,1,-0.0,0.1129,0.8788,2364.22,2364.22,1.0,12,12,2.4964,6.7572,3.1106,0.4099,4.3404,0,1,0,0,0,0,0.9365,197.02,63.24,281.18,5706.5,9623.47,0,0.0342,0.4379,0,0
2026-08-27T20:23:53.015938+00:00,c2_dns_tunnel_v1,c2_dns_tunnel_v1__c7430f52c647,command_and_control,T1071.004,1,1,-0.0,0.1161,0.9033,375.95,375.95,0.8389,2,2,4.5133,13.0735,3.5695,0.6841,5.6217,0,0,0,0,0,0,0.8465,187.98,0.0,187.98,8871.28,7913.37,0,0.0267,1.4121,0,0
2026-08-27T20:23:58.015938+00:00,c2_dns_tunnel_v1,c2_dns_tunnel_v1__c7430f52c647,command_and_control,T1071.004,1,1,0.317,0.2408,0.7429,1494.7,1096.112,0.7332,3,2,2.4616,6.0679,2.7052,0.5089,4.2319,0,0,0,0,0,0,1.1676,224.31,24.186,258.352,8505.582,9149.366,0,0.0054,1.6656,0,0
2026-08-27T20:24:03.015938+00:00,c2_dns_tunnel_v1,c2_dns_tunnel_v1__c7430f52c647,command_and_control,T1071.004,2,1,-0.0,0.1466,0.8483,1509.92,943.7,0.8575,8,5,2.8345,8.0059,3.4714,0.2896,4.3403,0,0,0,0,0,0,1.5856,188.74,36.56,225.3,7258.01,7235.05,0,0.0,0.2296,0,0
2026-08-27T20:24:08.015938+00:00,c2_dns_tunnel_v1,c2_dns_tunnel_v1__c7430f52c647,command_and_control,T1071.004,1,1,0.317,0.2436,0.7418,3117.644,2423.976,0.7993,12,9,3.27,8.9994,2.752,0.3856,3.9088,0,0,0,0,0,0,1.1796,247.19,24.186,281.232,9102.422,8979.062,0,0.0112,1.3702,0,0
2026-08-27T20:24:13.015938+00:00,c2_dns_tunnel_v1,c2_dns_tunnel_v1__c7430f52c647,command_and_control,T1071.004,2,1,-0.0,0.1298,0.9066,2146.84,1967.94,0.9064,12,11,4.0985,10.9463,3.0762,0.3589,4.1528,0,0,0,0,0,0,1.0309,178.9,47.25,226.15,7894.17,8032.49,0,0.0511,1.038,0,0
