timestamp,persona_id,run_id,mitre_stage,technique_id,flow_count,unique_dst_ports,dest_port_entropy,tcp_ratio,udp_ratio,bytes_fwd_sum,bytes_bwd_sum,bidirectional_ratio,pkts_fwd_sum,pkts_bwd_sum,duration_mean,duration_max,iat_mean,iat_std,iat_max,syn_flag_sum,ack_flag_sum,fin_flag_sum,rst_flag_sum,psh_flag_sum,urg_flag_sum,down_up_ratio_mean,pkt_len_mean,pkt_len_std,pkt_len_max,init_fwd_win_mean,init_bwd_win_mean,fwd_psh_flags_sum,port_scan_score,ttl_variance,ip_fragment_flags,retransmit_count
2026-08-27T19:24:18.364850+00:00,evasive_c2_v1,evasive_c2_v1__34f66b66f167,command_and_control,T1071.001,0,0,0.0,1.0,0.0,0.0,0.0,0.7916,0,0,6.971,20.5414,9.4253,0.9944,12.4084,0,0,0,0,0,0,0.5629,241.43,0.0,241.43,8549.93,8129.23,0,0.0149,1.3198,0,0
2026-08-27T19:24:23.364850+00:00,evasive_c2_v1,evasive_c2_v1__34f66b66f167,command_and_control,T1071.001,0,0,0.0,1.0,0.0127,0.0,0.0,0.8415,0,0,7.675,16.3833,11.5832,2.1506,18.0352,0,0,0,0,0,0,0.8977,181.03,0.0,181.03,8031.17,8923.6,0,0.0,1.1797,0,0
2026-08-27T19:24:28.364850+00:00,evasive_c2_v1,evasive_c2_v1__34f66b66f167,command_and_control,T1071.001,0,0,0.0,1.0,0.0097,0.0,0.0,0.8879,0,0,7.0783,16.2597,10.6071,2.56,18.287,0,0,0,0,0,0,0.9256,182.96,0.0,182.96,8242.8,8704.68,0,0.0077,0.3213,0,0
2026-08-27T19:24:33.364850+00:00,evasive_c2_v1,evasive_c2_v1__34f66b66f167,command_and_control,T1071.001,1,1,-0.0,0.9635,0.017,1968.93,1968.93,0.7876,6,6,12.16,31.1437,8.8133,2.0413,14.9372,0,0,0,0,0,0,0.9068,328.15,0.0,328.15,9217.36,8221.1,0,0.0,0.6128,0,0
2026-08-27T19:24:38.364850+00:00,evasive_c2_v1,evasive_c2_v1__34f66b66f167,command_and_control,T1071.001,2,2,0.6462,0.9313,0.0533,911.64,1063.58,0.7903,3,4,5.6999,10.0433,8.9798,1.6418,13.9052,0,1,0,0,0,0,0.957,202.0675,20.575,244.1025,8549.78,7507.0625,0,0.0542,1.8201,0,0
2026-08-27T19:24:43.364850+00:00,evasive_c2_v1,evasive_c2_v1__34f66b66f167,command_and_control,T1071.001,0,0,0.0,0.9706,0.0089,0.0,0.0,0.8063,0,0,8.2727,24.3231,8.6654,2.0239,14.737,0,0,0,0,0,0,0.7739,355.31,0.0,355.31,8902.42,6542.59,0,0.0,0.8493,0,0
2026-08-27T19:24:48.364850+00:00,evasive_c2_v1,evasive_c2_v1__34f66b66f167,command_and_control,T1071.001,0,0,0.0,1.0,0.0017,0.0,0.0,0.8124,0,0,13.8258,35.5462,10.6763,2.6211,18.5397,0,0,0,0,0,0,0.6923,229.73,0.0,229.73,7168.16,7242.64,0,0.0,0.7128,0,0
2026-08-27T19:24:53.364850+00:00,evasive_c2_v1,evasive_c2_v1__34f66b66f167,command_and_control,T1071.001,2,2,0.6462,0.8882,0.1256,911.64,1063.58,0.7414,3,4,7.9857,21.848,9.9988,1.6014,14.803,0,1,0,0,0,0,1.1312,236.7925,20.575,278.8275,7965.89,7590.995,0,0.0,2.4811,0,0
2026-08-27T19:24:58.364850+00:00,evasive_c2_v1,evasive_c2_v1__34f66b66f167,command_and_control,T1071.001,0,0,0.0,1.0,0.0,0.0,0.0,0.8036,0,0,11.1419,28.0227,10.5437,2.246,17.2816,0,0,0,0,0,0,1.1832,156.28,0.0,156.28,7045.95,7037.12,0,0.0,2.0519,0,0
2026-08-27T19:25:03.364850+00:00,evasive_c2_v1,evasive_c2_v1__34f66b66f167,command_and_control,T1071.001,1,1,-0.0,1.0,0.0,1537.6,1793.86,0.7782,6,7,9.9208,18.4785,14.5074,2.3976,21.7001,0,0,0,0,0,0,0.8067,256.27,0.0,256.27,6896.25,9319.51,0,0.0545,0.9187,0,0
2026-08-27T19:25:08.364850+00:00,evasive_c2_v1,evasive_c2_v1__34f66b66f167,command_and_control,T1071.001,1,1,-0.0,1.0,0.0444,1009.52,1211.43,0.7459,5,6,13.1391,18.6821,11.7656,2.0437,17.8965,0,0,0,0,0,0,0.7531,201.9,0.0,201.9,8075.51,8347.38,0,0.0,0.7526,0,0
2026-08-27T19:25:13.364850+00:00,evasive_c2_v1,evasive_c2_v1__34f66b66f167,command_and_control,T1071.001,1,1,-0.0,0.9927,0.005,1594.69,1594.69,0.8176,6,6,4.5282,7.8257,8.1029,1.054,11.2648,0,0,0,0,0,0,0.8725,265.78,0.0,265.78,8395.62,6764.74,0,0.0715,0.0,0,0
2026-08-27T19:25:18.364850+00:00,evasive_c2_v1,evasive_c2_v1__34f66b66f167,command_and_control,T1071.001,0,0,0.0,1.0,0.0128,0.0,0.0,0.788,0,0,6.5484,10.1308,8.2182,1.5425,12.8456,0,0,0,0,0,0,0.9887,179.43,0.0,179.43,9080.91,7624.68,0,0.0,1.0238,0,0
2026-08-27T19:25:23.364850+00:00,evasive_c2_v1,evasive_c2_v1__34f66b66f167,command_and_control,T1071.001,0,0,0.0,0.9814,0.021,0.0,0.0,0.7861,0,0,6.931,15.1785,9.5584,1.4069,13.7792,0,0,0,0,0,0,1.1484,267.27,0.0,267.27,8538.31,7930.84,0,0.0039,0.0,0,0
2026-08-27T19:25:28.364850+00:00,evasive_c2_v1,evasive_c2_v1__34f66b66f167,command_and_control,T1071.001,1,1,-0.0,1.0,0.0,839.25,629.43,0.85,4,3,5.3876,12.6007,10.3217,2.2828,17.1702,0,0,0,0,0,0,1.0622,209.81,0.0,209.81,8136.55,7083.66,0,0.0,0.5216,0,0
2026-08-27T19:25:33.364850+00:00,evasive_c2_v1,evasive_c2_v1__34f66b66f167,command_and_control,T1071.001,2,1,-0.0,1.0,0.0,3040.51,3040.51,0.7439,10,10,7.1345,12.0892,9.2996,2.3575,16.3721,0,1,0,0,0,0,0.9213,304.05,144.57,448.62,8838.65,8786.52,0,0.0402,0.608,0,0
2026-08-27T19:25:38.364850+00:00,evasive_c2_v1,evasive_c2_v1__34f66b66f167,command_and_control,T1071.001,0,0,0.0,1.0,0.0,0.0,0.0,0.8427,0,0,10.3827,19.2088,10.1792,1.3591,14.2564,0,0,0,0,0,0,0.7255,288.01,0.0,288.01,7733.29,8101.13,0,0.0009,0.5218,0,0
2026-08-27T19:25:43.364850+00:00,evasive_c2_v1,evasive_c2_v1__34f66b66f167,command_and_control,T1071.001,0,0,0.0,1.0,0.001,0.0,0.0,0.8644,0,0,11.5742,32.0042,11.3931,1.6814,16.4372,0,0,0,0,0,0,0.9171,212.14,0.0,212.14,8598.5,9406.25,0,0.0,0.41,0,0
2026-08-27T19:25:48.364850+00:00,evasive_c2_v1,evasive_c2_v1__34f66b66f167,command_and_control,T1071.001,0,0,0.0,0.9847,0.0199,0.0,0.0,0.838,0,0,6.7748,14.948,12.0019,3.1755,21.5284,0,0,0,0,0,0,0.9689,248.78,0.0,248.78,7726.92,8443.57,0,0.0255,1.7674,0,0
2026-08-27T19:25:53.364850+00:00,evasive_c2_v1,evasive_c2_v1__34f66b66f167,command_and_control,T1071.001,3,2,0.9183,0.9767,0.0345,5792.37,8302.4,0.7067,30,43,11.3811,17.6093,11.2258,1.7992,16.6235,0,2,0,0,0,0,0.6867,193.08,5.2,199.63,10609.18,8768.3,0,0.0,1.346,0,1
2026-08-27T19:25:58.364850+00:00,evasive_c2_v1,evasive_c2_v1__34f66b66f167,command_and_control,T1071.001,0,0,0.0,0.9868,0.0336,0.0,0.0,0.8588,0,0,14.0956,27.378,12.3804,1.6205,17.2419,0,0,0,0,0,0,0.8291,260.46,0.0,260.46,7090.23,8313.28,0,0.031,0.6114,0,0
2026-08-27T19:26:03.364850+00:00,evasive_c2_v1,evasive_c2_v1__34f66b66f167,command_and_control,T1071.001,0,0,0.0,0.972,0.0275,0.0,0.0,0.7496,0,0,7.0038,20.2617,9.0661,1.475,13.4912,0,0,0,0,0,0,1.1704,248.26,0.0,248.26,8794.1,6696.96,0,0.0213,1.4697,0,0
2026-08-27T19:26:08.364850+00:00,evasive_c2_v1,evasive_c2_v1__34f66b66f167,command_and_control,T1071.001,0,0,0.0,0.9612,0.0492,0.0,0.0,0.7831,0,0,12.4347,26.6661,10.3871,2.8885,19.0527,0,0,0,0,0,0,0.9031,233.48,0.0,233.48,10052.3,8879.74,0,0.0,1.354,0,0
2026-08-27T19:26:13.364850+00:00,evasive_c2_v1,evasive_c2_v1__34f66b66f167,command_and_control,T1071.001,2,2,1.0,0.9998,0.0,2869.98,2630.82,0.9065,12,11,7.3092,12.8221,9.4629,1.2591,13.2403,0,1,0,0,0,0,1.0766,239.17,60.02,299.19,8544.66,7954.31,0,0.0503,1.2537,0,0
2026-08-27T19:26:18.364850+00:00,evasive_c2_v1,evasive_c2_v1__34f66b66f167,command_and_control,T1071.001,2,2,0.6462,0.9221,0.0762,1946.0325,2097.9725,0.7203,8,9,10.5631,20.3163,6.4103,0.9176,9.1632,0,1,0,0,0,0,0.9098,223.7425,20.575,265.7775,9214.7975,7976.9375,0,0.0043,2.4468,0,0
2026-08-27T19:26:23.364850+00:00,evasive_c2_v1,evasive_c2_v1__34f66b66f167,command_and_control,T1071.001,0,0,0.0,1.0,0.0,0.0,0.0,0.7763,0,0,12.5331,35.0351,9.7754,2.2927,16.6536,0,0,0,0,0,0,0.8754,265.76,0.0,265.76,7702.56,8608.52,0,0.0,0.2577,0,0
2026-08-27T19:26:28.364850+00:00,evasive_c2_v1,evasive_c2_v1__34f66b66f167,command_and_control,T1071.001,0,0,0.0,0.9593,0.026,0.0,0.0,0.702,0,0,10.7234,16.6943,9.9796,1.5993,14.7776,0,0,0,0,0,0,1.0252,193.99,0.0,193.99,10411.13,8556.52,0,0.0003,1.4368,0,0
2026-08-27T19:26:33.364850+00:00,evasive_c2_v1,evasive_c2_v1__34f66b66f167,command_and_control,T1071.001,0,0,0.0,1.0,0.0104,0.0,0.0,0.7891,0,0,9.1318,20.6263,10.8361,2.0837,17.0872,0,0,0,0,0,0,0.7778,230.54,0.0,230.54,7054.38,9695.21,0,0.0,1.6774,0,0
2026-08-27T19:26:38.364850+00:00,evasive_c2_v1,evasive_c2_v1__34f66b66f167,command_and_control,T1071.001,0,0,0.0,0.9768,0.0173,0.0,0.0,0.7805,0,0,16.3516,46.5202,12.2746,2.5607,19.9568,0,0,0,0,0,0,0.9325,225.96,0.0,225.96,6066.28,9513.39,0,0.0,0.8573,0,0
2026-08-27T19:26:43.364850+00:00,evasive_c2_v1,evasive_c2_v1__34f66b66f167,command_and_control,T1071.001,1,1,-0.0,0.952,0.0498,1536.63,1728.71,0.7553,8,9,12.9591,21.4102,10.0248,1.5589,14.7015,0,0,0,0,0,0,0.8163,192.08,0.0,192.08,9648.42,7962.3,0,0.0004,2.341,0,0
2026-08-27T19:26:48.364850+00:00,evasive_c2_v1,evasive_c2_v1__34f66b66f167,command_and_control,T1071.001,0,0,0.0,1.0,0.0,0.0,0.0,0.7864,0,0,9.5806,19.6755,11.3239,2.2631,18.1132,0,0,0,0,0,0,0.7053,228.1,0.0,228.1,8652.39,7161.41,0,0.0271,0.0,0,0
2026-08-27T19:26:53.364850+00:00,evasive_c2_v1,evasive_c2_v1__34f66b66f167,command_and_control,T1071.001,2,2,0.6462,0.9265,0.0878,911.64,1063.58,0.7214,3,4,10.8227,20.863,10.3773,2.9593,19.2551,0,1,0,0,0,0,0.9441,295.69,20.575,337.725,7838.3975,7305.4625,0,0.0,1.3661,0,0
2026-08-27T19:26:58.364850+00:00,evasive_c2_v1,evasive_c2_v1__34f66b66f167,command_and_control,T1071.001,0,0,0.0,1.0,0.0,0.0,0.0,0.7979,0,0,11.0836,22.3597,10.761,1.677,15.7921,0,0,0,0,0,0,0.9216,197.24,0.0,197.24,9145.66,7103.34,0,0.0,1.1573,0,0
2026-08-27T19:27:03.364850+00:00,evasive_c2_v1,evasive_c2_v1__34f66b66f167,command_and_control,T1071.001,0,0,0.0,0.9777,0.0127,0.0,0.0,0.8564,0,0,8.0906,9.8411,8.7411,2.1733,15.261,0,0,0,0,0,0,0.7978,188.16,0.0,188.16,8520.6,7149.43,0,0.0,1.3233,0,0
2026-08-27T19:27:08.364850+00:00,evasive_c2_v1,evasive_c2_v1__34f66b66f167,command_and_control,T1071.001,1,1,-0.0,0.925,0.0594,1869.42,1869.42,0.7631,7,7,6.4277,15.7124,9.4694,1.4592,13.8469,0,0,0,0,0,0,0.9958,267.06,0.0,267.06,10071.39,8299.95,0,0.0368,1.3533,0,0
2026-08-27T19:27:13.364850+00:00,evasive_c2_v1,evasive_c2_v1__34f66b66f167,command_and_control,T1071.001,0,0,0.0,1.0,0.0226,0.0,0.0,0.883,0,0,10.0999,24.3981,9.2218,2.152,15.6777,0,0,0,0,0,0,0.9673,254.74,0.0,254.74,9613.67,6583.73,0,0.0,1.0424,0,0
2026-08-27T19:27:18.364850+00:00,evasive_c2_v1,evasive_c2_v1__34f66b66f167,command_and_control,T1071.001,2,1,-0.0,1.0,0.0027,2582.0,2766.43,0.7288,14,15,11.528,33.7704,8.4652,0.9555,11.3318,0,1,0,0,0,0,0.8966,184.43,39.77,224.2,7356.67,8814.74,0,0.0,0.5692,0,0
2026-08-27T19:27:23.364850+00:00,evasive_c2_v1,evasive_c2_v1__34f66b66f167,command_and_control,T1071.001,0,0,0.0,1.0,0.0,0.0,0.0,0.8141,0,0,11.6046,15.7399,13.8896,4.1416,26.3143,0,0,0,0,0,0,0.7353,188.16,0.0,188.16,10145.7,7274.24,0,0.0409,1.6112,0,0
2026-08-27T19:27:28.364850+00:00,evasive_c2_v1,evasive_c2_v1__34f66b66f167,command_and_control,T1071.001,0,0,0.0,0.9641,0.055,0.0,0.0,0.8788,0,0,10.0685,16.5265,8.8471,1.2825,12.6947,0,0,0,0,0,0,1.1524,203.87,0.0,203.87,8087.45,6613.33,0,0.0035,0.9664,0,0
2026-08-27T19:27:33.364850+00:00,evasive_c2_v1,evasive_c2_v1__34f66b66f167,command_and_control,T1071.001,0,0,0.0,0.988,0.0286,0.0,0.0,0.749,0,0,15.4163,30.036,11.3912,2.274,18.2131,0,0,0,0,0,0,0.9474,291.13,0.0,291.13,9050.99,7514.51,0,0.0106,0.9801,0,0
2026-08-27T19:27:38.364850+00:00,evasive_c2_v1,evasive_c2_v1__34f66b66f167,command_and_control,T1071.001,0,0,0.0,0.9637,0.0841,0.0,0.0,0.7761,0,0,14.8174,38.9583,10.8547,2.5108,18.3871,0,0,0,0,0,0,0.8228,161.29,0.0,161.29,7419.67,5098.93,0,0.0,0.8458,0,0
2026-08-27T19:27:43.364850+00:00,evasive_c2_v1,evasive_c2_v1__34f66b66f167,command_and_control,T1071.001,0,0,0.0,0.9999,0.0,0.0,0.0,0.6579,0,0,17.5578,27.2855,10.5114,2.898,19.2055,0,0,0,0,0,0,0.7841,303.74,0.0,303.74,6964.07,8322.83,0,0.0306,1.1378,0,0
2026-08-27T19:27:48.364850+00:00,evasive_c2_v1,evasive_c2_v1__34f66b66f167,command_and_control,T1071.001,0,0,0.0,1.0,0.0112,0.0,0.0,0.831,0,0,7.1296,18.3623,13.5227,2.2485,20.2682,0,0,0,0,0,0,0.9916,176.87,0.0,176.87,7610.71,7985.03,0,0.0117,1.3745,0,0
2026-08-27T19:27:53.364850+00:00,evasive_c2_v1,evasive_c2_v1__34f66b66f167,command_and_control,T1071.001,2,2,1.0,1.0,0.0031,392.15,392.15,0.8131,2,2,10.1083,15.0624,12.272,1.8905,17.9435,0,1,0,0,0,0,0.7259,196.08,56.64,252.71,7886.56,8943.25,0,0.0,1.7282,0,0
2026-08-27T19:27:58.364850+00:00,evasive_c2_v1,evasive_c2_v1__34f66b66f167,command_and_control,T1071.001,0,0,0.0,0.9822,0.0,0.0,0.0,0.7828,0,0,6.5259,9.9394,8.7365,2.0337,14.8376,0,0,0,0,0,0,1.0051,187.39,0.0,187.39,9581.77,5972.38,0,0.0794,0.201,0,0
2026-08-27T19:28:03.364850+00:00,evasive_c2_v1,evasive_c2_v1__34f66b66f167,command_and_control,T1071.001,0,0,0.0,0.9602,0.0592,0.0,0.0,0.8142,0,0,9.3027,15.6613,11.532,3.3426,21.56,0,0,0,0,0,0,1.0821,227.06,0.0,227.06,8814.37,7724.25,0,0.0849,1.716,0,0
2026-08-27T19:28:08.364850+00:00,evasive_c2_v1,evasive_c2_v1__34f66b66f167,command_and_control,T1071.001,1,1,-0.0,0.9629,0.0091,2387.46,2089.03,0.7358,8,7,10.4752,25.8119,11.7095,1.8271,17.1908,0,0,0,0,0,0,1.0337,298.43,0.0,298.43,7614.55,7182.19,0,0.0214,0.7723,0,0
2026-08-27T19:28:13.364850+00:00,evasive_c2_v1,evasive_c2_v1__34f66b66f167,command_and_control,T1071.001,0,0,0.0,0.9885,0.0101,0.0,0.0,0.7621,0,0,7.8317,12.9364,9.6495,2.6568,17.6199,0,0,0,0,0,0,0.9814,210.9,0.0,210.9,5188.04,8796.76,0,0.0137,1.4078,0,0
2026-08-27T19:28:18.364850+00:00,evasive_c2_v1,evasive_c2_v1__34f66b66f167,command_and_control,T1071.001,0,0,0.0,0.9943,0.0149,0.0,0.0,0.7401,0,0,12.1021,25.2645,9.6227,2.4014,16.8267,0,0,0,0,0,0,0.9811,179.38,0.0,179.38,7491.74,7252.06,0,0.0,1.0484,0,0
2026-08-27T19:28:23.364850+00:00,evasive_c2_v1,evasive_c2_v1__34f66b66f167,command_and_control,T1071.001,1,1,-0.0,0.9884,0.0,502.2,502.2,0.7776,3,3,12.9705,36.6753,9.5075,2.6452,17.443,0,0,0,0,0,0,0.9511,167.4,0.0,167.4,8981.0,8496.24,0,0.0,1.6259,0,0
2026-08-27T19:28:28.364850+00:00,evasive_c2_v1,evasive_c2_v1__34f66b66f167,command_and_control,T1071.001,1,1,-0.0,1.0,0.0106,2508.44,2866.78,0.8132,7,8,7.516,21.1583,8.6376,1.1871,12.199,0,0,0,0,0,0,0.8471,358.35,0.0,358.35,6988.05,8561.15,0,0.0205,0.4155,0,0
2026-08-27T19:28:33.364850+00:00,evasive_c2_v1,evasive_c2_v1__34f66b66f167,command_and_control,T1071.001,1,1,-0.0,0.9783,0.0138,783.62,522.41,0.7731,3,2,6.9753,14.0663,12.406,1.928,18.1899,0,0,0,0,0,0,1.0252,261.21,0.0,261.21,7713.2,9913.11,0,0.0012,1.3358,0,0
2026-08-27T19:28:38.364850+00:00,evasive_c2_v1,evasive_c2_v1__34f66b66f167,command_and_control,T1071.001,0,0,0.0,1.0,0.0067,0.0,0.0,0.8032,0,0,14.1582,40.6872,9.9966,2.5314,17.5908,0,0,0,0,0,0,0.8803,216.21,0.0,216.21,9395.29,7355.93,0,0.0176,0.3856,0,0
2026-08-27T19:28:43.364850+00:00,evasive_c2_v1,evasive_c2_v1__34f66b66f167,command_and_control,T1071.001,2,2,0.6462,0.9187,0.0641,911.64,1063.58,0.7145,3,4,7.3409,17.8008,9.7998,1.8772,15.4314,0,1,0,0,0,0,0.9185,307.8325,20.575,349.8675,8326.865,8726.96,0,0.0102,2.4261,0,0
2026-08-27T19:28:48.364850+00:00,evasive_c2_v1,evasive_c2_v1__34f66b66f167,command_and_control,T1071.001,2,2,0.6462,0.9404,0.0533,911.64,1063.58,0.7592,3,4,6.536,14.2377,8.4964,1.4689,12.9031,0,1,0,0,0,0,0.708,195.7225,20.575,237.7575,8568.815,8359.535,0,0.0,1.8918,0,0
2026-08-27T19:28:53.364850+00:00,evasive_c2_v1,evasive_c2_v1__34f66b66f167,command_and_control,T1071.001,1,1,-0.0,0.994,0.0232,1978.03,2142.87,0.7535,12,13,10.3891,14.5255,7.8023,1.9981,13.7965,0,0,0,0,0,0,0.9011,164.84,0.0,164.84,6822.26,9331.27,0,0.0,0.3407,0,0
2026-08-27T19:28:58.364850+00:00,evasive_c2_v1,evasive_c2_v1__34f66b66f167,command_and_control,T1071.001,0,0,0.0,1.0,0.0,0.0,0.0,0.7639,0,0,15.4816,30.4113,10.3822,2.1865,16.9417,0,0,0,0,0,0,0.9704,256.99,0.0,256.99,9634.14,9178.04,0,0.0175,0.7274,0,0
2026-08-27T19:29:03.364850+00:00,evasive_c2_v1,evasive_c2_v1__34f66b66f167,command_and_control,T1071.001,0,0,0.0,1.0,0.0091,0.0,0.0,0.7588,0,0,9.8175,27.1647,10.6445,2.3615,17.7291,0,0,0,0,0,0,1.0807,168.47,0.0,168.47,8180.51,8654.04,0,0.0,1.56,0,0
2026-08-27T19:29:08.364850+00:00,evasive_c2_v1,evasive_c2_v1__34f66b66f167,command_and_control,T1071.001,0,0,0.0,1.0,0.0,0.0,0.0,0.8571,0,0,7.495,21.0051,11.0089,1.4688,15.4153,0,0,0,0,0,0,1.0635,175.46,0.0,175.46,8887.54,6842.86,0,0.014,0.8729,0,0
2026-08-27T19:29:13.364850+00:00,evasive_c2_v1,evasive_c2_v1__34f66b66f167,command_and_control,T1071.001,0,0,0.0,0.958,0.0456,0.0,0.0,0.7109,0,0,9.8698,15.4959,12.3462,3.0641,21.5384,0,0,0,0,0,0,0.7976,347.2,0.0,347.2,8290.66,8961.26,0,0.0,1.2189,0,0
2026-08-27T19:29:18.364850+00:00,evasive_c2_v1,evasive_c2_v1__34f66b66f167,command_and_control,T1071.001,1,1,-0.0,0.9886,0.0,1636.07,2337.25,0.8303,7,10,9.7286,16.7999,8.4358,1.7897,13.8048,0,0,0,0,0,0,0.6978,233.72,0.0,233.72,8448.91,8422.2,0,0.0,0.4279,0,0
2026-08-27T19:29:23.364850+00:00,evasive_c2_v1,evasive_c2_v1__34f66b66f167,command_and_control,T1071.001,0,0,0.0,0.9977,0.0,0.0,0.0,0.7658,0,0,15.0156,43.9218,11.2468,2.4441,18.579,0,0,0,0,0,0,0.9645,223.56,0.0,223.56,9716.06,6745.67,0,0.0397,1.7311,0,0
2026-08-27T19:29:28.364850+00:00,evasive_c2_v1,evasive_c2_v1__34f66b66f167,command_and_control,T1071.001,1,1,-0.0,1.0,0.0,1994.1,2175.38,0.7433,11,12,7.2316,12.9587,11.9148,3.0799,21.1546,0,0,0,0,0,0,0.8534,181.28,0.0,181.28,9699.07,7024.62,0,0.0201,0.9384,0,0
2026-08-27T19:29:33.364850+00:00,evasive_c2_v1,evasive_c2_v1__34f66b66f167,command_and_control,T1071.001,2,2,0.6462,0.9305,0.0533,911.64,1063.58,0.6983,3,4,9.7188,18.4486,8.7606,1.6789,13.7973,0,1,0,0,0,0,1.0213,187.87,20.575,229.905,9580.7225,8196.2225,0,0.0,1.9667,0,0
2026-08-27T19:29:38.364850+00:00,evasive_c2_v1,evasive_c2_v1__34f66b66f167,command_and_control,T1071.001,0,0,0.0,0.9915,0.0375,0.0,0.0,0.7857,0,0,8.6164,21.4767,9.7187,2.6979,17.8122,0,0,0,0,0,0,0.948,328.08,0.0,328.08,8540.53,7626.9,0,0.0215,0.9104,0,0
2026-08-27T19:29:43.364850+00:00,evasive_c2_v1,evasive_c2_v1__34f66b66f167,command_and_control,T1071.001,0,0,0.0,0.9972,0.0,0.0,0.0,0.7764,0,0,10.5506,26.0051,8.9141,1.8238,14.3855,0,0,0,0,0,0,1.0723,292.99,0.0,292.99,7420.45,8727.01,0,0.031,0.1099,0,0
2026-08-27T19:29:48.364850+00:00,evasive_c2_v1,evasive_c2_v1__34f66b66f167,command_and_control,T1071.001,0,0,0.0,1.0,0.0,0.0,0.0,0.7621,0,0,4.9618,11.232,8.6855,1.4332,12.9851,0,0,0,0,0,0,0.7352,192.14,0.0,192.14,7873.34,7803.25,0,0.0,1.2484,0,0
2026-08-27T19:29:53.364850+00:00,evasive_c2_v1,evasive_c2_v1__34f66b66f167,command_and_control,T1071.001,0,0,0.0,1.0,0.0002,0.0,0.0,0.8151,0,0,10.3187,17.971,10.8427,2.8397,19.3617,0,0,0,0,0,0,0.8968,209.15,0.0,209.15,7882.78,9269.01,0,0.0374,0.6464,0,0
2026-08-27T19:29:58.364850+00:00,evasive_c2_v1,evasive_c2_v1__34f66b66f167,command_and_control,T1071.001,2,2,1.0,0.9813,0.0285,3773.2,3301.55,0.8828,16,14,16.1718,38.6133,11.5636,2.3737,18.6848,0,1,0,0,0,0,1.1003,235.82,39.85,275.68,9398.98,8121.16,0,0.0038,2.3078,0,0
2026-08-27T19:30:03.364850+00:00,evasive_c2_v1,evasive_c2_v1__34f66b66f167,command_and_control,T1071.001,1,1,-0.0,1.0,0.0,2191.28,2589.69,0.7519,11,13,13.8993,18.9951,11.4748,3.3299,21.4644,0,0,0,0,0,0,0.8298,199.21,0.0,199.21,8856.99,6832.93,0,0.0291,1.1184,0,0
2026-08-27T19:30:08.364850+00:00,evasive_c2_v1,evasive_c2_v1__34f66b66f167,command_and_control,T1071.001,0,0,0.0,0.971,0.0628,0.0,0.0,0.8236,0,0,14.2302,18.8078,11.0047,2.8898,19.6739,0,0,0,0,0,0,1.0656,197.45,0.0,197.45,9878.93,7477.52,0,0.0,0.9687,0,0
2026-08-27T19:30:13.364850+00:00,evasive_c2_v1,evasive_c2_v1__34f66b66f167,command_and_control,T1071.001,0,0,0.0,1.0,0.0009,0.0,0.0,0.811,0,0,10.6225,28.2933,10.4535,1.384,14.6055,0,0,0,0,0,0,0.7155,221.36,0.0,221.36,7639.23,7664.0,0,0.0,0.443,0,0
2026-08-27T19:30:18.364850+00:00,evasive_c2_v1,evasive_c2_v1__34f66b66f167,command_and_control,T1071.001,1,1,-0.0,0.9889,0.0046,858.56,1030.27,0.7031,5,6,9.4665,18.8862,11.7257,1.323,15.6948,0,0,0,0,0,0,0.8152,171.71,0.0,171.71,8126.23,6530.73,0,0.0,0.4036,0,0
2026-08-27T19:30:23.364850+00:00,evasive_c2_v1,evasive_c2_v1__34f66b66f167,command_and_control,T1071.001,0,0,0.0,0.993,0.0,0.0,0.0,0.7715,0,0,5.5978,7.2771,9.7658,2.2415,16.4904,0,0,0,0,0,0,0.7743,142.0,0.0,142.0,6193.75,8944.59,0,0.0039,1.348,0,0
2026-08-27T19:30:28.364850+00:00,evasive_c2_v1,evasive_c2_v1__34f66b66f167,command_and_control,T1071.001,0,0,0.0,0.9897,0.0234,0.0,0.0,0.845,0,0,6.1033,17.8604,7.9316,2.2038,14.543,0,0,0,0,0,0,0.7034,235.58,0.0,235.58,10274.4,8537.51,0,0.0,0.2409,0,0
2026-08-27T19:30:33.364850+00:00,evasive_c2_v1,evasive_c2_v1__34f66b66f167,command_and_control,T1071.001,1,1,-0.0,0.9535,0.045,724.28,905.35,0.8221,4,5,14.6347,21.219,9.4275,2.0397,15.5468,0,0,0,0,0,0,0.7073,181.07,0.0,181.07,7306.74,7583.53,0,0.0336,0.5358,0,0
2026-08-27T19:30:38.364850+00:00,evasive_c2_v1,evasive_c2_v1__34f66b66f167,command_and_control,T1071.001,1,1,-0.0,1.0,0.0,258.05,258.05,0.8107,1,1,7.0995,18.8219,8.7702,1.9639,14.6618,0,0,0,0,0,0,0.8946,258.05,0.0,258.05,8378.82,8254.91,0,0.0043,1.0694,0,0
2026-08-27T19:30:43.364850+00:00,evasive_c2_v1,evasive_c2_v1__34f66b66f167,command_and_control,T1071.001,0,0,0.0,0.9973,0.032,0.0,0.0,0.8072,0,0,9.8353,29.1444,8.4132,1.2802,12.254,0,0,0,0,0,0,0.9496,250.85,0.0,250.85,6684.79,8660.84,0,0.0069,1.8398,0,0
2026-08-27T19:30:48.364850+00:00,evasive_c2_v1,evasive_c2_v1__34f66b66f167,command_and_control,T1071.001,0,0,0.0,0.9607,0.0391,0.0,0.0,0.8417,0,0,9.8992,29.387,8.1742,1.3997,12.3732,0,0,0,0,0,0,0.824,192.65,0.0,192.65,6910.18,8504.56,0,0.0071,0.8423,0,0
2026-08-27T19:30:53.364850+00:00,evasive_c2_v1,evasive_c2_v1__34f66b66f167,command_and_control,T1071.001,0,0,0.0,1.0,0.0311,0.0,0.0,0.81,0,0,15.1024,41.5621,11.5718,1.8249,17.0466,0,0,0,0,0,0,0.981,157.04,0.0,157.04,8890.21,9480.53,0,0.0,0.9786,0,0
2026-08-27T19:30:58.364850+00:00,evasive_c2_v1,evasive_c2_v1__34f66b66f167,command_and_control,T1071.001,1,1,-0.0,1.0,0.0,2159.4,3455.04,0.8504,5,8,10.1574,14.8396,10.499,3.0887,19.765,0,0,0,0,0,0,0.5648,431.88,0.0,431.88,7315.91,7886.01,0,0.023,0.3753,0,0
2026-08-27T19:31:03.364850+00:00,evasive_c2_v1,evasive_c2_v1__34f66b66f167,command_and_control,T1071.001,0,0,0.0,0.9986,0.0,0.0,0.0,0.8947,0,0,5.8829,12.5343,9.1084,2.1823,15.6553,0,0,0,0,0,0,0.8818,410.12,0.0,410.12,9414.85,7326.72,0,0.0275,0.6076,0,0
2026-08-27T19:31:08.364850+00:00,evasive_c2_v1,evasive_c2_v1__34f66b66f167,command_and_control,T1071.001,0,0,0.0,0.9737,0.0352,0.0,0.0,0.8682,0,0,6.9528,14.1638,8.312,1.9903,14.2828,0,0,0,0,0,0,0.7008,307.45,0.0,307.45,7579.16,8551.6,0,0.0,0.894,0,0
2026-08-27T19:31:13.364850+00:00,evasive_c2_v1,evasive_c2_v1__34f66b66f167,command_and_control,T1071.001,0,0,0.0,0.9973,0.0346,0.0,0.0,0.8389,0,0,7.8343,15.7862,10.079,2.1298,16.4685,0,0,0,0,0,0,0.8355,154.63,0.0,154.63,7765.46,7483.82,0,0.0127,1.3097,0,0
2026-08-27T19:31:18.364850+00:00,evasive_c2_v1,evasive_c2_v1__34f66b66f167,command_and_control,T1071.001,0,0,0.0,1.0,0.0,0.0,0.0,0.7387,0,0,16.3805,23.1345,10.5634,1.3576,14.6362,0,0,0,0,0,0,1.1904,268.34,0.0,268.34,7685.71,8170.96,0,0.0212,0.5586,0,0
2026-08-27T19:31:23.364850+00:00,evasive_c2_v1,evasive_c2_v1__34f66b66f167,command_and_control,T1071.001,0,0,0.0,1.0,0.0,0.0,0.0,0.728,0,0,9.6597,22.8146,10.8724,1.5217,15.4375,0,0,0,0,0,0,0.8795,254.95,0.0,254.95,7758.52,8798.19,0,0.0163,0.6525,0,0
2026-08-27T19:31:28.364850+00:00,evasive_c2_v1,evasive_c2_v1__34f66b66f167,command_and_control,T1071.001,2,1,-0.0,0.9731,0.05,3025.72,5295.01,0.8102,12,21,9.9202,20.374,9.3317,2.6084,17.1569,0,1,0,0,0,0,0.5517,252.14,71.91,324.05,8464.78,5861.56,0,0.0,0.3673,0,0
2026-08-27T19:31:33.364850+00:00,evasive_c2_v1,evasive_c2_v1__34f66b66f167,command_and_control,T1071.001,0,0,0.0,1.0,0.0,0.0,0.0,0.8376,0,0,9.0464,12.1646,8.2536,1.5542,12.9161,0,0,0,0,0,0,0.8688,283.76,0.0,283.76,9241.33,7532.16,0,0.0,1.8276,0,0
2026-08-27T19:31:38.364850+00:00,evasive_c2_v1,evasive_c2_v1__34f66b66f167,command_and_control,T1071.001,1,1,-0.0,1.0,0.0,993.92,993.92,0.8165,6,6,13.3328,30.6918,10.7903,1.0979,14.0841,0,0,0,0,0,0,0.9314,165.65,0.0,165.65,8555.71,7341.01,0,0.0,0.8126,0,0
2026-08-27T19:31:43.364850+00:00,evasive_c2_v1,evasive_c2_v1__34f66b66f167,command_and_control,T1071.001,0,0,0.0,1.0,0.0,0.0,0.0,0.8205,0,0,12.5214,18.1694,12.1475,1.4138,16.389,0,0,0,0,0,0,0.8415,105.46,0.0,105.46,8036.7,7552.34,0,0.0,0.7631,0,0
2026-08-27T19:31:48.364850+00:00,evasive_c2_v1,evasive_c2_v1__34f66b66f167,command_and_control,T1071.001,0,0,0.0,0.9449,0.0617,0.0,0.0,0.802,0,0,11.3058,30.9582,8.0184,2.2904,14.8897,0,0,0,0,0,0,1.0619,257.81,0.0,257.81,6899.18,6258.93,0,0.0255,0.9338,0,0
2026-08-27T19:31:53.364850+00:00,evasive_c2_v1,evasive_c2_v1__34f66b66f167,command_and_control,T1071.001,0,0,0.0,1.0,0.0078,0.0,0.0,0.7843,0,0,16.0273,23.4368,13.6196,3.8831,25.2689,0,0,0,0,0,0,1.0196,224.63,0.0,224.63,10444.69,9962.82,0,0.0,0.7872,0,0
2026-08-27T19:31:58.364850+00:00,evasive_c2_v1,evasive_c2_v1__34f66b66f167,command_and_control,T1071.001,0,0,0.0,0.9918,0.0,0.0,0.0,0.8019,0,0,10.438,13.4603,8.7077,1.0938,11.989,0,0,0,0,0,0,0.9474,257.41,0.0,257.41,9934.13,9544.72,0,0.0,1.0031,0,0
2026-08-27T19:32:03.364850+00:00,evasive_c2_v1,evasive_c2_v1__34f66b66f167,command_and_control,T1071.001,2,2,0.6462,0.9253,0.0753,911.64,1063.58,0.7349,3,4,9.8462,16.595,6.4502,1.7316,11.6451,0,1,0,0,0,0,0.9181,291.3625,20.575,333.3975,8030.735,8232.83,0,0.0239,1.5802,0,0
2026-08-27T19:32:08.364850+00:00,evasive_c2_v1,evasive_c2_v1__34f66b66f167,command_and_control,T1071.001,0,0,0.0,0.9637,0.0041,0.0,0.0,0.8635,0,0,13.4419,27.9011,11.6061,2.0849,17.8608,0,0,0,0,0,0,0.6781,157.43,0.0,157.43,7791.86,8242.0,0,0.0425,1.1725,0,0
2026-08-27T19:32:13.364850+00:00,evasive_c2_v1,evasive_c2_v1__34f66b66f167,command_and_control,T1071.001,2,1,-0.0,0.9893,0.0136,4753.47,4159.28,0.7906,16,14,9.9657,14.1932,9.6942,1.4068,13.9147,0,1,0,0,0,0,1.1089,297.09,26.93,324.02,8385.9,9806.28,0,0.0357,1.6234,0,0
2026-08-27T19:32:18.364850+00:00,evasive_c2_v1,evasive_c2_v1__34f66b66f167,command_and_control,T1071.001,2,2,0.6462,0.9227,0.0798,911.64,1063.58,0.7312,3,4,8.1064,17.2704,8.2589,1.3625,12.3463,0,1,0,0,0,0,0.6854,232.7875,20.575,274.8225,9346.355,9125.36,0,0.0199,2.2874,0,0
2026-08-27T19:32:23.364850+00:00,evasive_c2_v1,evasive_c2_v1__34f66b66f167,command_and_control,T1071.001,0,0,0.0,1.0,0.0326,0.0,0.0,0.6911,0,0,8.462,12.7559,11.0633,2.1979,17.6571,0,0,0,0,0,0,0.8674,255.09,0.0,255.09,5745.69,5635.35,0,0.0,0.693,0,0
2026-08-27T19:32:28.364850+00:00,evasive_c2_v1,evasive_c2_v1__34f66b66f167,command_and_control,T1071.001,0,0,0.0,0.9754,0.0212,0.0,0.0,0.7922,0,0,6.4307,10.1588,10.0963,1.2791,13.9337,0,0,0,0,0,0,0.7824,194.0,0.0,194.0,6795.79,7488.75,0,0.0,0.9335,0,0
2026-08-27T19:32:33.364850+00:00,evasive_c2_v1,evasive_c2_v1__34f66b66f167,command_and_control,T1071.001,1,1,-0.0,1.0,0.0075,1915.92,1915.92,0.7527,6,6,12.6028,18.6631,9.5066,1.6518,14.4619,0,0,0,0,0,0,0.9862,319.32,0.0,319.32,8202.15,9006.36,0,0.0,0.804,0,0
2026-08-27T19:32:38.364850+00:00,evasive_c2_v1,evasive_c2_v1__34f66b66f167,command_and_control,T1071.001,0,0,0.0,1.0,0.0,0.0,0.0,0.8109,0,0,6.1316,18.0423,11.6803,1.9516,17.5352,0,0,0,0,0,0,0.9645,175.33,0.0,175.33,6833.62,7855.42,0,0.0,1.3299,0,0
2026-08-27T19:32:43.364850+00:00,evasive_c2_v1,evasive_c2_v1__34f66b66f167,command_and_control,T1071.001,1,1,-0.0,0.9593,0.064,1160.72,967.27,0.8531,6,5,6.8514,17.3484,10.0536,2.822,18.5195,0,0,0,0,0,0,1.0507,193.45,0.0,193.45,7566.57,7155.32,0,0.012,1.0229,0,0
2026-08-27T19:32:48.364850+00:00,evasive_c2_v1,evasive_c2_v1__34f66b66f167,command_and_control,T1071.001,1,1,-0.0,0.9791,0.0145,1002.42,801.94,0.8521,5,4,7.0908,16.7403,9.4448,2.078,15.6788,0,0,0,0,0,0,1.0148,200.48,0.0,200.48,6857.22,7458.24,0,0.0232,1.3107,0,0
2026-08-27T19:32:53.364850+00:00,evasive_c2_v1,evasive_c2_v1__34f66b66f167,command_and_control,T1071.001,0,0,0.0,0.9918,0.0,0.0,0.0,0.7761,0,0,14.2433,17.2776,11.8554,1.6584,16.8308,0,0,0,0,0,0,1.0022,233.82,0.0,233.82,8175.52,7867.91,0,0.0432,0.8443,0,0
2026-08-27T19:32:58.364850+00:00,evasive_c2_v1,evasive_c2_v1__34f66b66f167,command_and_control,T1071.001,1,1,-0.0,0.9838,0.0299,1740.76,1740.76,0.7725,5,5,6.6122,16.5269,9.2736,2.6152,17.1191,0,0,0,0,0,0,0.9728,348.15,0.0,348.15,8322.5,5863.24,0,0.02,0.877,0,0
2026-08-27T19:33:03.364850+00:00,evasive_c2_v1,evasive_c2_v1__34f66b66f167,command_and_control,T1071.001,1,1,-0.0,1.0,0.0,1673.91,1673.91,0.8276,9,9,8.8274,22.7882,10.5833,3.1659,20.0812,0,0,0,0,0,0,0.9912,185.99,0.0,185.99,7206.85,6874.44,0,0.0,1.3761,0,0
2026-08-27T19:33:08.364850+00:00,evasive_c2_v1,evasive_c2_v1__34f66b66f167,command_and_control,T1071.001,1,1,-0.0,0.9933,0.0,1029.9,772.42,0.8082,4,3,5.1597,13.2505,9.4951,2.7692,17.8027,0,0,0,0,0,0,1.0788,257.47,0.0,257.47,8272.5,9091.68,0,0.012,1.726,0,0
2026-08-27T19:33:13.364850+00:00,evasive_c2_v1,evasive_c2_v1__34f66b66f167,command_and_control,T1071.001,0,0,0.0,1.0,0.0,0.0,0.0,0.8145,0,0,13.9369,41.0371,9.9127,1.8915,15.5872,0,0,0,0,0,0,0.7556,185.18,0.0,185.18,7598.92,9285.91,0,0.0,1.2514,0,0
2026-08-27T19:33:18.364850+00:00,evasive_c2_v1,evasive_c2_v1__34f66b66f167,command_and_control,T1071.001,0,0,0.0,0.958,0.0225,0.0,0.0,0.8443,0,0,10.5254,30.7253,11.0223,2.5513,18.6761,0,0,0,0,0,0,1.1589,220.23,0.0,220.23,7466.3,9265.4,0,0.0,1.1342,0,0
2026-08-27T19:33:23.364850+00:00,evasive_c2_v1,evasive_c2_v1__34f66b66f167,command_and_control,T1071.001,0,0,0.0,0.9927,0.0375,0.0,0.0,0.8789,0,0,14.2457,35.8781,10.9956,1.1449,14.4304,0,0,0,0,0,0,0.8145,171.7,0.0,171.7,7839.33,7924.29,0,0.0273,1.192,0,0
2026-08-27T19:33:28.364850+00:00,evasive_c2_v1,evasive_c2_v1__34f66b66f167,command_and_control,T1071.001,0,0,0.0,1.0,0.0037,0.0,0.0,0.733,0,0,9.6436,23.1773,12.2891,2.1549,18.7537,0,0,0,0,0,0,0.8547,213.35,0.0,213.35,9011.95,8408.29,0,0.0,0.0,0,0
2026-08-27T19:33:33.364850+00:00,evasive_c2_v1,evasive_c2_v1__34f66b66f167,command_and_control,T1071.001,0,0,0.0,0.9832,0.0,0.0,0.0,0.8085,0,0,6.5088,13.3166,12.3594,1.3031,16.2687,0,0,0,0,0,0,0.6892,202.03,0.0,202.03,7140.79,7558.31,0,0.0,1.0737,0,0
2026-08-27T19:33:38.364850+00:00,evasive_c2_v1,evasive_c2_v1__34f66b66f167,command_and_control,T1071.001,0,0,0.0,0.9812,0.0309,0.0,0.0,0.859,0,0,7.3632,20.8742,8.4719,2.4646,15.8658,0,0,0,0,0,0,0.8805,269.28,0.0,269.28,6222.21,8766.49,0,0.0,1.1108,0,0
2026-08-27T19:33:43.364850+00:00,evasive_c2_v1,evasive_c2_v1__34f66b66f167,command_and_control,T1071.001,0,0,0.0,1.0,0.0124,0.0,0.0,0.7557,0,0,5.1819,13.6004,9.2682,1.6895,14.3368,0,0,0,0,0,0,1.0292,184.76,0.0,184.76,8038.21,7778.11,0,0.0382,1.36,0,0
2026-08-27T19:33:48.364850+00:00,evasive_c2_v1,evasive_c2_v1__34f66b66f167,command_and_control,T1071.001,0,0,0.0,1.0,0.0,0.0,0.0,0.7612,0,0,10.7789,17.6185,9.1901,2.7153,17.336,0,0,0,0,0,0,0.8292,113.25,0.0,113.25,7046.55,7417.08,0,0.0311,1.1666,0,0
2026-08-27T19:33:53.364850+00:00,evasive_c2_v1,evasive_c2_v1__34f66b66f167,command_and_control,T1071.001,1,1,-0.0,1.0,0.0175,1224.16,1468.99,0.848,5,6,7.9607,15.1251,9.3794,1.3002,13.28,0,0,0,0,0,0,0.7519,244.83,0.0,244.83,8927.31,8385.45,0,0.0,1.3548,0,0
2026-08-27T19:33:58.364850+00:00,evasive_c2_v1,evasive_c2_v1__34f66b66f167,command_and_control,T1071.001,1,1,-0.0,1.0,0.0169,1409.88,1409.88,0.7853,6,6,13.4545,25.6367,9.7504,2.1366,16.1603,0,0,0,0,0,0,0.8791,234.98,0.0,234.98,7950.15,7143.85,0,0.0015,0.4059,0,0
2026-08-27T19:34:03.364850+00:00,evasive_c2_v1,evasive_c2_v1__34f66b66f167,command_and_control,T1071.001,2,2,0.6462,0.9171,0.0728,911.64,1063.58,0.7727,3,4,7.9748,16.1759,8.2937,1.7121,13.4301,0,1,0,0,0,0,0.8175,287.53,20.575,329.565,7490.69,7306.46,0,0.0529,2.0196,0,0
2026-08-27T19:34:08.364850+00:00,evasive_c2_v1,evasive_c2_v1__34f66b66f167,command_and_control,T1071.001,0,0,0.0,1.0,0.0095,0.0,0.0,0.7333,0,0,12.8538,35.8254,10.4244,2.2222,17.0909,0,0,0,0,0,0,0.8465,185.24,0.0,185.24,8899.09,7838.9,0,0.0128,2.2943,0,0
2026-08-27T19:34:13.364850+00:00,evasive_c2_v1,evasive_c2_v1__34f66b66f167,command_and_control,T1071.001,0,0,0.0,0.9242,0.0657,0.0,0.0,0.8418,0,0,8.9644,23.1593,8.9867,1.3313,12.9806,0,0,0,0,0,0,0.8853,280.6,0.0,280.6,6151.23,6228.82,0,0.0,0.242,0,0
2026-08-27T19:34:18.364850+00:00,evasive_c2_v1,evasive_c2_v1__34f66b66f167,command_and_control,T1071.001,1,1,-0.0,0.9628,0.0332,797.42,598.06,0.7758,4,3,7.3469,13.6709,10.5822,1.4184,14.8374,0,0,0,0,0,0,1.0411,199.35,0.0,199.35,6612.87,8456.14,0,0.0534,1.3531,0,0
2026-08-27T19:34:23.364850+00:00,evasive_c2_v1,evasive_c2_v1__34f66b66f167,command_and_control,T1071.001,1,1,-0.0,1.0,0.0046,1750.35,1555.87,0.8077,9,8,7.4303,14.6965,9.0907,1.6116,13.9255,0,0,0,0,0,0,1.1028,194.48,0.0,194.48,7485.67,7152.49,0,0.0,0.3414,0,0
2026-08-27T19:34:28.364850+00:00,evasive_c2_v1,evasive_c2_v1__34f66b66f167,command_and_control,T1071.001,1,1,-0.0,1.0,0.0429,600.31,480.24,0.8905,5,4,6.8238,12.708,11.317,2.5689,19.0239,0,0,0,0,0,0,1.0333,120.06,0.0,120.06,8699.43,6368.66,0,0.0,1.0341,0,0
2026-08-27T19:34:33.364850+00:00,evasive_c2_v1,evasive_c2_v1__34f66b66f167,command_and_control,T1071.001,0,0,0.0,0.98,0.0248,0.0,0.0,0.7588,0,0,14.607,36.4118,9.398,2.7049,17.5126,0,0,0,0,0,0,0.9542,296.04,0.0,296.04,8181.74,8964.96,0,0.0448,0.7782,0,0
2026-08-27T19:34:38.364850+00:00,evasive_c2_v1,evasive_c2_v1__34f66b66f167,command_and_control,T1071.001,2,2,0.6462,0.9288,0.0533,911.64,1063.58,0.7333,3,4,8.5988,23.4746,6.1659,1.6867,11.2262,0,1,0,0,0,0,0.9243,207.4225,20.575,249.4575,8424.7625,8806.85,0,0.0,1.8426,0,0
2026-08-27T19:34:43.364850+00:00,evasive_c2_v1,evasive_c2_v1__34f66b66f167,command_and_control,T1071.001,1,1,-0.0,0.9727,0.0208,1348.77,1011.58,0.7351,4,3,6.7607,20.0104,8.4362,2.3141,15.3786,0,0,0,0,0,0,1.0744,337.19,0.0,337.19,7758.46,7405.73,0,0.0,1.2567,0,0
2026-08-27T19:34:48.364850+00:00,evasive_c2_v1,evasive_c2_v1__34f66b66f167,command_and_control,T1071.001,1,1,-0.0,0.9701,0.0053,926.59,926.59,0.8117,4,4,6.6265,14.8393,12.4841,3.4721,22.9004,0,0,0,0,0,0,0.9794,231.65,0.0,231.65,8490.35,7789.41,0,0.0,1.315,0,0
2026-08-27T19:34:53.364850+00:00,evasive_c2_v1,evasive_c2_v1__34f66b66f167,command_and_control,T1071.001,0,0,0.0,0.9921,0.0205,0.0,0.0,0.8547,0,0,5.0617,7.3795,10.9846,2.0772,17.2163,0,0,0,0,0,0,0.9998,326.96,0.0,326.96,9071.26,8066.88,0,0.0,0.8582,0,0
2026-08-27T19:34:58.364850+00:00,evasive_c2_v1,evasive_c2_v1__34f66b66f167,command_and_control,T1071.001,1,1,-0.0,0.995,0.0116,2814.91,2345.76,0.8233,6,5,6.989,13.3638,9.952,1.0275,13.0344,0,0,0,0,0,0,1.0069,469.15,0.0,469.15,8820.32,6932.83,0,0.0034,0.2348,0,0
2026-08-27T19:35:03.364850+00:00,evasive_c2_v1,evasive_c2_v1__34f66b66f167,command_and_control,T1071.001,1,1,-0.0,0.9805,0.0062,950.97,760.78,0.7733,5,4,12.2975,26.6926,10.6686,1.3039,14.5804,0,0,0,0,0,0,1.0228,190.19,0.0,190.19,7791.77,7705.9,0,0.016,1.1211,0,0
2026-08-27T19:35:08.364850+00:00,evasive_c2_v1,evasive_c2_v1__34f66b66f167,command_and_control,T1071.001,1,1,-0.0,0.9798,0.0006,1091.16,1091.16,0.8962,7,7,7.688,16.0784,12.5667,1.8548,18.1312,0,0,0,0,0,0,0.9749,155.88,0.0,155.88,7819.38,11011.45,0,0.0,1.0934,0,0
2026-08-27T19:35:13.364850+00:00,evasive_c2_v1,evasive_c2_v1__34f66b66f167,command_and_control,T1071.001,0,0,0.0,0.9726,0.0562,0.0,0.0,0.8461,0,0,10.5486,24.1663,8.7737,2.25,15.5238,0,0,0,0,0,0,0.7987,156.35,0.0,156.35,6651.39,6859.2,0,0.0,1.5239,0,0
2026-08-27T19:35:18.364850+00:00,evasive_c2_v1,evasive_c2_v1__34f66b66f167,command_and_control,T1071.001,0,0,0.0,0.9772,0.0284,0.0,0.0,0.7705,0,0,10.6038,15.2043,10.3784,1.8703,15.9893,0,0,0,0,0,0,0.8541,233.92,0.0,233.92,8140.19,6831.85,0,0.0,1.2952,0,0
2026-08-27T19:35:23.364850+00:00,evasive_c2_v1,evasive_c2_v1__34f66b66f167,command_and_control,T1071.001,0,0,0.0,1.0,0.0221,0.0,0.0,0.7909,0,0,15.3178,25.2853,11.4118,1.5275,15.9942,0,0,0,0,0,0,0.8481,190.01,0.0,190.01,9815.82,7537.01,0,0.0,1.9005,0,0
2026-08-27T19:35:28.364850+00:00,evasive_c2_v1,evasive_c2_v1__34f66b66f167,command_and_control,T1071.001,0,0,0.0,0.9756,0.0118,0.0,0.0,0.7415,0,0,9.615,15.5707,10.688,2.5821,18.4344,0,0,0,0,0,0,1.0244,241.07,0.0,241.07,10686.43,7199.5,0,0.0,1.5249,0,0
2026-08-27T19:35:33.364850+00:00,evasive_c2_v1,evasive_c2_v1__34f66b66f167,command_and_control,T1071.001,1,1,-0.0,1.0,0.0034,822.78,987.34,0.7905,5,6,4.8157,6.8243,9.6011,2.0575,15.7737,0,0,0,0,0,0,0.751,164.56,0.0,164.56,8003.13,7729.12,0,0.0,1.4029,0,0
2026-08-27T19:35:38.364850+00:00,evasive_c2_v1,evasive_c2_v1__34f66b66f167,command_and_control,T1071.001,0,0,0.0,1.0,0.0,0.0,0.0,0.7383,0,0,14.5039,33.289,10.0527,2.5235,17.6233,0,0,0,0,0,0,1.0665,257.25,0.0,257.25,8334.06,8727.16,0,0.0142,1.5372,0,0
2026-08-27T19:35:43.364850+00:00,evasive_c2_v1,evasive_c2_v1__34f66b66f167,command_and_control,T1071.001,0,0,0.0,1.0,0.0319,0.0,0.0,0.7997,0,0,5.7816,9.4827,9.2647,2.4404,16.586,0,0,0,0,0,0,0.9355,217.61,0.0,217.61,8566.49,8356.45,0,0.0373,0.4962,0,0
2026-08-27T19:35:48.364850+00:00,evasive_c2_v1,evasive_c2_v1__34f66b66f167,command_and_control,T1071.001,3,2,0.6462,0.9127,0.064,4131.63,5178.0125,0.7228,16,21,5.0964,9.2793,6.7726,1.2424,10.4997,0,2,0,0,0,0,0.7843,254.86,23.245,299.565,8802.41,8513.1125,0,0.0,1.8539,0,0
2026-08-27T19:35:53.364850+00:00,evasive_c2_v1,evasive_c2_v1__34f66b66f167,command_and_control,T1071.001,1,1,-0.0,0.9849,0.0462,1971.89,1478.92,0.877,4,3,7.2567,20.5408,7.6939,1.4211,11.9573,0,0,0,0,0,0,1.0239,492.97,0.0,492.97,7633.55,8148.09,0,0.0,0.8268,0,0
2026-08-27T19:35:58.364850+00:00,evasive_c2_v1,evasive_c2_v1__34f66b66f167,command_and_control,T1071.001,1,1,-0.0,1.0,0.0,852.06,852.06,0.8379,3,3,14.8723,25.7,9.4101,1.1873,12.9721,0,0,0,0,0,0,0.7919,284.02,0.0,284.02,8538.1,8929.79,0,0.0,0.8921,0,0
2026-08-27T19:36:03.364850+00:00,evasive_c2_v1,evasive_c2_v1__34f66b66f167,command_and_control,T1071.001,1,1,-0.0,0.9902,0.0,974.29,974.29,0.8513,4,4,11.1117,20.4567,11.7692,2.3004,18.6703,0,0,0,0,0,0,0.8934,243.57,0.0,243.57,11254.19,8324.09,0,0.0337,0.7295,0,0
2026-08-27T19:36:08.364850+00:00,evasive_c2_v1,evasive_c2_v1__34f66b66f167,command_and_control,T1071.001,0,0,0.0,0.991,0.0299,0.0,0.0,0.8232,0,0,9.4666,24.8768,9.0096,1.8942,14.6921,0,0,0,0,0,0,1.0497,142.68,0.0,142.68,6591.66,8393.61,0,0.0108,1.9507,0,0
2026-08-27T19:36:13.364850+00:00,evasive_c2_v1,evasive_c2_v1__34f66b66f167,command_and_control,T1071.001,0,0,0.0,1.0,0.0,0.0,0.0,0.8144,0,0,13.9251,28.7856,11.932,2.8902,20.6026,0,0,0,0,0,0,0.9497,240.13,0.0,240.13,7743.27,8944.83,0,0.0,1.1142,0,0
2026-08-27T19:36:18.364850+00:00,evasive_c2_v1,evasive_c2_v1__34f66b66f167,command_and_control,T1071.001,0,0,0.0,1.0,0.0255,0.0,0.0,0.8577,0,0,8.0308,10.6375,11.8895,3.2608,21.6718,0,0,0,0,0,0,0.8381,267.43,0.0,267.43,7133.4,6452.43,0,0.0111,1.1477,0,0
2026-08-27T19:36:23.364850+00:00,evasive_c2_v1,evasive_c2_v1__34f66b66f167,command_and_control,T1071.001,1,1,-0.0,1.0,0.0,863.92,863.92,0.8363,4,4,13.7357,28.2036,11.7371,1.813,17.1762,0,0,0,0,0,0,0.8617,215.98,0.0,215.98,7459.16,7831.66,0,0.0,0.5176,0,0
2026-08-27T19:36:28.364850+00:00,evasive_c2_v1,evasive_c2_v1__34f66b66f167,command_and_control,T1071.001,2,2,0.6462,0.8981,0.0829,911.64,1063.58,0.7669,3,4,5.4419,10.8825,8.4564,1.5514,13.1108,0,1,0,0,0,0,0.765,240.37,20.575,282.405,8202.5375,8261.8175,0,0.0,1.5282,0,0
2026-08-27T19:36:33.364850+00:00,evasive_c2_v1,evasive_c2_v1__34f66b66f167,command_and_control,T1071.001,0,0,0.0,1.0,0.0,0.0,0.0,0.7529,0,0,11.6266,27.4204,10.469,2.6028,18.2775,0,0,0,0,0,0,1.007,216.25,0.0,216.25,8841.93,9669.05,0,0.0,0.7268,0,0
2026-08-27T19:36:38.364850+00:00,evasive_c2_v1,evasive_c2_v1__34f66b66f167,command_and_control,T1071.001,0,0,0.0,0.9747,0.016,0.0,0.0,0.8048,0,0,12.5144,33.8969,9.9718,2.0944,16.255,0,0,0,0,0,0,0.8905,180.12,0.0,180.12,7713.73,6874.44,0,0.0,1.4499,0,0
2026-08-27T19:36:43.364850+00:00,evasive_c2_v1,evasive_c2_v1__34f66b66f167,command_and_control,T1071.001,0,0,0.0,1.0,0.0262,0.0,0.0,0.7545,0,0,11.6328,23.1459,10.5676,1.4918,15.043,0,0,0,0,0,0,0.6814,245.38,0.0,245.38,8221.48,8965.66,0,0.0,1.1553,0,0
2026-08-27T19:36:48.364850+00:00,evasive_c2_v1,evasive_c2_v1__34f66b66f167,command_and_control,T1071.001,0,0,0.0,1.0,0.0,0.0,0.0,0.8058,0,0,11.9621,16.4902,12.2616,2.5905,20.0329,0,0,0,0,0,0,0.9448,263.75,0.0,263.75,6720.42,8148.04,0,0.0,1.4733,0,0
2026-08-27T19:36:53.364850+00:00,evasive_c2_v1,evasive_c2_v1__34f66b66f167,command_and_control,T1071.001,2,2,0.6462,0.9404,0.0533,911.64,1063.58,0.733,3,4,10.0286,22.3871,7.7855,0.817,10.2366,0,1,0,0,0,0,0.7826,199.45,20.575,241.485,8276.765,7880.105,0,0.0,1.6148,0,0
2026-08-27T19:36:58.364850+00:00,evasive_c2_v1,evasive_c2_v1__34f66b66f167,command_and_control,T1071.001,0,0,0.0,1.0,0.0219,0.0,0.0,0.8136,0,0,6.7504,11.2295,9.1858,2.2102,15.8164,0,0,0,0,0,0,0.8883,376.65,0.0,376.65,5731.62,7199.5,0,0.016,0.4681,0,0
2026-08-27T19:37:03.364850+00:00,evasive_c2_v1,evasive_c2_v1__34f66b66f167,command_and_control,T1071.001,2,2,1.0,0.9863,0.0,3652.68,4794.14,0.823,16,21,5.3995,8.8287,9.4293,1.4527,13.7875,0,1,0,0,0,0,0.7311,228.29,34.02,262.31,8091.18,6897.91,0,0.0728,0.1097,0,0
2026-08-27T19:37:08.364850+00:00,evasive_c2_v1,evasive_c2_v1__34f66b66f167,command_and_control,T1071.001,1,1,-0.0,1.0,0.0173,951.45,1332.03,0.744,5,7,15.053,28.2007,13.6443,2.4826,21.0922,0,0,0,0,0,0,0.7137,190.29,0.0,190.29,9607.92,7058.29,0,0.0,0.3643,0,0
2026-08-27T19:37:13.364850+00:00,evasive_c2_v1,evasive_c2_v1__34f66b66f167,command_and_control,T1071.001,0,0,0.0,1.0,0.0123,0.0,0.0,0.7494,0,0,7.8209,19.9174,8.5496,0.9692,11.4572,0,0,0,0,0,0,0.8042,160.18,0.0,160.18,5684.72,8673.47,0,0.0226,0.7365,0,0
2026-08-27T19:37:18.364850+00:00,evasive_c2_v1,evasive_c2_v1__34f66b66f167,command_and_control,T1071.001,0,0,0.0,0.9768,0.0205,0.0,0.0,0.8,0,0,12.832,27.2234,10.2932,2.9079,19.017,0,0,0,0,0,0,0.8983,208.87,0.0,208.87,8569.0,7809.31,0,0.007,0.343,0,0
2026-08-27T19:37:23.364850+00:00,evasive_c2_v1,evasive_c2_v1__34f66b66f167,command_and_control,T1071.001,2,2,0.6462,0.9222,0.0696,1675.395,1636.4,0.7581,6,6,8.1651,16.124,7.6615,0.89,10.3316,0,1,0,0,0,0,1.0857,266.9125,20.575,308.9475,8089.115,8128.43,0,0.0298,2.4393,0,0
2026-08-27T19:37:28.364850+00:00,evasive_c2_v1,evasive_c2_v1__34f66b66f167,command_and_control,T1071.001,0,0,0.0,1.0,0.0264,0.0,0.0,0.8285,0,0,7.743,10.8725,11.0406,2.4394,18.3588,0,0,0,0,0,0,0.9784,243.02,0.0,243.02,7899.6,7518.31,0,0.0,0.6229,0,0
2026-08-27T19:37:33.364850+00:00,evasive_c2_v1,evasive_c2_v1__34f66b66f167,command_and_control,T1071.001,1,1,-0.0,0.9839,0.0,817.76,817.76,0.7862,2,2,6.7829,8.3383,14.1549,1.4214,18.419,0,0,0,0,0,0,0.8444,408.88,0.0,408.88,7664.56,6066.97,0,0.0,0.8885,0,0
2026-08-27T19:37:38.364850+00:00,evasive_c2_v1,evasive_c2_v1__34f66b66f167,command_and_control,T1071.001,1,1,-0.0,0.9627,0.038,1569.46,1831.04,0.7515,6,7,11.6639,31.0192,10.874,1.2552,14.6397,0,0,0,0,0,0,0.7654,261.58,0.0,261.58,9300.77,10126.63,0,0.0336,0.8268,0,0
2026-08-27T19:37:43.364850+00:00,evasive_c2_v1,evasive_c2_v1__34f66b66f167,command_and_control,T1071.001,2,2,0.6462,0.9404,0.0712,911.64,1063.58,0.7716,3,4,8.8383,13.1369,8.1725,1.2656,11.9693,0,1,0,0,0,0,0.9664,232.9825,20.575,275.0175,9011.375,8923.16,0,0.0,1.8347,0,0
2026-08-27T19:37:48.364850+00:00,evasive_c2_v1,evasive_c2_v1__34f66b66f167,command_and_control,T1071.001,0,0,0.0,1.0,0.0,0.0,0.0,0.8068,0,0,13.8544,41.5465,9.2343,0.9735,12.1549,0,0,0,0,0,0,1.1199,212.92,0.0,212.92,8902.37,7906.66,0,0.0,1.4244,0,0
2026-08-27T19:37:53.364850+00:00,evasive_c2_v1,evasive_c2_v1__34f66b66f167,command_and_control,T1071.001,1,1,-0.0,0.9993,0.0,936.91,936.91,0.8628,5,5,13.1169,20.1787,9.49,1.796,14.8781,0,0,0,0,0,0,0.863,187.38,0.0,187.38,9219.55,8430.33,0,0.0,1.2431,0,0
2026-08-27T19:37:58.364850+00:00,evasive_c2_v1,evasive_c2_v1__34f66b66f167,command_and_control,T1071.001,0,0,0.0,1.0,0.0046,0.0,0.0,0.7818,0,0,17.0605,48.4792,11.0402,1.8433,16.5701,0,0,0,0,0,0,0.8912,188.48,0.0,188.48,8340.14,8160.16,0,0.0203,1.2216,0,0
2026-08-27T19:38:03.364850+00:00,evasive_c2_v1,evasive_c2_v1__34f66b66f167,command_and_control,T1071.001,0,0,0.0,1.0,0.0,0.0,0.0,0.7522,0,0,5.2866,14.4005,9.7921,1.4234,14.0624,0,0,0,0,0,0,1.2156,233.86,0.0,233.86,8583.64,8597.46,0,0.0,1.0298,0,0
2026-08-27T19:38:08.364850+00:00,evasive_c2_v1,evasive_c2_v1__34f66b66f167,command_and_control,T1071.001,1,1,-0.0,1.0,0.0385,1397.4,1397.4,0.7679,4,4,10.2532,16.8415,9.4515,2.0242,15.5242,0,0,0,0,0,0,0.8984,349.35,0.0,349.35,9742.78,8760.4,0,0.0562,0.8443,0,0
2026-08-27T19:38:13.364850+00:00,evasive_c2_v1,evasive_c2_v1__34f66b66f167,command_and_control,T1071.001,0,0,0.0,1.0,0.0205,0.0,0.0,0.8701,0,0,6.6221,8.1825,12.1629,3.3695,22.2713,0,0,0,0,0,0,1.0404,161.05,0.0,161.05,7681.84,7278.43,0,0.0399,1.3874,0,0
2026-08-27T19:38:18.364850+00:00,evasive_c2_v1,evasive_c2_v1__34f66b66f167,command_and_control,T1071.001,0,0,0.0,0.9885,0.0302,0.0,0.0,0.8054,0,0,6.6144,17.317,9.8321,1.0039,12.8438,0,0,0,0,0,0,0.8044,259.13,0.0,259.13,7216.7,8346.73,0,0.0106,1.0551,0,0
2026-08-27T19:38:23.364850+00:00,evasive_c2_v1,evasive_c2_v1__34f66b66f167,command_and_control,T1071.001,2,2,0.6462,0.9404,0.0533,911.64,1063.58,0.6954,3,4,5.6813,10.0796,7.8869,2.0469,14.0276,0,1,0,0,0,0,0.7816,249.3925,20.575,291.4275,7753.1825,7642.7075,0,0.0085,2.2883,0,0
2026-08-27T19:38:28.364850+00:00,evasive_c2_v1,evasive_c2_v1__34f66b66f167,command_and_control,T1071.001,0,0,0.0,0.9726,0.021,0.0,0.0,0.7843,0,0,5.7271,16.1737,7.8546,2.0709,14.0674,0,0,0,0,0,0,0.895,124.13,0.0,124.13,8173.0,7264.72,0,0.0182,1.4949,0,0
2026-08-27T19:38:33.364850+00:00,evasive_c2_v1,evasive_c2_v1__34f66b66f167,command_and_control,T1071.001,1,1,-0.0,1.0,0.0154,942.25,942.25,0.9066,3,3,14.4661,20.7818,12.0894,2.8011,20.4926,0,0,0,0,0,0,0.7959,314.08,0.0,314.08,7939.83,6937.35,0,0.0393,1.3119,0,0
2026-08-27T19:38:38.364850+00:00,evasive_c2_v1,evasive_c2_v1__34f66b66f167,command_and_control,T1071.001,0,0,0.0,0.9978,0.0,0.0,0.0,0.7524,0,0,8.2115,14.0956,8.9251,2.0103,14.956,0,0,0,0,0,0,0.7942,176.7,0.0,176.7,6587.55,8156.36,0,0.0003,1.3152,0,0
2026-08-27T19:38:43.364850+00:00,evasive_c2_v1,evasive_c2_v1__34f66b66f167,command_and_control,T1071.001,1,1,-0.0,0.9786,0.0,1278.28,1704.37,0.698,6,8,10.6952,20.7575,8.788,1.5627,13.476,0,0,0,0,0,0,0.7125,213.05,0.0,213.05,9899.96,8517.93,0,0.0262,1.8558,0,0
2026-08-27T19:38:48.364850+00:00,evasive_c2_v1,evasive_c2_v1__34f66b66f167,command_and_control,T1071.001,2,2,0.6462,0.9063,0.0883,1888.4325,1900.835,0.7444,8,8,7.7811,17.386,6.2982,1.5086,10.8241,0,1,0,0,0,0,0.9748,215.515,20.575,257.55,10404.05,8893.4375,0,0.0003,1.6826,0,0
2026-08-27T19:38:53.364850+00:00,evasive_c2_v1,evasive_c2_v1__34f66b66f167,command_and_control,T1071.001,0,0,0.0,1.0,0.0143,0.0,0.0,0.7479,0,0,12.1827,33.4109,9.9097,1.2588,13.6862,0,0,0,0,0,0,1.0697,205.94,0.0,205.94,7696.33,8359.64,0,0.0,1.2872,0,0
2026-08-27T19:38:58.364850+00:00,evasive_c2_v1,evasive_c2_v1__34f66b66f167,command_and_control,T1071.001,1,1,-0.0,0.9855,0.0114,1624.38,1392.32,0.7468,7,6,8.463,14.908,8.0958,1.5183,12.6506,0,0,0,0,0,0,1.0104,232.05,0.0,232.05,10418.48,9658.8,0,0.0332,0.6921,0,0
2026-08-27T19:39:03.364850+00:00,evasive_c2_v1,evasive_c2_v1__34f66b66f167,command_and_control,T1071.001,0,0,0.0,1.0,0.0225,0.0,0.0,0.802,0,0,8.6226,12.7005,9.7674,2.379,16.9044,0,0,0,0,0,0,0.4866,254.53,0.0,254.53,7311.26,8005.06,0,0.0164,1.0312,0,0
2026-08-27T19:39:08.364850+00:00,evasive_c2_v1,evasive_c2_v1__34f66b66f167,command_and_control,T1071.001,0,0,0.0,0.975,0.0293,0.0,0.0,0.7999,0,0,12.5297,17.1171,7.6775,1.9885,13.6431,0,0,0,0,0,0,1.051,349.4,0.0,349.4,9591.11,7216.08,0,0.0,1.2207,0,0
2026-08-27T19:39:13.364850+00:00,evasive_c2_v1,evasive_c2_v1__34f66b66f167,command_and_control,T1071.001,1,1,-0.0,1.0,0.0158,2569.1,2569.1,0.7779,7,7,13.4638,36.8129,11.6422,2.0157,17.6893,0,0,0,0,0,0,0.9907,367.01,0.0,367.01,8610.36,7365.63,0,0.0148,0.9953,0,0
2026-08-27T19:39:18.364850+00:00,evasive_c2_v1,evasive_c2_v1__34f66b66f167,command_and_control,T1071.001,0,0,0.0,1.0,0.0,0.0,0.0,0.7989,0,0,5.5105,15.2816,8.6902,1.1952,12.2759,0,0,0,0,0,0,0.9069,208.45,0.0,208.45,9070.15,8419.37,0,0.0249,0.6565,0,0
2026-08-27T19:39:23.364850+00:00,evasive_c2_v1,evasive_c2_v1__34f66b66f167,command_and_control,T1071.001,0,0,0.0,0.9793,0.0478,0.0,0.0,0.7952,0,0,9.5985,16.164,9.4073,2.2763,16.236,0,0,0,0,0,0,0.9945,201.82,0.0,201.82,9014.84,8607.34,0,0.0107,1.7347,0,0
2026-08-27T19:39:28.364850+00:00,evasive_c2_v1,evasive_c2_v1__34f66b66f167,command_and_control,T1071.001,0,0,0.0,0.9602,0.0238,0.0,0.0,0.8788,0,0,11.25,22.6608,13.1273,1.9146,18.871,0,0,0,0,0,0,0.9342,214.72,0.0,214.72,8862.43,6762.41,0,0.0222,1.5481,0,0
2026-08-27T19:39:33.364850+00:00,evasive_c2_v1,evasive_c2_v1__34f66b66f167,command_and_control,T1071.001,0,0,0.0,1.0,0.0272,0.0,0.0,0.8217,0,0,13.913,31.7397,10.9325,2.6155,18.779,0,0,0,0,0,0,0.7718,178.4,0.0,178.4,9649.99,8250.64,0,0.0083,0.6815,0,0
2026-08-27T19:39:38.364850+00:00,evasive_c2_v1,evasive_c2_v1__34f66b66f167,command_and_control,T1071.001,1,1,-0.0,0.9558,0.0441,1816.69,2018.54,0.713,9,10,10.4152,24.6725,10.0252,2.9736,18.9459,0,0,0,0,0,0,0.852,201.85,0.0,201.85,8474.42,9068.35,0,0.0414,0.8825,0,0
2026-08-27T19:39:43.364850+00:00,evasive_c2_v1,evasive_c2_v1__34f66b66f167,command_and_control,T1071.001,0,0,0.0,1.0,0.0117,0.0,0.0,0.798,0,0,14.2328,38.5833,9.7908,2.349,16.8378,0,0,0,0,0,0,0.6947,251.91,0.0,251.91,6484.42,7565.33,0,0.0031,0.0,0,0
2026-08-27T19:39:48.364850+00:00,evasive_c2_v1,evasive_c2_v1__34f66b66f167,command_and_control,T1071.001,2,1,-0.0,1.0,0.0046,4673.6,5842.0,0.7984,20,25,8.1349,17.6316,10.9648,1.3868,15.1253,0,1,0,0,0,0,0.7816,233.68,38.37,272.05,7741.03,7531.49,0,0.0,1.1367,0,0
2026-08-27T19:39:53.364850+00:00,evasive_c2_v1,evasive_c2_v1__34f66b66f167,command_and_control,T1071.001,0,0,0.0,1.0,0.0,0.0,0.0,0.791,0,0,13.8951,28.1279,9.9901,2.6545,17.9535,0,0,0,0,0,0,0.8174,155.94,0.0,155.94,10157.69,7481.52,0,0.0,2.2872,0,0
2026-08-27T19:39:58.364850+00:00,evasive_c2_v1,evasive_c2_v1__34f66b66f167,command_and_control,T1071.001,1,1,-0.0,1.0,0.0148,1454.26,1939.02,0.7639,6,8,5.8138,9.6205,10.4255,1.1509,13.8782,0,0,0,0,0,0,0.6848,242.38,0.0,242.38,6806.12,8337.31,0,0.0042,1.2572,0,0
2026-08-27T19:40:03.364850+00:00,evasive_c2_v1,evasive_c2_v1__34f66b66f167,command_and_control,T1071.001,1,1,-0.0,0.9869,0.0096,1127.27,1288.3,0.8049,7,8,4.9122,13.2174,8.0874,1.0617,11.2724,0,0,0,0,0,0,0.8726,161.04,0.0,161.04,8385.37,9155.89,0,0.0,0.6443,0,0
2026-08-27T19:40:08.364850+00:00,evasive_c2_v1,evasive_c2_v1__34f66b66f167,command_and_control,T1071.001,0,0,0.0,1.0,0.0025,0.0,0.0,0.6891,0,0,7.1214,17.1479,9.1866,2.7007,17.2886,0,0,0,0,0,0,0.9641,125.65,0.0,125.65,8495.39,6946.03,0,0.0596,2.101,0,0
2026-08-27T19:40:13.364850+00:00,evasive_c2_v1,evasive_c2_v1__34f66b66f167,command_and_control,T1071.001,0,0,0.0,0.9817,0.0104,0.0,0.0,0.7923,0,0,6.1203,8.5584,10.0343,1.3048,13.9486,0,0,0,0,0,0,0.8515,162.9,0.0,162.9,8169.82,8606.62,0,0.0,0.7366,0,0
2026-08-27T19:40:18.364850+00:00,evasive_c2_v1,evasive_c2_v1__34f66b66f167,command_and_control,T1071.001,0,0,0.0,0.9888,0.0213,0.0,0.0,0.8885,0,0,9.9958,25.7483,10.9286,1.1975,14.5212,0,0,0,0,0,0,0.9571,287.23,0.0,287.23,10492.98,8116.98,0,0.0031,1.7454,0,0
2026-08-27T19:40:23.364850+00:00,evasive_c2_v1,evasive_c2_v1__34f66b66f167,command_and_control,T1071.001,0,0,0.0,0.9787,0.0416,0.0,0.0,0.7576,0,0,15.3398,19.4482,10.9624,3.0518,20.1179,0,0,0,0,0,0,0.8342,259.67,0.0,259.67,8215.41,9098.01,0,0.0,0.1148,0,0
2026-08-27T19:40:28.364850+00:00,evasive_c2_v1,evasive_c2_v1__34f66b66f167,command_and_control,T1071.001,0,0,0.0,1.0,0.0,0.0,0.0,0.8633,0,0,18.4537,32.0647,10.7233,2.4309,18.0161,0,0,0,0,0,0,0.8921,230.15,0.0,230.15,6504.59,7047.6,0,0.0024,1.1995,0,0
2026-08-27T19:40:33.364850+00:00,evasive_c2_v1,evasive_c2_v1__34f66b66f167,command_and_control,T1071.001,2,2,1.0,1.0,0.0,1399.88,1049.91,0.8229,8,6,14.6223,25.3438,11.8904,2.5238,19.4617,0,1,0,0,0,0,1.1546,174.98,1.7,176.69,8245.89,8366.04,0,0.0191,0.6051,0,0
2026-08-27T19:40:38.364850+00:00,evasive_c2_v1,evasive_c2_v1__34f66b66f167,command_and_control,T1071.001,0,0,0.0,1.0,0.0103,0.0,0.0,0.7825,0,0,8.5315,20.4162,11.1786,2.2182,17.8333,0,0,0,0,0,0,0.787,208.89,0.0,208.89,6297.65,8636.08,0,0.0377,2.2707,0,0
2026-08-27T19:40:43.364850+00:00,evasive_c2_v1,evasive_c2_v1__34f66b66f167,command_and_control,T1071.001,1,1,-0.0,1.0,0.0025,2308.91,2308.91,0.8276,9,9,8.5602,13.343,9.3716,2.2806,16.2135,0,0,0,0,0,0,0.9429,256.55,0.0,256.55,7393.01,8517.59,0,0.0,0.9287,0,0
2026-08-27T19:40:48.364850+00:00,evasive_c2_v1,evasive_c2_v1__34f66b66f167,command_and_control,T1071.001,0,0,0.0,1.0,0.0,0.0,0.0,0.768,0,0,12.3562,35.771,9.3723,2.5526,17.0301,0,0,0,0,0,0,0.747,244.7,0.0,244.7,6910.98,9306.97,0,0.0,1.3642,0,0
2026-08-27T19:40:53.364850+00:00,evasive_c2_v1,evasive_c2_v1__34f66b66f167,command_and_control,T1071.001,0,0,0.0,1.0,0.0,0.0,0.0,0.8243,0,0,5.8817,7.5118,10.7832,1.481,15.2261,0,0,0,0,0,0,1.0077,307.94,0.0,307.94,8738.18,9196.5,0,0.0,1.8099,0,0
2026-08-27T19:40:58.364850+00:00,evasive_c2_v1,evasive_c2_v1__34f66b66f167,command_and_control,T1071.001,2,2,0.6462,0.9404,0.0571,911.64,1063.58,0.6629,3,4,4.5389,12.3684,8.5404,2.2898,15.4095,0,1,0,0,0,0,0.7159,244.345,20.575,286.38,7166.4575,6642.2675,0,0.0,1.4215,0,0
2026-08-27T19:41:03.364850+00:00,evasive_c2_v1,evasive_c2_v1__34f66b66f167,command_and_control,T1071.001,2,1,-0.0,0.9375,0.0414,2288.58,2288.58,0.828,10,10,14.1726,24.3866,9.1988,2.0117,15.2338,0,1,0,0,0,0,0.9323,228.86,61.05,289.91,6977.86,8902.92,0,0.0,1.5312,0,0
2026-08-27T19:41:08.364850+00:00,evasive_c2_v1,evasive_c2_v1__34f66b66f167,command_and_control,T1071.001,0,0,0.0,1.0,0.0,0.0,0.0,0.809,0,0,8.9279,18.753,10.8956,2.7611,19.1789,0,0,0,0,0,0,0.9444,333.95,0.0,333.95,8304.43,7609.65,0,0.0008,1.6776,0,0
2026-08-27T19:41:13.364850+00:00,evasive_c2_v1,evasive_c2_v1__34f66b66f167,command_and_control,T1071.001,1,1,-0.0,1.0,0.0,1958.91,1714.05,0.8093,8,7,9.4405,23.076,9.5191,1.8087,14.9452,0,0,0,0,0,0,1.0877,244.86,0.0,244.86,8056.25,9656.05,0,0.0,0.049,0,0
2026-08-27T19:41:18.364850+00:00,evasive_c2_v1,evasive_c2_v1__34f66b66f167,command_and_control,T1071.001,1,1,-0.0,0.998,0.0,669.28,446.18,0.7524,3,2,9.1662,23.8242,12.2294,1.7296,17.4182,0,0,0,0,0,0,1.0438,223.09,0.0,223.09,9164.05,9407.48,0,0.0,1.2283,0,0
2026-08-27T19:41:23.364850+00:00,evasive_c2_v1,evasive_c2_v1__34f66b66f167,command_and_control,T1071.001,0,0,0.0,1.0,0.0003,0.0,0.0,0.8439,0,0,13.7456,18.2103,8.9278,2.5054,16.4441,0,0,0,0,0,0,1.0183,155.67,0.0,155.67,7928.37,8400.0,0,0.0,0.0,0,0
2026-08-27T19:41:28.364850+00:00,evasive_c2_v1,evasive_c2_v1__34f66b66f167,command_and_control,T1071.001,0,0,0.0,0.9743,0.0571,0.0,0.0,0.8781,0,0,5.5765,15.426,9.2073,2.498,16.7014,0,0,0,0,0,0,0.9985,308.24,0.0,308.24,8050.02,7771.67,0,0.0096,0.6155,0,0
2026-08-27T19:41:33.364850+00:00,evasive_c2_v1,evasive_c2_v1__34f66b66f167,command_and_control,T1071.001,1,1,-0.0,1.0,0.0,1325.78,1325.78,0.8625,5,5,15.3323,38.5583,11.3421,3.225,21.0173,0,0,0,0,0,0,0.9526,265.16,0.0,265.16,8543.42,8219.53,0,0.0308,1.2665,0,0
2026-08-27T19:41:38.364850+00:00,evasive_c2_v1,evasive_c2_v1__34f66b66f167,command_and_control,T1071.001,0,0,0.0,1.0,0.0047,0.0,0.0,0.784,0,0,4.9773,9.4698,7.1469,2.0421,13.2731,0,0,0,0,0,0,0.6757,230.79,0.0,230.79,8950.07,7681.86,0,0.0236,1.1959,0,0
2026-08-27T19:41:43.364850+00:00,evasive_c2_v1,evasive_c2_v1__34f66b66f167,command_and_control,T1071.001,0,0,0.0,0.9774,0.0191,0.0,0.0,0.7632,0,0,16.4619,39.8213,11.1517,1.2218,14.8172,0,0,0,0,0,0,1.2861,261.28,0.0,261.28,7472.04,7053.13,0,0.0,0.8183,0,0
2026-08-27T19:41:48.364850+00:00,evasive_c2_v1,evasive_c2_v1__34f66b66f167,command_and_control,T1071.001,0,0,0.0,0.9845,0.0161,0.0,0.0,0.8499,0,0,11.0315,15.3102,12.6072,3.0229,21.6759,0,0,0,0,0,0,0.8076,270.84,0.0,270.84,9534.2,8756.13,0,0.0006,0.7538,0,0
2026-08-27T19:41:53.364850+00:00,evasive_c2_v1,evasive_c2_v1__34f66b66f167,command_and_control,T1071.001,0,0,0.0,1.0,0.0006,0.0,0.0,0.756,0,0,15.3101,28.1419,11.1053,3.212,20.7412,0,0,0,0,0,0,0.9468,269.21,0.0,269.21,6751.57,8728.11,0,0.0,0.8895,0,0
2026-08-27T19:41:58.364850+00:00,evasive_c2_v1,evasive_c2_v1__34f66b66f167,command_and_control,T1071.001,0,0,0.0,0.9399,0.0371,0.0,0.0,0.7725,0,0,7.3116,13.4787,10.0566,1.075,13.2817,0,0,0,0,0,0,0.7786,270.65,0.0,270.65,5741.92,8111.25,0,0.0,1.2384,0,0
2026-08-27T19:42:03.364850+00:00,evasive_c2_v1,evasive_c2_v1__34f66b66f167,command_and_control,T1071.001,0,0,0.0,0.9909,0.0299,0.0,0.0,0.7176,0,0,5.5754,16.016,8.3917,2.5101,15.9219,0,0,0,0,0,0,0.6853,153.33,0.0,153.33,7113.99,8452.47,0,0.0,1.1044,0,0
2026-08-27T19:42:08.364850+00:00,evasive_c2_v1,evasive_c2_v1__34f66b66f167,command_and_control,T1071.001,0,0,0.0,0.9706,0.0758,0.0,0.0,0.807,0,0,5.4075,12.9651,9.3252,1.1232,12.6947,0,0,0,0,0,0,0.8737,216.2,0.0,216.2,10962.53,9230.48,0,0.0568,1.0331,0,0
2026-08-27T19:42:13.364850+00:00,evasive_c2_v1,evasive_c2_v1__34f66b66f167,command_and_control,T1071.001,0,0,0.0,1.0,0.0,0.0,0.0,0.8621,0,0,11.7004,31.7416,11.683,2.1205,18.0445,0,0,0,0,0,0,0.8847,158.9,0.0,158.9,7241.63,10859.51,0,0.0,0.7369,0,0
2026-08-27T19:42:18.364850+00:00,evasive_c2_v1,evasive_c2_v1__34f66b66f167,command_and_control,T1071.001,0,0,0.0,0.9986,0.0,0.0,0.0,0.8498,0,0,9.2109,23.0384,10.0898,1.9671,15.9912,0,0,0,0,0,0,0.9202,235.21,0.0,235.21,8224.45,6732.32,0,0.0057,0.7314,0,0
2026-08-27T19:42:23.364850+00:00,evasive_c2_v1,evasive_c2_v1__34f66b66f167,command_and_control,T1071.001,1,1,-0.0,1.0,0.0,2618.55,3808.81,0.8212,11,16,10.5202,15.2908,9.3798,1.2395,13.0983,0,0,0,0,0,0,0.6637,238.05,0.0,238.05,8723.19,7640.1,0,0.0229,1.4932,0,0
2026-08-27T19:42:28.364850+00:00,evasive_c2_v1,evasive_c2_v1__34f66b66f167,command_and_control,T1071.001,0,0,0.0,1.0,0.016,0.0,0.0,0.8585,0,0,10.4759,24.9463,8.3397,0.8763,10.9685,0,0,0,0,0,0,1.1099,269.67,0.0,269.67,9113.27,8095.75,0,0.0,1.8274,0,0
2026-08-27T19:42:33.364850+00:00,evasive_c2_v1,evasive_c2_v1__34f66b66f167,command_and_control,T1071.001,0,0,0.0,1.0,0.0,0.0,0.0,0.7757,0,0,7.0453,14.9834,10.5865,2.4237,17.8577,0,0,0,0,0,0,0.9548,186.05,0.0,186.05,9165.99,7897.53,0,0.0,1.8238,0,0
2026-08-27T19:42:38.364850+00:00,evasive_c2_v1,evasive_c2_v1__34f66b66f167,command_and_control,T1071.001,1,1,-0.0,0.9875,0.0,681.23,908.31,0.8541,6,8,17.1743,23.2207,11.7425,2.1938,18.3239,0,0,0,0,0,0,0.7391,113.54,0.0,113.54,9551.72,8200.05,0,0.0549,0.9632,0,0
2026-08-27T19:42:43.364850+00:00,evasive_c2_v1,evasive_c2_v1__34f66b66f167,command_and_control,T1071.001,0,0,0.0,0.9996,0.0,0.0,0.0,0.7432,0,0,10.8561,19.7004,13.2594,1.6359,18.167,0,0,0,0,0,0,0.9126,240.65,0.0,240.65,8103.22,7596.74,0,0.0,1.5488,0,0
2026-08-27T19:42:48.364850+00:00,evasive_c2_v1,evasive_c2_v1__34f66b66f167,command_and_control,T1071.001,0,0,0.0,1.0,0.0034,0.0,0.0,0.7753,0,0,9.1682,19.2402,11.5848,1.6753,16.6106,0,0,0,0,0,0,0.9377,250.98,0.0,250.98,7776.56,8763.02,0,0.0,0.2877,0,0
2026-08-27T19:42:53.364850+00:00,evasive_c2_v1,evasive_c2_v1__34f66b66f167,command_and_control,T1071.001,0,0,0.0,0.975,0.0265,0.0,0.0,0.8361,0,0,7.5771,20.2113,9.0911,2.0362,15.1998,0,0,0,0,0,0,0.9777,299.63,0.0,299.63,8839.48,6078.78,0,0.0,0.7163,0,0
2026-08-27T19:42:58.364850+00:00,evasive_c2_v1,evasive_c2_v1__34f66b66f167,command_and_control,T1071.001,0,0,0.0,0.9917,0.0186,0.0,0.0,0.871,0,0,12.4348,31.0669,9.5348,2.8195,17.9934,0,0,0,0,0,0,0.8373,325.54,0.0,325.54,7908.31,7843.23,0,0.0,0.7567,0,0
2026-08-27T19:43:03.364850+00:00,evasive_c2_v1,evasive_c2_v1__34f66b66f167,command_and_control,T1071.001,0,0,0.0,0.9739,0.0,0.0,0.0,0.8123,0,0,10.6196,19.263,11.9412,3.2897,21.8104,0,0,0,0,0,0,0.7362,263.79,0.0,263.79,8580.2,8548.66,0,0.0,1.1313,0,0
2026-08-27T19:43:08.364850+00:00,evasive_c2_v1,evasive_c2_v1__34f66b66f167,command_and_control,T1071.001,1,1,-0.0,0.9632,0.0193,186.14,186.14,0.8049,1,1,9.271,19.3189,13.031,2.9214,21.7951,0,0,0,0,0,0,0.9422,186.14,0.0,186.14,9146.33,9457.0,0,0.0,0.3976,0,0
2026-08-27T19:43:13.364850+00:00,evasive_c2_v1,evasive_c2_v1__34f66b66f167,command_and_control,T1071.001,1,1,-0.0,0.9719,0.0388,1085.04,651.03,0.7988,5,3,8.5632,17.1515,9.4559,1.1652,12.9515,0,0,0,0,0,0,1.309,217.01,0.0,217.01,8897.45,9672.02,0,0.0,1.6627,0,0
2026-08-27T19:43:18.364850+00:00,evasive_c2_v1,evasive_c2_v1__34f66b66f167,command_and_control,T1071.001,0,0,0.0,1.0,0.0,0.0,0.0,0.8221,0,0,14.1015,23.157,9.9696,2.0465,16.1091,0,0,0,0,0,0,1.0606,178.22,0.0,178.22,8833.29,8082.4,0,0.0114,0.6027,0,0
2026-08-27T19:43:23.364850+00:00,evasive_c2_v1,evasive_c2_v1__34f66b66f167,command_and_control,T1071.001,5,2,0.971,1.0,0.0138,6952.08,5363.03,0.8217,35,27,7.7339,15.5459,9.8499,2.4792,17.2876,0,3,0,0,0,0,1.295,198.63,35.35,225.35,7751.27,6733.21,0,0.0,1.1833,0,0
2026-08-27T19:43:28.364850+00:00,evasive_c2_v1,evasive_c2_v1__34f66b66f167,command_and_control,T1071.001,1,1,-0.0,1.0,0.0,501.9,250.95,0.7303,2,1,12.0629,36.0768,7.4992,1.633,12.3981,0,0,0,0,0,0,1.0615,250.95,0.0,250.95,8361.65,8632.8,0,0.0,1.3275,0,0
2026-08-27T19:43:33.364850+00:00,evasive_c2_v1,evasive_c2_v1__34f66b66f167,command_and_control,T1071.001,0,0,0.0,0.9664,0.0539,0.0,0.0,0.6945,0,0,12.5788,23.9181,11.0811,3.2627,20.8692,0,0,0,0,0,0,0.8173,222.39,0.0,222.39,7533.37,7452.86,0,0.0264,1.1677,0,0
2026-08-27T19:43:38.364850+00:00,evasive_c2_v1,evasive_c2_v1__34f66b66f167,command_and_control,T1071.001,2,2,0.6462,0.8691,0.1306,1417.875,1443.2525,0.7085,6,6,8.0191,10.9523,7.442,1.0391,10.5592,0,1,0,0,0,0,0.9816,202.525,20.575,244.56,7896.3725,8231.3525,0,0.0,1.5269,0,0
2026-08-27T19:43:43.364850+00:00,evasive_c2_v1,evasive_c2_v1__34f66b66f167,command_and_control,T1071.001,2,2,0.6462,0.9285,0.0533,911.64,1063.58,0.7578,3,4,5.4744,6.9666,7.9352,1.9184,13.6905,0,1,0,0,0,0,0.7475,267.295,20.575,309.33,6773.255,7312.6325,0,0.0043,1.9422,0,0
2026-08-27T19:43:48.364850+00:00,evasive_c2_v1,evasive_c2_v1__34f66b66f167,command_and_control,T1071.001,0,0,0.0,1.0,0.0,0.0,0.0,0.7726,0,0,11.2339,16.5361,9.0502,1.2186,12.7061,0,0,0,0,0,0,0.9846,247.58,0.0,247.58,8462.23,8127.63,0,0.0,0.9753,0,0
2026-08-27T19:43:53.364850+00:00,evasive_c2_v1,evasive_c2_v1__34f66b66f167,command_and_control,T1071.001,2,2,0.6462,0.9285,0.0813,911.64,1063.58,0.725,3,4,5.4333,15.4936,9.8165,1.7067,14.9366,0,1,0,0,0,0,0.8653,192.925,20.575,234.96,10150.9475,7711.91,0,0.0292,2.2821,0,0
2026-08-27T19:43:58.364850+00:00,evasive_c2_v1,evasive_c2_v1__34f66b66f167,command_and_control,T1071.001,0,0,0.0,1.0,0.0,0.0,0.0,0.775,0,0,10.7185,25.5605,10.8409,1.7592,16.1185,0,0,0,0,0,0,0.6545,205.41,0.0,205.41,6384.95,9199.76,0,0.0241,1.5222,0,0
2026-08-27T19:44:03.364850+00:00,evasive_c2_v1,evasive_c2_v1__34f66b66f167,command_and_control,T1071.001,0,0,0.0,1.0,0.0,0.0,0.0,0.7224,0,0,4.6386,10.6475,8.9673,2.6819,17.013,0,0,0,0,0,0,0.8991,203.48,0.0,203.48,8403.1,8169.63,0,0.0006,1.0989,0,0
2026-08-27T19:44:08.364850+00:00,evasive_c2_v1,evasive_c2_v1__34f66b66f167,command_and_control,T1071.001,0,0,0.0,0.9882,0.0037,0.0,0.0,0.8708,0,0,12.255,18.665,7.3289,2.1162,13.6776,0,0,0,0,0,0,0.7873,253.45,0.0,253.45,8820.34,6797.11,0,0.0,1.31,0,0
2026-08-27T19:44:13.364850+00:00,evasive_c2_v1,evasive_c2_v1__34f66b66f167,command_and_control,T1071.001,0,0,0.0,1.0,0.0,0.0,0.0,0.808,0,0,9.4837,14.0793,8.9144,2.0598,15.0939,0,0,0,0,0,0,0.9453,258.27,0.0,258.27,8059.03,8534.33,0,0.0,0.7773,0,0
2026-08-27T19:44:18.364850+00:00,evasive_c2_v1,evasive_c2_v1__34f66b66f167,command_and_control,T1071.001,1,1,-0.0,0.9524,0.0421,1103.01,827.26,0.8195,4,3,5.248,9.6256,8.8559,2.4859,16.3134,0,0,0,0,0,0,1.0025,275.75,0.0,275.75,7909.25,9298.01,0,0.0,0.9812,0,0
2026-08-27T19:44:23.364850+00:00,evasive_c2_v1,evasive_c2_v1__34f66b66f167,command_and_control,T1071.001,0,0,0.0,0.996,0.022,0.0,0.0,0.8526,0,0,15.0996,27.7097,14.3763,3.9679,26.28,0,0,0,0,0,0,0.9988,183.73,0.0,183.73,7755.08,7708.99,0,0.0119,0.8912,0,0
2026-08-27T19:44:28.364850+00:00,evasive_c2_v1,evasive_c2_v1__34f66b66f167,command_and_control,T1071.001,0,0,0.0,0.9333,0.0216,0.0,0.0,0.7167,0,0,14.1223,28.9712,10.2495,2.9397,19.0685,0,0,0,0,0,0,0.8122,225.47,0.0,225.47,6371.31,9255.63,0,0.0339,1.2718,0,0
2026-08-27T19:44:33.364850+00:00,evasive_c2_v1,evasive_c2_v1__34f66b66f167,command_and_control,T1071.001,2,2,1.0,0.9783,0.0,3322.4,3559.71,0.7448,14,15,8.6867,24.2803,9.9343,2.1221,16.3006,0,1,0,0,0,0,0.8809,237.31,6.26,243.58,9069.82,5805.16,0,0.0,0.5151,0,0
2026-08-27T19:44:38.364850+00:00,evasive_c2_v1,evasive_c2_v1__34f66b66f167,command_and_control,T1071.001,0,0,0.0,0.9889,0.0042,0.0,0.0,0.7844,0,0,15.9484,22.8624,11.8351,2.0541,17.9973,0,0,0,0,0,0,0.6656,276.53,0.0,276.53,10105.77,7752.68,0,0.0825,1.4587,0,0
2026-08-27T19:44:43.364850+00:00,evasive_c2_v1,evasive_c2_v1__34f66b66f167,command_and_control,T1071.001,0,0,0.0,0.9705,0.002,0.0,0.0,0.7612,0,0,10.9694,18.9778,7.6289,2.0787,13.8651,0,0,0,0,0,0,0.9852,271.19,0.0,271.19,8208.01,7288.52,0,0.0,2.1363,0,0
2026-08-27T19:44:48.364850+00:00,evasive_c2_v1,evasive_c2_v1__34f66b66f167,command_and_control,T1071.001,2,2,1.0,1.0,0.0,2288.98,2575.1,0.8554,8,9,10.7954,23.7965,9.0202,1.8303,14.5111,0,1,0,0,0,0,0.8589,286.12,11.69,297.81,7235.76,6572.18,0,0.0,0.8379,0,0
2026-08-27T19:44:53.364850+00:00,evasive_c2_v1,evasive_c2_v1__34f66b66f167,command_and_control,T1071.001,1,1,-0.0,0.9817,0.0149,797.91,1196.86,0.8472,6,9,7.1915,17.3256,9.499,2.1657,15.9962,0,0,0,0,0,0,0.6371,132.98,0.0,132.98,10462.63,8147.72,0,0.0,0.5839,0,0
2026-08-27T19:44:58.364850+00:00,evasive_c2_v1,evasive_c2_v1__34f66b66f167,command_and_control,T1071.001,1,1,-0.0,1.0,0.0,1369.28,1521.42,0.6483,9,10,8.1611,21.0472,7.0885,1.9256,12.8654,0,0,0,0,0,0,0.8942,152.14,0.0,152.14,10399.06,9663.86,0,0.0226,1.9055,0,0
2026-08-27T19:45:03.364850+00:00,evasive_c2_v1,evasive_c2_v1__34f66b66f167,command_and_control,T1071.001,1,1,-0.0,0.9821,0.0289,569.17,569.17,0.7793,4,4,6.7652,18.4003,12.315,1.3427,16.3431,0,0,0,0,0,0,0.969,142.29,0.0,142.29,7945.05,7416.27,0,0.0333,0.8924,0,0
2026-08-27T19:45:08.364850+00:00,evasive_c2_v1,evasive_c2_v1__34f66b66f167,command_and_control,T1071.001,0,0,0.0,1.0,0.0,0.0,0.0,0.8132,0,0,13.9367,32.6948,11.5572,3.2622,21.3439,0,0,0,0,0,0,1.0156,160.81,0.0,160.81,10280.9,6830.98,0,0.0,0.8933,0,0
2026-08-27T19:45:13.364850+00:00,evasive_c2_v1,evasive_c2_v1__34f66b66f167,command_and_control,T1071.001,0,0,0.0,0.9921,0.0176,0.0,0.0,0.8008,0,0,5.5652,10.5823,11.8348,1.9674,17.7371,0,0,0,0,0,0,0.8629,247.25,0.0,247.25,8730.23,7541.8,0,0.0,1.759,0,0
2026-08-27T19:45:18.364850+00:00,evasive_c2_v1,evasive_c2_v1__34f66b66f167,command_and_control,T1071.001,1,1,-0.0,0.9882,0.0324,817.29,817.29,0.9079,4,4,13.5723,35.8482,9.382,2.3602,16.4625,0,0,0,0,0,0,0.8925,204.32,0.0,204.32,10698.13,8630.06,0,0.0,1.4608,0,0
2026-08-27T19:45:23.364850+00:00,evasive_c2_v1,evasive_c2_v1__34f66b66f167,command_and_control,T1071.001,0,0,0.0,0.9967,0.0475,0.0,0.0,0.8411,0,0,17.3762,34.9899,11.2087,1.7646,16.5024,0,0,0,0,0,0,0.9766,299.02,0.0,299.02,8095.59,9038.82,0,0.0,0.015,0,0
2026-08-27T19:45:28.364850+00:00,evasive_c2_v1,evasive_c2_v1__34f66b66f167,command_and_control,T1071.001,0,0,0.0,0.9838,0.007,0.0,0.0,0.7133,0,0,16.9229,20.5619,11.6995,3.0834,20.9498,0,0,0,0,0,0,0.8367,220.95,0.0,220.95,7069.57,7253.31,0,0.0,0.9583,0,0
2026-08-27T19:45:33.364850+00:00,evasive_c2_v1,evasive_c2_v1__34f66b66f167,command_and_control,T1071.001,0,0,0.0,0.9924,0.0261,0.0,0.0,0.7893,0,0,10.342,28.72,9.6474,1.4981,14.1418,0,0,0,0,0,0,1.0206,203.51,0.0,203.51,8916.56,7643.25,0,0.0123,1.7858,0,0
2026-08-27T19:45:38.364850+00:00,evasive_c2_v1,evasive_c2_v1__34f66b66f167,command_and_control,T1071.001,0,0,0.0,0.965,0.0253,0.0,0.0,0.8201,0,0,13.8521,27.2898,10.5937,1.4769,15.0244,0,0,0,0,0,0,0.8072,138.28,0.0,138.28,6758.99,7376.26,0,0.0444,0.5529,0,0
2026-08-27T19:45:43.364850+00:00,evasive_c2_v1,evasive_c2_v1__34f66b66f167,command_and_control,T1071.001,0,0,0.0,1.0,0.0225,0.0,0.0,0.8246,0,0,9.1626,26.7813,10.4632,2.1686,16.969,0,0,0,0,0,0,1.0046,178.96,0.0,178.96,9375.03,8431.76,0,0.0774,1.3267,0,0
2026-08-27T19:45:48.364850+00:00,evasive_c2_v1,evasive_c2_v1__34f66b66f167,command_and_control,T1071.001,0,0,0.0,0.9574,0.0495,0.0,0.0,0.776,0,0,7.2838,17.4672,12.3467,3.1472,21.7882,0,0,0,0,0,0,0.9394,312.61,0.0,312.61,7684.48,7871.1,0,0.0219,1.0927,0,0
2026-08-27T19:45:53.364850+00:00,evasive_c2_v1,evasive_c2_v1__34f66b66f167,command_and_control,T1071.001,0,0,0.0,1.0,0.0,0.0,0.0,0.7847,0,0,7.4387,21.1706,9.2165,2.7639,17.5083,0,0,0,0,0,0,1.0416,255.74,0.0,255.74,8068.89,7495.69,0,0.0,1.0195,0,0
2026-08-27T19:45:58.364850+00:00,evasive_c2_v1,evasive_c2_v1__34f66b66f167,command_and_control,T1071.001,1,1,-0.0,0.9985,0.0349,1810.75,1810.75,0.8051,8,8,5.9642,13.6018,9.0853,1.1554,12.5515,0,0,0,0,0,0,0.9635,226.34,0.0,226.34,5401.47,9325.31,0,0.0,0.2952,0,0
2026-08-27T19:46:03.364850+00:00,evasive_c2_v1,evasive_c2_v1__34f66b66f167,command_and_control,T1071.001,1,1,-0.0,1.0,0.0216,1106.16,1106.16,0.8304,5,5,10.0104,29.971,8.1253,1.5631,12.8147,0,0,0,0,0,0,0.8978,221.23,0.0,221.23,8078.43,8918.63,0,0.0046,0.8407,0,0
2026-08-27T19:46:08.364850+00:00,evasive_c2_v1,evasive_c2_v1__34f66b66f167,command_and_control,T1071.001,0,0,0.0,0.9766,0.0129,0.0,0.0,0.7891,0,0,9.7586,18.4445,8.7581,2.0503,14.9092,0,0,0,0,0,0,0.7185,307.85,0.0,307.85,9126.29,9003.89,0,0.0,0.0817,0,0
2026-08-27T19:46:13.364850+00:00,evasive_c2_v1,evasive_c2_v1__34f66b66f167,command_and_control,T1071.001,0,0,0.0,1.0,0.0287,0.0,0.0,0.8418,0,0,14.6793,27.4125,9.0251,2.2668,15.8254,0,0,0,0,0,0,0.8087,211.68,0.0,211.68,7910.87,8118.04,0,0.0262,0.2383,0,0
2026-08-27T19:46:18.364850+00:00,evasive_c2_v1,evasive_c2_v1__34f66b66f167,command_and_control,T1071.001,1,1,-0.0,0.9984,0.0,1175.96,1511.95,0.6931,7,9,8.7586,19.4593,12.2745,3.3748,22.3988,0,0,0,0,0,0,0.7283,167.99,0.0,167.99,6657.88,7464.22,0,0.0051,0.7681,0,0
2026-08-27T19:46:23.364850+00:00,evasive_c2_v1,evasive_c2_v1__34f66b66f167,command_and_control,T1071.001,1,1,-0.0,0.9825,0.0381,1350.62,1620.75,0.8423,5,6,13.3856,17.9008,10.9867,1.5119,15.5223,0,0,0,0,0,0,0.7979,270.12,0.0,270.12,8201.8,9123.66,0,0.0,1.2776,0,0
2026-08-27T19:46:28.364850+00:00,evasive_c2_v1,evasive_c2_v1__34f66b66f167,command_and_control,T1071.001,0,0,0.0,0.9628,0.0691,0.0,0.0,0.7845,0,0,7.151,15.5713,9.7186,1.5564,14.3878,0,0,0,0,0,0,0.9045,237.5,0.0,237.5,8081.1,7760.44,0,0.0382,1.5344,0,0
2026-08-27T19:46:33.364850+00:00,evasive_c2_v1,evasive_c2_v1__34f66b66f167,command_and_control,T1071.001,0,0,0.0,0.9894,0.0432,0.0,0.0,0.7893,0,0,4.8249,9.626,8.2565,2.2698,15.0658,0,0,0,0,0,0,0.8495,212.48,0.0,212.48,8904.32,7197.45,0,0.0,0.1005,0,0
2026-08-27T19:46:38.364850+00:00,evasive_c2_v1,evasive_c2_v1__34f66b66f167,command_and_control,T1071.001,1,1,-0.0,1.0,0.0,1166.2,699.72,0.8006,5,3,8.8322,25.8654,9.8612,2.0384,15.9763,0,0,0,0,0,0,1.2711,233.24,0.0,233.24,10940.43,7931.56,0,0.0091,0.9021,0,0
2026-08-27T19:46:43.364850+00:00,evasive_c2_v1,evasive_c2_v1__34f66b66f167,command_and_control,T1071.001,0,0,0.0,0.9776,0.0206,0.0,0.0,0.714,0,0,11.8766,31.7774,11.9529,2.2763,18.7817,0,0,0,0,0,0,0.5188,144.22,0.0,144.22,6675.83,9897.04,0,0.0,1.6516,0,0
2026-08-27T19:46:48.364850+00:00,evasive_c2_v1,evasive_c2_v1__34f66b66f167,command_and_control,T1071.001,0,0,0.0,1.0,0.0048,0.0,0.0,0.7572,0,0,15.3265,40.8723,11.2796,1.9152,17.0252,0,0,0,0,0,0,0.9934,225.17,0.0,225.17,6838.92,6991.8,0,0.0,1.5242,0,0
2026-08-27T19:46:53.364850+00:00,evasive_c2_v1,evasive_c2_v1__34f66b66f167,command_and_control,T1071.001,2,2,0.6462,0.9404,0.067,911.64,1063.58,0.6931,3,4,7.3893,10.6911,7.8237,1.529,12.4108,0,1,0,0,0,0,0.9612,258.505,20.575,300.54,7952.15,8900.465,0,0.0168,2.4143,0,0
2026-08-27T19:46:58.364850+00:00,evasive_c2_v1,evasive_c2_v1__34f66b66f167,command_and_control,T1071.001,2,2,0.6462,0.9064,0.0889,911.64,1063.58,0.7751,3,4,7.4249,14.3432,7.3861,1.1305,10.7776,0,1,0,0,0,0,1.0427,212.995,20.575,255.03,8194.7975,8233.07,0,0.0,1.8029,0,0
2026-08-27T19:47:03.364850+00:00,evasive_c2_v1,evasive_c2_v1__34f66b66f167,command_and_control,T1071.001,1,1,-0.0,1.0,0.0265,3887.97,4665.56,0.8587,10,12,7.8079,16.5811,10.2905,1.4324,14.5875,0,0,0,0,0,0,0.8131,388.8,0.0,388.8,5922.47,8878.9,0,0.0087,0.354,0,0
2026-08-27T19:47:08.364850+00:00,evasive_c2_v1,evasive_c2_v1__34f66b66f167,command_and_control,T1071.001,0,0,0.0,0.9464,0.0496,0.0,0.0,0.8445,0,0,7.3643,12.9891,8.532,1.8411,14.0554,0,0,0,0,0,0,0.9995,182.01,0.0,182.01,8144.44,9895.85,0,0.0,1.1866,0,0
2026-08-27T19:47:13.364850+00:00,evasive_c2_v1,evasive_c2_v1__34f66b66f167,command_and_control,T1071.001,0,0,0.0,1.0,0.0,0.0,0.0,0.8037,0,0,9.6633,18.577,11.3911,3.3781,21.5254,0,0,0,0,0,0,0.7472,152.69,0.0,152.69,8159.82,8838.31,0,0.0,0.9569,0,0
2026-08-27T19:47:18.364850+00:00,evasive_c2_v1,evasive_c2_v1__34f66b66f167,command_and_control,T1071.001,0,0,0.0,0.9652,0.0204,0.0,0.0,0.7305,0,0,11.1129,24.5017,10.5103,2.0861,16.7687,0,0,0,0,0,0,1.1392,258.12,0.0,258.12,9233.06,10159.66,0,0.0,0.9592,0,0
2026-08-27T19:47:23.364850+00:00,evasive_c2_v1,evasive_c2_v1__34f66b66f167,command_and_control,T1071.001,3,2,0.9183,1.0,0.0086,5129.66,5129.66,0.7704,21,21,5.5196,12.7132,7.1145,1.129,10.5014,0,2,0,0,0,0,0.9768,244.27,31.48,271.89,7612.48,9123.63,0,0.0,1.1014,0,0
2026-08-27T19:47:28.364850+00:00,evasive_c2_v1,evasive_c2_v1__34f66b66f167,command_and_control,T1071.001,1,1,-0.0,0.9642,0.0579,1342.71,1342.71,0.7144,4,4,8.9131,21.3687,9.5155,1.5216,14.0802,0,0,0,0,0,0,0.8673,335.68,0.0,335.68,8194.33,9263.7,0,0.0482,1.6252,0,0
2026-08-27T19:47:33.364850+00:00,evasive_c2_v1,evasive_c2_v1__34f66b66f167,command_and_control,T1071.001,0,0,0.0,0.9938,0.0202,0.0,0.0,0.7684,0,0,13.321,31.0974,8.151,1.5937,12.932,0,0,0,0,0,0,0.8568,153.97,0.0,153.97,7966.31,8922.51,0,0.0529,0.8537,0,0
2026-08-27T19:47:38.364850+00:00,evasive_c2_v1,evasive_c2_v1__34f66b66f167,command_and_control,T1071.001,0,0,0.0,1.0,0.0126,0.0,0.0,0.7114,0,0,15.3041,19.672,13.4479,4.0072,25.4694,0,0,0,0,0,0,0.691,377.99,0.0,377.99,7226.53,7937.06,0,0.0414,1.5052,0,0
2026-08-27T19:47:43.364850+00:00,evasive_c2_v1,evasive_c2_v1__34f66b66f167,command_and_control,T1071.001,2,2,0.6462,0.9404,0.0533,1608.9,1528.4225,0.712,5,5,6.0665,11.2226,6.8209,1.2592,10.5984,0,1,0,0,0,0,1.1139,308.3875,20.575,350.4225,9327.005,7974.785,0,0.0086,2.2171,0,0
2026-08-27T19:47:48.364850+00:00,evasive_c2_v1,evasive_c2_v1__34f66b66f167,command_and_control,T1071.001,0,0,0.0,1.0,0.0,0.0,0.0,0.8038,0,0,7.4968,18.3653,8.1128,1.4438,12.4441,0,0,0,0,0,0,0.6067,351.79,0.0,351.79,8407.05,8040.88,0,0.0114,0.815,0,0
2026-08-27T19:47:53.364850+00:00,evasive_c2_v1,evasive_c2_v1__34f66b66f167,command_and_control,T1071.001,0,0,0.0,1.0,0.0288,0.0,0.0,0.738,0,0,10.3909,29.7514,8.8838,2.5878,16.6473,0,0,0,0,0,0,0.974,204.71,0.0,204.71,8714.52,7231.77,0,0.0089,0.9413,0,0
2026-08-27T19:47:58.364850+00:00,evasive_c2_v1,evasive_c2_v1__34f66b66f167,command_and_control,T1071.001,2,2,1.0,0.952,0.0295,976.02,976.02,0.8721,4,4,6.6977,14.5407,8.6758,2.5265,16.2553,0,1,0,0,0,0,0.989,244.01,99.0,343.01,7949.78,7903.27,0,0.0052,0.127,0,0
2026-08-27T19:48:03.364850+00:00,evasive_c2_v1,evasive_c2_v1__34f66b66f167,command_and_control,T1071.001,2,2,0.6462,0.9404,0.0627,911.64,1063.58,0.7875,3,4,9.0946,19.4114,8.7875,1.4965,13.277,0,1,0,0,0,0,0.823,212.1025,20.575,254.1375,8308.58,7781.5925,0,0.0,1.4632,0,0
2026-08-27T19:48:08.364850+00:00,evasive_c2_v1,evasive_c2_v1__34f66b66f167,command_and_control,T1071.001,0,0,0.0,1.0,0.0375,0.0,0.0,0.8348,0,0,7.2337,21.075,10.8381,2.8654,19.4341,0,0,0,0,0,0,1.052,252.72,0.0,252.72,6202.85,7985.02,0,0.0,1.8091,0,0
2026-08-27T19:48:13.364850+00:00,evasive_c2_v1,evasive_c2_v1__34f66b66f167,command_and_control,T1071.001,2,1,-0.0,0.992,0.0,2149.21,2507.41,0.7333,12,14,9.3118,13.6092,10.3808,1.2663,14.1797,0,1,0,0,0,0,0.8191,179.1,3.3,182.4,9423.52,6743.55,0,0.0004,0.0313,0,0
2026-08-27T19:48:18.364850+00:00,evasive_c2_v1,evasive_c2_v1__34f66b66f167,command_and_control,T1071.001,1,1,-0.0,1.0,0.0,1045.38,1045.38,0.7997,5,5,13.4671,27.3895,11.7859,3.3287,21.7719,0,0,0,0,0,0,0.8967,209.08,0.0,209.08,8063.26,10236.85,0,0.0367,0.9898,0,0
2026-08-27T19:48:23.364850+00:00,evasive_c2_v1,evasive_c2_v1__34f66b66f167,command_and_control,T1071.001,2,1,-0.0,1.0,0.0303,3297.26,3297.26,0.7931,18,18,11.6423,16.9307,8.183,2.2809,15.0256,0,1,0,0,0,0,0.9828,183.18,32.39,215.57,6572.84,6692.59,0,0.0,1.2441,0,0
2026-08-27T19:48:28.364850+00:00,evasive_c2_v1,evasive_c2_v1__34f66b66f167,command_and_control,T1071.001,0,0,0.0,0.9117,0.1014,0.0,0.0,0.8702,0,0,13.5316,24.2184,12.4277,1.3163,16.3766,0,0,0,0,0,0,0.8255,180.59,0.0,180.59,7005.15,8489.68,0,0.0016,1.2694,0,0
2026-08-27T19:48:33.364850+00:00,evasive_c2_v1,evasive_c2_v1__34f66b66f167,command_and_control,T1071.001,0,0,0.0,0.9882,0.0278,0.0,0.0,0.7926,0,0,17.4718,42.0672,9.5218,2.5554,17.1879,0,0,0,0,0,0,1.0137,235.23,0.0,235.23,7287.88,9135.8,0,0.0,0.5107,0,0
2026-08-27T19:48:38.364850+00:00,evasive_c2_v1,evasive_c2_v1__34f66b66f167,command_and_control,T1071.001,0,0,0.0,1.0,0.0172,0.0,0.0,0.7804,0,0,9.2317,17.2423,11.9621,3.1641,21.4544,0,0,0,0,0,0,0.7769,197.8,0.0,197.8,6665.99,9057.71,0,0.0,1.1409,0,0
2026-08-27T19:48:43.364850+00:00,evasive_c2_v1,evasive_c2_v1__34f66b66f167,command_and_control,T1071.001,2,1,-0.0,1.0,0.0,671.92,671.92,0.6782,4,4,8.291,24.4886,7.6846,1.9581,13.5589,0,1,0,0,0,0,0.8364,167.98,78.93,246.91,9106.22,6740.54,0,0.0,0.9457,0,0
2026-08-27T19:48:48.364850+00:00,evasive_c2_v1,evasive_c2_v1__34f66b66f167,command_and_control,T1071.001,1,1,-0.0,0.9825,0.0139,658.27,658.27,0.8284,3,3,5.1984,9.0923,11.3153,2.7256,19.4921,0,0,0,0,0,0,0.7822,219.42,0.0,219.42,8457.9,7136.25,0,0.022,1.0897,0,0
2026-08-27T19:48:53.364850+00:00,evasive_c2_v1,evasive_c2_v1__34f66b66f167,command_and_control,T1071.001,1,1,-0.0,1.0,0.0,1478.77,1901.28,0.6905,7,9,6.1433,17.1234,12.2301,2.971,21.1431,0,0,0,0,0,0,0.7659,211.25,0.0,211.25,8857.05,9527.81,0,0.0,0.1483,0,0
2026-08-27T19:48:58.364850+00:00,evasive_c2_v1,evasive_c2_v1__34f66b66f167,command_and_control,T1071.001,1,1,-0.0,1.0,0.008,2214.53,1660.9,0.7817,8,6,13.1827,35.6377,10.9619,3.0655,20.1583,0,0,0,0,0,0,1.1521,276.82,0.0,276.82,9912.64,8298.54,0,0.0432,1.1761,0,0
2026-08-27T19:49:03.364850+00:00,evasive_c2_v1,evasive_c2_v1__34f66b66f167,command_and_control,T1071.001,0,0,0.0,1.0,0.0087,0.0,0.0,0.8501,0,0,9.4958,25.1716,9.9177,1.4677,14.3208,0,0,0,0,0,0,1.2361,313.43,0.0,313.43,8810.62,9912.65,0,0.0,0.6541,0,0
2026-08-27T19:49:08.364850+00:00,evasive_c2_v1,evasive_c2_v1__34f66b66f167,command_and_control,T1071.001,0,0,0.0,1.0,0.0029,0.0,0.0,0.7381,0,0,6.4168,19.2381,6.6892,1.9944,12.6725,0,0,0,0,0,0,0.8066,223.21,0.0,223.21,8181.81,6999.37,0,0.0,1.987,0,0
2026-08-27T19:49:13.364850+00:00,evasive_c2_v1,evasive_c2_v1__34f66b66f167,command_and_control,T1071.001,2,2,0.6462,0.9094,0.0809,911.64,1063.58,0.7862,3,4,8.9576,16.4846,7.244,1.6381,12.1583,0,1,0,0,0,0,0.8634,265.435,20.575,307.47,7990.835,7609.4825,0,0.0322,2.1608,0,0
2026-08-27T19:49:18.364850+00:00,evasive_c2_v1,evasive_c2_v1__34f66b66f167,command_and_control,T1071.001,0,0,0.0,0.9779,0.0408,0.0,0.0,0.7684,0,0,12.9296,20.7848,10.6493,1.9757,16.5763,0,0,0,0,0,0,0.936,177.45,0.0,177.45,8604.65,7875.12,0,0.0,1.2835,0,0
2026-08-27T19:49:23.364850+00:00,evasive_c2_v1,evasive_c2_v1__34f66b66f167,command_and_control,T1071.001,2,2,1.0,1.0,0.0,3254.84,3661.7,0.9224,16,18,11.3424,17.7308,13.6501,3.3779,23.7839,0,1,0,0,0,0,0.871,203.43,28.39,231.82,9958.65,8130.32,0,0.0048,1.3041,0,0
2026-08-27T19:49:28.364850+00:00,evasive_c2_v1,evasive_c2_v1__34f66b66f167,command_and_control,T1071.001,2,1,-0.0,0.978,0.0104,3476.85,3090.54,0.7368,18,16,8.6787,25.6474,8.3923,1.7656,13.6889,0,1,0,0,0,0,1.0761,193.16,46.47,239.63,9309.55,7673.16,0,0.0202,1.3302,0,0
2026-08-27T19:49:33.364850+00:00,evasive_c2_v1,evasive_c2_v1__34f66b66f167,command_and_control,T1071.001,2,2,0.6462,0.9026,0.1106,1739.415,1753.3925,0.7221,8,7,5.8145,13.6947,7.9424,2.2508,14.6948,0,1,0,0,0,0,0.9653,213.9325,20.575,255.9675,8748.875,7933.6475,0,0.0,1.1406,0,0
2026-08-27T19:49:38.364850+00:00,evasive_c2_v1,evasive_c2_v1__34f66b66f167,command_and_control,T1071.001,0,0,0.0,0.994,0.0,0.0,0.0,0.8772,0,0,10.4735,15.1455,10.4266,2.8135,18.867,0,0,0,0,0,0,0.8958,243.13,0.0,243.13,7535.85,9672.68,0,0.0087,1.5801,0,0
2026-08-27T19:49:43.364850+00:00,evasive_c2_v1,evasive_c2_v1__34f66b66f167,command_and_control,T1071.001,1,1,-0.0,1.0,0.0,1251.48,1251.48,0.8158,5,5,5.2013,7.1695,10.0769,1.2178,13.7303,0,0,0,0,0,0,0.8865,250.3,0.0,250.3,7573.59,7426.48,0,0.0399,1.0063,0,0
2026-08-27T19:49:48.364850+00:00,evasive_c2_v1,evasive_c2_v1__34f66b66f167,command_and_control,T1071.001,1,1,-0.0,0.9843,0.0212,1306.32,1143.03,0.7491,8,7,12.1685,26.5648,12.1653,3.2809,22.0079,0,0,0,0,0,0,1.0494,163.29,0.0,163.29,8043.94,7613.82,0,0.0,1.3685,0,0
2026-08-27T19:49:53.364850+00:00,evasive_c2_v1,evasive_c2_v1__34f66b66f167,command_and_control,T1071.001,0,0,0.0,0.9979,0.0,0.0,0.0,0.8631,0,0,13.3991,27.6173,8.2271,2.1118,14.5624,0,0,0,0,0,0,1.0084,208.91,0.0,208.91,7827.57,6948.06,0,0.0,1.085,0,0
2026-08-27T19:49:58.364850+00:00,evasive_c2_v1,evasive_c2_v1__34f66b66f167,command_and_control,T1071.001,2,2,0.6462,0.9404,0.0533,911.64,1063.58,0.7541,3,4,9.9894,24.6148,6.6107,0.7482,8.8554,0,1,0,0,0,0,0.8024,227.215,20.575,269.25,8238.23,8040.71,0,0.014,2.3542,0,0
2026-08-27T19:50:03.364850+00:00,evasive_c2_v1,evasive_c2_v1__34f66b66f167,command_and_control,T1071.001,0,0,0.0,0.9846,0.0254,0.0,0.0,0.7202,0,0,12.9471,22.3603,11.9059,1.3643,15.9988,0,0,0,0,0,0,0.8038,256.7,0.0,256.7,8991.82,8665.58,0,0.0105,0.5154,0,0
2026-08-27T19:50:08.364850+00:00,evasive_c2_v1,evasive_c2_v1__34f66b66f167,command_and_control,T1071.001,0,0,0.0,0.95,0.0134,0.0,0.0,0.8329,0,0,13.1677,32.6818,9.4524,1.3785,13.588,0,0,0,0,0,0,0.9128,246.39,0.0,246.39,8728.79,7774.5,0,0.0,0.6602,0,0
2026-08-27T19:50:13.364850+00:00,evasive_c2_v1,evasive_c2_v1__34f66b66f167,command_and_control,T1071.001,2,2,0.6462,0.9323,0.0533,911.64,1063.58,0.6907,3,4,11.8288,31.2121,7.7912,1.5802,12.5319,0,1,0,0,0,0,0.744,308.995,20.575,351.03,8353.145,9529.4825,0,0.0,1.8952,0,0
2026-08-27T19:50:18.364850+00:00,evasive_c2_v1,evasive_c2_v1__34f66b66f167,command_and_control,T1071.001,0,0,0.0,0.9822,0.0133,0.0,0.0,0.8793,0,0,11.3114,16.2253,10.3343,2.1277,16.7173,0,0,0,0,0,0,1.0405,173.91,0.0,173.91,7053.57,9284.58,0,0.0006,0.6275,0,0
2026-08-27T19:50:23.364850+00:00,evasive_c2_v1,evasive_c2_v1__34f66b66f167,command_and_control,T1071.001,0,0,0.0,0.9916,0.0196,0.0,0.0,0.8066,0,0,10.3105,28.2308,10.005,2.6987,18.1012,0,0,0,0,0,0,0.9463,258.69,0.0,258.69,7706.61,7572.79,0,0.0311,0.6248,0,0
2026-08-27T19:50:28.364850+00:00,evasive_c2_v1,evasive_c2_v1__34f66b66f167,command_and_control,T1071.001,0,0,0.0,0.9861,0.0054,0.0,0.0,0.8492,0,0,8.4613,15.6018,11.595,3.0261,20.6732,0,0,0,0,0,0,0.9552,189.5,0.0,189.5,7811.13,9635.18,0,0.0019,1.2702,0,0
2026-08-27T19:50:33.364850+00:00,evasive_c2_v1,evasive_c2_v1__34f66b66f167,command_and_control,T1071.001,1,1,-0.0,1.0,0.0252,2660.25,3040.28,0.8324,7,8,6.3113,16.5207,9.1695,2.4402,16.4903,0,0,0,0,0,0,0.8128,380.04,0.0,380.04,8497.0,9003.98,0,0.0,0.9501,0,0
2026-08-27T19:50:38.364850+00:00,evasive_c2_v1,evasive_c2_v1__34f66b66f167,command_and_control,T1071.001,0,0,0.0,1.0,0.0,0.0,0.0,0.8094,0,0,8.7664,13.9032,9.8362,1.4131,14.0755,0,0,0,0,0,0,1.0392,249.59,0.0,249.59,8712.97,8965.88,0,0.0096,0.4336,0,0
2026-08-27T19:50:43.364850+00:00,evasive_c2_v1,evasive_c2_v1__34f66b66f167,command_and_control,T1071.001,2,2,0.6462,0.94,0.0533,2178.33,2330.27,0.7177,8,8,9.4549,18.2291,5.3945,1.3254,9.3706,0,1,0,0,0,0,0.9516,287.0875,20.575,329.1225,8671.8575,7173.6725,0,0.0,2.0476,0,0
2026-08-27T19:50:48.364850+00:00,evasive_c2_v1,evasive_c2_v1__34f66b66f167,command_and_control,T1071.001,0,0,0.0,0.9635,0.0433,0.0,0.0,0.8066,0,0,9.1251,25.8075,8.4315,2.1189,14.7883,0,0,0,0,0,0,1.0213,185.95,0.0,185.95,9288.96,9001.86,0,0.0221,0.0,0,0
2026-08-27T19:50:53.364850+00:00,evasive_c2_v1,evasive_c2_v1__34f66b66f167,command_and_control,T1071.001,2,2,0.6462,0.9404,0.0533,911.64,1063.58,0.7485,3,4,6.2401,15.3717,6.7958,1.4346,11.0994,0,1,0,0,0,0,0.7455,236.5525,20.575,278.5875,8073.41,6291.4625,0,0.0147,1.7891,0,0
2026-08-27T19:50:58.364850+00:00,evasive_c2_v1,evasive_c2_v1__34f66b66f167,command_and_control,T1071.001,0,0,0.0,1.0,0.0187,0.0,0.0,0.8029,0,0,12.096,25.6895,10.6753,2.4772,18.107,0,0,0,0,0,0,0.9298,291.89,0.0,291.89,8432.14,8247.0,0,0.0306,0.9994,0,0
2026-08-27T19:51:03.364850+00:00,evasive_c2_v1,evasive_c2_v1__34f66b66f167,command_and_control,T1071.001,0,0,0.0,0.9837,0.0062,0.0,0.0,0.7515,0,0,14.7067,19.6895,11.5388,3.0654,20.7351,0,0,0,0,0,0,0.8606,220.19,0.0,220.19,10000.07,9987.55,0,0.0,0.78,0,0
2026-08-27T19:51:08.364850+00:00,evasive_c2_v1,evasive_c2_v1__34f66b66f167,command_and_control,T1071.001,0,0,0.0,0.9823,0.0326,0.0,0.0,0.8443,0,0,6.7518,15.7158,10.3384,2.9798,19.2777,0,0,0,0,0,0,0.6909,331.76,0.0,331.76,8696.85,6820.65,0,0.0401,1.1421,0,0
2026-08-27T19:51:13.364850+00:00,evasive_c2_v1,evasive_c2_v1__34f66b66f167,command_and_control,T1071.001,0,0,0.0,0.995,0.0049,0.0,0.0,0.8735,0,0,11.5379,32.8807,8.9567,1.6595,13.9352,0,0,0,0,0,0,0.7787,204.93,0.0,204.93,7111.58,8985.96,0,0.0056,0.7454,0,0
2026-08-27T19:51:18.364850+00:00,evasive_c2_v1,evasive_c2_v1__34f66b66f167,command_and_control,T1071.001,2,2,0.6462,0.9404,0.0653,911.64,1063.58,0.6977,3,4,8.0307,22.9253,7.992,1.086,11.25,0,1,0,0,0,0,0.8347,291.04,20.575,333.075,7573.1825,7047.365,0,0.0,2.4131,0,0
2026-08-27T19:51:23.364850+00:00,evasive_c2_v1,evasive_c2_v1__34f66b66f167,command_and_control,T1071.001,1,1,-0.0,0.9488,0.0596,1383.65,1153.04,0.7046,6,5,15.4129,36.9672,11.1709,1.1749,14.6957,0,0,0,0,0,0,1.1272,230.61,0.0,230.61,9339.02,7170.92,0,0.0216,0.6608,0,0
2026-08-27T19:51:28.364850+00:00,evasive_c2_v1,evasive_c2_v1__34f66b66f167,command_and_control,T1071.001,2,1,-0.0,1.0,0.0198,2293.47,3057.95,0.7524,12,16,7.2633,17.4296,9.1953,1.8849,14.85,0,1,0,0,0,0,0.7141,191.12,3.77,194.89,7551.42,8485.54,0,0.0482,0.0,0,0
2026-08-27T19:51:33.364850+00:00,evasive_c2_v1,evasive_c2_v1__34f66b66f167,command_and_control,T1071.001,0,0,0.0,1.0,0.0,0.0,0.0,0.896,0,0,6.0301,12.7808,7.8133,1.6014,12.6174,0,0,0,0,0,0,1.1655,262.03,0.0,262.03,9793.9,5910.29,0,0.0,0.1146,0,0
2026-08-27T19:51:38.364850+00:00,evasive_c2_v1,evasive_c2_v1__34f66b66f167,command_and_control,T1071.001,2,2,1.0,1.0,0.0,4688.41,4688.41,0.8129,24,24,15.0323,27.0476,12.2929,2.8064,20.712,0,1,0,0,0,0,0.9816,195.35,14.8,210.15,7834.28,7875.76,0,0.0245,1.4939,0,0
2026-08-27T19:51:43.364850+00:00,evasive_c2_v1,evasive_c2_v1__34f66b66f167,command_and_control,T1071.001,1,1,-0.0,0.9614,0.0304,1725.4,2012.96,0.7933,6,7,13.8796,41.2996,11.2506,3.3486,21.2963,0,0,0,0,0,0,0.7907,287.57,0.0,287.57,7368.25,7642.05,0,0.0,0.9745,0,0
2026-08-27T19:51:48.364850+00:00,evasive_c2_v1,evasive_c2_v1__34f66b66f167,command_and_control,T1071.001,0,0,0.0,0.9981,0.0,0.0,0.0,0.7748,0,0,9.3643,25.2236,9.8103,2.2079,16.4339,0,0,0,0,0,0,0.8713,331.82,0.0,331.82,10414.13,9327.03,0,0.0364,0.0,0,0
2026-08-27T19:51:53.364850+00:00,evasive_c2_v1,evasive_c2_v1__34f66b66f167,command_and_control,T1071.001,0,0,0.0,0.9758,0.0588,0.0,0.0,0.8086,0,0,14.5517,20.161,9.9878,2.2036,16.5986,0,0,0,0,0,0,0.6748,229.69,0.0,229.69,7064.14,7068.79,0,0.0,0.5602,0,0
2026-08-27T19:51:58.364850+00:00,evasive_c2_v1,evasive_c2_v1__34f66b66f167,command_and_control,T1071.001,1,1,-0.0,1.0,0.0066,712.9,712.9,0.7446,3,3,14.9873,43.6578,10.8642,2.8952,19.5498,0,0,0,0,0,0,0.998,237.63,0.0,237.63,10168.05,9356.45,0,0.0801,0.8994,0,0
2026-08-27T19:52:03.364850+00:00,evasive_c2_v1,evasive_c2_v1__34f66b66f167,command_and_control,T1071.001,0,0,0.0,0.9457,0.0413,0.0,0.0,0.9163,0,0,6.1894,10.2353,11.1418,3.1439,20.5735,0,0,0,0,0,0,0.7346,216.79,0.0,216.79,7205.07,7721.12,0,0.0367,0.519,0,0
2026-08-27T19:52:08.364850+00:00,evasive_c2_v1,evasive_c2_v1__34f66b66f167,command_and_control,T1071.001,0,0,0.0,1.0,0.0,0.0,0.0,0.871,0,0,12.6425,24.4985,8.1744,1.789,13.5414,0,0,0,0,0,0,0.8256,180.31,0.0,180.31,7849.14,6290.53,0,0.0,1.5226,0,0
2026-08-27T19:52:13.364850+00:00,evasive_c2_v1,evasive_c2_v1__34f66b66f167,command_and_control,T1071.001,0,0,0.0,0.9872,0.0027,0.0,0.0,0.8504,0,0,8.429,11.8789,12.899,3.4062,23.1177,0,0,0,0,0,0,0.7862,286.11,0.0,286.11,7125.58,6323.0,0,0.0,0.9522,0,0
2026-08-27T19:52:18.364850+00:00,evasive_c2_v1,evasive_c2_v1__34f66b66f167,command_and_control,T1071.001,0,0,0.0,1.0,0.0241,0.0,0.0,0.8252,0,0,11.9172,17.4512,11.7321,2.5072,19.2538,0,0,0,0,0,0,0.9408,198.96,0.0,198.96,7682.3,7090.3,0,0.0009,0.4072,0,0
2026-08-27T19:52:23.364850+00:00,evasive_c2_v1,evasive_c2_v1__34f66b66f167,command_and_control,T1071.001,0,0,0.0,1.0,0.0,0.0,0.0,0.8072,0,0,8.663,14.6744,12.6858,3.6734,23.7061,0,0,0,0,0,0,1.0179,213.68,0.0,213.68,10064.28,6687.87,0,0.0183,1.7315,0,0
2026-08-27T19:52:28.364850+00:00,evasive_c2_v1,evasive_c2_v1__34f66b66f167,command_and_control,T1071.001,2,2,0.6462,0.9404,0.0533,2217.99,2108.66,0.7338,7,6,9.6262,27.8588,10.4384,1.1841,13.9906,0,1,0,0,0,0,0.9672,337.24,20.575,379.275,8176.385,8653.5275,0,0.019,2.4473,0,0
2026-08-27T19:52:33.364850+00:00,evasive_c2_v1,evasive_c2_v1__34f66b66f167,command_and_control,T1071.001,0,0,0.0,1.0,0.0041,0.0,0.0,0.7189,0,0,13.0208,30.6685,12.0315,2.233,18.7305,0,0,0,0,0,0,0.7483,272.08,0.0,272.08,7169.36,7711.7,0,0.0,0.2275,0,0
2026-08-27T19:52:38.364850+00:00,evasive_c2_v1,evasive_c2_v1__34f66b66f167,command_and_control,T1071.001,0,0,0.0,0.9922,0.0192,0.0,0.0,0.8341,0,0,11.0941,17.4284,10.6384,2.3456,17.6753,0,0,0,0,0,0,1.1069,154.89,0.0,154.89,9435.74,7857.27,0,0.0,0.732,0,0
2026-08-27T19:52:43.364850+00:00,evasive_c2_v1,evasive_c2_v1__34f66b66f167,command_and_control,T1071.001,3,2,0.9183,1.0,0.0028,4476.06,5328.64,0.8321,21,25,12.1159,16.3491,8.8886,0.9752,11.8143,0,2,0,0,0,0,0.8219,213.15,45.47,276.23,9150.32,7531.36,0,0.0315,0.6398,0,0
2026-08-27T19:52:48.364850+00:00,evasive_c2_v1,evasive_c2_v1__34f66b66f167,command_and_control,T1071.001,0,0,0.0,1.0,0.0,0.0,0.0,0.8295,0,0,14.8772,39.6353,10.379,1.5441,15.0112,0,0,0,0,0,0,0.8567,205.7,0.0,205.7,8385.35,7548.29,0,0.0,1.5962,0,0
2026-08-27T19:52:53.364850+00:00,evasive_c2_v1,evasive_c2_v1__34f66b66f167,command_and_control,T1071.001,1,1,-0.0,1.0,0.0,2138.45,3088.87,0.8284,9,13,13.3475,29.4718,9.5768,2.2394,16.2949,0,0,0,0,0,0,0.6853,237.61,0.0,237.61,9252.51,7512.59,0,0.0,1.0601,0,0
2026-08-27T19:52:58.364850+00:00,evasive_c2_v1,evasive_c2_v1__34f66b66f167,command_and_control,T1071.001,0,0,0.0,1.0,0.0341,0.0,0.0,0.7759,0,0,12.8552,27.9199,9.9047,1.8592,15.4824,0,0,0,0,0,0,0.8402,250.24,0.0,250.24,10614.28,9178.23,0,0.0,0.7177,0,0
2026-08-27T19:53:03.364850+00:00,evasive_c2_v1,evasive_c2_v1__34f66b66f167,command_and_control,T1071.001,0,0,0.0,1.0,0.0,0.0,0.0,0.7152,0,0,12.4698,26.4602,11.5647,1.2539,15.3263,0,0,0,0,0,0,0.8841,180.88,0.0,180.88,8516.29,8221.67,0,0.0565,0.6142,0,0
2026-08-27T19:53:08.364850+00:00,evasive_c2_v1,evasive_c2_v1__34f66b66f167,command_and_control,T1071.001,0,0,0.0,1.0,0.0,0.0,0.0,0.8348,0,0,13.6751,28.3063,12.079,3.2657,21.8762,0,0,0,0,0,0,0.998,207.33,0.0,207.33,7595.24,7556.9,0,0.0351,0.7646,0,0
2026-08-27T19:53:13.364850+00:00,evasive_c2_v1,evasive_c2_v1__34f66b66f167,command_and_control,T1071.001,0,0,0.0,0.9999,0.0,0.0,0.0,0.8222,0,0,7.1059,20.6476,8.1796,2.1063,14.4986,0,0,0,0,0,0,0.649,166.92,0.0,166.92,7837.43,8656.62,0,0.0,1.0107,0,0
2026-08-27T19:53:18.364850+00:00,evasive_c2_v1,evasive_c2_v1__34f66b66f167,command_and_control,T1071.001,0,0,0.0,1.0,0.0366,0.0,0.0,0.7189,0,0,11.2892,20.4462,8.8168,2.2217,15.4819,0,0,0,0,0,0,1.2707,261.37,0.0,261.37,8608.81,6745.01,0,0.0,0.5372,0,0
2026-08-27T19:53:23.364850+00:00,evasive_c2_v1,evasive_c2_v1__34f66b66f167,command_and_control,T1071.001,0,0,0.0,1.0,0.0187,0.0,0.0,0.726,0,0,6.2413,9.9259,11.4676,2.8997,20.1667,0,0,0,0,0,0,0.9236,167.75,0.0,167.75,8877.45,6019.26,0,0.0281,0.5449,0,0
2026-08-27T19:53:28.364850+00:00,evasive_c2_v1,evasive_c2_v1__34f66b66f167,command_and_control,T1071.001,0,0,0.0,1.0,0.0149,0.0,0.0,0.7231,0,0,8.5426,14.1881,8.9589,1.0264,12.0382,0,0,0,0,0,0,0.9299,137.79,0.0,137.79,8716.57,7370.93,0,0.0,1.6212,0,0
2026-08-27T19:53:33.364850+00:00,evasive_c2_v1,evasive_c2_v1__34f66b66f167,command_and_control,T1071.001,0,0,0.0,0.9792,0.0,0.0,0.0,0.7516,0,0,12.3369,22.5527,10.233,1.4138,14.4744,0,0,0,0,0,0,0.7406,285.31,0.0,285.31,7981.58,9200.22,0,0.0,0.3202,0,0
2026-08-27T19:53:38.364850+00:00,evasive_c2_v1,evasive_c2_v1__34f66b66f167,command_and_control,T1071.001,0,0,0.0,1.0,0.0,0.0,0.0,0.7626,0,0,13.4286,36.5356,12.7815,2.3369,19.7923,0,0,0,0,0,0,0.7383,203.22,0.0,203.22,9096.72,8942.45,0,0.0,0.0097,0,0
2026-08-27T19:53:43.364850+00:00,evasive_c2_v1,evasive_c2_v1__34f66b66f167,command_and_control,T1071.001,0,0,0.0,1.0,0.0,0.0,0.0,0.804,0,0,13.2005,36.5735,9.7576,0.9897,12.7268,0,0,0,0,0,0,0.8428,224.5,0.0,224.5,11162.47,8952.16,0,0.0,1.5882,0,0
2026-08-27T19:53:48.364850+00:00,evasive_c2_v1,evasive_c2_v1__34f66b66f167,command_and_control,T1071.001,1,1,-0.0,0.9741,0.0404,1127.08,1502.77,0.75,6,8,12.757,22.9396,6.8835,1.2752,10.7093,0,0,0,0,0,0,0.7486,187.85,0.0,187.85,7605.86,10874.48,0,0.0492,0.3621,0,0
2026-08-27T19:53:53.364850+00:00,evasive_c2_v1,evasive_c2_v1__34f66b66f167,command_and_control,T1071.001,1,1,-0.0,0.9778,0.0159,706.96,353.48,0.8607,2,1,8.2122,14.0601,11.885,1.3079,15.8088,0,0,0,0,0,0,1.0192,353.48,0.0,353.48,8630.63,6975.25,0,0.0,1.6331,0,0
2026-08-27T19:53:58.364850+00:00,evasive_c2_v1,evasive_c2_v1__34f66b66f167,command_and_control,T1071.001,1,1,-0.0,0.9851,0.0121,472.55,236.27,0.7501,2,1,8.6144,18.7347,9.2247,1.4757,13.6519,0,0,0,0,0,0,1.2307,236.27,0.0,236.27,6744.9,9351.85,0,0.0122,0.857,0,0
2026-08-27T19:54:03.364850+00:00,evasive_c2_v1,evasive_c2_v1__34f66b66f167,command_and_control,T1071.001,0,0,0.0,0.991,0.0414,0.0,0.0,0.8648,0,0,10.1344,15.0255,11.7706,3.2009,21.3733,0,0,0,0,0,0,1.1289,114.37,0.0,114.37,6834.58,8244.89,0,0.0057,0.9153,0,0
2026-08-27T19:54:08.364850+00:00,evasive_c2_v1,evasive_c2_v1__34f66b66f167,command_and_control,T1071.001,1,1,-0.0,0.9938,0.0115,1385.76,1693.7,0.7085,9,11,11.4886,19.9076,10.3722,1.1705,13.8836,0,0,0,0,0,0,0.7622,153.97,0.0,153.97,7183.46,8909.42,0,0.0043,1.0197,0,0
2026-08-27T19:54:13.364850+00:00,evasive_c2_v1,evasive_c2_v1__34f66b66f167,command_and_control,T1071.001,1,1,-0.0,1.0,0.0119,1869.63,1869.63,0.7532,5,5,9.9457,21.6856,11.1088,1.2464,14.8481,0,0,0,0,0,0,0.8694,373.93,0.0,373.93,7698.53,7668.74,0,0.0,1.3056,0,0
2026-08-27T19:54:18.364850+00:00,evasive_c2_v1,evasive_c2_v1__34f66b66f167,command_and_control,T1071.001,1,1,-0.0,1.0,0.0,1521.61,1902.01,0.8499,8,10,9.7459,15.8905,9.2133,0.981,12.1562,0,0,0,0,0,0,0.7368,190.2,0.0,190.2,7664.45,8639.16,0,0.0,1.1225,0,0
2026-08-27T19:54:23.364850+00:00,evasive_c2_v1,evasive_c2_v1__34f66b66f167,command_and_control,T1071.001,0,0,0.0,1.0,0.0,0.0,0.0,0.8398,0,0,11.8414,26.4831,11.6231,3.4858,22.0805,0,0,0,0,0,0,0.9661,220.46,0.0,220.46,9801.65,7128.72,0,0.0,0.5551,0,0
2026-08-27T19:54:28.364850+00:00,evasive_c2_v1,evasive_c2_v1__34f66b66f167,command_and_control,T1071.001,1,1,-0.0,1.0,0.0236,618.65,742.38,0.7847,5,6,10.9111,23.0463,9.8,2.3428,16.8284,0,0,0,0,0,0,0.8056,123.73,0.0,123.73,9311.4,7510.95,0,0.0311,0.5228,0,0
2026-08-27T19:54:33.364850+00:00,evasive_c2_v1,evasive_c2_v1__34f66b66f167,command_and_control,T1071.001,0,0,0.0,0.9809,0.0122,0.0,0.0,0.7986,0,0,14.5859,30.2915,11.013,3.1956,20.5997,0,0,0,0,0,0,1.0639,140.08,0.0,140.08,8422.04,6709.33,0,0.0477,0.8451,0,0
2026-08-27T19:54:38.364850+00:00,evasive_c2_v1,evasive_c2_v1__34f66b66f167,command_and_control,T1071.001,0,0,0.0,1.0,0.0248,0.0,0.0,0.8049,0,0,7.6779,22.8801,13.1197,2.9694,22.0278,0,0,0,0,0,0,0.7476,205.23,0.0,205.23,8392.6,9230.32,0,0.0,0.4573,0,0
2026-08-27T19:54:43.364850+00:00,evasive_c2_v1,evasive_c2_v1__34f66b66f167,command_and_control,T1071.001,1,1,-0.0,0.9798,0.0219,1917.75,1917.75,0.8419,8,8,7.955,16.6261,13.9367,1.581,18.6795,0,0,0,0,0,0,0.8924,239.72,0.0,239.72,9265.96,10682.18,0,0.0402,0.5849,0,0
2026-08-27T19:54:48.364850+00:00,evasive_c2_v1,evasive_c2_v1__34f66b66f167,command_and_control,T1071.001,0,0,0.0,1.0,0.0,0.0,0.0,0.7815,0,0,4.8649,12.0517,7.7568,0.8118,10.1921,0,0,0,0,0,0,1.1046,253.08,0.0,253.08,9428.92,8310.28,0,0.0,0.3478,0,0
2026-08-27T19:54:53.364850+00:00,evasive_c2_v1,evasive_c2_v1__34f66b66f167,command_and_control,T1071.001,0,0,0.0,1.0,0.0,0.0,0.0,0.8215,0,0,8.3622,17.4328,7.4099,1.2871,11.2712,0,0,0,0,0,0,0.778,100.08,0.0,100.08,9405.33,8775.78,0,0.0,1.057,0,0
2026-08-27T19:54:58.364850+00:00,evasive_c2_v1,evasive_c2_v1__34f66b66f167,command_and_control,T1071.001,1,1,-0.0,0.9951,0.0316,2346.22,4692.43,0.9585,6,12,13.3517,28.6508,9.1315,1.36,13.2116,0,0,0,0,0,0,0.4673,391.04,0.0,391.04,7219.51,6954.53,0,0.0011,1.0626,0,0
2026-08-27T19:55:03.364850+00:00,evasive_c2_v1,evasive_c2_v1__34f66b66f167,command_and_control,T1071.001,1,1,-0.0,0.9375,0.0759,1119.34,1539.09,0.7563,8,11,11.9789,23.2989,12.2852,1.4117,16.5202,0,0,0,0,0,0,0.7266,139.92,0.0,139.92,7685.25,8565.62,0,0.0,1.0281,0,0
2026-08-27T19:55:08.364850+00:00,evasive_c2_v1,evasive_c2_v1__34f66b66f167,command_and_control,T1071.001,2,1,-0.0,1.0,0.0193,1997.56,1997.56,0.7429,12,12,11.101,31.3315,9.1868,2.5461,16.8249,0,1,0,0,0,0,0.9946,166.46,19.33,185.8,7518.91,7895.43,0,0.0,1.7716,0,1
2026-08-27T19:55:13.364850+00:00,evasive_c2_v1,evasive_c2_v1__34f66b66f167,command_and_control,T1071.001,0,0,0.0,1.0,0.0219,0.0,0.0,0.8308,0,0,8.4134,12.4571,10.9378,2.0854,17.1941,0,0,0,0,0,0,0.9234,299.54,0.0,299.54,9735.09,6774.19,0,0.0,0.0,0,0
2026-08-27T19:55:18.364850+00:00,evasive_c2_v1,evasive_c2_v1__34f66b66f167,command_and_control,T1071.001,1,1,-0.0,1.0,0.0079,538.22,538.22,0.8781,2,2,7.1084,18.4723,8.7044,2.3128,15.6428,0,0,0,0,0,0,0.9247,269.11,0.0,269.11,6651.25,8558.28,0,0.0033,1.0715,0,0
2026-08-27T19:55:23.364850+00:00,evasive_c2_v1,evasive_c2_v1__34f66b66f167,command_and_control,T1071.001,2,1,-0.0,0.9865,0.0128,2326.08,2907.6,0.7925,12,15,12.7977,17.7817,10.9549,2.3654,18.0512,0,1,0,0,0,0,0.7975,193.84,26.58,220.42,9057.68,8943.47,0,0.0,0.8409,0,0
2026-08-27T19:55:28.364850+00:00,evasive_c2_v1,evasive_c2_v1__34f66b66f167,command_and_control,T1071.001,0,0,0.0,1.0,0.0,0.0,0.0,0.7744,0,0,8.9247,12.8366,8.6709,1.1329,12.0696,0,0,0,0,0,0,1.0219,154.83,0.0,154.83,8651.71,7565.67,0,0.0266,0.8963,0,0
2026-08-27T19:55:33.364850+00:00,evasive_c2_v1,evasive_c2_v1__34f66b66f167,command_and_control,T1071.001,0,0,0.0,0.9762,0.0578,0.0,0.0,0.7833,0,0,15.6462,19.9931,11.2996,1.1391,14.717,0,0,0,0,0,0,0.6626,173.55,0.0,173.55,8990.18,8458.75,0,0.0,1.0344,0,0
2026-08-27T19:55:38.364850+00:00,evasive_c2_v1,evasive_c2_v1__34f66b66f167,command_and_control,T1071.001,0,0,0.0,1.0,0.0,0.0,0.0,0.7775,0,0,5.3448,8.1976,8.8243,1.1183,12.1791,0,0,0,0,0,0,0.7894,242.09,0.0,242.09,6363.21,9285.56,0,0.0329,0.3083,0,0
2026-08-27T19:55:43.364850+00:00,evasive_c2_v1,evasive_c2_v1__34f66b66f167,command_and_control,T1071.001,0,0,0.0,0.9977,0.0031,0.0,0.0,0.7873,0,0,6.2082,16.3051,12.7383,2.1605,19.2196,0,0,0,0,0,0,1.0337,254.67,0.0,254.67,8737.91,7272.34,0,0.0,1.2763,0,0
2026-08-27T19:55:48.364850+00:00,evasive_c2_v1,evasive_c2_v1__34f66b66f167,command_and_control,T1071.001,0,0,0.0,1.0,0.0005,0.0,0.0,0.826,0,0,8.3335,14.3961,12.9404,3.7916,24.3151,0,0,0,0,0,0,0.6927,137.93,0.0,137.93,6792.1,8957.84,0,0.0,1.2993,0,0
2026-08-27T19:55:53.364850+00:00,evasive_c2_v1,evasive_c2_v1__34f66b66f167,command_and_control,T1071.001,2,2,0.6462,0.9404,0.057,2078.82,2230.76,0.7141,8,8,6.3951,13.3202,7.6403,1.6941,12.7226,0,1,0,0,0,0,0.9534,270.4975,20.575,312.5325,8943.5825,8325.3875,0,0.0,2.7826,0,0
2026-08-27T19:55:58.364850+00:00,evasive_c2_v1,evasive_c2_v1__34f66b66f167,command_and_control,T1071.001,1,1,-0.0,0.9937,0.0127,1509.86,1509.86,0.8358,8,8,10.1247,30.3269,9.7557,2.5087,17.2818,0,0,0,0,0,0,0.9425,188.73,0.0,188.73,8440.97,9330.72,0,0.0,0.2823,0,0
2026-08-27T19:56:03.364850+00:00,evasive_c2_v1,evasive_c2_v1__34f66b66f167,command_and_control,T1071.001,0,0,0.0,0.9648,0.0403,0.0,0.0,0.6625,0,0,8.8768,26.0355,8.1701,1.782,13.5162,0,0,0,0,0,0,0.8364,157.92,0.0,157.92,7202.15,6546.65,0,0.0244,1.0693,0,0
2026-08-27T19:56:08.364850+00:00,evasive_c2_v1,evasive_c2_v1__34f66b66f167,command_and_control,T1071.001,1,1,-0.0,1.0,0.0257,1110.83,1110.83,0.8198,5,5,15.0557,33.8954,12.664,1.6333,17.5638,0,0,0,0,0,0,0.9669,222.17,0.0,222.17,7038.63,8157.31,0,0.0,1.0137,0,0
2026-08-27T19:56:13.364850+00:00,evasive_c2_v1,evasive_c2_v1__34f66b66f167,command_and_control,T1071.001,2,2,0.6462,0.9404,0.0558,2106.525,2087.7725,0.6674,8,8,6.4611,9.8895,6.9868,1.9639,12.8784,0,1,0,0,0,0,1.0254,246.67,20.575,288.705,8520.3275,7117.16,0,0.0451,2.0682,0,0
2026-08-27T19:56:18.364850+00:00,evasive_c2_v1,evasive_c2_v1__34f66b66f167,command_and_control,T1071.001,0,0,0.0,0.9713,0.0356,0.0,0.0,0.7651,0,0,15.1626,28.3537,11.7793,2.534,19.3811,0,0,0,0,0,0,0.9092,158.64,0.0,158.64,8707.5,8035.65,0,0.0,0.7891,0,0
2026-08-27T19:56:23.364850+00:00,evasive_c2_v1,evasive_c2_v1__34f66b66f167,command_and_control,T1071.001,0,0,0.0,0.9982,0.0106,0.0,0.0,0.7475,0,0,8.743,26.1945,7.5968,1.1817,11.142,0,0,0,0,0,0,0.868,168.42,0.0,168.42,8874.32,7925.14,0,0.0034,0.7053,0,0
2026-08-27T19:56:28.364850+00:00,evasive_c2_v1,evasive_c2_v1__34f66b66f167,command_and_control,T1071.001,0,0,0.0,1.0,0.0134,0.0,0.0,0.8333,0,0,13.4588,23.0898,10.6033,1.2353,14.3093,0,0,0,0,0,0,0.8758,296.99,0.0,296.99,6668.57,6660.97,0,0.0161,1.0678,0,0
2026-08-27T19:56:33.364850+00:00,evasive_c2_v1,evasive_c2_v1__34f66b66f167,command_and_control,T1071.001,0,0,0.0,1.0,0.0,0.0,0.0,0.7462,0,0,7.3351,16.506,9.3121,1.5397,13.9311,0,0,0,0,0,0,0.6518,256.16,0.0,256.16,7560.19,7879.0,0,0.0,1.3004,0,0
2026-08-27T19:56:38.364850+00:00,evasive_c2_v1,evasive_c2_v1__34f66b66f167,command_and_control,T1071.001,0,0,0.0,0.934,0.0764,0.0,0.0,0.85,0,0,12.8668,26.3547,12.356,2.6352,20.2617,0,0,0,0,0,0,0.7133,145.5,0.0,145.5,6206.43,8368.64,0,0.0516,0.759,0,0
2026-08-27T19:56:43.364850+00:00,evasive_c2_v1,evasive_c2_v1__34f66b66f167,command_and_control,T1071.001,2,1,-0.0,0.9758,0.0396,918.01,765.01,0.6899,6,5,14.2757,31.303,12.0863,1.705,17.2012,0,1,0,0,0,0,1.0708,153.0,0.99,153.99,8516.28,8504.33,0,0.0099,1.5828,0,0
2026-08-27T19:56:48.364850+00:00,evasive_c2_v1,evasive_c2_v1__34f66b66f167,command_and_control,T1071.001,0,0,0.0,0.9776,0.0311,0.0,0.0,0.8141,0,0,11.9133,33.0238,10.9955,2.9699,19.9052,0,0,0,0,0,0,0.949,138.07,0.0,138.07,7992.06,7953.9,0,0.0297,0.5182,0,0
2026-08-27T19:56:53.364850+00:00,evasive_c2_v1,evasive_c2_v1__34f66b66f167,command_and_control,T1071.001,3,2,0.6462,0.9404,0.0533,3362.25,3514.19,0.6551,14,14,12.0275,14.6917,7.6224,1.9942,13.6052,0,2,0,0,0,0,0.9175,251.0125,32.0125,304.485,8483.12,8565.455,0,0.0,1.694,0,0
2026-08-27T19:56:58.364850+00:00,evasive_c2_v1,evasive_c2_v1__34f66b66f167,command_and_control,T1071.001,0,0,0.0,1.0,0.051,0.0,0.0,0.7378,0,0,8.3656,20.9293,8.7688,1.2285,12.4543,0,0,0,0,0,0,1.0843,297.99,0.0,297.99,8452.67,7117.34,0,0.0,0.2309,0,0
2026-08-27T19:57:03.364850+00:00,evasive_c2_v1,evasive_c2_v1__34f66b66f167,command_and_control,T1071.001,2,2,1.0,1.0,0.0,4868.27,5409.19,0.7424,18,20,10.3261,22.1199,8.5892,1.4445,12.9227,0,1,0,0,0,0,0.8789,270.46,47.28,317.74,8464.08,8860.7,0,0.0,0.9527,0,0
2026-08-27T19:57:08.364850+00:00,evasive_c2_v1,evasive_c2_v1__34f66b66f167,command_and_control,T1071.001,0,0,0.0,0.9952,0.0246,0.0,0.0,0.8045,0,0,8.52,10.3536,8.3405,1.5304,12.9319,0,0,0,0,0,0,1.3044,233.37,0.0,233.37,6489.38,7138.19,0,0.0394,1.295,0,0
2026-08-27T19:57:13.364850+00:00,evasive_c2_v1,evasive_c2_v1__34f66b66f167,command_and_control,T1071.001,1,1,-0.0,1.0,0.0123,1150.02,1341.7,0.8016,6,7,14.0435,34.3942,9.8021,2.7163,17.9509,0,0,0,0,0,0,0.7846,191.67,0.0,191.67,8608.58,9287.19,0,0.0,0.7208,0,0
2026-08-27T19:57:18.364850+00:00,evasive_c2_v1,evasive_c2_v1__34f66b66f167,command_and_control,T1071.001,1,1,-0.0,0.9959,0.0006,1129.49,1452.2,0.8216,7,9,7.9216,21.4469,9.9529,2.7393,18.1708,0,0,0,0,0,0,0.7186,161.36,0.0,161.36,9192.87,8386.72,0,0.0452,1.2029,0,0
2026-08-27T19:57:23.364850+00:00,evasive_c2_v1,evasive_c2_v1__34f66b66f167,command_and_control,T1071.001,2,1,-0.0,1.0,0.0,2563.84,3845.75,0.8955,10,15,6.1645,15.8001,9.047,2.7096,17.1756,0,1,0,0,0,0,0.6314,256.38,64.72,321.1,8087.54,8382.63,0,0.0398,1.3624,0,0
2026-08-27T19:57:28.364850+00:00,evasive_c2_v1,evasive_c2_v1__34f66b66f167,command_and_control,T1071.001,1,1,-0.0,1.0,0.0,624.41,624.41,0.7527,4,4,18.0568,43.4008,12.236,3.1293,21.6238,0,0,0,0,0,0,0.8794,156.1,0.0,156.1,7782.02,8683.54,0,0.0624,0.4995,0,0
2026-08-27T19:57:33.364850+00:00,evasive_c2_v1,evasive_c2_v1__34f66b66f167,command_and_control,T1071.001,0,0,0.0,1.0,0.0227,0.0,0.0,0.8871,0,0,17.3895,22.9549,12.7243,1.5058,17.2417,0,0,0,0,0,0,1.0648,237.45,0.0,237.45,9551.0,7777.77,0,0.0,0.9846,0,0
2026-08-27T19:57:38.364850+00:00,evasive_c2_v1,evasive_c2_v1__34f66b66f167,command_and_control,T1071.001,0,0,0.0,1.0,0.0161,0.0,0.0,0.7376,0,0,5.5466,16.294,11.198,1.8494,16.7462,0,0,0,0,0,0,1.0144,206.85,0.0,206.85,7771.42,8839.04,0,0.0,0.3332,0,0
2026-08-27T19:57:43.364850+00:00,evasive_c2_v1,evasive_c2_v1__34f66b66f167,command_and_control,T1071.001,0,0,0.0,1.0,0.0104,0.0,0.0,0.7632,0,0,5.7968,11.4632,12.1416,3.5764,22.8708,0,0,0,0,0,0,1.1019,157.95,0.0,157.95,8243.76,9217.2,0,0.0306,0.5375,0,0
2026-08-27T19:57:48.364850+00:00,evasive_c2_v1,evasive_c2_v1__34f66b66f167,command_and_control,T1071.001,0,0,0.0,0.9441,0.019,0.0,0.0,0.7859,0,0,6.4956,12.9125,10.3221,1.4969,14.8128,0,0,0,0,0,0,0.8272,275.62,0.0,275.62,8114.06,7486.56,0,0.0,1.2381,0,0
2026-08-27T19:57:53.364850+00:00,evasive_c2_v1,evasive_c2_v1__34f66b66f167,command_and_control,T1071.001,1,1,-0.0,0.997,0.0343,342.97,342.97,0.7617,2,2,9.2005,17.0952,10.4307,2.2192,17.0883,0,0,0,0,0,0,0.7614,171.49,0.0,171.49,8301.59,8951.65,0,0.004,0.9025,0,0
2026-08-27T19:57:58.364850+00:00,evasive_c2_v1,evasive_c2_v1__34f66b66f167,command_and_control,T1071.001,0,0,0.0,1.0,0.039,0.0,0.0,0.8551,0,0,5.4874,15.4168,10.6112,1.794,15.9932,0,0,0,0,0,0,0.5816,210.41,0.0,210.41,8522.83,9284.57,0,0.0,0.437,0,0
2026-08-27T19:58:03.364850+00:00,evasive_c2_v1,evasive_c2_v1__34f66b66f167,command_and_control,T1071.001,1,1,-0.0,1.0,0.0037,675.02,506.27,0.7926,4,3,7.353,15.726,8.8054,1.8654,14.4016,0,0,0,0,0,0,1.0059,168.76,0.0,168.76,7918.2,7463.75,0,0.0217,1.0091,0,0
2026-08-27T19:58:08.364850+00:00,evasive_c2_v1,evasive_c2_v1__34f66b66f167,command_and_control,T1071.001,0,0,0.0,1.0,0.0,0.0,0.0,0.7934,0,0,6.0136,9.58,8.7127,1.8603,14.2936,0,0,0,0,0,0,0.8036,280.35,0.0,280.35,6654.04,7332.33,0,0.0,2.0352,0,0
2026-08-27T19:58:13.364850+00:00,evasive_c2_v1,evasive_c2_v1__34f66b66f167,command_and_control,T1071.001,0,0,0.0,1.0,0.003,0.0,0.0,0.7842,0,0,10.3652,29.3327,9.3022,2.4921,16.7786,0,0,0,0,0,0,1.0334,280.78,0.0,280.78,7066.04,9485.77,0,0.0356,1.4961,0,0
2026-08-27T19:58:18.364850+00:00,evasive_c2_v1,evasive_c2_v1__34f66b66f167,command_and_control,T1071.001,2,2,0.6462,0.9404,0.0533,911.64,1063.58,0.7417,3,4,8.648,18.0692,7.2297,1.1467,10.6697,0,1,0,0,0,0,0.8724,202.0375,20.575,244.0725,7975.49,9219.32,0,0.0,2.0574,0,0
2026-08-27T19:58:23.364850+00:00,evasive_c2_v1,evasive_c2_v1__34f66b66f167,command_and_control,T1071.001,2,1,-0.0,0.9816,0.0299,1272.4,1272.4,0.878,4,4,5.8707,11.6738,11.7871,3.0526,20.9448,0,1,0,0,0,0,0.8675,318.1,94.14,412.24,8620.26,10068.06,0,0.0204,1.134,0,0
2026-08-27T19:58:28.364850+00:00,evasive_c2_v1,evasive_c2_v1__34f66b66f167,command_and_control,T1071.001,1,1,-0.0,1.0,0.0211,1110.78,888.62,0.8082,5,4,11.0842,29.4892,8.9756,1.9985,14.9711,0,0,0,0,0,0,1.1162,222.16,0.0,222.16,6623.88,10370.19,0,0.0144,1.502,0,0
2026-08-27T19:58:33.364850+00:00,evasive_c2_v1,evasive_c2_v1__34f66b66f167,command_and_control,T1071.001,0,0,0.0,1.0,0.0,0.0,0.0,0.7295,0,0,14.1613,25.3827,10.4638,2.0212,16.5275,0,0,0,0,0,0,0.922,219.81,0.0,219.81,7501.81,6987.19,0,0.0155,1.1046,0,0
2026-08-27T19:58:38.364850+00:00,evasive_c2_v1,evasive_c2_v1__34f66b66f167,command_and_control,T1071.001,1,1,-0.0,0.9941,0.0483,1752.6,4005.93,0.8707,7,16,10.6715,30.4047,11.9013,1.7988,17.2978,0,0,0,0,0,0,0.4207,250.37,0.0,250.37,6198.16,8785.83,0,0.033,0.8481,0,0
2026-08-27T19:58:43.364850+00:00,evasive_c2_v1,evasive_c2_v1__34f66b66f167,command_and_control,T1071.001,0,0,0.0,1.0,0.0351,0.0,0.0,0.8357,0,0,10.0856,14.1908,9.8439,2.0404,15.9652,0,0,0,0,0,0,0.8114,187.58,0.0,187.58,7232.67,6727.98,0,0.0437,1.5167,0,0
2026-08-27T19:58:48.364850+00:00,evasive_c2_v1,evasive_c2_v1__34f66b66f167,command_and_control,T1071.001,2,2,0.6462,0.9404,0.0533,911.64,1063.58,0.7244,3,4,8.0118,15.0951,7.7105,1.7467,12.9509,0,1,0,0,0,0,0.9987,215.5525,20.575,257.5875,8176.145,8670.9575,0,0.0089,1.8503,0,0
2026-08-27T19:58:53.364850+00:00,evasive_c2_v1,evasive_c2_v1__34f66b66f167,command_and_control,T1071.001,2,2,0.6462,0.9236,0.0813,911.64,1063.58,0.7407,3,4,11.5203,31.7874,8.3001,1.5756,13.0269,0,1,0,0,0,0,0.8105,372.8275,20.575,414.8625,9754.5275,8482.9475,0,0.0,2.6688,0,0
2026-08-27T19:58:58.364850+00:00,evasive_c2_v1,evasive_c2_v1__34f66b66f167,command_and_control,T1071.001,0,0,0.0,1.0,0.0,0.0,0.0,0.7844,0,0,12.385,14.8783,9.1644,2.0005,15.1659,0,0,0,0,0,0,0.8741,121.07,0.0,121.07,8011.0,9389.98,0,0.0,1.8423,0,0
2026-08-27T19:59:03.364850+00:00,evasive_c2_v1,evasive_c2_v1__34f66b66f167,command_and_control,T1071.001,0,0,0.0,1.0,0.0082,0.0,0.0,0.7384,0,0,9.7991,19.3546,9.7477,2.544,17.3797,0,0,0,0,0,0,0.7253,242.94,0.0,242.94,7569.08,6770.2,0,0.0,1.0806,0,0
2026-08-27T19:59:08.364850+00:00,evasive_c2_v1,evasive_c2_v1__34f66b66f167,command_and_control,T1071.001,1,1,-0.0,1.0,0.0,346.38,346.38,0.856,2,2,13.7038,37.1688,10.839,2.6248,18.7134,0,0,0,0,0,0,0.7941,173.19,0.0,173.19,7891.21,8384.33,0,0.0,0.4836,0,0
2026-08-27T19:59:13.364850+00:00,evasive_c2_v1,evasive_c2_v1__34f66b66f167,command_and_control,T1071.001,1,1,-0.0,0.9797,0.0,1435.73,2297.17,0.8326,5,8,16.7782,47.8495,12.1098,3.3681,22.2142,0,0,0,0,0,0,0.6018,287.15,0.0,287.15,6945.68,6950.06,0,0.0419,0.0,0,0
2026-08-27T19:59:18.364850+00:00,evasive_c2_v1,evasive_c2_v1__34f66b66f167,command_and_control,T1071.001,0,0,0.0,0.9913,0.0077,0.0,0.0,0.8799,0,0,5.9619,8.8532,9.2397,2.0198,15.2991,0,0,0,0,0,0,1.1292,229.26,0.0,229.26,8678.8,8502.21,0,0.0436,0.8588,0,0
2026-08-27T19:59:23.364850+00:00,evasive_c2_v1,evasive_c2_v1__34f66b66f167,command_and_control,T1071.001,0,0,0.0,1.0,0.0,0.0,0.0,0.823,0,0,11.9989,22.394,11.7866,1.3463,15.8255,0,0,0,0,0,0,0.8735,144.4,0.0,144.4,6948.84,7657.82,0,0.015,1.2446,0,0
2026-08-27T19:59:28.364850+00:00,evasive_c2_v1,evasive_c2_v1__34f66b66f167,command_and_control,T1071.001,1,1,-0.0,0.9982,0.0031,521.21,521.21,0.7991,2,2,11.3116,22.7842,10.1714,1.6035,14.982,0,0,0,0,0,0,0.7825,260.6,0.0,260.6,6508.31,7394.98,0,0.0,1.1665,0,0
2026-08-27T19:59:33.364850+00:00,evasive_c2_v1,evasive_c2_v1__34f66b66f167,command_and_control,T1071.001,2,2,0.6462,0.9404,0.0533,911.64,1063.58,0.7016,3,4,11.8719,17.1329,7.5158,1.8142,12.9584,0,1,0,0,0,0,0.7192,236.29,20.575,278.325,9036.725,9473.9,0,0.0,1.7385,0,0
2026-08-27T19:59:38.364850+00:00,evasive_c2_v1,evasive_c2_v1__34f66b66f167,command_and_control,T1071.001,2,2,0.6462,0.9365,0.0533,911.64,1063.58,0.7467,3,4,4.6104,7.2377,9.2262,2.3294,16.2145,0,1,0,0,0,0,0.8431,211.5625,20.575,253.5975,8973.53,8240.6975,0,0.0037,1.8526,0,0
2026-08-27T19:59:43.364850+00:00,evasive_c2_v1,evasive_c2_v1__34f66b66f167,command_and_control,T1071.001,0,0,0.0,1.0,0.0,0.0,0.0,0.7816,0,0,7.8194,11.6616,9.6713,1.2573,13.4433,0,0,0,0,0,0,0.8151,318.03,0.0,318.03,9010.54,9630.63,0,0.0317,0.0,0,0
2026-08-27T19:59:48.364850+00:00,evasive_c2_v1,evasive_c2_v1__34f66b66f167,command_and_control,T1071.001,1,1,-0.0,1.0,0.0125,771.85,771.85,0.7182,5,5,15.215,30.2196,10.4627,1.8211,15.926,0,0,0,0,0,0,0.9476,154.37,0.0,154.37,8299.25,9481.58,0,0.0728,1.3138,0,0
2026-08-27T19:59:53.364850+00:00,evasive_c2_v1,evasive_c2_v1__34f66b66f167,command_and_control,T1071.001,0,0,0.0,0.9275,0.0607,0.0,0.0,0.7599,0,0,8.3835,20.512,11.6999,2.768,20.0038,0,0,0,0,0,0,0.8624,343.57,0.0,343.57,7175.85,6607.27,0,0.0023,0.8928,0,0
2026-08-27T19:59:58.364850+00:00,evasive_c2_v1,evasive_c2_v1__34f66b66f167,command_and_control,T1071.001,0,0,0.0,1.0,0.0175,0.0,0.0,0.8646,0,0,14.967,38.5152,10.1668,1.5365,14.7763,0,0,0,0,0,0,0.6436,318.03,0.0,318.03,7404.34,7741.11,0,0.0,1.1368,0,0
2026-08-27T20:00:03.364850+00:00,evasive_c2_v1,evasive_c2_v1__34f66b66f167,command_and_control,T1071.001,1,1,-0.0,1.0,0.0,628.68,628.68,0.6714,3,3,12.602,16.7369,11.297,2.6949,19.3816,0,0,0,0,0,0,0.8142,209.56,0.0,209.56,7399.38,8743.97,0,0.0129,0.17,0,0
2026-08-27T20:00:08.364850+00:00,evasive_c2_v1,evasive_c2_v1__34f66b66f167,command_and_control,T1071.001,1,1,-0.0,0.979,0.0277,512.35,256.18,0.8636,2,1,7.1511,12.0285,9.7784,2.2618,16.5639,0,0,0,0,0,0,1.1402,256.18,0.0,256.18,8504.76,8734.59,0,0.0045,0.9159,0,0
2026-08-27T20:00:13.364850+00:00,evasive_c2_v1,evasive_c2_v1__34f66b66f167,command_and_control,T1071.001,1,1,-0.0,0.9787,0.0612,1631.64,1468.47,0.8635,10,9,6.7121,18.2348,11.221,2.2979,18.1147,0,0,0,0,0,0,1.0079,163.16,0.0,163.16,9282.19,7632.12,0,0.0067,0.6526,0,0
2026-08-27T20:00:18.364850+00:00,evasive_c2_v1,evasive_c2_v1__34f66b66f167,command_and_control,T1071.001,2,2,0.6462,0.927,0.1009,911.64,1063.58,0.7721,3,4,6.1061,14.0723,9.0356,1.1463,12.4744,0,1,0,0,0,0,0.8752,233.9575,20.575,275.9925,8716.52,8352.2975,0,0.0,2.4448,0,0
2026-08-27T20:00:23.364850+00:00,evasive_c2_v1,evasive_c2_v1__34f66b66f167,command_and_control,T1071.001,2,2,0.6462,0.9351,0.0782,1409.8125,1561.7525,0.6979,6,6,9.11,14.7716,7.9604,1.2035,11.5709,0,1,0,0,0,0,0.8445,200.515,20.575,242.55,7932.47,8347.3925,0,0.0,1.3708,0,0
2026-08-27T20:00:28.364850+00:00,evasive_c2_v1,evasive_c2_v1__34f66b66f167,command_and_control,T1071.001,0,0,0.0,1.0,0.0055,0.0,0.0,0.9056,0,0,4.9221,9.8066,7.9888,2.0892,14.2564,0,0,0,0,0,0,0.7197,203.91,0.0,203.91,7941.27,9326.39,0,0.0,1.1989,0,0
2026-08-27T20:00:33.364850+00:00,evasive_c2_v1,evasive_c2_v1__34f66b66f167,command_and_control,T1071.001,2,2,0.6462,0.9404,0.0633,911.64,1063.58,0.8209,3,4,8.7217,19.4132,6.8277,1.1272,10.2093,0,1,0,0,0,0,0.7322,278.9875,20.575,321.0225,8911.6775,7802.6075,0,0.0,1.9091,0,0
2026-08-27T20:00:38.364850+00:00,evasive_c2_v1,evasive_c2_v1__34f66b66f167,command_and_control,T1071.001,1,1,-0.0,0.985,0.0387,1704.63,2216.02,0.8187,10,13,10.2653,15.8302,11.6878,1.6363,16.5967,0,0,0,0,0,0,0.7274,170.46,0.0,170.46,9335.93,5633.89,0,0.0,0.7634,0,0
2026-08-27T20:00:43.364850+00:00,evasive_c2_v1,evasive_c2_v1__34f66b66f167,command_and_control,T1071.001,0,0,0.0,1.0,0.0,0.0,0.0,0.8893,0,0,10.5813,12.7603,11.4677,2.9215,20.2322,0,0,0,0,0,0,0.9308,145.54,0.0,145.54,8648.14,8652.52,0,0.0452,0.4003,0,0
2026-08-27T20:00:48.364850+00:00,evasive_c2_v1,evasive_c2_v1__34f66b66f167,command_and_control,T1071.001,2,2,0.6462,0.9384,0.0533,911.64,1063.58,0.7503,3,4,7.0183,10.0266,7.9791,2.2696,14.7879,0,1,0,0,0,0,0.9367,339.145,20.575,381.18,8853.8225,7583.1275,0,0.0,1.4287,0,0
2026-08-27T20:00:53.364850+00:00,evasive_c2_v1,evasive_c2_v1__34f66b66f167,command_and_control,T1071.001,0,0,0.0,0.9941,0.0003,0.0,0.0,0.8559,0,0,7.9317,14.2379,8.9865,1.5324,13.5837,0,0,0,0,0,0,0.7898,203.41,0.0,203.41,9077.89,7851.13,0,0.0191,0.532,0,0
2026-08-27T20:00:58.364850+00:00,evasive_c2_v1,evasive_c2_v1__34f66b66f167,command_and_control,T1071.001,1,1,-0.0,0.9909,0.0113,246.65,246.65,0.8337,2,2,13.3882,19.2814,9.1111,2.5197,16.6701,0,0,0,0,0,0,0.795,123.32,0.0,123.32,7135.27,7664.67,0,0.0,1.1014,0,0
2026-08-27T20:01:03.364850+00:00,evasive_c2_v1,evasive_c2_v1__34f66b66f167,command_and_control,T1071.001,0,0,0.0,1.0,0.0119,0.0,0.0,0.7485,0,0,11.1691,13.7278,12.4123,1.7527,17.6705,0,0,0,0,0,0,1.2084,202.93,0.0,202.93,7312.47,8341.59,0,0.0,1.299,0,0
2026-08-27T20:01:08.364850+00:00,evasive_c2_v1,evasive_c2_v1__34f66b66f167,command_and_control,T1071.001,1,1,-0.0,1.0,0.0,772.27,772.27,0.8951,4,4,10.0507,26.618,12.3412,3.424,22.6132,0,0,0,0,0,0,0.8694,193.07,0.0,193.07,9604.54,9587.55,0,0.0,2.0397,0,0
2026-08-27T20:01:13.364850+00:00,evasive_c2_v1,evasive_c2_v1__34f66b66f167,command_and_control,T1071.001,1,1,-0.0,0.9893,0.0303,2267.79,2456.77,0.8101,12,13,12.2016,17.5134,10.8872,1.9201,16.6477,0,0,0,0,0,0,0.9191,188.98,0.0,188.98,6559.59,7604.62,0,0.0128,1.3383,0,0
2026-08-27T20:01:18.364850+00:00,evasive_c2_v1,evasive_c2_v1__34f66b66f167,command_and_control,T1071.001,1,1,-0.0,0.9893,0.0197,988.5,988.5,0.7961,6,6,12.443,28.2826,9.1215,0.9705,12.0331,0,0,0,0,0,0,0.9897,164.75,0.0,164.75,10466.57,9560.81,0,0.0,1.7362,0,0
2026-08-27T20:01:23.364850+00:00,evasive_c2_v1,evasive_c2_v1__34f66b66f167,command_and_control,T1071.001,2,2,0.6462,0.9404,0.0533,911.64,1063.58,0.7228,3,4,6.2013,14.1336,9.0191,1.5356,13.626,0,1,0,0,0,0,0.8755,295.03,20.575,337.065,7354.655,8846.4125,0,0.0,1.8725,0,0
2026-08-27T20:01:28.364850+00:00,evasive_c2_v1,evasive_c2_v1__34f66b66f167,command_and_control,T1071.001,0,0,0.0,1.0,0.0185,0.0,0.0,0.8244,0,0,7.2361,11.9601,9.8086,2.6588,17.785,0,0,0,0,0,0,0.9425,320.0,0.0,320.0,10061.9,7645.35,0,0.0,0.963,0,0
2026-08-27T20:01:33.364850+00:00,evasive_c2_v1,evasive_c2_v1__34f66b66f167,command_and_control,T1071.001,0,0,0.0,0.9554,0.0529,0.0,0.0,0.7368,0,0,12.2216,15.3684,10.9085,2.2623,17.6954,0,0,0,0,0,0,0.8338,163.06,0.0,163.06,8146.23,9536.11,0,0.0,0.8528,0,0
2026-08-27T20:01:38.364850+00:00,evasive_c2_v1,evasive_c2_v1__34f66b66f167,command_and_control,T1071.001,2,1,-0.0,0.9879,0.0082,3165.79,3165.79,0.7013,12,12,5.1462,10.7464,10.0779,1.347,14.1191,0,1,0,0,0,0,0.9733,263.82,59.78,323.59,7530.79,9626.17,0,0.0926,1.2695,0,0
2026-08-27T20:01:43.364850+00:00,evasive_c2_v1,evasive_c2_v1__34f66b66f167,command_and_control,T1071.001,2,2,0.6462,0.9356,0.055,911.64,1063.58,0.6343,3,4,8.61,21.304,6.3323,1.0219,9.3978,0,1,0,0,0,0,0.8453,280.5775,20.575,322.6125,9013.175,8176.22,0,0.018,1.8738,0,0
2026-08-27T20:01:48.364850+00:00,evasive_c2_v1,evasive_c2_v1__34f66b66f167,command_and_control,T1071.001,0,0,0.0,0.9827,0.0181,0.0,0.0,0.8093,0,0,12.4424,29.8073,10.3471,2.7138,18.4883,0,0,0,0,0,0,1.0409,225.64,0.0,225.64,9686.28,6871.77,0,0.0607,0.5914,0,0
2026-08-27T20:01:53.364850+00:00,evasive_c2_v1,evasive_c2_v1__34f66b66f167,command_and_control,T1071.001,1,1,-0.0,1.0,0.0318,829.55,995.46,0.8095,5,6,6.4052,8.6265,11.078,1.5635,15.7686,0,0,0,0,0,0,0.7339,165.91,0.0,165.91,7441.13,6069.82,0,0.0,1.0848,0,0
2026-08-27T20:01:58.364850+00:00,evasive_c2_v1,evasive_c2_v1__34f66b66f167,command_and_control,T1071.001,1,1,-0.0,0.9976,0.0205,453.7,756.17,0.7949,3,5,7.3321,21.6479,11.2274,3.2247,20.9016,0,0,0,0,0,0,0.5973,151.23,0.0,151.23,9289.75,8398.4,0,0.0,1.3696,0,0
2026-08-27T20:02:03.364850+00:00,evasive_c2_v1,evasive_c2_v1__34f66b66f167,command_and_control,T1071.001,0,0,0.0,1.0,0.0149,0.0,0.0,0.7763,0,0,6.8309,19.6663,10.3974,2.5534,18.0576,0,0,0,0,0,0,0.8255,198.91,0.0,198.91,5990.4,9942.25,0,0.0324,1.2649,0,0
2026-08-27T20:02:08.364850+00:00,evasive_c2_v1,evasive_c2_v1__34f66b66f167,command_and_control,T1071.001,0,0,0.0,1.0,0.0,0.0,0.0,0.7252,0,0,6.0384,12.3388,9.2705,1.9222,15.0372,0,0,0,0,0,0,1.0104,172.18,0.0,172.18,7158.84,7299.18,0,0.0396,0.3969,0,0
2026-08-27T20:02:13.364850+00:00,evasive_c2_v1,evasive_c2_v1__34f66b66f167,command_and_control,T1071.001,0,0,0.0,0.9917,0.0,0.0,0.0,0.8011,0,0,9.6264,22.4115,8.23,1.3032,12.1396,0,0,0,0,0,0,0.7031,206.02,0.0,206.02,9111.29,7891.46,0,0.0,1.4439,0,0
2026-08-27T20:02:18.364850+00:00,evasive_c2_v1,evasive_c2_v1__34f66b66f167,command_and_control,T1071.001,2,1,-0.0,0.9611,0.0363,2183.37,1637.53,0.8379,8,6,10.5954,20.8056,8.7883,2.3628,15.8767,0,1,0,0,0,0,1.2492,272.92,7.77,280.69,8807.63,8549.33,0,0.0367,1.2565,0,0
2026-08-27T20:02:23.364850+00:00,evasive_c2_v1,evasive_c2_v1__34f66b66f167,command_and_control,T1071.001,0,0,0.0,0.9853,0.0,0.0,0.0,0.7978,0,0,13.0915,27.0083,7.968,1.846,13.5059,0,0,0,0,0,0,0.6319,266.92,0.0,266.92,8938.41,7146.83,0,0.0,0.8491,0,0
2026-08-27T20:02:28.364850+00:00,evasive_c2_v1,evasive_c2_v1__34f66b66f167,command_and_control,T1071.001,0,0,0.0,1.0,0.0086,0.0,0.0,0.8247,0,0,16.038,34.6202,12.7809,1.4888,17.2472,0,0,0,0,0,0,1.0626,170.42,0.0,170.42,6664.96,9130.28,0,0.0,0.7697,0,0
2026-08-27T20:02:33.364850+00:00,evasive_c2_v1,evasive_c2_v1__34f66b66f167,command_and_control,T1071.001,0,0,0.0,0.9947,0.0501,0.0,0.0,0.8078,0,0,11.6231,16.0392,9.8352,2.4975,17.3276,0,0,0,0,0,0,0.9382,255.39,0.0,255.39,8436.46,8566.29,0,0.031,0.4326,0,0
2026-08-27T20:02:38.364850+00:00,evasive_c2_v1,evasive_c2_v1__34f66b66f167,command_and_control,T1071.001,1,1,-0.0,1.0,0.0014,1421.5,1421.5,0.7434,5,5,9.8455,16.7512,8.2584,2.0261,14.3368,0,0,0,0,0,0,0.9625,284.3,0.0,284.3,8892.9,7562.18,0,0.0181,0.6634,0,0
2026-08-27T20:02:43.364850+00:00,evasive_c2_v1,evasive_c2_v1__34f66b66f167,command_and_control,T1071.001,1,1,-0.0,0.9693,0.0209,705.27,705.27,0.8719,4,4,13.7391,28.6961,10.8732,2.4674,18.2755,0,0,0,0,0,0,0.8443,176.32,0.0,176.32,8490.04,8309.76,0,0.0,1.511,0,0
2026-08-27T20:02:48.364850+00:00,evasive_c2_v1,evasive_c2_v1__34f66b66f167,command_and_control,T1071.001,0,0,0.0,0.9987,0.0,0.0,0.0,0.8154,0,0,5.5949,11.4496,9.0196,2.0565,15.1891,0,0,0,0,0,0,0.9362,258.15,0.0,258.15,7383.47,7038.07,0,0.0197,1.4915,0,0
2026-08-27T20:02:53.364850+00:00,evasive_c2_v1,evasive_c2_v1__34f66b66f167,command_and_control,T1071.001,1,1,-0.0,1.0,0.0,1894.35,1894.35,0.7685,5,5,6.7391,16.7015,8.0075,1.6841,13.0596,0,0,0,0,0,0,0.9745,378.87,0.0,378.87,9213.1,8972.8,0,0.0,0.9132,0,0
2026-08-27T20:02:58.364850+00:00,evasive_c2_v1,evasive_c2_v1__34f66b66f167,command_and_control,T1071.001,2,2,0.6462,0.9273,0.0742,911.64,1063.58,0.7246,3,4,8.5064,15.3143,7.0451,1.9939,13.0267,0,1,0,0,0,0,0.9144,262.645,20.575,304.68,9122.7125,8045.6225,0,0.0106,1.4284,0,0
2026-08-27T20:03:03.364850+00:00,evasive_c2_v1,evasive_c2_v1__34f66b66f167,command_and_control,T1071.001,1,1,-0.0,1.0,0.0,1614.81,1794.23,0.8174,9,10,16.6169,25.9391,11.9083,2.5924,19.6854,0,0,0,0,0,0,0.8836,179.42,0.0,179.42,7213.32,8992.36,0,0.0161,0.8799,0,0
2026-08-27T20:03:08.364850+00:00,evasive_c2_v1,evasive_c2_v1__34f66b66f167,command_and_control,T1071.001,1,1,-0.0,1.0,0.0051,1388.41,1157.01,0.7862,6,5,10.8251,22.6921,12.4879,1.6153,17.3338,0,0,0,0,0,0,1.1819,231.4,0.0,231.4,9128.26,7022.38,0,0.0,0.8639,0,0
2026-08-27T20:03:13.364850+00:00,evasive_c2_v1,evasive_c2_v1__34f66b66f167,command_and_control,T1071.001,1,1,-0.0,1.0,0.0126,1223.48,1223.48,0.8587,5,5,11.6464,21.8972,11.9582,3.1297,21.3473,0,0,0,0,0,0,0.9816,244.7,0.0,244.7,7512.7,9060.33,0,0.0007,1.0047,0,0
2026-08-27T20:03:18.364850+00:00,evasive_c2_v1,evasive_c2_v1__34f66b66f167,command_and_control,T1071.001,2,1,-0.0,0.9971,0.0,2743.02,2285.85,0.8047,12,10,9.5181,25.5999,9.8155,1.171,13.3284,0,1,0,0,0,0,1.0952,228.58,11.07,239.66,7907.11,8952.64,0,0.0665,0.9801,0,0
2026-08-27T20:03:23.364850+00:00,evasive_c2_v1,evasive_c2_v1__34f66b66f167,command_and_control,T1071.001,0,0,0.0,0.9595,0.0163,0.0,0.0,0.7515,0,0,15.0268,36.5889,10.1499,2.9055,18.8665,0,0,0,0,0,0,0.8861,231.57,0.0,231.57,8118.84,8221.87,0,0.0,1.236,0,0
2026-08-27T20:03:28.364850+00:00,evasive_c2_v1,evasive_c2_v1__34f66b66f167,command_and_control,T1071.001,1,1,-0.0,1.0,0.0054,1831.11,1831.11,0.8168,6,6,15.2717,35.5977,10.2478,1.0576,13.4207,0,0,0,0,0,0,0.929,305.19,0.0,305.19,9513.74,7065.96,0,0.0,1.7282,0,0
2026-08-27T20:03:33.364850+00:00,evasive_c2_v1,evasive_c2_v1__34f66b66f167,command_and_control,T1071.001,0,0,0.0,0.9928,0.0,0.0,0.0,0.7523,0,0,10.8349,15.1992,8.9511,2.2577,15.7241,0,0,0,0,0,0,1.0097,155.81,0.0,155.81,6555.4,8362.42,0,0.0473,0.2466,0,0
2026-08-27T20:03:38.364850+00:00,evasive_c2_v1,evasive_c2_v1__34f66b66f167,command_and_control,T1071.001,2,1,-0.0,1.0,0.0164,2655.84,2877.16,0.7909,12,13,12.9537,25.8795,10.4323,2.061,16.6153,0,1,0,0,0,0,0.907,221.32,32.87,254.19,6870.24,10115.95,0,0.0403,0.0,0,0
2026-08-27T20:03:43.364850+00:00,evasive_c2_v1,evasive_c2_v1__34f66b66f167,command_and_control,T1071.001,1,1,-0.0,0.9852,0.0186,1641.19,1846.34,0.8287,8,9,9.5601,14.5211,11.0177,1.2833,14.8677,0,0,0,0,0,0,0.844,205.15,0.0,205.15,7136.05,8726.01,0,0.0338,1.1153,0,0
2026-08-27T20:03:48.364850+00:00,evasive_c2_v1,evasive_c2_v1__34f66b66f167,command_and_control,T1071.001,0,0,0.0,1.0,0.008,0.0,0.0,0.7913,0,0,8.5701,12.7564,8.2841,2.3278,15.2674,0,0,0,0,0,0,0.8866,161.49,0.0,161.49,7770.92,8218.08,0,0.0386,0.7059,0,0
2026-08-27T20:03:53.364850+00:00,evasive_c2_v1,evasive_c2_v1__34f66b66f167,command_and_control,T1071.001,1,1,-0.0,1.0,0.0204,1131.03,1131.03,0.7184,8,8,5.5114,11.8765,9.5419,2.082,15.7878,0,0,0,0,0,0,0.9433,141.38,0.0,141.38,9023.35,8438.06,0,0.0064,1.216,0,0
2026-08-27T20:03:58.364850+00:00,evasive_c2_v1,evasive_c2_v1__34f66b66f167,command_and_control,T1071.001,1,1,-0.0,1.0,0.0,1168.21,1835.76,0.8025,7,11,9.2948,23.1898,9.0207,1.0574,12.1929,0,0,0,0,0,0,0.5912,166.89,0.0,166.89,8617.64,7123.37,0,0.0,0.7652,0,0
2026-08-27T20:04:03.364850+00:00,evasive_c2_v1,evasive_c2_v1__34f66b66f167,command_and_control,T1071.001,0,0,0.0,0.9907,0.0,0.0,0.0,0.8244,0,0,12.7436,33.3226,9.4941,1.8566,15.0637,0,0,0,0,0,0,0.8906,111.57,0.0,111.57,6173.92,8120.76,0,0.0,0.6926,0,0
2026-08-27T20:04:08.364850+00:00,evasive_c2_v1,evasive_c2_v1__34f66b66f167,command_and_control,T1071.001,1,1,-0.0,0.9914,0.0427,651.53,651.53,0.8114,3,3,11.4763,20.4274,10.969,1.6233,15.8389,0,0,0,0,0,0,0.9488,217.18,0.0,217.18,8919.54,8357.09,0,0.0301,0.959,0,0
2026-08-27T20:04:13.364850+00:00,evasive_c2_v1,evasive_c2_v1__34f66b66f167,command_and_control,T1071.001,2,2,0.6462,0.9278,0.0832,2265.45,2610.7925,0.7366,8,10,8.3603,13.1013,8.1688,2.0197,14.228,0,1,0,0,0,0,0.8359,269.3725,20.575,311.4075,8334.065,8977.1375,0,0.0204,2.1569,0,0
2026-08-27T20:04:18.364850+00:00,evasive_c2_v1,evasive_c2_v1__34f66b66f167,command_and_control,T1071.001,2,1,-0.0,1.0,0.0076,5807.83,6969.39,0.7054,20,24,14.9896,35.2488,12.5766,1.8027,17.9846,0,1,0,0,0,0,0.8003,290.39,30.83,321.23,6868.55,6916.77,0,0.0,1.4251,0,0
2026-08-27T20:04:23.364850+00:00,evasive_c2_v1,evasive_c2_v1__34f66b66f167,command_and_control,T1071.001,1,1,-0.0,1.0,0.0,1978.81,1978.81,0.798,10,10,7.6291,20.7711,9.9058,2.7472,18.1474,0,0,0,0,0,0,0.9956,197.88,0.0,197.88,7755.75,8023.43,0,0.04,1.2163,0,0
2026-08-27T20:04:28.364850+00:00,evasive_c2_v1,evasive_c2_v1__34f66b66f167,command_and_control,T1071.001,2,2,0.6462,0.9404,0.0817,911.64,1063.58,0.7495,3,4,4.8771,14.2643,8.7951,1.7387,14.011,0,1,0,0,0,0,0.6583,291.985,20.575,334.02,8619.6575,10063.6775,0,0.0,1.1406,0,0
2026-08-27T20:04:33.364850+00:00,evasive_c2_v1,evasive_c2_v1__34f66b66f167,command_and_control,T1071.001,0,0,0.0,0.9796,0.0443,0.0,0.0,0.6833,0,0,6.9145,9.943,8.3593,1.3177,12.3124,0,0,0,0,0,0,1.328,207.76,0.0,207.76,5438.04,9212.36,0,0.0071,0.6762,0,0
2026-08-27T20:04:38.364850+00:00,evasive_c2_v1,evasive_c2_v1__34f66b66f167,command_and_control,T1071.001,1,1,-0.0,0.9395,0.0382,891.34,891.34,0.7615,6,6,16.3154,31.4539,11.7546,3.2413,21.4786,0,0,0,0,0,0,0.9007,148.56,0.0,148.56,8345.52,9388.96,0,0.0,0.0439,0,0
2026-08-27T20:04:43.364850+00:00,evasive_c2_v1,evasive_c2_v1__34f66b66f167,command_and_control,T1071.001,0,0,0.0,0.9538,0.0524,0.0,0.0,0.8603,0,0,11.2075,23.3121,9.8401,1.3415,13.8647,0,0,0,0,0,0,1.1186,179.44,0.0,179.44,7652.84,7827.58,0,0.0187,0.9398,0,0
2026-08-27T20:04:48.364850+00:00,evasive_c2_v1,evasive_c2_v1__34f66b66f167,command_and_control,T1071.001,1,1,-0.0,0.9398,0.0836,475.29,475.29,0.7756,2,2,11.7363,20.1514,10.7247,2.3759,17.8525,0,0,0,0,0,0,0.7964,237.65,0.0,237.65,7793.59,8906.95,0,0.0283,1.5017,0,0
2026-08-27T20:04:53.364850+00:00,evasive_c2_v1,evasive_c2_v1__34f66b66f167,command_and_control,T1071.001,2,2,0.6462,0.9404,0.0754,2470.65,2622.59,0.7465,8,8,7.9851,16.9391,8.5852,2.2709,15.3977,0,1,0,0,0,0,0.923,335.8075,20.575,377.8425,8931.8675,7491.125,0,0.0046,2.0145,0,0
2026-08-27T20:04:58.364850+00:00,evasive_c2_v1,evasive_c2_v1__34f66b66f167,command_and_control,T1071.001,2,1,-0.0,1.0,0.016,1847.88,1693.89,0.8089,12,11,11.4164,22.5767,12.3328,1.8868,17.9931,0,1,0,0,0,0,1.0411,153.99,52.32,206.31,8340.53,9680.18,0,0.0096,0.6574,0,0
2026-08-27T20:05:03.364850+00:00,evasive_c2_v1,evasive_c2_v1__34f66b66f167,command_and_control,T1071.001,1,1,-0.0,1.0,0.0,509.92,509.92,0.8538,3,3,5.8573,16.5971,10.3737,1.4051,14.5891,0,0,0,0,0,0,0.7719,169.97,0.0,169.97,9576.69,10053.5,0,0.0,1.6591,0,0
2026-08-27T20:05:08.364850+00:00,evasive_c2_v1,evasive_c2_v1__34f66b66f167,command_and_control,T1071.001,2,2,0.6462,0.914,0.0972,911.64,1063.58,0.7717,3,4,12.9564,25.9377,9.7256,2.6143,17.5687,0,1,0,0,0,0,1.0072,196.4425,20.575,238.4775,7313.225,7986.305,0,0.0,1.8233,0,0
2026-08-27T20:05:13.364850+00:00,evasive_c2_v1,evasive_c2_v1__34f66b66f167,command_and_control,T1071.001,1,1,-0.0,1.0,0.0,1934.39,1612.0,0.9223,6,5,10.5055,26.7113,11.6576,1.5543,16.3205,0,0,0,0,0,0,1.059,322.4,0.0,322.4,9102.13,7550.09,0,0.0372,1.4103,0,0
2026-08-27T20:05:18.364850+00:00,evasive_c2_v1,evasive_c2_v1__34f66b66f167,command_and_control,T1071.001,0,0,0.0,1.0,0.0,0.0,0.0,0.8446,0,0,10.7258,22.4282,9.499,2.6405,17.4206,0,0,0,0,0,0,0.9636,281.78,0.0,281.78,8631.04,9414.07,0,0.1075,0.6338,0,0
2026-08-27T20:05:23.364850+00:00,evasive_c2_v1,evasive_c2_v1__34f66b66f167,command_and_control,T1071.001,1,1,-0.0,1.0,0.026,1168.99,935.2,0.7969,5,4,11.059,31.3916,9.4293,1.19,12.9993,0,0,0,0,0,0,1.2253,233.8,0.0,233.8,7532.0,6912.9,0,0.0575,0.6427,0,0
2026-08-27T20:05:28.364850+00:00,evasive_c2_v1,evasive_c2_v1__34f66b66f167,command_and_control,T1071.001,0,0,0.0,1.0,0.0057,0.0,0.0,0.8309,0,0,10.1832,20.8776,13.1972,1.8198,18.6565,0,0,0,0,0,0,0.6724,462.04,0.0,462.04,7936.98,8449.8,0,0.0,1.0105,0,0
2026-08-27T20:05:33.364850+00:00,evasive_c2_v1,evasive_c2_v1__34f66b66f167,command_and_control,T1071.001,1,1,-0.0,0.9809,0.0202,4292.33,3534.86,0.7235,17,14,14.5536,26.705,9.7537,1.8727,15.3718,0,0,0,0,0,0,1.1359,252.49,0.0,252.49,7061.14,7576.91,0,0.0331,1.1735,0,0
2026-08-27T20:05:38.364850+00:00,evasive_c2_v1,evasive_c2_v1__34f66b66f167,command_and_control,T1071.001,1,1,-0.0,1.0,0.0067,1033.76,1476.8,0.685,7,10,8.6163,10.8335,9.985,1.1374,13.3971,0,0,0,0,0,0,0.6783,147.68,0.0,147.68,8221.75,9100.0,0,0.0305,1.0638,0,0
2026-08-27T20:05:43.364850+00:00,evasive_c2_v1,evasive_c2_v1__34f66b66f167,command_and_control,T1071.001,0,0,0.0,0.9734,0.0178,0.0,0.0,0.7791,0,0,12.2155,34.1157,10.4399,1.3771,14.5713,0,0,0,0,0,0,1.2113,157.4,0.0,157.4,9423.9,8123.97,0,0.0013,0.5921,0,0
2026-08-27T20:05:48.364850+00:00,evasive_c2_v1,evasive_c2_v1__34f66b66f167,command_and_control,T1071.001,0,0,0.0,1.0,0.0,0.0,0.0,0.7937,0,0,9.5553,23.8547,9.1061,0.9639,11.9978,0,0,0,0,0,0,0.8365,180.6,0.0,180.6,7397.1,8350.01,0,0.0,1.8931,0,0
2026-08-27T20:05:53.364850+00:00,evasive_c2_v1,evasive_c2_v1__34f66b66f167,command_and_control,T1071.001,0,0,0.0,1.0,0.0,0.0,0.0,0.8377,0,0,15.733,45.5974,13.4071,1.9936,19.3878,0,0,0,0,0,0,0.7686,161.62,0.0,161.62,6277.64,8813.46,0,0.0159,0.5329,0,0
2026-08-27T20:05:58.364850+00:00,evasive_c2_v1,evasive_c2_v1__34f66b66f167,command_and_control,T1071.001,0,0,0.0,0.9742,0.043,0.0,0.0,0.778,0,0,11.2232,33.012,9.8378,1.3504,13.8891,0,0,0,0,0,0,1.1908,147.41,0.0,147.41,8040.77,9014.83,0,0.0,0.6738,0,0
2026-08-27T20:06:03.364850+00:00,evasive_c2_v1,evasive_c2_v1__34f66b66f167,command_and_control,T1071.001,0,0,0.0,1.0,0.0171,0.0,0.0,0.7474,0,0,10.6304,14.216,9.887,2.8125,18.3245,0,0,0,0,0,0,0.629,157.15,0.0,157.15,7986.68,8622.64,0,0.0,1.1383,0,0
2026-08-27T20:06:08.364850+00:00,evasive_c2_v1,evasive_c2_v1__34f66b66f167,command_and_control,T1071.001,0,0,0.0,0.9294,0.0695,0.0,0.0,0.786,0,0,6.6819,18.8618,9.6157,0.9765,12.5452,0,0,0,0,0,0,0.9269,126.91,0.0,126.91,5812.68,9259.59,0,0.0,0.5671,0,0
2026-08-27T20:06:13.364850+00:00,evasive_c2_v1,evasive_c2_v1__34f66b66f167,command_and_control,T1071.001,0,0,0.0,0.9843,0.0072,0.0,0.0,0.7326,0,0,13.7787,33.1523,10.1089,2.0224,16.1762,0,0,0,0,0,0,1.148,282.78,0.0,282.78,7377.35,8511.63,0,0.0494,0.0,0,0
2026-08-27T20:06:18.364850+00:00,evasive_c2_v1,evasive_c2_v1__34f66b66f167,command_and_control,T1071.001,1,1,-0.0,1.0,0.0,1192.39,2146.3,0.7608,5,9,17.8261,24.2339,12.3848,1.8151,17.8301,0,0,0,0,0,0,0.5043,238.48,0.0,238.48,8068.6,7197.76,0,0.0,0.9467,0,0
2026-08-27T20:06:23.364850+00:00,evasive_c2_v1,evasive_c2_v1__34f66b66f167,command_and_control,T1071.001,1,1,-0.0,0.9673,0.0389,1449.19,1328.43,0.8527,12,11,10.0146,12.9211,11.2429,2.3667,18.343,0,0,0,0,0,0,1.0019,120.77,0.0,120.77,7688.09,8375.01,0,0.0,0.4952,0,0
2026-08-27T20:06:28.364850+00:00,evasive_c2_v1,evasive_c2_v1__34f66b66f167,command_and_control,T1071.001,0,0,0.0,1.0,0.0,0.0,0.0,0.8232,0,0,15.0216,38.3207,10.5328,2.8634,19.1231,0,0,0,0,0,0,1.2033,378.54,0.0,378.54,7690.02,8034.83,0,0.0287,1.096,0,0
2026-08-27T20:06:33.364850+00:00,evasive_c2_v1,evasive_c2_v1__34f66b66f167,command_and_control,T1071.001,3,3,1.3962,0.9383,0.0759,2942.6475,3297.6875,0.7045,10,12,7.3562,15.8229,8.4023,1.0172,11.4539,0,2,0,0,0,0,0.8387,279.07,77.11,377.64,9974.9825,7009.5125,0,0.0,1.8021,0,0
2026-08-27T20:06:38.364850+00:00,evasive_c2_v1,evasive_c2_v1__34f66b66f167,command_and_control,T1071.001,1,1,-0.0,1.0,0.0282,686.82,824.18,0.9035,5,6,7.3043,10.2998,11.9617,2.1182,18.3163,0,0,0,0,0,0,0.7824,137.36,0.0,137.36,7686.91,5730.53,0,0.0107,1.0381,0,0
2026-08-27T20:06:43.364850+00:00,evasive_c2_v1,evasive_c2_v1__34f66b66f167,command_and_control,T1071.001,0,0,0.0,0.997,0.0007,0.0,0.0,0.8893,0,0,9.6641,14.8692,10.3912,2.157,16.8621,0,0,0,0,0,0,0.7517,383.68,0.0,383.68,6682.75,6990.13,0,0.0,0.8436,0,0
2026-08-27T20:06:48.364850+00:00,evasive_c2_v1,evasive_c2_v1__34f66b66f167,command_and_control,T1071.001,0,0,0.0,0.9684,0.0432,0.0,0.0,0.8984,0,0,10.5334,21.0957,9.279,1.272,13.095,0,0,0,0,0,0,1.3653,226.52,0.0,226.52,7062.8,6705.16,0,0.0,1.5992,0,0
2026-08-27T20:06:53.364850+00:00,evasive_c2_v1,evasive_c2_v1__34f66b66f167,command_and_control,T1071.001,0,0,0.0,1.0,0.0,0.0,0.0,0.8392,0,0,8.7957,20.1185,11.5709,2.5041,19.0832,0,0,0,0,0,0,1.0362,195.13,0.0,195.13,7533.7,7686.35,0,0.0,1.3738,0,0
2026-08-27T20:06:58.364850+00:00,evasive_c2_v1,evasive_c2_v1__34f66b66f167,command_and_control,T1071.001,0,0,0.0,0.9835,0.0128,0.0,0.0,0.7607,0,0,11.8865,18.3038,10.3237,2.3435,17.3543,0,0,0,0,0,0,0.8062,198.76,0.0,198.76,8289.69,7810.79,0,0.0027,1.4278,0,0
2026-08-27T20:07:03.364850+00:00,evasive_c2_v1,evasive_c2_v1__34f66b66f167,command_and_control,T1071.001,1,1,-0.0,1.0,0.0,1608.81,1838.64,0.8661,7,8,10.854,23.2779,8.5892,1.9211,14.3524,0,0,0,0,0,0,0.8066,229.83,0.0,229.83,8538.13,7636.11,0,0.0132,0.0,0,0
2026-08-27T20:07:08.364850+00:00,evasive_c2_v1,evasive_c2_v1__34f66b66f167,command_and_control,T1071.001,1,1,-0.0,0.9537,0.0383,1758.85,1465.71,0.7271,6,5,8.8482,21.6366,8.2499,1.1033,11.5599,0,0,0,0,0,0,1.0663,293.14,0.0,293.14,7741.81,9272.34,0,0.0,1.5938,0,0
2026-08-27T20:07:13.364850+00:00,evasive_c2_v1,evasive_c2_v1__34f66b66f167,command_and_control,T1071.001,2,2,0.6462,0.9287,0.0533,1360.47,1512.41,0.727,5,6,8.0895,22.1078,6.4152,1.618,11.2693,0,1,0,0,0,0,0.8348,225.58,20.575,267.615,8460.845,6949.4975,0,0.0,1.1406,0,0
2026-08-27T20:07:18.364850+00:00,evasive_c2_v1,evasive_c2_v1__34f66b66f167,command_and_control,T1071.001,0,0,0.0,1.0,0.0,0.0,0.0,0.8073,0,0,6.5382,9.0542,9.3831,1.0564,12.5524,0,0,0,0,0,0,0.9133,231.98,0.0,231.98,7670.26,8599.03,0,0.0,1.3525,0,0
2026-08-27T20:07:23.364850+00:00,evasive_c2_v1,evasive_c2_v1__34f66b66f167,command_and_control,T1071.001,0,0,0.0,0.9883,0.0223,0.0,0.0,0.77,0,0,5.8901,10.9014,11.4928,1.4816,15.9375,0,0,0,0,0,0,1.0342,147.58,0.0,147.58,8472.37,7225.01,0,0.0599,1.3765,0,0
2026-08-27T20:07:28.364850+00:00,evasive_c2_v1,evasive_c2_v1__34f66b66f167,command_and_control,T1071.001,1,1,-0.0,1.0,0.0058,625.84,417.23,0.7998,3,2,13.1944,32.7802,11.9585,2.1338,18.3598,0,0,0,0,0,0,1.1167,208.61,0.0,208.61,8489.46,7099.99,0,0.0332,0.9791,0,0
2026-08-27T20:07:33.364850+00:00,evasive_c2_v1,evasive_c2_v1__34f66b66f167,command_and_control,T1071.001,2,2,1.0,1.0,0.0134,2183.5,2183.5,0.6926,12,12,9.3596,11.6879,9.5016,1.478,13.9357,0,1,0,0,0,0,0.9373,181.96,17.76,199.72,9184.95,7018.29,0,0.0,1.6646,0,0
2026-08-27T20:07:38.364850+00:00,evasive_c2_v1,evasive_c2_v1__34f66b66f167,command_and_control,T1071.001,0,0,0.0,0.9522,0.0566,0.0,0.0,0.7741,0,0,10.5673,30.1922,8.5526,2.0467,14.6926,0,0,0,0,0,0,1.0774,168.94,0.0,168.94,8640.93,8051.72,0,0.0,1.4403,0,0
2026-08-27T20:07:43.364850+00:00,evasive_c2_v1,evasive_c2_v1__34f66b66f167,command_and_control,T1071.001,1,1,-0.0,0.996,0.0,529.17,352.78,0.8123,3,2,11.7323,16.6781,13.2023,2.517,20.7532,0,0,0,0,0,0,1.1239,176.39,0.0,176.39,8670.54,7806.49,0,0.0,1.2299,0,0
2026-08-27T20:07:48.364850+00:00,evasive_c2_v1,evasive_c2_v1__34f66b66f167,command_and_control,T1071.001,0,0,0.0,1.0,0.0021,0.0,0.0,0.7168,0,0,7.8911,20.8815,13.207,3.7747,24.5311,0,0,0,0,0,0,0.7939,212.52,0.0,212.52,7839.79,10177.33,0,0.0,0.9634,0,0
2026-08-27T20:07:53.364850+00:00,evasive_c2_v1,evasive_c2_v1__34f66b66f167,command_and_control,T1071.001,2,2,0.6462,0.9404,0.0533,911.64,1063.58,0.6674,3,4,4.4959,12.1689,6.7409,1.6803,11.7819,0,1,0,0,0,0,0.8138,217.8025,20.575,259.8375,8212.94,7896.665,0,0.0,1.8499,0,0
2026-08-27T20:07:58.364850+00:00,evasive_c2_v1,evasive_c2_v1__34f66b66f167,command_and_control,T1071.001,0,0,0.0,0.9761,0.0,0.0,0.0,0.8329,0,0,4.9909,12.4275,6.9843,1.3549,11.049,0,0,0,0,0,0,0.6773,204.04,0.0,204.04,7078.7,8870.24,0,0.0024,0.2864,0,0
2026-08-27T20:08:03.364850+00:00,evasive_c2_v1,evasive_c2_v1__34f66b66f167,command_and_control,T1071.001,2,2,1.0,1.0,0.0116,4168.21,4428.72,0.7859,16,17,15.7435,40.9059,12.4654,2.8778,21.0989,0,1,0,0,0,0,0.9121,260.51,33.64,294.15,7150.52,7547.01,0,0.0184,2.0154,0,0
2026-08-27T20:08:08.364850+00:00,evasive_c2_v1,evasive_c2_v1__34f66b66f167,command_and_control,T1071.001,0,0,0.0,0.984,0.0,0.0,0.0,0.8154,0,0,12.792,15.8333,11.2539,3.1103,20.5848,0,0,0,0,0,0,0.8572,149.49,0.0,149.49,7019.98,9991.42,0,0.0149,1.5999,0,0
2026-08-27T20:08:13.364850+00:00,evasive_c2_v1,evasive_c2_v1__34f66b66f167,command_and_control,T1071.001,2,2,0.6462,0.9191,0.0771,2943.09,3907.61,0.7626,10,14,7.2373,11.0229,7.3095,1.7494,12.5578,0,1,0,0,0,0,0.7288,279.115,20.575,321.15,8459.2175,6963.4925,0,0.0214,1.8807,0,0
2026-08-27T20:08:18.364850+00:00,evasive_c2_v1,evasive_c2_v1__34f66b66f167,command_and_control,T1071.001,0,0,0.0,1.0,0.0008,0.0,0.0,0.7934,0,0,8.1334,10.9971,9.9916,2.9954,18.9778,0,0,0,0,0,0,0.8154,225.42,0.0,225.42,7787.1,7789.88,0,0.057,1.8122,0,0
2026-08-27T20:08:23.364850+00:00,evasive_c2_v1,evasive_c2_v1__34f66b66f167,command_and_control,T1071.001,1,1,-0.0,1.0,0.0,433.99,433.99,0.8685,2,2,16.1215,34.3569,11.3388,2.6434,19.2689,0,0,0,0,0,0,0.8142,217.0,0.0,217.0,6794.1,7521.08,0,0.0095,0.0,0,0
2026-08-27T20:08:28.364850+00:00,evasive_c2_v1,evasive_c2_v1__34f66b66f167,command_and_control,T1071.001,0,0,0.0,0.9497,0.0417,0.0,0.0,0.8,0,0,9.8052,19.446,11.1554,3.0692,20.3631,0,0,0,0,0,0,1.0464,214.49,0.0,214.49,7967.26,7912.22,0,0.0,0.7634,0,0
2026-08-27T20:08:33.364850+00:00,evasive_c2_v1,evasive_c2_v1__34f66b66f167,command_and_control,T1071.001,0,0,0.0,1.0,0.0018,0.0,0.0,0.7562,0,0,12.3902,23.6636,10.8423,2.7673,19.1442,0,0,0,0,0,0,1.0144,223.78,0.0,223.78,8948.16,6674.59,0,0.0082,0.5378,0,0
2026-08-27T20:08:38.364850+00:00,evasive_c2_v1,evasive_c2_v1__34f66b66f167,command_and_control,T1071.001,2,2,0.6462,0.9404,0.0533,911.64,1063.58,0.8028,3,4,8.8599,21.5702,6.609,1.0373,9.7209,0,1,0,0,0,0,0.8361,159.6175,20.575,201.6525,8163.875,7817.24,0,0.0,2.5351,0,0
2026-08-27T20:08:43.364850+00:00,evasive_c2_v1,evasive_c2_v1__34f66b66f167,command_and_control,T1071.001,0,0,0.0,0.9707,0.0323,0.0,0.0,0.7546,0,0,10.1087,16.1833,9.7278,1.4364,14.037,0,0,0,0,0,0,1.0776,138.0,0.0,138.0,9860.81,9624.66,0,0.0,0.6831,0,0
2026-08-27T20:08:48.364850+00:00,evasive_c2_v1,evasive_c2_v1__34f66b66f167,command_and_control,T1071.001,0,0,0.0,1.0,0.0439,0.0,0.0,0.7793,0,0,9.2655,19.1369,7.7908,0.924,10.5629,0,0,0,0,0,0,1.0212,298.08,0.0,298.08,8543.87,8356.6,0,0.005,0.9638,0,0
2026-08-27T20:08:53.364850+00:00,evasive_c2_v1,evasive_c2_v1__34f66b66f167,command_and_control,T1071.001,4,2,1.0,1.0,0.0,3786.7,3218.7,0.8161,20,17,17.4747,39.2345,12.5813,2.0282,18.6661,0,2,0,0,0,0,1.1155,189.34,81.8,329.84,7525.56,8664.6,0,0.0134,1.8667,0,0
2026-08-27T20:08:58.364850+00:00,evasive_c2_v1,evasive_c2_v1__34f66b66f167,command_and_control,T1071.001,0,0,0.0,1.0,0.0205,0.0,0.0,0.8085,0,0,9.6181,21.6647,9.4809,1.0707,12.6929,0,0,0,0,0,0,1.0122,179.07,0.0,179.07,7943.87,6904.96,0,0.0495,0.9744,0,0
2026-08-27T20:09:03.364850+00:00,evasive_c2_v1,evasive_c2_v1__34f66b66f167,command_and_control,T1071.001,0,0,0.0,1.0,0.0,0.0,0.0,0.8038,0,0,5.1089,13.0428,9.7139,2.6058,17.5315,0,0,0,0,0,0,1.0203,204.69,0.0,204.69,8326.13,8201.65,0,0.0,0.2157,0,0
2026-08-27T20:09:08.364850+00:00,evasive_c2_v1,evasive_c2_v1__34f66b66f167,command_and_control,T1071.001,0,0,0.0,0.9981,0.0032,0.0,0.0,0.7826,0,0,8.6173,19.3692,8.7548,1.8824,14.402,0,0,0,0,0,0,1.0494,176.12,0.0,176.12,7334.64,8554.67,0,0.0021,0.4023,0,0
2026-08-27T20:09:13.364850+00:00,evasive_c2_v1,evasive_c2_v1__34f66b66f167,command_and_control,T1071.001,1,1,-0.0,0.9915,0.0097,1224.42,874.59,0.8385,7,5,12.5586,24.2438,10.3067,1.8844,15.9598,0,0,0,0,0,0,1.2597,174.92,0.0,174.92,8728.44,8047.92,0,0.037,1.1753,0,0
2026-08-27T20:09:18.364850+00:00,evasive_c2_v1,evasive_c2_v1__34f66b66f167,command_and_control,T1071.001,0,0,0.0,0.9761,0.0284,0.0,0.0,0.7383,0,0,7.4943,20.4411,10.4862,2.6029,18.2949,0,0,0,0,0,0,0.9369,165.36,0.0,165.36,6917.14,7188.33,0,0.0126,0.8939,0,0
2026-08-27T20:09:23.364850+00:00,evasive_c2_v1,evasive_c2_v1__34f66b66f167,command_and_control,T1071.001,1,1,-0.0,1.0,0.0424,1913.59,3029.85,0.8505,12,19,14.9236,25.3874,8.98,2.5262,16.5587,0,0,0,0,0,0,0.6252,159.47,0.0,159.47,7050.93,9359.02,0,0.0276,0.4173,0,0
2026-08-27T20:09:28.364850+00:00,evasive_c2_v1,evasive_c2_v1__34f66b66f167,command_and_control,T1071.001,1,1,-0.0,1.0,0.0,755.45,944.31,0.8622,4,5,13.8423,17.554,12.2265,1.4166,16.4763,0,0,0,0,0,0,0.7925,188.86,0.0,188.86,9358.2,9442.32,0,0.0095,1.4974,0,0
2026-08-27T20:09:33.364850+00:00,evasive_c2_v1,evasive_c2_v1__34f66b66f167,command_and_control,T1071.001,2,1,-0.0,0.986,0.0277,2808.34,2607.75,0.8623,14,13,6.6703,15.6922,10.0488,2.8314,18.5431,0,1,0,0,0,0,1.0394,200.6,7.8,208.4,7500.31,7236.32,0,0.0,0.6583,0,0
2026-08-27T20:09:38.364850+00:00,evasive_c2_v1,evasive_c2_v1__34f66b66f167,command_and_control,T1071.001,0,0,0.0,0.98,0.004,0.0,0.0,0.7879,0,0,13.7483,17.6193,8.3455,1.1129,11.6844,0,0,0,0,0,0,0.8775,192.92,0.0,192.92,9782.75,6320.38,0,0.0244,0.4373,0,0
2026-08-27T20:09:43.364850+00:00,evasive_c2_v1,evasive_c2_v1__34f66b66f167,command_and_control,T1071.001,0,0,0.0,1.0,0.0226,0.0,0.0,0.7983,0,0,8.9134,15.6692,7.8023,2.003,13.8113,0,0,0,0,0,0,1.0811,214.07,0.0,214.07,7989.47,7066.42,0,0.0,1.0857,0,0
2026-08-27T20:09:48.364850+00:00,evasive_c2_v1,evasive_c2_v1__34f66b66f167,command_and_control,T1071.001,0,0,0.0,1.0,0.006,0.0,0.0,0.8885,0,0,5.5181,11.656,8.1537,1.2981,12.0479,0,0,0,0,0,0,0.6701,308.83,0.0,308.83,9401.85,8727.92,0,0.0308,0.0,0,0
2026-08-27T20:09:53.364850+00:00,evasive_c2_v1,evasive_c2_v1__34f66b66f167,command_and_control,T1071.001,0,0,0.0,1.0,0.0511,0.0,0.0,0.8324,0,0,9.6918,12.2687,8.7927,2.2598,15.5722,0,0,0,0,0,0,0.7599,217.63,0.0,217.63,8019.13,9570.41,0,0.0056,0.6615,0,0
2026-08-27T20:09:58.364850+00:00,evasive_c2_v1,evasive_c2_v1__34f66b66f167,command_and_control,T1071.001,0,0,0.0,1.0,0.0339,0.0,0.0,0.7011,0,0,6.1676,14.1507,7.0008,2.0897,13.27,0,0,0,0,0,0,0.8188,254.55,0.0,254.55,6985.12,5858.74,0,0.0175,0.1282,0,0
2026-08-27T20:10:03.364850+00:00,evasive_c2_v1,evasive_c2_v1__34f66b66f167,command_and_control,T1071.001,0,0,0.0,1.0,0.0,0.0,0.0,0.7478,0,0,8.0703,21.4797,10.0673,2.3547,17.1316,0,0,0,0,0,0,0.984,180.72,0.0,180.72,8222.62,7676.01,0,0.0071,1.241,0,0
2026-08-27T20:10:08.364850+00:00,evasive_c2_v1,evasive_c2_v1__34f66b66f167,command_and_control,T1071.001,2,2,0.6462,0.9404,0.0676,911.64,1063.58,0.753,3,4,5.8156,11.16,10.3537,2.281,17.1965,0,1,0,0,0,0,0.6777,196.96,20.575,238.995,7880.735,8402.135,0,0.0065,1.367,0,0
2026-08-27T20:10:13.364850+00:00,evasive_c2_v1,evasive_c2_v1__34f66b66f167,command_and_control,T1071.001,0,0,0.0,1.0,0.0195,0.0,0.0,0.7822,0,0,12.6378,35.6333,9.1815,2.5806,16.9233,0,0,0,0,0,0,1.1945,162.6,0.0,162.6,9739.02,8743.42,0,0.0244,1.3259,0,0
2026-08-27T20:10:18.364850+00:00,evasive_c2_v1,evasive_c2_v1__34f66b66f167,command_and_control,T1071.001,0,0,0.0,0.9944,0.0045,0.0,0.0,0.9201,0,0,15.8169,32.9339,11.7337,3.1311,21.1271,0,0,0,0,0,0,0.7499,212.92,0.0,212.92,9728.05,7921.39,0,0.0,1.6254,0,0
2026-08-27T20:10:23.364850+00:00,evasive_c2_v1,evasive_c2_v1__34f66b66f167,command_and_control,T1071.001,0,0,0.0,1.0,0.0,0.0,0.0,0.7759,0,0,12.7649,37.8943,10.567,1.3372,14.5786,0,0,0,0,0,0,0.7439,127.87,0.0,127.87,7725.73,6212.3,0,0.012,1.7432,0,0
2026-08-27T20:10:28.364850+00:00,evasive_c2_v1,evasive_c2_v1__34f66b66f167,command_and_control,T1071.001,2,2,0.6462,0.8929,0.0819,911.64,1063.58,0.7381,3,4,4.5569,10.2102,6.7949,0.7409,9.0175,0,1,0,0,0,0,0.8951,210.58,20.575,252.615,9302.54,8572.34,0,0.0,1.548,0,0
2026-08-27T20:10:33.364850+00:00,evasive_c2_v1,evasive_c2_v1__34f66b66f167,command_and_control,T1071.001,0,0,0.0,0.9948,0.0038,0.0,0.0,0.87,0,0,12.5394,32.148,11.7429,2.0312,17.8366,0,0,0,0,0,0,0.8104,157.73,0.0,157.73,6631.92,8656.56,0,0.0346,0.994,0,0
2026-08-27T20:10:38.364850+00:00,evasive_c2_v1,evasive_c2_v1__34f66b66f167,command_and_control,T1071.001,2,2,0.6462,0.9404,0.0533,1837.515,2359.805,0.7209,7,9,7.3447,21.4418,7.1801,1.0426,10.3079,0,1,0,0,0,0,0.737,261.145,20.575,303.18,8548.76,7929.9425,0,0.0382,2.3029,0,0
2026-08-27T20:10:43.364850+00:00,evasive_c2_v1,evasive_c2_v1__34f66b66f167,command_and_control,T1071.001,0,0,0.0,0.9548,0.0229,0.0,0.0,0.7604,0,0,5.0665,10.3311,8.9137,1.4253,13.1897,0,0,0,0,0,0,0.9497,302.63,0.0,302.63,7469.64,8699.25,0,0.0,1.4718,0,0
2026-08-27T20:10:48.364850+00:00,evasive_c2_v1,evasive_c2_v1__34f66b66f167,command_and_control,T1071.001,0,0,0.0,1.0,0.0214,0.0,0.0,0.7748,0,0,8.4103,13.8849,12.9899,2.3417,20.015,0,0,0,0,0,0,0.8344,203.31,0.0,203.31,8157.4,8806.68,0,0.0,1.1267,0,0
2026-08-27T20:10:53.364850+00:00,evasive_c2_v1,evasive_c2_v1__34f66b66f167,command_and_control,T1071.001,1,1,-0.0,0.9987,0.0012,453.11,453.11,0.8549,3,3,7.2058,14.9264,8.4068,2.3441,15.4392,0,0,0,0,0,0,0.8685,151.04,0.0,151.04,9788.92,7353.85,0,0.0055,1.305,0,0
2026-08-27T20:10:58.364850+00:00,evasive_c2_v1,evasive_c2_v1__34f66b66f167,command_and_control,T1071.001,0,0,0.0,1.0,0.0004,0.0,0.0,0.8005,0,0,16.5132,23.4509,14.2614,2.4938,21.7428,0,0,0,0,0,0,1.041,185.7,0.0,185.7,8869.6,8393.78,0,0.0,1.8649,0,0
2026-08-27T20:11:03.364850+00:00,evasive_c2_v1,evasive_c2_v1__34f66b66f167,command_and_control,T1071.001,1,1,-0.0,1.0,0.0315,700.24,525.18,0.8349,4,3,13.0312,30.946,11.8766,2.7202,20.0371,0,0,0,0,0,0,1.0961,175.06,0.0,175.06,7767.14,7468.17,0,0.0662,0.994,0,0
2026-08-27T20:11:08.364850+00:00,evasive_c2_v1,evasive_c2_v1__34f66b66f167,command_and_control,T1071.001,0,0,0.0,1.0,0.0353,0.0,0.0,0.7735,0,0,13.2775,30.0554,11.5423,2.2958,18.4297,0,0,0,0,0,0,0.771,244.58,0.0,244.58,9443.58,9125.19,0,0.0,1.6401,0,0
2026-08-27T20:11:13.364850+00:00,evasive_c2_v1,evasive_c2_v1__34f66b66f167,command_and_control,T1071.001,1,1,-0.0,0.9921,0.0,2195.61,2634.73,0.7155,10,12,15.8844,46.5238,10.5174,1.9474,16.3596,0,0,0,0,0,0,0.822,219.56,0.0,219.56,7455.54,7636.31,0,0.0,1.1927,0,0
2026-08-27T20:11:18.364850+00:00,evasive_c2_v1,evasive_c2_v1__34f66b66f167,command_and_control,T1071.001,2,2,1.0,1.0,0.0076,2919.34,3162.61,0.7271,12,13,7.4308,11.863,10.7536,2.9884,19.7186,0,1,0,0,0,0,0.8591,243.28,44.95,288.23,8854.81,11095.07,0,0.0,1.1796,0,0
2026-08-27T20:11:23.364850+00:00,evasive_c2_v1,evasive_c2_v1__34f66b66f167,command_and_control,T1071.001,1,1,-0.0,1.0,0.0,1049.6,1312.0,0.7147,4,5,6.8151,19.0893,10.1611,1.1552,13.6268,0,0,0,0,0,0,0.752,262.4,0.0,262.4,8535.14,7667.36,0,0.0387,1.0928,0,0
2026-08-27T20:11:28.364850+00:00,evasive_c2_v1,evasive_c2_v1__34f66b66f167,command_and_control,T1071.001,2,1,-0.0,1.0,0.0113,2536.1,4166.45,0.744,14,23,8.5197,16.3228,9.5033,1.2631,13.2925,0,1,0,0,0,0,0.5954,181.15,32.22,213.37,8728.52,7829.57,0,0.0,1.7127,0,0
2026-08-27T20:11:33.364850+00:00,evasive_c2_v1,evasive_c2_v1__34f66b66f167,command_and_control,T1071.001,0,0,0.0,0.9941,0.0,0.0,0.0,0.808,0,0,4.9557,13.3847,9.7143,1.4307,14.0065,0,0,0,0,0,0,1.0294,235.31,0.0,235.31,8757.51,9368.12,0,0.0,1.6693,0,0
2026-08-27T20:11:38.364850+00:00,evasive_c2_v1,evasive_c2_v1__34f66b66f167,command_and_control,T1071.001,0,0,0.0,1.0,0.006,0.0,0.0,0.844,0,0,10.0542,24.7242,8.9015,1.2626,12.6894,0,0,0,0,0,0,0.8304,232.73,0.0,232.73,7881.28,9195.72,0,0.0,0.1784,0,0
2026-08-27T20:11:43.364850+00:00,evasive_c2_v1,evasive_c2_v1__34f66b66f167,command_and_control,T1071.001,0,0,0.0,0.9991,0.0203,0.0,0.0,0.772,0,0,14.9006,28.5695,11.1138,3.0462,20.2523,0,0,0,0,0,0,0.7695,176.52,0.0,176.52,6137.3,9412.15,0,0.0196,0.9711,0,0
2026-08-27T20:11:48.364850+00:00,evasive_c2_v1,evasive_c2_v1__34f66b66f167,command_and_control,T1071.001,1,1,-0.0,0.9609,0.0305,1814.67,1411.41,0.8232,9,7,6.6196,14.4084,7.9803,0.8803,10.6211,0,0,0,0,0,0,1.2151,201.63,0.0,201.63,7628.23,10303.33,0,0.0,1.0527,0,0
2026-08-27T20:11:53.364850+00:00,evasive_c2_v1,evasive_c2_v1__34f66b66f167,command_and_control,T1071.001,1,1,-0.0,1.0,0.0,1193.1,1193.1,0.7592,5,5,9.256,24.8252,7.0901,1.8929,12.7689,0,0,0,0,0,0,0.8723,238.62,0.0,238.62,7992.59,7934.06,0,0.0,2.1951,0,0
2026-08-27T20:11:58.364850+00:00,evasive_c2_v1,evasive_c2_v1__34f66b66f167,command_and_control,T1071.001,3,2,0.6462,0.9404,0.0553,3340.23,3665.6375,0.6766,14,15,4.7081,12.8751,7.2203,1.9174,12.9726,0,2,0,0,0,0,0.8932,249.4375,21.805,292.7025,7991.585,8137.9775,0,0.0218,1.3066,0,0
2026-08-27T20:12:03.364850+00:00,evasive_c2_v1,evasive_c2_v1__34f66b66f167,command_and_control,T1071.001,1,1,-0.0,0.9942,0.0,419.66,419.66,0.8039,2,2,6.283,9.1221,9.8213,1.0255,12.8977,0,0,0,0,0,0,0.9471,209.83,0.0,209.83,7629.14,7748.78,0,0.0579,0.8494,0,0
2026-08-27T20:12:08.364850+00:00,evasive_c2_v1,evasive_c2_v1__34f66b66f167,command_and_control,T1071.001,1,1,-0.0,1.0,0.0319,2058.15,2469.78,0.7935,10,12,14.8486,33.3868,12.6906,2.9271,21.472,0,0,0,0,0,0,0.8049,205.81,0.0,205.81,8235.2,9561.13,0,0.0,0.5999,0,0
2026-08-27T20:12:13.364850+00:00,evasive_c2_v1,evasive_c2_v1__34f66b66f167,command_and_control,T1071.001,2,2,1.0,0.9122,0.0754,4246.7,5426.34,0.7757,18,23,7.7239,18.1333,10.1264,1.1481,13.5706,0,1,0,0,0,0,0.7734,235.93,19.75,255.68,10665.53,9384.18,0,0.0707,1.0488,0,0
2026-08-27T20:12:18.364850+00:00,evasive_c2_v1,evasive_c2_v1__34f66b66f167,command_and_control,T1071.001,2,2,0.6462,0.909,0.0999,911.64,1063.58,0.6891,3,4,4.0772,5.3608,6.2898,1.5357,10.897,0,1,0,0,0,0,0.7643,217.4725,20.575,259.5075,8021.1125,8165.6075,0,0.0,1.7521,0,0
2026-08-27T20:12:23.364850+00:00,evasive_c2_v1,evasive_c2_v1__34f66b66f167,command_and_control,T1071.001,0,0,0.0,0.9935,0.025,0.0,0.0,0.7918,0,0,8.9518,11.0332,10.7434,1.3761,14.8716,0,0,0,0,0,0,0.8694,143.65,0.0,143.65,8372.93,8380.51,0,0.01,1.6497,0,0
2026-08-27T20:12:28.364850+00:00,evasive_c2_v1,evasive_c2_v1__34f66b66f167,command_and_control,T1071.001,0,0,0.0,0.9786,0.0488,0.0,0.0,0.7021,0,0,11.7254,21.9279,9.8585,1.5013,14.3625,0,0,0,0,0,0,0.8696,222.24,0.0,222.24,8147.54,9499.81,0,0.0136,1.196,0,0
2026-08-27T20:12:33.364850+00:00,evasive_c2_v1,evasive_c2_v1__34f66b66f167,command_and_control,T1071.001,0,0,0.0,1.0,0.0,0.0,0.0,0.8451,0,0,10.755,27.8481,9.821,2.5088,17.3475,0,0,0,0,0,0,0.5187,200.22,0.0,200.22,7405.15,7435.57,0,0.0131,1.2785,0,0
2026-08-27T20:12:38.364850+00:00,evasive_c2_v1,evasive_c2_v1__34f66b66f167,command_and_control,T1071.001,0,0,0.0,0.9683,0.0389,0.0,0.0,0.7998,0,0,7.7333,9.7495,12.4872,1.5567,17.1573,0,0,0,0,0,0,0.8522,152.74,0.0,152.74,9395.37,9692.33,0,0.0,0.8289,0,0
2026-08-27T20:12:43.364850+00:00,evasive_c2_v1,evasive_c2_v1__34f66b66f167,command_and_control,T1071.001,2,2,0.6462,0.9404,0.068,1611.735,1763.675,0.7258,6,6,6.2475,15.8611,9.0942,2.4184,16.3495,0,1,0,0,0,0,0.8823,250.99,20.575,293.025,8045.4275,7839.9875,0,0.0,1.7937,0,0
2026-08-27T20:12:48.364850+00:00,evasive_c2_v1,evasive_c2_v1__34f66b66f167,command_and_control,T1071.001,1,1,-0.0,0.9889,0.0,363.02,181.51,0.811,2,1,9.4168,25.2616,7.5991,1.866,13.1971,0,0,0,0,0,0,1.1967,181.51,0.0,181.51,8355.25,7118.25,0,0.0107,1.104,0,0
2026-08-27T20:12:53.364850+00:00,evasive_c2_v1,evasive_c2_v1__34f66b66f167,command_and_control,T1071.001,0,0,0.0,1.0,0.0352,0.0,0.0,0.8283,0,0,10.2954,14.5081,9.2049,1.2798,13.0443,0,0,0,0,0,0,0.9099,234.49,0.0,234.49,9614.11,9157.03,0,0.0,1.4693,0,0
2026-08-27T20:12:58.364850+00:00,evasive_c2_v1,evasive_c2_v1__34f66b66f167,command_and_control,T1071.001,0,0,0.0,0.9907,0.013,0.0,0.0,0.8041,0,0,5.0417,14.4981,9.158,2.3425,16.1854,0,0,0,0,0,0,1.0152,196.14,0.0,196.14,8708.76,7173.36,0,0.0039,1.5962,0,0
2026-08-27T20:13:03.364850+00:00,evasive_c2_v1,evasive_c2_v1__34f66b66f167,command_and_control,T1071.001,0,0,0.0,0.977,0.0107,0.0,0.0,0.8881,0,0,7.2483,9.7868,9.272,2.6565,17.2415,0,0,0,0,0,0,0.7918,163.69,0.0,163.69,7405.53,8456.97,0,0.0,0.2044,0,0
2026-08-27T20:13:08.364850+00:00,evasive_c2_v1,evasive_c2_v1__34f66b66f167,command_and_control,T1071.001,0,0,0.0,1.0,0.042,0.0,0.0,0.8398,0,0,17.177,21.8873,11.367,1.4929,15.8457,0,0,0,0,0,0,0.7469,254.87,0.0,254.87,8879.37,8227.83,0,0.0,1.1044,0,0
2026-08-27T20:13:13.364850+00:00,evasive_c2_v1,evasive_c2_v1__34f66b66f167,command_and_control,T1071.001,0,0,0.0,0.9709,0.0111,0.0,0.0,0.7591,0,0,11.3798,32.0637,6.9344,1.3716,11.0492,0,0,0,0,0,0,1.0195,285.39,0.0,285.39,7349.04,8373.71,0,0.008,1.3219,0,0
2026-08-27T20:13:18.364850+00:00,evasive_c2_v1,evasive_c2_v1__34f66b66f167,command_and_control,T1071.001,0,0,0.0,0.971,0.0298,0.0,0.0,0.8718,0,0,10.7075,27.5064,8.9839,1.0318,12.0793,0,0,0,0,0,0,0.5821,110.48,0.0,110.48,7688.45,9198.65,0,0.0,1.2203,0,0
2026-08-27T20:13:23.364850+00:00,evasive_c2_v1,evasive_c2_v1__34f66b66f167,command_and_control,T1071.001,1,1,-0.0,1.0,0.0,1017.54,1017.54,0.7103,7,7,10.3044,16.4585,14.3314,3.9118,26.0668,0,0,0,0,0,0,0.8845,145.36,0.0,145.36,8861.43,9011.48,0,0.0,0.7374,0,0
2026-08-27T20:13:28.364850+00:00,evasive_c2_v1,evasive_c2_v1__34f66b66f167,command_and_control,T1071.001,0,0,0.0,1.0,0.0308,0.0,0.0,0.7484,0,0,16.788,38.478,13.504,2.8346,22.0077,0,0,0,0,0,0,0.7287,179.49,0.0,179.49,8802.79,7546.12,0,0.0,1.3911,0,0
2026-08-27T20:13:33.364850+00:00,evasive_c2_v1,evasive_c2_v1__34f66b66f167,command_and_control,T1071.001,0,0,0.0,1.0,0.0,0.0,0.0,0.8395,0,0,11.8324,32.6782,9.1245,2.3737,16.2455,0,0,0,0,0,0,0.8772,252.71,0.0,252.71,7528.12,7582.59,0,0.0,1.5095,0,0
2026-08-27T20:13:38.364850+00:00,evasive_c2_v1,evasive_c2_v1__34f66b66f167,command_and_control,T1071.001,1,1,-0.0,1.0,0.0126,766.83,766.83,0.7926,6,6,14.5665,31.1835,12.8906,1.3026,16.7984,0,0,0,0,0,0,0.9593,127.81,0.0,127.81,6793.11,7621.76,0,0.0014,0.8742,0,0
2026-08-27T20:13:43.364850+00:00,evasive_c2_v1,evasive_c2_v1__34f66b66f167,command_and_control,T1071.001,0,0,0.0,1.0,0.0023,0.0,0.0,0.7344,0,0,15.0385,34.9785,10.9596,2.9836,19.9103,0,0,0,0,0,0,0.7142,264.68,0.0,264.68,6061.64,9875.13,0,0.0237,0.0,0,0
2026-08-27T20:13:48.364850+00:00,evasive_c2_v1,evasive_c2_v1__34f66b66f167,command_and_control,T1071.001,1,1,-0.0,0.995,0.0389,1120.42,1120.42,0.8022,6,6,12.7011,19.8286,10.023,1.9974,16.0152,0,0,0,0,0,0,0.9104,186.74,0.0,186.74,8281.39,8466.56,0,0.0209,0.0,0,0
2026-08-27T20:13:53.364850+00:00,evasive_c2_v1,evasive_c2_v1__34f66b66f167,command_and_control,T1071.001,2,2,0.6462,0.9398,0.0533,911.64,1063.58,0.7366,3,4,7.0171,9.1215,7.852,1.3518,11.9073,0,1,0,0,0,0,1.0069,214.18,20.575,256.215,7847.15,7404.3725,0,0.0334,1.7811,0,0
2026-08-27T20:13:58.364850+00:00,evasive_c2_v1,evasive_c2_v1__34f66b66f167,command_and_control,T1071.001,1,1,-0.0,0.9593,0.0428,869.76,869.76,0.7461,5,5,9.3281,22.7197,7.8526,1.5187,12.4086,0,0,0,0,0,0,0.8995,173.95,0.0,173.95,10157.34,8122.15,0,0.0,0.5187,0,0
2026-08-27T20:14:03.364850+00:00,evasive_c2_v1,evasive_c2_v1__34f66b66f167,command_and_control,T1071.001,0,0,0.0,0.9987,0.0209,0.0,0.0,0.8621,0,0,15.8223,35.4032,13.3936,1.5106,17.9253,0,0,0,0,0,0,1.0332,219.04,0.0,219.04,7768.98,7368.02,0,0.0,0.2298,0,0
2026-08-27T20:14:08.364850+00:00,evasive_c2_v1,evasive_c2_v1__34f66b66f167,command_and_control,T1071.001,0,0,0.0,0.9784,0.0,0.0,0.0,0.8479,0,0,16.0918,47.9396,10.4257,1.4027,14.634,0,0,0,0,0,0,0.8712,129.15,0.0,129.15,6233.88,7756.71,0,0.0091,0.8305,0,0
2026-08-27T20:14:13.364850+00:00,evasive_c2_v1,evasive_c2_v1__34f66b66f167,command_and_control,T1071.001,2,2,0.6462,0.9404,0.0679,911.64,1063.58,0.757,3,4,8.4223,18.0449,6.5095,1.8172,11.961,0,1,0,0,0,0,0.7368,174.145,20.575,216.18,8694.1025,6904.8875,0,0.0,2.202,0,0
2026-08-27T20:14:18.364850+00:00,evasive_c2_v1,evasive_c2_v1__34f66b66f167,command_and_control,T1071.001,0,0,0.0,0.9407,0.0659,0.0,0.0,0.7519,0,0,9.4469,12.6434,10.3426,1.5939,15.1241,0,0,0,0,0,0,0.8698,132.86,0.0,132.86,9388.68,8642.74,0,0.0,0.7942,0,0
2026-08-27T20:14:23.364850+00:00,evasive_c2_v1,evasive_c2_v1__34f66b66f167,command_and_control,T1071.001,2,2,0.6462,0.9388,0.0533,911.64,1063.58,0.7095,3,4,11.7426,31.4245,8.9466,2.4701,16.3571,0,1,0,0,0,0,0.8244,278.86,20.575,320.895,7617.98,8031.7025,0,0.0149,2.8792,0,0
2026-08-27T20:14:28.364850+00:00,evasive_c2_v1,evasive_c2_v1__34f66b66f167,command_and_control,T1071.001,1,1,-0.0,0.9921,0.015,1368.49,1368.49,0.7617,7,7,8.6572,11.3987,7.9449,2.3006,14.8468,0,0,0,0,0,0,0.8937,195.5,0.0,195.5,8546.33,7413.83,0,0.0,1.4612,0,0
2026-08-27T20:14:33.364850+00:00,evasive_c2_v1,evasive_c2_v1__34f66b66f167,command_and_control,T1071.001,0,0,0.0,0.9721,0.0381,0.0,0.0,0.6944,0,0,5.9041,7.1275,9.9248,1.4996,14.4237,0,0,0,0,0,0,0.9961,166.46,0.0,166.46,7215.9,8909.08,0,0.031,0.4407,0,0
2026-08-27T20:14:38.364850+00:00,evasive_c2_v1,evasive_c2_v1__34f66b66f167,command_and_control,T1071.001,0,0,0.0,1.0,0.0032,0.0,0.0,0.8454,0,0,8.7258,22.6531,13.6417,3.8385,25.1571,0,0,0,0,0,0,1.2198,222.96,0.0,222.96,8464.91,7277.75,0,0.0,0.351,0,0
2026-08-27T20:14:43.364850+00:00,evasive_c2_v1,evasive_c2_v1__34f66b66f167,command_and_control,T1071.001,1,1,-0.0,0.959,0.0201,1357.43,1357.43,0.7432,4,4,12.1596,32.6536,9.8625,1.171,13.3755,0,0,0,0,0,0,0.971,339.36,0.0,339.36,7765.39,6319.54,0,0.0161,0.2485,0,0
2026-08-27T20:14:48.364850+00:00,evasive_c2_v1,evasive_c2_v1__34f66b66f167,command_and_control,T1071.001,1,1,-0.0,1.0,0.0,967.52,1548.04,0.7732,5,8,12.9918,36.1767,9.9434,1.6271,14.8246,0,0,0,0,0,0,0.5632,193.5,0.0,193.5,7969.1,7011.57,0,0.0045,0.8841,0,0
2026-08-27T20:14:53.364850+00:00,evasive_c2_v1,evasive_c2_v1__34f66b66f167,command_and_control,T1071.001,0,0,0.0,0.9927,0.0097,0.0,0.0,0.7142,0,0,9.2259,14.1281,10.1625,1.2193,13.8204,0,0,0,0,0,0,0.9637,210.6,0.0,210.6,6567.24,8100.65,0,0.0,0.7418,0,0
2026-08-27T20:14:58.364850+00:00,evasive_c2_v1,evasive_c2_v1__34f66b66f167,command_and_control,T1071.001,1,1,-0.0,1.0,0.0,1564.49,2011.49,0.7093,7,9,7.6385,18.8836,9.0033,2.2943,15.8862,0,0,0,0,0,0,0.7737,223.5,0.0,223.5,8431.35,8147.07,0,0.016,0.3335,0,0
2026-08-27T20:15:03.364850+00:00,evasive_c2_v1,evasive_c2_v1__34f66b66f167,command_and_control,T1071.001,0,0,0.0,1.0,0.0,0.0,0.0,0.7499,0,0,9.9646,26.4679,11.9526,2.4396,19.2714,0,0,0,0,0,0,1.1805,181.25,0.0,181.25,8179.59,7619.82,0,0.0,1.4326,0,0
2026-08-27T20:15:08.364850+00:00,evasive_c2_v1,evasive_c2_v1__34f66b66f167,command_and_control,T1071.001,4,3,1.3962,0.8999,0.092,6251.73,7571.8175,0.7981,27,33,4.0065,7.1899,6.986,1.3914,11.1603,0,2,0,0,0,0,0.8267,242.845,85.4425,395.1375,8520.65,7026.38,0,0.0,1.9757,0,0
2026-08-27T20:15:13.364850+00:00,evasive_c2_v1,evasive_c2_v1__34f66b66f167,command_and_control,T1071.001,1,1,-0.0,1.0,0.0358,1670.27,1391.89,0.725,6,5,12.2632,21.8887,10.0141,2.6557,17.9813,0,0,0,0,0,0,1.0867,278.38,0.0,278.38,8281.43,7989.15,0,0.026,0.8064,0,0
2026-08-27T20:15:18.364850+00:00,evasive_c2_v1,evasive_c2_v1__34f66b66f167,command_and_control,T1071.001,0,0,0.0,0.9844,0.0216,0.0,0.0,0.805,0,0,8.1033,16.388,9.1632,0.9718,12.0786,0,0,0,0,0,0,0.9775,163.13,0.0,163.13,6844.77,8240.44,0,0.0,0.57,0,0
2026-08-27T20:15:23.364850+00:00,evasive_c2_v1,evasive_c2_v1__34f66b66f167,command_and_control,T1071.001,1,1,-0.0,1.0,0.0113,954.55,1145.46,0.8381,5,6,15.8488,29.5574,12.4355,1.4371,16.7467,0,0,0,0,0,0,0.8127,190.91,0.0,190.91,8725.55,6629.75,0,0.0139,1.7654,0,0
2026-08-27T20:15:28.364850+00:00,evasive_c2_v1,evasive_c2_v1__34f66b66f167,command_and_control,T1071.001,2,2,0.6462,0.9204,0.0828,1766.9925,1918.9325,0.7097,8,8,3.7758,8.9264,7.8797,0.9844,10.833,0,1,0,0,0,0,0.8856,218.53,20.575,260.565,7451.9075,6604.4825,0,0.0,1.6294,0,0
2026-08-27T20:15:33.364850+00:00,evasive_c2_v1,evasive_c2_v1__34f66b66f167,command_and_control,T1071.001,1,1,-0.0,1.0,0.003,1537.33,1708.15,0.791,9,10,5.766,10.7381,10.1775,1.3301,14.1679,0,0,0,0,0,0,0.8725,170.81,0.0,170.81,9709.95,7009.48,0,0.0167,0.6524,0,0
2026-08-27T20:15:38.364850+00:00,evasive_c2_v1,evasive_c2_v1__34f66b66f167,command_and_control,T1071.001,0,0,0.0,0.9813,0.0191,0.0,0.0,0.7466,0,0,6.4877,15.9289,10.8287,1.5557,15.4957,0,0,0,0,0,0,0.9136,136.47,0.0,136.47,7906.14,8592.95,0,0.0,1.6689,0,0
2026-08-27T20:15:43.364850+00:00,evasive_c2_v1,evasive_c2_v1__34f66b66f167,command_and_control,T1071.001,0,0,0.0,0.9639,0.0462,0.0,0.0,0.7699,0,0,10.0857,20.3164,8.1742,1.3518,12.2297,0,0,0,0,0,0,0.9377,257.88,0.0,257.88,8092.54,10994.83,0,0.0,0.9693,0,0
2026-08-27T20:15:48.364850+00:00,evasive_c2_v1,evasive_c2_v1__34f66b66f167,command_and_control,T1071.001,0,0,0.0,0.9588,0.0496,0.0,0.0,0.8106,0,0,7.5572,19.8769,8.1746,1.9785,14.11,0,0,0,0,0,0,0.8706,152.63,0.0,152.63,6825.06,9231.05,0,0.0131,1.2571,0,0
2026-08-27T20:15:53.364850+00:00,evasive_c2_v1,evasive_c2_v1__34f66b66f167,command_and_control,T1071.001,1,1,-0.0,0.9603,0.0786,1256.43,1256.43,0.7813,5,5,5.3121,14.9836,7.1605,0.8277,9.6435,0,0,0,0,0,0,0.8872,251.29,0.0,251.29,7916.35,8353.14,0,0.0509,1.1369,0,0
2026-08-27T20:15:58.364850+00:00,evasive_c2_v1,evasive_c2_v1__34f66b66f167,command_and_control,T1071.001,0,0,0.0,0.9721,0.0489,0.0,0.0,0.7929,0,0,5.5316,12.2176,10.4158,2.4577,17.789,0,0,0,0,0,0,1.0842,146.47,0.0,146.47,8973.61,11201.29,0,0.021,0.8532,0,0
2026-08-27T20:16:03.364850+00:00,evasive_c2_v1,evasive_c2_v1__34f66b66f167,command_and_control,T1071.001,2,1,-0.0,1.0,0.0095,4027.22,5285.72,0.7145,16,21,9.9161,15.6126,9.4288,1.6367,14.3391,0,1,0,0,0,0,0.7432,251.7,61.66,313.36,7477.86,9316.52,0,0.0099,0.0,0,0
2026-08-27T20:16:08.364850+00:00,evasive_c2_v1,evasive_c2_v1__34f66b66f167,command_and_control,T1071.001,0,0,0.0,1.0,0.0001,0.0,0.0,0.8501,0,0,15.1373,44.3095,10.4961,1.3859,14.6539,0,0,0,0,0,0,0.9358,131.11,0.0,131.11,8309.79,8325.5,0,0.0327,1.0925,0,0
2026-08-27T20:16:13.364850+00:00,evasive_c2_v1,evasive_c2_v1__34f66b66f167,command_and_control,T1071.001,0,0,0.0,1.0,0.0,0.0,0.0,0.7266,0,0,12.0422,17.2378,8.8129,1.6883,13.8778,0,0,0,0,0,0,0.6968,218.69,0.0,218.69,7790.29,7018.25,0,0.0,1.1891,0,0
2026-08-27T20:16:18.364850+00:00,evasive_c2_v1,evasive_c2_v1__34f66b66f167,command_and_control,T1071.001,1,1,-0.0,0.9793,0.0065,576.37,576.37,0.8113,6,6,9.3436,17.4839,9.9732,2.0102,16.0039,0,0,0,0,0,0,0.9384,96.06,0.0,96.06,7948.59,8073.7,0,0.0,1.573,0,0
2026-08-27T20:16:23.364850+00:00,evasive_c2_v1,evasive_c2_v1__34f66b66f167,command_and_control,T1071.001,0,0,0.0,0.9685,0.0587,0.0,0.0,0.8364,0,0,9.8922,13.2724,10.1593,1.2777,13.9923,0,0,0,0,0,0,0.8077,180.59,0.0,180.59,8140.83,6421.24,0,0.0,1.3033,0,0
2026-08-27T20:16:28.364850+00:00,evasive_c2_v1,evasive_c2_v1__34f66b66f167,command_and_control,T1071.001,2,2,0.6462,0.9399,0.0533,911.64,1063.58,0.7568,3,4,5.1717,14.8246,8.6338,2.3453,15.6698,0,1,0,0,0,0,0.8365,208.1725,20.575,250.2075,8391.485,7257.6275,0,0.0218,1.8787,0,0
2026-08-27T20:16:33.364850+00:00,evasive_c2_v1,evasive_c2_v1__34f66b66f167,command_and_control,T1071.001,0,0,0.0,0.9807,0.0223,0.0,0.0,0.7333,0,0,13.5018,26.6246,10.8723,3.0292,19.9599,0,0,0,0,0,0,1.0362,249.71,0.0,249.71,8661.88,7914.69,0,0.0,0.9133,0,0
2026-08-27T20:16:38.364850+00:00,evasive_c2_v1,evasive_c2_v1__34f66b66f167,command_and_control,T1071.001,0,0,0.0,1.0,0.0221,0.0,0.0,0.7594,0,0,9.9547,16.962,12.2895,1.6113,17.1235,0,0,0,0,0,0,1.0843,285.45,0.0,285.45,10548.6,8664.07,0,0.003,1.247,0,0
2026-08-27T20:16:43.364850+00:00,evasive_c2_v1,evasive_c2_v1__34f66b66f167,command_and_control,T1071.001,0,0,0.0,0.9536,0.0748,0.0,0.0,0.7929,0,0,6.2495,15.4808,14.3938,3.349,24.4409,0,0,0,0,0,0,0.8445,329.18,0.0,329.18,6684.67,7837.55,0,0.0,0.691,0,0
2026-08-27T20:16:48.364850+00:00,evasive_c2_v1,evasive_c2_v1__34f66b66f167,command_and_control,T1071.001,0,0,0.0,0.9996,0.0078,0.0,0.0,0.8029,0,0,11.6251,32.2324,9.2249,2.0925,15.5025,0,0,0,0,0,0,0.822,192.29,0.0,192.29,8455.44,8939.18,0,0.0165,0.8162,0,0
2026-08-27T20:16:53.364850+00:00,evasive_c2_v1,evasive_c2_v1__34f66b66f167,command_and_control,T1071.001,2,1,-0.0,1.0,0.0189,5056.05,4803.24,0.8275,20,19,11.8318,22.613,8.6077,2.4889,16.0745,0,1,0,0,0,0,1.0065,252.8,67.02,319.82,9057.94,9497.54,0,0.0,0.845,0,0
2026-08-27T20:16:58.364850+00:00,evasive_c2_v1,evasive_c2_v1__34f66b66f167,command_and_control,T1071.001,2,2,0.6462,0.9404,0.0677,1784.505,2081.93,0.7408,8,9,6.4069,15.6357,9.6818,2.3744,16.805,0,1,0,0,0,0,0.8087,221.4475,20.575,263.4825,8480.9075,6098.3075,0,0.0,1.4561,0,0
2026-08-27T20:17:03.364850+00:00,evasive_c2_v1,evasive_c2_v1__34f66b66f167,command_and_control,T1071.001,1,1,-0.0,1.0,0.031,1286.3,1071.91,0.8842,6,5,14.2817,32.2655,10.4594,1.0827,13.7073,0,0,0,0,0,0,1.0579,214.38,0.0,214.38,7335.32,6896.49,0,0.0,2.4035,0,0
2026-08-27T20:17:08.364850+00:00,evasive_c2_v1,evasive_c2_v1__34f66b66f167,command_and_control,T1071.001,0,0,0.0,1.0,0.0032,0.0,0.0,0.8347,0,0,10.4705,13.6348,9.7893,2.3282,16.7739,0,0,0,0,0,0,0.8524,167.13,0.0,167.13,8086.6,8748.98,0,0.0066,0.8803,0,0
2026-08-27T20:17:13.364850+00:00,evasive_c2_v1,evasive_c2_v1__34f66b66f167,command_and_control,T1071.001,2,2,0.6462,0.9404,0.0564,911.64,1063.58,0.6373,3,4,5.9568,10.5583,9.8814,1.3985,14.0771,0,1,0,0,0,0,0.7506,182.2,20.575,224.235,8598.1775,8464.8725,0,0.0,1.6542,0,0
2026-08-27T20:17:18.364850+00:00,evasive_c2_v1,evasive_c2_v1__34f66b66f167,command_and_control,T1071.001,0,0,0.0,0.9934,0.0,0.0,0.0,0.8054,0,0,14.8607,26.1452,13.5173,1.5348,18.1216,0,0,0,0,0,0,0.9188,152.09,0.0,152.09,7583.48,6987.07,0,0.0057,0.4341,0,0
2026-08-27T20:17:23.364850+00:00,evasive_c2_v1,evasive_c2_v1__34f66b66f167,command_and_control,T1071.001,0,0,0.0,1.0,0.0,0.0,0.0,0.6617,0,0,11.1021,15.5779,11.4148,2.0026,17.4225,0,0,0,0,0,0,0.8927,248.38,0.0,248.38,8624.71,8698.92,0,0.0,0.5031,0,0
2026-08-27T20:17:28.364850+00:00,evasive_c2_v1,evasive_c2_v1__34f66b66f167,command_and_control,T1071.001,0,0,0.0,1.0,0.0,0.0,0.0,0.7364,0,0,6.3467,8.4767,12.3501,2.5219,19.9158,0,0,0,0,0,0,0.7708,153.39,0.0,153.39,7364.31,7963.89,0,0.0,0.9707,0,0
2026-08-27T20:17:33.364850+00:00,evasive_c2_v1,evasive_c2_v1__34f66b66f167,command_and_control,T1071.001,0,0,0.0,0.9921,0.0,0.0,0.0,0.7723,0,0,6.8312,15.9651,9.1333,2.2757,15.9605,0,0,0,0,0,0,0.8396,126.67,0.0,126.67,10045.93,6537.39,0,0.0178,1.3173,0,0
2026-08-27T20:17:38.364850+00:00,evasive_c2_v1,evasive_c2_v1__34f66b66f167,command_and_control,T1071.001,0,0,0.0,1.0,0.0036,0.0,0.0,0.782,0,0,10.6997,14.8183,9.5232,1.4381,13.8375,0,0,0,0,0,0,1.0714,169.04,0.0,169.04,7132.28,8525.44,0,0.0403,0.9928,0,0
2026-08-27T20:17:43.364850+00:00,evasive_c2_v1,evasive_c2_v1__34f66b66f167,command_and_control,T1071.001,1,1,-0.0,0.994,0.0044,2119.29,2354.77,0.771,9,10,8.0047,14.1489,7.7576,2.3182,14.7121,0,0,0,0,0,0,0.8774,235.48,0.0,235.48,8006.73,9297.48,0,0.0161,0.3588,0,0
2026-08-27T20:17:48.364850+00:00,evasive_c2_v1,evasive_c2_v1__34f66b66f167,command_and_control,T1071.001,0,0,0.0,1.0,0.0,0.0,0.0,0.836,0,0,6.9136,15.639,10.3404,1.5366,14.9502,0,0,0,0,0,0,0.9936,206.85,0.0,206.85,8894.14,8965.87,0,0.0224,0.2261,0,0
2026-08-27T20:17:53.364850+00:00,evasive_c2_v1,evasive_c2_v1__34f66b66f167,command_and_control,T1071.001,0,0,0.0,1.0,0.0198,0.0,0.0,0.758,0,0,8.8594,24.2795,7.823,2.0723,14.0397,0,0,0,0,0,0,1.0425,138.43,0.0,138.43,8446.92,7609.11,0,0.0,1.1288,0,0
2026-08-27T20:17:58.364850+00:00,evasive_c2_v1,evasive_c2_v1__34f66b66f167,command_and_control,T1071.001,1,1,-0.0,0.9982,0.0,1677.08,1863.42,0.8167,9,10,15.2299,32.3374,9.8815,1.1516,13.3364,0,0,0,0,0,0,0.8819,186.34,0.0,186.34,7225.9,6793.47,0,0.0124,1.4888,0,0
2026-08-27T20:18:03.364850+00:00,evasive_c2_v1,evasive_c2_v1__34f66b66f167,command_and_control,T1071.001,0,0,0.0,1.0,0.0,0.0,0.0,0.7195,0,0,12.4799,15.774,11.113,1.2949,14.9977,0,0,0,0,0,0,0.9881,315.45,0.0,315.45,8377.98,9734.25,0,0.0169,0.1593,0,0
2026-08-27T20:18:08.364850+00:00,evasive_c2_v1,evasive_c2_v1__34f66b66f167,command_and_control,T1071.001,0,0,0.0,1.0,0.0,0.0,0.0,0.7812,0,0,6.6165,19.2677,10.6465,2.3473,17.6883,0,0,0,0,0,0,0.6301,168.31,0.0,168.31,9481.79,7989.7,0,0.0173,1.3289,0,0
2026-08-27T20:18:13.364850+00:00,evasive_c2_v1,evasive_c2_v1__34f66b66f167,command_and_control,T1071.001,0,0,0.0,1.0,0.0,0.0,0.0,0.8502,0,0,12.7626,18.5207,10.4847,2.9546,19.3485,0,0,0,0,0,0,0.9223,223.86,0.0,223.86,7579.61,6526.85,0,0.0321,1.3968,0,0
2026-08-27T20:18:18.364850+00:00,evasive_c2_v1,evasive_c2_v1__34f66b66f167,command_and_control,T1071.001,0,0,0.0,0.9818,0.0169,0.0,0.0,0.8172,0,0,5.9105,11.2094,10.7263,2.658,18.7003,0,0,0,0,0,0,1.003,350.13,0.0,350.13,8406.32,8440.17,0,0.0,1.4528,0,0
2026-08-27T20:18:23.364850+00:00,evasive_c2_v1,evasive_c2_v1__34f66b66f167,command_and_control,T1071.001,0,0,0.0,1.0,0.0005,0.0,0.0,0.7783,0,0,12.1328,26.7856,9.2296,2.6553,17.1954,0,0,0,0,0,0,1.1188,221.91,0.0,221.91,8797.5,9057.33,0,0.0392,1.1242,0,0
2026-08-27T20:18:28.364850+00:00,evasive_c2_v1,evasive_c2_v1__34f66b66f167,command_and_control,T1071.001,1,1,-0.0,0.9886,0.0161,693.72,520.29,0.7174,4,3,12.9818,16.8831,9.7918,2.7774,18.124,0,0,0,0,0,0,1.138,173.43,0.0,173.43,9385.71,8354.26,0,0.0229,0.1748,0,0
2026-08-27T20:18:33.364850+00:00,evasive_c2_v1,evasive_c2_v1__34f66b66f167,command_and_control,T1071.001,1,1,-0.0,1.0,0.0318,1660.84,1423.58,0.7448,7,6,12.38,16.5494,8.9758,2.0779,15.2095,0,0,0,0,0,0,1.0411,237.26,0.0,237.26,7575.21,7767.23,0,0.0109,0.2846,0,0
2026-08-27T20:18:38.364850+00:00,evasive_c2_v1,evasive_c2_v1__34f66b66f167,command_and_control,T1071.001,0,0,0.0,1.0,0.0027,0.0,0.0,0.797,0,0,10.5855,19.2913,8.6018,1.3033,12.5119,0,0,0,0,0,0,0.928,186.91,0.0,186.91,6450.76,8789.37,0,0.035,0.7727,0,0
2026-08-27T20:18:43.364850+00:00,evasive_c2_v1,evasive_c2_v1__34f66b66f167,command_and_control,T1071.001,0,0,0.0,1.0,0.002,0.0,0.0,0.8478,0,0,6.3087,14.3933,10.4482,1.0501,13.5985,0,0,0,0,0,0,1.0413,302.88,0.0,302.88,9361.83,8588.13,0,0.0026,0.9405,0,0
2026-08-27T20:18:48.364850+00:00,evasive_c2_v1,evasive_c2_v1__34f66b66f167,command_and_control,T1071.001,1,1,-0.0,1.0,0.0,1229.27,1229.27,0.8122,6,6,10.9059,21.0741,7.8908,0.8908,10.5632,0,0,0,0,0,0,0.861,204.88,0.0,204.88,8943.64,7921.87,0,0.0476,1.2719,0,0
2026-08-27T20:18:53.364850+00:00,evasive_c2_v1,evasive_c2_v1__34f66b66f167,command_and_control,T1071.001,0,0,0.0,0.9884,0.0212,0.0,0.0,0.8057,0,0,13.3231,35.511,10.0417,2.4028,17.2501,0,0,0,0,0,0,0.7167,208.84,0.0,208.84,7446.85,10078.53,0,0.0,1.5141,0,0
2026-08-27T20:18:58.364850+00:00,evasive_c2_v1,evasive_c2_v1__34f66b66f167,command_and_control,T1071.001,0,0,0.0,1.0,0.0082,0.0,0.0,0.8607,0,0,13.6958,26.5104,9.6802,2.0816,15.9249,0,0,0,0,0,0,0.8116,243.46,0.0,243.46,7676.38,9571.85,0,0.0,1.0956,0,0
2026-08-27T20:19:03.364850+00:00,evasive_c2_v1,evasive_c2_v1__34f66b66f167,command_and_control,T1071.001,1,1,-0.0,1.0,0.0,1963.96,2244.52,0.7772,7,8,5.8157,11.7195,10.169,1.2137,13.81,0,0,0,0,0,0,0.8441,280.57,0.0,280.57,9545.13,7042.8,0,0.0593,1.389,0,0
2026-08-27T20:19:08.364850+00:00,evasive_c2_v1,evasive_c2_v1__34f66b66f167,command_and_control,T1071.001,0,0,0.0,1.0,0.0,0.0,0.0,0.7298,0,0,12.809,34.0834,10.3351,2.4812,17.7787,0,0,0,0,0,0,1.013,182.74,0.0,182.74,6553.36,7699.09,0,0.0143,1.888,0,0
2026-08-27T20:19:13.364850+00:00,evasive_c2_v1,evasive_c2_v1__34f66b66f167,command_and_control,T1071.001,0,0,0.0,1.0,0.008,0.0,0.0,0.7406,0,0,12.9412,30.3191,11.4676,2.4924,18.9447,0,0,0,0,0,0,0.6363,247.95,0.0,247.95,8014.24,8521.04,0,0.0091,1.5829,0,0
2026-08-27T20:19:18.364850+00:00,evasive_c2_v1,evasive_c2_v1__34f66b66f167,command_and_control,T1071.001,1,1,-0.0,1.0,0.0,1171.21,836.58,0.7991,7,5,9.325,11.6101,8.2181,0.9293,11.0059,0,0,0,0,0,0,1.1924,167.32,0.0,167.32,9474.16,8838.21,0,0.0037,1.0068,0,0
2026-08-27T20:19:23.364850+00:00,evasive_c2_v1,evasive_c2_v1__34f66b66f167,command_and_control,T1071.001,3,1,-0.0,0.9842,0.0112,4871.07,5682.92,0.7198,24,28,14.613,28.5512,9.2937,1.3607,13.3757,0,2,0,0,0,0,0.8483,202.96,20.39,221.14,7524.76,9200.21,0,0.0,0.5119,0,0
2026-08-27T20:19:28.364850+00:00,evasive_c2_v1,evasive_c2_v1__34f66b66f167,command_and_control,T1071.001,0,0,0.0,1.0,0.0,0.0,0.0,0.8999,0,0,16.2317,24.4481,11.6956,2.2627,18.4838,0,0,0,0,0,0,0.9658,249.12,0.0,249.12,9148.61,9049.1,0,0.0175,0.5046,0,0
2026-08-27T20:19:33.364850+00:00,evasive_c2_v1,evasive_c2_v1__34f66b66f167,command_and_control,T1071.001,0,0,0.0,1.0,0.0,0.0,0.0,0.7486,0,0,7.6196,14.9009,10.663,1.3975,14.8555,0,0,0,0,0,0,1.0789,207.53,0.0,207.53,9096.22,8960.48,0,0.0,1.5396,0,0
2026-08-27T20:19:38.364850+00:00,evasive_c2_v1,evasive_c2_v1__34f66b66f167,command_and_control,T1071.001,0,0,0.0,1.0,0.0,0.0,0.0,0.7936,0,0,13.1494,25.6826,12.3838,3.5507,23.0358,0,0,0,0,0,0,0.5164,192.33,0.0,192.33,7769.07,7258.9,0,0.0086,0.7334,0,0
2026-08-27T20:19:43.364850+00:00,evasive_c2_v1,evasive_c2_v1__34f66b66f167,command_and_control,T1071.001,0,0,0.0,1.0,0.0,0.0,0.0,0.6703,0,0,10.2949,26.8508,7.4141,0.7523,9.6709,0,0,0,0,0,0,0.9959,212.69,0.0,212.69,8876.77,6965.9,0,0.0,1.5836,0,0
2026-08-27T20:19:48.364850+00:00,evasive_c2_v1,evasive_c2_v1__34f66b66f167,command_and_control,T1071.001,0,0,0.0,1.0,0.0069,0.0,0.0,0.8394,0,0,10.8439,26.9577,9.7666,2.267,16.5675,0,0,0,0,0,0,0.9654,245.69,0.0,245.69,8900.43,7870.88,0,0.0,1.2368,0,0
2026-08-27T20:19:53.364850+00:00,evasive_c2_v1,evasive_c2_v1__34f66b66f167,command_and_control,T1071.001,2,2,0.6462,0.9183,0.0872,911.64,1063.58,0.6376,3,4,6.0735,11.7397,6.4977,0.9884,9.4629,0,1,0,0,0,0,1.022,153.985,20.575,196.02,8159.9375,7156.715,0,0.0283,1.5698,0,0
2026-08-27T20:19:58.364850+00:00,evasive_c2_v1,evasive_c2_v1__34f66b66f167,command_and_control,T1071.001,1,1,-0.0,1.0,0.0,569.78,569.78,0.7109,3,3,4.6589,13.0704,9.6962,1.93,15.4861,0,0,0,0,0,0,0.8826,189.93,0.0,189.93,9363.85,9216.62,0,0.0653,0.1037,0,0
2026-08-27T20:20:03.364850+00:00,evasive_c2_v1,evasive_c2_v1__34f66b66f167,command_and_control,T1071.001,1,1,-0.0,0.9714,0.0,1561.64,1561.64,0.8421,7,7,9.1269,13.7819,9.2994,1.8101,14.7295,0,0,0,0,0,0,0.9622,223.09,0.0,223.09,8293.47,8452.22,0,0.015,1.6148,0,0
2026-08-27T20:20:08.364850+00:00,evasive_c2_v1,evasive_c2_v1__34f66b66f167,command_and_control,T1071.001,3,2,0.9183,1.0,0.0051,1805.04,1604.48,0.8885,9,8,6.8528,12.7926,10.4392,1.416,14.6873,0,1,0,0,0,0,1.0694,200.56,37.92,232.17,8846.41,8372.2,0,0.0286,0.3493,0,0
2026-08-27T20:20:13.364850+00:00,evasive_c2_v1,evasive_c2_v1__34f66b66f167,command_and_control,T1071.001,1,1,-0.0,0.983,0.0231,567.56,567.56,0.8038,3,3,13.4597,26.5625,8.6337,1.8393,14.1517,0,0,0,0,0,0,0.9575,189.19,0.0,189.19,7044.23,8712.41,0,0.0376,2.0084,0,0
2026-08-27T20:20:18.364850+00:00,evasive_c2_v1,evasive_c2_v1__34f66b66f167,command_and_control,T1071.001,1,1,-0.0,1.0,0.0,1029.51,1235.41,0.7597,5,6,6.2395,11.9354,12.1336,2.623,20.0025,0,0,0,0,0,0,0.8149,205.9,0.0,205.9,9434.9,8701.5,0,0.0,0.8959,0,0
2026-08-27T20:20:23.364850+00:00,evasive_c2_v1,evasive_c2_v1__34f66b66f167,command_and_control,T1071.001,0,0,0.0,0.9662,0.0276,0.0,0.0,0.8159,0,0,6.6261,12.3308,8.4794,2.0016,14.4843,0,0,0,0,0,0,1.0095,186.95,0.0,186.95,6579.88,7749.16,0,0.0,1.0727,0,0
2026-08-27T20:20:28.364850+00:00,evasive_c2_v1,evasive_c2_v1__34f66b66f167,command_and_control,T1071.001,0,0,0.0,0.9789,0.0059,0.0,0.0,0.7288,0,0,11.7821,27.0977,8.7242,1.9683,14.6292,0,0,0,0,0,0,0.7752,130.52,0.0,130.52,7407.39,5262.29,0,0.0,1.3073,0,0
2026-08-27T20:20:33.364850+00:00,evasive_c2_v1,evasive_c2_v1__34f66b66f167,command_and_control,T1071.001,1,1,-0.0,1.0,0.0006,953.78,953.78,0.8382,6,6,9.053,11.4676,7.8977,1.9183,13.6526,0,0,0,0,0,0,0.8972,158.96,0.0,158.96,7399.63,8227.08,0,0.0,0.8748,0,0
2026-08-27T20:20:38.364850+00:00,evasive_c2_v1,evasive_c2_v1__34f66b66f167,command_and_control,T1071.001,1,1,-0.0,0.9649,0.0293,3444.86,2818.52,0.7368,11,9,10.0432,20.0735,12.2162,1.2306,15.908,0,0,0,0,0,0,1.1194,313.17,0.0,313.17,8129.7,8799.21,0,0.0533,2.0876,0,0
2026-08-27T20:20:43.364850+00:00,evasive_c2_v1,evasive_c2_v1__34f66b66f167,command_and_control,T1071.001,1,1,-0.0,0.9438,0.0493,3478.29,4058.0,0.7486,12,14,5.5157,11.6771,8.3205,1.6443,13.2533,0,0,0,0,0,0,0.8376,289.86,0.0,289.86,9520.48,9352.4,0,0.0145,1.3084,0,0
2026-08-27T20:20:48.364850+00:00,evasive_c2_v1,evasive_c2_v1__34f66b66f167,command_and_control,T1071.001,2,2,0.6462,0.9215,0.08,2373.6825,2734.4825,0.6911,8,10,5.5782,7.0854,8.8942,2.1299,15.2837,0,1,0,0,0,0,0.8197,284.83,20.575,326.865,8867.0075,7169.06,0,0.0134,1.3896,0,0
2026-08-27T20:20:53.364850+00:00,evasive_c2_v1,evasive_c2_v1__34f66b66f167,command_and_control,T1071.001,1,1,-0.0,1.0,0.0271,1163.83,1163.83,0.715,3,3,6.7576,13.3366,8.4831,1.0753,11.7091,0,0,0,0,0,0,0.997,387.94,0.0,387.94,6997.24,8659.27,0,0.0,0.8565,0,0
2026-08-27T20:20:58.364850+00:00,evasive_c2_v1,evasive_c2_v1__34f66b66f167,command_and_control,T1071.001,0,0,0.0,0.9293,0.0369,0.0,0.0,0.7695,0,0,10.6026,20.7073,10.6367,3.1472,20.0784,0,0,0,0,0,0,0.8349,178.21,0.0,178.21,8260.42,10065.02,0,0.0013,0.6364,0,0
2026-08-27T20:21:03.364850+00:00,evasive_c2_v1,evasive_c2_v1__34f66b66f167,command_and_control,T1071.001,0,0,0.0,0.9993,0.0145,0.0,0.0,0.8358,0,0,11.0584,21.511,9.3399,2.154,15.8018,0,0,0,0,0,0,0.8723,219.7,0.0,219.7,9608.93,7537.54,0,0.0,0.9459,0,0
2026-08-27T20:21:08.364850+00:00,evasive_c2_v1,evasive_c2_v1__34f66b66f167,command_and_control,T1071.001,2,2,0.6462,0.9333,0.0652,1314.5625,1567.2275,0.7135,6,7,7.5392,9.4779,8.5671,1.1281,11.9514,0,1,0,0,0,0,0.7419,176.7025,20.575,218.7375,7801.205,8029.4375,0,0.0,1.8683,0,0
2026-08-27T20:21:13.364850+00:00,evasive_c2_v1,evasive_c2_v1__34f66b66f167,command_and_control,T1071.001,2,2,0.6462,0.912,0.0834,911.64,1063.58,0.7258,3,4,11.679,18.7967,8.9114,2.3972,16.103,0,1,0,0,0,0,0.7766,275.275,20.575,317.31,9271.4975,6228.53,0,0.0,2.0899,0,0
2026-08-27T20:21:18.364850+00:00,evasive_c2_v1,evasive_c2_v1__34f66b66f167,command_and_control,T1071.001,1,1,-0.0,0.9888,0.0575,963.32,1348.64,0.7322,5,7,11.3197,17.359,12.4353,3.5687,23.1413,0,0,0,0,0,0,0.676,192.66,0.0,192.66,9481.93,7012.69,0,0.0283,1.2445,0,0
2026-08-27T20:21:23.364850+00:00,evasive_c2_v1,evasive_c2_v1__34f66b66f167,command_and_control,T1071.001,2,2,0.6462,0.9402,0.0762,911.64,1063.58,0.7742,3,4,9.4836,25.7588,6.5067,1.0995,9.8051,0,1,0,0,0,0,0.8282,251.8975,20.575,293.9325,7796.2025,8834.105,0,0.0185,1.5182,0,0
2026-08-27T20:21:28.364850+00:00,evasive_c2_v1,evasive_c2_v1__34f66b66f167,command_and_control,T1071.001,0,0,0.0,0.9719,0.047,0.0,0.0,0.8593,0,0,13.9749,38.0224,10.3876,2.0184,16.4426,0,0,0,0,0,0,0.6365,211.02,0.0,211.02,9488.64,11117.29,0,0.0,0.777,0,0
2026-08-27T20:21:33.364850+00:00,evasive_c2_v1,evasive_c2_v1__34f66b66f167,command_and_control,T1071.001,2,2,1.0,1.0,0.0134,1759.84,1583.85,0.7756,10,9,9.4176,13.2639,7.6952,1.2966,11.5849,0,1,0,0,0,0,1.006,175.98,35.13,211.11,9427.15,9764.19,0,0.0167,1.0017,0,0
2026-08-27T20:21:38.364850+00:00,evasive_c2_v1,evasive_c2_v1__34f66b66f167,command_and_control,T1071.001,2,1,-0.0,1.0,0.0029,4650.29,5347.83,0.9047,20,23,10.1785,23.4647,8.181,2.0708,14.3934,0,1,0,0,0,0,0.8475,232.51,68.78,301.3,7927.21,9224.85,0,0.0,0.5278,0,0
2026-08-27T20:21:43.364850+00:00,evasive_c2_v1,evasive_c2_v1__34f66b66f167,command_and_control,T1071.001,1,1,-0.0,0.9877,0.0,1109.25,1294.13,0.7096,6,7,10.9757,20.399,9.4181,2.021,15.4811,0,0,0,0,0,0,0.7676,184.88,0.0,184.88,6756.15,8536.71,0,0.0,0.7802,0,0
2026-08-27T20:21:48.364850+00:00,evasive_c2_v1,evasive_c2_v1__34f66b66f167,command_and_control,T1071.001,0,0,0.0,0.9994,0.0273,0.0,0.0,0.7472,0,0,8.6263,21.0938,9.5955,1.8609,15.1783,0,0,0,0,0,0,0.9763,290.47,0.0,290.47,8221.33,9205.2,0,0.0,1.1971,0,0
2026-08-27T20:21:53.364850+00:00,evasive_c2_v1,evasive_c2_v1__34f66b66f167,command_and_control,T1071.001,0,0,0.0,1.0,0.0247,0.0,0.0,0.831,0,0,11.7476,23.0937,10.7794,1.1605,14.261,0,0,0,0,0,0,0.9775,220.6,0.0,220.6,8500.1,6414.66,0,0.0226,1.7794,0,0
2026-08-27T20:21:58.364850+00:00,evasive_c2_v1,evasive_c2_v1__34f66b66f167,command_and_control,T1071.001,1,1,-0.0,0.9954,0.0237,1172.45,1172.45,0.8699,6,6,8.9619,15.0815,8.4774,1.0527,11.6355,0,0,0,0,0,0,0.888,195.41,0.0,195.41,8450.01,8940.82,0,0.0,2.0737,0,0
2026-08-27T20:22:03.364850+00:00,evasive_c2_v1,evasive_c2_v1__34f66b66f167,command_and_control,T1071.001,0,0,0.0,0.9941,0.0197,0.0,0.0,0.7765,0,0,12.8987,18.0751,10.4735,2.7962,18.862,0,0,0,0,0,0,0.745,231.52,0.0,231.52,9378.61,8300.4,0,0.0,0.2166,0,0
2026-08-27T20:22:08.364850+00:00,evasive_c2_v1,evasive_c2_v1__34f66b66f167,command_and_control,T1071.001,0,0,0.0,0.9962,0.0298,0.0,0.0,0.7612,0,0,7.2872,20.0666,11.6118,1.2642,15.4043,0,0,0,0,0,0,1.0151,257.05,0.0,257.05,8509.05,9622.26,0,0.04,1.1251,0,0
2026-08-27T20:22:13.364850+00:00,evasive_c2_v1,evasive_c2_v1__34f66b66f167,command_and_control,T1071.001,2,1,-0.0,1.0,0.027,3181.86,2983.0,0.8228,16,15,15.4252,22.0557,11.1593,1.4774,15.5916,0,1,0,0,0,0,1.0434,198.87,19.37,218.24,7984.16,7052.66,0,0.0159,0.4964,0,0
2026-08-27T20:22:18.364850+00:00,evasive_c2_v1,evasive_c2_v1__34f66b66f167,command_and_control,T1071.001,0,0,0.0,1.0,0.0076,0.0,0.0,0.7518,0,0,6.5482,18.7902,11.8808,3.1708,21.3931,0,0,0,0,0,0,1.1894,207.18,0.0,207.18,8061.88,9710.61,0,0.0243,0.8772,0,0
2026-08-27T20:22:23.364850+00:00,evasive_c2_v1,evasive_c2_v1__34f66b66f167,command_and_control,T1071.001,0,0,0.0,0.9779,0.0238,0.0,0.0,0.8638,0,0,9.2487,21.095,9.3316,1.5828,14.08,0,0,0,0,0,0,0.8894,167.66,0.0,167.66,6860.59,9029.33,0,0.0336,0.8559,0,0
2026-08-27T20:22:28.364850+00:00,evasive_c2_v1,evasive_c2_v1__34f66b66f167,command_and_control,T1071.001,1,1,-0.0,0.9588,0.0447,1372.89,1372.89,0.7637,5,5,7.5394,10.9215,10.8178,2.0721,17.0341,0,0,0,0,0,0,0.9141,274.58,0.0,274.58,8893.06,9046.43,0,0.0,1.6396,0,0
2026-08-27T20:22:33.364850+00:00,evasive_c2_v1,evasive_c2_v1__34f66b66f167,command_and_control,T1071.001,0,0,0.0,1.0,0.007,0.0,0.0,0.7497,0,0,6.7573,12.1422,11.399,1.7065,16.5184,0,0,0,0,0,0,0.978,177.61,0.0,177.61,7111.03,8735.89,0,0.0,1.1551,0,0
2026-08-27T20:22:38.364850+00:00,evasive_c2_v1,evasive_c2_v1__34f66b66f167,command_and_control,T1071.001,0,0,0.0,1.0,0.0315,0.0,0.0,0.7374,0,0,11.2541,29.1035,11.2603,1.1911,14.8337,0,0,0,0,0,0,0.926,198.74,0.0,198.74,7739.7,9292.11,0,0.0233,0.9087,0,0
2026-08-27T20:22:43.364850+00:00,evasive_c2_v1,evasive_c2_v1__34f66b66f167,command_and_control,T1071.001,0,0,0.0,1.0,0.0403,0.0,0.0,0.7325,0,0,11.5361,22.3144,9.7695,2.1164,16.1187,0,0,0,0,0,0,1.0514,164.64,0.0,164.64,7105.21,6879.18,0,0.0,0.4769,0,0
2026-08-27T20:22:48.364850+00:00,evasive_c2_v1,evasive_c2_v1__34f66b66f167,command_and_control,T1071.001,0,0,0.0,0.9644,0.0314,0.0,0.0,0.9847,0,0,11.7099,19.4686,12.0062,3.505,22.5212,0,0,0,0,0,0,0.7677,330.95,0.0,330.95,9274.34,11219.11,0,0.0105,1.5844,0,0
2026-08-27T20:22:53.364850+00:00,evasive_c2_v1,evasive_c2_v1__34f66b66f167,command_and_control,T1071.001,0,0,0.0,0.9662,0.0415,0.0,0.0,0.803,0,0,12.7445,15.3093,10.4385,1.3018,14.344,0,0,0,0,0,0,0.9952,248.52,0.0,248.52,8561.91,8040.98,0,0.005,1.1647,0,0
2026-08-27T20:22:58.364850+00:00,evasive_c2_v1,evasive_c2_v1__34f66b66f167,command_and_control,T1071.001,3,2,0.9183,0.9766,0.0,2478.48,2478.48,0.8134,12,12,5.7021,12.8991,9.7195,1.5528,14.3779,0,2,0,0,0,0,0.9482,206.54,66.45,270.54,6989.85,7927.14,0,0.0089,0.8839,0,0
2026-08-27T20:23:03.364850+00:00,evasive_c2_v1,evasive_c2_v1__34f66b66f167,command_and_control,T1071.001,0,0,0.0,1.0,0.0,0.0,0.0,0.7944,0,0,6.2138,12.6043,9.7173,2.6109,17.55,0,0,0,0,0,0,0.6818,306.52,0.0,306.52,6326.41,8036.44,0,0.0,1.2526,0,0
2026-08-27T20:23:08.364850+00:00,evasive_c2_v1,evasive_c2_v1__34f66b66f167,command_and_control,T1071.001,2,1,-0.0,1.0,0.0,2486.11,3374.01,0.8098,14,19,9.4837,13.9766,9.8845,2.6775,17.917,0,1,0,0,0,0,0.7001,177.58,16.38,193.96,8102.15,6055.96,0,0.0,1.2413,0,0
2026-08-27T20:23:13.364850+00:00,evasive_c2_v1,evasive_c2_v1__34f66b66f167,command_and_control,T1071.001,2,2,0.6462,0.9354,0.0533,911.64,1063.58,0.7482,3,4,9.1104,14.2502,8.5843,1.253,12.3433,0,1,0,0,0,0,0.856,208.885,20.575,250.92,8586.41,7235.1275,0,0.0102,1.6514,0,0
2026-08-27T20:23:18.364850+00:00,evasive_c2_v1,evasive_c2_v1__34f66b66f167,command_and_control,T1071.001,0,0,0.0,0.9711,0.0,0.0,0.0,0.8196,0,0,8.0039,19.207,8.712,1.9134,14.4522,0,0,0,0,0,0,0.6477,164.02,0.0,164.02,9259.43,7986.09,0,0.0007,1.2028,0,0
2026-08-27T20:23:23.364850+00:00,evasive_c2_v1,evasive_c2_v1__34f66b66f167,command_and_control,T1071.001,1,1,-0.0,1.0,0.0,1144.5,1144.5,0.7589,5,5,5.574,9.1084,11.4887,3.33,21.4786,0,0,0,0,0,0,0.8762,228.9,0.0,228.9,8069.08,8796.95,0,0.0468,0.887,0,0
2026-08-27T20:23:28.364850+00:00,evasive_c2_v1,evasive_c2_v1__34f66b66f167,command_and_control,T1071.001,2,1,-0.0,1.0,0.0107,350.1,350.1,0.7625,2,2,7.5887,17.5089,8.7262,2.4227,15.9944,0,1,0,0,0,0,0.76,175.05,27.73,202.78,8716.31,8284.42,0,0.0,0.5329,0,0
2026-08-27T20:23:33.364850+00:00,evasive_c2_v1,evasive_c2_v1__34f66b66f167,command_and_control,T1071.001,0,0,0.0,1.0,0.0,0.0,0.0,0.7564,0,0,6.2362,11.4017,8.9903,1.8669,14.5909,0,0,0,0,0,0,0.8867,282.46,0.0,282.46,9051.64,8445.93,0,0.0,1.1539,0,0
2026-08-27T20:23:38.364850+00:00,evasive_c2_v1,evasive_c2_v1__34f66b66f167,command_and_control,T1071.001,0,0,0.0,1.0,0.0108,0.0,0.0,0.8606,0,0,12.7106,26.7272,9.9216,2.5918,17.6969,0,0,0,0,0,0,0.751,285.07,0.0,285.07,8068.83,8196.0,0,0.0,1.3128,0,0
2026-08-27T20:23:43.364850+00:00,evasive_c2_v1,evasive_c2_v1__34f66b66f167,command_and_control,T1071.001,3,2,0.6462,0.9404,0.0533,3192.6,3534.62,0.7561,12,13,10.5357,20.9738,7.4191,1.1194,10.7774,0,2,0,0,0,0,0.8836,266.05,38.08,325.59,8989.715,9003.8675,0,0.0337,2.0095,0,0
2026-08-27T20:23:48.364850+00:00,evasive_c2_v1,evasive_c2_v1__34f66b66f167,command_and_control,T1071.001,1,1,-0.0,0.9919,0.021,389.17,389.17,0.8488,2,2,6.1173,15.9037,12.6404,2.7803,20.9812,0,0,0,0,0,0,0.7764,194.58,0.0,194.58,7900.72,7527.03,0,0.0389,1.4972,0,0
2026-08-27T20:23:53.364850+00:00,evasive_c2_v1,evasive_c2_v1__34f66b66f167,command_and_control,T1071.001,0,0,0.0,0.9597,0.0271,0.0,0.0,0.8345,0,0,11.1904,27.5324,10.1102,1.9663,16.0092,0,0,0,0,0,0,0.7992,178.98,0.0,178.98,8417.1,8673.91,0,0.0022,0.1085,0,0
2026-08-27T20:23:58.364850+00:00,evasive_c2_v1,evasive_c2_v1__34f66b66f167,command_and_control,T1071.001,1,1,-0.0,1.0,0.0329,1292.55,1107.9,0.7755,7,6,6.6037,10.2628,11.0696,1.9727,16.9876,0,0,0,0,0,0,1.0338,184.65,0.0,184.65,7298.85,8567.6,0,0.0218,0.7611,0,0
2026-08-27T20:24:03.364850+00:00,evasive_c2_v1,evasive_c2_v1__34f66b66f167,command_and_control,T1071.001,1,1,-0.0,0.9687,0.0434,1165.19,1747.78,0.7522,6,9,10.3382,27.2592,10.7852,1.3495,14.8337,0,0,0,0,0,0,0.6553,194.2,0.0,194.2,8511.69,8385.43,0,0.0221,0.5734,0,0
2026-08-27T20:24:08.364850+00:00,evasive_c2_v1,evasive_c2_v1__34f66b66f167,command_and_control,T1071.001,0,0,0.0,1.0,0.0102,0.0,0.0,0.7611,0,0,10.7581,21.7156,10.4971,2.3082,17.4216,0,0,0,0,0,0,0.8664,187.56,0.0,187.56,6972.68,8623.15,0,0.0,1.405,0,0
2026-08-27T20:24:13.364850+00:00,evasive_c2_v1,evasive_c2_v1__34f66b66f167,command_and_control,T1071.001,0,0,0.0,1.0,0.0,0.0,0.0,0.8361,0,0,17.4707,25.6523,13.0577,1.9698,18.9671,0,0,0,0,0,0,0.6211,195.6,0.0,195.6,8154.22,8310.71,0,0.0446,1.4846,0,0
