timestamp,persona_id,run_id,mitre_stage,technique_id,flow_count,unique_dst_ports,dest_port_entropy,tcp_ratio,udp_ratio,bytes_fwd_sum,bytes_bwd_sum,bidirectional_ratio,pkts_fwd_sum,pkts_bwd_sum,duration_mean,duration_max,iat_mean,iat_std,iat_max,syn_flag_sum,ack_flag_sum,fin_flag_sum,rst_flag_sum,psh_flag_sum,urg_flag_sum,down_up_ratio_mean,pkt_len_mean,pkt_len_std,pkt_len_max,init_fwd_win_mean,init_bwd_win_mean,fwd_psh_flags_sum,port_scan_score,ttl_variance,ip_fragment_flags,retransmit_count
2026-09-09T14:50:49.992802+00:00,dos_slowloris_v1,dos_slowloris_v1__run_001,impact,T1499.002,6,2,1.0,0.9614,0.0274,1722.66,6412.14,0.9536,54,201,0.7366,0.8903,1.2318,0.1686,1.7376,0,4,0,0,0,0,0.2685,31.9,7.85,46.78,6927.17,6505.31,0,0.0076,1.4191,0,0
2026-09-09T14:50:54.992802+00:00,dos_slowloris_v1,dos_slowloris_v1__run_001,impact,T1499.002,3,2,0.9183,1.0,0.0,861.78,2421.19,0.9598,21,59,1.1314,2.8284,1.3639,0.1951,1.9493,0,2,0,0,0,0,0.352,41.04,8.12,50.5,9945.42,6888.89,0,0.019,0.7434,0,0
2026-09-09T14:50:59.992802+00:00,dos_slowloris_v1,dos_slowloris_v1__run_001,impact,T1499.002,3,2,0.9183,0.9728,0.0212,1138.06,2221.92,0.9028,21,41,1.6703,2.6629,1.3499,0.0717,1.5651,0,2,0,0,0,0,0.5029,54.19,19.06,80.79,8257.97,6963.24,0,0.0,1.1137,0,1
2026-09-09T14:51:04.992802+00:00,dos_slowloris_v1,dos_slowloris_v1__run_001,impact,T1499.002,3,1,-0.0,1.0,0.0,1128.01,3431.02,0.8458,24,73,0.937,1.3936,1.3476,0.1807,1.8896,0,2,0,0,0,0,0.3254,47.0,15.39,65.01,9149.95,8249.51,0,0.0,1.1969,0,0
2026-09-09T14:51:09.992802+00:00,dos_slowloris_v1,dos_slowloris_v1__run_001,impact,T1499.002,5,2,0.971,1.0,0.0,369.45,628.07,0.9184,10,17,1.0713,2.0965,1.3801,0.1403,1.8009,0,3,0,0,0,0,0.5625,36.95,10.55,56.4,9010.39,8849.29,0,0.0,1.5743,0,0
2026-09-09T14:51:14.992802+00:00,dos_slowloris_v1,dos_slowloris_v1__run_001,impact,T1499.002,2,2,1.0,0.9795,0.0202,348.99,628.18,0.8443,10,18,0.9722,1.8168,1.4451,0.1891,2.0123,0,1,0,0,0,0,0.5319,34.9,1.45,36.35,9532.16,7450.84,0,0.0,1.4298,0,0
2026-09-09T14:51:19.992802+00:00,dos_slowloris_v1,dos_slowloris_v1__run_001,impact,T1499.002,8,2,1.0,0.9631,0.0331,1524.77,2706.47,0.9025,40,71,1.2426,2.1557,1.1312,0.1575,1.6037,1,5,0,0,0,0,0.563,38.12,14.23,58.36,7079.05,9015.9,0,0.003,0.8772,0,0
2026-09-09T14:51:24.992802+00:00,dos_slowloris_v1,dos_slowloris_v1__run_001,impact,T1499.002,4,2,1.0,1.0,0.0091,780.39,1638.82,0.897,20,42,1.093,2.9086,1.0239,0.1441,1.4561,0,2,0,0,0,0,0.4694,39.02,5.32,47.81,7606.54,8038.05,0,0.0,1.2946,0,0
2026-09-09T14:51:29.992802+00:00,dos_slowloris_v1,dos_slowloris_v1__run_001,impact,T1499.002,5,2,0.971,1.0,0.0,1396.72,4246.04,0.8546,25,76,1.1398,1.4393,1.4083,0.1962,1.997,0,3,0,0,0,0,0.3286,55.87,19.15,84.62,7896.61,10208.89,0,0.0,1.1428,0,0
2026-09-09T14:51:34.992802+00:00,dos_slowloris_v1,dos_slowloris_v1__run_001,impact,T1499.002,4,2,1.0,1.0,0.0,834.5,2686.03,0.9608,32,103,1.3139,1.7973,1.473,0.1614,1.9572,0,2,0,0,0,0,0.3093,26.08,5.17,32.9,8949.26,8267.12,0,0.0,1.6048,0,0
2026-09-09T14:51:39.992802+00:00,dos_slowloris_v1,dos_slowloris_v1__run_001,impact,T1499.002,3,2,0.9183,0.9774,0.0047,668.64,1719.36,0.8787,21,54,1.4418,3.5377,1.399,0.1091,1.7263,0,2,0,0,0,0,0.386,31.84,3.45,34.78,7491.1,8208.14,0,0.0125,1.4873,0,0
2026-09-09T14:51:44.992802+00:00,dos_slowloris_v1,dos_slowloris_v1__run_001,impact,T1499.002,2,1,-0.0,0.9986,0.0121,702.27,1448.42,0.8568,16,33,0.9405,2.7724,1.4015,0.1131,1.7408,0,1,0,0,0,0,0.479,43.89,4.34,48.23,5912.02,6946.45,0,0.0,0.6727,0,0
2026-09-09T14:51:49.992802+00:00,dos_slowloris_v1,dos_slowloris_v1__run_001,impact,T1499.002,5,2,0.971,0.9907,0.0,1460.05,3747.47,0.8322,30,77,1.4587,3.4853,1.2854,0.1745,1.809,0,3,0,0,0,0,0.3852,48.67,10.99,65.14,7932.78,8367.46,0,0.0258,0.3616,0,1
2026-09-09T14:51:54.992802+00:00,dos_slowloris_v1,dos_slowloris_v1__run_001,impact,T1499.002,1,1,-0.0,1.0,0.0,137.55,527.26,1.0,6,23,1.6256,2.1945,1.3899,0.1733,1.9097,0,0,0,0,0,0,0.2602,22.92,0.0,22.92,9034.79,7593.91,0,0.0,0.4861,0,0
2026-09-09T14:51:59.992802+00:00,dos_slowloris_v1,dos_slowloris_v1__run_001,impact,T1499.002,2,1,-0.0,1.0,0.0,237.73,594.33,0.9483,6,15,1.6641,3.3374,1.0438,0.1107,1.376,0,1,0,0,0,0,0.3976,39.62,2.68,42.3,7977.4,8192.74,0,0.0,0.7239,0,0
2026-09-09T14:52:04.992802+00:00,dos_slowloris_v1,dos_slowloris_v1__run_001,impact,T1499.002,5,2,0.971,1.0,0.0052,437.36,1749.43,0.9173,10,40,1.3239,2.6944,1.3297,0.1756,1.8566,0,3,0,0,0,0,0.2452,43.74,15.36,62.54,7993.36,6288.01,0,0.0098,1.0329,0,2
2026-09-09T14:52:09.992802+00:00,dos_slowloris_v1,dos_slowloris_v1__run_001,impact,T1499.002,5,2,0.7219,1.0,0.0,1965.66,4503.15,0.8976,55,126,0.6555,1.1504,1.1194,0.1249,1.4942,0,3,0,0,0,0,0.4343,35.74,12.48,58.31,9187.3,8202.01,0,0.0115,0.8163,0,0
2026-09-09T14:52:14.992802+00:00,dos_slowloris_v1,dos_slowloris_v1__run_001,impact,T1499.002,1,1,-0.0,0.9972,0.0042,219.66,634.56,0.9129,9,26,1.8069,3.0476,1.3841,0.0789,1.6208,0,0,0,0,0,0,0.3436,24.41,0.0,24.41,7463.38,9210.38,0,0.0,1.2812,0,1
2026-09-09T14:52:19.992802+00:00,dos_slowloris_v1,dos_slowloris_v1__run_001,impact,T1499.002,2,2,1.0,0.9937,0.0059,648.03,4341.83,0.8634,10,67,1.1975,2.9838,1.401,0.0844,1.6542,0,1,0,0,0,0,0.1477,64.8,11.6,76.4,8539.62,8894.42,0,0.0468,0.5001,0,1
2026-09-09T14:52:24.992802+00:00,dos_slowloris_v1,dos_slowloris_v1__run_001,impact,T1499.002,6,2,0.9183,0.9799,0.0401,898.08,1696.37,0.8758,18,34,0.8231,1.3874,1.1327,0.0746,1.3566,0,4,0,0,0,0,0.5162,49.89,12.96,71.67,8812.09,8392.95,0,0.0,0.8557,0,0
2026-09-09T14:52:29.992802+00:00,dos_slowloris_v1,dos_slowloris_v1__run_001,impact,T1499.002,3,2,0.9183,1.0,0.0225,1385.09,6295.84,0.9417,33,150,1.3747,2.0629,1.2967,0.1155,1.643,0,2,0,0,0,0,0.2197,41.97,7.58,51.57,8960.64,8478.33,0,0.0511,1.5691,0,0
2026-09-09T14:52:34.992802+00:00,dos_slowloris_v1,dos_slowloris_v1__run_001,impact,T1499.002,6,2,0.9183,0.979,0.003,235.76,471.52,0.8947,6,12,1.0045,2.9706,1.0906,0.0982,1.3852,0,4,0,0,0,0,0.4682,39.29,9.21,51.8,8891.01,8131.03,0,0.0,1.7943,0,0
2026-09-09T14:52:39.992802+00:00,dos_slowloris_v1,dos_slowloris_v1__run_001,impact,T1499.002,3,1,-0.0,0.9189,0.0877,880.6,3690.11,0.9089,21,88,0.9485,2.7376,1.2905,0.0999,1.5903,0,2,0,0,0,0,0.2385,41.93,13.31,53.33,7118.82,9410.32,0,0.0,1.1083,0,0
2026-09-09T14:52:44.992802+00:00,dos_slowloris_v1,dos_slowloris_v1__run_001,impact,T1499.002,6,2,1.0,0.9474,0.0803,2105.63,4762.74,0.8917,42,95,1.077,1.521,1.1007,0.1606,1.5823,0,4,0,0,0,0,0.4414,50.13,16.9,76.1,7219.23,8515.07,0,0.0,0.0,0,0
2026-09-09T14:52:49.992802+00:00,dos_slowloris_v1,dos_slowloris_v1__run_001,impact,T1499.002,5,2,0.7219,1.0,0.0276,1566.93,6357.26,0.8559,35,142,1.473,1.8387,1.2968,0.0776,1.5296,0,3,0,0,0,0,0.2457,44.77,22.62,88.16,8032.38,5794.65,0,0.0321,1.3252,0,0
2026-09-09T14:52:54.992802+00:00,dos_slowloris_v1,dos_slowloris_v1__run_001,impact,T1499.002,5,2,0.971,0.9556,0.0108,869.86,1696.23,0.9566,20,39,0.7527,1.5998,1.3682,0.1542,1.8308,0,3,0,0,0,0,0.5112,43.49,11.37,58.26,8703.56,8213.91,0,0.0,1.1828,0,0
2026-09-09T14:52:59.992802+00:00,dos_slowloris_v1,dos_slowloris_v1__run_001,impact,T1499.002,2,2,1.0,0.9974,0.0127,531.04,1403.47,0.9208,14,37,0.9728,2.6567,1.0178,0.0692,1.2255,0,1,0,0,0,0,0.3694,37.93,10.83,48.76,8422.62,8148.43,0,0.0017,1.335,0,0
2026-09-09T14:53:04.992802+00:00,dos_slowloris_v1,dos_slowloris_v1__run_001,impact,T1499.002,3,2,0.9183,1.0,0.0,1981.33,5994.79,0.9072,39,118,1.3099,3.7392,1.2019,0.0712,1.4156,0,2,0,0,0,0,0.3301,50.8,6.13,58.21,8296.49,7783.45,0,0.0,0.8268,0,0
2026-09-09T14:53:09.992802+00:00,dos_slowloris_v1,dos_slowloris_v1__run_001,impact,T1499.002,5,2,0.7219,0.9778,0.0407,615.74,1436.72,0.9188,15,35,1.4148,2.9978,1.1728,0.1392,1.5906,0,3,0,0,0,0,0.4252,41.05,9.76,56.93,8739.67,8141.01,0,0.0473,0.6886,0,1
2026-09-09T14:53:14.992802+00:00,dos_slowloris_v1,dos_slowloris_v1__run_001,impact,T1499.002,4,2,1.0,0.9224,0.0359,659.61,1187.3,0.8026,20,36,0.7049,1.4044,1.3152,0.1845,1.8687,0,2,0,0,0,0,0.5512,32.98,15.77,56.56,8040.0,6683.28,0,0.0537,1.0993,0,0
2026-09-09T14:53:19.992802+00:00,dos_slowloris_v1,dos_slowloris_v1__run_001,impact,T1499.002,6,2,0.9183,0.9864,0.0159,1581.28,3200.2,0.8509,42,85,0.9864,2.2553,1.2002,0.148,1.6441,0,4,0,0,0,0,0.4924,37.65,16.73,73.16,8531.33,8296.41,0,0.0233,1.659,0,0
2026-09-09T14:53:24.992802+00:00,dos_slowloris_v1,dos_slowloris_v1__run_001,impact,T1499.002,3,2,0.9183,0.9548,0.0467,887.66,2282.55,0.8073,21,54,1.0526,2.6007,1.3032,0.1606,1.7849,0,2,0,0,0,0,0.3831,42.27,14.39,62.52,6762.35,7060.26,0,0.0216,1.9337,0,0
2026-09-09T14:53:29.992802+00:00,dos_slowloris_v1,dos_slowloris_v1__run_001,impact,T1499.002,3,1,-0.0,1.0,0.0,181.56,393.38,0.9175,6,13,0.7109,2.0998,1.4567,0.1867,2.0168,0,2,0,0,0,0,0.4447,30.26,4.28,33.76,6971.21,8136.05,0,0.041,1.2667,0,0
2026-09-09T14:53:34.992802+00:00,dos_slowloris_v1,dos_slowloris_v1__run_001,impact,T1499.002,5,2,0.971,1.0,0.0,754.04,1998.2,0.8942,20,53,0.6792,1.9727,1.1643,0.1095,1.4927,0,3,0,0,0,0,0.3745,37.7,8.45,47.33,8456.95,8782.25,0,0.0008,0.5667,0,0
2026-09-09T14:53:39.992802+00:00,dos_slowloris_v1,dos_slowloris_v1__run_001,impact,T1499.002,5,1,-0.0,0.9776,0.0515,1421.38,2517.87,0.9031,35,62,1.3351,2.2956,1.3889,0.0793,1.6268,0,3,0,0,0,0,0.5644,40.61,21.55,82.55,8469.52,7032.68,0,0.0,0.667,0,0
2026-09-09T14:53:44.992802+00:00,dos_slowloris_v1,dos_slowloris_v1__run_001,impact,T1499.002,4,2,0.8113,0.9931,0.0167,403.0,1242.58,0.8934,12,37,1.1225,1.7684,1.2396,0.0741,1.462,0,2,0,0,0,0,0.3219,33.58,3.15,38.31,7629.51,8046.3,0,0.0,0.9742,0,0
2026-09-09T14:53:49.992802+00:00,dos_slowloris_v1,dos_slowloris_v1__run_001,impact,T1499.002,1,1,-0.0,1.0,0.0,94.67,189.33,0.8204,4,8,1.6176,2.4717,1.2765,0.15,1.7263,0,0,0,0,0,0,0.4526,23.67,0.0,23.67,8393.35,8109.47,0,0.0086,0.9418,0,0
2026-09-09T14:53:54.992802+00:00,dos_slowloris_v1,dos_slowloris_v1__run_001,impact,T1499.002,5,2,0.7219,1.0,0.014,1875.95,5477.76,0.8287,50,146,1.2292,2.7403,1.1539,0.1007,1.4558,0,3,0,0,0,0,0.3408,37.52,10.73,54.02,8432.9,5515.95,0,0.0373,0.1732,0,0
2026-09-09T14:53:59.992802+00:00,dos_slowloris_v1,dos_slowloris_v1__run_001,impact,T1499.002,3,2,0.9183,0.9673,0.0526,1114.48,2693.32,0.9236,24,58,1.7454,4.6909,1.1196,0.076,1.3475,0,2,0,0,0,0,0.4136,46.44,11.34,56.42,7391.97,7597.99,0,0.0422,1.1661,0,0
2026-09-09T14:54:04.992802+00:00,dos_slowloris_v1,dos_slowloris_v1__run_001,impact,T1499.002,4,2,0.8113,0.9969,0.0101,891.41,2377.1,0.8978,24,64,0.8017,1.3451,1.3107,0.1802,1.8514,0,3,0,0,0,0,0.3723,37.14,4.07,42.25,8587.95,10050.75,0,0.0037,0.0,0,0
2026-09-09T14:54:09.992802+00:00,dos_slowloris_v1,dos_slowloris_v1__run_001,impact,T1499.002,2,2,1.0,0.9637,0.0365,444.71,1056.19,0.866,16,38,1.9798,2.4112,1.3378,0.1784,1.8728,0,1,0,0,0,0,0.4178,27.79,1.1,28.89,7118.57,8880.74,0,0.0,0.0,0,0
2026-09-09T14:54:14.992802+00:00,dos_slowloris_v1,dos_slowloris_v1__run_001,impact,T1499.002,5,2,0.7219,0.9785,0.0,1338.02,2609.14,0.9355,40,78,1.2429,3.2889,1.096,0.1193,1.4538,0,3,0,0,0,0,0.5083,33.45,18.02,69.31,9053.71,7964.91,0,0.0288,2.0585,0,1
2026-09-09T14:54:19.992802+00:00,dos_slowloris_v1,dos_slowloris_v1__run_001,impact,T1499.002,5,2,0.971,0.9458,0.0507,2404.65,8525.58,0.8761,55,195,1.2596,3.3705,1.0362,0.1316,1.431,0,3,0,0,0,0,0.2819,43.72,9.14,55.09,7223.92,7726.33,0,0.0603,1.2965,0,0
2026-09-09T14:54:24.992802+00:00,dos_slowloris_v1,dos_slowloris_v1__run_001,impact,T1499.002,7,2,0.5917,1.0,0.0,1963.99,5190.54,0.8726,56,148,1.61,4.2886,1.0275,0.08,1.2675,1,4,0,0,0,0,0.3763,35.07,7.95,45.72,10021.72,8778.74,0,0.0337,0.8409,0,0
2026-09-09T14:54:29.992802+00:00,dos_slowloris_v1,dos_slowloris_v1__run_001,impact,T1499.002,4,2,0.8113,0.9694,0.0186,613.27,1264.88,0.916,16,33,1.6334,4.3667,1.2145,0.1316,1.6093,0,2,0,0,0,0,0.4795,38.33,10.21,49.08,8747.49,10347.06,0,0.0758,0.2513,0,0
2026-09-09T14:54:34.992802+00:00,dos_slowloris_v1,dos_slowloris_v1__run_001,impact,T1499.002,5,2,0.971,1.0,0.0,828.69,2030.3,0.885,20,49,1.5301,2.4558,1.3232,0.1493,1.771,0,3,0,0,0,0,0.4029,41.43,7.94,49.63,8754.44,6469.57,0,0.0257,1.2236,0,0
2026-09-09T14:54:39.992802+00:00,dos_slowloris_v1,dos_slowloris_v1__run_001,impact,T1499.002,4,2,1.0,0.9972,0.0,1040.12,4073.8,0.8467,24,94,1.5497,4.1933,1.0724,0.0641,1.2648,0,2,0,0,0,0,0.2534,43.34,18.34,72.3,7998.76,7679.49,0,0.0,1.1431,0,0
2026-09-09T14:54:44.992802+00:00,dos_slowloris_v1,dos_slowloris_v1__run_001,impact,T1499.002,4,2,1.0,0.9938,0.0,410.89,1301.15,0.9027,12,38,1.6345,2.8633,1.3216,0.1592,1.7992,0,2,0,0,0,0,0.3092,34.24,10.48,45.86,8944.44,9472.42,0,0.0402,0.0,0,0
2026-09-09T14:54:49.992802+00:00,dos_slowloris_v1,dos_slowloris_v1__run_001,impact,T1499.002,6,2,0.9183,0.9696,0.0622,1942.65,4654.26,0.8598,48,115,1.6059,3.1551,1.0693,0.1299,1.4592,0,3,0,0,0,0,0.4159,40.47,10.83,56.89,8747.15,9023.07,0,0.0283,0.4096,0,0
2026-09-09T14:54:54.992802+00:00,dos_slowloris_v1,dos_slowloris_v1__run_001,impact,T1499.002,5,1,-0.0,1.0,0.0,1681.13,4426.96,0.8971,30,79,1.3892,2.0042,1.1106,0.1616,1.5954,0,3,0,0,0,0,0.3793,56.04,10.1,67.18,6998.29,7167.42,0,0.0431,1.6707,0,0
2026-09-09T14:54:59.992802+00:00,dos_slowloris_v1,dos_slowloris_v1__run_001,impact,T1499.002,4,1,-0.0,0.9709,0.0,1784.81,3619.2,0.8825,36,73,1.1285,1.4101,1.256,0.1721,1.7723,0,2,0,0,0,0,0.4914,49.58,7.8,61.05,6405.56,8367.27,0,0.0,1.5028,0,0
2026-09-09T14:55:04.992802+00:00,dos_slowloris_v1,dos_slowloris_v1__run_001,impact,T1499.002,4,2,0.8113,0.9547,0.0659,1609.16,3178.09,0.8904,40,79,0.9311,1.7238,1.5078,0.1318,1.9032,0,2,0,0,0,0,0.5024,40.23,4.55,46.15,5683.7,8188.05,0,0.053,0.879,0,2
2026-09-09T14:55:09.992802+00:00,dos_slowloris_v1,dos_slowloris_v1__run_001,impact,T1499.002,3,2,0.9183,0.9824,0.0148,852.58,1847.26,0.8794,30,65,1.2903,3.7048,0.9664,0.137,1.3776,0,2,0,0,0,0,0.4572,28.42,6.67,37.0,8729.31,10148.41,0,0.0199,1.018,0,0
2026-09-09T14:55:14.992802+00:00,dos_slowloris_v1,dos_slowloris_v1__run_001,impact,T1499.002,4,2,1.0,1.0,0.0011,1648.16,4944.47,0.849,32,96,0.9343,2.1075,1.1056,0.0577,1.2788,0,2,0,0,0,0,0.3318,51.5,14.6,71.52,6722.95,7455.3,0,0.09,1.0857,0,0
2026-09-09T14:55:19.992802+00:00,dos_slowloris_v1,dos_slowloris_v1__run_001,impact,T1499.002,6,2,0.65,1.0,0.0011,1158.64,2944.87,0.8968,24,61,1.6189,2.0333,1.1933,0.0682,1.398,1,4,0,0,0,0,0.3892,48.28,15.11,66.63,8273.81,8381.89,0,0.0634,1.9503,0,0
2026-09-09T14:55:24.992802+00:00,dos_slowloris_v1,dos_slowloris_v1__run_001,impact,T1499.002,5,2,0.971,0.9651,0.0304,1083.2,2859.65,0.929,25,66,1.0794,1.7366,1.2182,0.1682,1.7229,0,3,0,0,0,0,0.3753,43.33,18.0,72.18,8493.42,7175.35,0,0.0,0.86,0,0
2026-09-09T14:55:29.992802+00:00,dos_slowloris_v1,dos_slowloris_v1__run_001,impact,T1499.002,3,2,0.9183,1.0,0.0,1614.06,4304.17,0.9334,27,72,0.7516,2.1221,1.4587,0.1064,1.778,0,2,0,0,0,0,0.3727,59.78,12.06,74.98,7837.07,8622.14,0,0.0,1.4222,0,1
2026-09-09T14:55:34.992802+00:00,dos_slowloris_v1,dos_slowloris_v1__run_001,impact,T1499.002,5,2,0.971,1.0,0.0189,1598.4,4675.31,0.9159,40,117,1.5715,3.4177,1.1667,0.1267,1.5467,0,3,0,0,0,0,0.3398,39.96,12.2,56.99,7328.74,8114.56,0,0.0059,0.7863,0,0
2026-09-09T14:55:39.992802+00:00,dos_slowloris_v1,dos_slowloris_v1__run_001,impact,T1499.002,2,1,-0.0,1.0,0.0228,634.81,1428.32,0.8777,16,36,1.2932,1.7146,1.2288,0.084,1.4807,0,1,0,0,0,0,0.4422,39.68,11.99,51.67,8308.18,9052.2,0,0.0,1.2112,0,0
2026-09-09T14:55:44.992802+00:00,dos_slowloris_v1,dos_slowloris_v1__run_001,impact,T1499.002,2,1,-0.0,0.9818,0.0328,797.01,1195.52,0.856,22,33,0.8925,1.3189,1.3417,0.1648,1.8361,0,1,0,0,0,0,0.6496,36.23,7.14,43.37,6890.45,7571.89,0,0.0319,1.0196,0,0
2026-09-09T14:55:49.992802+00:00,dos_slowloris_v1,dos_slowloris_v1__run_001,impact,T1499.002,3,2,0.9183,1.0,0.0075,212.52,613.95,0.9597,9,26,1.0835,2.8612,1.2647,0.1569,1.7353,0,2,0,0,0,0,0.3445,23.61,8.62,35.68,7995.24,8774.61,0,0.0157,1.5122,0,0
2026-09-09T14:55:54.992802+00:00,dos_slowloris_v1,dos_slowloris_v1__run_001,impact,T1499.002,2,1,-0.0,1.0,0.0,197.78,362.6,0.9143,6,11,1.1408,2.8765,1.1226,0.1608,1.6051,0,1,0,0,0,0,0.5101,32.96,7.0,39.96,9188.26,5845.37,0,0.0282,1.1678,0,0
2026-09-09T14:55:59.992802+00:00,dos_slowloris_v1,dos_slowloris_v1__run_001,impact,T1499.002,1,1,-0.0,0.99,0.0047,109.31,327.92,0.8709,5,15,1.372,2.4358,1.3827,0.1152,1.7284,0,0,0,0,0,0,0.3214,21.86,0.0,21.86,7496.7,7704.89,0,0.0207,0.7803,0,0
2026-09-09T14:56:04.992802+00:00,dos_slowloris_v1,dos_slowloris_v1__run_001,impact,T1499.002,5,2,0.971,1.0,0.0083,955.77,9557.73,0.9319,30,300,1.1212,1.8818,0.9252,0.1105,1.2566,0,3,0,0,0,0,0.1,31.86,5.26,38.43,9760.92,7779.66,0,0.0132,1.2605,0,1
2026-09-09T14:56:09.992802+00:00,dos_slowloris_v1,dos_slowloris_v1__run_001,impact,T1499.002,6,2,0.65,1.0,0.001,2128.03,7448.11,0.9448,48,168,1.1991,1.5632,1.0851,0.0819,1.3309,0,4,0,0,0,0,0.2843,44.33,13.78,69.51,7006.4,7391.44,0,0.0,0.3988,0,0
2026-09-09T14:56:14.992802+00:00,dos_slowloris_v1,dos_slowloris_v1__run_001,impact,T1499.002,5,2,0.971,0.9914,0.0039,1099.05,2830.06,0.8966,40,103,1.1812,3.1775,1.1243,0.1189,1.481,0,3,0,0,0,0,0.3863,27.48,7.73,39.47,7399.02,6906.21,0,0.0549,1.1241,0,0
2026-09-09T14:56:19.992802+00:00,dos_slowloris_v1,dos_slowloris_v1__run_001,impact,T1499.002,4,2,0.8113,0.942,0.0808,267.73,970.53,0.9956,8,29,0.7896,1.5561,1.4467,0.2095,2.0753,0,2,0,0,0,0,0.2728,33.47,10.52,51.07,8593.95,8973.52,0,0.0,1.0461,0,0
2026-09-09T14:56:24.992802+00:00,dos_slowloris_v1,dos_slowloris_v1__run_001,impact,T1499.002,7,2,0.9852,0.9924,0.008,1832.22,2791.95,0.8587,42,64,1.7622,4.5778,1.1082,0.1282,1.4928,1,4,0,0,0,0,0.6495,43.62,23.67,95.96,7703.29,7977.92,0,0.0135,1.271,0,0
2026-09-09T14:56:29.992802+00:00,dos_slowloris_v1,dos_slowloris_v1__run_001,impact,T1499.002,2,1,-0.0,1.0,0.0,305.07,610.14,0.8727,6,12,1.5571,2.5745,1.0397,0.1343,1.4427,0,1,0,0,0,0,0.483,50.85,5.64,56.49,7524.28,6768.55,0,0.0015,1.1323,0,0
2026-09-09T14:56:34.992802+00:00,dos_slowloris_v1,dos_slowloris_v1__run_001,impact,T1499.002,6,2,0.9183,1.0,0.0,1306.66,3048.87,0.8337,36,84,1.4348,2.9663,1.4486,0.1812,1.9923,0,4,0,0,0,0,0.4237,36.3,9.47,46.53,7660.56,8004.77,0,0.0119,0.3282,0,0
2026-09-09T14:56:39.992802+00:00,dos_slowloris_v1,dos_slowloris_v1__run_001,impact,T1499.002,5,2,0.971,0.9569,0.0454,1227.61,2823.5,0.8407,30,69,1.5843,3.6999,1.3029,0.1334,1.7033,0,3,0,0,0,0,0.4298,40.92,9.51,59.63,6840.0,8180.77,0,0.0159,0.4053,0,0
2026-09-09T14:56:44.992802+00:00,dos_slowloris_v1,dos_slowloris_v1__run_001,impact,T1499.002,2,2,1.0,1.0,0.0366,856.39,2263.31,0.9162,14,37,1.3651,1.9446,1.436,0.1234,1.8061,0,1,0,0,0,0,0.374,61.17,1.89,63.06,9101.01,5431.14,0,0.0241,0.1639,0,0
2026-09-09T14:56:49.992802+00:00,dos_slowloris_v1,dos_slowloris_v1__run_001,impact,T1499.002,1,1,-0.0,0.9916,0.0,539.13,718.84,0.9363,9,12,0.7275,1.196,1.3211,0.0854,1.5774,0,0,0,0,0,0,0.745,59.9,0.0,59.9,6293.86,8564.3,0,0.0117,0.8506,0,0
2026-09-09T14:56:54.992802+00:00,dos_slowloris_v1,dos_slowloris_v1__run_001,impact,T1499.002,4,2,1.0,0.9898,0.005,939.88,2075.56,0.9491,24,53,1.036,1.823,1.3788,0.1041,1.6911,0,2,0,0,0,0,0.4455,39.16,11.6,51.49,9730.44,7923.57,0,0.01,1.3127,0,0
2026-09-09T14:56:59.992802+00:00,dos_slowloris_v1,dos_slowloris_v1__run_001,impact,T1499.002,10,2,0.971,1.0,0.0241,2638.94,6465.41,0.9149,60,147,1.6138,3.7573,1.2363,0.1189,1.593,1,6,0,0,0,0,0.4056,43.98,14.04,61.21,8123.63,8083.42,0,0.0269,1.4706,0,0
2026-09-09T14:57:04.992802+00:00,dos_slowloris_v1,dos_slowloris_v1__run_001,impact,T1499.002,4,2,0.8113,1.0,0.0,1160.13,1947.36,0.8814,28,47,0.7838,0.9659,1.0486,0.082,1.2945,0,2,0,0,0,0,0.5906,41.43,10.48,59.25,8705.36,9136.95,0,0.0435,0.741,0,0
2026-09-09T14:57:09.992802+00:00,dos_slowloris_v1,dos_slowloris_v1__run_001,impact,T1499.002,5,2,0.971,0.993,0.0306,2155.02,6465.07,0.8788,40,120,0.918,1.6699,1.3424,0.1803,1.8832,0,3,0,0,0,0,0.3306,53.88,10.49,67.75,8559.45,8807.03,0,0.026,1.2174,0,0
2026-09-09T14:57:14.992802+00:00,dos_slowloris_v1,dos_slowloris_v1__run_001,impact,T1499.002,3,2,0.9183,0.9998,0.0,1187.83,3167.55,0.874,27,72,1.6643,4.4931,1.2119,0.0856,1.4686,0,2,0,0,0,0,0.3715,43.99,11.37,57.98,7290.15,6098.45,0,0.0,0.8536,0,0
2026-09-09T14:57:19.992802+00:00,dos_slowloris_v1,dos_slowloris_v1__run_001,impact,T1499.002,3,2,0.9183,0.9654,0.0143,339.95,566.59,0.9745,6,10,1.1864,2.8865,1.3486,0.1586,1.8244,0,2,0,0,0,0,0.5529,56.66,7.13,66.59,9638.96,7243.31,0,0.0,0.86,0,0
2026-09-09T14:57:24.992802+00:00,dos_slowloris_v1,dos_slowloris_v1__run_001,impact,T1499.002,10,2,0.971,1.0,0.0,2076.65,6645.28,0.8782,60,192,1.5283,2.4461,1.0116,0.1092,1.3392,1,6,0,0,0,0,0.3112,34.61,12.06,50.78,7983.39,7527.36,0,0.0,0.6781,0,0
2026-09-09T14:57:29.992802+00:00,dos_slowloris_v1,dos_slowloris_v1__run_001,impact,T1499.002,2,1,-0.0,0.9819,0.0339,388.09,853.79,0.8673,10,22,1.6902,3.5677,1.2511,0.0735,1.4717,0,1,0,0,0,0,0.4399,38.81,3.58,42.39,10286.45,6852.28,0,0.0,0.6532,0,0
2026-09-09T14:57:34.992802+00:00,dos_slowloris_v1,dos_slowloris_v1__run_001,impact,T1499.002,5,2,0.7219,0.9754,0.0063,1095.37,2234.55,0.8907,25,51,1.4171,3.6887,1.3226,0.1914,1.8968,0,3,0,0,0,0,0.4897,43.81,21.71,83.84,9092.97,8644.62,0,0.0,0.4581,0,0
2026-09-09T14:57:39.992802+00:00,dos_slowloris_v1,dos_slowloris_v1__run_001,impact,T1499.002,5,2,0.971,0.9988,0.0282,1243.9,2701.05,0.9217,35,76,1.0262,2.4828,1.5432,0.219,2.2001,0,3,0,0,0,0,0.4583,35.54,10.17,51.73,9436.55,9219.84,0,0.0254,0.0,0,0
2026-09-09T14:57:44.992802+00:00,dos_slowloris_v1,dos_slowloris_v1__run_001,impact,T1499.002,3,1,-0.0,0.9951,0.0252,916.37,2698.19,0.9397,18,53,1.4526,3.0364,1.0031,0.1451,1.4383,0,2,0,0,0,0,0.3338,50.91,4.84,57.58,7193.08,8407.42,0,0.0,0.1485,0,0
2026-09-09T14:57:49.992802+00:00,dos_slowloris_v1,dos_slowloris_v1__run_001,impact,T1499.002,2,2,1.0,0.9734,0.0387,679.82,1019.73,0.7751,14,21,1.8674,4.763,1.3456,0.0742,1.5683,0,1,0,0,0,0,0.6532,48.56,1.56,50.12,8807.43,8659.54,0,0.0275,1.2364,0,0
2026-09-09T14:57:54.992802+00:00,dos_slowloris_v1,dos_slowloris_v1__run_001,impact,T1499.002,1,1,-0.0,1.0,0.0,221.18,568.74,0.9419,7,18,1.6055,3.5154,1.2127,0.0754,1.4388,0,0,0,0,0,0,0.379,31.6,0.0,31.6,8589.2,7687.34,0,0.0,0.8111,0,0
2026-09-09T14:57:59.992802+00:00,dos_slowloris_v1,dos_slowloris_v1__run_001,impact,T1499.002,2,1,-0.0,0.9783,0.0,526.93,1273.41,0.8889,12,29,0.7987,1.6472,1.464,0.1289,1.8506,0,1,0,0,0,0,0.4054,43.91,15.03,58.94,8475.85,8962.32,0,0.0174,0.9345,0,0
2026-09-09T14:58:04.992802+00:00,dos_slowloris_v1,dos_slowloris_v1__run_001,impact,T1499.002,7,2,0.9852,1.0,0.0,1753.54,5511.13,0.8609,42,132,1.0679,1.7032,1.1299,0.1373,1.5419,1,5,0,0,0,0,0.3159,41.75,14.72,67.27,7454.96,7910.49,0,0.0,1.1703,0,0
2026-09-09T14:58:09.992802+00:00,dos_slowloris_v1,dos_slowloris_v1__run_001,impact,T1499.002,2,2,1.0,0.9345,0.0522,507.54,1065.84,0.935,10,21,1.0273,1.4466,1.2797,0.1453,1.7156,0,1,0,0,0,0,0.46,50.75,13.19,63.94,7598.88,8528.83,0,0.0318,1.6116,0,0
2026-09-09T14:58:14.992802+00:00,dos_slowloris_v1,dos_slowloris_v1__run_001,impact,T1499.002,6,2,0.65,1.0,0.0,849.74,1770.3,0.8797,24,50,1.3766,2.4301,1.3176,0.1096,1.6465,0,3,0,0,0,0,0.4712,35.41,11.38,49.75,7160.92,8329.0,0,0.029,0.9328,0,1
2026-09-09T14:58:19.992802+00:00,dos_slowloris_v1,dos_slowloris_v1__run_001,impact,T1499.002,5,2,0.971,1.0,0.0123,2287.72,5185.49,0.9074,45,102,0.8028,0.9732,1.1614,0.0859,1.419,0,3,0,0,0,0,0.4406,50.84,14.72,72.32,8002.24,7709.45,0,0.0024,0.7368,0,0
2026-09-09T14:58:24.992802+00:00,dos_slowloris_v1,dos_slowloris_v1__run_001,impact,T1499.002,4,2,0.8113,1.0,0.0,751.59,2142.02,0.9093,20,57,0.651,1.0258,1.0354,0.153,1.4944,0,2,0,0,0,0,0.3497,37.58,4.96,41.2,8121.29,5828.03,0,0.0086,1.498,0,0
2026-09-09T14:58:29.992802+00:00,dos_slowloris_v1,dos_slowloris_v1__run_001,impact,T1499.002,5,2,0.971,0.9847,0.0346,1106.41,1726.01,0.8835,25,39,1.2435,2.359,1.4097,0.163,1.8987,0,3,0,0,0,0,0.6394,44.26,17.69,64.61,8541.18,8244.81,0,0.0352,0.0,0,0
2026-09-09T14:58:34.992802+00:00,dos_slowloris_v1,dos_slowloris_v1__run_001,impact,T1499.002,5,2,0.7219,0.9427,0.0351,393.64,669.2,0.9149,10,17,1.2789,3.1754,1.2705,0.0754,1.4966,0,3,0,0,0,0,0.5657,39.36,10.69,59.79,10106.29,7824.29,0,0.0242,1.4651,0,0
2026-09-09T14:58:39.992802+00:00,dos_slowloris_v1,dos_slowloris_v1__run_001,impact,T1499.002,3,2,0.9183,0.9618,0.0292,623.76,2453.45,0.9394,15,59,1.6106,3.7598,1.3295,0.0964,1.6187,0,2,0,0,0,0,0.2525,41.58,12.07,58.64,8994.83,10068.84,0,0.0381,1.529,0,0
2026-09-09T14:58:44.992802+00:00,dos_slowloris_v1,dos_slowloris_v1__run_001,impact,T1499.002,2,1,-0.0,0.9885,0.0291,504.4,1723.37,0.9027,12,41,1.6317,3.9636,1.0188,0.057,1.1897,0,1,0,0,0,0,0.2889,42.03,2.97,45.0,8706.33,8420.29,0,0.0253,0.9486,0,0
2026-09-09T14:58:49.992802+00:00,dos_slowloris_v1,dos_slowloris_v1__run_001,impact,T1499.002,4,2,1.0,0.988,0.0018,1164.79,2491.36,0.894,36,77,1.3777,4.0009,1.272,0.1239,1.6437,0,2,0,0,0,0,0.4662,32.36,7.48,39.82,8386.85,8045.09,0,0.0155,0.6247,0,0
2026-09-09T14:58:54.992802+00:00,dos_slowloris_v1,dos_slowloris_v1__run_001,impact,T1499.002,2,1,-0.0,0.961,0.0053,355.38,918.05,0.928,12,31,0.8205,1.6943,1.0448,0.1169,1.3956,0,1,0,0,0,0,0.3862,29.61,7.11,36.72,8167.82,8964.28,0,0.0,1.0838,0,0
2026-09-09T14:58:59.992802+00:00,dos_slowloris_v1,dos_slowloris_v1__run_001,impact,T1499.002,3,1,-0.0,1.0,0.0,645.05,1118.09,0.9948,15,26,1.9033,3.1315,1.3427,0.1862,1.9015,0,2,0,0,0,0,0.5661,43.0,9.19,55.96,7011.99,7279.15,0,0.0188,0.4224,0,1
2026-09-09T14:59:04.992802+00:00,dos_slowloris_v1,dos_slowloris_v1__run_001,impact,T1499.002,5,2,0.7219,0.9677,0.0378,1217.55,2922.12,0.948,30,72,1.5949,2.7271,1.0982,0.1445,1.5316,0,3,0,0,0,0,0.4115,40.58,12.78,59.19,7235.7,9353.3,0,0.0044,1.1269,0,0
2026-09-09T14:59:09.992802+00:00,dos_slowloris_v1,dos_slowloris_v1__run_001,impact,T1499.002,3,2,0.9183,1.0,0.0309,502.93,1313.21,0.9707,18,47,1.5822,3.7853,1.1212,0.1144,1.4645,0,2,0,0,0,0,0.3803,27.94,9.17,38.02,7186.87,9083.11,0,0.0347,1.1127,0,1
2026-09-09T14:59:14.992802+00:00,dos_slowloris_v1,dos_slowloris_v1__run_001,impact,T1499.002,6,2,0.9183,0.9968,0.015,381.09,1048.01,0.9444,12,33,1.4335,4.1111,1.3536,0.122,1.7196,0,4,0,0,0,0,0.3615,31.76,8.78,42.64,8063.74,9292.05,0,0.029,0.5173,0,0
2026-09-09T14:59:19.992802+00:00,dos_slowloris_v1,dos_slowloris_v1__run_001,impact,T1499.002,6,2,0.9183,0.9939,0.0,1091.96,3130.29,0.9209,30,86,0.9465,1.7991,1.0751,0.086,1.3332,1,4,0,0,0,0,0.3472,36.4,10.14,54.36,9177.32,9225.13,0,0.0093,0.5549,0,0
2026-09-09T14:59:24.992802+00:00,dos_slowloris_v1,dos_slowloris_v1__run_001,impact,T1499.002,0,0,0.0,1.0,0.0057,0.0,0.0,0.9228,0,0,1.5671,3.1368,1.4416,0.0738,1.663,0,0,0,0,0,0,0.3687,28.27,0.0,28.27,6946.02,5947.86,0,0.0,0.2656,0,0
2026-09-09T14:59:29.992802+00:00,dos_slowloris_v1,dos_slowloris_v1__run_001,impact,T1499.002,7,2,0.9852,0.9703,0.036,1909.62,5689.89,0.9358,49,146,1.2044,1.9406,1.3548,0.1282,1.7394,1,4,0,0,0,0,0.335,38.97,18.86,79.52,8713.24,8405.32,0,0.0155,0.6539,0,0
2026-09-09T14:59:34.992802+00:00,dos_slowloris_v1,dos_slowloris_v1__run_001,impact,T1499.002,2,2,1.0,0.987,0.0094,469.9,1233.49,0.896,16,42,1.0812,2.5358,1.2105,0.1008,1.5129,0,1,0,0,0,0,0.3796,29.37,4.27,33.64,9176.87,7770.31,0,0.0353,0.5733,0,0
2026-09-09T14:59:39.992802+00:00,dos_slowloris_v1,dos_slowloris_v1__run_001,impact,T1499.002,4,1,-0.0,0.9925,0.0,989.81,1732.17,0.9109,24,42,1.2231,2.9777,1.338,0.0936,1.6189,0,2,0,0,0,0,0.5706,41.24,4.76,46.22,8606.9,7038.4,0,0.0319,0.7915,0,0
2026-09-09T14:59:44.992802+00:00,dos_slowloris_v1,dos_slowloris_v1__run_001,impact,T1499.002,1,1,-0.0,0.9877,0.0185,155.79,363.51,0.8773,3,7,1.1994,2.2116,1.1313,0.1019,1.437,0,0,0,0,0,0,0.3822,51.93,0.0,51.93,7733.01,6823.59,0,0.0,0.0,0,0
2026-09-09T14:59:49.992802+00:00,dos_slowloris_v1,dos_slowloris_v1__run_001,impact,T1499.002,6,2,1.0,1.0,0.0169,1005.31,2429.51,0.9389,24,58,0.6464,0.8896,1.2323,0.0858,1.4896,0,4,0,0,0,0,0.4085,41.89,21.33,86.05,7407.88,9024.83,0,0.0063,0.8233,0,0
2026-09-09T14:59:54.992802+00:00,dos_slowloris_v1,dos_slowloris_v1__run_001,impact,T1499.002,4,2,0.8113,0.9658,0.041,954.2,1789.13,0.8638,32,60,1.9465,4.6625,1.6161,0.1345,2.0195,0,2,0,0,0,0,0.5296,29.82,9.1,44.27,8535.9,10268.52,0,0.0047,0.4241,0,0
2026-09-09T14:59:59.992802+00:00,dos_slowloris_v1,dos_slowloris_v1__run_001,impact,T1499.002,3,2,0.9183,0.9759,0.0545,1054.85,2539.46,0.8763,27,65,0.6828,1.2833,1.1382,0.0607,1.3203,0,2,0,0,0,0,0.4096,39.07,10.01,51.59,7752.8,8390.17,0,0.0111,1.4344,0,0
2026-09-09T15:00:04.992802+00:00,dos_slowloris_v1,dos_slowloris_v1__run_001,impact,T1499.002,4,2,1.0,1.0,0.0,1213.79,2340.89,0.9657,28,54,1.7041,2.5748,1.0164,0.0793,1.2543,0,2,0,0,0,0,0.5171,43.35,9.03,53.6,8416.02,9366.34,0,0.0,0.8436,0,0
2026-09-09T15:00:09.992802+00:00,dos_slowloris_v1,dos_slowloris_v1__run_001,impact,T1499.002,3,2,0.9183,0.952,0.0602,577.75,1271.05,0.854,15,33,1.5972,3.0682,1.2664,0.1888,1.8329,0,2,0,0,0,0,0.4497,38.52,10.81,48.81,9564.15,8325.18,0,0.0282,0.9949,0,0
2026-09-09T15:00:14.992802+00:00,dos_slowloris_v1,dos_slowloris_v1__run_001,impact,T1499.002,6,2,1.0,0.9573,0.0333,2387.55,7361.62,0.8769,60,185,1.1759,2.4823,1.3313,0.0695,1.5397,0,4,0,0,0,0,0.3238,39.79,10.74,55.61,7943.86,8352.32,0,0.0251,0.7398,0,0
2026-09-09T15:00:19.992802+00:00,dos_slowloris_v1,dos_slowloris_v1__run_001,impact,T1499.002,6,2,0.65,0.9482,0.0464,433.72,939.72,0.9095,12,26,1.0661,1.7402,1.3855,0.0791,1.6227,1,4,0,0,0,0,0.4612,36.14,9.17,52.93,8450.53,7763.02,0,0.0,1.1611,0,0
2026-09-09T15:00:24.992802+00:00,dos_slowloris_v1,dos_slowloris_v1__run_001,impact,T1499.002,4,2,0.8113,1.0,0.0114,984.79,2133.72,0.8987,24,52,1.0606,2.0957,1.1615,0.1427,1.5896,0,2,0,0,0,0,0.459,41.03,1.91,43.47,7759.66,6484.17,0,0.0,1.0519,0,0
2026-09-09T15:00:29.992802+00:00,dos_slowloris_v1,dos_slowloris_v1__run_001,impact,T1499.002,5,2,0.971,1.0,0.0,647.53,1813.08,0.9493,20,56,0.769,1.2372,1.0613,0.062,1.2472,0,3,0,0,0,0,0.3512,32.38,6.18,42.22,6594.14,7600.34,0,0.0398,0.8048,0,0
2026-09-09T15:00:34.992802+00:00,dos_slowloris_v1,dos_slowloris_v1__run_001,impact,T1499.002,5,2,0.971,0.9762,0.0211,1468.79,2594.86,0.9156,30,53,1.7343,3.9884,1.3535,0.1271,1.7349,0,3,0,0,0,0,0.5566,48.96,16.11,71.78,7539.96,7388.41,0,0.0401,0.2945,0,0
2026-09-09T15:00:39.992802+00:00,dos_slowloris_v1,dos_slowloris_v1__run_001,impact,T1499.002,3,2,0.9183,0.9818,0.0,448.47,807.25,0.9654,15,27,1.3443,2.3992,1.2823,0.1728,1.8006,0,1,0,0,0,0,0.548,29.9,10.61,44.71,9088.73,8112.53,0,0.0413,1.4435,0,0
2026-09-09T15:00:44.992802+00:00,dos_slowloris_v1,dos_slowloris_v1__run_001,impact,T1499.002,2,2,1.0,0.9566,0.0541,581.25,1328.58,1.0,14,32,0.8627,1.7265,1.2749,0.1057,1.592,0,1,0,0,0,0,0.4265,41.52,17.51,59.03,7531.35,8423.11,0,0.0456,1.3218,0,0
2026-09-09T15:00:49.992802+00:00,dos_slowloris_v1,dos_slowloris_v1__run_001,impact,T1499.002,7,2,0.8631,1.0,0.001,1250.13,3125.34,0.8557,28,70,1.4674,2.1815,1.3463,0.1338,1.7478,0,4,0,0,0,0,0.3966,44.65,14.96,73.58,6716.54,8635.26,0,0.0,0.8256,0,0
2026-09-09T15:00:54.992802+00:00,dos_slowloris_v1,dos_slowloris_v1__run_001,impact,T1499.002,8,2,0.8113,1.0,0.0,718.75,1976.56,0.8811,24,66,1.7799,3.111,1.3496,0.0693,1.5576,1,5,0,0,0,0,0.359,29.95,6.19,36.92,9039.1,7255.44,0,0.0323,0.0,0,1
2026-09-09T15:00:59.992802+00:00,dos_slowloris_v1,dos_slowloris_v1__run_001,impact,T1499.002,2,2,1.0,0.9787,0.0251,196.59,442.33,0.908,8,18,1.0634,2.4629,1.2299,0.1788,1.7662,0,1,0,0,0,0,0.4265,24.57,5.91,30.48,7858.8,8390.14,0,0.0,0.0,0,0
2026-09-09T15:01:04.992802+00:00,dos_slowloris_v1,dos_slowloris_v1__run_001,impact,T1499.002,5,2,0.971,0.9625,0.0392,2267.37,6303.29,0.9133,50,139,1.3688,3.5157,1.4156,0.1285,1.801,0,3,0,0,0,0,0.3574,45.35,16.82,75.1,6880.24,9669.76,0,0.0,1.1876,0,1
2026-09-09T15:01:09.992802+00:00,dos_slowloris_v1,dos_slowloris_v1__run_001,impact,T1499.002,5,2,0.971,1.0,0.0,1212.02,3191.65,0.9274,30,79,1.3779,3.7236,1.0288,0.0724,1.246,0,3,0,0,0,0,0.3759,40.4,13.4,65.8,9287.66,7243.39,0,0.0,0.4171,0,0
2026-09-09T15:01:14.992802+00:00,dos_slowloris_v1,dos_slowloris_v1__run_001,impact,T1499.002,6,2,1.0,0.9571,0.0473,605.98,1346.62,0.9882,18,40,0.7305,1.9047,1.4034,0.1941,1.9857,0,4,0,0,0,0,0.4465,33.67,11.48,55.77,7649.12,10712.1,0,0.0064,1.5196,0,0
2026-09-09T15:01:19.992802+00:00,dos_slowloris_v1,dos_slowloris_v1__run_001,impact,T1499.002,3,1,-0.0,0.9835,0.0166,402.06,714.77,0.9394,9,16,1.8092,3.8498,1.4184,0.0944,1.7016,0,2,0,0,0,0,0.5477,44.67,18.8,66.62,8692.37,8340.97,0,0.0,0.3644,0,0
2026-09-09T15:01:24.992802+00:00,dos_slowloris_v1,dos_slowloris_v1__run_001,impact,T1499.002,2,2,1.0,1.0,0.0,213.03,426.07,1.0,6,12,1.6904,3.3081,1.2529,0.1528,1.7114,0,1,0,0,0,0,0.4713,35.51,5.88,41.38,7915.86,8523.04,0,0.048,1.8044,0,0
2026-09-09T15:01:29.992802+00:00,dos_slowloris_v1,dos_slowloris_v1__run_001,impact,T1499.002,3,2,0.9183,0.9943,0.0,258.92,747.99,0.8353,9,26,1.7903,4.5878,1.1685,0.1368,1.5789,0,2,0,0,0,0,0.3427,28.77,7.2,34.75,6863.98,10032.01,0,0.0034,1.0686,0,0
2026-09-09T15:01:34.992802+00:00,dos_slowloris_v1,dos_slowloris_v1__run_001,impact,T1499.002,1,1,-0.0,0.993,0.0428,313.55,992.9,0.878,6,19,1.3838,3.9594,1.2262,0.0815,1.4706,0,0,0,0,0,0,0.3,52.26,0.0,52.26,9325.98,8035.48,0,0.0,1.4397,0,0
2026-09-09T15:01:39.992802+00:00,dos_slowloris_v1,dos_slowloris_v1__run_001,impact,T1499.002,3,2,0.9183,1.0,0.0,372.98,621.63,0.9292,12,20,0.6477,1.7018,1.2574,0.14,1.6775,0,2,0,0,0,0,0.5895,31.08,5.34,38.11,10229.39,6050.23,0,0.0,1.3784,0,0
2026-09-09T15:01:44.992802+00:00,dos_slowloris_v1,dos_slowloris_v1__run_001,impact,T1499.002,3,2,0.9183,1.0,0.0176,786.76,1475.17,0.8475,24,45,1.4953,3.6788,1.2514,0.0629,1.44,0,2,0,0,0,0,0.5241,32.78,4.9,37.84,7296.82,7897.54,0,0.0,1.2698,0,0
2026-09-09T15:01:49.992802+00:00,dos_slowloris_v1,dos_slowloris_v1__run_001,impact,T1499.002,2,1,-0.0,1.0,0.0084,679.33,2408.54,0.8814,22,78,0.7697,1.854,1.3641,0.0783,1.5989,0,1,0,0,0,0,0.2785,30.88,13.5,44.38,7271.01,7126.97,0,0.0,0.4157,0,0
2026-09-09T15:01:54.992802+00:00,dos_slowloris_v1,dos_slowloris_v1__run_001,impact,T1499.002,3,2,0.9183,0.9592,0.0481,211.04,797.24,0.9458,9,34,1.8471,2.4043,1.346,0.0685,1.5517,0,2,0,0,0,0,0.2624,23.45,4.18,29.36,9029.2,9275.65,0,0.0278,1.9207,0,0
2026-09-09T15:01:59.992802+00:00,dos_slowloris_v1,dos_slowloris_v1__run_001,impact,T1499.002,7,2,0.9852,0.9685,0.0832,4526.61,9441.22,0.8581,70,146,1.4301,2.3467,1.3625,0.1892,1.9301,0,5,0,0,0,0,0.478,64.67,33.16,131.43,8664.2,8326.51,0,0.0724,1.3124,0,1
2026-09-09T15:02:04.992802+00:00,dos_slowloris_v1,dos_slowloris_v1__run_001,impact,T1499.002,4,2,0.8113,0.9712,0.0055,945.3,1701.54,0.872,20,36,1.7253,3.6492,1.0428,0.0739,1.2645,0,2,0,0,0,0,0.547,47.26,19.62,69.89,7650.2,7988.18,0,0.0,0.4172,0,0
2026-09-09T15:02:09.992802+00:00,dos_slowloris_v1,dos_slowloris_v1__run_001,impact,T1499.002,4,2,0.8113,0.9867,0.0292,1230.41,2922.23,0.85,32,76,1.1186,2.8397,1.2003,0.0864,1.4594,0,2,0,0,0,0,0.4209,38.45,7.17,50.76,9726.07,10200.79,0,0.0,1.3511,0,0
2026-09-09T15:02:14.992802+00:00,dos_slowloris_v1,dos_slowloris_v1__run_001,impact,T1499.002,4,2,0.8113,1.0,0.0118,950.91,2234.63,0.8929,20,47,1.4021,2.6041,1.2219,0.102,1.5278,0,2,0,0,0,0,0.4255,47.55,7.71,55.64,8112.18,9636.24,0,0.0416,0.9528,0,0
2026-09-09T15:02:19.992802+00:00,dos_slowloris_v1,dos_slowloris_v1__run_001,impact,T1499.002,8,2,0.9544,1.0,0.0,1002.24,2255.05,0.9122,24,54,1.4675,3.4953,1.1132,0.1544,1.5763,1,5,0,0,0,0,0.4421,41.76,20.04,93.66,8207.57,9208.04,0,0.0061,1.1267,0,0
2026-09-09T15:02:24.992802+00:00,dos_slowloris_v1,dos_slowloris_v1__run_001,impact,T1499.002,1,1,-0.0,1.0,0.0,199.33,2524.82,0.9626,6,76,1.6212,3.6906,1.0843,0.1335,1.4848,0,0,0,0,0,0,0.0783,33.22,0.0,33.22,7480.86,7155.52,0,0.0352,0.5032,0,0
2026-09-09T15:02:29.992802+00:00,dos_slowloris_v1,dos_slowloris_v1__run_001,impact,T1499.002,5,2,0.971,1.0,0.0344,731.72,1463.45,0.908,15,30,1.9214,5.5946,1.2604,0.1708,1.773,0,3,0,0,0,0,0.4974,48.78,15.74,76.75,6585.83,8072.92,0,0.0396,1.3176,0,0
2026-09-09T15:02:34.992802+00:00,dos_slowloris_v1,dos_slowloris_v1__run_001,impact,T1499.002,6,2,0.9183,0.9737,0.0451,895.51,3134.27,0.8897,24,84,0.8015,1.6535,1.3362,0.0952,1.6217,0,4,0,0,0,0,0.284,37.31,14.81,63.67,6821.82,8103.65,0,0.0,1.0843,0,0
2026-09-09T15:02:39.992802+00:00,dos_slowloris_v1,dos_slowloris_v1__run_001,impact,T1499.002,3,2,0.9183,0.939,0.0587,1377.67,3928.92,0.8197,27,77,1.6118,4.3806,1.1733,0.1013,1.4772,0,2,0,0,0,0,0.3501,51.02,13.4,69.87,9307.52,7344.51,0,0.0084,0.6204,0,0
2026-09-09T15:02:44.992802+00:00,dos_slowloris_v1,dos_slowloris_v1__run_001,impact,T1499.002,4,2,0.8113,1.0,0.034,1559.8,6863.13,0.8864,40,176,1.3837,3.7955,1.2716,0.099,1.5686,0,2,0,0,0,0,0.2268,39.0,11.2,57.18,6462.5,6078.27,0,0.0,0.7187,0,0
2026-09-09T15:02:49.992802+00:00,dos_slowloris_v1,dos_slowloris_v1__run_001,impact,T1499.002,6,2,1.0,0.9655,0.0572,1208.12,3785.44,0.8343,30,94,1.548,3.1891,1.2091,0.1545,1.6727,1,4,0,0,0,0,0.3189,40.27,9.16,50.84,8149.12,7114.69,0,0.0307,0.4685,0,0
2026-09-09T15:02:54.992802+00:00,dos_slowloris_v1,dos_slowloris_v1__run_001,impact,T1499.002,5,2,0.971,1.0,0.0236,1072.91,2431.93,0.8978,30,68,0.9849,2.3102,1.1986,0.1705,1.7101,0,3,0,0,0,0,0.4406,35.76,6.16,46.89,8045.7,8701.68,0,0.0474,1.3278,0,0
2026-09-09T15:02:59.992802+00:00,dos_slowloris_v1,dos_slowloris_v1__run_001,impact,T1499.002,4,2,1.0,0.9733,0.0429,754.67,1962.13,0.9404,20,52,0.8992,2.5194,1.2745,0.0656,1.4713,0,2,0,0,0,0,0.3813,37.73,9.79,47.77,8781.02,8478.5,0,0.0124,0.6503,0,0
2026-09-09T15:03:04.992802+00:00,dos_slowloris_v1,dos_slowloris_v1__run_001,impact,T1499.002,2,2,1.0,1.0,0.0398,478.35,1674.22,0.8993,10,35,1.309,1.8586,1.3125,0.1082,1.6371,0,1,0,0,0,0,0.2781,47.83,5.19,53.02,9096.35,8456.03,0,0.0,0.6219,0,0
2026-09-09T15:03:09.992802+00:00,dos_slowloris_v1,dos_slowloris_v1__run_001,impact,T1499.002,0,0,0.0,1.0,0.0,0.0,0.0,0.9034,0,0,0.7051,1.4846,1.4216,0.2071,2.0428,0,0,0,0,0,0,0.3663,45.19,0.0,45.19,8747.02,7619.22,0,0.0255,1.2388,0,0
2026-09-09T15:03:14.992802+00:00,dos_slowloris_v1,dos_slowloris_v1__run_001,impact,T1499.002,4,2,0.8113,1.0,0.0167,915.49,1968.31,0.9156,20,43,1.1968,1.7558,1.1472,0.088,1.4113,0,2,0,0,0,0,0.4553,45.77,23.97,69.75,8174.77,6992.55,0,0.0023,1.7033,0,0
2026-09-09T15:03:19.992802+00:00,dos_slowloris_v1,dos_slowloris_v1__run_001,impact,T1499.002,3,1,-0.0,1.0,0.0018,1017.79,7463.79,0.9073,24,176,1.7438,3.4933,1.3478,0.0691,1.5551,0,2,0,0,0,0,0.1363,42.41,18.27,60.32,7538.17,9150.03,0,0.0439,1.502,0,0
2026-09-09T15:03:24.992802+00:00,dos_slowloris_v1,dos_slowloris_v1__run_001,impact,T1499.002,1,1,-0.0,1.0,0.0,205.0,492.01,0.9122,5,12,1.8963,3.572,1.185,0.0669,1.3858,0,0,0,0,0,0,0.3933,41.0,0.0,41.0,8778.76,9819.42,0,0.0123,0.5359,0,0
2026-09-09T15:03:29.992802+00:00,dos_slowloris_v1,dos_slowloris_v1__run_001,impact,T1499.002,5,2,0.971,0.9244,0.0501,687.74,1547.41,0.8679,20,45,1.3737,3.8991,1.3332,0.0983,1.6282,0,3,0,0,0,0,0.4404,34.39,9.5,46.72,9151.95,7323.13,0,0.0127,1.2455,0,0
2026-09-09T15:03:34.992802+00:00,dos_slowloris_v1,dos_slowloris_v1__run_001,impact,T1499.002,2,2,1.0,0.9294,0.0799,715.7,2266.39,0.8262,18,57,1.2853,2.853,1.3546,0.0753,1.5806,0,1,0,0,0,0,0.3135,39.76,17.52,57.28,8314.47,8033.26,0,0.0,1.2216,0,0
2026-09-09T15:03:39.992802+00:00,dos_slowloris_v1,dos_slowloris_v1__run_001,impact,T1499.002,5,2,0.7219,0.98,0.01,1571.44,10402.97,0.8898,50,331,0.8765,2.1739,1.3056,0.1935,1.886,0,3,0,0,0,0,0.1507,31.43,10.07,48.23,9948.13,6258.0,0,0.0061,0.6184,0,0
2026-09-09T15:03:44.992802+00:00,dos_slowloris_v1,dos_slowloris_v1__run_001,impact,T1499.002,2,1,-0.0,0.9875,0.0109,490.47,1430.52,0.8552,12,35,1.6695,4.0539,1.6313,0.2175,2.2839,0,1,0,0,0,0,0.3421,40.87,15.86,56.73,7191.55,8302.24,0,0.0,0.4821,0,0
2026-09-09T15:03:49.992802+00:00,dos_slowloris_v1,dos_slowloris_v1__run_001,impact,T1499.002,6,2,0.9183,0.9906,0.0,1046.85,3285.95,0.8646,36,113,1.6585,2.8311,1.033,0.0785,1.2684,1,4,0,0,0,0,0.3164,29.08,8.11,39.94,7939.77,8363.04,0,0.0,0.9175,0,0
2026-09-09T15:03:54.992802+00:00,dos_slowloris_v1,dos_slowloris_v1__run_001,impact,T1499.002,7,2,0.9852,1.0,0.0,1432.08,3034.65,0.9116,42,89,0.6077,1.5331,1.0574,0.0615,1.2418,1,4,0,0,0,0,0.4688,34.1,6.22,43.79,8463.49,9684.93,0,0.0016,0.8875,0,0
2026-09-09T15:03:59.992802+00:00,dos_slowloris_v1,dos_slowloris_v1__run_001,impact,T1499.002,4,2,1.0,1.0,0.0,1196.23,3688.38,1.0,24,74,1.201,2.8585,1.2543,0.0783,1.4892,0,2,0,0,0,0,0.3215,49.84,12.76,59.92,7854.27,9343.85,0,0.0234,1.5018,0,0
2026-09-09T15:04:04.992802+00:00,dos_slowloris_v1,dos_slowloris_v1__run_001,impact,T1499.002,4,2,0.8113,1.0,0.0,313.68,679.64,0.785,12,26,0.7007,1.6117,0.8982,0.0713,1.1119,0,2,0,0,0,0,0.4551,26.14,5.62,30.14,8714.48,8920.31,0,0.0439,0.0,0,0
2026-09-09T15:04:09.992802+00:00,dos_slowloris_v1,dos_slowloris_v1__run_001,impact,T1499.002,3,1,-0.0,0.9838,0.0248,565.79,1320.17,0.9339,21,49,1.8508,4.3848,1.3451,0.2014,1.9493,0,2,0,0,0,0,0.4251,26.94,9.68,40.47,8126.78,7076.01,0,0.0,1.0758,0,0
2026-09-09T15:04:14.992802+00:00,dos_slowloris_v1,dos_slowloris_v1__run_001,impact,T1499.002,5,2,0.971,0.9796,0.0134,464.34,1145.38,0.9279,15,37,1.5394,4.1501,1.1242,0.1293,1.5122,0,3,0,0,0,0,0.3958,30.96,10.3,51.19,7249.38,7324.42,0,0.0584,1.8129,0,0
2026-09-09T15:04:19.992802+00:00,dos_slowloris_v1,dos_slowloris_v1__run_001,impact,T1499.002,3,1,-0.0,1.0,0.0147,1213.62,3539.73,0.9006,24,70,1.0771,2.0264,1.3473,0.1929,1.926,0,2,0,0,0,0,0.3397,50.57,19.87,78.37,8851.93,9657.11,0,0.0129,1.2376,0,0
2026-09-09T15:04:24.992802+00:00,dos_slowloris_v1,dos_slowloris_v1__run_001,impact,T1499.002,5,2,0.971,1.0,0.0,722.76,1965.9,0.8901,25,68,0.7911,2.3362,1.2702,0.1236,1.6409,0,3,0,0,0,0,0.3632,28.91,8.69,39.51,9201.73,8044.64,0,0.0492,1.1272,0,0
2026-09-09T15:04:29.992802+00:00,dos_slowloris_v1,dos_slowloris_v1__run_001,impact,T1499.002,2,1,-0.0,0.9961,0.0,474.02,1185.04,0.9169,10,25,1.1345,1.4085,1.3846,0.0706,1.5965,0,1,0,0,0,0,0.3875,47.4,1.7,49.11,9778.2,8446.75,0,0.0,1.0475,0,0
2026-09-09T15:04:34.992802+00:00,dos_slowloris_v1,dos_slowloris_v1__run_001,impact,T1499.002,6,2,0.65,1.0,0.0,1490.2,3406.17,1.0,42,96,0.7174,1.9484,1.221,0.1481,1.6652,0,4,0,0,0,0,0.4347,35.48,9.56,50.91,7961.72,6901.38,0,0.0252,1.3914,0,0
2026-09-09T15:04:39.992802+00:00,dos_slowloris_v1,dos_slowloris_v1__run_001,impact,T1499.002,2,2,1.0,1.0,0.0021,753.1,2259.3,0.8917,16,48,1.6919,4.637,1.3876,0.1578,1.8609,0,1,0,0,0,0,0.3327,47.07,4.98,52.05,7868.18,7160.08,0,0.0,0.514,0,0
2026-09-09T15:04:44.992802+00:00,dos_slowloris_v1,dos_slowloris_v1__run_001,impact,T1499.002,4,2,1.0,0.9581,0.0411,730.24,2099.45,0.9705,24,69,1.5463,3.2981,1.2345,0.1289,1.6213,0,2,0,0,0,0,0.3434,30.43,8.13,43.32,6425.4,8839.62,0,0.0224,0.981,0,0
2026-09-09T15:04:49.992802+00:00,dos_slowloris_v1,dos_slowloris_v1__run_001,impact,T1499.002,5,2,0.971,0.951,0.0466,437.45,1049.87,0.8803,10,24,1.8148,5.2741,1.4821,0.1739,2.0037,0,3,0,0,0,0,0.4124,43.74,15.77,72.01,8997.7,9194.72,0,0.0,1.2888,0,0
2026-09-09T15:04:54.992802+00:00,dos_slowloris_v1,dos_slowloris_v1__run_001,impact,T1499.002,2,1,-0.0,0.97,0.0101,842.24,1684.47,1.0,12,24,1.5552,4.293,1.3363,0.0947,1.6203,0,1,0,0,0,0,0.4825,70.19,7.36,77.54,9964.09,7787.45,0,0.0,1.5004,0,0
2026-09-09T15:04:59.992802+00:00,dos_slowloris_v1,dos_slowloris_v1__run_001,impact,T1499.002,3,2,0.9183,1.0,0.014,481.86,1097.56,0.9915,18,41,1.2168,3.6188,1.4584,0.0737,1.6796,0,2,0,0,0,0,0.4373,26.77,8.09,37.37,7575.46,7758.08,0,0.0095,1.9316,0,0
2026-09-09T15:05:04.992802+00:00,dos_slowloris_v1,dos_slowloris_v1__run_001,impact,T1499.002,5,2,0.7219,0.9424,0.0977,1877.9,7605.52,0.8837,40,162,1.4624,4.3803,1.3576,0.1373,1.7696,0,3,0,0,0,0,0.246,46.95,8.77,58.23,7987.82,8425.1,0,0.015,0.421,0,0
2026-09-09T15:05:09.992802+00:00,dos_slowloris_v1,dos_slowloris_v1__run_001,impact,T1499.002,5,2,0.971,0.9644,0.0341,1181.98,3966.2,0.8992,45,151,1.5694,2.0516,1.2435,0.0747,1.4677,0,3,0,0,0,0,0.2975,26.27,6.59,38.49,8665.94,7248.11,0,0.0,0.9805,0,0
2026-09-09T15:05:14.992802+00:00,dos_slowloris_v1,dos_slowloris_v1__run_001,impact,T1499.002,4,2,0.8113,1.0,0.0,1371.74,9678.39,0.8562,36,254,1.4481,2.1652,1.0501,0.0614,1.2341,0,2,0,0,0,0,0.1415,38.1,10.71,49.3,8344.78,7180.75,0,0.0623,0.3164,0,1
2026-09-09T15:05:19.992802+00:00,dos_slowloris_v1,dos_slowloris_v1__run_001,impact,T1499.002,6,2,0.9183,1.0,0.0056,1017.6,2671.21,0.8988,24,63,1.5442,3.2548,1.1383,0.0989,1.435,1,4,0,0,0,0,0.3786,42.4,9.78,54.53,5705.08,8209.91,0,0.0782,2.5452,0,1
2026-09-09T15:05:24.992802+00:00,dos_slowloris_v1,dos_slowloris_v1__run_001,impact,T1499.002,7,2,0.9852,0.9392,0.0452,1772.22,4768.12,0.8583,42,113,0.8643,1.6703,1.3243,0.1747,1.8485,0,5,0,0,0,0,0.371,42.2,17.56,79.75,8507.09,8548.21,0,0.0,0.8821,0,0
2026-09-09T15:05:29.992802+00:00,dos_slowloris_v1,dos_slowloris_v1__run_001,impact,T1499.002,1,1,-0.0,1.0,0.0138,323.75,786.26,0.9243,7,17,1.6976,2.5611,1.2783,0.1438,1.7098,0,0,0,0,0,0,0.4031,46.25,0.0,46.25,7846.94,8148.95,0,0.0245,0.5725,0,0
2026-09-09T15:05:34.992802+00:00,dos_slowloris_v1,dos_slowloris_v1__run_001,impact,T1499.002,8,2,0.9544,0.9739,0.0157,2376.25,4285.73,0.9411,56,101,0.9592,1.6882,1.4107,0.1996,2.0096,1,5,0,0,0,0,0.5516,42.43,9.27,52.93,6443.11,8401.53,0,0.0,0.8521,0,0
2026-09-09T15:05:39.992802+00:00,dos_slowloris_v1,dos_slowloris_v1__run_001,impact,T1499.002,5,2,0.7219,0.9827,0.0228,1468.79,6364.77,0.9496,30,130,1.0167,1.6033,1.3413,0.1637,1.8325,0,3,0,0,0,0,0.2293,48.96,12.14,69.97,7199.8,8694.57,0,0.0,0.6696,0,0
2026-09-09T15:05:44.992802+00:00,dos_slowloris_v1,dos_slowloris_v1__run_001,impact,T1499.002,4,2,0.8113,1.0,0.0047,330.79,992.38,0.9955,8,24,0.8635,1.5252,1.2228,0.1663,1.7217,0,2,0,0,0,0,0.3283,41.35,7.53,51.51,7974.2,8861.14,0,0.0106,1.0355,0,0
2026-09-09T15:05:49.992802+00:00,dos_slowloris_v1,dos_slowloris_v1__run_001,impact,T1499.002,3,2,0.9183,0.9885,0.0,377.46,1163.83,0.8983,12,37,1.6596,4.8735,1.2815,0.0724,1.4987,0,2,0,0,0,0,0.3216,31.45,2.75,35.31,8044.33,7887.25,0,0.0244,1.1615,0,0
2026-09-09T15:05:54.992802+00:00,dos_slowloris_v1,dos_slowloris_v1__run_001,impact,T1499.002,3,2,0.9183,1.0,0.0307,1212.28,3704.2,0.9291,18,55,0.9179,1.5651,1.3623,0.1622,1.8488,0,2,0,0,0,0,0.3258,67.35,32.38,111.62,7321.49,7466.63,0,0.0112,0.8272,0,0
2026-09-09T15:05:59.992802+00:00,dos_slowloris_v1,dos_slowloris_v1__run_001,impact,T1499.002,3,2,0.9183,0.9796,0.0039,898.83,2396.87,0.8769,24,64,1.805,4.4244,1.5538,0.0959,1.8414,0,2,0,0,0,0,0.3726,37.45,8.65,47.36,8130.3,7879.97,0,0.0472,0.7156,0,0
2026-09-09T15:06:04.992802+00:00,dos_slowloris_v1,dos_slowloris_v1__run_001,impact,T1499.002,4,2,0.8113,0.9872,0.0,254.93,605.46,0.8599,8,19,1.901,2.829,1.2388,0.0959,1.5264,0,2,0,0,0,0,0.4104,31.87,10.43,44.09,8351.25,6781.9,0,0.0484,1.6762,0,0
2026-09-09T15:06:09.992802+00:00,dos_slowloris_v1,dos_slowloris_v1__run_001,impact,T1499.002,5,2,0.971,0.9997,0.0034,179.58,502.83,0.9752,5,14,1.8528,4.7836,1.2461,0.1493,1.6941,0,3,0,0,0,0,0.3459,35.92,16.11,62.29,8406.26,9125.79,0,0.0305,0.792,0,0
2026-09-09T15:06:14.992802+00:00,dos_slowloris_v1,dos_slowloris_v1__run_001,impact,T1499.002,1,1,-0.0,1.0,0.0154,454.79,649.7,0.9441,7,10,1.4642,3.269,1.2068,0.1369,1.6174,0,0,0,0,0,0,0.6524,64.97,0.0,64.97,9115.17,9000.68,0,0.0156,1.5928,0,0
2026-09-09T15:06:19.992802+00:00,dos_slowloris_v1,dos_slowloris_v1__run_001,impact,T1499.002,3,2,0.9183,0.9749,0.0616,587.97,1469.94,0.8765,18,45,0.8641,2.031,1.2615,0.0984,1.5567,0,2,0,0,0,0,0.396,32.67,11.77,40.99,6977.56,6529.77,0,0.0,1.4246,0,0
2026-09-09T15:06:24.992802+00:00,dos_slowloris_v1,dos_slowloris_v1__run_001,impact,T1499.002,9,2,0.9911,1.0,0.0186,2322.56,4866.31,0.9168,63,132,1.3668,2.8394,1.1534,0.1335,1.5537,1,6,0,0,0,0,0.4761,36.87,9.09,52.4,8583.4,8393.96,0,0.0653,1.414,0,0
2026-09-09T15:06:29.992802+00:00,dos_slowloris_v1,dos_slowloris_v1__run_001,impact,T1499.002,1,1,-0.0,1.0,0.0,218.41,524.18,0.9062,5,12,1.2208,3.0643,1.2106,0.0991,1.508,0,0,0,0,0,0,0.3968,43.68,0.0,43.68,8870.84,9109.47,0,0.0,1.9167,0,0
2026-09-09T15:06:34.992802+00:00,dos_slowloris_v1,dos_slowloris_v1__run_001,impact,T1499.002,4,2,0.8113,0.9877,0.0,503.09,1131.95,0.8534,12,27,0.759,1.0086,1.0868,0.0664,1.2861,0,2,0,0,0,0,0.444,41.92,16.02,68.37,8982.49,6515.2,0,0.0091,0.8487,0,0
2026-09-09T15:06:39.992802+00:00,dos_slowloris_v1,dos_slowloris_v1__run_001,impact,T1499.002,4,1,-0.0,1.0,0.0,851.3,3582.54,0.9448,24,101,0.8608,1.8938,1.1181,0.1208,1.4803,0,2,0,0,0,0,0.2362,35.47,2.81,39.85,6533.51,7623.79,0,0.0,2.3249,0,0
2026-09-09T15:06:44.992802+00:00,dos_slowloris_v1,dos_slowloris_v1__run_001,impact,T1499.002,6,2,1.0,1.0,0.0,1046.05,1952.63,0.8917,30,56,0.6116,1.3343,1.272,0.0821,1.5183,0,4,0,0,0,0,0.5298,34.87,10.23,51.39,8847.22,8044.81,0,0.0138,1.1749,0,0
2026-09-09T15:06:49.992802+00:00,dos_slowloris_v1,dos_slowloris_v1__run_001,impact,T1499.002,3,2,0.9183,0.9582,0.0194,465.14,878.6,0.9976,9,17,0.7213,1.7758,1.2675,0.1089,1.5943,0,2,0,0,0,0,0.5217,51.68,21.73,78.7,9106.99,8811.42,0,0.0595,0.7767,0,0
2026-09-09T15:06:54.992802+00:00,dos_slowloris_v1,dos_slowloris_v1__run_001,impact,T1499.002,4,2,1.0,0.9795,0.011,1226.25,2895.31,0.8768,36,85,1.229,2.25,1.3661,0.1829,1.9148,0,2,0,0,0,0,0.4201,34.06,6.01,40.86,8758.48,9473.32,0,0.0175,0.7796,0,0
2026-09-09T15:06:59.992802+00:00,dos_slowloris_v1,dos_slowloris_v1__run_001,impact,T1499.002,4,2,1.0,0.9634,0.0568,565.53,1201.75,0.8648,16,34,1.369,2.0531,1.4428,0.152,1.8987,0,2,0,0,0,0,0.4675,35.35,14.38,53.29,7171.46,7700.4,0,0.0153,0.119,0,0
2026-09-09T15:07:04.992802+00:00,dos_slowloris_v1,dos_slowloris_v1__run_001,impact,T1499.002,7,2,0.9852,0.9947,0.0022,1004.62,3970.64,0.8413,21,83,1.4897,3.1549,1.2909,0.179,1.8278,1,5,0,0,0,0,0.2529,47.84,16.06,77.33,9647.29,8450.07,0,0.0252,1.9089,0,0
2026-09-09T15:07:09.992802+00:00,dos_slowloris_v1,dos_slowloris_v1__run_001,impact,T1499.002,3,2,0.9183,1.0,0.0,401.84,1830.59,0.8798,9,41,0.6965,1.7875,1.4897,0.2113,2.1237,0,2,0,0,0,0,0.2174,44.65,12.66,60.8,8400.35,8275.06,0,0.0194,1.1065,0,0
2026-09-09T15:07:14.992802+00:00,dos_slowloris_v1,dos_slowloris_v1__run_001,impact,T1499.002,8,2,1.0,1.0,0.0,3707.91,13672.91,0.8799,80,295,1.0323,1.8526,1.2687,0.0836,1.5195,0,5,0,0,0,0,0.2706,46.35,17.17,71.69,7062.7,6484.29,0,0.0089,0.5734,0,0
2026-09-09T15:07:19.992802+00:00,dos_slowloris_v1,dos_slowloris_v1__run_001,impact,T1499.002,4,2,0.8113,1.0,0.0137,595.32,1934.8,0.9737,12,39,1.6399,2.9669,1.235,0.1325,1.6325,0,2,0,0,0,0,0.303,49.61,11.08,57.75,7427.37,6572.36,0,0.0173,0.9926,0,0
2026-09-09T15:07:24.992802+00:00,dos_slowloris_v1,dos_slowloris_v1__run_001,impact,T1499.002,5,1,-0.0,0.9775,0.0144,648.32,1912.56,0.9544,20,59,0.785,2.1973,1.0457,0.149,1.4928,0,3,0,0,0,0,0.3384,32.42,8.59,43.28,8244.43,8487.11,0,0.0228,1.2265,0,0
2026-09-09T15:07:29.992802+00:00,dos_slowloris_v1,dos_slowloris_v1__run_001,impact,T1499.002,4,2,0.8113,1.0,0.0,647.02,1035.23,0.9668,20,32,1.3241,2.4876,1.2762,0.1652,1.7719,0,2,0,0,0,0,0.6093,32.35,2.07,35.02,9570.6,8601.29,0,0.0241,0.7312,0,0
2026-09-09T15:07:34.992802+00:00,dos_slowloris_v1,dos_slowloris_v1__run_001,impact,T1499.002,2,2,1.0,0.9934,0.0038,630.29,1645.76,0.8828,18,47,0.852,1.3928,1.1553,0.0719,1.371,0,1,0,0,0,0,0.3775,35.02,3.83,38.84,6072.37,7881.88,0,0.0508,1.2539,0,0
2026-09-09T15:07:39.992802+00:00,dos_slowloris_v1,dos_slowloris_v1__run_001,impact,T1499.002,8,2,0.8113,1.0,0.0,2388.41,9894.82,0.9013,56,232,1.4033,1.8903,1.0768,0.114,1.4187,1,5,0,0,0,0,0.2409,42.65,12.72,65.7,12589.0,8358.74,0,0.0012,1.2368,0,0
2026-09-09T15:07:44.992802+00:00,dos_slowloris_v1,dos_slowloris_v1__run_001,impact,T1499.002,0,0,0.0,0.9673,0.0337,0.0,0.0,0.8615,0,0,1.5204,2.5605,1.0755,0.1475,1.5181,0,0,0,0,0,0,0.2201,33.52,0.0,33.52,9021.56,7615.3,0,0.0013,0.5506,0,0
2026-09-09T15:07:49.992802+00:00,dos_slowloris_v1,dos_slowloris_v1__run_001,impact,T1499.002,3,2,0.9183,1.0,0.0,172.85,374.5,0.9644,6,13,0.9811,2.0023,1.2543,0.1282,1.639,0,2,0,0,0,0,0.4563,28.81,5.2,35.13,7761.1,7020.18,0,0.0051,0.9943,0,0
2026-09-09T15:07:54.992802+00:00,dos_slowloris_v1,dos_slowloris_v1__run_001,impact,T1499.002,7,2,0.8631,1.0,0.0,1509.26,3988.75,0.832,28,74,0.8829,1.6204,1.4772,0.1804,2.0184,0,4,0,0,0,0,0.3761,53.9,16.0,88.92,6990.75,9344.43,0,0.0137,1.5104,0,0
2026-09-09T15:07:59.992802+00:00,dos_slowloris_v1,dos_slowloris_v1__run_001,impact,T1499.002,5,2,0.971,0.93,0.0781,512.17,2509.62,0.8256,10,49,0.6537,1.2107,1.204,0.1649,1.6989,0,3,0,0,0,0,0.2028,51.22,21.3,88.26,8588.72,8635.98,0,0.0136,1.3717,0,0
2026-09-09T15:08:04.992802+00:00,dos_slowloris_v1,dos_slowloris_v1__run_001,impact,T1499.002,4,2,1.0,0.9978,0.0038,554.83,1074.98,0.8671,16,31,1.6398,2.9776,1.2899,0.0862,1.5484,0,2,0,0,0,0,0.5108,34.68,6.3,43.13,9321.95,7963.37,0,0.0,1.4193,0,0
2026-09-09T15:08:09.992802+00:00,dos_slowloris_v1,dos_slowloris_v1__run_001,impact,T1499.002,4,1,-0.0,0.9817,0.0409,724.63,2989.09,0.8863,16,66,0.8345,1.5037,1.3947,0.0836,1.6455,0,2,0,0,0,0,0.2422,45.29,9.29,53.15,8743.49,8562.57,0,0.0242,0.3452,0,0
2026-09-09T15:08:14.992802+00:00,dos_slowloris_v1,dos_slowloris_v1__run_001,impact,T1499.002,1,1,-0.0,0.9854,0.0,188.83,424.87,0.9177,4,9,1.4093,2.1297,1.2818,0.1418,1.7072,0,0,0,0,0,0,0.4363,47.21,0.0,47.21,7758.99,6427.53,0,0.0,1.372,0,0
2026-09-09T15:08:19.992802+00:00,dos_slowloris_v1,dos_slowloris_v1__run_001,impact,T1499.002,7,2,0.9852,0.9451,0.05,1250.48,2143.69,0.8542,28,48,0.7768,2.1261,1.2456,0.0709,1.4583,0,4,0,0,0,0,0.5754,44.66,15.38,70.88,7576.04,8033.49,0,0.0,0.8779,0,0
2026-09-09T15:08:24.992802+00:00,dos_slowloris_v1,dos_slowloris_v1__run_001,impact,T1499.002,4,2,0.8113,0.9959,0.0,933.43,2946.12,0.9474,32,101,2.0613,2.7601,1.6257,0.1266,2.0054,0,2,0,0,0,0,0.3147,29.17,1.71,31.13,9807.36,8126.22,0,0.0,1.4893,0,1
2026-09-09T15:08:29.992802+00:00,dos_slowloris_v1,dos_slowloris_v1__run_001,impact,T1499.002,6,2,1.0,1.0,0.0062,1556.34,4513.4,0.9363,30,87,1.6814,2.7845,1.0598,0.0954,1.3461,0,4,0,0,0,0,0.3446,51.88,12.7,69.68,6916.03,9014.69,0,0.0405,1.589,0,0
2026-09-09T15:08:34.992802+00:00,dos_slowloris_v1,dos_slowloris_v1__run_001,impact,T1499.002,4,2,0.8113,0.9919,0.0151,833.38,2014.0,0.8942,24,58,1.1505,2.88,1.0816,0.1281,1.466,0,2,0,0,0,0,0.4138,34.72,4.08,39.0,7333.19,9921.96,0,0.0248,0.0698,0,0
2026-09-09T15:08:39.992802+00:00,dos_slowloris_v1,dos_slowloris_v1__run_001,impact,T1499.002,4,2,1.0,0.9941,0.0,560.37,1190.78,0.8745,16,34,0.8157,2.3735,1.2183,0.13,1.6082,0,2,0,0,0,0,0.4696,35.02,11.11,52.46,9962.81,8725.31,0,0.0563,0.6711,0,0
2026-09-09T15:08:44.992802+00:00,dos_slowloris_v1,dos_slowloris_v1__run_001,impact,T1499.002,3,2,0.9183,1.0,0.0259,886.78,2315.47,0.8938,18,47,1.1617,1.6842,1.1954,0.0835,1.4458,0,2,0,0,0,0,0.3761,49.27,9.67,62.02,10939.84,8701.16,0,0.0178,1.5477,0,0
2026-09-09T15:08:49.992802+00:00,dos_slowloris_v1,dos_slowloris_v1__run_001,impact,T1499.002,3,2,0.9183,1.0,0.0,335.31,950.05,0.9635,12,34,1.8571,4.8091,1.2321,0.0899,1.5018,0,2,0,0,0,0,0.3448,27.94,7.78,36.85,8857.91,9115.0,0,0.0003,1.0889,0,0
2026-09-09T15:08:54.992802+00:00,dos_slowloris_v1,dos_slowloris_v1__run_001,impact,T1499.002,6,2,0.9183,0.9999,0.0,1273.56,3099.0,0.9225,30,73,1.9412,5.1621,1.4712,0.1418,1.8968,0,4,0,0,0,0,0.4064,42.45,19.56,82.26,6652.04,9498.57,0,0.0,1.6089,0,1
2026-09-09T15:08:59.992802+00:00,dos_slowloris_v1,dos_slowloris_v1__run_001,impact,T1499.002,7,2,0.9852,0.9961,0.0332,1943.21,5135.61,0.9242,56,148,1.5419,4.3184,1.3337,0.108,1.6578,0,4,0,0,0,0,0.3759,34.7,10.77,58.43,7751.34,6419.74,0,0.0,1.6719,0,0
2026-09-09T15:09:04.992802+00:00,dos_slowloris_v1,dos_slowloris_v1__run_001,impact,T1499.002,1,1,-0.0,1.0,0.0025,116.58,279.8,0.9609,5,12,0.9849,2.5163,1.4314,0.1209,1.7942,0,0,0,0,0,0,0.393,23.32,0.0,23.32,8886.68,7990.59,0,0.0131,0.841,0,0
2026-09-09T15:09:09.992802+00:00,dos_slowloris_v1,dos_slowloris_v1__run_001,impact,T1499.002,6,2,0.9183,1.0,0.0,653.84,1271.36,0.7701,18,35,1.4464,2.3295,1.1224,0.1005,1.424,0,4,0,0,0,0,0.5004,36.32,5.3,43.13,9752.89,8239.06,0,0.0464,1.2595,0,0
2026-09-09T15:09:14.992802+00:00,dos_slowloris_v1,dos_slowloris_v1__run_001,impact,T1499.002,5,2,0.971,0.9907,0.0104,861.49,2756.76,0.888,25,80,1.2212,2.78,1.1581,0.0675,1.3606,0,3,0,0,0,0,0.3091,34.46,15.02,64.02,7383.23,7028.92,0,0.0,0.2875,0,0
2026-09-09T15:09:19.992802+00:00,dos_slowloris_v1,dos_slowloris_v1__run_001,impact,T1499.002,2,1,-0.0,0.9521,0.0205,212.98,461.46,0.858,6,13,0.6866,0.913,1.2407,0.1749,1.7655,0,1,0,0,0,0,0.4349,35.5,5.0,40.49,8514.61,7574.17,0,0.032,1.3393,0,0
2026-09-09T15:09:24.992802+00:00,dos_slowloris_v1,dos_slowloris_v1__run_001,impact,T1499.002,2,1,-0.0,0.9992,0.0035,932.67,1502.63,0.9297,18,29,1.6021,2.4598,1.1501,0.0799,1.3896,0,1,0,0,0,0,0.6157,51.81,0.82,52.64,7190.06,7275.76,0,0.0,1.9354,0,0
2026-09-09T15:09:29.992802+00:00,dos_slowloris_v1,dos_slowloris_v1__run_001,impact,T1499.002,6,2,0.65,1.0,0.0,1487.89,4029.7,0.9312,48,130,1.3083,3.125,1.1629,0.148,1.6068,0,4,0,0,0,0,0.3683,31.0,10.08,45.71,7475.82,8453.12,0,0.0356,0.2869,0,0
2026-09-09T15:09:34.992802+00:00,dos_slowloris_v1,dos_slowloris_v1__run_001,impact,T1499.002,8,2,0.9544,0.9733,0.0178,1347.57,3537.36,0.9134,32,84,1.5057,2.0515,0.9439,0.0653,1.1398,1,5,0,0,0,0,0.377,42.11,18.16,83.29,8741.6,7181.01,0,0.0,1.3979,0,1
2026-09-09T15:09:39.992802+00:00,dos_slowloris_v1,dos_slowloris_v1__run_001,impact,T1499.002,5,2,0.7219,0.995,0.0334,976.08,2264.5,0.949,25,58,0.7229,1.6436,1.209,0.1454,1.6452,0,3,0,0,0,0,0.4281,39.04,14.41,49.37,8224.59,9400.69,0,0.0164,1.2746,0,0
2026-09-09T15:09:44.992802+00:00,dos_slowloris_v1,dos_slowloris_v1__run_001,impact,T1499.002,2,1,-0.0,0.9831,0.0,406.68,745.57,0.7917,12,22,0.8708,1.1152,1.2287,0.0926,1.5064,0,1,0,0,0,0,0.5444,33.89,0.12,34.01,9318.68,7560.36,0,0.0,0.38,0,0
2026-09-09T15:09:49.992802+00:00,dos_slowloris_v1,dos_slowloris_v1__run_001,impact,T1499.002,4,2,0.8113,0.9867,0.0189,338.3,1240.45,0.9108,12,44,1.8072,4.5902,1.3583,0.1902,1.9289,0,2,0,0,0,0,0.2727,28.19,5.88,37.04,5724.52,6118.48,0,0.0,0.7652,0,0
2026-09-09T15:09:54.992802+00:00,dos_slowloris_v1,dos_slowloris_v1__run_001,impact,T1499.002,2,1,-0.0,1.0,0.0049,212.78,797.92,0.7795,4,15,1.1293,1.3718,1.4125,0.1442,1.845,0,1,0,0,0,0,0.2656,53.19,24.45,77.64,9894.37,8682.1,0,0.0212,1.5484,0,0
2026-09-09T15:09:59.992802+00:00,dos_slowloris_v1,dos_slowloris_v1__run_001,impact,T1499.002,3,1,-0.0,0.991,0.0285,784.06,2744.2,0.9087,18,63,0.8293,1.4205,1.3633,0.1706,1.875,0,2,0,0,0,0,0.2848,43.56,8.15,55.0,7277.83,8908.43,0,0.0,0.9659,0,0
2026-09-09T15:10:04.992802+00:00,dos_slowloris_v1,dos_slowloris_v1__run_001,impact,T1499.002,4,2,0.8113,0.9059,0.0727,1383.01,5013.39,0.9173,32,116,0.7644,1.044,1.0631,0.1455,1.4995,0,2,0,0,0,0,0.2743,43.22,18.72,74.67,7996.89,7445.98,0,0.0,1.0017,0,0
2026-09-09T15:10:09.992802+00:00,dos_slowloris_v1,dos_slowloris_v1__run_001,impact,T1499.002,4,2,0.8113,1.0,0.0,1354.4,3259.03,0.7747,32,77,1.0228,1.9254,1.5066,0.1199,1.8663,0,2,0,0,0,0,0.4103,42.33,7.67,55.26,7584.64,8729.51,0,0.0078,0.9971,0,0
2026-09-09T15:10:14.992802+00:00,dos_slowloris_v1,dos_slowloris_v1__run_001,impact,T1499.002,9,2,0.9911,1.0,0.0071,3689.51,10002.68,0.8705,90,244,1.798,3.9162,1.1628,0.0726,1.3805,1,6,0,0,0,0,0.3674,40.99,13.82,57.61,7020.49,8218.31,0,0.0,0.2396,0,1
2026-09-09T15:10:19.992802+00:00,dos_slowloris_v1,dos_slowloris_v1__run_001,impact,T1499.002,0,0,0.0,1.0,0.0,0.0,0.0,0.8477,0,0,1.3957,3.6338,0.9891,0.0976,1.2819,0,0,0,0,0,0,0.4573,17.18,0.0,17.18,9285.42,7859.27,0,0.0161,0.0,0,0
2026-09-09T15:10:24.992802+00:00,dos_slowloris_v1,dos_slowloris_v1__run_001,impact,T1499.002,2,2,1.0,1.0,0.0193,197.27,512.9,0.9367,10,26,0.7297,1.9022,1.2711,0.1824,1.8184,0,1,0,0,0,0,0.3733,19.73,0.25,19.98,8930.84,9706.48,0,0.0,1.2294,0,0
2026-09-09T15:10:29.992802+00:00,dos_slowloris_v1,dos_slowloris_v1__run_001,impact,T1499.002,6,2,0.65,0.9388,0.0566,1189.64,5089.03,0.8492,36,154,1.0199,2.8195,1.1366,0.1496,1.5854,0,4,0,0,0,0,0.2333,33.05,11.01,52.5,7238.81,7719.0,0,0.0419,1.4594,0,0
2026-09-09T15:10:34.992802+00:00,dos_slowloris_v1,dos_slowloris_v1__run_001,impact,T1499.002,7,2,0.5917,0.9956,0.0,2121.77,11821.31,0.9249,56,312,1.3507,1.983,1.3122,0.0827,1.5603,1,4,0,0,0,0,0.1793,37.89,13.19,58.4,8012.79,9681.67,0,0.0,0.1558,0,0
2026-09-09T15:10:39.992802+00:00,dos_slowloris_v1,dos_slowloris_v1__run_001,impact,T1499.002,4,2,0.8113,1.0,0.0145,1127.44,2577.0,0.8497,28,64,0.9479,2.7382,1.1224,0.0995,1.421,0,2,0,0,0,0,0.4314,40.27,14.61,63.52,6493.56,7331.67,0,0.0,0.6324,0,0
2026-09-09T15:10:44.992802+00:00,dos_slowloris_v1,dos_slowloris_v1__run_001,impact,T1499.002,3,2,0.9183,0.9708,0.0234,784.78,1961.95,0.9427,18,45,0.6196,1.419,1.0535,0.1316,1.4483,0,2,0,0,0,0,0.3957,43.6,1.58,45.66,8875.77,9206.8,0,0.0,0.0006,0,1
2026-09-09T15:10:49.992802+00:00,dos_slowloris_v1,dos_slowloris_v1__run_001,impact,T1499.002,7,2,0.9852,1.0,0.0,1109.21,2495.71,0.9225,28,63,1.6642,4.0027,1.3414,0.0827,1.5897,1,4,0,0,0,0,0.4408,39.61,20.65,84.5,9205.03,7630.7,0,0.0,1.3173,0,0
2026-09-09T15:10:54.992802+00:00,dos_slowloris_v1,dos_slowloris_v1__run_001,impact,T1499.002,4,2,0.8113,0.9897,0.0,494.75,1360.56,0.9185,16,44,1.716,3.0235,1.5353,0.2237,2.2063,0,2,0,0,0,0,0.363,30.92,2.13,32.68,7382.98,10145.07,0,0.0,1.2566,0,0
2026-09-09T15:10:59.992802+00:00,dos_slowloris_v1,dos_slowloris_v1__run_001,impact,T1499.002,6,2,1.0,1.0,0.0118,868.16,2134.22,0.9036,24,59,1.1344,1.5796,1.1734,0.1473,1.6154,0,4,0,0,0,0,0.4039,36.17,8.81,47.31,7731.98,7826.73,0,0.0796,0.5151,0,1
2026-09-09T15:11:04.992802+00:00,dos_slowloris_v1,dos_slowloris_v1__run_001,impact,T1499.002,2,1,-0.0,0.9801,0.0047,720.94,1441.87,0.8598,16,32,1.8306,4.5443,1.4901,0.1386,1.906,0,1,0,0,0,0,0.4948,45.06,1.58,46.64,8524.37,7451.43,0,0.0345,1.6077,0,0
2026-09-09T15:11:09.992802+00:00,dos_slowloris_v1,dos_slowloris_v1__run_001,impact,T1499.002,7,2,0.5917,0.9193,0.0846,1351.21,4902.96,0.9898,35,127,1.4912,4.2895,1.179,0.128,1.5631,1,5,0,0,0,0,0.2749,38.61,13.8,53.44,7221.73,6991.93,0,0.0,1.4281,0,0
2026-09-09T15:11:14.992802+00:00,dos_slowloris_v1,dos_slowloris_v1__run_001,impact,T1499.002,2,1,-0.0,0.9736,0.0004,409.26,1596.12,0.9255,10,39,0.6692,1.7615,1.048,0.1046,1.3617,0,1,0,0,0,0,0.255,40.93,4.4,45.32,9590.59,9351.37,0,0.0,1.1043,0,0
2026-09-09T15:11:19.992802+00:00,dos_slowloris_v1,dos_slowloris_v1__run_001,impact,T1499.002,0,0,0.0,0.9971,0.0,0.0,0.0,0.9577,0,0,1.6749,2.9209,1.4133,0.1371,1.8245,0,0,0,0,0,0,0.475,73.19,0.0,73.19,8687.27,7105.43,0,0.0,0.526,0,0
2026-09-09T15:11:24.992802+00:00,dos_slowloris_v1,dos_slowloris_v1__run_001,impact,T1499.002,3,2,0.9183,1.0,0.0,159.3,318.59,0.9272,6,12,1.6288,3.4881,1.2573,0.0638,1.4486,0,2,0,0,0,0,0.4626,26.55,3.15,28.81,8035.73,7011.78,0,0.0,1.2218,0,0
2026-09-09T15:11:29.992802+00:00,dos_slowloris_v1,dos_slowloris_v1__run_001,impact,T1499.002,2,1,-0.0,0.9705,0.0534,782.94,2283.58,0.859,12,35,1.2248,1.8129,1.1541,0.1587,1.6303,0,1,0,0,0,0,0.3338,65.25,2.16,67.4,9358.89,6847.33,0,0.0,0.3146,0,0
2026-09-09T15:11:34.992802+00:00,dos_slowloris_v1,dos_slowloris_v1__run_001,impact,T1499.002,4,1,-0.0,1.0,0.0,136.0,408.0,0.882,4,12,1.7975,4.257,1.55,0.1078,1.8734,0,2,0,0,0,0,0.3216,34.0,9.27,43.63,9301.6,10060.39,0,0.0115,1.2948,0,0
2026-09-09T15:11:39.992802+00:00,dos_slowloris_v1,dos_slowloris_v1__run_001,impact,T1499.002,3,2,0.9183,0.9924,0.0298,97.24,291.72,0.9345,3,9,0.9976,1.4665,1.4371,0.0864,1.6962,0,2,0,0,0,0,0.3134,32.41,6.56,38.22,8523.27,7502.71,0,0.0,0.6756,0,0
2026-09-09T15:11:44.992802+00:00,dos_slowloris_v1,dos_slowloris_v1__run_001,impact,T1499.002,3,2,0.9183,0.9877,0.0508,717.18,1553.89,0.9274,18,39,0.8403,2.1862,0.9514,0.1166,1.3013,0,2,0,0,0,0,0.4578,39.84,12.74,57.82,9436.16,6526.68,0,0.0136,1.6045,0,0
2026-09-09T15:11:49.992802+00:00,dos_slowloris_v1,dos_slowloris_v1__run_001,impact,T1499.002,7,2,0.9852,1.0,0.0,1603.72,7010.55,0.9213,35,153,1.4307,2.2772,0.9863,0.097,1.2775,1,5,0,0,0,0,0.2274,45.82,17.56,67.53,7249.45,7215.91,0,0.0277,0.7597,0,0
2026-09-09T15:11:54.992802+00:00,dos_slowloris_v1,dos_slowloris_v1__run_001,impact,T1499.002,3,2,0.9183,0.9889,0.0038,1190.61,3924.62,0.8229,27,89,0.9621,2.071,1.2007,0.1022,1.5073,0,2,0,0,0,0,0.3019,44.1,3.53,48.38,9286.74,8692.22,0,0.0131,0.4727,0,0
2026-09-09T15:11:59.992802+00:00,dos_slowloris_v1,dos_slowloris_v1__run_001,impact,T1499.002,1,1,-0.0,0.9278,0.0627,473.37,1157.14,0.9525,9,22,1.6509,4.1569,1.3824,0.1756,1.9093,0,0,0,0,0,0,0.4087,52.6,0.0,52.6,6588.85,9910.49,0,0.0345,0.6512,0,0
2026-09-09T15:12:04.992802+00:00,dos_slowloris_v1,dos_slowloris_v1__run_001,impact,T1499.002,8,2,1.0,1.0,0.0,1280.09,1920.13,0.8891,40,60,0.7772,1.9269,0.959,0.0637,1.15,0,5,0,0,0,0,0.6588,32.0,9.17,41.4,9758.2,8524.73,0,0.0618,1.1213,0,1
2026-09-09T15:12:09.992802+00:00,dos_slowloris_v1,dos_slowloris_v1__run_001,impact,T1499.002,6,2,1.0,1.0,0.0,673.45,2385.15,0.9031,24,85,0.705,0.9802,1.2249,0.0864,1.4841,0,4,0,0,0,0,0.2792,28.06,5.81,34.94,9181.22,8705.55,0,0.0,1.1733,0,0
2026-09-09T15:12:14.992802+00:00,dos_slowloris_v1,dos_slowloris_v1__run_001,impact,T1499.002,4,2,0.8113,0.9932,0.0505,944.53,1928.42,0.8558,24,49,1.1647,3.4879,1.3196,0.1043,1.6324,0,2,0,0,0,0,0.4807,39.36,14.09,59.88,8809.41,8200.13,0,0.0476,0.5895,0,1
2026-09-09T15:12:19.992802+00:00,dos_slowloris_v1,dos_slowloris_v1__run_001,impact,T1499.002,3,1,-0.0,0.987,0.0216,612.47,1565.19,0.8971,18,46,1.534,2.4664,1.2143,0.1533,1.6741,0,2,0,0,0,0,0.3857,34.03,5.21,40.57,9661.4,9628.41,0,0.0,1.4348,0,0
2026-09-09T15:12:24.992802+00:00,dos_slowloris_v1,dos_slowloris_v1__run_001,impact,T1499.002,4,2,1.0,0.9549,0.0537,662.7,1366.83,0.8459,16,33,1.8517,2.8994,1.1924,0.1159,1.5399,0,2,0,0,0,0,0.483,41.42,6.18,47.65,8613.05,8155.1,0,0.0348,0.4611,0,0
2026-09-09T15:12:29.992802+00:00,dos_slowloris_v1,dos_slowloris_v1__run_001,impact,T1499.002,5,2,0.971,0.973,0.0172,1220.65,2964.44,0.8749,35,85,1.1913,3.0469,1.1664,0.0797,1.4054,0,3,0,0,0,0,0.4108,34.88,9.82,46.75,8368.13,7909.94,0,0.0,1.0809,0,0
2026-09-09T15:12:34.992802+00:00,dos_slowloris_v1,dos_slowloris_v1__run_001,impact,T1499.002,1,1,-0.0,1.0,0.0,38.46,76.92,0.9745,2,4,0.8442,1.9244,1.278,0.1016,1.5827,0,0,0,0,0,0,0.431,19.23,0.0,19.23,7986.04,9154.01,0,0.0015,0.8144,0,0
2026-09-09T15:12:39.992802+00:00,dos_slowloris_v1,dos_slowloris_v1__run_001,impact,T1499.002,2,2,1.0,1.0,0.0,539.97,3599.79,0.9795,12,80,2.0158,5.0802,1.3255,0.159,1.8024,0,1,0,0,0,0,0.1484,45.0,2.14,47.14,8797.01,7936.69,0,0.03,1.6462,0,0
2026-09-09T15:12:44.992802+00:00,dos_slowloris_v1,dos_slowloris_v1__run_001,impact,T1499.002,7,2,0.8631,1.0,0.002,1757.75,4663.42,0.9689,49,130,1.5879,3.1151,1.2948,0.132,1.6908,0,4,0,0,0,0,0.3763,35.87,5.32,46.87,7782.51,7330.68,0,0.0,0.5815,0,0
2026-09-09T15:12:49.992802+00:00,dos_slowloris_v1,dos_slowloris_v1__run_001,impact,T1499.002,5,2,0.971,1.0,0.0,1990.11,5536.14,0.8786,55,153,1.5547,3.7265,1.2627,0.1011,1.566,0,3,0,0,0,0,0.3578,36.18,10.0,45.51,7519.82,9565.01,0,0.0,1.6807,0,1
2026-09-09T15:12:54.992802+00:00,dos_slowloris_v1,dos_slowloris_v1__run_001,impact,T1499.002,5,2,0.7219,1.0,0.0186,570.6,1460.75,0.8471,25,64,1.2066,1.7463,1.1986,0.1176,1.5514,0,3,0,0,0,0,0.3855,22.82,1.49,25.17,6723.1,7269.52,0,0.0,1.1446,0,0
2026-09-09T15:12:59.992802+00:00,dos_slowloris_v1,dos_slowloris_v1__run_001,impact,T1499.002,3,1,-0.0,1.0,0.0,1233.23,3758.41,0.914,21,64,1.3754,1.9878,1.0828,0.0828,1.3312,0,2,0,0,0,0,0.3239,58.73,15.59,73.75,9553.49,10876.27,0,0.0108,0.5617,0,0
2026-09-09T15:13:04.992802+00:00,dos_slowloris_v1,dos_slowloris_v1__run_001,impact,T1499.002,5,2,0.971,1.0,0.0,747.85,2004.25,1.0,25,67,1.6428,4.625,1.3663,0.1102,1.6967,0,3,0,0,0,0,0.373,29.91,5.53,38.14,9785.47,9280.04,0,0.004,1.2863,0,1
2026-09-09T15:13:09.992802+00:00,dos_slowloris_v1,dos_slowloris_v1__run_001,impact,T1499.002,5,2,0.971,0.9529,0.0229,2292.67,6919.7,0.8331,55,166,0.8307,2.3075,1.1315,0.1448,1.5658,0,3,0,0,0,0,0.331,41.68,13.58,65.74,9464.78,7346.76,0,0.0299,0.5482,0,0
2026-09-09T15:13:14.992802+00:00,dos_slowloris_v1,dos_slowloris_v1__run_001,impact,T1499.002,5,2,0.971,1.0,0.0272,670.39,1251.39,0.9019,15,28,1.1861,1.6315,1.2063,0.1271,1.5876,0,3,0,0,0,0,0.5201,44.69,7.77,58.75,8986.93,8587.47,0,0.018,1.434,0,0
2026-09-09T15:13:19.992802+00:00,dos_slowloris_v1,dos_slowloris_v1__run_001,impact,T1499.002,5,2,0.7219,1.0,0.0033,1067.89,4342.77,0.8973,30,122,1.1156,2.9708,0.9116,0.1158,1.2589,0,3,0,0,0,0,0.2445,35.6,9.48,46.14,8775.04,8054.92,0,0.0,1.0888,0,0
2026-09-09T15:13:24.992802+00:00,dos_slowloris_v1,dos_slowloris_v1__run_001,impact,T1499.002,4,2,0.8113,1.0,0.0,1085.67,2442.75,0.8643,24,54,1.7539,2.5232,1.1255,0.1535,1.5858,0,2,0,0,0,0,0.4414,45.24,14.02,62.75,7891.26,8528.2,0,0.0289,1.401,0,0
2026-09-09T15:13:29.992802+00:00,dos_slowloris_v1,dos_slowloris_v1__run_001,impact,T1499.002,4,2,0.8113,1.0,0.0,1421.09,3276.4,0.8118,36,83,1.71,4.7449,1.1035,0.0745,1.3271,0,2,0,0,0,0,0.4299,39.47,5.14,48.01,7574.24,5865.29,0,0.0189,0.6462,0,0
2026-09-09T15:13:34.992802+00:00,dos_slowloris_v1,dos_slowloris_v1__run_001,impact,T1499.002,5,2,0.971,0.9563,0.0675,916.64,1943.27,0.8302,25,53,1.1109,2.2874,1.3952,0.0833,1.6451,0,3,0,0,0,0,0.4706,36.67,17.42,68.77,6948.4,7538.93,0,0.0,0.8885,0,0
2026-09-09T15:13:39.992802+00:00,dos_slowloris_v1,dos_slowloris_v1__run_001,impact,T1499.002,5,2,0.971,0.953,0.0617,1796.28,3625.21,0.8635,55,111,1.4961,4.2334,1.2772,0.0654,1.4734,0,3,0,0,0,0,0.495,32.66,13.35,55.87,7038.89,8239.74,0,0.0082,1.5946,0,0
2026-09-09T15:13:44.992802+00:00,dos_slowloris_v1,dos_slowloris_v1__run_001,impact,T1499.002,7,2,0.8631,0.9674,0.0328,1998.25,3874.15,0.9634,49,95,1.0936,2.6917,0.8731,0.0821,1.1193,0,4,0,0,0,0,0.5116,40.78,21.28,75.67,8598.4,7683.42,0,0.0,1.2656,0,0
2026-09-09T15:13:49.992802+00:00,dos_slowloris_v1,dos_slowloris_v1__run_001,impact,T1499.002,2,2,1.0,0.9735,0.0181,459.64,1149.09,0.9434,12,30,1.3343,2.2409,1.5515,0.1257,1.9286,0,1,0,0,0,0,0.3934,38.3,10.89,49.19,8131.42,8905.44,0,0.0103,1.3031,0,0
2026-09-09T15:13:54.992802+00:00,dos_slowloris_v1,dos_slowloris_v1__run_001,impact,T1499.002,5,2,0.971,0.9981,0.0,717.85,1435.71,0.8981,15,30,1.7785,3.5728,1.5833,0.1863,2.142,0,3,0,0,0,0,0.4948,47.86,11.52,61.74,8724.15,6762.22,0,0.0067,0.5655,0,0
2026-09-09T15:13:59.992802+00:00,dos_slowloris_v1,dos_slowloris_v1__run_001,impact,T1499.002,4,2,0.8113,0.9843,0.0089,1591.03,5126.66,0.9199,36,116,1.6705,5.0092,1.3614,0.1701,1.8717,0,2,0,0,0,0,0.3097,44.2,12.41,64.81,9260.65,8698.46,0,0.0,0.0,0,0
2026-09-09T15:14:04.992802+00:00,dos_slowloris_v1,dos_slowloris_v1__run_001,impact,T1499.002,7,2,0.9852,1.0,0.0261,2388.86,6185.45,0.9028,56,145,1.6886,2.3301,1.4386,0.2114,2.073,1,4,0,0,0,0,0.3862,42.66,7.98,59.33,9004.05,8748.89,0,0.0406,0.6288,0,0
2026-09-09T15:14:09.992802+00:00,dos_slowloris_v1,dos_slowloris_v1__run_001,impact,T1499.002,4,2,0.8113,0.9961,0.0,292.05,839.64,0.9315,8,23,1.2928,3.2123,1.287,0.1359,1.6946,0,2,0,0,0,0,0.3418,36.51,5.07,40.47,10103.12,9523.6,0,0.0,0.6973,0,1
2026-09-09T15:14:14.992802+00:00,dos_slowloris_v1,dos_slowloris_v1__run_001,impact,T1499.002,4,2,0.8113,1.0,0.0,1558.43,3046.02,0.8451,44,86,1.6024,3.2544,1.167,0.0875,1.4295,0,2,0,0,0,0,0.5102,35.42,10.46,50.19,7858.18,10830.23,0,0.0,1.3539,0,0
2026-09-09T15:14:19.992802+00:00,dos_slowloris_v1,dos_slowloris_v1__run_001,impact,T1499.002,5,2,0.971,0.9445,0.0557,1243.41,2611.17,0.9423,30,63,1.4198,3.6646,1.2735,0.1019,1.5793,0,3,0,0,0,0,0.4716,41.45,7.48,51.82,8563.24,9284.09,0,0.0473,1.4201,0,0
2026-09-09T15:14:24.992802+00:00,dos_slowloris_v1,dos_slowloris_v1__run_001,impact,T1499.002,7,2,0.8631,0.9939,0.0064,1320.97,3443.94,0.9285,28,73,0.9152,1.9504,1.2691,0.1464,1.7083,0,4,0,0,0,0,0.3815,47.18,15.77,65.55,6535.25,7333.11,0,0.0417,0.5247,0,1
2026-09-09T15:14:29.992802+00:00,dos_slowloris_v1,dos_slowloris_v1__run_001,impact,T1499.002,4,2,1.0,0.9937,0.0036,1451.43,3810.0,1.0,32,84,1.5712,2.6197,1.2092,0.0679,1.413,0,2,0,0,0,0,0.3775,45.36,8.11,54.29,7757.13,8033.2,0,0.0057,0.8649,0,0
2026-09-09T15:14:34.992802+00:00,dos_slowloris_v1,dos_slowloris_v1__run_001,impact,T1499.002,4,2,0.8113,1.0,0.0104,841.99,1894.49,0.8458,20,45,1.8791,4.4576,1.462,0.1246,1.8358,0,3,0,0,0,0,0.4356,42.1,13.8,64.91,7872.83,8411.91,0,0.0409,1.0163,0,0
2026-09-09T15:14:39.992802+00:00,dos_slowloris_v1,dos_slowloris_v1__run_001,impact,T1499.002,6,2,0.9183,0.9905,0.0003,1998.73,3812.38,0.8839,54,103,1.1276,3.108,1.425,0.1954,2.0111,0,4,0,0,0,0,0.5212,37.01,16.54,64.96,7678.94,8874.31,0,0.0,1.701,0,0
2026-09-09T15:14:44.992802+00:00,dos_slowloris_v1,dos_slowloris_v1__run_001,impact,T1499.002,4,1,-0.0,1.0,0.0,589.85,1400.9,0.9063,16,38,1.4662,3.3308,1.1309,0.1131,1.4703,0,2,0,0,0,0,0.4208,36.87,24.41,79.09,9415.3,8278.91,0,0.0,1.7082,0,0
2026-09-09T15:14:49.992802+00:00,dos_slowloris_v1,dos_slowloris_v1__run_001,impact,T1499.002,6,2,1.0,1.0,0.0,714.5,1349.61,0.8651,18,34,0.9099,2.0407,1.4343,0.1911,2.0077,0,4,0,0,0,0,0.5144,39.69,13.36,58.63,8380.82,8614.48,0,0.0,0.965,0,0
2026-09-09T15:14:54.992802+00:00,dos_slowloris_v1,dos_slowloris_v1__run_001,impact,T1499.002,6,2,1.0,0.9626,0.0563,1256.22,3098.66,0.8697,30,74,1.1642,3.1521,1.6584,0.1609,2.141,0,4,0,0,0,0,0.4017,41.87,12.52,66.07,7518.71,7790.27,0,0.0438,1.1947,0,0
2026-09-09T15:14:59.992802+00:00,dos_slowloris_v1,dos_slowloris_v1__run_001,impact,T1499.002,4,2,0.8113,0.9999,0.0,493.24,1561.92,0.9094,12,38,0.9195,2.3126,1.3753,0.0725,1.5928,0,2,0,0,0,0,0.3111,41.1,7.37,51.55,8093.45,8843.6,0,0.0273,0.9836,0,0
2026-09-09T15:15:04.992802+00:00,dos_slowloris_v1,dos_slowloris_v1__run_001,impact,T1499.002,5,2,0.7219,1.0,0.0,1665.44,3901.88,0.9488,35,82,0.915,1.5876,1.3461,0.1738,1.8674,0,3,0,0,0,0,0.4228,47.58,16.35,66.78,9365.71,9924.41,0,0.0408,0.0,0,0
2026-09-09T15:15:09.992802+00:00,dos_slowloris_v1,dos_slowloris_v1__run_001,impact,T1499.002,3,1,-0.0,1.0,0.0,1134.3,2302.97,0.951,33,67,0.7567,2.0586,1.1156,0.0589,1.2923,0,2,0,0,0,0,0.4923,34.37,5.3,41.0,8354.31,8247.26,0,0.0289,0.6325,0,0
2026-09-09T15:15:14.992802+00:00,dos_slowloris_v1,dos_slowloris_v1__run_001,impact,T1499.002,4,1,-0.0,1.0,0.0,659.92,5939.29,0.9222,12,108,1.0409,1.5493,1.3797,0.0754,1.6059,0,2,0,0,0,0,0.1108,54.99,16.12,74.93,10102.74,7906.81,0,0.0395,1.0908,0,0
2026-09-09T15:15:19.992802+00:00,dos_slowloris_v1,dos_slowloris_v1__run_001,impact,T1499.002,2,1,-0.0,0.9917,0.0067,1101.13,3743.85,0.9221,20,68,0.9697,2.642,1.3105,0.129,1.6977,0,1,0,0,0,0,0.2912,55.06,29.01,84.07,8119.67,7457.1,0,0.0358,0.1146,0,0
2026-09-09T15:15:24.992802+00:00,dos_slowloris_v1,dos_slowloris_v1__run_001,impact,T1499.002,4,2,0.8113,1.0,0.0136,553.57,1037.94,0.8219,16,30,1.1174,2.5234,1.1282,0.0747,1.3525,0,2,0,0,0,0,0.5302,34.6,6.93,44.7,8136.9,7547.17,0,0.0101,1.4165,0,0
2026-09-09T15:15:29.992802+00:00,dos_slowloris_v1,dos_slowloris_v1__run_001,impact,T1499.002,3,2,0.9183,1.0,0.0105,866.38,1371.77,0.915,24,38,0.9643,1.4716,1.3568,0.1186,1.7125,0,2,0,0,0,0,0.6165,36.1,14.11,56.01,9439.67,9093.56,0,0.0036,1.7921,0,0
2026-09-09T15:15:34.992802+00:00,dos_slowloris_v1,dos_slowloris_v1__run_001,impact,T1499.002,1,1,-0.0,0.9923,0.0182,649.92,1137.36,0.9236,8,14,0.6109,0.9852,1.0957,0.1393,1.5136,0,0,0,0,0,0,0.55,81.24,0.0,81.24,6795.54,8403.05,0,0.0158,0.6674,0,0
2026-09-09T15:15:39.992802+00:00,dos_slowloris_v1,dos_slowloris_v1__run_001,impact,T1499.002,4,2,0.8113,0.9767,0.0259,1122.95,5018.17,0.9315,32,143,1.7127,2.3474,1.1372,0.0678,1.3406,0,2,0,0,0,0,0.2228,35.09,12.44,52.03,9514.49,7535.56,0,0.0084,0.5161,0,0
2026-09-09T15:15:44.992802+00:00,dos_slowloris_v1,dos_slowloris_v1__run_001,impact,T1499.002,4,2,1.0,0.9711,0.0252,746.8,1605.62,0.8781,20,43,0.7503,1.3729,1.4503,0.1683,1.9551,0,2,0,0,0,0,0.4561,37.34,6.95,45.12,8677.84,8338.05,0,0.0,1.2961,0,0
2026-09-09T15:15:49.992802+00:00,dos_slowloris_v1,dos_slowloris_v1__run_001,impact,T1499.002,4,2,0.8113,0.9423,0.0686,534.5,1302.84,0.9688,16,39,1.1298,2.1959,1.3113,0.08,1.5513,0,2,0,0,0,0,0.405,33.41,14.61,56.43,6289.59,8789.41,0,0.0,0.7651,0,0
2026-09-09T15:15:54.992802+00:00,dos_slowloris_v1,dos_slowloris_v1__run_001,impact,T1499.002,3,2,0.9183,0.9746,0.034,1221.21,2768.08,0.9584,30,68,1.1069,1.8107,1.1902,0.1674,1.6924,0,2,0,0,0,0,0.4404,40.71,8.36,49.39,8047.25,9341.01,0,0.0208,1.1137,0,0
2026-09-09T15:15:59.992802+00:00,dos_slowloris_v1,dos_slowloris_v1__run_001,impact,T1499.002,4,2,0.8113,0.96,0.0283,1361.33,4169.07,0.925,32,98,0.8787,1.1203,1.4387,0.2076,2.0614,0,2,0,0,0,0,0.3242,42.54,13.31,58.53,8358.23,9412.2,0,0.0264,0.9991,0,0
2026-09-09T15:16:04.992802+00:00,dos_slowloris_v1,dos_slowloris_v1__run_001,impact,T1499.002,4,1,-0.0,1.0,0.0014,2189.44,3953.15,0.8332,36,65,1.2168,2.1013,1.416,0.152,1.8719,0,2,0,0,0,0,0.5538,60.82,30.31,104.11,7746.86,8149.26,0,0.0,0.9074,0,1
2026-09-09T15:16:09.992802+00:00,dos_slowloris_v1,dos_slowloris_v1__run_001,impact,T1499.002,3,1,-0.0,1.0,0.0,946.83,1798.97,0.849,30,57,1.3392,2.2483,1.2831,0.0671,1.4844,0,2,0,0,0,0,0.5258,31.56,2.23,34.52,8689.32,8838.5,0,0.0678,1.0573,0,0
2026-09-09T15:16:14.992802+00:00,dos_slowloris_v1,dos_slowloris_v1__run_001,impact,T1499.002,1,1,-0.0,1.0,0.0051,347.58,844.13,0.9581,7,17,1.1409,2.818,1.3456,0.2008,1.9478,0,0,0,0,0,0,0.4099,49.65,0.0,49.65,7909.24,9089.74,0,0.0,1.3199,0,0
2026-09-09T15:16:19.992802+00:00,dos_slowloris_v1,dos_slowloris_v1__run_001,impact,T1499.002,6,2,1.0,0.9293,0.0642,1362.12,2799.91,0.917,36,74,1.5607,1.9935,1.1385,0.1165,1.488,1,4,0,0,0,0,0.4851,37.84,15.76,65.77,6557.7,7572.16,0,0.0,0.5095,0,0
2026-09-09T15:16:24.992802+00:00,dos_slowloris_v1,dos_slowloris_v1__run_001,impact,T1499.002,2,1,-0.0,0.9868,0.0269,246.91,716.05,0.8645,10,29,1.3966,2.2424,1.3121,0.1774,1.8444,0,1,0,0,0,0,0.3357,24.69,6.72,31.41,7133.2,9090.37,0,0.0395,0.7493,0,0
2026-09-09T15:16:29.992802+00:00,dos_slowloris_v1,dos_slowloris_v1__run_001,impact,T1499.002,8,2,0.5436,0.9807,0.04,1198.17,2396.33,0.8156,24,48,1.5047,4.4167,1.1544,0.1585,1.6299,1,5,0,0,0,0,0.4972,49.92,15.25,85.89,8941.74,10171.35,0,0.0314,0.081,0,0
2026-09-09T15:16:34.992802+00:00,dos_slowloris_v1,dos_slowloris_v1__run_001,impact,T1499.002,2,1,-0.0,0.9966,0.026,465.77,1060.92,0.9278,18,41,1.5952,2.0995,1.3345,0.1136,1.6753,0,1,0,0,0,0,0.4348,25.88,2.92,28.8,8027.78,7841.4,0,0.064,1.0317,0,0
2026-09-09T15:16:39.992802+00:00,dos_slowloris_v1,dos_slowloris_v1__run_001,impact,T1499.002,3,2,0.9183,1.0,0.0,1406.43,2344.06,0.8911,27,45,1.8563,2.5026,1.4012,0.1168,1.7515,0,2,0,0,0,0,0.5987,52.09,16.15,71.46,7665.56,6987.31,0,0.008,0.7433,0,0
2026-09-09T15:16:44.992802+00:00,dos_slowloris_v1,dos_slowloris_v1__run_001,impact,T1499.002,6,2,1.0,1.0,0.0228,575.78,1295.5,0.8505,12,27,1.6765,3.8684,1.0944,0.0587,1.2706,0,3,0,0,0,0,0.4299,47.98,19.23,86.43,10007.09,8293.96,0,0.0,0.7725,0,0
2026-09-09T15:16:49.992802+00:00,dos_slowloris_v1,dos_slowloris_v1__run_001,impact,T1499.002,5,2,0.971,0.9506,0.0502,2395.75,4828.35,0.9693,65,131,1.9229,4.4078,1.3313,0.1195,1.6898,0,3,0,0,0,0,0.4938,36.86,9.31,51.14,7817.59,8454.72,0,0.025,0.5814,0,1
2026-09-09T15:16:54.992802+00:00,dos_slowloris_v1,dos_slowloris_v1__run_001,impact,T1499.002,8,2,0.9544,1.0,0.0,2313.2,6154.75,0.9227,56,149,1.6116,3.7797,1.0943,0.12,1.4544,1,5,0,0,0,0,0.3752,41.31,7.16,58.05,8708.07,8350.47,0,0.0,0.9714,0,0
2026-09-09T15:16:59.992802+00:00,dos_slowloris_v1,dos_slowloris_v1__run_001,impact,T1499.002,5,2,0.971,0.9526,0.06,1465.79,5151.2,0.9575,35,123,0.7744,1.3576,0.9658,0.1081,1.2902,0,3,0,0,0,0,0.2832,41.88,10.71,52.79,8818.57,8344.9,0,0.0603,1.2848,0,0
2026-09-09T15:17:04.992802+00:00,dos_slowloris_v1,dos_slowloris_v1__run_001,impact,T1499.002,1,1,-0.0,0.9766,0.0399,242.22,423.89,0.9434,4,7,1.0582,1.4055,1.3314,0.0867,1.5914,0,0,0,0,0,0,0.5148,60.56,0.0,60.56,9349.08,7151.47,0,0.0525,1.8776,0,0
2026-09-09T15:17:09.992802+00:00,dos_slowloris_v1,dos_slowloris_v1__run_001,impact,T1499.002,5,2,0.971,1.0,0.0065,1263.79,7402.18,0.8104,35,205,1.1148,1.6576,1.2149,0.1225,1.5824,0,3,0,0,0,0,0.1707,36.11,14.6,55.19,8002.62,6669.5,0,0.02,0.094,0,0
2026-09-09T15:17:14.992802+00:00,dos_slowloris_v1,dos_slowloris_v1__run_001,impact,T1499.002,7,2,0.9852,1.0,0.0,1518.37,3408.57,0.8838,49,110,1.1986,3.1552,1.3172,0.1673,1.8191,1,5,0,0,0,0,0.4445,30.99,7.16,42.62,8100.89,9003.27,0,0.0,0.6711,0,0
2026-09-09T15:17:19.992802+00:00,dos_slowloris_v1,dos_slowloris_v1__run_001,impact,T1499.002,4,2,0.8113,1.0,0.0136,494.82,1072.11,0.9556,12,26,0.9094,1.3791,1.4084,0.1616,1.8932,0,2,0,0,0,0,0.4496,41.23,16.08,62.85,7570.13,8908.38,0,0.0,1.0852,0,0
2026-09-09T15:17:24.992802+00:00,dos_slowloris_v1,dos_slowloris_v1__run_001,impact,T1499.002,5,2,0.7219,0.9738,0.0287,1488.62,5623.66,0.9445,45,170,1.0103,2.5017,1.2355,0.1021,1.5418,0,3,0,0,0,0,0.2646,33.08,4.12,38.39,9087.67,10295.58,0,0.0447,1.6528,0,0
2026-09-09T15:17:29.992802+00:00,dos_slowloris_v1,dos_slowloris_v1__run_001,impact,T1499.002,1,1,-0.0,1.0,0.0,516.54,1127.0,0.9343,11,24,1.6846,3.2684,1.0197,0.0859,1.2775,0,0,0,0,0,0,0.4485,46.96,0.0,46.96,9192.53,10954.54,0,0.0,0.4236,0,0
2026-09-09T15:17:34.992802+00:00,dos_slowloris_v1,dos_slowloris_v1__run_001,impact,T1499.002,3,2,0.9183,0.9769,0.0553,943.43,3074.89,0.9108,27,88,1.6011,3.4144,1.2514,0.176,1.7794,0,2,0,0,0,0,0.3048,34.94,14.75,52.95,8068.37,7464.27,0,0.019,0.8925,0,0
2026-09-09T15:17:39.992802+00:00,dos_slowloris_v1,dos_slowloris_v1__run_001,impact,T1499.002,2,1,-0.0,1.0,0.0,84.86,148.5,0.9398,4,7,1.3319,3.1807,1.1651,0.0819,1.4109,0,1,0,0,0,0,0.5429,21.21,0.3,21.51,6443.16,8336.88,0,0.0169,0.2762,0,0
2026-09-09T15:17:44.992802+00:00,dos_slowloris_v1,dos_slowloris_v1__run_001,impact,T1499.002,6,2,0.9183,1.0,0.0316,1295.85,3066.85,1.0,30,71,1.3507,3.8775,0.9787,0.0794,1.2169,0,4,0,0,0,0,0.4168,43.2,7.22,52.53,8822.6,7511.74,0,0.0,0.0,0,0
2026-09-09T15:17:49.992802+00:00,dos_slowloris_v1,dos_slowloris_v1__run_001,impact,T1499.002,5,2,0.971,1.0,0.0189,1732.28,5147.35,0.882,35,104,1.724,2.3644,1.2503,0.1067,1.5705,0,3,0,0,0,0,0.3338,49.49,3.45,54.89,6070.19,6789.57,0,0.0449,1.4017,0,0
2026-09-09T15:17:54.992802+00:00,dos_slowloris_v1,dos_slowloris_v1__run_001,impact,T1499.002,2,2,1.0,1.0,0.0,842.01,1990.21,0.8797,22,52,1.1757,3.0243,1.3342,0.0796,1.5731,0,1,0,0,0,0,0.4154,38.27,3.4,41.67,8851.02,8740.1,0,0.0159,1.2377,0,0
2026-09-09T15:17:59.992802+00:00,dos_slowloris_v1,dos_slowloris_v1__run_001,impact,T1499.002,4,2,1.0,1.0,0.012,1081.61,2873.02,0.9278,32,85,1.6677,4.152,1.2359,0.0952,1.5214,0,2,0,0,0,0,0.374,33.8,14.13,56.29,8718.65,9783.05,0,0.0,0.629,0,0
2026-09-09T15:18:04.992802+00:00,dos_slowloris_v1,dos_slowloris_v1__run_001,impact,T1499.002,1,1,-0.0,0.9596,0.0318,169.56,593.47,0.9466,6,21,1.6948,3.1776,1.2023,0.1131,1.5415,0,0,0,0,0,0,0.2776,28.26,0.0,28.26,6905.33,8051.12,0,0.0,0.6677,0,0
2026-09-09T15:18:09.992802+00:00,dos_slowloris_v1,dos_slowloris_v1__run_001,impact,T1499.002,8,2,0.9544,0.9919,0.0306,1841.47,7530.28,0.9831,56,229,1.8011,2.5499,1.3889,0.1608,1.8713,1,5,0,0,0,0,0.2443,32.88,3.71,38.72,7437.77,8498.2,0,0.0,1.5759,0,0
2026-09-09T15:18:14.992802+00:00,dos_slowloris_v1,dos_slowloris_v1__run_001,impact,T1499.002,7,2,0.8631,0.9905,0.0248,1075.0,3877.68,0.8395,28,101,1.4563,1.767,1.2369,0.1274,1.6192,1,4,0,0,0,0,0.2747,38.39,19.29,68.77,8562.78,8768.53,0,0.0285,1.4623,0,1
2026-09-09T15:18:19.992802+00:00,dos_slowloris_v1,dos_slowloris_v1__run_001,impact,T1499.002,1,1,-0.0,1.0,0.0,79.32,190.37,0.8369,5,12,1.0217,1.5824,1.2509,0.1683,1.7557,0,0,0,0,0,0,0.3942,15.86,0.0,15.86,6809.14,10624.79,0,0.0131,1.0554,0,0
2026-09-09T15:18:24.992802+00:00,dos_slowloris_v1,dos_slowloris_v1__run_001,impact,T1499.002,2,1,-0.0,1.0,0.0,1008.09,2457.23,0.9222,16,39,1.9871,4.1433,1.2545,0.1867,1.8146,0,1,0,0,0,0,0.4082,63.01,42.82,105.83,6296.58,8969.49,0,0.0286,1.1311,0,0
2026-09-09T15:18:29.992802+00:00,dos_slowloris_v1,dos_slowloris_v1__run_001,impact,T1499.002,2,2,1.0,0.9515,0.0529,448.56,801.0,0.9882,14,25,0.9095,1.8489,1.2945,0.1423,1.7213,0,1,0,0,0,0,0.5445,32.04,3.89,35.93,8660.11,8248.25,0,0.0325,1.59,0,0
2026-09-09T15:18:34.992802+00:00,dos_slowloris_v1,dos_slowloris_v1__run_001,impact,T1499.002,5,2,0.971,0.9779,0.0254,1029.84,2677.57,0.8364,25,65,1.5669,2.2033,1.3904,0.0937,1.6715,0,3,0,0,0,0,0.3841,41.19,11.81,61.17,7623.36,6775.46,0,0.0449,1.3655,0,0
2026-09-09T15:18:39.992802+00:00,dos_slowloris_v1,dos_slowloris_v1__run_001,impact,T1499.002,6,2,0.9183,1.0,0.0,1102.0,2295.84,0.9114,24,50,0.7173,1.118,1.373,0.1504,1.8243,0,4,0,0,0,0,0.4778,45.92,13.35,68.81,8476.24,8709.37,0,0.0046,0.6576,0,0
2026-09-09T15:18:44.992802+00:00,dos_slowloris_v1,dos_slowloris_v1__run_001,impact,T1499.002,7,2,0.8631,1.0,0.0,2435.34,5417.39,0.8584,49,109,1.7998,2.4286,1.1091,0.1567,1.5792,1,4,0,0,0,0,0.4472,49.7,3.36,55.36,10495.24,8296.13,0,0.0207,1.5384,0,0
2026-09-09T15:18:49.992802+00:00,dos_slowloris_v1,dos_slowloris_v1__run_001,impact,T1499.002,4,2,0.8113,1.0,0.008,1572.78,4364.46,0.8882,40,111,0.7992,1.1786,1.1199,0.1596,1.5987,0,2,0,0,0,0,0.3578,39.32,7.74,45.44,9216.51,8819.17,0,0.0419,1.0143,0,0
2026-09-09T15:18:54.992802+00:00,dos_slowloris_v1,dos_slowloris_v1__run_001,impact,T1499.002,4,2,1.0,1.0,0.0096,2238.29,6664.0,0.841,44,131,0.76,1.4634,1.3324,0.1676,1.8353,0,2,0,0,0,0,0.3353,50.87,14.1,71.5,7703.49,6981.51,0,0.0162,1.1992,0,0
2026-09-09T15:18:59.992802+00:00,dos_slowloris_v1,dos_slowloris_v1__run_001,impact,T1499.002,1,1,-0.0,0.944,0.0638,273.68,671.77,0.8995,11,27,0.7507,1.9605,1.2695,0.1861,1.8278,0,0,0,0,0,0,0.3994,24.88,0.0,24.88,7422.25,6171.76,0,0.0,1.225,0,0
2026-09-09T15:19:04.992802+00:00,dos_slowloris_v1,dos_slowloris_v1__run_001,impact,T1499.002,6,2,0.9183,1.0,0.0123,1731.69,3174.76,0.8525,36,66,1.7537,2.4753,1.3539,0.1575,1.8266,0,4,0,0,0,0,0.5404,48.1,23.2,95.79,8991.28,6685.54,0,0.045,0.0691,0,0
2026-09-09T15:19:09.992802+00:00,dos_slowloris_v1,dos_slowloris_v1__run_001,impact,T1499.002,1,1,-0.0,0.9907,0.0051,507.18,1014.35,0.9389,9,18,1.5429,3.494,1.4231,0.1344,1.8262,0,0,0,0,0,0,0.4879,56.35,0.0,56.35,6605.5,8234.52,0,0.0,1.2879,0,0
2026-09-09T15:19:14.992802+00:00,dos_slowloris_v1,dos_slowloris_v1__run_001,impact,T1499.002,5,2,0.971,0.982,0.0366,2406.49,5225.51,0.9007,70,152,0.823,1.618,1.1854,0.1775,1.7178,0,3,0,0,0,0,0.4593,34.38,9.01,46.59,7221.01,7546.34,0,0.0,0.5248,0,0
2026-09-09T15:19:19.992802+00:00,dos_slowloris_v1,dos_slowloris_v1__run_001,impact,T1499.002,3,2,0.9183,1.0,0.0383,312.09,754.22,0.913,12,29,1.7827,4.0872,1.1916,0.1517,1.6466,0,2,0,0,0,0,0.4049,26.01,8.53,37.89,7328.28,9853.6,0,0.0344,1.2729,0,0
2026-09-09T15:19:24.992802+00:00,dos_slowloris_v1,dos_slowloris_v1__run_001,impact,T1499.002,5,2,0.971,1.0,0.0166,962.87,1925.75,0.9233,30,60,1.379,2.0004,1.1925,0.0674,1.3945,0,3,0,0,0,0,0.4971,32.1,7.67,42.82,9457.06,8824.63,0,0.0399,1.2142,0,0
2026-09-09T15:19:29.992802+00:00,dos_slowloris_v1,dos_slowloris_v1__run_001,impact,T1499.002,2,2,1.0,0.9848,0.0,607.4,1301.56,0.8773,14,30,1.8654,3.5344,1.3655,0.15,1.8155,0,1,0,0,0,0,0.4568,43.39,10.33,53.72,8297.19,9439.76,0,0.0433,0.241,0,0
2026-09-09T15:19:34.992802+00:00,dos_slowloris_v1,dos_slowloris_v1__run_001,impact,T1499.002,4,2,0.8113,1.0,0.0,1091.02,2221.0,0.8952,28,57,1.2754,3.4777,1.2729,0.1008,1.5753,0,2,0,0,0,0,0.4896,38.96,1.62,41.72,7774.38,7345.29,0,0.0313,0.8155,0,0
2026-09-09T15:19:39.992802+00:00,dos_slowloris_v1,dos_slowloris_v1__run_001,impact,T1499.002,1,1,-0.0,1.0,0.0,149.74,299.49,0.9049,4,8,1.4782,2.8409,1.1087,0.1515,1.5633,0,0,0,0,0,0,0.4909,37.44,0.0,37.44,7779.14,6753.2,0,0.0446,0.9151,0,0
2026-09-09T15:19:44.992802+00:00,dos_slowloris_v1,dos_slowloris_v1__run_001,impact,T1499.002,6,1,-0.0,0.9501,0.0283,933.75,1991.99,0.9067,30,64,1.9174,4.9525,1.2844,0.1233,1.6543,0,4,0,0,0,0,0.4635,31.12,6.45,36.19,9081.61,8294.34,0,0.0516,0.5971,0,0
2026-09-09T15:19:49.992802+00:00,dos_slowloris_v1,dos_slowloris_v1__run_001,impact,T1499.002,4,1,-0.0,1.0,0.0119,982.1,2005.13,0.8431,24,49,0.9405,1.4734,1.2981,0.0837,1.5492,0,3,0,0,0,0,0.486,40.92,8.01,51.1,8718.54,8976.23,0,0.0,1.3997,0,0
2026-09-09T15:19:54.992802+00:00,dos_slowloris_v1,dos_slowloris_v1__run_001,impact,T1499.002,9,2,0.9183,1.0,0.009,5832.27,15153.94,0.9236,117,304,1.1601,1.9972,1.1068,0.0712,1.3203,1,6,0,0,0,0,0.3839,49.85,15.67,80.34,7927.8,8562.62,0,0.0,1.7389,0,0
2026-09-09T15:19:59.992802+00:00,dos_slowloris_v1,dos_slowloris_v1__run_001,impact,T1499.002,7,2,0.9852,1.0,0.0,527.57,866.72,0.8487,14,23,1.6053,3.3789,1.3488,0.1399,1.7685,0,4,0,0,0,0,0.5839,37.68,8.36,46.5,5423.6,8369.8,0,0.0,1.6911,0,1
2026-09-09T15:20:04.992802+00:00,dos_slowloris_v1,dos_slowloris_v1__run_001,impact,T1499.002,4,2,0.8113,1.0,0.0,633.42,1741.91,0.8446,16,44,1.7393,2.6017,1.225,0.1425,1.6524,0,2,0,0,0,0,0.3608,39.59,9.84,53.07,8554.25,8381.08,0,0.013,1.686,0,0
2026-09-09T15:20:09.992802+00:00,dos_slowloris_v1,dos_slowloris_v1__run_001,impact,T1499.002,4,2,0.8113,0.9824,0.0137,725.16,1595.35,0.837,20,44,1.0208,1.4341,1.2375,0.1242,1.6099,0,2,0,0,0,0,0.4491,36.26,7.77,46.38,7988.63,8822.54,0,0.0278,0.9485,0,1
2026-09-09T15:20:14.992802+00:00,dos_slowloris_v1,dos_slowloris_v1__run_001,impact,T1499.002,0,0,0.0,1.0,0.0,0.0,0.0,0.9083,0,0,0.8416,1.8288,1.2339,0.0661,1.4322,0,0,0,0,0,0,0.4619,35.19,0.0,35.19,7973.89,8377.69,0,0.0315,1.452,0,0
2026-09-09T15:20:19.992802+00:00,dos_slowloris_v1,dos_slowloris_v1__run_001,impact,T1499.002,6,2,1.0,1.0,0.005,1414.34,2150.97,0.9234,48,73,1.3479,1.9225,1.273,0.1594,1.751,1,4,0,0,0,0,0.6572,29.47,9.33,41.35,8108.45,9490.53,0,0.0294,0.965,0,0
2026-09-09T15:20:24.992802+00:00,dos_slowloris_v1,dos_slowloris_v1__run_001,impact,T1499.002,1,1,-0.0,1.0,0.008,233.14,466.28,0.9575,7,14,1.3336,1.9747,1.2263,0.1265,1.6057,0,0,0,0,0,0,0.4942,33.31,0.0,33.31,8113.91,9477.65,0,0.0227,0.7858,0,0
2026-09-09T15:20:29.992802+00:00,dos_slowloris_v1,dos_slowloris_v1__run_001,impact,T1499.002,2,1,-0.0,0.9679,0.0339,323.72,2007.07,0.8797,10,62,1.0677,2.5991,1.2564,0.1104,1.5875,0,1,0,0,0,0,0.1599,32.37,12.27,44.65,6073.24,9018.89,0,0.008,1.1113,0,0
2026-09-09T15:20:34.992802+00:00,dos_slowloris_v1,dos_slowloris_v1__run_001,impact,T1499.002,6,2,0.65,0.9724,0.0,1670.43,3539.72,0.9301,42,89,1.266,2.9403,1.2897,0.1067,1.6099,0,4,0,0,0,0,0.4677,39.77,8.73,50.32,9569.38,6212.65,0,0.0271,0.9875,0,1
2026-09-09T15:20:39.992802+00:00,dos_slowloris_v1,dos_slowloris_v1__run_001,impact,T1499.002,6,2,0.9183,1.0,0.0,2388.39,7386.3,0.865,54,167,1.6686,4.7761,1.1427,0.1394,1.5607,0,4,0,0,0,0,0.3219,44.23,14.61,74.18,9333.85,8387.39,0,0.0211,0.7859,0,0
2026-09-09T15:20:44.992802+00:00,dos_slowloris_v1,dos_slowloris_v1__run_001,impact,T1499.002,4,2,0.8113,1.0,0.0,811.81,2760.17,0.9723,20,68,0.9489,2.4719,1.1763,0.0912,1.45,0,2,0,0,0,0,0.2901,40.59,10.09,51.49,8805.06,9895.49,0,0.0367,0.3307,0,0
2026-09-09T15:20:49.992802+00:00,dos_slowloris_v1,dos_slowloris_v1__run_001,impact,T1499.002,2,2,1.0,1.0,0.0006,467.42,1314.61,0.9638,16,45,1.3298,1.7741,1.2448,0.0688,1.4513,0,1,0,0,0,0,0.3554,29.21,13.76,42.98,8412.46,8008.71,0,0.0509,0.5956,0,0
2026-09-09T15:20:54.992802+00:00,dos_slowloris_v1,dos_slowloris_v1__run_001,impact,T1499.002,5,2,0.971,0.9495,0.0294,1287.16,2188.18,0.881,30,51,1.7932,3.1129,1.3439,0.112,1.6799,0,3,0,0,0,0,0.5829,42.91,12.5,56.0,8047.75,9675.17,0,0.066,0.7548,0,0
2026-09-09T15:20:59.992802+00:00,dos_slowloris_v1,dos_slowloris_v1__run_001,impact,T1499.002,5,2,0.7219,1.0,0.0,1865.79,6604.91,0.9101,50,177,0.7383,1.7993,1.1972,0.0626,1.3849,0,3,0,0,0,0,0.2823,37.32,17.21,70.74,7582.32,8735.62,0,0.0,0.322,0,0
2026-09-09T15:21:04.992802+00:00,dos_slowloris_v1,dos_slowloris_v1__run_001,impact,T1499.002,2,2,1.0,1.0,0.0,1021.36,2326.44,0.9318,18,41,0.9419,1.1535,1.2294,0.1557,1.6964,0,1,0,0,0,0,0.4323,56.74,12.67,69.41,7789.37,9102.43,0,0.025,0.8349,0,0
2026-09-09T15:21:09.992802+00:00,dos_slowloris_v1,dos_slowloris_v1__run_001,impact,T1499.002,6,2,0.9183,0.9971,0.0005,1613.45,3649.46,0.9803,42,95,1.1457,1.8728,1.2958,0.1087,1.6219,0,4,0,0,0,0,0.4418,38.42,12.5,60.0,8040.66,8460.84,0,0.0041,1.6417,0,0
2026-09-09T15:21:14.992802+00:00,dos_slowloris_v1,dos_slowloris_v1__run_001,impact,T1499.002,4,2,0.8113,0.9563,0.0564,811.61,2806.83,0.8499,24,83,0.6736,1.0232,1.0563,0.087,1.3172,0,2,0,0,0,0,0.2868,33.82,14.96,59.13,9155.35,8914.36,0,0.0,0.4363,0,0
2026-09-09T15:21:19.992802+00:00,dos_slowloris_v1,dos_slowloris_v1__run_001,impact,T1499.002,7,2,0.9852,1.0,0.0,1767.4,4860.34,0.8127,56,154,0.7601,1.6858,1.0343,0.0742,1.2569,1,4,0,0,0,0,0.3614,31.56,12.75,59.75,8567.27,8445.65,0,0.0301,1.0213,0,0
2026-09-09T15:21:24.992802+00:00,dos_slowloris_v1,dos_slowloris_v1__run_001,impact,T1499.002,6,2,1.0,1.0,0.0,831.44,3568.28,0.9111,24,103,1.1408,2.0159,1.1518,0.0801,1.3922,0,4,0,0,0,0,0.2322,34.64,15.6,63.83,7024.4,8602.97,0,0.0021,1.0605,0,0
2026-09-09T15:21:29.992802+00:00,dos_slowloris_v1,dos_slowloris_v1__run_001,impact,T1499.002,5,2,0.971,1.0,0.0,1277.95,3748.65,0.8024,30,88,1.3662,2.7636,0.9731,0.0583,1.1479,0,3,0,0,0,0,0.3371,42.6,17.09,70.03,6894.71,8217.88,0,0.0,0.9901,0,1
2026-09-09T15:21:34.992802+00:00,dos_slowloris_v1,dos_slowloris_v1__run_001,impact,T1499.002,3,2,0.9183,1.0,0.0249,705.38,1981.78,0.9651,21,59,1.4511,1.9573,1.1062,0.104,1.4183,0,2,0,0,0,0,0.3543,33.59,14.12,53.53,6905.74,8827.18,0,0.0009,0.118,0,0
2026-09-09T15:21:39.992802+00:00,dos_slowloris_v1,dos_slowloris_v1__run_001,impact,T1499.002,6,2,0.9183,0.9785,0.0345,2092.47,3836.19,0.88,48,88,0.9158,1.4778,1.2243,0.0625,1.412,1,4,0,0,0,0,0.5442,43.59,24.35,91.49,8746.97,9305.2,0,0.0,0.9686,0,0
2026-09-09T15:21:44.992802+00:00,dos_slowloris_v1,dos_slowloris_v1__run_001,impact,T1499.002,5,2,0.971,0.9649,0.0335,986.36,2919.63,1.0,25,74,1.9079,3.7156,1.2205,0.1482,1.6651,0,3,0,0,0,0,0.3356,39.45,12.87,52.79,8074.02,8284.58,0,0.0096,1.4768,0,0
2026-09-09T15:21:49.992802+00:00,dos_slowloris_v1,dos_slowloris_v1__run_001,impact,T1499.002,8,2,0.8113,1.0,0.0,3463.5,8855.54,0.8922,88,225,0.9824,2.4732,1.0768,0.1526,1.5346,1,5,0,0,0,0,0.3902,39.36,8.03,52.34,8182.64,7230.48,0,0.002,1.1196,0,0
2026-09-09T15:21:54.992802+00:00,dos_slowloris_v1,dos_slowloris_v1__run_001,impact,T1499.002,6,2,1.0,1.0,0.0,1896.36,8731.15,0.9844,48,221,1.4099,3.7796,1.1028,0.1602,1.5833,0,4,0,0,0,0,0.2168,39.51,20.66,76.64,7854.99,7097.86,0,0.0401,1.5145,0,0
2026-09-09T15:21:59.992802+00:00,dos_slowloris_v1,dos_slowloris_v1__run_001,impact,T1499.002,3,2,0.9183,0.9984,0.0,815.91,1223.86,0.8993,18,27,0.9993,2.758,1.2875,0.1535,1.748,0,2,0,0,0,0,0.6661,45.33,17.7,68.4,8363.21,8266.68,0,0.0319,0.8589,0,0
2026-09-09T15:22:04.992802+00:00,dos_slowloris_v1,dos_slowloris_v1__run_001,impact,T1499.002,4,2,1.0,1.0,0.0,1137.56,3539.07,0.881,36,112,1.8169,4.0937,1.4069,0.1636,1.8977,0,2,0,0,0,0,0.3213,31.6,5.27,38.06,9266.56,7831.37,0,0.0254,1.3026,0,0
2026-09-09T15:22:09.992802+00:00,dos_slowloris_v1,dos_slowloris_v1__run_001,impact,T1499.002,3,2,0.9183,0.9928,0.0063,705.18,1821.72,0.7821,12,31,1.7288,3.3199,1.3705,0.0833,1.6203,0,2,0,0,0,0,0.3759,58.77,36.49,110.36,6998.08,9648.65,0,0.0281,1.8645,0,0
2026-09-09T15:22:14.992802+00:00,dos_slowloris_v1,dos_slowloris_v1__run_001,impact,T1499.002,4,2,0.8113,1.0,0.0,1106.57,2213.14,0.7887,32,64,1.59,3.3184,1.2918,0.1883,1.8565,0,2,0,0,0,0,0.4977,34.58,3.96,40.93,9799.13,8316.57,0,0.0088,0.7363,0,0
2026-09-09T15:22:19.992802+00:00,dos_slowloris_v1,dos_slowloris_v1__run_001,impact,T1499.002,2,2,1.0,0.9843,0.0299,405.15,1053.38,0.8577,10,26,0.9052,2.15,1.3614,0.1732,1.881,0,1,0,0,0,0,0.3748,40.51,6.67,47.19,8534.33,8944.77,0,0.0343,0.1178,0,0
2026-09-09T15:22:24.992802+00:00,dos_slowloris_v1,dos_slowloris_v1__run_001,impact,T1499.002,4,2,0.8113,0.9676,0.0117,837.51,2119.95,0.8868,32,81,0.7876,2.2117,1.2687,0.0728,1.4872,0,2,0,0,0,0,0.3919,26.17,5.65,33.87,7506.89,8484.48,0,0.0,1.1804,0,1
2026-09-09T15:22:29.992802+00:00,dos_slowloris_v1,dos_slowloris_v1__run_001,impact,T1499.002,3,2,0.9183,1.0,0.0,828.79,2256.15,0.8539,18,49,1.2054,2.3973,1.3018,0.17,1.8117,0,2,0,0,0,0,0.3654,46.04,9.33,52.83,7992.01,8559.89,0,0.0264,1.0136,0,0
2026-09-09T15:22:34.992802+00:00,dos_slowloris_v1,dos_slowloris_v1__run_001,impact,T1499.002,3,1,-0.0,1.0,0.0,1147.91,2582.8,1.0,24,54,0.7254,1.298,0.9742,0.1148,1.3184,0,2,0,0,0,0,0.4416,47.83,10.72,62.41,7553.25,8317.12,0,0.0,1.0238,0,0
2026-09-09T15:22:39.992802+00:00,dos_slowloris_v1,dos_slowloris_v1__run_001,impact,T1499.002,2,1,-0.0,1.0,0.0,180.03,300.06,0.8392,6,10,0.8313,1.7628,1.3745,0.0843,1.6274,0,1,0,0,0,0,0.5621,30.01,4.8,34.8,8049.87,8252.23,0,0.0376,1.4397,0,1
2026-09-09T15:22:44.992802+00:00,dos_slowloris_v1,dos_slowloris_v1__run_001,impact,T1499.002,1,1,-0.0,1.0,0.0,156.43,281.58,0.8833,5,9,1.7471,2.5317,1.0774,0.1336,1.4781,0,0,0,0,0,0,0.5002,31.29,0.0,31.29,9907.47,8852.84,0,0.0048,0.5336,0,0
2026-09-09T15:22:49.992802+00:00,dos_slowloris_v1,dos_slowloris_v1__run_001,impact,T1499.002,3,2,0.9183,0.9695,0.059,601.38,1536.85,0.9156,18,46,1.1884,1.9091,1.1617,0.1524,1.6188,0,2,0,0,0,0,0.3899,33.41,8.9,45.26,7218.36,7333.85,0,0.0332,0.5411,0,0
2026-09-09T15:22:54.992802+00:00,dos_slowloris_v1,dos_slowloris_v1__run_001,impact,T1499.002,2,1,-0.0,1.0,0.0,212.86,425.72,0.9394,8,16,1.3432,3.5778,1.2745,0.0711,1.4879,0,1,0,0,0,0,0.4721,26.61,5.45,32.05,8383.44,6761.79,0,0.0274,0.7947,0,0
2026-09-09T15:22:59.992802+00:00,dos_slowloris_v1,dos_slowloris_v1__run_001,impact,T1499.002,3,2,0.9183,0.9809,0.036,807.41,1883.97,0.8888,18,42,1.5567,3.8666,1.1834,0.1564,1.6527,0,2,0,0,0,0,0.4254,44.86,8.72,57.14,7769.59,8773.0,0,0.0,1.3728,0,0
2026-09-09T15:23:04.992802+00:00,dos_slowloris_v1,dos_slowloris_v1__run_001,impact,T1499.002,1,1,-0.0,1.0,0.0,472.36,1154.67,0.9475,9,22,0.8115,1.495,1.5143,0.1832,2.0638,0,0,0,0,0,0,0.4064,52.48,0.0,52.48,7683.53,9007.16,0,0.0179,1.0061,0,0
2026-09-09T15:23:09.992802+00:00,dos_slowloris_v1,dos_slowloris_v1__run_001,impact,T1499.002,5,2,0.7219,0.9672,0.0031,1287.21,3604.19,0.8787,35,98,0.74,0.955,1.2414,0.1439,1.6729,0,3,0,0,0,0,0.3546,36.78,11.67,59.94,7014.63,7967.78,0,0.0,0.0,0,0
2026-09-09T15:23:14.992802+00:00,dos_slowloris_v1,dos_slowloris_v1__run_001,impact,T1499.002,3,2,0.9183,1.0,0.0112,627.44,1411.74,0.9188,24,54,0.957,1.4586,1.1713,0.1588,1.6479,0,2,0,0,0,0,0.4367,26.14,6.82,35.48,8781.78,10498.58,0,0.0,1.9066,0,0
2026-09-09T15:23:19.992802+00:00,dos_slowloris_v1,dos_slowloris_v1__run_001,impact,T1499.002,4,2,0.8113,1.0,0.0093,536.18,1921.31,0.8918,12,43,1.3692,3.9383,1.2561,0.1354,1.6622,0,2,0,0,0,0,0.2789,44.68,10.7,60.31,8216.53,6658.73,0,0.0796,0.7131,0,0
2026-09-09T15:23:24.992802+00:00,dos_slowloris_v1,dos_slowloris_v1__run_001,impact,T1499.002,3,2,0.9183,0.9979,0.016,389.63,1233.82,0.9308,12,38,1.3637,1.8072,1.025,0.1096,1.3537,0,2,0,0,0,0,0.312,32.47,4.16,37.66,10129.95,7664.39,0,0.0106,0.0,0,0
2026-09-09T15:23:29.992802+00:00,dos_slowloris_v1,dos_slowloris_v1__run_001,impact,T1499.002,3,2,0.9183,1.0,0.0,563.27,1157.83,0.8742,18,37,1.5844,3.3492,1.2207,0.0781,1.4551,0,2,0,0,0,0,0.4758,31.29,8.0,42.45,8523.36,9248.37,0,0.0,1.355,0,0
2026-09-09T15:23:34.992802+00:00,dos_slowloris_v1,dos_slowloris_v1__run_001,impact,T1499.002,4,2,0.8113,0.9925,0.0,986.94,3084.17,0.9663,24,75,0.8219,1.7249,1.261,0.1351,1.6663,0,2,0,0,0,0,0.3184,41.12,14.74,62.83,9006.87,8935.77,0,0.0305,1.6125,0,0
2026-09-09T15:23:39.992802+00:00,dos_slowloris_v1,dos_slowloris_v1__run_001,impact,T1499.002,3,2,0.9183,1.0,0.0,700.32,2217.67,0.9311,18,57,0.9714,1.4143,1.0252,0.1182,1.3797,0,2,0,0,0,0,0.311,38.91,10.19,51.43,9070.7,8436.9,0,0.0343,0.8336,0,0
2026-09-09T15:23:44.992802+00:00,dos_slowloris_v1,dos_slowloris_v1__run_001,impact,T1499.002,5,2,0.7219,1.0,0.0003,1452.31,2832.01,0.9327,40,78,1.4189,2.1967,1.3316,0.1022,1.6382,0,3,0,0,0,0,0.5107,36.31,12.96,59.36,9840.75,6238.67,0,0.0048,1.2693,0,0
2026-09-09T15:23:49.992802+00:00,dos_slowloris_v1,dos_slowloris_v1__run_001,impact,T1499.002,6,2,1.0,0.9721,0.0299,758.5,1938.39,0.8522,18,46,1.5076,3.1032,1.2279,0.081,1.4709,0,4,0,0,0,0,0.3837,42.14,7.37,52.07,6306.14,5970.12,0,0.0227,0.5684,0,0
2026-09-09T15:23:54.992802+00:00,dos_slowloris_v1,dos_slowloris_v1__run_001,impact,T1499.002,5,2,0.7219,0.9873,0.0099,433.89,954.55,0.9433,10,22,1.4835,2.8191,1.2336,0.1132,1.5733,0,3,0,0,0,0,0.4471,43.39,6.22,48.57,6530.14,7707.4,0,0.0,0.8057,0,0
2026-09-09T15:23:59.992802+00:00,dos_slowloris_v1,dos_slowloris_v1__run_001,impact,T1499.002,5,2,0.971,1.0,0.0,2439.26,8249.15,0.8392,55,186,1.3764,3.7185,1.1857,0.126,1.5638,0,3,0,0,0,0,0.2946,44.35,11.55,60.56,5883.46,7023.52,0,0.0,1.0601,0,0
2026-09-09T15:24:04.992802+00:00,dos_slowloris_v1,dos_slowloris_v1__run_001,impact,T1499.002,4,2,1.0,0.962,0.0502,990.04,2310.08,0.921,24,56,1.6396,4.5363,1.2371,0.1852,1.7925,0,2,0,0,0,0,0.4236,41.25,11.56,61.25,9578.08,7138.61,0,0.0003,1.0606,0,0
2026-09-09T15:24:09.992802+00:00,dos_slowloris_v1,dos_slowloris_v1__run_001,impact,T1499.002,2,1,-0.0,1.0,0.0086,461.79,923.59,0.9559,14,28,1.1301,2.0406,1.2592,0.1605,1.7408,0,1,0,0,0,0,0.4986,32.99,9.14,42.12,7424.06,9558.07,0,0.0395,1.1477,0,0
2026-09-09T15:24:14.992802+00:00,dos_slowloris_v1,dos_slowloris_v1__run_001,impact,T1499.002,4,2,0.8113,1.0,0.0,1051.12,3453.68,0.9437,28,92,1.5226,4.443,1.3007,0.1856,1.8574,0,2,0,0,0,0,0.3028,37.54,9.3,53.08,8543.18,8201.16,0,0.0399,1.0343,0,0
2026-09-09T15:24:19.992802+00:00,dos_slowloris_v1,dos_slowloris_v1__run_001,impact,T1499.002,5,2,0.971,0.9797,0.0187,583.56,1283.84,0.8914,15,33,1.7403,2.7807,1.1879,0.1682,1.6926,0,3,0,0,0,0,0.4456,38.9,11.95,57.81,8171.54,7302.23,0,0.0298,0.717,0,0
2026-09-09T15:24:24.992802+00:00,dos_slowloris_v1,dos_slowloris_v1__run_001,impact,T1499.002,5,2,0.971,1.0,0.0,1884.86,5202.22,0.8783,50,138,1.6291,3.5815,1.1292,0.1416,1.554,0,3,0,0,0,0,0.3604,37.7,15.52,67.55,8423.9,7746.56,0,0.0619,1.1352,0,0
2026-09-09T15:24:29.992802+00:00,dos_slowloris_v1,dos_slowloris_v1__run_001,impact,T1499.002,5,2,0.971,1.0,0.0066,1066.41,2431.42,0.8992,25,57,0.7177,1.2366,1.0505,0.1283,1.4354,0,3,0,0,0,0,0.4349,42.66,6.83,54.7,8329.19,8074.91,0,0.0,1.7692,0,0
2026-09-09T15:24:34.992802+00:00,dos_slowloris_v1,dos_slowloris_v1__run_001,impact,T1499.002,3,2,0.9183,1.0,0.0,829.81,1975.74,0.9388,21,50,1.16,3.1444,1.2112,0.1723,1.728,0,2,0,0,0,0,0.4154,39.51,13.02,54.85,9736.88,7731.91,0,0.0,1.2348,0,0
2026-09-09T15:24:39.992802+00:00,dos_slowloris_v1,dos_slowloris_v1__run_001,impact,T1499.002,4,2,0.8113,1.0,0.024,1331.87,2854.01,0.9259,28,60,1.7535,3.5126,1.164,0.166,1.6619,0,2,0,0,0,0,0.4637,47.57,25.84,89.51,7419.93,9635.07,0,0.0288,0.9326,0,0
2026-09-09T15:24:44.992802+00:00,dos_slowloris_v1,dos_slowloris_v1__run_001,impact,T1499.002,4,2,0.8113,1.0,0.0,593.38,1705.97,0.869,16,46,1.0657,2.5361,1.2945,0.0778,1.5278,0,2,0,0,0,0,0.3452,37.09,6.71,48.66,7284.71,6783.64,0,0.0,0.2312,0,0
2026-09-09T15:24:49.992802+00:00,dos_slowloris_v1,dos_slowloris_v1__run_001,impact,T1499.002,6,2,0.65,0.927,0.0716,263.47,658.67,0.8495,6,15,1.0941,1.727,1.4337,0.1713,1.9476,0,4,0,0,0,0,0.3783,43.91,22.34,88.27,9256.17,8368.35,0,0.0,1.5282,0,0
2026-09-09T15:24:54.992802+00:00,dos_slowloris_v1,dos_slowloris_v1__run_001,impact,T1499.002,5,2,0.971,0.9841,0.0045,1224.92,3037.8,0.8627,25,62,0.6475,0.8515,1.0917,0.0815,1.3362,0,3,0,0,0,0,0.3998,49.0,19.93,88.11,7624.57,7588.15,0,0.0,0.0,0,0
2026-09-09T15:24:59.992802+00:00,dos_slowloris_v1,dos_slowloris_v1__run_001,impact,T1499.002,2,2,1.0,1.0,0.032,364.58,865.87,0.9574,8,19,1.3427,3.0458,1.2292,0.1304,1.6204,0,1,0,0,0,0,0.4109,45.57,11.8,57.37,8226.92,8201.95,0,0.0242,0.7875,0,0
2026-09-09T15:25:04.992802+00:00,dos_slowloris_v1,dos_slowloris_v1__run_001,impact,T1499.002,6,2,1.0,1.0,0.0124,1477.73,9288.59,0.9288,42,264,1.2034,3.3483,1.1104,0.111,1.4434,0,4,0,0,0,0,0.1587,35.18,8.59,46.21,8757.21,9418.19,0,0.0411,1.5065,0,0
2026-09-09T15:25:09.992802+00:00,dos_slowloris_v1,dos_slowloris_v1__run_001,impact,T1499.002,1,1,-0.0,1.0,0.0,110.21,352.69,0.8944,5,16,0.9482,2.7548,1.3289,0.1576,1.8017,0,0,0,0,0,0,0.2967,22.04,0.0,22.04,8798.57,7066.81,0,0.0,1.47,0,0
2026-09-09T15:25:14.992802+00:00,dos_slowloris_v1,dos_slowloris_v1__run_001,impact,T1499.002,3,2,0.9183,0.9982,0.0242,1404.3,2480.93,0.8361,30,53,0.9985,2.6378,1.2335,0.1843,1.7865,0,2,0,0,0,0,0.5593,46.81,15.36,68.23,8522.6,7315.98,0,0.0745,0.8009,0,0
2026-09-09T15:25:19.992802+00:00,dos_slowloris_v1,dos_slowloris_v1__run_001,impact,T1499.002,6,2,1.0,0.9006,0.0769,1109.99,2034.97,0.8299,24,44,1.737,4.8927,1.1616,0.1235,1.5319,0,4,0,0,0,0,0.5374,46.25,10.41,68.52,7742.92,10126.27,0,0.0123,0.9824,0,0
2026-09-09T15:25:24.992802+00:00,dos_slowloris_v1,dos_slowloris_v1__run_001,impact,T1499.002,1,1,-0.0,1.0,0.0,569.29,1802.74,0.9014,12,38,0.8867,2.278,1.3564,0.1489,1.8031,0,0,0,0,0,0,0.3122,47.44,0.0,47.44,8512.87,8294.53,0,0.0771,0.0,0,0
2026-09-09T15:25:29.992802+00:00,dos_slowloris_v1,dos_slowloris_v1__run_001,impact,T1499.002,5,2,0.971,0.9868,0.0241,1299.7,2859.34,0.8245,35,77,1.3279,3.6133,1.2352,0.1709,1.7478,0,3,0,0,0,0,0.4528,37.13,8.17,48.27,8191.05,9299.72,0,0.0053,1.7205,0,0
2026-09-09T15:25:34.992802+00:00,dos_slowloris_v1,dos_slowloris_v1__run_001,impact,T1499.002,1,1,-0.0,1.0,0.0,267.34,1260.33,0.8969,7,33,1.7465,5.137,1.3088,0.1526,1.7666,0,0,0,0,0,0,0.2062,38.19,0.0,38.19,9214.92,8802.46,0,0.0061,0.905,0,0
2026-09-09T15:25:39.992802+00:00,dos_slowloris_v1,dos_slowloris_v1__run_001,impact,T1499.002,3,2,0.9183,0.9607,0.0365,188.0,407.34,0.9452,6,13,1.5235,2.3308,1.1488,0.1622,1.6354,0,2,0,0,0,0,0.4321,31.33,2.37,34.27,7753.96,9165.35,0,0.0,0.895,0,0
2026-09-09T15:25:44.992802+00:00,dos_slowloris_v1,dos_slowloris_v1__run_001,impact,T1499.002,7,2,0.8631,0.9915,0.0,1064.98,3423.15,0.8651,28,90,1.5692,4.0567,1.5005,0.1845,2.0541,1,4,0,0,0,0,0.3101,38.03,9.49,52.76,8222.9,9061.67,0,0.0216,0.6567,0,0
2026-09-09T15:25:49.992802+00:00,dos_slowloris_v1,dos_slowloris_v1__run_001,impact,T1499.002,6,2,1.0,0.9955,0.0,2879.19,8569.01,0.8874,84,250,1.0529,1.8211,1.1028,0.0582,1.2773,0,3,0,0,0,0,0.3359,34.28,16.07,63.41,6838.93,8941.52,0,0.0096,1.0944,0,0
2026-09-09T15:25:54.992802+00:00,dos_slowloris_v1,dos_slowloris_v1__run_001,impact,T1499.002,5,2,0.971,1.0,0.0,1969.29,4501.24,0.7918,35,80,1.33,2.6185,1.2304,0.1032,1.54,0,3,0,0,0,0,0.4363,56.27,19.77,68.78,8970.21,8527.93,0,0.0,0.5634,0,0
2026-09-09T15:25:59.992802+00:00,dos_slowloris_v1,dos_slowloris_v1__run_001,impact,T1499.002,1,1,-0.0,0.9156,0.0921,388.99,777.98,0.8786,8,16,1.2389,3.1993,1.2432,0.1273,1.6251,0,0,0,0,0,0,0.4795,48.62,0.0,48.62,9044.12,8258.11,0,0.0,0.1634,0,0
2026-09-09T15:26:04.992802+00:00,dos_slowloris_v1,dos_slowloris_v1__run_001,impact,T1499.002,4,2,0.8113,0.9805,0.0017,877.24,1886.06,0.9213,20,43,1.3814,4.0302,1.267,0.1794,1.8053,0,2,0,0,0,0,0.4606,43.86,18.55,73.22,6583.91,9580.05,0,0.0407,1.3547,0,0
2026-09-09T15:26:09.992802+00:00,dos_slowloris_v1,dos_slowloris_v1__run_001,impact,T1499.002,4,2,0.8113,0.9935,0.0,919.68,2134.97,0.837,28,65,1.5291,3.7423,1.2431,0.1662,1.7417,0,2,0,0,0,0,0.4294,32.85,11.29,45.59,8223.56,7718.84,0,0.0267,0.7944,0,0
2026-09-09T15:26:14.992802+00:00,dos_slowloris_v1,dos_slowloris_v1__run_001,impact,T1499.002,5,2,0.971,1.0,0.0,1931.65,8112.95,0.9362,40,168,1.82,4.6465,1.17,0.1176,1.5227,0,3,0,0,0,0,0.2379,48.29,29.07,87.2,6416.3,7687.38,0,0.0067,0.728,0,0
2026-09-09T15:26:19.992802+00:00,dos_slowloris_v1,dos_slowloris_v1__run_001,impact,T1499.002,6,2,1.0,1.0,0.0135,1502.26,3004.52,0.8998,42,84,1.3252,3.893,1.4854,0.1034,1.7957,1,4,0,0,0,0,0.4943,35.77,6.89,47.88,8603.16,7556.99,0,0.0386,0.4842,0,0
2026-09-09T15:26:24.992802+00:00,dos_slowloris_v1,dos_slowloris_v1__run_001,impact,T1499.002,1,1,-0.0,0.9561,0.0543,330.63,1033.22,0.9692,8,25,1.7158,2.9529,1.1911,0.1365,1.6005,0,0,0,0,0,0,0.3113,41.33,0.0,41.33,7665.83,9210.77,0,0.0111,0.8703,0,0
2026-09-09T15:26:29.992802+00:00,dos_slowloris_v1,dos_slowloris_v1__run_001,impact,T1499.002,4,2,0.8113,0.9946,0.0,627.84,1444.04,0.915,20,46,1.7256,5.0619,1.35,0.1745,1.8734,0,2,0,0,0,0,0.4294,31.39,9.52,42.07,7138.47,8558.73,0,0.0234,1.6085,0,0
2026-09-09T15:26:34.992802+00:00,dos_slowloris_v1,dos_slowloris_v1__run_001,impact,T1499.002,4,2,0.8113,1.0,0.0094,343.7,558.51,0.8968,8,13,1.2285,2.5131,1.3454,0.1112,1.679,0,2,0,0,0,0,0.5976,42.96,6.16,50.83,7855.81,6770.39,0,0.0292,1.3074,0,1
2026-09-09T15:26:39.992802+00:00,dos_slowloris_v1,dos_slowloris_v1__run_001,impact,T1499.002,2,2,1.0,0.9978,0.0147,689.07,1607.83,0.9482,12,28,1.6331,2.2743,1.2315,0.1312,1.6251,0,1,0,0,0,0,0.4244,57.42,2.76,60.19,6067.36,8872.54,0,0.051,1.1025,0,0
2026-09-09T15:26:44.992802+00:00,dos_slowloris_v1,dos_slowloris_v1__run_001,impact,T1499.002,9,2,0.9911,1.0,0.0,4059.93,18208.16,0.8248,99,444,1.0304,2.6597,1.3261,0.1197,1.6853,1,6,0,0,0,0,0.2228,41.01,21.72,92.48,7484.34,8150.33,0,0.0543,1.2152,0,0
2026-09-09T15:26:49.992802+00:00,dos_slowloris_v1,dos_slowloris_v1__run_001,impact,T1499.002,4,2,1.0,0.9858,0.034,701.59,1227.79,0.9334,20,35,1.2855,3.4486,1.3543,0.0896,1.6231,0,2,0,0,0,0,0.5706,35.08,14.97,56.94,6995.91,7533.02,0,0.0433,0.1051,0,0
2026-09-09T15:26:54.992802+00:00,dos_slowloris_v1,dos_slowloris_v1__run_001,impact,T1499.002,1,1,-0.0,0.9906,0.0328,233.31,554.1,0.8751,8,19,1.3098,1.9984,1.205,0.1151,1.5503,0,0,0,0,0,0,0.4153,29.16,0.0,29.16,7903.03,9556.86,0,0.0,0.4195,0,0
2026-09-09T15:26:59.992802+00:00,dos_slowloris_v1,dos_slowloris_v1__run_001,impact,T1499.002,3,2,0.9183,1.0,0.0,561.55,2433.37,0.8939,21,91,1.656,4.6291,1.2937,0.159,1.7706,0,2,0,0,0,0,0.2284,26.74,11.05,42.31,7093.91,9608.9,0,0.0525,0.5473,0,0
2026-09-09T15:27:04.992802+00:00,dos_slowloris_v1,dos_slowloris_v1__run_001,impact,T1499.002,1,1,-0.0,0.9352,0.069,232.93,499.14,0.9418,7,15,1.5803,4.2734,1.2952,0.0863,1.554,0,0,0,0,0,0,0.4555,33.28,0.0,33.28,8971.94,7412.53,0,0.0083,0.6598,0,0
2026-09-09T15:27:09.992802+00:00,dos_slowloris_v1,dos_slowloris_v1__run_001,impact,T1499.002,1,1,-0.0,1.0,0.0045,712.92,1283.25,1.0,10,18,1.907,2.3965,1.3571,0.1104,1.6883,0,0,0,0,0,0,0.5273,71.29,0.0,71.29,7657.83,8870.71,0,0.0,0.3779,0,0
2026-09-09T15:27:14.992802+00:00,dos_slowloris_v1,dos_slowloris_v1__run_001,impact,T1499.002,3,2,0.9183,1.0,0.0035,1028.21,2570.52,0.8629,18,45,1.4832,2.4106,1.2837,0.1823,1.8306,0,2,0,0,0,0,0.3988,57.12,10.81,68.44,7690.05,6399.17,0,0.0496,1.1638,0,0
2026-09-09T15:27:19.992802+00:00,dos_slowloris_v1,dos_slowloris_v1__run_001,impact,T1499.002,8,2,0.8113,0.9498,0.0754,2081.98,5139.9,0.9129,64,158,1.1054,1.5227,1.3251,0.1623,1.8121,1,5,0,0,0,0,0.4045,32.53,10.77,47.26,9265.76,9554.79,0,0.0184,0.8767,0,0
2026-09-09T15:27:24.992802+00:00,dos_slowloris_v1,dos_slowloris_v1__run_001,impact,T1499.002,3,1,-0.0,1.0,0.0311,480.88,1643.02,0.8596,12,41,1.4063,3.646,1.3434,0.1114,1.6777,0,2,0,0,0,0,0.2883,40.07,5.95,47.39,8124.85,8908.59,0,0.0,1.0066,0,0
2026-09-09T15:27:29.992802+00:00,dos_slowloris_v1,dos_slowloris_v1__run_001,impact,T1499.002,2,2,1.0,0.9936,0.0134,380.02,902.55,0.9058,8,19,0.9417,1.3436,1.1077,0.1519,1.5635,0,1,0,0,0,0,0.4019,47.5,10.92,58.42,9274.05,7467.97,0,0.0,1.0352,0,0
2026-09-09T15:27:34.992802+00:00,dos_slowloris_v1,dos_slowloris_v1__run_001,impact,T1499.002,3,2,0.9183,0.98,0.0206,787.38,2952.69,0.8713,24,90,0.6545,1.5943,1.6059,0.1615,2.0904,0,2,0,0,0,0,0.2643,32.81,3.63,35.47,8414.64,8446.24,0,0.0,0.217,0,0
2026-09-09T15:27:39.992802+00:00,dos_slowloris_v1,dos_slowloris_v1__run_001,impact,T1499.002,3,2,0.9183,1.0,0.0,1427.88,9400.23,0.9982,24,158,1.9724,5.7402,1.3127,0.1483,1.7577,0,2,0,0,0,0,0.1515,59.5,26.28,82.43,8336.15,7714.41,0,0.0,0.4057,0,0
2026-09-09T15:27:44.992802+00:00,dos_slowloris_v1,dos_slowloris_v1__run_001,impact,T1499.002,0,0,0.0,1.0,0.0368,0.0,0.0,0.8127,0,0,1.6543,2.0766,1.0781,0.1396,1.4971,0,0,0,0,0,0,0.3671,46.32,0.0,46.32,9775.1,9452.75,0,0.0102,1.0018,0,0
2026-09-09T15:27:49.992802+00:00,dos_slowloris_v1,dos_slowloris_v1__run_001,impact,T1499.002,0,0,0.0,1.0,0.0212,0.0,0.0,0.8696,0,0,1.5247,2.7656,1.1758,0.1714,1.6901,0,0,0,0,0,0,0.3647,49.15,0.0,49.15,8019.08,8137.95,0,0.0,0.9196,0,0
2026-09-09T15:27:54.992802+00:00,dos_slowloris_v1,dos_slowloris_v1__run_001,impact,T1499.002,3,1,-0.0,0.9701,0.0297,702.15,2730.6,0.8369,27,105,1.0995,2.8932,1.3249,0.1588,1.8012,0,2,0,0,0,0,0.2552,26.01,8.51,34.39,6521.48,9294.49,0,0.04,1.662,0,0
2026-09-09T15:27:59.992802+00:00,dos_slowloris_v1,dos_slowloris_v1__run_001,impact,T1499.002,4,2,1.0,1.0,0.0,1127.9,4173.22,0.8776,20,74,0.8658,1.7238,1.5157,0.0829,1.7645,0,2,0,0,0,0,0.2697,56.39,28.64,105.86,11636.98,10756.54,0,0.0665,0.0654,0,0
2026-09-09T15:28:04.992802+00:00,dos_slowloris_v1,dos_slowloris_v1__run_001,impact,T1499.002,9,2,0.9183,1.0,0.0082,2119.32,6169.59,0.8688,45,131,0.9605,1.2851,1.0363,0.109,1.3634,1,6,0,0,0,0,0.3429,47.1,16.25,70.51,9215.01,6719.57,0,0.0225,1.5365,0,0
2026-09-09T15:28:09.992802+00:00,dos_slowloris_v1,dos_slowloris_v1__run_001,impact,T1499.002,8,2,0.9544,0.9639,0.0327,2797.35,10009.28,0.9177,64,229,1.5378,4.1756,1.0679,0.061,1.251,1,5,0,0,0,0,0.2792,43.71,12.78,66.83,9062.28,7763.79,0,0.0,0.6352,0,0
2026-09-09T15:28:14.992802+00:00,dos_slowloris_v1,dos_slowloris_v1__run_001,impact,T1499.002,6,2,0.65,1.0,0.0,542.45,1235.58,1.0,18,41,0.8687,1.9101,1.1166,0.0938,1.3981,0,4,0,0,0,0,0.4361,30.14,7.04,41.11,7637.96,10841.26,0,0.0,1.0757,0,1
2026-09-09T15:28:19.992802+00:00,dos_slowloris_v1,dos_slowloris_v1__run_001,impact,T1499.002,3,2,0.9183,1.0,0.0031,464.15,1206.79,0.9088,15,39,1.4736,3.0863,1.1023,0.0702,1.3129,0,2,0,0,0,0,0.3788,30.94,10.98,39.11,8408.28,8100.51,0,0.0,0.5398,0,0
2026-09-09T15:28:24.992802+00:00,dos_slowloris_v1,dos_slowloris_v1__run_001,impact,T1499.002,2,1,-0.0,1.0,0.0098,647.43,2086.15,0.9316,18,58,1.663,4.9198,1.0398,0.1298,1.4291,0,1,0,0,0,0,0.3081,35.97,4.47,40.44,7920.38,8240.88,0,0.0,1.2828,0,0
2026-09-09T15:28:29.992802+00:00,dos_slowloris_v1,dos_slowloris_v1__run_001,impact,T1499.002,4,2,1.0,0.9877,0.0278,1060.08,1703.7,0.9496,28,45,0.9524,1.4986,0.948,0.1128,1.2865,0,2,0,0,0,0,0.6153,37.86,7.64,47.16,8426.08,8803.58,0,0.0282,1.2354,0,0
2026-09-09T15:28:34.992802+00:00,dos_slowloris_v1,dos_slowloris_v1__run_001,impact,T1499.002,4,2,0.8113,1.0,0.0104,344.24,745.84,0.8709,12,26,1.5704,2.3461,1.4377,0.1558,1.9052,0,2,0,0,0,0,0.4487,28.69,4.28,35.48,7667.19,10576.42,0,0.0422,0.6118,0,0
2026-09-09T15:28:39.992802+00:00,dos_slowloris_v1,dos_slowloris_v1__run_001,impact,T1499.002,3,2,0.9183,1.0,0.0224,1163.12,2843.18,1.0,27,66,1.366,2.0686,1.0052,0.1293,1.3932,0,2,0,0,0,0,0.4037,43.08,21.67,72.62,6424.62,8706.43,0,0.0225,2.061,0,0
2026-09-09T15:28:44.992802+00:00,dos_slowloris_v1,dos_slowloris_v1__run_001,impact,T1499.002,7,2,0.8631,1.0,0.0004,1074.6,2840.01,0.9192,28,74,0.8441,2.2806,1.1587,0.134,1.5607,0,4,0,0,0,0,0.3765,38.38,11.09,54.13,8171.22,10223.0,0,0.0,0.8753,0,0
2026-09-09T15:28:49.992802+00:00,dos_slowloris_v1,dos_slowloris_v1__run_001,impact,T1499.002,3,1,-0.0,0.9961,0.0,587.83,2978.33,0.8967,15,76,1.4332,2.1898,1.1329,0.0946,1.4168,0,2,0,0,0,0,0.1952,39.19,7.36,47.74,7815.6,7309.66,0,0.0303,0.0,0,1
2026-09-09T15:28:54.992802+00:00,dos_slowloris_v1,dos_slowloris_v1__run_001,impact,T1499.002,1,1,-0.0,0.9575,0.0671,131.48,350.61,0.7979,6,16,1.0292,2.5152,1.1342,0.0571,1.3054,0,0,0,0,0,0,0.3531,21.91,0.0,21.91,9620.58,7403.09,0,0.0339,0.2404,0,0
2026-09-09T15:28:59.992802+00:00,dos_slowloris_v1,dos_slowloris_v1__run_001,impact,T1499.002,6,2,0.9183,0.9577,0.0379,2365.18,4949.37,0.8789,54,113,0.9479,2.2699,1.3799,0.1213,1.7437,0,4,0,0,0,0,0.4745,43.8,18.92,80.88,9374.35,9801.48,0,0.0035,1.8708,0,0
2026-09-09T15:29:04.992802+00:00,dos_slowloris_v1,dos_slowloris_v1__run_001,impact,T1499.002,4,2,0.8113,0.9891,0.0114,920.12,2415.31,0.9146,16,42,1.8672,3.2163,1.1551,0.1328,1.5534,0,2,0,0,0,0,0.3767,57.51,24.23,97.34,7663.24,7872.19,0,0.0711,0.7634,0,1
2026-09-09T15:29:09.992802+00:00,dos_slowloris_v1,dos_slowloris_v1__run_001,impact,T1499.002,7,2,0.9852,1.0,0.0,2809.74,7403.44,0.9513,63,166,0.8785,2.5891,1.1996,0.1069,1.5202,0,4,0,0,0,0,0.3779,44.6,10.8,57.14,7738.29,8864.59,0,0.0021,1.4078,0,0
2026-09-09T15:29:14.992802+00:00,dos_slowloris_v1,dos_slowloris_v1__run_001,impact,T1499.002,6,2,0.65,0.9701,0.0213,1601.87,3051.18,0.9196,42,80,0.7964,2.2661,1.3064,0.1553,1.7723,0,4,0,0,0,0,0.5191,38.14,21.98,84.46,8404.4,7276.86,0,0.0107,1.3834,0,0
2026-09-09T15:29:19.992802+00:00,dos_slowloris_v1,dos_slowloris_v1__run_001,impact,T1499.002,6,1,-0.0,0.9943,0.0081,1250.31,3500.86,0.8664,30,84,1.0262,2.9664,1.3449,0.0891,1.6121,0,4,0,0,0,0,0.3548,41.68,13.83,61.35,6880.66,7404.77,0,0.0,2.1387,0,0
2026-09-09T15:29:24.992802+00:00,dos_slowloris_v1,dos_slowloris_v1__run_001,impact,T1499.002,7,2,0.9852,1.0,0.0,1773.39,4017.27,0.8311,49,111,1.0108,2.6479,1.3922,0.1848,1.9465,0,4,0,0,0,0,0.4393,36.19,17.41,70.84,6667.62,7716.12,0,0.003,1.228,0,0
2026-09-09T15:29:29.992802+00:00,dos_slowloris_v1,dos_slowloris_v1__run_001,impact,T1499.002,4,2,1.0,1.0,0.0322,777.37,2876.26,0.8292,20,74,0.6778,1.5303,1.3319,0.1742,1.8545,0,2,0,0,0,0,0.2692,38.87,7.85,47.32,7477.48,9747.34,0,0.0117,1.1731,0,1
2026-09-09T15:29:34.992802+00:00,dos_slowloris_v1,dos_slowloris_v1__run_001,impact,T1499.002,5,2,0.971,0.9655,0.0691,829.87,1867.2,0.8803,20,45,1.6564,2.9484,1.1517,0.0699,1.3614,0,3,0,0,0,0,0.4369,41.49,10.62,61.19,10231.32,7747.89,0,0.0,1.0505,0,0
2026-09-09T15:29:39.992802+00:00,dos_slowloris_v1,dos_slowloris_v1__run_001,impact,T1499.002,2,2,1.0,0.9428,0.0684,626.79,3190.92,1.0,22,112,1.5416,1.872,1.2063,0.0661,1.4046,0,1,0,0,0,0,0.1954,28.49,5.24,33.73,9883.55,7815.39,0,0.065,0.4118,0,0
2026-09-09T15:29:44.992802+00:00,dos_slowloris_v1,dos_slowloris_v1__run_001,impact,T1499.002,5,2,0.971,1.0,0.0464,793.15,2379.46,1.0,20,60,1.8959,3.9459,1.3649,0.078,1.5989,0,3,0,0,0,0,0.3308,39.66,12.85,65.13,7768.34,9303.92,0,0.0322,1.5127,0,0
2026-09-09T15:29:49.992802+00:00,dos_slowloris_v1,dos_slowloris_v1__run_001,impact,T1499.002,2,1,-0.0,1.0,0.002,198.74,447.16,0.9096,4,9,0.7555,1.1339,1.1502,0.1309,1.5428,0,1,0,0,0,0,0.4373,49.68,10.41,60.09,7108.73,8802.42,0,0.0,0.7101,0,0
2026-09-09T15:29:54.992802+00:00,dos_slowloris_v1,dos_slowloris_v1__run_001,impact,T1499.002,2,2,1.0,1.0,0.0085,364.33,801.52,0.8971,10,22,1.0478,2.9196,1.3236,0.1037,1.6348,0,1,0,0,0,0,0.4355,36.43,14.24,50.67,8564.55,8295.4,0,0.0156,1.2947,0,0
2026-09-09T15:29:59.992802+00:00,dos_slowloris_v1,dos_slowloris_v1__run_001,impact,T1499.002,1,1,-0.0,0.9789,0.0554,328.1,656.2,0.7919,6,12,1.4043,3.4569,1.0651,0.0902,1.3356,0,0,0,0,0,0,0.4692,54.68,0.0,54.68,7273.26,10444.21,0,0.0,1.7834,0,0
2026-09-09T15:30:04.992802+00:00,dos_slowloris_v1,dos_slowloris_v1__run_001,impact,T1499.002,2,2,1.0,0.9417,0.0852,329.21,1053.47,0.8888,10,32,0.6885,1.2674,1.2204,0.1217,1.5856,0,1,0,0,0,0,0.3109,32.92,6.25,39.17,8618.8,8117.7,0,0.0307,1.3553,0,0
2026-09-09T15:30:09.992802+00:00,dos_slowloris_v1,dos_slowloris_v1__run_001,impact,T1499.002,4,2,0.8113,1.0,0.0183,453.43,1284.73,0.8938,12,34,1.6828,4.2963,1.4917,0.2177,2.1447,0,2,0,0,0,0,0.3439,37.79,10.61,53.64,9403.67,8277.68,0,0.02,0.0054,0,1
2026-09-09T15:30:14.992802+00:00,dos_slowloris_v1,dos_slowloris_v1__run_001,impact,T1499.002,3,2,0.9183,1.0,0.0,289.84,805.11,0.8916,9,25,0.9036,1.9283,1.2476,0.1689,1.7543,0,2,0,0,0,0,0.3512,32.2,5.91,38.51,7821.2,8798.47,0,0.0,1.3284,0,0
2026-09-09T15:30:19.992802+00:00,dos_slowloris_v1,dos_slowloris_v1__run_001,impact,T1499.002,5,2,0.971,1.0,0.0,1674.03,5213.41,0.8949,35,109,1.0968,2.1964,1.2739,0.1849,1.8284,0,3,0,0,0,0,0.319,47.83,23.63,84.58,8634.6,7402.26,0,0.03,1.0677,0,0
2026-09-09T15:30:24.992802+00:00,dos_slowloris_v1,dos_slowloris_v1__run_001,impact,T1499.002,4,2,1.0,1.0,0.0215,1155.96,4009.72,0.957,32,111,1.3769,2.7223,1.0933,0.0766,1.323,0,2,0,0,0,0,0.2872,36.12,5.64,41.57,7479.39,7776.5,0,0.0298,0.2587,0,0
2026-09-09T15:30:29.992802+00:00,dos_slowloris_v1,dos_slowloris_v1__run_001,impact,T1499.002,6,2,0.9183,1.0,0.0,2169.59,6237.59,0.9637,48,138,1.5444,2.2692,1.1603,0.106,1.4782,0,4,0,0,0,0,0.3459,45.2,15.42,65.5,8467.88,7264.1,0,0.0024,1.0681,0,0
2026-09-09T15:30:34.992802+00:00,dos_slowloris_v1,dos_slowloris_v1__run_001,impact,T1499.002,5,2,0.971,0.9706,0.0067,1636.32,4213.52,0.804,40,103,1.7819,2.2729,1.3528,0.1678,1.8561,0,3,0,0,0,0,0.387,40.91,14.69,66.4,8602.02,8312.42,0,0.0214,1.4781,0,0
2026-09-09T15:30:39.992802+00:00,dos_slowloris_v1,dos_slowloris_v1__run_001,impact,T1499.002,4,2,0.8113,0.9695,0.0,464.04,734.73,0.851,12,19,0.8428,2.2553,1.0642,0.0906,1.336,0,2,0,0,0,0,0.6302,38.67,17.55,68.32,8499.66,8545.63,0,0.0338,1.1083,0,0
2026-09-09T15:30:44.992802+00:00,dos_slowloris_v1,dos_slowloris_v1__run_001,impact,T1499.002,4,2,1.0,0.9651,0.0481,1056.53,2452.65,0.879,28,65,1.555,3.7044,1.0259,0.1444,1.4591,0,2,0,0,0,0,0.429,37.73,13.02,59.5,6632.14,8228.48,0,0.0156,0.7467,0,1
2026-09-09T15:30:49.992802+00:00,dos_slowloris_v1,dos_slowloris_v1__run_001,impact,T1499.002,1,1,-0.0,1.0,0.0,170.51,511.54,0.878,3,9,0.6267,0.9686,1.1428,0.0782,1.3773,0,0,0,0,0,0,0.322,56.84,0.0,56.84,8607.83,7255.6,0,0.0144,1.049,0,0
2026-09-09T15:30:54.992802+00:00,dos_slowloris_v1,dos_slowloris_v1__run_001,impact,T1499.002,4,1,-0.0,1.0,0.0,510.43,1850.31,0.9822,16,58,1.2581,2.3987,1.3417,0.1726,1.8595,0,2,0,0,0,0,0.2734,31.9,12.61,51.66,8962.76,8287.86,0,0.0,1.638,0,0
2026-09-09T15:30:59.992802+00:00,dos_slowloris_v1,dos_slowloris_v1__run_001,impact,T1499.002,5,2,0.971,0.9828,0.0356,856.0,1326.81,0.99,20,31,1.023,1.7993,1.2342,0.0671,1.4353,0,3,0,0,0,0,0.6266,42.8,17.48,67.65,8230.26,8825.5,0,0.0,0.7049,0,0
2026-09-09T15:31:04.992802+00:00,dos_slowloris_v1,dos_slowloris_v1__run_001,impact,T1499.002,6,2,0.9183,1.0,0.0395,2094.75,4344.66,0.9067,54,112,1.0895,1.8964,1.2152,0.0812,1.4589,1,4,0,0,0,0,0.4786,38.79,9.79,50.05,6840.02,9792.74,0,0.0256,0.9487,0,0
2026-09-09T15:31:09.992802+00:00,dos_slowloris_v1,dos_slowloris_v1__run_001,impact,T1499.002,3,1,-0.0,1.0,0.0,896.16,2655.3,0.8916,27,80,1.8758,5.3117,1.1887,0.1164,1.5379,0,2,0,0,0,0,0.3346,33.19,9.79,46.49,7329.05,7679.2,0,0.0,2.0862,0,0
2026-09-09T15:31:14.992802+00:00,dos_slowloris_v1,dos_slowloris_v1__run_001,impact,T1499.002,3,1,-0.0,0.9712,0.0664,361.96,643.48,0.919,9,16,0.9667,1.3437,1.0478,0.0993,1.3457,0,2,0,0,0,0,0.5347,40.22,12.09,56.0,9246.61,8117.66,0,0.0378,0.5792,0,0
2026-09-09T15:31:19.992802+00:00,dos_slowloris_v1,dos_slowloris_v1__run_001,impact,T1499.002,5,2,0.971,0.9948,0.0119,285.8,771.67,0.8838,10,27,1.1765,1.4801,1.271,0.1827,1.819,0,3,0,0,0,0,0.3587,28.58,5.9,38.11,10035.56,8580.39,0,0.0108,1.8613,0,0
2026-09-09T15:31:24.992802+00:00,dos_slowloris_v1,dos_slowloris_v1__run_001,impact,T1499.002,3,1,-0.0,0.9767,0.0186,954.95,1644.63,0.8854,18,31,1.6028,2.0667,1.0587,0.0708,1.271,0,2,0,0,0,0,0.5698,53.05,10.79,61.39,10315.79,7316.54,0,0.0,1.047,0,0
2026-09-09T15:31:29.992802+00:00,dos_slowloris_v1,dos_slowloris_v1__run_001,impact,T1499.002,3,2,0.9183,0.9856,0.0,861.96,2421.69,0.9428,21,59,1.1638,3.4494,1.138,0.1369,1.5486,0,2,0,0,0,0,0.3505,41.05,8.14,52.39,5995.66,8230.06,0,0.0591,1.4354,0,0
2026-09-09T15:31:34.992802+00:00,dos_slowloris_v1,dos_slowloris_v1__run_001,impact,T1499.002,1,1,-0.0,0.9676,0.0381,465.62,1130.78,0.8485,14,34,0.8468,2.0439,1.4838,0.1046,1.7977,0,0,0,0,0,0,0.4057,33.26,0.0,33.26,9323.6,8784.51,0,0.0316,0.5983,0,0
2026-09-09T15:31:39.992802+00:00,dos_slowloris_v1,dos_slowloris_v1__run_001,impact,T1499.002,6,2,0.9183,1.0,0.0107,731.29,2772.82,0.8964,24,91,1.7081,4.8739,1.5231,0.0913,1.7971,1,4,0,0,0,0,0.2623,30.47,12.1,44.92,7596.03,7055.91,0,0.0119,1.1115,0,0
2026-09-09T15:31:44.992802+00:00,dos_slowloris_v1,dos_slowloris_v1__run_001,impact,T1499.002,6,2,0.9183,1.0,0.0,1298.0,3245.0,0.9505,24,60,1.6312,2.6222,1.292,0.0929,1.5707,0,4,0,0,0,0,0.3964,54.08,24.17,102.51,8190.41,8188.58,0,0.0177,1.3774,0,0
2026-09-09T15:31:49.992802+00:00,dos_slowloris_v1,dos_slowloris_v1__run_001,impact,T1499.002,3,1,-0.0,1.0,0.0,1455.52,4851.72,0.9125,33,110,1.1521,2.8096,1.4426,0.1522,1.8992,0,2,0,0,0,0,0.2976,44.11,7.56,53.06,9267.24,8505.66,0,0.0092,1.4695,0,0
2026-09-09T15:31:54.992802+00:00,dos_slowloris_v1,dos_slowloris_v1__run_001,impact,T1499.002,5,2,0.7219,1.0,0.0011,873.94,2971.41,0.8932,20,68,1.8079,5.3236,1.3696,0.0999,1.6692,0,3,0,0,0,0,0.2938,43.7,20.16,83.26,7984.6,7084.59,0,0.0498,0.8444,0,0
2026-09-09T15:31:59.992802+00:00,dos_slowloris_v1,dos_slowloris_v1__run_001,impact,T1499.002,2,1,-0.0,0.938,0.0913,425.24,1027.66,0.8946,12,29,1.2567,2.3279,1.2213,0.1291,1.6085,0,1,0,0,0,0,0.4131,35.44,2.71,38.15,10415.54,6473.62,0,0.0,0.9781,0,0
2026-09-09T15:32:04.992802+00:00,dos_slowloris_v1,dos_slowloris_v1__run_001,impact,T1499.002,2,1,-0.0,0.9561,0.0588,253.65,697.53,0.8575,12,33,0.814,2.2935,1.2663,0.1893,1.8343,0,1,0,0,0,0,0.3566,21.14,6.1,27.23,7167.06,7431.39,0,0.0,0.9758,0,0
2026-09-09T15:32:09.992802+00:00,dos_slowloris_v1,dos_slowloris_v1__run_001,impact,T1499.002,1,1,-0.0,0.9433,0.0742,305.03,784.36,0.817,7,18,1.3683,2.2704,1.3851,0.142,1.8111,0,0,0,0,0,0,0.3764,43.58,0.0,43.58,8617.75,8293.05,0,0.0,2.1133,0,0
2026-09-09T15:32:14.992802+00:00,dos_slowloris_v1,dos_slowloris_v1__run_001,impact,T1499.002,4,1,-0.0,1.0,0.0,1234.3,2125.75,0.8638,36,62,1.6586,3.3696,1.0838,0.1418,1.509,0,2,0,0,0,0,0.5734,34.29,5.29,42.05,8309.45,8848.5,0,0.0374,0.8912,0,0
2026-09-09T15:32:19.992802+00:00,dos_slowloris_v1,dos_slowloris_v1__run_001,impact,T1499.002,2,2,1.0,1.0,0.0,646.55,1487.06,0.8659,10,23,0.7347,1.2267,1.2508,0.1222,1.6174,0,1,0,0,0,0,0.4322,64.65,4.63,69.29,9326.32,8446.07,0,0.017,1.163,0,0
2026-09-09T15:32:24.992802+00:00,dos_slowloris_v1,dos_slowloris_v1__run_001,impact,T1499.002,7,2,0.8631,0.9876,0.0019,2912.76,8447.02,0.8903,70,203,0.9985,2.8248,1.0099,0.0805,1.2514,1,4,0,0,0,0,0.344,41.61,17.04,79.12,7976.04,8354.75,0,0.0074,0.8664,0,0
2026-09-09T15:32:29.992802+00:00,dos_slowloris_v1,dos_slowloris_v1__run_001,impact,T1499.002,8,2,0.9544,1.0,0.0,2877.16,4915.15,0.8522,72,123,0.8829,1.8886,1.4577,0.0776,1.6905,1,5,0,0,0,0,0.5834,39.96,17.02,74.31,6897.84,6802.94,0,0.0,0.4219,0,0
2026-09-09T15:32:34.992802+00:00,dos_slowloris_v1,dos_slowloris_v1__run_001,impact,T1499.002,4,2,1.0,0.9881,0.0,582.41,1863.7,0.8706,20,64,1.476,1.9139,1.2885,0.0875,1.5509,0,2,0,0,0,0,0.3122,29.12,7.73,37.67,8561.75,9992.27,0,0.0558,0.8261,0,0
2026-09-09T15:32:39.992802+00:00,dos_slowloris_v1,dos_slowloris_v1__run_001,impact,T1499.002,5,2,0.971,1.0,0.0,388.49,893.54,0.9238,10,23,1.5933,3.8178,1.0547,0.0997,1.3537,0,3,0,0,0,0,0.4284,38.85,10.89,55.17,8829.55,8196.45,0,0.0138,0.8216,0,0
2026-09-09T15:32:44.992802+00:00,dos_slowloris_v1,dos_slowloris_v1__run_001,impact,T1499.002,3,2,0.9183,0.9712,0.0,487.97,1016.61,0.9174,12,25,0.8513,2.061,1.2125,0.1226,1.5802,0,2,0,0,0,0,0.4745,40.66,3.74,45.47,7569.69,7595.69,0,0.029,1.1029,0,0
2026-09-09T15:32:49.992802+00:00,dos_slowloris_v1,dos_slowloris_v1__run_001,impact,T1499.002,3,1,-0.0,0.9858,0.0097,747.54,1650.81,0.904,24,53,0.8943,1.5015,1.4838,0.1219,1.8495,0,2,0,0,0,0,0.4481,31.15,10.54,46.04,8192.79,8505.93,0,0.0159,0.8897,0,0
2026-09-09T15:32:54.992802+00:00,dos_slowloris_v1,dos_slowloris_v1__run_001,impact,T1499.002,5,2,0.971,0.9595,0.0464,409.57,1310.64,0.9311,10,32,1.8184,5.0647,1.1055,0.1282,1.49,0,3,0,0,0,0,0.3115,40.96,17.33,74.35,8547.86,7967.2,0,0.0,1.379,0,0
2026-09-09T15:32:59.992802+00:00,dos_slowloris_v1,dos_slowloris_v1__run_001,impact,T1499.002,2,1,-0.0,1.0,0.0019,843.78,1687.56,0.9213,18,36,0.6612,1.6241,1.2055,0.0703,1.4164,0,1,0,0,0,0,0.4881,46.88,8.15,55.02,8688.27,7505.74,0,0.0416,1.2255,0,0
2026-09-09T15:33:04.992802+00:00,dos_slowloris_v1,dos_slowloris_v1__run_001,impact,T1499.002,1,1,-0.0,0.9683,0.0184,183.63,1040.55,0.8246,6,34,1.4525,2.4874,1.2496,0.0968,1.54,0,0,0,0,0,0,0.1747,30.6,0.0,30.6,8325.03,9469.38,0,0.0157,0.7915,0,0
2026-09-09T15:33:09.992802+00:00,dos_slowloris_v1,dos_slowloris_v1__run_001,impact,T1499.002,2,2,1.0,1.0,0.0108,604.37,3097.38,0.8944,16,82,1.087,2.4801,1.1394,0.1465,1.5788,0,1,0,0,0,0,0.1941,37.77,4.36,42.13,8186.82,7929.83,0,0.01,0.8414,0,1
2026-09-09T15:33:14.992802+00:00,dos_slowloris_v1,dos_slowloris_v1__run_001,impact,T1499.002,5,2,0.971,1.0,0.0171,860.0,1834.67,0.8652,30,64,1.539,2.8871,1.2563,0.099,1.5533,0,3,0,0,0,0,0.4636,28.67,5.6,36.4,7809.54,8203.63,0,0.0492,1.1239,0,0
2026-09-09T15:33:19.992802+00:00,dos_slowloris_v1,dos_slowloris_v1__run_001,impact,T1499.002,3,2,0.9183,1.0,0.012,853.15,1421.92,0.8657,21,35,1.4615,3.5043,1.0721,0.1208,1.4344,0,2,0,0,0,0,0.5874,40.63,16.79,63.55,9523.74,7009.62,0,0.0154,0.6942,0,0
2026-09-09T15:33:24.992802+00:00,dos_slowloris_v1,dos_slowloris_v1__run_001,impact,T1499.002,1,1,-0.0,1.0,0.0,232.18,619.15,0.8418,6,16,1.7047,4.3404,1.271,0.0773,1.5028,0,0,0,0,0,0,0.3743,38.7,0.0,38.7,8113.63,8695.38,0,0.0531,1.8205,0,0
2026-09-09T15:33:29.992802+00:00,dos_slowloris_v1,dos_slowloris_v1__run_001,impact,T1499.002,3,2,0.9183,0.9607,0.0462,358.34,1045.15,0.9028,12,35,0.8471,1.5207,1.394,0.1141,1.7363,0,2,0,0,0,0,0.3345,29.86,5.36,34.51,9051.36,7459.52,0,0.0,0.8348,0,0
2026-09-09T15:33:34.992802+00:00,dos_slowloris_v1,dos_slowloris_v1__run_001,impact,T1499.002,3,1,-0.0,1.0,0.0252,374.48,1248.26,0.8577,12,40,1.3418,3.7354,1.0663,0.1505,1.5177,0,2,0,0,0,0,0.2971,31.21,6.48,38.32,8631.34,8690.48,0,0.0,1.2101,0,1
2026-09-09T15:33:39.992802+00:00,dos_slowloris_v1,dos_slowloris_v1__run_001,impact,T1499.002,3,2,0.9183,0.9221,0.0943,301.48,703.46,0.9185,12,28,1.1635,3.1432,1.1663,0.1574,1.6386,0,2,0,0,0,0,0.4232,25.12,10.55,38.24,7184.4,8859.57,0,0.0011,0.5549,0,0
2026-09-09T15:33:44.992802+00:00,dos_slowloris_v1,dos_slowloris_v1__run_001,impact,T1499.002,4,2,0.8113,0.9495,0.0263,431.88,935.74,0.8713,12,26,1.9075,3.3056,1.3278,0.1566,1.7974,0,2,0,0,0,0,0.4455,35.99,9.62,51.22,8099.62,6773.6,0,0.0029,0.7129,0,0
2026-09-09T15:33:49.992802+00:00,dos_slowloris_v1,dos_slowloris_v1__run_001,impact,T1499.002,11,2,0.9457,1.0,0.0264,4263.75,8605.03,0.9044,110,222,1.3096,3.3889,1.1808,0.13,1.5707,1,8,0,0,0,0,0.4947,38.76,13.53,68.01,8024.95,7047.5,0,0.0,0.592,0,1
2026-09-09T15:33:54.992802+00:00,dos_slowloris_v1,dos_slowloris_v1__run_001,impact,T1499.002,5,2,0.971,0.9682,0.0244,859.28,2027.9,0.9079,25,59,1.0969,3.2657,1.1512,0.138,1.5654,0,3,0,0,0,0,0.4228,34.37,6.36,45.04,9043.93,7294.06,0,0.0143,0.5251,0,0
2026-09-09T15:33:59.992802+00:00,dos_slowloris_v1,dos_slowloris_v1__run_001,impact,T1499.002,5,2,0.971,0.9696,0.0,1344.16,2957.16,0.8303,30,66,0.9597,2.7556,1.2332,0.1089,1.56,0,3,0,0,0,0,0.4478,44.81,8.58,53.92,7981.81,8743.21,0,0.0151,0.8179,0,1
2026-09-09T15:34:04.992802+00:00,dos_slowloris_v1,dos_slowloris_v1__run_001,impact,T1499.002,2,1,-0.0,0.9872,0.0057,68.13,136.26,0.7996,2,4,1.7286,2.212,1.2166,0.0994,1.5148,0,1,0,0,0,0,0.405,34.07,7.22,41.28,8316.7,8665.0,0,0.0185,1.5735,0,0
2026-09-09T15:34:09.992802+00:00,dos_slowloris_v1,dos_slowloris_v1__run_001,impact,T1499.002,5,2,0.971,0.9781,0.0106,590.97,1300.13,0.9046,15,33,0.7139,0.8967,1.235,0.1378,1.6484,0,3,0,0,0,0,0.4453,39.4,5.93,45.02,9012.47,8569.57,0,0.0511,1.7163,0,1
2026-09-09T15:34:14.992802+00:00,dos_slowloris_v1,dos_slowloris_v1__run_001,impact,T1499.002,4,2,1.0,1.0,0.0,1694.57,6393.15,0.7983,44,166,1.2438,2.0436,1.3895,0.0729,1.6082,0,2,0,0,0,0,0.2635,38.51,16.31,64.77,9803.26,7769.98,0,0.0,1.4325,0,0
2026-09-09T15:34:19.992802+00:00,dos_slowloris_v1,dos_slowloris_v1__run_001,impact,T1499.002,4,2,0.8113,1.0,0.0,1688.96,3800.17,0.9884,40,90,1.0894,1.8832,1.2585,0.1493,1.7065,0,2,0,0,0,0,0.442,42.22,8.59,50.67,8860.91,9909.27,0,0.0536,1.1242,0,0
2026-09-09T15:34:24.992802+00:00,dos_slowloris_v1,dos_slowloris_v1__run_001,impact,T1499.002,2,2,1.0,0.954,0.0416,271.19,542.39,0.8885,10,20,0.6893,1.1482,1.3982,0.1897,1.9673,0,1,0,0,0,0,0.4928,27.12,1.66,28.78,7656.53,8801.72,0,0.0,1.0952,0,0
2026-09-09T15:34:29.992802+00:00,dos_slowloris_v1,dos_slowloris_v1__run_001,impact,T1499.002,3,2,0.9183,1.0,0.0016,861.12,1435.2,0.8721,27,45,0.9509,2.3679,1.1819,0.083,1.431,0,2,0,0,0,0,0.5947,31.89,0.87,32.7,7739.52,9330.85,0,0.053,0.9986,0,0
2026-09-09T15:34:34.992802+00:00,dos_slowloris_v1,dos_slowloris_v1__run_001,impact,T1499.002,4,2,0.8113,0.9683,0.038,1940.46,4096.52,0.9187,36,76,0.6846,1.6279,1.2314,0.1119,1.5672,0,2,0,0,0,0,0.468,53.9,21.79,89.67,7286.15,8545.59,0,0.0,1.1559,0,0
2026-09-09T15:34:39.992802+00:00,dos_slowloris_v1,dos_slowloris_v1__run_001,impact,T1499.002,1,1,-0.0,0.9682,0.0262,288.32,828.93,0.9274,8,23,1.5298,2.3594,0.9919,0.1195,1.3505,0,0,0,0,0,0,0.3399,36.04,0.0,36.04,8996.32,7165.17,0,0.0,1.4107,0,0
2026-09-09T15:34:44.992802+00:00,dos_slowloris_v1,dos_slowloris_v1__run_001,impact,T1499.002,4,2,1.0,1.0,0.0199,784.93,2027.75,0.9328,24,62,1.4013,4.1184,1.6248,0.1191,1.9821,0,2,0,0,0,0,0.3857,32.71,6.73,43.1,7611.05,8000.38,0,0.0158,0.2933,0,0
2026-09-09T15:34:49.992802+00:00,dos_slowloris_v1,dos_slowloris_v1__run_001,impact,T1499.002,4,2,1.0,1.0,0.0117,1524.15,5191.63,0.9646,32,109,1.5005,2.7493,1.3535,0.114,1.6955,0,2,0,0,0,0,0.2927,47.63,7.29,56.55,9043.78,7263.55,0,0.0347,0.9441,0,0
2026-09-09T15:34:54.992802+00:00,dos_slowloris_v1,dos_slowloris_v1__run_001,impact,T1499.002,3,2,0.9183,1.0,0.0003,505.76,758.63,0.9607,12,18,1.2279,3.366,1.138,0.1009,1.4407,0,2,0,0,0,0,0.6499,42.15,19.01,68.38,8592.96,8236.02,0,0.0228,0.3206,0,0
2026-09-09T15:34:59.992802+00:00,dos_slowloris_v1,dos_slowloris_v1__run_001,impact,T1499.002,3,1,-0.0,0.9937,0.0164,1048.49,2640.65,0.8324,27,68,1.717,4.5804,1.2056,0.1017,1.5108,0,2,0,0,0,0,0.3947,38.83,20.64,67.21,10336.69,8070.25,0,0.0507,0.7201,0,0
2026-09-09T15:35:04.992802+00:00,dos_slowloris_v1,dos_slowloris_v1__run_001,impact,T1499.002,6,2,0.65,0.9612,0.0,1247.91,4040.84,0.938,42,136,1.2967,2.6452,1.2142,0.1375,1.6266,1,4,0,0,0,0,0.3072,29.71,15.81,60.19,7004.46,9067.29,0,0.0,1.6536,0,0
2026-09-09T15:35:09.992802+00:00,dos_slowloris_v1,dos_slowloris_v1__run_001,impact,T1499.002,5,2,0.971,1.0,0.0,1355.3,2620.24,0.9364,30,58,1.5492,3.5075,1.258,0.1377,1.6709,0,3,0,0,0,0,0.5139,45.18,15.19,67.27,8379.17,8172.05,0,0.0676,0.2164,0,0
2026-09-09T15:35:14.992802+00:00,dos_slowloris_v1,dos_slowloris_v1__run_001,impact,T1499.002,3,2,0.9183,1.0,0.0414,964.99,1970.19,0.9112,24,49,0.967,1.4388,1.271,0.1755,1.7974,0,2,0,0,0,0,0.489,40.21,5.42,46.53,6860.9,8958.84,0,0.0,0.7741,0,0
2026-09-09T15:35:19.992802+00:00,dos_slowloris_v1,dos_slowloris_v1__run_001,impact,T1499.002,7,2,0.8631,0.9934,0.0,2220.53,6582.28,0.9198,56,166,1.8053,4.6999,1.1937,0.1498,1.643,1,5,0,0,0,0,0.337,39.65,13.21,66.63,6556.29,8851.92,0,0.0,0.9532,0,1
2026-09-09T15:35:24.992802+00:00,dos_slowloris_v1,dos_slowloris_v1__run_001,impact,T1499.002,6,2,1.0,0.9973,0.0,1465.26,3846.31,0.9721,24,63,1.7696,3.7155,1.454,0.0863,1.7129,0,4,0,0,0,0,0.3778,61.05,20.16,98.92,8885.95,9322.11,0,0.0019,0.9861,0,0
2026-09-09T15:35:29.992802+00:00,dos_slowloris_v1,dos_slowloris_v1__run_001,impact,T1499.002,9,2,0.7642,0.9781,0.024,622.65,1867.94,0.9517,18,54,1.6823,2.476,1.5452,0.1394,1.9632,1,6,0,0,0,0,0.3273,34.59,10.66,51.28,6870.77,8837.19,0,0.0,0.6833,0,0
2026-09-09T15:35:34.992802+00:00,dos_slowloris_v1,dos_slowloris_v1__run_001,impact,T1499.002,8,2,0.8113,1.0,0.0,1915.91,3752.0,0.8701,48,94,1.0401,1.521,1.3673,0.1586,1.8431,1,5,0,0,0,0,0.5086,39.91,11.78,58.14,8009.44,7802.84,0,0.0214,0.476,0,0
2026-09-09T15:35:39.992802+00:00,dos_slowloris_v1,dos_slowloris_v1__run_001,impact,T1499.002,7,2,0.8631,1.0,0.0,1650.83,5046.83,0.9939,35,107,1.7047,2.7185,1.3593,0.0758,1.5867,1,4,0,0,0,0,0.3248,47.17,23.18,102.52,7537.97,8670.05,0,0.0,1.0864,0,0
2026-09-09T15:35:44.992802+00:00,dos_slowloris_v1,dos_slowloris_v1__run_001,impact,T1499.002,4,2,0.8113,1.0,0.0001,1348.39,2472.05,0.874,36,66,1.3874,2.2054,1.2806,0.1362,1.6892,0,2,0,0,0,0,0.5431,37.46,9.93,50.89,7928.78,8335.23,0,0.0143,0.0,0,0
2026-09-09T15:35:49.992802+00:00,dos_slowloris_v1,dos_slowloris_v1__run_001,impact,T1499.002,3,1,-0.0,1.0,0.0,216.3,865.21,0.9837,6,24,0.9187,1.5552,1.1459,0.1019,1.4517,0,2,0,0,0,0,0.2403,36.05,5.43,41.08,6288.69,8263.19,0,0.0378,1.4081,0,0
2026-09-09T15:35:54.992802+00:00,dos_slowloris_v1,dos_slowloris_v1__run_001,impact,T1499.002,6,2,0.9183,1.0,0.0,1314.12,2956.77,0.9689,36,81,1.5403,2.2271,1.1824,0.1754,1.7087,0,4,0,0,0,0,0.4424,36.5,9.05,53.02,8843.53,6767.09,0,0.0247,1.7583,0,1
2026-09-09T15:35:59.992802+00:00,dos_slowloris_v1,dos_slowloris_v1__run_001,impact,T1499.002,2,2,1.0,0.9934,0.0049,564.77,1517.83,0.8035,16,43,1.7071,4.5956,1.2447,0.0895,1.5132,0,1,0,0,0,0,0.3653,35.3,2.87,38.17,7555.77,8897.66,0,0.0107,0.6267,0,0
2026-09-09T15:36:04.992802+00:00,dos_slowloris_v1,dos_slowloris_v1__run_001,impact,T1499.002,4,2,1.0,0.9829,0.0,1300.28,3657.05,0.9386,32,90,0.7981,2.1216,1.2911,0.1698,1.8006,0,2,0,0,0,0,0.3527,40.63,12.87,55.06,7970.05,7679.04,0,0.0,1.4296,0,0
2026-09-09T15:36:09.992802+00:00,dos_slowloris_v1,dos_slowloris_v1__run_001,impact,T1499.002,4,2,1.0,1.0,0.0008,687.34,1517.87,0.9041,24,53,0.9865,2.3826,1.4334,0.1146,1.7771,0,2,0,0,0,0,0.4473,28.64,7.79,40.39,7693.49,8782.97,0,0.0,1.3156,0,0
2026-09-09T15:36:14.992802+00:00,dos_slowloris_v1,dos_slowloris_v1__run_001,impact,T1499.002,4,1,-0.0,0.976,0.0149,365.66,731.32,0.8709,8,16,1.7131,3.5339,1.3039,0.1658,1.8012,0,2,0,0,0,0,0.472,45.71,6.29,53.05,9034.94,8165.45,0,0.0132,1.0891,0,0
2026-09-09T15:36:19.992802+00:00,dos_slowloris_v1,dos_slowloris_v1__run_001,impact,T1499.002,2,2,1.0,0.9951,0.0,536.53,1576.05,0.9295,16,47,1.3763,2.728,1.2638,0.1655,1.7604,0,1,0,0,0,0,0.3394,33.53,1.8,35.34,9878.03,9609.72,0,0.03,1.4369,0,0
2026-09-09T15:36:24.992802+00:00,dos_slowloris_v1,dos_slowloris_v1__run_001,impact,T1499.002,6,2,0.65,1.0,0.0,431.6,791.26,0.8844,12,22,0.5946,1.6565,1.1936,0.1106,1.5255,0,4,0,0,0,0,0.5335,35.97,10.9,50.33,7332.59,8118.54,0,0.0299,0.9461,0,0
2026-09-09T15:36:29.992802+00:00,dos_slowloris_v1,dos_slowloris_v1__run_001,impact,T1499.002,5,2,0.971,0.9957,0.0163,1364.09,3637.58,0.9167,30,80,1.7857,4.9814,1.4611,0.0743,1.6839,0,3,0,0,0,0,0.3734,45.47,21.65,76.9,8328.8,9296.53,0,0.0006,0.8365,0,0
2026-09-09T15:36:34.992802+00:00,dos_slowloris_v1,dos_slowloris_v1__run_001,impact,T1499.002,4,2,0.8113,0.9894,0.0183,795.76,1740.72,0.8463,16,35,0.8404,1.0287,1.0207,0.053,1.1797,0,2,0,0,0,0,0.4547,49.73,12.78,70.96,9085.32,10660.22,0,0.0,1.4084,0,1
2026-09-09T15:36:39.992802+00:00,dos_slowloris_v1,dos_slowloris_v1__run_001,impact,T1499.002,0,0,0.0,0.993,0.0227,0.0,0.0,0.8438,0,0,1.3472,2.3029,1.3918,0.1815,1.9365,0,0,0,0,0,0,0.1964,41.19,0.0,41.19,7612.69,9952.38,0,0.0212,0.6962,0,0
2026-09-09T15:36:44.992802+00:00,dos_slowloris_v1,dos_slowloris_v1__run_001,impact,T1499.002,4,2,0.8113,1.0,0.0572,432.64,1874.78,0.889,12,52,1.0517,1.9537,1.445,0.1473,1.887,0,2,0,0,0,0,0.2294,36.05,8.51,45.61,8966.15,9022.51,0,0.0,1.4235,0,0
2026-09-09T15:36:49.992802+00:00,dos_slowloris_v1,dos_slowloris_v1__run_001,impact,T1499.002,2,2,1.0,0.9741,0.0193,226.94,491.71,0.9057,6,13,1.2623,3.2404,1.1401,0.1523,1.597,0,1,0,0,0,0,0.452,37.82,0.4,38.23,7825.9,7187.23,0,0.0322,0.4563,0,0
2026-09-09T15:36:54.992802+00:00,dos_slowloris_v1,dos_slowloris_v1__run_001,impact,T1499.002,4,2,1.0,0.9885,0.0,558.12,1674.37,0.9397,12,36,1.8375,5.4802,1.2943,0.1001,1.5946,0,2,0,0,0,0,0.3263,46.51,19.81,77.17,5962.76,7270.09,0,0.0263,0.3023,0,0
2026-09-09T15:36:59.992802+00:00,dos_slowloris_v1,dos_slowloris_v1__run_001,impact,T1499.002,6,2,1.0,0.9574,0.0242,1339.99,4287.96,0.9086,30,96,1.0712,3.0098,1.0965,0.1632,1.586,0,4,0,0,0,0,0.3099,44.67,11.32,64.99,8456.09,6845.36,0,0.0234,1.627,0,0
2026-09-09T15:37:04.992802+00:00,dos_slowloris_v1,dos_slowloris_v1__run_001,impact,T1499.002,8,2,0.9544,1.0,0.0173,791.49,2803.19,0.8517,24,85,1.6606,2.2756,1.3136,0.1491,1.7608,1,6,0,0,0,0,0.2813,32.98,8.15,44.75,7360.53,7716.83,0,0.0,0.6976,0,0
2026-09-09T15:37:09.992802+00:00,dos_slowloris_v1,dos_slowloris_v1__run_001,impact,T1499.002,2,2,1.0,1.0,0.0187,769.33,3376.51,0.8894,18,79,1.3184,3.768,1.2361,0.1426,1.6639,0,1,0,0,0,0,0.2267,42.74,11.26,54.0,9644.27,7608.31,0,0.0,1.0036,0,0
2026-09-09T15:37:14.992802+00:00,dos_slowloris_v1,dos_slowloris_v1__run_001,impact,T1499.002,4,2,0.8113,1.0,0.0,542.31,1491.35,0.9238,16,44,1.1902,2.2265,1.3734,0.2002,1.974,0,2,0,0,0,0,0.359,33.89,9.97,44.03,9003.6,7246.73,0,0.0546,0.5847,0,0
2026-09-09T15:37:19.992802+00:00,dos_slowloris_v1,dos_slowloris_v1__run_001,impact,T1499.002,4,2,0.8113,1.0,0.0,613.83,1688.04,0.9726,16,44,1.4308,4.2035,1.2004,0.1655,1.6968,0,2,0,0,0,0,0.3634,38.36,9.94,55.27,7410.33,7059.81,0,0.0,1.0739,0,0
2026-09-09T15:37:24.992802+00:00,dos_slowloris_v1,dos_slowloris_v1__run_001,impact,T1499.002,1,1,-0.0,1.0,0.0382,196.75,541.06,0.9056,4,11,1.7,3.4917,1.0761,0.066,1.2742,0,0,0,0,0,0,0.343,49.19,0.0,49.19,7967.28,8726.73,0,0.0159,2.0511,0,0
2026-09-09T15:37:29.992802+00:00,dos_slowloris_v1,dos_slowloris_v1__run_001,impact,T1499.002,5,2,0.971,1.0,0.0,1434.86,3623.02,0.8288,40,101,1.5198,3.1459,1.002,0.1266,1.3818,0,3,0,0,0,0,0.3923,35.87,16.19,58.89,8905.31,9420.85,0,0.047,1.1223,0,0
2026-09-09T15:37:34.992802+00:00,dos_slowloris_v1,dos_slowloris_v1__run_001,impact,T1499.002,6,2,0.9183,0.9923,0.0121,1820.86,6459.71,0.8953,42,149,0.7917,1.8402,1.0051,0.0795,1.2437,1,4,0,0,0,0,0.281,43.35,12.97,68.78,8092.94,7619.41,0,0.0,0.8553,0,0
2026-09-09T15:37:39.992802+00:00,dos_slowloris_v1,dos_slowloris_v1__run_001,impact,T1499.002,4,2,0.8113,1.0,0.003,2534.74,5227.9,0.7941,48,99,1.5684,3.1001,1.1877,0.1384,1.603,0,2,0,0,0,0,0.4801,52.81,20.12,84.85,9065.84,9168.73,0,0.0266,0.8576,0,0
2026-09-09T15:37:44.992802+00:00,dos_slowloris_v1,dos_slowloris_v1__run_001,impact,T1499.002,1,1,-0.0,0.9696,0.0332,118.49,385.08,0.7943,4,13,1.5943,3.1979,1.2988,0.18,1.8388,0,0,0,0,0,0,0.3038,29.62,0.0,29.62,8989.89,9312.23,0,0.0,1.5129,0,0
2026-09-09T15:37:49.992802+00:00,dos_slowloris_v1,dos_slowloris_v1__run_001,impact,T1499.002,7,2,0.5917,0.9979,0.0058,1462.26,3467.64,0.9844,35,83,0.6032,0.9318,1.1489,0.107,1.47,1,4,0,0,0,0,0.4211,41.78,13.58,57.8,8554.41,7598.15,0,0.0056,1.0353,0,0
2026-09-09T15:37:54.992802+00:00,dos_slowloris_v1,dos_slowloris_v1__run_001,impact,T1499.002,5,2,0.971,1.0,0.0,1130.79,4704.08,0.8761,25,104,1.6139,3.2828,1.4836,0.1789,2.0204,0,3,0,0,0,0,0.2387,45.23,17.44,72.05,6122.71,7930.93,0,0.0,0.7666,0,0
2026-09-09T15:37:59.992802+00:00,dos_slowloris_v1,dos_slowloris_v1__run_001,impact,T1499.002,3,2,0.9183,0.9974,0.0,664.92,2031.69,0.9065,18,55,0.9949,2.6622,1.3756,0.0744,1.5989,0,1,0,0,0,0,0.3215,36.94,6.37,43.2,9685.89,8373.22,0,0.0091,0.6349,0,0
2026-09-09T15:38:04.992802+00:00,dos_slowloris_v1,dos_slowloris_v1__run_001,impact,T1499.002,4,2,0.8113,0.9602,0.0498,1179.02,2759.97,0.8268,44,103,1.4776,2.191,1.2127,0.1008,1.5152,0,2,0,0,0,0,0.4238,26.8,3.65,32.39,8147.36,7224.86,0,0.0,0.8868,0,0
2026-09-09T15:38:09.992802+00:00,dos_slowloris_v1,dos_slowloris_v1__run_001,impact,T1499.002,4,2,0.8113,0.9831,0.0,716.64,2418.65,0.9131,16,54,1.1531,2.646,1.3907,0.1345,1.7942,0,2,0,0,0,0,0.2942,44.79,7.98,54.87,7890.84,5439.82,0,0.0261,0.3152,0,0
2026-09-09T15:38:14.992802+00:00,dos_slowloris_v1,dos_slowloris_v1__run_001,impact,T1499.002,3,2,0.9183,0.9932,0.0301,627.46,1638.36,0.8664,18,47,1.1253,2.5239,1.0681,0.1438,1.4993,0,2,0,0,0,0,0.3808,34.86,11.74,51.04,7633.65,7808.58,0,0.0483,1.7001,0,0
2026-09-09T15:38:19.992802+00:00,dos_slowloris_v1,dos_slowloris_v1__run_001,impact,T1499.002,3,1,-0.0,0.9456,0.0297,568.67,1299.83,0.9892,21,48,1.573,3.6243,1.1005,0.0675,1.3031,0,1,0,0,0,0,0.4288,27.08,13.16,43.11,7709.19,7140.94,0,0.0191,1.1421,0,0
2026-09-09T15:38:24.992802+00:00,dos_slowloris_v1,dos_slowloris_v1__run_001,impact,T1499.002,7,2,0.8631,1.0,0.0,1158.81,2979.79,0.9252,28,72,0.9103,2.6803,1.3343,0.1662,1.8328,0,4,0,0,0,0,0.3879,41.39,15.51,63.21,8406.05,8038.12,0,0.0,0.7886,0,1
2026-09-09T15:38:29.992802+00:00,dos_slowloris_v1,dos_slowloris_v1__run_001,impact,T1499.002,1,1,-0.0,1.0,0.0097,361.42,877.74,0.8949,7,17,0.8681,1.8039,1.2347,0.1124,1.572,0,0,0,0,0,0,0.4039,51.63,0.0,51.63,8638.05,9506.91,0,0.0017,1.3304,0,0
2026-09-09T15:38:34.992802+00:00,dos_slowloris_v1,dos_slowloris_v1__run_001,impact,T1499.002,0,0,0.0,1.0,0.0,0.0,0.0,0.9305,0,0,1.0618,3.0665,1.3741,0.1605,1.8555,0,0,0,0,0,0,0.5475,42.83,0.0,42.83,8661.88,8242.18,0,0.0,1.431,0,0
2026-09-09T15:38:39.992802+00:00,dos_slowloris_v1,dos_slowloris_v1__run_001,impact,T1499.002,4,2,0.8113,0.9886,0.0,759.96,2089.9,0.948,16,44,1.9094,3.9564,1.4165,0.1174,1.7686,0,2,0,0,0,0,0.3627,47.5,10.57,60.5,6091.6,8054.22,0,0.0016,0.7481,0,0
2026-09-09T15:38:44.992802+00:00,dos_slowloris_v1,dos_slowloris_v1__run_001,impact,T1499.002,4,2,1.0,0.995,0.0251,734.27,1468.55,0.848,16,32,0.6821,1.0019,1.1771,0.1097,1.5062,0,2,0,0,0,0,0.4958,45.89,11.31,57.51,8180.88,7282.8,0,0.0178,0.6904,0,0
2026-09-09T15:38:49.992802+00:00,dos_slowloris_v1,dos_slowloris_v1__run_001,impact,T1499.002,4,2,0.8113,1.0,0.0,1905.97,4447.27,0.7687,36,84,1.7258,3.6986,1.0783,0.0669,1.2791,0,2,0,0,0,0,0.4237,52.94,5.8,60.33,8295.52,7616.38,0,0.0339,0.715,0,0
2026-09-09T15:38:54.992802+00:00,dos_slowloris_v1,dos_slowloris_v1__run_001,impact,T1499.002,9,2,0.9911,0.9981,0.0142,2816.43,4515.23,0.8721,63,101,1.085,2.6406,1.1736,0.1568,1.644,1,6,0,0,0,0,0.6231,44.71,15.48,70.94,6843.38,8073.0,0,0.0353,1.1671,0,0
2026-09-09T15:38:59.992802+00:00,dos_slowloris_v1,dos_slowloris_v1__run_001,impact,T1499.002,3,2,0.9183,0.9796,0.0407,1065.69,2091.9,0.8764,27,53,1.468,3.307,1.1509,0.1105,1.4823,0,2,0,0,0,0,0.5073,39.47,15.51,59.92,8137.15,7898.55,0,0.0,1.5749,0,0
2026-09-09T15:39:04.992802+00:00,dos_slowloris_v1,dos_slowloris_v1__run_001,impact,T1499.002,3,2,0.9183,1.0,0.012,203.56,746.38,0.9304,3,11,1.33,3.8686,1.1634,0.1619,1.6492,0,2,0,0,0,0,0.2663,67.85,38.58,121.89,8626.26,7413.39,0,0.0325,1.5411,0,0
2026-09-09T15:39:09.992802+00:00,dos_slowloris_v1,dos_slowloris_v1__run_001,impact,T1499.002,3,2,0.9183,1.0,0.0,266.31,754.53,0.9061,6,17,1.2888,2.9745,1.4082,0.1768,1.9385,0,2,0,0,0,0,0.3398,44.38,10.15,58.47,6770.68,8243.13,0,0.0,1.4416,0,0
2026-09-09T15:39:14.992802+00:00,dos_slowloris_v1,dos_slowloris_v1__run_001,impact,T1499.002,4,2,0.8113,0.944,0.0683,855.96,2995.84,0.8398,20,70,0.7042,0.9847,1.3341,0.1289,1.7207,0,2,0,0,0,0,0.2822,42.8,14.6,66.9,8467.71,8647.32,0,0.0408,0.0,0,0
2026-09-09T15:39:19.992802+00:00,dos_slowloris_v1,dos_slowloris_v1__run_001,impact,T1499.002,4,2,1.0,0.9738,0.0,166.76,375.2,0.9925,4,9,0.9075,1.4526,1.3934,0.1185,1.7488,0,2,0,0,0,0,0.4129,41.69,7.07,52.21,9594.17,9221.01,0,0.0,1.4654,0,0
2026-09-09T15:39:24.992802+00:00,dos_slowloris_v1,dos_slowloris_v1__run_001,impact,T1499.002,6,2,0.9183,1.0,0.0274,1204.57,2770.5,0.9363,30,69,1.5645,2.4489,1.3183,0.1101,1.6485,0,4,0,0,0,0,0.4295,40.15,16.12,71.85,9006.08,10619.89,0,0.0,0.9572,0,0
2026-09-09T15:39:29.992802+00:00,dos_slowloris_v1,dos_slowloris_v1__run_001,impact,T1499.002,6,2,0.9183,0.9729,0.0388,1407.86,3331.94,0.9432,30,71,1.3704,3.9416,1.1216,0.1084,1.4469,0,4,0,0,0,0,0.4197,46.93,16.4,79.63,7755.85,8666.51,0,0.0,0.648,0,0
2026-09-09T15:39:34.992802+00:00,dos_slowloris_v1,dos_slowloris_v1__run_001,impact,T1499.002,3,2,0.9183,0.9958,0.0,442.68,1623.17,0.8458,12,44,1.8893,3.5547,1.3824,0.0756,1.6092,0,2,0,0,0,0,0.27,36.89,8.98,44.8,8980.7,7791.98,0,0.0099,1.3315,0,0
2026-09-09T15:39:39.992802+00:00,dos_slowloris_v1,dos_slowloris_v1__run_001,impact,T1499.002,5,2,0.971,1.0,0.0,2033.99,4729.02,0.8433,40,93,0.7474,1.2276,1.2655,0.1652,1.7611,0,3,0,0,0,0,0.4289,50.85,16.33,70.81,7951.01,6714.62,0,0.0,0.7691,0,1
2026-09-09T15:39:44.992802+00:00,dos_slowloris_v1,dos_slowloris_v1__run_001,impact,T1499.002,3,2,0.9183,1.0,0.0,1389.23,3452.02,0.8676,33,82,1.7468,3.5014,1.1285,0.164,1.6204,0,1,0,0,0,0,0.4002,42.1,5.87,47.29,8474.24,9000.31,0,0.0,1.3343,0,0
2026-09-09T15:39:49.992802+00:00,dos_slowloris_v1,dos_slowloris_v1__run_001,impact,T1499.002,2,2,1.0,1.0,0.0374,992.71,2481.78,0.9297,18,45,1.4818,2.4688,1.2158,0.149,1.6627,0,1,0,0,0,0,0.3956,55.15,8.04,63.19,10030.24,8141.7,0,0.0761,1.1995,0,0
2026-09-09T15:39:54.992802+00:00,dos_slowloris_v1,dos_slowloris_v1__run_001,impact,T1499.002,6,2,0.65,1.0,0.0025,1099.2,2344.97,0.895,30,64,1.2461,2.9044,1.2243,0.1823,1.7712,0,4,0,0,0,0,0.465,36.64,12.51,48.25,9163.86,6518.21,0,0.0,0.396,0,0
2026-09-09T15:39:59.992802+00:00,dos_slowloris_v1,dos_slowloris_v1__run_001,impact,T1499.002,4,2,1.0,0.9584,0.0389,927.14,3105.93,0.8899,20,67,1.4382,3.7228,0.9963,0.0812,1.2398,0,2,0,0,0,0,0.2983,46.36,8.13,59.31,7541.42,7776.43,0,0.0,0.4887,0,0
2026-09-09T15:40:04.992802+00:00,dos_slowloris_v1,dos_slowloris_v1__run_001,impact,T1499.002,2,2,1.0,0.9556,0.0647,377.38,849.11,0.9418,12,27,1.5289,3.4684,1.0605,0.1087,1.3866,0,1,0,0,0,0,0.4322,31.45,5.0,36.45,9202.27,7139.39,0,0.0229,0.8431,0,0
2026-09-09T15:40:09.992802+00:00,dos_slowloris_v1,dos_slowloris_v1__run_001,impact,T1499.002,4,1,-0.0,1.0,0.0,317.04,1083.21,0.9665,12,41,0.8167,1.3298,1.3215,0.143,1.7505,0,2,0,0,0,0,0.2898,26.42,4.33,30.29,7156.23,9510.86,0,0.0,0.8963,0,0
2026-09-09T15:40:14.992802+00:00,dos_slowloris_v1,dos_slowloris_v1__run_001,impact,T1499.002,4,1,-0.0,0.9907,0.0057,915.95,2919.6,0.9835,16,51,1.3409,3.9543,1.271,0.1609,1.7537,0,2,0,0,0,0,0.3109,57.25,2.44,60.35,7074.87,9218.55,0,0.0319,1.1306,0,0
2026-09-09T15:40:19.992802+00:00,dos_slowloris_v1,dos_slowloris_v1__run_001,impact,T1499.002,5,2,0.971,1.0,0.0212,2408.72,7587.48,0.939,60,189,1.5728,3.1245,1.2463,0.076,1.4742,0,3,0,0,0,0,0.3172,40.15,10.77,57.59,9510.04,8012.87,0,0.0186,0.9444,0,0
2026-09-09T15:40:24.992802+00:00,dos_slowloris_v1,dos_slowloris_v1__run_001,impact,T1499.002,5,2,0.971,1.0,0.0081,778.36,1673.47,0.8781,20,43,1.3238,3.3461,1.1465,0.1322,1.5432,0,3,0,0,0,0,0.461,38.92,12.37,58.46,8589.37,6235.69,0,0.011,1.9256,0,0
2026-09-09T15:40:29.992802+00:00,dos_slowloris_v1,dos_slowloris_v1__run_001,impact,T1499.002,8,2,0.9544,1.0,0.0086,2451.0,5821.13,0.827,64,152,0.6867,1.1966,1.0215,0.1475,1.4641,1,5,0,0,0,0,0.4207,38.3,12.11,62.49,8043.44,7669.24,0,0.0457,1.0207,0,0
2026-09-09T15:40:34.992802+00:00,dos_slowloris_v1,dos_slowloris_v1__run_001,impact,T1499.002,1,1,-0.0,0.9855,0.0,147.24,331.29,0.8767,4,9,1.4818,4.143,1.2926,0.1484,1.7377,0,0,0,0,0,0,0.4204,36.81,0.0,36.81,7503.55,7878.84,0,0.0,0.6794,0,0
2026-09-09T15:40:39.992802+00:00,dos_slowloris_v1,dos_slowloris_v1__run_001,impact,T1499.002,4,2,1.0,1.0,0.0,341.75,740.46,0.8388,12,26,1.8155,4.0879,1.4359,0.0937,1.717,0,2,0,0,0,0,0.4556,28.48,4.31,33.36,8354.8,9403.02,0,0.0288,1.1075,0,0
2026-09-09T15:40:44.992802+00:00,dos_slowloris_v1,dos_slowloris_v1__run_001,impact,T1499.002,4,1,-0.0,1.0,0.0,555.0,1637.24,0.9401,20,59,1.6707,2.9957,1.4031,0.1525,1.8606,0,2,0,0,0,0,0.3364,27.75,7.88,40.23,8020.78,8782.33,0,0.0528,0.0,0,0
2026-09-09T15:40:49.992802+00:00,dos_slowloris_v1,dos_slowloris_v1__run_001,impact,T1499.002,6,2,0.9183,0.9727,0.0403,2513.81,4482.96,0.9326,60,107,1.7531,2.8144,1.0623,0.1085,1.3876,1,3,0,0,0,0,0.5578,41.9,12.43,61.74,7670.12,9482.53,0,0.0149,0.0891,0,0
2026-09-09T15:40:54.992802+00:00,dos_slowloris_v1,dos_slowloris_v1__run_001,impact,T1499.002,1,1,-0.0,1.0,0.0216,286.68,630.7,0.9244,5,11,1.5869,2.4887,1.3388,0.1707,1.8509,0,0,0,0,0,0,0.4521,57.34,0.0,57.34,11253.96,7482.31,0,0.0,1.7109,0,0
2026-09-09T15:40:59.992802+00:00,dos_slowloris_v1,dos_slowloris_v1__run_001,impact,T1499.002,5,2,0.971,1.0,0.0001,196.69,472.05,0.9781,5,12,0.6052,1.7973,0.9782,0.0821,1.2244,0,3,0,0,0,0,0.3936,39.34,16.29,69.11,7538.59,7894.23,0,0.0833,0.2513,0,0
2026-09-09T15:41:04.992802+00:00,dos_slowloris_v1,dos_slowloris_v1__run_001,impact,T1499.002,2,1,-0.0,0.9792,0.0106,484.42,968.84,0.8362,18,36,1.3123,2.4378,0.9012,0.1107,1.2334,0,1,0,0,0,0,0.4963,26.91,3.2,30.12,9282.09,8529.63,0,0.0,0.7619,0,0
2026-09-09T15:41:09.992802+00:00,dos_slowloris_v1,dos_slowloris_v1__run_001,impact,T1499.002,1,1,-0.0,0.9649,0.0398,252.28,546.62,0.9087,6,13,1.4465,2.0171,1.2685,0.1829,1.8171,0,0,0,0,0,0,0.4424,42.05,0.0,42.05,9114.46,8133.48,0,0.0099,1.1648,0,0
2026-09-09T15:41:14.992802+00:00,dos_slowloris_v1,dos_slowloris_v1__run_001,impact,T1499.002,4,2,0.8113,0.9971,0.0,1337.27,3937.51,0.8849,36,106,0.8907,1.5785,1.2008,0.1308,1.5931,0,2,0,0,0,0,0.3371,37.15,9.29,52.1,8128.99,9481.39,0,0.0025,0.9126,0,0
2026-09-09T15:41:19.992802+00:00,dos_slowloris_v1,dos_slowloris_v1__run_001,impact,T1499.002,4,2,1.0,0.9786,0.0,843.39,1981.96,0.8939,20,47,0.673,1.5989,1.011,0.1388,1.4273,0,2,0,0,0,0,0.4235,42.17,13.09,61.04,10795.76,9097.41,0,0.0084,0.9072,0,0
2026-09-09T15:41:24.992802+00:00,dos_slowloris_v1,dos_slowloris_v1__run_001,impact,T1499.002,5,2,0.971,1.0,0.0361,2428.97,6352.69,0.9088,65,170,0.9176,1.8857,1.2312,0.1831,1.7805,0,3,0,0,0,0,0.3818,37.37,6.96,48.69,8831.38,10214.15,0,0.0,0.1727,0,0
2026-09-09T15:41:29.992802+00:00,dos_slowloris_v1,dos_slowloris_v1__run_001,impact,T1499.002,5,2,0.971,0.9788,0.0151,1396.09,2672.52,0.9153,35,67,0.7029,2.1067,1.2024,0.1508,1.6547,0,3,0,0,0,0,0.5169,39.89,7.68,46.19,8223.66,9604.03,0,0.0994,1.0159,0,0
2026-09-09T15:41:34.992802+00:00,dos_slowloris_v1,dos_slowloris_v1__run_001,impact,T1499.002,6,2,0.9183,0.9715,0.0192,1015.33,2749.84,0.9204,24,65,2.05,4.8769,1.5817,0.1316,1.9766,0,4,0,0,0,0,0.3649,42.31,18.24,72.77,8926.49,9638.31,0,0.0,0.4439,0,0
2026-09-09T15:41:39.992802+00:00,dos_slowloris_v1,dos_slowloris_v1__run_001,impact,T1499.002,5,2,0.7219,1.0,0.0,535.94,1071.87,0.9243,15,30,0.9952,2.6653,1.2186,0.0977,1.5118,0,3,0,0,0,0,0.4962,35.73,11.1,55.11,7617.93,6519.99,0,0.049,1.4525,0,0
2026-09-09T15:41:44.992802+00:00,dos_slowloris_v1,dos_slowloris_v1__run_001,impact,T1499.002,5,2,0.7219,0.9836,0.0196,947.26,1578.77,0.8998,30,50,0.9173,1.809,1.3409,0.1484,1.7861,0,3,0,0,0,0,0.5965,31.58,16.04,62.64,7214.08,7798.34,0,0.0052,0.0,0,0
2026-09-09T15:41:49.992802+00:00,dos_slowloris_v1,dos_slowloris_v1__run_001,impact,T1499.002,2,2,1.0,1.0,0.0,425.65,780.36,0.9224,6,11,0.9849,2.1433,1.1583,0.1333,1.5582,0,1,0,0,0,0,0.5338,70.94,7.1,78.05,7547.71,7135.64,0,0.0566,0.0697,0,0
2026-09-09T15:41:54.992802+00:00,dos_slowloris_v1,dos_slowloris_v1__run_001,impact,T1499.002,10,2,0.971,0.9783,0.0267,2341.8,5776.44,0.879,60,148,1.3363,1.9428,1.2825,0.1847,1.8364,1,7,0,0,0,0,0.4053,39.03,10.91,57.67,8824.95,8530.67,0,0.0511,0.4171,0,0
2026-09-09T15:41:59.992802+00:00,dos_slowloris_v1,dos_slowloris_v1__run_001,impact,T1499.002,5,2,0.971,1.0,0.0289,2373.5,4604.59,0.9651,50,97,1.5261,2.0293,1.1154,0.056,1.2834,0,3,0,0,0,0,0.5114,47.47,9.37,61.59,8257.82,7942.34,0,0.0478,0.733,0,0
2026-09-09T15:42:04.992802+00:00,dos_slowloris_v1,dos_slowloris_v1__run_001,impact,T1499.002,3,2,0.9183,0.9696,0.0248,750.96,2127.73,0.8764,24,68,1.0731,1.6926,1.1303,0.1684,1.6354,0,2,0,0,0,0,0.349,31.29,11.16,47.05,8834.0,8457.08,0,0.0407,0.4538,0,0
2026-09-09T15:42:09.992802+00:00,dos_slowloris_v1,dos_slowloris_v1__run_001,impact,T1499.002,1,1,-0.0,0.9796,0.0281,257.6,772.79,0.9048,10,30,1.8146,3.3581,1.2294,0.1033,1.5393,0,0,0,0,0,0,0.3286,25.76,0.0,25.76,8668.44,8086.52,0,0.0,1.1648,0,0
2026-09-09T15:42:14.992802+00:00,dos_slowloris_v1,dos_slowloris_v1__run_001,impact,T1499.002,5,2,0.971,1.0,0.0,1193.95,2722.2,0.9191,25,57,0.8574,1.0326,1.3937,0.1521,1.8499,0,3,0,0,0,0,0.4325,47.76,29.61,100.24,8728.42,8763.74,0,0.0269,0.9833,0,0
2026-09-09T15:42:19.992802+00:00,dos_slowloris_v1,dos_slowloris_v1__run_001,impact,T1499.002,5,2,0.971,1.0,0.0,1251.58,2795.2,0.8766,30,67,1.5142,3.7638,1.1386,0.0912,1.4122,0,3,0,0,0,0,0.445,41.72,13.77,64.46,6608.56,6371.93,0,0.0,0.5611,0,0
2026-09-09T15:42:24.992802+00:00,dos_slowloris_v1,dos_slowloris_v1__run_001,impact,T1499.002,5,2,0.971,0.9912,0.0,2045.05,5135.36,0.87,45,113,1.8399,4.6377,1.2626,0.1111,1.5958,0,3,0,0,0,0,0.3977,45.45,7.83,55.06,9204.46,6506.69,0,0.0,0.5368,0,0
2026-09-09T15:42:29.992802+00:00,dos_slowloris_v1,dos_slowloris_v1__run_001,impact,T1499.002,3,2,0.9183,0.9908,0.0206,559.19,1453.9,0.8779,15,39,1.0661,3.1804,1.0954,0.0578,1.2688,0,2,0,0,0,0,0.3757,37.28,15.87,56.34,6979.17,7762.52,0,0.0366,1.0393,0,0
2026-09-09T15:42:34.992802+00:00,dos_slowloris_v1,dos_slowloris_v1__run_001,impact,T1499.002,4,2,1.0,1.0,0.0187,853.96,2262.99,0.942,20,53,0.8941,2.4951,1.3601,0.1152,1.7058,0,2,0,0,0,0,0.3763,42.7,21.42,77.24,8092.94,8728.61,0,0.0,0.4461,0,0
2026-09-09T15:42:39.992802+00:00,dos_slowloris_v1,dos_slowloris_v1__run_001,impact,T1499.002,6,2,0.9183,0.9869,0.0293,1778.65,3409.08,0.8905,48,92,0.7898,1.9921,0.9544,0.0645,1.148,0,4,0,0,0,0,0.5194,37.06,9.12,47.26,8074.46,7442.61,0,0.0095,0.6844,0,0
2026-09-09T15:42:44.992802+00:00,dos_slowloris_v1,dos_slowloris_v1__run_001,impact,T1499.002,2,2,1.0,1.0,0.0119,324.52,681.49,0.8701,10,21,1.2208,1.4756,1.0935,0.1622,1.58,0,1,0,0,0,0,0.472,32.45,11.72,44.18,9285.95,7537.53,0,0.058,2.3746,0,0
2026-09-09T15:42:49.992802+00:00,dos_slowloris_v1,dos_slowloris_v1__run_001,impact,T1499.002,4,2,1.0,0.9366,0.0708,1227.24,4816.92,0.8443,40,157,1.9952,5.1775,1.3015,0.0702,1.512,0,2,0,0,0,0,0.2534,30.68,4.12,36.53,8610.7,8583.32,0,0.0011,0.664,0,0
2026-09-09T15:42:54.992802+00:00,dos_slowloris_v1,dos_slowloris_v1__run_001,impact,T1499.002,2,1,-0.0,1.0,0.0,606.72,1365.11,0.9282,12,27,0.9539,1.7015,1.3447,0.0844,1.5978,0,1,0,0,0,0,0.439,50.56,23.31,73.87,8936.72,8206.95,0,0.0134,0.6019,0,0
2026-09-09T15:42:59.992802+00:00,dos_slowloris_v1,dos_slowloris_v1__run_001,impact,T1499.002,1,1,-0.0,0.9489,0.0514,118.71,308.64,0.8535,5,13,0.5774,1.2533,1.3012,0.1677,1.8042,0,0,0,0,0,0,0.3583,23.74,0.0,23.74,8217.8,6609.26,0,0.0,1.6422,0,0
2026-09-09T15:43:04.992802+00:00,dos_slowloris_v1,dos_slowloris_v1__run_001,impact,T1499.002,4,2,1.0,1.0,0.0089,1267.61,2761.57,0.9366,28,61,0.9536,1.4153,1.2061,0.0766,1.4358,0,2,0,0,0,0,0.4517,45.27,27.61,85.87,7099.71,5933.04,0,0.0213,0.0,0,0
2026-09-09T15:43:09.992802+00:00,dos_slowloris_v1,dos_slowloris_v1__run_001,impact,T1499.002,7,2,0.9852,0.9574,0.0274,1516.5,2469.73,0.9482,35,57,1.6696,4.5246,1.2407,0.1426,1.6686,1,5,0,0,0,0,0.6062,43.33,8.56,58.41,6814.9,8800.94,0,0.0,0.9611,0,0
2026-09-09T15:43:14.992802+00:00,dos_slowloris_v1,dos_slowloris_v1__run_001,impact,T1499.002,2,1,-0.0,1.0,0.0,245.7,675.66,0.9467,8,22,0.6897,1.056,1.44,0.0933,1.7201,0,1,0,0,0,0,0.3575,30.71,9.57,40.28,9467.59,7146.67,0,0.0032,0.7149,0,0
2026-09-09T15:43:19.992802+00:00,dos_slowloris_v1,dos_slowloris_v1__run_001,impact,T1499.002,6,2,0.9183,0.988,0.0262,1555.52,3600.75,0.8437,54,125,0.8697,1.4639,1.1507,0.1642,1.6432,0,4,0,0,0,0,0.4287,28.81,3.24,33.29,9636.64,8797.31,0,0.0216,0.1399,0,0
2026-09-09T15:43:24.992802+00:00,dos_slowloris_v1,dos_slowloris_v1__run_001,impact,T1499.002,7,2,0.9852,0.9785,0.0,800.61,2630.57,0.8906,21,69,0.9593,1.8906,1.1709,0.0644,1.3641,1,4,0,0,0,0,0.302,38.12,21.44,84.36,6667.71,7375.58,0,0.0,0.2039,0,1
2026-09-09T15:43:29.992802+00:00,dos_slowloris_v1,dos_slowloris_v1__run_001,impact,T1499.002,7,2,0.8631,0.9905,0.0039,1483.87,6910.58,0.934,35,163,1.3248,1.6905,1.2267,0.1026,1.5346,1,4,0,0,0,0,0.2146,42.4,11.87,57.99,8605.77,7896.79,0,0.0065,1.0391,0,0
2026-09-09T15:43:34.992802+00:00,dos_slowloris_v1,dos_slowloris_v1__run_001,impact,T1499.002,8,2,0.8113,0.9983,0.0,863.45,2806.23,0.836,24,78,1.2097,2.5486,1.3236,0.1708,1.8362,1,5,0,0,0,0,0.3058,35.98,10.43,51.88,6845.85,8669.96,0,0.0,0.9987,0,0
2026-09-09T15:43:39.992802+00:00,dos_slowloris_v1,dos_slowloris_v1__run_001,impact,T1499.002,1,1,-0.0,1.0,0.0187,305.82,611.64,0.8606,8,16,1.1829,1.8854,1.4508,0.0886,1.7166,0,0,0,0,0,0,0.4943,38.23,0.0,38.23,8904.28,8816.81,0,0.0612,1.0457,0,0
2026-09-09T15:43:44.992802+00:00,dos_slowloris_v1,dos_slowloris_v1__run_001,impact,T1499.002,9,2,0.9911,1.0,0.0266,1074.86,2070.11,0.9636,27,52,0.7341,2.2014,1.3423,0.1165,1.6919,1,6,0,0,0,0,0.519,39.81,9.6,54.48,7696.73,5624.81,0,0.0252,0.5107,0,0
2026-09-09T15:43:49.992802+00:00,dos_slowloris_v1,dos_slowloris_v1__run_001,impact,T1499.002,4,2,0.8113,0.965,0.0191,591.65,1257.25,0.9111,16,34,1.5625,3.0474,1.2234,0.0896,1.4922,0,2,0,0,0,0,0.4645,36.98,6.75,47.96,7596.13,7188.41,0,0.0082,1.3197,0,0
2026-09-09T15:43:54.992802+00:00,dos_slowloris_v1,dos_slowloris_v1__run_001,impact,T1499.002,5,2,0.7219,1.0,0.0,767.19,1718.51,0.8805,25,56,0.8222,2.0351,0.9642,0.0895,1.2328,0,3,0,0,0,0,0.4388,30.69,12.29,52.32,7000.66,8248.12,0,0.0,1.3037,0,0
2026-09-09T15:43:59.992802+00:00,dos_slowloris_v1,dos_slowloris_v1__run_001,impact,T1499.002,4,2,1.0,1.0,0.0,262.62,1083.32,0.9667,8,33,1.2643,2.7037,0.9278,0.0897,1.1968,0,2,0,0,0,0,0.2388,32.83,9.17,41.47,8841.51,8806.12,0,0.0204,0.5924,0,0
2026-09-09T15:44:04.992802+00:00,dos_slowloris_v1,dos_slowloris_v1__run_001,impact,T1499.002,5,2,0.7219,0.9882,0.0245,166.28,465.59,0.8693,5,14,1.2589,3.6553,1.1312,0.0738,1.3527,0,3,0,0,0,0,0.356,33.26,11.79,46.77,7794.81,7744.46,0,0.0,1.1143,0,0
2026-09-09T15:44:09.992802+00:00,dos_slowloris_v1,dos_slowloris_v1__run_001,impact,T1499.002,3,2,0.9183,1.0,0.0,758.22,1971.37,0.9097,15,39,1.7331,3.2774,1.2781,0.1011,1.5815,0,2,0,0,0,0,0.3778,50.55,20.87,70.99,7935.87,10050.09,0,0.0296,0.715,0,0
2026-09-09T15:44:14.992802+00:00,dos_slowloris_v1,dos_slowloris_v1__run_001,impact,T1499.002,8,2,0.9544,1.0,0.0,652.29,1671.49,0.839,16,41,1.6394,3.9897,1.0509,0.1143,1.3938,1,5,0,0,0,0,0.3836,40.77,7.8,55.37,7491.67,8058.8,0,0.0,0.2615,0,1
2026-09-09T15:44:19.992802+00:00,dos_slowloris_v1,dos_slowloris_v1__run_001,impact,T1499.002,3,1,-0.0,0.9865,0.0322,241.01,562.35,0.9349,6,14,0.8855,1.6027,1.352,0.0689,1.5588,0,2,0,0,0,0,0.4172,40.17,4.45,46.04,7783.88,7925.23,0,0.0,0.9229,0,0
2026-09-09T15:44:24.992802+00:00,dos_slowloris_v1,dos_slowloris_v1__run_001,impact,T1499.002,3,2,0.9183,0.9565,0.0591,442.47,863.86,0.9012,21,41,0.6673,0.8248,1.6759,0.1568,2.1463,0,2,0,0,0,0,0.501,21.07,3.63,25.21,9555.34,6848.55,0,0.0,1.2728,0,0
2026-09-09T15:44:29.992802+00:00,dos_slowloris_v1,dos_slowloris_v1__run_001,impact,T1499.002,5,2,0.971,1.0,0.0,856.19,2140.48,0.869,20,50,1.1996,2.3696,1.0167,0.1513,1.4706,0,3,0,0,0,0,0.3981,42.81,15.14,67.81,7765.17,8737.5,0,0.0,0.0,0,0
2026-09-09T15:44:34.992802+00:00,dos_slowloris_v1,dos_slowloris_v1__run_001,impact,T1499.002,3,2,0.9183,0.9828,0.0282,837.7,2303.68,0.9051,24,66,1.1126,2.6905,1.1631,0.1288,1.5494,0,2,0,0,0,0,0.3619,34.9,6.64,42.44,10493.73,7737.41,0,0.0013,0.9009,0,0
2026-09-09T15:44:39.992802+00:00,dos_slowloris_v1,dos_slowloris_v1__run_001,impact,T1499.002,5,2,0.7219,1.0,0.0023,1200.67,3396.18,0.9526,35,99,1.6433,2.8976,1.2117,0.1012,1.5154,0,3,0,0,0,0,0.3515,34.3,4.32,39.91,8595.86,7578.72,0,0.0,1.7848,0,0
2026-09-09T15:44:44.992802+00:00,dos_slowloris_v1,dos_slowloris_v1__run_001,impact,T1499.002,5,2,0.7219,1.0,0.0239,777.72,1710.97,0.7639,20,44,1.2444,2.8111,1.4119,0.1126,1.7497,0,3,0,0,0,0,0.4527,38.89,8.05,51.78,8018.25,9367.89,0,0.0157,0.7604,0,0
2026-09-09T15:44:49.992802+00:00,dos_slowloris_v1,dos_slowloris_v1__run_001,impact,T1499.002,3,1,-0.0,0.9964,0.0329,591.69,1301.71,0.8618,15,33,1.3485,1.9924,1.3438,0.166,1.8418,0,2,0,0,0,0,0.4511,39.45,12.07,54.52,8094.36,6755.1,0,0.0409,1.4828,0,1
2026-09-09T15:44:54.992802+00:00,dos_slowloris_v1,dos_slowloris_v1__run_001,impact,T1499.002,8,2,1.0,1.0,0.0,3153.96,6702.16,0.8173,72,153,1.7279,4.7738,1.2569,0.1217,1.622,1,5,0,0,0,0,0.4684,43.8,15.64,61.36,7703.3,8012.33,0,0.0261,0.9841,0,0
2026-09-09T15:44:59.992802+00:00,dos_slowloris_v1,dos_slowloris_v1__run_001,impact,T1499.002,2,2,1.0,0.9346,0.0416,549.65,1030.59,0.8051,8,15,0.7882,1.2151,1.332,0.0962,1.6206,0,1,0,0,0,0,0.5111,68.71,35.04,103.75,9916.72,8262.74,0,0.0154,1.1907,0,0
2026-09-09T15:45:04.992802+00:00,dos_slowloris_v1,dos_slowloris_v1__run_001,impact,T1499.002,6,2,1.0,1.0,0.0,613.15,1566.94,0.8391,18,46,1.9307,4.5935,1.3065,0.106,1.6245,0,4,0,0,0,0,0.3878,34.06,7.65,50.86,9483.58,8651.24,0,0.03,1.5714,0,0
2026-09-09T15:45:09.992802+00:00,dos_slowloris_v1,dos_slowloris_v1__run_001,impact,T1499.002,7,2,0.5917,1.0,0.0,923.07,2417.57,0.888,21,55,1.035,2.1725,1.0852,0.158,1.559,1,5,0,0,0,0,0.3801,43.96,14.46,65.51,8831.67,9715.83,0,0.0,1.1243,0,0
2026-09-09T15:45:14.992802+00:00,dos_slowloris_v1,dos_slowloris_v1__run_001,impact,T1499.002,2,1,-0.0,0.9553,0.0895,347.58,608.27,0.9097,8,14,1.2003,3.2251,1.4292,0.1708,1.9416,0,1,0,0,0,0,0.557,43.45,3.54,46.99,8157.64,10683.12,0,0.0,1.2325,0,0
2026-09-09T15:45:19.992802+00:00,dos_slowloris_v1,dos_slowloris_v1__run_001,impact,T1499.002,6,2,1.0,1.0,0.0,932.01,3417.37,0.9219,24,88,1.2701,2.0869,1.4975,0.1077,1.8204,0,4,0,0,0,0,0.2726,38.83,9.8,55.01,7539.53,9284.92,0,0.0416,1.3233,0,0
2026-09-09T15:45:24.992802+00:00,dos_slowloris_v1,dos_slowloris_v1__run_001,impact,T1499.002,3,2,0.9183,0.9876,0.0095,737.54,2007.74,0.9361,18,49,1.6682,3.6596,1.3322,0.0916,1.6069,0,2,0,0,0,0,0.3623,40.97,6.39,46.09,8169.16,8094.09,0,0.0077,1.0244,0,0
2026-09-09T15:45:29.992802+00:00,dos_slowloris_v1,dos_slowloris_v1__run_001,impact,T1499.002,8,2,1.0,0.9734,0.0291,2020.45,7113.65,0.9338,48,169,1.0856,1.9265,1.4756,0.0789,1.7125,1,5,0,0,0,0,0.2829,42.09,18.13,81.11,9585.69,8389.04,0,0.0025,1.2262,0,1
2026-09-09T15:45:34.992802+00:00,dos_slowloris_v1,dos_slowloris_v1__run_001,impact,T1499.002,6,2,0.65,0.9868,0.0279,545.93,1774.29,0.9683,12,39,1.2237,1.8876,1.1706,0.1521,1.6269,0,3,0,0,0,0,0.3035,45.49,16.47,73.92,9111.04,8245.21,0,0.0143,0.4175,0,0
2026-09-09T15:45:39.992802+00:00,dos_slowloris_v1,dos_slowloris_v1__run_001,impact,T1499.002,4,2,0.8113,0.9874,0.044,641.74,2278.17,0.9257,20,71,1.0594,1.966,1.1961,0.1637,1.687,0,2,0,0,0,0,0.281,32.09,7.56,42.3,7043.12,9110.24,0,0.0073,0.4339,0,0
2026-09-09T15:45:44.992802+00:00,dos_slowloris_v1,dos_slowloris_v1__run_001,impact,T1499.002,9,2,0.9183,1.0,0.0128,1899.22,4769.15,0.9875,45,113,0.7119,2.1172,1.1517,0.1115,1.4862,1,6,0,0,0,0,0.3979,42.2,9.17,61.26,9244.87,7541.46,0,0.0,0.8876,0,0
2026-09-09T15:45:49.992802+00:00,dos_slowloris_v1,dos_slowloris_v1__run_001,impact,T1499.002,8,2,0.5436,1.0,0.0,1686.41,5059.23,0.8475,48,144,0.698,1.5235,1.3382,0.1863,1.897,1,5,0,0,0,0,0.3328,35.13,9.79,50.46,7787.9,6366.63,0,0.0055,0.3734,0,0
2026-09-09T15:45:54.992802+00:00,dos_slowloris_v1,dos_slowloris_v1__run_001,impact,T1499.002,3,2,0.9183,0.991,0.0108,380.77,825.01,0.8683,6,13,1.8984,3.3649,1.3912,0.1007,1.6934,0,2,0,0,0,0,0.4423,63.46,25.91,83.56,6001.13,8399.34,0,0.0,0.8608,0,0
2026-09-09T15:45:59.992802+00:00,dos_slowloris_v1,dos_slowloris_v1__run_001,impact,T1499.002,1,1,-0.0,0.9815,0.0362,286.35,604.52,0.8841,9,19,1.2152,3.108,1.1605,0.088,1.4244,0,0,0,0,0,0,0.4678,31.82,0.0,31.82,7696.63,8764.43,0,0.0148,0.8315,0,0
2026-09-09T15:46:04.992802+00:00,dos_slowloris_v1,dos_slowloris_v1__run_001,impact,T1499.002,5,2,0.971,0.9456,0.0768,1975.62,5180.51,0.8668,45,118,0.8122,1.0473,1.3364,0.133,1.7355,0,3,0,0,0,0,0.3783,43.9,15.54,66.7,5888.37,10569.5,0,0.0,1.3844,0,0
2026-09-09T15:46:09.992802+00:00,dos_slowloris_v1,dos_slowloris_v1__run_001,impact,T1499.002,4,2,0.8113,1.0,0.0432,463.94,1188.84,0.8711,16,41,1.7502,3.4744,1.218,0.1505,1.6696,0,2,0,0,0,0,0.383,29.0,4.6,33.75,8516.92,9477.87,0,0.0,1.8033,0,1
2026-09-09T15:46:14.992802+00:00,dos_slowloris_v1,dos_slowloris_v1__run_001,impact,T1499.002,6,2,0.9183,0.9987,0.0,2282.68,4945.81,0.906,48,104,0.5888,1.7354,1.0989,0.1004,1.4002,0,4,0,0,0,0,0.4588,47.56,21.36,77.12,8292.98,7633.45,0,0.0147,1.4206,0,1
2026-09-09T15:46:19.992802+00:00,dos_slowloris_v1,dos_slowloris_v1__run_001,impact,T1499.002,3,2,0.9183,0.9924,0.0,672.92,1570.14,0.9093,21,49,1.2572,3.3748,1.2921,0.0691,1.4993,0,2,0,0,0,0,0.4203,32.04,14.01,51.37,7738.73,9306.38,0,0.0136,0.709,0,0
2026-09-09T15:46:24.992802+00:00,dos_slowloris_v1,dos_slowloris_v1__run_001,impact,T1499.002,4,2,0.8113,1.0,0.0,140.95,317.13,0.9034,4,9,0.6559,1.929,1.4407,0.194,2.0226,0,2,0,0,0,0,0.4328,35.24,12.08,53.43,7618.04,8223.22,0,0.0265,1.5228,0,0
2026-09-09T15:46:29.992802+00:00,dos_slowloris_v1,dos_slowloris_v1__run_001,impact,T1499.002,2,2,1.0,1.0,0.0,478.8,1197.0,0.9163,14,35,1.3256,3.9375,1.427,0.1633,1.917,0,1,0,0,0,0,0.3901,34.2,5.43,39.63,7120.26,8587.01,0,0.0081,1.2754,0,0
2026-09-09T15:46:34.992802+00:00,dos_slowloris_v1,dos_slowloris_v1__run_001,impact,T1499.002,2,1,-0.0,1.0,0.0,594.93,2131.84,0.935,12,43,1.1517,3.0625,0.9316,0.0921,1.2081,0,1,0,0,0,0,0.277,49.58,1.96,51.54,8528.5,10018.36,0,0.0,0.8863,0,0
2026-09-09T15:46:39.992802+00:00,dos_slowloris_v1,dos_slowloris_v1__run_001,impact,T1499.002,8,2,1.0,0.9671,0.0339,2116.79,3395.69,0.8539,48,77,1.8547,4.3151,1.2809,0.1897,1.85,1,5,0,0,0,0,0.619,44.1,18.96,75.09,7431.07,7097.39,0,0.0209,0.7197,0,0
2026-09-09T15:46:44.992802+00:00,dos_slowloris_v1,dos_slowloris_v1__run_001,impact,T1499.002,6,2,1.0,1.0,0.0,2463.63,7353.55,0.9523,66,197,1.4706,3.1785,1.3904,0.0868,1.6508,0,4,0,0,0,0,0.3335,37.33,7.16,45.94,6742.18,8632.24,0,0.131,1.8871,0,0
2026-09-09T15:46:49.992802+00:00,dos_slowloris_v1,dos_slowloris_v1__run_001,impact,T1499.002,2,2,1.0,0.9686,0.0446,273.04,682.61,0.9564,8,20,1.9683,5.2041,1.1201,0.0589,1.2969,0,1,0,0,0,0,0.3826,34.13,1.97,36.1,7662.13,7670.4,0,0.0309,1.9183,0,0
2026-09-09T15:46:54.992802+00:00,dos_slowloris_v1,dos_slowloris_v1__run_001,impact,T1499.002,2,1,-0.0,0.9981,0.0,401.89,1125.3,0.9454,10,28,0.8584,2.1432,1.1501,0.0774,1.3825,0,1,0,0,0,0,0.3521,40.19,0.98,41.17,9672.87,7487.57,0,0.0,0.0723,0,0
2026-09-09T15:46:59.992802+00:00,dos_slowloris_v1,dos_slowloris_v1__run_001,impact,T1499.002,4,2,0.8113,1.0,0.0145,236.38,561.4,0.8986,8,19,0.6021,0.8812,1.2473,0.1562,1.716,0,2,0,0,0,0,0.4019,29.55,8.5,43.17,8463.4,7664.26,0,0.0215,1.5616,0,0
2026-09-09T15:47:04.992802+00:00,dos_slowloris_v1,dos_slowloris_v1__run_001,impact,T1499.002,1,1,-0.0,1.0,0.027,210.16,570.44,0.8799,7,19,1.7216,3.432,1.271,0.1422,1.6978,0,0,0,0,0,0,0.3547,30.02,0.0,30.02,8260.11,8488.52,0,0.0412,0.7272,0,0
2026-09-09T15:47:09.992802+00:00,dos_slowloris_v1,dos_slowloris_v1__run_001,impact,T1499.002,6,2,0.65,0.9993,0.0,665.02,1293.08,0.8217,18,35,0.7366,1.5892,1.7387,0.2488,2.4851,1,3,0,0,0,0,0.5101,36.95,12.78,62.39,8747.23,6566.43,0,0.0,0.5641,0,0
2026-09-09T15:47:14.992802+00:00,dos_slowloris_v1,dos_slowloris_v1__run_001,impact,T1499.002,1,1,-0.0,1.0,0.0,118.9,178.35,0.9567,4,6,0.636,1.6088,1.2113,0.1233,1.5814,0,0,0,0,0,0,0.6106,29.72,0.0,29.72,7509.11,7537.5,0,0.008,0.9634,0,0
2026-09-09T15:47:19.992802+00:00,dos_slowloris_v1,dos_slowloris_v1__run_001,impact,T1499.002,6,2,1.0,1.0,0.0192,1450.62,3661.09,0.8877,42,106,1.1226,1.9389,1.3172,0.1206,1.679,0,4,0,0,0,0,0.3947,34.54,5.39,41.55,7572.08,6710.27,0,0.0,0.6499,0,1
2026-09-09T15:47:24.992802+00:00,dos_slowloris_v1,dos_slowloris_v1__run_001,impact,T1499.002,4,2,0.8113,0.9987,0.0,1588.73,3883.57,0.8493,36,88,1.012,1.8033,1.4253,0.1343,1.8283,0,2,0,0,0,0,0.4068,44.13,14.62,69.4,9643.91,6810.24,0,0.0032,1.1596,0,0
2026-09-09T15:47:29.992802+00:00,dos_slowloris_v1,dos_slowloris_v1__run_001,impact,T1499.002,4,2,0.8113,0.9783,0.0287,893.99,2207.04,0.8901,32,79,0.7422,1.9975,1.2657,0.1437,1.6968,0,2,0,0,0,0,0.4002,27.94,4.41,35.01,8790.53,6871.28,0,0.0,0.1393,0,0
2026-09-09T15:47:34.992802+00:00,dos_slowloris_v1,dos_slowloris_v1__run_001,impact,T1499.002,5,2,0.971,1.0,0.0237,601.07,1923.43,0.868,15,48,1.5741,3.5661,1.2622,0.1354,1.6685,0,3,0,0,0,0,0.3064,40.07,7.38,53.98,9094.23,8853.49,0,0.0,1.4101,0,0
2026-09-09T15:47:39.992802+00:00,dos_slowloris_v1,dos_slowloris_v1__run_001,impact,T1499.002,2,1,-0.0,1.0,0.0025,280.5,631.13,0.8264,8,18,1.2916,2.8445,1.076,0.1222,1.4426,0,1,0,0,0,0,0.44,35.06,4.11,39.17,9056.76,7551.4,0,0.0192,1.1812,0,0
2026-09-09T15:47:44.992802+00:00,dos_slowloris_v1,dos_slowloris_v1__run_001,impact,T1499.002,5,1,-0.0,1.0,0.0014,1746.33,3302.16,0.8892,55,104,1.6837,2.5854,1.2894,0.1381,1.7038,0,3,0,0,0,0,0.5254,31.75,6.65,39.14,8337.13,8358.88,0,0.0,1.439,0,0
2026-09-09T15:47:49.992802+00:00,dos_slowloris_v1,dos_slowloris_v1__run_001,impact,T1499.002,6,2,1.0,0.9851,0.0424,701.96,1754.89,0.8789,18,45,1.2887,2.4863,1.3443,0.1228,1.7127,0,4,0,0,0,0,0.3994,39.0,9.95,52.02,5903.13,7885.8,0,0.0491,1.3765,0,0
2026-09-09T15:47:54.992802+00:00,dos_slowloris_v1,dos_slowloris_v1__run_001,impact,T1499.002,6,2,0.9183,1.0,0.0,2008.85,13392.36,0.8351,54,360,1.1378,1.4773,1.4219,0.084,1.6739,0,4,0,0,0,0,0.1498,37.2,7.06,51.56,7747.87,9968.16,0,0.0,0.4476,0,0
2026-09-09T15:47:59.992802+00:00,dos_slowloris_v1,dos_slowloris_v1__run_001,impact,T1499.002,5,2,0.971,0.9863,0.0497,793.71,2460.5,0.8492,20,62,1.3488,3.7831,1.1077,0.159,1.5847,0,3,0,0,0,0,0.3191,39.69,12.39,63.82,6126.0,9133.8,0,0.0,1.0652,0,0
2026-09-09T15:48:04.992802+00:00,dos_slowloris_v1,dos_slowloris_v1__run_001,impact,T1499.002,5,2,0.7219,1.0,0.0,1601.52,3603.42,0.8993,40,90,0.7069,0.9826,0.9939,0.1295,1.3823,0,3,0,0,0,0,0.4408,40.04,7.28,52.36,7331.61,6142.45,0,0.013,1.088,0,0
2026-09-09T15:48:09.992802+00:00,dos_slowloris_v1,dos_slowloris_v1__run_001,impact,T1499.002,0,0,0.0,0.969,0.0168,0.0,0.0,0.8807,0,0,1.8782,2.8272,1.4047,0.1632,1.8942,0,0,0,0,0,0,0.5587,36.36,0.0,36.36,9166.04,9443.91,0,0.0,0.6692,0,0
2026-09-09T15:48:14.992802+00:00,dos_slowloris_v1,dos_slowloris_v1__run_001,impact,T1499.002,2,1,-0.0,0.9566,0.0382,448.0,1747.22,0.8786,10,39,0.9047,1.7465,1.3505,0.123,1.7194,0,1,0,0,0,0,0.2556,44.8,5.92,50.72,7517.15,8879.13,0,0.0,1.0706,0,0
2026-09-09T15:48:19.992802+00:00,dos_slowloris_v1,dos_slowloris_v1__run_001,impact,T1499.002,2,2,1.0,0.9701,0.052,228.66,419.21,0.9607,6,11,1.269,2.523,1.3761,0.1272,1.7576,0,1,0,0,0,0,0.5171,38.11,26.1,64.21,8016.15,9420.69,0,0.0696,0.9497,0,0
2026-09-09T15:48:24.992802+00:00,dos_slowloris_v1,dos_slowloris_v1__run_001,impact,T1499.002,8,2,0.9544,1.0,0.003,1574.12,6886.78,0.8851,48,210,1.2879,2.3198,1.433,0.1613,1.917,1,5,0,0,0,0,0.2279,32.79,8.72,46.84,8341.96,8323.77,0,0.0,0.6987,0,1
2026-09-09T15:48:29.992802+00:00,dos_slowloris_v1,dos_slowloris_v1__run_001,impact,T1499.002,3,2,0.9183,0.9652,0.0165,476.18,1269.82,0.895,18,48,0.7065,1.5542,1.1925,0.1444,1.6257,0,2,0,0,0,0,0.37,26.45,4.08,29.67,8770.37,8809.07,0,0.0,1.7143,0,0
2026-09-09T15:48:34.992802+00:00,dos_slowloris_v1,dos_slowloris_v1__run_001,impact,T1499.002,5,2,0.971,1.0,0.0014,754.15,2141.77,0.9268,25,71,1.4478,3.0263,1.2891,0.1927,1.8673,0,3,0,0,0,0,0.3506,30.17,7.51,40.28,7599.06,8275.12,0,0.0072,0.7838,0,1
2026-09-09T15:48:39.992802+00:00,dos_slowloris_v1,dos_slowloris_v1__run_001,impact,T1499.002,3,2,0.9183,0.9707,0.0561,279.72,885.79,0.8781,6,19,0.7524,1.5678,1.3063,0.1536,1.767,0,1,0,0,0,0,0.3042,46.62,10.41,61.1,8274.7,6005.48,0,0.0,1.7444,0,0
2026-09-09T15:48:44.992802+00:00,dos_slowloris_v1,dos_slowloris_v1__run_001,impact,T1499.002,4,2,1.0,0.9943,0.0105,976.98,3279.85,0.8461,28,94,1.6935,2.0942,1.1141,0.1605,1.5955,0,2,0,0,0,0,0.2976,34.89,14.32,59.42,10011.1,7806.28,0,0.0021,0.6635,0,0
2026-09-09T15:48:49.992802+00:00,dos_slowloris_v1,dos_slowloris_v1__run_001,impact,T1499.002,7,2,0.9852,1.0,0.0273,1028.77,2718.89,0.9364,28,74,1.2902,3.5856,1.1165,0.0971,1.4078,1,4,0,0,0,0,0.3737,36.74,10.46,49.85,6478.67,7150.56,0,0.0143,1.2683,0,0
2026-09-09T15:48:54.992802+00:00,dos_slowloris_v1,dos_slowloris_v1__run_001,impact,T1499.002,6,2,0.9183,0.9712,0.0387,1610.18,3182.02,0.8088,42,83,1.1156,2.2394,1.434,0.2046,2.0478,0,4,0,0,0,0,0.5026,38.34,9.9,57.96,7146.18,9015.61,0,0.0286,1.08,0,0
2026-09-09T15:48:59.992802+00:00,dos_slowloris_v1,dos_slowloris_v1__run_001,impact,T1499.002,6,2,1.0,1.0,0.0,1256.93,3840.62,0.858,36,110,1.6563,2.75,1.1034,0.0988,1.3998,0,4,0,0,0,0,0.3268,34.91,11.23,57.18,9069.6,8638.05,0,0.0148,0.9652,0,0
2026-09-09T15:49:04.992802+00:00,dos_slowloris_v1,dos_slowloris_v1__run_001,impact,T1499.002,2,1,-0.0,0.9506,0.0198,328.79,1409.1,0.8094,14,60,0.995,2.4399,1.3961,0.1936,1.9769,0,1,0,0,0,0,0.2316,23.49,2.66,26.15,8152.32,7611.58,0,0.0,1.2249,0,0
2026-09-09T15:49:09.992802+00:00,dos_slowloris_v1,dos_slowloris_v1__run_001,impact,T1499.002,6,2,1.0,0.975,0.003,1839.38,4861.22,0.8571,42,111,1.5014,3.968,1.3646,0.0735,1.585,0,4,0,0,0,0,0.3775,43.79,10.41,61.16,7809.26,7601.94,0,0.002,0.7562,0,0
2026-09-09T15:49:14.992802+00:00,dos_slowloris_v1,dos_slowloris_v1__run_001,impact,T1499.002,6,2,1.0,1.0,0.0,1531.75,4011.73,0.9235,42,110,1.9361,5.0155,1.6243,0.2039,2.2359,0,4,0,0,0,0,0.3788,36.47,13.4,55.29,7000.47,8660.71,0,0.0509,0.8884,0,0
2026-09-09T15:49:19.992802+00:00,dos_slowloris_v1,dos_slowloris_v1__run_001,impact,T1499.002,0,0,0.0,1.0,0.0362,0.0,0.0,0.8201,0,0,0.9732,2.1396,1.1438,0.123,1.5128,0,0,0,0,0,0,0.3738,37.28,0.0,37.28,8641.96,5935.17,0,0.0,0.2951,0,0
2026-09-09T15:49:24.992802+00:00,dos_slowloris_v1,dos_slowloris_v1__run_001,impact,T1499.002,6,2,0.9183,1.0,0.0,1636.76,8222.75,0.8951,42,211,0.6842,1.1286,1.0618,0.1468,1.5023,0,4,0,0,0,0,0.1982,38.97,10.28,60.26,6428.89,9121.38,0,0.0112,0.0434,0,0
2026-09-09T15:49:29.992802+00:00,dos_slowloris_v1,dos_slowloris_v1__run_001,impact,T1499.002,4,2,0.8113,1.0,0.0297,726.41,1604.16,0.9894,24,53,0.7815,1.9981,1.3773,0.0747,1.6015,0,2,0,0,0,0,0.4509,30.27,7.15,41.36,9974.84,8963.95,0,0.0673,1.7523,0,0
2026-09-09T15:49:34.992802+00:00,dos_slowloris_v1,dos_slowloris_v1__run_001,impact,T1499.002,2,2,1.0,1.0,0.0461,446.2,780.85,0.8876,12,21,1.587,4.6192,1.3592,0.1915,1.9337,0,1,0,0,0,0,0.5475,37.18,7.82,45.0,6359.78,7262.05,0,0.0116,1.7735,0,0
2026-09-09T15:49:39.992802+00:00,dos_slowloris_v1,dos_slowloris_v1__run_001,impact,T1499.002,2,1,-0.0,1.0,0.0,459.02,1573.78,0.8998,14,48,0.6626,1.5535,1.1579,0.0947,1.4419,0,1,0,0,0,0,0.2888,32.79,4.43,37.22,8424.47,7945.81,0,0.0076,0.9803,0,0
2026-09-09T15:49:44.992802+00:00,dos_slowloris_v1,dos_slowloris_v1__run_001,impact,T1499.002,2,2,1.0,1.0,0.0208,360.68,811.52,0.8562,8,18,1.45,3.4135,1.2567,0.1731,1.7759,0,1,0,0,0,0,0.4276,45.08,0.33,45.41,9713.48,9159.4,0,0.0,0.8016,0,0
2026-09-09T15:49:49.992802+00:00,dos_slowloris_v1,dos_slowloris_v1__run_001,impact,T1499.002,4,1,-0.0,0.9832,0.0092,1475.11,5490.69,0.9525,36,134,1.1068,2.4163,1.0849,0.1107,1.4171,0,2,0,0,0,0,0.2677,40.98,5.87,48.22,7589.14,8072.94,0,0.0113,1.025,0,0
2026-09-09T15:49:54.992802+00:00,dos_slowloris_v1,dos_slowloris_v1__run_001,impact,T1499.002,3,2,0.9183,1.0,0.0,683.27,1958.72,0.9623,15,43,1.7896,4.5089,1.232,0.1535,1.6927,0,2,0,0,0,0,0.3453,45.55,22.7,77.46,9210.44,8330.83,0,0.0347,1.7061,0,0
2026-09-09T15:49:59.992802+00:00,dos_slowloris_v1,dos_slowloris_v1__run_001,impact,T1499.002,3,1,-0.0,1.0,0.0105,487.63,1015.89,0.8938,12,25,1.0529,2.1572,1.0988,0.1628,1.5872,0,2,0,0,0,0,0.4714,40.64,11.41,55.77,7213.51,6528.91,0,0.0225,1.2678,0,1
2026-09-09T15:50:04.992802+00:00,dos_slowloris_v1,dos_slowloris_v1__run_001,impact,T1499.002,6,2,1.0,1.0,0.0,2159.42,5638.49,0.9123,54,141,1.6134,4.1131,1.1811,0.0833,1.431,0,4,0,0,0,0,0.3826,39.99,9.06,56.9,6861.36,7263.0,0,0.0104,0.8174,0,0
2026-09-09T15:50:09.992802+00:00,dos_slowloris_v1,dos_slowloris_v1__run_001,impact,T1499.002,3,2,0.9183,1.0,0.0032,393.4,786.81,0.9248,18,36,1.4013,1.9271,1.166,0.1455,1.6025,0,2,0,0,0,0,0.4969,21.86,11.81,38.13,7116.93,6977.7,0,0.0188,2.9492,0,0
2026-09-09T15:50:14.992802+00:00,dos_slowloris_v1,dos_slowloris_v1__run_001,impact,T1499.002,1,1,-0.0,0.9937,0.0,244.19,335.77,0.9532,8,11,1.7119,3.7197,1.2404,0.1471,1.6818,0,0,0,0,0,0,0.6681,30.52,0.0,30.52,6815.85,8622.72,0,0.0565,1.0936,0,0
2026-09-09T15:50:19.992802+00:00,dos_slowloris_v1,dos_slowloris_v1__run_001,impact,T1499.002,4,2,0.8113,0.9846,0.048,1038.77,2135.26,0.9434,36,74,1.1993,1.4797,1.182,0.1673,1.684,0,2,0,0,0,0,0.4816,28.85,7.18,40.87,7378.37,6283.06,0,0.0203,1.118,0,0
2026-09-09T15:50:24.992802+00:00,dos_slowloris_v1,dos_slowloris_v1__run_001,impact,T1499.002,3,1,-0.0,0.9872,0.0105,474.66,1265.77,0.8658,12,32,1.2297,3.4251,1.1196,0.1266,1.4993,0,2,0,0,0,0,0.3703,39.56,18.32,65.44,7451.52,7570.71,0,0.0,1.2887,0,0
2026-09-09T15:50:29.992802+00:00,dos_slowloris_v1,dos_slowloris_v1__run_001,impact,T1499.002,7,2,0.8631,0.944,0.0614,2426.66,5806.64,0.8693,56,134,0.8388,2.4328,1.1524,0.1121,1.4888,1,4,0,0,0,0,0.4172,43.33,15.35,71.22,7459.17,10027.37,0,0.0089,0.685,0,0
2026-09-09T15:50:34.992802+00:00,dos_slowloris_v1,dos_slowloris_v1__run_001,impact,T1499.002,2,1,-0.0,1.0,0.0,183.3,595.71,0.931,4,13,0.678,1.7178,1.1333,0.0602,1.3139,0,1,0,0,0,0,0.2887,45.82,12.43,58.25,7013.97,7384.78,0,0.0194,1.0213,0,0
2026-09-09T15:50:39.992802+00:00,dos_slowloris_v1,dos_slowloris_v1__run_001,impact,T1499.002,7,2,0.9852,1.0,0.0,2302.81,5551.41,1.0,56,135,0.8793,2.3437,1.0713,0.0951,1.3566,0,4,0,0,0,0,0.4132,41.12,8.81,54.49,7313.21,8257.81,0,0.0214,0.2876,0,0
2026-09-09T15:50:44.992802+00:00,dos_slowloris_v1,dos_slowloris_v1__run_001,impact,T1499.002,4,1,-0.0,1.0,0.0,709.33,1418.66,0.9725,20,40,0.7393,1.6032,1.2783,0.1689,1.7849,0,2,0,0,0,0,0.4922,35.47,20.03,70.0,6061.19,10096.07,0,0.053,0.764,0,0
