timestamp,persona_id,run_id,mitre_stage,technique_id,flow_count,unique_dst_ports,dest_port_entropy,tcp_ratio,udp_ratio,bytes_fwd_sum,bytes_bwd_sum,bidirectional_ratio,pkts_fwd_sum,pkts_bwd_sum,duration_mean,duration_max,iat_mean,iat_std,iat_max,syn_flag_sum,ack_flag_sum,fin_flag_sum,rst_flag_sum,psh_flag_sum,urg_flag_sum,down_up_ratio_mean,pkt_len_mean,pkt_len_std,pkt_len_max,init_fwd_win_mean,init_bwd_win_mean,fwd_psh_flags_sum,port_scan_score,ttl_variance,ip_fragment_flags,retransmit_count
2026-09-03T22:16:08.115312+00:00,dos_hulk_v1,dos_hulk_v1__run_002,impact,T1499,130,2,0.9957,0.9913,0.0,131151.62,232239.26,0.9124,650,1151,0.045,0.0833,0.0398,0.001,0.0428,91,24,0,8,3,0,0.5645,201.77,58.67,386.85,7161.1,8935.8,2,0.0254,1.7826,0,5
2026-09-03T22:16:13.115312+00:00,dos_hulk_v1,dos_hulk_v1__run_002,impact,T1499,126,2,1.0,0.9693,0.0251,153844.85,346761.41,1.0,756,1704,0.0244,0.0713,0.045,0.0015,0.0494,90,22,0,4,0,2,0.4435,203.5,67.8,407.2,9750.66,9053.37,0,0.0217,1.416,0,8
2026-09-03T22:16:18.115312+00:00,dos_hulk_v1,dos_hulk_v1__run_002,impact,T1499,101,2,0.9965,0.9974,0.0038,61550.78,105225.43,0.9202,303,518,0.0338,0.0958,0.0494,0.0021,0.0557,69,20,0,4,5,1,0.5842,203.14,52.48,345.99,7918.52,10544.14,4,0.0248,1.3498,0,9
2026-09-03T22:16:23.115312+00:00,dos_hulk_v1,dos_hulk_v1__run_002,impact,T1499,144,2,1.0,0.9805,0.0204,316284.96,787717.28,0.9931,1584,3945,0.0337,0.0846,0.039,0.0029,0.0478,103,28,2,9,3,6,0.4015,199.67,50.57,396.25,8364.12,7534.39,1,0.01,0.8458,0,6
2026-09-03T22:16:28.115312+00:00,dos_hulk_v1,dos_hulk_v1__run_002,impact,T1499,116,2,0.9991,0.9612,0.045,116443.09,184702.84,1.0,580,920,0.0352,0.0866,0.0443,0.0031,0.0535,80,22,1,3,0,0,0.6304,200.76,52.78,360.27,8208.87,9418.08,0,0.0024,0.9338,0,4
2026-09-03T22:16:33.115312+00:00,dos_hulk_v1,dos_hulk_v1__run_002,impact,T1499,129,2,0.9996,1.0,0.0219,103725.25,164432.67,0.9832,516,818,0.0231,0.0569,0.0429,0.0011,0.0462,90,24,2,9,6,0,0.6303,201.02,64.88,494.93,9389.33,8475.2,4,0.0,0.7899,0,6
2026-09-03T22:16:38.115312+00:00,dos_hulk_v1,dos_hulk_v1__run_002,impact,T1499,113,2,0.9954,0.9738,0.0435,114605.96,166127.93,0.9879,565,819,0.0575,0.1258,0.0365,0.001,0.0394,81,24,2,4,6,2,0.6893,202.84,62.43,382.65,8232.54,9668.85,4,0.0214,0.3096,0,5
2026-09-03T22:16:43.115312+00:00,dos_hulk_v1,dos_hulk_v1__run_002,impact,T1499,135,2,0.9857,1.0,0.0,218328.67,352560.38,0.8876,1080,1744,0.0204,0.0442,0.0424,0.0029,0.0511,92,24,3,9,2,0,0.6192,202.16,57.81,389.9,9536.11,8653.43,1,0.0,0.1133,0,4
2026-09-03T22:16:48.115312+00:00,dos_hulk_v1,dos_hulk_v1__run_002,impact,T1499,140,2,0.988,1.0,0.0,139684.15,255422.44,1.0,700,1280,0.0403,0.0755,0.0377,0.0028,0.0461,97,30,5,4,0,0,0.5465,199.55,64.68,428.16,7632.25,6290.64,0,0.0088,0.8688,0,12
2026-09-03T22:16:53.115312+00:00,dos_hulk_v1,dos_hulk_v1__run_002,impact,T1499,139,2,0.9638,0.9434,0.0867,279260.63,524567.99,0.9857,1390,2611,0.0326,0.0424,0.0506,0.0021,0.0569,100,25,6,5,5,0,0.5323,200.91,52.54,351.57,8394.02,9181.28,4,0.03,0.9139,0,13
2026-09-03T22:16:58.115312+00:00,dos_hulk_v1,dos_hulk_v1__run_002,impact,T1499,125,2,0.9963,0.9892,0.0,182040.76,279822.66,1.0,875,1345,0.0295,0.0622,0.0428,0.0024,0.05,86,28,5,12,7,0,0.6501,208.05,65.72,406.78,8598.34,7764.36,3,0.0065,0.04,0,8
2026-09-03T22:17:03.115312+00:00,dos_hulk_v1,dos_hulk_v1__run_002,impact,T1499,121,2,0.9782,1.0,0.0189,146529.19,214949.84,0.874,726,1065,0.0497,0.094,0.0446,0.003,0.0536,90,25,0,5,5,0,0.6816,201.83,62.87,378.48,8081.9,8756.12,4,0.0,1.0904,0,6
2026-09-03T22:17:08.115312+00:00,dos_hulk_v1,dos_hulk_v1__run_002,impact,T1499,127,2,0.987,0.9938,0.0,125929.27,195537.41,0.9585,635,986,0.0324,0.0403,0.0388,0.0026,0.0465,84,24,4,6,5,0,0.6439,198.31,56.53,350.11,7374.56,7209.05,4,0.0396,1.3611,0,3
2026-09-03T22:17:13.115312+00:00,dos_hulk_v1,dos_hulk_v1__run_002,impact,T1499,135,2,0.9825,1.0,0.0076,330674.93,608686.81,1.0,1620,2982,0.0575,0.077,0.0367,0.0021,0.043,91,21,0,8,0,3,0.5433,204.12,54.55,373.1,9250.05,8500.58,0,0.0,0.7421,0,8
2026-09-03T22:17:18.115312+00:00,dos_hulk_v1,dos_hulk_v1__run_002,impact,T1499,131,2,0.9878,0.9858,0.0307,51161.88,65612.19,0.8847,262,336,0.0586,0.1592,0.0389,0.0025,0.0465,93,26,2,3,6,0,0.7794,195.27,57.42,500.16,6606.41,8055.11,5,0.0479,0.3842,0,13
2026-09-03T22:17:23.115312+00:00,dos_hulk_v1,dos_hulk_v1__run_002,impact,T1499,102,2,0.9931,1.0,0.0028,58861.01,89445.65,0.918,306,465,0.0314,0.0673,0.0501,0.0015,0.0545,70,19,3,1,2,0,0.6577,192.36,58.34,386.16,7608.55,8697.32,1,0.0145,1.1169,0,5
2026-09-03T22:17:28.115312+00:00,dos_hulk_v1,dos_hulk_v1__run_002,impact,T1499,124,2,0.997,0.9643,0.0437,218342.47,334752.66,1.0,1116,1711,0.0578,0.0901,0.0401,0.003,0.0491,83,20,3,2,6,0,0.6521,195.65,58.22,366.17,7577.39,9286.66,5,0.0,0.7025,0,8
2026-09-03T22:17:33.115312+00:00,dos_hulk_v1,dos_hulk_v1__run_002,impact,T1499,152,2,1.0,1.0,0.0083,245546.89,348531.19,0.9658,1216,1726,0.0416,0.0653,0.0397,0.0019,0.0455,106,30,0,7,2,0,0.7043,201.93,65.5,578.94,6700.29,9124.9,1,0.0,1.494,0,6
2026-09-03T22:17:38.115312+00:00,dos_hulk_v1,dos_hulk_v1__run_002,impact,T1499,116,2,0.9966,0.9827,0.0167,202006.89,321779.17,0.9248,1044,1663,0.0309,0.0575,0.0414,0.0024,0.0484,84,23,4,7,5,1,0.6276,193.49,58.36,426.66,9264.86,7509.89,3,0.0,1.5969,0,7
2026-09-03T22:17:43.115312+00:00,dos_hulk_v1,dos_hulk_v1__run_002,impact,T1499,139,2,0.9982,0.9936,0.0029,170040.21,263419.6,0.9889,834,1292,0.0231,0.0342,0.0384,0.0029,0.047,99,31,1,8,6,1,0.6454,203.89,57.03,372.69,9859.42,8213.37,5,0.0,1.1264,0,11
2026-09-03T22:17:48.115312+00:00,dos_hulk_v1,dos_hulk_v1__run_002,impact,T1499,113,2,0.9932,0.9545,0.0373,220040.92,439302.94,0.9409,1130,2256,0.0522,0.1103,0.0393,0.0019,0.045,81,22,7,5,4,0,0.5008,194.73,56.17,384.06,7468.32,8361.95,2,0.03,1.3912,0,9
2026-09-03T22:17:53.115312+00:00,dos_hulk_v1,dos_hulk_v1__run_002,impact,T1499,120,2,0.9968,0.9539,0.0266,124756.17,223313.54,0.9496,600,1074,0.0299,0.0502,0.0414,0.0014,0.0455,88,22,5,9,3,0,0.5584,207.93,57.67,360.95,9835.18,8990.55,2,0.0392,0.3762,0,6
2026-09-03T22:17:58.115312+00:00,dos_hulk_v1,dos_hulk_v1__run_002,impact,T1499,141,2,1.0,1.0,0.0,109535.8,187997.62,0.8975,564,968,0.0536,0.0906,0.0381,0.0011,0.0415,103,27,2,5,3,1,0.5821,194.21,61.91,375.12,7651.17,7948.8,2,0.0,1.0166,0,7
2026-09-03T22:18:03.115312+00:00,dos_hulk_v1,dos_hulk_v1__run_002,impact,T1499,107,2,0.9994,0.9703,0.0294,175571.03,348224.99,0.8549,963,1910,0.048,0.1142,0.0495,0.0032,0.0592,75,23,1,2,3,0,0.5041,182.32,46.3,295.87,7183.1,7954.74,2,0.0,1.119,0,9
2026-09-03T22:18:08.115312+00:00,dos_hulk_v1,dos_hulk_v1__run_002,impact,T1499,124,2,0.9992,1.0,0.0427,177826.29,272066.03,0.9784,868,1328,0.0571,0.1073,0.0369,0.0024,0.0442,84,26,1,10,1,0,0.6533,204.87,56.61,407.1,8383.02,8177.09,0,0.0369,2.1812,0,5
2026-09-03T22:18:13.115312+00:00,dos_hulk_v1,dos_hulk_v1__run_002,impact,T1499,141,2,0.9772,1.0,0.0,135436.93,270489.64,0.9797,705,1408,0.0304,0.0777,0.0352,0.0012,0.0389,100,30,3,7,3,0,0.5007,192.11,58.84,418.56,8386.64,9551.35,2,0.0,0.5845,0,3
2026-09-03T22:18:18.115312+00:00,dos_hulk_v1,dos_hulk_v1__run_002,impact,T1499,122,2,0.9842,1.0,0.0015,117592.27,150556.66,0.9382,610,781,0.0334,0.0427,0.0402,0.0023,0.0471,79,26,1,5,2,3,0.781,192.77,54.54,379.55,9195.77,6989.47,1,0.0465,0.6831,0,8
2026-09-03T22:18:23.115312+00:00,dos_hulk_v1,dos_hulk_v1__run_002,impact,T1499,121,2,0.9996,1.0,0.0,101262.71,175535.97,1.0,484,839,0.025,0.0461,0.0315,0.0016,0.0364,86,26,0,6,4,0,0.5766,209.22,65.59,410.57,8291.45,7940.0,2,0.0318,0.8157,0,5
2026-09-03T22:18:28.115312+00:00,dos_hulk_v1,dos_hulk_v1__run_002,impact,T1499,128,2,0.9972,1.0,0.0,155311.44,303544.89,0.9301,768,1501,0.0244,0.0446,0.0414,0.0011,0.0446,88,28,3,3,2,0,0.5115,202.23,59.49,463.85,7602.64,8240.91,1,0.0,1.0775,0,6
2026-09-03T22:18:33.115312+00:00,dos_hulk_v1,dos_hulk_v1__run_002,impact,T1499,129,2,0.9989,0.98,0.0259,123314.1,197684.93,0.9098,645,1034,0.0564,0.0846,0.0406,0.0026,0.0484,86,26,0,5,5,2,0.6232,191.18,55.4,405.54,6685.63,9392.24,2,0.0077,1.0492,0,4
2026-09-03T22:18:38.115312+00:00,dos_hulk_v1,dos_hulk_v1__run_002,impact,T1499,116,2,0.9946,0.9873,0.0366,134987.1,192395.41,0.9447,696,992,0.0359,0.087,0.0402,0.0027,0.0483,80,20,3,5,0,0,0.7015,193.95,62.66,371.12,7388.67,6484.44,0,0.0,0.5328,0,5
2026-09-03T22:18:43.115312+00:00,dos_hulk_v1,dos_hulk_v1__run_002,impact,T1499,101,2,0.9914,1.0,0.0079,201546.17,455374.61,0.9931,1010,2282,0.0229,0.042,0.0406,0.0021,0.047,70,20,6,3,0,0,0.4425,199.55,59.01,376.91,7583.88,5423.74,0,0.0,0.3597,0,6
2026-09-03T22:18:48.115312+00:00,dos_hulk_v1,dos_hulk_v1__run_002,impact,T1499,133,2,0.9882,0.9825,0.0,83225.34,132242.76,0.9443,399,634,0.0305,0.058,0.0431,0.0026,0.0508,94,26,2,2,2,1,0.6288,208.58,63.85,443.92,8480.36,7874.56,1,0.0,0.7621,0,7
2026-09-03T22:18:53.115312+00:00,dos_hulk_v1,dos_hulk_v1__run_002,impact,T1499,84,2,0.9898,1.0,0.0,68734.95,110262.32,0.9805,336,539,0.0426,0.094,0.04,0.0024,0.0472,57,13,0,1,3,1,0.6233,204.57,53.53,342.64,8703.49,6805.08,2,0.0,0.6675,0,4
2026-09-03T22:18:58.115312+00:00,dos_hulk_v1,dos_hulk_v1__run_002,impact,T1499,141,2,1.0,1.0,0.0131,283865.86,702014.36,0.8792,1410,3487,0.0514,0.077,0.0385,0.0029,0.0471,98,27,0,7,1,0,0.4043,201.32,60.58,407.82,8809.2,8730.81,0,0.0358,0.9102,0,11
2026-09-03T22:19:03.115312+00:00,dos_hulk_v1,dos_hulk_v1__run_002,impact,T1499,128,2,0.9972,1.0,0.0,72162.71,116136.87,0.9089,384,618,0.0409,0.0613,0.0364,0.0025,0.0438,88,20,5,7,5,6,0.6205,187.92,50.48,373.85,10031.39,8782.65,2,0.0,0.2513,0,6
2026-09-03T22:19:08.115312+00:00,dos_hulk_v1,dos_hulk_v1__run_002,impact,T1499,138,2,0.9962,0.9908,0.0191,112102.28,153531.39,0.869,552,756,0.0331,0.0527,0.0371,0.0013,0.0411,95,24,5,10,3,0,0.7298,203.08,56.3,341.68,7828.64,9887.63,2,0.0,0.3087,0,10
2026-09-03T22:19:13.115312+00:00,dos_hulk_v1,dos_hulk_v1__run_002,impact,T1499,144,2,0.9999,1.0,0.0112,296766.09,519752.83,0.973,1440,2522,0.033,0.0794,0.0396,0.0019,0.0452,96,32,0,9,4,6,0.5709,206.09,59.51,380.34,7381.69,7617.46,2,0.0,1.4549,0,8
2026-09-03T22:19:18.115312+00:00,dos_hulk_v1,dos_hulk_v1__run_002,impact,T1499,119,2,0.9995,0.9522,0.0458,229007.06,330809.36,1.0,1190,1719,0.0294,0.0857,0.0415,0.0023,0.0484,81,23,2,4,3,0,0.692,192.44,55.64,363.28,7031.06,5812.07,2,0.0113,0.5809,0,11
2026-09-03T22:19:23.115312+00:00,dos_hulk_v1,dos_hulk_v1__run_002,impact,T1499,130,2,0.9916,1.0,0.0162,129858.76,177007.48,0.9916,650,886,0.0504,0.1192,0.0447,0.0031,0.0541,94,26,0,8,0,0,0.7332,199.78,55.74,373.83,6382.0,8208.35,0,0.0,1.7064,0,6
2026-09-03T22:19:28.115312+00:00,dos_hulk_v1,dos_hulk_v1__run_002,impact,T1499,137,2,0.9997,0.9585,0.0361,56754.92,97974.74,0.9421,274,473,0.0555,0.1248,0.0431,0.0017,0.0483,94,25,0,8,1,0,0.579,207.13,71.03,481.16,7324.02,8500.3,0,0.0,0.7755,0,3
2026-09-03T22:19:33.115312+00:00,dos_hulk_v1,dos_hulk_v1__run_002,impact,T1499,123,2,0.9977,0.9701,0.0325,48672.6,89826.67,1.0,246,454,0.0264,0.067,0.0368,0.0022,0.0434,86,25,1,7,4,0,0.5415,197.86,49.48,316.83,8297.63,6321.66,3,0.0414,1.0118,0,8
2026-09-03T22:19:38.115312+00:00,dos_hulk_v1,dos_hulk_v1__run_002,impact,T1499,119,2,0.9987,1.0,0.0,147269.92,302377.73,1.0,714,1466,0.056,0.144,0.0429,0.0016,0.0477,83,29,1,9,0,0,0.487,206.26,60.87,385.81,8093.94,7606.73,0,0.0103,2.0936,0,3
2026-09-03T22:19:43.115312+00:00,dos_hulk_v1,dos_hulk_v1__run_002,impact,T1499,139,2,0.9991,1.0,0.0,223311.48,357057.39,0.8883,1112,1778,0.0334,0.0483,0.0369,0.0015,0.0413,93,29,7,9,1,2,0.6251,200.82,57.01,393.27,7964.96,9689.85,0,0.0402,0.6288,0,3
2026-09-03T22:19:48.115312+00:00,dos_hulk_v1,dos_hulk_v1__run_002,impact,T1499,162,2,0.9946,0.9806,0.0451,224070.53,319705.58,0.8688,1134,1618,0.0509,0.0817,0.0449,0.0022,0.0516,113,33,7,7,8,1,0.7008,197.59,61.45,396.25,6247.94,9781.26,7,0.0663,2.1749,0,15
2026-09-03T22:19:53.115312+00:00,dos_hulk_v1,dos_hulk_v1__run_002,impact,T1499,144,2,0.9994,1.0,0.0,196939.34,378639.32,0.9691,1008,1938,0.0449,0.0546,0.0369,0.0016,0.0417,104,30,2,10,7,0,0.5199,195.38,51.86,369.46,7250.02,7921.87,6,0.0064,1.4902,0,7
2026-09-03T22:19:58.115312+00:00,dos_hulk_v1,dos_hulk_v1__run_002,impact,T1499,137,2,0.999,0.9887,0.0357,247474.64,326754.84,0.9381,1233,1628,0.0357,0.1008,0.0422,0.0016,0.0469,94,24,0,8,5,0,0.757,200.71,61.77,410.33,8863.95,7823.91,4,0.0346,1.0597,0,10
2026-09-03T22:20:03.115312+00:00,dos_hulk_v1,dos_hulk_v1__run_002,impact,T1499,122,2,0.9992,0.97,0.049,121329.14,213221.04,1.0,610,1072,0.0318,0.0679,0.0385,0.0024,0.0457,84,23,2,6,0,0,0.5688,198.9,55.57,427.91,8468.24,8573.92,0,0.0341,0.7789,0,9
2026-09-03T22:20:08.115312+00:00,dos_hulk_v1,dos_hulk_v1__run_002,impact,T1499,144,2,0.9999,1.0,0.0508,164263.89,235368.86,0.935,864,1238,0.0399,0.1192,0.0371,0.0023,0.0439,98,26,2,10,6,0,0.6974,190.12,55.54,345.34,8175.39,8264.49,4,0.0,0.8836,0,11
2026-09-03T22:20:13.115312+00:00,dos_hulk_v1,dos_hulk_v1__run_002,impact,T1499,132,2,0.9834,1.0,0.0,79094.43,128828.05,0.8882,396,645,0.0421,0.0915,0.0431,0.0032,0.0527,90,24,6,7,0,0,0.6139,199.73,55.48,482.65,7724.28,8538.0,0,0.0686,1.0576,0,9
2026-09-03T22:20:18.115312+00:00,dos_hulk_v1,dos_hulk_v1__run_002,impact,T1499,110,2,0.9847,0.9949,0.0,222228.13,346675.88,0.9882,1100,1716,0.0363,0.0729,0.0465,0.0022,0.0531,79,21,0,2,4,1,0.6408,202.03,60.54,381.14,9670.13,8781.21,2,0.0132,0.5853,0,12
2026-09-03T22:20:23.115312+00:00,dos_hulk_v1,dos_hulk_v1__run_002,impact,T1499,119,2,0.9995,1.0,0.0223,190207.86,287109.98,0.9665,952,1437,0.0397,0.1113,0.0342,0.0024,0.0415,82,27,1,5,3,0,0.662,199.8,58.78,380.12,8390.93,6498.38,2,0.0786,1.4822,0,3
2026-09-03T22:20:28.115312+00:00,dos_hulk_v1,dos_hulk_v1__run_002,impact,T1499,109,2,0.9985,0.9507,0.0268,168456.07,259831.9,0.9439,872,1345,0.0538,0.0982,0.039,0.0016,0.0437,75,20,0,8,4,2,0.648,193.18,55.68,422.17,8116.01,8096.23,2,0.0,1.363,0,5
2026-09-03T22:20:33.115312+00:00,dos_hulk_v1,dos_hulk_v1__run_002,impact,T1499,124,2,0.9983,0.9976,0.0131,149391.82,261837.28,0.9245,744,1304,0.0462,0.1208,0.0418,0.0014,0.0459,85,26,0,5,4,0,0.5704,200.8,58.02,400.33,8961.46,7460.72,2,0.0432,1.1838,0,1
2026-09-03T22:20:38.115312+00:00,dos_hulk_v1,dos_hulk_v1__run_002,impact,T1499,128,2,0.9993,1.0,0.0,51874.66,98683.43,0.9507,256,487,0.0391,0.099,0.0334,0.0012,0.0371,86,26,0,10,0,0,0.5246,202.64,62.13,375.78,8263.04,7884.49,0,0.0,1.0345,0,10
2026-09-03T22:20:43.115312+00:00,dos_hulk_v1,dos_hulk_v1__run_002,impact,T1499,140,2,0.9976,1.0,0.0177,150381.05,277345.61,0.9543,700,1291,0.0335,0.0664,0.0374,0.001,0.0404,98,24,0,2,3,3,0.5418,214.83,63.87,461.89,9918.55,7297.54,2,0.0005,0.0,0,5
2026-09-03T22:20:48.115312+00:00,dos_hulk_v1,dos_hulk_v1__run_002,impact,T1499,139,2,0.9955,0.9705,0.0355,115783.59,147436.66,0.9488,556,708,0.0405,0.113,0.0384,0.0022,0.045,97,25,2,6,4,0,0.7845,208.24,62.55,514.38,7252.71,10058.99,2,0.0516,1.2878,0,11
2026-09-03T22:20:53.115312+00:00,dos_hulk_v1,dos_hulk_v1__run_002,impact,T1499,136,2,0.9994,0.9851,0.0241,218215.38,406747.05,0.9667,1088,2028,0.0552,0.093,0.0371,0.0016,0.0418,98,29,0,4,10,2,0.5363,200.57,61.05,373.74,9646.79,8483.66,5,0.0045,1.8653,0,7
2026-09-03T22:20:58.115312+00:00,dos_hulk_v1,dos_hulk_v1__run_002,impact,T1499,130,2,0.9957,1.0,0.0,153232.79,326307.26,0.9251,780,1661,0.0543,0.1036,0.0426,0.0011,0.046,94,22,4,6,0,2,0.4695,196.45,54.98,401.26,7753.93,8993.13,0,0.0,0.5705,0,3
2026-09-03T22:21:03.115312+00:00,dos_hulk_v1,dos_hulk_v1__run_002,impact,T1499,129,2,0.9979,0.9888,0.0,316732.83,650857.33,0.9102,1548,3181,0.0572,0.1607,0.0337,0.0009,0.0364,91,23,3,5,0,0,0.4865,204.61,63.94,458.13,9255.17,8952.51,0,0.0089,1.7717,0,7
2026-09-03T22:21:08.115312+00:00,dos_hulk_v1,dos_hulk_v1__run_002,impact,T1499,142,2,0.9994,0.959,0.0334,227061.5,498895.7,0.8941,1136,2496,0.0549,0.1169,0.0444,0.0031,0.0537,95,29,0,5,0,1,0.4551,199.88,54.08,423.47,7577.52,8168.68,0,0.0,0.2837,0,8
2026-09-03T22:21:13.115312+00:00,dos_hulk_v1,dos_hulk_v1__run_002,impact,T1499,130,2,0.9861,0.9641,0.0558,160179.46,233287.01,0.9024,780,1136,0.0333,0.0868,0.0385,0.0022,0.0451,95,26,4,0,5,0,0.6862,205.36,55.14,390.94,9179.5,9127.66,2,0.0,1.6146,0,7
2026-09-03T22:21:18.115312+00:00,dos_hulk_v1,dos_hulk_v1__run_002,impact,T1499,137,2,0.9981,1.0,0.0137,244496.89,353162.17,0.9006,1233,1781,0.0357,0.0735,0.0406,0.0025,0.048,97,27,0,2,5,0,0.6922,198.29,51.25,324.71,8543.68,8777.52,3,0.0,1.016,0,15
2026-09-03T22:21:23.115312+00:00,dos_hulk_v1,dos_hulk_v1__run_002,impact,T1499,127,2,0.9989,1.0,0.0145,196627.76,234366.35,0.9976,1016,1211,0.0242,0.0652,0.0338,0.0024,0.0409,91,22,5,5,2,0,0.8389,193.53,56.66,399.09,8593.89,6403.81,1,0.0219,0.3048,0,14
2026-09-03T22:21:28.115312+00:00,dos_hulk_v1,dos_hulk_v1__run_002,impact,T1499,119,2,0.9914,1.0,0.0006,143388.11,203434.39,0.9541,714,1013,0.0531,0.122,0.0394,0.0028,0.0479,80,21,2,4,6,4,0.7048,200.82,57.39,427.6,10548.8,8549.92,3,0.0255,1.9051,0,11
2026-09-03T22:21:33.115312+00:00,dos_hulk_v1,dos_hulk_v1__run_002,impact,T1499,123,2,0.9988,1.0,0.0138,72599.03,113522.06,1.0,369,577,0.0326,0.0592,0.0404,0.0025,0.0479,86,26,1,7,1,0,0.6388,196.75,55.88,404.97,9208.11,7686.88,0,0.0489,1.1093,0,5
2026-09-03T22:21:38.115312+00:00,dos_hulk_v1,dos_hulk_v1__run_002,impact,T1499,118,2,0.9948,1.0,0.0,143487.51,203273.97,0.9908,708,1003,0.0608,0.0735,0.0393,0.0013,0.0431,79,23,0,2,0,0,0.7053,202.67,58.05,360.17,8575.46,7018.01,0,0.0398,1.4904,0,10
2026-09-03T22:21:43.115312+00:00,dos_hulk_v1,dos_hulk_v1__run_002,impact,T1499,117,2,0.9999,1.0,0.0341,118898.44,258527.88,0.9043,585,1272,0.0273,0.0415,0.0456,0.0028,0.054,87,21,3,8,0,4,0.4598,203.25,54.86,390.88,8214.4,6980.69,0,0.0111,1.4141,0,9
2026-09-03T22:21:48.115312+00:00,dos_hulk_v1,dos_hulk_v1__run_002,impact,T1499,123,2,0.9961,0.9954,0.0084,201420.12,347572.52,0.8292,984,1698,0.0379,0.0655,0.0396,0.0023,0.0464,83,23,1,5,0,0,0.5794,204.7,54.68,339.23,7501.51,9978.52,0,0.0076,0.3993,0,8
2026-09-03T22:21:53.115312+00:00,dos_hulk_v1,dos_hulk_v1__run_002,impact,T1499,115,2,0.9973,0.9439,0.095,206293.56,330866.97,0.895,1035,1660,0.0577,0.117,0.0503,0.0016,0.0551,76,21,5,6,1,0,0.6233,199.32,69.11,481.33,8537.44,8485.59,0,0.0167,0.4204,0,7
2026-09-03T22:21:58.115312+00:00,dos_hulk_v1,dos_hulk_v1__run_002,impact,T1499,105,2,0.9921,1.0,0.0158,188018.38,372057.54,0.9241,945,1870,0.026,0.0317,0.0353,0.0016,0.0401,74,21,1,6,4,0,0.5052,198.96,54.52,380.39,5997.53,7378.27,2,0.0255,0.7338,0,9
2026-09-03T22:22:03.115312+00:00,dos_hulk_v1,dos_hulk_v1__run_002,impact,T1499,124,2,0.9772,1.0,0.0177,98288.82,147036.91,0.9759,496,742,0.0381,0.1098,0.0474,0.0033,0.0574,87,26,6,4,2,3,0.668,198.16,62.01,397.18,7474.7,9290.58,1,0.0,0.5919,0,12
2026-09-03T22:22:08.115312+00:00,dos_hulk_v1,dos_hulk_v1__run_002,impact,T1499,121,2,0.9889,1.0,0.0,245432.04,360440.28,0.9489,1210,1777,0.0564,0.0725,0.0403,0.0024,0.0474,88,23,4,9,5,0,0.6806,202.84,63.91,444.67,9351.3,9179.06,2,0.0281,0.0888,0,7
2026-09-03T22:22:13.115312+00:00,dos_hulk_v1,dos_hulk_v1__run_002,impact,T1499,117,2,0.9995,1.0,0.0,68977.76,85681.78,0.9313,351,436,0.0466,0.1157,0.042,0.003,0.0511,84,21,0,5,1,0,0.8037,196.52,52.65,364.04,7600.31,7184.62,0,0.0301,0.6993,0,13
2026-09-03T22:22:18.115312+00:00,dos_hulk_v1,dos_hulk_v1__run_002,impact,T1499,113,2,0.9995,0.984,0.0052,196188.5,355531.37,1.0,1017,1843,0.0343,0.0667,0.0384,0.0021,0.0448,78,22,1,9,2,2,0.5516,192.91,51.21,325.27,6834.85,10851.54,1,0.0163,0.7439,0,10
2026-09-03T22:22:23.115312+00:00,dos_hulk_v1,dos_hulk_v1__run_002,impact,T1499,113,2,0.9795,1.0,0.0,92551.94,190222.91,0.9256,452,929,0.035,0.0684,0.0354,0.0015,0.0397,78,21,1,5,0,0,0.4863,204.76,66.35,432.36,7879.39,9677.45,0,0.0,0.6085,0,8
2026-09-03T22:22:28.115312+00:00,dos_hulk_v1,dos_hulk_v1__run_002,impact,T1499,125,2,1.0,0.9739,0.0215,151374.19,225446.62,0.9586,750,1117,0.0422,0.1163,0.042,0.0013,0.0461,85,26,3,6,2,0,0.6711,201.83,59.84,442.69,8454.24,7661.54,1,0.0171,1.1399,0,6
2026-09-03T22:22:33.115312+00:00,dos_hulk_v1,dos_hulk_v1__run_002,impact,T1499,116,2,0.9991,1.0,0.0072,133208.55,211679.1,0.9736,696,1106,0.0257,0.0562,0.0402,0.0028,0.0486,80,22,4,5,6,0,0.6292,191.39,67.79,538.24,7678.65,8619.67,4,0.0285,1.8477,0,3
2026-09-03T22:22:38.115312+00:00,dos_hulk_v1,dos_hulk_v1__run_002,impact,T1499,136,2,0.9961,1.0,0.0,185979.78,260996.84,0.8871,952,1336,0.0214,0.0627,0.042,0.0016,0.0467,89,29,2,9,10,0,0.7125,195.36,52.95,361.77,8004.45,8935.16,8,0.0,0.9696,0,10
2026-09-03T22:22:43.115312+00:00,dos_hulk_v1,dos_hulk_v1__run_002,impact,T1499,136,2,0.9873,1.0,0.0,272754.7,434201.42,0.9152,1360,2165,0.0334,0.0772,0.0428,0.003,0.0519,100,29,4,3,9,0,0.628,200.55,55.05,426.09,9712.41,8996.95,6,0.0542,1.2551,0,5
2026-09-03T22:22:48.115312+00:00,dos_hulk_v1,dos_hulk_v1__run_002,impact,T1499,120,2,0.9992,1.0,0.0,125615.38,247881.01,0.9131,600,1184,0.0425,0.1092,0.044,0.0022,0.0506,77,28,0,7,7,2,0.5064,209.36,57.59,411.82,7288.6,9105.49,5,0.0,1.0257,0,9
2026-09-03T22:22:53.115312+00:00,dos_hulk_v1,dos_hulk_v1__run_002,impact,T1499,104,2,0.9904,1.0,0.0227,82809.81,130186.58,1.0,416,654,0.0594,0.0949,0.0347,0.0011,0.0379,72,21,2,5,0,0,0.636,199.06,66.35,501.94,8361.05,10047.16,0,0.0186,0.67,0,5
2026-09-03T22:22:58.115312+00:00,dos_hulk_v1,dos_hulk_v1__run_002,impact,T1499,109,2,0.9999,1.0,0.0,135153.88,200250.93,0.9767,654,969,0.0289,0.039,0.0406,0.0021,0.0468,73,18,2,3,5,0,0.6748,206.66,56.15,403.78,6838.48,6584.35,4,0.0451,1.1822,0,6
2026-09-03T22:23:03.115312+00:00,dos_hulk_v1,dos_hulk_v1__run_002,impact,T1499,133,2,0.999,1.0,0.0071,138730.85,235946.75,0.8714,665,1131,0.0558,0.0741,0.043,0.0014,0.0473,92,28,6,7,1,1,0.5876,208.62,62.78,401.04,8555.49,6760.81,0,0.0544,2.0003,0,5
2026-09-03T22:23:08.115312+00:00,dos_hulk_v1,dos_hulk_v1__run_002,impact,T1499,119,2,0.9999,1.0,0.0,23986.71,28219.66,0.9903,119,140,0.0284,0.0626,0.0408,0.0015,0.0452,86,25,5,4,4,0,0.8477,201.57,63.66,389.69,7649.62,6662.44,3,0.0464,0.5866,0,2
2026-09-03T22:23:13.115312+00:00,dos_hulk_v1,dos_hulk_v1__run_002,impact,T1499,136,2,0.9986,1.0,0.0,140588.24,239827.0,0.9882,680,1160,0.0348,0.0691,0.0461,0.0031,0.0553,91,24,0,6,3,3,0.5858,206.75,65.88,437.97,8074.07,6275.87,1,0.0,1.4554,0,8
2026-09-03T22:23:18.115312+00:00,dos_hulk_v1,dos_hulk_v1__run_002,impact,T1499,125,2,0.9944,0.99,0.0149,145286.4,272557.28,0.9541,750,1407,0.0403,0.1191,0.0459,0.0033,0.0559,88,22,3,2,2,1,0.5329,193.72,59.63,423.68,7336.84,11253.54,1,0.0,0.5942,0,5
2026-09-03T22:23:23.115312+00:00,dos_hulk_v1,dos_hulk_v1__run_002,impact,T1499,130,2,0.9993,1.0,0.0,134157.64,249120.42,0.8944,650,1207,0.0477,0.1318,0.0388,0.002,0.0447,92,26,3,6,2,1,0.5383,206.4,54.9,361.72,8476.93,7286.47,1,0.0,0.3026,0,9
2026-09-03T22:23:28.115312+00:00,dos_hulk_v1,dos_hulk_v1__run_002,impact,T1499,105,2,0.9999,1.0,0.0334,185657.54,299409.63,1.0,945,1524,0.0254,0.0721,0.0429,0.0027,0.051,75,23,7,7,3,1,0.6197,196.46,53.85,342.15,8082.04,7566.1,2,0.0173,1.063,0,8
2026-09-03T22:23:33.115312+00:00,dos_hulk_v1,dos_hulk_v1__run_002,impact,T1499,138,2,0.9998,1.0,0.0,113385.26,177061.77,0.9914,552,862,0.0295,0.0511,0.0323,0.0017,0.0373,101,26,0,7,9,0,0.6398,205.41,65.76,554.31,9963.11,8636.3,6,0.0,0.1338,0,8
2026-09-03T22:23:38.115312+00:00,dos_hulk_v1,dos_hulk_v1__run_002,impact,T1499,123,2,0.9942,0.9706,0.0291,122349.01,259817.58,1.0,615,1306,0.0293,0.0492,0.0456,0.0017,0.0508,87,22,1,5,3,2,0.4706,198.94,64.98,384.25,9484.17,7268.62,1,0.0057,1.8752,0,5
2026-09-03T22:23:43.115312+00:00,dos_hulk_v1,dos_hulk_v1__run_002,impact,T1499,105,2,0.9852,1.0,0.0,149622.59,210285.9,0.9578,735,1033,0.0378,0.0869,0.0412,0.0024,0.0484,68,18,1,5,3,0,0.7109,203.57,63.01,376.49,7926.32,8194.6,1,0.0162,0.9987,0,6
2026-09-03T22:23:48.115312+00:00,dos_hulk_v1,dos_hulk_v1__run_002,impact,T1499,126,2,0.9779,0.9693,0.0229,152565.58,270420.48,0.9764,756,1340,0.0564,0.1614,0.0391,0.0025,0.0467,87,23,8,8,7,0,0.5639,201.81,59.4,432.33,8171.86,7679.92,4,0.0117,0.4727,0,9
2026-09-03T22:23:53.115312+00:00,dos_hulk_v1,dos_hulk_v1__run_002,impact,T1499,107,2,0.9984,1.0,0.0052,171374.95,324731.5,0.9958,856,1622,0.0558,0.0677,0.0337,0.002,0.0396,75,24,4,1,3,1,0.5275,200.2,52.36,337.0,8627.26,8817.54,1,0.0391,0.5685,0,5
2026-09-03T22:23:58.115312+00:00,dos_hulk_v1,dos_hulk_v1__run_002,impact,T1499,116,2,0.9998,1.0,0.0,89037.42,129718.32,0.9666,464,676,0.0322,0.0672,0.0395,0.0019,0.0452,79,22,1,3,3,0,0.6864,191.89,53.4,384.93,7582.27,7071.72,2,0.0,1.2336,0,7
2026-09-03T22:24:03.115312+00:00,dos_hulk_v1,dos_hulk_v1__run_002,impact,T1499,129,2,0.9996,1.0,0.0029,219681.9,315993.78,0.9761,1161,1670,0.0287,0.0648,0.0371,0.0025,0.0445,88,24,2,12,7,0,0.6949,189.22,53.66,326.35,8284.06,7723.55,5,0.0246,0.4322,0,6
2026-09-03T22:24:08.115312+00:00,dos_hulk_v1,dos_hulk_v1__run_002,impact,T1499,148,2,0.9988,1.0,0.0,237252.36,396956.86,0.855,1184,1981,0.0479,0.0956,0.0335,0.001,0.0365,104,26,0,0,2,0,0.5975,200.38,54.27,367.07,5925.55,6421.52,1,0.0236,0.8146,0,12
2026-09-03T22:24:13.115312+00:00,dos_hulk_v1,dos_hulk_v1__run_002,impact,T1499,132,2,0.9973,0.9826,0.0,78357.35,111995.6,0.9749,396,566,0.0534,0.0852,0.0362,0.0013,0.0401,92,25,5,3,9,0,0.6989,197.87,54.08,363.89,8747.58,10048.25,7,0.0,0.532,0,8
2026-09-03T22:24:18.115312+00:00,dos_hulk_v1,dos_hulk_v1__run_002,impact,T1499,133,2,0.9951,0.958,0.0587,139308.61,254107.28,0.9774,665,1213,0.0511,0.124,0.0443,0.0026,0.0522,96,26,9,4,4,0,0.5478,209.49,69.44,500.79,8687.48,8899.82,2,0.0334,0.67,0,9
2026-09-03T22:24:23.115312+00:00,dos_hulk_v1,dos_hulk_v1__run_002,impact,T1499,136,2,0.9998,0.983,0.033,192526.15,232972.82,0.9753,952,1152,0.0467,0.1372,0.0412,0.0015,0.0457,95,22,8,1,9,0,0.8264,202.23,57.31,446.07,8469.22,9362.89,4,0.0257,1.7115,0,9
2026-09-03T22:24:28.115312+00:00,dos_hulk_v1,dos_hulk_v1__run_002,impact,T1499,126,2,0.9955,0.9982,0.0,75730.0,135232.15,0.9408,378,675,0.0556,0.1483,0.0339,0.0016,0.0387,90,26,6,7,5,0,0.5598,200.34,70.29,563.84,7823.52,7937.38,4,0.0,1.0914,0,7
2026-09-03T22:24:33.115312+00:00,dos_hulk_v1,dos_hulk_v1__run_002,impact,T1499,145,2,0.971,1.0,0.0,227283.92,369532.3,1.0,1160,1886,0.0215,0.0605,0.0399,0.002,0.0459,101,30,6,5,5,2,0.6151,195.93,55.59,411.96,8014.82,7460.29,4,0.0,1.7566,0,9
2026-09-03T22:24:38.115312+00:00,dos_hulk_v1,dos_hulk_v1__run_002,impact,T1499,118,2,0.9981,0.9483,0.0678,97035.69,168167.79,0.9032,472,818,0.0512,0.0733,0.0482,0.0024,0.0554,84,23,0,1,5,1,0.5766,205.58,59.75,424.25,8390.69,7471.96,2,0.0,1.0407,0,9
2026-09-03T22:24:43.115312+00:00,dos_hulk_v1,dos_hulk_v1__run_002,impact,T1499,120,2,0.9982,0.9927,0.0459,150993.61,324426.54,0.9682,720,1547,0.0319,0.0479,0.0347,0.0014,0.039,84,26,5,6,4,1,0.4653,209.71,67.99,439.32,9733.24,8917.68,3,0.0,0.0,0,9
2026-09-03T22:24:48.115312+00:00,dos_hulk_v1,dos_hulk_v1__run_002,impact,T1499,110,2,0.9979,1.0,0.0,112791.83,160574.54,0.9137,550,783,0.0273,0.0531,0.043,0.0021,0.0493,81,21,0,6,5,0,0.702,205.08,60.84,402.85,10808.05,7502.83,3,0.0475,1.8047,0,4
2026-09-03T22:24:53.115312+00:00,dos_hulk_v1,dos_hulk_v1__run_002,impact,T1499,141,2,0.9693,1.0,0.0,243034.93,381693.15,0.9699,1269,1993,0.0348,0.0993,0.0477,0.0027,0.0558,99,30,5,7,2,0,0.6364,191.52,59.38,410.97,8579.95,6413.72,1,0.0152,0.834,0,8
2026-09-03T22:24:58.115312+00:00,dos_hulk_v1,dos_hulk_v1__run_002,impact,T1499,113,2,0.9972,0.9726,0.0405,66849.97,122854.08,0.9137,339,623,0.0539,0.1172,0.0395,0.003,0.0484,75,20,3,3,5,0,0.5441,197.2,52.14,369.15,7975.48,8328.05,4,0.0,0.3656,0,4
2026-09-03T22:25:03.115312+00:00,dos_hulk_v1,dos_hulk_v1__run_002,impact,T1499,123,2,0.9892,0.9659,0.0336,230878.42,272173.75,0.8488,1107,1305,0.0424,0.0768,0.0325,0.0024,0.0398,88,25,4,6,3,4,0.8481,208.56,63.13,411.89,8156.05,10476.01,2,0.0,0.0894,0,12
2026-09-03T22:25:08.115312+00:00,dos_hulk_v1,dos_hulk_v1__run_002,impact,T1499,139,2,0.9982,1.0,0.038,113228.47,203851.98,0.9571,556,1001,0.0575,0.0752,0.0428,0.003,0.0516,99,28,3,10,4,1,0.5553,203.65,64.58,421.37,7615.46,8788.43,2,0.0375,1.0924,0,9
2026-09-03T22:25:13.115312+00:00,dos_hulk_v1,dos_hulk_v1__run_002,impact,T1499,132,2,0.9973,0.9771,0.0,212406.06,400473.92,0.8719,1056,1991,0.0518,0.0725,0.0362,0.0014,0.0404,96,27,3,3,5,1,0.5303,201.14,57.01,433.15,7724.8,8588.06,4,0.0364,1.7319,0,6
2026-09-03T22:25:18.115312+00:00,dos_hulk_v1,dos_hulk_v1__run_002,impact,T1499,112,2,0.9917,0.9935,0.0,109598.44,172226.13,0.9273,560,880,0.0494,0.1023,0.0419,0.0025,0.0494,78,23,0,4,2,0,0.636,195.71,57.15,375.38,8841.33,7977.75,1,0.0,0.0782,0,4
2026-09-03T22:25:23.115312+00:00,dos_hulk_v1,dos_hulk_v1__run_002,impact,T1499,130,2,0.9993,0.9668,0.0194,147058.26,237367.11,0.8887,780,1259,0.0472,0.084,0.0394,0.0023,0.0461,94,23,1,7,4,0,0.6194,188.54,53.98,320.3,9273.38,8701.24,3,0.0254,1.4653,0,5
2026-09-03T22:25:28.115312+00:00,dos_hulk_v1,dos_hulk_v1__run_002,impact,T1499,133,2,0.9908,0.9966,0.0,285826.39,573997.23,0.9752,1463,2938,0.0283,0.0684,0.0412,0.0031,0.0504,90,27,7,5,2,1,0.4979,195.37,61.81,618.21,8286.44,8648.65,1,0.0,1.1614,0,9
2026-09-03T22:25:33.115312+00:00,dos_hulk_v1,dos_hulk_v1__run_002,impact,T1499,124,2,1.0,0.991,0.0091,232695.22,352795.98,0.8867,1116,1692,0.0447,0.0606,0.0406,0.0015,0.0453,83,27,3,3,2,0,0.6594,208.51,60.4,386.35,7217.33,6427.15,1,0.0054,1.3529,0,4
2026-09-03T22:25:38.115312+00:00,dos_hulk_v1,dos_hulk_v1__run_002,impact,T1499,123,2,1.0,1.0,0.009,125914.56,190202.64,0.9457,615,929,0.0424,0.0621,0.0389,0.0023,0.0458,91,28,5,6,4,2,0.6619,204.74,56.96,454.24,7766.19,8719.58,2,0.009,1.4771,0,7
2026-09-03T22:25:43.115312+00:00,dos_hulk_v1,dos_hulk_v1__run_002,impact,T1499,128,2,0.9937,0.9858,0.0275,339460.18,660560.13,0.8708,1664,3238,0.0283,0.0491,0.0466,0.0034,0.0567,90,24,4,10,4,0,0.5138,204.0,60.85,376.24,8517.08,7131.85,3,0.0222,1.6287,0,6
2026-09-03T22:25:48.115312+00:00,dos_hulk_v1,dos_hulk_v1__run_002,impact,T1499,109,2,0.9863,1.0,0.0077,87847.13,146680.53,0.9786,436,728,0.0485,0.0714,0.035,0.0017,0.0402,73,24,0,4,1,1,0.5989,201.48,56.2,399.22,8675.57,9473.44,0,0.0423,0.2878,0,5
2026-09-03T22:25:53.115312+00:00,dos_hulk_v1,dos_hulk_v1__run_002,impact,T1499,120,2,0.9968,0.9714,0.0151,96980.61,155977.14,0.8549,480,772,0.0428,0.1097,0.0309,0.001,0.0339,82,21,8,5,4,0,0.621,202.04,50.19,314.0,8022.57,8913.51,2,0.0435,0.8958,0,9
2026-09-03T22:25:58.115312+00:00,dos_hulk_v1,dos_hulk_v1__run_002,impact,T1499,117,2,0.9974,1.0,0.0,237882.03,339744.33,0.9661,1170,1671,0.0429,0.1036,0.0404,0.002,0.0464,80,24,6,9,2,1,0.6998,203.32,55.86,394.02,8946.58,7263.41,1,0.0,0.6938,0,11
2026-09-03T22:26:03.115312+00:00,dos_hulk_v1,dos_hulk_v1__run_002,impact,T1499,124,2,0.9953,1.0,0.0,254797.76,501787.2,0.9722,1240,2442,0.0243,0.0373,0.0402,0.0012,0.0437,86,21,0,4,2,0,0.5077,205.48,61.35,371.21,7911.7,7637.39,1,0.0,1.4994,0,9
2026-09-03T22:26:08.115312+00:00,dos_hulk_v1,dos_hulk_v1__run_002,impact,T1499,122,2,0.9998,1.0,0.0262,166695.21,240673.53,0.9453,854,1233,0.0345,0.1016,0.0413,0.0026,0.0492,82,24,0,4,8,0,0.6922,195.19,52.33,354.48,7093.93,8418.4,7,0.0194,0.4257,0,9
2026-09-03T22:26:13.115312+00:00,dos_hulk_v1,dos_hulk_v1__run_002,impact,T1499,124,2,0.9847,1.0,0.0,197237.56,380755.97,0.949,992,1915,0.0577,0.1583,0.0387,0.0028,0.047,83,26,4,7,4,0,0.518,198.83,60.61,472.56,9141.78,6344.74,3,0.0,0.3002,0,4
2026-09-03T22:26:18.115312+00:00,dos_hulk_v1,dos_hulk_v1__run_002,impact,T1499,118,2,0.9898,1.0,0.0,183345.98,270940.3,0.954,944,1395,0.0379,0.0986,0.0448,0.0019,0.0504,84,22,3,7,3,0,0.6764,194.22,56.31,355.42,7521.73,8389.54,2,0.0034,0.401,0,7
2026-09-03T22:26:23.115312+00:00,dos_hulk_v1,dos_hulk_v1__run_002,impact,T1499,122,2,0.9992,1.0,0.0046,195512.9,370993.74,0.9801,976,1852,0.0412,0.0846,0.0493,0.0027,0.0574,83,23,6,5,0,0,0.5268,200.32,56.61,399.37,8479.34,7043.56,0,0.1105,1.5439,0,6
2026-09-03T22:26:28.115312+00:00,dos_hulk_v1,dos_hulk_v1__run_002,impact,T1499,134,2,0.996,1.0,0.0518,136876.85,226357.54,0.9253,670,1108,0.0512,0.1282,0.0431,0.0024,0.0503,90,22,2,1,8,0,0.6042,204.29,58.33,443.03,7353.87,9467.08,5,0.0,1.6303,0,8
2026-09-03T22:26:33.115312+00:00,dos_hulk_v1,dos_hulk_v1__run_002,impact,T1499,129,2,0.9843,0.9527,0.009,207978.96,364366.23,0.9586,1032,1808,0.0194,0.0374,0.0336,0.0019,0.0392,89,22,0,7,2,0,0.5707,201.53,58.31,400.13,8817.53,7082.68,1,0.0209,1.7035,0,6
2026-09-03T22:26:38.115312+00:00,dos_hulk_v1,dos_hulk_v1__run_002,impact,T1499,134,2,0.9839,1.0,0.0167,137210.62,187999.03,0.9783,670,918,0.0368,0.0609,0.0428,0.0016,0.0477,94,33,3,2,4,3,0.7295,204.79,65.15,490.11,7984.06,7964.07,2,0.0,0.785,0,7
2026-09-03T22:26:43.115312+00:00,dos_hulk_v1,dos_hulk_v1__run_002,impact,T1499,139,2,0.9865,0.9685,0.0107,255220.71,627137.06,0.9984,1251,3074,0.0291,0.0386,0.0376,0.0021,0.0437,98,24,1,5,1,0,0.4069,204.01,59.0,412.16,8690.4,7591.81,0,0.0,1.2163,0,2
2026-09-03T22:26:48.115312+00:00,dos_hulk_v1,dos_hulk_v1__run_002,impact,T1499,123,2,0.9961,1.0,0.0,123010.09,221218.14,0.9414,615,1106,0.0464,0.0728,0.047,0.0034,0.0572,88,24,0,4,7,4,0.556,200.02,64.04,439.79,7349.11,8791.57,6,0.0044,1.0873,0,5
2026-09-03T22:26:53.115312+00:00,dos_hulk_v1,dos_hulk_v1__run_002,impact,T1499,122,2,0.9998,0.9902,0.0,219553.38,357724.05,0.9152,1098,1789,0.0526,0.077,0.0404,0.0023,0.0473,83,27,5,5,2,0,0.6135,199.96,65.85,439.55,7447.01,8346.35,1,0.001,0.8478,0,6
2026-09-03T22:26:58.115312+00:00,dos_hulk_v1,dos_hulk_v1__run_002,impact,T1499,132,2,0.994,0.9829,0.0075,27167.08,54951.59,1.0,132,267,0.0367,0.1088,0.0368,0.0011,0.0402,88,25,2,6,0,0,0.494,205.81,55.71,436.38,9006.33,6934.17,0,0.0098,1.6402,0,10
2026-09-03T22:27:03.115312+00:00,dos_hulk_v1,dos_hulk_v1__run_002,impact,T1499,124,2,0.9812,1.0,0.0,121830.33,253289.19,0.9291,620,1289,0.0455,0.0989,0.0476,0.0018,0.053,83,27,1,2,7,0,0.4806,196.5,50.91,357.04,8381.44,6779.45,3,0.0386,0.2154,0,8
2026-09-03T22:27:08.115312+00:00,dos_hulk_v1,dos_hulk_v1__run_002,impact,T1499,112,2,0.9813,0.9618,0.045,132779.38,293221.12,0.9826,672,1484,0.0468,0.0915,0.0362,0.0009,0.039,75,22,0,0,5,0,0.4526,197.59,61.28,402.96,8842.62,8660.68,2,0.046,1.1874,0,9
2026-09-03T22:27:13.115312+00:00,dos_hulk_v1,dos_hulk_v1__run_002,impact,T1499,113,2,0.9873,0.9814,0.0298,116387.73,154084.99,1.0,565,748,0.0517,0.1007,0.0424,0.0026,0.0503,76,22,0,4,1,0,0.7548,206.0,65.7,437.89,8347.57,7890.28,0,0.0311,0.6627,0,8
2026-09-03T22:27:18.115312+00:00,dos_hulk_v1,dos_hulk_v1__run_002,impact,T1499,127,2,0.9978,1.0,0.0,107428.42,174888.4,0.923,508,827,0.0372,0.055,0.0395,0.0023,0.0465,88,28,2,9,4,0,0.6139,211.47,70.59,570.23,5762.14,8681.76,3,0.0,0.5696,0,4
2026-09-03T22:27:23.115312+00:00,dos_hulk_v1,dos_hulk_v1__run_002,impact,T1499,141,2,0.9982,0.9842,0.0343,113039.67,175973.1,0.9677,564,878,0.0484,0.1421,0.0419,0.0014,0.0461,99,24,2,6,2,0,0.6419,200.42,52.52,346.73,6745.12,8594.17,1,0.0169,1.7382,0,5
2026-09-03T22:27:28.115312+00:00,dos_hulk_v1,dos_hulk_v1__run_002,impact,T1499,136,2,0.9994,0.9754,0.0594,192178.84,290286.95,0.9837,952,1438,0.0565,0.1581,0.035,0.0017,0.0399,97,26,1,4,6,0,0.6616,201.87,64.69,459.99,9406.52,9792.27,4,0.0,1.3676,0,13
2026-09-03T22:27:33.115312+00:00,dos_hulk_v1,dos_hulk_v1__run_002,impact,T1499,108,2,0.9911,1.0,0.0187,40753.46,75280.69,0.9764,216,399,0.0576,0.1061,0.0437,0.0024,0.0511,76,20,5,5,5,0,0.5402,188.67,56.95,356.84,8165.08,9495.44,4,0.0,1.6238,0,7
2026-09-03T22:27:38.115312+00:00,dos_hulk_v1,dos_hulk_v1__run_002,impact,T1499,137,2,0.9997,0.9854,0.0135,27838.69,41250.03,0.9559,137,203,0.0309,0.0448,0.0437,0.0011,0.0471,91,26,2,2,5,0,0.674,203.2,62.04,459.1,8162.46,6516.92,2,0.0067,0.6888,0,8
2026-09-03T22:27:43.115312+00:00,dos_hulk_v1,dos_hulk_v1__run_002,impact,T1499,136,2,0.99,0.9887,0.0,235569.94,314670.64,0.9342,1224,1635,0.0483,0.1127,0.037,0.002,0.0429,101,29,4,12,6,0,0.7486,192.46,61.63,374.63,10870.65,8953.3,3,0.0,0.9822,0,7
2026-09-03T22:27:48.115312+00:00,dos_hulk_v1,dos_hulk_v1__run_002,impact,T1499,129,2,0.9989,0.9552,0.0262,101665.09,167274.53,0.9648,516,849,0.0384,0.0472,0.0329,0.0021,0.0392,93,25,6,5,10,2,0.6074,197.03,57.97,428.49,9100.47,8137.35,7,0.0,0.4652,0,7
2026-09-03T22:27:53.115312+00:00,dos_hulk_v1,dos_hulk_v1__run_002,impact,T1499,118,2,0.9925,0.9817,0.0,143512.74,241012.22,1.0,708,1189,0.0383,0.0944,0.0373,0.001,0.0403,84,26,5,8,5,3,0.595,202.7,61.6,416.29,8228.56,7739.34,3,0.0116,0.7742,0,4
2026-09-03T22:27:58.115312+00:00,dos_hulk_v1,dos_hulk_v1__run_002,impact,T1499,124,2,0.9983,1.0,0.0079,173428.93,348656.09,0.8985,868,1745,0.0585,0.1526,0.0382,0.0015,0.0425,83,22,1,8,5,0,0.4972,199.8,58.67,383.54,9045.19,8337.98,4,0.0425,0.8281,0,7
2026-09-03T22:28:03.115312+00:00,dos_hulk_v1,dos_hulk_v1__run_002,impact,T1499,125,2,0.9996,0.9868,0.0234,99731.44,132044.42,1.0,500,662,0.0472,0.0796,0.0434,0.0014,0.0475,90,24,4,7,1,0,0.7549,199.46,57.08,372.94,7063.98,9321.54,0,0.0,1.6609,0,7
2026-09-03T22:28:08.115312+00:00,dos_hulk_v1,dos_hulk_v1__run_002,impact,T1499,122,2,0.9951,0.9854,0.0,98549.09,165594.78,0.9299,488,820,0.0535,0.1008,0.0362,0.0014,0.0404,85,25,1,11,8,2,0.5948,201.94,55.46,440.65,9649.98,8876.06,4,0.0009,1.3512,0,7
2026-09-03T22:28:13.115312+00:00,dos_hulk_v1,dos_hulk_v1__run_002,impact,T1499,152,2,0.9788,1.0,0.01,89126.1,195061.06,0.9196,456,998,0.0367,0.0978,0.04,0.0011,0.0432,103,30,1,2,1,1,0.4565,195.45,55.05,395.7,7688.55,8116.17,0,0.0549,0.4011,0,8
2026-09-03T22:28:18.115312+00:00,dos_hulk_v1,dos_hulk_v1__run_002,impact,T1499,116,2,0.9991,1.0,0.0,91785.74,191286.24,0.9448,464,967,0.0428,0.1169,0.0329,0.0019,0.0384,80,20,4,5,4,3,0.4798,197.81,62.69,451.34,7800.56,7121.44,2,0.0,0.5849,0,5
2026-09-03T22:28:23.115312+00:00,dos_hulk_v1,dos_hulk_v1__run_002,impact,T1499,123,2,0.9919,0.9585,0.0666,99382.26,141195.53,1.0,492,699,0.0532,0.0964,0.0465,0.002,0.0526,87,26,0,7,0,0,0.7034,202.0,58.73,410.64,7780.49,10379.72,0,0.0031,1.2909,0,14
2026-09-03T22:28:28.115312+00:00,dos_hulk_v1,dos_hulk_v1__run_002,impact,T1499,154,2,0.9956,1.0,0.0,400929.26,654864.47,0.819,2002,3270,0.0213,0.0577,0.0384,0.0019,0.044,104,33,0,7,3,1,0.6121,200.26,67.44,531.78,8998.34,8303.76,2,0.0579,1.6105,0,11
2026-09-03T22:28:33.115312+00:00,dos_hulk_v1,dos_hulk_v1__run_002,impact,T1499,132,2,0.9998,1.0,0.0095,53544.63,98165.15,0.9489,264,484,0.0216,0.0531,0.0459,0.0012,0.0494,90,25,5,4,6,3,0.5447,202.82,54.39,339.11,7318.32,7621.64,4,0.0352,0.7443,0,5
2026-09-03T22:28:38.115312+00:00,dos_hulk_v1,dos_hulk_v1__run_002,impact,T1499,124,2,0.9908,0.9958,0.0274,74776.49,105129.31,0.9837,372,523,0.0332,0.07,0.0398,0.0015,0.0444,89,28,4,0,5,0,0.7108,201.01,61.78,432.26,8934.38,7560.69,3,0.0077,0.874,0,2
2026-09-03T22:28:43.115312+00:00,dos_hulk_v1,dos_hulk_v1__run_002,impact,T1499,118,2,0.9992,1.0,0.0153,74879.53,136009.99,0.9277,354,643,0.0531,0.0993,0.0357,0.0015,0.0402,87,26,1,5,4,0,0.5505,211.52,66.2,452.58,8043.77,9701.83,2,0.0,0.7913,0,8
2026-09-03T22:28:48.115312+00:00,dos_hulk_v1,dos_hulk_v1__run_002,impact,T1499,114,2,0.9998,1.0,0.0033,146845.53,220912.35,0.9302,684,1029,0.0506,0.1328,0.0429,0.0024,0.0501,80,22,0,7,4,0,0.6644,214.69,62.64,411.14,8814.6,9693.33,2,0.0,1.8519,0,7
2026-09-03T22:28:53.115312+00:00,dos_hulk_v1,dos_hulk_v1__run_002,impact,T1499,138,2,0.9986,1.0,0.0,134015.56,208015.46,0.942,690,1071,0.0442,0.0634,0.0419,0.0019,0.0477,101,29,7,7,4,1,0.6442,194.23,60.73,429.62,8210.69,9304.58,2,0.0102,0.9164,0,7
2026-09-03T22:28:58.115312+00:00,dos_hulk_v1,dos_hulk_v1__run_002,impact,T1499,132,2,0.9865,0.9556,0.0585,209288.49,375767.97,0.9896,1056,1896,0.0324,0.0631,0.0427,0.0013,0.0465,95,27,2,6,1,0,0.5568,198.19,71.85,551.18,7930.42,9043.7,0,0.0244,0.6988,0,8
2026-09-03T22:29:03.115312+00:00,dos_hulk_v1,dos_hulk_v1__run_002,impact,T1499,118,2,1.0,1.0,0.0158,139630.5,204909.72,0.9081,708,1039,0.0435,0.0744,0.0453,0.0016,0.0501,82,24,4,7,1,0,0.6809,197.22,60.58,382.42,6735.78,8159.55,0,0.0184,1.1652,0,3
2026-09-03T22:29:08.115312+00:00,dos_hulk_v1,dos_hulk_v1__run_002,impact,T1499,137,2,0.999,1.0,0.0179,164503.09,337011.2,0.9397,822,1684,0.0315,0.0897,0.0392,0.0029,0.048,98,25,6,5,6,0,0.4879,200.13,60.12,398.81,7224.45,7242.53,3,0.0,1.4824,0,11
2026-09-03T22:29:13.115312+00:00,dos_hulk_v1,dos_hulk_v1__run_002,impact,T1499,148,2,0.9988,0.9869,0.0314,28702.45,49841.41,0.9543,148,257,0.0354,0.0841,0.045,0.003,0.0539,105,23,5,8,6,1,0.5756,193.94,55.04,361.93,6800.54,7932.2,3,0.0316,1.1202,0,6
2026-09-03T22:29:18.115312+00:00,dos_hulk_v1,dos_hulk_v1__run_002,impact,T1499,137,2,0.9997,0.9734,0.0146,142583.43,205861.34,0.9902,685,989,0.0468,0.1397,0.0411,0.0016,0.046,95,30,7,2,5,4,0.6923,208.15,65.71,439.42,7471.51,9387.37,3,0.0009,0.6962,0,10
2026-09-03T22:29:23.115312+00:00,dos_hulk_v1,dos_hulk_v1__run_002,impact,T1499,113,2,0.9836,1.0,0.0,92479.41,162043.57,0.9831,452,792,0.0579,0.1434,0.0426,0.0014,0.0467,76,22,6,5,2,0,0.5707,204.6,56.78,396.7,8062.52,7214.54,1,0.0063,0.0,0,12
2026-09-03T22:29:28.115312+00:00,dos_hulk_v1,dos_hulk_v1__run_002,impact,T1499,132,2,0.9985,1.0,0.0,285928.53,469064.57,0.9537,1452,2382,0.0447,0.1054,0.0401,0.001,0.0433,92,25,1,10,6,3,0.6094,196.92,52.67,345.16,7807.26,7826.87,3,0.0,1.0283,0,11
2026-09-03T22:29:33.115312+00:00,dos_hulk_v1,dos_hulk_v1__run_002,impact,T1499,130,2,0.9938,0.979,0.033,255953.51,397318.61,1.0,1300,2018,0.0215,0.0497,0.0402,0.0015,0.0447,89,22,1,10,6,0,0.6439,196.89,61.86,422.08,10441.25,9052.79,4,0.0269,0.9687,0,8
2026-09-03T22:29:38.115312+00:00,dos_hulk_v1,dos_hulk_v1__run_002,impact,T1499,132,2,0.9985,1.0,0.0069,76978.4,154151.2,0.8861,396,793,0.036,0.0889,0.037,0.0026,0.0447,94,23,0,3,5,0,0.4989,194.39,53.82,351.29,9506.93,8681.18,3,0.0242,2.3322,0,8
2026-09-03T22:29:43.115312+00:00,dos_hulk_v1,dos_hulk_v1__run_002,impact,T1499,134,2,0.9921,1.0,0.025,185766.37,275282.78,0.9258,938,1390,0.0226,0.0633,0.0378,0.0021,0.044,93,22,0,2,4,0,0.6746,198.05,56.03,449.95,7618.4,7599.25,2,0.0052,0.9082,0,10
2026-09-03T22:29:48.115312+00:00,dos_hulk_v1,dos_hulk_v1__run_002,impact,T1499,143,2,0.9997,0.9724,0.0,167406.19,363688.97,1.0,858,1864,0.0373,0.0773,0.0294,0.0009,0.0322,98,26,1,7,6,0,0.4602,195.11,57.97,383.41,7862.68,8424.43,4,0.0,1.7044,0,6
2026-09-03T22:29:53.115312+00:00,dos_hulk_v1,dos_hulk_v1__run_002,impact,T1499,112,2,0.9998,0.9889,0.0305,114757.75,211072.28,0.8716,560,1030,0.0245,0.0459,0.0351,0.0026,0.0427,78,21,0,10,4,0,0.5437,204.92,59.28,370.59,8793.31,7587.19,2,0.0,1.7796,0,5
2026-09-03T22:29:58.115312+00:00,dos_hulk_v1,dos_hulk_v1__run_002,impact,T1499,132,2,0.9834,0.9294,0.0938,105722.51,160586.08,0.9471,528,802,0.0264,0.0372,0.0358,0.0023,0.0428,90,25,5,4,4,1,0.6579,200.23,55.79,373.84,7833.4,7168.91,3,0.0,0.7916,0,6
2026-09-03T22:30:03.115312+00:00,dos_hulk_v1,dos_hulk_v1__run_002,impact,T1499,155,2,0.9997,1.0,0.015,205223.14,264425.76,0.9448,1085,1398,0.0301,0.0872,0.0412,0.002,0.0471,111,27,0,8,1,0,0.7761,189.15,50.59,356.54,7950.46,7537.64,0,0.0262,0.1799,0,11
2026-09-03T22:30:08.115312+00:00,dos_hulk_v1,dos_hulk_v1__run_002,impact,T1499,157,2,0.9993,0.9665,0.0231,227606.89,385212.75,0.9064,1099,1860,0.0223,0.0362,0.0362,0.0012,0.0397,110,29,0,10,1,0,0.5908,207.1,69.42,456.0,7256.03,8400.72,0,0.0355,1.0496,0,11
2026-09-03T22:30:13.115312+00:00,dos_hulk_v1,dos_hulk_v1__run_002,impact,T1499,128,2,0.9972,0.9789,0.0246,180979.72,287628.48,0.9959,896,1424,0.0295,0.083,0.0401,0.0022,0.0467,88,27,0,8,6,0,0.6288,201.99,56.06,346.99,8798.29,7612.02,3,0.0,0.5373,0,11
2026-09-03T22:30:18.115312+00:00,dos_hulk_v1,dos_hulk_v1__run_002,impact,T1499,103,2,0.9803,0.9894,0.0,59836.19,82298.97,0.9951,309,425,0.0212,0.0314,0.0407,0.0025,0.0483,70,21,6,2,1,0,0.7256,193.64,58.47,391.44,6255.67,8592.91,0,0.0,1.6156,0,3
2026-09-03T22:30:23.115312+00:00,dos_hulk_v1,dos_hulk_v1__run_002,impact,T1499,119,2,0.9959,1.0,0.0,97703.25,138549.77,0.9459,476,675,0.0488,0.0638,0.0372,0.0019,0.0429,84,22,0,5,7,2,0.7048,205.26,57.5,343.06,7344.06,9945.72,5,0.006,0.8936,0,12
2026-09-03T22:30:28.115312+00:00,dos_hulk_v1,dos_hulk_v1__run_002,impact,T1499,109,2,0.9995,1.0,0.02,130364.51,332887.97,0.9076,654,1670,0.0538,0.0942,0.0483,0.0018,0.0537,77,21,0,10,3,1,0.3915,199.33,58.51,370.83,7843.47,6730.27,1,0.0,0.714,0,9
2026-09-03T22:30:33.115312+00:00,dos_hulk_v1,dos_hulk_v1__run_002,impact,T1499,133,2,1.0,1.0,0.0,208114.42,267771.27,0.9638,1064,1369,0.0279,0.0638,0.0403,0.0023,0.0472,94,28,0,3,0,0,0.7769,195.6,56.77,379.19,6442.35,9196.16,0,0.0,0.2415,0,6
2026-09-03T22:30:38.115312+00:00,dos_hulk_v1,dos_hulk_v1__run_002,impact,T1499,118,2,0.9948,1.0,0.0,162043.68,240907.56,0.9748,826,1228,0.0399,0.0927,0.0385,0.0016,0.0433,84,23,0,1,5,0,0.6721,196.18,53.64,396.39,8088.53,7303.76,2,0.0095,1.0279,0,4
2026-09-03T22:30:43.115312+00:00,dos_hulk_v1,dos_hulk_v1__run_002,impact,T1499,133,2,0.999,1.0,0.0,50664.87,93520.49,1.0,266,491,0.0587,0.1233,0.043,0.0021,0.0493,91,26,1,4,2,0,0.5412,190.47,55.28,357.77,8855.58,5152.74,1,0.0,0.2908,0,8
2026-09-03T22:30:48.115312+00:00,dos_hulk_v1,dos_hulk_v1__run_002,impact,T1499,113,2,0.9999,1.0,0.0,71162.54,95513.14,0.9877,339,455,0.0313,0.0668,0.0426,0.0018,0.0479,74,18,0,6,0,0,0.7445,209.92,68.28,467.58,8163.39,7168.96,0,0.0088,1.0727,0,5
2026-09-03T22:30:53.115312+00:00,dos_hulk_v1,dos_hulk_v1__run_002,impact,T1499,131,2,0.9996,0.9903,0.0015,136727.53,266566.49,0.9848,655,1277,0.024,0.0443,0.0402,0.0019,0.0459,89,24,3,8,0,0,0.5126,208.74,61.11,463.16,9596.18,7395.89,0,0.0126,1.2362,0,7
2026-09-03T22:30:58.115312+00:00,dos_hulk_v1,dos_hulk_v1__run_002,impact,T1499,133,2,0.9908,0.9659,0.0438,132261.35,214004.83,0.8082,665,1076,0.0561,0.1408,0.0434,0.0028,0.0518,89,26,3,8,5,0,0.6177,198.89,59.03,443.78,10375.4,7798.12,2,0.0368,0.4924,0,11
2026-09-03T22:31:03.115312+00:00,dos_hulk_v1,dos_hulk_v1__run_002,impact,T1499,127,2,0.9899,0.9891,0.0282,198990.53,321792.75,0.8776,1016,1643,0.0271,0.0721,0.0406,0.003,0.0497,89,27,0,6,4,3,0.6183,195.86,64.2,429.33,8180.51,7328.29,3,0.0171,1.4295,0,7
2026-09-03T22:31:08.115312+00:00,dos_hulk_v1,dos_hulk_v1__run_002,impact,T1499,117,2,0.9847,1.0,0.01,128482.82,198397.98,1.0,702,1084,0.0257,0.0465,0.0395,0.0027,0.0476,80,25,2,9,2,3,0.6472,183.02,46.28,316.8,7956.25,9082.38,1,0.0719,0.5574,0,10
2026-09-03T22:31:13.115312+00:00,dos_hulk_v1,dos_hulk_v1__run_002,impact,T1499,125,2,0.9944,1.0,0.0192,98188.48,244096.56,1.0,500,1243,0.0219,0.0603,0.0418,0.0028,0.0503,83,21,5,4,0,0,0.402,196.38,55.57,410.44,9208.63,8987.54,0,0.0225,0.6105,0,4
2026-09-03T22:31:18.115312+00:00,dos_hulk_v1,dos_hulk_v1__run_002,impact,T1499,127,2,0.9964,1.0,0.0007,76527.17,126139.27,0.9826,381,628,0.0248,0.0722,0.0408,0.0025,0.0482,86,24,3,3,3,0,0.606,200.86,56.24,476.35,8577.19,8066.94,2,0.0,1.594,0,4
2026-09-03T22:31:23.115312+00:00,dos_hulk_v1,dos_hulk_v1__run_002,impact,T1499,127,2,0.987,0.979,0.0056,131228.7,215545.73,0.978,635,1043,0.0266,0.0636,0.0354,0.0016,0.0402,92,23,0,10,6,3,0.6086,206.66,53.87,352.25,8755.86,9180.02,5,0.0239,0.7281,0,7
2026-09-03T22:31:28.115312+00:00,dos_hulk_v1,dos_hulk_v1__run_002,impact,T1499,110,2,0.976,0.9534,0.0092,132957.87,261282.36,0.9586,660,1297,0.051,0.1024,0.0445,0.0024,0.0517,74,20,4,7,0,0,0.5088,201.45,60.21,439.72,8475.81,7875.61,0,0.0115,1.1382,0,5
2026-09-03T22:31:33.115312+00:00,dos_hulk_v1,dos_hulk_v1__run_002,impact,T1499,124,2,0.988,1.0,0.0158,120162.62,199237.38,0.957,620,1028,0.0233,0.0647,0.0357,0.0023,0.0426,84,22,2,4,2,0,0.6026,193.81,50.46,369.81,6508.07,8011.22,1,0.0,0.765,0,9
2026-09-03T22:31:38.115312+00:00,dos_hulk_v1,dos_hulk_v1__run_002,impact,T1499,132,2,0.9993,0.9597,0.0658,76135.39,132852.42,1.0,396,691,0.054,0.1556,0.0357,0.0015,0.0402,94,28,1,8,6,4,0.5728,192.26,59.95,466.66,8583.24,7559.2,5,0.0082,1.1001,0,11
2026-09-03T22:31:43.115312+00:00,dos_hulk_v1,dos_hulk_v1__run_002,impact,T1499,127,2,0.9978,1.0,0.0393,125011.44,203365.07,0.9729,635,1033,0.0315,0.0524,0.0445,0.0021,0.0509,86,26,0,4,3,1,0.6147,196.87,55.64,401.64,8280.01,7625.15,2,0.0249,0.9726,0,4
2026-09-03T22:31:48.115312+00:00,dos_hulk_v1,dos_hulk_v1__run_002,impact,T1499,146,2,0.9966,1.0,0.021,116673.67,163223.27,0.941,584,817,0.032,0.0659,0.0361,0.0014,0.0403,101,32,2,9,0,2,0.714,199.78,59.09,385.38,6611.32,7059.69,0,0.0,1.3441,0,7
2026-09-03T22:31:53.115312+00:00,dos_hulk_v1,dos_hulk_v1__run_002,impact,T1499,148,2,0.9979,0.985,0.0136,116974.71,226638.5,0.9399,592,1147,0.0215,0.0273,0.0304,0.0011,0.0336,104,25,0,9,0,0,0.516,197.59,59.69,373.63,7533.81,7544.47,0,0.0,1.91,0,9
2026-09-03T22:31:58.115312+00:00,dos_hulk_v1,dos_hulk_v1__run_002,impact,T1499,118,2,1.0,1.0,0.0,70245.66,112115.24,1.0,354,565,0.0438,0.0975,0.0483,0.002,0.0542,78,24,4,9,1,0,0.6263,198.43,54.05,397.53,9157.26,9456.56,0,0.0026,1.3229,0,9
2026-09-03T22:32:03.115312+00:00,dos_hulk_v1,dos_hulk_v1__run_002,impact,T1499,146,2,0.9988,1.0,0.0065,175401.44,318966.31,0.974,876,1593,0.0437,0.093,0.0447,0.0027,0.0529,102,34,6,12,2,3,0.5497,200.23,56.16,403.63,6231.02,7590.56,1,0.0364,0.3019,0,7
2026-09-03T22:32:08.115312+00:00,dos_hulk_v1,dos_hulk_v1__run_002,impact,T1499,132,2,0.9673,1.0,0.0016,181592.63,247822.84,1.0,924,1261,0.0412,0.0561,0.0414,0.0016,0.0463,90,19,2,7,6,0,0.7323,196.53,59.09,431.52,10802.13,8386.47,4,0.0,1.5613,0,7
2026-09-03T22:32:13.115312+00:00,dos_hulk_v1,dos_hulk_v1__run_002,impact,T1499,121,2,1.0,1.0,0.0,73296.97,134074.9,0.9469,363,664,0.0394,0.1159,0.0358,0.0015,0.0402,80,23,2,6,1,0,0.5464,201.92,64.51,403.54,7805.14,7479.22,0,0.008,1.8611,0,7
2026-09-03T22:32:18.115312+00:00,dos_hulk_v1,dos_hulk_v1__run_002,impact,T1499,131,2,0.9905,0.9847,0.0324,240369.76,421003.86,0.9587,1179,2065,0.0575,0.1262,0.0403,0.0025,0.0479,94,26,3,5,0,0,0.5708,203.88,57.24,394.31,8919.01,8032.89,0,0.0417,1.5436,0,9
2026-09-03T22:32:23.115312+00:00,dos_hulk_v1,dos_hulk_v1__run_002,impact,T1499,119,2,0.9975,0.9927,0.0072,153708.55,228840.59,0.9883,714,1063,0.0505,0.1381,0.0466,0.0012,0.0503,85,24,3,3,4,1,0.6712,215.28,58.35,419.15,8405.74,9158.38,2,0.0716,1.7854,0,12
2026-09-03T22:32:28.115312+00:00,dos_hulk_v1,dos_hulk_v1__run_002,impact,T1499,119,2,0.9885,1.0,0.0251,116648.67,262116.42,0.8519,595,1337,0.0448,0.0858,0.0443,0.0018,0.0497,85,21,2,8,3,0,0.4448,196.05,63.34,491.16,9181.47,8117.21,2,0.038,0.8951,0,9
2026-09-03T22:32:33.115312+00:00,dos_hulk_v1,dos_hulk_v1__run_002,impact,T1499,110,2,0.999,1.0,0.0299,88752.91,126876.32,0.9267,440,629,0.0207,0.0424,0.0373,0.0023,0.0441,76,20,0,9,7,0,0.6989,201.71,60.96,354.41,9544.0,7253.73,4,0.0184,0.302,0,7
2026-09-03T22:32:38.115312+00:00,dos_hulk_v1,dos_hulk_v1__run_002,impact,T1499,121,2,0.996,0.9668,0.029,121124.16,161966.03,0.9133,605,809,0.0533,0.1222,0.0426,0.0024,0.0498,83,26,2,9,3,4,0.747,200.21,64.22,422.88,8644.07,8293.39,1,0.0,0.6385,0,4
2026-09-03T22:32:43.115312+00:00,dos_hulk_v1,dos_hulk_v1__run_002,impact,T1499,115,2,0.9995,0.9931,0.0934,216201.8,310202.58,0.9299,1035,1485,0.0527,0.08,0.0427,0.0025,0.0503,82,25,0,8,5,1,0.6967,208.89,62.48,421.12,8218.83,9767.14,3,0.0,1.3211,0,11
2026-09-03T22:32:48.115312+00:00,dos_hulk_v1,dos_hulk_v1__run_002,impact,T1499,123,2,0.9996,1.0,0.0109,148070.99,248590.73,0.974,738,1239,0.057,0.1417,0.035,0.0023,0.0419,90,25,0,3,6,2,0.5952,200.64,62.34,463.46,9026.23,7513.33,5,0.0,1.1134,0,5
2026-09-03T22:32:53.115312+00:00,dos_hulk_v1,dos_hulk_v1__run_002,impact,T1499,119,2,0.9987,0.994,0.0,141057.32,215932.29,0.9886,714,1093,0.0604,0.166,0.037,0.0022,0.0438,83,27,3,5,4,2,0.653,197.56,59.99,403.59,9121.82,8905.56,3,0.0,0.9481,0,8
2026-09-03T22:32:58.115312+00:00,dos_hulk_v1,dos_hulk_v1__run_002,impact,T1499,119,2,0.9938,0.9825,0.0076,95274.56,169332.52,0.9188,476,846,0.0319,0.0584,0.0444,0.0023,0.0514,85,26,0,4,4,1,0.5623,200.16,60.85,387.94,8322.61,8567.41,3,0.0,1.3839,0,7
2026-09-03T22:33:03.115312+00:00,dos_hulk_v1,dos_hulk_v1__run_002,impact,T1499,144,2,0.995,1.0,0.021,229265.73,317031.52,0.9775,1152,1593,0.0336,0.0814,0.0432,0.0027,0.0513,99,26,0,9,2,1,0.7229,199.02,61.63,410.78,9844.53,8284.89,1,0.0815,0.7195,0,5
2026-09-03T22:33:08.115312+00:00,dos_hulk_v1,dos_hulk_v1__run_002,impact,T1499,121,2,1.0,0.9731,0.0379,191864.92,271147.94,1.0,968,1368,0.0541,0.1544,0.0515,0.0018,0.057,81,25,0,2,3,0,0.7074,198.21,51.54,362.13,8150.94,8154.18,2,0.0,1.2519,0,9
2026-09-03T22:33:13.115312+00:00,dos_hulk_v1,dos_hulk_v1__run_002,impact,T1499,105,2,0.9994,1.0,0.0307,126772.96,233423.22,0.9553,630,1160,0.032,0.0609,0.0405,0.0029,0.0493,74,21,0,2,2,0,0.5428,201.23,56.34,378.78,7815.84,7742.44,1,0.0023,1.2115,0,12
2026-09-03T22:33:18.115312+00:00,dos_hulk_v1,dos_hulk_v1__run_002,impact,T1499,144,2,0.9799,0.9652,0.0366,199606.09,261784.97,0.8613,1008,1322,0.0449,0.0861,0.0345,0.0013,0.0384,100,30,7,6,4,1,0.7624,198.02,55.22,402.14,6640.69,7382.27,3,0.0038,1.2608,0,12
2026-09-03T22:33:23.115312+00:00,dos_hulk_v1,dos_hulk_v1__run_002,impact,T1499,113,2,0.9954,1.0,0.0,86002.3,156402.41,0.9444,452,822,0.0507,0.0693,0.0428,0.0026,0.0505,81,21,3,1,0,0,0.5495,190.27,59.9,477.47,8263.41,7903.7,0,0.0,0.1552,0,6
2026-09-03T22:33:28.115312+00:00,dos_hulk_v1,dos_hulk_v1__run_002,impact,T1499,110,2,0.999,1.0,0.0139,129519.71,188196.07,1.0,660,959,0.0479,0.1035,0.0394,0.0022,0.0461,79,23,4,6,9,0,0.6876,196.24,57.18,382.21,5601.98,8200.95,6,0.0,0.7984,0,7
2026-09-03T22:33:33.115312+00:00,dos_hulk_v1,dos_hulk_v1__run_002,impact,T1499,135,2,0.9996,1.0,0.0,81008.29,178218.24,0.9282,405,891,0.0263,0.0746,0.0311,0.0012,0.0348,91,19,5,7,2,1,0.4543,200.02,64.29,410.1,6499.89,6617.25,1,0.0,0.9538,0,8
2026-09-03T22:33:38.115312+00:00,dos_hulk_v1,dos_hulk_v1__run_002,impact,T1499,103,2,0.9994,1.0,0.0,121513.63,197803.73,0.9932,618,1006,0.0612,0.1379,0.0414,0.0014,0.0455,71,22,1,7,0,0,0.6142,196.62,55.53,384.22,9376.61,8050.7,0,0.0,1.5079,0,5
2026-09-03T22:33:43.115312+00:00,dos_hulk_v1,dos_hulk_v1__run_002,impact,T1499,119,2,0.9975,0.9817,0.0258,68817.59,117009.18,0.955,357,607,0.0262,0.0445,0.0487,0.0024,0.0559,81,21,0,8,0,0,0.5872,192.77,59.12,344.53,8916.74,7381.93,0,0.0188,0.8463,0,14
2026-09-03T22:33:48.115312+00:00,dos_hulk_v1,dos_hulk_v1__run_002,impact,T1499,113,2,0.9932,1.0,0.0281,111398.96,153395.38,0.9295,565,778,0.0562,0.1001,0.0383,0.0027,0.0463,79,25,0,6,2,0,0.726,197.17,58.23,378.53,6852.38,7768.12,1,0.0,1.7675,0,8
2026-09-03T22:33:53.115312+00:00,dos_hulk_v1,dos_hulk_v1__run_002,impact,T1499,143,2,0.9971,1.0,0.0,168010.85,301753.76,0.9952,858,1541,0.0352,0.0799,0.0336,0.0014,0.0378,101,30,2,4,8,0,0.5565,195.82,57.59,368.98,8124.2,7739.13,7,0.0,1.5432,0,12
2026-09-03T22:33:58.115312+00:00,dos_hulk_v1,dos_hulk_v1__run_002,impact,T1499,124,2,0.988,0.9962,0.0,202195.23,412951.15,0.9554,992,2026,0.0444,0.1271,0.0383,0.0019,0.0441,83,24,3,5,0,0,0.4896,203.83,68.0,452.24,9839.62,8321.05,0,0.0184,0.0269,0,8
2026-09-03T22:34:03.115312+00:00,dos_hulk_v1,dos_hulk_v1__run_002,impact,T1499,127,2,0.9978,1.0,0.0,222482.97,412848.98,0.9161,1143,2121,0.0507,0.1149,0.0349,0.0023,0.042,87,25,1,7,2,1,0.5387,194.65,56.91,397.81,6968.22,8352.68,1,0.0216,1.7463,0,7
2026-09-03T22:34:08.115312+00:00,dos_hulk_v1,dos_hulk_v1__run_002,impact,T1499,122,2,0.9905,0.9755,0.0181,98227.32,175923.52,0.9537,488,874,0.0275,0.0375,0.0373,0.0025,0.0449,84,22,2,4,2,0,0.5577,201.29,67.28,455.3,7223.07,6769.8,1,0.0,1.3042,0,7
2026-09-03T22:34:13.115312+00:00,dos_hulk_v1,dos_hulk_v1__run_002,impact,T1499,112,2,0.9979,0.965,0.0363,46679.48,96901.6,0.9794,224,465,0.0413,0.1035,0.0436,0.003,0.0526,75,24,3,3,6,0,0.4813,208.39,65.35,468.02,8169.87,9717.99,4,0.0198,0.6842,0,2
2026-09-03T22:34:18.115312+00:00,dos_hulk_v1,dos_hulk_v1__run_002,impact,T1499,116,2,0.9981,0.9692,0.0175,253942.48,396635.87,0.9508,1276,1993,0.0251,0.0606,0.0363,0.0018,0.0417,78,21,1,6,1,0,0.6399,199.01,47.98,382.51,7945.96,8459.82,0,0.0,1.318,0,7
2026-09-03T22:34:23.115312+00:00,dos_hulk_v1,dos_hulk_v1__run_002,impact,T1499,118,2,0.9898,1.0,0.0,119646.01,184741.55,0.9609,590,911,0.0228,0.0483,0.0362,0.0016,0.0409,82,23,3,6,2,0,0.647,202.79,60.29,399.03,9470.74,9157.19,1,0.0053,0.7107,0,12
2026-09-03T22:34:28.115312+00:00,dos_hulk_v1,dos_hulk_v1__run_002,impact,T1499,120,2,0.995,1.0,0.0022,211893.7,383763.03,0.8887,1080,1956,0.0267,0.0653,0.0427,0.0014,0.047,90,24,4,7,3,0,0.552,196.2,55.78,388.45,7257.49,7588.78,2,0.0,1.3166,0,8
2026-09-03T22:34:33.115312+00:00,dos_hulk_v1,dos_hulk_v1__run_002,impact,T1499,106,2,0.9959,1.0,0.0,103888.2,244431.3,0.9518,530,1247,0.0615,0.0862,0.0387,0.0021,0.0449,70,19,0,5,2,0,0.425,196.02,57.32,441.49,8018.25,8600.63,1,0.0,0.5665,0,4
2026-09-03T22:34:38.115312+00:00,dos_hulk_v1,dos_hulk_v1__run_002,impact,T1499,109,2,0.9999,0.9515,0.0569,94777.05,207161.77,0.9876,436,953,0.0395,0.1145,0.0395,0.0024,0.0466,74,19,4,6,3,2,0.4574,217.38,59.12,395.83,8611.91,10057.43,2,0.0012,1.5524,0,8
2026-09-03T22:34:43.115312+00:00,dos_hulk_v1,dos_hulk_v1__run_002,impact,T1499,133,2,0.999,0.9499,0.0418,211642.62,340338.83,0.9834,1064,1711,0.0532,0.0656,0.04,0.0018,0.0454,98,25,0,12,4,0,0.6216,198.91,61.14,405.49,8246.87,8386.31,2,0.0,0.4879,0,5
2026-09-03T22:34:48.115312+00:00,dos_hulk_v1,dos_hulk_v1__run_002,impact,T1499,133,2,1.0,0.9804,0.0135,214966.81,355180.12,1.0,1064,1758,0.021,0.0253,0.0456,0.0015,0.05,92,23,5,6,6,3,0.605,202.04,58.99,419.51,8274.68,8525.38,4,0.0,1.6172,0,7
2026-09-03T22:34:53.115312+00:00,dos_hulk_v1,dos_hulk_v1__run_002,impact,T1499,107,2,0.9969,1.0,0.0106,150557.64,279406.03,0.9338,749,1390,0.0431,0.0986,0.0448,0.0029,0.0536,73,20,1,2,1,0,0.5388,201.01,63.65,530.71,7327.42,8717.23,0,0.0456,0.7076,0,4
2026-09-03T22:34:58.115312+00:00,dos_hulk_v1,dos_hulk_v1__run_002,impact,T1499,128,2,0.9993,1.0,0.0,253269.57,563129.05,0.893,1280,2846,0.059,0.1101,0.0406,0.0024,0.0479,92,20,1,10,2,0,0.4497,197.87,61.33,444.07,6699.67,7184.83,1,0.0094,1.0339,0,6
2026-09-03T22:35:03.115312+00:00,dos_hulk_v1,dos_hulk_v1__run_002,impact,T1499,125,2,0.9977,1.0,0.0,199364.85,319581.85,0.9835,1000,1603,0.0416,0.1187,0.0492,0.0019,0.0548,89,25,3,5,1,2,0.6238,199.36,61.7,431.99,7867.63,7058.09,0,0.0,1.3725,0,6
2026-09-03T22:35:08.115312+00:00,dos_hulk_v1,dos_hulk_v1__run_002,impact,T1499,100,2,0.9997,1.0,0.0,177434.25,266348.52,0.9917,900,1351,0.0354,0.1045,0.0383,0.002,0.0444,70,21,8,2,1,0,0.6662,197.15,52.14,388.21,8301.17,9618.68,0,0.0238,1.5333,0,8
2026-09-03T22:35:13.115312+00:00,dos_hulk_v1,dos_hulk_v1__run_002,impact,T1499,143,2,0.9991,1.0,0.0162,168094.6,294851.25,0.9619,858,1505,0.0533,0.1401,0.0337,0.0018,0.039,96,29,2,6,6,6,0.5697,195.91,56.09,425.97,10235.24,7423.25,5,0.0227,0.6774,0,16
2026-09-03T22:35:18.115312+00:00,dos_hulk_v1,dos_hulk_v1__run_002,impact,T1499,134,2,0.9998,1.0,0.0465,56798.19,96641.69,1.0,268,456,0.0315,0.0689,0.0338,0.0022,0.0403,93,28,6,10,4,0,0.5867,211.93,64.31,430.08,7194.11,7335.72,3,0.0488,1.7129,0,10
2026-09-03T22:35:23.115312+00:00,dos_hulk_v1,dos_hulk_v1__run_002,impact,T1499,144,2,0.995,0.9754,0.0267,165442.66,350608.22,1.0,864,1831,0.031,0.0836,0.0414,0.0027,0.0495,101,31,5,5,5,0,0.4718,191.48,54.42,377.01,6879.07,7940.97,3,0.0,0.6806,0,2
2026-09-03T22:35:28.115312+00:00,dos_hulk_v1,dos_hulk_v1__run_002,impact,T1499,146,2,0.9864,1.0,0.0013,90171.68,168196.95,0.9421,438,817,0.0459,0.1134,0.0405,0.0021,0.0467,105,28,2,6,6,0,0.536,205.87,62.63,458.2,8937.91,9839.16,4,0.0048,1.6377,0,14
2026-09-03T22:35:33.115312+00:00,dos_hulk_v1,dos_hulk_v1__run_002,impact,T1499,106,2,0.999,0.9957,0.0211,189346.72,320142.83,1.0,954,1613,0.0586,0.1753,0.029,0.0017,0.0342,73,20,1,2,7,0,0.5914,198.48,64.59,406.45,7899.2,8441.59,6,0.0472,0.5911,0,5
2026-09-03T22:35:38.115312+00:00,dos_hulk_v1,dos_hulk_v1__run_002,impact,T1499,110,2,0.9883,1.0,0.0,198913.86,278077.55,0.9544,990,1384,0.0343,0.0717,0.037,0.0014,0.0412,77,25,3,4,2,0,0.7148,200.92,54.92,396.74,7775.89,8877.04,1,0.0,0.6273,0,4
2026-09-03T22:35:43.115312+00:00,dos_hulk_v1,dos_hulk_v1__run_002,impact,T1499,122,2,0.993,1.0,0.0,168685.58,363246.82,0.9164,854,1839,0.0487,0.0717,0.0399,0.0011,0.0432,86,24,0,3,2,0,0.4643,197.52,56.59,433.5,6945.9,8180.29,1,0.0103,0.6081,0,5
2026-09-03T22:35:48.115312+00:00,dos_hulk_v1,dos_hulk_v1__run_002,impact,T1499,120,2,0.9998,0.998,0.0142,72236.88,107954.0,0.9631,360,538,0.0502,0.1149,0.0432,0.003,0.0522,86,28,0,10,3,1,0.668,200.66,59.63,374.47,7975.63,6659.91,2,0.0585,1.2505,0,7
2026-09-03T22:35:53.115312+00:00,dos_hulk_v1,dos_hulk_v1__run_002,impact,T1499,120,2,0.9928,1.0,0.0046,70320.13,108996.2,0.9159,360,558,0.021,0.0573,0.0412,0.002,0.0473,80,28,4,8,2,3,0.6446,195.33,53.76,389.77,8711.03,7761.64,1,0.0263,0.5952,0,9
2026-09-03T22:35:58.115312+00:00,dos_hulk_v1,dos_hulk_v1__run_002,impact,T1499,136,2,0.9975,0.9973,0.0381,299192.44,533786.52,0.9571,1496,2669,0.0326,0.0529,0.0364,0.0017,0.0414,92,27,0,9,5,0,0.5605,199.99,57.86,366.49,6785.36,10669.41,3,0.0103,0.9851,0,7
2026-09-03T22:36:03.115312+00:00,dos_hulk_v1,dos_hulk_v1__run_002,impact,T1499,118,2,0.9992,0.9671,0.0276,229869.55,424674.25,1.0,1180,2180,0.0477,0.0958,0.0365,0.0026,0.0442,77,20,0,3,3,1,0.541,194.8,52.04,333.82,7856.28,8231.79,2,0.0711,1.5563,0,7
2026-09-03T22:36:08.115312+00:00,dos_hulk_v1,dos_hulk_v1__run_002,impact,T1499,137,2,0.9861,0.9951,0.0326,56653.19,102141.15,0.9445,274,494,0.0556,0.1469,0.0413,0.0026,0.0491,97,31,0,3,5,0,0.5543,206.76,63.21,384.66,7695.56,9158.58,4,0.0132,0.201,0,2
2026-09-03T22:36:13.115312+00:00,dos_hulk_v1,dos_hulk_v1__run_002,impact,T1499,128,2,0.9984,0.9895,0.0092,26982.39,43846.39,1.0,128,208,0.0297,0.0517,0.0395,0.0018,0.0447,91,23,2,3,6,0,0.6142,210.8,63.76,383.85,7448.86,6468.07,4,0.0631,0.1337,0,8
2026-09-03T22:36:18.115312+00:00,dos_hulk_v1,dos_hulk_v1__run_002,impact,T1499,121,2,0.9988,1.0,0.0,204662.23,409113.03,0.887,968,1935,0.0545,0.0896,0.043,0.0017,0.0481,84,27,1,7,8,0,0.5001,211.43,61.06,488.84,7926.17,8539.67,6,0.0262,1.4158,0,8
2026-09-03T22:36:23.115312+00:00,dos_hulk_v1,dos_hulk_v1__run_002,impact,T1499,121,2,0.994,1.0,0.0,186484.66,334824.73,0.9203,968,1738,0.0343,0.0901,0.0325,0.0011,0.0357,85,22,0,14,7,0,0.5567,192.65,55.95,345.34,9398.17,8206.21,6,0.0,1.5185,0,11
2026-09-03T22:36:28.115312+00:00,dos_hulk_v1,dos_hulk_v1__run_002,impact,T1499,151,2,0.9929,0.9776,0.0351,211149.31,423097.68,0.9422,1057,2118,0.0365,0.1086,0.0419,0.0026,0.0497,104,27,0,8,6,0,0.499,199.76,59.26,399.86,8105.5,8096.16,3,0.039,0.2779,0,7
2026-09-03T22:36:33.115312+00:00,dos_hulk_v1,dos_hulk_v1__run_002,impact,T1499,139,2,0.9991,1.0,0.0032,78475.53,110656.14,0.9441,417,588,0.0256,0.035,0.0525,0.002,0.0587,99,27,1,7,5,0,0.7084,188.19,55.49,349.16,7143.19,7978.73,2,0.0,0.7164,0,7
2026-09-03T22:36:38.115312+00:00,dos_hulk_v1,dos_hulk_v1__run_002,impact,T1499,115,2,0.9934,1.0,0.0084,114478.96,161266.02,1.0,575,810,0.0579,0.1011,0.035,0.0024,0.0423,78,22,2,7,1,2,0.7092,199.09,63.89,472.22,6603.56,8376.51,0,0.0,0.2325,0,8
2026-09-03T22:36:43.115312+00:00,dos_hulk_v1,dos_hulk_v1__run_002,impact,T1499,121,2,0.9996,0.9727,0.0708,220348.47,391932.95,0.8706,1089,1937,0.0513,0.073,0.0374,0.0019,0.0431,80,27,0,11,2,1,0.5621,202.34,57.76,380.01,6507.56,8789.53,1,0.0384,0.6992,0,6
2026-09-03T22:36:48.115312+00:00,dos_hulk_v1,dos_hulk_v1__run_002,impact,T1499,115,2,0.9999,1.0,0.0,197680.34,379890.04,0.9128,1035,1989,0.0325,0.0661,0.033,0.0011,0.0365,78,22,3,6,5,1,0.5202,191.0,55.25,415.4,8373.34,8376.34,3,0.0495,0.0602,0,6
2026-09-03T22:36:53.115312+00:00,dos_hulk_v1,dos_hulk_v1__run_002,impact,T1499,120,2,0.9992,0.9662,0.0472,119135.18,194984.57,0.9214,600,982,0.0421,0.0847,0.0352,0.0017,0.0403,85,20,3,6,1,0,0.6107,198.56,58.65,416.38,8742.68,8037.06,0,0.0445,1.0191,0,9
2026-09-03T22:36:58.115312+00:00,dos_hulk_v1,dos_hulk_v1__run_002,impact,T1499,128,2,0.9984,1.0,0.0,211743.17,400740.5,1.0,1024,1938,0.0515,0.1224,0.0417,0.0017,0.0468,90,24,2,9,0,0,0.5283,206.78,57.3,381.48,7505.48,7586.6,0,0.0432,0.4077,0,7
2026-09-03T22:37:03.115312+00:00,dos_hulk_v1,dos_hulk_v1__run_002,impact,T1499,114,2,0.9944,0.954,0.0353,202832.65,425434.56,1.0,1026,2152,0.0547,0.1531,0.042,0.0021,0.0484,82,18,4,9,6,0,0.4768,197.69,55.96,393.82,7175.54,10443.98,5,0.0269,0.8022,0,4
2026-09-03T22:37:08.115312+00:00,dos_hulk_v1,dos_hulk_v1__run_002,impact,T1499,121,2,0.9988,1.0,0.0278,191897.36,339190.48,0.9866,968,1711,0.0321,0.0763,0.0447,0.0022,0.0513,83,28,5,6,3,4,0.5656,198.24,60.04,379.33,9263.54,8730.81,2,0.0,1.4007,0,4
2026-09-03T22:37:13.115312+00:00,dos_hulk_v1,dos_hulk_v1__run_002,impact,T1499,134,2,0.9994,1.0,0.0,153708.82,263446.21,1.0,804,1378,0.0544,0.066,0.0438,0.0014,0.048,93,30,4,1,6,1,0.5831,191.18,54.59,348.83,7358.89,8574.47,3,0.0,1.4074,0,13
2026-09-03T22:37:18.115312+00:00,dos_hulk_v1,dos_hulk_v1__run_002,impact,T1499,121,2,0.9889,0.9835,0.0016,23830.3,37813.37,0.9349,121,192,0.0277,0.0749,0.0399,0.0028,0.0484,86,21,4,3,8,0,0.6296,196.94,58.84,374.66,7314.37,7888.77,7,0.0314,1.407,0,8
2026-09-03T22:37:23.115312+00:00,dos_hulk_v1,dos_hulk_v1__run_002,impact,T1499,120,2,0.9998,1.0,0.0115,164816.16,240945.54,0.931,840,1228,0.0549,0.1335,0.0407,0.0013,0.0445,85,26,1,5,4,0,0.6836,196.21,58.08,401.21,8392.32,8652.6,3,0.0,1.3412,0,7
2026-09-03T22:37:28.115312+00:00,dos_hulk_v1,dos_hulk_v1__run_002,impact,T1499,106,2,0.9791,1.0,0.016,85329.81,131415.96,1.0,424,653,0.0568,0.0788,0.0496,0.0019,0.0552,79,22,1,3,1,0,0.6484,201.25,63.89,528.03,8523.98,7783.03,0,0.0,0.8369,0,12
2026-09-03T22:37:33.115312+00:00,dos_hulk_v1,dos_hulk_v1__run_002,impact,T1499,103,2,0.9999,1.0,0.0,60124.23,79971.07,0.8931,309,411,0.0287,0.0463,0.035,0.0019,0.0407,72,20,1,3,1,1,0.7507,194.58,58.1,385.56,6951.78,9039.18,0,0.0286,0.4172,0,4
2026-09-03T22:37:38.115312+00:00,dos_hulk_v1,dos_hulk_v1__run_002,impact,T1499,129,2,0.9979,1.0,0.0156,228190.46,292657.71,0.8771,1161,1489,0.0438,0.1158,0.0434,0.0031,0.0527,91,27,6,6,3,0,0.7797,196.55,54.77,344.89,10191.21,8483.68,1,0.0054,1.3782,0,10
2026-09-03T22:37:43.115312+00:00,dos_hulk_v1,dos_hulk_v1__run_002,impact,T1499,134,2,0.9994,0.9751,0.0129,79876.45,154189.36,0.9662,402,776,0.0462,0.1069,0.0379,0.0018,0.0433,97,25,4,7,2,0,0.5178,198.7,58.16,400.44,8874.31,8003.53,1,0.0444,0.6057,0,2
2026-09-03T22:37:48.115312+00:00,dos_hulk_v1,dos_hulk_v1__run_002,impact,T1499,116,2,0.9991,0.9975,0.0024,253455.79,420307.56,0.9794,1276,2116,0.036,0.0686,0.0379,0.001,0.0409,85,24,3,6,4,0,0.6029,198.63,63.0,429.07,7576.39,9637.32,2,0.0119,1.0717,0,14
2026-09-03T22:37:53.115312+00:00,dos_hulk_v1,dos_hulk_v1__run_002,impact,T1499,130,2,0.9973,1.0,0.0163,236844.4,356886.04,1.0,1170,1763,0.0568,0.1433,0.0417,0.0022,0.0484,91,21,0,5,10,3,0.6636,202.43,59.22,358.12,8775.69,8753.85,8,0.0,1.259,0,0
2026-09-03T22:37:58.115312+00:00,dos_hulk_v1,dos_hulk_v1__run_002,impact,T1499,116,2,0.9991,0.9451,0.0749,97520.79,184743.05,0.944,464,879,0.0231,0.0527,0.0421,0.0021,0.0483,79,23,4,6,0,0,0.5276,210.17,64.67,511.31,7271.96,7254.04,0,0.0432,1.5361,0,9
2026-09-03T22:38:03.115312+00:00,dos_hulk_v1,dos_hulk_v1__run_002,impact,T1499,100,2,0.9954,1.0,0.0,20210.62,35368.58,0.8984,100,175,0.0534,0.0698,0.04,0.0026,0.0478,68,21,3,6,3,0,0.5704,202.11,60.13,446.51,9101.57,8298.31,2,0.0206,1.9184,0,10
2026-09-03T22:38:08.115312+00:00,dos_hulk_v1,dos_hulk_v1__run_002,impact,T1499,120,2,0.9968,1.0,0.0126,93712.27,159896.56,0.9013,480,819,0.0302,0.0644,0.0464,0.0015,0.051,86,24,6,7,5,0,0.5855,195.23,59.44,421.23,8057.81,7167.02,4,0.0215,0.5259,0,11
2026-09-03T22:38:13.115312+00:00,dos_hulk_v1,dos_hulk_v1__run_002,impact,T1499,149,2,0.9974,0.9867,0.0197,176629.53,244396.78,1.0,894,1237,0.0254,0.0525,0.0379,0.0026,0.0456,105,30,4,3,6,0,0.7224,197.57,56.71,364.03,9201.06,8943.73,4,0.0,0.7156,0,9
2026-09-03T22:38:18.115312+00:00,dos_hulk_v1,dos_hulk_v1__run_002,impact,T1499,149,2,0.9961,0.9667,0.0533,244674.35,350590.43,0.9603,1192,1708,0.0522,0.1528,0.0326,0.0016,0.0375,105,27,0,12,5,0,0.6977,205.26,62.86,390.06,7404.1,8469.93,2,0.026,1.3678,0,11
2026-09-03T22:38:23.115312+00:00,dos_hulk_v1,dos_hulk_v1__run_002,impact,T1499,114,2,0.9964,1.0,0.0,230661.06,398396.16,0.9399,1140,1969,0.0553,0.1545,0.0371,0.0019,0.0427,81,22,1,1,1,4,0.5787,202.33,56.92,412.44,6198.84,8866.11,0,0.0263,0.4259,0,6
2026-09-03T22:38:28.115312+00:00,dos_hulk_v1,dos_hulk_v1__run_002,impact,T1499,110,2,0.9914,1.0,0.0304,133347.99,230328.34,1.0,660,1140,0.0245,0.0396,0.0438,0.0014,0.0481,75,21,3,4,3,0,0.5786,202.04,58.1,381.77,8597.76,7958.95,2,0.028,0.8684,0,8
2026-09-03T22:38:33.115312+00:00,dos_hulk_v1,dos_hulk_v1__run_002,impact,T1499,115,2,0.9934,0.9826,0.0306,162588.99,257920.68,0.8537,805,1277,0.032,0.0505,0.047,0.0023,0.0538,77,24,2,8,2,0,0.6302,201.97,56.59,365.68,7962.23,7897.59,1,0.0,0.8561,0,5
2026-09-03T22:38:38.115312+00:00,dos_hulk_v1,dos_hulk_v1__run_002,impact,T1499,119,2,0.9995,0.9939,0.0047,276653.42,549432.14,0.8589,1428,2836,0.0542,0.1169,0.0327,0.0016,0.0375,86,21,4,2,7,0,0.5035,193.73,58.86,470.21,8090.63,10400.76,3,0.0,1.3509,0,8
2026-09-03T22:38:43.115312+00:00,dos_hulk_v1,dos_hulk_v1__run_002,impact,T1499,118,2,1.0,1.0,0.0016,139909.09,180814.71,1.0,708,915,0.0363,0.0899,0.049,0.0024,0.0563,81,21,8,6,6,0,0.7737,197.61,56.92,353.19,7113.18,8256.62,3,0.0559,0.9298,0,10
2026-09-03T22:38:48.115312+00:00,dos_hulk_v1,dos_hulk_v1__run_002,impact,T1499,141,2,1.0,1.0,0.0119,166564.87,245122.06,0.9758,846,1245,0.0296,0.0475,0.036,0.0023,0.0428,96,25,0,6,0,0,0.6793,196.89,60.7,425.31,9746.49,8369.59,0,0.0247,0.9795,0,9
2026-09-03T22:38:53.115312+00:00,dos_hulk_v1,dos_hulk_v1__run_002,impact,T1499,145,2,0.9997,0.9636,0.0,205596.53,433474.47,0.9433,1015,2140,0.0217,0.0323,0.0406,0.0018,0.0461,100,28,5,4,7,0,0.4741,202.56,61.06,412.35,7893.26,9307.72,4,0.0,1.1685,0,9
2026-09-03T22:38:58.115312+00:00,dos_hulk_v1,dos_hulk_v1__run_002,impact,T1499,130,2,0.9998,1.0,0.0096,186945.95,419909.36,0.893,910,2044,0.0477,0.0727,0.0425,0.0031,0.0517,88,24,0,8,2,0,0.445,205.44,69.76,511.07,8243.02,8684.59,1,0.0013,1.2179,0,14
2026-09-03T22:39:03.115312+00:00,dos_hulk_v1,dos_hulk_v1__run_002,impact,T1499,123,2,0.9996,0.992,0.0175,185594.94,278392.4,0.9848,984,1476,0.0542,0.1161,0.0421,0.0026,0.0499,89,25,2,7,0,0,0.6664,188.61,58.74,395.57,8426.52,6557.63,0,0.0162,1.24,0,7
2026-09-03T22:39:08.115312+00:00,dos_hulk_v1,dos_hulk_v1__run_002,impact,T1499,129,2,1.0,0.9617,0.0196,176290.19,294012.21,0.9082,903,1506,0.04,0.0504,0.0423,0.0023,0.0491,87,27,4,6,5,0,0.5992,195.23,56.64,354.87,8091.35,8225.71,4,0.0636,0.3111,0,6
2026-09-03T22:39:13.115312+00:00,dos_hulk_v1,dos_hulk_v1__run_002,impact,T1499,128,2,0.9956,1.0,0.0205,177726.04,281465.68,0.9459,896,1419,0.0419,0.0604,0.0359,0.0012,0.0396,87,24,5,3,2,1,0.6311,198.35,55.45,374.16,10089.73,8909.16,1,0.0359,0.9961,0,6
2026-09-03T22:39:18.115312+00:00,dos_hulk_v1,dos_hulk_v1__run_002,impact,T1499,128,2,0.9972,0.9615,0.0278,127185.6,184419.12,0.9518,640,928,0.0213,0.0511,0.0352,0.0026,0.0429,83,25,0,5,1,0,0.6892,198.73,57.52,382.41,7833.02,6652.1,0,0.0318,1.1597,0,9
2026-09-03T22:39:23.115312+00:00,dos_hulk_v1,dos_hulk_v1__run_002,impact,T1499,131,2,0.9996,0.9916,0.0051,163180.14,224632.2,0.9723,786,1082,0.0233,0.0433,0.0467,0.0027,0.0548,94,29,5,8,2,0,0.7258,207.61,66.33,382.31,10402.3,8784.65,1,0.0001,0.7426,0,7
2026-09-03T22:39:28.115312+00:00,dos_hulk_v1,dos_hulk_v1__run_002,impact,T1499,115,2,0.9956,0.9864,0.0109,68598.7,113535.83,0.8942,345,571,0.0501,0.0924,0.033,0.0013,0.037,82,19,5,6,2,0,0.6037,198.84,56.76,378.93,9393.2,6567.9,1,0.0,0.3083,0,4
2026-09-03T22:39:33.115312+00:00,dos_hulk_v1,dos_hulk_v1__run_002,impact,T1499,125,2,0.9896,0.9882,0.0552,75917.19,112155.0,1.0,375,554,0.0391,0.0821,0.04,0.003,0.0489,88,23,0,4,4,2,0.6767,202.45,60.77,363.32,9220.06,8473.18,3,0.0,0.0139,0,9
2026-09-03T22:39:38.115312+00:00,dos_hulk_v1,dos_hulk_v1__run_002,impact,T1499,119,2,0.9995,0.9995,0.0,123983.33,176910.67,0.8764,595,849,0.0581,0.123,0.0415,0.003,0.0506,82,27,0,5,5,1,0.7004,208.38,65.69,434.17,9232.84,8218.23,2,0.0,0.6267,0,11
2026-09-03T22:39:43.115312+00:00,dos_hulk_v1,dos_hulk_v1__run_002,impact,T1499,120,2,0.9998,0.9772,0.0441,94703.57,122917.34,0.9608,480,623,0.0364,0.0549,0.0387,0.0018,0.0441,83,22,0,9,7,0,0.7698,197.3,62.16,484.37,9651.32,8214.64,3,0.0,0.9007,0,12
2026-09-03T22:39:48.115312+00:00,dos_hulk_v1,dos_hulk_v1__run_002,impact,T1499,117,2,0.9957,1.0,0.0248,166020.25,210413.94,1.0,819,1038,0.0333,0.099,0.0386,0.0012,0.0423,82,26,5,1,6,0,0.7883,202.71,61.51,481.12,7073.42,7979.36,3,0.0,1.363,0,7
2026-09-03T22:39:53.115312+00:00,dos_hulk_v1,dos_hulk_v1__run_002,impact,T1499,143,2,1.0,0.9784,0.0466,113738.22,192877.74,0.9713,572,970,0.04,0.0618,0.0417,0.0027,0.0498,101,27,4,3,10,0,0.5892,198.84,59.34,481.68,8377.69,8442.64,6,0.0276,0.7631,0,11
2026-09-03T22:39:58.115312+00:00,dos_hulk_v1,dos_hulk_v1__run_002,impact,T1499,144,2,0.9685,1.0,0.0212,118453.37,216341.92,0.975,576,1052,0.0578,0.0932,0.0397,0.0021,0.0461,100,32,1,7,4,0,0.547,205.65,59.91,405.37,9299.69,6595.64,2,0.0776,1.2663,0,7
2026-09-03T22:40:03.115312+00:00,dos_hulk_v1,dos_hulk_v1__run_002,impact,T1499,137,2,0.9981,1.0,0.0,268989.65,657944.75,0.9134,1370,3351,0.0389,0.0812,0.0315,0.0023,0.0384,97,25,0,9,8,3,0.4087,196.34,57.13,369.79,9001.99,8245.14,5,0.0148,0.7495,0,4
2026-09-03T22:40:08.115312+00:00,dos_hulk_v1,dos_hulk_v1__run_002,impact,T1499,129,2,0.9682,0.9724,0.0122,157492.38,260249.04,0.915,774,1279,0.0347,0.048,0.0381,0.0024,0.0453,88,28,6,5,2,5,0.6047,203.48,53.61,361.36,10047.38,8131.24,1,0.0013,0.9774,0,7
2026-09-03T22:40:13.115312+00:00,dos_hulk_v1,dos_hulk_v1__run_002,impact,T1499,120,2,0.9902,0.9902,0.0462,46530.44,94611.9,0.9492,240,488,0.0235,0.061,0.0385,0.0021,0.0447,84,23,0,7,1,0,0.4913,193.88,54.92,447.36,8214.3,7643.36,0,0.0,0.6825,0,5
2026-09-03T22:40:18.115312+00:00,dos_hulk_v1,dos_hulk_v1__run_002,impact,T1499,118,2,0.9998,1.0,0.0026,135802.49,236503.5,0.9026,708,1233,0.0308,0.0832,0.0396,0.0017,0.0447,89,21,4,9,2,2,0.5739,191.81,54.34,383.71,7718.16,8370.45,1,0.0,0.343,0,7
2026-09-03T22:40:23.115312+00:00,dos_hulk_v1,dos_hulk_v1__run_002,impact,T1499,134,2,0.9998,0.9842,0.0,158812.19,272983.14,0.9837,804,1382,0.023,0.0556,0.0366,0.0024,0.0439,95,33,0,6,9,0,0.5817,197.53,54.41,367.86,9832.52,6992.8,8,0.0271,0.3127,0,9
2026-09-03T22:40:28.115312+00:00,dos_hulk_v1,dos_hulk_v1__run_002,impact,T1499,131,2,0.9929,0.9727,0.0504,130358.27,219121.3,1.0,655,1101,0.0311,0.0595,0.0388,0.0016,0.0435,93,23,0,9,1,0,0.5945,199.02,60.11,537.47,8441.33,7729.39,0,0.034,1.0663,0,9
2026-09-03T22:40:33.115312+00:00,dos_hulk_v1,dos_hulk_v1__run_002,impact,T1499,141,2,0.9895,1.0,0.0162,87998.22,125444.27,0.9526,423,603,0.0439,0.13,0.0361,0.0021,0.0424,95,22,4,6,9,0,0.7008,208.03,62.95,453.85,7914.61,8519.37,6,0.0,0.7225,0,7
2026-09-03T22:40:38.115312+00:00,dos_hulk_v1,dos_hulk_v1__run_002,impact,T1499,114,2,0.9991,1.0,0.0,141553.12,185426.31,0.8898,684,896,0.0445,0.0611,0.0455,0.0025,0.0531,78,22,6,9,2,0,0.7633,206.95,58.79,422.56,9300.87,10189.93,1,0.0,0.2094,0,2
2026-09-03T22:40:43.115312+00:00,dos_hulk_v1,dos_hulk_v1__run_002,impact,T1499,150,2,0.9999,1.0,0.0056,239286.42,340983.15,0.8749,1200,1710,0.0535,0.1053,0.0394,0.0018,0.0446,106,30,6,12,4,0,0.7016,199.41,63.95,465.43,10143.92,6908.39,2,0.0,0.5278,0,12
2026-09-03T22:40:48.115312+00:00,dos_hulk_v1,dos_hulk_v1__run_002,impact,T1499,113,2,0.9995,1.0,0.0004,171461.47,297022.86,0.913,904,1566,0.029,0.0816,0.0396,0.0012,0.043,79,23,2,6,8,0,0.5771,189.67,56.62,337.8,6920.5,8751.64,5,0.0325,1.9019,0,7
2026-09-03T22:40:53.115312+00:00,dos_hulk_v1,dos_hulk_v1__run_002,impact,T1499,123,2,0.9996,1.0,0.0146,172564.12,271773.46,0.9507,861,1356,0.0593,0.0978,0.0311,0.0011,0.0344,92,23,2,1,8,1,0.6347,200.42,57.16,431.01,7034.63,8534.25,4,0.0559,1.4983,0,9
2026-09-03T22:40:58.115312+00:00,dos_hulk_v1,dos_hulk_v1__run_002,impact,T1499,115,2,0.9995,1.0,0.0134,185968.52,357382.99,0.8426,920,1768,0.033,0.0746,0.0408,0.0018,0.0462,77,24,0,5,2,0,0.5202,202.14,64.59,453.67,8536.24,9162.86,1,0.0404,1.4208,0,8
2026-09-03T22:41:03.115312+00:00,dos_hulk_v1,dos_hulk_v1__run_002,impact,T1499,119,2,0.9987,0.9819,0.0288,167939.63,251203.81,0.9952,833,1246,0.044,0.0823,0.0426,0.0027,0.0508,85,19,3,8,2,2,0.6683,201.61,67.01,440.75,6638.91,8091.33,1,0.0,1.0614,0,9
2026-09-03T22:41:08.115312+00:00,dos_hulk_v1,dos_hulk_v1__run_002,impact,T1499,117,2,0.9957,0.9908,0.0034,145746.34,227962.22,0.985,702,1098,0.0326,0.0448,0.0422,0.0022,0.0488,83,24,4,8,3,0,0.6389,207.62,60.06,393.84,8606.41,8742.76,1,0.0,0.8828,0,6
2026-09-03T22:41:13.115312+00:00,dos_hulk_v1,dos_hulk_v1__run_002,impact,T1499,137,2,0.9953,1.0,0.0551,255499.58,485925.8,0.9112,1233,2345,0.0474,0.0814,0.0372,0.0017,0.0422,90,27,6,4,1,1,0.5256,207.22,63.2,395.64,8574.58,7658.37,0,0.0,1.177,0,6
2026-09-03T22:41:18.115312+00:00,dos_hulk_v1,dos_hulk_v1__run_002,impact,T1499,128,2,0.9887,1.0,0.0,180573.17,298872.78,0.9385,896,1483,0.0556,0.0907,0.0377,0.0021,0.0439,92,25,1,5,0,0,0.6039,201.53,56.34,381.44,6741.46,8482.39,0,0.0289,1.9918,0,8
2026-09-03T22:41:23.115312+00:00,dos_hulk_v1,dos_hulk_v1__run_002,impact,T1499,107,2,0.972,0.9773,0.0047,129894.7,397170.23,0.9464,642,1963,0.0308,0.0677,0.0467,0.0023,0.0536,74,16,0,7,2,0,0.3269,202.33,56.39,367.65,9781.34,8167.35,1,0.0302,2.189,0,6
2026-09-03T22:41:28.115312+00:00,dos_hulk_v1,dos_hulk_v1__run_002,impact,T1499,127,2,0.9719,1.0,0.0452,131769.84,198796.08,1.0,635,958,0.0353,0.0639,0.0428,0.0029,0.0515,89,27,1,5,4,0,0.6622,207.51,67.42,461.5,8691.39,8563.82,3,0.0,0.6276,0,5
2026-09-03T22:41:33.115312+00:00,dos_hulk_v1,dos_hulk_v1__run_002,impact,T1499,115,2,0.9986,0.9917,0.0078,68847.94,118538.2,1.0,345,594,0.0251,0.0621,0.0415,0.0013,0.0454,79,23,1,5,3,1,0.5803,199.56,61.65,425.96,8898.88,7268.13,2,0.0,0.5386,0,6
2026-09-03T22:41:38.115312+00:00,dos_hulk_v1,dos_hulk_v1__run_002,impact,T1499,130,2,0.9957,1.0,0.0099,153143.42,295684.6,0.9506,780,1506,0.0394,0.0501,0.0392,0.0022,0.0458,91,23,3,7,5,2,0.5178,196.34,49.85,441.23,9989.76,6612.83,3,0.0586,1.0675,0,6
2026-09-03T22:41:43.115312+00:00,dos_hulk_v1,dos_hulk_v1__run_002,impact,T1499,141,2,0.9971,0.9993,0.0009,319475.95,543788.84,1.0,1551,2640,0.0297,0.0759,0.0484,0.0029,0.057,98,27,3,9,0,4,0.5875,205.98,60.92,390.49,7214.77,9384.66,0,0.0278,1.7397,0,9
2026-09-03T22:41:48.115312+00:00,dos_hulk_v1,dos_hulk_v1__run_002,impact,T1499,159,2,0.9977,1.0,0.0114,93615.89,134437.91,0.9685,477,685,0.0288,0.0757,0.0439,0.0018,0.0494,107,25,0,5,1,1,0.6956,196.26,54.94,428.65,10208.76,9561.11,0,0.0404,1.3325,0,9
2026-09-03T22:41:53.115312+00:00,dos_hulk_v1,dos_hulk_v1__run_002,impact,T1499,104,2,0.9732,1.0,0.0,127037.56,186484.63,0.9126,624,916,0.0481,0.0754,0.031,0.0009,0.0336,69,22,1,4,1,2,0.6809,203.59,65.23,511.55,6139.55,8905.43,0,0.0,0.2279,0,7
2026-09-03T22:41:58.115312+00:00,dos_hulk_v1,dos_hulk_v1__run_002,impact,T1499,147,2,0.9992,1.0,0.0,350424.78,647213.11,0.9664,1764,3258,0.0339,0.0623,0.0397,0.0016,0.0446,102,30,4,9,4,4,0.5413,198.65,54.32,379.97,8964.4,6904.79,3,0.0326,1.6695,0,6
2026-09-03T22:42:03.115312+00:00,dos_hulk_v1,dos_hulk_v1__run_002,impact,T1499,125,2,0.9944,0.9734,0.0472,121192.41,205930.15,0.8678,625,1062,0.0206,0.06,0.0331,0.0024,0.0403,90,28,1,9,0,2,0.5883,193.91,59.25,347.14,8905.6,8794.92,0,0.0416,1.5375,0,7
2026-09-03T22:42:08.115312+00:00,dos_hulk_v1,dos_hulk_v1__run_002,impact,T1499,136,2,0.9994,1.0,0.0267,55368.46,98930.41,0.9647,272,486,0.0517,0.081,0.0335,0.001,0.0364,95,29,6,6,4,2,0.5597,203.56,61.21,388.58,9415.11,8135.83,2,0.0118,0.7016,0,9
2026-09-03T22:42:13.115312+00:00,dos_hulk_v1,dos_hulk_v1__run_002,impact,T1499,129,2,1.0,1.0,0.0197,137228.2,225735.06,0.8695,645,1061,0.0369,0.0639,0.0481,0.0027,0.0563,91,31,8,2,5,0,0.6079,212.76,61.53,429.53,8010.74,7629.43,4,0.0,0.0,0,6
2026-09-03T22:42:18.115312+00:00,dos_hulk_v1,dos_hulk_v1__run_002,impact,T1499,119,2,0.9999,1.0,0.0,116938.9,296965.85,0.9217,595,1511,0.0585,0.1189,0.0394,0.0024,0.0465,85,23,0,6,1,0,0.3937,196.54,54.31,410.7,9452.46,8146.99,0,0.0876,0.7271,0,9
2026-09-03T22:42:23.115312+00:00,dos_hulk_v1,dos_hulk_v1__run_002,impact,T1499,139,2,0.9997,1.0,0.0,283912.88,409120.51,0.9263,1390,2003,0.0502,0.1186,0.0458,0.0032,0.0553,93,29,4,9,2,0,0.6938,204.25,74.66,553.63,5298.08,8381.54,1,0.0137,1.0263,0,10
2026-09-03T22:42:28.115312+00:00,dos_hulk_v1,dos_hulk_v1__run_002,impact,T1499,125,2,0.9896,1.0,0.0,100215.19,169363.66,0.9702,500,845,0.0543,0.1357,0.0434,0.002,0.0494,85,27,0,8,5,0,0.5913,200.43,64.7,448.9,7765.34,7944.58,4,0.0354,1.1604,0,17
2026-09-03T22:42:33.115312+00:00,dos_hulk_v1,dos_hulk_v1__run_002,impact,T1499,110,2,0.9979,1.0,0.0,109127.26,200992.57,1.0,550,1013,0.0615,0.1838,0.0345,0.0011,0.0378,75,21,6,3,3,0,0.5427,198.41,65.91,463.25,8367.51,8545.89,2,0.0,0.5058,0,7
2026-09-03T22:42:38.115312+00:00,dos_hulk_v1,dos_hulk_v1__run_002,impact,T1499,119,2,0.9999,0.958,0.011,217640.49,354402.44,0.9666,1071,1744,0.0227,0.0521,0.0379,0.002,0.0439,83,26,5,3,2,0,0.6138,203.21,62.39,411.88,7245.56,9305.07,1,0.0333,0.5345,0,12
2026-09-03T22:42:43.115312+00:00,dos_hulk_v1,dos_hulk_v1__run_002,impact,T1499,118,2,0.9992,1.0,0.0,118346.45,153449.21,0.9192,590,765,0.0245,0.0624,0.0366,0.0017,0.0419,86,26,1,9,5,0,0.7708,200.59,57.19,406.74,8373.68,7099.78,4,0.0,0.3172,0,9
2026-09-03T22:42:48.115312+00:00,dos_hulk_v1,dos_hulk_v1__run_002,impact,T1499,131,2,0.9989,0.9822,0.0403,207210.83,321493.14,0.9832,1048,1626,0.0289,0.0727,0.0367,0.0009,0.0394,91,23,1,6,3,1,0.6445,197.72,58.08,423.99,7642.76,8874.39,1,0.0,0.9854,0,11
2026-09-03T22:42:53.115312+00:00,dos_hulk_v1,dos_hulk_v1__run_002,impact,T1499,126,2,0.9955,1.0,0.0,202972.95,262777.48,0.9783,1008,1305,0.0434,0.0599,0.045,0.0027,0.053,88,21,4,8,1,0,0.7722,201.36,60.9,450.13,8603.97,8432.08,0,0.0557,0.9725,0,6
2026-09-03T22:42:58.115312+00:00,dos_hulk_v1,dos_hulk_v1__run_002,impact,T1499,123,2,0.9996,1.0,0.0,215992.76,265161.84,0.9167,1107,1359,0.0382,0.0805,0.037,0.0012,0.0407,90,23,2,5,1,1,0.8145,195.12,52.98,342.3,7733.11,8586.57,0,0.0,0.2226,0,10
2026-09-03T22:43:03.115312+00:00,dos_hulk_v1,dos_hulk_v1__run_002,impact,T1499,141,2,0.9997,1.0,0.0312,168046.91,230617.56,0.9584,846,1161,0.0496,0.113,0.0358,0.0018,0.0414,98,27,0,7,10,0,0.7286,198.64,54.89,339.32,8949.73,9173.0,7,0.0143,1.7142,0,10
2026-09-03T22:43:08.115312+00:00,dos_hulk_v1,dos_hulk_v1__run_002,impact,T1499,111,2,0.9999,1.0,0.0,133023.36,206525.76,0.9699,666,1034,0.0556,0.0745,0.0452,0.0024,0.0525,81,23,1,4,2,2,0.6437,199.73,53.9,340.99,9250.26,8960.4,1,0.0531,0.8373,0,4
2026-09-03T22:43:13.115312+00:00,dos_hulk_v1,dos_hulk_v1__run_002,impact,T1499,140,2,1.0,0.9738,0.0324,311393.16,594477.84,0.915,1540,2940,0.022,0.0579,0.0363,0.0015,0.0408,97,26,6,8,11,0,0.5236,202.2,57.0,420.96,8192.35,7301.99,6,0.0,1.3786,0,10
2026-09-03T22:43:18.115312+00:00,dos_hulk_v1,dos_hulk_v1__run_002,impact,T1499,105,2,0.9999,0.9892,0.0137,173287.79,359984.75,0.8854,840,1745,0.0539,0.1525,0.0405,0.0017,0.0455,73,21,0,7,3,1,0.4813,206.29,60.85,362.23,7979.22,10098.75,2,0.0,1.0213,0,5
2026-09-03T22:43:23.115312+00:00,dos_hulk_v1,dos_hulk_v1__run_002,impact,T1499,118,2,0.9992,0.9851,0.0,166561.09,265368.51,0.9814,826,1316,0.0282,0.0383,0.0446,0.0028,0.0529,80,26,5,7,6,0,0.6277,201.65,54.8,321.97,9583.36,7828.43,4,0.0,1.2224,0,12
2026-09-03T22:43:28.115312+00:00,dos_hulk_v1,dos_hulk_v1__run_002,impact,T1499,131,2,0.9949,1.0,0.0222,109253.06,150744.2,0.8705,524,723,0.0284,0.0522,0.0369,0.0023,0.0438,95,26,2,6,7,0,0.7247,208.5,66.56,383.85,7478.59,6650.76,4,0.0,1.586,0,7
2026-09-03T22:43:33.115312+00:00,dos_hulk_v1,dos_hulk_v1__run_002,impact,T1499,140,2,0.9987,0.9814,0.0098,83026.41,102596.92,0.8624,420,519,0.022,0.0355,0.0381,0.0016,0.043,98,24,1,13,2,0,0.8077,197.68,56.83,377.65,7786.4,6905.01,1,0.0002,1.3443,0,4
2026-09-03T22:43:38.115312+00:00,dos_hulk_v1,dos_hulk_v1__run_002,impact,T1499,139,2,0.997,0.9577,0.0546,139367.63,227800.9,0.9139,695,1136,0.0363,0.0672,0.0353,0.002,0.0412,97,32,3,8,6,0,0.6115,200.53,62.83,447.05,7474.21,9229.51,5,0.0438,1.2855,0,12
2026-09-03T22:43:43.115312+00:00,dos_hulk_v1,dos_hulk_v1__run_002,impact,T1499,125,2,0.9866,0.9923,0.0072,203928.68,437019.16,1.0,1000,2143,0.0489,0.0602,0.0417,0.0027,0.0498,87,28,3,4,4,7,0.4665,203.93,53.35,430.24,7375.62,8912.44,2,0.0029,0.9094,0,6
2026-09-03T22:43:48.115312+00:00,dos_hulk_v1,dos_hulk_v1__run_002,impact,T1499,128,2,0.9972,0.9951,0.0063,175792.6,320782.25,0.8918,896,1635,0.0351,0.0657,0.0344,0.0014,0.0387,90,26,3,2,0,1,0.548,196.2,57.79,355.72,8233.14,7066.9,0,0.0363,0.1852,0,11
2026-09-03T22:43:53.115312+00:00,dos_hulk_v1,dos_hulk_v1__run_002,impact,T1499,113,2,0.9932,0.9691,0.0559,67237.62,134078.56,1.0,339,676,0.0482,0.0905,0.0378,0.0014,0.0421,78,26,1,5,5,0,0.5014,198.34,62.75,420.71,7744.45,8041.21,3,0.0,0.0234,0,6
2026-09-03T22:43:58.115312+00:00,dos_hulk_v1,dos_hulk_v1__run_002,impact,T1499,117,2,0.9957,0.9988,0.0075,276874.15,536394.37,0.9803,1404,2720,0.0615,0.184,0.0431,0.0031,0.0524,79,22,4,8,2,0,0.516,197.2,62.34,505.75,7509.3,8376.88,1,0.0,0.4841,0,4
2026-09-03T22:44:03.115312+00:00,dos_hulk_v1,dos_hulk_v1__run_002,impact,T1499,123,2,1.0,1.0,0.0058,127186.15,245272.8,0.8961,615,1186,0.038,0.0833,0.0365,0.0027,0.0447,85,25,1,3,0,0,0.5182,206.81,61.17,456.63,7986.95,10489.44,0,0.0174,1.0461,0,10
2026-09-03T22:44:08.115312+00:00,dos_hulk_v1,dos_hulk_v1__run_002,impact,T1499,117,2,0.9957,1.0,0.0,91765.06,164118.28,0.7846,468,837,0.0495,0.0902,0.0446,0.0021,0.0508,77,20,4,5,2,2,0.5589,196.08,57.67,414.28,7569.09,7657.33,1,0.0128,1.1853,0,9
2026-09-03T22:44:13.115312+00:00,dos_hulk_v1,dos_hulk_v1__run_002,impact,T1499,132,2,0.9834,0.9675,0.0272,81824.19,130794.72,0.9295,396,633,0.06,0.0939,0.0424,0.0023,0.0494,92,28,0,8,3,0,0.6248,206.63,59.57,414.02,7448.81,8613.28,2,0.0377,1.2811,0,11
2026-09-03T22:44:18.115312+00:00,dos_hulk_v1,dos_hulk_v1__run_002,impact,T1499,132,2,0.994,1.0,0.0,105927.32,150464.94,0.8355,528,750,0.0246,0.0713,0.0392,0.002,0.0452,85,23,3,4,11,0,0.7039,200.62,59.54,434.0,7928.99,7283.71,10,0.0429,0.3908,0,6
2026-09-03T22:44:23.115312+00:00,dos_hulk_v1,dos_hulk_v1__run_002,impact,T1499,127,2,0.9978,1.0,0.0006,172782.99,264519.29,0.915,889,1361,0.0507,0.1225,0.0426,0.0022,0.0491,87,28,0,6,7,4,0.653,194.36,54.3,366.07,7721.81,6324.48,6,0.0018,1.6571,0,6
2026-09-03T22:44:28.115312+00:00,dos_hulk_v1,dos_hulk_v1__run_002,impact,T1499,109,2,0.9897,0.9948,0.0,106330.32,176176.66,1.0,545,903,0.0392,0.1064,0.0343,0.0011,0.0375,77,18,6,4,4,0,0.6031,195.1,63.2,452.75,8983.39,8482.38,2,0.0378,0.4026,0,4
2026-09-03T22:44:33.115312+00:00,dos_hulk_v1,dos_hulk_v1__run_002,impact,T1499,152,2,0.9989,0.9922,0.0123,211455.72,299893.5,0.9726,1064,1509,0.0566,0.1472,0.0359,0.001,0.0388,102,32,2,9,3,0,0.7047,198.74,67.18,465.73,7890.66,7419.37,2,0.0372,1.6404,0,9
2026-09-03T22:44:38.115312+00:00,dos_hulk_v1,dos_hulk_v1__run_002,impact,T1499,128,2,0.9956,0.9971,0.0,180144.06,336563.8,0.9219,896,1674,0.0351,0.0994,0.0473,0.003,0.0563,82,27,3,4,3,0,0.5352,201.05,63.07,479.28,8418.91,8811.61,1,0.0045,1.1232,0,7
2026-09-03T22:44:43.115312+00:00,dos_hulk_v1,dos_hulk_v1__run_002,impact,T1499,120,2,0.9992,0.9512,0.0257,71723.52,88459.0,0.8279,360,444,0.0289,0.0577,0.0386,0.0013,0.0426,82,27,0,5,6,5,0.8091,199.23,62.1,510.45,9267.76,7732.37,5,0.0,1.43,0,4
2026-09-03T22:44:48.115312+00:00,dos_hulk_v1,dos_hulk_v1__run_002,impact,T1499,128,2,0.9823,1.0,0.0255,144589.66,240417.96,0.9618,768,1277,0.049,0.0987,0.0422,0.0028,0.0506,88,24,2,7,0,1,0.6011,188.27,50.35,314.48,6593.79,7713.57,0,0.011,0.0,0,12
2026-09-03T22:44:53.115312+00:00,dos_hulk_v1,dos_hulk_v1__run_002,impact,T1499,124,2,0.997,0.9742,0.0184,101466.58,158336.96,0.994,496,774,0.0376,0.0719,0.0434,0.0018,0.0487,84,20,1,9,3,0,0.6403,204.57,53.68,359.92,8406.23,11111.52,2,0.0519,1.4367,0,6
2026-09-03T22:44:58.115312+00:00,dos_hulk_v1,dos_hulk_v1__run_002,impact,T1499,137,2,0.9796,1.0,0.0003,187517.11,366430.73,0.841,959,1874,0.0275,0.0662,0.0393,0.0026,0.047,97,24,0,9,4,0,0.5116,195.53,59.49,416.18,7407.17,7271.14,3,0.0074,0.8919,0,4
2026-09-03T22:45:03.115312+00:00,dos_hulk_v1,dos_hulk_v1__run_002,impact,T1499,136,2,0.9998,1.0,0.0324,101670.0,150449.17,0.9032,544,805,0.0243,0.0402,0.0366,0.0027,0.0449,95,24,4,7,3,2,0.6755,186.89,53.87,397.83,8074.61,8816.23,2,0.0188,2.1004,0,15
2026-09-03T22:45:08.115312+00:00,dos_hulk_v1,dos_hulk_v1__run_002,impact,T1499,131,2,0.9848,0.9714,0.0136,160408.82,223266.22,0.972,786,1094,0.0335,0.067,0.0336,0.0012,0.0373,91,30,0,1,3,0,0.7183,204.08,58.21,405.67,10801.57,6097.9,2,0.0528,1.2163,0,6
2026-09-03T22:45:13.115312+00:00,dos_hulk_v1,dos_hulk_v1__run_002,impact,T1499,127,2,0.9838,0.9802,0.0,78162.21,111806.84,0.9827,381,545,0.0274,0.054,0.0411,0.0024,0.0483,88,27,2,8,4,0,0.6982,205.15,57.21,406.75,7565.4,7237.33,3,0.0483,1.079,0,9
2026-09-03T22:45:18.115312+00:00,dos_hulk_v1,dos_hulk_v1__run_002,impact,T1499,129,2,0.9965,0.9827,0.0,75106.02,125953.0,0.8983,387,649,0.0383,0.1051,0.0361,0.0017,0.0413,87,23,3,6,3,0,0.5957,194.07,61.56,402.79,8693.19,6279.78,2,0.024,1.1493,0,6
2026-09-03T22:45:23.115312+00:00,dos_hulk_v1,dos_hulk_v1__run_002,impact,T1499,135,2,0.9952,1.0,0.0,170770.72,257631.87,0.9764,810,1222,0.028,0.0804,0.0396,0.0021,0.046,97,33,8,6,4,0,0.6623,210.83,63.64,414.98,6857.65,7818.8,2,0.0329,0.9047,0,7
2026-09-03T22:45:28.115312+00:00,dos_hulk_v1,dos_hulk_v1__run_002,impact,T1499,145,2,0.9923,1.0,0.0,85803.26,125647.54,0.8717,435,637,0.0377,0.1002,0.0346,0.0009,0.0373,105,26,6,6,8,0,0.6819,197.25,57.31,358.99,9027.74,8075.99,6,0.005,0.6647,0,11
2026-09-03T22:45:33.115312+00:00,dos_hulk_v1,dos_hulk_v1__run_002,impact,T1499,118,2,1.0,0.9669,0.0126,113203.18,203190.11,0.962,590,1059,0.0565,0.0779,0.0388,0.0024,0.046,81,22,0,7,0,0,0.5569,191.87,55.78,342.68,9955.3,7573.36,0,0.0,0.4454,0,7
2026-09-03T22:45:38.115312+00:00,dos_hulk_v1,dos_hulk_v1__run_002,impact,T1499,144,2,0.9887,1.0,0.0329,173680.63,237202.71,0.9505,864,1180,0.0353,0.0682,0.0326,0.0012,0.0361,96,21,2,7,1,1,0.7322,201.02,60.26,468.15,7619.49,7654.82,0,0.0371,1.3385,0,9
2026-09-03T22:45:43.115312+00:00,dos_hulk_v1,dos_hulk_v1__run_002,impact,T1499,129,2,0.9927,0.9822,0.0,185442.44,279909.24,1.0,903,1363,0.0363,0.0766,0.046,0.0034,0.0562,90,29,0,0,6,0,0.6622,205.36,63.22,456.57,8540.37,8610.33,5,0.0276,1.2492,0,14
2026-09-03T22:45:48.115312+00:00,dos_hulk_v1,dos_hulk_v1__run_002,impact,T1499,104,2,0.9957,1.0,0.0207,105222.06,249092.98,0.9168,520,1231,0.0205,0.0526,0.0355,0.001,0.0386,72,23,5,7,0,1,0.4222,202.35,66.03,412.52,8407.77,10684.68,0,0.0192,0.9527,0,7
2026-09-03T22:45:53.115312+00:00,dos_hulk_v1,dos_hulk_v1__run_002,impact,T1499,117,2,0.9987,1.0,0.0,117062.4,215714.99,0.897,585,1078,0.0359,0.092,0.0364,0.0011,0.0396,84,24,4,9,0,0,0.5423,200.11,54.97,405.3,7421.86,6996.37,0,0.0462,1.4064,0,6
2026-09-03T22:45:58.115312+00:00,dos_hulk_v1,dos_hulk_v1__run_002,impact,T1499,104,2,0.9869,1.0,0.0,187359.23,265225.41,0.9224,936,1325,0.0309,0.0543,0.0397,0.0028,0.048,72,21,0,4,2,4,0.7064,200.17,63.16,418.3,7280.86,9904.71,1,0.0184,0.1761,0,6
2026-09-03T22:46:03.115312+00:00,dos_hulk_v1,dos_hulk_v1__run_002,impact,T1499,138,2,0.9994,1.0,0.011,109023.77,153462.8,0.9254,552,777,0.0406,0.099,0.0344,0.0021,0.0406,94,24,1,5,9,0,0.7101,197.51,60.9,426.93,9580.05,10785.16,6,0.0291,1.3458,0,6
2026-09-03T22:46:08.115312+00:00,dos_hulk_v1,dos_hulk_v1__run_002,impact,T1499,113,2,0.9999,0.9649,0.0366,85437.27,164825.88,1.0,452,872,0.0479,0.0819,0.0368,0.0024,0.0441,74,23,1,5,7,1,0.5178,189.02,60.02,399.41,7454.45,6746.28,4,0.03,0.8068,0,6
2026-09-03T22:46:13.115312+00:00,dos_hulk_v1,dos_hulk_v1__run_002,impact,T1499,140,2,0.9987,0.9832,0.0493,83161.9,155037.53,1.0,420,783,0.0448,0.0659,0.0408,0.0013,0.0446,98,28,3,11,10,0,0.5363,198.0,60.13,392.15,6107.29,10385.37,6,0.0278,0.8563,0,8
2026-09-03T22:46:18.115312+00:00,dos_hulk_v1,dos_hulk_v1__run_002,impact,T1499,125,2,1.0,0.9905,0.0,275239.69,465004.94,1.0,1375,2323,0.0281,0.0746,0.0393,0.002,0.0452,87,25,0,5,4,2,0.5917,200.17,59.19,435.21,8242.0,10131.62,3,0.0361,1.7237,0,7
2026-09-03T22:46:23.115312+00:00,dos_hulk_v1,dos_hulk_v1__run_002,impact,T1499,141,2,0.9895,1.0,0.0,191862.37,344263.68,0.9638,987,1771,0.0395,0.0989,0.041,0.0014,0.0451,98,26,2,10,4,0,0.5571,194.39,58.76,406.61,6673.03,8207.51,2,0.0,1.1489,0,8
2026-09-03T22:46:28.115312+00:00,dos_hulk_v1,dos_hulk_v1__run_002,impact,T1499,116,2,0.9998,0.9774,0.012,45658.3,63567.38,0.9731,232,323,0.0219,0.0625,0.0416,0.0018,0.047,78,23,3,1,0,0,0.7174,196.8,61.79,404.13,8384.13,9792.05,0,0.0136,1.0897,0,7
2026-09-03T22:46:33.115312+00:00,dos_hulk_v1,dos_hulk_v1__run_002,impact,T1499,127,2,0.9899,1.0,0.0,103944.52,203182.89,0.9923,508,993,0.0283,0.0451,0.0466,0.0018,0.0519,93,30,5,9,4,2,0.5111,204.62,61.66,402.01,9473.32,6760.62,2,0.0539,0.6639,0,6
2026-09-03T22:46:38.115312+00:00,dos_hulk_v1,dos_hulk_v1__run_002,impact,T1499,119,2,0.9975,0.9996,0.0,145115.16,228851.07,0.9524,714,1126,0.0385,0.0544,0.0437,0.0027,0.0519,83,25,2,4,4,0,0.6337,203.24,63.64,371.62,7897.55,5351.47,3,0.0119,1.626,0,5
2026-09-03T22:46:43.115312+00:00,dos_hulk_v1,dos_hulk_v1__run_002,impact,T1499,116,2,0.9998,0.9676,0.0196,47392.09,88655.89,0.9276,232,434,0.0501,0.0801,0.0346,0.0011,0.0378,82,24,7,2,3,0,0.534,204.28,64.04,397.58,7654.34,7524.4,2,0.0396,1.7223,0,6
2026-09-03T22:46:48.115312+00:00,dos_hulk_v1,dos_hulk_v1__run_002,impact,T1499,142,2,0.9826,0.9862,0.0,163060.29,289374.59,0.9691,852,1512,0.0504,0.1495,0.04,0.0018,0.0455,102,28,0,2,3,0,0.5634,191.39,52.1,360.49,8855.61,7084.02,1,0.0,0.7169,0,4
2026-09-03T22:46:53.115312+00:00,dos_hulk_v1,dos_hulk_v1__run_002,impact,T1499,142,2,0.9999,1.0,0.021,191455.26,426633.2,0.9691,994,2215,0.0597,0.1761,0.0467,0.003,0.0558,97,28,0,9,7,0,0.4487,192.61,53.66,354.4,9528.76,8909.7,3,0.0052,0.5232,0,6
2026-09-03T22:46:58.115312+00:00,dos_hulk_v1,dos_hulk_v1__run_002,impact,T1499,133,2,0.9931,0.9986,0.0,81290.24,109813.14,0.9338,399,539,0.0206,0.0335,0.0392,0.0023,0.0462,97,28,2,5,6,4,0.7392,203.73,57.49,406.89,7773.03,10112.89,3,0.0,0.6018,0,9
2026-09-03T22:47:03.115312+00:00,dos_hulk_v1,dos_hulk_v1__run_002,impact,T1499,140,2,0.9999,0.9905,0.05,193524.45,233809.14,0.819,980,1184,0.0526,0.1458,0.0335,0.0018,0.0391,95,25,1,3,0,2,0.8275,197.47,54.73,404.62,5626.07,8374.11,0,0.0338,1.6733,0,10
2026-09-03T22:47:08.115312+00:00,dos_hulk_v1,dos_hulk_v1__run_002,impact,T1499,102,2,1.0,0.9685,0.0427,106090.31,158719.42,1.0,510,763,0.0436,0.0719,0.0428,0.0016,0.0475,70,17,1,5,0,0,0.6678,208.02,62.61,376.12,7965.54,7252.16,0,0.0659,0.4691,0,11
2026-09-03T22:47:13.115312+00:00,dos_hulk_v1,dos_hulk_v1__run_002,impact,T1499,120,2,1.0,1.0,0.0,120866.25,203659.63,0.9819,600,1011,0.0231,0.0516,0.0409,0.002,0.0469,85,23,0,5,0,0,0.593,201.44,58.0,345.54,8155.37,7851.45,0,0.0417,0.9115,0,10
2026-09-03T22:47:18.115312+00:00,dos_hulk_v1,dos_hulk_v1__run_002,impact,T1499,111,2,0.9999,0.9694,0.0079,174833.32,332734.58,0.8847,888,1690,0.0227,0.0557,0.0379,0.0019,0.0437,75,20,2,4,2,3,0.5252,196.88,51.93,337.94,6068.41,8848.84,1,0.0117,0.7277,0,5
2026-09-03T22:47:23.115312+00:00,dos_hulk_v1,dos_hulk_v1__run_002,impact,T1499,132,2,0.9919,0.9773,0.0333,181346.09,366421.17,0.9868,924,1867,0.0383,0.0926,0.043,0.002,0.0491,97,23,6,8,2,0,0.4947,196.26,61.27,487.99,9591.14,10045.99,1,0.0053,0.933,0,10
2026-09-03T22:47:28.115312+00:00,dos_hulk_v1,dos_hulk_v1__run_002,impact,T1499,123,2,1.0,1.0,0.0183,51035.73,74478.97,0.9664,246,359,0.0432,0.081,0.0329,0.001,0.036,84,26,2,6,3,0,0.6836,207.46,71.96,614.8,8721.5,10466.3,2,0.0023,0.8358,0,8
2026-09-03T22:47:33.115312+00:00,dos_hulk_v1,dos_hulk_v1__run_002,impact,T1499,136,2,0.9986,1.0,0.0441,114757.0,179729.72,0.9642,544,852,0.027,0.0325,0.0425,0.0021,0.0487,96,26,9,12,7,0,0.6381,210.95,65.91,435.29,7966.31,7711.82,6,0.0744,0.2204,0,5
2026-09-03T22:47:38.115312+00:00,dos_hulk_v1,dos_hulk_v1__run_002,impact,T1499,145,2,0.9991,1.0,0.0,120414.68,176677.41,0.8907,580,851,0.0245,0.0519,0.0358,0.0019,0.0416,100,29,2,6,2,0,0.6813,207.61,63.67,459.32,8125.26,6791.56,1,0.0501,1.6675,0,9
2026-09-03T22:47:43.115312+00:00,dos_hulk_v1,dos_hulk_v1__run_002,impact,T1499,152,2,0.998,1.0,0.0127,268095.06,325711.97,0.8848,1368,1662,0.0545,0.0948,0.0327,0.0022,0.0394,104,29,0,6,0,1,0.8227,195.98,55.39,391.85,8190.01,8075.6,0,0.0182,1.5204,0,8
2026-09-03T22:47:48.115312+00:00,dos_hulk_v1,dos_hulk_v1__run_002,impact,T1499,112,2,0.9942,0.9914,0.0,157481.17,287242.45,0.9926,784,1430,0.0302,0.0649,0.0385,0.0019,0.0441,72,21,3,5,3,0,0.5482,200.87,65.22,494.06,7287.44,8657.46,2,0.0304,1.1475,0,8
2026-09-03T22:47:53.115312+00:00,dos_hulk_v1,dos_hulk_v1__run_002,impact,T1499,115,2,0.9995,0.9993,0.0,95628.11,164646.66,0.9069,460,792,0.0448,0.0959,0.0418,0.0025,0.0492,83,19,1,5,4,0,0.5804,207.89,64.27,421.62,8777.05,7805.55,3,0.0,1.3725,0,7
2026-09-03T22:47:58.115312+00:00,dos_hulk_v1,dos_hulk_v1__run_002,impact,T1499,125,2,0.9866,0.9955,0.0,123985.53,232100.91,0.9476,625,1170,0.0325,0.0716,0.0389,0.0016,0.0437,86,26,0,2,3,1,0.5337,198.38,58.81,429.89,7191.93,6624.93,1,0.0067,1.7519,0,6
2026-09-03T22:48:03.115312+00:00,dos_hulk_v1,dos_hulk_v1__run_002,impact,T1499,134,2,0.9994,1.0,0.0147,131817.68,199890.68,0.9514,670,1016,0.0563,0.0837,0.0368,0.0025,0.0444,90,25,1,9,1,1,0.6589,196.74,59.65,357.59,7371.8,8297.32,0,0.0,0.2357,0,9
2026-09-03T22:48:08.115312+00:00,dos_hulk_v1,dos_hulk_v1__run_002,impact,T1499,120,2,0.995,1.0,0.0065,74047.36,130199.95,0.9913,360,633,0.0542,0.1434,0.043,0.0013,0.0469,84,26,0,0,2,0,0.5679,205.69,68.21,421.04,8683.04,7542.35,1,0.0282,0.696,0,5
2026-09-03T22:48:13.115312+00:00,dos_hulk_v1,dos_hulk_v1__run_002,impact,T1499,118,2,0.9925,1.0,0.0,163920.5,272671.63,0.8748,826,1374,0.0336,0.0601,0.0418,0.0025,0.0493,76,25,0,5,5,0,0.601,198.45,60.46,410.7,8243.49,8407.29,3,0.0616,0.8318,0,8
2026-09-03T22:48:18.115312+00:00,dos_hulk_v1,dos_hulk_v1__run_002,impact,T1499,117,2,0.9881,1.0,0.0,285659.85,386169.8,0.9008,1404,1898,0.0525,0.1269,0.0322,0.002,0.0383,83,26,0,7,4,3,0.7395,203.46,54.85,356.35,9856.66,7393.8,3,0.0,1.1204,0,11
2026-09-03T22:48:23.115312+00:00,dos_hulk_v1,dos_hulk_v1__run_002,impact,T1499,136,2,0.9998,1.0,0.0047,160514.55,308636.43,0.8846,816,1569,0.0204,0.0558,0.0426,0.0027,0.0508,96,31,0,3,5,0,0.5199,196.71,56.08,353.73,6878.99,7172.33,3,0.0,1.2416,0,16
2026-09-03T22:48:28.115312+00:00,dos_hulk_v1,dos_hulk_v1__run_002,impact,T1499,114,2,0.9964,0.9803,0.0154,182656.85,337274.27,0.9897,912,1684,0.0531,0.0647,0.0398,0.0021,0.046,79,20,5,6,2,1,0.5414,200.28,59.38,388.52,7858.65,9205.92,1,0.0,0.0,0,6
2026-09-03T22:48:33.115312+00:00,dos_hulk_v1,dos_hulk_v1__run_002,impact,T1499,110,2,0.9998,0.9572,0.0659,133531.16,232667.93,0.8681,660,1150,0.0208,0.0438,0.0409,0.0027,0.0489,79,20,1,4,4,2,0.5736,202.32,62.78,450.91,8242.71,7130.4,2,0.0221,0.3608,0,5
2026-09-03T22:48:38.115312+00:00,dos_hulk_v1,dos_hulk_v1__run_002,impact,T1499,108,2,0.9978,0.961,0.0,93598.88,164664.69,0.9844,432,760,0.0583,0.1155,0.0395,0.0028,0.0479,75,23,0,3,5,0,0.5678,216.66,68.32,451.28,7902.28,7748.36,4,0.0,1.0783,0,2
2026-09-03T22:48:43.115312+00:00,dos_hulk_v1,dos_hulk_v1__run_002,impact,T1499,108,2,0.9751,1.0,0.0,168328.18,400363.89,0.9041,864,2055,0.0329,0.0615,0.0458,0.0016,0.0507,77,22,3,5,0,1,0.4204,194.82,64.13,449.05,9033.14,8847.08,0,0.0,1.7511,0,6
2026-09-03T22:48:48.115312+00:00,dos_hulk_v1,dos_hulk_v1__run_002,impact,T1499,125,2,0.9996,1.0,0.0,205405.5,314065.01,1.0,1000,1529,0.045,0.1052,0.0491,0.003,0.058,85,27,0,10,2,0,0.6536,205.41,53.29,358.22,8394.58,7626.37,1,0.0145,1.0196,0,13
2026-09-03T22:48:53.115312+00:00,dos_hulk_v1,dos_hulk_v1__run_002,impact,T1499,114,2,1.0,0.9957,0.0,180086.16,306067.48,0.8613,912,1550,0.0387,0.0595,0.0445,0.0018,0.0498,80,22,2,7,6,0,0.5881,197.46,59.04,516.17,8082.28,7487.56,3,0.0232,1.7111,0,3
2026-09-03T22:48:58.115312+00:00,dos_hulk_v1,dos_hulk_v1__run_002,impact,T1499,125,2,0.9996,1.0,0.0,180868.21,263344.12,0.897,875,1274,0.0287,0.0861,0.0391,0.0021,0.0452,88,23,1,4,1,0,0.6863,206.71,67.07,557.94,8244.76,8183.71,0,0.0196,0.0,0,8
2026-09-03T22:49:03.115312+00:00,dos_hulk_v1,dos_hulk_v1__run_002,impact,T1499,135,2,0.9996,0.9876,0.0235,104575.51,173711.54,0.9664,540,897,0.0284,0.0352,0.0375,0.0014,0.0417,100,28,0,8,6,0,0.6017,193.66,59.99,410.31,7107.72,7463.32,5,0.0,1.0741,0,5
2026-09-03T22:49:08.115312+00:00,dos_hulk_v1,dos_hulk_v1__run_002,impact,T1499,126,2,0.9737,1.0,0.0,155557.13,252677.45,0.8858,756,1228,0.0526,0.1505,0.0426,0.0026,0.0505,88,23,3,5,1,0,0.6152,205.76,67.04,413.77,6009.16,7544.07,0,0.0,0.2852,0,10
2026-09-03T22:49:13.115312+00:00,dos_hulk_v1,dos_hulk_v1__run_002,impact,T1499,123,2,1.0,0.9722,0.0444,289867.44,363905.39,0.9242,1476,1853,0.0247,0.0661,0.0375,0.0017,0.0426,81,24,1,9,0,0,0.7961,196.39,55.14,359.28,7709.02,8837.15,0,0.0527,0.0,0,5
2026-09-03T22:49:18.115312+00:00,dos_hulk_v1,dos_hulk_v1__run_002,impact,T1499,127,2,0.9996,0.9454,0.0543,126481.13,365301.42,1.0,635,1834,0.0281,0.0459,0.0367,0.0019,0.0423,84,27,3,9,4,0,0.3461,199.18,59.73,373.12,9027.68,9110.4,3,0.0,0.3786,0,9
2026-09-03T22:49:23.115312+00:00,dos_hulk_v1,dos_hulk_v1__run_002,impact,T1499,113,2,0.9986,1.0,0.0297,137183.45,197884.1,0.9035,678,978,0.0535,0.0787,0.0343,0.001,0.0371,80,23,0,3,4,3,0.6926,202.34,65.25,409.03,8168.15,7952.91,3,0.0246,0.727,0,10
2026-09-03T22:49:28.115312+00:00,dos_hulk_v1,dos_hulk_v1__run_002,impact,T1499,118,2,0.9981,0.9912,0.0085,140876.52,246533.91,0.8573,708,1239,0.0206,0.0282,0.0369,0.0027,0.045,82,21,1,7,3,0,0.5712,198.98,52.17,380.13,8136.73,6122.97,1,0.0555,2.0087,0,7
2026-09-03T22:49:33.115312+00:00,dos_hulk_v1,dos_hulk_v1__run_002,impact,T1499,131,2,0.9966,1.0,0.0076,212280.12,331991.52,0.9677,1048,1639,0.0471,0.0874,0.0388,0.0019,0.0443,93,23,0,7,3,0,0.6393,202.56,55.52,362.1,7748.59,7419.49,2,0.0111,1.5171,0,14
2026-09-03T22:49:38.115312+00:00,dos_hulk_v1,dos_hulk_v1__run_002,impact,T1499,122,2,0.9951,0.9936,0.0,198623.49,490657.01,0.9061,976,2411,0.0547,0.1357,0.0448,0.0021,0.0511,83,26,0,10,0,6,0.4047,203.51,59.72,487.22,8387.31,8180.94,0,0.024,0.1345,0,13
2026-09-03T22:49:43.115312+00:00,dos_hulk_v1,dos_hulk_v1__run_002,impact,T1499,123,2,0.9977,1.0,0.0142,72234.68,102772.92,0.9378,369,525,0.0591,0.0749,0.0411,0.0012,0.0448,87,23,4,8,3,0,0.7023,195.76,59.93,478.87,7198.01,9878.38,2,0.0,1.542,0,8
2026-09-03T22:49:48.115312+00:00,dos_hulk_v1,dos_hulk_v1__run_002,impact,T1499,128,2,0.9956,1.0,0.0,122921.16,191872.24,0.9344,640,999,0.0565,0.127,0.0404,0.0024,0.0478,84,26,3,4,9,0,0.64,192.06,52.6,364.13,6635.02,7563.14,8,0.0,1.3945,0,7
2026-09-03T22:49:53.115312+00:00,dos_hulk_v1,dos_hulk_v1__run_002,impact,T1499,114,2,0.9819,0.997,0.0,249143.12,415834.56,0.9591,1254,2093,0.0362,0.0893,0.038,0.001,0.0409,80,23,3,4,5,0,0.5989,198.68,55.04,431.9,6678.64,8893.36,4,0.028,1.0927,0,6
2026-09-03T22:49:58.115312+00:00,dos_hulk_v1,dos_hulk_v1__run_002,impact,T1499,125,2,0.9427,1.0,0.0095,103866.97,161617.01,0.9369,500,778,0.0563,0.1449,0.0365,0.0012,0.0401,89,29,2,4,5,4,0.6418,207.73,63.43,423.18,8358.64,8962.06,4,0.0358,1.726,0,8
2026-09-03T22:50:03.115312+00:00,dos_hulk_v1,dos_hulk_v1__run_002,impact,T1499,113,2,0.9954,1.0,0.0378,117245.48,239886.34,0.9639,565,1156,0.0559,0.1338,0.0387,0.0024,0.0459,77,21,6,7,1,2,0.4886,207.51,55.62,398.17,7606.87,7958.42,0,0.0226,1.2147,0,4
2026-09-03T22:50:08.115312+00:00,dos_hulk_v1,dos_hulk_v1__run_002,impact,T1499,120,2,0.9998,0.9391,0.0651,124840.76,195167.71,0.8801,600,938,0.052,0.154,0.0458,0.0025,0.0534,83,27,0,6,6,0,0.6394,208.07,65.2,513.67,8130.24,6909.45,3,0.0,0.9401,0,6
2026-09-03T22:50:13.115312+00:00,dos_hulk_v1,dos_hulk_v1__run_002,impact,T1499,131,2,0.9949,0.9775,0.0222,135038.96,260181.93,0.9864,655,1262,0.0219,0.0348,0.0437,0.0026,0.0516,91,22,0,6,2,2,0.5186,206.17,62.2,435.57,7220.62,9639.77,1,0.038,0.2652,0,5
2026-09-03T22:50:18.115312+00:00,dos_hulk_v1,dos_hulk_v1__run_002,impact,T1499,123,2,0.9919,1.0,0.0301,102210.71,153108.31,0.9198,492,737,0.0368,0.1059,0.044,0.0025,0.0514,88,29,7,2,0,0,0.6675,207.75,59.49,426.64,8251.36,8592.51,0,0.0,0.8939,0,7
2026-09-03T22:50:23.115312+00:00,dos_hulk_v1,dos_hulk_v1__run_002,impact,T1499,124,2,0.9992,0.9757,0.0195,98869.05,206708.07,0.9802,496,1037,0.0415,0.1017,0.0407,0.003,0.0497,94,26,3,6,3,0,0.478,199.33,52.91,380.11,9194.35,7869.55,2,0.0,1.0086,0,9
2026-09-03T22:50:28.115312+00:00,dos_hulk_v1,dos_hulk_v1__run_002,impact,T1499,137,2,0.999,0.9873,0.0225,84463.58,123304.5,0.8882,411,600,0.0217,0.0369,0.037,0.0022,0.0437,88,28,1,7,4,0,0.6847,205.51,61.02,387.47,8488.53,5793.98,2,0.0269,0.4029,0,5
2026-09-03T22:50:33.115312+00:00,dos_hulk_v1,dos_hulk_v1__run_002,impact,T1499,123,2,0.9988,1.0,0.0034,190988.84,322778.91,1.0,984,1663,0.0213,0.0328,0.0411,0.0027,0.0492,84,28,3,10,4,0,0.5915,194.09,59.52,370.79,9161.37,9075.18,2,0.085,1.9795,0,5
2026-09-03T22:50:38.115312+00:00,dos_hulk_v1,dos_hulk_v1__run_002,impact,T1499,123,2,0.9977,1.0,0.0031,284769.82,395706.57,0.918,1476,2051,0.0372,0.0967,0.0418,0.0024,0.0488,81,20,0,9,6,3,0.7194,192.93,63.93,427.25,10206.26,8173.14,5,0.0292,1.431,0,11
2026-09-03T22:50:43.115312+00:00,dos_hulk_v1,dos_hulk_v1__run_002,impact,T1499,128,2,0.9972,1.0,0.0214,150398.93,293552.08,0.9776,768,1499,0.0209,0.0392,0.0408,0.0011,0.0442,89,25,4,6,5,3,0.512,195.83,55.13,385.98,7673.41,7177.85,4,0.0,1.3473,0,11
2026-09-03T22:50:48.115312+00:00,dos_hulk_v1,dos_hulk_v1__run_002,impact,T1499,121,2,0.996,0.9902,0.0161,145229.92,217644.84,0.8924,726,1088,0.0499,0.0757,0.0399,0.0024,0.0472,82,26,4,8,0,0,0.6668,200.04,61.12,469.67,8837.34,7237.25,0,0.0,1.2482,0,7
2026-09-03T22:50:53.115312+00:00,dos_hulk_v1,dos_hulk_v1__run_002,impact,T1499,145,2,0.9983,0.9914,0.0142,167131.77,240708.18,0.9417,870,1253,0.0395,0.053,0.0477,0.0018,0.0533,103,28,4,8,5,0,0.6942,192.11,58.51,396.71,7036.41,8920.99,2,0.0284,0.8549,0,13
2026-09-03T22:50:58.115312+00:00,dos_hulk_v1,dos_hulk_v1__run_002,impact,T1499,140,2,0.9928,1.0,0.0132,217728.35,380635.8,0.9143,1120,1958,0.0477,0.1193,0.0375,0.0012,0.0411,96,28,0,7,4,0,0.5718,194.4,56.58,379.04,7223.47,8340.96,2,0.0,0.1681,0,6
2026-09-03T22:51:03.115312+00:00,dos_hulk_v1,dos_hulk_v1__run_002,impact,T1499,113,2,0.9995,0.977,0.0086,90878.24,163460.19,0.9944,452,813,0.0312,0.0812,0.0262,0.001,0.0293,79,22,3,6,4,4,0.5559,201.06,65.99,468.39,7946.3,7165.67,3,0.0185,0.7969,0,10
2026-09-03T22:51:08.115312+00:00,dos_hulk_v1,dos_hulk_v1__run_002,impact,T1499,140,2,0.9999,1.0,0.0,81991.22,153245.49,0.9471,420,785,0.0535,0.0734,0.0418,0.003,0.0509,92,32,0,4,8,3,0.5345,195.22,50.85,360.59,6922.19,8935.04,4,0.0,1.6146,0,7
2026-09-03T22:51:13.115312+00:00,dos_hulk_v1,dos_hulk_v1__run_002,impact,T1499,112,2,0.9942,0.9402,0.056,235210.64,399590.8,1.0,1232,2093,0.0601,0.0839,0.0437,0.0026,0.0514,79,21,3,0,1,0,0.5886,190.92,56.77,377.02,8575.39,8410.92,0,0.0,0.5293,0,9
2026-09-03T22:51:18.115312+00:00,dos_hulk_v1,dos_hulk_v1__run_002,impact,T1499,150,2,0.9979,0.9938,0.005,153863.94,221974.38,0.8626,750,1082,0.0198,0.0524,0.0391,0.0018,0.0446,107,28,6,5,6,2,0.693,205.15,61.77,433.48,9576.7,8957.26,4,0.0,0.5426,0,14
2026-09-03T22:51:23.115312+00:00,dos_hulk_v1,dos_hulk_v1__run_002,impact,T1499,159,2,1.0,1.0,0.0,93266.39,145472.1,0.9093,477,744,0.0197,0.0279,0.0404,0.0017,0.0453,104,35,0,10,5,2,0.6406,195.53,57.04,443.99,8679.54,10060.92,4,0.0,0.9,0,12
2026-09-03T22:51:28.115312+00:00,dos_hulk_v1,dos_hulk_v1__run_002,impact,T1499,130,2,0.9938,1.0,0.0,131705.26,202218.23,0.9277,650,998,0.0375,0.0458,0.0416,0.0019,0.0472,90,22,2,5,2,1,0.6511,202.62,58.31,428.42,7344.71,9847.54,1,0.0,1.7686,0,13
2026-09-03T22:51:33.115312+00:00,dos_hulk_v1,dos_hulk_v1__run_002,impact,T1499,141,2,0.9997,1.0,0.0,261649.31,400618.29,0.9344,1269,1943,0.031,0.0683,0.034,0.0013,0.038,98,31,0,11,7,0,0.653,206.19,62.2,390.65,9213.21,8454.58,4,0.0059,1.5928,0,6
2026-09-03T22:51:38.115312+00:00,dos_hulk_v1,dos_hulk_v1__run_002,impact,T1499,144,2,0.9999,1.0,0.0,85256.79,155514.7,0.941,432,788,0.0516,0.0885,0.0312,0.0018,0.0365,98,27,2,4,5,1,0.548,197.35,56.17,431.66,8962.08,8210.84,3,0.0194,1.113,0,11
2026-09-03T22:51:43.115312+00:00,dos_hulk_v1,dos_hulk_v1__run_002,impact,T1499,129,2,1.0,1.0,0.0,78318.36,130328.22,0.9372,387,644,0.0249,0.0623,0.0453,0.0014,0.0494,88,26,4,9,6,0,0.6002,202.37,61.85,381.03,7910.13,7051.17,3,0.0,0.0,0,8
2026-09-03T22:51:48.115312+00:00,dos_hulk_v1,dos_hulk_v1__run_002,impact,T1499,141,2,1.0,1.0,0.0,201905.15,392354.69,0.9923,987,1918,0.0294,0.0762,0.0437,0.0029,0.0524,95,26,6,9,7,0,0.5144,204.56,61.23,373.23,7966.5,7482.02,6,0.0159,0.6654,0,12
2026-09-03T22:51:53.115312+00:00,dos_hulk_v1,dos_hulk_v1__run_002,impact,T1499,122,2,0.9905,1.0,0.0133,192383.04,326617.52,0.9541,976,1657,0.0276,0.0642,0.0351,0.002,0.0411,87,27,4,7,4,5,0.589,197.11,58.12,386.8,9329.91,11826.03,2,0.0,1.0112,0,2
2026-09-03T22:51:58.115312+00:00,dos_hulk_v1,dos_hulk_v1__run_002,impact,T1499,131,2,0.9776,1.0,0.0296,182046.5,273764.58,0.9578,917,1379,0.0219,0.0545,0.0376,0.0017,0.0426,90,24,2,5,6,5,0.6646,198.52,61.44,398.68,8329.17,8184.39,5,0.0,0.8368,0,9
2026-09-03T22:52:03.115312+00:00,dos_hulk_v1,dos_hulk_v1__run_002,impact,T1499,126,2,0.9998,0.994,0.0,125569.93,218850.45,0.9403,630,1098,0.0396,0.0861,0.0445,0.0032,0.0541,96,23,4,9,4,0,0.5735,199.32,65.21,443.03,7401.26,8631.54,2,0.0236,0.6572,0,7
2026-09-03T22:52:08.115312+00:00,dos_hulk_v1,dos_hulk_v1__run_002,impact,T1499,146,2,0.9934,0.9969,0.0018,118704.85,178870.32,0.9124,584,880,0.0416,0.1024,0.0446,0.0014,0.0489,104,25,3,8,1,0,0.6636,203.26,54.17,369.01,8159.27,9081.76,0,0.0229,1.7803,0,4
2026-09-03T22:52:13.115312+00:00,dos_hulk_v1,dos_hulk_v1__run_002,impact,T1499,111,2,0.9995,0.9934,0.0,154694.49,207852.05,0.8733,777,1044,0.0519,0.0633,0.0441,0.0028,0.0524,78,22,4,3,1,1,0.7441,199.09,53.95,348.57,8391.25,8551.73,0,0.0109,0.0386,0,8
2026-09-03T22:52:18.115312+00:00,dos_hulk_v1,dos_hulk_v1__run_002,impact,T1499,129,2,0.9874,1.0,0.0017,102510.04,179789.89,0.9804,516,905,0.0319,0.0597,0.0424,0.0021,0.0486,87,20,1,5,0,0,0.57,198.66,53.69,355.92,7184.12,7383.13,0,0.0,0.5034,0,8
2026-09-03T22:52:23.115312+00:00,dos_hulk_v1,dos_hulk_v1__run_002,impact,T1499,112,2,0.9942,0.9934,0.0145,133926.04,317875.06,1.0,672,1595,0.0493,0.0859,0.0417,0.0023,0.0486,75,21,2,4,7,1,0.4212,199.29,58.81,426.15,8272.91,7913.57,4,0.0298,0.9169,0,3
2026-09-03T22:52:28.115312+00:00,dos_hulk_v1,dos_hulk_v1__run_002,impact,T1499,125,2,1.0,1.0,0.0,224554.98,290424.44,0.911,1125,1455,0.0242,0.0554,0.0396,0.0014,0.0439,87,25,0,7,3,3,0.7728,199.6,51.63,349.22,7142.87,7875.56,2,0.0361,1.5655,0,7
2026-09-03T22:52:33.115312+00:00,dos_hulk_v1,dos_hulk_v1__run_002,impact,T1499,133,2,0.9996,1.0,0.0089,182733.51,351923.94,0.9555,931,1793,0.0453,0.1267,0.0423,0.002,0.0484,92,27,2,8,0,1,0.519,196.28,61.6,461.59,8017.62,7982.52,0,0.0372,0.484,0,7
2026-09-03T22:52:38.115312+00:00,dos_hulk_v1,dos_hulk_v1__run_002,impact,T1499,129,2,0.9843,0.9824,0.0,180651.49,239468.26,0.9285,903,1197,0.0433,0.0658,0.0432,0.003,0.0522,92,27,5,7,2,0,0.754,200.06,59.8,442.91,9229.44,8195.19,1,0.0658,0.3469,0,7
2026-09-03T22:52:43.115312+00:00,dos_hulk_v1,dos_hulk_v1__run_002,impact,T1499,137,2,1.0,0.9726,0.0475,135742.86,245129.81,1.0,685,1237,0.0515,0.0871,0.0402,0.0019,0.046,98,27,5,10,4,1,0.5533,198.16,56.02,393.46,10030.3,7060.99,3,0.0027,1.7366,0,14
2026-09-03T22:52:48.115312+00:00,dos_hulk_v1,dos_hulk_v1__run_002,impact,T1499,133,2,0.9951,1.0,0.0,244287.25,439798.68,0.9318,1197,2155,0.0365,0.0503,0.0306,0.0021,0.0368,94,31,2,6,8,0,0.5553,204.08,68.29,503.63,7410.05,8356.85,5,0.006,1.2114,0,10
2026-09-03T22:52:53.115312+00:00,dos_hulk_v1,dos_hulk_v1__run_002,impact,T1499,132,2,0.9973,0.9335,0.0328,79485.8,110396.95,0.923,396,550,0.0359,0.0688,0.0349,0.002,0.041,92,29,0,4,3,1,0.7198,200.72,53.47,344.08,9788.33,6671.33,1,0.0,0.6197,0,11
2026-09-03T22:52:58.115312+00:00,dos_hulk_v1,dos_hulk_v1__run_002,impact,T1499,140,2,0.9999,1.0,0.0118,173409.87,315234.38,1.0,840,1527,0.0321,0.0811,0.0469,0.0031,0.0562,96,27,0,7,2,4,0.5498,206.44,58.57,358.29,9834.39,9248.46,1,0.0,1.5812,0,5
2026-09-03T22:53:03.115312+00:00,dos_hulk_v1,dos_hulk_v1__run_002,impact,T1499,149,2,0.9974,0.9655,0.0246,90081.51,140059.62,0.8966,447,695,0.0601,0.1198,0.0379,0.0013,0.0416,107,30,4,7,0,2,0.643,201.52,61.2,367.85,7789.46,7418.4,0,0.0,0.9859,0,16
2026-09-03T22:53:08.115312+00:00,dos_hulk_v1,dos_hulk_v1__run_002,impact,T1499,93,2,0.9932,0.9735,0.0022,111668.89,183913.46,0.8878,558,919,0.044,0.0627,0.0359,0.0023,0.0428,63,18,1,5,3,2,0.6066,200.12,56.33,349.44,9530.89,8204.3,2,0.0,1.3227,0,3
2026-09-03T22:53:13.115312+00:00,dos_hulk_v1,dos_hulk_v1__run_002,impact,T1499,114,2,0.9998,0.9812,0.0093,185145.09,435456.38,0.9399,912,2145,0.0336,0.0578,0.0353,0.002,0.0412,76,22,2,2,3,0,0.4251,203.01,56.6,410.7,6981.99,9154.57,1,0.0,0.8217,0,7
2026-09-03T22:53:18.115312+00:00,dos_hulk_v1,dos_hulk_v1__run_002,impact,T1499,104,2,0.9976,1.0,0.0118,126300.76,228312.9,0.9234,624,1128,0.0356,0.0477,0.0448,0.0021,0.0511,68,24,0,7,1,0,0.5527,202.41,58.55,366.04,8503.35,8334.87,0,0.0,1.0275,0,7
2026-09-03T22:53:23.115312+00:00,dos_hulk_v1,dos_hulk_v1__run_002,impact,T1499,110,2,0.9962,0.9726,0.0275,86342.7,149726.09,0.8686,440,763,0.0428,0.1062,0.0384,0.0014,0.0427,78,20,3,4,2,0,0.5759,196.23,60.57,424.69,7450.91,8262.47,1,0.0138,0.8417,0,8
2026-09-03T22:53:28.115312+00:00,dos_hulk_v1,dos_hulk_v1__run_002,impact,T1499,119,2,0.9914,1.0,0.0158,144081.68,204620.2,0.8712,714,1014,0.0494,0.0803,0.0366,0.0022,0.0432,84,21,4,7,0,3,0.7035,201.8,64.97,474.82,6779.76,7404.84,0,0.0,1.0375,0,7
2026-09-03T22:53:33.115312+00:00,dos_hulk_v1,dos_hulk_v1__run_002,impact,T1499,128,2,0.9993,1.0,0.0342,153113.86,340718.2,0.9519,768,1709,0.0479,0.0641,0.041,0.0013,0.0449,85,22,6,5,1,4,0.4494,199.37,58.37,419.78,8495.04,7381.77,0,0.0141,0.5161,0,9
2026-09-03T22:53:38.115312+00:00,dos_hulk_v1,dos_hulk_v1__run_002,impact,T1499,118,2,0.9981,0.9801,0.0081,116166.8,187048.24,0.9932,590,950,0.0532,0.0682,0.0465,0.0029,0.0554,85,25,2,5,3,2,0.6206,196.89,57.81,350.44,7785.05,7226.85,2,0.0453,0.8711,0,5
2026-09-03T22:53:43.115312+00:00,dos_hulk_v1,dos_hulk_v1__run_002,impact,T1499,116,2,0.9991,1.0,0.0,140878.47,243096.32,0.9583,696,1201,0.0584,0.1458,0.0454,0.0029,0.0542,79,27,6,4,4,0,0.5792,202.41,60.93,406.9,7074.16,8309.19,2,0.0088,0.7797,0,7
2026-09-03T22:53:48.115312+00:00,dos_hulk_v1,dos_hulk_v1__run_002,impact,T1499,117,2,0.9957,0.9946,0.0026,141520.76,272155.3,0.9781,702,1350,0.0356,0.0967,0.0481,0.0027,0.0562,84,22,4,4,6,2,0.5198,201.6,58.62,402.73,8097.73,7822.2,5,0.0662,0.7722,0,5
2026-09-03T22:53:53.115312+00:00,dos_hulk_v1,dos_hulk_v1__run_002,impact,T1499,132,2,0.9998,1.0,0.0,235629.94,362965.3,0.9316,1188,1830,0.0432,0.12,0.0332,0.0019,0.0387,92,22,4,7,2,0,0.649,198.34,65.91,433.94,8649.34,7741.35,1,0.0233,1.0934,0,7
2026-09-03T22:53:58.115312+00:00,dos_hulk_v1,dos_hulk_v1__run_002,impact,T1499,106,2,0.9959,1.0,0.0041,103247.54,165780.48,0.9145,530,851,0.0243,0.0314,0.0358,0.001,0.0389,74,19,5,3,0,0,0.6222,194.81,59.57,470.33,7879.0,9888.7,0,0.0247,0.652,0,7
2026-09-03T22:54:03.115312+00:00,dos_hulk_v1,dos_hulk_v1__run_002,impact,T1499,131,2,0.9996,1.0,0.0,106547.71,181781.78,0.9438,524,894,0.032,0.0711,0.0335,0.0016,0.0382,88,27,1,3,5,0,0.5858,203.34,62.09,441.49,9049.68,8676.61,4,0.0,1.7264,0,3
2026-09-03T22:54:08.115312+00:00,dos_hulk_v1,dos_hulk_v1__run_002,impact,T1499,124,2,0.9847,1.0,0.0041,226804.36,354229.4,0.9645,1116,1743,0.0545,0.0954,0.035,0.0014,0.0393,87,23,5,7,1,0,0.6402,203.23,55.02,363.56,8794.88,9361.27,0,0.0,1.3424,0,4
2026-09-03T22:54:13.115312+00:00,dos_hulk_v1,dos_hulk_v1__run_002,impact,T1499,147,2,0.9903,1.0,0.0,260895.91,484915.38,0.9104,1323,2459,0.0545,0.1372,0.041,0.0013,0.0449,107,30,2,4,5,2,0.538,197.2,59.11,449.53,9189.86,9945.46,3,0.0261,0.768,0,15
2026-09-03T22:54:18.115312+00:00,dos_hulk_v1,dos_hulk_v1__run_002,impact,T1499,136,2,0.9994,1.0,0.0,271442.88,405168.42,0.9171,1360,2030,0.0403,0.0535,0.0394,0.0011,0.0427,96,28,0,11,3,0,0.6699,199.59,59.16,371.2,7931.4,8343.01,1,0.0162,1.1659,0,12
2026-09-03T22:54:23.115312+00:00,dos_hulk_v1,dos_hulk_v1__run_002,impact,T1499,108,2,0.9978,1.0,0.0053,160271.86,295315.75,0.9423,756,1393,0.0217,0.0295,0.0389,0.0023,0.0459,77,24,2,6,0,1,0.5425,212.0,67.0,410.04,10412.74,7729.32,0,0.0398,1.0026,0,5
2026-09-03T22:54:28.115312+00:00,dos_hulk_v1,dos_hulk_v1__run_002,impact,T1499,124,2,0.9992,1.0,0.0004,263139.06,443941.05,0.9863,1240,2092,0.0356,0.0893,0.0402,0.0025,0.0478,88,23,1,9,3,4,0.5925,212.21,63.89,506.73,9688.73,9736.65,1,0.0,1.4336,0,8
2026-09-03T22:54:33.115312+00:00,dos_hulk_v1,dos_hulk_v1__run_002,impact,T1499,129,2,0.9996,0.9649,0.054,236945.91,344296.08,0.9149,1161,1687,0.0317,0.0602,0.0375,0.0011,0.0409,91,22,6,5,1,0,0.6878,204.09,61.03,462.3,8245.15,6197.74,0,0.0116,1.6146,0,4
2026-09-03T22:54:38.115312+00:00,dos_hulk_v1,dos_hulk_v1__run_002,impact,T1499,145,2,0.9997,1.0,0.009,142285.48,219806.53,1.0,725,1120,0.0264,0.0764,0.04,0.0019,0.0457,98,26,1,10,3,0,0.6468,196.26,60.29,380.26,8357.85,7340.96,2,0.0068,1.3521,0,10
2026-09-03T22:54:43.115312+00:00,dos_hulk_v1,dos_hulk_v1__run_002,impact,T1499,135,2,1.0,0.9978,0.0038,159771.6,258396.04,0.9975,810,1310,0.0225,0.054,0.036,0.0014,0.0403,93,24,1,8,2,2,0.6183,197.25,63.25,463.18,9716.05,9202.23,1,0.0427,1.1981,0,10
2026-09-03T22:54:48.115312+00:00,dos_hulk_v1,dos_hulk_v1__run_002,impact,T1499,115,2,0.9999,0.9736,0.0378,67619.03,115834.34,0.9312,345,591,0.0398,0.0907,0.0383,0.0028,0.0468,77,23,0,4,2,0,0.5829,196.0,51.7,346.46,7928.62,7716.0,1,0.0,0.8997,0,5
2026-09-03T22:54:53.115312+00:00,dos_hulk_v1,dos_hulk_v1__run_002,impact,T1499,114,2,0.9944,1.0,0.0023,111087.95,190603.54,1.0,570,978,0.0594,0.081,0.0392,0.001,0.0423,79,23,5,4,8,0,0.5826,194.89,54.9,331.5,8730.51,8745.75,7,0.0,0.8325,0,7
2026-09-03T22:54:58.115312+00:00,dos_hulk_v1,dos_hulk_v1__run_002,impact,T1499,122,2,0.9719,1.0,0.0,71954.0,104588.88,0.9434,366,532,0.0254,0.036,0.0469,0.0016,0.0517,81,20,0,6,1,0,0.687,196.6,65.99,453.06,7507.29,8612.3,0,0.0146,1.6676,0,9
2026-09-03T22:55:03.115312+00:00,dos_hulk_v1,dos_hulk_v1__run_002,impact,T1499,124,2,0.9992,0.9714,0.0019,166998.34,283396.96,0.8987,868,1473,0.0445,0.0667,0.0439,0.0017,0.0491,88,25,5,8,0,3,0.589,192.39,56.3,359.5,10465.84,6608.84,0,0.0628,0.3882,0,10
2026-09-03T22:55:08.115312+00:00,dos_hulk_v1,dos_hulk_v1__run_002,impact,T1499,129,2,0.9965,0.9916,0.0,178061.14,234062.65,0.9194,903,1187,0.0496,0.0928,0.04,0.0012,0.0436,87,28,0,8,4,0,0.7602,197.19,59.2,393.55,8418.75,6956.39,3,0.0,0.6477,0,6
2026-09-03T22:55:13.115312+00:00,dos_hulk_v1,dos_hulk_v1__run_002,impact,T1499,143,2,0.9983,0.9699,0.0523,226613.48,387857.7,1.0,1144,1958,0.028,0.0615,0.0365,0.0026,0.0444,104,30,3,5,3,2,0.5841,198.09,53.87,422.46,8239.39,9337.06,2,0.0,1.2286,0,7
2026-09-03T22:55:18.115312+00:00,dos_hulk_v1,dos_hulk_v1__run_002,impact,T1499,138,2,0.9994,0.9777,0.0067,171119.09,277965.19,0.9387,828,1345,0.0469,0.0722,0.0398,0.0019,0.0456,94,26,2,2,3,0,0.6154,206.67,62.53,381.08,8652.61,6935.82,2,0.024,1.2494,0,10
2026-09-03T22:55:23.115312+00:00,dos_hulk_v1,dos_hulk_v1__run_002,impact,T1499,142,2,0.9999,0.9692,0.0,81674.64,144752.01,1.0,426,755,0.041,0.1193,0.0365,0.0012,0.04,101,25,0,0,5,0,0.5637,191.72,60.99,398.37,6923.18,9083.57,2,0.0657,0.9548,0,8
2026-09-03T22:55:28.115312+00:00,dos_hulk_v1,dos_hulk_v1__run_002,impact,T1499,103,2,0.9967,0.95,0.0774,82541.16,122409.35,0.9845,412,611,0.0585,0.1243,0.0396,0.0012,0.0431,71,18,5,4,0,0,0.6739,200.34,50.92,368.78,7752.43,7331.79,0,0.0,1.097,0,6
2026-09-03T22:55:33.115312+00:00,dos_hulk_v1,dos_hulk_v1__run_002,impact,T1499,137,2,0.9796,1.0,0.0,162894.65,343822.64,1.0,822,1735,0.0556,0.1382,0.0422,0.0012,0.0459,96,22,1,0,9,0,0.4736,198.17,57.79,384.04,8518.29,9236.47,6,0.0,1.1715,0,8
2026-09-03T22:55:38.115312+00:00,dos_hulk_v1,dos_hulk_v1__run_002,impact,T1499,131,2,1.0,1.0,0.0137,180162.54,250105.68,0.881,917,1273,0.0438,0.0684,0.0344,0.0012,0.038,95,25,1,13,3,0,0.7202,196.47,65.69,429.75,9022.49,6869.38,2,0.0349,1.2455,0,4
2026-09-03T22:55:43.115312+00:00,dos_hulk_v1,dos_hulk_v1__run_002,impact,T1499,156,2,0.9799,0.9803,0.0,160905.39,400819.46,0.9549,780,1943,0.0391,0.1103,0.042,0.0029,0.0507,113,29,3,5,5,0,0.4013,206.29,62.45,504.84,7951.65,7620.85,4,0.0096,1.605,0,6
2026-09-03T22:55:48.115312+00:00,dos_hulk_v1,dos_hulk_v1__run_002,impact,T1499,96,2,1.0,0.9705,0.0319,137546.31,210208.42,0.8944,672,1027,0.0399,0.0524,0.0435,0.0021,0.0498,65,18,4,8,3,0,0.6542,204.68,68.35,387.87,7801.64,9120.02,1,0.0,1.5013,0,8
2026-09-03T22:55:53.115312+00:00,dos_hulk_v1,dos_hulk_v1__run_002,impact,T1499,121,2,0.994,0.9608,0.0536,124484.4,264606.51,0.9654,605,1286,0.0413,0.0526,0.0432,0.0014,0.0473,83,25,2,5,4,0,0.4704,205.76,60.38,378.42,8807.78,7819.89,2,0.0544,1.9876,0,9
2026-09-03T22:55:58.115312+00:00,dos_hulk_v1,dos_hulk_v1__run_002,impact,T1499,120,2,0.9871,0.9905,0.0101,144493.88,339359.93,0.9332,720,1691,0.0578,0.1731,0.039,0.0012,0.0425,80,23,1,6,3,0,0.4257,200.69,69.21,411.3,9582.03,8577.76,2,0.0,1.0231,0,7
2026-09-03T22:56:03.115312+00:00,dos_hulk_v1,dos_hulk_v1__run_002,impact,T1499,120,2,0.9992,0.9691,0.0279,117874.09,152057.58,1.0,600,774,0.0324,0.0542,0.0405,0.0029,0.0491,87,25,0,5,3,0,0.7743,196.46,62.69,542.65,8620.98,10632.91,2,0.0235,0.2315,0,10
2026-09-03T22:56:08.115312+00:00,dos_hulk_v1,dos_hulk_v1__run_002,impact,T1499,124,2,1.0,0.9443,0.0683,123664.8,215615.57,0.9325,620,1081,0.0467,0.0871,0.0404,0.0012,0.044,85,27,7,7,0,0,0.5732,199.46,64.36,407.64,7896.09,8159.67,0,0.022,0.8037,0,9
2026-09-03T22:56:13.115312+00:00,dos_hulk_v1,dos_hulk_v1__run_002,impact,T1499,132,2,0.9998,1.0,0.0,136863.56,366006.34,0.9657,660,1765,0.0553,0.1046,0.0343,0.0019,0.04,95,24,4,8,0,0,0.3738,207.37,70.72,451.24,9806.66,7324.43,0,0.0014,0.0,0,4
2026-09-03T22:56:18.115312+00:00,dos_hulk_v1,dos_hulk_v1__run_002,impact,T1499,122,2,1.0,1.0,0.0063,99501.08,128454.26,0.9148,488,630,0.0397,0.0779,0.0381,0.0016,0.0428,83,25,0,10,2,0,0.7739,203.9,56.23,447.72,9302.71,8415.83,1,0.0233,1.0413,0,7
2026-09-03T22:56:23.115312+00:00,dos_hulk_v1,dos_hulk_v1__run_002,impact,T1499,128,2,0.9937,0.9598,0.035,120839.75,175595.26,1.0,640,930,0.039,0.0713,0.0449,0.0029,0.0535,90,25,0,4,5,2,0.6879,188.81,56.37,459.01,8043.87,7396.46,3,0.0,1.2337,0,14
2026-09-03T22:56:28.115312+00:00,dos_hulk_v1,dos_hulk_v1__run_002,impact,T1499,120,2,0.9998,1.0,0.0,237233.03,447184.27,0.9495,1200,2262,0.0344,0.0686,0.035,0.0011,0.0383,85,28,4,8,6,2,0.5303,197.69,55.95,397.8,7510.37,5962.86,5,0.0446,1.4447,0,6
2026-09-03T22:56:33.115312+00:00,dos_hulk_v1,dos_hulk_v1__run_002,impact,T1499,153,2,0.9807,0.9786,0.0,93377.39,166411.13,1.0,459,818,0.0434,0.0573,0.0364,0.0014,0.0407,112,28,4,6,2,3,0.5607,203.44,61.31,494.2,8727.03,8604.36,1,0.0,1.4937,0,6
2026-09-03T22:56:38.115312+00:00,dos_hulk_v1,dos_hulk_v1__run_002,impact,T1499,134,2,0.953,0.9761,0.0282,107347.36,166027.91,0.9002,536,829,0.0461,0.1125,0.0364,0.001,0.0394,96,33,0,8,4,0,0.6463,200.27,57.99,426.86,9819.24,6399.87,3,0.0,1.6752,0,7
2026-09-03T22:56:43.115312+00:00,dos_hulk_v1,dos_hulk_v1__run_002,impact,T1499,122,2,0.9719,0.9951,0.0191,314083.54,619651.58,0.9519,1586,3129,0.0424,0.0771,0.0375,0.0017,0.0426,84,23,0,2,1,0,0.5067,198.04,60.79,410.73,8273.85,7202.87,0,0.0,1.668,0,3
2026-09-03T22:56:48.115312+00:00,dos_hulk_v1,dos_hulk_v1__run_002,impact,T1499,124,2,0.9983,0.9905,0.0207,47628.8,60304.2,0.9525,248,314,0.0479,0.1334,0.036,0.0021,0.0423,86,26,0,5,7,0,0.788,192.05,59.66,374.87,9060.91,6556.13,6,0.0274,0.8595,0,5
2026-09-03T22:56:53.115312+00:00,dos_hulk_v1,dos_hulk_v1__run_002,impact,T1499,114,2,0.9964,0.9931,0.0,112418.95,198804.04,0.9582,570,1008,0.0387,0.0545,0.0389,0.0017,0.044,81,22,2,9,5,1,0.5651,197.23,55.23,359.89,7191.31,6743.27,4,0.0237,1.697,0,4
2026-09-03T22:56:58.115312+00:00,dos_hulk_v1,dos_hulk_v1__run_002,impact,T1499,109,2,0.9824,0.9546,0.0331,190941.49,298382.57,0.9847,981,1533,0.0366,0.0609,0.0374,0.0026,0.0452,74,20,1,2,4,0,0.6399,194.64,60.69,470.47,8129.71,9775.8,2,0.0,0.6529,0,3
2026-09-03T22:57:03.115312+00:00,dos_hulk_v1,dos_hulk_v1__run_002,impact,T1499,133,2,0.9996,1.0,0.0284,208150.0,292075.14,0.9601,1064,1493,0.0435,0.0754,0.0414,0.0026,0.0492,93,22,5,7,0,0,0.7125,195.63,47.82,364.91,7380.2,8239.92,0,0.0,0.6245,0,5
2026-09-03T22:57:08.115312+00:00,dos_hulk_v1,dos_hulk_v1__run_002,impact,T1499,106,2,0.9907,1.0,0.0,194507.44,353130.91,0.8959,954,1732,0.0489,0.1232,0.0455,0.0026,0.0534,74,19,3,4,4,1,0.5507,203.89,62.09,373.09,7241.65,9054.22,3,0.0723,0.2325,0,6
2026-09-03T22:57:13.115312+00:00,dos_hulk_v1,dos_hulk_v1__run_002,impact,T1499,94,2,0.9997,1.0,0.0,75788.38,155406.49,0.9049,376,771,0.0427,0.0831,0.0357,0.0019,0.0414,65,19,1,3,4,0,0.4876,201.56,58.23,420.77,8887.76,7879.46,3,0.0124,0.9671,0,6
2026-09-03T22:57:18.115312+00:00,dos_hulk_v1,dos_hulk_v1__run_002,impact,T1499,113,2,0.9836,1.0,0.0002,130247.42,243589.56,0.8637,678,1268,0.0371,0.0612,0.0382,0.001,0.0413,76,18,1,6,6,0,0.5344,192.11,53.36,356.06,7838.46,8144.41,5,0.0183,1.4813,0,11
2026-09-03T22:57:23.115312+00:00,dos_hulk_v1,dos_hulk_v1__run_002,impact,T1499,133,2,0.998,1.0,0.0068,239539.15,298973.68,0.9096,1197,1494,0.0548,0.1096,0.0425,0.0012,0.0461,89,23,3,6,6,4,0.8009,200.12,61.08,379.67,8628.43,6552.62,4,0.0,2.1429,0,8
2026-09-03T22:57:28.115312+00:00,dos_hulk_v1,dos_hulk_v1__run_002,impact,T1499,139,2,0.9997,1.0,0.0197,87269.84,150263.17,0.9479,417,718,0.0321,0.0747,0.0388,0.0023,0.0458,96,27,4,8,4,2,0.5803,209.28,59.29,413.26,9433.07,8339.83,3,0.0113,1.4196,0,6
2026-09-03T22:57:33.115312+00:00,dos_hulk_v1,dos_hulk_v1__run_002,impact,T1499,110,2,0.9962,1.0,0.0205,193196.06,332726.54,0.9633,990,1705,0.0401,0.0793,0.0378,0.002,0.0438,71,20,3,6,5,0,0.5805,195.15,56.59,416.1,8524.46,7104.73,4,0.0005,1.0487,0,3
2026-09-03T22:57:38.115312+00:00,dos_hulk_v1,dos_hulk_v1__run_002,impact,T1499,126,2,0.9934,0.9605,0.0524,177080.07,392708.17,1.0,882,1956,0.0236,0.0423,0.045,0.0033,0.055,88,23,0,8,7,0,0.4507,200.77,59.15,407.59,7334.32,8716.1,5,0.0262,0.8085,0,5
2026-09-03T22:57:43.115312+00:00,dos_hulk_v1,dos_hulk_v1__run_002,impact,T1499,116,2,0.9981,1.0,0.0,186495.97,356914.7,0.994,928,1776,0.0313,0.0753,0.0428,0.0012,0.0465,78,26,0,4,6,0,0.5223,200.97,68.99,480.58,9282.25,8258.09,3,0.0436,1.0595,0,5
2026-09-03T22:57:48.115312+00:00,dos_hulk_v1,dos_hulk_v1__run_002,impact,T1499,109,2,0.9999,0.9986,0.014,126449.5,198954.95,1.0,654,1029,0.048,0.1136,0.0401,0.0026,0.0479,76,22,0,1,2,1,0.6351,193.35,56.14,349.7,8823.45,6741.83,1,0.0048,1.3081,0,5
2026-09-03T22:57:53.115312+00:00,dos_hulk_v1,dos_hulk_v1__run_002,impact,T1499,113,2,0.9972,1.0,0.0,154675.76,234653.49,0.9434,791,1200,0.0348,0.1013,0.0375,0.0011,0.0406,75,23,6,3,2,0,0.6589,195.54,54.59,416.28,9474.64,9273.25,1,0.0488,1.5407,0,11
2026-09-03T22:57:58.115312+00:00,dos_hulk_v1,dos_hulk_v1__run_002,impact,T1499,133,2,0.9996,0.954,0.0489,136898.6,228507.43,0.9991,665,1110,0.0251,0.0424,0.035,0.0012,0.0386,91,22,2,3,5,0,0.5989,205.86,65.63,464.65,6607.18,8152.36,2,0.0239,0.5191,0,11
2026-09-03T22:58:03.115312+00:00,dos_hulk_v1,dos_hulk_v1__run_002,impact,T1499,151,2,0.9984,0.978,0.0183,274218.32,460662.56,1.0,1359,2283,0.0389,0.1062,0.0355,0.0024,0.0428,99,27,5,4,1,0,0.5951,201.78,67.52,466.5,8949.64,9357.91,0,0.0,0.2922,0,13
2026-09-03T22:58:08.115312+00:00,dos_hulk_v1,dos_hulk_v1__run_002,impact,T1499,110,2,0.9914,0.9853,0.0231,103138.38,187899.38,0.8822,550,1002,0.0254,0.0422,0.0398,0.0012,0.0434,73,19,0,4,2,0,0.5486,187.52,54.65,340.89,8318.03,9259.81,1,0.0123,1.0365,0,9
2026-09-03T22:58:13.115312+00:00,dos_hulk_v1,dos_hulk_v1__run_002,impact,T1499,130,2,0.9993,1.0,0.0,172616.45,334041.29,0.9339,910,1761,0.0279,0.0772,0.0422,0.0013,0.0461,88,24,0,9,3,0,0.5165,189.69,56.59,345.37,8764.38,8808.52,1,0.0418,0.4535,0,5
2026-09-03T22:58:18.115312+00:00,dos_hulk_v1,dos_hulk_v1__run_002,impact,T1499,125,2,0.9996,1.0,0.0,103376.71,170985.08,0.9663,500,827,0.056,0.0853,0.0435,0.0019,0.0492,83,27,2,5,4,3,0.6041,206.75,55.92,388.41,6848.5,8695.17,2,0.0283,0.8611,0,6
2026-09-03T22:58:23.115312+00:00,dos_hulk_v1,dos_hulk_v1__run_002,impact,T1499,138,2,0.9986,1.0,0.0,107812.76,143555.03,0.9327,552,735,0.0489,0.1162,0.0378,0.0026,0.0456,95,33,3,6,6,2,0.7504,195.31,61.92,391.66,9251.97,8249.45,3,0.0096,1.5302,0,11
2026-09-03T22:58:28.115312+00:00,dos_hulk_v1,dos_hulk_v1__run_002,impact,T1499,138,2,0.9962,0.9923,0.0077,281323.14,377339.95,0.932,1380,1851,0.0273,0.0569,0.0422,0.0028,0.0507,97,23,1,7,2,0,0.7455,203.86,64.55,514.91,8447.99,8823.99,1,0.0,1.1678,0,10
2026-09-03T22:58:33.115312+00:00,dos_hulk_v1,dos_hulk_v1__run_002,impact,T1499,99,2,0.9982,0.9609,0.0711,59283.05,120362.57,1.0,297,603,0.0616,0.1737,0.0408,0.0025,0.0483,69,16,4,6,6,0,0.4918,199.61,55.09,345.17,8198.03,9658.4,5,0.0383,0.2146,0,6
2026-09-03T22:58:38.115312+00:00,dos_hulk_v1,dos_hulk_v1__run_002,impact,T1499,119,2,0.9975,0.9434,0.0328,230458.36,379578.48,0.9899,1190,1960,0.0385,0.1113,0.0377,0.0021,0.0439,85,24,0,4,4,0,0.607,193.66,61.75,494.61,8235.3,8663.79,3,0.0,0.5374,0,8
2026-09-03T22:58:43.115312+00:00,dos_hulk_v1,dos_hulk_v1__run_002,impact,T1499,127,2,0.9762,1.0,0.0152,154432.08,269749.47,0.9963,762,1331,0.0217,0.0437,0.0431,0.0025,0.0507,83,24,0,7,3,1,0.5722,202.67,54.64,354.67,8101.8,9176.33,2,0.041,2.1098,0,7
2026-09-03T22:58:48.115312+00:00,dos_hulk_v1,dos_hulk_v1__run_002,impact,T1499,124,2,0.9998,0.9514,0.042,98928.45,184493.58,0.8997,496,925,0.0232,0.0579,0.042,0.0026,0.0499,84,23,2,6,3,0,0.5359,199.45,57.68,371.2,8488.79,9527.88,2,0.0044,0.1275,0,5
2026-09-03T22:58:53.115312+00:00,dos_hulk_v1,dos_hulk_v1__run_002,impact,T1499,126,2,0.9984,0.9777,0.0,142752.23,265866.59,1.0,756,1408,0.0529,0.0704,0.0396,0.0024,0.0467,83,23,0,10,0,3,0.5366,188.83,53.68,324.71,8074.4,8480.74,0,0.0,2.0631,0,12
2026-09-03T22:58:58.115312+00:00,dos_hulk_v1,dos_hulk_v1__run_002,impact,T1499,117,2,0.9957,1.0,0.0,145197.43,278398.5,0.9622,702,1346,0.032,0.0411,0.0452,0.0022,0.0517,77,22,0,1,2,0,0.5215,206.83,62.12,476.07,7676.19,8278.09,1,0.0489,0.5035,0,5
2026-09-03T22:59:03.115312+00:00,dos_hulk_v1,dos_hulk_v1__run_002,impact,T1499,116,2,0.9991,0.9651,0.0374,171300.59,313277.55,0.9998,812,1485,0.0418,0.1171,0.0403,0.0021,0.0466,80,21,9,4,4,2,0.5465,210.96,62.49,420.63,8716.93,8374.44,2,0.0101,0.5009,0,2
2026-09-03T22:59:08.115312+00:00,dos_hulk_v1,dos_hulk_v1__run_002,impact,T1499,123,2,0.9996,0.9677,0.0074,194819.23,302524.16,0.921,984,1528,0.0536,0.0961,0.0364,0.0013,0.0404,82,26,2,6,6,0,0.6436,197.99,53.99,384.46,8865.6,8580.59,5,0.0,1.517,0,9
2026-09-03T22:59:13.115312+00:00,dos_hulk_v1,dos_hulk_v1__run_002,impact,T1499,140,2,1.0,0.9718,0.0053,198122.9,310931.65,0.9445,980,1538,0.03,0.0707,0.043,0.0024,0.0502,94,25,5,7,0,0,0.6369,202.17,59.42,370.18,9235.57,8636.04,0,0.0,1.7609,0,12
2026-09-03T22:59:18.115312+00:00,dos_hulk_v1,dos_hulk_v1__run_002,impact,T1499,131,2,0.9905,1.0,0.0092,199643.92,273176.89,0.9796,1048,1434,0.0548,0.0969,0.0378,0.0018,0.0431,91,25,2,9,0,0,0.7306,190.5,55.14,379.03,6743.78,8134.94,0,0.0421,0.886,0,6
2026-09-03T22:59:23.115312+00:00,dos_hulk_v1,dos_hulk_v1__run_002,impact,T1499,124,2,0.9998,0.9843,0.0122,149082.58,241457.68,0.9645,744,1205,0.0443,0.0914,0.0434,0.0022,0.05,89,26,7,9,1,0,0.6174,200.38,57.63,410.39,6621.69,8486.19,0,0.0,0.547,0,7
2026-09-03T22:59:28.115312+00:00,dos_hulk_v1,dos_hulk_v1__run_002,impact,T1499,117,2,0.9766,1.0,0.0205,211281.52,393268.54,0.8805,1053,1960,0.0582,0.1725,0.0445,0.0024,0.0517,77,24,3,8,5,0,0.537,200.65,53.86,366.03,9180.9,9074.73,3,0.0,1.0574,0,6
2026-09-03T22:59:33.115312+00:00,dos_hulk_v1,dos_hulk_v1__run_002,impact,T1499,127,2,0.987,1.0,0.0016,129621.41,196575.46,0.8371,635,963,0.0483,0.1317,0.0474,0.0035,0.0578,87,25,5,5,4,0,0.6592,204.13,61.99,460.17,9513.26,8794.68,2,0.0666,0.5175,0,7
2026-09-03T22:59:38.115312+00:00,dos_hulk_v1,dos_hulk_v1__run_002,impact,T1499,135,2,0.9996,1.0,0.0216,161452.37,364762.77,0.9526,810,1830,0.0482,0.098,0.0374,0.0026,0.0452,93,24,7,10,6,0,0.4425,199.32,61.2,402.4,6837.05,7499.05,4,0.0,0.9293,0,6
2026-09-03T22:59:43.115312+00:00,dos_hulk_v1,dos_hulk_v1__run_002,impact,T1499,117,2,0.9957,1.0,0.0,171749.58,378310.43,0.8908,819,1804,0.0399,0.0656,0.04,0.0015,0.0446,82,24,2,3,1,3,0.4538,209.71,53.69,399.11,6548.6,10503.87,0,0.0309,0.1817,0,6
2026-09-03T22:59:48.115312+00:00,dos_hulk_v1,dos_hulk_v1__run_002,impact,T1499,136,2,1.0,0.9648,0.0622,25241.93,33779.64,0.9968,136,182,0.0367,0.0778,0.0446,0.0018,0.0499,97,22,4,6,6,4,0.7468,185.6,48.78,303.83,8696.33,7364.04,4,0.0368,1.634,0,3
2026-09-03T22:59:53.115312+00:00,dos_hulk_v1,dos_hulk_v1__run_002,impact,T1499,131,2,0.9848,1.0,0.0,213783.18,269676.88,0.9643,1048,1322,0.0556,0.086,0.0352,0.0017,0.0404,89,25,7,7,4,0,0.7924,203.99,59.79,394.35,9943.94,7457.6,3,0.0,0.4283,0,7
2026-09-03T22:59:58.115312+00:00,dos_hulk_v1,dos_hulk_v1__run_002,impact,T1499,126,2,0.9971,0.9809,0.0436,175679.99,273080.81,0.9118,882,1371,0.0628,0.1655,0.0342,0.001,0.037,89,22,4,8,0,0,0.6431,199.18,63.22,525.09,9049.92,7854.16,0,0.0,1.0344,0,5
2026-09-03T23:00:03.115312+00:00,dos_hulk_v1,dos_hulk_v1__run_002,impact,T1499,114,2,1.0,0.9638,0.0208,43216.3,60464.92,0.9112,228,319,0.0402,0.1061,0.0325,0.0023,0.0394,82,25,4,7,1,0,0.7144,189.55,59.86,392.47,8321.51,10236.07,0,0.0007,0.6834,0,2
2026-09-03T23:00:08.115312+00:00,dos_hulk_v1,dos_hulk_v1__run_002,impact,T1499,140,2,0.9994,1.0,0.0049,112343.36,169919.33,0.9181,560,847,0.0459,0.0889,0.04,0.0022,0.0465,96,24,4,8,5,0,0.6606,200.61,58.49,366.07,9418.21,7397.54,3,0.0,1.3645,0,5
2026-09-03T23:00:13.115312+00:00,dos_hulk_v1,dos_hulk_v1__run_002,impact,T1499,121,2,1.0,1.0,0.005,162853.32,290521.09,0.9969,847,1511,0.0459,0.1086,0.0374,0.0018,0.0428,87,24,0,6,4,5,0.5605,192.27,56.62,412.86,7676.98,7808.12,2,0.0,1.7015,0,12
2026-09-03T23:00:18.115312+00:00,dos_hulk_v1,dos_hulk_v1__run_002,impact,T1499,119,2,0.9999,0.9943,0.0068,139887.4,251562.22,1.0,714,1284,0.0488,0.1002,0.0351,0.0017,0.0402,83,29,5,6,6,0,0.556,195.92,59.97,416.93,9589.71,7688.63,5,0.0,1.4651,0,7
2026-09-03T23:00:23.115312+00:00,dos_hulk_v1,dos_hulk_v1__run_002,impact,T1499,112,2,0.972,0.9798,0.0,129163.08,199510.82,0.9613,672,1038,0.0312,0.0516,0.0449,0.0033,0.055,75,25,1,6,3,3,0.6469,192.21,66.04,443.61,8270.07,8513.44,2,0.0633,0.2132,0,8
2026-09-03T23:00:28.115312+00:00,dos_hulk_v1,dos_hulk_v1__run_002,impact,T1499,122,2,0.9876,0.9429,0.0202,214704.18,354320.55,0.9642,1098,1812,0.0561,0.1605,0.0481,0.0012,0.0518,85,19,3,5,3,0,0.6059,195.54,55.79,344.79,8604.46,7942.5,2,0.0,1.021,0,4
2026-09-03T23:00:33.115312+00:00,dos_hulk_v1,dos_hulk_v1__run_002,impact,T1499,109,2,0.9951,0.9836,0.0398,87951.9,124060.6,1.0,436,615,0.0493,0.0773,0.0487,0.0031,0.0579,73,21,3,7,0,0,0.7084,201.72,62.66,387.67,6897.25,9911.0,0,0.0,1.0102,0,6
2026-09-03T23:00:38.115312+00:00,dos_hulk_v1,dos_hulk_v1__run_002,impact,T1499,130,2,0.9938,1.0,0.0,184653.93,296460.87,0.8944,910,1461,0.0209,0.0569,0.0443,0.002,0.0502,88,30,0,8,5,2,0.6228,202.92,61.84,435.26,9895.31,7514.96,3,0.018,0.5268,0,6
2026-09-03T23:00:43.115312+00:00,dos_hulk_v1,dos_hulk_v1__run_002,impact,T1499,128,2,0.9984,0.9963,0.0056,26198.08,54238.22,0.9044,128,265,0.052,0.1383,0.0331,0.0014,0.0374,88,22,2,11,0,0,0.4829,204.67,63.01,396.37,8133.48,7452.03,0,0.0088,0.2461,0,8
2026-09-03T23:00:48.115312+00:00,dos_hulk_v1,dos_hulk_v1__run_002,impact,T1499,104,2,0.9997,0.9953,0.0228,140304.8,192919.11,0.9756,728,1001,0.0398,0.1037,0.0365,0.0021,0.0427,75,17,0,3,6,0,0.7266,192.73,67.33,402.44,8573.77,7432.96,3,0.0138,0.0,0,8
2026-09-03T23:00:53.115312+00:00,dos_hulk_v1,dos_hulk_v1__run_002,impact,T1499,127,2,0.9924,0.9768,0.0116,74640.9,135960.06,1.0,381,694,0.0272,0.0781,0.0445,0.0017,0.0496,89,22,1,0,4,3,0.5488,195.91,60.64,428.68,9287.11,7269.51,3,0.0207,1.4049,0,7
2026-09-03T23:00:58.115312+00:00,dos_hulk_v1,dos_hulk_v1__run_002,impact,T1499,119,2,0.9999,1.0,0.0,161825.51,293345.16,0.9268,833,1510,0.0327,0.0429,0.0428,0.0018,0.0481,83,20,0,3,7,3,0.5513,194.27,50.86,331.74,8155.93,9541.64,5,0.0386,0.8016,0,8
2026-09-03T23:01:03.115312+00:00,dos_hulk_v1,dos_hulk_v1__run_002,impact,T1499,126,2,0.9911,0.9535,0.0641,150226.26,197917.14,0.9543,756,996,0.054,0.1251,0.041,0.0012,0.0446,88,26,0,7,4,0,0.7583,198.71,62.57,400.49,6871.12,7152.14,2,0.0,0.8895,0,7
2026-09-03T23:01:08.115312+00:00,dos_hulk_v1,dos_hulk_v1__run_002,impact,T1499,163,2,0.9993,0.983,0.0376,194217.9,417628.06,1.0,978,2103,0.0528,0.1117,0.0382,0.0015,0.0427,107,29,3,7,4,0,0.465,198.59,53.34,324.36,9582.68,7874.79,2,0.0081,0.7164,0,13
2026-09-03T23:01:13.115312+00:00,dos_hulk_v1,dos_hulk_v1__run_002,impact,T1499,132,2,0.9973,0.9526,0.0467,137314.32,185790.43,0.9641,660,893,0.0586,0.1213,0.0449,0.0027,0.0531,92,30,6,4,2,0,0.7389,208.05,61.52,427.71,8662.51,8856.17,1,0.0,1.2047,0,4
2026-09-03T23:01:18.115312+00:00,dos_hulk_v1,dos_hulk_v1__run_002,impact,T1499,124,2,0.9983,0.9742,0.0524,127709.56,200833.59,0.9806,620,975,0.041,0.0688,0.0402,0.0018,0.0457,90,23,4,7,3,1,0.6353,205.98,60.09,397.66,6613.38,8733.89,2,0.0,1.3071,0,4
2026-09-03T23:01:23.115312+00:00,dos_hulk_v1,dos_hulk_v1__run_002,impact,T1499,137,2,0.9997,1.0,0.0,107994.44,165538.92,0.9309,548,840,0.0554,0.083,0.0328,0.0009,0.0355,100,32,0,4,7,0,0.6517,197.07,54.33,354.64,9174.5,8587.64,4,0.0,1.2992,0,12
2026-09-03T23:01:28.115312+00:00,dos_hulk_v1,dos_hulk_v1__run_002,impact,T1499,129,2,0.9927,0.999,0.0039,125668.54,215682.29,0.9836,645,1107,0.0388,0.0672,0.0334,0.0013,0.0372,88,22,2,3,5,0,0.5824,194.83,61.23,436.63,8309.68,6118.88,4,0.0238,0.1856,0,10
2026-09-03T23:01:33.115312+00:00,dos_hulk_v1,dos_hulk_v1__run_002,impact,T1499,137,2,0.9981,0.9766,0.0543,307592.09,582934.97,0.9805,1507,2856,0.0477,0.0779,0.0282,0.002,0.0342,97,28,0,4,8,0,0.5276,204.11,59.34,441.38,9133.54,10588.96,4,0.025,0.2735,0,5
2026-09-03T23:01:38.115312+00:00,dos_hulk_v1,dos_hulk_v1__run_002,impact,T1499,124,2,0.9953,1.0,0.0253,195560.88,367859.49,0.9025,992,1866,0.0523,0.1071,0.0346,0.0022,0.0413,90,28,0,5,1,0,0.5315,197.14,56.43,431.24,8282.95,9601.8,0,0.019,1.7756,0,9
2026-09-03T23:01:43.115312+00:00,dos_hulk_v1,dos_hulk_v1__run_002,impact,T1499,129,2,1.0,1.0,0.0,170186.8,336227.29,0.959,903,1784,0.0424,0.1131,0.0352,0.0018,0.0407,89,26,0,3,6,0,0.506,188.47,55.98,452.58,7702.86,8219.24,4,0.009,1.599,0,8
2026-09-03T23:01:48.115312+00:00,dos_hulk_v1,dos_hulk_v1__run_002,impact,T1499,131,2,0.9996,0.9832,0.0399,53424.01,85845.45,0.8792,262,421,0.0417,0.1211,0.0343,0.0011,0.0376,90,25,2,5,0,0,0.6219,203.91,61.78,431.75,9405.98,7959.87,0,0.0502,0.9911,0,8
2026-09-03T23:01:53.115312+00:00,dos_hulk_v1,dos_hulk_v1__run_002,impact,T1499,127,2,0.9838,0.9627,0.0389,177534.21,348278.58,0.9129,889,1744,0.0228,0.0638,0.0402,0.0029,0.0488,90,27,4,4,2,0,0.5096,199.7,48.77,317.89,8348.42,8365.52,1,0.0174,0.7689,0,8
2026-09-03T23:01:58.115312+00:00,dos_hulk_v1,dos_hulk_v1__run_002,impact,T1499,116,2,0.9998,0.985,0.0026,164669.32,257954.9,0.8527,812,1272,0.0499,0.0916,0.0378,0.0015,0.0425,83,23,1,2,4,0,0.6383,202.79,59.48,397.25,9530.57,7497.51,2,0.0526,0.4599,0,10
2026-09-03T23:02:03.115312+00:00,dos_hulk_v1,dos_hulk_v1__run_002,impact,T1499,119,2,0.9999,0.959,0.0211,136414.81,366065.52,1.0,714,1916,0.0396,0.0792,0.0385,0.0017,0.0435,80,27,0,3,5,0,0.3725,191.06,54.71,384.4,7857.66,10552.1,4,0.0,1.7574,0,12
2026-09-03T23:02:08.115312+00:00,dos_hulk_v1,dos_hulk_v1__run_002,impact,T1499,143,2,0.9983,0.9882,0.0,172538.83,196469.04,0.9572,858,977,0.0479,0.1201,0.0377,0.0027,0.0457,98,27,4,1,2,0,0.8774,201.09,57.34,406.06,8077.25,8189.46,1,0.0341,1.008,0,8
2026-09-03T23:02:13.115312+00:00,dos_hulk_v1,dos_hulk_v1__run_002,impact,T1499,133,2,1.0,1.0,0.0,107906.17,186401.82,0.8603,532,919,0.025,0.0425,0.0388,0.0014,0.043,94,30,0,8,7,1,0.5783,202.83,62.92,438.23,8813.28,8999.98,3,0.0185,0.6045,0,8
2026-09-03T23:02:18.115312+00:00,dos_hulk_v1,dos_hulk_v1__run_002,impact,T1499,115,2,0.9999,0.9784,0.0689,67889.28,145420.8,0.9249,345,739,0.0351,0.0743,0.0358,0.0015,0.0404,78,20,7,2,2,0,0.4666,196.78,67.56,375.28,9004.6,8289.8,1,0.0,1.56,0,6
2026-09-03T23:02:23.115312+00:00,dos_hulk_v1,dos_hulk_v1__run_002,impact,T1499,127,2,0.9964,0.9629,0.0157,146534.47,338644.61,1.0,762,1761,0.0268,0.078,0.0385,0.0022,0.0452,90,28,2,3,5,0,0.4325,192.3,56.45,361.97,8863.31,9281.08,4,0.0058,1.4492,0,5
2026-09-03T23:02:28.115312+00:00,dos_hulk_v1,dos_hulk_v1__run_002,impact,T1499,118,2,0.9992,1.0,0.0324,88210.02,158852.8,0.968,472,850,0.0483,0.1099,0.0326,0.0011,0.0359,84,24,1,8,0,1,0.5549,186.89,49.95,324.42,8347.92,8617.82,0,0.0,0.4438,0,9
2026-09-03T23:02:33.115312+00:00,dos_hulk_v1,dos_hulk_v1__run_002,impact,T1499,129,2,0.9996,1.0,0.0,158061.47,183792.4,0.8351,774,900,0.0473,0.117,0.0426,0.0017,0.0478,90,22,0,3,7,0,0.8596,204.21,57.07,400.42,8391.34,7043.8,5,0.009,0.5233,0,3
2026-09-03T23:02:38.115312+00:00,dos_hulk_v1,dos_hulk_v1__run_002,impact,T1499,141,2,0.9997,1.0,0.0116,196284.34,321969.95,0.9789,987,1619,0.0331,0.0898,0.0416,0.0021,0.048,96,33,1,7,2,0,0.6094,198.87,59.21,408.74,10248.33,9419.51,1,0.0223,1.4941,0,11
2026-09-03T23:02:43.115312+00:00,dos_hulk_v1,dos_hulk_v1__run_002,impact,T1499,125,2,0.9754,1.0,0.0001,153783.9,240928.11,1.0,750,1175,0.0387,0.0544,0.0445,0.0016,0.0492,90,25,4,2,0,0,0.6378,205.05,66.04,446.6,7133.85,8448.07,0,0.0,0.6556,0,8
2026-09-03T23:02:48.115312+00:00,dos_hulk_v1,dos_hulk_v1__run_002,impact,T1499,98,2,0.9997,0.9388,0.0571,161092.56,231776.03,0.952,784,1128,0.0399,0.0483,0.0398,0.0016,0.0446,67,18,0,3,2,1,0.6945,205.48,57.88,430.92,6147.06,9160.54,1,0.015,1.413,0,7
2026-09-03T23:02:53.115312+00:00,dos_hulk_v1,dos_hulk_v1__run_002,impact,T1499,120,2,0.9992,0.9719,0.0165,138148.4,273034.97,0.9291,720,1423,0.0489,0.0811,0.0361,0.0014,0.0405,81,26,4,2,5,0,0.5057,191.87,54.99,382.5,8050.77,8123.79,3,0.0,1.835,0,9
2026-09-03T23:02:58.115312+00:00,dos_hulk_v1,dos_hulk_v1__run_002,impact,T1499,123,2,0.9988,1.0,0.0144,199434.26,323877.99,1.0,984,1598,0.0328,0.0403,0.041,0.0028,0.0495,86,21,3,0,8,1,0.6157,202.68,71.11,500.57,8757.72,7871.8,6,0.0547,1.091,0,4
2026-09-03T23:03:03.115312+00:00,dos_hulk_v1,dos_hulk_v1__run_002,impact,T1499,148,2,0.9999,0.9899,0.0056,183040.2,303417.99,0.9157,888,1472,0.0553,0.0925,0.0389,0.0015,0.0433,98,30,5,11,3,0,0.603,206.13,54.17,364.45,8050.05,8734.13,2,0.0487,1.8111,0,7
2026-09-03T23:03:08.115312+00:00,dos_hulk_v1,dos_hulk_v1__run_002,impact,T1499,157,2,0.9976,0.9603,0.0494,279693.9,464375.0,0.9768,1413,2346,0.0299,0.0529,0.0378,0.0015,0.0422,112,27,1,11,6,5,0.602,197.94,58.5,401.05,7360.14,8513.8,5,0.0522,0.7619,0,10
2026-09-03T23:03:13.115312+00:00,dos_hulk_v1,dos_hulk_v1__run_002,impact,T1499,114,2,0.998,0.9745,0.0372,209584.24,289455.04,1.0,1026,1417,0.0202,0.028,0.0399,0.0011,0.0431,77,19,1,10,2,2,0.7238,204.27,67.5,431.36,10295.8,10598.14,1,0.0349,1.4807,0,5
2026-09-03T23:03:18.115312+00:00,dos_hulk_v1,dos_hulk_v1__run_002,impact,T1499,125,2,0.9996,0.9832,0.0,198994.81,284761.58,0.9701,1000,1431,0.0323,0.0963,0.0448,0.0025,0.0523,86,22,5,6,8,0,0.6985,198.99,64.73,433.23,8123.25,7313.42,5,0.0217,0.668,0,2
2026-09-03T23:03:23.115312+00:00,dos_hulk_v1,dos_hulk_v1__run_002,impact,T1499,128,2,0.9984,1.0,0.0,205513.51,276961.57,0.9568,1024,1380,0.0518,0.1254,0.0351,0.001,0.0382,89,25,3,4,6,1,0.7417,200.7,62.47,460.98,6741.69,7077.69,3,0.0074,0.0,0,9
2026-09-03T23:03:28.115312+00:00,dos_hulk_v1,dos_hulk_v1__run_002,impact,T1499,122,2,0.9983,0.9617,0.0158,219152.7,372240.24,0.8893,1098,1865,0.0538,0.1546,0.0412,0.0029,0.05,85,23,1,7,1,4,0.5885,199.59,61.94,477.42,9285.54,8774.65,0,0.0,0.5785,0,4
2026-09-03T23:03:33.115312+00:00,dos_hulk_v1,dos_hulk_v1__run_002,impact,T1499,110,2,0.9654,1.0,0.0,109211.22,162228.31,0.9725,550,817,0.0308,0.0393,0.0336,0.0014,0.0378,74,24,2,1,2,0,0.673,198.57,57.65,370.3,9339.92,9431.92,1,0.0,1.9103,0,5
2026-09-03T23:03:38.115312+00:00,dos_hulk_v1,dos_hulk_v1__run_002,impact,T1499,116,2,0.9576,0.9919,0.0122,122873.5,202741.28,1.0,580,957,0.037,0.1044,0.0399,0.0013,0.0437,82,24,0,5,6,2,0.6055,211.85,67.71,495.45,6762.37,8791.48,3,0.0285,1.4792,0,8
2026-09-03T23:03:43.115312+00:00,dos_hulk_v1,dos_hulk_v1__run_002,impact,T1499,124,2,0.988,0.9577,0.045,152828.63,226983.38,0.8849,744,1105,0.0528,0.0726,0.04,0.0018,0.0454,85,27,4,4,5,2,0.6727,205.41,60.94,359.88,8588.41,9622.9,3,0.0,2.0092,0,6
2026-09-03T23:03:48.115312+00:00,dos_hulk_v1,dos_hulk_v1__run_002,impact,T1499,159,2,0.9997,0.9761,0.0161,124546.17,271808.3,0.8848,636,1388,0.0562,0.1658,0.0367,0.0011,0.0402,104,27,0,10,7,0,0.4579,195.83,59.69,384.81,8335.84,9292.63,4,0.0,1.204,0,4
2026-09-03T23:03:53.115312+00:00,dos_hulk_v1,dos_hulk_v1__run_002,impact,T1499,116,2,0.9998,0.9626,0.0573,115837.97,205712.26,0.9661,580,1030,0.0333,0.0609,0.0413,0.0025,0.0488,83,21,5,3,7,1,0.5629,199.72,63.58,446.39,7701.72,7411.08,6,0.0,1.0795,0,11
2026-09-03T23:03:58.115312+00:00,dos_hulk_v1,dos_hulk_v1__run_002,impact,T1499,152,2,0.9754,1.0,0.0,151896.39,257224.54,0.9449,760,1287,0.0325,0.0806,0.04,0.0011,0.0433,106,32,2,6,9,3,0.5902,199.86,57.58,445.24,9470.49,8750.45,7,0.0351,0.7126,0,9
2026-09-03T23:04:03.115312+00:00,dos_hulk_v1,dos_hulk_v1__run_002,impact,T1499,134,2,1.0,1.0,0.0,77581.94,114828.98,0.838,402,595,0.029,0.0729,0.0449,0.0017,0.0501,94,31,0,1,2,0,0.6755,192.99,55.36,377.9,10033.56,8117.62,1,0.0415,0.9068,0,4
2026-09-03T23:04:08.115312+00:00,dos_hulk_v1,dos_hulk_v1__run_002,impact,T1499,136,2,1.0,0.9692,0.0424,242937.49,346940.15,0.8797,1224,1748,0.0593,0.1695,0.0397,0.002,0.0456,94,29,1,6,3,2,0.7001,198.48,53.54,389.05,6909.81,9314.96,2,0.0209,0.8525,0,6
2026-09-03T23:04:13.115312+00:00,dos_hulk_v1,dos_hulk_v1__run_002,impact,T1499,125,2,1.0,1.0,0.0057,279781.51,423029.64,1.0,1375,2079,0.0265,0.0632,0.0355,0.001,0.0386,90,24,6,8,8,1,0.6611,203.48,60.86,466.25,8085.1,9725.39,5,0.0252,1.2767,0,10
2026-09-03T23:04:18.115312+00:00,dos_hulk_v1,dos_hulk_v1__run_002,impact,T1499,133,2,0.9654,1.0,0.0,83675.94,115342.77,0.9055,399,550,0.0464,0.0683,0.0367,0.0019,0.0424,93,28,1,12,9,0,0.7243,209.71,57.43,411.59,7757.59,8056.34,6,0.0049,1.58,0,7
2026-09-03T23:04:23.115312+00:00,dos_hulk_v1,dos_hulk_v1__run_002,impact,T1499,145,2,0.9983,1.0,0.0,174129.98,387088.95,1.0,870,1934,0.0426,0.1178,0.0452,0.0017,0.0503,103,27,6,5,5,0,0.4498,200.15,63.63,366.37,7891.97,8819.67,4,0.0143,1.0104,0,8
2026-09-03T23:04:28.115312+00:00,dos_hulk_v1,dos_hulk_v1__run_002,impact,T1499,136,2,0.9961,1.0,0.014,85455.23,184315.2,0.9494,408,880,0.0205,0.041,0.0346,0.0016,0.0393,98,24,5,9,1,0,0.4632,209.45,68.47,419.95,7966.71,8968.98,0,0.0,1.3952,0,11
2026-09-03T23:04:33.115312+00:00,dos_hulk_v1,dos_hulk_v1__run_002,impact,T1499,130,2,0.9861,0.9448,0.0607,348351.19,542623.96,0.9306,1820,2835,0.0399,0.1145,0.0383,0.002,0.0442,91,25,2,7,4,2,0.642,191.4,58.69,455.98,8975.23,8881.1,3,0.0022,1.8768,0,9
2026-09-03T23:04:38.115312+00:00,dos_hulk_v1,dos_hulk_v1__run_002,impact,T1499,117,2,0.9847,1.0,0.0,46000.63,67821.43,0.9236,234,345,0.0469,0.0931,0.0435,0.0031,0.0529,83,23,3,9,1,0,0.6768,196.58,63.57,428.17,7646.34,9352.94,0,0.0,0.9553,0,6
2026-09-03T23:04:43.115312+00:00,dos_hulk_v1,dos_hulk_v1__run_002,impact,T1499,132,2,0.9799,1.0,0.0,314186.79,525231.45,1.0,1584,2648,0.0379,0.0643,0.0351,0.0009,0.0379,88,32,2,5,5,0,0.598,198.35,55.09,339.72,9540.98,8963.72,3,0.0174,0.6817,0,10
2026-09-03T23:04:48.115312+00:00,dos_hulk_v1,dos_hulk_v1__run_002,impact,T1499,145,2,0.9983,0.9791,0.0,210753.83,675035.19,0.9803,1015,3251,0.035,0.0712,0.0418,0.0023,0.0487,99,26,0,12,1,0,0.3122,207.64,60.42,407.7,7488.97,7687.97,0,0.0,0.5562,0,9
2026-09-03T23:04:53.115312+00:00,dos_hulk_v1,dos_hulk_v1__run_002,impact,T1499,143,2,0.9338,0.9804,0.0453,227712.26,427358.58,0.9839,1144,2147,0.0255,0.0703,0.0437,0.0027,0.0518,104,25,0,4,2,3,0.5326,199.05,74.89,580.45,6884.1,6934.18,1,0.0359,1.5405,0,6
2026-09-03T23:04:58.115312+00:00,dos_hulk_v1,dos_hulk_v1__run_002,impact,T1499,115,2,0.9934,1.0,0.0142,162898.44,288967.66,0.9204,805,1428,0.0426,0.117,0.0416,0.0024,0.0488,79,21,0,4,3,1,0.5637,202.36,60.35,422.48,7823.79,8231.66,2,0.0362,1.8497,0,11
2026-09-03T23:05:03.115312+00:00,dos_hulk_v1,dos_hulk_v1__run_002,impact,T1499,137,2,0.9577,0.9955,0.0,200190.11,354246.73,0.9996,959,1697,0.0392,0.0751,0.0405,0.0029,0.0493,91,26,3,5,2,0,0.565,208.75,62.85,439.97,7512.73,7529.23,1,0.0152,1.0229,0,6
2026-09-03T23:05:08.115312+00:00,dos_hulk_v1,dos_hulk_v1__run_002,impact,T1499,111,2,0.9953,1.0,0.0,196172.76,286109.82,0.9293,999,1457,0.0312,0.0667,0.0422,0.0019,0.048,76,23,0,3,3,0,0.6856,196.37,54.41,356.04,7061.24,7478.32,2,0.0,0.0,0,7
2026-09-03T23:05:13.115312+00:00,dos_hulk_v1,dos_hulk_v1__run_002,impact,T1499,124,2,1.0,0.9957,0.0172,145226.99,223696.41,0.9745,744,1146,0.0454,0.072,0.0416,0.0018,0.0469,87,28,0,5,2,3,0.649,195.2,58.53,406.75,6429.05,7177.88,1,0.0,0.9871,0,8
2026-09-03T23:05:18.115312+00:00,dos_hulk_v1,dos_hulk_v1__run_002,impact,T1499,120,2,0.9968,0.9645,0.0579,114216.08,239282.69,0.9916,600,1257,0.0325,0.0787,0.0398,0.0026,0.0475,82,26,4,6,6,0,0.477,190.36,56.13,475.05,8896.02,8612.44,5,0.0304,0.4632,0,3
2026-09-03T23:05:23.115312+00:00,dos_hulk_v1,dos_hulk_v1__run_002,impact,T1499,124,2,0.997,0.9768,0.005,131491.01,220565.56,0.8822,620,1040,0.0345,0.0425,0.0435,0.0025,0.0509,87,28,0,9,1,0,0.596,212.08,61.08,436.85,8440.77,9046.2,0,0.0,1.5365,0,4
2026-09-03T23:05:28.115312+00:00,dos_hulk_v1,dos_hulk_v1__run_002,impact,T1499,123,2,0.9942,1.0,0.0025,167307.49,237844.8,0.9059,861,1224,0.0429,0.1184,0.0405,0.0026,0.0483,84,27,1,4,2,0,0.703,194.32,52.63,328.46,7477.02,6782.48,1,0.0295,0.9803,0,9
2026-09-03T23:05:33.115312+00:00,dos_hulk_v1,dos_hulk_v1__run_002,impact,T1499,124,2,0.9629,1.0,0.0,76140.9,135088.7,0.9773,372,660,0.0484,0.1175,0.0386,0.001,0.0416,85,19,2,9,7,0,0.5633,204.68,57.77,391.73,8172.28,6847.4,6,0.0268,0.6691,0,4
2026-09-03T23:05:38.115312+00:00,dos_hulk_v1,dos_hulk_v1__run_002,impact,T1499,110,2,0.9914,1.0,0.031,204929.78,425384.54,0.9839,990,2055,0.0544,0.1622,0.0413,0.0011,0.0445,77,19,0,1,3,0,0.4817,207.0,60.47,385.45,8005.46,5982.08,1,0.035,0.6204,0,7
2026-09-03T23:05:43.115312+00:00,dos_hulk_v1,dos_hulk_v1__run_002,impact,T1499,131,2,1.0,0.9812,0.0172,287103.76,444303.52,0.9185,1441,2230,0.0351,0.0502,0.0393,0.0018,0.0447,87,29,7,6,2,2,0.646,199.24,62.81,487.13,8590.91,8937.61,1,0.0383,1.5267,0,4
2026-09-03T23:05:48.115312+00:00,dos_hulk_v1,dos_hulk_v1__run_002,impact,T1499,117,2,0.9995,0.9837,0.0058,212176.51,343552.66,1.0,1053,1705,0.0569,0.0894,0.0408,0.0019,0.0465,80,25,4,6,5,0,0.6174,201.5,63.78,385.04,7287.3,8703.38,4,0.0,1.1769,0,5
2026-09-03T23:05:53.115312+00:00,dos_hulk_v1,dos_hulk_v1__run_002,impact,T1499,96,2,0.995,0.9738,0.0732,37125.36,64002.57,0.9557,192,331,0.0453,0.1036,0.0408,0.0019,0.0465,66,17,2,1,0,0,0.5787,193.36,56.9,394.59,7221.44,8942.01,0,0.0,1.7885,0,7
2026-09-03T23:05:58.115312+00:00,dos_hulk_v1,dos_hulk_v1__run_002,impact,T1499,130,2,0.9998,0.9919,0.0323,78439.41,152252.92,1.0,390,757,0.0353,0.0612,0.036,0.0023,0.0429,90,30,0,7,0,0,0.5149,201.13,53.78,390.64,8713.6,8608.39,0,0.0119,0.5833,0,12
2026-09-03T23:06:03.115312+00:00,dos_hulk_v1,dos_hulk_v1__run_002,impact,T1499,131,2,0.9848,1.0,0.0094,131761.66,198950.05,0.9503,655,989,0.0299,0.0783,0.0433,0.0025,0.0508,90,25,2,9,9,1,0.6618,201.16,55.09,364.86,8686.87,7995.61,7,0.0,1.1035,0,5
2026-09-03T23:06:08.115312+00:00,dos_hulk_v1,dos_hulk_v1__run_002,impact,T1499,109,2,0.9999,1.0,0.0,66187.75,98775.61,0.9417,327,488,0.0447,0.0582,0.0383,0.0018,0.0436,81,21,1,3,4,0,0.6695,202.41,58.49,385.51,7844.18,9809.26,2,0.0,1.1379,0,9
2026-09-03T23:06:13.115312+00:00,dos_hulk_v1,dos_hulk_v1__run_002,impact,T1499,109,2,0.978,0.9557,0.0399,192886.79,300242.74,1.0,981,1527,0.0382,0.1031,0.0403,0.0014,0.0446,77,18,5,4,5,0,0.642,196.62,58.9,385.14,7688.02,6493.51,4,0.0,0.5142,0,8
2026-09-03T23:06:18.115312+00:00,dos_hulk_v1,dos_hulk_v1__run_002,impact,T1499,121,2,0.9996,0.9852,0.0027,143726.62,244889.58,1.0,726,1237,0.0413,0.05,0.0341,0.0018,0.0396,90,25,4,9,5,0,0.5866,197.97,57.83,406.89,6898.97,6779.55,4,0.0,0.7648,0,8
2026-09-03T23:06:23.115312+00:00,dos_hulk_v1,dos_hulk_v1__run_002,impact,T1499,133,2,0.9931,0.9471,0.0678,188378.86,320102.42,0.9441,931,1582,0.0441,0.0674,0.0415,0.0031,0.0508,89,22,8,6,2,0,0.5883,202.34,53.47,363.73,8074.11,8427.65,1,0.0401,0.9038,0,7
2026-09-03T23:06:28.115312+00:00,dos_hulk_v1,dos_hulk_v1__run_002,impact,T1499,123,2,0.9942,0.9783,0.0425,175144.24,254884.7,0.9317,861,1253,0.0466,0.1119,0.0484,0.0016,0.0531,81,29,0,8,6,0,0.687,203.42,61.3,369.64,9183.37,11080.02,4,0.0,1.1317,0,10
2026-09-03T23:06:33.115312+00:00,dos_hulk_v1,dos_hulk_v1__run_002,impact,T1499,136,2,1.0,0.9909,0.0113,162084.37,250475.98,0.9299,816,1261,0.0448,0.1142,0.038,0.0025,0.0456,87,27,0,7,6,0,0.647,198.63,65.85,541.42,7883.03,7877.34,5,0.0354,1.8538,0,7
2026-09-03T23:06:38.115312+00:00,dos_hulk_v1,dos_hulk_v1__run_002,impact,T1499,132,2,0.994,1.0,0.0159,104733.58,123974.41,0.9247,528,625,0.0433,0.0619,0.0336,0.0018,0.039,91,27,0,3,7,0,0.8443,198.36,64.28,447.86,8946.98,9580.31,6,0.0466,0.4714,0,9
2026-09-03T23:06:43.115312+00:00,dos_hulk_v1,dos_hulk_v1__run_002,impact,T1499,139,2,0.9997,1.0,0.0251,186539.71,291983.53,0.9328,973,1523,0.0538,0.1603,0.0364,0.0023,0.0433,96,25,2,4,7,0,0.6387,191.72,52.98,383.36,8239.19,6612.26,6,0.0145,0.4521,0,15
2026-09-03T23:06:48.115312+00:00,dos_hulk_v1,dos_hulk_v1__run_002,impact,T1499,138,2,0.9903,1.0,0.0,296641.19,515702.31,0.9817,1518,2639,0.03,0.089,0.0364,0.0023,0.0434,97,29,0,7,3,0,0.5751,195.42,53.59,360.7,7994.94,7483.55,1,0.0015,1.2036,0,8
2026-09-03T23:06:53.115312+00:00,dos_hulk_v1,dos_hulk_v1__run_002,impact,T1499,143,2,0.9997,1.0,0.0,202230.42,327488.03,0.9598,1001,1621,0.0405,0.0565,0.0383,0.0016,0.0429,95,28,2,4,1,0,0.6173,202.03,58.27,469.71,9706.42,9032.83,0,0.0177,1.2452,0,5
2026-09-03T23:06:58.115312+00:00,dos_hulk_v1,dos_hulk_v1__run_002,impact,T1499,128,2,0.9914,0.9821,0.0277,155796.64,332487.88,0.9406,768,1639,0.0451,0.0904,0.0417,0.0019,0.0474,90,20,0,7,3,1,0.4686,202.86,64.2,481.32,7236.24,7625.07,2,0.0,1.0244,0,4
2026-09-03T23:07:03.115312+00:00,dos_hulk_v1,dos_hulk_v1__run_002,impact,T1499,114,2,0.998,0.9715,0.0257,115606.01,160631.51,0.8696,570,792,0.0234,0.0493,0.0406,0.001,0.0437,81,20,2,7,0,2,0.7196,202.82,57.16,405.3,8084.2,8230.82,0,0.0153,1.3194,0,6
2026-09-03T23:07:08.115312+00:00,dos_hulk_v1,dos_hulk_v1__run_002,impact,T1499,120,2,0.9968,1.0,0.0253,113517.21,199601.09,0.9506,600,1055,0.0295,0.0436,0.0435,0.0012,0.047,84,24,3,9,2,1,0.5682,189.2,57.02,391.36,7305.51,8076.45,1,0.0467,1.1231,0,7
2026-09-03T23:07:13.115312+00:00,dos_hulk_v1,dos_hulk_v1__run_002,impact,T1499,118,2,0.9463,0.9678,0.0301,140615.35,191657.93,0.9727,708,965,0.0401,0.1194,0.0318,0.0014,0.0359,81,21,1,5,0,1,0.7329,198.61,65.68,494.12,7144.66,7844.79,0,0.0422,1.2217,0,14
2026-09-03T23:07:18.115312+00:00,dos_hulk_v1,dos_hulk_v1__run_002,impact,T1499,122,2,0.9992,0.9645,0.0211,99375.86,182256.96,0.9725,488,895,0.0463,0.0991,0.0413,0.0022,0.0478,82,23,2,5,4,0,0.5447,203.64,62.62,375.53,9237.36,9660.14,3,0.0635,0.8359,0,5
2026-09-03T23:07:23.115312+00:00,dos_hulk_v1,dos_hulk_v1__run_002,impact,T1499,115,2,0.9908,1.0,0.0169,180597.37,269521.95,0.9325,920,1373,0.0398,0.0517,0.0377,0.0023,0.0447,82,21,1,5,0,0,0.6697,196.3,49.33,353.92,9130.99,8476.25,0,0.0334,1.2141,0,10
2026-09-03T23:07:28.115312+00:00,dos_hulk_v1,dos_hulk_v1__run_002,impact,T1499,131,2,0.9979,1.0,0.0,154851.33,266360.04,0.9698,786,1352,0.04,0.0582,0.0381,0.002,0.0442,95,30,0,5,2,0,0.5811,197.01,63.43,441.67,7675.3,8884.8,1,0.0379,0.1119,0,3
2026-09-03T23:07:33.115312+00:00,dos_hulk_v1,dos_hulk_v1__run_002,impact,T1499,132,2,0.9998,1.0,0.0,167924.35,424687.46,0.9659,792,2003,0.0216,0.0407,0.0401,0.0024,0.0474,93,27,0,9,7,0,0.3953,212.03,70.8,531.86,7854.71,7376.43,6,0.0019,1.6666,0,2
2026-09-03T23:07:38.115312+00:00,dos_hulk_v1,dos_hulk_v1__run_002,impact,T1499,127,2,0.9996,1.0,0.0,152684.64,235238.53,0.9794,762,1174,0.0408,0.0579,0.0397,0.003,0.0486,85,28,0,5,3,0,0.6488,200.37,60.69,435.7,7587.25,7969.71,2,0.0886,1.2878,0,10
2026-09-03T23:07:43.115312+00:00,dos_hulk_v1,dos_hulk_v1__run_002,impact,T1499,133,2,1.0,1.0,0.0128,239949.92,402522.51,0.9456,1197,2008,0.0207,0.0434,0.0315,0.0015,0.0359,90,27,4,7,0,0,0.5961,200.46,62.9,391.85,6740.51,6821.35,0,0.0398,1.619,0,8
2026-09-03T23:07:48.115312+00:00,dos_hulk_v1,dos_hulk_v1__run_002,impact,T1499,124,2,0.9953,0.9722,0.0283,100914.38,164596.24,0.9737,496,809,0.0446,0.1063,0.0444,0.0028,0.0526,85,20,2,5,2,3,0.6128,203.46,66.12,534.77,8792.31,5884.62,1,0.0,1.9773,0,9
2026-09-03T23:07:53.115312+00:00,dos_hulk_v1,dos_hulk_v1__run_002,impact,T1499,103,2,0.9803,0.9792,0.035,120033.36,191897.99,1.0,618,988,0.0284,0.0654,0.0319,0.0008,0.0344,68,18,1,4,1,0,0.6254,194.23,59.33,386.31,8239.26,8352.46,0,0.0,0.8991,0,6
2026-09-03T23:07:58.115312+00:00,dos_hulk_v1,dos_hulk_v1__run_002,impact,T1499,121,2,0.9996,1.0,0.0099,48208.6,109764.2,0.8641,242,551,0.0282,0.0814,0.0376,0.0024,0.0449,85,25,2,1,7,0,0.4385,199.21,54.96,365.49,8869.39,8981.8,4,0.0,0.8922,0,6
2026-09-03T23:08:03.115312+00:00,dos_hulk_v1,dos_hulk_v1__run_002,impact,T1499,164,2,0.9996,1.0,0.0,229087.83,329064.31,0.9229,1148,1649,0.0396,0.0977,0.0451,0.0017,0.0501,115,32,0,13,10,3,0.6958,199.55,57.47,420.65,8080.26,7454.91,5,0.0502,0.6877,0,9
2026-09-03T23:08:08.115312+00:00,dos_hulk_v1,dos_hulk_v1__run_002,impact,T1499,143,2,0.9957,0.9966,0.0,87731.62,133335.7,0.9096,429,652,0.054,0.1442,0.0448,0.0014,0.0489,100,30,0,4,0,3,0.6576,204.5,61.54,385.23,7608.14,6950.79,0,0.0,1.4803,0,12
2026-09-03T23:08:13.115312+00:00,dos_hulk_v1,dos_hulk_v1__run_002,impact,T1499,133,2,0.999,1.0,0.0103,213833.03,461228.19,0.9426,1064,2295,0.0597,0.1746,0.042,0.0027,0.05,90,26,0,11,6,0,0.4634,200.97,54.14,382.0,8217.41,9102.9,4,0.001,0.8425,0,4
2026-09-03T23:08:18.115312+00:00,dos_hulk_v1,dos_hulk_v1__run_002,impact,T1499,113,2,0.9954,1.0,0.0085,186778.79,357441.72,0.9522,904,1730,0.0241,0.04,0.0385,0.001,0.0416,81,22,0,6,3,0,0.5225,206.61,65.6,497.02,7353.24,5672.1,2,0.0,1.2474,0,16
2026-09-03T23:08:23.115312+00:00,dos_hulk_v1,dos_hulk_v1__run_002,impact,T1499,124,2,0.9983,0.9791,0.0359,145822.5,187374.07,0.8703,744,956,0.0514,0.1212,0.0372,0.0022,0.0437,85,26,2,3,6,0,0.7774,196.0,51.99,402.14,7363.84,9915.02,4,0.0477,1.0417,0,10
2026-09-03T23:08:28.115312+00:00,dos_hulk_v1,dos_hulk_v1__run_002,impact,T1499,107,2,0.9969,0.985,0.0,126343.83,225136.05,0.9675,642,1144,0.0299,0.0679,0.0489,0.0023,0.0559,74,18,2,7,2,0,0.5608,196.8,60.23,384.12,8108.32,9284.93,1,0.0026,0.1817,0,0
2026-09-03T23:08:33.115312+00:00,dos_hulk_v1,dos_hulk_v1__run_002,impact,T1499,123,2,0.9919,1.0,0.0,140478.93,196251.74,0.9707,738,1031,0.0283,0.0596,0.0341,0.0016,0.0389,88,24,0,8,0,1,0.7153,190.35,59.01,444.46,6544.31,6946.2,0,0.0683,1.0429,0,10
2026-09-03T23:08:38.115312+00:00,dos_hulk_v1,dos_hulk_v1__run_002,impact,T1499,124,2,0.997,0.9669,0.0063,75557.92,120648.93,0.9685,372,594,0.0457,0.0786,0.0446,0.0013,0.0486,90,27,0,7,0,1,0.6254,203.11,62.21,430.32,7467.07,6844.44,0,0.0171,0.8539,0,6
2026-09-03T23:08:43.115312+00:00,dos_hulk_v1,dos_hulk_v1__run_002,impact,T1499,118,2,0.9898,0.9691,0.0252,163900.84,281568.15,0.9479,826,1419,0.0292,0.0832,0.0423,0.0024,0.0495,86,27,1,7,1,1,0.5818,198.43,67.22,419.34,6086.14,9286.25,0,0.0,1.4699,0,10
2026-09-03T23:08:48.115312+00:00,dos_hulk_v1,dos_hulk_v1__run_002,impact,T1499,121,2,0.9988,1.0,0.0002,245913.98,465204.21,1.0,1210,2289,0.045,0.0935,0.0376,0.0021,0.0438,85,25,5,7,5,1,0.5284,203.23,56.3,403.07,8488.4,6911.39,3,0.021,1.0305,0,9
2026-09-03T23:08:53.115312+00:00,dos_hulk_v1,dos_hulk_v1__run_002,impact,T1499,125,2,0.9988,1.0,0.0359,174263.82,323433.65,0.9379,875,1624,0.0312,0.0398,0.0339,0.0019,0.0396,86,24,5,12,4,3,0.5387,199.16,59.08,404.87,8275.13,9309.53,3,0.0204,0.9976,0,5
2026-09-03T23:08:58.115312+00:00,dos_hulk_v1,dos_hulk_v1__run_002,impact,T1499,115,2,0.9986,0.9878,0.0,136730.88,185280.25,0.9055,690,935,0.0335,0.0634,0.0409,0.0016,0.0458,80,23,5,8,3,3,0.7372,198.16,53.43,371.01,9528.94,8095.78,2,0.0,0.7087,0,8
2026-09-03T23:09:03.115312+00:00,dos_hulk_v1,dos_hulk_v1__run_002,impact,T1499,144,2,0.9965,1.0,0.0,112884.37,193824.04,0.9241,576,989,0.0197,0.0288,0.043,0.0025,0.0505,106,32,3,11,0,2,0.582,195.98,56.48,360.33,9107.76,6812.2,0,0.0,0.3745,0,7
2026-09-03T23:09:08.115312+00:00,dos_hulk_v1,dos_hulk_v1__run_002,impact,T1499,129,2,0.9927,0.9888,0.0,128856.19,292673.36,0.9602,645,1465,0.0367,0.0979,0.0387,0.0012,0.0424,91,24,0,7,2,0,0.44,199.78,64.13,603.85,6433.2,7274.23,1,0.0,1.2013,0,11
2026-09-03T23:09:13.115312+00:00,dos_hulk_v1,dos_hulk_v1__run_002,impact,T1499,136,2,0.9961,0.9927,0.0217,428916.66,763009.1,0.8907,2040,3629,0.0291,0.0463,0.0407,0.0028,0.0492,103,25,3,8,4,0,0.562,210.25,61.3,416.67,7942.42,6867.59,2,0.0,0.8577,0,10
2026-09-03T23:09:18.115312+00:00,dos_hulk_v1,dos_hulk_v1__run_002,impact,T1499,116,2,0.9981,1.0,0.0,206786.51,290570.69,0.9867,1044,1467,0.0469,0.0714,0.0459,0.0024,0.0531,77,22,0,4,0,0,0.7116,198.07,55.17,382.52,9380.61,7593.95,0,0.0776,0.9971,0,10
2026-09-03T23:09:23.115312+00:00,dos_hulk_v1,dos_hulk_v1__run_002,impact,T1499,106,2,0.9959,1.0,0.0127,61853.29,96475.57,0.9889,318,496,0.0511,0.1242,0.0331,0.0024,0.0403,74,20,1,8,1,0,0.64,194.51,63.44,373.13,9087.59,8451.3,0,0.0,0.2451,0,10
2026-09-03T23:09:28.115312+00:00,dos_hulk_v1,dos_hulk_v1__run_002,impact,T1499,116,2,0.9991,1.0,0.0,114729.86,185743.68,0.92,580,939,0.0322,0.0462,0.0401,0.0015,0.0446,76,26,1,8,4,0,0.6176,197.81,57.34,425.83,6095.02,6856.8,2,0.0054,1.1401,0,7
2026-09-03T23:09:33.115312+00:00,dos_hulk_v1,dos_hulk_v1__run_002,impact,T1499,108,2,0.999,1.0,0.0059,169880.75,286870.38,0.9746,864,1459,0.0581,0.1085,0.0473,0.0018,0.0526,75,22,0,7,0,0,0.592,196.62,54.98,366.79,6983.51,8047.89,0,0.0243,0.4232,0,5
2026-09-03T23:09:38.115312+00:00,dos_hulk_v1,dos_hulk_v1__run_002,impact,T1499,125,2,0.9977,1.0,0.0308,190706.44,376454.51,0.9842,1000,1974,0.0457,0.0681,0.0412,0.0013,0.045,82,27,3,3,0,0,0.5065,190.71,63.56,416.75,7039.32,6588.97,0,0.0,0.2427,0,4
2026-09-03T23:09:43.115312+00:00,dos_hulk_v1,dos_hulk_v1__run_002,impact,T1499,121,2,0.9976,0.9657,0.0447,150978.4,209830.87,0.9473,726,1009,0.023,0.0295,0.0346,0.0025,0.0421,82,24,2,8,5,0,0.7192,207.96,66.02,546.71,10699.97,8421.86,2,0.0103,0.7365,0,7
2026-09-03T23:09:48.115312+00:00,dos_hulk_v1,dos_hulk_v1__run_002,impact,T1499,124,2,0.988,0.9866,0.026,176642.01,223651.58,0.8813,868,1099,0.0201,0.0244,0.0387,0.0014,0.0429,89,26,1,2,4,0,0.7894,203.5,60.86,411.12,9264.58,7745.29,3,0.0006,0.4886,0,10
2026-09-03T23:09:53.115312+00:00,dos_hulk_v1,dos_hulk_v1__run_002,impact,T1499,142,2,0.9948,1.0,0.0,143517.95,210425.62,0.9512,710,1041,0.05,0.127,0.0419,0.0027,0.05,102,29,0,10,1,0,0.682,202.14,63.58,439.12,7936.48,8826.73,0,0.0,1.6746,0,7
2026-09-03T23:09:58.115312+00:00,dos_hulk_v1,dos_hulk_v1__run_002,impact,T1499,126,2,1.0,1.0,0.019,157966.67,255337.67,0.9319,756,1222,0.0248,0.0548,0.0429,0.0026,0.0507,84,25,0,8,3,0,0.6184,208.95,59.82,396.37,7346.52,7411.45,2,0.0149,0.8825,0,13
2026-09-03T23:10:03.115312+00:00,dos_hulk_v1,dos_hulk_v1__run_002,impact,T1499,131,2,0.9949,0.9934,0.0096,186859.86,277538.86,0.9998,917,1362,0.0579,0.0841,0.0406,0.0028,0.0491,93,24,0,7,4,0,0.6731,203.77,55.04,386.06,7989.43,9404.94,2,0.0201,1.6099,0,7
2026-09-03T23:10:08.115312+00:00,dos_hulk_v1,dos_hulk_v1__run_002,impact,T1499,125,2,0.9996,1.0,0.0067,211758.18,359706.56,0.9547,1125,1911,0.024,0.0289,0.0445,0.003,0.0536,87,29,0,9,4,0,0.5886,188.23,50.87,327.7,9114.2,5779.42,2,0.0235,1.606,0,6
2026-09-03T23:10:13.115312+00:00,dos_hulk_v1,dos_hulk_v1__run_002,impact,T1499,139,2,0.997,1.0,0.0114,116042.96,196813.87,0.9759,556,943,0.0297,0.0762,0.0436,0.0024,0.0509,102,28,0,3,2,0,0.5894,208.71,59.57,399.81,9909.49,7405.08,1,0.0363,1.4374,0,6
2026-09-03T23:10:18.115312+00:00,dos_hulk_v1,dos_hulk_v1__run_002,impact,T1499,131,2,0.9929,0.9617,0.0754,129945.78,221998.97,0.9719,655,1119,0.0262,0.0678,0.0328,0.002,0.0389,93,22,3,3,2,0,0.5852,198.39,58.53,349.72,7955.03,7524.09,1,0.0518,1.2111,0,10
2026-09-03T23:10:23.115312+00:00,dos_hulk_v1,dos_hulk_v1__run_002,impact,T1499,134,2,0.9986,0.9672,0.0364,213755.89,498896.68,0.937,1072,2502,0.0221,0.0535,0.0456,0.0015,0.0501,90,22,1,4,9,0,0.4284,199.4,59.11,462.29,8088.06,7935.56,8,0.0186,1.1229,0,9
2026-09-03T23:10:28.115312+00:00,dos_hulk_v1,dos_hulk_v1__run_002,impact,T1499,110,2,0.9962,1.0,0.0182,178587.58,249007.91,0.9098,880,1227,0.0468,0.0908,0.0378,0.0013,0.0417,73,20,2,5,2,1,0.7168,202.94,57.17,363.79,8193.74,8778.11,1,0.0,1.2473,0,6
2026-09-03T23:10:33.115312+00:00,dos_hulk_v1,dos_hulk_v1__run_002,impact,T1499,142,2,0.9856,1.0,0.0,112152.87,273668.79,0.972,568,1386,0.0407,0.0546,0.0392,0.0013,0.0429,100,28,1,6,5,1,0.4096,197.45,53.33,342.64,7445.63,8207.57,2,0.0269,0.1679,0,8
2026-09-03T23:10:38.115312+00:00,dos_hulk_v1,dos_hulk_v1__run_002,impact,T1499,99,2,0.9911,1.0,0.0,161748.44,299602.22,0.925,792,1467,0.0498,0.1334,0.0357,0.0018,0.041,70,18,2,3,6,3,0.5395,204.23,61.74,403.08,6717.46,8664.5,4,0.0112,0.7967,0,7
2026-09-03T23:10:43.115312+00:00,dos_hulk_v1,dos_hulk_v1__run_002,impact,T1499,147,2,0.9984,0.9595,0.0172,336351.12,680398.6,0.973,1617,3271,0.0364,0.1005,0.0368,0.0015,0.0414,100,32,2,4,5,0,0.4942,208.01,56.7,397.17,7084.1,8495.44,2,0.0021,0.9912,0,12
2026-09-03T23:10:48.115312+00:00,dos_hulk_v1,dos_hulk_v1__run_002,impact,T1499,129,2,0.9989,0.983,0.0484,127462.03,239114.81,0.9525,645,1210,0.0586,0.0829,0.0409,0.0018,0.0463,92,22,3,7,9,0,0.5326,197.62,52.45,388.59,7456.75,8709.64,5,0.0028,1.5215,0,6
2026-09-03T23:10:53.115312+00:00,dos_hulk_v1,dos_hulk_v1__run_002,impact,T1499,141,2,0.9895,1.0,0.0175,192758.95,310328.24,0.9116,987,1589,0.0256,0.043,0.0367,0.0022,0.0434,101,27,1,5,4,1,0.621,195.3,63.0,491.42,7592.63,7209.31,3,0.0069,1.3972,0,5
2026-09-03T23:10:58.115312+00:00,dos_hulk_v1,dos_hulk_v1__run_002,impact,T1499,153,2,0.9992,1.0,0.0072,346682.47,746716.54,0.8844,1683,3625,0.0233,0.0466,0.042,0.0027,0.0501,106,29,1,11,4,0,0.4642,205.99,60.19,363.34,9604.97,9391.28,2,0.0667,0.0,0,8
2026-09-03T23:11:03.115312+00:00,dos_hulk_v1,dos_hulk_v1__run_002,impact,T1499,142,2,0.993,1.0,0.0,257161.02,516736.7,0.9552,1278,2568,0.0492,0.0974,0.0397,0.0028,0.0482,104,26,4,6,6,0,0.4976,201.22,55.86,395.04,10544.34,8520.17,5,0.0288,0.4323,0,5
2026-09-03T23:11:08.115312+00:00,dos_hulk_v1,dos_hulk_v1__run_002,impact,T1499,126,2,0.9971,0.9838,0.0,149500.0,206650.13,1.0,756,1045,0.0523,0.0792,0.0426,0.0016,0.0475,88,24,3,5,0,0,0.7231,197.75,51.8,343.34,9080.76,8396.03,0,0.027,1.2398,0,7
2026-09-03T23:11:13.115312+00:00,dos_hulk_v1,dos_hulk_v1__run_002,impact,T1499,138,2,0.9962,0.9576,0.0559,160813.16,272488.97,0.9903,828,1403,0.026,0.0346,0.0443,0.0028,0.0529,93,25,5,9,5,0,0.5899,194.22,62.46,441.12,8285.93,6688.85,3,0.0256,0.9909,0,9
2026-09-03T23:11:18.115312+00:00,dos_hulk_v1,dos_hulk_v1__run_002,impact,T1499,130,2,0.9916,0.9893,0.0212,182435.67,319563.14,0.9589,910,1594,0.0512,0.0729,0.0499,0.0036,0.0605,86,27,4,4,0,4,0.5707,200.48,61.29,431.85,7631.37,7165.3,0,0.0118,0.9565,0,10
2026-09-03T23:11:23.115312+00:00,dos_hulk_v1,dos_hulk_v1__run_002,impact,T1499,124,2,0.9992,1.0,0.0,47693.43,74617.14,1.0,248,388,0.0382,0.0787,0.0463,0.0013,0.0501,90,24,0,0,5,1,0.6386,192.31,52.37,307.69,6954.99,7057.91,4,0.0479,0.1902,0,8
2026-09-03T23:11:28.115312+00:00,dos_hulk_v1,dos_hulk_v1__run_002,impact,T1499,126,2,0.9998,1.0,0.0192,102049.29,166235.06,0.9519,504,821,0.0232,0.0364,0.038,0.0015,0.0424,90,23,1,7,3,0,0.6135,202.48,56.5,434.65,8068.47,9780.17,2,0.0378,1.1784,0,8
2026-09-03T23:11:33.115312+00:00,dos_hulk_v1,dos_hulk_v1__run_002,impact,T1499,115,2,0.9995,1.0,0.0,189810.6,282859.06,0.9733,920,1371,0.0606,0.1262,0.048,0.0033,0.0579,79,26,1,7,2,0,0.6707,206.32,63.63,417.67,9397.16,7539.64,1,0.0692,1.0348,0,2
2026-09-03T23:11:38.115312+00:00,dos_hulk_v1,dos_hulk_v1__run_002,impact,T1499,143,2,0.9997,1.0,0.0,258640.71,481710.78,0.9861,1287,2397,0.0451,0.0716,0.0479,0.002,0.0539,103,27,3,6,0,3,0.5369,200.96,57.5,406.15,8060.3,9371.82,0,0.0022,0.4488,0,12
2026-09-03T23:11:43.115312+00:00,dos_hulk_v1,dos_hulk_v1__run_002,impact,T1499,117,2,0.9999,1.0,0.0,93737.44,102550.37,0.9553,468,512,0.028,0.0719,0.0431,0.0021,0.0494,83,24,1,3,4,0,0.9134,200.29,62.4,455.22,8189.36,7455.7,2,0.0483,1.3392,0,11
2026-09-03T23:11:48.115312+00:00,dos_hulk_v1,dos_hulk_v1__run_002,impact,T1499,128,2,0.9998,1.0,0.0106,104003.48,161692.91,1.0,512,796,0.0523,0.1065,0.0314,0.0023,0.0383,88,28,4,6,6,0,0.6431,203.13,60.53,445.18,5799.22,6800.53,5,0.031,0.154,0,8
2026-09-03T23:11:53.115312+00:00,dos_hulk_v1,dos_hulk_v1__run_002,impact,T1499,115,2,0.9842,1.0,0.0,93468.4,163366.51,0.8297,460,804,0.0576,0.0719,0.0358,0.0022,0.0425,82,24,2,6,2,0,0.5719,203.19,62.84,431.96,8548.2,6402.18,1,0.0,1.124,0,7
2026-09-03T23:11:58.115312+00:00,dos_hulk_v1,dos_hulk_v1__run_002,impact,T1499,152,2,0.9999,1.0,0.0,154140.59,256968.58,0.9764,760,1267,0.052,0.1343,0.0412,0.0015,0.0456,102,28,2,12,3,0,0.5994,202.82,58.39,402.96,7757.42,7710.43,1,0.0481,1.4707,0,8
2026-09-03T23:12:03.115312+00:00,dos_hulk_v1,dos_hulk_v1__run_002,impact,T1499,141,2,0.9991,1.0,0.0,261456.47,420102.24,1.0,1269,2039,0.0571,0.168,0.0385,0.0024,0.0458,98,29,4,8,0,0,0.6222,206.03,55.32,363.21,8723.5,9099.49,0,0.0,0.9176,0,9
2026-09-03T23:12:08.115312+00:00,dos_hulk_v1,dos_hulk_v1__run_002,impact,T1499,110,2,0.9979,1.0,0.0,108872.53,211212.7,0.8617,550,1067,0.0201,0.0279,0.0481,0.0034,0.0582,76,24,2,6,2,0,0.5153,197.95,65.91,428.04,10034.99,6784.46,1,0.0,1.1207,0,9
2026-09-03T23:12:13.115312+00:00,dos_hulk_v1,dos_hulk_v1__run_002,impact,T1499,118,2,0.9998,1.0,0.0,161225.99,231493.98,0.8979,826,1186,0.0515,0.0785,0.0447,0.0033,0.0545,83,21,3,8,3,0,0.6963,195.19,50.98,335.73,6031.58,9387.66,1,0.0293,1.2219,0,3
2026-09-03T23:12:18.115312+00:00,dos_hulk_v1,dos_hulk_v1__run_002,impact,T1499,129,2,0.9947,0.9672,0.0445,158114.52,246977.34,0.973,774,1209,0.0396,0.1091,0.0406,0.0015,0.045,86,26,4,12,5,2,0.6402,204.28,64.65,486.31,7743.59,6881.01,3,0.0088,1.3881,0,6
2026-09-03T23:12:23.115312+00:00,dos_hulk_v1,dos_hulk_v1__run_002,impact,T1499,119,2,0.9774,1.0,0.0,117194.93,233208.07,0.95,595,1184,0.0216,0.0417,0.0324,0.0018,0.0379,81,22,3,4,5,2,0.5022,196.97,53.44,336.02,7793.27,7762.38,3,0.0474,0.5216,0,7
2026-09-03T23:12:28.115312+00:00,dos_hulk_v1,dos_hulk_v1__run_002,impact,T1499,114,2,0.973,0.9704,0.0322,45847.71,60325.93,0.9721,228,300,0.0536,0.1155,0.0345,0.0009,0.0372,77,24,2,6,2,0,0.7575,201.09,62.32,451.94,9299.68,9170.1,1,0.0,1.1162,0,9
2026-09-03T23:12:33.115312+00:00,dos_hulk_v1,dos_hulk_v1__run_002,impact,T1499,128,2,0.9956,1.0,0.0,123251.61,247080.97,0.9266,640,1283,0.0274,0.0358,0.0407,0.0012,0.0444,90,28,5,5,9,0,0.4987,192.58,52.63,434.78,7274.18,8272.51,6,0.0164,0.4347,0,5
2026-09-03T23:12:38.115312+00:00,dos_hulk_v1,dos_hulk_v1__run_002,impact,T1499,132,2,0.9894,1.0,0.0413,274944.47,602170.05,0.8279,1320,2891,0.0289,0.081,0.0475,0.0016,0.0523,88,29,4,4,7,0,0.4564,208.29,63.76,452.09,7653.57,7832.91,6,0.013,0.7393,0,7
2026-09-03T23:12:43.115312+00:00,dos_hulk_v1,dos_hulk_v1__run_002,impact,T1499,124,2,0.997,1.0,0.0,123113.87,191422.21,0.9664,620,964,0.054,0.131,0.0388,0.0016,0.0436,88,28,4,9,9,4,0.6427,198.57,52.46,437.15,8139.22,8516.97,8,0.0845,1.0277,0,12
2026-09-03T23:12:48.115312+00:00,dos_hulk_v1,dos_hulk_v1__run_002,impact,T1499,122,2,0.9969,0.989,0.0061,174988.07,244245.65,0.9797,854,1192,0.0487,0.0847,0.0309,0.0009,0.0335,87,24,2,7,4,1,0.7161,204.9,59.74,438.84,8053.35,9896.24,2,0.0335,1.9633,0,11
2026-09-03T23:12:53.115312+00:00,dos_hulk_v1,dos_hulk_v1__run_002,impact,T1499,127,2,0.9964,0.9463,0.0744,51114.3,87135.79,0.8818,254,433,0.0444,0.0731,0.0334,0.0014,0.0376,87,23,5,7,3,0,0.586,201.24,65.43,484.3,7010.56,7687.51,1,0.0055,0.4482,0,8
2026-09-03T23:12:58.115312+00:00,dos_hulk_v1,dos_hulk_v1__run_002,impact,T1499,125,2,1.0,0.983,0.0,101888.91,156297.58,0.8676,500,767,0.0232,0.0401,0.0393,0.0026,0.0471,90,23,0,7,0,0,0.6511,203.78,55.91,416.44,8880.73,8863.6,0,0.0,1.4463,0,7
2026-09-03T23:13:03.115312+00:00,dos_hulk_v1,dos_hulk_v1__run_002,impact,T1499,115,2,0.9758,0.9293,0.0387,90743.96,144598.53,1.0,460,733,0.0448,0.0732,0.038,0.0016,0.0429,75,17,0,6,3,0,0.6273,197.27,60.2,435.0,7263.6,8305.93,2,0.0,1.2739,0,6
2026-09-03T23:13:08.115312+00:00,dos_hulk_v1,dos_hulk_v1__run_002,impact,T1499,116,2,0.9862,1.0,0.0147,70634.58,113461.87,0.9802,348,559,0.0223,0.0618,0.0461,0.0016,0.0509,81,20,2,6,1,0,0.6221,202.97,64.83,429.6,7052.06,8313.34,0,0.0827,0.4587,0,12
2026-09-03T23:13:13.115312+00:00,dos_hulk_v1,dos_hulk_v1__run_002,impact,T1499,127,2,0.987,0.9839,0.0112,98353.27,137849.47,1.0,508,712,0.056,0.1293,0.0438,0.0029,0.0525,83,29,0,6,2,0,0.7131,193.61,57.85,378.98,8193.05,7588.36,1,0.0418,1.6419,0,7
2026-09-03T23:13:18.115312+00:00,dos_hulk_v1,dos_hulk_v1__run_002,impact,T1499,125,2,0.9977,1.0,0.0,211808.77,379561.32,0.9358,1125,2016,0.049,0.1451,0.0367,0.0026,0.0446,86,21,4,10,3,4,0.558,188.27,59.15,416.2,7864.96,9709.25,1,0.0459,0.9196,0,8
2026-09-03T23:13:23.115312+00:00,dos_hulk_v1,dos_hulk_v1__run_002,impact,T1499,128,2,0.9993,0.9579,0.036,181239.09,305638.7,0.9689,896,1511,0.0444,0.1124,0.0358,0.0016,0.0404,88,28,4,11,5,0,0.5926,202.28,61.23,434.28,8541.22,8292.25,4,0.003,0.5608,0,9
2026-09-03T23:13:28.115312+00:00,dos_hulk_v1,dos_hulk_v1__run_002,impact,T1499,131,2,0.9736,1.0,0.0075,180469.49,317642.04,0.8833,917,1614,0.0305,0.0633,0.0381,0.0025,0.0458,94,20,2,8,6,2,0.568,196.8,52.41,352.06,8625.2,9594.9,5,0.0087,0.5839,0,8
2026-09-03T23:13:33.115312+00:00,dos_hulk_v1,dos_hulk_v1__run_002,impact,T1499,113,2,0.9986,0.9595,0.0429,155039.85,320663.96,0.9701,791,1636,0.0415,0.1234,0.0339,0.0011,0.0371,79,23,7,2,2,2,0.4834,196.0,57.48,372.33,8005.41,7601.0,1,0.0,1.582,0,6
2026-09-03T23:13:38.115312+00:00,dos_hulk_v1,dos_hulk_v1__run_002,impact,T1499,108,2,0.999,0.9651,0.0387,149032.62,224731.72,0.9385,756,1140,0.0511,0.1102,0.0369,0.0013,0.0407,71,18,3,5,2,0,0.6629,197.13,60.81,417.34,9238.63,8523.2,1,0.0382,0.594,0,8
2026-09-03T23:13:43.115312+00:00,dos_hulk_v1,dos_hulk_v1__run_002,impact,T1499,127,2,0.9989,0.9696,0.0,150210.18,253307.2,0.8761,762,1285,0.0439,0.0734,0.0351,0.0026,0.0428,90,24,9,5,4,0,0.5926,197.13,56.82,376.03,8555.55,7143.13,2,0.0513,0.7368,0,12
2026-09-03T23:13:48.115312+00:00,dos_hulk_v1,dos_hulk_v1__run_002,impact,T1499,109,2,0.997,1.0,0.0391,115544.43,230452.83,0.9509,545,1087,0.0253,0.0587,0.0455,0.0015,0.0498,75,22,2,3,5,0,0.5013,212.01,57.27,358.33,6322.51,7359.07,4,0.0247,0.6696,0,9
2026-09-03T23:13:53.115312+00:00,dos_hulk_v1,dos_hulk_v1__run_002,impact,T1499,121,2,0.9976,1.0,0.0067,264031.74,359448.17,0.95,1331,1812,0.0584,0.1648,0.0438,0.0025,0.0515,85,24,7,5,5,0,0.7343,198.37,63.69,644.39,6415.4,7042.58,4,0.0,0.563,0,9
2026-09-03T23:13:58.115312+00:00,dos_hulk_v1,dos_hulk_v1__run_002,impact,T1499,129,2,0.9979,0.992,0.0302,207523.61,450841.02,0.9337,1032,2242,0.0341,0.0644,0.0382,0.0012,0.0418,88,26,0,4,1,1,0.4602,201.09,59.61,395.02,8471.89,10096.53,0,0.0,1.2001,0,13
2026-09-03T23:14:03.115312+00:00,dos_hulk_v1,dos_hulk_v1__run_002,impact,T1499,105,2,0.9889,1.0,0.0,135185.55,171602.88,0.9892,735,933,0.04,0.1115,0.0393,0.0014,0.0435,71,23,0,5,4,0,0.7872,183.93,62.47,378.05,6891.42,7957.31,2,0.0299,0.9256,0,5
2026-09-03T23:14:08.115312+00:00,dos_hulk_v1,dos_hulk_v1__run_002,impact,T1499,122,2,0.9983,0.9964,0.0,124482.34,199579.88,0.9646,610,978,0.0609,0.1136,0.0385,0.0012,0.0421,81,29,0,4,5,0,0.6232,204.07,56.21,384.69,10044.46,7112.88,2,0.0502,1.3504,0,6
2026-09-03T23:14:13.115312+00:00,dos_hulk_v1,dos_hulk_v1__run_002,impact,T1499,127,2,1.0,1.0,0.0,160393.92,356781.76,0.9904,762,1695,0.0457,0.1336,0.0352,0.0023,0.042,86,24,0,4,2,0,0.4495,210.49,57.67,416.0,8616.33,8167.94,1,0.0074,0.3345,0,7
2026-09-03T23:14:18.115312+00:00,dos_hulk_v1,dos_hulk_v1__run_002,impact,T1499,129,2,0.9996,1.0,0.0,130341.19,207131.35,0.9923,645,1025,0.0406,0.1112,0.0385,0.0014,0.0428,92,30,4,4,0,0,0.629,202.08,59.04,404.98,7900.0,8049.98,0,0.0544,0.8808,0,6
2026-09-03T23:14:23.115312+00:00,dos_hulk_v1,dos_hulk_v1__run_002,impact,T1499,114,2,1.0,0.9811,0.0105,159137.88,252466.86,0.9567,798,1266,0.0421,0.0529,0.0409,0.0013,0.0449,78,26,2,10,1,0,0.6299,199.42,59.7,465.49,8276.97,7852.17,0,0.0,1.4628,0,6
2026-09-03T23:14:28.115312+00:00,dos_hulk_v1,dos_hulk_v1__run_002,impact,T1499,127,2,0.9978,1.0,0.0,154058.1,229469.75,0.9204,762,1135,0.0288,0.0585,0.0365,0.0015,0.0409,93,27,0,9,1,0,0.6709,202.18,64.49,470.2,8029.74,6307.62,0,0.0258,0.7686,0,8
2026-09-03T23:14:33.115312+00:00,dos_hulk_v1,dos_hulk_v1__run_002,impact,T1499,113,2,0.9986,1.0,0.0,184901.67,420528.58,0.9289,904,2056,0.0422,0.0883,0.0327,0.0017,0.0379,78,22,2,4,1,0,0.4395,204.54,56.51,341.22,6774.91,8286.28,0,0.0,1.6782,0,8
2026-09-03T23:14:38.115312+00:00,dos_hulk_v1,dos_hulk_v1__run_002,impact,T1499,126,2,0.9984,0.9969,0.0088,124413.7,203998.97,0.8871,630,1033,0.0487,0.0851,0.0384,0.0024,0.0456,89,29,6,7,0,0,0.6098,197.48,55.94,382.69,5707.01,6637.45,0,0.07,0.781,0,7
2026-09-03T23:14:43.115312+00:00,dos_hulk_v1,dos_hulk_v1__run_002,impact,T1499,146,2,0.9999,1.0,0.0,85743.74,148583.33,0.8909,438,759,0.0585,0.1725,0.0473,0.0027,0.0555,105,28,3,4,5,0,0.5765,195.76,58.93,417.96,8508.55,8092.1,4,0.0144,0.7757,0,14
2026-09-03T23:14:48.115312+00:00,dos_hulk_v1,dos_hulk_v1__run_002,impact,T1499,151,2,0.9962,0.9679,0.0245,91547.18,163491.54,0.8852,453,809,0.0523,0.1561,0.0449,0.0014,0.0491,103,32,1,8,7,0,0.5593,202.09,55.24,451.21,8524.09,9084.46,5,0.0,0.6822,0,12
2026-09-03T23:14:53.115312+00:00,dos_hulk_v1,dos_hulk_v1__run_002,impact,T1499,129,2,0.9769,1.0,0.003,154614.27,266679.65,0.9977,774,1335,0.0401,0.1155,0.0424,0.0013,0.0464,86,25,3,3,3,0,0.5794,199.76,59.53,392.03,7258.35,10886.77,1,0.0,2.116,0,5
2026-09-03T23:14:58.115312+00:00,dos_hulk_v1,dos_hulk_v1__run_002,impact,T1499,125,2,0.9988,0.9949,0.0,71305.01,133292.83,1.0,375,701,0.0218,0.043,0.0388,0.0026,0.0468,89,25,0,2,2,1,0.5348,190.15,53.12,417.36,8645.97,7220.29,1,0.0002,1.27,0,11
2026-09-03T23:15:03.115312+00:00,dos_hulk_v1,dos_hulk_v1__run_002,impact,T1499,114,2,0.9998,0.9774,0.0335,113685.38,143802.03,0.9194,570,721,0.0575,0.1077,0.042,0.0027,0.0499,81,23,0,1,3,0,0.7896,199.45,57.9,382.24,8013.4,6620.81,2,0.0,1.1658,0,7
2026-09-03T23:15:08.115312+00:00,dos_hulk_v1,dos_hulk_v1__run_002,impact,T1499,119,2,0.9959,1.0,0.0,173556.56,266897.9,0.8624,833,1281,0.0335,0.0498,0.0351,0.0025,0.0427,83,22,2,4,1,0,0.6501,208.35,63.03,448.16,6721.94,6589.8,0,0.0,1.2537,0,5
2026-09-03T23:15:13.115312+00:00,dos_hulk_v1,dos_hulk_v1__run_002,impact,T1499,114,2,0.998,1.0,0.0,221425.88,405753.21,0.9795,1140,2089,0.0517,0.1042,0.0441,0.0021,0.0505,82,22,3,5,5,0,0.5456,194.23,52.11,379.26,9129.74,9386.33,4,0.0,1.223,0,7
2026-09-03T23:15:18.115312+00:00,dos_hulk_v1,dos_hulk_v1__run_002,impact,T1499,123,2,0.9961,0.9974,0.0352,230101.07,454382.06,0.9787,1107,2186,0.0517,0.0767,0.0444,0.0029,0.0532,84,19,4,7,2,0,0.5063,207.86,60.7,457.47,8696.21,9290.14,1,0.0141,0.3908,0,9
2026-09-03T23:15:23.115312+00:00,dos_hulk_v1,dos_hulk_v1__run_002,impact,T1499,123,2,0.9988,0.9622,0.0031,96005.96,173279.06,0.9321,492,888,0.0334,0.0966,0.0335,0.001,0.0364,82,22,2,9,3,0,0.5535,195.13,63.37,403.56,8722.73,8621.42,2,0.005,0.5558,0,4
2026-09-03T23:15:28.115312+00:00,dos_hulk_v1,dos_hulk_v1__run_002,impact,T1499,105,2,0.9968,0.9959,0.0192,167656.82,277232.53,0.9651,840,1389,0.0456,0.1034,0.0458,0.0033,0.0557,73,20,2,1,4,4,0.6043,199.59,57.61,428.86,7820.77,8239.39,3,0.0064,1.0001,0,6
2026-09-03T23:15:33.115312+00:00,dos_hulk_v1,dos_hulk_v1__run_002,impact,T1499,126,2,0.9883,0.9836,0.0046,74880.03,162834.35,1.0,378,822,0.0417,0.0836,0.038,0.0027,0.0461,86,23,0,9,3,1,0.4594,198.1,54.42,434.67,8814.81,8053.65,1,0.0,0.9337,0,6
2026-09-03T23:15:38.115312+00:00,dos_hulk_v1,dos_hulk_v1__run_002,impact,T1499,125,2,0.9977,1.0,0.0012,145260.43,209756.05,0.9423,750,1083,0.0336,0.0965,0.0369,0.0015,0.0415,89,24,3,9,1,0,0.6921,193.68,53.69,365.53,6439.82,5135.79,0,0.0003,0.4159,0,6
2026-09-03T23:15:43.115312+00:00,dos_hulk_v1,dos_hulk_v1__run_002,impact,T1499,115,2,0.9995,0.9932,0.0082,157760.35,271230.21,1.0,805,1384,0.0336,0.078,0.0461,0.0027,0.0542,81,20,5,3,3,0,0.5816,195.98,59.72,368.41,7493.43,8042.98,2,0.0,1.3631,0,13
2026-09-03T23:15:48.115312+00:00,dos_hulk_v1,dos_hulk_v1__run_002,impact,T1499,147,2,0.9823,1.0,0.0007,180905.75,309713.93,0.9214,882,1510,0.0236,0.0606,0.0339,0.0013,0.0377,104,34,2,8,9,2,0.5841,205.11,66.99,435.96,9527.56,8659.43,6,0.0,1.4771,0,7
2026-09-03T23:15:53.115312+00:00,dos_hulk_v1,dos_hulk_v1__run_002,impact,T1499,132,2,0.9985,1.0,0.0197,189689.45,244912.9,1.0,924,1193,0.0528,0.1282,0.0428,0.0031,0.0522,95,24,2,3,0,0,0.7743,205.29,76.68,711.97,8967.14,6762.39,0,0.0705,1.1387,0,7
2026-09-03T23:15:58.115312+00:00,dos_hulk_v1,dos_hulk_v1__run_002,impact,T1499,128,2,0.9956,1.0,0.0,175480.84,309637.51,0.9319,896,1581,0.0605,0.1577,0.0418,0.0029,0.0505,85,25,0,6,5,0,0.5665,195.85,62.02,519.41,8493.89,8440.71,4,0.0,0.7721,0,8
2026-09-03T23:16:03.115312+00:00,dos_hulk_v1,dos_hulk_v1__run_002,impact,T1499,127,2,0.9507,0.993,0.0238,172746.53,247752.34,1.0,889,1275,0.0269,0.0473,0.0377,0.0024,0.045,87,29,3,11,0,3,0.6972,194.32,54.85,359.49,9029.54,8765.17,0,0.0,1.7421,0,7
