timestamp,persona_id,run_id,mitre_stage,technique_id,flow_count,unique_dst_ports,dest_port_entropy,tcp_ratio,udp_ratio,bytes_fwd_sum,bytes_bwd_sum,bidirectional_ratio,pkts_fwd_sum,pkts_bwd_sum,duration_mean,duration_max,iat_mean,iat_std,iat_max,syn_flag_sum,ack_flag_sum,fin_flag_sum,rst_flag_sum,psh_flag_sum,urg_flag_sum,down_up_ratio_mean,pkt_len_mean,pkt_len_std,pkt_len_max,init_fwd_win_mean,init_bwd_win_mean,fwd_psh_flags_sum,port_scan_score,ttl_variance,ip_fragment_flags,retransmit_count
2026-09-09T14:50:49.093462+00:00,dos_hulk_v1,dos_hulk_v1__run_001,impact,T1499,116,2,0.9895,0.9843,0.0089,144133.54,190314.25,0.9907,696,919,0.0274,0.0821,0.0429,0.0027,0.0511,79,22,0,7,4,0,0.7566,207.09,61.34,393.8,10309.15,9546.64,3,0.0132,1.7381,0,5
2026-09-09T14:50:54.093462+00:00,dos_hulk_v1,dos_hulk_v1__run_001,impact,T1499,128,2,0.9984,0.9956,0.0,217530.49,245854.77,0.991,1152,1302,0.0594,0.1762,0.0387,0.0016,0.0435,90,26,2,4,6,0,0.8845,188.83,53.45,338.67,8513.24,8148.11,3,0.0,1.1818,0,10
2026-09-09T14:50:59.093462+00:00,dos_hulk_v1,dos_hulk_v1__run_001,impact,T1499,118,2,0.97,1.0,0.0,117183.4,149557.8,1.0,590,753,0.0595,0.0812,0.0441,0.0027,0.0521,84,21,5,2,3,0,0.7835,198.62,53.51,414.81,10852.6,7887.89,1,0.0,1.3445,0,10
2026-09-09T14:51:04.093462+00:00,dos_hulk_v1,dos_hulk_v1__run_001,impact,T1499,124,2,0.9983,0.9887,0.0296,95018.19,163408.31,1.0,496,853,0.0425,0.1142,0.0507,0.0036,0.0613,85,23,6,8,3,0,0.5809,191.57,57.89,441.55,6772.66,5296.48,1,0.0,1.4274,0,10
2026-09-09T14:51:09.093462+00:00,dos_hulk_v1,dos_hulk_v1__run_001,impact,T1499,116,2,0.9998,1.0,0.0,110474.65,183426.01,0.9473,580,963,0.0491,0.097,0.0409,0.0011,0.0442,83,22,3,6,6,0,0.6019,190.47,58.86,350.38,6395.42,8444.51,4,0.029,1.6999,0,5
2026-09-09T14:51:14.093462+00:00,dos_hulk_v1,dos_hulk_v1__run_001,impact,T1499,127,2,0.9989,0.9929,0.0,181818.77,285919.74,0.9426,889,1398,0.0581,0.0815,0.0368,0.001,0.0398,89,27,3,5,2,2,0.6357,204.52,56.24,409.3,7943.93,8406.9,1,0.0,1.4292,0,10
2026-09-09T14:51:19.093462+00:00,dos_hulk_v1,dos_hulk_v1__run_001,impact,T1499,116,2,0.9981,0.9855,0.0,113250.59,423322.88,0.8435,580,2168,0.0609,0.1411,0.0375,0.0017,0.0427,82,21,1,4,2,0,0.2675,195.26,60.95,424.34,9779.71,5912.68,1,0.0064,1.2694,0,8
2026-09-09T14:51:24.093462+00:00,dos_hulk_v1,dos_hulk_v1__run_001,impact,T1499,144,2,0.9911,0.9775,0.029,113525.64,177580.9,0.9254,576,901,0.0196,0.0357,0.0352,0.0013,0.039,98,32,0,9,9,0,0.6392,197.09,53.52,363.09,8489.85,7490.47,7,0.0164,1.5817,0,6
2026-09-09T14:51:29.093462+00:00,dos_hulk_v1,dos_hulk_v1__run_001,impact,T1499,129,2,1.0,1.0,0.0,99883.79,195508.97,0.9892,516,1010,0.0217,0.0283,0.0388,0.0026,0.0465,91,22,4,7,3,0,0.5104,193.57,56.34,383.68,8757.36,8517.16,2,0.0,1.7108,0,5
2026-09-09T14:51:34.093462+00:00,dos_hulk_v1,dos_hulk_v1__run_001,impact,T1499,128,2,0.9823,1.0,0.0129,205072.73,362281.8,0.9755,1024,1809,0.049,0.1151,0.0427,0.0021,0.0489,89,30,3,6,2,0,0.5659,200.27,64.55,405.87,7749.36,10238.22,1,0.0259,1.579,0,3
2026-09-09T14:51:39.093462+00:00,dos_hulk_v1,dos_hulk_v1__run_001,impact,T1499,143,2,0.9997,0.9818,0.0318,277083.9,559786.98,0.9416,1430,2889,0.0363,0.063,0.0371,0.0019,0.0428,96,32,0,6,4,3,0.4949,193.76,53.14,362.64,6849.36,8134.54,2,0.0,0.9613,0,7
2026-09-09T14:51:44.093462+00:00,dos_hulk_v1,dos_hulk_v1__run_001,impact,T1499,118,2,0.9925,1.0,0.0,141458.29,246353.21,0.9455,708,1233,0.0382,0.0949,0.0504,0.0024,0.0577,83,21,2,5,8,0,0.5742,199.8,52.75,346.72,6993.68,7447.63,4,0.0,1.0042,0,4
2026-09-09T14:51:49.093462+00:00,dos_hulk_v1,dos_hulk_v1__run_001,impact,T1499,115,2,0.9995,1.0,0.0,142565.98,323149.55,0.9766,690,1564,0.0458,0.0611,0.0372,0.001,0.0402,79,22,5,8,4,2,0.441,206.62,56.15,377.48,7752.91,9353.42,2,0.0122,1.4712,0,14
2026-09-09T14:51:54.093462+00:00,dos_hulk_v1,dos_hulk_v1__run_001,impact,T1499,132,2,0.9959,0.9949,0.0663,26680.63,41233.7,1.0,132,204,0.0467,0.1366,0.0397,0.0023,0.0466,89,30,3,4,5,0,0.6466,202.13,65.54,420.73,10011.77,7147.12,3,0.0128,0.7485,0,4
2026-09-09T14:51:59.093462+00:00,dos_hulk_v1,dos_hulk_v1__run_001,impact,T1499,124,2,0.997,0.9885,0.0251,129193.71,210669.1,0.9025,620,1011,0.0367,0.051,0.0421,0.0029,0.0507,86,25,6,5,4,0,0.6127,208.38,62.85,422.93,9412.4,9174.61,2,0.0038,1.6877,0,8
2026-09-09T14:52:04.093462+00:00,dos_hulk_v1,dos_hulk_v1__run_001,impact,T1499,143,2,0.9778,0.968,0.0573,84993.5,103616.78,0.9667,429,523,0.0223,0.0456,0.0434,0.0025,0.0508,95,25,3,9,0,1,0.8198,198.12,58.1,435.56,8357.58,8502.49,0,0.0228,0.598,0,6
2026-09-09T14:52:09.093462+00:00,dos_hulk_v1,dos_hulk_v1__run_001,impact,T1499,122,2,0.9992,0.9963,0.0001,145221.58,250368.36,0.9318,732,1262,0.0286,0.0765,0.044,0.0014,0.0482,85,22,1,6,3,1,0.5798,198.39,54.15,351.87,9196.41,8837.62,2,0.0,0.929,0,10
2026-09-09T14:52:14.093462+00:00,dos_hulk_v1,dos_hulk_v1__run_001,impact,T1499,133,2,1.0,1.0,0.0,189144.94,205398.0,0.9614,931,1011,0.048,0.0604,0.0401,0.001,0.0432,88,29,0,10,0,2,0.9204,203.16,70.29,614.33,7919.71,8356.24,0,0.002,1.6164,0,11
2026-09-09T14:52:19.093462+00:00,dos_hulk_v1,dos_hulk_v1__run_001,impact,T1499,105,2,0.9921,0.9746,0.0068,84359.03,130957.35,1.0,420,652,0.0588,0.1327,0.043,0.0024,0.0502,70,18,2,3,4,0,0.644,200.85,56.53,378.81,7339.3,10927.36,3,0.0123,0.9431,0,5
2026-09-09T14:52:24.093462+00:00,dos_hulk_v1,dos_hulk_v1__run_001,impact,T1499,127,2,0.987,0.9857,0.0172,76117.34,126862.24,0.9188,381,635,0.0434,0.1294,0.0411,0.0018,0.0466,87,22,4,8,0,2,0.5995,199.78,64.38,443.19,6234.28,9802.24,0,0.0346,1.4982,0,8
2026-09-09T14:52:29.093462+00:00,dos_hulk_v1,dos_hulk_v1__run_001,impact,T1499,113,2,0.9999,0.9571,0.0113,94275.51,157473.48,0.9551,452,755,0.0265,0.0479,0.044,0.0026,0.0519,74,20,4,7,0,0,0.5985,208.57,66.31,429.16,11061.65,9701.01,0,0.0338,0.1117,0,4
2026-09-09T14:52:34.093462+00:00,dos_hulk_v1,dos_hulk_v1__run_001,impact,T1499,107,2,0.9924,1.0,0.0,109320.4,240709.23,1.0,535,1178,0.0598,0.0844,0.0417,0.0015,0.0461,72,23,1,10,0,1,0.454,204.34,67.94,450.86,10811.85,8524.15,0,0.0045,0.3031,0,6
2026-09-09T14:52:39.093462+00:00,dos_hulk_v1,dos_hulk_v1__run_001,impact,T1499,124,2,0.9998,1.0,0.034,146732.51,253626.35,1.0,744,1286,0.0381,0.1125,0.0384,0.002,0.0443,87,25,0,6,3,1,0.5782,197.22,57.55,393.26,8102.23,8381.61,1,0.0,1.9648,0,10
2026-09-09T14:52:44.093462+00:00,dos_hulk_v1,dos_hulk_v1__run_001,impact,T1499,115,2,0.9999,0.9793,0.027,92279.89,131599.15,0.8869,460,656,0.052,0.0698,0.0429,0.0015,0.0475,78,21,0,2,1,0,0.7009,200.61,54.87,363.4,7671.97,7269.47,0,0.023,1.3315,0,8
2026-09-09T14:52:49.093462+00:00,dos_hulk_v1,dos_hulk_v1__run_001,impact,T1499,128,2,0.9956,0.9267,0.0908,126306.23,245113.03,0.9211,640,1242,0.0585,0.0821,0.0424,0.0027,0.0503,89,28,2,7,7,7,0.5149,197.35,51.42,376.76,8490.73,7070.14,6,0.0214,0.6011,0,7
2026-09-09T14:52:54.093462+00:00,dos_hulk_v1,dos_hulk_v1__run_001,impact,T1499,129,2,0.9979,1.0,0.0024,99330.73,151498.61,0.9928,516,787,0.0532,0.103,0.0401,0.0026,0.0478,90,25,0,7,0,2,0.6556,192.5,63.89,404.08,8400.7,8037.89,0,0.039,0.4921,0,15
2026-09-09T14:52:59.093462+00:00,dos_hulk_v1,dos_hulk_v1__run_001,impact,T1499,109,2,0.997,1.0,0.0,235171.1,451316.69,0.8786,1199,2301,0.0467,0.114,0.0369,0.0011,0.0401,75,22,1,4,0,2,0.5209,196.14,57.12,386.1,7475.15,8590.65,0,0.0404,0.9298,0,6
2026-09-09T14:53:04.093462+00:00,dos_hulk_v1,dos_hulk_v1__run_001,impact,T1499,120,2,0.9928,0.9906,0.0,164667.08,258174.46,0.9119,840,1317,0.0481,0.1355,0.0395,0.0027,0.0475,87,26,3,8,0,0,0.6377,196.03,57.85,403.19,6582.55,7921.06,0,0.0445,0.8604,0,4
2026-09-09T14:53:09.093462+00:00,dos_hulk_v1,dos_hulk_v1__run_001,impact,T1499,124,2,0.9992,0.9395,0.0592,290439.01,747372.97,0.9516,1488,3829,0.0544,0.1468,0.0282,0.0014,0.0325,87,24,1,7,0,0,0.3886,195.19,55.03,405.46,8488.62,10954.05,0,0.0,0.323,0,6
2026-09-09T14:53:14.093462+00:00,dos_hulk_v1,dos_hulk_v1__run_001,impact,T1499,130,2,0.9985,1.0,0.0068,242983.23,406218.12,0.989,1170,1956,0.0312,0.0398,0.0495,0.0023,0.0565,89,27,0,9,4,3,0.5979,207.68,64.48,415.64,9273.52,8422.11,3,0.0153,1.1868,0,9
2026-09-09T14:53:19.093462+00:00,dos_hulk_v1,dos_hulk_v1__run_001,impact,T1499,123,2,0.9942,1.0,0.0,151134.81,254553.61,0.8607,738,1243,0.0565,0.1359,0.0449,0.0014,0.0491,85,23,0,8,4,3,0.5933,204.79,55.3,372.91,8796.88,8027.87,3,0.0,0.993,0,7
2026-09-09T14:53:24.093462+00:00,dos_hulk_v1,dos_hulk_v1__run_001,impact,T1499,125,2,0.9896,1.0,0.016,179770.17,275921.52,0.8857,875,1343,0.0414,0.0918,0.0407,0.0015,0.0451,84,28,3,6,5,0,0.6514,205.45,65.22,422.18,7828.01,9287.01,3,0.0555,1.0817,0,10
2026-09-09T14:53:29.093462+00:00,dos_hulk_v1,dos_hulk_v1__run_001,impact,T1499,119,2,0.9999,1.0,0.0,116144.39,206717.5,0.8362,595,1059,0.0539,0.0652,0.0326,0.0014,0.0367,80,23,0,4,5,2,0.5616,195.2,52.9,369.24,7089.62,8217.55,3,0.0,0.9856,0,7
2026-09-09T14:53:34.093462+00:00,dos_hulk_v1,dos_hulk_v1__run_001,impact,T1499,134,2,0.9998,1.0,0.0206,54205.69,100118.71,1.0,268,495,0.0202,0.0382,0.0268,0.0015,0.0313,96,25,1,0,0,0,0.5407,202.26,59.08,383.91,9581.88,8565.44,0,0.0792,0.6607,0,10
2026-09-09T14:53:39.093462+00:00,dos_hulk_v1,dos_hulk_v1__run_001,impact,T1499,135,2,1.0,1.0,0.0237,131204.24,222561.27,0.9184,675,1145,0.0235,0.062,0.0344,0.0009,0.0371,98,25,2,5,2,5,0.5893,194.38,51.96,415.75,9700.13,6976.34,1,0.0584,0.4072,0,3
2026-09-09T14:53:44.093462+00:00,dos_hulk_v1,dos_hulk_v1__run_001,impact,T1499,127,2,1.0,1.0,0.0,258199.71,339115.84,0.9566,1270,1668,0.0372,0.0893,0.0343,0.0016,0.0391,85,24,0,8,0,0,0.7612,203.31,59.01,403.25,8543.58,6533.23,0,0.0192,1.1677,0,5
2026-09-09T14:53:49.093462+00:00,dos_hulk_v1,dos_hulk_v1__run_001,impact,T1499,125,2,0.9977,1.0,0.0,158741.29,395159.97,0.9939,750,1867,0.0606,0.1767,0.0444,0.0013,0.0485,89,25,6,5,0,2,0.4016,211.66,67.83,492.11,6864.81,7894.8,0,0.0464,1.2883,0,7
2026-09-09T14:53:54.093462+00:00,dos_hulk_v1,dos_hulk_v1__run_001,impact,T1499,127,2,0.9996,0.988,0.0315,103428.37,161454.12,0.9182,508,793,0.0423,0.0682,0.0504,0.0018,0.0559,92,22,3,7,6,0,0.6404,203.6,65.35,545.85,6549.67,7552.57,3,0.0022,0.0,0,8
2026-09-09T14:53:59.093462+00:00,dos_hulk_v1,dos_hulk_v1__run_001,impact,T1499,128,2,0.9984,1.0,0.0,263617.24,572543.7,0.9391,1280,2780,0.0308,0.0433,0.042,0.0023,0.0488,89,25,6,4,1,2,0.4603,205.95,52.4,386.15,7847.41,7255.57,0,0.0137,0.9485,0,11
2026-09-09T14:54:04.093462+00:00,dos_hulk_v1,dos_hulk_v1__run_001,impact,T1499,153,2,0.9948,1.0,0.0428,269220.69,424262.09,0.9637,1377,2170,0.0237,0.0299,0.0385,0.0011,0.0419,107,30,5,5,1,0,0.6343,195.51,59.31,443.9,8118.91,7707.2,0,0.0,1.3558,0,5
2026-09-09T14:54:09.093462+00:00,dos_hulk_v1,dos_hulk_v1__run_001,impact,T1499,107,2,0.9949,1.0,0.0,152999.83,230623.25,0.9312,749,1129,0.028,0.0547,0.0421,0.0017,0.0471,76,21,0,7,2,0,0.6631,204.27,61.38,366.47,7899.53,7248.66,1,0.0054,0.2095,0,2
2026-09-09T14:54:14.093462+00:00,dos_hulk_v1,dos_hulk_v1__run_001,impact,T1499,154,2,0.9901,1.0,0.0,119453.65,191397.33,0.9277,616,987,0.0207,0.0356,0.0406,0.003,0.0496,106,27,4,16,4,2,0.624,193.92,61.43,383.44,9137.8,9913.8,3,0.0,1.0201,0,14
2026-09-09T14:54:19.093462+00:00,dos_hulk_v1,dos_hulk_v1__run_001,impact,T1499,142,2,0.9987,0.9729,0.0345,146522.22,281694.13,0.9599,710,1365,0.0272,0.081,0.0444,0.0019,0.0502,99,25,4,7,0,0,0.5199,206.37,59.22,373.57,8625.73,7833.89,0,0.0084,1.0438,0,9
2026-09-09T14:54:24.093462+00:00,dos_hulk_v1,dos_hulk_v1__run_001,impact,T1499,129,2,0.9927,0.9681,0.0273,73089.28,142779.07,1.0,387,756,0.0367,0.0445,0.0387,0.0017,0.0438,94,23,4,4,4,0,0.5114,188.86,57.67,489.68,8945.51,6627.06,3,0.0165,1.2178,0,10
2026-09-09T14:54:29.093462+00:00,dos_hulk_v1,dos_hulk_v1__run_001,impact,T1499,121,2,0.9988,0.9957,0.0086,172949.64,238494.9,0.9658,847,1168,0.0223,0.0476,0.0389,0.0017,0.044,86,24,2,4,3,1,0.7248,204.19,61.27,405.59,8344.45,8830.59,2,0.0,1.415,0,8
2026-09-09T14:54:34.093462+00:00,dos_hulk_v1,dos_hulk_v1__run_001,impact,T1499,116,2,0.9998,1.0,0.0038,112826.08,204059.58,1.0,580,1049,0.0406,0.0911,0.0335,0.0021,0.0397,85,21,3,4,1,2,0.5527,194.53,55.04,353.19,7913.02,9890.87,0,0.0028,1.2665,0,11
2026-09-09T14:54:39.093462+00:00,dos_hulk_v1,dos_hulk_v1__run_001,impact,T1499,121,2,0.994,0.9728,0.0501,126491.62,165170.87,0.9875,605,790,0.05,0.1484,0.0419,0.0028,0.0503,87,24,3,4,2,1,0.7655,209.08,62.8,414.2,7556.73,9536.53,1,0.0141,1.0155,0,8
2026-09-09T14:54:44.093462+00:00,dos_hulk_v1,dos_hulk_v1__run_001,impact,T1499,126,2,0.9984,1.0,0.0082,50529.96,64365.54,0.9809,252,321,0.0573,0.1688,0.0426,0.0024,0.0499,91,25,0,7,5,0,0.7848,200.52,63.25,443.83,7054.15,7401.09,3,0.0112,1.4931,0,3
2026-09-09T14:54:49.093462+00:00,dos_hulk_v1,dos_hulk_v1__run_001,impact,T1499,121,2,0.9988,0.9939,0.0,96756.51,141736.29,0.908,484,709,0.0586,0.0903,0.0352,0.001,0.0382,83,23,2,4,2,0,0.6819,199.91,62.26,433.88,9835.33,7209.64,1,0.0,0.8062,0,7
2026-09-09T14:54:54.093462+00:00,dos_hulk_v1,dos_hulk_v1__run_001,impact,T1499,142,2,0.9964,1.0,0.0,115846.77,255556.35,0.8956,568,1253,0.0362,0.1041,0.0345,0.0011,0.0377,98,24,3,4,7,0,0.4533,203.96,59.58,420.88,10168.78,8427.14,5,0.0098,0.9714,0,5
2026-09-09T14:54:59.093462+00:00,dos_hulk_v1,dos_hulk_v1__run_001,impact,T1499,115,2,0.9995,0.9906,0.0251,65935.26,87913.69,0.9913,345,460,0.0375,0.0733,0.04,0.0018,0.0454,75,23,0,5,1,3,0.7491,191.12,53.38,337.92,8476.94,7944.56,0,0.0452,1.2109,0,3
2026-09-09T14:55:04.093462+00:00,dos_hulk_v1,dos_hulk_v1__run_001,impact,T1499,111,2,0.9995,0.9791,0.0065,135726.33,192788.46,0.8841,666,946,0.05,0.1473,0.0385,0.0016,0.0434,80,22,0,5,5,0,0.7039,203.79,60.22,431.83,9317.86,7939.14,4,0.0,0.4509,0,8
2026-09-09T14:55:09.093462+00:00,dos_hulk_v1,dos_hulk_v1__run_001,impact,T1499,139,2,1.0,1.0,0.041,138064.83,186933.82,0.9293,695,941,0.0431,0.0972,0.0483,0.0029,0.0571,99,30,1,5,2,0,0.7382,198.65,60.54,401.43,8911.37,9321.51,1,0.0328,1.4193,0,15
2026-09-09T14:55:14.093462+00:00,dos_hulk_v1,dos_hulk_v1__run_001,impact,T1499,136,2,0.981,0.9301,0.1203,210771.01,315187.89,1.0,1088,1627,0.043,0.112,0.0362,0.001,0.0392,96,19,1,7,7,0,0.6687,193.72,55.87,356.88,8545.63,7777.18,4,0.0115,1.6426,0,7
2026-09-09T14:55:19.093462+00:00,dos_hulk_v1,dos_hulk_v1__run_001,impact,T1499,115,2,0.971,0.9329,0.0723,161328.82,252915.49,0.991,805,1262,0.024,0.0511,0.0374,0.0014,0.0416,82,21,0,3,8,0,0.6378,200.41,53.79,336.35,9002.24,8621.56,7,0.0,0.5329,0,7
2026-09-09T14:55:24.093462+00:00,dos_hulk_v1,dos_hulk_v1__run_001,impact,T1499,109,2,0.9731,0.983,0.0054,169182.76,286951.03,0.9058,872,1479,0.0364,0.0796,0.0493,0.0022,0.0559,81,24,1,5,2,0,0.5893,194.02,54.13,334.78,7969.33,8232.5,1,0.0028,0.6424,0,4
2026-09-09T14:55:29.093462+00:00,dos_hulk_v1,dos_hulk_v1__run_001,impact,T1499,124,2,0.997,0.9867,0.0,203613.36,277710.56,0.9232,992,1353,0.0282,0.0753,0.0393,0.0016,0.0441,88,24,3,5,3,0,0.733,205.26,64.32,448.35,7734.31,7357.62,1,0.0528,0.923,0,5
2026-09-09T14:55:34.093462+00:00,dos_hulk_v1,dos_hulk_v1__run_001,impact,T1499,116,2,0.9862,0.9765,0.0062,137036.42,212839.62,0.9618,696,1081,0.0454,0.1161,0.0422,0.0028,0.0506,79,21,3,5,5,2,0.6436,196.89,48.52,323.62,6925.12,9017.29,4,0.0,0.2683,0,3
2026-09-09T14:55:39.093462+00:00,dos_hulk_v1,dos_hulk_v1__run_001,impact,T1499,127,2,0.9989,0.9784,0.0702,145194.79,239704.78,0.9522,762,1258,0.0291,0.0706,0.04,0.0026,0.0478,89,27,4,7,0,0,0.6054,190.54,53.4,361.73,9148.11,7949.25,0,0.0276,1.0688,0,9
2026-09-09T14:55:44.093462+00:00,dos_hulk_v1,dos_hulk_v1__run_001,impact,T1499,126,2,0.9955,0.9536,0.0,125088.77,213048.01,0.9901,630,1073,0.0535,0.1483,0.0383,0.0014,0.0424,86,25,4,6,6,2,0.5869,198.55,61.58,399.9,7077.56,7243.56,5,0.0,1.4493,0,9
2026-09-09T14:55:49.093462+00:00,dos_hulk_v1,dos_hulk_v1__run_001,impact,T1499,130,2,0.989,0.986,0.0359,232410.56,453895.84,1.0,1170,2285,0.0498,0.12,0.0393,0.0026,0.047,90,21,6,7,3,1,0.512,198.64,60.67,407.71,8891.63,9159.48,1,0.0696,1.9022,0,7
2026-09-09T14:55:54.093462+00:00,dos_hulk_v1,dos_hulk_v1__run_001,impact,T1499,128,2,0.9984,1.0,0.0,51567.38,119652.44,0.9659,256,594,0.02,0.0445,0.0424,0.0016,0.0473,83,22,1,6,0,0,0.4305,201.44,61.88,401.52,6838.53,8947.91,0,0.0252,0.3867,0,8
2026-09-09T14:55:59.093462+00:00,dos_hulk_v1,dos_hulk_v1__run_001,impact,T1499,129,2,0.9947,0.9972,0.0,226279.99,421765.63,0.959,1161,2164,0.0484,0.0744,0.0368,0.0026,0.0447,94,23,6,5,0,0,0.5363,194.9,53.05,341.48,7708.87,10418.59,0,0.0,1.6226,0,4
2026-09-09T14:56:04.093462+00:00,dos_hulk_v1,dos_hulk_v1__run_001,impact,T1499,129,2,0.9843,0.9872,0.0202,84127.44,193906.15,0.9187,387,892,0.0437,0.067,0.0403,0.0019,0.046,88,22,2,1,2,0,0.4334,217.38,67.43,426.15,8079.48,9554.71,1,0.0554,0.9959,0,13
2026-09-09T14:56:09.093462+00:00,dos_hulk_v1,dos_hulk_v1__run_001,impact,T1499,146,2,0.9988,1.0,0.0087,234029.33,416363.82,0.9324,1168,2078,0.0441,0.0604,0.0285,0.0019,0.0344,99,27,2,10,2,0,0.5619,200.37,59.91,483.17,6858.08,8424.58,1,0.0,1.4038,0,8
2026-09-09T14:56:14.093462+00:00,dos_hulk_v1,dos_hulk_v1__run_001,impact,T1499,146,2,0.9978,0.98,0.0308,147471.44,223631.35,0.9525,730,1107,0.054,0.1588,0.0392,0.0022,0.0459,102,30,0,5,1,0,0.6594,202.02,66.64,491.44,8147.67,8662.3,0,0.0,0.4291,0,7
2026-09-09T14:56:19.093462+00:00,dos_hulk_v1,dos_hulk_v1__run_001,impact,T1499,113,2,0.9904,1.0,0.0168,93914.4,144196.01,0.9748,452,694,0.0592,0.1052,0.0425,0.002,0.0485,80,21,1,7,6,0,0.6513,207.78,60.15,414.02,8435.48,6142.97,5,0.0246,0.9673,0,5
2026-09-09T14:56:24.093462+00:00,dos_hulk_v1,dos_hulk_v1__run_001,impact,T1499,134,2,0.996,1.0,0.0,243146.67,341534.38,1.0,1206,1694,0.0601,0.1378,0.0301,0.0012,0.0338,91,21,6,7,4,2,0.7117,201.61,58.41,405.8,7235.2,7508.52,2,0.004,0.8567,0,3
2026-09-09T14:56:29.093462+00:00,dos_hulk_v1,dos_hulk_v1__run_001,impact,T1499,112,2,0.9998,1.0,0.0,143989.6,273837.37,0.9371,672,1278,0.0519,0.0836,0.0347,0.001,0.0378,73,23,4,6,0,3,0.5256,214.27,65.69,426.09,8551.95,7284.27,0,0.0104,0.0,0,5
2026-09-09T14:56:34.093462+00:00,dos_hulk_v1,dos_hulk_v1__run_001,impact,T1499,124,2,0.988,0.998,0.0,97019.81,125773.66,0.9695,496,643,0.0397,0.0751,0.0391,0.0016,0.0438,87,24,1,5,3,0,0.7709,195.6,61.6,522.21,7473.02,8119.6,2,0.0,0.592,0,11
2026-09-09T14:56:39.093462+00:00,dos_hulk_v1,dos_hulk_v1__run_001,impact,T1499,113,2,0.9972,1.0,0.0,182600.06,290665.36,0.9188,904,1439,0.0541,0.096,0.0273,0.0008,0.0297,76,17,5,6,7,3,0.628,201.99,69.27,442.03,10243.83,8626.5,6,0.0,1.1683,0,4
2026-09-09T14:56:44.093462+00:00,dos_hulk_v1,dos_hulk_v1__run_001,impact,T1499,138,2,0.9816,0.9829,0.0071,162295.72,295582.05,0.9392,828,1508,0.0414,0.1051,0.0356,0.0026,0.0433,99,28,3,4,2,0,0.5488,196.01,56.88,428.2,8118.77,7996.22,1,0.0,1.5274,0,9
2026-09-09T14:56:49.093462+00:00,dos_hulk_v1,dos_hulk_v1__run_001,impact,T1499,123,2,1.0,1.0,0.0392,224570.92,313831.26,0.9573,1107,1547,0.0614,0.165,0.0468,0.0021,0.053,84,25,2,6,4,0,0.7153,202.86,65.03,457.23,6145.71,7005.87,3,0.0,0.9987,0,9
2026-09-09T14:56:54.093462+00:00,dos_hulk_v1,dos_hulk_v1__run_001,impact,T1499,121,2,0.9857,0.9413,0.0393,74983.8,163601.02,0.9495,363,792,0.0355,0.0919,0.0426,0.0024,0.0498,84,27,8,5,3,1,0.4582,206.57,59.48,436.77,8768.86,9067.74,2,0.0368,1.0079,0,6
2026-09-09T14:56:59.093462+00:00,dos_hulk_v1,dos_hulk_v1__run_001,impact,T1499,136,2,0.9923,1.0,0.0237,160541.35,290587.71,0.984,816,1477,0.0421,0.1234,0.0395,0.0011,0.0427,95,24,1,5,9,0,0.5524,196.74,50.34,339.56,9963.55,7321.8,8,0.0,1.2533,0,11
2026-09-09T14:57:04.093462+00:00,dos_hulk_v1,dos_hulk_v1__run_001,impact,T1499,139,2,0.9835,1.0,0.0,197605.8,388509.66,0.956,973,1913,0.0465,0.1384,0.0373,0.002,0.0433,99,24,0,4,8,0,0.5085,203.09,60.25,465.2,9192.85,7615.81,7,0.0375,1.705,0,17
2026-09-09T14:57:09.093462+00:00,dos_hulk_v1,dos_hulk_v1__run_001,impact,T1499,131,2,0.9929,0.9705,0.0589,131767.18,207206.41,0.9235,655,1030,0.024,0.0562,0.0319,0.0015,0.0364,94,27,0,10,1,1,0.6358,201.17,58.63,403.71,8306.99,6832.72,0,0.0442,1.0609,0,5
2026-09-09T14:57:14.093462+00:00,dos_hulk_v1,dos_hulk_v1__run_001,impact,T1499,116,2,0.9946,0.987,0.0,96915.93,173153.68,1.0,464,829,0.0356,0.055,0.0446,0.0021,0.0509,82,23,1,8,0,1,0.5593,208.87,58.52,424.91,7019.78,7409.08,0,0.0497,0.4365,0,8
2026-09-09T14:57:19.093462+00:00,dos_hulk_v1,dos_hulk_v1__run_001,impact,T1499,139,2,0.9991,1.0,0.0,135386.82,222268.15,0.9733,695,1141,0.0316,0.0597,0.0383,0.0016,0.043,95,28,0,5,5,0,0.6088,194.8,59.06,458.18,6951.62,7665.98,4,0.0206,1.3061,0,9
2026-09-09T14:57:24.093462+00:00,dos_hulk_v1,dos_hulk_v1__run_001,impact,T1499,128,2,0.9984,1.0,0.0,262707.72,406170.77,0.9099,1280,1979,0.0332,0.0929,0.0428,0.0017,0.0479,84,29,4,9,0,0,0.6465,205.24,64.03,442.46,8181.49,8940.36,0,0.024,1.0443,0,8
2026-09-09T14:57:29.093462+00:00,dos_hulk_v1,dos_hulk_v1__run_001,impact,T1499,92,2,0.9915,0.9865,0.0361,113572.73,211714.39,0.9129,552,1029,0.0511,0.1247,0.0398,0.0013,0.0437,62,16,1,1,3,0,0.5364,205.75,61.36,534.1,7133.7,7649.13,2,0.0224,0.7657,0,6
2026-09-09T14:57:34.093462+00:00,dos_hulk_v1,dos_hulk_v1__run_001,impact,T1499,127,2,0.9838,0.9917,0.0152,175282.47,273472.2,0.8482,889,1387,0.0568,0.1221,0.0442,0.0031,0.0535,88,26,3,7,2,0,0.6408,197.17,57.89,414.15,11144.41,8475.34,1,0.0185,0.7201,0,4
2026-09-09T14:57:39.093462+00:00,dos_hulk_v1,dos_hulk_v1__run_001,impact,T1499,138,2,0.9976,0.9933,0.0,133364.48,262863.32,0.9254,690,1360,0.0454,0.0734,0.0332,0.0019,0.0387,93,30,2,7,0,0,0.5072,193.28,52.31,390.22,8576.75,8335.64,0,0.025,1.3828,0,8
2026-09-09T14:57:44.093462+00:00,dos_hulk_v1,dos_hulk_v1__run_001,impact,T1499,140,2,0.9852,0.9636,0.0734,88223.68,143048.4,0.9462,420,681,0.0539,0.1315,0.0366,0.0019,0.0422,101,28,0,9,2,0,0.6165,210.06,63.83,446.46,9106.65,7477.22,1,0.0323,0.582,0,11
2026-09-09T14:57:49.093462+00:00,dos_hulk_v1,dos_hulk_v1__run_001,impact,T1499,122,2,0.9998,0.9582,0.066,103027.39,141873.79,0.8462,488,672,0.0344,0.0766,0.0358,0.0016,0.0407,85,21,5,8,3,0,0.7259,211.12,63.05,410.24,8622.13,7729.72,1,0.0,1.1776,0,9
2026-09-09T14:57:54.093462+00:00,dos_hulk_v1,dos_hulk_v1__run_001,impact,T1499,142,2,0.9964,1.0,0.0096,113412.76,154145.51,0.9348,568,772,0.0393,0.0833,0.0341,0.0022,0.0407,105,27,4,10,5,0,0.7351,199.67,60.94,369.73,8614.0,7421.2,2,0.0275,2.4513,0,9
2026-09-09T14:57:59.093462+00:00,dos_hulk_v1,dos_hulk_v1__run_001,impact,T1499,135,2,0.9952,0.9376,0.0513,26121.99,39279.73,0.8752,135,203,0.0564,0.1483,0.0346,0.0018,0.04,94,25,3,4,8,0,0.663,193.5,54.65,342.37,8860.4,7619.22,7,0.0134,0.7868,0,6
2026-09-09T14:58:04.093462+00:00,dos_hulk_v1,dos_hulk_v1__run_001,impact,T1499,128,2,0.9914,0.9992,0.0216,190915.57,293617.92,0.7911,896,1378,0.0205,0.0335,0.0376,0.0014,0.0417,88,23,3,7,0,0,0.6502,213.08,60.88,437.91,7573.95,8214.28,0,0.0352,1.0535,0,8
2026-09-09T14:58:09.093462+00:00,dos_hulk_v1,dos_hulk_v1__run_001,impact,T1499,110,2,0.994,0.993,0.0,22144.61,44490.53,0.9382,110,221,0.049,0.091,0.0446,0.0014,0.0488,79,18,6,2,3,0,0.4965,201.31,63.1,480.42,8439.98,8824.22,2,0.0,1.6767,0,7
2026-09-09T14:58:14.093462+00:00,dos_hulk_v1,dos_hulk_v1__run_001,impact,T1499,131,2,0.9949,0.9559,0.0226,135812.91,230778.27,0.9585,655,1113,0.0436,0.0667,0.0515,0.0023,0.0583,86,26,6,3,3,0,0.5883,207.35,71.52,528.1,8552.14,8955.13,1,0.0,0.5977,0,6
2026-09-09T14:58:19.093462+00:00,dos_hulk_v1,dos_hulk_v1__run_001,impact,T1499,148,2,0.9935,0.9921,0.0,149235.45,258338.67,0.9519,740,1281,0.0414,0.0694,0.0417,0.0017,0.047,107,34,0,12,2,0,0.5776,201.67,60.29,438.16,8876.94,9587.88,1,0.0,2.0601,0,3
2026-09-09T14:58:24.093462+00:00,dos_hulk_v1,dos_hulk_v1__run_001,impact,T1499,102,2,0.9774,1.0,0.0023,78319.53,95211.97,0.9621,408,496,0.0304,0.0867,0.0428,0.003,0.0517,71,19,4,7,2,3,0.8224,191.96,53.33,410.27,7828.98,6382.97,1,0.0459,1.5186,0,7
2026-09-09T14:58:29.093462+00:00,dos_hulk_v1,dos_hulk_v1__run_001,impact,T1499,123,2,0.9996,0.9953,0.0,171001.75,284804.31,0.905,861,1434,0.0275,0.0784,0.0459,0.0026,0.0537,89,26,1,10,1,0,0.6003,198.61,56.19,388.03,7574.62,9065.4,0,0.0,0.5974,0,6
2026-09-09T14:58:34.093462+00:00,dos_hulk_v1,dos_hulk_v1__run_001,impact,T1499,131,2,0.9949,0.9735,0.0289,131375.45,195558.87,0.8999,655,975,0.0532,0.0867,0.0414,0.003,0.0502,92,27,5,6,3,0,0.6711,200.57,61.12,397.56,9539.31,6353.78,2,0.0,0.7893,0,7
2026-09-09T14:58:39.093462+00:00,dos_hulk_v1,dos_hulk_v1__run_001,impact,T1499,124,2,0.988,0.956,0.0617,181007.89,252535.2,0.9763,868,1211,0.0507,0.104,0.0436,0.003,0.0525,86,28,1,7,0,0,0.7162,208.53,58.86,403.42,7123.59,6927.55,0,0.0503,1.0094,0,9
2026-09-09T14:58:44.093462+00:00,dos_hulk_v1,dos_hulk_v1__run_001,impact,T1499,137,2,0.999,0.9491,0.0781,218960.6,339428.89,0.8727,1096,1699,0.0369,0.0449,0.0334,0.002,0.0393,95,25,0,6,0,0,0.6448,199.78,64.32,397.09,8598.72,8844.09,0,0.0233,1.2659,0,4
2026-09-09T14:58:49.093462+00:00,dos_hulk_v1,dos_hulk_v1__run_001,impact,T1499,135,2,0.999,0.9813,0.0432,162999.84,207070.17,0.9956,810,1029,0.0426,0.0575,0.0342,0.0025,0.0417,94,27,4,3,7,0,0.7866,201.23,64.7,434.33,7369.22,9413.26,5,0.0181,0.4343,0,12
2026-09-09T14:58:54.093462+00:00,dos_hulk_v1,dos_hulk_v1__run_001,impact,T1499,124,2,0.968,0.9595,0.0587,254178.97,483759.97,1.0,1240,2360,0.0211,0.0513,0.0411,0.0016,0.0459,87,23,3,9,0,0,0.5252,204.98,69.82,441.31,8100.05,9293.38,0,0.0111,0.42,0,5
2026-09-09T14:58:59.093462+00:00,dos_hulk_v1,dos_hulk_v1__run_001,impact,T1499,108,2,0.9878,0.9405,0.0715,83496.79,138968.04,1.0,432,719,0.0487,0.1419,0.0329,0.0011,0.0362,72,23,3,3,0,3,0.6008,193.28,57.12,423.81,8874.2,9105.44,0,0.0085,1.2975,0,6
2026-09-09T14:59:04.093462+00:00,dos_hulk_v1,dos_hulk_v1__run_001,impact,T1499,119,2,0.9995,1.0,0.0283,247437.56,409623.53,0.9236,1190,1970,0.0213,0.0507,0.0467,0.0013,0.0505,83,20,6,3,2,0,0.6038,207.93,78.99,688.79,7544.66,6737.79,1,0.0,2.0503,0,9
2026-09-09T14:59:09.093462+00:00,dos_hulk_v1,dos_hulk_v1__run_001,impact,T1499,136,2,0.9998,1.0,0.0095,163407.44,228490.07,0.9438,816,1141,0.0403,0.0609,0.0406,0.0018,0.0459,96,32,5,8,3,0,0.7149,200.25,56.88,454.34,7787.88,8449.53,2,0.0103,0.9672,0,6
2026-09-09T14:59:14.093462+00:00,dos_hulk_v1,dos_hulk_v1__run_001,impact,T1499,136,2,1.0,1.0,0.0068,221263.46,337589.48,0.8864,1088,1660,0.0526,0.1354,0.0381,0.0019,0.0438,97,29,3,3,4,2,0.6552,203.37,60.61,410.9,9500.52,8864.59,3,0.0,0.9506,0,17
2026-09-09T14:59:19.093462+00:00,dos_hulk_v1,dos_hulk_v1__run_001,impact,T1499,134,2,0.9998,0.9156,0.0486,158030.2,243138.5,0.9662,804,1237,0.033,0.0862,0.0355,0.0018,0.0409,92,30,1,3,4,3,0.6495,196.55,55.2,359.38,6178.4,9378.31,2,0.0,1.0322,0,9
2026-09-09T14:59:24.093462+00:00,dos_hulk_v1,dos_hulk_v1__run_001,impact,T1499,114,2,0.9991,0.9967,0.0247,162403.46,277998.91,0.8814,798,1366,0.0534,0.0933,0.0438,0.0031,0.053,79,22,1,9,3,2,0.5841,203.51,61.16,376.43,8506.18,8485.47,2,0.0,1.4644,0,11
2026-09-09T14:59:29.093462+00:00,dos_hulk_v1,dos_hulk_v1__run_001,impact,T1499,131,2,0.9929,1.0,0.0016,181252.69,208924.86,0.9722,917,1057,0.0283,0.0782,0.0376,0.0023,0.0444,94,29,3,6,5,1,0.8675,197.66,58.59,369.2,7708.72,8851.29,4,0.0,0.9931,0,5
2026-09-09T14:59:34.093462+00:00,dos_hulk_v1,dos_hulk_v1__run_001,impact,T1499,140,2,0.9987,1.0,0.0,201460.39,295201.14,0.9925,980,1436,0.0524,0.1506,0.0459,0.003,0.055,94,33,2,4,7,0,0.6824,205.57,65.35,439.36,8550.88,8386.7,5,0.0,0.1628,0,5
2026-09-09T14:59:39.093462+00:00,dos_hulk_v1,dos_hulk_v1__run_001,impact,T1499,109,2,0.997,0.9967,0.0,85501.54,162374.48,0.8823,436,828,0.0238,0.0434,0.0381,0.0015,0.0427,73,21,0,5,2,0,0.526,196.1,55.38,354.84,8152.91,6626.85,1,0.0,0.9677,0,3
2026-09-09T14:59:44.093462+00:00,dos_hulk_v1,dos_hulk_v1__run_001,impact,T1499,118,2,0.9998,1.0,0.0,94970.24,145875.9,0.9648,472,725,0.0554,0.1335,0.0454,0.0023,0.0524,82,20,4,4,3,0,0.6504,201.21,58.9,395.8,6956.19,8437.26,2,0.0,1.0369,0,8
2026-09-09T14:59:49.093462+00:00,dos_hulk_v1,dos_hulk_v1__run_001,impact,T1499,125,2,0.9977,0.9532,0.0626,149642.08,224463.12,1.0,750,1125,0.0458,0.1187,0.0315,0.0016,0.0362,90,27,6,9,3,1,0.6662,199.52,52.35,377.09,6908.05,8735.63,1,0.0156,1.2923,0,1
2026-09-09T14:59:54.093462+00:00,dos_hulk_v1,dos_hulk_v1__run_001,impact,T1499,133,2,1.0,0.9444,0.0524,271855.73,450094.98,0.8523,1330,2202,0.0395,0.0489,0.0317,0.0024,0.0388,92,23,1,8,4,0,0.6038,204.4,59.14,378.73,8292.33,9464.1,3,0.0143,1.7864,0,10
2026-09-09T14:59:59.093462+00:00,dos_hulk_v1,dos_hulk_v1__run_001,impact,T1499,102,2,0.99,1.0,0.0,179993.27,282342.39,0.9085,918,1440,0.0504,0.126,0.0443,0.0018,0.0496,72,20,4,5,4,0,0.6373,196.07,57.43,348.9,8276.96,8935.04,3,0.0073,0.8683,0,4
2026-09-09T15:00:04.093462+00:00,dos_hulk_v1,dos_hulk_v1__run_001,impact,T1499,122,2,0.9998,1.0,0.0101,75222.03,153937.99,0.906,366,749,0.0415,0.0583,0.039,0.0025,0.0466,87,24,0,3,4,0,0.4883,205.52,57.25,372.68,10227.96,9056.29,2,0.0,1.3155,0,3
2026-09-09T15:00:09.093462+00:00,dos_hulk_v1,dos_hulk_v1__run_001,impact,T1499,123,2,0.9977,1.0,0.0,97371.94,161692.84,0.9933,492,817,0.0431,0.0903,0.0361,0.0019,0.0419,83,27,3,3,8,1,0.602,197.91,52.96,350.5,8738.18,9796.8,5,0.0114,1.6332,0,8
2026-09-09T15:00:14.093462+00:00,dos_hulk_v1,dos_hulk_v1__run_001,impact,T1499,104,2,0.9976,0.9934,0.0235,167686.3,271079.41,0.8953,832,1345,0.0485,0.1395,0.0378,0.0014,0.0419,71,21,6,5,3,4,0.6185,201.55,52.5,391.95,8192.98,10309.88,1,0.0194,0.7222,0,4
2026-09-09T15:00:19.093462+00:00,dos_hulk_v1,dos_hulk_v1__run_001,impact,T1499,138,2,0.9998,1.0,0.0,166674.72,309394.99,0.9786,828,1537,0.0484,0.0762,0.0404,0.0018,0.0458,97,29,4,5,2,2,0.5384,201.3,67.44,428.18,8287.39,8991.17,1,0.0,0.2941,0,7
2026-09-09T15:00:24.093462+00:00,dos_hulk_v1,dos_hulk_v1__run_001,impact,T1499,113,2,0.9986,0.9973,0.0,227965.52,314108.25,0.8528,1130,1557,0.0234,0.0478,0.0351,0.002,0.0412,77,21,4,5,0,0,0.7256,201.74,55.12,366.05,8577.9,9860.48,0,0.0272,1.8325,0,7
2026-09-09T15:00:29.093462+00:00,dos_hulk_v1,dos_hulk_v1__run_001,impact,T1499,120,2,0.9837,1.0,0.0068,181990.25,322816.03,0.8473,840,1490,0.0238,0.0352,0.0365,0.0026,0.0442,80,26,4,7,0,1,0.5637,216.66,63.51,385.11,8753.91,7851.63,0,0.011,0.9001,0,9
2026-09-09T15:00:34.093462+00:00,dos_hulk_v1,dos_hulk_v1__run_001,impact,T1499,143,2,1.0,0.9583,0.0552,262826.33,388215.11,0.9069,1287,1901,0.046,0.1267,0.0329,0.0012,0.0367,99,27,4,7,3,4,0.6768,204.22,63.91,449.61,9452.46,7920.3,2,0.0,1.9557,0,5
2026-09-09T15:00:39.093462+00:00,dos_hulk_v1,dos_hulk_v1__run_001,impact,T1499,105,2,0.9999,1.0,0.0,189842.86,284663.85,0.8798,945,1417,0.0327,0.0887,0.0404,0.0012,0.0441,74,21,0,5,3,0,0.6669,200.89,60.87,370.64,7948.49,8986.69,2,0.0032,0.0802,0,8
2026-09-09T15:00:44.093462+00:00,dos_hulk_v1,dos_hulk_v1__run_001,impact,T1499,109,2,0.9951,0.9653,0.03,177249.68,316284.98,0.9164,872,1556,0.0329,0.0534,0.0498,0.0035,0.0604,75,26,4,5,3,0,0.5602,203.27,60.33,509.04,7890.24,7381.54,2,0.0198,2.6188,0,2
2026-09-09T15:00:49.093462+00:00,dos_hulk_v1,dos_hulk_v1__run_001,impact,T1499,134,2,0.996,1.0,0.0,213849.35,308804.84,0.9249,1072,1548,0.0585,0.0765,0.0421,0.0028,0.0506,94,24,5,4,4,1,0.6922,199.49,53.19,373.72,8902.29,7499.1,3,0.0,1.6768,0,8
2026-09-09T15:00:54.093462+00:00,dos_hulk_v1,dos_hulk_v1__run_001,impact,T1499,116,2,0.9981,1.0,0.0123,181640.17,394597.61,0.9528,928,2016,0.0538,0.1521,0.0459,0.0023,0.0529,78,21,2,6,5,0,0.4602,195.73,55.89,368.69,9526.83,9729.63,3,0.0,1.8148,0,3
2026-09-09T15:00:59.093462+00:00,dos_hulk_v1,dos_hulk_v1__run_001,impact,T1499,122,2,0.9983,0.9442,0.0341,100885.99,149261.65,0.907,488,722,0.028,0.0547,0.037,0.0011,0.0403,88,20,4,3,1,0,0.6753,206.73,64.64,426.85,9098.73,8717.32,0,0.0,1.7355,0,11
2026-09-09T15:01:04.093462+00:00,dos_hulk_v1,dos_hulk_v1__run_001,impact,T1499,139,2,0.9937,0.9725,0.0014,85597.4,103455.85,0.988,417,504,0.051,0.113,0.0344,0.0016,0.0393,98,30,0,5,3,8,0.8262,205.27,63.11,446.68,7621.29,9391.03,1,0.0254,1.143,0,6
2026-09-09T15:01:09.093462+00:00,dos_hulk_v1,dos_hulk_v1__run_001,impact,T1499,114,2,0.992,0.9943,0.0133,180959.5,351799.55,0.9954,912,1773,0.0308,0.0909,0.0406,0.002,0.0466,75,20,0,9,4,1,0.5143,198.42,54.02,320.84,8653.33,6902.84,3,0.0232,1.3004,0,15
2026-09-09T15:01:14.093462+00:00,dos_hulk_v1,dos_hulk_v1__run_001,impact,T1499,115,2,0.9908,1.0,0.012,69771.74,118713.08,0.9701,345,587,0.0528,0.1081,0.0419,0.0022,0.0484,80,25,1,12,0,0,0.5877,202.24,59.62,371.01,9738.85,8463.96,0,0.0,0.6391,0,7
2026-09-09T15:01:19.093462+00:00,dos_hulk_v1,dos_hulk_v1__run_001,impact,T1499,126,2,0.9883,0.974,0.0501,103891.33,159959.66,0.9322,504,776,0.0478,0.1364,0.0441,0.0017,0.0492,86,30,3,2,2,0,0.6494,206.13,61.72,415.66,8175.4,7859.78,1,0.0,1.4941,0,8
2026-09-09T15:01:24.093462+00:00,dos_hulk_v1,dos_hulk_v1__run_001,impact,T1499,131,2,1.0,1.0,0.026,102328.25,152515.96,0.9032,524,781,0.0581,0.1385,0.036,0.0024,0.0433,86,26,1,4,5,0,0.6709,195.28,55.88,367.46,8732.18,7780.76,2,0.0388,1.8384,0,9
2026-09-09T15:01:29.093462+00:00,dos_hulk_v1,dos_hulk_v1__run_001,impact,T1499,136,2,1.0,0.9598,0.0383,111450.42,154473.56,0.9836,544,754,0.0422,0.0531,0.0369,0.0015,0.0413,97,22,1,5,0,0,0.7212,204.87,62.03,487.52,8805.49,7461.7,0,0.0272,0.5278,0,12
2026-09-09T15:01:34.093462+00:00,dos_hulk_v1,dos_hulk_v1__run_001,impact,T1499,134,2,0.9986,0.9868,0.02,129920.07,182082.0,0.9465,670,939,0.0357,0.049,0.045,0.0026,0.0528,97,26,6,9,9,0,0.7133,193.91,49.46,310.01,6624.26,8853.17,7,0.0569,1.5848,0,11
2026-09-09T15:01:39.093462+00:00,dos_hulk_v1,dos_hulk_v1__run_001,impact,T1499,126,2,0.9852,1.0,0.0,98741.38,119900.24,0.9492,504,612,0.0371,0.0504,0.0392,0.0028,0.0476,92,24,5,5,0,1,0.8233,195.92,57.28,365.4,7129.17,10012.15,0,0.0173,0.6327,0,9
2026-09-09T15:01:44.093462+00:00,dos_hulk_v1,dos_hulk_v1__run_001,impact,T1499,113,2,0.9836,1.0,0.0,137171.39,206364.04,1.0,678,1020,0.0383,0.0636,0.0365,0.0022,0.0431,79,22,5,5,5,0,0.6644,202.32,59.38,406.72,8420.17,8251.44,4,0.0021,0.5984,0,2
2026-09-09T15:01:49.093462+00:00,dos_hulk_v1,dos_hulk_v1__run_001,impact,T1499,131,2,0.9996,0.9943,0.0115,80670.68,169346.84,0.9595,393,825,0.0451,0.1294,0.0398,0.0029,0.0486,94,30,0,13,3,1,0.4758,205.27,60.5,444.28,8047.07,9497.93,2,0.0,0.4913,0,3
2026-09-09T15:01:54.093462+00:00,dos_hulk_v1,dos_hulk_v1__run_001,impact,T1499,113,2,0.9932,1.0,0.0126,309121.5,502957.48,0.8749,1582,2574,0.0486,0.1439,0.0412,0.0021,0.0474,79,22,0,8,1,0,0.6144,195.4,55.95,365.1,8723.25,9628.84,0,0.0316,2.0079,0,3
2026-09-09T15:01:59.093462+00:00,dos_hulk_v1,dos_hulk_v1__run_001,impact,T1499,111,2,0.9985,0.9793,0.0438,112099.03,319128.77,0.9606,555,1580,0.0357,0.0655,0.0374,0.0014,0.0417,76,18,2,0,3,0,0.3512,201.98,59.79,346.6,10298.35,9902.13,1,0.0,0.8127,0,5
2026-09-09T15:02:04.093462+00:00,dos_hulk_v1,dos_hulk_v1__run_001,impact,T1499,102,2,0.9864,1.0,0.0227,128082.75,237120.51,1.0,612,1133,0.0441,0.1186,0.0359,0.0012,0.0395,72,21,2,6,2,1,0.5397,209.29,66.41,479.19,8488.1,7543.97,1,0.037,0.2905,0,6
2026-09-09T15:02:09.093462+00:00,dos_hulk_v1,dos_hulk_v1__run_001,impact,T1499,112,2,0.9963,1.0,0.0,91808.63,140991.83,0.8621,448,688,0.061,0.1242,0.0438,0.0029,0.0524,76,21,0,3,2,0,0.6511,204.93,59.34,419.9,8276.14,8270.93,1,0.0,1.0663,0,7
2026-09-09T15:02:14.093462+00:00,dos_hulk_v1,dos_hulk_v1__run_001,impact,T1499,130,2,0.9861,0.9948,0.0,180656.19,361113.86,1.0,910,1819,0.0321,0.0851,0.0384,0.0011,0.0415,90,33,3,2,5,0,0.5001,198.52,57.72,367.81,7337.01,9819.93,3,0.0426,1.0694,0,12
2026-09-09T15:02:19.093462+00:00,dos_hulk_v1,dos_hulk_v1__run_001,impact,T1499,159,2,0.9648,1.0,0.0,219645.18,395282.38,0.9618,1113,2003,0.0462,0.0928,0.0342,0.0011,0.0374,114,28,3,2,7,0,0.5556,197.35,61.95,417.67,6820.5,9944.92,5,0.0,0.6724,0,15
2026-09-09T15:02:24.093462+00:00,dos_hulk_v1,dos_hulk_v1__run_001,impact,T1499,146,2,0.9966,1.0,0.0,147390.26,262677.71,0.9442,730,1301,0.058,0.1527,0.0365,0.0015,0.0411,104,31,0,7,6,5,0.5607,201.9,53.84,338.2,6237.96,7293.13,3,0.0833,0.7786,0,9
2026-09-09T15:02:29.093462+00:00,dos_hulk_v1,dos_hulk_v1__run_001,impact,T1499,106,2,0.9491,1.0,0.0279,225747.57,431553.46,0.9805,1166,2229,0.041,0.1215,0.044,0.0027,0.052,71,20,3,4,1,1,0.5231,193.61,60.37,457.56,8825.93,10029.41,0,0.0406,0.4589,0,4
2026-09-09T15:02:34.093462+00:00,dos_hulk_v1,dos_hulk_v1__run_001,impact,T1499,136,2,0.9986,1.0,0.0194,304670.88,506698.63,0.9536,1496,2488,0.0391,0.0532,0.0338,0.0015,0.0383,93,26,0,6,5,0,0.6013,203.66,71.8,443.41,8626.54,9619.7,4,0.0124,0.7049,0,6
2026-09-09T15:02:39.093462+00:00,dos_hulk_v1,dos_hulk_v1__run_001,impact,T1499,114,2,0.9944,1.0,0.0126,110925.5,230024.45,1.0,570,1182,0.0348,0.0957,0.0405,0.0027,0.0485,78,26,4,5,0,0,0.4822,194.61,58.96,395.09,7857.91,8048.37,0,0.0712,1.7947,0,11
2026-09-09T15:02:44.093462+00:00,dos_hulk_v1,dos_hulk_v1__run_001,impact,T1499,119,2,0.9959,1.0,0.0381,119523.65,232619.13,0.8688,595,1158,0.0416,0.0887,0.0371,0.0025,0.0447,87,23,3,6,4,2,0.5134,200.88,60.72,376.15,7772.06,7925.93,2,0.0418,1.3323,0,10
2026-09-09T15:02:49.093462+00:00,dos_hulk_v1,dos_hulk_v1__run_001,impact,T1499,108,2,0.999,0.9863,0.0,181197.8,343753.85,0.9216,972,1844,0.023,0.0468,0.0354,0.0019,0.0413,76,21,0,5,4,0,0.527,186.42,54.37,362.02,8732.02,8056.82,3,0.021,1.6789,0,5
2026-09-09T15:02:54.093462+00:00,dos_hulk_v1,dos_hulk_v1__run_001,impact,T1499,116,2,0.9991,1.0,0.0,201669.44,262711.15,1.0,1044,1360,0.0444,0.1224,0.0393,0.0014,0.0435,79,26,0,7,5,0,0.7671,193.17,48.24,372.69,8005.87,5824.9,2,0.0444,0.9541,0,7
2026-09-09T15:02:59.093462+00:00,dos_hulk_v1,dos_hulk_v1__run_001,impact,T1499,142,2,0.9964,1.0,0.0343,85787.27,156068.39,1.0,426,775,0.057,0.1349,0.0362,0.0027,0.0442,97,27,4,8,5,0,0.5495,201.38,61.88,449.26,6838.93,7925.14,4,0.0,1.0798,0,9
2026-09-09T15:03:04.093462+00:00,dos_hulk_v1,dos_hulk_v1__run_001,impact,T1499,105,2,0.9968,0.9414,0.0748,217597.65,444728.14,0.9483,1050,2146,0.0448,0.121,0.0374,0.0014,0.0416,67,24,3,2,2,0,0.4893,207.24,68.63,481.59,7602.11,8485.56,1,0.0147,1.0423,0,6
2026-09-09T15:03:09.093462+00:00,dos_hulk_v1,dos_hulk_v1__run_001,impact,T1499,121,2,0.996,1.0,0.0,72007.62,114260.03,0.9175,363,576,0.0386,0.079,0.0326,0.0011,0.0359,84,22,2,4,5,5,0.6299,198.37,57.48,373.7,7665.98,9202.49,4,0.0448,1.3701,0,8
2026-09-09T15:03:14.093462+00:00,dos_hulk_v1,dos_hulk_v1__run_001,impact,T1499,128,2,0.9998,0.9948,0.0153,178537.8,295304.7,0.9418,896,1482,0.0396,0.1177,0.0397,0.0023,0.0466,87,26,0,2,0,0,0.6042,199.26,60.37,422.25,8371.12,11082.75,0,0.0171,0.6509,0,7
2026-09-09T15:03:19.093462+00:00,dos_hulk_v1,dos_hulk_v1__run_001,impact,T1499,145,2,0.9923,0.9603,0.0336,118229.22,276207.91,0.958,580,1355,0.0475,0.1197,0.0397,0.0014,0.044,102,28,3,1,4,3,0.4279,203.84,63.76,452.72,8640.44,8810.69,3,0.0,1.1102,0,10
2026-09-09T15:03:24.093462+00:00,dos_hulk_v1,dos_hulk_v1__run_001,impact,T1499,147,2,0.979,0.9277,0.0863,115166.43,162564.86,0.9725,588,830,0.0482,0.0705,0.039,0.0026,0.0466,104,26,6,9,8,0,0.7084,195.86,58.99,441.76,8488.5,8328.93,7,0.004,1.0348,0,7
2026-09-09T15:03:29.093462+00:00,dos_hulk_v1,dos_hulk_v1__run_001,impact,T1499,107,2,0.9994,0.9762,0.015,86232.17,124915.76,0.9641,428,620,0.0386,0.1143,0.0452,0.0015,0.0497,75,22,8,3,3,0,0.6893,201.48,65.43,450.58,8908.55,9733.45,2,0.0341,0.3583,0,8
2026-09-09T15:03:34.093462+00:00,dos_hulk_v1,dos_hulk_v1__run_001,impact,T1499,108,2,0.9978,0.9916,0.0,68764.95,109090.07,0.9768,324,514,0.0338,0.051,0.0439,0.0025,0.0514,75,19,1,9,5,4,0.6292,212.24,68.43,475.72,7872.57,7924.15,3,0.052,1.556,0,7
2026-09-09T15:03:39.093462+00:00,dos_hulk_v1,dos_hulk_v1__run_001,impact,T1499,111,2,0.9929,1.0,0.0212,22289.76,31125.34,0.9307,111,155,0.0548,0.1243,0.0423,0.0016,0.0472,76,21,2,9,0,0,0.7131,200.81,63.09,372.82,9276.21,7514.08,0,0.0063,1.3134,0,8
2026-09-09T15:03:44.093462+00:00,dos_hulk_v1,dos_hulk_v1__run_001,impact,T1499,116,2,0.9981,0.974,0.0262,160085.37,333182.61,1.0,812,1690,0.0204,0.0438,0.039,0.0018,0.0443,84,26,4,11,2,1,0.4804,197.15,60.45,381.66,7476.54,8959.11,1,0.0009,0.4555,0,3
2026-09-09T15:03:49.093462+00:00,dos_hulk_v1,dos_hulk_v1__run_001,impact,T1499,131,2,0.9949,1.0,0.0,266410.23,381719.09,0.9702,1310,1877,0.0315,0.0884,0.0379,0.0018,0.0433,90,26,1,7,9,0,0.6977,203.37,54.95,369.44,9491.63,9976.92,4,0.0,1.256,0,9
2026-09-09T15:03:54.093462+00:00,dos_hulk_v1,dos_hulk_v1__run_001,impact,T1499,125,2,1.0,1.0,0.0,126888.98,227385.06,0.9435,625,1120,0.0313,0.0448,0.0343,0.0015,0.0386,91,22,2,6,0,0,0.5579,203.02,56.89,373.93,10939.35,10005.76,0,0.0432,0.5405,0,5
2026-09-09T15:03:59.093462+00:00,dos_hulk_v1,dos_hulk_v1__run_001,impact,T1499,139,2,0.9955,1.0,0.0042,108488.29,221464.4,0.9214,556,1135,0.0409,0.1109,0.0422,0.0027,0.0502,93,27,0,11,6,2,0.4897,195.12,54.76,341.03,10172.08,9278.75,5,0.0632,0.9469,0,8
2026-09-09T15:04:04.093462+00:00,dos_hulk_v1,dos_hulk_v1__run_001,impact,T1499,119,2,0.9987,0.9743,0.0065,95785.52,136635.23,0.9602,476,679,0.0451,0.0605,0.0389,0.0016,0.0438,81,25,5,3,6,1,0.701,201.23,66.24,394.18,8966.46,7869.07,4,0.058,1.026,0,8
2026-09-09T15:04:09.093462+00:00,dos_hulk_v1,dos_hulk_v1__run_001,impact,T1499,116,2,0.9862,0.9947,0.0095,301695.1,461745.54,0.9265,1508,2308,0.0485,0.103,0.0324,0.0012,0.036,80,22,2,5,2,0,0.6532,200.06,56.79,424.19,8337.07,8246.13,1,0.0,0.2509,0,4
2026-09-09T15:04:14.093462+00:00,dos_hulk_v1,dos_hulk_v1__run_001,impact,T1499,128,2,0.9914,0.9843,0.0389,120648.96,188136.97,0.9119,640,998,0.0455,0.0759,0.0398,0.0012,0.0434,89,22,3,7,3,0,0.6411,188.51,55.16,381.49,8600.67,8859.05,2,0.0,0.4393,0,5
2026-09-09T15:04:19.093462+00:00,dos_hulk_v1,dos_hulk_v1__run_001,impact,T1499,128,2,0.9972,1.0,0.0,150154.67,193558.76,0.9643,768,990,0.0504,0.1508,0.0437,0.0031,0.0531,89,25,0,4,0,1,0.775,195.51,58.43,431.3,6834.92,6897.05,0,0.0,0.2693,0,6
2026-09-09T15:04:24.093462+00:00,dos_hulk_v1,dos_hulk_v1__run_001,impact,T1499,119,2,0.9729,1.0,0.0173,142919.77,218983.51,0.9535,714,1094,0.0565,0.0895,0.0434,0.0011,0.0467,87,23,0,6,2,2,0.6524,200.17,59.75,398.82,8903.77,9453.15,1,0.0809,0.8088,0,8
2026-09-09T15:04:29.093462+00:00,dos_hulk_v1,dos_hulk_v1__run_001,impact,T1499,112,2,0.9998,0.9984,0.0122,174156.42,349479.07,0.9031,896,1798,0.0556,0.127,0.0418,0.0018,0.0473,76,21,5,0,2,0,0.4982,194.37,59.9,419.91,8410.65,8438.59,1,0.0098,0.0089,0,7
2026-09-09T15:04:34.093462+00:00,dos_hulk_v1,dos_hulk_v1__run_001,impact,T1499,138,2,0.9998,1.0,0.0251,223167.37,328484.58,0.9535,1104,1625,0.0359,0.1036,0.0432,0.0015,0.0478,99,22,6,2,3,2,0.6792,202.14,62.84,406.06,7904.53,9240.2,2,0.0239,0.5412,0,13
2026-09-09T15:04:39.093462+00:00,dos_hulk_v1,dos_hulk_v1__run_001,impact,T1499,134,2,0.9839,0.9861,0.0547,103749.12,154849.43,0.9084,536,800,0.0311,0.0738,0.0392,0.0019,0.0448,93,27,7,7,4,0,0.6694,193.56,59.68,417.07,9967.27,6591.35,2,0.0,1.5735,0,3
2026-09-09T15:04:44.093462+00:00,dos_hulk_v1,dos_hulk_v1__run_001,impact,T1499,139,2,0.9997,1.0,0.0,112294.44,177530.24,0.8829,556,879,0.0404,0.1018,0.0369,0.0026,0.0446,93,27,0,5,8,0,0.6321,201.97,59.91,417.75,8142.79,8491.27,4,0.0,1.7146,0,5
2026-09-09T15:04:49.093462+00:00,dos_hulk_v1,dos_hulk_v1__run_001,impact,T1499,128,2,0.9786,1.0,0.0217,51744.43,86308.09,0.9415,256,427,0.03,0.0519,0.0474,0.0034,0.0575,86,25,0,2,0,0,0.5982,202.13,62.41,460.78,6343.31,8357.76,0,0.0787,0.3312,0,7
2026-09-09T15:04:54.093462+00:00,dos_hulk_v1,dos_hulk_v1__run_001,impact,T1499,105,2,0.9984,0.9945,0.0495,84702.61,145406.15,0.8928,420,721,0.0457,0.0833,0.045,0.0026,0.0529,74,19,1,4,3,2,0.5824,201.67,53.78,337.24,9138.32,9115.93,2,0.0292,1.138,0,6
2026-09-09T15:04:59.093462+00:00,dos_hulk_v1,dos_hulk_v1__run_001,impact,T1499,120,2,0.9871,1.0,0.0,186726.23,382010.75,0.9927,960,1964,0.0469,0.1109,0.0333,0.0015,0.0379,82,25,0,2,0,0,0.4886,194.51,56.25,357.9,7817.15,8015.81,0,0.0,0.4605,0,9
2026-09-09T15:05:04.093462+00:00,dos_hulk_v1,dos_hulk_v1__run_001,impact,T1499,126,2,0.9955,0.9447,0.0517,98718.18,170602.25,0.8869,504,871,0.0503,0.0831,0.0377,0.0012,0.0414,81,27,0,0,4,0,0.578,195.87,54.12,342.17,9372.48,7847.48,3,0.0255,0.2759,0,7
2026-09-09T15:05:09.093462+00:00,dos_hulk_v1,dos_hulk_v1__run_001,impact,T1499,122,2,0.9983,1.0,0.0016,46620.28,101456.43,0.9308,244,531,0.0551,0.1413,0.0327,0.0009,0.0353,86,20,1,8,5,2,0.4592,191.07,55.64,407.89,10270.54,8039.9,3,0.0232,1.1877,0,6
2026-09-09T15:05:14.093462+00:00,dos_hulk_v1,dos_hulk_v1__run_001,impact,T1499,120,2,0.9968,0.9787,0.0263,122295.95,217279.14,1.0,600,1066,0.0262,0.0543,0.0375,0.0025,0.045,85,23,2,4,0,0,0.5627,203.83,54.76,376.68,7774.93,7968.55,0,0.0428,0.794,0,6
2026-09-09T15:05:19.093462+00:00,dos_hulk_v1,dos_hulk_v1__run_001,impact,T1499,144,2,0.9799,0.9845,0.0,206136.58,442743.74,0.9426,1008,2165,0.0412,0.0753,0.0346,0.0014,0.0389,100,30,7,10,5,1,0.4654,204.5,58.78,380.19,7687.13,8799.92,3,0.0379,0.954,0,7
2026-09-09T15:05:24.093462+00:00,dos_hulk_v1,dos_hulk_v1__run_001,impact,T1499,117,2,0.9719,0.9994,0.0012,111388.52,173461.43,0.9057,585,911,0.0225,0.0353,0.0419,0.0026,0.0498,84,26,4,8,5,2,0.642,190.41,53.28,389.97,8947.0,7698.39,3,0.035,0.5597,0,8
2026-09-09T15:05:29.093462+00:00,dos_hulk_v1,dos_hulk_v1__run_001,impact,T1499,129,2,0.9927,1.0,0.0469,256794.68,516177.21,0.9009,1290,2593,0.037,0.0566,0.0407,0.0028,0.0491,92,22,5,7,3,0,0.4975,199.07,56.34,349.94,8543.87,8377.15,1,0.0,0.1831,0,5
2026-09-09T15:05:34.093462+00:00,dos_hulk_v1,dos_hulk_v1__run_001,impact,T1499,138,2,0.9976,1.0,0.0417,175328.03,283743.42,0.9647,828,1340,0.0532,0.1049,0.0374,0.0024,0.0446,98,26,2,1,3,1,0.6176,211.75,67.47,449.79,8524.72,6089.17,2,0.0036,0.181,0,11
2026-09-09T15:05:39.093462+00:00,dos_hulk_v1,dos_hulk_v1__run_001,impact,T1499,117,2,0.9999,0.9301,0.0461,46516.15,84882.03,1.0,234,427,0.0377,0.0959,0.039,0.0028,0.0474,84,25,0,4,1,0,0.5475,198.79,64.64,443.91,7828.01,9151.14,0,0.002,0.4299,0,5
2026-09-09T15:05:44.093462+00:00,dos_hulk_v1,dos_hulk_v1__run_001,impact,T1499,141,2,0.9982,1.0,0.0,111248.88,212438.02,1.0,564,1077,0.0475,0.1325,0.0358,0.0016,0.0407,100,27,2,9,2,1,0.5236,197.25,55.92,440.42,8953.72,7277.22,1,0.0209,1.1684,0,5
2026-09-09T15:05:49.093462+00:00,dos_hulk_v1,dos_hulk_v1__run_001,impact,T1499,113,2,0.9954,0.9878,0.022,181852.95,247231.5,0.9887,904,1229,0.0232,0.0309,0.0431,0.0021,0.0495,81,18,5,3,5,0,0.7351,201.16,56.29,402.11,9251.37,7353.67,3,0.0,0.857,0,4
2026-09-09T15:05:54.093462+00:00,dos_hulk_v1,dos_hulk_v1__run_001,impact,T1499,130,2,0.9985,1.0,0.0008,157759.96,258281.37,0.9522,780,1277,0.0313,0.0612,0.0375,0.0028,0.0458,87,28,5,5,5,0,0.6107,202.26,67.08,432.9,9329.7,8017.8,3,0.0,0.7901,0,8
2026-09-09T15:05:59.093462+00:00,dos_hulk_v1,dos_hulk_v1__run_001,impact,T1499,141,2,0.9918,1.0,0.0,142650.23,280444.28,1.0,705,1386,0.0317,0.0467,0.0473,0.0023,0.0543,102,35,2,9,7,0,0.5085,202.34,59.45,426.97,8327.8,8503.57,4,0.0132,0.994,0,11
2026-09-09T15:06:04.093462+00:00,dos_hulk_v1,dos_hulk_v1__run_001,impact,T1499,130,2,0.9993,1.0,0.0,77453.26,122733.63,0.9978,390,618,0.0355,0.0777,0.0322,0.0019,0.0378,95,27,4,9,6,0,0.6302,198.6,53.8,389.0,7315.01,8746.24,4,0.0189,0.9079,0,12
2026-09-09T15:06:09.093462+00:00,dos_hulk_v1,dos_hulk_v1__run_001,impact,T1499,130,2,0.9998,1.0,0.0504,124834.41,235841.0,0.9412,650,1228,0.0563,0.0975,0.0441,0.0024,0.0512,88,26,6,2,4,0,0.529,192.05,54.59,366.88,10096.72,8392.77,3,0.0224,1.2678,0,9
2026-09-09T15:06:14.093462+00:00,dos_hulk_v1,dos_hulk_v1__run_001,impact,T1499,128,2,0.9937,1.0,0.0226,162924.36,310998.84,0.9173,768,1466,0.0486,0.0881,0.0452,0.0029,0.0539,84,29,2,8,2,1,0.5237,212.14,68.1,583.06,9253.13,7600.92,1,0.0,1.0574,0,9
2026-09-09T15:06:19.093462+00:00,dos_hulk_v1,dos_hulk_v1__run_001,impact,T1499,114,2,0.9998,0.9816,0.0269,158927.11,239585.6,1.0,798,1203,0.0548,0.0819,0.032,0.0014,0.0361,77,19,1,5,0,0,0.6629,199.16,57.47,388.82,8878.69,7195.33,0,0.0,0.7928,0,7
2026-09-09T15:06:24.093462+00:00,dos_hulk_v1,dos_hulk_v1__run_001,impact,T1499,127,2,0.9989,1.0,0.0,51676.74,75480.59,0.935,254,371,0.0542,0.0861,0.0329,0.0024,0.04,88,22,0,5,4,0,0.6843,203.45,58.37,375.58,7691.83,8193.09,2,0.0177,1.3152,0,9
2026-09-09T15:06:29.093462+00:00,dos_hulk_v1,dos_hulk_v1__run_001,impact,T1499,123,2,0.9892,1.0,0.0119,123726.07,245842.69,0.9401,615,1222,0.0603,0.1448,0.0426,0.002,0.0485,87,23,0,3,1,0,0.5031,201.18,60.06,387.79,7293.43,7890.84,0,0.0,1.4992,0,11
2026-09-09T15:06:34.093462+00:00,dos_hulk_v1,dos_hulk_v1__run_001,impact,T1499,127,2,0.9924,0.9943,0.0087,52589.24,105178.49,1.0,254,508,0.0207,0.0598,0.0418,0.0031,0.0512,88,22,3,9,2,0,0.4995,207.04,55.7,348.61,8232.79,7466.21,1,0.0584,0.2958,0,9
2026-09-09T15:06:39.093462+00:00,dos_hulk_v1,dos_hulk_v1__run_001,impact,T1499,135,2,1.0,0.9843,0.0164,52395.19,97998.41,1.0,270,505,0.0415,0.1008,0.0362,0.0019,0.0419,94,26,0,4,4,0,0.5339,194.06,53.59,346.98,6486.52,8237.53,2,0.035,0.8103,0,6
2026-09-09T15:06:44.093462+00:00,dos_hulk_v1,dos_hulk_v1__run_001,impact,T1499,135,2,0.9996,1.0,0.0,185795.45,295503.24,0.9114,945,1503,0.0523,0.1241,0.0393,0.0017,0.0445,96,31,0,11,3,0,0.6286,196.61,55.51,379.05,9209.7,8784.29,2,0.0,0.4452,0,11
2026-09-09T15:06:49.093462+00:00,dos_hulk_v1,dos_hulk_v1__run_001,impact,T1499,109,2,0.9863,0.9852,0.0124,84220.38,157430.3,0.9627,436,815,0.0361,0.0705,0.0405,0.0022,0.0472,73,27,3,4,3,0,0.5346,193.17,55.23,348.31,7809.84,10343.48,2,0.0,1.401,0,4
2026-09-09T15:06:54.093462+00:00,dos_hulk_v1,dos_hulk_v1__run_001,impact,T1499,120,2,0.9992,0.9708,0.0447,170727.36,259546.24,0.866,840,1277,0.0438,0.0823,0.0413,0.0012,0.0449,86,25,3,7,2,0,0.6573,203.25,58.11,354.61,8385.55,7864.06,1,0.0205,0.3832,0,8
2026-09-09T15:06:59.093462+00:00,dos_hulk_v1,dos_hulk_v1__run_001,impact,T1499,125,2,0.9977,0.985,0.0169,150110.07,253185.65,0.9119,750,1265,0.0331,0.0613,0.0434,0.0029,0.0521,90,22,6,3,6,3,0.5925,200.15,53.86,386.9,10230.72,9316.98,4,0.0363,0.6236,0,11
2026-09-09T15:07:04.093462+00:00,dos_hulk_v1,dos_hulk_v1__run_001,impact,T1499,138,2,0.9986,0.994,0.007,200715.29,348238.95,1.0,966,1676,0.0224,0.047,0.0392,0.0024,0.0465,93,29,0,3,3,0,0.5763,207.78,68.48,502.71,8606.75,6546.92,2,0.0,1.055,0,7
2026-09-09T15:07:09.093462+00:00,dos_hulk_v1,dos_hulk_v1__run_001,impact,T1499,127,2,1.0,1.0,0.0005,148322.07,254210.79,0.8752,762,1306,0.0276,0.0723,0.0392,0.0026,0.047,92,24,3,2,11,0,0.5831,194.65,59.99,459.03,7476.87,7854.31,9,0.0405,0.4542,0,9
2026-09-09T15:07:14.093462+00:00,dos_hulk_v1,dos_hulk_v1__run_001,impact,T1499,132,2,0.9959,1.0,0.0,182872.94,294100.85,1.0,924,1486,0.0386,0.07,0.0352,0.0014,0.0394,92,30,0,5,4,0,0.6216,197.91,54.12,402.25,6707.69,9398.94,2,0.0137,1.1311,0,11
2026-09-09T15:07:19.093462+00:00,dos_hulk_v1,dos_hulk_v1__run_001,impact,T1499,116,2,0.9966,1.0,0.0,115680.96,194663.13,0.9499,580,976,0.0326,0.0408,0.0362,0.0019,0.0419,83,26,0,9,4,0,0.5938,199.45,57.92,438.9,8496.61,7228.63,2,0.0,1.8899,0,5
2026-09-09T15:07:24.093462+00:00,dos_hulk_v1,dos_hulk_v1__run_001,impact,T1499,124,2,0.9992,1.0,0.0023,168581.94,256757.29,0.9722,868,1322,0.0286,0.0711,0.0425,0.0024,0.0496,91,23,4,6,3,0,0.6561,194.22,52.65,378.8,7947.9,8618.09,2,0.0504,1.3119,0,7
2026-09-09T15:07:29.093462+00:00,dos_hulk_v1,dos_hulk_v1__run_001,impact,T1499,132,2,0.9973,0.9758,0.067,183929.79,359300.09,0.9095,924,1805,0.0316,0.0436,0.0357,0.0012,0.0392,93,28,0,7,2,3,0.5117,199.06,60.64,413.7,8900.15,8569.05,1,0.0277,1.1024,0,5
2026-09-09T15:07:34.093462+00:00,dos_hulk_v1,dos_hulk_v1__run_001,impact,T1499,140,2,0.9947,1.0,0.0,111758.94,175820.76,0.8983,560,881,0.0255,0.0709,0.0453,0.0012,0.049,100,31,4,9,5,0,0.635,199.57,65.61,464.6,8451.35,9073.46,4,0.0,1.6527,0,10
2026-09-09T15:07:39.093462+00:00,dos_hulk_v1,dos_hulk_v1__run_001,impact,T1499,123,2,0.9961,0.9716,0.0235,119339.2,213840.33,1.0,615,1102,0.0598,0.1109,0.0394,0.0018,0.0449,86,22,3,10,1,0,0.5576,194.05,52.08,314.01,7154.52,6652.25,0,0.0359,1.1781,0,8
2026-09-09T15:07:44.093462+00:00,dos_hulk_v1,dos_hulk_v1__run_001,impact,T1499,127,2,0.9996,1.0,0.0002,131428.72,190209.44,0.9268,635,919,0.0397,0.1012,0.0401,0.0018,0.0455,92,24,0,2,2,2,0.6909,206.97,64.33,410.22,8822.48,8175.45,1,0.0,1.3651,0,7
2026-09-09T15:07:49.093462+00:00,dos_hulk_v1,dos_hulk_v1__run_001,impact,T1499,130,2,0.9973,0.9977,0.0,127168.19,309312.16,0.8958,650,1581,0.0569,0.1252,0.0391,0.0026,0.0469,89,26,1,9,1,0,0.4111,195.64,53.88,338.35,8897.31,8434.5,0,0.0174,1.3252,0,8
2026-09-09T15:07:54.093462+00:00,dos_hulk_v1,dos_hulk_v1__run_001,impact,T1499,135,2,0.9751,0.95,0.0382,78561.24,123370.24,1.0,405,636,0.044,0.1136,0.0376,0.0022,0.0441,93,27,3,7,10,0,0.6366,193.98,56.55,409.06,9990.94,7662.84,9,0.004,0.6087,0,9
2026-09-09T15:07:59.093462+00:00,dos_hulk_v1,dos_hulk_v1__run_001,impact,T1499,124,2,0.988,0.9461,0.0382,78257.18,149992.92,0.931,372,713,0.0571,0.074,0.045,0.0026,0.0529,85,23,2,4,2,0,0.5214,210.37,59.84,389.88,7700.72,7690.05,1,0.0,1.3916,0,7
2026-09-09T15:08:04.093462+00:00,dos_hulk_v1,dos_hulk_v1__run_001,impact,T1499,128,2,0.9984,0.9631,0.0501,101434.83,141057.81,1.0,512,712,0.0498,0.094,0.0399,0.0021,0.0463,91,25,0,8,1,0,0.719,198.11,54.54,350.14,9146.36,9216.46,0,0.0,0.771,0,3
2026-09-09T15:08:09.093462+00:00,dos_hulk_v1,dos_hulk_v1__run_001,impact,T1499,123,2,1.0,0.995,0.0,150027.33,250655.42,0.9281,738,1233,0.0389,0.0668,0.043,0.0028,0.0514,82,23,0,5,4,3,0.5983,203.29,62.62,411.07,7427.04,7776.77,3,0.0002,1.6264,0,13
2026-09-09T15:08:14.093462+00:00,dos_hulk_v1,dos_hulk_v1__run_001,impact,T1499,116,2,0.9826,1.0,0.0,239543.56,429732.89,1.0,1160,2081,0.0235,0.0332,0.0451,0.003,0.054,78,22,2,3,4,0,0.5574,206.5,67.77,464.5,7156.49,8287.63,3,0.0047,0.4213,0,8
2026-09-09T15:08:19.093462+00:00,dos_hulk_v1,dos_hulk_v1__run_001,impact,T1499,125,2,0.9996,1.0,0.0,175337.77,311399.88,0.912,875,1554,0.0447,0.0613,0.04,0.0025,0.0475,91,27,3,8,1,0,0.5629,200.39,54.31,359.38,8558.56,5954.88,0,0.0,1.1934,0,4
2026-09-09T15:08:24.093462+00:00,dos_hulk_v1,dos_hulk_v1__run_001,impact,T1499,121,2,0.996,0.9926,0.0427,247111.75,389456.29,0.9763,1210,1907,0.0329,0.0414,0.0397,0.0024,0.0469,84,18,4,5,1,0,0.6345,204.22,62.01,501.75,9163.98,8743.72,0,0.0,1.0982,0,7
2026-09-09T15:08:29.093462+00:00,dos_hulk_v1,dos_hulk_v1__run_001,impact,T1499,133,2,0.9908,0.9649,0.0124,184768.24,362987.23,0.9191,931,1829,0.0217,0.0282,0.0416,0.0012,0.0451,90,26,2,8,4,0,0.509,198.46,55.85,401.79,8708.31,7430.54,3,0.0,1.1894,0,5
2026-09-09T15:08:34.093462+00:00,dos_hulk_v1,dos_hulk_v1__run_001,impact,T1499,135,2,0.9981,1.0,0.0,217981.81,374403.95,0.9055,1080,1855,0.0525,0.0794,0.0387,0.0012,0.0423,93,23,8,3,4,3,0.5821,201.84,61.86,500.47,9667.67,8210.49,3,0.0,0.4031,0,6
2026-09-09T15:08:39.093462+00:00,dos_hulk_v1,dos_hulk_v1__run_001,impact,T1499,125,2,1.0,1.0,0.0,228477.35,404354.15,0.9965,1125,1991,0.0337,0.0757,0.0427,0.0011,0.0461,89,24,2,6,2,0,0.5648,203.09,62.95,407.84,8365.2,9221.94,1,0.0,1.0149,0,8
2026-09-09T15:08:44.093462+00:00,dos_hulk_v1,dos_hulk_v1__run_001,impact,T1499,130,2,0.9998,0.9853,0.0,281406.93,461271.22,0.9349,1430,2344,0.0421,0.0692,0.0398,0.0017,0.045,88,28,0,6,0,0,0.6098,196.79,62.87,451.27,8324.46,7662.63,0,0.0,1.3811,0,10
2026-09-09T15:08:49.093462+00:00,dos_hulk_v1,dos_hulk_v1__run_001,impact,T1499,110,2,0.9998,0.9864,0.0244,176479.61,235439.85,0.9764,880,1174,0.0581,0.0918,0.0342,0.0022,0.0408,78,23,4,6,4,1,0.7494,200.55,61.02,472.57,7411.24,8311.77,3,0.0,0.4685,0,6
2026-09-09T15:08:54.093462+00:00,dos_hulk_v1,dos_hulk_v1__run_001,impact,T1499,122,2,0.9969,1.0,0.0,221467.67,402796.85,0.9372,1098,1997,0.0254,0.0423,0.0386,0.0026,0.0465,82,24,1,2,5,0,0.5497,201.7,56.59,378.34,7570.03,9725.61,4,0.0109,0.902,0,8
2026-09-09T15:08:59.093462+00:00,dos_hulk_v1,dos_hulk_v1__run_001,impact,T1499,128,2,0.9956,0.9408,0.0588,176840.7,287366.14,0.9904,896,1456,0.0578,0.0773,0.0444,0.0027,0.0527,87,23,5,10,6,0,0.6153,197.37,60.44,379.12,8112.47,9753.82,5,0.0635,1.4258,0,8
2026-09-09T15:09:04.093462+00:00,dos_hulk_v1,dos_hulk_v1__run_001,impact,T1499,120,2,0.9982,0.9849,0.006,47589.76,75945.32,0.9795,240,383,0.0232,0.0512,0.0373,0.0026,0.045,85,23,6,9,0,0,0.6266,198.29,60.36,400.04,10068.48,7821.63,0,0.0,1.1469,0,11
2026-09-09T15:09:09.093462+00:00,dos_hulk_v1,dos_hulk_v1__run_001,impact,T1499,121,2,1.0,0.9877,0.0709,197014.69,341926.31,0.9455,968,1680,0.0533,0.1597,0.0442,0.0014,0.0485,83,23,5,10,5,0,0.576,203.53,60.2,408.65,7892.75,8670.83,3,0.0129,1.0782,0,6
2026-09-09T15:09:14.093462+00:00,dos_hulk_v1,dos_hulk_v1__run_001,impact,T1499,91,2,0.9957,0.9888,0.0126,146276.52,249554.16,1.0,728,1242,0.0569,0.1685,0.0349,0.0013,0.0388,64,18,2,3,0,0,0.5859,200.93,61.93,407.7,9441.17,8471.25,0,0.014,0.4663,0,3
2026-09-09T15:09:19.093462+00:00,dos_hulk_v1,dos_hulk_v1__run_001,impact,T1499,155,2,0.9976,0.9938,0.0,190116.49,324629.01,1.0,930,1588,0.021,0.0339,0.0414,0.0012,0.045,109,32,0,7,5,0,0.5854,204.43,63.33,491.9,7641.6,7437.92,4,0.0411,1.4349,0,17
2026-09-09T15:09:24.093462+00:00,dos_hulk_v1,dos_hulk_v1__run_001,impact,T1499,139,2,1.0,0.997,0.0302,242565.32,463414.16,0.8289,1251,2390,0.0458,0.0905,0.0445,0.0014,0.0487,100,26,4,8,0,0,0.5233,193.9,56.12,398.6,8545.08,7332.34,0,0.0201,1.089,0,8
2026-09-09T15:09:29.093462+00:00,dos_hulk_v1,dos_hulk_v1__run_001,impact,T1499,131,2,0.9996,0.973,0.0433,105865.64,146474.4,0.8964,524,725,0.0201,0.0309,0.0422,0.003,0.0511,91,20,0,6,3,1,0.7221,202.03,60.31,434.93,7884.82,6549.19,1,0.0131,1.1714,0,8
2026-09-09T15:09:34.093462+00:00,dos_hulk_v1,dos_hulk_v1__run_001,impact,T1499,138,2,0.9877,1.0,0.0063,140905.84,254447.35,0.9478,690,1246,0.0238,0.0389,0.0368,0.0014,0.0411,94,27,5,7,1,1,0.5534,204.21,65.39,418.11,8386.1,9355.75,0,0.0222,0.3493,0,11
2026-09-09T15:09:39.093462+00:00,dos_hulk_v1,dos_hulk_v1__run_001,impact,T1499,125,2,0.9833,0.9823,0.0377,122286.46,156331.01,0.8811,625,799,0.0411,0.1006,0.046,0.0033,0.056,86,22,0,11,5,0,0.7818,195.66,58.18,392.78,8873.2,9360.79,4,0.0,1.8558,0,9
2026-09-09T15:09:44.093462+00:00,dos_hulk_v1,dos_hulk_v1__run_001,impact,T1499,125,2,0.9922,1.0,0.0,179970.25,359323.46,0.9388,875,1747,0.0232,0.0323,0.0391,0.0018,0.0446,88,23,1,2,3,0,0.5006,205.68,59.84,386.37,9695.08,9376.61,2,0.0078,1.5235,0,10
2026-09-09T15:09:49.093462+00:00,dos_hulk_v1,dos_hulk_v1__run_001,impact,T1499,121,2,0.9988,1.0,0.0,167360.6,218141.8,0.9635,847,1104,0.045,0.0867,0.0437,0.0012,0.0474,87,24,0,9,2,2,0.7667,197.59,54.31,335.99,8439.41,9497.76,1,0.0189,1.2196,0,8
2026-09-09T15:09:54.093462+00:00,dos_hulk_v1,dos_hulk_v1__run_001,impact,T1499,148,2,0.9995,1.0,0.0157,147299.97,220750.9,0.9098,740,1109,0.0356,0.0538,0.0386,0.0027,0.0467,103,31,4,12,0,2,0.6668,199.05,65.62,540.79,6904.44,7017.38,0,0.0404,1.3688,0,10
2026-09-09T15:09:59.093462+00:00,dos_hulk_v1,dos_hulk_v1__run_001,impact,T1499,125,2,0.9922,1.0,0.0,49967.22,103332.21,0.9659,250,517,0.0444,0.1213,0.0398,0.0023,0.0468,87,27,0,5,6,0,0.4832,199.87,54.01,406.47,9108.36,8161.82,3,0.0,0.1389,0,12
2026-09-09T15:10:04.093462+00:00,dos_hulk_v1,dos_hulk_v1__run_001,impact,T1499,125,2,1.0,1.0,0.0,149877.19,214624.14,0.8727,750,1074,0.0373,0.1089,0.0416,0.0014,0.0459,90,22,3,5,0,0,0.6982,199.84,67.34,427.03,8524.55,7446.24,0,0.0074,1.5586,0,6
2026-09-09T15:10:09.093462+00:00,dos_hulk_v1,dos_hulk_v1__run_001,impact,T1499,131,2,0.9996,0.9827,0.0384,152980.28,242510.72,0.9877,786,1246,0.0407,0.0553,0.0418,0.0012,0.0454,94,28,0,8,7,0,0.6305,194.63,59.36,351.62,8914.37,5831.15,6,0.0253,0.9675,0,13
2026-09-09T15:10:14.093462+00:00,dos_hulk_v1,dos_hulk_v1__run_001,impact,T1499,135,2,0.9981,1.0,0.0255,208218.79,555250.11,0.905,1080,2880,0.0214,0.0317,0.0403,0.0013,0.0443,97,29,2,6,4,0,0.3749,192.8,54.88,362.24,8347.03,9388.83,2,0.0869,2.0335,0,11
2026-09-09T15:10:19.093462+00:00,dos_hulk_v1,dos_hulk_v1__run_001,impact,T1499,119,2,0.9914,1.0,0.0082,100117.66,169316.62,1.0,476,805,0.0592,0.1447,0.0478,0.0033,0.0577,82,21,1,8,0,0,0.5911,210.33,61.66,424.63,8347.78,7555.18,0,0.0048,0.5709,0,11
2026-09-09T15:10:24.093462+00:00,dos_hulk_v1,dos_hulk_v1__run_001,impact,T1499,124,2,0.988,0.916,0.0877,166120.49,292050.53,0.9587,868,1526,0.0332,0.074,0.0408,0.0022,0.0473,84,25,0,7,2,0,0.5686,191.38,54.06,344.6,9169.41,8033.66,1,0.0011,0.3276,0,7
2026-09-09T15:10:29.093462+00:00,dos_hulk_v1,dos_hulk_v1__run_001,impact,T1499,130,2,0.9792,1.0,0.0102,100225.97,164601.88,0.9021,520,854,0.0402,0.0641,0.0339,0.0017,0.0391,94,24,2,4,6,0,0.6087,192.74,49.76,393.64,8081.92,8170.04,3,0.0476,1.2397,0,8
2026-09-09T15:10:34.093462+00:00,dos_hulk_v1,dos_hulk_v1__run_001,impact,T1499,109,2,0.978,1.0,0.0,65660.61,111040.72,0.9076,327,553,0.0522,0.0797,0.0418,0.003,0.0507,74,18,0,3,1,1,0.5906,200.8,58.45,401.1,9678.84,8599.26,0,0.0079,1.1227,0,10
2026-09-09T15:10:39.093462+00:00,dos_hulk_v1,dos_hulk_v1__run_001,impact,T1499,128,2,0.9984,0.995,0.0,75847.46,117919.1,0.9559,384,597,0.0508,0.1075,0.0309,0.002,0.037,86,29,3,7,1,0,0.6428,197.52,58.19,571.93,9075.11,7853.62,0,0.0,1.7152,0,13
2026-09-09T15:10:44.093462+00:00,dos_hulk_v1,dos_hulk_v1__run_001,impact,T1499,121,2,0.9988,0.9723,0.0739,283665.56,366108.3,0.9536,1452,1874,0.0455,0.0896,0.0448,0.0029,0.0536,81,24,6,8,4,0,0.7745,195.36,57.83,447.25,7223.37,9174.54,3,0.0,1.3675,0,7
2026-09-09T15:10:49.093462+00:00,dos_hulk_v1,dos_hulk_v1__run_001,impact,T1499,135,2,1.0,1.0,0.0346,107268.49,246916.18,0.9154,540,1243,0.0576,0.1089,0.0431,0.0028,0.0514,92,28,4,5,2,0,0.4341,198.65,52.47,343.61,7770.32,8769.82,1,0.001,0.313,0,8
2026-09-09T15:10:54.093462+00:00,dos_hulk_v1,dos_hulk_v1__run_001,impact,T1499,127,2,0.9924,0.9308,0.0223,147371.82,309248.73,0.8613,762,1599,0.033,0.0655,0.0437,0.003,0.0528,87,23,0,4,5,0,0.4764,193.4,60.94,422.52,7888.96,6221.92,3,0.0108,1.1467,0,3
2026-09-09T15:10:59.093462+00:00,dos_hulk_v1,dos_hulk_v1__run_001,impact,T1499,138,2,0.9998,0.9815,0.0398,84073.7,119205.94,0.8943,414,587,0.0228,0.0611,0.0353,0.0012,0.0388,93,25,0,8,4,2,0.7043,203.08,66.26,446.4,10254.75,9298.55,3,0.0,0.9528,0,12
2026-09-09T15:11:04.093462+00:00,dos_hulk_v1,dos_hulk_v1__run_001,impact,T1499,128,2,0.9984,1.0,0.0161,145342.9,243373.66,0.9264,768,1286,0.0225,0.0548,0.0457,0.0017,0.0507,83,22,0,8,1,3,0.5968,189.25,53.74,354.5,9140.85,5026.67,0,0.0,0.9808,0,7
2026-09-09T15:11:09.093462+00:00,dos_hulk_v1,dos_hulk_v1__run_001,impact,T1499,138,2,0.9962,0.9946,0.0096,57378.81,72762.98,0.892,276,350,0.0215,0.0514,0.0417,0.0028,0.0502,95,24,1,11,3,0,0.7872,207.89,59.51,394.92,7531.9,7847.18,2,0.0207,1.3386,0,7
2026-09-09T15:11:14.093462+00:00,dos_hulk_v1,dos_hulk_v1__run_001,impact,T1499,110,2,0.9979,0.9857,0.0192,68001.52,139506.14,0.9455,330,677,0.0453,0.1024,0.0317,0.0008,0.0342,72,19,0,2,4,0,0.487,206.07,60.34,368.52,7573.94,10183.81,2,0.0104,0.4848,0,9
2026-09-09T15:11:19.093462+00:00,dos_hulk_v1,dos_hulk_v1__run_001,impact,T1499,135,2,0.9981,0.9974,0.0041,284345.43,547838.87,0.9393,1350,2601,0.0265,0.0668,0.0388,0.0013,0.0426,89,26,2,8,6,0,0.5188,210.63,62.33,510.84,7496.67,8726.31,4,0.0,1.0083,0,8
2026-09-09T15:11:24.093462+00:00,dos_hulk_v1,dos_hulk_v1__run_001,impact,T1499,126,2,0.9998,0.9947,0.0127,127059.61,220236.66,0.9224,630,1092,0.0471,0.0811,0.0362,0.0015,0.0408,88,28,1,7,3,0,0.5767,201.68,59.23,368.51,10062.5,7582.01,2,0.0232,0.9717,0,5
2026-09-09T15:11:29.093462+00:00,dos_hulk_v1,dos_hulk_v1__run_001,impact,T1499,127,2,0.9989,1.0,0.0,98621.36,150455.81,0.8955,508,775,0.0479,0.0988,0.0371,0.002,0.0431,90,21,5,5,5,0,0.6549,194.14,61.88,378.99,7944.01,9516.15,4,0.011,1.9157,0,9
2026-09-09T15:11:34.093462+00:00,dos_hulk_v1,dos_hulk_v1__run_001,impact,T1499,126,2,0.9971,1.0,0.009,99248.26,152220.06,0.9465,504,773,0.041,0.0767,0.0337,0.0021,0.0401,86,23,2,2,4,4,0.6515,196.92,58.06,442.85,8660.61,7799.39,3,0.0418,1.733,0,7
2026-09-09T15:11:39.093462+00:00,dos_hulk_v1,dos_hulk_v1__run_001,impact,T1499,113,2,0.9836,1.0,0.0331,71382.31,120655.06,0.9693,339,573,0.043,0.0837,0.0399,0.0018,0.0454,81,23,0,7,5,0,0.5913,210.57,64.76,391.96,7948.98,7781.96,3,0.0,1.1718,0,8
2026-09-09T15:11:44.093462+00:00,dos_hulk_v1,dos_hulk_v1__run_001,impact,T1499,111,2,0.9971,0.9542,0.072,109433.63,182586.56,0.9355,555,926,0.0585,0.1716,0.036,0.0014,0.0402,78,21,1,6,1,4,0.5993,197.18,62.84,423.44,7265.97,7865.34,0,0.0169,1.2997,0,9
2026-09-09T15:11:49.093462+00:00,dos_hulk_v1,dos_hulk_v1__run_001,impact,T1499,141,2,0.9918,1.0,0.0,138059.96,231862.41,0.892,705,1184,0.0337,0.0721,0.0399,0.001,0.0429,99,27,1,10,1,0,0.595,195.83,59.81,384.02,8135.38,7897.74,0,0.0694,0.4838,0,10
2026-09-09T15:11:54.093462+00:00,dos_hulk_v1,dos_hulk_v1__run_001,impact,T1499,123,2,1.0,0.9696,0.033,120428.88,159592.74,0.9196,615,815,0.0492,0.1086,0.0471,0.0018,0.0525,86,26,1,8,3,0,0.7539,195.82,61.96,382.72,7031.64,7704.18,1,0.0,1.0885,0,10
2026-09-09T15:11:59.093462+00:00,dos_hulk_v1,dos_hulk_v1__run_001,impact,T1499,135,2,0.999,1.0,0.0135,85739.25,147767.89,0.9755,405,698,0.0397,0.1058,0.0386,0.001,0.0416,91,25,0,9,2,0,0.5795,211.7,64.9,414.57,7446.21,6696.33,1,0.0506,1.3346,0,5
2026-09-09T15:12:04.093462+00:00,dos_hulk_v1,dos_hulk_v1__run_001,impact,T1499,104,2,0.9989,1.0,0.0,125910.25,257873.87,0.9075,624,1278,0.0285,0.0817,0.037,0.0019,0.0428,73,20,3,5,0,1,0.4879,201.78,59.94,407.86,7270.42,6870.55,0,0.0,1.7222,0,5
2026-09-09T15:12:09.093462+00:00,dos_hulk_v1,dos_hulk_v1__run_001,impact,T1499,117,2,0.9999,0.9676,0.023,142813.29,163157.06,0.8982,702,802,0.0223,0.0324,0.0345,0.0009,0.0371,81,22,4,9,1,0,0.8751,203.44,64.87,462.68,9474.65,8946.36,0,0.0337,1.054,0,8
2026-09-09T15:12:14.093462+00:00,dos_hulk_v1,dos_hulk_v1__run_001,impact,T1499,123,2,1.0,1.0,0.0,151031.43,261542.23,1.0,738,1278,0.0221,0.0569,0.0389,0.0026,0.0468,82,28,1,3,7,0,0.5773,204.65,50.09,334.08,7494.71,7970.23,5,0.0522,1.1365,0,10
2026-09-09T15:12:19.093462+00:00,dos_hulk_v1,dos_hulk_v1__run_001,impact,T1499,131,2,0.9776,1.0,0.0013,181171.32,305837.74,1.0,917,1548,0.061,0.1279,0.0359,0.002,0.0419,89,28,6,9,3,0,0.5922,197.57,50.56,362.55,7927.41,7204.42,1,0.0217,1.25,0,4
2026-09-09T15:12:24.093462+00:00,dos_hulk_v1,dos_hulk_v1__run_001,impact,T1499,112,2,0.9942,0.994,0.0523,110137.23,253118.95,0.913,560,1287,0.0564,0.072,0.0415,0.002,0.0473,79,21,6,7,2,4,0.435,196.67,53.64,405.86,8677.8,8872.12,1,0.0,0.6334,0,7
2026-09-09T15:12:29.093462+00:00,dos_hulk_v1,dos_hulk_v1__run_001,impact,T1499,123,2,0.9892,1.0,0.0059,143581.71,191636.84,0.9269,738,985,0.0329,0.0913,0.036,0.0017,0.0412,86,20,0,8,3,0,0.7487,194.56,56.3,370.24,8361.61,9238.2,2,0.045,0.6663,0,7
2026-09-09T15:12:34.093462+00:00,dos_hulk_v1,dos_hulk_v1__run_001,impact,T1499,122,2,0.9998,0.983,0.0149,141889.51,219618.6,0.9924,732,1133,0.0435,0.0561,0.0426,0.0032,0.0521,86,25,0,7,8,0,0.6457,193.84,57.14,417.49,8479.89,7558.42,7,0.0,0.9116,0,4
2026-09-09T15:12:39.093462+00:00,dos_hulk_v1,dos_hulk_v1__run_001,impact,T1499,122,2,0.9951,0.9844,0.0495,198806.99,476240.51,0.9375,976,2338,0.0319,0.0547,0.0415,0.0025,0.0489,89,21,0,4,1,0,0.4173,203.7,63.2,413.5,6834.11,9005.74,0,0.0571,0.9188,0,8
2026-09-09T15:12:44.093462+00:00,dos_hulk_v1,dos_hulk_v1__run_001,impact,T1499,108,2,1.0,0.9705,0.0418,195097.79,287026.59,0.9054,972,1430,0.027,0.0352,0.0353,0.0026,0.0432,78,23,2,3,0,0,0.6794,200.72,59.5,419.5,9699.41,9483.16,0,0.054,0.9506,0,2
2026-09-09T15:12:49.093462+00:00,dos_hulk_v1,dos_hulk_v1__run_001,impact,T1499,138,2,0.9998,0.9993,0.0,219731.26,515691.74,0.942,1104,2591,0.054,0.1235,0.0386,0.0025,0.0462,103,26,1,7,4,0,0.4261,199.03,61.32,414.41,6941.82,9038.38,2,0.0,0.4465,0,10
2026-09-09T15:12:54.093462+00:00,dos_hulk_v1,dos_hulk_v1__run_001,impact,T1499,130,2,0.9985,0.9502,0.0587,358878.8,499472.53,0.9287,1820,2533,0.0519,0.1187,0.0454,0.0016,0.0502,94,27,3,7,1,0,0.7185,197.19,56.18,342.52,9036.64,8334.38,0,0.0143,1.3811,0,13
2026-09-09T15:12:59.093462+00:00,dos_hulk_v1,dos_hulk_v1__run_001,impact,T1499,118,2,0.9792,1.0,0.0332,94163.24,179748.06,0.9189,472,901,0.0389,0.1003,0.0422,0.0022,0.0489,84,22,0,6,3,0,0.5238,199.5,62.21,468.82,8296.51,7200.74,2,0.039,1.6838,0,9
2026-09-09T15:13:04.093462+00:00,dos_hulk_v1,dos_hulk_v1__run_001,impact,T1499,148,2,0.9953,0.9659,0.0402,119707.4,216363.04,0.8921,592,1070,0.0289,0.0487,0.0387,0.0014,0.0429,99,28,0,12,8,0,0.5529,202.21,65.27,468.4,8665.28,8593.06,5,0.0249,0.8011,0,5
2026-09-09T15:13:09.093462+00:00,dos_hulk_v1,dos_hulk_v1__run_001,impact,T1499,120,2,0.9998,0.9814,0.0141,97079.77,174743.58,0.9655,480,864,0.0292,0.0506,0.0402,0.0016,0.045,79,22,0,2,2,0,0.5552,202.25,61.34,379.4,8040.3,8219.4,1,0.0,1.7392,0,4
2026-09-09T15:13:14.093462+00:00,dos_hulk_v1,dos_hulk_v1__run_001,impact,T1499,128,2,1.0,0.9953,0.0,210913.83,488150.17,0.9636,1024,2370,0.0568,0.1569,0.0474,0.0028,0.0556,90,30,2,8,2,0,0.4319,205.97,58.05,443.32,8931.65,7565.29,1,0.0106,1.2838,0,10
2026-09-09T15:13:19.093462+00:00,dos_hulk_v1,dos_hulk_v1__run_001,impact,T1499,124,2,0.997,0.998,0.0114,126528.24,214077.63,1.0,620,1049,0.0544,0.0848,0.0399,0.0022,0.0465,84,27,0,7,3,0,0.591,204.08,66.03,388.0,9209.35,8089.96,2,0.0,1.4939,0,7
2026-09-09T15:13:24.093462+00:00,dos_hulk_v1,dos_hulk_v1__run_001,impact,T1499,125,2,0.9922,1.0,0.0,178583.07,285732.92,0.9937,875,1400,0.0338,0.0554,0.0313,0.0019,0.037,90,22,0,8,0,3,0.6249,204.09,59.18,449.13,9463.38,8178.22,0,0.0292,1.0364,0,9
2026-09-09T15:13:29.093462+00:00,dos_hulk_v1,dos_hulk_v1__run_001,impact,T1499,135,2,0.9885,0.9802,0.0422,195297.17,288709.15,0.9992,945,1397,0.0245,0.0606,0.0406,0.0011,0.0438,94,28,0,5,2,0,0.6764,206.66,66.71,533.36,7700.11,6700.93,1,0.0,0.5949,0,9
2026-09-09T15:13:34.093462+00:00,dos_hulk_v1,dos_hulk_v1__run_001,impact,T1499,137,2,0.9981,1.0,0.0,54461.86,101370.62,0.8189,274,510,0.0551,0.13,0.0421,0.0012,0.0458,99,23,0,7,5,0,0.5368,198.77,57.39,440.21,6932.13,8619.28,2,0.0435,1.701,0,6
2026-09-09T15:13:39.093462+00:00,dos_hulk_v1,dos_hulk_v1__run_001,impact,T1499,132,2,0.9718,1.0,0.0,185314.65,299431.58,1.0,924,1493,0.0299,0.0649,0.0419,0.0016,0.0466,95,24,1,7,4,0,0.6186,200.56,63.54,436.57,7823.8,6481.34,3,0.0,1.3779,0,5
2026-09-09T15:13:44.093462+00:00,dos_hulk_v1,dos_hulk_v1__run_001,impact,T1499,120,2,0.9968,1.0,0.0,70881.81,102778.62,0.9139,360,522,0.0431,0.1199,0.0483,0.0026,0.0563,88,26,3,5,5,0,0.689,196.89,59.15,381.14,8305.34,6736.22,3,0.019,1.0948,0,4
2026-09-09T15:13:49.093462+00:00,dos_hulk_v1,dos_hulk_v1__run_001,impact,T1499,105,2,0.9968,0.9994,0.0339,174126.1,324413.51,0.9284,840,1565,0.0211,0.0482,0.0463,0.0025,0.0539,74,21,3,4,6,2,0.5364,207.29,60.93,464.01,7325.59,8344.28,4,0.0,1.1467,0,3
2026-09-09T15:13:54.093462+00:00,dos_hulk_v1,dos_hulk_v1__run_001,impact,T1499,114,2,0.9964,1.0,0.0,145879.41,223724.41,1.0,684,1049,0.027,0.0612,0.0436,0.0015,0.0482,82,18,6,5,2,0,0.652,213.27,71.13,473.81,7879.33,7880.65,1,0.0,1.0461,0,3
2026-09-09T15:13:59.093462+00:00,dos_hulk_v1,dos_hulk_v1__run_001,impact,T1499,142,2,0.9977,0.997,0.0219,113148.1,194224.3,0.929,568,975,0.0219,0.0431,0.0378,0.0013,0.0418,99,29,1,6,3,2,0.5824,199.2,58.32,441.86,8992.97,7205.0,1,0.0,0.906,0,13
2026-09-09T15:14:04.093462+00:00,dos_hulk_v1,dos_hulk_v1__run_001,impact,T1499,99,2,0.994,0.9976,0.0,229024.71,412167.37,1.0,1188,2138,0.0418,0.1073,0.0372,0.0011,0.0406,67,21,1,4,1,0,0.5555,192.78,56.57,365.49,7240.63,8867.26,0,0.0069,1.7544,0,9
2026-09-09T15:14:09.093462+00:00,dos_hulk_v1,dos_hulk_v1__run_001,impact,T1499,117,2,0.9881,0.9698,0.0112,69647.47,106951.53,0.9735,351,539,0.0473,0.0629,0.0397,0.0014,0.044,83,22,1,8,2,1,0.6507,198.43,49.65,345.91,7097.65,8078.96,1,0.0085,0.7152,0,7
2026-09-09T15:14:14.093462+00:00,dos_hulk_v1,dos_hulk_v1__run_001,impact,T1499,138,2,0.9926,0.989,0.0475,132715.08,195995.17,0.9344,690,1019,0.0228,0.0567,0.0376,0.002,0.0434,96,28,2,4,0,0,0.6766,192.34,56.2,422.24,9647.26,7631.65,0,0.0491,0.6588,0,7
2026-09-09T15:14:19.093462+00:00,dos_hulk_v1,dos_hulk_v1__run_001,impact,T1499,109,2,0.9999,1.0,0.0,178100.57,322092.43,0.9136,872,1577,0.0377,0.0483,0.0361,0.0022,0.0428,75,23,2,9,4,0,0.5527,204.24,71.77,556.03,8619.42,8007.41,3,0.0,1.1785,0,7
2026-09-09T15:14:24.093462+00:00,dos_hulk_v1,dos_hulk_v1__run_001,impact,T1499,118,2,0.9998,1.0,0.0193,188175.99,492167.92,1.0,944,2469,0.0514,0.0763,0.036,0.0011,0.0393,81,21,1,6,0,0,0.3823,199.34,54.6,349.98,8727.3,6756.51,0,0.031,2.1384,0,8
2026-09-09T15:14:29.093462+00:00,dos_hulk_v1,dos_hulk_v1__run_001,impact,T1499,124,2,0.9953,1.0,0.0334,46450.84,77730.23,0.9223,248,415,0.0423,0.1207,0.036,0.001,0.0391,90,23,0,9,4,0,0.5965,187.3,53.13,380.09,8800.03,9683.59,2,0.0,1.657,0,9
2026-09-09T15:14:34.093462+00:00,dos_hulk_v1,dos_hulk_v1__run_001,impact,T1499,144,2,0.9978,1.0,0.0,112234.56,214531.68,0.9578,576,1101,0.0554,0.0712,0.0389,0.0011,0.0421,101,31,1,11,4,2,0.5227,194.85,60.8,458.09,10036.03,9255.97,3,0.0102,1.052,0,6
2026-09-09T15:14:39.093462+00:00,dos_hulk_v1,dos_hulk_v1__run_001,impact,T1499,120,2,0.995,1.0,0.0,71710.54,131469.33,1.0,360,660,0.0524,0.0796,0.044,0.0025,0.0514,85,26,0,5,0,0,0.5452,199.2,64.1,486.37,6696.27,11439.08,0,0.0,1.3096,0,5
2026-09-09T15:14:44.093462+00:00,dos_hulk_v1,dos_hulk_v1__run_001,impact,T1499,138,2,0.9926,0.9771,0.0221,137827.28,199150.44,0.9231,690,997,0.059,0.1385,0.032,0.0017,0.0372,96,26,0,6,9,0,0.6921,199.75,61.93,424.3,7760.09,8257.1,4,0.0,1.6453,0,17
2026-09-09T15:14:49.093462+00:00,dos_hulk_v1,dos_hulk_v1__run_001,impact,T1499,132,2,0.9985,1.0,0.0,154585.26,232853.8,1.0,792,1193,0.048,0.1308,0.0402,0.0017,0.0452,91,28,3,5,3,0,0.6633,195.18,51.92,359.51,8814.71,9060.73,2,0.0008,0.4023,0,8
2026-09-09T15:14:54.093462+00:00,dos_hulk_v1,dos_hulk_v1__run_001,impact,T1499,116,2,0.9966,1.0,0.0,71227.84,165788.93,0.9515,348,810,0.0595,0.1578,0.0393,0.0026,0.047,78,24,3,6,4,0,0.4296,204.68,60.64,449.57,8475.58,9057.62,3,0.0721,0.2949,0,9
2026-09-09T15:14:59.093462+00:00,dos_hulk_v1,dos_hulk_v1__run_001,impact,T1499,127,2,0.9989,1.0,0.0268,152575.15,236671.68,0.9448,762,1182,0.0317,0.0753,0.0282,0.0012,0.0319,85,28,3,8,8,0,0.6444,200.23,61.47,565.94,6525.26,6883.09,6,0.0087,1.0892,0,6
2026-09-09T15:15:04.093462+00:00,dos_hulk_v1,dos_hulk_v1__run_001,impact,T1499,110,2,0.9847,0.9371,0.0753,64933.72,105271.33,0.8507,330,535,0.054,0.1216,0.0406,0.0023,0.0474,74,18,2,8,2,2,0.6161,196.77,50.94,355.01,8662.91,7904.24,1,0.0616,0.4892,0,7
2026-09-09T15:15:09.093462+00:00,dos_hulk_v1,dos_hulk_v1__run_001,impact,T1499,112,2,0.9852,1.0,0.0023,172360.99,291243.9,1.0,896,1514,0.0469,0.1273,0.0382,0.0028,0.0465,82,19,0,5,2,0,0.5915,192.37,63.99,382.92,6598.72,8016.62,1,0.0164,1.1478,0,7
2026-09-09T15:15:14.093462+00:00,dos_hulk_v1,dos_hulk_v1__run_001,impact,T1499,135,2,0.9751,1.0,0.0,193860.63,270379.16,0.8799,945,1318,0.0229,0.0543,0.0415,0.0019,0.0471,93,31,4,8,5,1,0.7167,205.14,58.86,397.31,7771.51,8274.97,3,0.0,0.7728,0,14
2026-09-09T15:15:19.093462+00:00,dos_hulk_v1,dos_hulk_v1__run_001,impact,T1499,124,2,0.9908,1.0,0.0025,72838.89,105146.47,0.9801,372,537,0.032,0.0694,0.0374,0.0015,0.0418,91,27,0,7,4,4,0.692,195.8,54.26,397.15,8020.24,7616.07,3,0.0485,0.7837,0,6
2026-09-09T15:15:24.093462+00:00,dos_hulk_v1,dos_hulk_v1__run_001,impact,T1499,123,2,0.9977,0.9991,0.0133,73653.48,107985.18,1.0,369,541,0.0275,0.0523,0.0471,0.0016,0.0519,81,24,6,5,0,1,0.6814,199.6,58.18,392.49,7718.87,8312.64,0,0.0,2.0329,0,10
2026-09-09T15:15:29.093462+00:00,dos_hulk_v1,dos_hulk_v1__run_001,impact,T1499,110,2,0.9806,1.0,0.04,169348.61,333886.18,1.0,880,1735,0.0302,0.0726,0.0393,0.0019,0.0451,78,22,0,5,1,3,0.507,192.44,54.61,366.85,7562.0,7310.61,0,0.0,0.9038,0,3
2026-09-09T15:15:34.093462+00:00,dos_hulk_v1,dos_hulk_v1__run_001,impact,T1499,119,2,0.9999,0.9377,0.0853,188179.18,327336.89,0.9255,952,1656,0.0338,0.0492,0.0451,0.0013,0.0489,87,20,4,3,7,2,0.5747,197.67,57.58,358.85,10428.95,8971.06,5,0.0,0.6073,0,10
2026-09-09T15:15:39.093462+00:00,dos_hulk_v1,dos_hulk_v1__run_001,impact,T1499,129,2,0.9874,0.9982,0.0184,134619.43,314946.85,1.0,645,1509,0.0466,0.1329,0.0361,0.0011,0.0395,91,22,0,4,9,1,0.4274,208.71,65.8,505.63,7157.39,8556.85,5,0.0332,1.0809,0,10
2026-09-09T15:15:44.093462+00:00,dos_hulk_v1,dos_hulk_v1__run_001,impact,T1499,113,2,0.9995,1.0,0.0157,67564.57,94670.11,0.9861,339,475,0.0551,0.1107,0.0478,0.0032,0.0575,80,21,2,6,1,0,0.7137,199.31,49.59,350.6,11089.91,8541.68,0,0.0,1.2232,0,9
2026-09-09T15:15:49.093462+00:00,dos_hulk_v1,dos_hulk_v1__run_001,impact,T1499,121,2,1.0,1.0,0.0072,156021.1,290121.87,0.9956,847,1575,0.0513,0.0848,0.0415,0.0024,0.0487,90,18,5,6,2,0,0.5377,184.2,52.74,367.8,8012.92,7874.2,1,0.0,0.0297,0,4
2026-09-09T15:15:54.093462+00:00,dos_hulk_v1,dos_hulk_v1__run_001,impact,T1499,145,2,0.9848,1.0,0.0335,87549.72,142695.98,0.9238,435,709,0.0543,0.0981,0.0402,0.0019,0.0459,102,32,0,5,6,0,0.6128,201.26,59.24,380.44,6764.72,8548.6,3,0.0152,0.7672,0,8
2026-09-09T15:15:59.093462+00:00,dos_hulk_v1,dos_hulk_v1__run_001,impact,T1499,133,2,0.9951,1.0,0.0325,186246.38,316078.71,0.9648,931,1580,0.0296,0.0474,0.0411,0.0013,0.0449,95,28,2,10,4,0,0.589,200.05,56.6,341.52,7028.27,10267.35,2,0.0,0.5417,0,11
2026-09-09T15:16:04.093462+00:00,dos_hulk_v1,dos_hulk_v1__run_001,impact,T1499,117,2,0.9995,0.9698,0.0251,23539.59,36214.75,0.9503,117,180,0.0566,0.1253,0.0412,0.0025,0.0487,82,22,0,6,4,1,0.6468,201.19,58.22,380.5,10303.05,8190.19,3,0.0652,0.495,0,8
2026-09-09T15:16:09.093462+00:00,dos_hulk_v1,dos_hulk_v1__run_001,impact,T1499,126,2,0.9993,0.9979,0.0148,96192.22,162038.08,0.9139,504,849,0.0612,0.1063,0.0378,0.0021,0.0441,84,26,0,8,0,1,0.5933,190.86,54.21,365.66,9071.93,7947.78,0,0.0,0.6649,0,5
2026-09-09T15:16:14.093462+00:00,dos_hulk_v1,dos_hulk_v1__run_001,impact,T1499,127,2,0.9978,1.0,0.0,208895.95,564389.16,0.9713,1016,2745,0.0548,0.0739,0.0391,0.0018,0.0446,87,26,2,8,4,5,0.3701,205.61,61.69,409.32,7011.18,8722.85,2,0.0367,1.2134,0,9
2026-09-09T15:16:19.093462+00:00,dos_hulk_v1,dos_hulk_v1__run_001,impact,T1499,113,2,0.9972,0.9965,0.0,113287.61,191887.16,1.0,565,957,0.0588,0.1384,0.0329,0.0009,0.0356,82,25,2,4,6,0,0.59,200.51,61.43,508.73,5952.69,7868.29,4,0.0473,1.4206,0,4
2026-09-09T15:16:24.093462+00:00,dos_hulk_v1,dos_hulk_v1__run_001,impact,T1499,142,2,0.9999,0.9888,0.018,115225.77,153769.59,0.9412,568,758,0.0511,0.1216,0.0416,0.0015,0.0462,101,26,2,2,1,0,0.7487,202.86,61.15,444.25,7938.92,7623.62,0,0.0,0.8306,0,7
2026-09-09T15:16:29.093462+00:00,dos_hulk_v1,dos_hulk_v1__run_001,impact,T1499,119,2,0.9938,1.0,0.0096,47683.47,67918.89,0.9342,238,339,0.0598,0.1393,0.0455,0.0029,0.0542,85,23,1,5,0,0,0.7014,200.35,65.86,458.43,8268.8,8068.73,0,0.0,0.4941,0,9
2026-09-09T15:16:34.093462+00:00,dos_hulk_v1,dos_hulk_v1__run_001,impact,T1499,127,2,0.9899,1.0,0.0,99481.95,190739.02,0.9848,508,974,0.0555,0.0827,0.0329,0.0017,0.038,87,21,4,6,2,0,0.5212,195.83,54.46,333.6,7086.21,7894.34,1,0.0347,1.32,0,7
2026-09-09T15:16:39.093462+00:00,dos_hulk_v1,dos_hulk_v1__run_001,impact,T1499,144,2,0.9932,0.9679,0.0345,219773.78,411694.28,0.8996,1152,2158,0.024,0.0582,0.0313,0.0008,0.0337,97,27,6,10,0,4,0.5338,190.78,56.28,390.72,8552.69,7417.55,0,0.0,1.0326,0,11
2026-09-09T15:16:44.093462+00:00,dos_hulk_v1,dos_hulk_v1__run_001,impact,T1499,118,2,1.0,1.0,0.0,120510.78,183830.0,0.9915,590,900,0.0563,0.083,0.037,0.0024,0.0443,78,23,2,8,3,0,0.6549,204.26,67.02,448.44,6256.49,9235.33,2,0.0,1.4458,0,7
2026-09-09T15:16:49.093462+00:00,dos_hulk_v1,dos_hulk_v1__run_001,impact,T1499,114,2,0.9944,1.0,0.0078,112806.91,157731.77,0.9209,570,797,0.0495,0.0934,0.0324,0.0015,0.0369,80,23,0,6,4,0,0.7149,197.91,58.11,379.7,7676.7,8825.85,3,0.0657,0.5176,0,7
2026-09-09T15:16:54.093462+00:00,dos_hulk_v1,dos_hulk_v1__run_001,impact,T1499,126,2,0.9993,1.0,0.0,157498.8,317705.91,0.9636,756,1525,0.0352,0.062,0.0372,0.0011,0.0404,92,24,4,4,2,0,0.4956,208.33,63.41,365.21,6205.46,7262.01,1,0.0,0.905,0,7
2026-09-09T15:16:59.093462+00:00,dos_hulk_v1,dos_hulk_v1__run_001,impact,T1499,92,2,0.9781,0.9822,0.0122,89965.79,123409.59,1.0,460,631,0.0376,0.0874,0.0371,0.0016,0.042,67,21,0,7,4,0,0.7279,195.58,54.64,326.18,8393.11,8145.01,3,0.0359,0.0459,0,4
2026-09-09T15:17:04.093462+00:00,dos_hulk_v1,dos_hulk_v1__run_001,impact,T1499,123,2,0.9892,1.0,0.0105,278548.9,428631.79,0.9053,1353,2082,0.0509,0.0679,0.0439,0.0026,0.0519,85,28,4,4,5,0,0.6497,205.88,63.43,422.05,7054.08,8434.61,2,0.0,1.1377,0,10
2026-09-09T15:17:09.093462+00:00,dos_hulk_v1,dos_hulk_v1__run_001,impact,T1499,136,2,0.9873,1.0,0.0044,162335.21,335612.12,0.9532,816,1687,0.0476,0.1167,0.0454,0.0018,0.0509,94,24,7,7,3,0,0.4836,198.94,61.67,496.93,7841.37,7596.55,1,0.0043,1.1488,0,3
2026-09-09T15:17:14.093462+00:00,dos_hulk_v1,dos_hulk_v1__run_001,impact,T1499,111,2,0.9985,1.0,0.0243,155117.24,220398.24,0.9594,777,1104,0.0497,0.1098,0.0453,0.0032,0.0549,76,18,6,5,1,3,0.7035,199.64,56.39,373.41,7390.32,7712.5,0,0.0,0.0725,0,6
2026-09-09T15:17:19.093462+00:00,dos_hulk_v1,dos_hulk_v1__run_001,impact,T1499,136,2,0.9975,1.0,0.0,110981.48,299690.8,0.9588,544,1469,0.0368,0.0511,0.0383,0.002,0.0444,98,27,1,5,5,0,0.3702,204.01,60.45,488.98,8389.92,6850.55,2,0.0522,1.0149,0,12
2026-09-09T15:17:24.093462+00:00,dos_hulk_v1,dos_hulk_v1__run_001,impact,T1499,123,2,1.0,0.961,0.0363,202305.0,302018.34,0.9393,984,1469,0.0291,0.0642,0.041,0.003,0.05,82,21,1,3,2,0,0.6696,205.59,58.56,371.83,8167.99,7743.41,1,0.0,1.2228,0,6
2026-09-09T15:17:29.093462+00:00,dos_hulk_v1,dos_hulk_v1__run_001,impact,T1499,127,2,0.9996,1.0,0.0189,257850.72,568120.63,1.0,1397,3078,0.0498,0.149,0.0345,0.0015,0.0392,86,26,2,7,4,0,0.4538,184.57,54.83,413.6,6295.09,9415.62,2,0.0064,0.9873,0,8
2026-09-09T15:17:34.093462+00:00,dos_hulk_v1,dos_hulk_v1__run_001,impact,T1499,119,2,0.9975,1.0,0.0,117986.65,230817.57,1.0,595,1164,0.0293,0.0732,0.0435,0.0013,0.0473,82,24,3,5,2,3,0.5111,198.3,64.43,449.02,7237.91,8825.14,1,0.0227,1.9059,0,3
2026-09-09T15:17:39.093462+00:00,dos_hulk_v1,dos_hulk_v1__run_001,impact,T1499,145,2,0.9901,0.9789,0.0001,164660.48,226550.1,1.0,870,1197,0.0463,0.1113,0.0398,0.0019,0.0455,103,27,1,8,4,0,0.7268,189.26,57.16,409.16,6823.97,8291.12,3,0.0219,1.4355,0,7
2026-09-09T15:17:44.093462+00:00,dos_hulk_v1,dos_hulk_v1__run_001,impact,T1499,137,2,0.9627,1.0,0.0,252712.04,354780.66,1.0,1233,1731,0.0277,0.0625,0.0348,0.002,0.0409,99,30,1,6,5,3,0.7121,204.96,66.54,453.81,6141.8,7980.8,3,0.0,1.3998,0,8
2026-09-09T15:17:49.093462+00:00,dos_hulk_v1,dos_hulk_v1__run_001,impact,T1499,125,2,0.9866,0.987,0.0,268651.02,494708.64,0.9399,1375,2532,0.0358,0.0522,0.0407,0.0022,0.0474,88,30,4,6,0,1,0.543,195.38,65.03,420.93,6978.3,9065.43,0,0.0434,0.2964,0,7
2026-09-09T15:17:54.093462+00:00,dos_hulk_v1,dos_hulk_v1__run_001,impact,T1499,139,2,0.9802,1.0,0.0,166258.26,266132.83,0.9314,834,1335,0.0561,0.161,0.0411,0.0028,0.0495,96,26,1,7,6,2,0.6247,199.35,55.64,354.57,8829.04,8130.51,3,0.0,1.6618,0,8
2026-09-09T15:17:59.093462+00:00,dos_hulk_v1,dos_hulk_v1__run_001,impact,T1499,120,2,0.9998,0.979,0.0608,191863.83,305183.41,0.9525,960,1527,0.0371,0.0764,0.0388,0.0012,0.0424,83,23,3,6,3,0,0.6283,199.86,55.25,363.53,8278.83,8674.19,1,0.011,0.9538,0,11
2026-09-09T15:18:04.093462+00:00,dos_hulk_v1,dos_hulk_v1__run_001,impact,T1499,125,2,0.9988,0.9611,0.037,251615.39,532015.58,0.984,1250,2643,0.0575,0.1142,0.0411,0.0027,0.0493,85,25,0,6,6,1,0.4729,201.29,65.68,433.22,7279.7,6669.39,4,0.0306,1.0188,0,10
2026-09-09T15:18:09.093462+00:00,dos_hulk_v1,dos_hulk_v1__run_001,impact,T1499,122,2,0.9992,1.0,0.0232,193492.56,329690.71,0.8872,976,1663,0.0404,0.0507,0.0383,0.0026,0.0462,84,23,6,3,0,0,0.5866,198.25,61.84,432.57,9204.49,9840.8,0,0.1094,0.8516,0,13
2026-09-09T15:18:14.093462+00:00,dos_hulk_v1,dos_hulk_v1__run_001,impact,T1499,131,2,0.9966,1.0,0.0058,106985.21,183140.71,0.9297,524,897,0.0525,0.0646,0.0415,0.002,0.0476,90,25,2,5,2,3,0.584,204.17,60.0,405.86,7716.14,7142.16,1,0.0003,0.197,0,2
2026-09-09T15:18:19.093462+00:00,dos_hulk_v1,dos_hulk_v1__run_001,impact,T1499,125,2,0.9944,1.0,0.0286,140915.54,186008.51,1.0,750,990,0.049,0.1294,0.038,0.0023,0.0449,89,23,0,5,2,0,0.7573,187.89,48.83,328.77,7471.64,7511.6,1,0.0077,1.4038,0,10
2026-09-09T15:18:24.093462+00:00,dos_hulk_v1,dos_hulk_v1__run_001,impact,T1499,114,2,0.9857,1.0,0.0,161742.59,284975.04,0.8957,798,1406,0.0329,0.0408,0.0397,0.0017,0.0447,80,23,3,0,5,0,0.5674,202.68,57.23,373.44,7747.46,8027.05,3,0.0017,1.1429,0,4
2026-09-09T15:18:29.093462+00:00,dos_hulk_v1,dos_hulk_v1__run_001,impact,T1499,122,2,0.9998,0.9729,0.0123,93524.63,148527.84,0.9439,488,775,0.0543,0.1311,0.0377,0.0018,0.0431,90,22,3,8,2,1,0.6291,191.65,52.73,341.09,8473.55,7647.78,1,0.037,1.2511,0,12
2026-09-09T15:18:34.093462+00:00,dos_hulk_v1,dos_hulk_v1__run_001,impact,T1499,126,2,0.9779,1.0,0.0,311770.52,551784.34,0.9544,1512,2676,0.0339,0.0762,0.0404,0.0016,0.0451,91,28,0,5,2,0,0.5649,206.2,66.86,499.18,7609.04,7164.06,1,0.0089,0.9988,0,2
2026-09-09T15:18:39.093462+00:00,dos_hulk_v1,dos_hulk_v1__run_001,impact,T1499,136,2,0.9923,0.9999,0.0,246641.9,422152.6,0.9785,1224,2095,0.0287,0.0694,0.0465,0.0027,0.0546,90,27,4,7,0,2,0.5842,201.5,65.53,506.96,8718.64,8168.77,0,0.0,1.541,0,9
2026-09-09T15:18:44.093462+00:00,dos_hulk_v1,dos_hulk_v1__run_001,impact,T1499,126,2,0.9984,0.9988,0.0,106253.06,150735.99,0.9586,504,715,0.0279,0.0365,0.0349,0.0024,0.0421,86,24,3,1,2,1,0.7044,210.82,60.66,422.95,8180.92,7669.87,1,0.043,0.3092,0,8
2026-09-09T15:18:49.093462+00:00,dos_hulk_v1,dos_hulk_v1__run_001,impact,T1499,124,2,1.0,0.9454,0.0491,75205.98,111798.14,0.9414,372,553,0.0469,0.1285,0.0402,0.0011,0.0434,82,22,0,8,3,4,0.6726,202.17,69.17,427.42,8253.92,5700.24,2,0.0474,1.0959,0,6
2026-09-09T15:18:54.093462+00:00,dos_hulk_v1,dos_hulk_v1__run_001,impact,T1499,133,2,0.998,1.0,0.0192,133936.99,196978.01,0.8832,665,978,0.0255,0.0461,0.0405,0.0024,0.0477,94,21,0,6,0,0,0.6795,201.41,55.79,364.9,7064.61,8919.33,0,0.0,2.0805,0,13
2026-09-09T15:18:59.093462+00:00,dos_hulk_v1,dos_hulk_v1__run_001,impact,T1499,146,2,0.9951,0.9778,0.0283,146465.57,199433.94,0.9898,730,994,0.0607,0.1396,0.0461,0.0021,0.0525,99,28,0,6,4,0,0.7341,200.64,63.73,406.5,9264.3,6242.59,2,0.0112,1.7978,0,12
2026-09-09T15:19:04.093462+00:00,dos_hulk_v1,dos_hulk_v1__run_001,impact,T1499,123,2,0.9996,1.0,0.0051,121577.45,160917.15,1.0,615,814,0.0327,0.0865,0.0376,0.0011,0.041,88,23,1,9,5,0,0.7555,197.69,59.16,404.08,11142.16,8548.04,4,0.0573,1.2232,0,7
2026-09-09T15:19:09.093462+00:00,dos_hulk_v1,dos_hulk_v1__run_001,impact,T1499,121,2,0.9976,1.0,0.0092,274234.52,456370.74,0.9591,1331,2215,0.0266,0.0667,0.0419,0.0021,0.0483,86,24,2,8,3,2,0.6009,206.04,61.75,434.18,6898.68,5469.04,2,0.0,1.4905,0,9
2026-09-09T15:19:14.093462+00:00,dos_hulk_v1,dos_hulk_v1__run_001,impact,T1499,131,2,0.9949,0.9545,0.0268,155423.85,281186.65,0.8906,786,1422,0.027,0.0406,0.0478,0.0026,0.0556,90,33,0,5,4,1,0.5525,197.74,52.83,355.39,9195.64,9757.91,2,0.0052,0.0,0,11
2026-09-09T15:19:19.093462+00:00,dos_hulk_v1,dos_hulk_v1__run_001,impact,T1499,122,2,0.9998,1.0,0.0,179340.73,397321.63,0.887,854,1892,0.0559,0.1551,0.0438,0.0014,0.0479,82,25,1,5,3,0,0.4512,210.0,73.73,530.53,8731.92,7542.81,2,0.0,1.9252,0,9
2026-09-09T15:19:24.093462+00:00,dos_hulk_v1,dos_hulk_v1__run_001,impact,T1499,124,2,0.9953,0.9836,0.0,306425.46,601255.41,0.9604,1612,3163,0.0394,0.0665,0.0365,0.0024,0.0437,84,24,0,6,2,1,0.5096,190.09,50.29,350.92,7887.15,8264.0,1,0.0302,1.2675,0,4
2026-09-09T15:19:29.093462+00:00,dos_hulk_v1,dos_hulk_v1__run_001,impact,T1499,120,2,1.0,1.0,0.0,48955.71,79349.05,0.9675,240,389,0.0313,0.0891,0.0509,0.0017,0.0561,83,22,4,6,7,0,0.6156,203.98,60.84,455.97,7983.0,9264.95,6,0.0,0.7814,0,3
2026-09-09T15:19:34.093462+00:00,dos_hulk_v1,dos_hulk_v1__run_001,impact,T1499,124,2,0.9992,1.0,0.0,151670.53,272558.46,1.0,744,1337,0.0602,0.1175,0.0363,0.0025,0.044,87,27,0,4,0,2,0.5562,203.86,61.04,343.54,9165.62,6494.28,0,0.002,0.9077,0,4
2026-09-09T15:19:39.093462+00:00,dos_hulk_v1,dos_hulk_v1__run_001,impact,T1499,133,2,0.998,0.9969,0.037,81590.55,126986.8,0.8984,399,621,0.0506,0.1378,0.0408,0.0026,0.0486,89,27,0,3,4,0,0.6422,204.49,54.65,354.06,7265.72,9523.03,2,0.0,0.9822,0,11
2026-09-09T15:19:44.093462+00:00,dos_hulk_v1,dos_hulk_v1__run_001,impact,T1499,126,2,0.9955,1.0,0.0337,99838.07,127768.95,0.9763,504,645,0.0581,0.1484,0.0424,0.0024,0.0495,85,17,3,5,0,0,0.7812,198.09,58.08,380.74,7474.78,8263.71,0,0.01,1.1959,0,6
2026-09-09T15:19:49.093462+00:00,dos_hulk_v1,dos_hulk_v1__run_001,impact,T1499,151,2,0.9908,0.9877,0.0213,58319.35,101576.09,1.0,302,526,0.0547,0.1325,0.0417,0.0012,0.0452,101,27,1,7,4,0,0.5736,193.11,55.63,397.35,7753.19,7767.26,2,0.0184,0.8964,0,11
2026-09-09T15:19:54.093462+00:00,dos_hulk_v1,dos_hulk_v1__run_001,impact,T1499,134,2,0.9986,1.0,0.0,269045.59,498336.69,0.9471,1340,2482,0.0532,0.0926,0.0373,0.0027,0.0454,94,25,0,11,1,0,0.5399,200.78,63.57,431.41,6546.02,7328.47,0,0.0,1.3113,0,7
2026-09-09T15:19:59.093462+00:00,dos_hulk_v1,dos_hulk_v1__run_001,impact,T1499,124,2,0.9998,0.9881,0.0204,94071.57,209005.78,0.909,496,1102,0.0421,0.1212,0.0446,0.0016,0.0495,86,26,2,4,0,0,0.45,189.66,55.16,397.76,9864.38,9047.57,0,0.0836,0.3893,0,10
2026-09-09T15:20:04.093462+00:00,dos_hulk_v1,dos_hulk_v1__run_001,impact,T1499,126,2,0.9998,0.9787,0.043,127561.93,176561.91,0.9404,630,872,0.0208,0.0568,0.0417,0.0019,0.0475,89,24,7,6,6,0,0.7221,202.48,56.79,445.92,8649.26,9104.04,4,0.0075,1.5852,0,10
2026-09-09T15:20:09.093462+00:00,dos_hulk_v1,dos_hulk_v1__run_001,impact,T1499,100,2,0.9997,0.9925,0.0,96511.89,160209.74,0.9189,500,830,0.0467,0.0726,0.0373,0.0019,0.0431,68,20,0,7,4,2,0.6019,193.02,53.7,369.75,7876.93,7620.61,3,0.0,1.5775,0,7
2026-09-09T15:20:14.093462+00:00,dos_hulk_v1,dos_hulk_v1__run_001,impact,T1499,136,2,0.9986,0.9915,0.0,220339.74,352989.12,0.9702,1088,1743,0.054,0.1008,0.0375,0.0012,0.041,94,28,0,3,4,0,0.6241,202.52,52.57,356.6,7250.3,8671.72,3,0.0203,1.351,0,5
2026-09-09T15:20:19.093462+00:00,dos_hulk_v1,dos_hulk_v1__run_001,impact,T1499,127,2,1.0,0.9897,0.0338,151202.72,231566.37,0.9348,762,1167,0.0537,0.1218,0.0477,0.0016,0.0525,89,27,0,6,6,5,0.6527,198.43,57.1,444.05,8719.87,9107.54,4,0.0213,1.2216,0,10
2026-09-09T15:20:24.093462+00:00,dos_hulk_v1,dos_hulk_v1__run_001,impact,T1499,119,2,0.9995,1.0,0.0,51180.64,62578.0,1.0,238,291,0.0215,0.0539,0.0403,0.0025,0.0477,84,20,4,7,7,0,0.8176,215.04,63.11,416.68,8018.8,8937.67,5,0.0,1.9629,0,6
2026-09-09T15:20:29.093462+00:00,dos_hulk_v1,dos_hulk_v1__run_001,impact,T1499,107,2,0.9893,1.0,0.0224,192192.15,352452.06,0.9638,963,1766,0.0329,0.0791,0.0433,0.0032,0.053,76,19,1,2,0,1,0.5453,199.58,63.82,389.85,8868.79,8436.84,0,0.017,1.105,0,6
2026-09-09T15:20:34.093462+00:00,dos_hulk_v1,dos_hulk_v1__run_001,impact,T1499,144,2,0.9999,1.0,0.0115,341896.32,524320.17,0.9498,1728,2650,0.0422,0.1232,0.0448,0.0021,0.0512,104,22,5,11,0,1,0.6521,197.86,65.51,440.98,7561.39,7869.5,0,0.0,1.3264,0,7
2026-09-09T15:20:39.093462+00:00,dos_hulk_v1,dos_hulk_v1__run_001,impact,T1499,118,2,0.9831,0.9972,0.0149,214155.3,371242.86,0.9267,1062,1841,0.0598,0.1715,0.0429,0.0017,0.0479,85,21,2,4,2,0,0.5767,201.65,61.45,437.83,7589.96,9042.66,1,0.0349,1.2572,0,9
2026-09-09T15:20:44.093462+00:00,dos_hulk_v1,dos_hulk_v1__run_001,impact,T1499,127,2,0.9924,1.0,0.0,195469.69,369583.93,0.9907,1016,1921,0.0205,0.0399,0.0416,0.0016,0.0463,92,28,4,9,4,3,0.5287,192.39,57.55,433.02,7323.23,7689.31,3,0.021,0.2519,0,11
2026-09-09T15:20:49.093462+00:00,dos_hulk_v1,dos_hulk_v1__run_001,impact,T1499,126,2,0.9955,0.9922,0.0,247984.73,388509.41,0.9499,1260,1974,0.0457,0.0855,0.0362,0.0013,0.0401,86,32,2,5,6,2,0.638,196.81,59.77,435.49,8286.62,9010.82,5,0.035,0.969,0,6
2026-09-09T15:20:54.093462+00:00,dos_hulk_v1,dos_hulk_v1__run_001,impact,T1499,143,2,0.9813,0.9681,0.0429,56688.4,73338.14,0.9434,286,370,0.0202,0.0509,0.045,0.0032,0.0545,105,33,1,8,4,0,0.7711,198.21,64.66,402.06,10157.43,9685.07,3,0.0225,1.5251,0,12
2026-09-09T15:20:59.093462+00:00,dos_hulk_v1,dos_hulk_v1__run_001,impact,T1499,131,2,0.9736,1.0,0.0,183058.88,253327.94,0.8732,917,1269,0.039,0.0776,0.0424,0.0031,0.0517,90,29,2,9,6,0,0.7221,199.63,57.9,406.54,9085.53,11105.73,3,0.0,1.2864,0,7
2026-09-09T15:21:04.093462+00:00,dos_hulk_v1,dos_hulk_v1__run_001,impact,T1499,112,2,0.9813,1.0,0.0035,154154.89,217075.25,0.9922,784,1104,0.0519,0.1545,0.0382,0.0012,0.0417,77,25,2,5,3,1,0.7097,196.63,55.31,424.09,8629.97,8568.77,2,0.0,1.8499,0,9
2026-09-09T15:21:09.093462+00:00,dos_hulk_v1,dos_hulk_v1__run_001,impact,T1499,105,2,0.9994,1.0,0.0299,142045.45,219349.09,0.9748,735,1135,0.0292,0.044,0.0384,0.0027,0.0466,78,26,2,5,4,0,0.6474,193.26,62.6,446.42,6847.01,9025.52,3,0.004,0.1734,0,6
2026-09-09T15:21:14.093462+00:00,dos_hulk_v1,dos_hulk_v1__run_001,impact,T1499,121,2,0.9638,1.0,0.0451,169226.63,267326.12,0.9843,847,1338,0.0242,0.0459,0.0371,0.0027,0.0451,86,27,4,9,0,0,0.6328,199.8,60.14,482.18,8705.02,7597.76,0,0.0384,1.5198,0,9
2026-09-09T15:21:19.093462+00:00,dos_hulk_v1,dos_hulk_v1__run_001,impact,T1499,130,2,0.9306,1.0,0.0,155132.45,221163.18,0.9133,780,1112,0.0544,0.1472,0.0405,0.0029,0.0491,91,22,0,5,5,0,0.7009,198.89,60.96,396.83,8103.26,8354.17,3,0.0235,1.1369,0,8
2026-09-09T15:21:24.093462+00:00,dos_hulk_v1,dos_hulk_v1__run_001,impact,T1499,121,2,0.9996,0.9547,0.0404,118832.05,199166.44,0.9511,605,1014,0.0561,0.1574,0.0394,0.0012,0.0429,82,21,3,6,4,0,0.5963,196.42,63.39,436.4,8656.23,5763.22,2,0.0211,0.8638,0,4
2026-09-09T15:21:29.093462+00:00,dos_hulk_v1,dos_hulk_v1__run_001,impact,T1499,119,2,0.9975,1.0,0.0213,168286.71,386675.58,0.9028,833,1914,0.0515,0.1,0.0445,0.0013,0.0484,81,24,6,5,2,0,0.4351,202.02,50.83,323.07,9390.39,9617.51,1,0.0023,0.7337,0,4
2026-09-09T15:21:34.093462+00:00,dos_hulk_v1,dos_hulk_v1__run_001,impact,T1499,125,2,1.0,1.0,0.0267,127663.72,197725.57,0.9127,625,968,0.0435,0.0792,0.0382,0.0016,0.0431,83,25,2,7,4,0,0.6455,204.26,59.86,399.79,7562.11,8389.94,2,0.0,1.5094,0,16
2026-09-09T15:21:39.093462+00:00,dos_hulk_v1,dos_hulk_v1__run_001,impact,T1499,114,2,0.9964,0.9758,0.038,69085.17,132312.24,0.9241,342,655,0.0503,0.083,0.0392,0.0019,0.045,81,24,0,8,3,0,0.5215,202.0,60.4,409.54,7695.45,9202.86,2,0.0251,1.4655,0,9
2026-09-09T15:21:44.093462+00:00,dos_hulk_v1,dos_hulk_v1__run_001,impact,T1499,102,2,1.0,1.0,0.0169,277777.23,499337.64,0.8694,1428,2567,0.0427,0.0693,0.0416,0.0022,0.0483,70,19,0,6,4,0,0.5561,194.52,62.23,331.92,7813.09,7381.42,3,0.0,0.7748,0,4
2026-09-09T15:21:49.093462+00:00,dos_hulk_v1,dos_hulk_v1__run_001,impact,T1499,119,2,0.9999,1.0,0.0,164862.24,224236.4,0.9819,833,1133,0.0398,0.0586,0.0455,0.0027,0.0536,88,24,0,4,4,4,0.7348,197.91,64.25,481.04,8757.99,7515.5,3,0.0,0.7771,0,6
2026-09-09T15:21:54.093462+00:00,dos_hulk_v1,dos_hulk_v1__run_001,impact,T1499,141,2,0.9991,1.0,0.0,85588.92,145683.27,0.9174,423,720,0.0385,0.0529,0.0418,0.0024,0.049,99,30,7,3,2,2,0.5873,202.34,59.41,361.84,5650.8,9086.61,1,0.0433,0.3467,0,7
2026-09-09T15:21:59.093462+00:00,dos_hulk_v1,dos_hulk_v1__run_001,impact,T1499,118,2,0.9981,0.9936,0.0319,69011.23,97083.59,0.9361,354,498,0.0534,0.1195,0.0402,0.0025,0.0477,78,23,1,7,1,0,0.7099,194.95,52.65,358.14,9289.26,6312.38,0,0.0,1.6088,0,6
2026-09-09T15:22:04.093462+00:00,dos_hulk_v1,dos_hulk_v1__run_001,impact,T1499,140,2,0.9994,1.0,0.0,232350.23,316992.1,0.9668,1120,1528,0.0394,0.08,0.0386,0.0019,0.0442,95,27,2,9,9,0,0.7327,207.46,67.3,420.94,9663.03,7205.43,8,0.0258,1.2639,0,3
2026-09-09T15:22:09.093462+00:00,dos_hulk_v1,dos_hulk_v1__run_001,impact,T1499,100,2,0.9988,1.0,0.0,141769.03,220147.04,1.0,700,1087,0.0259,0.0369,0.0441,0.0026,0.0518,69,20,3,4,3,1,0.644,202.53,50.02,369.56,6762.27,9388.23,2,0.0118,1.2512,0,11
2026-09-09T15:22:14.093462+00:00,dos_hulk_v1,dos_hulk_v1__run_001,impact,T1499,118,2,1.0,1.0,0.0,230198.45,351345.26,0.9762,1180,1801,0.0346,0.0542,0.0442,0.0015,0.0485,82,25,0,2,5,2,0.6549,195.08,56.45,368.82,8227.98,8601.16,3,0.0,0.4086,0,7
2026-09-09T15:22:19.093462+00:00,dos_hulk_v1,dos_hulk_v1__run_001,impact,T1499,148,2,0.9988,1.0,0.0217,177652.17,354904.22,0.9525,888,1774,0.0211,0.0481,0.0423,0.0016,0.047,105,30,2,6,4,0,0.5005,200.06,64.55,446.99,7501.91,7377.11,3,0.0,0.9137,0,7
2026-09-09T15:22:24.093462+00:00,dos_hulk_v1,dos_hulk_v1__run_001,impact,T1499,120,2,1.0,1.0,0.0138,73867.95,134398.63,0.9841,360,655,0.0539,0.1053,0.0414,0.0031,0.0507,82,24,4,7,7,2,0.5496,205.19,67.09,522.63,6653.05,8632.58,4,0.0411,0.3884,0,6
2026-09-09T15:22:29.093462+00:00,dos_hulk_v1,dos_hulk_v1__run_001,impact,T1499,122,2,1.0,0.9689,0.0221,95112.72,160989.98,0.927,488,826,0.0324,0.049,0.0412,0.0013,0.0452,80,20,5,7,5,0,0.5901,194.9,66.45,458.79,10164.67,7380.61,4,0.0,1.0394,0,7
2026-09-09T15:22:34.093462+00:00,dos_hulk_v1,dos_hulk_v1__run_001,impact,T1499,127,2,0.987,1.0,0.0039,201598.34,333153.16,1.0,1016,1679,0.0396,0.1018,0.0394,0.0028,0.0479,87,21,0,5,4,4,0.6048,198.42,54.57,426.14,8910.16,9353.21,2,0.0327,1.5632,0,5
2026-09-09T15:22:39.093462+00:00,dos_hulk_v1,dos_hulk_v1__run_001,impact,T1499,129,2,0.9874,0.9509,0.0595,183165.55,311766.84,0.9285,903,1537,0.0329,0.0737,0.0432,0.0017,0.0484,89,29,4,6,3,1,0.5872,202.84,57.97,453.04,9100.94,6708.99,1,0.0182,0.6305,0,10
2026-09-09T15:22:44.093462+00:00,dos_hulk_v1,dos_hulk_v1__run_001,impact,T1499,128,2,0.9984,0.9992,0.0103,249617.11,407967.96,0.8586,1280,2092,0.0241,0.038,0.0437,0.0031,0.0529,89,24,0,7,5,0,0.6116,195.01,57.2,393.89,7804.98,8043.82,4,0.0141,1.0748,0,6
2026-09-09T15:22:49.093462+00:00,dos_hulk_v1,dos_hulk_v1__run_001,impact,T1499,121,2,1.0,0.9476,0.0296,175181.01,399793.26,0.9494,847,1933,0.0335,0.0607,0.0474,0.0031,0.0567,83,22,3,4,4,4,0.438,206.83,66.06,429.16,6664.55,8923.15,3,0.0,1.3229,0,4
2026-09-09T15:22:54.093462+00:00,dos_hulk_v1,dos_hulk_v1__run_001,impact,T1499,129,2,0.9965,1.0,0.0176,51262.5,101531.54,0.8972,258,511,0.0277,0.0471,0.0419,0.0019,0.0476,93,27,4,8,3,0,0.5041,198.69,59.81,370.84,7579.13,8429.95,2,0.0174,0.958,0,6
2026-09-09T15:22:59.093462+00:00,dos_hulk_v1,dos_hulk_v1__run_001,impact,T1499,99,2,0.9786,1.0,0.0,153852.21,202805.19,0.8827,792,1044,0.0403,0.1124,0.038,0.0015,0.0424,68,23,3,0,1,0,0.7585,194.26,60.26,434.33,6063.36,9593.29,0,0.0108,1.1144,0,7
2026-09-09T15:23:04.093462+00:00,dos_hulk_v1,dos_hulk_v1__run_001,impact,T1499,117,2,0.9995,1.0,0.0,114773.75,202668.86,0.9185,585,1033,0.0308,0.0831,0.0416,0.0017,0.0467,83,22,1,6,2,0,0.5659,196.19,68.31,485.91,9418.21,7550.27,1,0.0,0.0,0,10
2026-09-09T15:23:09.093462+00:00,dos_hulk_v1,dos_hulk_v1__run_001,impact,T1499,124,2,0.9992,1.0,0.0,145154.9,181053.42,0.9357,744,928,0.0416,0.1186,0.0477,0.0034,0.0579,88,24,0,8,3,0,0.8011,195.1,57.13,453.08,8791.3,6906.82,1,0.0,1.2663,0,8
2026-09-09T15:23:14.093462+00:00,dos_hulk_v1,dos_hulk_v1__run_001,impact,T1499,106,2,0.9959,1.0,0.0197,126632.39,210058.45,0.9746,636,1055,0.0621,0.079,0.0486,0.0031,0.0578,75,21,0,7,2,0,0.6024,199.11,56.74,375.85,8502.55,8531.87,1,0.0521,1.7016,0,6
2026-09-09T15:23:19.093462+00:00,dos_hulk_v1,dos_hulk_v1__run_001,impact,T1499,126,2,0.9911,0.956,0.0394,217271.55,389900.89,0.9707,1134,2035,0.0442,0.0944,0.0381,0.0012,0.0418,85,22,2,5,6,1,0.5572,191.6,58.72,501.78,8698.78,8271.68,5,0.0465,0.4015,0,9
2026-09-09T15:23:24.093462+00:00,dos_hulk_v1,dos_hulk_v1__run_001,impact,T1499,110,2,0.9998,1.0,0.0,191848.81,410633.97,0.9181,990,2119,0.0479,0.1371,0.0398,0.0025,0.0474,76,24,4,3,4,0,0.4672,193.79,63.47,370.25,6630.82,8737.42,3,0.0,1.6002,0,7
2026-09-09T15:23:29.093462+00:00,dos_hulk_v1,dos_hulk_v1__run_001,impact,T1499,127,2,0.9996,0.984,0.053,150008.81,290961.96,0.9348,762,1478,0.0539,0.1558,0.0435,0.0027,0.0517,89,28,2,5,0,0,0.5153,196.86,57.25,491.84,7934.9,8920.69,0,0.0,0.898,0,8
2026-09-09T15:23:34.093462+00:00,dos_hulk_v1,dos_hulk_v1__run_001,impact,T1499,112,2,0.9998,0.9883,0.0311,66216.34,93215.26,1.0,336,473,0.0484,0.0773,0.0384,0.0017,0.0436,78,20,2,6,1,0,0.7092,197.07,53.51,362.16,6813.86,7743.48,0,0.0157,0.213,0,9
2026-09-09T15:23:39.093462+00:00,dos_hulk_v1,dos_hulk_v1__run_001,impact,T1499,121,2,0.9917,0.9943,0.0095,48790.14,71773.92,0.9757,242,356,0.0404,0.0859,0.0405,0.0014,0.0446,82,21,1,5,0,5,0.6789,201.61,54.76,388.0,4699.1,6610.17,0,0.0713,0.0,0,8
2026-09-09T15:23:44.093462+00:00,dos_hulk_v1,dos_hulk_v1__run_001,impact,T1499,114,2,0.9944,1.0,0.0,167237.53,428546.16,0.8341,912,2337,0.0395,0.0984,0.0398,0.0026,0.0476,81,28,1,10,3,0,0.3901,183.37,51.05,349.92,8846.78,7427.57,2,0.035,1.4051,0,6
2026-09-09T15:23:49.093462+00:00,dos_hulk_v1,dos_hulk_v1__run_001,impact,T1499,128,2,0.9993,0.9837,0.0121,98107.28,131831.65,0.9829,512,688,0.0582,0.0786,0.0424,0.0022,0.0491,86,22,0,8,1,0,0.7437,191.62,54.25,339.36,8582.67,7869.71,0,0.0169,1.7643,0,7
2026-09-09T15:23:54.093462+00:00,dos_hulk_v1,dos_hulk_v1__run_001,impact,T1499,130,2,1.0,1.0,0.0076,102290.01,163073.88,0.9096,520,829,0.0279,0.0337,0.0395,0.0011,0.0429,88,27,1,2,6,0,0.6266,196.71,56.91,392.82,9277.46,7692.04,3,0.0388,1.2312,0,10
2026-09-09T15:23:59.093462+00:00,dos_hulk_v1,dos_hulk_v1__run_001,impact,T1499,121,2,0.9988,1.0,0.0012,193399.59,286303.33,1.0,968,1433,0.0472,0.1187,0.0334,0.0012,0.0369,89,24,0,1,4,0,0.675,199.79,53.92,388.02,7743.26,7804.99,3,0.0,1.8798,0,9
2026-09-09T15:24:04.093462+00:00,dos_hulk_v1,dos_hulk_v1__run_001,impact,T1499,118,2,0.9998,1.0,0.0,118054.43,237509.51,1.0,590,1187,0.0591,0.0813,0.0412,0.0031,0.0504,81,25,0,5,2,0,0.4967,200.09,58.99,376.86,9062.11,9825.99,1,0.0199,0.9512,0,5
2026-09-09T15:24:09.093462+00:00,dos_hulk_v1,dos_hulk_v1__run_001,impact,T1499,103,2,0.9846,0.974,0.0,82935.2,118565.13,0.9179,412,589,0.039,0.0905,0.0373,0.0026,0.0452,74,22,5,4,5,0,0.6985,201.3,59.93,407.91,7718.04,7166.39,3,0.0268,0.6272,0,7
2026-09-09T15:24:14.093462+00:00,dos_hulk_v1,dos_hulk_v1__run_001,impact,T1499,112,2,0.9979,1.0,0.0234,116976.34,131807.27,0.8997,560,631,0.0361,0.0743,0.0445,0.0032,0.0541,80,25,3,4,5,0,0.8866,208.89,54.99,403.32,5804.65,10566.93,4,0.0791,1.4597,0,8
2026-09-09T15:24:19.093462+00:00,dos_hulk_v1,dos_hulk_v1__run_001,impact,T1499,142,2,0.9964,1.0,0.0,29284.84,45577.1,0.8986,142,221,0.0257,0.0675,0.0364,0.0017,0.0415,101,29,6,10,4,0,0.6401,206.23,59.4,416.97,8301.65,9594.16,2,0.0261,1.2511,0,12
2026-09-09T15:24:24.093462+00:00,dos_hulk_v1,dos_hulk_v1__run_001,impact,T1499,146,2,0.9999,1.0,0.0069,147850.56,273827.34,0.9799,730,1352,0.0399,0.0606,0.0352,0.0024,0.0425,95,30,2,5,3,1,0.5399,202.54,62.64,437.46,8558.1,6740.36,2,0.0194,1.1854,0,12
2026-09-09T15:24:29.093462+00:00,dos_hulk_v1,dos_hulk_v1__run_001,impact,T1499,123,2,0.9961,0.9984,0.0544,145031.11,255474.85,0.9523,738,1300,0.0217,0.0593,0.0368,0.0019,0.0425,87,22,7,2,0,0,0.5675,196.52,59.62,400.67,6465.32,8359.23,0,0.0,0.7685,0,3
2026-09-09T15:24:34.093462+00:00,dos_hulk_v1,dos_hulk_v1__run_001,impact,T1499,146,2,0.9934,0.9614,0.0573,228925.34,362007.79,0.9648,1168,1847,0.0229,0.0545,0.0442,0.0019,0.0499,101,30,0,8,3,0,0.6322,196.0,54.07,363.51,8397.34,8739.99,2,0.0137,0.4301,0,7
2026-09-09T15:24:39.093462+00:00,dos_hulk_v1,dos_hulk_v1__run_001,impact,T1499,127,2,0.9946,1.0,0.0237,265654.23,403919.94,0.9554,1270,1931,0.036,0.0872,0.0335,0.0016,0.0382,87,31,5,7,3,0,0.6575,209.18,71.98,428.1,7760.89,7858.87,2,0.0,0.4356,0,10
2026-09-09T15:24:44.093462+00:00,dos_hulk_v1,dos_hulk_v1__run_001,impact,T1499,114,2,0.9991,0.9919,0.017,43919.26,73391.4,0.8938,228,381,0.0466,0.1124,0.0463,0.0012,0.0499,80,22,1,7,3,0,0.5979,192.63,53.94,362.87,10648.52,8747.92,2,0.0014,0.6776,0,11
2026-09-09T15:24:49.093462+00:00,dos_hulk_v1,dos_hulk_v1__run_001,impact,T1499,121,2,0.9988,0.9868,0.0089,221950.26,412513.61,0.9303,1089,2024,0.0547,0.1514,0.0417,0.0031,0.0511,87,24,2,7,4,3,0.538,203.81,59.79,416.88,7849.87,8672.39,3,0.0091,0.7974,0,11
2026-09-09T15:24:54.093462+00:00,dos_hulk_v1,dos_hulk_v1__run_001,impact,T1499,146,2,0.9864,1.0,0.0014,266433.96,527596.01,0.991,1314,2602,0.0366,0.0771,0.0299,0.002,0.0358,95,30,3,7,8,4,0.5049,202.77,59.51,410.86,10739.12,7432.04,6,0.0381,0.6248,0,11
2026-09-09T15:24:59.093462+00:00,dos_hulk_v1,dos_hulk_v1__run_001,impact,T1499,123,2,1.0,0.9982,0.0,128994.53,201986.55,0.8483,615,963,0.0198,0.048,0.045,0.0023,0.052,89,23,0,10,6,0,0.6381,209.75,73.67,425.72,7867.73,8814.18,5,0.0435,1.2079,0,8
2026-09-09T15:25:04.093462+00:00,dos_hulk_v1,dos_hulk_v1__run_001,impact,T1499,106,2,0.9907,0.963,0.0859,148232.99,201972.44,0.9777,742,1011,0.0555,0.1563,0.0273,0.0016,0.032,74,20,3,3,2,0,0.7333,199.77,50.58,334.49,7528.05,9984.59,1,0.043,1.1293,0,5
2026-09-09T15:25:09.093462+00:00,dos_hulk_v1,dos_hulk_v1__run_001,impact,T1499,117,2,0.9974,1.0,0.0,134715.91,201306.25,0.8922,702,1049,0.0456,0.0793,0.0355,0.0015,0.04,81,23,3,5,5,1,0.6686,191.9,51.4,336.85,9161.3,8344.2,3,0.0434,0.6179,0,3
2026-09-09T15:25:14.093462+00:00,dos_hulk_v1,dos_hulk_v1__run_001,impact,T1499,145,2,0.9983,1.0,0.0377,117391.65,194505.82,0.857,580,961,0.0479,0.0933,0.035,0.0016,0.0398,106,26,4,1,2,0,0.6035,202.4,58.81,498.39,10682.41,6535.35,1,0.0,0.9629,0,11
2026-09-09T15:25:19.093462+00:00,dos_hulk_v1,dos_hulk_v1__run_001,impact,T1499,117,2,0.9999,0.9931,0.0167,174983.83,248908.62,0.9317,819,1165,0.0325,0.0742,0.0427,0.0019,0.0482,80,24,1,7,2,1,0.7025,213.66,65.42,387.66,7244.53,7567.52,1,0.0385,0.4551,0,4
2026-09-09T15:25:24.093462+00:00,dos_hulk_v1,dos_hulk_v1__run_001,impact,T1499,146,2,0.9804,0.9909,0.0251,148223.37,238375.67,0.8674,730,1174,0.0275,0.0429,0.0356,0.0013,0.0397,103,29,0,5,6,4,0.6216,203.05,61.92,486.5,7227.67,6864.42,3,0.0245,2.3329,0,14
2026-09-09T15:25:29.093462+00:00,dos_hulk_v1,dos_hulk_v1__run_001,impact,T1499,99,2,0.9982,1.0,0.0,143289.75,262387.73,0.9826,693,1269,0.0213,0.0267,0.0403,0.0026,0.0483,68,19,1,5,4,2,0.5459,206.77,57.64,395.26,8273.93,6655.65,2,0.0,1.4516,0,3
2026-09-09T15:25:34.093462+00:00,dos_hulk_v1,dos_hulk_v1__run_001,impact,T1499,123,2,0.9988,1.0,0.0046,103583.9,179377.0,0.9101,492,852,0.0367,0.081,0.0411,0.0016,0.0459,89,25,6,6,10,1,0.5769,210.54,66.33,437.24,9323.91,7102.32,8,0.0313,1.2566,0,6
2026-09-09T15:25:39.093462+00:00,dos_hulk_v1,dos_hulk_v1__run_001,impact,T1499,135,2,0.9885,0.9791,0.0,431649.26,483806.88,0.9172,2160,2421,0.0564,0.1641,0.0422,0.0032,0.0516,91,25,3,8,2,0,0.8921,199.84,50.75,351.68,8904.47,7602.77,1,0.0797,1.5646,0,10
2026-09-09T15:25:44.093462+00:00,dos_hulk_v1,dos_hulk_v1__run_001,impact,T1499,117,2,0.9999,0.969,0.0054,45106.03,68622.85,0.9052,234,356,0.0504,0.0616,0.0368,0.0021,0.043,83,22,4,7,3,0,0.6568,192.76,62.26,585.37,8839.54,9592.63,1,0.0,1.0652,0,6
2026-09-09T15:25:49.093462+00:00,dos_hulk_v1,dos_hulk_v1__run_001,impact,T1499,138,2,0.9994,1.0,0.0,54547.84,96842.18,0.9355,276,490,0.0558,0.1235,0.046,0.0029,0.0546,94,21,3,9,6,4,0.5625,197.64,62.88,475.72,6733.93,7006.01,4,0.0092,0.5551,0,6
2026-09-09T15:25:54.093462+00:00,dos_hulk_v1,dos_hulk_v1__run_001,impact,T1499,144,2,0.9999,0.9777,0.0101,203953.13,269509.49,0.9103,1008,1332,0.0277,0.0808,0.0361,0.0012,0.0397,97,31,0,6,6,0,0.7567,202.33,64.53,474.77,8580.45,8705.61,3,0.0,0.48,0,14
2026-09-09T15:25:59.093462+00:00,dos_hulk_v1,dos_hulk_v1__run_001,impact,T1499,114,2,0.9678,1.0,0.0298,74020.99,113628.72,0.9862,342,525,0.0384,0.0785,0.0432,0.0012,0.0468,81,22,0,11,2,0,0.6509,216.44,58.5,418.67,8336.55,7231.36,1,0.0293,0.8056,0,8
2026-09-09T15:26:04.093462+00:00,dos_hulk_v1,dos_hulk_v1__run_001,impact,T1499,125,2,1.0,1.0,0.0123,74544.65,111916.37,0.9243,375,563,0.0522,0.1256,0.0432,0.0018,0.0485,86,30,2,5,5,0,0.6655,198.79,56.13,349.09,6621.55,7711.41,2,0.0433,0.221,0,11
2026-09-09T15:26:09.093462+00:00,dos_hulk_v1,dos_hulk_v1__run_001,impact,T1499,137,2,0.999,1.0,0.0,221834.77,446300.78,0.9471,1096,2205,0.0515,0.103,0.0434,0.0025,0.051,96,27,0,9,4,0,0.497,202.4,61.18,445.71,10133.19,8985.88,2,0.0,0.395,0,5
2026-09-09T15:26:14.093462+00:00,dos_hulk_v1,dos_hulk_v1__run_001,impact,T1499,141,2,0.9997,1.0,0.0,144390.42,249457.49,0.9011,705,1218,0.0474,0.099,0.0307,0.0011,0.034,102,20,2,5,0,1,0.5787,204.81,55.58,381.89,7772.75,7859.51,0,0.0209,1.2147,0,4
2026-09-09T15:26:19.093462+00:00,dos_hulk_v1,dos_hulk_v1__run_001,impact,T1499,119,2,0.9995,0.9737,0.0068,101206.06,177110.6,0.8683,476,833,0.0535,0.1445,0.0432,0.0027,0.0511,81,26,2,8,2,0,0.5712,212.62,72.63,453.04,8795.78,10687.42,1,0.005,1.4352,0,6
2026-09-09T15:26:24.093462+00:00,dos_hulk_v1,dos_hulk_v1__run_001,impact,T1499,122,2,0.9842,1.0,0.0249,147813.37,251000.03,0.914,732,1243,0.0564,0.1122,0.0414,0.003,0.0503,89,21,4,4,0,0,0.5888,201.93,63.35,386.31,6857.26,9880.21,0,0.1063,1.1133,0,9
2026-09-09T15:26:29.093462+00:00,dos_hulk_v1,dos_hulk_v1__run_001,impact,T1499,132,2,0.9834,0.9981,0.0041,106955.63,209049.63,0.906,528,1032,0.0476,0.0633,0.0372,0.0017,0.0424,91,29,4,5,8,4,0.5112,202.57,55.63,364.26,7562.18,8431.53,7,0.0205,1.0603,0,9
2026-09-09T15:26:34.093462+00:00,dos_hulk_v1,dos_hulk_v1__run_001,impact,T1499,109,2,0.9926,0.9963,0.0127,111536.16,169453.1,0.9261,545,828,0.0543,0.0733,0.0377,0.0028,0.0461,75,19,2,0,3,1,0.6576,204.65,76.66,498.65,7857.49,7585.45,2,0.0,0.8355,0,11
2026-09-09T15:26:39.093462+00:00,dos_hulk_v1,dos_hulk_v1__run_001,impact,T1499,132,2,1.0,1.0,0.0028,174492.41,373723.47,0.9624,924,1979,0.0357,0.0564,0.0478,0.0023,0.0547,91,19,5,4,2,0,0.4667,188.84,51.11,351.72,7412.68,9197.24,1,0.0707,1.2311,0,4
2026-09-09T15:26:44.093462+00:00,dos_hulk_v1,dos_hulk_v1__run_001,impact,T1499,118,2,0.9992,0.9988,0.0104,70658.25,119759.75,0.976,354,600,0.0496,0.1106,0.0363,0.0027,0.0445,84,28,3,7,0,2,0.5894,199.6,55.79,339.33,9666.47,8109.91,0,0.0152,0.3134,0,9
2026-09-09T15:26:49.093462+00:00,dos_hulk_v1,dos_hulk_v1__run_001,impact,T1499,119,2,0.9987,0.9988,0.0,219015.0,468295.37,0.9276,1071,2290,0.0455,0.0701,0.0498,0.0019,0.0554,86,26,2,4,0,0,0.4675,204.5,54.98,357.91,7002.61,7765.46,0,0.0574,0.4448,0,11
2026-09-09T15:26:54.093462+00:00,dos_hulk_v1,dos_hulk_v1__run_001,impact,T1499,130,2,0.9957,0.9799,0.025,76911.91,128383.72,0.9318,390,651,0.0568,0.0962,0.0462,0.0026,0.0541,89,24,0,4,0,0,0.5982,197.21,55.46,369.49,7989.26,8199.12,0,0.0,0.9364,0,5
2026-09-09T15:26:59.093462+00:00,dos_hulk_v1,dos_hulk_v1__run_001,impact,T1499,150,2,0.9871,0.9527,0.0408,153458.68,205020.8,0.9483,750,1002,0.0404,0.112,0.039,0.0018,0.0445,105,31,10,8,2,3,0.7479,204.61,64.18,424.32,8138.32,7401.18,1,0.0,0.565,0,6
2026-09-09T15:27:04.093462+00:00,dos_hulk_v1,dos_hulk_v1__run_001,impact,T1499,113,2,0.9999,0.9561,0.0388,137435.36,258451.45,0.8723,678,1275,0.0435,0.1266,0.042,0.0016,0.0469,81,22,0,5,3,3,0.5315,202.71,53.56,350.89,10196.05,7589.89,2,0.0358,0.8309,0,5
2026-09-09T15:27:09.093462+00:00,dos_hulk_v1,dos_hulk_v1__run_001,impact,T1499,114,2,0.9964,0.9938,0.0,222569.73,437915.71,0.8733,1140,2243,0.0434,0.0652,0.0373,0.0018,0.0426,80,22,3,5,2,0,0.5081,195.24,61.43,405.17,6848.51,8525.97,1,0.0461,0.9501,0,8
2026-09-09T15:27:14.093462+00:00,dos_hulk_v1,dos_hulk_v1__run_001,impact,T1499,140,2,0.9852,0.9491,0.0355,85379.19,143111.78,1.0,420,704,0.0411,0.0951,0.0368,0.0016,0.0416,98,28,4,2,0,2,0.5966,203.28,60.81,415.61,8383.26,7480.32,0,0.0403,0.9498,0,3
2026-09-09T15:27:19.093462+00:00,dos_hulk_v1,dos_hulk_v1__run_001,impact,T1499,123,2,0.9977,1.0,0.0085,147759.87,264085.74,0.9625,738,1319,0.0335,0.079,0.0415,0.0016,0.0463,88,23,3,5,5,0,0.5592,200.22,52.92,376.0,8095.3,6528.24,4,0.0,1.6908,0,8
2026-09-09T15:27:24.093462+00:00,dos_hulk_v1,dos_hulk_v1__run_001,impact,T1499,126,2,0.9955,0.987,0.0097,230512.67,396994.04,0.9765,1134,1953,0.0522,0.1107,0.0436,0.0014,0.0477,89,24,0,4,5,1,0.5805,203.27,57.43,389.32,9896.61,8795.34,4,0.0,0.3929,0,8
2026-09-09T15:27:29.093462+00:00,dos_hulk_v1,dos_hulk_v1__run_001,impact,T1499,98,2,0.9952,0.9742,0.0,116328.55,184186.88,0.9404,588,931,0.0571,0.124,0.041,0.0029,0.0497,70,17,1,3,4,2,0.6314,197.84,58.16,383.63,9800.52,8193.96,3,0.0009,0.5787,0,7
2026-09-09T15:27:34.093462+00:00,dos_hulk_v1,dos_hulk_v1__run_001,impact,T1499,117,2,0.9957,0.978,0.0,132912.11,153928.13,0.9594,702,813,0.0444,0.1042,0.046,0.0017,0.0511,80,24,2,3,3,0,0.8635,189.33,50.44,366.18,9067.42,6948.43,1,0.0143,0.3448,0,5
2026-09-09T15:27:39.093462+00:00,dos_hulk_v1,dos_hulk_v1__run_001,impact,T1499,123,2,0.9977,0.9941,0.0,47752.09,83663.21,0.9015,246,431,0.0283,0.0804,0.0411,0.0016,0.0459,81,23,0,4,1,0,0.5706,194.11,58.85,403.23,9157.63,10431.64,0,0.0094,1.0853,0,4
2026-09-09T15:27:44.093462+00:00,dos_hulk_v1,dos_hulk_v1__run_001,impact,T1499,98,2,0.9925,0.9664,0.0325,119312.54,237204.69,0.9497,588,1169,0.0216,0.0565,0.0429,0.003,0.0519,64,21,0,6,2,2,0.5026,202.91,57.26,378.87,6989.85,8735.8,1,0.0255,1.0001,0,6
2026-09-09T15:27:49.093462+00:00,dos_hulk_v1,dos_hulk_v1__run_001,impact,T1499,116,2,0.9923,0.984,0.0,222234.21,465733.94,0.9485,1160,2431,0.0295,0.0419,0.0435,0.002,0.0494,87,29,0,10,1,0,0.4771,191.58,49.83,331.89,11546.81,6071.94,0,0.0136,0.9827,0,4
2026-09-09T15:27:54.093462+00:00,dos_hulk_v1,dos_hulk_v1__run_001,impact,T1499,113,2,0.9995,1.0,0.0076,159260.89,189462.07,0.9128,791,941,0.0491,0.142,0.0404,0.0016,0.0453,80,22,7,7,0,0,0.8402,201.34,62.26,524.73,8779.1,8852.78,0,0.0,0.1827,0,6
2026-09-09T15:27:59.093462+00:00,dos_hulk_v1,dos_hulk_v1__run_001,impact,T1499,131,2,0.9848,0.9796,0.0108,236167.84,297263.0,0.9692,1179,1484,0.0256,0.0325,0.0457,0.0027,0.0539,88,22,3,4,0,0,0.7944,200.31,66.48,462.14,9438.08,9199.95,0,0.0,1.0126,0,12
2026-09-09T15:28:04.093462+00:00,dos_hulk_v1,dos_hulk_v1__run_001,impact,T1499,111,2,0.9985,1.0,0.0177,88276.45,136391.1,1.0,444,686,0.042,0.1172,0.0481,0.0019,0.0538,75,19,1,3,0,3,0.6465,198.82,57.42,399.02,7429.9,8381.27,0,0.0,1.5319,0,5
2026-09-09T15:28:09.093462+00:00,dos_hulk_v1,dos_hulk_v1__run_001,impact,T1499,115,2,0.9973,1.0,0.0571,154338.38,231986.88,0.8871,805,1210,0.0352,0.0597,0.0365,0.0009,0.0392,81,24,3,8,4,0,0.6651,191.72,58.57,395.1,9976.78,8281.31,2,0.0173,1.0227,0,7
2026-09-09T15:28:14.093462+00:00,dos_hulk_v1,dos_hulk_v1__run_001,impact,T1499,126,2,0.9883,0.9917,0.0,123538.51,173738.29,0.9528,630,886,0.0203,0.0362,0.0394,0.0016,0.0441,90,29,1,8,2,0,0.7103,196.09,57.86,404.79,8190.93,7913.58,1,0.0377,0.7591,0,7
2026-09-09T15:28:19.093462+00:00,dos_hulk_v1,dos_hulk_v1__run_001,impact,T1499,121,2,0.9988,0.948,0.0166,198164.01,480261.13,0.9372,968,2346,0.0559,0.0934,0.0328,0.0015,0.0373,84,22,0,4,4,0,0.4125,204.71,67.02,460.83,8008.67,7607.78,3,0.0426,0.0,0,10
2026-09-09T15:28:24.093462+00:00,dos_hulk_v1,dos_hulk_v1__run_001,impact,T1499,141,2,0.9918,1.0,0.0,196227.64,226645.9,0.8986,987,1140,0.0366,0.0495,0.0379,0.0014,0.0421,99,29,4,1,1,4,0.8657,198.81,61.99,558.24,7584.65,6514.99,0,0.0128,1.782,0,5
2026-09-09T15:28:29.093462+00:00,dos_hulk_v1,dos_hulk_v1__run_001,impact,T1499,129,2,1.0,1.0,0.0,105597.35,174563.06,0.9866,516,853,0.0464,0.1101,0.0367,0.001,0.0398,94,29,3,4,0,0,0.6048,204.65,68.04,501.27,8017.56,7796.97,0,0.0013,2.0134,0,2
2026-09-09T15:28:34.093462+00:00,dos_hulk_v1,dos_hulk_v1__run_001,impact,T1499,124,2,0.9932,0.9811,0.0214,102967.72,150092.06,0.9046,496,723,0.026,0.07,0.0306,0.0019,0.0363,88,23,2,6,0,0,0.6855,207.6,60.36,459.3,9766.39,7834.68,0,0.0067,0.7072,0,7
2026-09-09T15:28:39.093462+00:00,dos_hulk_v1,dos_hulk_v1__run_001,impact,T1499,139,2,0.997,1.0,0.0185,53671.46,70467.93,0.9361,278,365,0.0269,0.0791,0.0402,0.0029,0.049,96,25,1,9,3,0,0.7612,193.06,57.65,492.19,8063.37,7161.53,2,0.0,0.8002,0,8
2026-09-09T15:28:44.093462+00:00,dos_hulk_v1,dos_hulk_v1__run_001,impact,T1499,137,2,0.999,1.0,0.0,166483.42,263497.48,0.9729,822,1301,0.0229,0.0508,0.0372,0.001,0.0402,94,28,2,5,1,0,0.6314,202.53,66.26,490.84,9358.39,10551.21,0,0.0341,1.7731,0,12
2026-09-09T15:28:49.093462+00:00,dos_hulk_v1,dos_hulk_v1__run_001,impact,T1499,124,2,0.997,1.0,0.0072,74601.65,176075.94,0.9228,372,878,0.0257,0.0506,0.0505,0.0029,0.0592,83,23,0,9,2,2,0.4236,200.54,52.96,331.34,7976.91,8204.63,1,0.0325,1.1566,0,6
2026-09-09T15:28:54.093462+00:00,dos_hulk_v1,dos_hulk_v1__run_001,impact,T1499,113,2,0.9999,1.0,0.0,69084.21,124107.04,0.8975,339,609,0.0548,0.1184,0.0479,0.0018,0.0533,76,21,1,6,8,0,0.5561,203.79,60.61,378.3,6326.53,10902.08,6,0.0169,1.8785,0,8
2026-09-09T15:28:59.093462+00:00,dos_hulk_v1,dos_hulk_v1__run_001,impact,T1499,120,2,0.9992,1.0,0.0199,72811.19,167870.25,0.9516,360,830,0.0276,0.0349,0.0382,0.0022,0.0448,83,20,3,8,4,0,0.4335,202.25,56.54,391.36,7863.94,7728.26,3,0.0,0.6716,0,7
2026-09-09T15:29:04.093462+00:00,dos_hulk_v1,dos_hulk_v1__run_001,impact,T1499,131,2,1.0,1.0,0.0,183639.79,290579.43,0.9751,917,1451,0.0259,0.0764,0.0476,0.0016,0.0525,87,23,1,8,6,0,0.6316,200.26,58.98,405.77,8240.5,7954.37,4,0.039,0.8573,0,11
2026-09-09T15:29:09.093462+00:00,dos_hulk_v1,dos_hulk_v1__run_001,impact,T1499,138,2,0.9962,0.9969,0.0,278531.27,404072.17,0.9975,1380,2002,0.053,0.0739,0.0371,0.0012,0.0408,97,32,7,3,2,0,0.6891,201.83,60.74,395.51,9346.82,9530.04,1,0.0446,1.316,0,13
2026-09-09T15:29:14.093462+00:00,dos_hulk_v1,dos_hulk_v1__run_001,impact,T1499,150,2,0.9918,1.0,0.0147,152055.9,242478.48,0.9944,750,1196,0.0209,0.0466,0.0429,0.0023,0.0499,105,30,1,2,3,1,0.6267,202.74,54.63,384.84,6991.06,7784.59,1,0.0,0.8539,0,11
2026-09-09T15:29:19.093462+00:00,dos_hulk_v1,dos_hulk_v1__run_001,impact,T1499,125,2,0.9977,1.0,0.0,233457.48,411715.24,0.8917,1125,1984,0.021,0.0606,0.0426,0.0028,0.051,92,20,2,4,11,0,0.5668,207.52,61.91,402.18,8481.76,7713.66,9,0.0023,0.7633,0,6
2026-09-09T15:29:24.093462+00:00,dos_hulk_v1,dos_hulk_v1__run_001,impact,T1499,106,2,0.9562,1.0,0.0,165818.17,273951.96,1.0,848,1401,0.0233,0.0494,0.042,0.0024,0.0492,73,23,0,9,3,4,0.605,195.54,55.08,442.74,7735.17,9030.49,2,0.0,0.9168,0,7
2026-09-09T15:29:29.093462+00:00,dos_hulk_v1,dos_hulk_v1__run_001,impact,T1499,115,2,0.9956,0.9467,0.0631,143944.58,216959.95,0.9214,690,1040,0.0393,0.111,0.0455,0.0031,0.0548,82,24,2,5,0,2,0.6629,208.62,63.85,415.13,7906.77,9256.5,0,0.0,1.3312,0,6
2026-09-09T15:29:34.093462+00:00,dos_hulk_v1,dos_hulk_v1__run_001,impact,T1499,131,2,0.9996,0.9781,0.0314,241287.58,294702.39,0.9867,1179,1440,0.0376,0.0787,0.0461,0.0025,0.0536,94,25,0,5,0,0,0.8185,204.65,57.84,447.47,8649.2,8396.92,0,0.0,1.3879,0,3
2026-09-09T15:29:39.093462+00:00,dos_hulk_v1,dos_hulk_v1__run_001,impact,T1499,146,2,1.0,1.0,0.0288,144282.5,290936.77,0.9877,730,1472,0.0317,0.0661,0.0401,0.0016,0.045,102,29,3,1,8,0,0.4957,197.65,64.28,438.96,9856.88,9045.74,7,0.0089,1.103,0,13
2026-09-09T15:29:44.093462+00:00,dos_hulk_v1,dos_hulk_v1__run_001,impact,T1499,111,2,0.9953,1.0,0.0004,66016.51,109036.27,0.9094,333,550,0.0532,0.1081,0.0386,0.0019,0.0444,80,23,1,6,2,1,0.6051,198.25,56.77,416.14,9618.96,7213.42,1,0.0,1.4605,0,6
2026-09-09T15:29:49.093462+00:00,dos_hulk_v1,dos_hulk_v1__run_001,impact,T1499,135,2,0.9751,0.9745,0.043,81516.67,109292.72,0.9773,405,543,0.0564,0.1459,0.0402,0.0027,0.0484,93,23,5,5,4,0,0.7448,201.28,58.24,381.29,7968.37,7366.86,2,0.0,0.9599,0,4
2026-09-09T15:29:54.093462+00:00,dos_hulk_v1,dos_hulk_v1__run_001,impact,T1499,134,2,1.0,0.9863,0.013,127999.35,231736.14,0.9918,670,1213,0.044,0.13,0.0415,0.0022,0.048,92,33,1,11,3,0,0.5522,191.04,61.45,481.37,9667.84,9952.9,1,0.0,0.6955,0,6
2026-09-09T15:29:59.093462+00:00,dos_hulk_v1,dos_hulk_v1__run_001,impact,T1499,112,2,0.9979,0.9768,0.0114,153744.64,341218.97,0.9647,784,1740,0.0607,0.1083,0.0359,0.002,0.0419,78,24,3,8,3,0,0.4504,196.1,54.88,358.64,7373.81,7816.51,2,0.0,1.5419,0,6
2026-09-09T15:30:04.093462+00:00,dos_hulk_v1,dos_hulk_v1__run_001,impact,T1499,102,2,0.9449,1.0,0.0,103030.62,155354.01,0.9632,510,769,0.0379,0.0744,0.0409,0.0028,0.0492,71,22,6,4,2,0,0.6627,202.02,57.87,362.95,7931.01,9495.23,1,0.0234,0.6222,0,9
2026-09-09T15:30:09.093462+00:00,dos_hulk_v1,dos_hulk_v1__run_001,impact,T1499,126,2,0.9993,0.9933,0.0087,165822.9,359658.96,0.9724,882,1913,0.0269,0.0801,0.0379,0.0018,0.0434,86,25,4,5,5,0,0.461,188.01,45.53,398.9,7642.9,7393.06,2,0.0082,1.0592,0,5
2026-09-09T15:30:14.093462+00:00,dos_hulk_v1,dos_hulk_v1__run_001,impact,T1499,116,2,0.9981,0.9596,0.0249,218150.11,402867.25,0.8457,1044,1928,0.0573,0.1246,0.0427,0.0025,0.0503,83,22,2,5,1,0,0.5414,208.96,69.75,473.51,6726.13,7878.74,0,0.0267,1.1862,0,7
2026-09-09T15:30:19.093462+00:00,dos_hulk_v1,dos_hulk_v1__run_001,impact,T1499,116,2,0.9923,1.0,0.0,185835.86,243308.8,0.9597,928,1215,0.055,0.1003,0.0438,0.0016,0.0487,85,24,2,7,4,4,0.7634,200.25,59.01,462.92,7248.76,7384.44,3,0.026,1.3511,0,7
2026-09-09T15:30:24.093462+00:00,dos_hulk_v1,dos_hulk_v1__run_001,impact,T1499,128,2,0.9972,0.9693,0.0195,202744.18,433801.27,1.0,1024,2191,0.0196,0.0425,0.0399,0.0028,0.0482,87,27,3,4,0,1,0.4672,197.99,55.41,449.94,8426.02,8810.77,0,0.0,0.8555,0,7
2026-09-09T15:30:29.093462+00:00,dos_hulk_v1,dos_hulk_v1__run_001,impact,T1499,114,2,0.992,0.9847,0.0083,178059.68,289151.74,0.9548,912,1481,0.0367,0.0455,0.0269,0.0012,0.0305,80,21,6,5,5,1,0.6155,195.24,57.35,355.86,7726.73,8677.13,2,0.0,0.6677,0,10
2026-09-09T15:30:34.093462+00:00,dos_hulk_v1,dos_hulk_v1__run_001,impact,T1499,133,2,0.9819,0.9362,0.0454,233802.91,389280.86,0.9686,1197,1993,0.0434,0.1036,0.038,0.0026,0.0459,95,29,2,7,4,0,0.6003,195.32,63.83,489.99,7916.97,8183.49,2,0.0,0.3844,0,11
2026-09-09T15:30:39.093462+00:00,dos_hulk_v1,dos_hulk_v1__run_001,impact,T1499,123,2,0.9942,1.0,0.0036,142554.42,195867.45,0.9124,738,1014,0.0478,0.1122,0.0438,0.0022,0.0505,86,27,7,2,0,1,0.7274,193.16,51.04,372.96,9022.6,6690.43,0,0.0265,0.811,0,14
2026-09-09T15:30:44.093462+00:00,dos_hulk_v1,dos_hulk_v1__run_001,impact,T1499,138,2,0.9976,0.9913,0.0,194191.08,266761.45,0.9943,966,1327,0.0569,0.1289,0.0449,0.0021,0.0513,98,24,0,7,4,0,0.7277,201.03,60.61,428.37,6895.24,9190.32,3,0.0311,0.2811,0,9
2026-09-09T15:30:49.093462+00:00,dos_hulk_v1,dos_hulk_v1__run_001,impact,T1499,134,2,0.9767,0.9861,0.0261,159095.38,274261.44,0.9225,804,1386,0.048,0.1171,0.0462,0.0028,0.0545,98,25,0,9,5,0,0.5798,197.88,56.28,395.76,8048.81,9831.23,3,0.0157,1.7476,0,4
2026-09-09T15:30:54.093462+00:00,dos_hulk_v1,dos_hulk_v1__run_001,impact,T1499,125,2,0.9977,0.9869,0.0585,182885.07,458362.24,0.9859,875,2193,0.0241,0.0577,0.039,0.0011,0.0423,89,23,1,7,1,0,0.399,209.01,61.5,425.26,7897.88,7340.13,0,0.0,1.0526,0,5
2026-09-09T15:30:59.093462+00:00,dos_hulk_v1,dos_hulk_v1__run_001,impact,T1499,129,2,0.9989,0.9943,0.0168,162791.82,262065.39,0.9447,774,1246,0.0412,0.0833,0.0411,0.001,0.0442,90,26,3,2,6,0,0.6208,210.33,68.0,432.95,8103.64,8896.73,4,0.0009,0.5557,0,8
2026-09-09T15:31:04.093462+00:00,dos_hulk_v1,dos_hulk_v1__run_001,impact,T1499,119,2,0.9999,0.995,0.0,70324.08,126859.13,0.8868,357,644,0.036,0.0769,0.0424,0.0022,0.0491,81,23,2,10,1,0,0.5536,196.99,53.48,410.55,6767.13,7505.91,0,0.0344,0.4804,0,7
2026-09-09T15:31:09.093462+00:00,dos_hulk_v1,dos_hulk_v1__run_001,impact,T1499,122,2,0.9805,1.0,0.0,49771.15,90363.2,0.9488,244,443,0.0519,0.1119,0.0376,0.002,0.0437,86,28,6,8,1,0,0.5499,203.98,60.48,423.77,8771.37,8235.81,0,0.0329,1.1344,0,8
2026-09-09T15:31:14.093462+00:00,dos_hulk_v1,dos_hulk_v1__run_001,impact,T1499,123,2,0.9961,0.97,0.0281,187347.79,324050.74,1.0,984,1702,0.0267,0.0525,0.0392,0.0012,0.0428,86,21,4,7,7,0,0.5779,190.39,52.61,344.63,8667.67,8778.63,5,0.0196,0.6006,0,10
2026-09-09T15:31:19.093462+00:00,dos_hulk_v1,dos_hulk_v1__run_001,impact,T1499,128,2,0.9993,0.987,0.0101,129867.02,225035.2,0.9385,640,1109,0.0237,0.0349,0.0331,0.0021,0.0392,86,26,1,6,3,0,0.577,202.92,63.94,398.01,7431.21,6472.69,2,0.0,2.4438,0,11
2026-09-09T15:31:24.093462+00:00,dos_hulk_v1,dos_hulk_v1__run_001,impact,T1499,149,2,0.9882,1.0,0.0222,117763.27,200355.64,0.9203,596,1014,0.0483,0.0835,0.0403,0.0029,0.049,107,29,2,5,2,4,0.5874,197.59,61.24,448.94,7986.9,8509.58,1,0.0373,1.3575,0,9
2026-09-09T15:31:29.093462+00:00,dos_hulk_v1,dos_hulk_v1__run_001,impact,T1499,120,2,0.9992,0.9873,0.0207,24763.88,39622.21,0.8977,120,192,0.0428,0.0617,0.036,0.0014,0.0403,85,29,3,4,0,0,0.6237,206.37,64.42,462.08,10972.15,9072.22,0,0.0424,0.7395,0,7
2026-09-09T15:31:34.093462+00:00,dos_hulk_v1,dos_hulk_v1__run_001,impact,T1499,110,2,0.9998,1.0,0.0,84551.09,120869.62,0.9689,440,629,0.0433,0.0552,0.0407,0.003,0.0496,73,20,3,4,1,1,0.6994,192.16,58.72,393.19,6789.23,9015.99,0,0.0166,1.1075,0,6
2026-09-09T15:31:39.093462+00:00,dos_hulk_v1,dos_hulk_v1__run_001,impact,T1499,140,2,0.9963,0.9653,0.0397,198432.37,301495.72,0.9415,980,1489,0.0381,0.0533,0.041,0.0022,0.0477,98,28,5,6,3,0,0.6578,202.48,54.82,382.32,7779.1,8194.03,2,0.0155,1.0458,0,5
2026-09-09T15:31:44.093462+00:00,dos_hulk_v1,dos_hulk_v1__run_001,impact,T1499,127,2,1.0,1.0,0.0,201005.54,530013.63,0.8792,1016,2679,0.0564,0.1325,0.0363,0.0023,0.0433,88,29,0,9,7,0,0.3792,197.84,76.51,596.24,7457.71,6976.71,4,0.0042,1.0685,0,8
2026-09-09T15:31:49.093462+00:00,dos_hulk_v1,dos_hulk_v1__run_001,impact,T1499,135,2,0.9825,1.0,0.0067,137638.88,217163.57,0.8936,675,1065,0.0521,0.1543,0.0448,0.0018,0.0501,95,24,4,7,3,0,0.6333,203.91,63.28,504.72,7859.0,8009.03,2,0.0811,2.0133,0,8
2026-09-09T15:31:54.093462+00:00,dos_hulk_v1,dos_hulk_v1__run_001,impact,T1499,136,2,0.9998,1.0,0.0,107443.65,161955.5,0.8992,544,820,0.055,0.1355,0.0438,0.0018,0.0492,96,26,1,8,0,0,0.6633,197.51,57.46,455.29,8706.54,9040.44,0,0.0254,1.2342,0,6
2026-09-09T15:31:59.093462+00:00,dos_hulk_v1,dos_hulk_v1__run_001,impact,T1499,142,2,0.9948,0.9816,0.0075,169290.62,380307.81,1.0,852,1914,0.0328,0.0904,0.0478,0.0027,0.0559,100,31,6,8,2,0,0.445,198.7,55.8,424.86,7683.56,8136.49,1,0.0323,1.9365,0,8
2026-09-09T15:32:04.093462+00:00,dos_hulk_v1,dos_hulk_v1__run_001,impact,T1499,124,2,0.9953,1.0,0.0212,69565.58,140066.19,0.8923,372,749,0.0369,0.0517,0.0404,0.003,0.0493,89,22,2,9,8,1,0.4963,187.0,52.97,387.52,7874.73,7611.63,5,0.0371,0.7781,0,8
2026-09-09T15:32:09.093462+00:00,dos_hulk_v1,dos_hulk_v1__run_001,impact,T1499,144,2,0.9987,0.9933,0.0152,139518.75,275549.54,0.9524,720,1422,0.0492,0.1067,0.0372,0.002,0.0431,100,25,0,5,2,0,0.506,193.78,54.22,394.76,9329.65,7428.84,1,0.0,0.6066,0,3
2026-09-09T15:32:14.093462+00:00,dos_hulk_v1,dos_hulk_v1__run_001,impact,T1499,128,2,0.9993,0.9873,0.0,208319.75,342995.21,1.0,1024,1686,0.0447,0.0719,0.0397,0.0021,0.0459,86,27,4,7,5,0,0.6073,203.44,61.6,403.08,6916.77,7958.18,4,0.0153,0.8536,0,4
2026-09-09T15:32:19.093462+00:00,dos_hulk_v1,dos_hulk_v1__run_001,impact,T1499,110,2,0.994,1.0,0.0023,113409.3,213415.69,0.9433,550,1035,0.0204,0.0569,0.0401,0.0015,0.0446,79,21,3,2,4,0,0.531,206.2,62.51,378.99,8946.71,7723.73,2,0.0185,0.8135,0,7
2026-09-09T15:32:24.093462+00:00,dos_hulk_v1,dos_hulk_v1__run_001,impact,T1499,126,2,1.0,0.9693,0.0165,177228.15,237710.78,0.9808,882,1183,0.0511,0.1518,0.0422,0.0014,0.0463,90,27,6,8,6,0,0.7456,200.94,63.2,401.79,8616.79,8427.84,4,0.0316,0.9111,0,9
2026-09-09T15:32:29.093462+00:00,dos_hulk_v1,dos_hulk_v1__run_001,impact,T1499,96,2,0.995,1.0,0.0,99287.4,156377.65,0.9242,480,756,0.0447,0.1325,0.0435,0.0018,0.0489,67,15,1,4,4,1,0.6348,206.85,55.21,370.7,6892.93,8003.55,3,0.0525,0.9381,0,4
2026-09-09T15:32:34.093462+00:00,dos_hulk_v1,dos_hulk_v1__run_001,impact,T1499,139,2,0.9892,0.9916,0.026,172458.12,318654.63,1.0,834,1541,0.0258,0.0316,0.036,0.0015,0.0405,99,31,3,4,3,3,0.541,206.78,61.46,499.73,9661.25,8121.1,2,0.0313,1.1821,0,5
2026-09-09T15:32:39.093462+00:00,dos_hulk_v1,dos_hulk_v1__run_001,impact,T1499,117,2,0.9987,1.0,0.0,215044.63,304493.4,1.0,1053,1491,0.0318,0.0392,0.0376,0.0011,0.0409,85,23,1,2,2,0,0.7059,204.22,54.11,425.3,9203.52,7741.18,1,0.0,1.4368,0,11
2026-09-09T15:32:44.093462+00:00,dos_hulk_v1,dos_hulk_v1__run_001,impact,T1499,138,2,0.9986,1.0,0.0,278120.77,419196.52,0.9316,1380,2080,0.0288,0.0721,0.038,0.0012,0.0416,96,26,3,4,5,0,0.6634,201.54,56.95,442.92,9076.31,8269.28,2,0.0953,0.3735,0,9
2026-09-09T15:32:49.093462+00:00,dos_hulk_v1,dos_hulk_v1__run_001,impact,T1499,116,2,0.9739,1.0,0.0,119655.17,155551.72,0.9465,580,754,0.0347,0.0517,0.0365,0.0021,0.0426,78,18,1,4,2,0,0.7682,206.3,58.68,411.45,6580.34,9650.36,1,0.0169,0.9613,0,5
2026-09-09T15:32:54.093462+00:00,dos_hulk_v1,dos_hulk_v1__run_001,impact,T1499,134,2,0.9839,0.9839,0.0272,216875.24,399964.88,1.0,1072,1977,0.0287,0.0345,0.0459,0.0031,0.0551,98,27,0,1,10,5,0.5421,202.31,63.82,446.96,6714.3,8446.61,9,0.0165,0.4,0,11
2026-09-09T15:32:59.093462+00:00,dos_hulk_v1,dos_hulk_v1__run_001,impact,T1499,102,2,0.9989,1.0,0.0,174144.28,307953.68,0.8515,816,1443,0.0334,0.0607,0.0391,0.0024,0.0465,68,18,1,3,0,1,0.5655,213.41,60.71,378.61,7748.65,9330.27,0,0.0,1.4523,0,5
2026-09-09T15:33:04.093462+00:00,dos_hulk_v1,dos_hulk_v1__run_001,impact,T1499,136,2,0.9944,1.0,0.0238,139512.41,236350.43,0.905,680,1152,0.0524,0.1217,0.0479,0.0031,0.057,94,26,1,3,3,0,0.5902,205.17,63.02,406.82,7835.29,9241.16,1,0.0,0.7709,0,8
2026-09-09T15:33:09.093462+00:00,dos_hulk_v1,dos_hulk_v1__run_001,impact,T1499,147,2,0.996,1.0,0.0011,227322.49,473588.51,0.896,1176,2450,0.0393,0.0693,0.0412,0.0024,0.0485,95,27,2,5,6,0,0.4798,193.3,59.04,429.9,8424.32,7221.16,3,0.0149,1.0241,0,6
2026-09-09T15:33:14.093462+00:00,dos_hulk_v1,dos_hulk_v1__run_001,impact,T1499,131,2,1.0,1.0,0.0,186708.57,314167.21,1.0,917,1543,0.0302,0.0728,0.0329,0.0009,0.0356,97,30,2,4,3,2,0.5939,203.61,69.34,483.43,8210.52,10311.95,2,0.0567,0.2241,0,5
2026-09-09T15:33:19.093462+00:00,dos_hulk_v1,dos_hulk_v1__run_001,impact,T1499,148,2,0.9979,0.9886,0.029,176129.73,384986.27,0.9718,888,1941,0.0515,0.0708,0.0368,0.002,0.0429,98,31,7,6,5,0,0.4573,198.34,59.88,480.7,7384.24,7540.78,3,0.0053,0.9173,0,8
2026-09-09T15:33:24.093462+00:00,dos_hulk_v1,dos_hulk_v1__run_001,impact,T1499,120,2,0.9928,1.0,0.0,48624.04,72733.46,1.0,240,359,0.0396,0.1179,0.047,0.0022,0.0535,85,23,3,9,3,0,0.6678,202.6,56.74,399.42,7630.5,8125.16,2,0.0166,1.4629,0,7
2026-09-09T15:33:29.093462+00:00,dos_hulk_v1,dos_hulk_v1__run_001,impact,T1499,126,2,0.9971,1.0,0.0,199119.22,326729.35,0.9266,1008,1654,0.0262,0.0361,0.0337,0.0012,0.0374,85,25,0,6,2,0,0.6093,197.54,54.75,384.53,9223.13,8470.12,1,0.0,0.866,0,8
2026-09-09T15:33:34.093462+00:00,dos_hulk_v1,dos_hulk_v1__run_001,impact,T1499,124,2,0.9992,1.0,0.0179,170353.44,302436.23,0.9227,868,1541,0.0556,0.1136,0.044,0.0027,0.052,87,24,3,8,6,0,0.5631,196.26,62.95,402.85,7692.73,7603.72,4,0.0051,0.8091,0,10
2026-09-09T15:33:39.093462+00:00,dos_hulk_v1,dos_hulk_v1__run_001,impact,T1499,109,2,0.9995,1.0,0.0,129965.62,200711.43,0.9569,654,1010,0.0598,0.1764,0.0305,0.0022,0.0371,76,29,0,7,0,0,0.6472,198.72,61.79,432.64,9066.53,7397.49,0,0.0,0.9233,0,8
2026-09-09T15:33:44.093462+00:00,dos_hulk_v1,dos_hulk_v1__run_001,impact,T1499,118,2,0.9998,0.983,0.0,70618.59,114705.34,0.9594,354,575,0.0375,0.1031,0.0354,0.0013,0.0392,78,24,0,1,0,0,0.6148,199.49,60.93,419.59,9092.74,7709.16,0,0.0,0.6177,0,6
2026-09-09T15:33:49.093462+00:00,dos_hulk_v1,dos_hulk_v1__run_001,impact,T1499,124,2,0.9983,1.0,0.0,124758.98,215108.63,0.9346,620,1069,0.0305,0.0533,0.035,0.0024,0.0422,88,23,5,8,1,0,0.5798,201.22,59.77,379.31,8220.69,8516.57,0,0.0071,1.6588,0,10
2026-09-09T15:33:54.093462+00:00,dos_hulk_v1,dos_hulk_v1__run_001,impact,T1499,94,2,0.9971,1.0,0.0029,91063.71,166627.22,0.9435,470,860,0.054,0.0785,0.0415,0.0019,0.047,65,20,0,6,2,0,0.5462,193.75,50.92,328.88,6072.0,9363.99,1,0.0095,1.9751,0,3
2026-09-09T15:33:59.093462+00:00,dos_hulk_v1,dos_hulk_v1__run_001,impact,T1499,107,2,0.9984,0.9884,0.0303,63423.59,130008.49,0.8973,321,658,0.0577,0.1161,0.0398,0.002,0.0457,72,18,6,6,2,0,0.4874,197.58,58.07,405.27,6160.36,7585.03,1,0.01,1.4608,0,4
2026-09-09T15:34:04.093462+00:00,dos_hulk_v1,dos_hulk_v1__run_001,impact,T1499,147,2,0.9984,1.0,0.0,179103.98,293429.99,0.9434,882,1445,0.0446,0.1222,0.0369,0.0023,0.0437,104,28,2,11,8,2,0.6102,203.07,52.72,330.96,7963.31,8462.42,5,0.0353,1.0469,0,12
2026-09-09T15:34:09.093462+00:00,dos_hulk_v1,dos_hulk_v1__run_001,impact,T1499,125,2,0.9963,0.946,0.0721,123784.52,153294.75,0.9942,625,774,0.0362,0.0746,0.0427,0.0012,0.0463,89,27,2,4,2,1,0.8067,198.06,57.6,421.31,8735.85,9254.38,1,0.0,0.2932,0,8
2026-09-09T15:34:14.093462+00:00,dos_hulk_v1,dos_hulk_v1__run_001,impact,T1499,115,2,0.9934,1.0,0.0177,135078.54,183041.22,1.0,690,935,0.0584,0.1437,0.0425,0.0013,0.0464,78,18,3,4,5,0,0.7379,195.77,58.69,402.03,7673.71,8657.08,3,0.0,0.4902,0,9
2026-09-09T15:34:19.093462+00:00,dos_hulk_v1,dos_hulk_v1__run_001,impact,T1499,156,2,0.9856,1.0,0.0,156245.87,271226.8,1.0,780,1354,0.0425,0.0764,0.0414,0.003,0.0503,101,30,0,6,6,0,0.5758,200.32,58.48,381.74,8090.93,8720.3,5,0.0424,0.5117,0,8
2026-09-09T15:34:24.093462+00:00,dos_hulk_v1,dos_hulk_v1__run_001,impact,T1499,128,2,0.9937,1.0,0.0032,230611.47,321895.17,1.0,1152,1608,0.034,0.0455,0.0375,0.002,0.0435,90,28,2,10,1,0,0.7163,200.18,59.47,411.39,8158.96,7303.67,0,0.0,1.016,0,10
2026-09-09T15:34:29.093462+00:00,dos_hulk_v1,dos_hulk_v1__run_001,impact,T1499,129,2,0.9843,0.9969,0.0014,75808.9,105975.75,0.9982,387,541,0.0251,0.0708,0.0359,0.001,0.0389,84,29,3,8,0,0,0.7142,195.89,59.44,417.67,8638.47,7363.74,0,0.0011,1.2748,0,5
2026-09-09T15:34:34.093462+00:00,dos_hulk_v1,dos_hulk_v1__run_001,impact,T1499,115,2,0.9995,0.9873,0.0518,120168.18,176177.0,0.9361,575,843,0.0486,0.0965,0.0354,0.0017,0.0406,82,23,4,7,4,1,0.6814,208.99,64.38,406.07,8871.36,6898.82,3,0.0055,0.6218,0,9
2026-09-09T15:34:39.093462+00:00,dos_hulk_v1,dos_hulk_v1__run_001,impact,T1499,133,2,0.9931,0.9577,0.0707,130737.07,202298.42,0.9585,665,1029,0.0586,0.1361,0.0407,0.0014,0.0449,98,23,0,4,2,0,0.646,196.6,56.69,408.06,7919.18,7310.57,1,0.05,1.3873,0,8
2026-09-09T15:34:44.093462+00:00,dos_hulk_v1,dos_hulk_v1__run_001,impact,T1499,142,2,0.9999,1.0,0.0021,170793.56,296884.11,0.9822,852,1481,0.0445,0.0858,0.035,0.0026,0.0428,102,29,2,11,6,0,0.5753,200.46,57.4,411.04,9760.06,7090.1,3,0.0,0.6593,0,9
2026-09-09T15:34:49.093462+00:00,dos_hulk_v1,dos_hulk_v1__run_001,impact,T1499,135,2,0.9885,0.9764,0.0,80929.76,155664.89,0.8526,405,779,0.0305,0.0672,0.0425,0.0011,0.0457,97,26,2,3,3,0,0.5192,199.83,62.4,515.93,7306.61,8333.33,2,0.0,0.0,0,7
2026-09-09T15:34:54.093462+00:00,dos_hulk_v1,dos_hulk_v1__run_001,impact,T1499,116,2,0.9966,0.9838,0.0346,236018.82,392686.49,0.9936,1160,1930,0.023,0.0413,0.0466,0.0018,0.0521,79,24,5,6,0,0,0.6008,203.46,56.3,385.81,7433.05,9037.1,0,0.0026,0.2541,0,5
2026-09-09T15:34:59.093462+00:00,dos_hulk_v1,dos_hulk_v1__run_001,impact,T1499,118,2,0.9998,0.9907,0.0,135603.26,197467.46,0.9282,708,1031,0.0396,0.0986,0.0404,0.0015,0.0448,82,22,2,7,0,0,0.6861,191.53,48.11,367.8,8404.24,8161.9,0,0.0,1.3335,0,7
2026-09-09T15:35:04.093462+00:00,dos_hulk_v1,dos_hulk_v1__run_001,impact,T1499,133,2,1.0,1.0,0.008,153897.41,252638.6,1.0,798,1310,0.0443,0.0666,0.0421,0.0012,0.0456,94,27,1,5,3,0,0.6091,192.85,55.97,362.02,7184.42,7562.85,2,0.0,1.3724,0,6
2026-09-09T15:35:09.093462+00:00,dos_hulk_v1,dos_hulk_v1__run_001,impact,T1499,140,2,0.9976,1.0,0.0,85980.7,156607.69,0.9981,420,765,0.0477,0.0685,0.0373,0.0013,0.0411,100,26,7,9,9,0,0.5487,204.72,66.98,427.97,8152.54,9169.21,4,0.0352,0.5939,0,6
2026-09-09T15:35:14.093462+00:00,dos_hulk_v1,dos_hulk_v1__run_001,impact,T1499,112,2,0.9991,1.0,0.0,135674.88,192004.19,0.9567,672,951,0.0389,0.0758,0.0491,0.0012,0.0528,74,26,2,5,2,0,0.7061,201.9,59.84,410.65,8893.03,7355.29,1,0.0476,1.8022,0,7
2026-09-09T15:35:19.093462+00:00,dos_hulk_v1,dos_hulk_v1__run_001,impact,T1499,131,2,1.0,0.9723,0.0312,238057.98,522960.29,0.9482,1179,2590,0.0458,0.0941,0.0358,0.001,0.0387,86,24,0,7,2,3,0.4551,201.92,62.0,442.28,5623.0,8793.54,1,0.0579,0.9017,0,11
2026-09-09T15:35:24.093462+00:00,dos_hulk_v1,dos_hulk_v1__run_001,impact,T1499,130,2,0.9993,0.9857,0.0035,140571.84,308176.73,0.9015,650,1425,0.0501,0.1481,0.0358,0.0018,0.0412,86,27,7,13,1,0,0.456,216.26,68.31,455.82,10089.25,7880.46,0,0.0,1.4017,0,9
2026-09-09T15:35:29.093462+00:00,dos_hulk_v1,dos_hulk_v1__run_001,impact,T1499,127,2,0.9762,0.9839,0.0121,208744.99,313939.32,0.891,1016,1528,0.0452,0.1244,0.0424,0.0021,0.0489,83,25,0,4,5,0,0.6648,205.46,59.96,433.1,8613.22,9553.11,4,0.0365,1.3617,0,6
2026-09-09T15:35:34.093462+00:00,dos_hulk_v1,dos_hulk_v1__run_001,impact,T1499,112,2,0.9963,1.0,0.0,201155.19,355214.53,0.8756,1008,1780,0.0381,0.0866,0.0429,0.0013,0.0466,79,22,2,5,1,3,0.5662,199.56,66.64,470.02,8836.99,10671.02,0,0.0147,1.5418,0,6
2026-09-09T15:35:39.093462+00:00,dos_hulk_v1,dos_hulk_v1__run_001,impact,T1499,126,2,0.9955,0.9732,0.0408,178399.74,273667.62,1.0,882,1353,0.0429,0.1069,0.0407,0.0019,0.0464,89,26,1,8,4,0,0.6516,202.27,64.36,473.96,10512.47,8082.2,2,0.0,0.8743,0,7
2026-09-09T15:35:44.093462+00:00,dos_hulk_v1,dos_hulk_v1__run_001,impact,T1499,110,2,0.9962,0.9829,0.0419,130251.49,192219.62,0.9665,660,974,0.0237,0.0701,0.0448,0.0032,0.0543,76,22,4,4,3,0,0.677,197.35,59.88,431.61,5332.09,8622.69,2,0.0,0.6551,0,6
2026-09-09T15:35:49.093462+00:00,dos_hulk_v1,dos_hulk_v1__run_001,impact,T1499,121,2,0.9976,1.0,0.0228,166033.75,262282.36,0.9139,847,1338,0.0535,0.1177,0.0374,0.0011,0.0407,86,23,1,6,5,0,0.6326,196.03,61.26,390.37,8519.72,7903.35,3,0.0,1.2609,0,9
2026-09-09T15:35:54.093462+00:00,dos_hulk_v1,dos_hulk_v1__run_001,impact,T1499,115,2,0.9995,0.9885,0.0129,161994.45,293602.37,0.9079,805,1459,0.0352,0.0676,0.0407,0.001,0.0438,79,23,2,5,0,0,0.5515,201.24,61.24,450.97,8043.33,7189.97,0,0.0245,1.7866,0,13
2026-09-09T15:35:59.093462+00:00,dos_hulk_v1,dos_hulk_v1__run_001,impact,T1499,111,2,0.9999,0.9545,0.0435,213982.98,410423.22,0.9919,1110,2129,0.0556,0.1349,0.0331,0.001,0.0359,75,21,1,4,6,0,0.5212,192.78,58.07,381.02,8971.01,8185.17,3,0.0,1.4241,0,7
2026-09-09T15:36:04.093462+00:00,dos_hulk_v1,dos_hulk_v1__run_001,impact,T1499,129,2,0.9996,0.9492,0.0604,103731.47,195200.1,0.8924,516,971,0.0399,0.1188,0.0393,0.0014,0.0434,87,24,0,7,6,0,0.5314,201.03,53.26,372.25,8260.34,6907.25,5,0.0,1.9943,0,6
2026-09-09T15:36:09.093462+00:00,dos_hulk_v1,dos_hulk_v1__run_001,impact,T1499,129,2,0.9965,0.9823,0.0196,178156.55,284892.65,0.9594,903,1444,0.0535,0.1078,0.0365,0.0018,0.0418,86,25,3,9,4,0,0.6252,197.29,57.82,439.21,9367.25,8119.54,3,0.0232,0.1558,0,7
2026-09-09T15:36:14.093462+00:00,dos_hulk_v1,dos_hulk_v1__run_001,impact,T1499,93,2,0.9932,1.0,0.006,112869.04,187508.24,1.0,558,927,0.0414,0.0919,0.0442,0.0028,0.0527,65,21,0,0,0,3,0.6014,202.27,54.38,380.76,7112.01,8364.44,0,0.0143,1.3675,0,0
2026-09-09T15:36:19.093462+00:00,dos_hulk_v1,dos_hulk_v1__run_001,impact,T1499,116,2,0.9998,0.99,0.0014,136376.82,185166.8,0.8136,696,945,0.0617,0.1407,0.0411,0.003,0.0501,80,21,2,3,7,3,0.7363,195.94,59.63,446.84,8806.67,8399.08,6,0.0002,0.2024,0,5
2026-09-09T15:36:24.093462+00:00,dos_hulk_v1,dos_hulk_v1__run_001,impact,T1499,142,2,0.9757,1.0,0.0204,84723.71,166861.96,0.8823,426,839,0.0572,0.0787,0.0407,0.0012,0.0444,101,29,0,9,9,0,0.5077,198.88,59.85,403.38,9824.83,8658.18,8,0.0629,1.1398,0,7
2026-09-09T15:36:29.093462+00:00,dos_hulk_v1,dos_hulk_v1__run_001,impact,T1499,147,2,0.9755,0.9762,0.0106,118382.66,174956.68,0.9487,588,869,0.0275,0.0706,0.0385,0.0016,0.0434,105,29,0,9,2,1,0.6759,201.33,63.99,447.48,8876.82,7923.39,1,0.0,0.7549,0,10
2026-09-09T15:36:34.093462+00:00,dos_hulk_v1,dos_hulk_v1__run_001,impact,T1499,136,2,0.9843,1.0,0.0549,281556.0,474504.67,0.9995,1360,2292,0.0337,0.0661,0.0344,0.0019,0.0402,100,29,0,2,2,0,0.5932,207.03,61.38,419.18,7883.48,6955.62,1,0.0041,0.3671,0,9
2026-09-09T15:36:39.093462+00:00,dos_hulk_v1,dos_hulk_v1__run_001,impact,T1499,126,2,0.9998,0.9618,0.0122,50108.28,62038.82,0.9164,252,312,0.0437,0.0881,0.0318,0.0017,0.037,89,25,5,1,1,0,0.8056,198.84,56.96,381.88,6995.84,10068.94,0,0.0,1.5396,0,6
2026-09-09T15:36:44.093462+00:00,dos_hulk_v1,dos_hulk_v1__run_001,impact,T1499,129,2,0.9965,0.9574,0.0715,125199.42,188866.72,1.0,645,973,0.0255,0.0414,0.0407,0.002,0.0466,94,21,2,3,2,2,0.6629,194.11,57.67,401.37,9389.75,7255.82,1,0.0015,0.6939,0,8
2026-09-09T15:36:49.093462+00:00,dos_hulk_v1,dos_hulk_v1__run_001,impact,T1499,112,2,0.9917,1.0,0.0261,167724.98,270413.75,0.836,784,1264,0.0257,0.0502,0.0392,0.0013,0.0431,76,23,0,4,0,0,0.6198,213.93,70.28,450.93,9125.11,9096.63,0,0.0308,1.5334,0,5
2026-09-09T15:36:54.093462+00:00,dos_hulk_v1,dos_hulk_v1__run_001,impact,T1499,116,2,0.9895,1.0,0.0,115518.13,165708.77,0.9854,580,832,0.0581,0.1495,0.0468,0.0013,0.0508,82,20,6,1,3,0,0.6964,199.17,54.91,398.27,7139.3,9587.83,2,0.0,1.1559,0,7
2026-09-09T15:36:59.093462+00:00,dos_hulk_v1,dos_hulk_v1__run_001,impact,T1499,118,2,0.9981,1.0,0.0,210650.27,340769.45,0.9715,1062,1718,0.0226,0.0533,0.0368,0.0013,0.0408,79,20,1,4,0,3,0.6178,198.35,58.55,361.34,7266.58,9317.18,0,0.0,1.3387,0,7
2026-09-09T15:37:04.093462+00:00,dos_hulk_v1,dos_hulk_v1__run_001,impact,T1499,102,2,0.9997,1.0,0.0,83352.75,105621.01,0.9478,408,517,0.0397,0.0647,0.0474,0.0035,0.0579,68,20,0,4,2,0,0.7891,204.3,62.08,357.14,8608.49,8276.58,1,0.0384,0.6207,0,6
2026-09-09T15:37:09.093462+00:00,dos_hulk_v1,dos_hulk_v1__run_001,impact,T1499,112,2,0.9887,1.0,0.0,175873.64,244770.56,0.9763,896,1247,0.0442,0.1287,0.0392,0.0014,0.0433,73,21,0,3,3,0,0.7181,196.29,51.24,415.82,5972.72,8694.47,2,0.0,1.1222,0,5
2026-09-09T15:37:14.093462+00:00,dos_hulk_v1,dos_hulk_v1__run_001,impact,T1499,111,2,0.9999,0.986,0.0,66255.16,123556.92,0.8731,333,621,0.0446,0.104,0.0428,0.0027,0.051,79,24,0,10,3,0,0.5357,198.96,59.58,420.41,7150.63,9998.96,2,0.0099,1.3842,0,6
2026-09-09T15:37:19.093462+00:00,dos_hulk_v1,dos_hulk_v1__run_001,impact,T1499,120,2,0.9992,1.0,0.0,93513.79,152349.55,0.9598,480,782,0.0436,0.1214,0.0371,0.0027,0.0453,83,24,2,5,2,2,0.6136,194.82,59.6,363.12,8241.94,7585.08,1,0.0585,0.8139,0,5
2026-09-09T15:37:24.093462+00:00,dos_hulk_v1,dos_hulk_v1__run_001,impact,T1499,99,2,0.9999,1.0,0.0,99500.03,166637.42,1.0,495,829,0.0535,0.1106,0.0399,0.002,0.0459,67,21,4,1,4,0,0.5967,201.01,52.26,366.91,9061.84,8606.48,2,0.0283,0.9902,0,6
2026-09-09T15:37:29.093462+00:00,dos_hulk_v1,dos_hulk_v1__run_001,impact,T1499,120,2,0.9968,1.0,0.009,74425.12,104195.17,0.9273,360,504,0.0435,0.0756,0.0365,0.0016,0.0412,85,20,3,8,2,0,0.7136,206.74,61.24,390.01,8518.7,9576.61,1,0.0117,0.9576,0,5
2026-09-09T15:37:34.093462+00:00,dos_hulk_v1,dos_hulk_v1__run_001,impact,T1499,138,2,0.9976,1.0,0.0055,167955.75,296356.7,0.9915,828,1461,0.024,0.059,0.0402,0.002,0.0461,98,27,1,6,5,0,0.5663,202.85,60.97,415.92,8226.43,5849.02,2,0.0,1.1929,0,10
2026-09-09T15:37:39.093462+00:00,dos_hulk_v1,dos_hulk_v1__run_001,impact,T1499,105,2,0.9852,0.986,0.0,131287.95,201933.37,1.0,630,969,0.022,0.0469,0.0364,0.0019,0.042,71,20,1,4,1,0,0.6499,208.39,56.95,389.7,8438.65,7593.79,0,0.0024,1.4962,0,7
2026-09-09T15:37:44.093462+00:00,dos_hulk_v1,dos_hulk_v1__run_001,impact,T1499,122,2,0.9983,1.0,0.0,72048.01,106497.19,0.9464,366,541,0.0244,0.0493,0.0418,0.0021,0.0481,86,21,1,9,1,0,0.6761,196.85,56.63,365.35,7398.92,8900.26,0,0.003,1.0347,0,13
2026-09-09T15:37:49.093462+00:00,dos_hulk_v1,dos_hulk_v1__run_001,impact,T1499,124,2,0.9932,1.0,0.0204,176775.27,315466.46,1.0,868,1549,0.0416,0.1004,0.035,0.0012,0.0386,86,25,0,4,2,4,0.5603,203.66,60.88,451.13,9017.73,8657.02,1,0.0,1.0695,0,8
2026-09-09T15:37:54.093462+00:00,dos_hulk_v1,dos_hulk_v1__run_001,impact,T1499,131,2,0.9979,1.0,0.0,129371.86,238794.78,0.8562,655,1209,0.0202,0.0588,0.043,0.0022,0.0497,88,24,4,5,3,0,0.5417,197.51,65.25,441.96,8459.99,8970.65,2,0.0,1.6533,0,4
2026-09-09T15:37:59.093462+00:00,dos_hulk_v1,dos_hulk_v1__run_001,impact,T1499,125,2,0.9944,0.9601,0.0242,100845.41,181320.04,1.0,500,899,0.0363,0.0952,0.0379,0.0021,0.044,81,22,0,3,0,0,0.5561,201.69,67.05,491.82,10079.07,8136.08,0,0.0109,1.1701,0,4
2026-09-09T15:38:04.093462+00:00,dos_hulk_v1,dos_hulk_v1__run_001,impact,T1499,117,2,0.9847,1.0,0.0,48650.07,96676.42,0.8801,234,465,0.0386,0.0753,0.0407,0.0013,0.0446,84,23,1,5,3,0,0.5025,207.91,62.08,430.45,9441.69,8605.84,1,0.0175,1.0507,0,5
2026-09-09T15:38:09.093462+00:00,dos_hulk_v1,dos_hulk_v1__run_001,impact,T1499,120,2,0.9928,1.0,0.0037,119225.36,174466.44,0.9874,600,878,0.0363,0.0638,0.0447,0.0027,0.0527,86,22,0,6,4,0,0.6826,198.71,64.86,417.15,6569.66,6994.27,2,0.0756,0.6602,0,8
2026-09-09T15:38:14.093462+00:00,dos_hulk_v1,dos_hulk_v1__run_001,impact,T1499,133,2,0.9819,1.0,0.0,136894.95,215944.07,0.9177,665,1049,0.0371,0.089,0.04,0.0012,0.0436,91,27,2,5,4,0,0.6339,205.86,60.74,411.8,9159.51,8540.35,3,0.0256,1.1968,0,10
2026-09-09T15:38:19.093462+00:00,dos_hulk_v1,dos_hulk_v1__run_001,impact,T1499,119,2,0.9938,1.0,0.0,122512.64,210021.66,0.9929,595,1020,0.0273,0.0762,0.0422,0.0013,0.0461,82,25,1,9,2,2,0.583,205.9,52.49,420.25,9322.82,7672.72,1,0.0,0.8922,0,16
2026-09-09T15:38:24.093462+00:00,dos_hulk_v1,dos_hulk_v1__run_001,impact,T1499,123,2,0.9942,0.9981,0.039,178603.96,237516.3,0.957,861,1145,0.0543,0.1303,0.0456,0.0033,0.0555,88,24,0,7,8,0,0.7513,207.44,64.24,474.39,7546.78,8081.11,7,0.0,1.1385,0,8
2026-09-09T15:38:29.093462+00:00,dos_hulk_v1,dos_hulk_v1__run_001,impact,T1499,115,2,0.9999,1.0,0.0,190884.31,304377.49,0.9587,920,1467,0.0568,0.075,0.0415,0.0027,0.0494,81,21,6,8,7,0,0.6271,207.48,61.1,360.6,7791.82,9184.66,6,0.0073,0.8613,0,8
2026-09-09T15:38:34.093462+00:00,dos_hulk_v1,dos_hulk_v1__run_001,impact,T1499,104,2,0.9957,0.9735,0.0151,106393.21,167978.51,0.855,520,821,0.0279,0.0714,0.036,0.0017,0.0412,71,19,1,4,4,1,0.6332,204.6,64.06,431.16,8975.75,6519.57,2,0.0,0.432,0,9
2026-09-09T15:38:39.093462+00:00,dos_hulk_v1,dos_hulk_v1__run_001,impact,T1499,131,2,0.9989,1.0,0.0245,76806.51,154590.2,0.9674,393,791,0.0329,0.079,0.0459,0.0015,0.0505,85,30,1,5,4,0,0.4964,195.44,59.55,474.62,9134.62,6844.62,2,0.0061,1.0333,0,7
2026-09-09T15:38:44.093462+00:00,dos_hulk_v1,dos_hulk_v1__run_001,impact,T1499,125,2,0.9988,1.0,0.0,204612.23,415567.44,1.0,1000,2031,0.0616,0.1469,0.0385,0.0017,0.0436,88,27,0,3,4,0,0.4923,204.61,58.98,407.52,9427.33,8500.15,2,0.0033,0.305,0,8
2026-09-09T15:38:49.093462+00:00,dos_hulk_v1,dos_hulk_v1__run_001,impact,T1499,125,2,0.9977,0.9941,0.0,74058.05,162532.73,0.9038,375,823,0.0466,0.1182,0.0385,0.0013,0.0425,86,25,0,4,2,2,0.4556,197.49,60.66,399.52,8252.64,8649.99,1,0.0634,1.3102,0,4
2026-09-09T15:38:54.093462+00:00,dos_hulk_v1,dos_hulk_v1__run_001,impact,T1499,117,2,0.9995,0.9785,0.0459,163395.88,228435.03,0.9663,819,1145,0.021,0.0268,0.0418,0.0028,0.05,86,20,1,4,0,0,0.7148,199.51,61.76,437.43,6939.24,7464.96,0,0.0213,0.6187,0,3
2026-09-09T15:38:59.093462+00:00,dos_hulk_v1,dos_hulk_v1__run_001,impact,T1499,133,2,1.0,1.0,0.0119,162414.29,267027.0,0.9967,798,1312,0.0243,0.0645,0.0449,0.0027,0.0529,92,28,5,7,3,2,0.6079,203.53,56.75,421.3,6393.76,8539.67,2,0.0115,1.3899,0,6
2026-09-09T15:39:04.093462+00:00,dos_hulk_v1,dos_hulk_v1__run_001,impact,T1499,104,2,0.9957,1.0,0.0,120297.34,163288.21,0.9169,624,847,0.0404,0.076,0.0448,0.0018,0.0504,72,21,3,4,6,2,0.7362,192.78,58.69,390.04,7381.47,8591.17,5,0.0664,0.5139,0,9
2026-09-09T15:39:09.093462+00:00,dos_hulk_v1,dos_hulk_v1__run_001,impact,T1499,108,2,0.9998,1.0,0.0,109631.79,227384.46,0.9887,540,1120,0.0579,0.1667,0.0373,0.0016,0.042,75,21,1,4,0,0,0.4818,203.02,63.49,480.49,9549.45,8256.84,0,0.0,2.0476,0,6
2026-09-09T15:39:14.093462+00:00,dos_hulk_v1,dos_hulk_v1__run_001,impact,T1499,115,2,0.9973,1.0,0.014,23071.12,44737.91,1.0,115,223,0.0389,0.066,0.0321,0.0015,0.0365,78,21,0,4,3,1,0.5152,200.62,66.64,418.24,5527.55,8340.28,2,0.0,1.3782,0,8
2026-09-09T15:39:19.093462+00:00,dos_hulk_v1,dos_hulk_v1__run_001,impact,T1499,128,2,0.9972,0.9468,0.0933,80208.16,144541.79,0.9785,384,692,0.0244,0.0616,0.045,0.0017,0.05,92,27,3,7,4,0,0.5543,208.88,62.88,510.56,7093.09,8681.78,2,0.0074,1.1447,0,11
2026-09-09T15:39:24.093462+00:00,dos_hulk_v1,dos_hulk_v1__run_001,impact,T1499,122,2,0.9992,1.0,0.0241,96267.99,213052.11,0.8639,488,1080,0.0494,0.0965,0.0393,0.0015,0.0438,86,23,3,3,0,3,0.4518,197.27,56.27,363.75,8556.16,7857.45,0,0.0516,1.3466,0,7
2026-09-09T15:39:29.093462+00:00,dos_hulk_v1,dos_hulk_v1__run_001,impact,T1499,152,2,0.9899,0.9684,0.0416,214467.69,455743.85,0.9699,1064,2261,0.0502,0.1427,0.0364,0.0012,0.0399,108,27,5,11,6,5,0.4705,201.57,58.37,377.21,8147.1,7498.47,5,0.0,0.0187,0,11
2026-09-09T15:39:34.093462+00:00,dos_hulk_v1,dos_hulk_v1__run_001,impact,T1499,150,2,0.9988,1.0,0.0,305295.32,464048.89,1.0,1500,2280,0.0356,0.1066,0.0376,0.0012,0.0412,107,27,0,8,9,0,0.6579,203.53,63.21,510.62,6086.2,8508.74,6,0.0,1.3213,0,5
2026-09-09T15:39:39.093462+00:00,dos_hulk_v1,dos_hulk_v1__run_001,impact,T1499,113,2,0.9932,1.0,0.0056,73045.43,121742.38,0.9675,339,565,0.0467,0.1186,0.0439,0.0028,0.0523,77,26,2,6,3,1,0.5998,215.47,71.51,507.77,7359.63,8496.86,1,0.0,0.6188,0,9
2026-09-09T15:39:44.093462+00:00,dos_hulk_v1,dos_hulk_v1__run_001,impact,T1499,140,2,0.9999,1.0,0.0,107524.79,167431.46,0.9232,560,872,0.0432,0.122,0.0343,0.0018,0.0397,102,26,0,6,3,0,0.6422,192.01,55.69,380.96,7719.02,8026.94,2,0.0287,0.9669,0,11
2026-09-09T15:39:49.093462+00:00,dos_hulk_v1,dos_hulk_v1__run_001,impact,T1499,120,2,0.9799,1.0,0.0027,119956.09,165739.33,0.983,600,829,0.0524,0.0829,0.0427,0.0017,0.0478,85,23,1,5,3,0,0.7231,199.93,58.99,407.44,7111.17,7682.74,2,0.0351,0.5213,0,10
2026-09-09T15:39:54.093462+00:00,dos_hulk_v1,dos_hulk_v1__run_001,impact,T1499,124,2,0.9908,1.0,0.0026,51269.25,78971.19,0.8828,248,382,0.0587,0.1399,0.0421,0.0025,0.0495,85,23,0,4,4,0,0.6485,206.73,53.3,372.29,8245.63,6791.48,2,0.0274,1.331,0,7
2026-09-09T15:39:59.093462+00:00,dos_hulk_v1,dos_hulk_v1__run_001,impact,T1499,121,2,1.0,0.9919,0.0,73554.88,93007.41,0.8817,363,459,0.0198,0.0301,0.0429,0.003,0.0519,87,22,3,8,3,0,0.79,202.63,67.58,439.56,8925.9,7342.87,1,0.0231,0.5602,0,10
2026-09-09T15:40:04.093462+00:00,dos_hulk_v1,dos_hulk_v1__run_001,impact,T1499,112,2,0.9998,0.9901,0.0198,160163.85,240654.35,0.9122,784,1178,0.0514,0.0784,0.0413,0.0022,0.0478,77,18,0,8,5,0,0.6654,204.29,65.65,486.5,9177.99,8073.64,3,0.0,0.673,0,4
2026-09-09T15:40:09.093462+00:00,dos_hulk_v1,dos_hulk_v1__run_001,impact,T1499,126,2,0.9984,0.9735,0.0,196989.12,341799.57,0.942,1008,1749,0.0566,0.1241,0.0396,0.0013,0.0435,85,29,0,3,4,0,0.576,195.43,52.21,412.3,8864.61,7761.08,3,0.0083,1.0387,0,1
2026-09-09T15:40:14.093462+00:00,dos_hulk_v1,dos_hulk_v1__run_001,impact,T1499,118,2,0.9998,0.9842,0.0,111322.67,210380.97,0.9885,590,1115,0.0571,0.0687,0.0461,0.0015,0.0506,79,22,1,8,8,0,0.5291,188.68,52.86,424.01,5905.79,8560.64,5,0.0,0.6886,0,7
2026-09-09T15:40:19.093462+00:00,dos_hulk_v1,dos_hulk_v1__run_001,impact,T1499,126,2,0.9993,1.0,0.0,53042.23,79563.34,0.9118,252,378,0.0522,0.1133,0.03,0.0021,0.0364,90,22,3,5,4,0,0.6665,210.49,59.58,423.72,8608.73,9074.08,3,0.0157,1.147,0,3
2026-09-09T15:40:24.093462+00:00,dos_hulk_v1,dos_hulk_v1__run_001,impact,T1499,113,2,0.9972,1.0,0.0089,92314.32,162979.71,1.0,452,798,0.0346,0.0642,0.0416,0.0018,0.0471,71,24,7,5,3,2,0.5658,204.24,59.39,408.83,8005.79,8949.83,1,0.0736,0.349,0,8
2026-09-09T15:40:29.093462+00:00,dos_hulk_v1,dos_hulk_v1__run_001,impact,T1499,123,2,0.9988,0.9742,0.0014,122354.83,157967.05,0.9719,615,794,0.0198,0.0431,0.0447,0.0015,0.0491,84,22,2,4,0,0,0.774,198.95,57.35,420.74,7759.95,6513.66,0,0.0039,1.5956,0,6
2026-09-09T15:40:34.093462+00:00,dos_hulk_v1,dos_hulk_v1__run_001,impact,T1499,128,2,0.9914,1.0,0.0,174435.91,277423.18,0.9912,896,1425,0.0378,0.0483,0.0386,0.0014,0.0429,88,23,2,5,4,1,0.6285,194.68,58.09,394.07,7700.52,6953.51,2,0.0357,1.0541,0,4
2026-09-09T15:40:39.093462+00:00,dos_hulk_v1,dos_hulk_v1__run_001,impact,T1499,129,2,0.9979,1.0,0.0168,128099.03,193836.68,1.0,645,976,0.0234,0.0595,0.0352,0.0021,0.0415,91,29,0,2,0,0,0.6604,198.6,54.45,426.64,8536.44,9467.86,0,0.0209,0.9656,0,10
2026-09-09T15:40:44.093462+00:00,dos_hulk_v1,dos_hulk_v1__run_001,impact,T1499,137,2,0.9981,0.964,0.0435,83038.72,115365.23,0.9249,411,571,0.0206,0.0386,0.0428,0.0019,0.0483,97,25,2,10,5,0,0.7189,202.04,60.2,489.06,8578.89,8566.21,3,0.0,1.5846,0,4
2026-09-09T15:40:49.093462+00:00,dos_hulk_v1,dos_hulk_v1__run_001,impact,T1499,120,2,0.9968,0.9565,0.0337,69814.06,133810.29,0.9389,360,690,0.0225,0.0519,0.0328,0.0016,0.0376,80,23,0,6,3,0,0.5211,193.93,60.84,407.28,7592.86,8009.01,2,0.0609,0.7735,0,5
2026-09-09T15:40:54.093462+00:00,dos_hulk_v1,dos_hulk_v1__run_001,impact,T1499,119,2,0.9987,1.0,0.0469,148745.6,198327.47,0.9287,714,952,0.0316,0.0901,0.0386,0.001,0.0417,82,23,3,6,1,0,0.7495,208.33,62.93,424.04,7897.31,8130.57,0,0.0,0.1707,0,7
2026-09-09T15:40:59.093462+00:00,dos_hulk_v1,dos_hulk_v1__run_001,impact,T1499,111,2,0.9929,1.0,0.0,91703.8,164405.91,0.9123,444,796,0.0368,0.0664,0.0468,0.0031,0.0561,77,19,4,3,2,0,0.5576,206.54,63.78,433.38,9043.14,8558.66,1,0.0196,1.3765,0,5
2026-09-09T15:41:04.093462+00:00,dos_hulk_v1,dos_hulk_v1__run_001,impact,T1499,120,2,0.9982,1.0,0.0,139421.12,228495.73,0.9513,720,1180,0.0242,0.0429,0.0354,0.001,0.0383,82,24,3,3,3,0,0.6098,193.64,55.03,351.31,7114.39,7528.88,2,0.0,1.4567,0,2
2026-09-09T15:41:09.093462+00:00,dos_hulk_v1,dos_hulk_v1__run_001,impact,T1499,133,2,0.999,0.9664,0.0418,230554.27,434456.11,0.9581,1064,2005,0.0219,0.0593,0.0375,0.002,0.0436,92,24,1,8,9,5,0.5306,216.69,66.28,390.93,8306.32,8213.66,7,0.0263,0.7565,0,6
2026-09-09T15:41:14.093462+00:00,dos_hulk_v1,dos_hulk_v1__run_001,impact,T1499,129,2,0.9947,0.9922,0.0055,100979.98,207243.79,0.8971,516,1059,0.0522,0.1005,0.0362,0.0019,0.0419,91,26,3,6,3,0,0.4869,195.7,55.98,426.26,9371.65,7892.39,2,0.0145,1.1096,0,4
2026-09-09T15:41:19.093462+00:00,dos_hulk_v1,dos_hulk_v1__run_001,impact,T1499,144,2,1.0,1.0,0.0037,171221.07,341451.28,0.9948,864,1723,0.0268,0.0326,0.0379,0.0021,0.0441,104,29,2,5,6,0,0.5014,198.17,59.16,506.56,9362.69,7387.01,3,0.0093,0.0473,0,8
2026-09-09T15:41:24.093462+00:00,dos_hulk_v1,dos_hulk_v1__run_001,impact,T1499,121,2,0.9988,1.0,0.0224,144389.84,243036.34,0.948,726,1222,0.0572,0.117,0.0375,0.0028,0.0459,88,21,1,7,4,0,0.5937,198.88,58.85,453.13,7205.09,9247.08,2,0.0313,1.611,0,3
2026-09-09T15:41:29.093462+00:00,dos_hulk_v1,dos_hulk_v1__run_001,impact,T1499,129,2,0.9996,0.983,0.0344,232259.48,531536.13,0.9966,1161,2657,0.0555,0.0787,0.0436,0.0027,0.0517,83,23,3,9,7,2,0.4368,200.05,58.72,419.15,7992.64,8485.49,6,0.0236,1.5787,0,11
2026-09-09T15:41:34.093462+00:00,dos_hulk_v1,dos_hulk_v1__run_001,impact,T1499,131,2,0.9905,1.0,0.0,152515.5,263118.35,0.9532,786,1356,0.0213,0.0462,0.0462,0.0024,0.0533,94,27,1,3,3,0,0.5794,194.04,51.91,398.35,6643.43,9158.7,2,0.0,0.3634,0,9
2026-09-09T15:41:39.093462+00:00,dos_hulk_v1,dos_hulk_v1__run_001,impact,T1499,134,2,0.9805,1.0,0.0149,54137.3,80599.94,0.9615,268,399,0.045,0.0756,0.0447,0.003,0.0537,95,27,7,9,5,0,0.6713,202.0,59.04,396.43,7853.06,9004.92,3,0.0195,1.0275,0,5
2026-09-09T15:41:44.093462+00:00,dos_hulk_v1,dos_hulk_v1__run_001,impact,T1499,128,2,0.9998,0.9502,0.0963,206066.19,389392.65,1.0,1024,1935,0.0602,0.1297,0.0338,0.0016,0.0388,90,31,5,5,8,4,0.5291,201.24,65.57,417.57,7978.2,7433.4,5,0.0639,0.7218,0,6
2026-09-09T15:41:49.093462+00:00,dos_hulk_v1,dos_hulk_v1__run_001,impact,T1499,118,2,0.9981,1.0,0.0,92287.06,140190.3,0.9617,472,717,0.0458,0.0824,0.032,0.0013,0.0359,80,26,3,7,1,0,0.6576,195.52,52.43,348.1,8712.54,7602.0,0,0.0,0.5983,0,13
2026-09-09T15:41:54.093462+00:00,dos_hulk_v1,dos_hulk_v1__run_001,impact,T1499,113,2,0.9954,0.9783,0.0264,93056.84,160584.82,0.9352,452,780,0.0536,0.0936,0.0301,0.0016,0.035,80,20,5,7,5,0,0.579,205.88,63.79,394.22,6365.32,9513.83,3,0.0,1.4097,0,5
2026-09-09T15:41:59.093462+00:00,dos_hulk_v1,dos_hulk_v1__run_001,impact,T1499,133,2,1.0,1.0,0.0,161513.69,307442.73,1.0,798,1519,0.0516,0.1186,0.0431,0.0018,0.0485,92,27,1,3,5,0,0.5252,202.4,66.06,454.56,10016.85,9318.71,4,0.0081,1.1354,0,10
2026-09-09T15:42:04.093462+00:00,dos_hulk_v1,dos_hulk_v1__run_001,impact,T1499,123,2,0.9996,0.9793,0.0243,191830.64,397892.62,0.9317,984,2041,0.0449,0.0623,0.0327,0.0022,0.0392,84,24,0,7,1,0,0.482,194.95,59.16,377.78,8760.74,7200.35,0,0.041,1.7479,0,3
2026-09-09T15:42:09.093462+00:00,dos_hulk_v1,dos_hulk_v1__run_001,impact,T1499,153,2,1.0,1.0,0.0,211818.0,328110.24,0.9942,1071,1659,0.0331,0.0889,0.035,0.0023,0.042,104,28,5,13,9,0,0.6453,197.78,52.22,412.67,9005.22,7365.22,4,0.0087,0.9002,0,7
2026-09-09T15:42:14.093462+00:00,dos_hulk_v1,dos_hulk_v1__run_001,impact,T1499,131,2,1.0,1.0,0.0,201009.43,351191.09,0.9246,1048,1831,0.0453,0.0823,0.0382,0.0019,0.0439,89,24,2,7,3,0,0.5722,191.8,55.9,380.85,9585.01,7622.16,1,0.0,1.1769,0,6
2026-09-09T15:42:19.093462+00:00,dos_hulk_v1,dos_hulk_v1__run_001,impact,T1499,122,2,0.9998,1.0,0.0061,122984.11,219758.49,0.9581,610,1090,0.0207,0.0412,0.0414,0.003,0.0504,84,24,3,6,8,0,0.5592,201.61,57.94,378.04,6922.72,6616.42,5,0.008,0.1673,0,3
2026-09-09T15:42:24.093462+00:00,dos_hulk_v1,dos_hulk_v1__run_001,impact,T1499,127,2,0.9996,1.0,0.0,124404.03,322470.93,0.9709,635,1646,0.0402,0.049,0.0329,0.0016,0.0378,85,27,0,9,7,0,0.3857,195.91,66.01,423.47,6396.66,8663.09,5,0.0382,1.4147,0,5
2026-09-09T15:42:29.093462+00:00,dos_hulk_v1,dos_hulk_v1__run_001,impact,T1499,129,2,0.9902,0.9898,0.0349,151974.53,237190.22,0.9999,774,1208,0.0275,0.057,0.0383,0.0018,0.0438,92,29,3,4,5,0,0.6402,196.35,49.59,365.32,9522.88,8106.76,4,0.0691,1.117,0,5
2026-09-09T15:42:34.093462+00:00,dos_hulk_v1,dos_hulk_v1__run_001,impact,T1499,134,2,0.9994,0.9867,0.0242,160569.22,288984.65,0.9369,804,1447,0.043,0.0559,0.0373,0.0011,0.0408,95,31,4,6,2,3,0.5555,199.71,54.67,368.65,7769.46,7478.64,1,0.0,0.0,0,9
2026-09-09T15:42:39.093462+00:00,dos_hulk_v1,dos_hulk_v1__run_001,impact,T1499,113,2,0.9749,1.0,0.0048,90971.34,118745.78,0.9169,452,590,0.0381,0.1018,0.032,0.0018,0.0375,78,22,0,2,4,0,0.7652,201.26,61.37,384.68,8172.82,9741.44,2,0.0317,1.5222,0,10
2026-09-09T15:42:44.093462+00:00,dos_hulk_v1,dos_hulk_v1__run_001,impact,T1499,113,2,0.9904,1.0,0.0024,90534.41,144414.4,0.9792,452,721,0.0286,0.0624,0.0397,0.0025,0.0472,78,25,2,3,1,4,0.6262,200.3,54.94,397.61,5790.54,8597.98,0,0.0,1.4965,0,6
2026-09-09T15:42:49.093462+00:00,dos_hulk_v1,dos_hulk_v1__run_001,impact,T1499,154,2,0.9981,0.9816,0.0031,154303.7,302194.77,0.949,770,1508,0.0338,0.0633,0.0375,0.0024,0.0446,109,30,2,3,5,0,0.5103,200.39,57.54,428.32,8944.15,6643.31,3,0.0,0.4764,0,9
2026-09-09T15:42:54.093462+00:00,dos_hulk_v1,dos_hulk_v1__run_001,impact,T1499,102,2,0.9931,0.9862,0.0266,123336.79,175130.18,0.949,612,869,0.0287,0.0512,0.0396,0.0019,0.0452,70,21,1,2,2,0,0.7041,201.53,55.4,404.04,7416.24,8876.24,1,0.0,0.58,0,4
2026-09-09T15:42:59.093462+00:00,dos_hulk_v1,dos_hulk_v1__run_001,impact,T1499,136,2,0.9986,1.0,0.0106,164728.46,324410.1,0.9097,816,1607,0.0462,0.0869,0.0427,0.0026,0.0506,94,23,0,6,7,0,0.5075,201.87,57.66,420.17,7712.94,8806.63,6,0.0159,0.1285,0,11
2026-09-09T15:43:04.093462+00:00,dos_hulk_v1,dos_hulk_v1__run_001,impact,T1499,128,2,0.9998,0.9818,0.0,158927.38,244599.16,0.9795,768,1182,0.0254,0.0585,0.04,0.0023,0.0469,91,23,3,6,3,0,0.6494,206.94,62.19,429.14,9643.73,9838.78,2,0.0,0.6098,0,4
2026-09-09T15:43:09.093462+00:00,dos_hulk_v1,dos_hulk_v1__run_001,impact,T1499,133,2,0.9996,1.0,0.0,78956.02,150590.3,0.9679,399,761,0.0365,0.0493,0.0268,0.0014,0.0311,94,28,0,8,1,1,0.5237,197.88,64.7,522.97,8365.24,7993.83,0,0.0341,1.3498,0,11
2026-09-09T15:43:14.093462+00:00,dos_hulk_v1,dos_hulk_v1__run_001,impact,T1499,114,2,1.0,1.0,0.0,160541.8,410206.42,1.0,798,2039,0.0349,0.0797,0.0377,0.0013,0.0415,79,24,1,5,1,0,0.3912,201.18,59.12,378.23,7525.71,8561.84,0,0.0335,1.041,0,5
2026-09-09T15:43:19.093462+00:00,dos_hulk_v1,dos_hulk_v1__run_001,impact,T1499,143,2,0.9983,1.0,0.002,248976.48,557537.07,0.9536,1287,2882,0.0505,0.116,0.0461,0.0015,0.0507,95,33,4,5,1,0,0.4465,193.45,55.82,385.16,7844.69,10048.76,0,0.0206,1.1554,0,8
2026-09-09T15:43:24.093462+00:00,dos_hulk_v1,dos_hulk_v1__run_001,impact,T1499,137,2,0.9889,0.9766,0.0016,170767.31,328654.37,0.8847,822,1582,0.0263,0.0416,0.0421,0.0029,0.0508,99,29,4,9,4,0,0.5196,207.75,60.14,358.68,8857.81,7605.75,2,0.0363,0.0,0,12
2026-09-09T15:43:29.093462+00:00,dos_hulk_v1,dos_hulk_v1__run_001,impact,T1499,124,2,0.9992,1.0,0.0,181393.93,241370.95,0.9572,868,1155,0.0471,0.1108,0.0393,0.0011,0.0427,87,28,4,6,2,0,0.7513,208.98,65.1,505.18,9266.68,8675.91,1,0.0409,0.7076,0,7
2026-09-09T15:43:34.093462+00:00,dos_hulk_v1,dos_hulk_v1__run_001,impact,T1499,114,2,0.9944,0.9693,0.0448,184441.47,310031.54,0.9128,912,1533,0.0556,0.1461,0.0434,0.0032,0.0531,81,20,1,6,5,1,0.5947,202.24,52.95,327.27,7540.92,7559.43,2,0.0,0.9075,0,5
2026-09-09T15:43:39.093462+00:00,dos_hulk_v1,dos_hulk_v1__run_001,impact,T1499,131,2,0.9996,0.9919,0.0342,207863.92,365546.95,0.9172,1048,1843,0.0549,0.0952,0.0358,0.0011,0.0391,91,25,1,6,4,4,0.5686,198.34,57.69,379.2,6941.27,8688.59,2,0.0439,0.4961,0,6
2026-09-09T15:43:44.093462+00:00,dos_hulk_v1,dos_hulk_v1__run_001,impact,T1499,136,2,0.9986,1.0,0.0081,139042.59,207950.46,0.8944,680,1017,0.0367,0.0664,0.0392,0.002,0.0452,100,25,6,7,0,0,0.6684,204.47,52.26,359.81,7654.84,9259.46,0,0.0072,1.0611,0,9
2026-09-09T15:43:49.093462+00:00,dos_hulk_v1,dos_hulk_v1__run_001,impact,T1499,126,2,0.9737,1.0,0.0,237156.65,482678.61,0.9673,1134,2308,0.0233,0.0551,0.0411,0.0013,0.0451,86,26,3,0,0,0,0.4912,209.13,57.51,367.59,7272.88,7764.7,0,0.0,1.4857,0,5
2026-09-09T15:43:54.093462+00:00,dos_hulk_v1,dos_hulk_v1__run_001,impact,T1499,120,2,0.9902,1.0,0.0056,202581.39,331727.03,0.9795,960,1572,0.0538,0.131,0.0473,0.0022,0.054,85,25,3,4,4,1,0.6105,211.02,57.59,430.63,7886.81,6248.01,2,0.0383,1.2158,0,11
2026-09-09T15:43:59.093462+00:00,dos_hulk_v1,dos_hulk_v1__run_001,impact,T1499,132,2,0.9973,0.9783,0.0114,265370.09,379157.57,0.8982,1320,1886,0.03,0.065,0.0381,0.0022,0.0449,94,23,0,6,7,0,0.6996,201.04,59.49,396.64,9913.01,7756.87,6,0.0,1.1489,0,9
2026-09-09T15:44:04.093462+00:00,dos_hulk_v1,dos_hulk_v1__run_001,impact,T1499,127,2,0.9924,1.0,0.0033,181004.67,272016.01,0.887,889,1336,0.0256,0.0691,0.0445,0.0018,0.0499,84,22,6,4,1,0,0.6653,203.6,50.86,357.27,7896.02,6816.09,0,0.0187,0.0382,0,7
2026-09-09T15:44:09.093462+00:00,dos_hulk_v1,dos_hulk_v1__run_001,impact,T1499,143,2,0.9997,0.9957,0.0035,165241.26,317001.29,0.9721,858,1646,0.031,0.0622,0.0461,0.0013,0.0499,101,22,3,6,0,0,0.521,192.59,53.52,364.68,8702.05,7871.2,0,0.0064,1.0631,0,6
2026-09-09T15:44:14.093462+00:00,dos_hulk_v1,dos_hulk_v1__run_001,impact,T1499,132,2,0.9993,0.9753,0.0074,78521.37,138205.55,0.912,396,697,0.0318,0.0676,0.0355,0.0018,0.0408,93,28,1,9,5,2,0.5678,198.29,53.3,395.58,7731.96,8859.57,3,0.0204,1.3165,0,10
2026-09-09T15:44:19.093462+00:00,dos_hulk_v1,dos_hulk_v1__run_001,impact,T1499,126,2,0.9883,0.9626,0.0278,212139.13,346830.64,1.0,1008,1648,0.0272,0.0745,0.0411,0.0017,0.046,90,23,1,7,2,0,0.6114,210.46,62.87,413.19,7937.59,7371.75,1,0.0126,1.0699,0,5
2026-09-09T15:44:24.093462+00:00,dos_hulk_v1,dos_hulk_v1__run_001,impact,T1499,132,2,0.9993,0.9984,0.0256,106700.9,196628.75,0.9272,528,973,0.0289,0.0567,0.0408,0.0029,0.0495,95,26,5,7,2,2,0.5426,202.09,61.17,454.18,7361.93,8159.63,1,0.0072,1.5054,0,8
2026-09-09T15:44:29.093462+00:00,dos_hulk_v1,dos_hulk_v1__run_001,impact,T1499,123,2,0.9862,1.0,0.0045,189239.0,385593.69,0.8528,984,2005,0.0508,0.1249,0.0411,0.001,0.0442,87,21,3,3,2,2,0.4906,192.32,54.98,445.65,6765.72,8029.2,1,0.0263,0.744,0,5
2026-09-09T15:44:34.093462+00:00,dos_hulk_v1,dos_hulk_v1__run_001,impact,T1499,127,2,0.9964,0.9675,0.0325,261818.6,378503.1,0.9221,1270,1836,0.0225,0.0425,0.0363,0.0022,0.043,81,25,4,5,2,0,0.6916,206.16,63.49,367.53,8814.28,7165.59,1,0.0584,0.7685,0,8
2026-09-09T15:44:39.093462+00:00,dos_hulk_v1,dos_hulk_v1__run_001,impact,T1499,103,2,0.9846,1.0,0.0286,119126.36,186207.22,0.9625,618,966,0.0275,0.0352,0.0449,0.0029,0.0537,69,19,0,4,1,0,0.6394,192.76,47.84,355.53,9592.02,7271.06,0,0.0,0.5055,0,7
2026-09-09T15:44:44.093462+00:00,dos_hulk_v1,dos_hulk_v1__run_001,impact,T1499,144,2,0.9799,1.0,0.0303,176563.28,287937.1,1.0,864,1409,0.0241,0.0496,0.0372,0.0013,0.0412,100,28,0,4,3,1,0.6128,204.36,64.1,404.95,7891.94,7641.73,2,0.0262,1.6975,0,8
2026-09-09T15:44:49.093462+00:00,dos_hulk_v1,dos_hulk_v1__run_001,impact,T1499,146,2,1.0,0.989,0.0,91762.49,178915.91,0.9172,438,854,0.0328,0.0929,0.048,0.002,0.0539,104,29,0,11,7,0,0.5128,209.5,68.75,452.92,7823.96,8304.31,4,0.0,1.319,0,7
2026-09-09T15:44:54.093462+00:00,dos_hulk_v1,dos_hulk_v1__run_001,impact,T1499,123,2,0.9789,0.9974,0.007,122315.0,252983.22,0.9041,615,1272,0.036,0.0438,0.0495,0.0024,0.0567,85,26,0,4,2,4,0.4832,198.89,58.3,393.59,8150.51,9185.55,1,0.0,1.0175,0,8
2026-09-09T15:44:59.093462+00:00,dos_hulk_v1,dos_hulk_v1__run_001,impact,T1499,141,2,0.9772,0.9562,0.0615,109024.62,172042.4,0.9844,564,890,0.0483,0.1399,0.0455,0.0017,0.0506,98,29,0,9,4,0,0.6331,193.31,54.53,454.83,8699.4,6612.97,3,0.0,2.1564,0,12
2026-09-09T15:45:04.093462+00:00,dos_hulk_v1,dos_hulk_v1__run_001,impact,T1499,123,2,0.9996,0.9937,0.0,304958.13,399586.06,1.0,1476,1934,0.0562,0.0809,0.0337,0.0019,0.0394,85,25,0,6,3,1,0.7631,206.61,68.28,515.76,7422.72,7455.77,2,0.1011,0.0,0,11
2026-09-09T15:45:09.093462+00:00,dos_hulk_v1,dos_hulk_v1__run_001,impact,T1499,132,2,0.9799,0.97,0.0267,25685.09,34246.79,0.8865,132,176,0.0495,0.1143,0.0324,0.0015,0.0369,92,28,6,4,0,4,0.7473,194.58,55.78,376.4,8712.8,9081.33,0,0.0,0.7755,0,5
2026-09-09T15:45:14.093462+00:00,dos_hulk_v1,dos_hulk_v1__run_001,impact,T1499,133,2,0.999,1.0,0.0,163359.07,202868.22,0.9144,798,991,0.0215,0.0629,0.0333,0.0021,0.0396,89,29,2,8,5,1,0.8046,204.71,57.21,409.76,8777.4,9902.71,4,0.0313,2.5173,0,14
2026-09-09T15:45:19.093462+00:00,dos_hulk_v1,dos_hulk_v1__run_001,impact,T1499,124,2,1.0,0.9937,0.0,282311.07,557585.07,0.9961,1364,2694,0.0484,0.083,0.0444,0.0024,0.0515,89,24,4,6,3,2,0.5063,206.97,56.39,445.63,8275.46,7177.47,2,0.0123,0.6462,0,10
2026-09-09T15:45:24.093462+00:00,dos_hulk_v1,dos_hulk_v1__run_001,impact,T1499,114,2,0.992,0.9577,0.0382,156658.23,342763.49,0.8416,798,1746,0.0205,0.0611,0.0465,0.0013,0.0505,82,22,3,5,6,1,0.4568,196.31,56.27,372.66,7563.26,7570.4,5,0.0039,0.2992,0,4
2026-09-09T15:45:29.093462+00:00,dos_hulk_v1,dos_hulk_v1__run_001,impact,T1499,158,2,0.9926,1.0,0.0,130438.02,267893.27,1.0,632,1298,0.0494,0.0926,0.0325,0.0021,0.039,105,30,1,4,8,0,0.4869,206.39,62.83,502.43,8599.53,8613.42,5,0.0233,0.6252,0,5
2026-09-09T15:45:34.093462+00:00,dos_hulk_v1,dos_hulk_v1__run_001,impact,T1499,124,2,0.9812,1.0,0.0216,126768.58,172977.78,0.8761,620,846,0.0279,0.0403,0.0454,0.0021,0.0518,90,24,0,6,1,0,0.7327,204.47,63.76,456.1,8170.41,8459.35,0,0.0005,1.5036,0,4
2026-09-09T15:45:39.093462+00:00,dos_hulk_v1,dos_hulk_v1__run_001,impact,T1499,121,2,0.9889,1.0,0.0042,73523.48,141983.36,0.9137,363,701,0.0396,0.0993,0.041,0.0013,0.045,82,25,5,7,3,0,0.5172,202.54,53.94,419.11,7138.6,8768.32,2,0.0438,0.1181,0,13
2026-09-09T15:45:44.093462+00:00,dos_hulk_v1,dos_hulk_v1__run_001,impact,T1499,121,2,0.9996,1.0,0.0,142352.05,212939.84,0.9168,726,1086,0.0377,0.1082,0.0417,0.0026,0.0495,81,26,0,8,2,0,0.6683,196.08,57.77,379.39,10507.78,6871.85,1,0.035,0.8509,0,11
2026-09-09T15:45:49.093462+00:00,dos_hulk_v1,dos_hulk_v1__run_001,impact,T1499,114,2,0.998,1.0,0.0215,195222.83,416893.98,0.9387,1026,2191,0.0423,0.1249,0.0378,0.0022,0.0443,84,24,3,5,4,0,0.4681,190.28,53.25,400.58,8191.05,9974.25,2,0.0174,1.497,0,8
2026-09-09T15:45:54.093462+00:00,dos_hulk_v1,dos_hulk_v1__run_001,impact,T1499,121,2,0.9996,1.0,0.014,192626.23,302072.95,0.918,968,1518,0.0502,0.1486,0.0404,0.0012,0.0438,83,24,0,7,0,1,0.6373,198.99,62.78,410.65,9508.9,5477.63,0,0.0232,1.4992,0,8
2026-09-09T15:45:59.093462+00:00,dos_hulk_v1,dos_hulk_v1__run_001,impact,T1499,117,2,0.9999,1.0,0.0,286185.54,490632.9,0.8631,1404,2407,0.0485,0.061,0.0377,0.0021,0.044,86,18,2,9,8,0,0.5833,203.84,64.98,399.43,8374.5,8239.31,6,0.0417,0.5386,0,5
2026-09-09T15:46:04.093462+00:00,dos_hulk_v1,dos_hulk_v1__run_001,impact,T1499,121,2,0.9988,1.0,0.0,204062.76,272786.37,0.9793,968,1294,0.0481,0.0957,0.0375,0.0023,0.0445,85,26,2,6,3,0,0.7478,210.81,68.73,443.33,7874.26,8463.36,1,0.0,1.3459,0,10
2026-09-09T15:46:09.093462+00:00,dos_hulk_v1,dos_hulk_v1__run_001,impact,T1499,118,2,0.9748,0.9655,0.0417,184061.87,310214.45,1.0,944,1591,0.0567,0.1063,0.0485,0.0016,0.0532,80,26,0,5,5,0,0.5932,194.98,60.85,384.99,8921.74,7999.74,4,0.0244,0.9219,0,8
2026-09-09T15:46:14.093462+00:00,dos_hulk_v1,dos_hulk_v1__run_001,impact,T1499,120,2,0.9871,1.0,0.0,95744.4,162765.48,0.9328,480,816,0.0248,0.0657,0.0441,0.0016,0.0487,83,23,0,5,2,0,0.5877,199.47,61.21,427.22,7898.86,7080.86,1,0.0,0.703,0,7
2026-09-09T15:46:19.093462+00:00,dos_hulk_v1,dos_hulk_v1__run_001,impact,T1499,117,2,0.9911,0.9984,0.0,197484.92,313317.42,0.8768,936,1485,0.0373,0.0588,0.0399,0.0028,0.0482,79,27,2,4,0,0,0.6299,210.99,60.87,398.7,7407.8,7391.14,0,0.0,0.0,0,8
2026-09-09T15:46:24.093462+00:00,dos_hulk_v1,dos_hulk_v1__run_001,impact,T1499,133,2,0.9882,1.0,0.0,209421.56,492455.6,0.9209,1064,2502,0.0314,0.0801,0.0318,0.0023,0.0386,94,21,6,5,1,0,0.4252,196.82,57.35,407.41,8687.05,7286.44,0,0.0,1.598,0,17
2026-09-09T15:46:29.093462+00:00,dos_hulk_v1,dos_hulk_v1__run_001,impact,T1499,120,2,0.9968,1.0,0.0,194208.0,352204.3,0.9823,960,1741,0.0242,0.0401,0.0366,0.0012,0.0402,85,25,1,3,2,2,0.5511,202.3,54.69,416.88,6931.7,9400.64,1,0.0,1.337,0,8
2026-09-09T15:46:34.093462+00:00,dos_hulk_v1,dos_hulk_v1__run_001,impact,T1499,118,2,0.9948,1.0,0.0014,125863.61,184955.51,0.9434,590,867,0.0423,0.0958,0.0434,0.0014,0.0477,84,22,0,4,1,0,0.6802,213.33,56.79,376.01,7493.69,9686.82,0,0.0,0.9232,0,7
2026-09-09T15:46:39.093462+00:00,dos_hulk_v1,dos_hulk_v1__run_001,impact,T1499,125,2,0.9996,1.0,0.0163,72863.37,131736.98,0.953,375,678,0.0589,0.0847,0.0397,0.0011,0.0432,88,21,3,6,6,0,0.5524,194.3,55.57,365.13,7831.73,8796.0,3,0.0,0.3483,0,5
2026-09-09T15:46:44.093462+00:00,dos_hulk_v1,dos_hulk_v1__run_001,impact,T1499,132,2,0.9919,1.0,0.0,135237.81,283179.78,0.9551,660,1382,0.0382,0.053,0.0394,0.0019,0.045,89,29,0,7,0,0,0.4775,204.91,56.06,405.12,6948.38,8649.12,0,0.045,1.4404,0,13
2026-09-09T15:46:49.093462+00:00,dos_hulk_v1,dos_hulk_v1__run_001,impact,T1499,117,2,0.9957,0.9619,0.048,48745.21,86866.46,0.907,234,417,0.0556,0.0761,0.0423,0.0028,0.0508,81,24,1,11,5,0,0.5599,208.31,64.08,497.39,8607.61,9222.29,2,0.0584,0.5716,0,11
2026-09-09T15:46:54.093462+00:00,dos_hulk_v1,dos_hulk_v1__run_001,impact,T1499,154,2,0.9852,0.9573,0.0275,304278.21,504232.47,0.9878,1540,2552,0.0222,0.0533,0.0388,0.0013,0.0427,105,35,0,8,6,7,0.6032,197.58,60.84,427.38,8536.96,6865.34,5,0.0,0.9424,0,10
2026-09-09T15:46:59.093462+00:00,dos_hulk_v1,dos_hulk_v1__run_001,impact,T1499,112,2,0.9991,1.0,0.0268,181400.37,315426.08,0.9994,896,1558,0.046,0.0611,0.0402,0.0023,0.0471,78,23,2,6,5,1,0.5751,202.46,54.54,414.58,7955.91,7385.56,4,0.0172,1.1252,0,12
2026-09-09T15:47:04.093462+00:00,dos_hulk_v1,dos_hulk_v1__run_001,impact,T1499,125,2,0.9896,1.0,0.0179,195753.61,393856.26,0.9446,1000,2012,0.0235,0.0529,0.0367,0.001,0.0396,88,27,2,9,1,0,0.4969,195.75,56.85,388.26,7114.33,7495.59,0,0.0,1.5292,0,10
2026-09-09T15:47:09.093462+00:00,dos_hulk_v1,dos_hulk_v1__run_001,impact,T1499,124,2,0.9847,0.9283,0.0986,102866.71,168402.75,0.9794,496,812,0.0362,0.0565,0.0451,0.0016,0.0499,85,25,0,12,6,0,0.6102,207.39,72.37,482.46,9079.37,9017.52,5,0.0629,1.7986,0,5
2026-09-09T15:47:14.093462+00:00,dos_hulk_v1,dos_hulk_v1__run_001,impact,T1499,115,2,0.9908,1.0,0.0295,229419.73,385824.13,1.0,1150,1934,0.0228,0.0366,0.0483,0.0022,0.0548,78,22,4,9,7,1,0.5945,199.5,63.25,396.04,7458.28,9811.58,6,0.0,0.6018,0,5
2026-09-09T15:47:19.093462+00:00,dos_hulk_v1,dos_hulk_v1__run_001,impact,T1499,137,2,0.9935,1.0,0.0009,53850.99,83527.99,0.8997,274,425,0.0395,0.0657,0.0398,0.0019,0.0454,90,26,1,6,3,0,0.6443,196.54,59.11,371.24,9109.18,8264.71,1,0.0279,1.0458,0,15
2026-09-09T15:47:24.093462+00:00,dos_hulk_v1,dos_hulk_v1__run_001,impact,T1499,110,2,0.994,1.0,0.0185,147222.41,241482.99,0.9312,770,1263,0.043,0.088,0.0408,0.0026,0.0485,76,24,2,5,5,0,0.6092,191.2,60.28,461.14,7822.76,8776.45,4,0.0,0.7573,0,6
2026-09-09T15:47:29.093462+00:00,dos_hulk_v1,dos_hulk_v1__run_001,impact,T1499,139,2,0.9982,0.9711,0.0027,189501.38,283570.41,1.0,973,1456,0.0336,0.0438,0.0419,0.0016,0.0465,95,30,3,11,0,0,0.6679,194.76,54.92,345.65,8333.98,7267.61,0,0.0575,1.4684,0,12
2026-09-09T15:47:34.093462+00:00,dos_hulk_v1,dos_hulk_v1__run_001,impact,T1499,131,2,0.9979,1.0,0.0143,100692.77,127403.25,0.9175,524,663,0.0202,0.028,0.0429,0.0015,0.0475,93,20,2,0,3,0,0.7903,192.16,56.92,387.49,9420.41,9005.8,1,0.0,1.0872,0,12
2026-09-09T15:47:39.093462+00:00,dos_hulk_v1,dos_hulk_v1__run_001,impact,T1499,125,2,0.9944,1.0,0.0,208412.91,282607.9,0.9709,1000,1356,0.032,0.0806,0.0404,0.0011,0.0435,90,24,3,2,4,0,0.7371,208.41,61.72,368.72,8846.25,7479.06,2,0.0162,0.9926,0,9
2026-09-09T15:47:44.093462+00:00,dos_hulk_v1,dos_hulk_v1__run_001,impact,T1499,120,2,0.995,1.0,0.0449,163273.96,243161.57,0.9156,840,1251,0.0217,0.0469,0.0433,0.0029,0.0521,88,22,2,7,2,0,0.6715,194.37,60.66,382.3,8681.96,7652.55,1,0.028,1.3944,0,6
2026-09-09T15:47:49.093462+00:00,dos_hulk_v1,dos_hulk_v1__run_001,impact,T1499,123,2,0.9996,1.0,0.0,197136.45,319946.05,0.8962,984,1597,0.0416,0.0925,0.0442,0.0025,0.0515,87,20,0,3,5,0,0.616,200.34,53.06,352.68,8895.46,8178.64,2,0.0211,1.7023,0,9
2026-09-09T15:47:54.093462+00:00,dos_hulk_v1,dos_hulk_v1__run_001,impact,T1499,121,2,1.0,0.9956,0.0129,74685.37,108633.26,0.9716,363,528,0.0217,0.0297,0.0338,0.0014,0.038,85,22,7,6,2,0,0.6873,205.74,71.61,583.44,7010.47,8209.05,1,0.0305,0.4286,0,6
2026-09-09T15:47:59.093462+00:00,dos_hulk_v1,dos_hulk_v1__run_001,impact,T1499,119,2,0.9959,1.0,0.0,92580.26,139842.87,0.9825,476,719,0.0302,0.0783,0.0421,0.0011,0.0454,83,25,4,4,4,0,0.6615,194.5,56.8,383.14,5497.48,9364.48,3,0.0,1.3362,0,9
2026-09-09T15:48:04.093462+00:00,dos_hulk_v1,dos_hulk_v1__run_001,impact,T1499,117,2,0.9936,1.0,0.0,140182.28,161149.71,1.0,702,807,0.053,0.082,0.043,0.0019,0.0487,82,23,3,6,1,0,0.8694,199.69,54.57,430.27,8018.34,7559.76,0,0.0,1.1996,0,5
2026-09-09T15:48:09.093462+00:00,dos_hulk_v1,dos_hulk_v1__run_001,impact,T1499,119,2,0.9999,0.9987,0.0,137355.6,271633.19,1.0,714,1412,0.0537,0.0679,0.033,0.001,0.0361,86,21,2,3,6,2,0.5057,192.37,61.79,421.1,6956.32,10266.08,4,0.0,0.5048,0,9
2026-09-09T15:48:14.093462+00:00,dos_hulk_v1,dos_hulk_v1__run_001,impact,T1499,149,2,1.0,1.0,0.0,149479.77,259633.32,0.9444,745,1294,0.0582,0.1008,0.0441,0.0015,0.0486,105,33,2,2,2,0,0.5755,200.64,63.6,466.03,7330.89,8228.83,1,0.0,1.2831,0,11
2026-09-09T15:48:19.093462+00:00,dos_hulk_v1,dos_hulk_v1__run_001,impact,T1499,139,2,0.997,0.9954,0.001,219830.89,351492.19,0.9009,1112,1778,0.0196,0.0441,0.0368,0.0019,0.0424,99,29,2,10,2,0,0.6251,197.69,56.77,381.24,9161.88,8823.0,1,0.0,1.4763,0,9
2026-09-09T15:48:24.093462+00:00,dos_hulk_v1,dos_hulk_v1__run_001,impact,T1499,124,2,0.997,0.973,0.0217,224801.76,357950.48,0.9187,1116,1777,0.0486,0.1422,0.0387,0.0023,0.0458,88,20,0,0,7,2,0.6279,201.44,70.3,539.61,8690.79,8076.32,4,0.0328,0.9518,0,7
2026-09-09T15:48:29.093462+00:00,dos_hulk_v1,dos_hulk_v1__run_001,impact,T1499,123,2,1.0,0.9891,0.0064,49050.53,80953.32,0.9043,246,406,0.0196,0.0291,0.0361,0.0013,0.0401,84,26,8,5,4,0,0.6046,199.39,63.19,407.06,7845.8,10119.11,3,0.0,1.0911,0,6
2026-09-09T15:48:34.093462+00:00,dos_hulk_v1,dos_hulk_v1__run_001,impact,T1499,128,2,0.9972,0.9828,0.0023,237295.56,435865.8,0.9531,1152,2116,0.0298,0.0433,0.0334,0.0022,0.0401,86,27,0,10,4,0,0.5442,205.99,62.14,465.7,9823.74,8566.58,3,0.0173,1.2148,0,4
2026-09-09T15:48:39.093462+00:00,dos_hulk_v1,dos_hulk_v1__run_001,impact,T1499,132,2,0.9998,0.9949,0.0,163202.42,224197.26,0.9482,792,1088,0.0388,0.0779,0.0419,0.0022,0.0484,93,29,0,10,7,0,0.7279,206.06,72.19,461.01,7562.52,6907.31,4,0.0,0.9726,0,4
2026-09-09T15:48:44.093462+00:00,dos_hulk_v1,dos_hulk_v1__run_001,impact,T1499,125,2,0.9963,1.0,0.0544,131288.08,176031.06,0.9854,625,838,0.0371,0.0787,0.0346,0.0021,0.0409,90,26,0,5,5,0,0.7451,210.06,63.52,454.95,8056.12,10553.71,2,0.0391,0.3329,0,10
2026-09-09T15:48:49.093462+00:00,dos_hulk_v1,dos_hulk_v1__run_001,impact,T1499,121,2,0.9996,0.9686,0.0521,118804.04,174769.58,0.9593,605,890,0.0282,0.0688,0.0423,0.0017,0.0473,85,25,2,4,1,0,0.6794,196.37,55.11,344.8,8185.41,8340.19,0,0.0,1.0765,0,11
2026-09-09T15:48:54.093462+00:00,dos_hulk_v1,dos_hulk_v1__run_001,impact,T1499,142,2,0.9987,0.9786,0.0082,135104.51,214644.92,0.9436,710,1128,0.0386,0.1067,0.0403,0.0018,0.0456,98,31,4,4,2,4,0.6291,190.29,50.06,331.85,6758.93,9308.2,1,0.0187,0.5078,0,6
2026-09-09T15:48:59.093462+00:00,dos_hulk_v1,dos_hulk_v1__run_001,impact,T1499,139,2,0.9991,1.0,0.0064,167588.68,216820.36,0.9329,834,1079,0.0534,0.0829,0.0403,0.0026,0.0481,96,30,2,2,2,0,0.7728,200.95,62.4,447.24,8614.72,8418.35,1,0.0594,1.4106,0,7
2026-09-09T15:49:04.093462+00:00,dos_hulk_v1,dos_hulk_v1__run_001,impact,T1499,144,2,0.9994,0.992,0.0008,142489.74,285573.2,0.9765,720,1443,0.0428,0.1012,0.0399,0.0011,0.0434,103,29,6,8,5,2,0.4987,197.9,54.87,375.73,9322.35,8265.05,3,0.0306,0.4222,0,7
2026-09-09T15:49:09.093462+00:00,dos_hulk_v1,dos_hulk_v1__run_001,impact,T1499,132,2,0.9985,0.9951,0.0,130880.34,238757.48,0.9828,660,1204,0.048,0.0958,0.0436,0.0024,0.0509,93,28,1,5,7,1,0.5479,198.3,65.8,535.2,8785.2,5948.66,6,0.0568,1.1457,0,10
2026-09-09T15:49:14.093462+00:00,dos_hulk_v1,dos_hulk_v1__run_001,impact,T1499,113,2,0.9836,0.9539,0.0539,113622.5,148212.0,0.9198,565,737,0.0262,0.051,0.0353,0.0009,0.038,77,21,3,3,1,0,0.7661,201.1,60.18,435.85,6569.35,9019.23,0,0.0,0.8716,0,5
2026-09-09T15:49:19.093462+00:00,dos_hulk_v1,dos_hulk_v1__run_001,impact,T1499,133,2,0.998,1.0,0.0,98364.12,161413.3,1.0,532,873,0.041,0.0744,0.0425,0.0016,0.0473,97,23,2,3,2,2,0.6091,184.89,53.53,372.48,6655.46,7718.1,1,0.0324,1.4047,0,8
2026-09-09T15:49:24.093462+00:00,dos_hulk_v1,dos_hulk_v1__run_001,impact,T1499,125,2,0.9922,1.0,0.0,152498.52,179338.26,0.9951,750,882,0.037,0.1005,0.0472,0.0013,0.051,90,25,0,5,4,0,0.8499,203.33,56.31,381.5,7520.31,7105.69,2,0.027,1.1249,0,6
2026-09-09T15:49:29.093462+00:00,dos_hulk_v1,dos_hulk_v1__run_001,impact,T1499,142,2,0.9977,1.0,0.0226,228118.52,371897.45,0.8997,1136,1852,0.0239,0.0299,0.0459,0.0019,0.0517,98,33,5,3,8,7,0.6132,200.81,63.42,522.02,7231.66,9201.77,5,0.0594,1.0365,0,6
2026-09-09T15:49:34.093462+00:00,dos_hulk_v1,dos_hulk_v1__run_001,impact,T1499,148,2,0.9967,0.961,0.0273,312903.37,619252.69,0.9384,1480,2929,0.045,0.0754,0.0372,0.001,0.0403,103,26,1,2,4,3,0.5052,211.42,72.8,494.22,7912.54,7916.72,2,0.0488,1.0457,0,6
2026-09-09T15:49:39.093462+00:00,dos_hulk_v1,dos_hulk_v1__run_001,impact,T1499,117,2,0.9999,0.9859,0.0046,113512.91,216935.78,1.0,585,1118,0.032,0.0745,0.0418,0.0015,0.0462,80,23,5,4,5,0,0.5232,194.04,53.13,369.06,4325.88,6631.21,3,0.0399,0.645,0,14
2026-09-09T15:49:44.093462+00:00,dos_hulk_v1,dos_hulk_v1__run_001,impact,T1499,136,2,0.9998,0.972,0.0114,185079.45,290839.13,1.0,952,1496,0.0358,0.0655,0.0336,0.0011,0.0369,97,25,0,9,7,0,0.6362,194.41,57.71,557.84,9802.39,8458.22,3,0.0,1.6495,0,9
2026-09-09T15:49:49.093462+00:00,dos_hulk_v1,dos_hulk_v1__run_001,impact,T1499,104,2,0.9544,1.0,0.0,186433.7,285825.17,0.9412,936,1435,0.0334,0.0865,0.0399,0.0018,0.0452,76,17,0,6,3,0,0.6521,199.18,57.66,416.87,8443.71,7449.21,2,0.0171,0.2965,0,7
2026-09-09T15:49:54.093462+00:00,dos_hulk_v1,dos_hulk_v1__run_001,impact,T1499,131,2,1.0,1.0,0.0,187179.14,248619.63,0.9185,917,1218,0.026,0.0414,0.0457,0.0032,0.0552,91,28,0,8,0,0,0.7527,204.12,60.46,433.89,7619.77,8814.49,0,0.0,1.1063,0,7
2026-09-09T15:49:59.093462+00:00,dos_hulk_v1,dos_hulk_v1__run_001,impact,T1499,109,2,0.9985,0.9567,0.064,166680.74,270665.05,0.9595,872,1416,0.0351,0.0519,0.0397,0.0017,0.0448,76,21,0,8,1,0,0.6158,191.15,59.74,388.48,7289.91,8744.42,0,0.0,0.8341,0,12
2026-09-09T15:50:04.093462+00:00,dos_hulk_v1,dos_hulk_v1__run_001,impact,T1499,111,2,0.9788,1.0,0.0,134606.13,271435.49,0.8528,666,1343,0.0263,0.0706,0.0378,0.0028,0.0463,79,22,2,3,2,3,0.4956,202.11,57.4,514.82,10686.88,9041.93,1,0.0444,0.2078,0,6
2026-09-09T15:50:09.093462+00:00,dos_hulk_v1,dos_hulk_v1__run_001,impact,T1499,127,2,1.0,0.9736,0.0708,242785.46,313093.41,0.9735,1143,1474,0.0584,0.0871,0.0395,0.0024,0.0467,86,22,0,6,0,0,0.7749,212.41,67.79,403.13,8925.06,9760.42,0,0.0029,0.6288,0,6
2026-09-09T15:50:14.093462+00:00,dos_hulk_v1,dos_hulk_v1__run_001,impact,T1499,124,2,0.988,0.9547,0.0567,253288.42,430590.32,0.8991,1240,2108,0.0447,0.1152,0.0365,0.0021,0.0428,87,25,5,7,1,0,0.5882,204.26,60.88,427.79,6834.22,7148.71,0,0.0202,1.4493,0,7
2026-09-09T15:50:19.093462+00:00,dos_hulk_v1,dos_hulk_v1__run_001,impact,T1499,131,2,0.9996,1.0,0.0,129776.52,194763.84,0.9451,655,983,0.0481,0.1372,0.0339,0.0025,0.0415,94,17,2,0,6,0,0.6658,198.13,54.16,359.7,9241.78,8305.13,4,0.0151,1.3482,0,8
2026-09-09T15:50:24.093462+00:00,dos_hulk_v1,dos_hulk_v1__run_001,impact,T1499,125,2,0.9963,0.9635,0.032,148982.32,208177.96,0.9026,750,1048,0.031,0.0801,0.0359,0.0017,0.0409,86,24,3,3,3,0,0.7152,198.64,56.47,353.94,6847.58,7736.8,1,0.0073,1.5176,0,8
2026-09-09T15:50:29.093462+00:00,dos_hulk_v1,dos_hulk_v1__run_001,impact,T1499,127,2,0.9978,0.9954,0.0,52932.19,81273.84,0.9971,254,390,0.0544,0.0888,0.0446,0.0029,0.0534,87,28,0,9,0,0,0.6502,208.39,55.11,397.02,9038.56,5455.11,0,0.0,0.465,0,6
2026-09-09T15:50:34.093462+00:00,dos_hulk_v1,dos_hulk_v1__run_001,impact,T1499,114,2,0.9944,0.976,0.0167,138736.51,185996.17,0.9369,684,917,0.0546,0.1193,0.0398,0.0028,0.0482,77,18,5,7,4,0,0.7453,202.83,60.47,398.92,7633.38,9443.88,2,0.0,1.0711,0,7
2026-09-09T15:50:39.093462+00:00,dos_hulk_v1,dos_hulk_v1__run_001,impact,T1499,124,2,0.9992,0.9914,0.025,118598.76,299174.92,0.9017,620,1564,0.061,0.1544,0.0466,0.0021,0.0528,89,21,0,7,7,0,0.3964,191.29,56.71,392.98,6877.93,9402.24,3,0.021,1.1157,0,12
2026-09-09T15:50:44.093462+00:00,dos_hulk_v1,dos_hulk_v1__run_001,impact,T1499,126,2,0.9993,1.0,0.007,74738.42,106769.17,1.0,378,540,0.0474,0.1202,0.0285,0.0007,0.0308,91,27,0,9,1,0,0.6994,197.72,58.4,375.97,7849.56,7304.66,0,0.0,1.2777,0,9
