timestamp,persona_id,run_id,mitre_stage,technique_id,flow_count,unique_dst_ports,dest_port_entropy,tcp_ratio,udp_ratio,bytes_fwd_sum,bytes_bwd_sum,bidirectional_ratio,pkts_fwd_sum,pkts_bwd_sum,duration_mean,duration_max,iat_mean,iat_std,iat_max,syn_flag_sum,ack_flag_sum,fin_flag_sum,rst_flag_sum,psh_flag_sum,urg_flag_sum,down_up_ratio_mean,pkt_len_mean,pkt_len_std,pkt_len_max,init_fwd_win_mean,init_bwd_win_mean,fwd_psh_flags_sum,port_scan_score,ttl_variance,ip_fragment_flags,retransmit_count
2026-09-09T14:50:46.256204+00:00,bruteforce_ssh_v1,bruteforce_ssh_v1__run_001,initial_access,T1110.001,18,1,-0.0,0.9714,0.0298,10495.89,11195.62,0.8448,90,96,0.19,0.3331,0.2202,0.0172,0.2717,10,5,1,2,0,0,0.933,116.62,35.0,216.9,8832.25,9655.95,0,0.0042,0.7484,0,0
2026-09-09T14:50:51.256204+00:00,bruteforce_ssh_v1,bruteforce_ssh_v1__run_001,initial_access,T1110.001,25,1,-0.0,0.9685,0.0028,18495.81,18249.2,0.9055,150,148,0.2558,0.3827,0.2068,0.0281,0.291,13,7,0,3,1,0,1.0112,123.31,48.08,258.97,6308.99,6370.47,0,0.0538,1.3098,0,1
2026-09-09T14:50:56.256204+00:00,bruteforce_ssh_v1,bruteforce_ssh_v1__run_001,initial_access,T1110.001,25,1,-0.0,0.9582,0.0165,26557.15,32665.3,0.8639,200,246,0.1379,0.3023,0.2507,0.0327,0.3488,13,7,0,4,2,0,0.813,132.79,45.68,270.24,7007.31,8264.94,1,0.0326,0.0001,0,2
2026-09-09T14:51:01.256204+00:00,bruteforce_ssh_v1,bruteforce_ssh_v1__run_001,initial_access,T1110.001,24,1,-0.0,0.9834,0.0243,24262.32,22493.19,0.9221,192,178,0.3691,0.9,0.2614,0.0162,0.3099,13,6,1,3,1,0,1.0782,126.37,35.38,218.74,8955.82,8546.81,0,0.0,0.6733,0,1
2026-09-09T14:51:06.256204+00:00,bruteforce_ssh_v1,bruteforce_ssh_v1__run_001,initial_access,T1110.001,21,1,-0.0,1.0,0.0355,10138.81,14966.82,0.8055,84,124,0.1589,0.2143,0.2802,0.027,0.3613,11,6,1,2,0,0,0.6723,120.7,35.14,248.5,10686.4,7738.84,0,0.0,1.5326,0,1
2026-09-09T14:51:11.256204+00:00,bruteforce_ssh_v1,bruteforce_ssh_v1__run_001,initial_access,T1110.001,23,1,-0.0,1.0,0.0113,25884.7,30511.43,0.8697,207,244,0.283,0.6255,0.274,0.0392,0.3916,12,7,2,3,0,0,0.846,125.05,35.43,192.94,7457.12,6721.36,0,0.023,1.2441,0,5
2026-09-09T14:51:16.256204+00:00,bruteforce_ssh_v1,bruteforce_ssh_v1__run_001,initial_access,T1110.001,14,1,-0.0,1.0,0.0,5448.56,6616.11,0.9018,42,51,0.3467,0.8659,0.283,0.017,0.3341,7,4,0,2,0,0,0.8113,129.73,27.77,176.24,8016.48,7772.8,0,0.0318,1.4878,0,0
2026-09-09T14:51:21.256204+00:00,bruteforce_ssh_v1,bruteforce_ssh_v1__run_001,initial_access,T1110.001,19,1,-0.0,1.0,0.0239,21888.59,33536.91,0.8669,171,262,0.3039,0.7638,0.2458,0.0284,0.3309,10,5,0,3,1,0,0.6524,128.0,33.32,217.75,7632.66,10886.15,0,0.0718,1.4518,0,0
2026-09-09T14:51:26.256204+00:00,bruteforce_ssh_v1,bruteforce_ssh_v1__run_001,initial_access,T1110.001,21,1,-0.0,1.0,0.0011,16765.56,15434.96,0.8861,126,116,0.3214,0.9295,0.2728,0.0394,0.391,11,7,1,2,1,0,1.081,133.06,41.39,244.02,7794.0,8138.7,0,0.0,0.5779,0,1
2026-09-09T14:51:31.256204+00:00,bruteforce_ssh_v1,bruteforce_ssh_v1__run_001,initial_access,T1110.001,20,1,-0.0,1.0,0.0,6922.78,8884.24,0.9607,60,77,0.1701,0.4022,0.3202,0.033,0.4191,11,5,1,3,0,0,0.7778,115.38,38.86,208.56,9321.86,7534.22,0,0.0,1.8599,0,1
2026-09-09T14:51:36.256204+00:00,bruteforce_ssh_v1,bruteforce_ssh_v1__run_001,initial_access,T1110.001,16,1,-0.0,1.0,0.0102,16472.31,20847.77,0.9259,128,162,0.2149,0.4913,0.1805,0.0255,0.2569,8,4,0,2,0,0,0.7881,128.69,49.1,234.44,8694.38,7177.01,0,0.0228,1.5325,0,0
2026-09-09T14:51:41.256204+00:00,bruteforce_ssh_v1,bruteforce_ssh_v1__run_001,initial_access,T1110.001,14,1,-0.0,1.0,0.0,11870.18,12960.29,0.9128,98,107,0.1812,0.2358,0.2287,0.0132,0.2683,7,3,0,2,0,0,0.9147,121.12,27.78,177.29,8610.55,9363.95,0,0.0057,0.8226,0,0
2026-09-09T14:51:46.256204+00:00,bruteforce_ssh_v1,bruteforce_ssh_v1__run_001,initial_access,T1110.001,25,1,-0.0,0.9825,0.0111,17991.65,13193.87,0.8804,150,110,0.2886,0.4203,0.291,0.0178,0.3443,14,8,1,3,1,0,1.3627,119.94,33.75,189.81,7413.23,7201.32,0,0.0,1.3212,0,2
2026-09-09T14:51:51.256204+00:00,bruteforce_ssh_v1,bruteforce_ssh_v1__run_001,initial_access,T1110.001,24,1,-0.0,0.9909,0.0131,15839.76,19139.71,0.8516,144,174,0.3011,0.7031,0.2161,0.031,0.3092,13,6,1,3,0,0,0.8273,110.0,30.62,171.33,9931.28,8135.9,0,0.0455,0.5631,0,2
2026-09-09T14:51:56.256204+00:00,bruteforce_ssh_v1,bruteforce_ssh_v1__run_001,initial_access,T1110.001,20,1,-0.0,1.0,0.0197,7148.08,8696.83,0.9127,60,73,0.2313,0.6511,0.2411,0.0268,0.3215,10,6,1,2,1,0,0.8195,119.13,40.01,205.5,9349.58,7139.57,0,0.0,0.9581,0,2
2026-09-09T14:52:01.256204+00:00,bruteforce_ssh_v1,bruteforce_ssh_v1__run_001,initial_access,T1110.001,17,1,-0.0,0.9803,0.0547,10111.19,9040.59,0.9301,85,76,0.3041,0.7012,0.2628,0.0152,0.3085,9,5,0,2,0,0,1.1145,118.96,37.68,232.42,7549.08,6912.58,0,0.0193,1.3362,0,0
2026-09-09T14:52:06.256204+00:00,bruteforce_ssh_v1,bruteforce_ssh_v1__run_001,initial_access,T1110.001,22,1,-0.0,0.9988,0.0074,7912.92,10910.23,0.9192,66,91,0.3485,1.0292,0.3066,0.0334,0.4068,12,5,1,2,0,0,0.7227,119.89,38.05,211.45,6844.02,7642.39,0,0.012,0.9659,0,0
2026-09-09T14:52:11.256204+00:00,bruteforce_ssh_v1,bruteforce_ssh_v1__run_001,initial_access,T1110.001,22,1,-0.0,1.0,0.0,10992.95,12242.15,0.8524,88,98,0.1914,0.4833,0.2436,0.0238,0.315,11,6,1,4,0,0,0.8922,124.92,43.31,232.13,7130.0,7321.88,0,0.0594,0.1427,0,1
2026-09-09T14:52:16.256204+00:00,bruteforce_ssh_v1,bruteforce_ssh_v1__run_001,initial_access,T1110.001,12,1,-0.0,0.9754,0.0119,6984.6,5587.68,0.8697,60,48,0.2025,0.5335,0.207,0.019,0.264,6,3,0,1,1,0,1.2474,116.41,36.93,170.52,6813.64,7959.61,0,0.0154,0.1637,0,0
2026-09-09T14:52:21.256204+00:00,bruteforce_ssh_v1,bruteforce_ssh_v1__run_001,initial_access,T1110.001,14,1,-0.0,0.9391,0.0559,12084.4,17263.44,0.8504,84,120,0.193,0.5168,0.2379,0.0293,0.3257,7,4,0,2,0,0,0.6967,143.86,51.29,275.53,7750.3,9009.48,0,0.0301,1.2849,0,0
2026-09-09T14:52:26.256204+00:00,bruteforce_ssh_v1,bruteforce_ssh_v1__run_001,initial_access,T1110.001,32,1,-0.0,1.0,0.0139,19481.57,29222.35,0.9207,160,240,0.3314,0.7666,0.2468,0.0168,0.2972,17,11,1,4,1,0,0.6664,121.76,39.33,262.95,8588.53,8681.68,0,0.0,1.1452,0,2
2026-09-09T14:52:31.256204+00:00,bruteforce_ssh_v1,bruteforce_ssh_v1__run_001,initial_access,T1110.001,22,1,-0.0,0.9993,0.0113,17121.47,20493.88,0.9436,132,158,0.3651,0.9218,0.2754,0.0324,0.3725,12,6,1,2,1,0,0.8308,129.71,50.25,265.9,7491.75,7843.63,0,0.0166,1.4907,0,2
2026-09-09T14:52:36.256204+00:00,bruteforce_ssh_v1,bruteforce_ssh_v1__run_001,initial_access,T1110.001,13,1,-0.0,1.0,0.0122,11223.17,10976.51,0.9067,91,89,0.2608,0.3305,0.3144,0.0364,0.4237,7,3,0,1,0,0,1.0123,123.33,33.15,187.58,9380.11,8356.72,0,0.0679,0.9853,0,1
2026-09-09T14:52:41.256204+00:00,bruteforce_ssh_v1,bruteforce_ssh_v1__run_001,initial_access,T1110.001,14,1,-0.0,0.9653,0.0081,6858.75,10410.6,0.8373,56,85,0.2372,0.5707,0.2336,0.0312,0.3271,7,4,0,2,0,0,0.6556,122.48,35.62,207.08,10737.53,7148.43,0,0.034,1.0084,0,0
2026-09-09T14:52:46.256204+00:00,bruteforce_ssh_v1,bruteforce_ssh_v1__run_001,initial_access,T1110.001,29,1,-0.0,0.9869,0.0,25294.33,31150.65,0.9414,203,250,0.1916,0.2761,0.2606,0.0202,0.3211,15,8,1,4,1,0,0.8098,124.6,49.54,235.43,8678.19,8690.33,0,0.0,0.1342,0,0
2026-09-09T14:52:51.256204+00:00,bruteforce_ssh_v1,bruteforce_ssh_v1__run_001,initial_access,T1110.001,20,1,-0.0,0.988,0.0199,6923.08,7846.16,0.9324,60,68,0.3331,0.9355,0.2478,0.0168,0.2983,11,6,1,2,1,0,0.8759,115.38,26.97,188.02,8867.39,8018.72,0,0.0107,1.9933,0,0
2026-09-09T14:52:56.256204+00:00,bruteforce_ssh_v1,bruteforce_ssh_v1__run_001,initial_access,T1110.001,13,1,-0.0,1.0,0.0,8563.41,11725.28,0.8359,65,89,0.2303,0.3997,0.2859,0.0402,0.4065,7,3,0,2,0,0,0.7262,131.74,79.82,398.06,9465.76,9243.34,0,0.0391,0.0803,0,0
2026-09-09T14:53:01.256204+00:00,bruteforce_ssh_v1,bruteforce_ssh_v1__run_001,initial_access,T1110.001,19,1,-0.0,0.9589,0.0633,17238.32,19506.52,0.8674,152,172,0.3413,0.5852,0.2714,0.0292,0.3589,10,6,0,3,0,0,0.8837,113.41,34.61,181.54,9127.92,7955.92,0,0.0439,1.7597,0,2
2026-09-09T14:53:06.256204+00:00,bruteforce_ssh_v1,bruteforce_ssh_v1__run_001,initial_access,T1110.001,24,1,-0.0,1.0,0.0,11159.53,12903.21,0.8179,96,111,0.3019,0.7494,0.2728,0.0282,0.3573,13,6,1,4,1,0,0.8647,116.25,38.11,264.63,9116.67,8919.57,0,0.0,1.8195,0,0
2026-09-09T14:53:11.256204+00:00,bruteforce_ssh_v1,bruteforce_ssh_v1__run_001,initial_access,T1110.001,21,1,-0.0,1.0,0.0,14447.77,16626.4,1.0,126,145,0.364,0.4434,0.2845,0.0207,0.3465,12,6,1,3,1,0,0.8631,114.66,37.43,188.74,8833.32,6923.18,0,0.0317,1.0283,0,0
2026-09-09T14:53:16.256204+00:00,bruteforce_ssh_v1,bruteforce_ssh_v1__run_001,initial_access,T1110.001,29,1,-0.0,1.0,0.0,26127.52,34107.36,0.9092,203,265,0.3087,0.6941,0.2261,0.0199,0.2858,16,8,1,4,1,0,0.7633,128.71,41.39,230.34,8621.79,8629.65,0,0.0,0.4393,0,1
2026-09-09T14:53:21.256204+00:00,bruteforce_ssh_v1,bruteforce_ssh_v1__run_001,initial_access,T1110.001,27,1,-0.0,1.0,0.0,9152.04,10507.89,0.8782,81,93,0.2553,0.5028,0.2284,0.0183,0.2833,14,8,1,3,1,0,0.8664,112.99,24.73,157.58,8002.48,9480.56,0,0.0457,0.95,0,1
2026-09-09T14:53:26.256204+00:00,bruteforce_ssh_v1,bruteforce_ssh_v1__run_001,initial_access,T1110.001,25,1,-0.0,1.0,0.025,14950.62,20572.05,1.0,125,172,0.1993,0.2578,0.2694,0.0215,0.3338,12,7,1,4,1,0,0.7251,119.6,27.89,181.48,7209.28,8605.79,0,0.0234,0.5685,0,0
2026-09-09T14:53:31.256204+00:00,bruteforce_ssh_v1,bruteforce_ssh_v1__run_001,initial_access,T1110.001,18,1,-0.0,1.0,0.0088,4041.42,4827.25,0.8808,36,43,0.2232,0.5792,0.2467,0.0229,0.3154,9,5,0,2,0,0,0.832,112.26,43.79,206.24,7442.65,7747.72,0,0.0,0.4708,0,2
2026-09-09T14:53:36.256204+00:00,bruteforce_ssh_v1,bruteforce_ssh_v1__run_001,initial_access,T1110.001,20,1,-0.0,1.0,0.0048,19579.14,30456.44,0.8982,180,280,0.2158,0.4121,0.2708,0.0181,0.3251,10,6,1,3,1,0,0.6417,108.77,26.42,182.15,9599.19,7950.22,0,0.0092,0.8835,0,0
2026-09-09T14:53:41.256204+00:00,bruteforce_ssh_v1,bruteforce_ssh_v1__run_001,initial_access,T1110.001,21,1,-0.0,0.9586,0.0147,16178.53,24267.79,0.9624,126,189,0.2,0.4481,0.2418,0.0144,0.285,11,6,1,3,1,0,0.6653,128.4,27.55,182.79,7742.54,7958.22,0,0.0091,0.8216,0,0
2026-09-09T14:53:46.256204+00:00,bruteforce_ssh_v1,bruteforce_ssh_v1__run_001,initial_access,T1110.001,26,1,-0.0,0.9496,0.0784,26386.92,30953.89,0.8695,208,244,0.2983,0.8573,0.2227,0.0124,0.26,14,8,1,3,1,0,0.8508,126.86,40.61,257.27,8254.33,7626.73,0,0.0028,1.08,0,1
2026-09-09T14:53:51.256204+00:00,bruteforce_ssh_v1,bruteforce_ssh_v1__run_001,initial_access,T1110.001,15,1,-0.0,1.0,0.0129,7701.17,8727.99,0.859,60,68,0.3654,0.4927,0.2475,0.0139,0.2892,8,4,0,2,1,0,0.8821,128.35,34.57,180.52,8113.45,8859.45,0,0.0155,0.7832,0,1
2026-09-09T14:53:56.256204+00:00,bruteforce_ssh_v1,bruteforce_ssh_v1__run_001,initial_access,T1110.001,29,1,-0.0,0.9909,0.0056,3450.31,3331.33,0.8695,29,28,0.3477,0.945,0.2063,0.0258,0.2837,15,8,1,4,0,0,1.0338,118.98,37.16,205.76,10027.65,7317.37,0,0.0,0.1991,0,2
2026-09-09T14:54:01.256204+00:00,bruteforce_ssh_v1,bruteforce_ssh_v1__run_001,initial_access,T1110.001,19,1,-0.0,1.0,0.0383,23252.39,25088.1,0.9653,190,205,0.2066,0.3896,0.1957,0.026,0.2738,10,5,0,2,0,0,0.9231,122.38,32.99,180.49,7984.22,9198.24,0,0.0141,0.7701,0,0
2026-09-09T14:54:06.256204+00:00,bruteforce_ssh_v1,bruteforce_ssh_v1__run_001,initial_access,T1110.001,20,1,-0.0,0.9919,0.0,12086.44,15228.92,0.9508,100,126,0.1715,0.5042,0.244,0.023,0.3129,11,6,2,3,0,0,0.7913,120.86,31.61,214.16,7235.14,9190.22,0,0.006,1.1444,0,3
2026-09-09T14:54:11.256204+00:00,bruteforce_ssh_v1,bruteforce_ssh_v1__run_001,initial_access,T1110.001,14,1,-0.0,0.9803,0.0322,13199.89,12610.61,0.9253,112,107,0.2525,0.4778,0.2222,0.0275,0.3048,7,4,1,1,1,0,1.0465,117.86,31.2,190.39,8115.54,7469.6,0,0.0112,1.0135,0,0
2026-09-09T14:54:16.256204+00:00,bruteforce_ssh_v1,bruteforce_ssh_v1__run_001,initial_access,T1110.001,13,1,-0.0,0.97,0.0096,1524.01,1875.71,0.9642,13,16,0.2566,0.7245,0.2585,0.0373,0.3703,7,4,0,2,0,0,0.792,117.23,37.54,169.17,8940.38,8666.36,0,0.0017,0.4834,0,1
2026-09-09T14:54:21.256204+00:00,bruteforce_ssh_v1,bruteforce_ssh_v1__run_001,initial_access,T1110.001,15,1,-0.0,1.0,0.0,9116.71,10028.38,0.917,90,99,0.1697,0.2606,0.2227,0.0244,0.2957,7,3,0,1,0,0,0.9045,101.3,35.16,186.53,8863.85,6332.31,0,0.0087,1.2523,0,0
2026-09-09T14:54:26.256204+00:00,bruteforce_ssh_v1,bruteforce_ssh_v1__run_001,initial_access,T1110.001,22,1,-0.0,0.9707,0.027,17007.64,16749.95,0.9635,132,130,0.2295,0.6265,0.2878,0.036,0.3959,12,7,0,3,1,0,1.0094,128.85,33.91,192.04,8517.84,6181.78,0,0.0196,1.4021,0,0
2026-09-09T14:54:31.256204+00:00,bruteforce_ssh_v1,bruteforce_ssh_v1__run_001,initial_access,T1110.001,22,1,-0.0,1.0,0.0086,19106.32,17369.38,0.8335,154,140,0.1211,0.1505,0.2724,0.0159,0.32,11,6,0,3,1,0,1.0978,124.07,44.57,212.24,6867.87,8035.13,0,0.0172,0.5618,0,2
2026-09-09T14:54:36.256204+00:00,bruteforce_ssh_v1,bruteforce_ssh_v1__run_001,initial_access,T1110.001,27,1,-0.0,1.0,0.0,24844.29,37956.56,0.9188,216,330,0.3999,0.803,0.2926,0.0417,0.4176,15,8,0,3,1,0,0.653,115.02,35.81,178.28,9953.41,8944.41,0,0.0,1.3168,0,1
2026-09-09T14:54:41.256204+00:00,bruteforce_ssh_v1,bruteforce_ssh_v1__run_001,initial_access,T1110.001,22,1,-0.0,1.0,0.0,15360.81,22901.57,0.8558,110,164,0.1855,0.4135,0.2236,0.0136,0.2644,11,6,1,3,0,0,0.6693,139.64,44.16,231.04,8521.38,9335.51,0,0.0281,0.941,0,1
2026-09-09T14:54:46.256204+00:00,bruteforce_ssh_v1,bruteforce_ssh_v1__run_001,initial_access,T1110.001,24,1,-0.0,1.0,0.0033,8167.01,6919.27,0.8338,72,61,0.2722,0.7915,0.2759,0.0391,0.3932,12,7,1,3,1,0,1.1637,113.43,35.39,210.2,6696.34,9712.57,0,0.0517,1.2204,0,1
2026-09-09T14:54:51.256204+00:00,bruteforce_ssh_v1,bruteforce_ssh_v1__run_001,initial_access,T1110.001,21,1,-0.0,0.9867,0.0305,10557.44,10431.75,0.91,84,83,0.2627,0.3339,0.2728,0.0178,0.3263,11,6,1,2,1,0,1.0054,125.68,28.28,196.65,9749.52,7302.8,0,0.0377,0.8196,0,0
2026-09-09T14:54:56.256204+00:00,bruteforce_ssh_v1,bruteforce_ssh_v1__run_001,initial_access,T1110.001,21,1,-0.0,0.9915,0.0259,16910.84,23007.95,0.936,147,200,0.362,0.8714,0.2435,0.0211,0.3069,11,6,0,3,1,0,0.7315,115.04,27.89,154.31,7577.36,7908.99,0,0.0,1.4845,0,1
2026-09-09T14:55:01.256204+00:00,bruteforce_ssh_v1,bruteforce_ssh_v1__run_001,initial_access,T1110.001,16,1,-0.0,0.9468,0.0657,21079.33,24299.79,0.8804,144,166,0.284,0.7846,0.2358,0.013,0.2748,8,5,1,2,0,0,0.8637,146.38,41.57,250.98,8176.56,8987.39,0,0.0155,0.8352,0,1
2026-09-09T14:55:06.256204+00:00,bruteforce_ssh_v1,bruteforce_ssh_v1__run_001,initial_access,T1110.001,21,1,-0.0,0.9948,0.0219,25084.04,25084.04,0.8557,210,210,0.1555,0.3935,0.2513,0.0255,0.3279,11,5,1,2,1,0,0.9953,119.45,41.98,209.78,7581.22,8715.06,0,0.0,0.1037,0,2
2026-09-09T14:55:11.256204+00:00,bruteforce_ssh_v1,bruteforce_ssh_v1__run_001,initial_access,T1110.001,25,1,-0.0,0.9283,0.0937,33492.54,45773.14,0.9022,300,410,0.2686,0.3989,0.2785,0.0411,0.4019,13,7,2,3,0,0,0.73,111.64,28.7,189.03,7540.49,8330.99,0,0.0288,1.0892,0,0
2026-09-09T14:55:16.256204+00:00,bruteforce_ssh_v1,bruteforce_ssh_v1__run_001,initial_access,T1110.001,12,1,-0.0,0.9653,0.0186,6405.95,6833.01,0.8961,60,64,0.3075,0.7554,0.2104,0.0302,0.3009,6,3,0,2,0,0,0.9277,106.77,41.5,220.77,8498.33,8026.45,0,0.0016,0.3142,0,1
2026-09-09T14:55:21.256204+00:00,bruteforce_ssh_v1,bruteforce_ssh_v1__run_001,initial_access,T1110.001,12,1,-0.0,1.0,0.0139,8307.59,8802.09,0.871,84,89,0.2515,0.554,0.3162,0.0443,0.4491,6,3,0,1,0,0,0.9356,98.9,28.16,150.75,10742.71,9324.96,0,0.0559,0.317,0,2
2026-09-09T14:55:26.256204+00:00,bruteforce_ssh_v1,bruteforce_ssh_v1__run_001,initial_access,T1110.001,19,1,-0.0,0.9957,0.0282,14694.82,13921.41,0.8829,133,126,0.2869,0.4908,0.2849,0.0355,0.3913,10,5,1,2,0,0,1.0484,110.49,41.88,209.58,8931.96,7567.88,0,0.0,1.148,0,1
2026-09-09T14:55:31.256204+00:00,bruteforce_ssh_v1,bruteforce_ssh_v1__run_001,initial_access,T1110.001,13,1,-0.0,1.0,0.0031,2452.73,2830.08,0.9978,26,30,0.1784,0.3987,0.2557,0.0323,0.3526,6,4,0,1,0,0,0.8606,94.34,42.0,163.94,8218.2,9979.94,0,0.0,0.8083,0,0
2026-09-09T14:55:36.256204+00:00,bruteforce_ssh_v1,bruteforce_ssh_v1__run_001,initial_access,T1110.001,16,1,-0.0,1.0,0.0175,12154.62,14108.04,0.9843,112,130,0.245,0.3366,0.2209,0.0312,0.3145,8,5,0,2,0,0,0.8588,108.52,30.63,158.88,7841.88,8432.38,0,0.0544,0.4512,0,0
2026-09-09T14:55:41.256204+00:00,bruteforce_ssh_v1,bruteforce_ssh_v1__run_001,initial_access,T1110.001,25,1,-0.0,1.0,0.0127,13374.63,13642.12,0.9486,100,102,0.2588,0.6724,0.243,0.0344,0.3461,13,7,1,3,1,0,0.976,133.75,40.17,228.83,7602.27,11207.72,0,0.0056,1.4481,0,1
2026-09-09T14:55:46.256204+00:00,bruteforce_ssh_v1,bruteforce_ssh_v1__run_001,initial_access,T1110.001,20,1,-0.0,0.9684,0.0133,4035.67,4540.13,0.9845,40,45,0.3477,0.7557,0.2235,0.0213,0.2873,11,6,0,3,0,0,0.8718,100.89,21.91,161.1,5660.46,8030.94,0,0.0,0.9401,0,0
2026-09-09T14:55:51.256204+00:00,bruteforce_ssh_v1,bruteforce_ssh_v1__run_001,initial_access,T1110.001,16,1,-0.0,0.9853,0.0236,5837.23,7782.97,0.9312,48,64,0.37,0.6986,0.2542,0.0319,0.3498,9,5,0,2,0,0,0.7432,121.61,39.95,233.28,9975.65,7732.41,0,0.051,0.8404,0,0
2026-09-09T14:55:56.256204+00:00,bruteforce_ssh_v1,bruteforce_ssh_v1__run_001,initial_access,T1110.001,20,1,-0.0,0.9821,0.0513,29640.55,48336.89,0.9294,260,424,0.2322,0.3313,0.2636,0.0178,0.3171,11,5,1,2,1,0,0.6127,114.0,33.4,179.06,8929.93,6607.3,0,0.0012,0.9457,0,0
2026-09-09T14:56:01.256204+00:00,bruteforce_ssh_v1,bruteforce_ssh_v1__run_001,initial_access,T1110.001,19,1,-0.0,1.0,0.0095,13881.83,14194.95,0.9003,133,136,0.1827,0.3164,0.2101,0.0141,0.2525,10,5,1,2,1,0,0.9777,104.37,26.27,162.48,9121.12,8381.26,0,0.0518,0.8437,0,1
2026-09-09T14:56:06.256204+00:00,bruteforce_ssh_v1,bruteforce_ssh_v1__run_001,initial_access,T1110.001,23,1,-0.0,0.9782,0.035,15036.81,13990.77,0.9375,115,107,0.1708,0.2907,0.2273,0.0131,0.2665,12,6,1,3,0,0,1.074,130.75,40.64,227.65,8221.51,8666.8,0,0.0483,1.0993,0,2
2026-09-09T14:56:11.256204+00:00,bruteforce_ssh_v1,bruteforce_ssh_v1__run_001,initial_access,T1110.001,19,1,-0.0,1.0,0.0068,9342.21,10448.52,0.8285,76,85,0.1441,0.2726,0.2121,0.0248,0.2866,10,5,0,2,0,0,0.8856,122.92,41.64,231.74,8566.86,8000.27,0,0.0359,1.1645,0,0
2026-09-09T14:56:16.256204+00:00,bruteforce_ssh_v1,bruteforce_ssh_v1__run_001,initial_access,T1110.001,18,1,-0.0,0.9634,0.0287,9338.08,10064.37,0.9288,90,97,0.2981,0.7933,0.2484,0.0313,0.3424,10,5,0,2,1,0,0.9277,103.76,25.81,154.14,7944.73,7729.11,0,0.0377,0.9328,0,1
2026-09-09T14:56:21.256204+00:00,bruteforce_ssh_v1,bruteforce_ssh_v1__run_001,initial_access,T1110.001,26,1,-0.0,1.0,0.0329,20432.55,21087.44,0.9615,156,161,0.2888,0.5113,0.2444,0.0263,0.3232,13,8,0,3,1,0,0.963,130.98,52.59,291.09,6374.83,8993.04,0,0.0201,0.1759,0,0
2026-09-09T14:56:26.256204+00:00,bruteforce_ssh_v1,bruteforce_ssh_v1__run_001,initial_access,T1110.001,26,1,-0.0,1.0,0.0023,20019.85,25794.81,0.9209,156,201,0.2426,0.3144,0.2358,0.0144,0.2791,13,7,1,4,1,0,0.7745,128.33,49.61,274.58,9542.57,7375.9,0,0.0051,1.2973,0,0
2026-09-09T14:56:31.256204+00:00,bruteforce_ssh_v1,bruteforce_ssh_v1__run_001,initial_access,T1110.001,28,1,-0.0,1.0,0.036,17195.04,22230.74,0.9009,140,181,0.2463,0.307,0.2275,0.015,0.2726,15,7,1,4,1,0,0.7719,122.82,33.0,186.87,7450.79,7623.17,0,0.013,1.1501,0,0
2026-09-09T14:56:36.256204+00:00,bruteforce_ssh_v1,bruteforce_ssh_v1__run_001,initial_access,T1110.001,19,1,-0.0,0.9826,0.0052,14282.94,15034.67,0.897,114,120,0.2619,0.5304,0.2438,0.0294,0.3321,10,5,0,2,1,0,0.944,125.29,27.73,181.38,7791.19,8753.45,0,0.0438,2.2823,0,0
2026-09-09T14:56:41.256204+00:00,bruteforce_ssh_v1,bruteforce_ssh_v1__run_001,initial_access,T1110.001,21,1,-0.0,1.0,0.0136,13332.06,11956.53,0.9267,126,113,0.1579,0.2244,0.2537,0.0244,0.3268,11,6,1,2,0,0,1.112,105.81,31.26,182.75,7502.62,8446.14,0,0.0101,1.83,0,1
2026-09-09T14:56:46.256204+00:00,bruteforce_ssh_v1,bruteforce_ssh_v1__run_001,initial_access,T1110.001,19,1,-0.0,0.9916,0.0157,24291.15,21094.94,0.9194,190,165,0.3166,0.7531,0.2883,0.0163,0.3374,10,5,0,3,1,0,1.1482,127.85,34.2,199.04,7275.96,8179.5,0,0.0,0.431,0,1
2026-09-09T14:56:51.256204+00:00,bruteforce_ssh_v1,bruteforce_ssh_v1__run_001,initial_access,T1110.001,22,1,-0.0,0.9922,0.0,22531.6,22019.51,0.8871,176,172,0.1645,0.2021,0.2765,0.0316,0.3713,11,7,0,2,0,0,1.0195,128.02,35.64,219.46,6150.68,8581.74,0,0.0115,0.2902,0,2
2026-09-09T14:56:56.256204+00:00,bruteforce_ssh_v1,bruteforce_ssh_v1__run_001,initial_access,T1110.001,22,1,-0.0,0.9997,0.0016,14059.02,13632.99,0.845,132,128,0.3426,0.746,0.2736,0.0297,0.3628,11,5,1,3,0,0,1.0251,106.51,35.85,177.03,8640.47,5862.69,0,0.0285,0.5044,0,0
2026-09-09T14:57:01.256204+00:00,bruteforce_ssh_v1,bruteforce_ssh_v1__run_001,initial_access,T1110.001,14,1,-0.0,1.0,0.0086,11541.07,12600.96,1.0,98,107,0.3991,0.8012,0.3145,0.026,0.3924,7,4,0,1,0,0,0.9078,117.77,19.79,160.52,8382.54,8151.92,0,0.0314,0.0,0,0
2026-09-09T14:57:06.256204+00:00,bruteforce_ssh_v1,bruteforce_ssh_v1__run_001,initial_access,T1110.001,23,1,-0.0,1.0,0.0,8060.23,8761.12,0.9108,69,75,0.1606,0.3192,0.2959,0.0383,0.4107,13,7,1,4,0,0,0.9125,116.81,37.35,179.72,8173.95,8337.72,0,0.0077,0.6294,0,0
2026-09-09T14:57:11.256204+00:00,bruteforce_ssh_v1,bruteforce_ssh_v1__run_001,initial_access,T1110.001,15,1,-0.0,0.9956,0.0245,14077.61,14077.61,0.93,105,105,0.1907,0.4804,0.2089,0.0159,0.2567,8,4,0,1,0,0,0.9959,134.07,42.45,235.17,8862.2,9719.99,0,0.0164,1.234,0,1
2026-09-09T14:57:16.256204+00:00,bruteforce_ssh_v1,bruteforce_ssh_v1__run_001,initial_access,T1110.001,17,1,-0.0,0.9771,0.0,3973.69,7129.26,0.8759,34,61,0.3482,0.5269,0.262,0.031,0.3551,9,5,0,3,1,0,0.5526,116.87,34.68,187.03,8222.26,8099.05,0,0.0282,1.168,0,1
2026-09-09T14:57:21.256204+00:00,bruteforce_ssh_v1,bruteforce_ssh_v1__run_001,initial_access,T1110.001,16,1,-0.0,1.0,0.0,19949.54,21071.7,0.8759,160,169,0.1815,0.4523,0.2632,0.0133,0.3033,8,5,1,2,1,0,0.946,124.68,41.71,243.56,8215.4,6471.82,0,0.0609,1.5099,0,0
2026-09-09T14:57:26.256204+00:00,bruteforce_ssh_v1,bruteforce_ssh_v1__run_001,initial_access,T1110.001,20,1,-0.0,1.0,0.012,22624.06,25137.85,0.9646,180,200,0.2952,0.6141,0.2315,0.0343,0.3343,11,5,0,2,0,0,0.8995,125.69,33.97,203.81,8135.28,8371.85,0,0.0408,1.5701,0,1
2026-09-09T14:57:31.256204+00:00,bruteforce_ssh_v1,bruteforce_ssh_v1__run_001,initial_access,T1110.001,17,1,-0.0,0.9493,0.0691,20332.89,20631.9,0.8815,136,138,0.3077,0.6956,0.2686,0.0165,0.318,9,4,0,2,0,0,0.9823,149.51,50.4,272.3,9449.53,9762.57,0,0.0,1.5255,0,0
2026-09-09T14:57:36.256204+00:00,bruteforce_ssh_v1,bruteforce_ssh_v1__run_001,initial_access,T1110.001,13,1,-0.0,1.0,0.0072,19640.1,22032.16,0.8772,156,175,0.2962,0.6179,0.2368,0.0318,0.3323,7,4,1,1,0,0,0.8913,125.9,39.43,203.47,7900.93,8948.49,0,0.0,0.9312,0,0
2026-09-09T14:57:41.256204+00:00,bruteforce_ssh_v1,bruteforce_ssh_v1__run_001,initial_access,T1110.001,21,1,-0.0,0.982,0.0,13947.1,16271.62,0.8298,126,147,0.1853,0.4208,0.2389,0.0285,0.3244,11,5,1,2,1,0,0.8558,110.69,38.45,195.64,7871.87,9990.6,0,0.0639,0.2237,0,2
2026-09-09T14:57:46.256204+00:00,bruteforce_ssh_v1,bruteforce_ssh_v1__run_001,initial_access,T1110.001,20,1,-0.0,1.0,0.0,17309.08,19781.8,0.8505,140,160,0.3452,0.9766,0.2553,0.0162,0.3039,10,6,0,2,1,0,0.8725,123.64,48.44,270.65,8885.17,9149.37,0,0.0023,0.1893,0,0
2026-09-09T14:57:51.256204+00:00,bruteforce_ssh_v1,bruteforce_ssh_v1__run_001,initial_access,T1110.001,20,1,-0.0,1.0,0.0241,12453.27,12972.16,0.9547,120,125,0.3418,0.5137,0.232,0.0307,0.3242,11,5,1,3,0,0,0.9592,103.78,32.82,171.31,6773.53,8441.75,0,0.0218,1.1364,0,0
2026-09-09T14:57:56.256204+00:00,bruteforce_ssh_v1,bruteforce_ssh_v1__run_001,initial_access,T1110.001,17,1,-0.0,0.984,0.0283,10730.72,12876.86,0.8384,85,102,0.3079,0.694,0.2575,0.0289,0.3442,9,5,1,2,1,0,0.8307,126.24,29.67,202.36,6823.35,8677.19,0,0.0167,0.8267,0,2
2026-09-09T14:58:01.256204+00:00,bruteforce_ssh_v1,bruteforce_ssh_v1__run_001,initial_access,T1110.001,21,1,-0.0,1.0,0.0017,17503.2,22623.18,0.9756,147,190,0.2657,0.7865,0.2348,0.0129,0.2735,11,5,0,3,0,0,0.7717,119.07,38.37,228.31,8770.95,7752.25,0,0.0482,2.0534,0,1
2026-09-09T14:58:06.256204+00:00,bruteforce_ssh_v1,bruteforce_ssh_v1__run_001,initial_access,T1110.001,16,1,-0.0,0.9987,0.0,10350.98,9962.82,0.8996,80,77,0.1435,0.3914,0.2547,0.0335,0.3552,8,4,0,2,0,0,1.0273,129.39,41.62,205.95,8681.97,7821.59,0,0.0,0.7761,0,0
2026-09-09T14:58:11.256204+00:00,bruteforce_ssh_v1,bruteforce_ssh_v1__run_001,initial_access,T1110.001,23,1,-0.0,1.0,0.0,24704.28,26613.79,0.9624,207,223,0.2444,0.5576,0.2468,0.0286,0.3327,12,7,0,3,0,0,0.927,119.34,31.6,180.86,8199.33,8807.22,0,0.0,1.7672,0,1
2026-09-09T14:58:16.256204+00:00,bruteforce_ssh_v1,bruteforce_ssh_v1__run_001,initial_access,T1110.001,22,1,-0.0,0.9985,0.0113,25088.58,36834.6,0.8886,220,323,0.2779,0.5108,0.2328,0.0273,0.3148,12,6,1,3,0,0,0.6808,114.04,30.01,171.79,7282.58,8145.98,0,0.0936,0.6647,0,0
2026-09-09T14:58:21.256204+00:00,bruteforce_ssh_v1,bruteforce_ssh_v1__run_001,initial_access,T1110.001,11,1,-0.0,1.0,0.0054,7428.42,9229.24,0.9207,66,82,0.2011,0.5876,0.1942,0.0262,0.2727,6,3,1,1,0,0,0.7976,112.55,22.54,162.71,6075.4,7083.68,0,0.0128,0.7438,0,0
2026-09-09T14:58:26.256204+00:00,bruteforce_ssh_v1,bruteforce_ssh_v1__run_001,initial_access,T1110.001,29,1,-0.0,1.0,0.0,20173.5,23535.75,0.9246,174,203,0.2451,0.5282,0.2224,0.0179,0.2761,15,8,1,4,2,0,0.8553,115.94,27.8,186.39,7585.11,9092.18,1,0.0123,0.4061,0,0
2026-09-09T14:58:31.256204+00:00,bruteforce_ssh_v1,bruteforce_ssh_v1__run_001,initial_access,T1110.001,15,1,-0.0,0.9817,0.0429,10437.64,12177.24,0.8664,90,105,0.2368,0.532,0.1936,0.0267,0.2738,8,4,0,2,0,0,0.8524,115.97,21.38,157.19,6870.83,7910.04,0,0.0,1.8057,0,0
2026-09-09T14:58:36.256204+00:00,bruteforce_ssh_v1,bruteforce_ssh_v1__run_001,initial_access,T1110.001,26,1,-0.0,0.9961,0.023,16031.25,19854.08,0.8566,130,161,0.357,0.9509,0.2157,0.0266,0.2954,14,7,0,3,2,0,0.8063,123.32,40.82,226.35,7730.2,7649.53,1,0.029,1.6215,0,0
2026-09-09T14:58:41.256204+00:00,bruteforce_ssh_v1,bruteforce_ssh_v1__run_001,initial_access,T1110.001,24,1,-0.0,1.0,0.0,14421.37,11537.09,1.0,120,96,0.2339,0.5364,0.2731,0.0233,0.343,13,7,1,3,1,0,1.2477,120.18,34.89,185.23,9631.1,8759.29,0,0.035,0.5768,0,2
2026-09-09T14:58:46.256204+00:00,bruteforce_ssh_v1,bruteforce_ssh_v1__run_001,initial_access,T1110.001,18,1,-0.0,0.9561,0.0305,18645.33,20026.47,0.8837,162,174,0.2347,0.5708,0.2927,0.0296,0.3816,10,5,0,3,0,0,0.9271,115.09,32.09,192.31,8451.01,7058.75,0,0.0063,1.843,0,1
2026-09-09T14:58:51.256204+00:00,bruteforce_ssh_v1,bruteforce_ssh_v1__run_001,initial_access,T1110.001,26,1,-0.0,0.9685,0.0058,12992.55,19613.75,0.9164,104,157,0.2381,0.4098,0.289,0.0256,0.3658,13,7,1,4,1,0,0.6622,124.93,54.12,311.34,8667.03,9736.62,0,0.0252,0.9614,0,0
2026-09-09T14:58:56.256204+00:00,bruteforce_ssh_v1,bruteforce_ssh_v1__run_001,initial_access,T1110.001,27,1,-0.0,0.9761,0.0205,25573.56,31374.97,0.9065,216,265,0.2336,0.5238,0.2268,0.0119,0.2625,15,8,0,4,1,0,0.8149,118.4,35.15,229.8,9122.34,6463.12,0,0.0043,1.8821,0,0
2026-09-09T14:59:01.256204+00:00,bruteforce_ssh_v1,bruteforce_ssh_v1__run_001,initial_access,T1110.001,21,1,-0.0,1.0,0.0,26352.09,30344.83,0.9635,231,266,0.3494,0.4943,0.2757,0.0282,0.3602,11,5,1,3,0,0,0.8656,114.08,41.8,240.69,7392.73,7271.82,0,0.0111,1.2424,0,0
2026-09-09T14:59:06.256204+00:00,bruteforce_ssh_v1,bruteforce_ssh_v1__run_001,initial_access,T1110.001,32,1,-0.0,1.0,0.0,37073.6,37768.73,0.9409,320,326,0.2783,0.3879,0.2364,0.0264,0.3157,19,9,1,4,1,0,0.9806,115.86,35.56,193.13,6981.59,7417.48,0,0.0483,0.419,0,0
2026-09-09T14:59:11.256204+00:00,bruteforce_ssh_v1,bruteforce_ssh_v1__run_001,initial_access,T1110.001,27,1,-0.0,1.0,0.0,34100.75,34521.74,0.9808,243,246,0.3115,0.6723,0.224,0.0238,0.2953,14,8,2,4,1,0,0.987,140.33,38.61,200.12,6514.61,9361.33,0,0.0098,1.1407,0,1
2026-09-09T14:59:16.256204+00:00,bruteforce_ssh_v1,bruteforce_ssh_v1__run_001,initial_access,T1110.001,10,1,-0.0,0.9761,0.0182,5947.46,8326.45,0.9071,50,70,0.1795,0.4435,0.2506,0.0209,0.3132,5,2,0,1,0,0,0.7057,118.95,32.13,173.9,8928.36,7687.28,0,0.0293,1.1728,0,0
2026-09-09T14:59:21.256204+00:00,bruteforce_ssh_v1,bruteforce_ssh_v1__run_001,initial_access,T1110.001,21,1,-0.0,0.961,0.0225,5213.33,6702.85,0.9379,42,54,0.3212,0.4162,0.246,0.0336,0.3469,10,5,0,3,0,0,0.7681,124.13,48.21,295.46,9527.92,7492.26,0,0.0445,1.2587,0,0
2026-09-09T14:59:26.256204+00:00,bruteforce_ssh_v1,bruteforce_ssh_v1__run_001,initial_access,T1110.001,22,1,-0.0,1.0,0.0199,12083.32,12303.02,0.9311,110,112,0.277,0.6155,0.2645,0.0368,0.375,11,6,0,3,1,0,0.9809,109.85,26.41,177.14,8969.07,7632.27,0,0.0,0.934,0,2
2026-09-09T14:59:31.256204+00:00,bruteforce_ssh_v1,bruteforce_ssh_v1__run_001,initial_access,T1110.001,17,1,-0.0,0.987,0.0287,12762.52,16140.83,0.9144,102,129,0.2014,0.4334,0.2746,0.0385,0.3901,9,4,1,1,0,0,0.7864,125.12,25.69,166.42,6376.46,9153.67,0,0.0,0.0763,0,0
2026-09-09T14:59:36.256204+00:00,bruteforce_ssh_v1,bruteforce_ssh_v1__run_001,initial_access,T1110.001,19,1,-0.0,0.9926,0.0,6767.98,7599.14,0.9091,57,64,0.324,0.5218,0.2509,0.0155,0.2973,10,6,1,3,1,0,0.8844,118.74,38.88,237.66,9336.32,8616.5,0,0.0399,0.9936,0,2
2026-09-09T14:59:41.256204+00:00,bruteforce_ssh_v1,bruteforce_ssh_v1__run_001,initial_access,T1110.001,20,1,-0.0,1.0,0.0084,9145.89,10517.78,0.8349,80,92,0.2197,0.292,0.278,0.0178,0.3315,11,5,1,2,1,0,0.866,114.32,34.04,223.37,7330.46,8038.25,0,0.0362,0.6086,0,1
2026-09-09T14:59:46.256204+00:00,bruteforce_ssh_v1,bruteforce_ssh_v1__run_001,initial_access,T1110.001,22,1,-0.0,1.0,0.0337,12698.84,13506.94,0.8343,110,117,0.2738,0.5528,0.2719,0.0266,0.3518,11,7,1,2,0,0,0.9392,115.44,27.13,170.3,7634.0,7780.09,0,0.0542,1.2138,0,2
2026-09-09T14:59:51.256204+00:00,bruteforce_ssh_v1,bruteforce_ssh_v1__run_001,initial_access,T1110.001,20,1,-0.0,0.9694,0.0043,21511.6,25096.86,0.8529,180,210,0.2724,0.7049,0.2741,0.0249,0.3489,10,6,0,2,0,0,0.8549,119.51,39.69,237.01,8323.71,7709.56,0,0.0577,0.7972,0,0
2026-09-09T14:59:56.256204+00:00,bruteforce_ssh_v1,bruteforce_ssh_v1__run_001,initial_access,T1110.001,23,1,-0.0,1.0,0.0243,14250.89,14870.5,0.8518,138,144,0.295,0.6321,0.2495,0.0163,0.2984,13,6,0,2,0,0,0.9568,103.27,30.15,160.69,9796.66,7752.69,0,0.0134,1.5432,0,1
2026-09-09T15:00:01.256204+00:00,bruteforce_ssh_v1,bruteforce_ssh_v1__run_001,initial_access,T1110.001,17,1,-0.0,1.0,0.005,10175.19,12090.52,0.9112,85,101,0.3208,0.3911,0.2758,0.0156,0.3227,9,4,1,2,0,0,0.8395,119.71,38.76,207.45,8328.59,7911.89,0,0.0052,1.1446,0,1
2026-09-09T15:00:06.256204+00:00,bruteforce_ssh_v1,bruteforce_ssh_v1__run_001,initial_access,T1110.001,25,1,-0.0,1.0,0.0,8663.29,8778.8,0.8294,75,76,0.3088,0.8909,0.2503,0.0302,0.3408,13,7,0,3,1,0,0.9762,115.51,33.28,236.89,5638.87,8240.57,0,0.0,1.6837,0,0
2026-09-09T15:00:11.256204+00:00,bruteforce_ssh_v1,bruteforce_ssh_v1__run_001,initial_access,T1110.001,11,1,-0.0,0.9857,0.0,9012.73,10446.58,0.872,88,102,0.3717,1.0838,0.2645,0.0389,0.3812,6,2,0,2,1,0,0.8561,102.42,27.5,166.86,7871.85,9709.74,0,0.0343,0.3316,0,0
2026-09-09T15:00:16.256204+00:00,bruteforce_ssh_v1,bruteforce_ssh_v1__run_001,initial_access,T1110.001,26,1,-0.0,1.0,0.0,24468.04,23174.06,0.8621,208,197,0.1331,0.1729,0.2071,0.0202,0.2677,14,8,1,3,1,0,1.0515,117.63,38.71,192.78,9347.45,5940.26,0,0.0208,0.7612,0,0
2026-09-09T15:00:21.256204+00:00,bruteforce_ssh_v1,bruteforce_ssh_v1__run_001,initial_access,T1110.001,27,1,-0.0,0.9649,0.0367,38332.97,46464.21,0.8767,297,360,0.1564,0.3058,0.2487,0.0184,0.304,14,8,0,3,0,0,0.8232,129.07,40.44,205.23,7855.51,5571.7,0,0.0277,0.5365,0,0
2026-09-09T15:00:26.256204+00:00,bruteforce_ssh_v1,bruteforce_ssh_v1__run_001,initial_access,T1110.001,23,1,-0.0,1.0,0.0,10376.63,8120.84,0.8291,92,72,0.2865,0.704,0.2262,0.0264,0.3054,13,6,1,4,1,0,1.2642,112.79,26.65,167.46,8307.92,8989.08,0,0.0264,1.2745,0,1
2026-09-09T15:00:31.256204+00:00,bruteforce_ssh_v1,bruteforce_ssh_v1__run_001,initial_access,T1110.001,25,1,-0.0,0.9724,0.0635,12874.55,15964.45,0.9306,100,124,0.13,0.3471,0.2304,0.0158,0.2777,13,8,1,3,1,0,0.8014,128.75,36.66,195.78,8531.19,7698.44,0,0.0231,0.6004,0,0
2026-09-09T15:00:36.256204+00:00,bruteforce_ssh_v1,bruteforce_ssh_v1__run_001,initial_access,T1110.001,20,1,-0.0,0.972,0.0395,18667.79,18901.13,0.8344,160,162,0.1434,0.4066,0.2827,0.0284,0.3678,11,6,1,2,1,0,0.983,116.67,40.22,224.94,5857.15,7371.03,0,0.0,0.634,0,1
2026-09-09T15:00:41.256204+00:00,bruteforce_ssh_v1,bruteforce_ssh_v1__run_001,initial_access,T1110.001,22,1,-0.0,1.0,0.0,18292.3,16510.58,0.9445,154,139,0.253,0.3355,0.2445,0.023,0.3135,12,7,0,3,1,0,1.107,118.78,45.09,219.8,8479.57,7558.97,0,0.0286,0.8217,0,1
2026-09-09T15:00:46.256204+00:00,bruteforce_ssh_v1,bruteforce_ssh_v1__run_001,initial_access,T1110.001,24,1,-0.0,1.0,0.0113,17919.29,17769.96,1.0,120,119,0.356,1.0542,0.2075,0.0117,0.2425,13,7,0,3,0,0,1.0071,149.33,71.2,343.41,9932.54,7019.36,0,0.0182,0.5362,0,0
2026-09-09T15:00:51.256204+00:00,bruteforce_ssh_v1,bruteforce_ssh_v1__run_001,initial_access,T1110.001,15,1,-0.0,1.0,0.02,9304.32,14390.68,0.794,75,116,0.2021,0.4212,0.2189,0.0126,0.2568,7,4,0,2,0,0,0.6431,124.06,22.47,158.91,7127.9,8628.92,0,0.0458,0.3475,0,0
2026-09-09T15:00:56.256204+00:00,bruteforce_ssh_v1,bruteforce_ssh_v1__run_001,initial_access,T1110.001,19,1,-0.0,1.0,0.0009,15751.14,15647.51,0.928,152,151,0.3346,0.4403,0.2086,0.0295,0.297,10,4,0,3,1,0,1.0064,103.63,23.44,160.29,6452.53,8233.8,0,0.0496,2.0229,0,2
2026-09-09T15:01:01.256204+00:00,bruteforce_ssh_v1,bruteforce_ssh_v1__run_001,initial_access,T1110.001,19,1,-0.0,1.0,0.0,19983.91,22218.95,0.841,152,169,0.1306,0.3683,0.2703,0.0403,0.3913,10,6,0,2,0,0,0.8952,131.47,36.53,201.07,6802.59,7972.45,0,0.0468,1.5386,0,0
2026-09-09T15:01:06.256204+00:00,bruteforce_ssh_v1,bruteforce_ssh_v1__run_001,initial_access,T1110.001,17,1,-0.0,0.959,0.0629,16989.4,17738.94,0.9558,136,142,0.3453,0.842,0.282,0.0169,0.3327,9,5,0,2,0,0,0.9542,124.92,26.33,175.12,6415.05,9795.24,0,0.0089,0.0,0,1
2026-09-09T15:01:11.256204+00:00,bruteforce_ssh_v1,bruteforce_ssh_v1__run_001,initial_access,T1110.001,25,1,-0.0,0.9993,0.004,16372.14,15848.23,0.8462,125,121,0.354,0.6113,0.2846,0.0365,0.3942,13,7,1,3,1,0,1.0249,130.98,39.79,213.35,9078.93,9806.4,0,0.018,0.4392,0,0
2026-09-09T15:01:16.256204+00:00,bruteforce_ssh_v1,bruteforce_ssh_v1__run_001,initial_access,T1110.001,21,1,-0.0,1.0,0.0,20599.46,24155.32,0.8485,168,197,0.146,0.4257,0.2886,0.042,0.4147,11,6,0,2,1,0,0.8495,122.62,54.2,256.95,7762.84,8094.4,0,0.0588,0.5157,0,1
2026-09-09T15:01:21.256204+00:00,bruteforce_ssh_v1,bruteforce_ssh_v1__run_001,initial_access,T1110.001,13,1,-0.0,1.0,0.0076,9019.43,11332.1,0.9421,78,98,0.3708,1.0973,0.2469,0.0141,0.2892,7,4,1,2,0,0,0.7935,115.63,42.75,227.99,8710.64,11226.62,0,0.0,0.6954,0,0
2026-09-09T15:01:26.256204+00:00,bruteforce_ssh_v1,bruteforce_ssh_v1__run_001,initial_access,T1110.001,21,1,-0.0,1.0,0.0082,14734.39,15202.15,0.8912,126,130,0.1645,0.4454,0.2803,0.0236,0.3512,11,5,0,2,0,0,0.9626,116.94,36.11,185.14,8634.69,9010.97,0,0.0594,0.8053,0,0
2026-09-09T15:01:31.256204+00:00,bruteforce_ssh_v1,bruteforce_ssh_v1__run_001,initial_access,T1110.001,21,1,-0.0,1.0,0.001,19871.36,19601.0,0.9468,147,145,0.1958,0.313,0.2812,0.0266,0.3608,11,6,1,3,0,0,1.0084,135.18,51.31,298.08,9102.76,8018.7,0,0.0412,0.2049,0,2
2026-09-09T15:01:36.256204+00:00,bruteforce_ssh_v1,bruteforce_ssh_v1__run_001,initial_access,T1110.001,17,1,-0.0,0.9477,0.042,5843.31,4812.14,0.8174,51,42,0.1449,0.2997,0.2725,0.0354,0.3788,9,5,1,2,1,0,1.2029,114.57,48.26,233.94,7892.05,8584.66,0,0.0,0.7373,0,0
2026-09-09T15:01:41.256204+00:00,bruteforce_ssh_v1,bruteforce_ssh_v1__run_001,initial_access,T1110.001,14,1,-0.0,0.9628,0.0802,3419.28,2686.58,0.959,28,22,0.1996,0.4599,0.2721,0.0225,0.3397,7,4,0,2,0,0,1.2719,122.12,38.19,212.15,9242.58,9035.22,0,0.0218,0.8752,0,0
2026-09-09T15:01:46.256204+00:00,bruteforce_ssh_v1,bruteforce_ssh_v1__run_001,initial_access,T1110.001,27,1,-0.0,1.0,0.0028,17963.75,17032.3,0.9351,135,128,0.2247,0.2999,0.2402,0.0171,0.2915,15,8,1,4,0,0,1.0528,133.06,50.54,243.86,7747.18,7514.38,0,0.0,1.0544,0,0
2026-09-09T15:01:51.256204+00:00,bruteforce_ssh_v1,bruteforce_ssh_v1__run_001,initial_access,T1110.001,20,1,-0.0,0.9912,0.0,10466.09,12663.97,0.8905,100,121,0.3526,1.0032,0.2854,0.0176,0.3383,11,5,1,2,0,0,0.8259,104.66,27.1,172.8,8210.21,7703.52,0,0.0866,1.8149,0,3
2026-09-09T15:01:56.256204+00:00,bruteforce_ssh_v1,bruteforce_ssh_v1__run_001,initial_access,T1110.001,15,1,-0.0,1.0,0.0,12276.87,13913.79,0.8918,120,136,0.1443,0.408,0.2763,0.0153,0.3222,8,4,0,2,0,0,0.8794,102.31,30.32,159.34,8211.81,9668.72,0,0.035,0.5614,0,1
2026-09-09T15:02:01.256204+00:00,bruteforce_ssh_v1,bruteforce_ssh_v1__run_001,initial_access,T1110.001,17,1,-0.0,0.9905,0.0,16849.68,19699.26,0.981,136,159,0.2668,0.4131,0.2334,0.0236,0.3044,9,5,0,3,0,0,0.8536,123.89,46.04,254.31,8491.59,8582.3,0,0.0686,0.0,0,0
2026-09-09T15:02:06.256204+00:00,bruteforce_ssh_v1,bruteforce_ssh_v1__run_001,initial_access,T1110.001,19,1,-0.0,0.9968,0.0,19812.47,23288.34,0.9133,171,201,0.2671,0.742,0.2329,0.0139,0.2745,10,5,1,2,0,0,0.8488,115.86,33.67,192.21,7956.48,8129.06,0,0.0079,1.2373,0,0
2026-09-09T15:02:11.256204+00:00,bruteforce_ssh_v1,bruteforce_ssh_v1__run_001,initial_access,T1110.001,26,1,-0.0,0.9879,0.0352,26119.68,22854.72,0.8831,208,182,0.3016,0.7877,0.2349,0.0242,0.3075,13,7,1,3,1,0,1.1404,125.58,34.07,199.27,8321.18,7946.24,0,0.0292,0.7737,0,2
2026-09-09T15:02:16.256204+00:00,bruteforce_ssh_v1,bruteforce_ssh_v1__run_001,initial_access,T1110.001,15,1,-0.0,1.0,0.0,6623.73,6071.75,0.9183,60,55,0.3637,0.7419,0.2186,0.0165,0.2682,8,4,0,1,0,0,1.0903,110.4,27.99,157.57,7668.71,7992.27,0,0.0157,2.0948,0,1
2026-09-09T15:02:21.256204+00:00,bruteforce_ssh_v1,bruteforce_ssh_v1__run_001,initial_access,T1110.001,27,1,-0.0,1.0,0.0,32330.3,36880.49,0.9228,270,308,0.2498,0.4795,0.2046,0.0142,0.2473,14,7,2,3,0,0,0.874,119.74,27.62,210.91,7810.7,8195.56,0,0.0047,0.6254,0,0
2026-09-09T15:02:26.256204+00:00,bruteforce_ssh_v1,bruteforce_ssh_v1__run_001,initial_access,T1110.001,21,1,-0.0,0.9737,0.0364,5104.23,7777.87,0.9334,42,64,0.13,0.3591,0.268,0.0383,0.3829,11,5,1,2,0,0,0.6465,121.53,40.75,236.83,7318.33,7348.08,0,0.0218,1.0597,0,1
2026-09-09T15:02:31.256204+00:00,bruteforce_ssh_v1,bruteforce_ssh_v1__run_001,initial_access,T1110.001,22,1,-0.0,0.9783,0.0441,15811.96,21082.61,0.7965,132,176,0.1319,0.2175,0.2796,0.0155,0.3261,12,6,1,2,1,0,0.7484,119.79,40.31,240.2,8653.47,9024.54,0,0.0,0.9784,0,1
2026-09-09T15:02:36.256204+00:00,bruteforce_ssh_v1,bruteforce_ssh_v1__run_001,initial_access,T1110.001,24,1,-0.0,1.0,0.0011,15029.25,16657.41,0.8614,120,133,0.3113,0.6508,0.2578,0.027,0.3388,12,7,0,3,1,0,0.897,125.24,39.68,217.15,8779.44,7759.18,0,0.0497,1.161,0,1
2026-09-09T15:02:41.256204+00:00,bruteforce_ssh_v1,bruteforce_ssh_v1__run_001,initial_access,T1110.001,22,1,-0.0,1.0,0.0,22650.57,21234.91,0.9096,176,165,0.2122,0.3433,0.2158,0.014,0.2578,11,5,0,2,0,0,1.0646,128.7,55.64,295.78,8845.52,11533.01,0,0.0474,1.1679,0,1
2026-09-09T15:02:46.256204+00:00,bruteforce_ssh_v1,bruteforce_ssh_v1__run_001,initial_access,T1110.001,19,1,-0.0,0.9801,0.0293,8265.76,8374.52,0.9564,76,77,0.2713,0.4392,0.2267,0.0124,0.2638,10,6,1,2,0,0,0.9856,108.76,29.35,186.86,7083.74,9260.35,0,0.0321,1.6996,0,0
2026-09-09T15:02:51.256204+00:00,bruteforce_ssh_v1,bruteforce_ssh_v1__run_001,initial_access,T1110.001,21,1,-0.0,1.0,0.0,5096.9,7281.28,0.9652,42,60,0.1223,0.2598,0.2378,0.0181,0.2921,12,7,1,3,1,0,0.6926,121.35,32.72,207.36,7860.9,7672.48,0,0.0261,0.5969,0,1
2026-09-09T15:02:56.256204+00:00,bruteforce_ssh_v1,bruteforce_ssh_v1__run_001,initial_access,T1110.001,20,1,-0.0,0.9778,0.0571,12473.42,13970.23,0.9006,100,112,0.175,0.3989,0.2049,0.0239,0.2765,11,5,0,3,0,0,0.8892,124.73,36.04,196.26,8272.84,5729.78,0,0.0,1.2791,0,2
2026-09-09T15:03:01.256204+00:00,bruteforce_ssh_v1,bruteforce_ssh_v1__run_001,initial_access,T1110.001,14,1,-0.0,1.0,0.0,5167.03,6766.35,0.8924,42,55,0.297,0.6892,0.2572,0.0203,0.3181,7,4,0,1,0,0,0.7524,123.02,50.46,231.69,9030.9,7274.56,0,0.1004,0.2138,0,2
2026-09-09T15:03:06.256204+00:00,bruteforce_ssh_v1,bruteforce_ssh_v1__run_001,initial_access,T1110.001,25,1,-0.0,1.0,0.0,18708.78,21809.09,0.8472,175,204,0.3303,0.5366,0.2303,0.0255,0.3068,12,7,1,4,0,0,0.8545,106.91,28.89,161.24,8698.53,8726.26,0,0.0462,1.7411,0,2
2026-09-09T15:03:11.256204+00:00,bruteforce_ssh_v1,bruteforce_ssh_v1__run_001,initial_access,T1110.001,21,1,-0.0,0.9773,0.0211,13263.6,14905.76,0.8533,105,118,0.351,0.5813,0.2547,0.0197,0.3137,11,6,1,3,1,0,0.8839,126.32,48.53,276.0,8100.08,9596.37,0,0.0129,1.262,0,0
2026-09-09T15:03:16.256204+00:00,bruteforce_ssh_v1,bruteforce_ssh_v1__run_001,initial_access,T1110.001,13,1,-0.0,1.0,0.0,17471.34,17471.34,0.9945,143,143,0.2911,0.6517,0.2614,0.0359,0.3691,7,3,0,2,0,0,0.9931,122.18,43.25,227.24,7779.27,6799.52,0,0.0335,0.8062,0,0
2026-09-09T15:03:21.256204+00:00,bruteforce_ssh_v1,bruteforce_ssh_v1__run_001,initial_access,T1110.001,25,1,-0.0,1.0,0.0,16652.35,13987.97,0.9459,150,126,0.2651,0.6795,0.2792,0.0284,0.3644,13,8,0,3,1,0,1.1827,111.02,31.87,170.35,7402.69,8305.38,0,0.0338,1.4501,0,1
2026-09-09T15:03:26.256204+00:00,bruteforce_ssh_v1,bruteforce_ssh_v1__run_001,initial_access,T1110.001,17,1,-0.0,1.0,0.0,6218.4,9266.64,0.8914,51,76,0.2359,0.6626,0.2454,0.0285,0.3309,9,5,0,2,1,0,0.671,121.93,34.61,208.47,7649.95,6975.92,0,0.062,1.4249,0,0
2026-09-09T15:03:31.256204+00:00,bruteforce_ssh_v1,bruteforce_ssh_v1__run_001,initial_access,T1110.001,24,1,-0.0,0.9966,0.0,5446.14,6580.75,0.7437,48,58,0.1174,0.2335,0.1852,0.0221,0.2514,12,7,1,3,0,0,0.8176,113.46,36.75,208.6,8276.51,6615.9,0,0.0249,1.0158,0,0
2026-09-09T15:03:36.256204+00:00,bruteforce_ssh_v1,bruteforce_ssh_v1__run_001,initial_access,T1110.001,15,1,-0.0,0.9512,0.0393,10792.15,12351.02,0.9451,90,103,0.3256,0.7769,0.2554,0.0249,0.3301,8,4,0,2,0,0,0.8664,119.91,26.44,171.31,9465.29,8820.37,0,0.0,2.1503,0,2
2026-09-09T15:03:41.256204+00:00,bruteforce_ssh_v1,bruteforce_ssh_v1__run_001,initial_access,T1110.001,23,1,-0.0,1.0,0.0,12990.69,11861.07,0.9068,115,105,0.2456,0.6796,0.2026,0.0243,0.2754,12,6,1,4,0,0,1.0913,112.96,24.95,163.21,8952.65,6971.09,0,0.0416,1.0051,0,1
2026-09-09T15:03:46.256204+00:00,bruteforce_ssh_v1,bruteforce_ssh_v1__run_001,initial_access,T1110.001,26,1,-0.0,0.9273,0.0737,20047.12,30327.69,0.9341,156,236,0.1688,0.2586,0.2644,0.0369,0.375,13,8,1,4,0,0,0.6599,128.51,32.13,201.19,8512.33,8449.29,0,0.0,0.6397,0,0
2026-09-09T15:03:51.256204+00:00,bruteforce_ssh_v1,bruteforce_ssh_v1__run_001,initial_access,T1110.001,21,1,-0.0,1.0,0.0223,5010.55,5487.75,1.0,42,46,0.2857,0.6678,0.2757,0.0386,0.3915,11,6,1,2,0,0,0.9015,119.3,23.59,165.77,8163.02,6966.18,0,0.0,0.2872,0,0
2026-09-09T15:03:56.256204+00:00,bruteforce_ssh_v1,bruteforce_ssh_v1__run_001,initial_access,T1110.001,19,1,-0.0,1.0,0.0,2547.94,3084.34,0.8585,19,23,0.2095,0.5527,0.251,0.0132,0.2905,10,5,0,2,0,0,0.8115,134.1,49.67,289.71,7289.95,8255.42,0,0.0183,0.7094,0,0
2026-09-09T15:04:01.256204+00:00,bruteforce_ssh_v1,bruteforce_ssh_v1__run_001,initial_access,T1110.001,17,1,-0.0,0.9876,0.0174,2090.02,1844.13,0.9532,17,15,0.1601,0.2059,0.3417,0.0378,0.455,9,4,0,2,0,0,1.1037,122.94,44.53,238.18,9269.15,7052.99,0,0.0096,0.3786,0,0
2026-09-09T15:04:06.256204+00:00,bruteforce_ssh_v1,bruteforce_ssh_v1__run_001,initial_access,T1110.001,21,1,-0.0,0.9538,0.0573,7694.52,8060.93,0.9021,63,66,0.2587,0.6916,0.2793,0.0308,0.3717,11,6,0,3,0,0,0.9486,122.14,40.21,216.26,9915.37,7773.2,0,0.0,1.4805,0,1
2026-09-09T15:04:11.256204+00:00,bruteforce_ssh_v1,bruteforce_ssh_v1__run_001,initial_access,T1110.001,14,1,-0.0,1.0,0.0,10640.65,14567.56,0.9755,84,115,0.3423,1.0075,0.2741,0.0184,0.3294,7,4,0,1,0,0,0.7262,126.67,33.75,212.5,8402.98,9473.45,0,0.0206,2.0328,0,1
2026-09-09T15:04:16.256204+00:00,bruteforce_ssh_v1,bruteforce_ssh_v1__run_001,initial_access,T1110.001,14,1,-0.0,1.0,0.0068,10890.48,8816.11,0.9119,84,68,0.2914,0.5178,0.2614,0.0354,0.3676,7,4,0,1,0,0,1.2299,129.65,62.73,285.43,7418.34,7736.82,0,0.0,1.371,0,0
2026-09-09T15:04:21.256204+00:00,bruteforce_ssh_v1,bruteforce_ssh_v1__run_001,initial_access,T1110.001,19,1,-0.0,1.0,0.0,26101.91,24103.68,0.8669,209,193,0.3504,0.5719,0.1906,0.0222,0.2573,10,6,1,2,1,0,1.0788,124.89,45.4,230.59,6198.71,7908.59,0,0.0275,0.8224,0,2
2026-09-09T15:04:26.256204+00:00,bruteforce_ssh_v1,bruteforce_ssh_v1__run_001,initial_access,T1110.001,8,1,-0.0,0.9738,0.01,8625.72,8505.92,0.7977,72,71,0.1645,0.3484,0.2432,0.028,0.3273,4,2,0,1,0,0,1.0027,119.8,34.73,205.3,6751.3,8922.65,0,0.0217,1.549,0,0
2026-09-09T15:04:31.256204+00:00,bruteforce_ssh_v1,bruteforce_ssh_v1__run_001,initial_access,T1110.001,19,1,-0.0,1.0,0.0,20368.59,22750.88,0.9844,171,191,0.3833,0.8658,0.3267,0.0257,0.404,10,5,0,3,0,0,0.8927,119.11,24.27,164.56,8326.01,9443.22,0,0.0097,1.1634,0,1
2026-09-09T15:04:36.256204+00:00,bruteforce_ssh_v1,bruteforce_ssh_v1__run_001,initial_access,T1110.001,16,1,-0.0,0.9715,0.0378,14639.04,20471.78,0.9134,128,179,0.2504,0.5755,0.2577,0.0151,0.303,9,4,0,2,0,0,0.7131,114.37,22.81,157.94,7630.07,6178.43,0,0.0416,1.2571,0,1
2026-09-09T15:04:41.256204+00:00,bruteforce_ssh_v1,bruteforce_ssh_v1__run_001,initial_access,T1110.001,19,1,-0.0,1.0,0.0,8564.03,10705.03,0.966,76,95,0.3393,0.6917,0.2077,0.0259,0.2854,10,5,0,3,1,0,0.7929,112.68,28.89,171.47,8802.51,10294.34,0,0.0098,1.0794,0,0
2026-09-09T15:04:46.256204+00:00,bruteforce_ssh_v1,bruteforce_ssh_v1__run_001,initial_access,T1110.001,26,1,-0.0,1.0,0.0014,12931.0,12433.65,0.8751,104,100,0.367,0.8571,0.3265,0.0409,0.4492,14,8,1,3,1,0,1.0332,124.34,44.93,262.39,5397.06,7785.46,0,0.0229,1.3684,0,1
2026-09-09T15:04:51.256204+00:00,bruteforce_ssh_v1,bruteforce_ssh_v1__run_001,initial_access,T1110.001,18,1,-0.0,1.0,0.0143,4193.55,4426.52,0.9944,36,38,0.2231,0.5404,0.2167,0.0149,0.2615,10,5,0,2,1,0,0.9293,116.49,42.56,204.48,8522.88,7448.79,0,0.0,0.7922,0,1
2026-09-09T15:04:56.256204+00:00,bruteforce_ssh_v1,bruteforce_ssh_v1__run_001,initial_access,T1110.001,18,1,-0.0,0.9972,0.0155,8214.19,8214.19,0.9831,72,72,0.3811,0.6463,0.2683,0.0256,0.3452,9,5,1,2,0,0,0.9956,114.09,34.45,210.77,6442.73,7847.23,0,0.063,1.0317,0,1
2026-09-09T15:05:01.256204+00:00,bruteforce_ssh_v1,bruteforce_ssh_v1__run_001,initial_access,T1110.001,14,1,-0.0,1.0,0.0112,4918.95,4684.71,0.9644,42,40,0.1691,0.4994,0.2367,0.0149,0.2813,7,4,0,1,0,0,1.0463,117.12,34.61,185.84,7735.2,8265.08,0,0.0177,1.0702,0,0
2026-09-09T15:05:06.256204+00:00,bruteforce_ssh_v1,bruteforce_ssh_v1__run_001,initial_access,T1110.001,30,1,-0.0,1.0,0.0,25137.12,30044.84,0.969,210,251,0.2378,0.6157,0.1922,0.0271,0.2734,15,9,1,3,1,0,0.834,119.7,35.78,193.65,8345.24,9974.6,0,0.061,0.6383,0,0
2026-09-09T15:05:11.256204+00:00,bruteforce_ssh_v1,bruteforce_ssh_v1__run_001,initial_access,T1110.001,25,1,-0.0,1.0,0.004,14892.59,20849.62,0.8941,125,175,0.2876,0.712,0.1753,0.021,0.2384,12,7,1,3,1,0,0.7108,119.14,36.14,213.64,7689.31,9376.91,0,0.0245,0.2411,0,4
2026-09-09T15:05:16.256204+00:00,bruteforce_ssh_v1,bruteforce_ssh_v1__run_001,initial_access,T1110.001,21,1,-0.0,0.986,0.0129,15636.85,17622.49,0.8971,126,142,0.2811,0.8413,0.2531,0.0334,0.3534,11,5,1,2,0,0,0.8819,124.1,40.75,237.26,7404.22,9000.99,0,0.0,0.2282,0,1
2026-09-09T15:05:21.256204+00:00,bruteforce_ssh_v1,bruteforce_ssh_v1__run_001,initial_access,T1110.001,21,1,-0.0,1.0,0.0169,10651.63,17118.7,0.8631,84,135,0.2974,0.4064,0.2533,0.0353,0.3592,11,6,1,2,0,0,0.6204,126.81,34.99,195.23,5572.81,8794.72,0,0.0,0.9796,0,1
2026-09-09T15:05:26.256204+00:00,bruteforce_ssh_v1,bruteforce_ssh_v1__run_001,initial_access,T1110.001,17,1,-0.0,0.9672,0.0473,11125.0,12826.47,0.8842,85,98,0.2572,0.6603,0.2539,0.0258,0.3314,9,5,0,2,0,0,0.8587,130.88,43.28,245.19,7176.95,7387.2,0,0.1072,1.1725,0,0
2026-09-09T15:05:31.256204+00:00,bruteforce_ssh_v1,bruteforce_ssh_v1__run_001,initial_access,T1110.001,17,1,-0.0,1.0,0.0,14313.83,19365.77,0.8684,119,161,0.1992,0.5084,0.2156,0.0289,0.3023,8,5,0,2,1,0,0.7381,120.28,36.45,189.06,10255.62,8497.04,0,0.0247,0.761,0,0
2026-09-09T15:05:36.256204+00:00,bruteforce_ssh_v1,bruteforce_ssh_v1__run_001,initial_access,T1110.001,15,1,-0.0,0.9917,0.0,17875.99,14658.31,0.9037,150,123,0.2037,0.4431,0.2734,0.0368,0.3838,8,4,0,2,0,0,1.2105,119.17,24.98,156.56,6976.46,8406.71,0,0.0286,0.8184,0,1
2026-09-09T15:05:41.256204+00:00,bruteforce_ssh_v1,bruteforce_ssh_v1__run_001,initial_access,T1110.001,20,1,-0.0,0.9935,0.0014,23501.74,28319.59,0.9065,200,241,0.3321,0.6989,0.2355,0.0135,0.2759,10,5,1,3,0,0,0.8288,117.51,35.34,185.16,9525.15,7347.17,0,0.014,1.4278,0,0
2026-09-09T15:05:46.256204+00:00,bruteforce_ssh_v1,bruteforce_ssh_v1__run_001,initial_access,T1110.001,24,1,-0.0,1.0,0.0185,8779.46,10852.39,0.9929,72,89,0.2546,0.4298,0.2264,0.0129,0.265,11,7,1,3,0,0,0.8072,121.94,45.48,216.25,8337.66,8514.58,0,0.0004,0.8887,0,1
2026-09-09T15:05:51.256204+00:00,bruteforce_ssh_v1,bruteforce_ssh_v1__run_001,initial_access,T1110.001,17,1,-0.0,0.9755,0.0155,9736.81,9307.24,0.8536,68,65,0.2877,0.4097,0.2607,0.0166,0.3104,9,5,0,2,1,0,1.0403,143.19,42.09,224.98,7858.99,7300.56,0,0.0245,0.8264,0,0
2026-09-09T15:05:56.256204+00:00,bruteforce_ssh_v1,bruteforce_ssh_v1__run_001,initial_access,T1110.001,13,1,-0.0,0.9932,0.0,3623.21,4319.98,0.9184,26,31,0.3423,0.4705,0.28,0.0311,0.3733,7,4,0,1,0,0,0.8321,139.35,55.1,294.33,8550.89,7942.93,0,0.0,0.4508,0,1
2026-09-09T15:06:01.256204+00:00,bruteforce_ssh_v1,bruteforce_ssh_v1__run_001,initial_access,T1110.001,17,1,-0.0,1.0,0.0154,12178.83,12775.83,1.0,102,107,0.2391,0.4081,0.2663,0.0218,0.3317,9,5,0,2,0,0,0.9459,119.4,43.66,211.32,7516.98,7901.22,0,0.0,2.2858,0,1
2026-09-09T15:06:06.256204+00:00,bruteforce_ssh_v1,bruteforce_ssh_v1__run_001,initial_access,T1110.001,22,1,-0.0,1.0,0.0,13335.62,12850.69,0.8228,110,106,0.3604,1.0101,0.2856,0.0367,0.3955,12,6,0,3,1,0,1.0372,121.23,42.14,240.09,7677.0,7548.12,0,0.0482,2.663,0,2
2026-09-09T15:06:11.256204+00:00,bruteforce_ssh_v1,bruteforce_ssh_v1__run_001,initial_access,T1110.001,17,1,-0.0,1.0,0.0012,8548.5,7417.08,0.8882,68,59,0.2315,0.3736,0.2633,0.0214,0.3274,8,5,1,2,0,0,1.1491,125.71,43.57,218.11,7290.32,8298.22,0,0.0195,0.625,0,1
2026-09-09T15:06:16.256204+00:00,bruteforce_ssh_v1,bruteforce_ssh_v1__run_001,initial_access,T1110.001,31,1,-0.0,0.9736,0.0536,22480.0,20425.38,0.9129,186,169,0.1657,0.234,0.2278,0.0189,0.2844,16,9,1,5,1,0,1.0952,120.86,37.53,279.83,9041.1,7748.07,0,0.0064,0.5558,0,2
2026-09-09T15:06:21.256204+00:00,bruteforce_ssh_v1,bruteforce_ssh_v1__run_001,initial_access,T1110.001,25,1,-0.0,1.0,0.0,25893.46,33603.96,0.8307,225,292,0.1385,0.3762,0.251,0.0144,0.2941,13,7,1,4,0,0,0.7687,115.08,37.39,225.73,6758.16,7666.75,0,0.0061,1.2317,0,1
2026-09-09T15:06:26.256204+00:00,bruteforce_ssh_v1,bruteforce_ssh_v1__run_001,initial_access,T1110.001,14,1,-0.0,1.0,0.0349,6703.91,7182.76,0.9299,56,60,0.3342,0.852,0.2496,0.0179,0.3032,7,4,0,2,0,0,0.9212,119.71,29.13,181.36,10586.42,8407.6,0,0.043,1.923,0,0
2026-09-09T15:06:31.256204+00:00,bruteforce_ssh_v1,bruteforce_ssh_v1__run_001,initial_access,T1110.001,15,1,-0.0,1.0,0.0,9626.92,10268.71,0.8559,75,80,0.3696,0.9587,0.2218,0.0256,0.2985,9,4,0,2,0,0,0.931,128.36,48.11,250.69,8144.09,10725.0,0,0.0,1.4307,0,0
2026-09-09T15:06:36.256204+00:00,bruteforce_ssh_v1,bruteforce_ssh_v1__run_001,initial_access,T1110.001,13,1,-0.0,0.9705,0.0502,7807.31,7687.2,0.9873,65,64,0.3966,0.5319,0.2839,0.025,0.359,7,3,0,1,0,0,1.0057,120.11,32.92,200.86,9925.64,10057.26,0,0.0393,0.8133,0,1
2026-09-09T15:06:41.256204+00:00,bruteforce_ssh_v1,bruteforce_ssh_v1__run_001,initial_access,T1110.001,24,1,-0.0,0.9583,0.061,11233.83,10297.68,0.915,96,88,0.2504,0.4841,0.2553,0.0232,0.325,12,7,0,3,1,0,1.0798,117.02,56.26,290.25,8484.2,9191.14,0,0.0,0.5807,0,0
2026-09-09T15:06:46.256204+00:00,bruteforce_ssh_v1,bruteforce_ssh_v1__run_001,initial_access,T1110.001,16,1,-0.0,1.0,0.0,17428.74,19365.26,0.8798,144,160,0.1795,0.533,0.2333,0.0225,0.3008,8,5,0,2,0,0,0.8983,121.03,34.69,177.0,8754.93,7204.79,0,0.0,1.2222,0,0
2026-09-09T15:06:51.256204+00:00,bruteforce_ssh_v1,bruteforce_ssh_v1__run_001,initial_access,T1110.001,18,1,-0.0,0.9536,0.0249,9339.85,9599.29,0.923,72,74,0.2886,0.6657,0.2663,0.0139,0.308,10,5,1,2,0,0,0.9647,129.72,51.09,279.13,8474.61,8214.79,0,0.0287,0.2634,0,0
2026-09-09T15:06:56.256204+00:00,bruteforce_ssh_v1,bruteforce_ssh_v1__run_001,initial_access,T1110.001,20,1,-0.0,0.94,0.0695,12629.89,11240.6,0.9197,100,89,0.4081,1.1911,0.2924,0.0354,0.3985,10,5,0,2,0,0,1.1163,126.3,28.75,196.11,8731.03,8686.48,0,0.0797,1.6103,0,1
2026-09-09T15:07:01.256204+00:00,bruteforce_ssh_v1,bruteforce_ssh_v1__run_001,initial_access,T1110.001,22,1,-0.0,1.0,0.061,14474.85,17501.41,0.7743,110,133,0.1984,0.3675,0.1923,0.0203,0.2531,12,6,0,2,1,0,0.8258,131.59,48.84,261.73,6055.67,9434.43,0,0.0433,1.5973,0,1
2026-09-09T15:07:06.256204+00:00,bruteforce_ssh_v1,bruteforce_ssh_v1__run_001,initial_access,T1110.001,16,1,-0.0,1.0,0.0,16369.51,19000.33,0.8623,112,130,0.3594,1.0709,0.3003,0.0242,0.3729,8,4,0,2,0,0,0.857,146.16,49.73,292.26,9308.68,7382.68,0,0.0249,1.1707,0,1
2026-09-09T15:07:11.256204+00:00,bruteforce_ssh_v1,bruteforce_ssh_v1__run_001,initial_access,T1110.001,28,1,-0.0,1.0,0.0173,17037.33,16428.85,0.8513,140,135,0.2489,0.5114,0.3054,0.0276,0.388,15,9,1,3,1,0,1.033,121.7,30.06,200.76,10806.06,9927.35,0,0.0254,1.2985,0,1
2026-09-09T15:07:16.256204+00:00,bruteforce_ssh_v1,bruteforce_ssh_v1__run_001,initial_access,T1110.001,24,1,-0.0,0.9921,0.0,8063.44,8287.42,0.7559,72,74,0.3349,0.9481,0.2229,0.0131,0.2623,12,6,1,2,0,0,0.9667,111.99,31.41,178.57,7532.94,7654.15,0,0.0271,1.1848,0,1
2026-09-09T15:07:21.256204+00:00,bruteforce_ssh_v1,bruteforce_ssh_v1__run_001,initial_access,T1110.001,24,1,-0.0,0.967,0.0134,8389.56,9554.77,0.7849,72,82,0.2973,0.6622,0.2069,0.0119,0.2426,13,8,1,3,1,0,0.8766,116.52,44.25,234.96,8086.56,6477.3,0,0.0777,0.2352,0,1
2026-09-09T15:07:26.256204+00:00,bruteforce_ssh_v1,bruteforce_ssh_v1__run_001,initial_access,T1110.001,19,1,-0.0,1.0,0.0,13267.9,17341.38,0.9418,114,149,0.1343,0.2513,0.227,0.029,0.3138,10,5,0,3,1,0,0.7633,116.39,38.27,186.02,6087.33,9496.9,0,0.0079,1.8906,0,0
2026-09-09T15:07:31.256204+00:00,bruteforce_ssh_v1,bruteforce_ssh_v1__run_001,initial_access,T1110.001,28,1,-0.0,0.9081,0.0949,14970.94,16441.3,0.9442,112,123,0.229,0.3472,0.2719,0.0341,0.3742,15,8,0,4,1,0,0.9045,133.67,43.91,219.43,8363.11,8103.44,0,0.0067,1.1428,0,1
2026-09-09T15:07:36.256204+00:00,bruteforce_ssh_v1,bruteforce_ssh_v1__run_001,initial_access,T1110.001,9,1,-0.0,0.998,0.0057,6735.13,7608.2,0.9086,54,61,0.2788,0.6735,0.2727,0.0294,0.3609,5,2,0,1,0,0,0.8807,124.72,31.77,188.5,9098.85,8165.86,0,0.0,1.368,0,1
2026-09-09T15:07:41.256204+00:00,bruteforce_ssh_v1,bruteforce_ssh_v1__run_001,initial_access,T1110.001,25,1,-0.0,0.9976,0.0264,8445.95,7995.5,0.8842,75,71,0.2755,0.6262,0.2715,0.0221,0.3379,13,6,1,4,1,0,1.0447,112.61,41.58,226.58,9121.83,8328.79,0,0.0,1.5159,0,0
2026-09-09T15:07:46.256204+00:00,bruteforce_ssh_v1,bruteforce_ssh_v1__run_001,initial_access,T1110.001,20,1,-0.0,1.0,0.0108,13333.23,18666.52,0.9045,120,168,0.167,0.4036,0.2688,0.031,0.3619,11,5,2,2,1,0,0.7137,111.11,27.58,170.52,8159.89,8110.48,0,0.0175,2.4301,0,0
2026-09-09T15:07:51.256204+00:00,bruteforce_ssh_v1,bruteforce_ssh_v1__run_001,initial_access,T1110.001,22,1,-0.0,1.0,0.0198,23909.46,30671.74,0.9303,198,254,0.2235,0.2767,0.2741,0.0387,0.3902,11,6,0,3,1,0,0.7771,120.75,42.14,236.54,9076.99,8065.9,0,0.0119,1.5112,0,1
2026-09-09T15:07:56.256204+00:00,bruteforce_ssh_v1,bruteforce_ssh_v1__run_001,initial_access,T1110.001,15,1,-0.0,1.0,0.0097,16516.75,14204.4,0.888,150,129,0.3703,1.0172,0.2949,0.0242,0.3676,8,4,1,2,0,0,1.1579,110.11,35.58,168.96,7811.92,9180.98,0,0.0239,0.0293,0,0
2026-09-09T15:08:01.256204+00:00,bruteforce_ssh_v1,bruteforce_ssh_v1__run_001,initial_access,T1110.001,27,1,-0.0,1.0,0.0229,29567.15,29810.5,0.9013,243,245,0.3308,0.8126,0.2764,0.0398,0.3958,14,7,1,4,1,0,0.989,121.68,42.67,228.45,8101.13,9188.18,0,0.0641,1.5653,0,1
2026-09-09T15:08:06.256204+00:00,bruteforce_ssh_v1,bruteforce_ssh_v1__run_001,initial_access,T1110.001,17,1,-0.0,1.0,0.0,6668.31,7583.57,0.8779,51,58,0.3286,0.5298,0.2462,0.0237,0.3173,9,4,1,2,1,0,0.8751,130.75,39.12,249.5,7781.83,8347.32,0,0.0417,1.4862,0,0
2026-09-09T15:08:11.256204+00:00,bruteforce_ssh_v1,bruteforce_ssh_v1__run_001,initial_access,T1110.001,11,1,-0.0,0.9952,0.0182,5676.13,5418.13,0.9016,44,42,0.3478,1.0246,0.1954,0.0238,0.2669,6,3,1,1,0,0,1.026,129.0,38.7,185.36,7927.07,8199.71,0,0.0433,0.9836,0,0
2026-09-09T15:08:16.256204+00:00,bruteforce_ssh_v1,bruteforce_ssh_v1__run_001,initial_access,T1110.001,20,1,-0.0,1.0,0.0,4626.58,5436.23,0.8896,40,47,0.2285,0.6278,0.3149,0.0239,0.3867,11,5,1,2,0,0,0.8379,115.66,29.72,181.19,7615.52,8526.04,0,0.0,0.3309,0,3
2026-09-09T15:08:21.256204+00:00,bruteforce_ssh_v1,bruteforce_ssh_v1__run_001,initial_access,T1110.001,11,1,-0.0,1.0,0.0609,4712.33,4819.43,0.8181,44,45,0.2825,0.5123,0.2909,0.0224,0.3582,5,3,0,1,0,0,0.9759,107.1,28.38,159.01,7402.23,6286.85,0,0.0642,0.9693,0,0
2026-09-09T15:08:26.256204+00:00,bruteforce_ssh_v1,bruteforce_ssh_v1__run_001,initial_access,T1110.001,15,1,-0.0,0.9738,0.0115,5011.4,5234.13,0.8948,45,47,0.3718,1.0626,0.2617,0.0355,0.3682,8,4,0,2,0,0,0.9538,111.36,20.1,150.84,9045.05,9789.66,0,0.0283,1.5059,0,0
2026-09-09T15:08:31.256204+00:00,bruteforce_ssh_v1,bruteforce_ssh_v1__run_001,initial_access,T1110.001,24,1,-0.0,1.0,0.0,9612.21,11214.25,0.9132,72,84,0.1448,0.2769,0.2322,0.0264,0.3114,12,7,0,2,1,0,0.8562,133.5,42.14,216.01,6910.84,9241.74,0,0.0408,0.0,0,1
2026-09-09T15:08:36.256204+00:00,bruteforce_ssh_v1,bruteforce_ssh_v1__run_001,initial_access,T1110.001,16,1,-0.0,1.0,0.0,25031.96,21251.09,0.9085,192,163,0.403,0.5483,0.3033,0.0328,0.4017,8,4,0,2,0,0,1.1711,130.37,48.82,231.19,7665.48,8805.43,0,0.0689,0.4099,0,3
2026-09-09T15:08:41.256204+00:00,bruteforce_ssh_v1,bruteforce_ssh_v1__run_001,initial_access,T1110.001,21,1,-0.0,1.0,0.0,17359.53,22673.67,0.8818,147,192,0.2612,0.541,0.2645,0.0384,0.3798,11,7,1,3,0,0,0.7648,118.09,32.63,170.32,8711.68,7743.3,0,0.0177,0.781,0,0
2026-09-09T15:08:46.256204+00:00,bruteforce_ssh_v1,bruteforce_ssh_v1__run_001,initial_access,T1110.001,27,1,-0.0,1.0,0.0158,15889.89,22598.95,0.931,135,192,0.18,0.4249,0.2728,0.0248,0.3471,14,8,0,3,1,0,0.7005,117.7,34.87,194.42,8003.22,7076.92,0,0.019,1.5303,0,0
2026-09-09T15:08:51.256204+00:00,bruteforce_ssh_v1,bruteforce_ssh_v1__run_001,initial_access,T1110.001,12,1,-0.0,0.9713,0.0,7390.52,8375.92,0.8721,60,68,0.3176,0.6883,0.3072,0.0354,0.4133,6,3,0,1,0,0,0.8753,123.18,40.02,181.25,6920.48,8852.21,0,0.0155,1.4719,0,1
2026-09-09T15:08:56.256204+00:00,bruteforce_ssh_v1,bruteforce_ssh_v1__run_001,initial_access,T1110.001,16,1,-0.0,1.0,0.0048,7107.73,8107.25,0.9592,64,73,0.2582,0.3918,0.2704,0.0316,0.3651,8,4,0,2,0,0,0.8653,111.06,42.41,226.48,7228.97,7917.99,0,0.0578,0.8436,0,0
2026-09-09T15:09:01.256204+00:00,bruteforce_ssh_v1,bruteforce_ssh_v1__run_001,initial_access,T1110.001,9,1,-0.0,0.9969,0.0287,7713.94,7101.72,0.8883,63,58,0.3689,0.7168,0.263,0.0265,0.3424,4,2,0,1,0,0,1.0818,122.44,36.45,213.7,7806.37,8640.11,0,0.0,1.3936,0,0
2026-09-09T15:09:06.256204+00:00,bruteforce_ssh_v1,bruteforce_ssh_v1__run_001,initial_access,T1110.001,15,1,-0.0,0.9967,0.0,7805.96,8586.56,0.9018,60,66,0.2027,0.556,0.2187,0.0228,0.2871,8,4,0,2,0,0,0.8975,130.1,42.75,221.02,9535.75,9107.37,0,0.0319,0.6343,0,0
2026-09-09T15:09:11.256204+00:00,bruteforce_ssh_v1,bruteforce_ssh_v1__run_001,initial_access,T1110.001,15,1,-0.0,1.0,0.0,9793.41,10968.61,0.8954,75,84,0.1952,0.2398,0.2838,0.0204,0.3451,7,4,1,1,0,0,0.8831,130.58,66.29,325.25,9089.84,9413.8,0,0.0,0.762,0,0
2026-09-09T15:09:16.256204+00:00,bruteforce_ssh_v1,bruteforce_ssh_v1__run_001,initial_access,T1110.001,31,1,-0.0,1.0,0.0334,45625.39,58603.87,0.9294,341,438,0.2723,0.6367,0.3188,0.0242,0.3915,18,9,1,4,2,0,0.7782,133.8,48.45,274.11,8872.59,7424.37,1,0.0334,0.6227,0,1
2026-09-09T15:09:21.256204+00:00,bruteforce_ssh_v1,bruteforce_ssh_v1__run_001,initial_access,T1110.001,18,1,-0.0,1.0,0.0,17427.09,16182.3,0.9697,126,117,0.1802,0.2844,0.2364,0.0243,0.3095,9,5,0,2,1,0,1.0718,138.31,39.87,238.37,6628.98,8592.53,0,0.0248,1.1225,0,0
2026-09-09T15:09:26.256204+00:00,bruteforce_ssh_v1,bruteforce_ssh_v1__run_001,initial_access,T1110.001,16,1,-0.0,0.9888,0.0373,19177.33,18910.98,0.8229,144,142,0.1689,0.2292,0.2491,0.0159,0.2968,8,4,0,2,0,0,1.0083,133.18,35.83,202.16,9611.06,7509.86,0,0.0,1.6976,0,0
2026-09-09T15:09:31.256204+00:00,bruteforce_ssh_v1,bruteforce_ssh_v1__run_001,initial_access,T1110.001,18,1,-0.0,0.9968,0.0219,10050.47,11502.2,0.8503,90,103,0.3004,0.7077,0.26,0.0251,0.3353,9,6,1,2,0,0,0.8723,111.67,37.02,172.5,8719.23,7089.42,0,0.0495,1.4189,0,0
2026-09-09T15:09:36.256204+00:00,bruteforce_ssh_v1,bruteforce_ssh_v1__run_001,initial_access,T1110.001,14,1,-0.0,1.0,0.0119,1669.87,2146.97,0.9952,14,18,0.1513,0.3496,0.2677,0.037,0.3786,7,4,0,1,0,0,0.7774,119.28,45.99,250.72,9427.45,8429.37,0,0.0225,1.0523,0,0
2026-09-09T15:09:41.256204+00:00,bruteforce_ssh_v1,bruteforce_ssh_v1__run_001,initial_access,T1110.001,20,1,-0.0,0.9908,0.004,16005.63,15872.25,0.7548,120,119,0.3402,0.6569,0.2666,0.0176,0.3195,10,5,1,2,1,0,1.005,133.38,57.31,250.64,8930.51,9356.73,0,0.027,1.0506,0,1
2026-09-09T15:09:46.256204+00:00,bruteforce_ssh_v1,bruteforce_ssh_v1__run_001,initial_access,T1110.001,16,1,-0.0,0.9928,0.0,21830.28,25809.76,0.8391,192,227,0.2897,0.4082,0.269,0.027,0.3501,8,4,0,2,0,0,0.8443,113.7,41.78,242.69,6359.43,8136.23,0,0.0,0.6678,0,0
2026-09-09T15:09:51.256204+00:00,bruteforce_ssh_v1,bruteforce_ssh_v1__run_001,initial_access,T1110.001,28,1,-0.0,0.964,0.0501,24142.82,22664.68,0.8751,196,184,0.1924,0.5309,0.2535,0.0183,0.3084,15,8,1,4,2,0,1.0614,123.18,40.55,193.45,9588.62,7753.13,1,0.0079,0.6658,0,1
2026-09-09T15:09:56.256204+00:00,bruteforce_ssh_v1,bruteforce_ssh_v1__run_001,initial_access,T1110.001,19,1,-0.0,1.0,0.0101,4857.93,4346.57,0.8875,38,34,0.2568,0.5372,0.2449,0.0208,0.3074,9,5,1,2,2,0,1.1018,127.84,38.5,220.62,8973.97,7396.51,1,0.0442,0.0875,0,1
2026-09-09T15:10:01.256204+00:00,bruteforce_ssh_v1,bruteforce_ssh_v1__run_001,initial_access,T1110.001,20,1,-0.0,0.9673,0.0163,8941.58,7935.65,0.9352,80,71,0.1506,0.3018,0.2027,0.0272,0.2842,11,6,1,2,0,0,1.1256,111.77,33.85,178.64,7704.75,8258.57,0,0.0618,1.0374,0,1
2026-09-09T15:10:06.256204+00:00,bruteforce_ssh_v1,bruteforce_ssh_v1__run_001,initial_access,T1110.001,17,1,-0.0,0.9915,0.0,7738.16,9217.51,0.916,68,81,0.2894,0.6913,0.3039,0.0326,0.4016,8,5,0,2,1,0,0.8342,113.8,40.41,205.2,7480.59,7376.43,0,0.0275,1.3213,0,2
2026-09-09T15:10:11.256204+00:00,bruteforce_ssh_v1,bruteforce_ssh_v1__run_001,initial_access,T1110.001,21,1,-0.0,1.0,0.0149,24439.93,28396.87,0.9601,210,244,0.3332,0.7202,0.2393,0.0237,0.3103,12,5,1,3,1,0,0.8597,116.38,34.99,186.05,8847.91,7510.96,0,0.0221,1.2473,0,0
2026-09-09T15:10:16.256204+00:00,bruteforce_ssh_v1,bruteforce_ssh_v1__run_001,initial_access,T1110.001,26,1,-0.0,0.9281,0.0855,3101.26,3220.54,0.7925,26,27,0.2795,0.8087,0.2168,0.0294,0.3051,14,8,1,4,1,0,0.9473,119.28,32.81,189.17,6676.66,7823.28,0,0.0272,1.3159,0,2
2026-09-09T15:10:21.256204+00:00,bruteforce_ssh_v1,bruteforce_ssh_v1__run_001,initial_access,T1110.001,24,1,-0.0,1.0,0.0,16918.82,15156.45,0.8714,144,129,0.2359,0.5088,0.2431,0.0271,0.3242,12,7,1,4,2,0,1.1145,117.49,37.39,201.19,8125.19,12372.94,1,0.0067,0.7664,0,1
2026-09-09T15:10:26.256204+00:00,bruteforce_ssh_v1,bruteforce_ssh_v1__run_001,initial_access,T1110.001,25,1,-0.0,1.0,0.0112,17558.74,21304.6,0.8876,150,182,0.4141,1.1,0.2558,0.0138,0.2971,13,6,1,3,1,0,0.8236,117.06,41.76,205.69,8435.94,7520.84,0,0.0042,0.9774,0,2
2026-09-09T15:10:31.256204+00:00,bruteforce_ssh_v1,bruteforce_ssh_v1__run_001,initial_access,T1110.001,21,1,-0.0,1.0,0.0125,14679.01,17475.01,0.9926,105,125,0.2817,0.4109,0.2761,0.0333,0.3762,11,6,0,3,0,0,0.8386,139.8,42.87,227.83,7342.38,9467.75,0,0.0315,1.0951,0,1
2026-09-09T15:10:36.256204+00:00,bruteforce_ssh_v1,bruteforce_ssh_v1__run_001,initial_access,T1110.001,25,1,-0.0,0.9961,0.0136,24956.23,35188.28,0.8573,200,282,0.3614,0.4463,0.2862,0.0399,0.406,13,7,0,4,0,1,0.7075,124.78,42.35,270.2,8821.29,8989.75,0,0.0042,1.1212,0,1
2026-09-09T15:10:41.256204+00:00,bruteforce_ssh_v1,bruteforce_ssh_v1__run_001,initial_access,T1110.001,17,1,-0.0,1.0,0.0,14458.04,15308.51,0.89,102,108,0.3105,0.7127,0.289,0.017,0.34,8,4,0,2,1,0,0.9394,141.75,56.21,252.02,8443.92,7534.12,0,0.0297,0.8986,0,1
2026-09-09T15:10:46.256204+00:00,bruteforce_ssh_v1,bruteforce_ssh_v1__run_001,initial_access,T1110.001,27,1,-0.0,0.9404,0.0427,30590.39,36003.51,0.9237,243,286,0.1372,0.3954,0.2339,0.0174,0.2862,16,8,1,5,2,0,0.8468,125.89,33.91,201.57,9414.86,6544.4,1,0.0,1.1023,0,1
2026-09-09T15:10:51.256204+00:00,bruteforce_ssh_v1,bruteforce_ssh_v1__run_001,initial_access,T1110.001,22,1,-0.0,0.9971,0.0,4960.61,5186.09,0.8694,44,46,0.3193,0.5402,0.2316,0.0294,0.3199,11,7,1,3,1,0,0.9449,112.74,38.26,211.98,6952.85,9175.77,0,0.07,0.9124,0,1
2026-09-09T15:10:56.256204+00:00,bruteforce_ssh_v1,bruteforce_ssh_v1__run_001,initial_access,T1110.001,24,1,-0.0,1.0,0.0,9541.09,8746.0,0.9052,72,66,0.2333,0.3221,0.2566,0.0307,0.3486,13,6,0,3,0,0,1.0834,132.52,36.59,211.77,8690.57,6799.81,0,0.0255,1.4812,0,0
2026-09-09T15:11:01.256204+00:00,bruteforce_ssh_v1,bruteforce_ssh_v1__run_001,initial_access,T1110.001,23,1,-0.0,1.0,0.0305,30253.28,34747.43,0.8619,276,317,0.2419,0.488,0.273,0.0301,0.3634,11,5,1,3,1,0,0.8702,109.61,32.39,189.79,5053.2,8269.21,0,0.05,1.0789,0,2
2026-09-09T15:11:06.256204+00:00,bruteforce_ssh_v1,bruteforce_ssh_v1__run_001,initial_access,T1110.001,17,1,-0.0,1.0,0.0259,19644.01,18921.8,0.8832,136,131,0.1806,0.3186,0.2868,0.0193,0.3449,9,4,0,2,0,0,1.035,144.44,53.49,241.45,8313.91,8464.02,0,0.0357,0.3936,0,0
2026-09-09T15:11:11.256204+00:00,bruteforce_ssh_v1,bruteforce_ssh_v1__run_001,initial_access,T1110.001,16,1,-0.0,1.0,0.001,3993.41,4243.0,0.8566,32,34,0.1572,0.4084,0.2082,0.0194,0.2663,8,4,0,2,0,0,0.9218,124.79,46.71,244.42,9372.05,7696.04,0,0.0226,0.8529,0,2
2026-09-09T15:11:16.256204+00:00,bruteforce_ssh_v1,bruteforce_ssh_v1__run_001,initial_access,T1110.001,16,1,-0.0,0.9932,0.0,18223.71,16743.03,0.9205,160,147,0.21,0.4581,0.239,0.0131,0.2783,8,4,1,2,0,0,1.084,113.9,37.41,212.65,7764.03,8269.54,0,0.011,1.0103,0,1
2026-09-09T15:11:21.256204+00:00,bruteforce_ssh_v1,bruteforce_ssh_v1__run_001,initial_access,T1110.001,18,1,-0.0,1.0,0.0141,17871.39,18367.81,0.8529,144,148,0.3666,0.4693,0.2311,0.0187,0.2872,9,5,1,2,0,0,0.9703,124.11,43.89,218.92,8487.56,7568.54,0,0.0,1.3417,0,0
2026-09-09T15:11:26.256204+00:00,bruteforce_ssh_v1,bruteforce_ssh_v1__run_001,initial_access,T1110.001,24,1,-0.0,0.9727,0.0382,16522.05,16292.58,0.8253,144,142,0.2262,0.5952,0.2227,0.0139,0.2645,13,7,1,3,0,0,1.0085,114.74,32.28,172.65,9306.34,8346.66,0,0.027,1.4431,0,1
2026-09-09T15:11:31.256204+00:00,bruteforce_ssh_v1,bruteforce_ssh_v1__run_001,initial_access,T1110.001,18,1,-0.0,1.0,0.0,23907.41,33736.01,0.8809,180,254,0.2608,0.4318,0.2775,0.0308,0.3699,9,5,0,2,0,0,0.7086,132.82,57.75,297.82,8732.56,8558.92,0,0.0676,0.9385,0,1
2026-09-09T15:11:36.256204+00:00,bruteforce_ssh_v1,bruteforce_ssh_v1__run_001,initial_access,T1110.001,26,1,-0.0,1.0,0.0499,31941.37,31449.96,0.8362,260,256,0.3211,0.8366,0.239,0.0232,0.3085,14,8,0,2,1,0,1.0148,122.85,35.7,191.32,6959.27,8261.12,0,0.0123,0.9101,0,2
2026-09-09T15:11:41.256204+00:00,bruteforce_ssh_v1,bruteforce_ssh_v1__run_001,initial_access,T1110.001,17,1,-0.0,1.0,0.0,18610.24,16639.74,0.8701,170,152,0.2877,0.6729,0.2627,0.0188,0.319,9,5,0,2,0,0,1.1131,109.47,29.6,170.19,7392.66,7208.79,0,0.0371,1.3437,0,0
2026-09-09T15:11:46.256204+00:00,bruteforce_ssh_v1,bruteforce_ssh_v1__run_001,initial_access,T1110.001,15,1,-0.0,0.9827,0.0096,10979.38,10857.39,0.9621,90,89,0.2468,0.4159,0.2373,0.0344,0.3406,8,4,0,1,0,0,1.0038,121.99,33.99,190.97,8018.78,9027.7,0,0.0506,0.881,0,0
2026-09-09T15:11:51.256204+00:00,bruteforce_ssh_v1,bruteforce_ssh_v1__run_001,initial_access,T1110.001,23,1,-0.0,0.9734,0.0116,21933.16,26171.45,0.9201,207,247,0.2236,0.2753,0.2289,0.0329,0.3277,12,6,1,3,0,0,0.837,105.96,31.7,188.22,9250.06,7980.4,0,0.0633,0.4733,0,0
2026-09-09T15:11:56.256204+00:00,bruteforce_ssh_v1,bruteforce_ssh_v1__run_001,initial_access,T1110.001,15,1,-0.0,1.0,0.0,10839.05,15295.1,0.8058,90,127,0.2492,0.3796,0.2441,0.0358,0.3514,7,4,0,2,0,0,0.7054,120.43,27.5,180.22,8221.06,7039.31,0,0.0629,1.3635,0,0
2026-09-09T15:12:01.256204+00:00,bruteforce_ssh_v1,bruteforce_ssh_v1__run_001,initial_access,T1110.001,17,1,-0.0,0.9785,0.0335,11901.43,19322.32,0.8589,85,138,0.2123,0.3787,0.2372,0.0246,0.311,9,5,1,2,0,0,0.6136,140.02,47.16,231.69,7059.11,8008.8,0,0.0,0.5634,0,1
2026-09-09T15:12:06.256204+00:00,bruteforce_ssh_v1,bruteforce_ssh_v1__run_001,initial_access,T1110.001,17,1,-0.0,1.0,0.0315,20185.04,21728.6,0.9014,170,183,0.1638,0.4885,0.2767,0.0394,0.395,9,5,0,2,0,0,0.9272,118.74,32.38,173.72,7018.34,9436.17,0,0.0,1.3285,0,1
2026-09-09T15:12:11.256204+00:00,bruteforce_ssh_v1,bruteforce_ssh_v1__run_001,initial_access,T1110.001,25,1,-0.0,1.0,0.0155,23072.8,28033.45,0.7649,200,243,0.2857,0.605,0.2501,0.0154,0.2962,13,7,1,3,1,0,0.8205,115.36,39.47,233.67,8022.09,8023.89,0,0.0318,1.3275,0,0
2026-09-09T15:12:16.256204+00:00,bruteforce_ssh_v1,bruteforce_ssh_v1__run_001,initial_access,T1110.001,19,1,-0.0,1.0,0.0055,26315.7,33933.4,0.8749,190,245,0.3554,0.4746,0.2744,0.0164,0.3235,9,5,0,3,0,0,0.7749,138.5,58.59,266.27,7278.77,6420.97,0,0.0545,1.3096,0,1
2026-09-09T15:12:21.256204+00:00,bruteforce_ssh_v1,bruteforce_ssh_v1__run_001,initial_access,T1110.001,18,1,-0.0,1.0,0.0,9657.67,8584.6,0.9708,72,64,0.2106,0.4537,0.233,0.0284,0.318,10,5,0,3,1,0,1.1203,134.13,41.47,214.02,10637.61,5070.82,0,0.0,0.8418,0,0
2026-09-09T15:12:26.256204+00:00,bruteforce_ssh_v1,bruteforce_ssh_v1__run_001,initial_access,T1110.001,32,1,-0.0,1.0,0.0072,11708.05,11951.96,0.9122,96,98,0.3504,0.6474,0.2417,0.0335,0.3423,16,9,1,5,1,0,0.9792,121.96,36.48,202.19,7293.89,8487.6,0,0.0327,1.1702,0,2
2026-09-09T15:12:31.256204+00:00,bruteforce_ssh_v1,bruteforce_ssh_v1__run_001,initial_access,T1110.001,21,1,-0.0,0.9948,0.0143,20812.27,23166.04,0.8746,168,187,0.2424,0.648,0.276,0.0231,0.3452,11,5,0,2,1,0,0.8965,123.88,52.01,305.05,9296.62,8811.35,0,0.0,1.0528,0,0
2026-09-09T15:12:36.256204+00:00,bruteforce_ssh_v1,bruteforce_ssh_v1__run_001,initial_access,T1110.001,24,1,-0.0,0.9667,0.0393,29903.73,35995.23,0.8915,216,260,0.2193,0.5933,0.2626,0.0213,0.3264,13,6,1,3,1,0,0.8284,138.44,36.6,218.56,9037.73,9373.37,0,0.0338,1.496,0,0
2026-09-09T15:12:41.256204+00:00,bruteforce_ssh_v1,bruteforce_ssh_v1__run_001,initial_access,T1110.001,22,1,-0.0,1.0,0.0,16951.17,18620.6,0.9273,132,145,0.3074,0.511,0.2485,0.0296,0.3373,11,6,1,2,0,0,0.9097,128.42,29.47,190.09,7158.22,9056.17,0,0.0,1.0171,0,0
2026-09-09T15:12:46.256204+00:00,bruteforce_ssh_v1,bruteforce_ssh_v1__run_001,initial_access,T1110.001,21,1,-0.0,0.984,0.0452,20456.75,25570.94,0.8645,168,210,0.2394,0.3294,0.2291,0.0231,0.2985,11,7,0,2,0,0,0.7998,121.77,54.38,300.61,10350.65,8181.52,0,0.0529,1.2849,0,1
2026-09-09T15:12:51.256204+00:00,bruteforce_ssh_v1,bruteforce_ssh_v1__run_001,initial_access,T1110.001,23,1,-0.0,0.9925,0.0,20070.47,17078.6,0.8707,161,137,0.1275,0.1775,0.2419,0.0198,0.3013,12,6,0,3,1,0,1.1672,124.66,30.43,195.91,8120.51,8716.07,0,0.0274,1.2526,0,0
2026-09-09T15:12:56.256204+00:00,bruteforce_ssh_v1,bruteforce_ssh_v1__run_001,initial_access,T1110.001,20,1,-0.0,1.0,0.0,32263.32,30526.06,0.9823,260,246,0.397,1.1581,0.2843,0.0255,0.3609,11,5,1,3,0,0,1.0529,124.09,36.49,254.18,10309.95,6779.64,0,0.0221,0.7661,0,1
2026-09-09T15:13:01.256204+00:00,bruteforce_ssh_v1,bruteforce_ssh_v1__run_001,initial_access,T1110.001,10,1,-0.0,1.0,0.0,8363.31,8960.69,0.873,70,75,0.2029,0.6022,0.2671,0.0306,0.3588,5,3,0,1,0,0,0.9326,119.48,40.98,211.26,8670.19,7399.32,0,0.0656,1.085,0,1
2026-09-09T15:13:06.256204+00:00,bruteforce_ssh_v1,bruteforce_ssh_v1__run_001,initial_access,T1110.001,28,1,-0.0,1.0,0.0,15994.77,16680.26,0.9759,140,146,0.1511,0.2236,0.2425,0.022,0.3086,15,8,1,4,1,0,0.9576,114.25,32.48,184.27,9338.92,7542.34,0,0.0,0.9929,0,1
2026-09-09T15:13:11.256204+00:00,bruteforce_ssh_v1,bruteforce_ssh_v1__run_001,initial_access,T1110.001,17,1,-0.0,0.9693,0.0188,1958.29,2073.48,0.939,17,18,0.2197,0.6068,0.2624,0.0133,0.3024,9,5,0,2,1,0,0.9335,115.19,33.4,196.93,7790.97,6324.94,0,0.036,0.9512,0,0
2026-09-09T15:13:16.256204+00:00,bruteforce_ssh_v1,bruteforce_ssh_v1__run_001,initial_access,T1110.001,25,1,-0.0,1.0,0.0,19663.1,22415.94,0.8482,150,171,0.1458,0.2806,0.2325,0.0314,0.3268,13,7,1,3,1,0,0.8764,131.09,41.58,237.48,5598.3,8516.83,0,0.0096,1.0606,0,1
2026-09-09T15:13:21.256204+00:00,bruteforce_ssh_v1,bruteforce_ssh_v1__run_001,initial_access,T1110.001,13,1,-0.0,0.9683,0.0474,9932.73,9277.83,0.9014,91,85,0.2277,0.67,0.205,0.0232,0.2745,6,4,0,2,0,0,1.0616,109.15,40.39,187.6,7606.11,7778.47,0,0.0,0.64,0,1
2026-09-09T15:13:26.256204+00:00,bruteforce_ssh_v1,bruteforce_ssh_v1__run_001,initial_access,T1110.001,22,1,-0.0,0.9591,0.04,21454.76,22917.59,0.944,176,188,0.1528,0.4422,0.2451,0.0367,0.3552,12,5,1,3,1,0,0.9329,121.9,53.52,305.99,10101.89,8835.49,0,0.0435,1.2818,0,1
2026-09-09T15:13:31.256204+00:00,bruteforce_ssh_v1,bruteforce_ssh_v1__run_001,initial_access,T1110.001,20,1,-0.0,1.0,0.0025,10206.12,18115.86,0.9257,80,142,0.1297,0.3621,0.2371,0.0231,0.3065,10,6,1,2,1,0,0.5631,127.58,52.1,238.67,7960.13,8432.05,0,0.0247,0.837,0,1
2026-09-09T15:13:36.256204+00:00,bruteforce_ssh_v1,bruteforce_ssh_v1__run_001,initial_access,T1110.001,10,1,-0.0,1.0,0.0384,1337.71,1471.48,0.8133,10,11,0.3974,0.4971,0.2578,0.0277,0.341,5,3,0,1,0,0,0.8766,133.77,24.75,161.53,8776.87,7355.32,0,0.0359,0.9438,0,0
2026-09-09T15:13:41.256204+00:00,bruteforce_ssh_v1,bruteforce_ssh_v1__run_001,initial_access,T1110.001,27,1,-0.0,1.0,0.0161,21975.09,36276.33,0.9803,189,312,0.1221,0.2476,0.2,0.0244,0.2733,15,8,2,4,1,0,0.6049,116.27,36.53,193.63,7327.99,8605.78,0,0.0339,0.0311,0,0
2026-09-09T15:13:46.256204+00:00,bruteforce_ssh_v1,bruteforce_ssh_v1__run_001,initial_access,T1110.001,30,1,-0.0,0.9852,0.0,7819.77,6255.81,0.8665,60,48,0.3685,0.6907,0.2369,0.0341,0.3392,16,7,1,4,1,0,1.2349,130.33,46.81,296.89,8671.26,8068.36,0,0.045,0.3094,0,3
2026-09-09T15:13:51.256204+00:00,bruteforce_ssh_v1,bruteforce_ssh_v1__run_001,initial_access,T1110.001,20,1,-0.0,1.0,0.0125,11164.57,11052.93,0.8615,100,99,0.2121,0.5232,0.238,0.0338,0.3395,12,5,0,3,1,0,1.0009,111.65,36.2,185.04,9209.74,10243.59,0,0.0,0.5092,0,0
2026-09-09T15:13:56.256204+00:00,bruteforce_ssh_v1,bruteforce_ssh_v1__run_001,initial_access,T1110.001,15,1,-0.0,0.9877,0.0294,10647.03,10292.13,0.8443,90,87,0.2651,0.651,0.2775,0.0366,0.3873,7,4,0,3,0,0,1.0271,118.3,43.55,250.36,9037.98,8881.99,0,0.0198,0.9033,0,0
2026-09-09T15:14:01.256204+00:00,bruteforce_ssh_v1,bruteforce_ssh_v1__run_001,initial_access,T1110.001,26,1,-0.0,1.0,0.0,34821.78,32366.4,0.8929,312,290,0.2696,0.4491,0.2861,0.0397,0.4051,13,7,1,4,0,0,1.0739,111.61,35.22,181.57,8089.14,8418.57,0,0.0188,0.6645,0,0
2026-09-09T15:14:06.256204+00:00,bruteforce_ssh_v1,bruteforce_ssh_v1__run_001,initial_access,T1110.001,24,1,-0.0,1.0,0.0065,24051.62,23550.54,0.9164,192,188,0.3187,0.63,0.2192,0.0262,0.2977,13,7,1,4,0,0,1.0194,125.27,41.16,189.06,7251.42,8971.1,0,0.0,0.2989,0,1
2026-09-09T15:14:11.256204+00:00,bruteforce_ssh_v1,bruteforce_ssh_v1__run_001,initial_access,T1110.001,23,1,-0.0,1.0,0.0023,33197.38,35843.54,0.8771,276,298,0.2321,0.5779,0.2451,0.0204,0.3063,11,6,0,3,0,0,0.9259,120.28,38.19,211.96,9976.34,8292.84,0,0.0283,0.9094,0,0
2026-09-09T15:14:16.256204+00:00,bruteforce_ssh_v1,bruteforce_ssh_v1__run_001,initial_access,T1110.001,20,1,-0.0,1.0,0.0,4489.33,5050.5,0.9301,40,45,0.2631,0.5824,0.2875,0.0381,0.4017,10,5,1,2,0,0,0.8771,112.23,31.21,186.75,9318.72,7370.96,0,0.0,0.8183,0,1
2026-09-09T15:14:21.256204+00:00,bruteforce_ssh_v1,bruteforce_ssh_v1__run_001,initial_access,T1110.001,23,1,-0.0,0.9616,0.0532,19805.87,23496.4,0.8962,161,191,0.3461,0.665,0.234,0.027,0.3149,12,7,1,2,1,0,0.8395,123.02,39.65,189.65,7822.83,7852.58,0,0.0,0.9686,0,2
2026-09-09T15:14:26.256204+00:00,bruteforce_ssh_v1,bruteforce_ssh_v1__run_001,initial_access,T1110.001,20,1,-0.0,1.0,0.0,15065.86,15568.05,0.9049,120,124,0.3457,0.9553,0.2534,0.0204,0.3147,11,6,1,2,0,0,0.9643,125.55,43.63,217.38,7720.26,7647.17,0,0.0218,0.8413,0,0
2026-09-09T15:14:31.256204+00:00,bruteforce_ssh_v1,bruteforce_ssh_v1__run_001,initial_access,T1110.001,19,1,-0.0,0.9671,0.0157,12295.07,12036.23,0.9045,95,93,0.2392,0.4757,0.2237,0.0219,0.2895,10,5,1,2,0,0,1.0161,129.42,36.04,193.3,8898.76,10118.93,0,0.0554,0.9916,0,1
2026-09-09T15:14:36.256204+00:00,bruteforce_ssh_v1,bruteforce_ssh_v1__run_001,initial_access,T1110.001,26,1,-0.0,1.0,0.0411,22097.06,32659.94,0.9692,182,269,0.2606,0.6888,0.1843,0.0272,0.266,14,7,1,4,1,0,0.6747,121.41,39.54,245.6,7754.43,7843.72,0,0.0301,0.3302,0,0
2026-09-09T15:14:41.256204+00:00,bruteforce_ssh_v1,bruteforce_ssh_v1__run_001,initial_access,T1110.001,24,1,-0.0,0.938,0.0436,18075.32,16192.48,0.8754,144,129,0.3426,1.0127,0.2403,0.0223,0.3071,13,6,1,3,2,0,1.1092,125.52,46.13,216.97,7224.44,7672.22,1,0.0263,1.381,0,0
2026-09-09T15:14:46.256204+00:00,bruteforce_ssh_v1,bruteforce_ssh_v1__run_001,initial_access,T1110.001,22,1,-0.0,1.0,0.0096,7668.02,6157.65,0.8859,66,53,0.3023,0.7236,0.2191,0.0268,0.2994,12,6,0,3,1,0,1.2265,116.18,39.6,219.67,7345.16,8103.19,0,0.0613,1.646,0,1
2026-09-09T15:14:51.256204+00:00,bruteforce_ssh_v1,bruteforce_ssh_v1__run_001,initial_access,T1110.001,21,1,-0.0,1.0,0.0,15534.82,20290.38,0.9044,147,192,0.3262,0.8654,0.2753,0.0378,0.3887,11,6,0,3,1,0,0.7651,105.68,45.75,255.49,8585.03,10354.5,0,0.0234,0.3323,0,0
2026-09-09T15:14:56.256204+00:00,bruteforce_ssh_v1,bruteforce_ssh_v1__run_001,initial_access,T1110.001,15,1,-0.0,1.0,0.0,12473.39,13067.36,0.9368,105,110,0.3198,0.6069,0.3118,0.0455,0.4483,8,4,0,2,0,0,0.9522,118.79,49.92,268.14,8671.41,8117.55,0,0.0185,1.5332,0,0
2026-09-09T15:15:01.256204+00:00,bruteforce_ssh_v1,bruteforce_ssh_v1__run_001,initial_access,T1110.001,18,1,-0.0,1.0,0.0,9719.66,8234.71,0.9889,72,61,0.259,0.7531,0.2558,0.03,0.3458,9,5,1,3,0,0,1.1717,135.0,49.65,259.96,7469.1,7364.53,0,0.0269,1.5912,0,0
2026-09-09T15:15:06.256204+00:00,bruteforce_ssh_v1,bruteforce_ssh_v1__run_001,initial_access,T1110.001,26,1,-0.0,1.0,0.0042,9243.84,11258.52,0.8747,78,95,0.2302,0.5991,0.2273,0.0142,0.2699,14,8,1,4,0,0,0.8183,118.51,37.61,186.68,7100.72,8652.57,0,0.0468,0.7073,0,2
2026-09-09T15:15:11.256204+00:00,bruteforce_ssh_v1,bruteforce_ssh_v1__run_001,initial_access,T1110.001,15,1,-0.0,1.0,0.0,8282.37,7951.07,0.968,75,72,0.2803,0.3978,0.2404,0.0286,0.3261,8,4,0,2,1,0,1.0392,110.43,37.45,227.51,9374.4,7509.78,0,0.0495,1.2136,0,2
2026-09-09T15:15:16.256204+00:00,bruteforce_ssh_v1,bruteforce_ssh_v1__run_001,initial_access,T1110.001,12,1,-0.0,0.966,0.013,10800.76,10929.34,0.8788,84,85,0.2877,0.6913,0.2649,0.0159,0.3126,6,3,0,1,0,0,0.984,128.58,40.69,227.73,8498.65,7203.5,0,0.0245,1.1306,0,0
2026-09-09T15:15:21.256204+00:00,bruteforce_ssh_v1,bruteforce_ssh_v1__run_001,initial_access,T1110.001,20,1,-0.0,0.9597,0.0054,16257.23,15096.0,0.8871,140,130,0.2072,0.4213,0.2396,0.0176,0.2925,11,5,1,2,0,0,1.0713,116.12,43.05,249.65,10278.76,7996.69,0,0.013,0.6979,0,1
2026-09-09T15:15:26.256204+00:00,bruteforce_ssh_v1,bruteforce_ssh_v1__run_001,initial_access,T1110.001,26,1,-0.0,1.0,0.0,15616.65,16337.41,0.9719,130,136,0.3449,0.803,0.2331,0.0144,0.2764,14,7,1,3,1,0,0.9492,120.13,40.0,223.43,8480.26,8267.23,0,0.0,1.5047,0,1
2026-09-09T15:15:31.256204+00:00,bruteforce_ssh_v1,bruteforce_ssh_v1__run_001,initial_access,T1110.001,14,1,-0.0,0.9481,0.0612,7842.13,9522.59,0.8472,70,85,0.3654,1.0219,0.2682,0.0242,0.3409,7,3,0,1,1,0,0.8227,112.03,33.93,191.69,9662.42,7067.69,0,0.0111,1.4775,0,0
2026-09-09T15:15:36.256204+00:00,bruteforce_ssh_v1,bruteforce_ssh_v1__run_001,initial_access,T1110.001,20,1,-0.0,1.0,0.0,19287.79,20011.09,0.8961,160,166,0.1557,0.2281,0.2541,0.0219,0.3199,11,5,1,2,0,0,0.9635,120.55,42.57,253.88,8107.88,7290.95,0,0.007,0.9423,0,1
2026-09-09T15:15:41.256204+00:00,bruteforce_ssh_v1,bruteforce_ssh_v1__run_001,initial_access,T1110.001,20,1,-0.0,1.0,0.0,20066.76,19163.76,0.9116,200,191,0.2245,0.5792,0.2316,0.0243,0.3044,10,5,0,2,0,0,1.0444,100.33,23.88,143.72,7949.94,8496.08,0,0.0433,0.5188,0,1
2026-09-09T15:15:46.256204+00:00,bruteforce_ssh_v1,bruteforce_ssh_v1__run_001,initial_access,T1110.001,20,1,-0.0,1.0,0.0,16593.05,15526.36,0.8786,140,131,0.2425,0.6592,0.2255,0.0272,0.307,10,6,0,3,0,0,1.0629,118.52,34.55,196.29,7818.47,9372.47,0,0.0149,0.8637,0,0
2026-09-09T15:15:51.256204+00:00,bruteforce_ssh_v1,bruteforce_ssh_v1__run_001,initial_access,T1110.001,26,1,-0.0,0.9619,0.0403,21124.56,25535.19,0.8618,182,220,0.3542,0.7185,0.2694,0.0286,0.3553,15,7,0,3,1,0,0.8269,116.07,37.43,200.59,5383.23,8121.12,0,0.0183,1.3989,0,1
2026-09-09T15:15:56.256204+00:00,bruteforce_ssh_v1,bruteforce_ssh_v1__run_001,initial_access,T1110.001,18,1,-0.0,0.9777,0.0283,12059.63,16302.83,0.9185,108,146,0.3489,0.5176,0.219,0.0301,0.3092,10,5,0,3,1,0,0.7386,111.66,23.24,153.9,9519.65,7926.1,0,0.0,1.1467,0,1
2026-09-09T15:16:01.256204+00:00,bruteforce_ssh_v1,bruteforce_ssh_v1__run_001,initial_access,T1110.001,18,1,-0.0,1.0,0.0,9065.72,10450.76,0.9923,72,83,0.2249,0.3342,0.3047,0.0207,0.3668,9,5,0,3,0,0,0.8639,125.91,44.31,226.05,7103.07,8604.85,0,0.0212,1.0006,0,2
2026-09-09T15:16:06.256204+00:00,bruteforce_ssh_v1,bruteforce_ssh_v1__run_001,initial_access,T1110.001,22,1,-0.0,1.0,0.0,18454.55,20611.58,0.924,154,172,0.1911,0.2926,0.2205,0.013,0.2594,12,6,1,3,0,1,0.8919,119.83,45.61,210.49,7764.22,6468.0,0,0.0,1.1261,0,2
2026-09-09T15:16:11.256204+00:00,bruteforce_ssh_v1,bruteforce_ssh_v1__run_001,initial_access,T1110.001,21,1,-0.0,1.0,0.0,24465.33,27028.37,0.8546,210,232,0.222,0.3589,0.2832,0.0379,0.397,12,5,0,3,0,0,0.9027,116.5,24.67,163.21,6891.75,7046.17,0,0.0016,1.4697,0,0
2026-09-09T15:16:16.256204+00:00,bruteforce_ssh_v1,bruteforce_ssh_v1__run_001,initial_access,T1110.001,25,1,-0.0,1.0,0.0488,9039.95,8316.76,0.9747,75,69,0.2833,0.4866,0.215,0.0289,0.3016,13,7,1,3,0,0,1.0749,120.53,35.5,222.26,7088.9,8581.87,0,0.0,1.1529,0,1
2026-09-09T15:16:21.256204+00:00,bruteforce_ssh_v1,bruteforce_ssh_v1__run_001,initial_access,T1110.001,15,1,-0.0,0.9838,0.0081,5601.64,8215.74,0.8504,45,66,0.3816,0.7521,0.216,0.0318,0.3114,8,5,0,1,0,0,0.6791,124.48,32.12,208.06,8604.87,8825.83,0,0.0604,0.8574,0,0
2026-09-09T15:16:26.256204+00:00,bruteforce_ssh_v1,bruteforce_ssh_v1__run_001,initial_access,T1110.001,15,1,-0.0,1.0,0.0194,16009.71,26949.67,0.8355,120,202,0.2769,0.444,0.2727,0.0237,0.3439,8,5,0,2,0,0,0.5931,133.41,38.99,233.22,7699.59,6776.54,0,0.0339,1.5784,0,1
2026-09-09T15:16:31.256204+00:00,bruteforce_ssh_v1,bruteforce_ssh_v1__run_001,initial_access,T1110.001,24,1,-0.0,0.9715,0.0404,17899.53,20136.97,0.8093,144,162,0.2826,0.7401,0.2149,0.0285,0.3003,13,7,1,2,0,0,0.888,124.3,42.1,222.38,9092.94,7911.49,0,0.0362,1.3332,0,2
2026-09-09T15:16:36.256204+00:00,bruteforce_ssh_v1,bruteforce_ssh_v1__run_001,initial_access,T1110.001,25,1,-0.0,1.0,0.0164,26942.37,31612.39,0.9115,225,264,0.309,0.8468,0.2635,0.0211,0.3269,13,7,0,3,0,0,0.8513,119.74,42.29,209.59,9708.57,7217.35,0,0.0128,1.9065,0,5
2026-09-09T15:16:41.256204+00:00,bruteforce_ssh_v1,bruteforce_ssh_v1__run_001,initial_access,T1110.001,21,1,-0.0,1.0,0.0136,12079.95,14726.03,0.9411,105,128,0.2136,0.4921,0.208,0.0256,0.2849,10,6,1,3,1,0,0.8188,115.05,28.93,176.04,6671.92,8993.12,0,0.0,1.5432,0,1
2026-09-09T15:16:46.256204+00:00,bruteforce_ssh_v1,bruteforce_ssh_v1__run_001,initial_access,T1110.001,24,1,-0.0,1.0,0.0103,27333.35,28927.79,0.8693,240,254,0.3126,0.8568,0.2526,0.0175,0.3052,12,7,1,3,0,0,0.9447,113.89,29.23,167.68,8623.36,8382.77,0,0.0,1.7925,0,1
2026-09-09T15:16:51.256204+00:00,bruteforce_ssh_v1,bruteforce_ssh_v1__run_001,initial_access,T1110.001,18,1,-0.0,1.0,0.0,17846.09,18589.68,0.8982,144,150,0.3527,0.4685,0.29,0.0185,0.3455,10,5,0,3,0,0,0.9583,123.93,25.54,163.63,8210.8,8811.4,0,0.0469,0.8226,0,1
2026-09-09T15:16:56.256204+00:00,bruteforce_ssh_v1,bruteforce_ssh_v1__run_001,initial_access,T1110.001,19,1,-0.0,0.9683,0.0,6901.45,9444.1,0.8403,57,78,0.136,0.1658,0.2454,0.027,0.3264,10,5,0,3,1,0,0.7307,121.08,37.68,191.22,8473.71,9787.37,0,0.0,1.3042,0,3
2026-09-09T15:17:01.256204+00:00,bruteforce_ssh_v1,bruteforce_ssh_v1__run_001,initial_access,T1110.001,16,1,-0.0,0.9911,0.0323,14642.16,13727.02,0.8978,112,105,0.2582,0.6303,0.2767,0.0383,0.3917,9,5,0,2,0,0,1.0619,130.73,34.35,218.21,8857.43,6878.77,0,0.0029,1.7168,0,0
2026-09-09T15:17:06.256204+00:00,bruteforce_ssh_v1,bruteforce_ssh_v1__run_001,initial_access,T1110.001,27,1,-0.0,1.0,0.0,23962.4,25864.18,0.8899,189,204,0.2527,0.481,0.1785,0.0193,0.2363,15,8,0,3,0,0,0.9257,126.79,46.84,249.05,8911.15,9324.67,0,0.0106,1.165,0,0
2026-09-09T15:17:11.256204+00:00,bruteforce_ssh_v1,bruteforce_ssh_v1__run_001,initial_access,T1110.001,25,1,-0.0,1.0,0.0202,8809.78,13978.18,0.9099,75,119,0.1774,0.3791,0.2762,0.0312,0.3699,13,8,1,3,0,0,0.6295,117.46,28.18,174.31,7894.74,7125.79,0,0.0,0.603,0,0
2026-09-09T15:17:16.256204+00:00,bruteforce_ssh_v1,bruteforce_ssh_v1__run_001,initial_access,T1110.001,24,1,-0.0,1.0,0.0087,9136.69,9136.69,0.9216,72,72,0.3197,0.4435,0.2789,0.0237,0.3501,12,7,1,4,0,0,0.9901,126.9,45.97,238.49,8593.45,6485.39,0,0.0244,0.0,0,0
2026-09-09T15:17:21.256204+00:00,bruteforce_ssh_v1,bruteforce_ssh_v1__run_001,initial_access,T1110.001,17,1,-0.0,0.9866,0.0474,12615.63,13976.14,0.8561,102,113,0.1782,0.3126,0.2278,0.0245,0.3015,9,5,0,2,1,0,0.8959,123.68,40.6,196.96,8007.44,7584.51,0,0.0307,1.672,0,0
2026-09-09T15:17:26.256204+00:00,bruteforce_ssh_v1,bruteforce_ssh_v1__run_001,initial_access,T1110.001,12,1,-0.0,0.9863,0.0,3959.68,6049.51,0.8256,36,55,0.1463,0.4113,0.2868,0.041,0.4099,6,3,0,1,0,0,0.6476,109.99,21.11,144.8,9247.05,7044.32,0,0.0275,0.9979,0,1
2026-09-09T15:17:31.256204+00:00,bruteforce_ssh_v1,bruteforce_ssh_v1__run_001,initial_access,T1110.001,36,1,-0.0,1.0,0.0282,24156.11,19570.92,0.8972,216,175,0.2278,0.667,0.282,0.041,0.4049,20,11,0,6,2,0,1.2313,111.83,26.74,180.29,7731.6,8852.61,1,0.0439,1.4793,0,3
2026-09-09T15:17:36.256204+00:00,bruteforce_ssh_v1,bruteforce_ssh_v1__run_001,initial_access,T1110.001,21,1,-0.0,0.961,0.0161,27514.77,30135.22,0.8285,231,253,0.2036,0.4449,0.2467,0.0204,0.308,12,6,0,2,0,0,0.9121,119.11,40.63,274.45,6775.39,7665.49,0,0.0,1.1909,0,0
2026-09-09T15:17:41.256204+00:00,bruteforce_ssh_v1,bruteforce_ssh_v1__run_001,initial_access,T1110.001,20,1,-0.0,1.0,0.0332,9017.99,10032.51,0.8751,80,89,0.1753,0.461,0.186,0.0158,0.2334,10,6,0,2,0,0,0.8898,112.72,35.36,200.99,8340.21,8338.3,0,0.0431,0.9692,0,1
2026-09-09T15:17:46.256204+00:00,bruteforce_ssh_v1,bruteforce_ssh_v1__run_001,initial_access,T1110.001,23,1,-0.0,1.0,0.0,17745.7,17084.37,0.8978,161,155,0.2377,0.7,0.2485,0.0268,0.3289,12,7,1,4,1,0,1.037,110.22,33.91,208.91,7056.8,7833.68,0,0.0,1.6815,0,0
2026-09-09T15:17:51.256204+00:00,bruteforce_ssh_v1,bruteforce_ssh_v1__run_001,initial_access,T1110.001,21,1,-0.0,0.9912,0.0155,21264.24,24414.5,0.7942,189,217,0.2596,0.736,0.2907,0.0294,0.379,11,6,1,3,1,0,0.8684,112.51,35.58,221.49,6906.23,7871.96,0,0.0302,1.1251,0,0
2026-09-09T15:17:56.256204+00:00,bruteforce_ssh_v1,bruteforce_ssh_v1__run_001,initial_access,T1110.001,23,1,-0.0,0.961,0.037,11033.81,12113.21,0.9289,92,101,0.2271,0.5831,0.2215,0.0269,0.3021,12,7,0,3,1,0,0.9035,119.93,46.59,254.48,8142.56,6753.12,0,0.0,0.6208,0,1
2026-09-09T15:18:01.256204+00:00,bruteforce_ssh_v1,bruteforce_ssh_v1__run_001,initial_access,T1110.001,24,1,-0.0,0.9722,0.0217,17452.18,20118.49,0.9601,144,166,0.2289,0.4143,0.243,0.034,0.345,13,7,1,3,0,0,0.8646,121.2,35.65,186.35,8589.57,8568.3,0,0.0392,1.1576,0,0
2026-09-09T15:18:06.256204+00:00,bruteforce_ssh_v1,bruteforce_ssh_v1__run_001,initial_access,T1110.001,18,1,-0.0,0.9904,0.0349,11779.86,11561.71,0.9088,108,106,0.1557,0.3441,0.3212,0.0466,0.4611,9,5,0,2,0,0,1.0134,109.07,28.96,156.94,9903.67,7655.91,0,0.0353,0.6715,0,1
2026-09-09T15:18:11.256204+00:00,bruteforce_ssh_v1,bruteforce_ssh_v1__run_001,initial_access,T1110.001,24,1,-0.0,1.0,0.0126,8411.47,9696.56,0.8957,72,83,0.2458,0.7151,0.262,0.0304,0.3533,13,7,1,4,0,0,0.8627,116.83,29.61,174.76,8304.86,8481.98,0,0.0,1.3382,0,0
2026-09-09T15:18:16.256204+00:00,bruteforce_ssh_v1,bruteforce_ssh_v1__run_001,initial_access,T1110.001,23,1,-0.0,0.9729,0.0216,18616.98,19966.03,0.8719,138,148,0.3044,0.4799,0.263,0.0253,0.339,12,7,1,3,1,0,0.9299,134.91,36.76,223.82,7154.7,7894.84,0,0.0,0.0038,0,1
2026-09-09T15:18:21.256204+00:00,bruteforce_ssh_v1,bruteforce_ssh_v1__run_001,initial_access,T1110.001,16,1,-0.0,0.988,0.001,10852.36,12480.21,0.8205,80,92,0.1596,0.3845,0.278,0.0188,0.3344,8,4,0,3,0,0,0.8695,135.65,49.94,263.32,7540.29,9668.06,0,0.0569,1.0018,0,0
2026-09-09T15:18:26.256204+00:00,bruteforce_ssh_v1,bruteforce_ssh_v1__run_001,initial_access,T1110.001,23,1,-0.0,1.0,0.0106,12982.93,15099.71,0.9248,92,107,0.37,0.8039,0.2353,0.0313,0.3293,11,7,1,4,1,0,0.8536,141.12,35.74,208.1,8095.47,9485.07,0,0.0136,0.6389,0,2
2026-09-09T15:18:31.256204+00:00,bruteforce_ssh_v1,bruteforce_ssh_v1__run_001,initial_access,T1110.001,27,1,-0.0,1.0,0.0,20599.39,21362.33,0.9848,162,168,0.1163,0.2565,0.1904,0.0239,0.2622,14,7,0,4,0,0,0.9632,127.16,27.92,182.76,8136.74,7512.71,0,0.0,0.5684,0,0
2026-09-09T15:18:36.256204+00:00,bruteforce_ssh_v1,bruteforce_ssh_v1__run_001,initial_access,T1110.001,29,1,-0.0,0.9947,0.015,17148.5,20459.93,0.9143,145,173,0.307,0.5104,0.2653,0.0356,0.3721,16,8,1,4,1,0,0.8336,118.27,35.23,189.87,7490.6,6897.13,0,0.0,0.6679,0,0
2026-09-09T15:18:41.256204+00:00,bruteforce_ssh_v1,bruteforce_ssh_v1__run_001,initial_access,T1110.001,22,1,-0.0,0.9961,0.0272,11101.58,12741.59,0.8676,88,101,0.1968,0.4278,0.2817,0.0354,0.3878,11,6,1,2,1,0,0.8662,126.15,29.43,189.02,8835.51,9207.88,0,0.048,1.0664,0,1
2026-09-09T15:18:46.256204+00:00,bruteforce_ssh_v1,bruteforce_ssh_v1__run_001,initial_access,T1110.001,23,1,-0.0,0.9976,0.0,7392.89,7392.89,0.9529,69,69,0.3283,0.733,0.235,0.0194,0.2933,12,5,1,3,1,0,0.9992,107.14,43.6,233.8,9105.38,9487.79,0,0.0144,1.3435,0,1
2026-09-09T15:18:51.256204+00:00,bruteforce_ssh_v1,bruteforce_ssh_v1__run_001,initial_access,T1110.001,15,1,-0.0,0.9772,0.0002,14786.56,15913.16,0.831,105,113,0.3039,0.6789,0.2712,0.0312,0.365,8,4,1,2,0,0,0.9269,140.82,51.93,314.84,7584.7,7995.27,0,0.0789,0.8978,0,0
2026-09-09T15:18:56.256204+00:00,bruteforce_ssh_v1,bruteforce_ssh_v1__run_001,initial_access,T1110.001,22,1,-0.0,1.0,0.0,13935.69,19003.22,0.8178,110,150,0.2734,0.5244,0.281,0.0371,0.3922,12,6,0,3,0,0,0.7333,126.69,49.69,294.71,9875.37,9762.7,0,0.0223,0.9214,0,0
2026-09-09T15:19:01.256204+00:00,bruteforce_ssh_v1,bruteforce_ssh_v1__run_001,initial_access,T1110.001,18,1,-0.0,0.9987,0.0024,5871.04,7067.0,0.8472,54,65,0.3039,0.6137,0.2278,0.0239,0.2994,9,4,0,2,0,0,0.8288,108.72,33.58,171.51,6468.59,8958.65,0,0.0055,0.0,0,1
2026-09-09T15:19:06.256204+00:00,bruteforce_ssh_v1,bruteforce_ssh_v1__run_001,initial_access,T1110.001,13,1,-0.0,1.0,0.0068,6530.16,5927.37,0.8581,65,59,0.2066,0.2952,0.2385,0.0213,0.3023,7,4,0,2,0,0,1.0846,100.46,31.05,170.6,8563.41,7119.4,0,0.0,1.0738,0,1
2026-09-09T15:19:11.256204+00:00,bruteforce_ssh_v1,bruteforce_ssh_v1__run_001,initial_access,T1110.001,11,1,-0.0,0.9325,0.0765,2541.37,2656.88,0.8681,22,23,0.163,0.2492,0.2195,0.0328,0.318,6,3,0,1,0,0,0.9421,115.52,29.23,156.69,6501.18,7845.24,0,0.0686,0.8372,0,0
2026-09-09T15:19:16.256204+00:00,bruteforce_ssh_v1,bruteforce_ssh_v1__run_001,initial_access,T1110.001,10,1,-0.0,0.9978,0.0102,8788.94,8537.83,0.8875,70,68,0.3514,0.9422,0.2701,0.0312,0.3638,5,3,0,1,0,0,1.0254,125.56,37.12,200.93,6832.38,8242.51,0,0.0513,0.6768,0,0
2026-09-09T15:19:21.256204+00:00,bruteforce_ssh_v1,bruteforce_ssh_v1__run_001,initial_access,T1110.001,29,1,-0.0,0.9553,0.0577,19381.45,18579.46,0.9648,145,139,0.2364,0.4842,0.284,0.0218,0.3495,15,8,1,4,1,0,1.0374,133.67,43.49,238.11,7990.62,6098.85,0,0.0367,1.3264,0,0
2026-09-09T15:19:26.256204+00:00,bruteforce_ssh_v1,bruteforce_ssh_v1__run_001,initial_access,T1110.001,16,1,-0.0,1.0,0.0,9378.54,9495.77,0.8738,80,81,0.2084,0.4567,0.2362,0.0159,0.2838,8,4,0,2,0,0,0.9827,117.23,34.54,166.75,7554.54,9175.64,0,0.0305,0.7701,0,0
2026-09-09T15:19:31.256204+00:00,bruteforce_ssh_v1,bruteforce_ssh_v1__run_001,initial_access,T1110.001,13,1,-0.0,1.0,0.0,11583.42,14638.39,0.8128,91,115,0.2495,0.6766,0.2364,0.0255,0.3129,7,4,0,1,0,0,0.7859,127.29,34.62,210.79,7778.2,8215.19,0,0.0434,0.3568,0,1
2026-09-09T15:19:36.256204+00:00,bruteforce_ssh_v1,bruteforce_ssh_v1__run_001,initial_access,T1110.001,18,1,-0.0,0.9708,0.0142,12702.82,16819.48,0.8723,108,143,0.2734,0.5405,0.2547,0.0134,0.2951,9,5,0,2,0,0,0.7551,117.62,28.68,187.89,9124.99,8858.32,0,0.0394,0.6621,0,1
2026-09-09T15:19:41.256204+00:00,bruteforce_ssh_v1,bruteforce_ssh_v1__run_001,initial_access,T1110.001,12,1,-0.0,0.959,0.0544,11882.46,14633.03,0.8878,108,133,0.254,0.6601,0.25,0.0296,0.3389,6,3,0,1,0,0,0.8118,110.02,30.88,173.38,8074.69,7995.68,0,0.0144,1.3309,0,0
2026-09-09T15:19:46.256204+00:00,bruteforce_ssh_v1,bruteforce_ssh_v1__run_001,initial_access,T1110.001,21,1,-0.0,0.9725,0.0608,12239.7,13055.68,0.887,105,112,0.2046,0.5715,0.2679,0.0256,0.3447,11,6,0,3,1,0,0.9324,116.57,44.45,244.78,8525.72,7469.5,0,0.0553,0.3762,0,1
2026-09-09T15:19:51.256204+00:00,bruteforce_ssh_v1,bruteforce_ssh_v1__run_001,initial_access,T1110.001,23,1,-0.0,0.9768,0.0149,13696.17,17149.99,0.8412,115,144,0.1442,0.4273,0.2779,0.0229,0.3468,13,6,0,4,0,0,0.7935,119.1,46.75,247.3,8603.37,8638.03,0,0.0,1.2137,0,0
2026-09-09T15:19:56.256204+00:00,bruteforce_ssh_v1,bruteforce_ssh_v1__run_001,initial_access,T1110.001,22,1,-0.0,0.9901,0.0221,5463.7,6581.28,1.0,44,53,0.1703,0.2504,0.2911,0.0248,0.3655,12,6,0,3,1,0,0.8214,124.18,55.84,330.93,6843.61,9571.96,0,0.0475,1.1091,0,0
2026-09-09T15:20:01.256204+00:00,bruteforce_ssh_v1,bruteforce_ssh_v1__run_001,initial_access,T1110.001,19,1,-0.0,0.9475,0.0647,9242.29,11674.47,0.9191,76,96,0.3554,1.0029,0.264,0.0281,0.3482,10,5,0,2,1,0,0.7882,121.61,34.71,199.89,7301.0,8839.88,0,0.0392,0.6726,0,1
2026-09-09T15:20:06.256204+00:00,bruteforce_ssh_v1,bruteforce_ssh_v1__run_001,initial_access,T1110.001,19,1,-0.0,0.9792,0.0284,14283.1,16914.2,0.9119,114,135,0.2895,0.6947,0.2717,0.0219,0.3374,10,5,0,2,0,0,0.8443,125.29,37.92,193.19,6660.88,9085.47,0,0.0,1.2605,0,1
2026-09-09T15:20:11.256204+00:00,bruteforce_ssh_v1,bruteforce_ssh_v1__run_001,initial_access,T1110.001,28,1,-0.0,1.0,0.0,15376.42,22295.81,0.937,140,203,0.2361,0.4363,0.2217,0.0213,0.2856,14,7,1,4,0,0,0.6885,109.83,37.38,203.0,9194.35,7230.55,0,0.0,0.4233,0,2
2026-09-09T15:20:16.256204+00:00,bruteforce_ssh_v1,bruteforce_ssh_v1__run_001,initial_access,T1110.001,25,1,-0.0,0.9497,0.0457,21588.26,26121.79,1.0,200,242,0.1668,0.2392,0.2114,0.0262,0.2899,13,7,0,4,0,0,0.8237,107.94,36.56,189.16,7057.46,7542.91,0,0.0,1.246,0,1
2026-09-09T15:20:21.256204+00:00,bruteforce_ssh_v1,bruteforce_ssh_v1__run_001,initial_access,T1110.001,26,1,-0.0,0.9943,0.0,23989.44,32161.67,0.8502,182,244,0.2824,0.7886,0.2262,0.0229,0.295,14,7,1,3,0,0,0.7449,131.81,36.23,221.43,7534.88,6630.43,0,0.0285,0.9721,0,2
2026-09-09T15:20:26.256204+00:00,bruteforce_ssh_v1,bruteforce_ssh_v1__run_001,initial_access,T1110.001,13,1,-0.0,1.0,0.0,4489.38,8863.64,0.8547,39,77,0.1822,0.5457,0.269,0.0379,0.3826,6,3,0,1,0,0,0.5055,115.11,39.31,192.73,7817.94,7617.11,0,0.0125,0.2169,0,1
2026-09-09T15:20:31.256204+00:00,bruteforce_ssh_v1,bruteforce_ssh_v1__run_001,initial_access,T1110.001,26,1,-0.0,1.0,0.0,8762.89,10111.03,0.8825,78,90,0.263,0.4584,0.2721,0.0371,0.3833,14,8,1,3,1,0,0.865,112.34,34.23,188.91,9512.04,9039.31,0,0.0568,1.5396,0,1
2026-09-09T15:20:36.256204+00:00,bruteforce_ssh_v1,bruteforce_ssh_v1__run_001,initial_access,T1110.001,15,1,-0.0,0.9896,0.0,6901.65,7821.87,0.8814,60,68,0.1279,0.2469,0.2421,0.0334,0.3422,8,4,0,2,1,0,0.8736,115.03,36.17,198.01,7216.34,8426.85,0,0.0285,1.3898,0,0
2026-09-09T15:20:41.256204+00:00,bruteforce_ssh_v1,bruteforce_ssh_v1__run_001,initial_access,T1110.001,15,1,-0.0,1.0,0.0467,15339.28,18975.26,0.8847,135,167,0.187,0.5511,0.2663,0.0162,0.3148,8,4,1,2,0,0,0.8046,113.62,28.62,163.48,8160.52,8292.45,0,0.0126,0.7219,0,1
2026-09-09T15:20:46.256204+00:00,bruteforce_ssh_v1,bruteforce_ssh_v1__run_001,initial_access,T1110.001,20,1,-0.0,1.0,0.0,16390.99,16117.8,0.9286,120,118,0.1349,0.2781,0.2635,0.0395,0.3821,11,5,0,2,1,0,1.0131,136.59,44.88,231.45,5851.48,8010.17,0,0.0,0.3397,0,0
2026-09-09T15:20:51.256204+00:00,bruteforce_ssh_v1,bruteforce_ssh_v1__run_001,initial_access,T1110.001,18,1,-0.0,0.9835,0.0,8257.97,9978.38,0.9184,72,87,0.1782,0.3168,0.2419,0.036,0.3499,9,5,1,2,0,0,0.8244,114.69,39.22,220.7,6975.65,6161.45,0,0.0729,0.9685,0,1
2026-09-09T15:20:56.256204+00:00,bruteforce_ssh_v1,bruteforce_ssh_v1__run_001,initial_access,T1110.001,24,1,-0.0,0.9968,0.0051,23462.1,19551.75,0.915,192,160,0.2035,0.4726,0.2688,0.0165,0.3184,12,7,1,4,0,0,1.1957,122.2,40.77,194.09,8251.76,8270.34,0,0.0151,1.4862,0,0
2026-09-09T15:21:01.256204+00:00,bruteforce_ssh_v1,bruteforce_ssh_v1__run_001,initial_access,T1110.001,11,1,-0.0,0.9946,0.0,5276.66,3837.57,0.8008,44,32,0.1955,0.2629,0.2511,0.0161,0.2994,5,3,0,1,0,0,1.3602,119.92,30.58,164.03,7911.47,9218.23,0,0.0704,0.3883,0,0
2026-09-09T15:21:06.256204+00:00,bruteforce_ssh_v1,bruteforce_ssh_v1__run_001,initial_access,T1110.001,20,1,-0.0,0.9808,0.0283,13329.79,12929.9,0.8966,100,97,0.315,0.942,0.2819,0.0288,0.3683,10,6,0,2,0,0,1.0211,133.3,37.36,242.55,9131.44,8657.51,0,0.0512,1.2014,0,0
2026-09-09T15:21:11.256204+00:00,bruteforce_ssh_v1,bruteforce_ssh_v1__run_001,initial_access,T1110.001,17,1,-0.0,1.0,0.0032,20370.22,24098.1,0.8718,153,181,0.3152,0.7925,0.2078,0.0308,0.3002,9,5,0,2,0,0,0.8445,133.14,44.55,200.95,5908.3,7188.13,0,0.0248,0.8726,0,3
2026-09-09T15:21:16.256204+00:00,bruteforce_ssh_v1,bruteforce_ssh_v1__run_001,initial_access,T1110.001,16,1,-0.0,0.9844,0.0419,12373.31,11047.6,0.8682,112,100,0.2596,0.7013,0.2871,0.0405,0.4087,9,5,0,2,0,0,1.1192,110.48,32.93,187.61,7871.59,9068.64,0,0.0,1.0626,0,2
2026-09-09T15:21:21.256204+00:00,bruteforce_ssh_v1,bruteforce_ssh_v1__run_001,initial_access,T1110.001,22,1,-0.0,0.968,0.0199,16801.07,17564.76,0.9283,132,138,0.1995,0.2929,0.2765,0.039,0.3935,11,7,1,2,0,0,0.9497,127.28,38.16,227.68,8499.56,7205.09,0,0.0016,1.021,0,2
2026-09-09T15:21:26.256204+00:00,bruteforce_ssh_v1,bruteforce_ssh_v1__run_001,initial_access,T1110.001,21,1,-0.0,1.0,0.0232,8219.54,8610.95,0.9077,63,66,0.2174,0.3217,0.2123,0.014,0.2544,11,7,0,3,0,0,0.9435,130.47,55.53,242.05,8751.42,9365.99,0,0.0322,1.3321,0,0
2026-09-09T15:21:31.256204+00:00,bruteforce_ssh_v1,bruteforce_ssh_v1__run_001,initial_access,T1110.001,19,1,-0.0,1.0,0.0415,9507.98,9633.08,0.8418,76,77,0.3354,0.4857,0.2827,0.0311,0.3761,10,5,0,2,1,0,0.9793,125.1,38.44,200.64,9387.02,10257.91,0,0.0,0.6637,0,0
2026-09-09T15:21:36.256204+00:00,bruteforce_ssh_v1,bruteforce_ssh_v1__run_001,initial_access,T1110.001,18,1,-0.0,0.9811,0.0654,6609.1,6241.93,0.8992,54,51,0.1952,0.2481,0.2292,0.0322,0.3257,9,5,0,2,0,0,1.0502,122.39,39.61,209.65,8861.0,6802.72,0,0.0105,0.9122,0,0
2026-09-09T15:21:41.256204+00:00,bruteforce_ssh_v1,bruteforce_ssh_v1__run_001,initial_access,T1110.001,18,1,-0.0,1.0,0.0049,21061.07,24311.23,0.9138,162,187,0.3825,1.034,0.244,0.0168,0.2944,10,5,1,2,1,0,0.8655,130.01,48.38,284.11,7293.0,7957.35,0,0.007,0.567,0,0
2026-09-09T15:21:46.256204+00:00,bruteforce_ssh_v1,bruteforce_ssh_v1__run_001,initial_access,T1110.001,21,1,-0.0,0.9675,0.0327,9367.33,9478.84,0.8933,84,85,0.2349,0.4335,0.2865,0.0377,0.3997,12,6,1,3,1,0,0.9863,111.52,22.67,158.23,6494.57,8511.4,0,0.0039,2.0207,0,0
2026-09-09T15:21:51.256204+00:00,bruteforce_ssh_v1,bruteforce_ssh_v1__run_001,initial_access,T1110.001,21,1,-0.0,1.0,0.0114,12811.04,13177.07,0.8511,105,108,0.3986,1.1419,0.252,0.0135,0.2924,11,5,2,3,0,0,0.9703,122.01,35.48,211.52,7920.67,7064.95,0,0.0,0.5474,0,3
2026-09-09T15:21:56.256204+00:00,bruteforce_ssh_v1,bruteforce_ssh_v1__run_001,initial_access,T1110.001,16,1,-0.0,1.0,0.0,12390.08,15358.54,0.8306,96,119,0.2053,0.6095,0.2282,0.0136,0.2691,8,5,0,2,1,0,0.8042,129.06,53.42,261.85,7547.61,8691.45,0,0.0519,0.3794,0,2
2026-09-09T15:22:01.256204+00:00,bruteforce_ssh_v1,bruteforce_ssh_v1__run_001,initial_access,T1110.001,14,1,-0.0,1.0,0.0204,3112.77,4891.5,0.9072,28,44,0.3709,0.906,0.2244,0.0248,0.2987,7,4,0,1,1,0,0.6322,111.17,27.43,164.72,7782.18,7608.87,0,0.0357,1.7773,0,0
2026-09-09T15:22:06.256204+00:00,bruteforce_ssh_v1,bruteforce_ssh_v1__run_001,initial_access,T1110.001,15,1,-0.0,1.0,0.0058,9628.57,9500.19,0.8515,75,74,0.2141,0.5373,0.2412,0.0343,0.3443,8,4,0,2,0,0,1.0042,128.38,50.73,281.52,8296.79,9984.98,0,0.0,0.9945,0,1
2026-09-09T15:22:11.256204+00:00,bruteforce_ssh_v1,bruteforce_ssh_v1__run_001,initial_access,T1110.001,14,1,-0.0,1.0,0.0,9894.07,13427.66,0.9511,84,114,0.3602,1.0262,0.2975,0.0249,0.3722,8,4,0,1,0,0,0.7307,117.79,41.9,226.98,8678.23,9419.32,0,0.0156,2.1035,0,3
2026-09-09T15:22:16.256204+00:00,bruteforce_ssh_v1,bruteforce_ssh_v1__run_001,initial_access,T1110.001,16,1,-0.0,1.0,0.0102,11942.12,11622.24,0.9034,112,109,0.196,0.4986,0.2633,0.0276,0.3462,8,4,0,2,1,0,1.0267,106.63,26.75,153.29,6126.73,7705.11,0,0.0005,1.1526,0,0
2026-09-09T15:22:21.256204+00:00,bruteforce_ssh_v1,bruteforce_ssh_v1__run_001,initial_access,T1110.001,19,1,-0.0,0.9855,0.0047,4379.67,4725.44,0.9128,38,41,0.3569,0.8235,0.2286,0.0298,0.3179,10,5,1,3,0,0,0.9084,115.25,27.8,172.76,7518.05,6598.93,0,0.0,1.2216,0,0
2026-09-09T15:22:26.256204+00:00,bruteforce_ssh_v1,bruteforce_ssh_v1__run_001,initial_access,T1110.001,22,1,-0.0,1.0,0.0,11928.5,10410.32,0.8459,110,96,0.2622,0.7173,0.2301,0.0282,0.3148,12,6,1,3,1,0,1.1422,108.44,44.01,207.58,6819.07,6571.54,0,0.0,1.2945,0,1
2026-09-09T15:22:31.256204+00:00,bruteforce_ssh_v1,bruteforce_ssh_v1__run_001,initial_access,T1110.001,24,1,-0.0,0.9946,0.0315,19632.41,18697.54,0.8768,168,160,0.3038,0.6608,0.3128,0.024,0.3847,13,8,1,3,1,0,1.0487,116.86,40.76,239.59,8511.08,8684.58,0,0.0,0.669,0,0
2026-09-09T15:22:36.256204+00:00,bruteforce_ssh_v1,bruteforce_ssh_v1__run_001,initial_access,T1110.001,26,1,-0.0,0.9842,0.0248,26346.64,39646.63,0.9109,208,313,0.1983,0.368,0.261,0.0344,0.3642,14,7,1,3,1,0,0.6645,126.67,38.75,230.71,7890.07,7796.45,0,0.0,1.2028,0,1
2026-09-09T15:22:41.256204+00:00,bruteforce_ssh_v1,bruteforce_ssh_v1__run_001,initial_access,T1110.001,21,1,-0.0,1.0,0.0224,16454.91,21939.88,0.8202,147,196,0.1916,0.2673,0.2793,0.0349,0.3842,12,6,0,3,1,0,0.7485,111.94,24.31,152.93,7278.2,9463.19,0,0.0,1.7103,0,1
2026-09-09T15:22:46.256204+00:00,bruteforce_ssh_v1,bruteforce_ssh_v1__run_001,initial_access,T1110.001,14,1,-0.0,0.9965,0.0,9563.26,10360.2,0.8263,84,91,0.1232,0.2128,0.2481,0.0245,0.3216,7,4,0,2,0,0,0.9219,113.85,28.31,174.0,8306.98,7003.87,0,0.039,0.7196,0,1
2026-09-09T15:22:51.256204+00:00,bruteforce_ssh_v1,bruteforce_ssh_v1__run_001,initial_access,T1110.001,20,1,-0.0,0.9944,0.02,8179.46,8588.43,0.9376,60,63,0.1534,0.4479,0.2251,0.0311,0.3184,10,6,1,2,0,0,0.9434,136.32,53.12,275.91,9312.6,6955.23,0,0.0,0.3106,0,0
2026-09-09T15:22:56.256204+00:00,bruteforce_ssh_v1,bruteforce_ssh_v1__run_001,initial_access,T1110.001,16,1,-0.0,0.9758,0.025,13880.91,16483.58,0.9177,112,133,0.3299,0.6245,0.2339,0.0231,0.3031,8,5,0,2,0,0,0.8373,123.94,40.22,207.7,9237.33,9455.96,0,0.0498,0.7583,0,1
2026-09-09T15:23:01.256204+00:00,bruteforce_ssh_v1,bruteforce_ssh_v1__run_001,initial_access,T1110.001,24,1,-0.0,1.0,0.0131,26332.54,30023.08,0.9609,264,301,0.274,0.7645,0.2405,0.016,0.2885,12,7,1,3,2,0,0.875,99.74,32.43,178.19,6414.76,7507.83,1,0.0,0.9507,0,1
2026-09-09T15:23:06.256204+00:00,bruteforce_ssh_v1,bruteforce_ssh_v1__run_001,initial_access,T1110.001,26,1,-0.0,1.0,0.0,32812.78,27764.66,0.9832,260,220,0.2442,0.3759,0.2136,0.0153,0.2595,13,7,1,3,1,0,1.1796,126.2,37.68,225.48,9403.44,10751.69,0,0.0132,1.4671,0,1
2026-09-09T15:23:11.256204+00:00,bruteforce_ssh_v1,bruteforce_ssh_v1__run_001,initial_access,T1110.001,18,1,-0.0,1.0,0.0,13203.7,10391.8,0.911,108,85,0.2954,0.678,0.2786,0.0233,0.3485,10,5,0,3,1,0,1.2567,122.26,51.1,266.39,7826.55,8723.0,0,0.0058,2.0054,0,1
2026-09-09T15:23:16.256204+00:00,bruteforce_ssh_v1,bruteforce_ssh_v1__run_001,initial_access,T1110.001,14,1,-0.0,0.9866,0.0002,11101.51,11894.48,0.9525,98,105,0.1382,0.2534,0.2232,0.027,0.3041,8,4,0,1,0,0,0.9331,113.28,15.75,130.82,9714.46,6415.59,0,0.0,0.7726,0,1
2026-09-09T15:23:21.256204+00:00,bruteforce_ssh_v1,bruteforce_ssh_v1__run_001,initial_access,T1110.001,15,1,-0.0,1.0,0.0,5384.57,5384.57,0.8888,45,45,0.2387,0.6861,0.2808,0.0343,0.3836,8,4,0,2,0,0,0.9998,119.66,31.83,178.45,8283.2,8828.89,0,0.0395,1.5356,0,1
2026-09-09T15:23:26.256204+00:00,bruteforce_ssh_v1,bruteforce_ssh_v1__run_001,initial_access,T1110.001,21,1,-0.0,1.0,0.0,7718.83,9189.08,0.9058,63,75,0.3302,0.4337,0.2932,0.0326,0.3909,12,6,1,3,1,0,0.8316,122.52,38.85,232.96,8454.04,8414.37,0,0.075,0.9243,0,0
2026-09-09T15:23:31.256204+00:00,bruteforce_ssh_v1,bruteforce_ssh_v1__run_001,initial_access,T1110.001,25,1,-0.0,1.0,0.0,11788.16,8723.24,0.8261,100,74,0.2611,0.5093,0.228,0.0158,0.2753,13,7,1,4,2,0,1.3399,117.88,35.98,203.12,7557.54,7548.44,1,0.0089,1.5679,0,2
2026-09-09T15:23:36.256204+00:00,bruteforce_ssh_v1,bruteforce_ssh_v1__run_001,initial_access,T1110.001,17,1,-0.0,0.9939,0.0,9508.45,6711.85,0.9338,68,48,0.1733,0.2763,0.2381,0.0226,0.3059,9,5,1,2,0,0,1.4104,139.83,63.48,312.82,9254.09,6800.43,0,0.0067,0.7006,0,1
2026-09-09T15:23:41.256204+00:00,bruteforce_ssh_v1,bruteforce_ssh_v1__run_001,initial_access,T1110.001,20,1,-0.0,1.0,0.0,12982.5,13198.87,0.7793,120,122,0.2602,0.4442,0.2515,0.0192,0.3092,10,5,0,3,0,0,0.9792,108.19,33.97,172.63,9036.1,9338.2,0,0.0454,0.5167,0,0
2026-09-09T15:23:46.256204+00:00,bruteforce_ssh_v1,bruteforce_ssh_v1__run_001,initial_access,T1110.001,24,1,-0.0,1.0,0.0,20036.72,18963.32,0.828,168,159,0.28,0.5505,0.2935,0.019,0.3505,12,6,1,3,1,0,1.0505,119.27,37.21,218.04,9128.7,10228.4,0,0.0514,1.3961,0,0
2026-09-09T15:23:51.256204+00:00,bruteforce_ssh_v1,bruteforce_ssh_v1__run_001,initial_access,T1110.001,19,1,-0.0,0.994,0.0,21886.09,37372.74,0.9306,171,292,0.2656,0.6957,0.2537,0.0222,0.3203,10,5,0,3,1,0,0.5854,127.99,44.18,232.2,8941.8,8081.67,0,0.0118,1.1473,0,0
2026-09-09T15:23:56.256204+00:00,bruteforce_ssh_v1,bruteforce_ssh_v1__run_001,initial_access,T1110.001,14,1,-0.0,1.0,0.0299,7210.44,6437.89,0.9577,56,50,0.153,0.4522,0.2372,0.0166,0.287,7,4,0,1,0,0,1.1138,128.76,35.05,184.84,9021.67,8273.11,0,0.0,0.245,0,0
2026-09-09T15:24:01.256204+00:00,bruteforce_ssh_v1,bruteforce_ssh_v1__run_001,initial_access,T1110.001,23,1,-0.0,1.0,0.007,16680.67,17889.41,0.9398,138,148,0.297,0.5184,0.1961,0.0191,0.2535,12,6,1,3,1,0,0.9298,120.87,35.39,194.4,8058.23,7880.44,0,0.0473,1.1345,0,2
2026-09-09T15:24:06.256204+00:00,bruteforce_ssh_v1,bruteforce_ssh_v1__run_001,initial_access,T1110.001,17,1,-0.0,1.0,0.0,6073.21,6073.21,0.8558,51,51,0.3374,0.4273,0.306,0.0189,0.3626,9,5,0,3,0,0,0.9859,119.08,50.62,237.02,8012.65,7226.9,0,0.0,1.4631,0,0
2026-09-09T15:24:11.256204+00:00,bruteforce_ssh_v1,bruteforce_ssh_v1__run_001,initial_access,T1110.001,15,1,-0.0,0.9795,0.0347,28498.48,25411.15,0.9582,240,214,0.2071,0.2828,0.2344,0.0306,0.3261,8,4,0,2,0,0,1.1165,118.74,32.29,173.78,9970.72,8535.91,0,0.0405,0.5744,0,0
2026-09-09T15:24:16.256204+00:00,bruteforce_ssh_v1,bruteforce_ssh_v1__run_001,initial_access,T1110.001,25,1,-0.0,1.0,0.0454,15380.42,12919.55,0.8793,125,105,0.305,0.8195,0.2387,0.0181,0.2929,14,6,0,3,0,0,1.1802,123.04,40.02,210.07,9179.34,9117.63,0,0.0959,1.5388,0,0
2026-09-09T15:24:21.256204+00:00,bruteforce_ssh_v1,bruteforce_ssh_v1__run_001,initial_access,T1110.001,25,1,-0.0,1.0,0.0315,23636.25,35099.83,0.9232,200,297,0.2699,0.3671,0.2603,0.0277,0.3433,13,8,1,3,1,0,0.6712,118.18,29.46,186.71,6016.27,6870.77,0,0.0106,1.2376,0,1
2026-09-09T15:24:26.256204+00:00,bruteforce_ssh_v1,bruteforce_ssh_v1__run_001,initial_access,T1110.001,14,1,-0.0,1.0,0.0,9984.07,12123.51,0.9481,84,102,0.1631,0.2371,0.2413,0.0299,0.331,7,4,0,2,1,0,0.8169,118.86,39.69,177.87,8711.13,7397.18,0,0.1412,1.479,0,0
2026-09-09T15:24:31.256204+00:00,bruteforce_ssh_v1,bruteforce_ssh_v1__run_001,initial_access,T1110.001,21,1,-0.0,0.9876,0.0,14931.35,13103.02,0.8904,147,129,0.2442,0.6864,0.2651,0.0309,0.3578,11,5,0,3,1,0,1.1325,101.57,22.19,139.88,8724.26,8245.66,0,0.0,0.6704,0,0
2026-09-09T15:24:36.256204+00:00,bruteforce_ssh_v1,bruteforce_ssh_v1__run_001,initial_access,T1110.001,20,1,-0.0,0.9864,0.0224,7430.98,7307.13,0.9188,60,59,0.2315,0.3713,0.193,0.0115,0.2276,11,6,0,2,0,0,1.0054,123.85,46.14,236.36,4860.54,7642.45,0,0.0,0.5283,0,1
2026-09-09T15:24:41.256204+00:00,bruteforce_ssh_v1,bruteforce_ssh_v1__run_001,initial_access,T1110.001,21,1,-0.0,1.0,0.0,7784.21,7413.53,0.9192,63,60,0.329,0.423,0.2683,0.0135,0.3088,10,6,0,2,1,0,1.0387,123.56,46.06,271.34,9188.87,9525.78,0,0.052,0.5329,0,0
2026-09-09T15:24:46.256204+00:00,bruteforce_ssh_v1,bruteforce_ssh_v1__run_001,initial_access,T1110.001,21,1,-0.0,0.9558,0.0283,16531.34,15875.34,0.8956,126,121,0.2395,0.5444,0.2103,0.012,0.2462,11,5,1,3,0,0,1.0383,131.2,40.81,210.85,8594.39,9140.23,0,0.0602,0.3213,0,1
2026-09-09T15:24:51.256204+00:00,bruteforce_ssh_v1,bruteforce_ssh_v1__run_001,initial_access,T1110.001,23,1,-0.0,1.0,0.0121,20923.49,30800.42,0.878,161,237,0.2208,0.318,0.199,0.0182,0.2536,11,6,1,3,0,0,0.6767,129.96,31.62,189.76,7677.56,7736.07,0,0.0398,1.0496,0,1
2026-09-09T15:24:56.256204+00:00,bruteforce_ssh_v1,bruteforce_ssh_v1__run_001,initial_access,T1110.001,21,1,-0.0,1.0,0.0,16682.92,19860.62,0.8253,126,150,0.3094,0.5337,0.2553,0.0342,0.3578,11,5,0,3,0,0,0.8379,132.4,62.71,335.52,6902.13,9478.0,0,0.0194,0.5794,0,0
2026-09-09T15:25:01.256204+00:00,bruteforce_ssh_v1,bruteforce_ssh_v1__run_001,initial_access,T1110.001,17,1,-0.0,0.9997,0.0376,16157.47,17464.32,0.8765,136,147,0.321,0.9025,0.2456,0.0341,0.348,9,5,0,2,0,0,0.9225,118.8,40.05,206.86,8877.33,8479.38,0,0.0,0.979,0,0
2026-09-09T15:25:06.256204+00:00,bruteforce_ssh_v1,bruteforce_ssh_v1__run_001,initial_access,T1110.001,19,1,-0.0,1.0,0.0,14253.13,13753.02,0.9159,114,110,0.1824,0.4505,0.3424,0.0214,0.4065,10,5,1,3,0,0,1.0334,125.03,51.1,257.0,7885.09,7100.95,0,0.0,0.3877,0,2
2026-09-09T15:25:11.256204+00:00,bruteforce_ssh_v1,bruteforce_ssh_v1__run_001,initial_access,T1110.001,22,1,-0.0,1.0,0.0,13614.81,10520.53,0.8382,110,85,0.2775,0.3837,0.2889,0.0373,0.4007,12,7,0,3,0,0,1.2791,123.77,45.18,226.19,9519.69,9589.87,0,0.0183,1.2392,0,1
2026-09-09T15:25:16.256204+00:00,bruteforce_ssh_v1,bruteforce_ssh_v1__run_001,initial_access,T1110.001,23,1,-0.0,1.0,0.0,10567.47,10567.47,0.9768,92,92,0.2625,0.734,0.2289,0.0175,0.2814,12,6,0,3,1,0,0.9964,114.86,33.57,187.16,8249.05,7721.59,0,0.0123,1.6606,0,4
2026-09-09T15:25:21.256204+00:00,bruteforce_ssh_v1,bruteforce_ssh_v1__run_001,initial_access,T1110.001,25,1,-0.0,0.963,0.0158,30823.17,37111.09,0.8915,250,301,0.1879,0.4046,0.2466,0.0335,0.3473,14,7,1,4,1,0,0.8295,123.29,38.05,231.01,7047.6,7167.46,0,0.0277,0.7724,0,0
2026-09-09T15:25:26.256204+00:00,bruteforce_ssh_v1,bruteforce_ssh_v1__run_001,initial_access,T1110.001,24,1,-0.0,1.0,0.0,16396.68,15908.69,0.9005,168,163,0.2348,0.4593,0.2665,0.031,0.3596,13,8,0,3,1,0,1.0282,97.6,36.16,187.33,6711.15,8754.05,0,0.0347,1.1711,0,1
2026-09-09T15:25:31.256204+00:00,bruteforce_ssh_v1,bruteforce_ssh_v1__run_001,initial_access,T1110.001,15,1,-0.0,1.0,0.0,5362.53,7626.71,1.0,45,64,0.2607,0.7523,0.2504,0.0326,0.3483,8,4,0,2,0,0,0.6936,119.17,32.51,180.83,8768.73,7726.42,0,0.0,0.0349,0,0
2026-09-09T15:25:36.256204+00:00,bruteforce_ssh_v1,bruteforce_ssh_v1__run_001,initial_access,T1110.001,18,1,-0.0,1.0,0.0,4683.81,5594.55,0.8761,36,43,0.1255,0.1579,0.2622,0.0235,0.3328,10,5,0,2,0,0,0.8271,130.11,60.96,311.74,7751.58,8090.94,0,0.0483,0.6305,0,0
2026-09-09T15:25:41.256204+00:00,bruteforce_ssh_v1,bruteforce_ssh_v1__run_001,initial_access,T1110.001,31,1,-0.0,0.968,0.0464,27059.47,24440.81,0.8325,217,196,0.3449,0.9312,0.242,0.0329,0.3407,17,9,1,4,2,0,1.1019,124.7,46.17,248.19,9067.15,8903.99,1,0.0171,0.9059,0,0
2026-09-09T15:25:46.256204+00:00,bruteforce_ssh_v1,bruteforce_ssh_v1__run_001,initial_access,T1110.001,18,1,-0.0,1.0,0.0111,8948.26,9818.23,0.9133,72,79,0.2383,0.6717,0.2652,0.0365,0.3746,10,5,0,2,0,0,0.9038,124.28,46.19,262.08,9036.99,6856.44,0,0.0,0.6252,0,1
2026-09-09T15:25:51.256204+00:00,bruteforce_ssh_v1,bruteforce_ssh_v1__run_001,initial_access,T1110.001,18,1,-0.0,0.9955,0.0132,11499.07,12457.32,0.8562,108,117,0.1388,0.3115,0.3007,0.039,0.4177,9,5,0,2,0,0,0.9219,106.47,24.84,165.2,5752.16,8569.38,0,0.0,0.6959,0,0
2026-09-09T15:25:56.256204+00:00,bruteforce_ssh_v1,bruteforce_ssh_v1__run_001,initial_access,T1110.001,11,1,-0.0,1.0,0.013,5045.57,5962.94,0.8797,44,52,0.1811,0.377,0.2661,0.0373,0.3779,6,3,0,1,0,0,0.8318,114.67,37.34,181.64,6406.22,8035.07,0,0.0442,1.7973,0,0
2026-09-09T15:26:01.256204+00:00,bruteforce_ssh_v1,bruteforce_ssh_v1__run_001,initial_access,T1110.001,31,1,-0.0,0.9938,0.0148,45839.6,56560.15,0.8665,372,459,0.2113,0.3912,0.225,0.0278,0.3083,16,8,2,5,2,0,0.8093,123.22,30.25,188.57,6098.9,9200.28,1,0.0316,0.8489,0,3
2026-09-09T15:26:06.256204+00:00,bruteforce_ssh_v1,bruteforce_ssh_v1__run_001,initial_access,T1110.001,17,1,-0.0,1.0,0.0022,11501.32,14658.55,0.8856,102,130,0.1943,0.3556,0.2314,0.0279,0.3149,8,5,1,2,1,0,0.784,112.76,31.81,183.36,8163.12,9952.32,0,0.0,0.6731,0,1
2026-09-09T15:26:11.256204+00:00,bruteforce_ssh_v1,bruteforce_ssh_v1__run_001,initial_access,T1110.001,13,1,-0.0,0.9729,0.0352,13760.53,14819.03,0.9498,130,140,0.246,0.4344,0.267,0.0317,0.3619,7,4,0,2,0,0,0.925,105.85,24.02,144.32,7937.87,8937.18,0,0.0257,0.0,0,2
2026-09-09T15:26:16.256204+00:00,bruteforce_ssh_v1,bruteforce_ssh_v1__run_001,initial_access,T1110.001,18,1,-0.0,0.9447,0.0794,8542.38,9372.89,0.902,72,79,0.2469,0.3331,0.2856,0.03,0.3756,10,5,0,2,0,0,0.901,118.64,50.39,258.89,8341.74,8253.62,0,0.0373,1.8412,0,1
2026-09-09T15:26:21.256204+00:00,bruteforce_ssh_v1,bruteforce_ssh_v1__run_001,initial_access,T1110.001,17,1,-0.0,0.9415,0.0752,16082.71,13650.03,0.7853,119,101,0.294,0.4638,0.2674,0.0154,0.3137,8,5,0,3,0,0,1.1678,135.15,61.76,299.28,6186.81,7678.29,0,0.045,1.2647,0,0
2026-09-09T15:26:26.256204+00:00,bruteforce_ssh_v1,bruteforce_ssh_v1__run_001,initial_access,T1110.001,17,1,-0.0,1.0,0.0,11345.0,9787.84,0.8729,102,88,0.3505,0.5472,0.2883,0.0404,0.4094,8,5,0,2,0,0,1.1584,111.23,33.21,194.26,8386.46,8180.99,0,0.0,0.9072,0,0
2026-09-09T15:26:31.256204+00:00,bruteforce_ssh_v1,bruteforce_ssh_v1__run_001,initial_access,T1110.001,24,1,-0.0,0.9574,0.0623,21592.06,23134.35,0.9344,168,180,0.204,0.5361,0.2217,0.0324,0.319,13,6,1,3,1,0,0.9317,128.52,45.75,217.62,6423.97,6266.25,0,0.0146,0.8652,0,1
2026-09-09T15:26:36.256204+00:00,bruteforce_ssh_v1,bruteforce_ssh_v1__run_001,initial_access,T1110.001,16,1,-0.0,0.9661,0.0264,14721.66,14376.62,0.8608,128,125,0.3042,0.7402,0.2392,0.013,0.2781,8,4,1,2,0,0,1.0172,115.01,46.68,229.91,7296.02,7693.72,0,0.0429,0.6079,0,0
2026-09-09T15:26:41.256204+00:00,bruteforce_ssh_v1,bruteforce_ssh_v1__run_001,initial_access,T1110.001,20,1,-0.0,0.9833,0.0425,6645.38,5648.57,0.8587,60,51,0.2349,0.4624,0.2532,0.018,0.3073,11,6,1,2,0,0,1.169,110.76,47.79,243.03,8696.38,7481.22,0,0.0178,0.6084,0,0
2026-09-09T15:26:46.256204+00:00,bruteforce_ssh_v1,bruteforce_ssh_v1__run_001,initial_access,T1110.001,26,1,-0.0,1.0,0.0243,21686.95,26214.99,0.9341,182,220,0.1249,0.1788,0.2325,0.0265,0.3119,13,7,1,4,2,1,0.8236,119.16,28.42,197.17,9920.07,6302.44,1,0.0746,0.0,0,0
2026-09-09T15:26:51.256204+00:00,bruteforce_ssh_v1,bruteforce_ssh_v1__run_001,initial_access,T1110.001,25,1,-0.0,0.9888,0.0217,25067.64,27323.73,0.9052,200,218,0.3693,0.7159,0.2426,0.0139,0.2842,13,6,1,3,1,0,0.9167,125.34,36.3,213.85,6967.29,8540.02,0,0.04,1.3404,0,1
2026-09-09T15:26:56.256204+00:00,bruteforce_ssh_v1,bruteforce_ssh_v1__run_001,initial_access,T1110.001,19,1,-0.0,1.0,0.0,12277.36,11631.18,0.9038,114,108,0.1911,0.3326,0.2333,0.0237,0.3045,10,5,0,2,0,0,1.051,107.7,42.11,239.51,8313.69,7450.38,0,0.0,1.2154,0,2
2026-09-09T15:27:01.256204+00:00,bruteforce_ssh_v1,bruteforce_ssh_v1__run_001,initial_access,T1110.001,17,1,-0.0,1.0,0.0,13094.52,15020.18,0.7724,102,117,0.342,0.6813,0.2632,0.0296,0.3521,9,5,0,3,0,0,0.8693,128.38,28.31,189.71,9597.21,8748.39,0,0.0476,1.2915,0,1
2026-09-09T15:27:06.256204+00:00,bruteforce_ssh_v1,bruteforce_ssh_v1__run_001,initial_access,T1110.001,25,1,-0.0,0.9722,0.024,14283.7,12664.88,0.8683,150,133,0.2737,0.581,0.2172,0.0197,0.2762,14,6,1,4,1,0,1.1227,95.22,20.13,148.04,8184.46,7128.47,0,0.0785,0.6235,0,1
2026-09-09T15:27:11.256204+00:00,bruteforce_ssh_v1,bruteforce_ssh_v1__run_001,initial_access,T1110.001,23,1,-0.0,0.994,0.0256,20513.64,19510.25,0.9512,184,175,0.3538,0.6304,0.2485,0.0279,0.3323,13,6,0,2,0,0,1.0486,111.49,42.89,215.49,7988.6,7950.19,0,0.028,0.8937,0,1
2026-09-09T15:27:16.256204+00:00,bruteforce_ssh_v1,bruteforce_ssh_v1__run_001,initial_access,T1110.001,20,1,-0.0,0.942,0.051,23213.03,28087.77,0.9181,200,242,0.3163,0.3903,0.2564,0.0365,0.3658,11,5,1,3,1,0,0.8232,116.07,30.4,179.13,9058.5,8544.99,0,0.0,1.8452,0,0
2026-09-09T15:27:21.256204+00:00,bruteforce_ssh_v1,bruteforce_ssh_v1__run_001,initial_access,T1110.001,33,1,-0.0,0.977,0.0378,26653.54,25384.33,0.9088,231,220,0.3504,0.8347,0.2253,0.012,0.2613,18,8,1,4,0,0,1.0454,115.38,32.61,185.86,9495.42,8287.89,0,0.0395,0.4072,0,1
2026-09-09T15:27:26.256204+00:00,bruteforce_ssh_v1,bruteforce_ssh_v1__run_001,initial_access,T1110.001,19,1,-0.0,1.0,0.0,23994.83,28931.57,0.8584,209,252,0.2731,0.6956,0.2584,0.0302,0.3491,9,6,1,3,1,0,0.8292,114.81,39.63,215.47,8110.5,9909.22,0,0.0518,0.86,0,1
2026-09-09T15:27:31.256204+00:00,bruteforce_ssh_v1,bruteforce_ssh_v1__run_001,initial_access,T1110.001,25,1,-0.0,0.9968,0.0172,9682.79,10070.1,0.8779,75,78,0.3685,0.5645,0.2561,0.035,0.3612,14,7,1,3,1,0,0.9593,129.1,40.79,224.99,7144.73,9481.92,0,0.0043,0.4452,0,0
2026-09-09T15:27:36.256204+00:00,bruteforce_ssh_v1,bruteforce_ssh_v1__run_001,initial_access,T1110.001,18,1,-0.0,0.9919,0.0,7848.99,9920.25,0.9135,72,91,0.3275,0.5136,0.2421,0.0321,0.3384,10,4,0,2,1,0,0.7901,109.01,38.01,185.27,6925.83,9325.12,0,0.0,1.0373,0,0
2026-09-09T15:27:41.256204+00:00,bruteforce_ssh_v1,bruteforce_ssh_v1__run_001,initial_access,T1110.001,11,1,-0.0,0.9599,0.0224,4942.85,6627.92,0.8975,44,59,0.3852,0.7544,0.2827,0.0187,0.3387,5,3,0,1,0,0,0.7345,112.34,22.8,164.62,8415.11,7020.62,0,0.0547,0.5662,0,1
2026-09-09T15:27:46.256204+00:00,bruteforce_ssh_v1,bruteforce_ssh_v1__run_001,initial_access,T1110.001,17,1,-0.0,1.0,0.0176,12060.0,15370.59,0.9225,102,130,0.292,0.5096,0.2549,0.0295,0.3435,8,5,1,2,0,0,0.7792,118.24,43.31,203.08,7816.09,9208.6,0,0.018,1.479,0,1
2026-09-09T15:27:51.256204+00:00,bruteforce_ssh_v1,bruteforce_ssh_v1__run_001,initial_access,T1110.001,32,1,-0.0,0.9855,0.0039,15037.32,19736.48,0.9972,128,168,0.1729,0.412,0.2436,0.0274,0.3257,16,9,1,5,1,0,0.7615,117.48,28.4,204.11,6967.21,7710.34,0,0.0086,0.857,0,1
2026-09-09T15:27:56.256204+00:00,bruteforce_ssh_v1,bruteforce_ssh_v1__run_001,initial_access,T1110.001,21,1,-0.0,0.9929,0.0188,19928.22,24145.83,0.8951,189,229,0.2562,0.3765,0.3061,0.0197,0.3653,11,6,1,4,1,0,0.8253,105.44,22.65,157.27,8970.21,8147.68,0,0.0,0.8147,0,1
2026-09-09T15:28:01.256204+00:00,bruteforce_ssh_v1,bruteforce_ssh_v1__run_001,initial_access,T1110.001,9,1,-0.0,1.0,0.0,5928.78,6038.57,0.877,54,55,0.3735,0.7305,0.2239,0.0231,0.2933,5,2,0,1,0,0,0.9671,109.79,39.64,175.13,9501.71,7632.52,0,0.0185,0.998,0,0
2026-09-09T15:28:06.256204+00:00,bruteforce_ssh_v1,bruteforce_ssh_v1__run_001,initial_access,T1110.001,16,1,-0.0,1.0,0.043,12711.77,14527.74,0.9432,112,128,0.3401,0.6132,0.238,0.0303,0.3289,9,4,0,2,0,0,0.8733,113.5,46.1,226.9,8001.7,8741.35,0,0.0268,0.3521,0,1
2026-09-09T15:28:11.256204+00:00,bruteforce_ssh_v1,bruteforce_ssh_v1__run_001,initial_access,T1110.001,23,1,-0.0,0.975,0.0156,19342.18,21744.93,1.0,161,181,0.2872,0.7679,0.2325,0.0253,0.3083,12,7,0,3,1,0,0.8882,120.14,43.02,192.76,6931.44,7958.3,0,0.0,0.9623,0,2
2026-09-09T15:28:16.256204+00:00,bruteforce_ssh_v1,bruteforce_ssh_v1__run_001,initial_access,T1110.001,28,1,-0.0,0.9855,0.0215,34822.4,44884.72,0.8999,308,397,0.3553,0.7332,0.2554,0.0312,0.3491,15,8,0,3,2,0,0.7751,113.06,30.16,158.76,7946.48,9078.75,1,0.0,1.3443,0,1
2026-09-09T15:28:21.256204+00:00,bruteforce_ssh_v1,bruteforce_ssh_v1__run_001,initial_access,T1110.001,11,1,-0.0,1.0,0.0,10977.38,10603.15,0.9248,88,85,0.1809,0.2538,0.2424,0.0166,0.2921,6,3,0,1,1,0,1.0255,124.74,47.33,207.68,8454.24,7318.87,0,0.0272,0.9359,0,2
2026-09-09T15:28:26.256204+00:00,bruteforce_ssh_v1,bruteforce_ssh_v1__run_001,initial_access,T1110.001,17,1,-0.0,1.0,0.0,11177.35,11966.34,0.8966,85,91,0.1899,0.489,0.2423,0.0213,0.3062,9,5,0,2,1,0,0.9265,131.5,37.97,190.28,8659.75,7732.65,0,0.0193,0.8625,0,0
2026-09-09T15:28:31.256204+00:00,bruteforce_ssh_v1,bruteforce_ssh_v1__run_001,initial_access,T1110.001,18,1,-0.0,0.977,0.0003,16969.94,17441.32,0.8979,144,148,0.2375,0.3922,0.206,0.0253,0.2819,10,5,0,2,1,0,0.9696,117.85,28.88,198.7,7182.22,8858.97,0,0.0627,0.9754,0,0
2026-09-09T15:28:36.256204+00:00,bruteforce_ssh_v1,bruteforce_ssh_v1__run_001,initial_access,T1110.001,15,1,-0.0,0.976,0.0,5655.84,5530.16,0.8656,45,44,0.2497,0.4073,0.2088,0.0222,0.2752,8,4,0,2,0,0,1.0085,125.69,48.46,198.15,8514.57,9155.13,0,0.0493,0.3712,0,0
2026-09-09T15:28:41.256204+00:00,bruteforce_ssh_v1,bruteforce_ssh_v1__run_001,initial_access,T1110.001,19,1,-0.0,1.0,0.0136,11702.55,12072.11,0.9394,95,98,0.3071,0.4155,0.2553,0.0379,0.3689,10,5,0,3,1,0,0.9599,123.18,35.76,237.63,7258.93,9265.28,0,0.0,1.3857,0,1
2026-09-09T15:28:46.256204+00:00,bruteforce_ssh_v1,bruteforce_ssh_v1__run_001,initial_access,T1110.001,22,1,-0.0,0.9505,0.0814,21170.32,23950.26,0.9099,198,224,0.1841,0.2839,0.2605,0.016,0.3085,12,7,2,2,0,0,0.8839,106.92,29.28,198.18,8636.15,6319.27,0,0.0195,0.7213,0,0
2026-09-09T15:28:51.256204+00:00,bruteforce_ssh_v1,bruteforce_ssh_v1__run_001,initial_access,T1110.001,20,1,-0.0,0.9774,0.0206,11314.81,16972.22,0.8278,100,150,0.2323,0.4641,0.2414,0.0312,0.3349,11,5,0,2,1,0,0.6642,113.15,31.75,195.62,5361.58,9063.73,0,0.035,0.0591,0,1
2026-09-09T15:28:56.256204+00:00,bruteforce_ssh_v1,bruteforce_ssh_v1__run_001,initial_access,T1110.001,25,1,-0.0,0.9352,0.0977,11370.02,11256.32,0.8916,100,99,0.1344,0.2867,0.2436,0.0238,0.3148,13,7,1,4,1,0,1.0015,113.7,29.18,182.49,8926.72,9611.56,0,0.0,0.5014,0,1
2026-09-09T15:29:01.256204+00:00,bruteforce_ssh_v1,bruteforce_ssh_v1__run_001,initial_access,T1110.001,20,1,-0.0,0.9884,0.0055,14008.41,15992.94,0.9209,120,137,0.1938,0.5263,0.3138,0.0444,0.4469,10,5,1,3,1,0,0.8757,116.74,40.99,206.44,9167.74,8643.48,0,0.0335,1.4872,0,1
2026-09-09T15:29:06.256204+00:00,bruteforce_ssh_v1,bruteforce_ssh_v1__run_001,initial_access,T1110.001,25,1,-0.0,1.0,0.0,29169.49,31853.08,0.8979,250,273,0.1852,0.2752,0.2079,0.0137,0.2489,13,8,1,3,1,0,0.9126,116.68,43.92,246.76,8817.84,10457.9,0,0.0049,1.1636,0,2
2026-09-09T15:29:11.256204+00:00,bruteforce_ssh_v1,bruteforce_ssh_v1__run_001,initial_access,T1110.001,22,1,-0.0,0.9727,0.0362,10468.24,13204.26,0.8711,88,111,0.1386,0.1887,0.2802,0.0311,0.3735,12,7,1,3,1,0,0.7902,118.96,34.07,195.34,6349.54,8749.67,0,0.0,0.6168,0,3
2026-09-09T15:29:16.256204+00:00,bruteforce_ssh_v1,bruteforce_ssh_v1__run_001,initial_access,T1110.001,18,1,-0.0,1.0,0.0198,11052.96,14123.23,0.7995,90,115,0.309,0.7256,0.2265,0.0263,0.3053,9,5,0,2,1,0,0.7777,122.81,35.34,188.83,8391.47,8330.45,0,0.0,0.8988,0,0
2026-09-09T15:29:21.256204+00:00,bruteforce_ssh_v1,bruteforce_ssh_v1__run_001,initial_access,T1110.001,19,1,-0.0,1.0,0.0,13709.22,12266.14,0.948,114,102,0.3651,0.7212,0.2514,0.0363,0.3605,10,5,0,3,0,0,1.1101,120.26,55.82,281.92,7113.29,7849.82,0,0.0349,1.3821,0,0
2026-09-09T15:29:26.256204+00:00,bruteforce_ssh_v1,bruteforce_ssh_v1__run_001,initial_access,T1110.001,18,1,-0.0,1.0,0.0,11039.79,10181.14,0.8281,90,83,0.1743,0.2697,0.2759,0.0308,0.3684,10,5,0,2,1,0,1.0781,122.66,37.15,195.91,8737.14,8186.92,0,0.0,0.5778,0,0
2026-09-09T15:29:31.256204+00:00,bruteforce_ssh_v1,bruteforce_ssh_v1__run_001,initial_access,T1110.001,26,1,-0.0,1.0,0.0,19021.45,22557.49,0.9687,156,185,0.3475,0.9909,0.2245,0.0265,0.3039,14,7,0,3,1,0,0.8432,121.93,33.04,221.45,6660.65,7599.63,0,0.0468,0.5425,0,2
2026-09-09T15:29:36.256204+00:00,bruteforce_ssh_v1,bruteforce_ssh_v1__run_001,initial_access,T1110.001,23,1,-0.0,1.0,0.0,10582.04,13457.59,0.9724,92,117,0.224,0.5691,0.2558,0.026,0.334,12,6,1,3,1,0,0.7834,115.02,37.53,184.37,8380.01,9333.01,0,0.0371,1.8414,0,1
2026-09-09T15:29:41.256204+00:00,bruteforce_ssh_v1,bruteforce_ssh_v1__run_001,initial_access,T1110.001,20,1,-0.0,0.9461,0.0737,22321.61,22321.61,0.894,180,180,0.2929,0.8786,0.2666,0.025,0.3418,11,5,0,2,0,0,0.9964,124.01,41.8,234.43,6525.12,6545.88,0,0.0,2.0339,0,0
2026-09-09T15:29:46.256204+00:00,bruteforce_ssh_v1,bruteforce_ssh_v1__run_001,initial_access,T1110.001,10,1,-0.0,0.9938,0.0,4820.56,4820.56,0.9197,40,40,0.3286,0.5247,0.2691,0.0363,0.3781,5,3,0,1,0,0,0.9852,120.51,33.91,186.83,9273.81,9289.04,0,0.0013,0.9351,0,0
2026-09-09T15:29:51.256204+00:00,bruteforce_ssh_v1,bruteforce_ssh_v1__run_001,initial_access,T1110.001,16,1,-0.0,1.0,0.0076,6775.25,7833.88,0.9346,64,74,0.3411,0.6898,0.2649,0.0229,0.3335,8,4,0,2,0,0,0.8535,105.86,27.04,148.85,9440.09,7972.39,0,0.0369,0.5011,0,0
2026-09-09T15:29:56.256204+00:00,bruteforce_ssh_v1,bruteforce_ssh_v1__run_001,initial_access,T1110.001,20,1,-0.0,0.959,0.0359,9562.07,9083.96,0.9602,80,76,0.2536,0.4385,0.2554,0.034,0.3575,11,5,1,3,0,0,1.0416,119.53,39.58,206.12,9100.44,7902.82,0,0.0,0.7913,0,0
2026-09-09T15:30:01.256204+00:00,bruteforce_ssh_v1,bruteforce_ssh_v1__run_001,initial_access,T1110.001,25,1,-0.0,1.0,0.0,11386.85,11500.72,1.0,100,101,0.2826,0.669,0.231,0.0331,0.3304,13,7,0,4,0,0,0.9863,113.87,40.18,228.51,8507.23,7021.32,0,0.0081,1.2031,0,0
2026-09-09T15:30:06.256204+00:00,bruteforce_ssh_v1,bruteforce_ssh_v1__run_001,initial_access,T1110.001,25,1,-0.0,0.9924,0.0,22373.52,48326.8,0.9722,200,432,0.325,0.7178,0.2297,0.0204,0.2908,13,7,1,3,1,0,0.4629,111.87,32.63,183.2,7890.12,7956.12,0,0.0,0.18,0,0
2026-09-09T15:30:11.256204+00:00,bruteforce_ssh_v1,bruteforce_ssh_v1__run_001,initial_access,T1110.001,20,1,-0.0,1.0,0.0183,20625.34,17402.63,0.9403,160,135,0.3731,0.819,0.3015,0.0388,0.4178,11,6,1,2,1,0,1.1823,128.91,31.84,213.43,9063.84,8089.96,0,0.0201,0.8062,0,0
2026-09-09T15:30:16.256204+00:00,bruteforce_ssh_v1,bruteforce_ssh_v1__run_001,initial_access,T1110.001,19,1,-0.0,0.998,0.0,15100.85,21913.26,0.9237,133,193,0.1628,0.2694,0.2215,0.0139,0.2632,10,6,1,2,1,0,0.6878,113.54,41.29,221.75,7364.57,7947.41,0,0.0,0.5321,0,0
2026-09-09T15:30:21.256204+00:00,bruteforce_ssh_v1,bruteforce_ssh_v1__run_001,initial_access,T1110.001,20,1,-0.0,1.0,0.0194,15380.56,14062.22,0.9104,140,128,0.2103,0.3036,0.2578,0.0352,0.3633,11,6,1,2,1,0,1.0854,109.86,33.69,167.98,8672.25,7099.23,0,0.0136,2.0001,0,1
2026-09-09T15:30:26.256204+00:00,bruteforce_ssh_v1,bruteforce_ssh_v1__run_001,initial_access,T1110.001,20,1,-0.0,0.9896,0.0113,8194.12,9218.39,0.8527,80,90,0.2648,0.4741,0.2729,0.0181,0.3273,10,6,0,2,0,0,0.8793,102.43,27.45,152.49,7360.58,7670.49,0,0.0374,1.5203,0,2
2026-09-09T15:30:31.256204+00:00,bruteforce_ssh_v1,bruteforce_ssh_v1__run_001,initial_access,T1110.001,18,1,-0.0,0.9585,0.0374,14862.07,12974.82,0.9408,126,110,0.3781,0.7413,0.2567,0.0344,0.3598,9,5,0,2,0,0,1.1444,117.95,34.23,184.2,6516.12,8188.37,0,0.0208,1.6828,0,1
2026-09-09T15:30:36.256204+00:00,bruteforce_ssh_v1,bruteforce_ssh_v1__run_001,initial_access,T1110.001,29,1,-0.0,1.0,0.0293,22652.11,21871.0,0.9856,174,168,0.1891,0.4286,0.2713,0.0338,0.3728,16,8,1,4,1,0,1.0306,130.18,47.42,257.75,9490.54,7194.06,0,0.0,1.0681,0,2
2026-09-09T15:30:41.256204+00:00,bruteforce_ssh_v1,bruteforce_ssh_v1__run_001,initial_access,T1110.001,17,1,-0.0,1.0,0.0,5779.48,5212.87,0.9479,51,46,0.2932,0.6165,0.2686,0.0189,0.3254,9,4,0,2,0,0,1.1075,113.32,29.92,168.49,8157.34,8078.46,0,0.0453,1.3577,0,0
2026-09-09T15:30:46.256204+00:00,bruteforce_ssh_v1,bruteforce_ssh_v1__run_001,initial_access,T1110.001,22,1,-0.0,0.9754,0.0,9733.18,9069.55,0.8877,88,82,0.1308,0.2903,0.1961,0.0191,0.2536,11,6,0,3,1,0,1.0641,110.6,43.08,194.22,6882.69,7238.96,0,0.0289,2.038,0,3
2026-09-09T15:30:51.256204+00:00,bruteforce_ssh_v1,bruteforce_ssh_v1__run_001,initial_access,T1110.001,26,1,-0.0,1.0,0.0,26868.17,20021.95,0.9298,208,155,0.3379,0.7642,0.212,0.0213,0.276,14,7,0,4,1,0,1.3382,129.17,31.26,207.74,8803.2,8926.19,0,0.0893,1.3414,0,0
2026-09-09T15:30:56.256204+00:00,bruteforce_ssh_v1,bruteforce_ssh_v1__run_001,initial_access,T1110.001,24,1,-0.0,1.0,0.0328,29047.69,44418.76,0.9384,240,367,0.2036,0.2728,0.2631,0.0359,0.3708,13,7,1,4,1,0,0.6536,121.03,44.4,211.54,8679.43,8150.84,0,0.0593,0.7799,0,1
2026-09-09T15:31:01.256204+00:00,bruteforce_ssh_v1,bruteforce_ssh_v1__run_001,initial_access,T1110.001,28,1,-0.0,0.9925,0.0,12849.8,16865.36,0.9269,112,147,0.3412,0.4682,0.2475,0.0354,0.3536,14,9,1,4,1,0,0.7605,114.73,36.6,206.97,7502.13,7929.85,0,0.052,0.84,0,1
2026-09-09T15:31:06.256204+00:00,bruteforce_ssh_v1,bruteforce_ssh_v1__run_001,initial_access,T1110.001,16,1,-0.0,0.9876,0.0,12755.37,13552.58,0.8201,112,119,0.1887,0.4225,0.2945,0.0296,0.3834,8,5,1,1,1,0,0.9356,113.89,34.45,198.35,9315.32,8795.23,0,0.0,0.7729,0,1
2026-09-09T15:31:11.256204+00:00,bruteforce_ssh_v1,bruteforce_ssh_v1__run_001,initial_access,T1110.001,29,1,-0.0,1.0,0.0,12488.72,13350.01,0.8872,116,124,0.373,1.1029,0.2519,0.0309,0.3447,15,8,1,5,2,0,0.931,107.66,24.88,156.81,8503.83,7793.29,1,0.023,2.3594,0,1
2026-09-09T15:31:16.256204+00:00,bruteforce_ssh_v1,bruteforce_ssh_v1__run_001,initial_access,T1110.001,20,1,-0.0,1.0,0.0599,18143.93,20995.12,0.9866,140,162,0.1416,0.2928,0.1943,0.0185,0.2498,10,6,0,3,1,0,0.8609,129.6,53.55,247.86,8135.18,8068.37,0,0.0228,1.2468,0,1
2026-09-09T15:31:21.256204+00:00,bruteforce_ssh_v1,bruteforce_ssh_v1__run_001,initial_access,T1110.001,15,1,-0.0,1.0,0.0,7439.58,7439.58,0.9483,60,60,0.2715,0.7252,0.1699,0.0187,0.2262,8,5,1,2,0,0,0.9872,123.99,31.13,167.01,6336.92,7975.88,0,0.0217,1.4889,0,0
2026-09-09T15:31:26.256204+00:00,bruteforce_ssh_v1,bruteforce_ssh_v1__run_001,initial_access,T1110.001,16,1,-0.0,0.9895,0.0097,23346.57,23346.57,0.9054,176,176,0.2382,0.3111,0.2267,0.0114,0.2609,9,4,0,2,0,0,0.9995,132.65,42.76,256.9,9347.59,7133.11,0,0.0497,0.2174,0,1
2026-09-09T15:31:31.256204+00:00,bruteforce_ssh_v1,bruteforce_ssh_v1__run_001,initial_access,T1110.001,19,1,-0.0,1.0,0.002,13422.73,15777.6,0.8587,114,134,0.2513,0.5839,0.273,0.0233,0.3429,10,5,0,2,1,0,0.85,117.74,34.38,193.8,9639.11,7266.91,0,0.0106,1.0,0,0
2026-09-09T15:31:36.256204+00:00,bruteforce_ssh_v1,bruteforce_ssh_v1__run_001,initial_access,T1110.001,25,1,-0.0,1.0,0.0075,18185.72,20246.76,0.8987,150,167,0.2386,0.6569,0.2175,0.0261,0.2956,13,6,0,4,1,0,0.8963,121.24,36.5,199.85,7442.11,9028.02,0,0.0059,0.9288,0,0
2026-09-09T15:31:41.256204+00:00,bruteforce_ssh_v1,bruteforce_ssh_v1__run_001,initial_access,T1110.001,14,1,-0.0,0.9705,0.0194,10341.2,11695.4,0.8742,84,95,0.2392,0.3131,0.2591,0.0188,0.3156,7,3,0,1,1,0,0.8777,123.11,31.33,180.81,7705.38,7779.97,0,0.042,0.2983,0,0
2026-09-09T15:31:46.256204+00:00,bruteforce_ssh_v1,bruteforce_ssh_v1__run_001,initial_access,T1110.001,14,1,-0.0,0.993,0.0,10057.26,9937.53,0.9229,84,83,0.3187,0.7456,0.2722,0.0211,0.3354,7,4,0,1,1,0,1.0074,119.73,33.78,176.4,8059.29,9930.02,0,0.046,0.6253,0,1
2026-09-09T15:31:51.256204+00:00,bruteforce_ssh_v1,bruteforce_ssh_v1__run_001,initial_access,T1110.001,11,1,-0.0,1.0,0.0,10535.04,11812.01,0.9397,99,111,0.1833,0.2233,0.2879,0.0228,0.3564,5,3,1,1,0,0,0.8873,106.41,20.29,131.14,7478.2,8235.89,0,0.0878,1.577,0,1
2026-09-09T15:31:56.256204+00:00,bruteforce_ssh_v1,bruteforce_ssh_v1__run_001,initial_access,T1110.001,15,1,-0.0,1.0,0.0,7363.48,7608.92,0.8253,60,62,0.2381,0.3247,0.2409,0.0195,0.2995,8,3,0,1,1,0,0.9572,122.72,34.01,202.72,8611.35,7215.66,0,0.0251,0.8385,0,0
2026-09-09T15:32:01.256204+00:00,bruteforce_ssh_v1,bruteforce_ssh_v1__run_001,initial_access,T1110.001,14,1,-0.0,0.996,0.0118,14039.14,11476.44,0.9956,126,103,0.1373,0.2254,0.2748,0.0297,0.364,7,4,0,2,0,0,1.2116,111.42,34.02,214.19,8565.49,9120.4,0,0.0307,1.2184,0,0
2026-09-09T15:32:06.256204+00:00,bruteforce_ssh_v1,bruteforce_ssh_v1__run_001,initial_access,T1110.001,18,1,-0.0,0.99,0.0051,7920.67,9460.8,0.943,72,86,0.1694,0.4495,0.249,0.0334,0.3491,10,5,0,3,1,0,0.8348,110.01,32.9,194.36,9141.2,8651.15,0,0.0477,1.2804,0,1
2026-09-09T15:32:11.256204+00:00,bruteforce_ssh_v1,bruteforce_ssh_v1__run_001,initial_access,T1110.001,19,1,-0.0,0.9635,0.0558,14839.08,18744.1,0.9349,114,144,0.2943,0.4544,0.2486,0.03,0.3387,10,5,1,3,1,0,0.7902,130.17,46.86,243.46,6963.52,8720.54,0,0.0,0.9866,0,1
2026-09-09T15:32:16.256204+00:00,bruteforce_ssh_v1,bruteforce_ssh_v1__run_001,initial_access,T1110.001,16,1,-0.0,1.0,0.0026,3724.12,4771.53,0.8325,32,41,0.3172,0.9168,0.2581,0.0272,0.3399,8,4,0,2,0,0,0.7697,116.38,34.2,176.08,9199.83,7835.17,0,0.0535,0.6735,0,1
2026-09-09T15:32:21.256204+00:00,bruteforce_ssh_v1,bruteforce_ssh_v1__run_001,initial_access,T1110.001,26,1,-0.0,1.0,0.0,34626.47,34759.65,0.8274,260,261,0.2285,0.6527,0.2896,0.0201,0.3498,13,7,2,3,2,0,0.9951,133.18,31.39,192.52,9002.76,7326.54,1,0.0321,1.6309,0,1
2026-09-09T15:32:26.256204+00:00,bruteforce_ssh_v1,bruteforce_ssh_v1__run_001,initial_access,T1110.001,26,1,-0.0,1.0,0.0021,21766.81,25833.14,0.9545,182,216,0.2323,0.6135,0.2548,0.0307,0.347,14,6,1,4,1,0,0.8412,119.6,38.67,215.87,10089.67,8183.32,0,0.0406,0.6276,0,0
2026-09-09T15:32:31.256204+00:00,bruteforce_ssh_v1,bruteforce_ssh_v1__run_001,initial_access,T1110.001,24,1,-0.0,0.9803,0.031,11334.72,14404.54,0.856,96,122,0.2953,0.3634,0.2324,0.0337,0.3336,12,7,0,3,0,0,0.783,118.07,31.51,178.37,9265.73,8143.58,0,0.0087,0.5985,0,0
2026-09-09T15:32:36.256204+00:00,bruteforce_ssh_v1,bruteforce_ssh_v1__run_001,initial_access,T1110.001,17,1,-0.0,1.0,0.0146,6974.48,7111.24,0.9304,51,52,0.3719,1.032,0.2899,0.0349,0.3946,9,5,1,2,1,0,0.9702,136.75,41.24,253.03,7832.45,8008.54,0,0.0083,1.3284,0,1
2026-09-09T15:32:41.256204+00:00,bruteforce_ssh_v1,bruteforce_ssh_v1__run_001,initial_access,T1110.001,15,1,-0.0,0.9867,0.021,1870.72,2120.15,0.9917,15,17,0.1453,0.3051,0.2998,0.0395,0.4182,8,4,0,1,0,0,0.8456,124.71,35.0,220.7,8884.36,7832.65,0,0.033,0.4918,0,0
2026-09-09T15:32:46.256204+00:00,bruteforce_ssh_v1,bruteforce_ssh_v1__run_001,initial_access,T1110.001,16,1,-0.0,0.9644,0.03,10099.38,10730.59,0.8141,80,85,0.2059,0.3411,0.2583,0.0217,0.3234,8,4,0,2,0,0,0.9348,126.24,33.77,186.37,8860.4,9186.0,0,0.0,1.1227,0,0
2026-09-09T15:32:51.256204+00:00,bruteforce_ssh_v1,bruteforce_ssh_v1__run_001,initial_access,T1110.001,25,1,-0.0,1.0,0.0138,12746.14,14275.68,0.9611,100,112,0.1914,0.4933,0.2681,0.0385,0.3835,13,6,0,3,1,0,0.8901,127.46,44.26,258.76,8731.79,7984.96,0,0.0,0.5014,0,1
2026-09-09T15:32:56.256204+00:00,bruteforce_ssh_v1,bruteforce_ssh_v1__run_001,initial_access,T1110.001,20,1,-0.0,0.9914,0.0,6796.01,7702.14,0.9265,60,68,0.147,0.2155,0.2504,0.0147,0.2944,11,6,0,3,0,0,0.8703,113.27,31.76,178.13,9067.44,7228.41,0,0.0,0.5436,0,0
2026-09-09T15:33:01.256204+00:00,bruteforce_ssh_v1,bruteforce_ssh_v1__run_001,initial_access,T1110.001,10,1,-0.0,1.0,0.0402,8620.95,16502.97,0.8588,70,134,0.3567,0.9123,0.2509,0.022,0.317,5,2,0,1,0,0,0.5224,123.16,18.07,160.59,7048.22,9411.98,0,0.0494,0.447,0,1
2026-09-09T15:33:06.256204+00:00,bruteforce_ssh_v1,bruteforce_ssh_v1__run_001,initial_access,T1110.001,17,1,-0.0,0.9469,0.0436,11670.46,11533.16,0.9113,85,84,0.3342,0.4641,0.3005,0.039,0.4176,9,5,1,1,1,0,1.0072,137.3,57.64,322.1,6888.53,7450.22,0,0.0688,0.9445,0,1
2026-09-09T15:33:11.256204+00:00,bruteforce_ssh_v1,bruteforce_ssh_v1__run_001,initial_access,T1110.001,22,1,-0.0,0.9831,0.0228,8196.75,7575.78,0.879,66,61,0.1305,0.1617,0.245,0.0321,0.3414,10,5,1,3,0,0,1.0751,124.19,45.56,250.7,8862.14,7913.82,0,0.0,1.0215,0,1
2026-09-09T15:33:16.256204+00:00,bruteforce_ssh_v1,bruteforce_ssh_v1__run_001,initial_access,T1110.001,17,1,-0.0,0.997,0.0032,12143.97,17263.49,0.8818,102,145,0.3558,0.6172,0.2058,0.0219,0.2715,9,4,0,2,1,0,0.6996,119.06,39.85,228.23,8688.21,9933.35,0,0.0573,0.5323,0,1
2026-09-09T15:33:21.256204+00:00,bruteforce_ssh_v1,bruteforce_ssh_v1__run_001,initial_access,T1110.001,22,1,-0.0,0.9876,0.035,13096.14,12619.92,0.9489,110,106,0.3243,0.5379,0.2337,0.0169,0.2844,11,7,1,3,0,0,1.0307,119.06,36.64,191.12,9364.54,6814.75,0,0.0,1.2416,0,0
2026-09-09T15:33:26.256204+00:00,bruteforce_ssh_v1,bruteforce_ssh_v1__run_001,initial_access,T1110.001,20,1,-0.0,0.9688,0.017,7926.45,6737.49,0.9687,60,51,0.2518,0.3415,0.2185,0.0136,0.2593,11,6,0,3,1,0,1.1555,132.11,53.54,294.84,7853.82,9463.97,0,0.0594,1.2995,0,2
2026-09-09T15:33:31.256204+00:00,bruteforce_ssh_v1,bruteforce_ssh_v1__run_001,initial_access,T1110.001,20,1,-0.0,0.9578,0.066,9142.3,11199.31,0.9498,80,98,0.2683,0.6325,0.2235,0.0234,0.2939,11,6,1,2,1,0,0.814,114.28,37.9,212.03,8686.0,10063.73,0,0.0,1.0718,0,3
2026-09-09T15:33:36.256204+00:00,bruteforce_ssh_v1,bruteforce_ssh_v1__run_001,initial_access,T1110.001,23,1,-0.0,0.9996,0.0,18272.86,23380.18,0.9323,161,206,0.1406,0.4144,0.2613,0.0233,0.3311,12,6,0,2,0,0,0.7779,113.5,35.6,192.11,7633.17,7786.99,0,0.0141,1.0357,0,3
2026-09-09T15:33:41.256204+00:00,bruteforce_ssh_v1,bruteforce_ssh_v1__run_001,initial_access,T1110.001,15,1,-0.0,1.0,0.0,8550.08,7866.07,0.858,75,69,0.268,0.6833,0.2024,0.0198,0.2618,7,4,0,2,0,0,1.0837,114.0,37.15,204.19,8804.12,7973.29,0,0.0,1.1233,0,0
2026-09-09T15:33:46.256204+00:00,bruteforce_ssh_v1,bruteforce_ssh_v1__run_001,initial_access,T1110.001,18,1,-0.0,0.9629,0.0069,13808.2,18630.12,0.9362,126,170,0.2777,0.4257,0.2649,0.0323,0.362,9,5,0,2,0,0,0.7396,109.59,32.81,181.59,8399.96,7423.12,0,0.0242,1.49,0,1
2026-09-09T15:33:51.256204+00:00,bruteforce_ssh_v1,bruteforce_ssh_v1__run_001,initial_access,T1110.001,22,1,-0.0,0.991,0.0011,22665.65,26013.98,0.8121,176,202,0.3653,0.7194,0.2322,0.0297,0.3212,11,5,1,3,1,0,0.868,128.78,46.92,292.73,8933.06,8832.9,0,0.004,0.8652,0,2
2026-09-09T15:33:56.256204+00:00,bruteforce_ssh_v1,bruteforce_ssh_v1__run_001,initial_access,T1110.001,17,1,-0.0,1.0,0.0118,8150.92,7911.19,0.9535,68,66,0.2223,0.4978,0.3133,0.0407,0.4353,9,5,0,2,0,0,1.0207,119.87,45.92,214.97,6893.98,8254.68,0,0.0,1.0022,0,0
2026-09-09T15:34:01.256204+00:00,bruteforce_ssh_v1,bruteforce_ssh_v1__run_001,initial_access,T1110.001,14,1,-0.0,0.9926,0.0,11496.95,11848.9,1.0,98,101,0.3127,0.7022,0.2388,0.0194,0.2969,7,4,0,1,1,0,0.9679,117.32,32.82,179.89,8877.75,8168.68,0,0.0399,1.2113,0,1
2026-09-09T15:34:06.256204+00:00,bruteforce_ssh_v1,bruteforce_ssh_v1__run_001,initial_access,T1110.001,27,1,-0.0,0.984,0.0704,25986.86,38619.36,0.7989,216,321,0.3276,0.9025,0.2833,0.0247,0.3573,15,7,1,3,1,0,0.6723,120.31,51.85,315.47,8148.96,10626.29,0,0.0,0.3454,0,1
2026-09-09T15:34:11.256204+00:00,bruteforce_ssh_v1,bruteforce_ssh_v1__run_001,initial_access,T1110.001,17,1,-0.0,0.9791,0.0,14206.54,14325.93,0.9717,119,120,0.1821,0.2513,0.2558,0.0313,0.3496,9,4,0,2,0,0,0.9875,119.38,42.06,197.22,7072.14,7050.59,0,0.058,0.5667,0,1
2026-09-09T15:34:16.256204+00:00,bruteforce_ssh_v1,bruteforce_ssh_v1__run_001,initial_access,T1110.001,29,1,-0.0,1.0,0.0196,7221.67,7470.69,0.9174,58,60,0.3263,0.6509,0.2076,0.011,0.2406,15,8,1,4,2,0,0.9615,124.51,38.16,245.69,9825.28,7558.64,1,0.0229,1.234,0,0
2026-09-09T15:34:21.256204+00:00,bruteforce_ssh_v1,bruteforce_ssh_v1__run_001,initial_access,T1110.001,27,1,-0.0,1.0,0.0207,19552.8,21966.73,0.9424,162,182,0.1751,0.4623,0.2546,0.0262,0.3331,14,7,1,3,1,0,0.8894,120.7,49.69,336.63,8460.95,8052.77,0,0.0054,0.7242,0,1
2026-09-09T15:34:26.256204+00:00,bruteforce_ssh_v1,bruteforce_ssh_v1__run_001,initial_access,T1110.001,20,1,-0.0,1.0,0.0021,9843.73,12796.84,0.8811,80,104,0.3253,0.7568,0.2423,0.018,0.2963,11,6,0,2,0,0,0.7682,123.05,37.06,203.54,8510.74,6558.11,0,0.0533,0.9281,0,1
2026-09-09T15:34:31.256204+00:00,bruteforce_ssh_v1,bruteforce_ssh_v1__run_001,initial_access,T1110.001,27,1,-0.0,1.0,0.0033,15522.01,21615.84,0.9372,135,188,0.2996,0.7653,0.2267,0.0128,0.265,14,8,1,4,0,0,0.7146,114.98,30.16,184.25,8134.93,9719.9,0,0.0199,1.9086,0,0
2026-09-09T15:34:36.256204+00:00,bruteforce_ssh_v1,bruteforce_ssh_v1__run_001,initial_access,T1110.001,15,1,-0.0,1.0,0.0,8885.42,10188.61,0.8549,75,86,0.1457,0.1932,0.3254,0.0327,0.4236,8,4,0,2,0,0,0.868,118.47,30.11,163.93,9153.63,8940.82,0,0.0,0.5166,0,0
2026-09-09T15:34:41.256204+00:00,bruteforce_ssh_v1,bruteforce_ssh_v1__run_001,initial_access,T1110.001,20,1,-0.0,1.0,0.0,26584.9,25618.17,0.9371,220,212,0.1839,0.5199,0.2504,0.0218,0.3157,10,6,2,2,1,0,1.0334,120.84,23.83,157.2,8572.81,7919.72,0,0.0754,0.2776,0,0
2026-09-09T15:34:46.256204+00:00,bruteforce_ssh_v1,bruteforce_ssh_v1__run_001,initial_access,T1110.001,24,1,-0.0,1.0,0.0231,8447.87,8682.54,0.9609,72,74,0.2916,0.6115,0.2421,0.0243,0.3151,12,7,1,3,0,0,0.9717,117.33,35.21,182.35,9856.75,7759.32,0,0.008,1.1071,0,4
2026-09-09T15:34:51.256204+00:00,bruteforce_ssh_v1,bruteforce_ssh_v1__run_001,initial_access,T1110.001,22,1,-0.0,0.9827,0.0,13486.6,13609.21,0.8587,110,111,0.3558,1.0174,0.237,0.0271,0.3184,11,6,1,3,1,0,0.9867,122.61,32.19,178.75,8619.61,7735.06,0,0.0,0.91,0,0
2026-09-09T15:34:56.256204+00:00,bruteforce_ssh_v1,bruteforce_ssh_v1__run_001,initial_access,T1110.001,16,1,-0.0,1.0,0.0144,13746.55,15710.35,0.9469,112,128,0.1968,0.3629,0.2777,0.0147,0.3218,9,4,1,2,0,0,0.8691,122.74,37.86,223.01,7668.56,9170.79,0,0.0057,0.546,0,1
2026-09-09T15:35:01.256204+00:00,bruteforce_ssh_v1,bruteforce_ssh_v1__run_001,initial_access,T1110.001,17,1,-0.0,1.0,0.0033,14216.18,15888.67,0.8785,119,133,0.3557,0.6403,0.2282,0.0315,0.3228,8,4,1,2,0,0,0.8915,119.46,32.32,184.96,6736.53,8840.11,0,0.0081,0.8255,0,1
2026-09-09T15:35:06.256204+00:00,bruteforce_ssh_v1,bruteforce_ssh_v1__run_001,initial_access,T1110.001,27,1,-0.0,0.9863,0.031,19178.62,18231.53,0.909,162,154,0.1592,0.3944,0.2554,0.0283,0.3402,15,9,1,3,1,0,1.0516,118.39,39.12,189.78,8926.21,8429.13,0,0.0566,0.8248,0,1
2026-09-09T15:35:11.256204+00:00,bruteforce_ssh_v1,bruteforce_ssh_v1__run_001,initial_access,T1110.001,18,1,-0.0,0.9829,0.0336,11041.65,11287.02,0.9874,90,92,0.2588,0.4314,0.24,0.0128,0.2784,10,4,0,2,0,0,0.9773,122.68,43.53,212.38,8716.93,8415.06,0,0.0343,0.9147,0,3
2026-09-09T15:35:16.256204+00:00,bruteforce_ssh_v1,bruteforce_ssh_v1__run_001,initial_access,T1110.001,16,1,-0.0,0.9991,0.0,22811.29,23880.57,0.8515,192,201,0.1349,0.3489,0.2163,0.0165,0.2657,8,4,1,2,0,0,0.952,118.81,41.3,213.55,8792.21,8774.68,0,0.0,0.8623,0,0
2026-09-09T15:35:21.256204+00:00,bruteforce_ssh_v1,bruteforce_ssh_v1__run_001,initial_access,T1110.001,20,1,-0.0,1.0,0.0344,11494.85,16437.64,0.9328,100,143,0.2996,0.6806,0.2314,0.0305,0.3229,10,5,1,3,0,0,0.6953,114.95,31.73,202.88,7279.43,6319.75,0,0.0549,2.1199,0,3
2026-09-09T15:35:26.256204+00:00,bruteforce_ssh_v1,bruteforce_ssh_v1__run_001,initial_access,T1110.001,21,1,-0.0,0.9876,0.0,11687.14,24709.96,0.9296,105,222,0.189,0.5157,0.3047,0.0338,0.4062,11,6,1,2,0,0,0.4725,111.31,33.82,195.07,9110.06,9049.92,0,0.002,1.6489,0,0
2026-09-09T15:35:31.256204+00:00,bruteforce_ssh_v1,bruteforce_ssh_v1__run_001,initial_access,T1110.001,16,1,-0.0,0.949,0.0784,10703.22,9231.53,0.8502,80,69,0.282,0.4094,0.2401,0.0226,0.3079,8,4,0,2,0,0,1.1558,133.79,33.6,190.2,10494.58,8430.07,0,0.0498,1.1806,0,2
2026-09-09T15:35:36.256204+00:00,bruteforce_ssh_v1,bruteforce_ssh_v1__run_001,initial_access,T1110.001,13,1,-0.0,0.9649,0.0475,11423.98,23726.73,0.8952,104,216,0.3716,0.47,0.2658,0.0231,0.335,7,4,0,1,0,0,0.481,109.85,30.7,163.11,9016.31,9064.33,0,0.0,1.4037,0,1
2026-09-09T15:35:41.256204+00:00,bruteforce_ssh_v1,bruteforce_ssh_v1__run_001,initial_access,T1110.001,18,1,-0.0,1.0,0.029,7648.9,10340.18,0.8771,54,73,0.2953,0.8648,0.2709,0.0195,0.3294,10,5,1,2,1,0,0.7315,141.65,43.84,255.75,7832.15,7363.81,0,0.006,0.7095,0,0
2026-09-09T15:35:46.256204+00:00,bruteforce_ssh_v1,bruteforce_ssh_v1__run_001,initial_access,T1110.001,26,1,-0.0,0.9947,0.0082,13153.52,16315.42,0.9156,104,129,0.2393,0.5247,0.2001,0.0278,0.2836,13,8,1,4,1,0,0.8031,126.48,40.27,234.58,8256.74,8436.64,0,0.0,1.4161,0,0
2026-09-09T15:35:51.256204+00:00,bruteforce_ssh_v1,bruteforce_ssh_v1__run_001,initial_access,T1110.001,28,1,-0.0,0.9727,0.0468,32654.77,28201.85,0.914,308,266,0.1608,0.3763,0.2641,0.0374,0.3764,15,7,1,3,1,0,1.1558,106.02,27.29,156.71,8773.33,9128.23,0,0.0667,0.8758,0,2
2026-09-09T15:35:56.256204+00:00,bruteforce_ssh_v1,bruteforce_ssh_v1__run_001,initial_access,T1110.001,21,1,-0.0,0.9671,0.065,9682.57,11757.41,0.9331,84,102,0.387,1.1411,0.2126,0.0189,0.2694,11,6,0,3,0,0,0.8183,115.27,29.63,166.95,10365.93,8101.12,0,0.0,0.7771,0,1
2026-09-09T15:36:01.256204+00:00,bruteforce_ssh_v1,bruteforce_ssh_v1__run_001,initial_access,T1110.001,23,1,-0.0,0.9882,0.0096,11071.66,10469.94,0.9316,92,87,0.3193,0.7964,0.2573,0.0177,0.3104,12,6,2,4,0,0,1.049,120.34,41.83,229.16,8976.77,7242.14,0,0.0563,0.7527,0,0
2026-09-09T15:36:06.256204+00:00,bruteforce_ssh_v1,bruteforce_ssh_v1__run_001,initial_access,T1110.001,19,1,-0.0,0.9839,0.0419,18275.63,18962.68,0.9562,133,138,0.1896,0.4844,0.214,0.0254,0.2901,10,5,1,3,1,0,0.959,137.41,37.16,220.76,8238.68,7442.15,0,0.0503,1.0058,0,0
2026-09-09T15:36:11.256204+00:00,bruteforce_ssh_v1,bruteforce_ssh_v1__run_001,initial_access,T1110.001,31,1,-0.0,1.0,0.0,11159.25,14998.99,0.8824,93,125,0.171,0.2919,0.245,0.0296,0.3339,16,9,1,3,1,0,0.7409,119.99,40.07,251.7,7593.33,8562.84,0,0.0134,0.9249,0,0
2026-09-09T15:36:16.256204+00:00,bruteforce_ssh_v1,bruteforce_ssh_v1__run_001,initial_access,T1110.001,26,1,-0.0,0.9729,0.0129,28655.12,32206.4,0.7977,234,263,0.2427,0.4905,0.2193,0.029,0.3062,14,8,1,4,0,0,0.8877,122.46,37.84,198.65,7809.45,6886.66,0,0.0477,1.3734,0,1
2026-09-09T15:36:21.256204+00:00,bruteforce_ssh_v1,bruteforce_ssh_v1__run_001,initial_access,T1110.001,15,1,-0.0,0.9953,0.0066,9708.38,9837.83,0.9702,75,76,0.3546,0.4693,0.2459,0.0125,0.2833,8,4,0,2,0,0,0.9845,129.45,45.94,219.47,7572.91,7596.75,0,0.0,0.9363,0,1
2026-09-09T15:36:26.256204+00:00,bruteforce_ssh_v1,bruteforce_ssh_v1__run_001,initial_access,T1110.001,21,1,-0.0,1.0,0.009,15030.22,16103.81,0.8822,126,135,0.3239,0.7569,0.2441,0.0132,0.2837,10,5,0,4,1,0,0.9304,119.29,33.68,201.71,7437.26,7400.04,0,0.0,0.4768,0,1
2026-09-09T15:36:31.256204+00:00,bruteforce_ssh_v1,bruteforce_ssh_v1__run_001,initial_access,T1110.001,22,1,-0.0,0.9962,0.0,26604.53,33618.46,0.8432,220,278,0.1547,0.4326,0.217,0.0297,0.3061,11,6,1,3,2,0,0.7904,120.93,40.4,232.56,6875.38,7135.15,1,0.0,1.167,0,0
2026-09-09T15:36:36.256204+00:00,bruteforce_ssh_v1,bruteforce_ssh_v1__run_001,initial_access,T1110.001,16,1,-0.0,0.9612,0.0294,11735.38,12154.5,0.9277,112,116,0.1459,0.2915,0.2662,0.016,0.3141,8,4,0,2,0,0,0.9628,104.78,22.44,140.27,7432.09,9317.09,0,0.0,1.6193,0,2
2026-09-09T15:36:41.256204+00:00,bruteforce_ssh_v1,bruteforce_ssh_v1__run_001,initial_access,T1110.001,21,1,-0.0,1.0,0.0277,7787.89,9642.14,0.9084,63,78,0.2262,0.3901,0.2398,0.0313,0.3338,11,6,1,2,0,0,0.8018,123.62,32.54,197.88,8004.79,9033.91,0,0.0854,0.737,0,1
2026-09-09T15:36:46.256204+00:00,bruteforce_ssh_v1,bruteforce_ssh_v1__run_001,initial_access,T1110.001,16,1,-0.0,1.0,0.0,7218.13,10488.85,0.8799,64,93,0.1535,0.396,0.245,0.0186,0.3009,8,5,1,2,0,0,0.6859,112.78,27.93,170.56,7841.48,7295.82,0,0.0332,0.3557,0,0
2026-09-09T15:36:51.256204+00:00,bruteforce_ssh_v1,bruteforce_ssh_v1__run_001,initial_access,T1110.001,15,1,-0.0,0.9699,0.0087,6409.28,5127.43,0.8941,45,36,0.211,0.3084,0.2116,0.0305,0.3031,8,4,0,2,0,0,1.2413,142.43,34.39,200.51,7021.57,8749.65,0,0.0425,0.8162,0,1
2026-09-09T15:36:56.256204+00:00,bruteforce_ssh_v1,bruteforce_ssh_v1__run_001,initial_access,T1110.001,19,1,-0.0,1.0,0.0515,16872.34,23088.46,0.9031,133,182,0.17,0.2476,0.3214,0.0216,0.3862,10,6,0,2,0,0,0.7299,126.86,51.55,251.56,8774.83,7341.28,0,0.0016,0.4868,0,1
2026-09-09T15:37:01.256204+00:00,bruteforce_ssh_v1,bruteforce_ssh_v1__run_001,initial_access,T1110.001,21,1,-0.0,0.9931,0.0,2423.84,2077.58,0.8809,21,18,0.1695,0.4301,0.236,0.0254,0.3121,12,5,1,3,1,0,1.1281,115.42,49.56,282.08,8169.04,8222.36,0,0.0005,1.2408,0,0
2026-09-09T15:37:06.256204+00:00,bruteforce_ssh_v1,bruteforce_ssh_v1__run_001,initial_access,T1110.001,23,1,-0.0,1.0,0.0,11696.21,11314.81,0.8277,92,89,0.2983,0.4119,0.2809,0.0206,0.3426,12,7,0,4,1,0,1.0244,127.13,47.84,265.42,8569.66,9162.0,0,0.0435,1.3284,0,1
2026-09-09T15:37:11.256204+00:00,bruteforce_ssh_v1,bruteforce_ssh_v1__run_001,initial_access,T1110.001,21,1,-0.0,1.0,0.0083,12553.66,12792.77,0.9348,105,107,0.1716,0.2243,0.2199,0.0121,0.2562,11,5,0,3,1,0,0.9804,119.56,33.64,212.96,8328.98,6528.58,0,0.0,2.0402,0,1
2026-09-09T15:37:16.256204+00:00,bruteforce_ssh_v1,bruteforce_ssh_v1__run_001,initial_access,T1110.001,21,1,-0.0,0.9762,0.0443,17345.62,16794.96,0.9485,126,122,0.1969,0.3648,0.2245,0.0239,0.2962,11,6,0,2,1,0,1.0323,137.66,38.93,206.48,7511.32,9582.12,0,0.0,1.3584,0,2
2026-09-09T15:37:21.256204+00:00,bruteforce_ssh_v1,bruteforce_ssh_v1__run_001,initial_access,T1110.001,16,1,-0.0,0.967,0.0557,12888.89,12888.89,0.7738,96,96,0.1806,0.2609,0.1903,0.0254,0.2666,8,4,0,1,1,0,0.9995,134.26,29.3,207.5,8043.18,7811.56,0,0.0,0.89,0,0
2026-09-09T15:37:26.256204+00:00,bruteforce_ssh_v1,bruteforce_ssh_v1__run_001,initial_access,T1110.001,14,1,-0.0,1.0,0.0,9039.53,9297.8,0.9321,70,72,0.2599,0.5921,0.2141,0.0209,0.2767,7,3,0,2,0,0,0.9676,129.14,26.88,166.68,7317.46,10595.44,0,0.005,0.9967,0,0
2026-09-09T15:37:31.256204+00:00,bruteforce_ssh_v1,bruteforce_ssh_v1__run_001,initial_access,T1110.001,19,1,-0.0,0.9713,0.0365,7749.92,10503.18,0.9027,76,103,0.2497,0.3246,0.2149,0.0198,0.2741,10,5,1,2,1,0,0.7323,101.97,28.26,169.48,7300.17,7699.34,0,0.0101,0.7258,0,2
2026-09-09T15:37:36.256204+00:00,bruteforce_ssh_v1,bruteforce_ssh_v1__run_001,initial_access,T1110.001,18,1,-0.0,1.0,0.0051,10250.09,11388.98,0.9247,72,80,0.3189,0.7396,0.276,0.023,0.345,9,5,0,2,0,0,0.8949,142.36,52.97,283.5,7276.88,8247.34,0,0.0357,0.3023,0,0
2026-09-09T15:37:41.256204+00:00,bruteforce_ssh_v1,bruteforce_ssh_v1__run_001,initial_access,T1110.001,24,1,-0.0,0.9697,0.0514,9118.86,10385.37,0.9783,72,82,0.2597,0.324,0.2917,0.033,0.3907,12,6,1,3,1,0,0.8744,126.65,37.96,188.49,9590.01,9017.95,0,0.0249,1.1184,0,3
2026-09-09T15:37:46.256204+00:00,bruteforce_ssh_v1,bruteforce_ssh_v1__run_001,initial_access,T1110.001,14,1,-0.0,1.0,0.0074,11415.77,12930.11,0.8028,98,111,0.1503,0.3089,0.2585,0.0159,0.306,7,4,0,2,0,0,0.8752,116.49,42.02,246.86,8367.65,9242.16,0,0.0299,0.8423,0,1
2026-09-09T15:37:51.256204+00:00,bruteforce_ssh_v1,bruteforce_ssh_v1__run_001,initial_access,T1110.001,17,1,-0.0,0.9904,0.0,8587.02,9723.54,0.8699,68,77,0.2714,0.5906,0.2385,0.0311,0.3319,9,5,1,2,1,0,0.8761,126.28,36.32,197.24,9872.4,8293.48,0,0.0634,0.2696,0,2
2026-09-09T15:37:56.256204+00:00,bruteforce_ssh_v1,bruteforce_ssh_v1__run_001,initial_access,T1110.001,15,1,-0.0,0.9617,0.024,8472.51,12991.19,0.8228,75,115,0.1666,0.314,0.2466,0.0281,0.3308,8,4,0,2,0,0,0.6518,112.97,27.07,151.0,8922.54,7790.2,0,0.0059,0.5272,0,0
2026-09-09T15:38:01.256204+00:00,bruteforce_ssh_v1,bruteforce_ssh_v1__run_001,initial_access,T1110.001,14,1,-0.0,1.0,0.0079,14393.45,14650.48,0.9166,112,114,0.2604,0.4187,0.2727,0.0369,0.3835,8,4,0,2,0,0,0.9783,128.51,57.01,291.28,7309.78,7700.12,0,0.0,0.9565,0,2
2026-09-09T15:38:06.256204+00:00,bruteforce_ssh_v1,bruteforce_ssh_v1__run_001,initial_access,T1110.001,24,1,-0.0,1.0,0.0,16022.29,17090.45,0.897,120,128,0.334,0.5287,0.2267,0.0283,0.3116,13,8,1,3,1,0,0.9319,133.52,44.32,237.58,8982.11,8436.7,0,0.0014,0.7688,0,1
2026-09-09T15:38:11.256204+00:00,bruteforce_ssh_v1,bruteforce_ssh_v1__run_001,initial_access,T1110.001,17,1,-0.0,0.998,0.0078,5964.01,8419.77,0.8711,51,72,0.2969,0.564,0.2496,0.0154,0.296,9,5,0,2,0,0,0.703,116.94,37.71,190.48,7986.1,7986.98,0,0.0088,1.2237,0,0
2026-09-09T15:38:16.256204+00:00,bruteforce_ssh_v1,bruteforce_ssh_v1__run_001,initial_access,T1110.001,13,1,-0.0,0.9691,0.0278,7463.73,8152.69,0.9149,65,71,0.2954,0.669,0.2747,0.0169,0.3254,6,4,1,2,0,0,0.9096,114.83,40.87,188.1,7198.41,8400.89,0,0.0,0.7197,0,0
2026-09-09T15:38:21.256204+00:00,bruteforce_ssh_v1,bruteforce_ssh_v1__run_001,initial_access,T1110.001,18,1,-0.0,1.0,0.0,15704.02,19816.97,0.8231,126,159,0.23,0.5342,0.2286,0.0182,0.2832,10,4,0,2,1,0,0.7894,124.64,54.16,286.26,7526.47,8783.38,0,0.0367,0.2085,0,0
2026-09-09T15:38:26.256204+00:00,bruteforce_ssh_v1,bruteforce_ssh_v1__run_001,initial_access,T1110.001,17,1,-0.0,1.0,0.0418,23291.29,19866.1,0.9744,204,174,0.2895,0.7959,0.2537,0.0213,0.3177,9,5,1,2,0,0,1.172,114.17,30.88,161.89,8384.57,6706.09,0,0.0,0.1604,0,2
2026-09-09T15:38:31.256204+00:00,bruteforce_ssh_v1,bruteforce_ssh_v1__run_001,initial_access,T1110.001,19,1,-0.0,1.0,0.0309,22381.66,23428.76,0.837,171,179,0.1827,0.5468,0.2511,0.0135,0.2917,10,5,0,2,0,0,0.9526,130.89,41.35,218.85,7789.75,9290.88,0,0.0018,1.1227,0,0
2026-09-09T15:38:36.256204+00:00,bruteforce_ssh_v1,bruteforce_ssh_v1__run_001,initial_access,T1110.001,26,1,-0.0,1.0,0.0223,23582.83,26757.44,0.91,208,236,0.2699,0.5843,0.2483,0.027,0.3292,14,7,1,3,0,0,0.8812,113.38,31.58,176.01,7597.14,8508.24,0,0.0057,1.2317,0,0
2026-09-09T15:38:41.256204+00:00,bruteforce_ssh_v1,bruteforce_ssh_v1__run_001,initial_access,T1110.001,24,1,-0.0,1.0,0.0,18060.74,18562.43,0.8944,144,148,0.3159,0.5982,0.1968,0.0132,0.2364,13,6,0,3,0,0,0.9716,125.42,47.13,278.76,8874.17,8168.52,0,0.0249,1.2275,0,2
2026-09-09T15:38:46.256204+00:00,bruteforce_ssh_v1,bruteforce_ssh_v1__run_001,initial_access,T1110.001,27,1,-0.0,0.9675,0.0307,5405.15,6506.19,0.8718,54,65,0.2615,0.4912,0.2935,0.0388,0.4098,14,8,1,3,1,0,0.8203,100.1,33.12,220.61,7359.24,9249.6,0,0.0205,0.7397,0,1
2026-09-09T15:38:51.256204+00:00,bruteforce_ssh_v1,bruteforce_ssh_v1__run_001,initial_access,T1110.001,23,1,-0.0,0.9773,0.0138,11358.07,14691.42,0.8311,92,119,0.1766,0.2378,0.2457,0.0326,0.3434,12,6,0,2,0,0,0.7723,123.46,56.45,265.82,6153.89,7647.33,0,0.0284,0.6015,0,0
2026-09-09T15:38:56.256204+00:00,bruteforce_ssh_v1,bruteforce_ssh_v1__run_001,initial_access,T1110.001,27,1,-0.0,1.0,0.0,6968.86,7872.23,0.8783,54,61,0.2954,0.6815,0.2272,0.0238,0.2986,14,8,1,4,1,0,0.8766,129.05,45.42,243.83,9937.75,8698.02,0,0.0517,1.0069,0,0
2026-09-09T15:39:01.256204+00:00,bruteforce_ssh_v1,bruteforce_ssh_v1__run_001,initial_access,T1110.001,20,1,-0.0,1.0,0.0,2448.06,3672.08,0.7998,20,30,0.2494,0.3867,0.2354,0.0189,0.2923,11,5,1,3,1,0,0.6503,122.4,46.41,277.29,6762.72,7979.86,0,0.0392,0.49,0,0
2026-09-09T15:39:06.256204+00:00,bruteforce_ssh_v1,bruteforce_ssh_v1__run_001,initial_access,T1110.001,23,1,-0.0,0.9755,0.0079,10298.14,12312.99,0.9332,92,110,0.2255,0.4212,0.3067,0.0287,0.3929,12,6,1,3,0,0,0.8309,111.94,36.66,221.98,8258.7,9042.52,0,0.0391,0.741,0,0
2026-09-09T15:39:11.256204+00:00,bruteforce_ssh_v1,bruteforce_ssh_v1__run_001,initial_access,T1110.001,24,1,-0.0,1.0,0.0064,26525.01,31719.49,0.8256,240,287,0.291,0.8399,0.2463,0.0221,0.3125,13,8,1,3,2,0,0.8338,110.52,29.95,180.79,10426.37,7616.61,1,0.0,0.8992,0,0
2026-09-09T15:39:16.256204+00:00,bruteforce_ssh_v1,bruteforce_ssh_v1__run_001,initial_access,T1110.001,18,1,-0.0,1.0,0.0,17745.54,16266.74,0.9201,144,132,0.3016,0.5106,0.284,0.0344,0.3871,9,5,1,2,0,0,1.087,123.23,43.91,225.25,8946.97,8498.37,0,0.0313,0.7852,0,0
2026-09-09T15:39:21.256204+00:00,bruteforce_ssh_v1,bruteforce_ssh_v1__run_001,initial_access,T1110.001,23,1,-0.0,1.0,0.0302,18115.62,19428.35,0.8884,138,148,0.3743,0.7659,0.2646,0.031,0.3575,11,6,0,2,1,0,0.9314,131.27,37.1,227.25,5961.94,8160.87,0,0.0273,0.6708,0,5
2026-09-09T15:39:26.256204+00:00,bruteforce_ssh_v1,bruteforce_ssh_v1__run_001,initial_access,T1110.001,17,1,-0.0,0.9849,0.0466,13715.36,30081.58,0.9725,119,261,0.2194,0.2871,0.2391,0.0243,0.312,9,4,1,2,1,0,0.4547,115.26,38.05,167.34,8359.31,9629.32,0,0.0,1.2926,0,2
2026-09-09T15:39:31.256204+00:00,bruteforce_ssh_v1,bruteforce_ssh_v1__run_001,initial_access,T1110.001,21,1,-0.0,0.9571,0.0042,20605.08,19869.19,0.9037,168,162,0.363,0.5207,0.2212,0.0304,0.3123,11,6,0,3,0,0,1.0348,122.65,44.52,280.27,9397.7,7311.91,0,0.0066,0.8669,0,0
2026-09-09T15:39:36.256204+00:00,bruteforce_ssh_v1,bruteforce_ssh_v1__run_001,initial_access,T1110.001,23,1,-0.0,0.9906,0.004,14382.24,17633.88,0.8912,115,141,0.3301,0.559,0.2865,0.0403,0.4076,12,6,1,3,1,0,0.8099,125.06,35.38,202.07,9847.77,8251.48,0,0.0154,1.7771,0,1
2026-09-09T15:39:41.256204+00:00,bruteforce_ssh_v1,bruteforce_ssh_v1__run_001,initial_access,T1110.001,17,1,-0.0,1.0,0.0361,18288.84,22113.95,0.9004,153,185,0.3768,0.5367,0.2882,0.0223,0.3551,10,5,1,3,0,0,0.8243,119.53,40.88,214.21,7705.97,8697.32,0,0.0256,1.1611,0,2
2026-09-09T15:39:46.256204+00:00,bruteforce_ssh_v1,bruteforce_ssh_v1__run_001,initial_access,T1110.001,13,1,-0.0,1.0,0.0353,13520.67,13130.65,0.982,104,101,0.3424,0.4811,0.2308,0.016,0.2788,7,3,0,2,0,0,1.0213,130.01,35.82,186.42,9713.04,7291.42,0,0.0278,0.5496,0,1
2026-09-09T15:39:51.256204+00:00,bruteforce_ssh_v1,bruteforce_ssh_v1__run_001,initial_access,T1110.001,18,1,-0.0,0.9679,0.0391,9161.03,10077.13,0.8098,90,99,0.2367,0.3966,0.3013,0.0381,0.4156,10,4,1,3,1,0,0.9087,101.79,25.34,156.49,9331.85,9573.37,0,0.0,1.0729,0,0
2026-09-09T15:39:56.256204+00:00,bruteforce_ssh_v1,bruteforce_ssh_v1__run_001,initial_access,T1110.001,17,1,-0.0,0.9979,0.0,13615.07,16704.2,0.9177,119,146,0.2951,0.7759,0.2342,0.0147,0.2783,8,5,0,2,0,0,0.8148,114.41,29.69,170.16,7111.47,7810.1,0,0.0244,1.177,0,2
2026-09-09T15:40:01.256204+00:00,bruteforce_ssh_v1,bruteforce_ssh_v1__run_001,initial_access,T1110.001,19,1,-0.0,0.9789,0.0264,9038.81,8919.88,0.9533,76,75,0.3115,0.4156,0.2655,0.0351,0.3709,10,5,0,3,1,0,1.0025,118.93,38.59,217.98,8456.2,9888.66,0,0.0,0.037,0,0
2026-09-09T15:40:06.256204+00:00,bruteforce_ssh_v1,bruteforce_ssh_v1__run_001,initial_access,T1110.001,26,1,-0.0,0.9592,0.0406,15942.36,17413.97,0.942,130,142,0.2952,0.4261,0.2421,0.024,0.3142,14,6,2,3,1,0,0.9147,122.63,22.7,168.33,6585.19,6526.05,0,0.0302,0.8995,0,0
2026-09-09T15:40:11.256204+00:00,bruteforce_ssh_v1,bruteforce_ssh_v1__run_001,initial_access,T1110.001,14,1,-0.0,0.9957,0.0,23385.57,25184.46,0.9228,182,196,0.2467,0.7107,0.2856,0.0422,0.4122,7,4,0,1,0,0,0.9279,128.49,36.29,208.12,9531.64,6910.81,0,0.0308,0.685,0,0
2026-09-09T15:40:16.256204+00:00,bruteforce_ssh_v1,bruteforce_ssh_v1__run_001,initial_access,T1110.001,22,1,-0.0,0.9362,0.0886,7447.7,9140.36,0.9444,66,81,0.1524,0.3361,0.2673,0.0333,0.3673,11,6,1,3,1,0,0.8121,112.84,30.64,173.99,7129.83,4509.96,0,0.0099,1.8506,0,0
2026-09-09T15:40:21.256204+00:00,bruteforce_ssh_v1,bruteforce_ssh_v1__run_001,initial_access,T1110.001,25,1,-0.0,1.0,0.0,12003.19,19565.21,0.9223,100,163,0.1741,0.432,0.2692,0.0344,0.3723,13,7,0,3,1,0,0.612,120.03,33.83,189.89,7427.53,9034.97,0,0.0394,1.1961,0,0
2026-09-09T15:40:26.256204+00:00,bruteforce_ssh_v1,bruteforce_ssh_v1__run_001,initial_access,T1110.001,17,1,-0.0,1.0,0.012,11064.85,13451.39,0.8745,102,124,0.1346,0.3155,0.2507,0.0173,0.3025,9,5,1,2,0,0,0.8187,108.48,27.29,173.63,7108.59,8921.59,0,0.0,1.3563,0,1
2026-09-09T15:40:31.256204+00:00,bruteforce_ssh_v1,bruteforce_ssh_v1__run_001,initial_access,T1110.001,26,1,-0.0,0.9816,0.0265,27863.86,29530.93,0.8941,234,248,0.1201,0.1453,0.2644,0.0192,0.3221,14,7,0,4,2,0,0.9433,119.08,32.91,207.82,10488.84,6427.94,1,0.0,1.1403,0,4
2026-09-09T15:40:36.256204+00:00,bruteforce_ssh_v1,bruteforce_ssh_v1__run_001,initial_access,T1110.001,18,1,-0.0,0.9726,0.0274,11883.61,12147.69,1.0,90,92,0.1512,0.4267,0.2347,0.0309,0.3274,10,5,1,2,0,0,0.9757,132.04,46.11,242.23,9521.93,8685.08,0,0.0162,1.3303,0,0
2026-09-09T15:40:41.256204+00:00,bruteforce_ssh_v1,bruteforce_ssh_v1__run_001,initial_access,T1110.001,19,1,-0.0,1.0,0.0,17687.97,22808.17,0.8807,152,196,0.343,0.6649,0.2785,0.0206,0.3404,10,5,0,2,0,0,0.7723,116.37,37.54,226.14,7445.64,8356.05,0,0.0,0.8942,0,1
2026-09-09T15:40:46.256204+00:00,bruteforce_ssh_v1,bruteforce_ssh_v1__run_001,initial_access,T1110.001,15,1,-0.0,1.0,0.0445,7043.93,6691.74,0.8789,60,57,0.211,0.3004,0.2618,0.0133,0.3018,8,4,0,2,0,0,1.0494,117.4,27.61,176.51,9434.29,9041.19,0,0.0129,0.9904,0,0
2026-09-09T15:40:51.256204+00:00,bruteforce_ssh_v1,bruteforce_ssh_v1__run_001,initial_access,T1110.001,16,1,-0.0,0.994,0.016,10537.55,9878.96,0.9482,96,90,0.1676,0.2739,0.252,0.0348,0.3566,8,4,0,2,0,0,1.0583,109.77,33.83,172.56,9668.68,7515.97,0,0.0281,0.8274,0,0
2026-09-09T15:40:56.256204+00:00,bruteforce_ssh_v1,bruteforce_ssh_v1__run_001,initial_access,T1110.001,20,1,-0.0,0.9702,0.057,16509.58,17452.98,0.8945,140,148,0.1308,0.3751,0.2471,0.014,0.2891,10,6,1,3,1,0,0.9448,117.93,23.46,165.99,8498.08,9548.34,0,0.0364,0.8185,0,1
2026-09-09T15:41:01.256204+00:00,bruteforce_ssh_v1,bruteforce_ssh_v1__run_001,initial_access,T1110.001,17,1,-0.0,0.9726,0.0267,12768.31,15021.55,0.9168,102,120,0.2401,0.5976,0.2817,0.0163,0.3307,9,5,0,2,0,0,0.8432,125.18,36.57,211.06,8340.19,9787.74,0,0.0401,1.6528,0,0
2026-09-09T15:41:06.256204+00:00,bruteforce_ssh_v1,bruteforce_ssh_v1__run_001,initial_access,T1110.001,16,1,-0.0,1.0,0.0,7314.49,7428.78,0.8267,64,65,0.3409,0.7073,0.2131,0.0202,0.2736,8,4,1,3,0,0,0.9728,114.29,35.01,190.15,7323.63,6814.78,0,0.0,2.1827,0,0
2026-09-09T15:41:11.256204+00:00,bruteforce_ssh_v1,bruteforce_ssh_v1__run_001,initial_access,T1110.001,19,1,-0.0,0.9872,0.0227,29572.47,31907.14,0.905,228,246,0.28,0.3937,0.2304,0.0276,0.3132,10,5,0,3,1,0,0.9233,129.7,58.85,341.71,7994.38,7432.07,0,0.0433,0.0161,0,1
2026-09-09T15:41:16.256204+00:00,bruteforce_ssh_v1,bruteforce_ssh_v1__run_001,initial_access,T1110.001,26,1,-0.0,0.9719,0.065,11792.87,9298.23,0.8927,104,82,0.2724,0.621,0.2693,0.0397,0.3883,14,7,1,3,1,0,1.266,113.39,33.01,199.88,9443.63,9404.92,0,0.0,1.4037,0,0
2026-09-09T15:41:21.256204+00:00,bruteforce_ssh_v1,bruteforce_ssh_v1__run_001,initial_access,T1110.001,25,1,-0.0,0.994,0.0,14479.52,13436.99,0.9489,125,116,0.2044,0.3606,0.2776,0.0362,0.3861,13,7,1,4,0,0,1.075,115.84,34.38,172.99,8272.66,9231.61,0,0.0684,1.988,0,2
2026-09-09T15:41:26.256204+00:00,bruteforce_ssh_v1,bruteforce_ssh_v1__run_001,initial_access,T1110.001,17,1,-0.0,1.0,0.0268,10088.71,8901.81,0.8691,85,75,0.1675,0.4695,0.1788,0.0114,0.213,9,5,1,2,0,0,1.133,118.69,31.95,175.89,5827.38,7671.06,0,0.0026,0.994,0,1
2026-09-09T15:41:31.256204+00:00,bruteforce_ssh_v1,bruteforce_ssh_v1__run_001,initial_access,T1110.001,21,1,-0.0,0.9815,0.0159,5737.08,5054.1,0.908,42,37,0.3795,0.7332,0.3194,0.0236,0.3902,11,6,1,3,0,0,1.1161,136.6,35.02,236.31,8887.87,8737.89,0,0.0169,1.8161,0,2
2026-09-09T15:41:36.256204+00:00,bruteforce_ssh_v1,bruteforce_ssh_v1__run_001,initial_access,T1110.001,19,1,-0.0,0.986,0.0114,9832.3,16870.15,0.9211,95,163,0.3904,0.9069,0.2599,0.0154,0.3061,10,5,0,2,0,0,0.5814,103.5,34.84,206.64,7935.69,9703.87,0,0.0,0.9499,0,0
2026-09-09T15:41:41.256204+00:00,bruteforce_ssh_v1,bruteforce_ssh_v1__run_001,initial_access,T1110.001,17,1,-0.0,0.9999,0.0311,5633.26,4749.61,0.898,51,43,0.2961,0.471,0.2486,0.0333,0.3484,9,5,0,2,0,0,1.1646,110.46,22.21,149.01,7302.22,7305.99,0,0.0,0.333,0,1
2026-09-09T15:41:46.256204+00:00,bruteforce_ssh_v1,bruteforce_ssh_v1__run_001,initial_access,T1110.001,11,1,-0.0,1.0,0.0,4037.33,4404.36,0.8846,33,36,0.1726,0.4097,0.2419,0.0238,0.3133,6,3,0,1,0,0,0.8983,122.34,42.37,204.35,9975.57,8663.65,0,0.0455,0.8518,0,0
2026-09-09T15:41:51.256204+00:00,bruteforce_ssh_v1,bruteforce_ssh_v1__run_001,initial_access,T1110.001,22,1,-0.0,0.9797,0.0206,20929.9,30337.79,0.9523,198,287,0.1884,0.5384,0.2727,0.0275,0.3552,11,6,1,2,1,1,0.6887,105.71,37.52,192.52,9034.89,8800.48,0,0.0,1.4566,0,1
2026-09-09T15:41:56.256204+00:00,bruteforce_ssh_v1,bruteforce_ssh_v1__run_001,initial_access,T1110.001,16,1,-0.0,1.0,0.0448,18790.76,16794.25,0.9562,160,143,0.3336,0.5677,0.3207,0.0341,0.4231,8,4,0,2,0,0,1.1184,117.44,37.61,233.59,7464.13,7174.06,0,0.0,1.7705,0,0
2026-09-09T15:42:01.256204+00:00,bruteforce_ssh_v1,bruteforce_ssh_v1__run_001,initial_access,T1110.001,18,1,-0.0,1.0,0.0126,10782.04,11740.45,0.9973,90,98,0.1571,0.455,0.2155,0.0117,0.2505,9,5,1,2,0,0,0.9118,119.8,39.58,194.43,9273.28,10799.25,0,0.0,1.505,0,0
2026-09-09T15:42:06.256204+00:00,bruteforce_ssh_v1,bruteforce_ssh_v1__run_001,initial_access,T1110.001,20,1,-0.0,0.9743,0.0022,11698.36,16611.66,0.8931,100,142,0.3642,0.5919,0.2619,0.032,0.3578,11,6,0,3,1,0,0.7019,116.98,38.64,194.8,8231.94,9058.26,0,0.0578,0.5313,0,1
2026-09-09T15:42:11.256204+00:00,bruteforce_ssh_v1,bruteforce_ssh_v1__run_001,initial_access,T1110.001,20,1,-0.0,0.9924,0.0057,15831.07,27968.22,0.9464,120,212,0.3595,0.7116,0.2859,0.0166,0.3359,10,5,0,3,1,0,0.565,131.93,48.62,235.61,8507.32,8591.83,0,0.025,0.5142,0,1
2026-09-09T15:42:16.256204+00:00,bruteforce_ssh_v1,bruteforce_ssh_v1__run_001,initial_access,T1110.001,20,1,-0.0,1.0,0.025,5348.73,6819.62,0.9295,40,51,0.2385,0.496,0.2519,0.0333,0.3519,11,6,1,2,1,0,0.7784,133.72,50.63,245.95,7902.88,7386.12,0,0.0126,1.1486,0,0
2026-09-09T15:42:21.256204+00:00,bruteforce_ssh_v1,bruteforce_ssh_v1__run_001,initial_access,T1110.001,18,1,-0.0,1.0,0.0,10508.81,14712.34,0.8586,90,126,0.2856,0.6648,0.2615,0.0276,0.3444,10,5,1,3,0,0,0.7095,116.76,21.34,161.25,6242.76,6760.35,0,0.0244,0.6473,0,0
2026-09-09T15:42:26.256204+00:00,bruteforce_ssh_v1,bruteforce_ssh_v1__run_001,initial_access,T1110.001,24,1,-0.0,1.0,0.0327,13984.53,18762.58,0.9712,120,161,0.1775,0.2481,0.2355,0.0163,0.2844,13,6,1,3,0,0,0.7451,116.54,31.15,213.08,7736.4,5735.9,0,0.009,1.763,0,3
2026-09-09T15:42:31.256204+00:00,bruteforce_ssh_v1,bruteforce_ssh_v1__run_001,initial_access,T1110.001,18,1,-0.0,1.0,0.0278,6344.25,7871.57,0.8997,54,67,0.2473,0.3228,0.2499,0.0138,0.2913,9,5,0,2,0,0,0.7965,117.49,35.27,199.05,8363.64,7374.4,0,0.0105,0.9453,0,0
2026-09-09T15:42:36.256204+00:00,bruteforce_ssh_v1,bruteforce_ssh_v1__run_001,initial_access,T1110.001,19,1,-0.0,0.9863,0.0,16164.19,19567.18,0.9782,133,161,0.3428,0.7925,0.2609,0.0259,0.3387,10,5,1,3,0,0,0.8211,121.54,34.32,220.48,9320.99,7489.84,0,0.0,0.2391,0,1
2026-09-09T15:42:41.256204+00:00,bruteforce_ssh_v1,bruteforce_ssh_v1__run_001,initial_access,T1110.001,18,1,-0.0,1.0,0.0,18768.9,21636.37,0.9132,144,166,0.2999,0.4266,0.2229,0.0119,0.2586,9,5,0,2,1,0,0.8658,130.34,28.85,176.55,7327.73,7441.57,0,0.0456,0.716,0,0
2026-09-09T15:42:46.256204+00:00,bruteforce_ssh_v1,bruteforce_ssh_v1__run_001,initial_access,T1110.001,16,1,-0.0,1.0,0.0036,8241.77,9143.21,0.8779,64,71,0.1456,0.2288,0.265,0.034,0.367,9,4,0,2,0,0,0.8977,128.78,35.63,219.86,5530.08,7435.07,0,0.0026,1.174,0,1
2026-09-09T15:42:51.256204+00:00,bruteforce_ssh_v1,bruteforce_ssh_v1__run_001,initial_access,T1110.001,21,1,-0.0,0.9982,0.0,14392.46,14164.01,0.935,126,124,0.2705,0.6631,0.2796,0.0177,0.3328,11,6,1,3,1,0,1.0137,114.23,47.11,232.06,8511.1,7704.59,0,0.0,1.2101,0,0
2026-09-09T15:42:56.256204+00:00,bruteforce_ssh_v1,bruteforce_ssh_v1__run_001,initial_access,T1110.001,17,1,-0.0,0.9806,0.0,14726.94,13489.38,0.8325,119,109,0.1563,0.3523,0.2874,0.0213,0.3512,9,5,1,2,1,0,1.0892,123.76,37.92,226.83,7955.71,8222.16,0,0.0241,1.0625,0,1
2026-09-09T15:43:01.256204+00:00,bruteforce_ssh_v1,bruteforce_ssh_v1__run_001,initial_access,T1110.001,25,1,-0.0,0.9991,0.0,9068.39,10640.24,0.8451,75,88,0.1955,0.4637,0.2494,0.0312,0.3431,14,6,1,3,1,0,0.8465,120.91,26.08,167.59,6981.83,7010.1,0,0.0014,1.7548,0,1
2026-09-09T15:43:06.256204+00:00,bruteforce_ssh_v1,bruteforce_ssh_v1__run_001,initial_access,T1110.001,17,1,-0.0,1.0,0.0,13745.78,16864.57,0.8762,119,146,0.2795,0.4907,0.2319,0.0244,0.3051,9,4,0,1,0,0,0.81,115.51,41.76,221.2,8667.87,7527.19,0,0.053,1.2449,0,0
2026-09-09T15:43:11.256204+00:00,bruteforce_ssh_v1,bruteforce_ssh_v1__run_001,initial_access,T1110.001,17,1,-0.0,1.0,0.0,9934.31,11804.3,0.8597,85,101,0.2078,0.5574,0.2449,0.0254,0.321,9,5,0,2,1,0,0.8336,116.87,32.3,194.25,9549.07,8958.76,0,0.0,1.324,0,0
2026-09-09T15:43:16.256204+00:00,bruteforce_ssh_v1,bruteforce_ssh_v1__run_001,initial_access,T1110.001,27,1,-0.0,1.0,0.0204,16113.13,15277.64,0.9085,135,128,0.1888,0.2398,0.2027,0.0146,0.2465,14,8,1,3,2,0,1.0535,119.36,33.01,188.32,9589.21,8147.5,1,0.0068,1.2071,0,4
2026-09-09T15:43:21.256204+00:00,bruteforce_ssh_v1,bruteforce_ssh_v1__run_001,initial_access,T1110.001,20,1,-0.0,1.0,0.0093,8523.56,8310.48,0.8743,80,78,0.253,0.7583,0.2724,0.0399,0.3921,11,6,1,3,1,0,1.0209,106.54,23.2,146.43,9143.26,6631.49,0,0.0454,1.1904,0,2
2026-09-09T15:43:26.256204+00:00,bruteforce_ssh_v1,bruteforce_ssh_v1__run_001,initial_access,T1110.001,15,1,-0.0,0.9896,0.0115,8103.54,9616.2,0.8885,75,89,0.1755,0.2923,0.3127,0.0407,0.4348,7,4,0,2,0,0,0.8366,108.05,37.5,189.01,8717.01,8141.99,0,0.0,0.7768,0,1
2026-09-09T15:43:31.256204+00:00,bruteforce_ssh_v1,bruteforce_ssh_v1__run_001,initial_access,T1110.001,24,1,-0.0,0.974,0.0504,11335.17,9564.05,1.0,96,81,0.2853,0.5633,0.2579,0.0172,0.3096,13,8,0,4,0,0,1.1711,118.07,35.18,206.4,9844.23,8582.35,0,0.0134,0.5335,0,0
2026-09-09T15:43:36.256204+00:00,bruteforce_ssh_v1,bruteforce_ssh_v1__run_001,initial_access,T1110.001,16,1,-0.0,1.0,0.018,9777.21,9043.92,0.9184,80,74,0.1935,0.3415,0.2334,0.0347,0.3376,8,4,0,2,0,0,1.0701,122.22,28.01,164.22,6418.98,8678.54,0,0.0146,1.4928,0,0
2026-09-09T15:43:41.256204+00:00,bruteforce_ssh_v1,bruteforce_ssh_v1__run_001,initial_access,T1110.001,20,1,-0.0,1.0,0.0136,14069.88,16039.67,0.8341,100,114,0.2637,0.3215,0.242,0.0177,0.2951,11,5,1,3,1,0,0.8766,140.7,34.97,227.3,7871.39,7879.43,0,0.0362,1.197,0,0
2026-09-09T15:43:46.256204+00:00,bruteforce_ssh_v1,bruteforce_ssh_v1__run_001,initial_access,T1110.001,15,1,-0.0,0.9693,0.0151,11709.19,8326.53,0.7935,90,64,0.2941,0.5369,0.2245,0.0285,0.31,8,4,0,2,0,0,1.3942,130.1,21.33,163.96,9306.51,8239.16,0,0.0582,1.4984,0,3
2026-09-09T15:43:51.256204+00:00,bruteforce_ssh_v1,bruteforce_ssh_v1__run_001,initial_access,T1110.001,21,1,-0.0,1.0,0.0205,17561.05,17700.42,0.8959,126,127,0.3629,0.9274,0.3007,0.0417,0.4259,12,6,1,3,0,0,0.9919,139.37,33.37,206.26,8862.33,8636.64,0,0.0011,1.4927,0,0
2026-09-09T15:43:56.256204+00:00,bruteforce_ssh_v1,bruteforce_ssh_v1__run_001,initial_access,T1110.001,14,1,-0.0,1.0,0.0173,17315.04,24061.16,0.827,154,214,0.1399,0.3825,0.2351,0.0277,0.3181,7,3,0,1,0,0,0.7172,112.44,24.94,145.97,8009.17,10124.23,0,0.0,1.836,0,0
2026-09-09T15:44:01.256204+00:00,bruteforce_ssh_v1,bruteforce_ssh_v1__run_001,initial_access,T1110.001,20,1,-0.0,0.9943,0.0,13037.73,22164.15,0.909,100,170,0.138,0.4051,0.2565,0.0297,0.3457,11,5,0,2,0,0,0.5852,130.38,39.17,244.57,8392.32,7787.58,0,0.0356,0.7852,0,1
2026-09-09T15:44:06.256204+00:00,bruteforce_ssh_v1,bruteforce_ssh_v1__run_001,initial_access,T1110.001,21,1,-0.0,1.0,0.0173,7214.03,8473.63,0.983,63,74,0.1674,0.2506,0.2421,0.0188,0.2987,11,6,0,3,1,0,0.8473,114.51,35.2,185.8,10543.98,9075.21,0,0.0113,1.386,0,1
2026-09-09T15:44:11.256204+00:00,bruteforce_ssh_v1,bruteforce_ssh_v1__run_001,initial_access,T1110.001,18,1,-0.0,0.9737,0.0244,14535.96,16497.16,0.8893,126,143,0.3337,0.9612,0.2954,0.016,0.3435,9,6,0,2,0,0,0.8751,115.36,26.64,174.33,8318.79,7510.18,0,0.0,0.5679,0,0
2026-09-09T15:44:16.256204+00:00,bruteforce_ssh_v1,bruteforce_ssh_v1__run_001,initial_access,T1110.001,22,1,-0.0,0.9927,0.0,27064.89,35184.36,0.9125,220,286,0.3579,0.4623,0.2437,0.0151,0.289,12,6,0,3,0,0,0.7667,123.02,36.62,231.78,7683.41,7553.74,0,0.0,0.5912,0,0
2026-09-09T15:44:21.256204+00:00,bruteforce_ssh_v1,bruteforce_ssh_v1__run_001,initial_access,T1110.001,20,1,-0.0,0.9857,0.0,7788.2,7268.99,0.9131,60,56,0.2591,0.7523,0.274,0.0228,0.3425,11,6,0,3,1,0,1.0703,129.8,51.28,277.53,7389.92,7642.0,0,0.0,0.9186,0,0
2026-09-09T15:44:26.256204+00:00,bruteforce_ssh_v1,bruteforce_ssh_v1__run_001,initial_access,T1110.001,24,1,-0.0,0.9709,0.018,20234.14,19511.49,0.8218,168,162,0.1823,0.3787,0.292,0.0253,0.368,13,7,0,3,0,0,1.0356,120.44,49.5,239.18,6705.77,7558.86,0,0.0616,0.707,0,1
2026-09-09T15:44:31.256204+00:00,bruteforce_ssh_v1,bruteforce_ssh_v1__run_001,initial_access,T1110.001,19,1,-0.0,0.954,0.005,24097.49,33863.31,0.86,190,267,0.2978,0.6815,0.2872,0.0429,0.4159,10,6,1,2,0,0,0.7107,126.83,44.79,226.67,9602.06,7113.65,0,0.0448,1.2152,0,1
2026-09-09T15:44:36.256204+00:00,bruteforce_ssh_v1,bruteforce_ssh_v1__run_001,initial_access,T1110.001,15,1,-0.0,0.974,0.034,10450.12,11146.8,0.9907,90,96,0.3601,0.599,0.265,0.0379,0.3787,8,4,0,2,1,0,0.9307,116.11,26.55,171.18,8865.87,7534.05,0,0.0556,0.0702,0,1
2026-09-09T15:44:41.256204+00:00,bruteforce_ssh_v1,bruteforce_ssh_v1__run_001,initial_access,T1110.001,10,1,-0.0,1.0,0.0099,4005.87,3338.22,0.9278,30,25,0.3597,0.5107,0.2798,0.0346,0.3836,5,2,0,1,0,0,1.16,133.53,38.86,207.44,6892.04,8118.52,0,0.0135,1.1137,0,1
2026-09-09T15:44:46.256204+00:00,bruteforce_ssh_v1,bruteforce_ssh_v1__run_001,initial_access,T1110.001,23,1,-0.0,1.0,0.0237,20817.84,31937.92,0.9197,161,247,0.1241,0.219,0.237,0.0164,0.2861,12,6,1,2,1,0,0.6501,129.3,28.55,188.54,7467.12,7896.3,0,0.0228,1.6104,0,2
2026-09-09T15:44:51.256204+00:00,bruteforce_ssh_v1,bruteforce_ssh_v1__run_001,initial_access,T1110.001,25,1,-0.0,1.0,0.0,32014.64,49011.5,0.941,275,421,0.3623,0.9499,0.2786,0.0179,0.3322,13,7,1,3,1,0,0.6532,116.42,35.19,192.8,6539.4,10605.96,0,0.0074,1.2123,0,4
2026-09-09T15:44:56.256204+00:00,bruteforce_ssh_v1,bruteforce_ssh_v1__run_001,initial_access,T1110.001,15,1,-0.0,0.984,0.0319,14347.49,14894.06,0.9056,105,109,0.1755,0.3087,0.2918,0.035,0.3968,8,4,0,2,1,0,0.958,136.64,36.66,212.67,9111.46,8039.71,0,0.0,0.1675,0,1
2026-09-09T15:45:01.256204+00:00,bruteforce_ssh_v1,bruteforce_ssh_v1__run_001,initial_access,T1110.001,15,1,-0.0,1.0,0.0,7042.07,7668.03,0.9608,45,49,0.2007,0.3618,0.2282,0.0245,0.3016,8,4,0,2,1,0,0.9004,156.49,108.97,527.97,7396.35,10545.8,0,0.0636,1.0525,0,0
2026-09-09T15:45:06.256204+00:00,bruteforce_ssh_v1,bruteforce_ssh_v1__run_001,initial_access,T1110.001,20,1,-0.0,1.0,0.0432,12290.51,10446.93,0.8721,120,102,0.1433,0.2691,0.2596,0.0382,0.3741,10,5,0,2,1,0,1.171,102.42,31.69,189.58,7027.87,8617.06,0,0.0,0.7461,0,2
2026-09-09T15:45:11.256204+00:00,bruteforce_ssh_v1,bruteforce_ssh_v1__run_001,initial_access,T1110.001,27,1,-0.0,1.0,0.0154,16435.56,16029.74,0.8807,162,158,0.3563,0.5335,0.3293,0.0483,0.4742,15,8,1,4,1,0,1.02,101.45,25.91,160.96,9261.95,9691.44,0,0.0409,1.2052,0,2
2026-09-09T15:45:16.256204+00:00,bruteforce_ssh_v1,bruteforce_ssh_v1__run_001,initial_access,T1110.001,19,1,-0.0,0.986,0.0033,14278.07,19037.43,0.7998,114,152,0.1917,0.2692,0.236,0.0148,0.2803,10,6,0,2,0,0,0.7459,125.25,40.29,226.56,5607.61,8039.02,0,0.0397,0.9961,0,0
2026-09-09T15:45:21.256204+00:00,bruteforce_ssh_v1,bruteforce_ssh_v1__run_001,initial_access,T1110.001,19,1,-0.0,1.0,0.0123,4567.4,5168.37,0.9009,38,43,0.2804,0.4846,0.2671,0.0176,0.32,8,5,1,2,1,0,0.875,120.19,40.66,220.13,8319.63,8089.9,0,0.0,0.8308,0,0
2026-09-09T15:45:26.256204+00:00,bruteforce_ssh_v1,bruteforce_ssh_v1__run_001,initial_access,T1110.001,16,1,-0.0,0.9685,0.0247,7773.05,8987.59,0.8524,64,74,0.2731,0.815,0.2453,0.0357,0.3523,8,4,0,2,0,0,0.8635,121.45,43.42,225.9,8791.65,8162.31,0,0.0529,1.511,0,0
2026-09-09T15:45:31.256204+00:00,bruteforce_ssh_v1,bruteforce_ssh_v1__run_001,initial_access,T1110.001,7,1,-0.0,1.0,0.0,3928.91,4377.93,0.8942,35,39,0.2026,0.4602,0.2268,0.0275,0.3094,3,2,0,0,0,0,0.8887,112.25,16.02,131.35,8779.01,7248.01,0,0.0182,1.5309,0,0
2026-09-09T15:45:36.256204+00:00,bruteforce_ssh_v1,bruteforce_ssh_v1__run_001,initial_access,T1110.001,13,1,-0.0,1.0,0.0416,16228.88,23094.95,0.894,130,185,0.1605,0.2934,0.2626,0.0352,0.3681,7,3,0,1,1,0,0.7022,124.84,30.94,201.45,7058.12,8126.26,0,0.0,0.9621,0,0
2026-09-09T15:45:41.256204+00:00,bruteforce_ssh_v1,bruteforce_ssh_v1__run_001,initial_access,T1110.001,19,1,-0.0,0.9715,0.0143,15523.63,17858.01,0.9547,133,153,0.3531,0.945,0.2657,0.0196,0.3245,10,5,0,2,1,0,0.8651,116.72,36.24,172.31,8511.45,7836.48,0,0.0,1.952,0,0
2026-09-09T15:45:46.256204+00:00,bruteforce_ssh_v1,bruteforce_ssh_v1__run_001,initial_access,T1110.001,19,1,-0.0,0.9149,0.0773,11219.15,11691.54,0.8621,95,99,0.3917,0.7711,0.2707,0.0222,0.3372,10,5,1,3,0,0,0.9502,118.1,45.29,270.9,8534.38,8107.63,0,0.0631,1.5364,0,0
2026-09-09T15:45:51.256204+00:00,bruteforce_ssh_v1,bruteforce_ssh_v1__run_001,initial_access,T1110.001,15,1,-0.0,1.0,0.0154,17812.57,16625.07,0.9221,135,126,0.2639,0.5361,0.3001,0.0327,0.3981,7,4,0,2,0,0,1.0655,131.94,40.53,204.31,8710.19,10153.11,0,0.053,1.1906,0,0
2026-09-09T15:45:56.256204+00:00,bruteforce_ssh_v1,bruteforce_ssh_v1__run_001,initial_access,T1110.001,17,1,-0.0,1.0,0.0,6324.13,5332.11,0.966,51,43,0.1343,0.1676,0.2521,0.0322,0.3487,8,4,1,2,0,0,1.1673,124.0,35.87,209.99,9364.71,8748.01,0,0.0555,0.2839,0,0
2026-09-09T15:46:01.256204+00:00,bruteforce_ssh_v1,bruteforce_ssh_v1__run_001,initial_access,T1110.001,16,1,-0.0,1.0,0.0156,9215.11,11518.88,0.8825,80,100,0.2153,0.6287,0.2767,0.0168,0.3271,8,4,0,2,0,0,0.7948,115.19,38.5,208.92,7944.26,7209.66,0,0.045,0.8469,0,1
2026-09-09T15:46:06.256204+00:00,bruteforce_ssh_v1,bruteforce_ssh_v1__run_001,initial_access,T1110.001,23,1,-0.0,0.9298,0.0532,21172.49,20865.64,0.8668,207,204,0.3529,0.8047,0.1983,0.0221,0.2646,12,7,0,2,1,0,1.0145,102.28,25.46,180.54,9052.05,8902.49,0,0.0547,0.5535,0,2
2026-09-09T15:46:11.256204+00:00,bruteforce_ssh_v1,bruteforce_ssh_v1__run_001,initial_access,T1110.001,17,1,-0.0,1.0,0.0,6085.64,9426.78,0.976,51,79,0.264,0.4,0.2782,0.03,0.3681,8,5,0,3,0,0,0.6434,119.33,34.15,192.72,7779.43,8380.4,0,0.0286,1.2848,0,1
2026-09-09T15:46:16.256204+00:00,bruteforce_ssh_v1,bruteforce_ssh_v1__run_001,initial_access,T1110.001,26,1,-0.0,0.9625,0.0456,25008.28,26290.75,0.883,234,246,0.292,0.4349,0.3105,0.0277,0.3936,14,7,1,3,0,0,0.9477,106.87,24.89,177.44,8110.49,6466.25,0,0.0195,1.8235,0,0
2026-09-09T15:46:21.256204+00:00,bruteforce_ssh_v1,bruteforce_ssh_v1__run_001,initial_access,T1110.001,16,1,-0.0,1.0,0.0044,15422.24,19140.11,0.9599,112,139,0.2424,0.5533,0.2269,0.024,0.2989,9,5,0,2,0,0,0.8016,137.7,84.26,453.64,8665.18,8015.66,0,0.0851,2.2138,0,2
2026-09-09T15:46:26.256204+00:00,bruteforce_ssh_v1,bruteforce_ssh_v1__run_001,initial_access,T1110.001,27,1,-0.0,0.979,0.0,22234.07,29880.71,0.8365,189,254,0.3124,0.6275,0.2632,0.0142,0.3058,15,7,0,3,2,0,0.7429,117.64,31.02,195.43,7462.03,8807.62,1,0.0248,1.3643,0,0
2026-09-09T15:46:31.256204+00:00,bruteforce_ssh_v1,bruteforce_ssh_v1__run_001,initial_access,T1110.001,23,1,-0.0,1.0,0.0165,13821.99,14903.71,0.8493,115,124,0.2165,0.3932,0.2502,0.0273,0.3321,11,7,1,3,0,0,0.9258,120.19,32.78,179.94,8368.86,8249.74,0,0.0125,0.661,0,0
2026-09-09T15:46:36.256204+00:00,bruteforce_ssh_v1,bruteforce_ssh_v1__run_001,initial_access,T1110.001,27,1,-0.0,0.9834,0.0271,20573.03,23076.63,0.9106,189,212,0.1376,0.2999,0.3125,0.026,0.3906,13,8,1,3,0,0,0.8907,108.85,36.15,197.49,8929.54,9189.96,0,0.015,0.6473,0,0
2026-09-09T15:46:41.256204+00:00,bruteforce_ssh_v1,bruteforce_ssh_v1__run_001,initial_access,T1110.001,16,1,-0.0,1.0,0.0,1941.23,1698.58,0.8869,16,14,0.2114,0.3876,0.2538,0.0263,0.3326,8,5,1,2,0,0,1.0719,121.33,26.4,178.65,6621.28,8517.73,0,0.0747,0.3323,0,0
2026-09-09T15:46:46.256204+00:00,bruteforce_ssh_v1,bruteforce_ssh_v1__run_001,initial_access,T1110.001,24,1,-0.0,1.0,0.0051,13394.67,13841.16,0.8493,120,124,0.1917,0.3412,0.2654,0.0173,0.3173,13,7,0,2,0,0,0.9643,111.62,26.62,153.38,8363.3,8091.22,0,0.0607,1.2246,0,2
2026-09-09T15:46:51.256204+00:00,bruteforce_ssh_v1,bruteforce_ssh_v1__run_001,initial_access,T1110.001,18,1,-0.0,0.9304,0.064,11587.19,19311.99,0.8745,108,180,0.3068,0.8539,0.247,0.014,0.2891,9,4,0,2,0,0,0.5994,107.29,30.99,161.39,7499.09,6047.17,0,0.0,0.3377,0,0
2026-09-09T15:46:56.256204+00:00,bruteforce_ssh_v1,bruteforce_ssh_v1__run_001,initial_access,T1110.001,22,1,-0.0,0.9488,0.046,13882.31,18425.61,0.901,110,146,0.2998,0.7232,0.231,0.0161,0.2794,12,6,1,3,2,0,0.7496,126.2,46.05,239.85,9962.92,8055.35,1,0.0379,1.141,0,0
2026-09-09T15:47:01.256204+00:00,bruteforce_ssh_v1,bruteforce_ssh_v1__run_001,initial_access,T1110.001,21,1,-0.0,1.0,0.0092,13974.62,14373.89,0.8844,105,108,0.1969,0.3089,0.2344,0.0255,0.3107,12,6,0,3,0,0,0.9696,133.09,42.26,236.58,7449.18,7091.57,0,0.0478,0.9555,0,0
2026-09-09T15:47:06.256204+00:00,bruteforce_ssh_v1,bruteforce_ssh_v1__run_001,initial_access,T1110.001,21,1,-0.0,0.9543,0.0553,16700.03,19199.36,0.8979,147,169,0.1818,0.3576,0.3133,0.0261,0.3917,11,6,0,3,1,0,0.8658,113.61,45.05,220.1,8262.86,7482.15,0,0.0515,1.0319,0,4
2026-09-09T15:47:11.256204+00:00,bruteforce_ssh_v1,bruteforce_ssh_v1__run_001,initial_access,T1110.001,23,1,-0.0,1.0,0.0,26221.39,31807.69,0.8706,230,279,0.1723,0.2441,0.2153,0.0309,0.308,12,7,0,3,0,0,0.8229,114.01,26.3,177.59,8917.5,9154.22,0,0.0086,1.1235,0,0
2026-09-09T15:47:16.256204+00:00,bruteforce_ssh_v1,bruteforce_ssh_v1__run_001,initial_access,T1110.001,17,1,-0.0,0.9656,0.0499,12442.29,20127.24,0.7887,102,165,0.3666,1.0549,0.2663,0.0304,0.3574,9,4,1,2,0,0,0.6176,121.98,31.34,195.45,9161.03,9073.22,0,0.0483,0.7205,0,0
2026-09-09T15:47:21.256204+00:00,bruteforce_ssh_v1,bruteforce_ssh_v1__run_001,initial_access,T1110.001,17,1,-0.0,0.9789,0.02,12151.5,11436.71,0.8889,102,96,0.3443,0.608,0.2553,0.0309,0.3482,9,5,0,2,0,0,1.0523,119.13,34.86,210.49,10031.57,8981.45,0,0.0,0.8896,0,1
2026-09-09T15:47:26.256204+00:00,bruteforce_ssh_v1,bruteforce_ssh_v1__run_001,initial_access,T1110.001,29,1,-0.0,0.9616,0.0451,16821.52,17401.58,0.8528,145,150,0.2269,0.6193,0.2311,0.0226,0.2988,15,7,0,4,0,0,0.9649,116.01,38.72,205.72,7176.85,9045.37,0,0.0309,0.7687,0,3
2026-09-09T15:47:31.256204+00:00,bruteforce_ssh_v1,bruteforce_ssh_v1__run_001,initial_access,T1110.001,26,1,-0.0,1.0,0.0,22897.95,24659.33,0.8935,182,196,0.2729,0.5191,0.2796,0.0403,0.4004,15,7,1,2,0,0,0.9252,125.81,40.27,233.65,8717.87,8068.5,0,0.0281,0.9407,0,2
2026-09-09T15:47:36.256204+00:00,bruteforce_ssh_v1,bruteforce_ssh_v1__run_001,initial_access,T1110.001,19,1,-0.0,0.9974,0.0022,18983.38,17359.8,0.9077,152,139,0.3428,0.648,0.2581,0.0279,0.3418,10,5,0,2,1,0,1.0886,124.89,39.4,221.35,8666.56,11046.04,0,0.059,0.8287,0,0
2026-09-09T15:47:41.256204+00:00,bruteforce_ssh_v1,bruteforce_ssh_v1__run_001,initial_access,T1110.001,13,1,-0.0,1.0,0.0253,10193.02,9408.94,0.9114,91,84,0.164,0.3991,0.2305,0.0132,0.27,6,4,0,1,0,0,1.0831,112.01,37.7,220.17,9086.63,8755.15,0,0.0184,1.0214,0,2
2026-09-09T15:47:46.256204+00:00,bruteforce_ssh_v1,bruteforce_ssh_v1__run_001,initial_access,T1110.001,28,1,-0.0,1.0,0.0,18430.13,16455.47,0.829,168,150,0.2974,0.6419,0.1998,0.0191,0.2571,15,8,1,3,2,0,1.1157,109.7,30.57,172.93,9241.88,7417.19,1,0.0,1.4618,0,0
2026-09-09T15:47:51.256204+00:00,bruteforce_ssh_v1,bruteforce_ssh_v1__run_001,initial_access,T1110.001,12,1,-0.0,0.9914,0.0105,3744.98,5097.34,0.8155,36,49,0.2638,0.7671,0.3072,0.0288,0.3936,6,3,0,2,1,0,0.7314,104.03,27.47,166.72,8636.76,8209.24,0,0.0011,1.1854,0,1
2026-09-09T15:47:56.256204+00:00,bruteforce_ssh_v1,bruteforce_ssh_v1__run_001,initial_access,T1110.001,10,1,-0.0,0.9927,0.0376,2160.28,3348.44,0.8862,20,31,0.1508,0.3371,0.3331,0.0393,0.4509,5,2,0,1,0,0,0.6276,108.01,32.69,153.85,9473.84,8387.15,0,0.0,0.5303,0,2
2026-09-09T15:48:01.256204+00:00,bruteforce_ssh_v1,bruteforce_ssh_v1__run_001,initial_access,T1110.001,14,1,-0.0,1.0,0.0,10773.99,13962.21,0.8545,98,127,0.2686,0.6608,0.2536,0.0276,0.3365,7,4,0,2,0,0,0.7661,109.94,32.48,182.56,8240.82,8453.51,0,0.0403,0.853,0,1
2026-09-09T15:48:06.256204+00:00,bruteforce_ssh_v1,bruteforce_ssh_v1__run_001,initial_access,T1110.001,19,1,-0.0,1.0,0.0,9663.83,20472.06,0.8408,76,161,0.3063,0.6929,0.2317,0.0174,0.2839,9,5,0,3,1,0,0.471,127.16,46.63,214.41,9162.13,8159.17,0,0.049,1.1629,0,0
2026-09-09T15:48:11.256204+00:00,bruteforce_ssh_v1,bruteforce_ssh_v1__run_001,initial_access,T1110.001,20,1,-0.0,0.9867,0.023,4345.72,3911.15,0.9196,40,36,0.2825,0.505,0.236,0.0261,0.3144,10,5,1,3,1,0,1.0906,108.64,30.11,184.22,6504.91,7564.26,0,0.0256,1.4548,0,0
2026-09-09T15:48:16.256204+00:00,bruteforce_ssh_v1,bruteforce_ssh_v1__run_001,initial_access,T1110.001,18,1,-0.0,0.9656,0.0377,8058.72,7722.94,0.9213,72,69,0.3712,0.5702,0.2893,0.0174,0.3415,10,5,0,2,1,0,1.032,111.93,33.66,218.85,9143.52,7813.62,0,0.0289,1.4556,0,0
2026-09-09T15:48:21.256204+00:00,bruteforce_ssh_v1,bruteforce_ssh_v1__run_001,initial_access,T1110.001,22,1,-0.0,1.0,0.0129,20946.84,21762.95,0.9073,154,160,0.1782,0.5221,0.3059,0.0186,0.3617,11,6,1,3,1,0,0.9589,136.02,41.55,230.26,8341.96,7117.27,0,0.064,1.5872,0,3
2026-09-09T15:48:26.256204+00:00,bruteforce_ssh_v1,bruteforce_ssh_v1__run_001,initial_access,T1110.001,16,1,-0.0,0.9922,0.0033,10523.08,12101.54,0.9476,80,92,0.2835,0.7861,0.2907,0.0287,0.3768,8,4,0,2,0,0,0.8648,131.54,46.17,265.52,7802.56,8948.98,0,0.0177,0.7823,0,1
2026-09-09T15:48:31.256204+00:00,bruteforce_ssh_v1,bruteforce_ssh_v1__run_001,initial_access,T1110.001,22,1,-0.0,0.9678,0.0316,21211.04,23621.38,0.9881,176,196,0.1309,0.3304,0.2419,0.0238,0.3133,12,7,0,2,0,0,0.8963,120.52,34.33,192.51,7803.77,6016.58,0,0.0695,0.6167,0,0
2026-09-09T15:48:36.256204+00:00,bruteforce_ssh_v1,bruteforce_ssh_v1__run_001,initial_access,T1110.001,25,1,-0.0,1.0,0.0,14303.75,13045.02,0.94,125,114,0.3387,0.6045,0.3004,0.0203,0.3614,14,8,1,4,1,0,1.0881,114.43,31.32,173.3,6939.8,8845.28,0,0.0553,0.0708,0,0
2026-09-09T15:48:41.256204+00:00,bruteforce_ssh_v1,bruteforce_ssh_v1__run_001,initial_access,T1110.001,21,1,-0.0,0.9827,0.0,19717.62,22802.69,0.8391,147,170,0.278,0.5493,0.2342,0.0118,0.2696,11,6,0,3,0,0,0.8599,134.13,39.66,220.57,7697.84,8740.06,0,0.0055,0.714,0,1
2026-09-09T15:48:46.256204+00:00,bruteforce_ssh_v1,bruteforce_ssh_v1__run_001,initial_access,T1110.001,15,1,-0.0,0.9586,0.0358,11365.69,9471.41,0.8579,90,75,0.3652,0.7896,0.2357,0.0304,0.3269,7,4,0,2,0,0,1.1849,126.29,45.46,237.28,6791.67,7105.01,0,0.052,0.1979,0,3
2026-09-09T15:48:51.256204+00:00,bruteforce_ssh_v1,bruteforce_ssh_v1__run_001,initial_access,T1110.001,25,1,-0.0,1.0,0.0122,26078.09,35582.11,0.7461,225,307,0.3002,0.5592,0.2199,0.0113,0.2538,13,7,2,3,0,0,0.7325,115.9,32.59,216.18,8068.2,7533.42,0,0.0245,0.9689,0,1
2026-09-09T15:48:56.256204+00:00,bruteforce_ssh_v1,bruteforce_ssh_v1__run_001,initial_access,T1110.001,14,1,-0.0,0.9805,0.0241,6477.89,6477.89,0.8311,56,56,0.1735,0.5188,0.3,0.037,0.411,7,4,0,2,1,0,0.9902,115.68,45.55,232.6,6973.36,8401.53,0,0.0219,1.2775,0,0
2026-09-09T15:49:01.256204+00:00,bruteforce_ssh_v1,bruteforce_ssh_v1__run_001,initial_access,T1110.001,11,1,-0.0,0.9911,0.0,6512.65,7459.95,0.9729,55,63,0.1666,0.2575,0.2266,0.018,0.2807,5,3,0,1,0,0,0.8664,118.41,35.09,186.96,8004.87,6518.15,0,0.0,1.4887,0,1
2026-09-09T15:49:06.256204+00:00,bruteforce_ssh_v1,bruteforce_ssh_v1__run_001,initial_access,T1110.001,24,1,-0.0,1.0,0.0285,8744.07,10079.97,0.9905,72,83,0.2758,0.4377,0.2636,0.0139,0.3053,12,6,1,4,1,0,0.8609,121.45,32.13,202.14,8980.57,10382.7,0,0.0445,0.7192,0,0
2026-09-09T15:49:11.256204+00:00,bruteforce_ssh_v1,bruteforce_ssh_v1__run_001,initial_access,T1110.001,16,1,-0.0,0.9065,0.086,11248.64,11600.16,0.9024,96,99,0.2349,0.5824,0.2745,0.0253,0.3503,8,5,0,2,0,0,0.9619,117.17,26.51,172.97,7841.48,9494.87,0,0.044,0.5073,0,1
2026-09-09T15:49:16.256204+00:00,bruteforce_ssh_v1,bruteforce_ssh_v1__run_001,initial_access,T1110.001,21,1,-0.0,1.0,0.0042,17306.89,18366.5,0.8465,147,156,0.1719,0.3011,0.3155,0.0194,0.3738,12,6,1,3,1,0,0.9414,117.73,33.78,186.07,7875.67,8504.07,0,0.0548,0.0,0,1
2026-09-09T15:49:21.256204+00:00,bruteforce_ssh_v1,bruteforce_ssh_v1__run_001,initial_access,T1110.001,25,1,-0.0,1.0,0.0,20465.49,18126.58,0.9327,175,155,0.1815,0.387,0.3023,0.0394,0.4204,13,6,1,3,1,0,1.1272,116.95,34.76,203.06,8152.64,9447.89,0,0.0529,1.3514,0,1
2026-09-09T15:49:26.256204+00:00,bruteforce_ssh_v1,bruteforce_ssh_v1__run_001,initial_access,T1110.001,13,1,-0.0,1.0,0.004,7377.08,8512.01,0.9564,52,60,0.1618,0.2239,0.2368,0.0218,0.3022,6,3,0,1,1,0,0.8589,141.87,51.29,263.77,8177.63,9003.67,0,0.0173,0.9762,0,0
2026-09-09T15:49:31.256204+00:00,bruteforce_ssh_v1,bruteforce_ssh_v1__run_001,initial_access,T1110.001,14,1,-0.0,1.0,0.0,16438.12,21395.65,0.8778,126,164,0.145,0.325,0.2582,0.0276,0.3411,7,4,0,1,0,0,0.7644,130.46,41.44,183.84,8497.96,8663.2,0,0.0412,1.1157,0,0
2026-09-09T15:49:36.256204+00:00,bruteforce_ssh_v1,bruteforce_ssh_v1__run_001,initial_access,T1110.001,14,1,-0.0,1.0,0.0223,8599.04,8476.19,0.9366,70,69,0.3252,0.6964,0.2156,0.0295,0.3042,7,4,0,2,0,0,1.0124,122.84,30.64,180.11,7755.72,8131.83,0,0.0355,1.3907,0,0
2026-09-09T15:49:41.256204+00:00,bruteforce_ssh_v1,bruteforce_ssh_v1__run_001,initial_access,T1110.001,19,1,-0.0,1.0,0.0,17907.19,19203.11,0.981,152,163,0.3183,0.3916,0.2307,0.0233,0.3006,10,4,1,3,1,0,0.9299,117.81,39.45,219.66,7421.27,7646.63,0,0.0294,0.6117,0,0
2026-09-09T15:49:46.256204+00:00,bruteforce_ssh_v1,bruteforce_ssh_v1__run_001,initial_access,T1110.001,24,1,-0.0,1.0,0.0,16592.79,17168.92,0.8768,144,149,0.2734,0.7068,0.2328,0.0206,0.2946,14,6,0,2,0,0,0.9617,115.23,36.69,188.28,8132.61,8473.18,0,0.0,1.8015,0,0
2026-09-09T15:49:51.256204+00:00,bruteforce_ssh_v1,bruteforce_ssh_v1__run_001,initial_access,T1110.001,21,1,-0.0,1.0,0.0,10507.58,14260.29,0.8639,84,114,0.21,0.2928,0.2686,0.021,0.3314,11,5,0,3,1,0,0.7339,125.09,62.33,281.08,7562.39,8595.39,0,0.0,1.4503,0,1
2026-09-09T15:49:56.256204+00:00,bruteforce_ssh_v1,bruteforce_ssh_v1__run_001,initial_access,T1110.001,16,1,-0.0,1.0,0.0027,1757.45,1427.93,0.9031,16,13,0.301,0.7494,0.2678,0.0195,0.3262,8,4,1,2,0,0,1.1429,109.84,40.79,215.74,8408.4,7351.91,0,0.0725,0.4779,0,1
2026-09-09T15:50:01.256204+00:00,bruteforce_ssh_v1,bruteforce_ssh_v1__run_001,initial_access,T1110.001,16,1,-0.0,1.0,0.0172,11614.01,9557.36,1.0,96,79,0.1763,0.4084,0.28,0.0358,0.3874,9,4,1,2,0,0,1.2022,120.98,33.17,190.12,8042.94,9453.94,0,0.0,1.3566,0,1
2026-09-09T15:50:06.256204+00:00,bruteforce_ssh_v1,bruteforce_ssh_v1__run_001,initial_access,T1110.001,31,1,-0.0,1.0,0.0125,10368.19,11817.5,0.9579,93,106,0.2552,0.6889,0.2781,0.0146,0.3221,17,8,2,3,1,0,0.8697,111.49,40.67,259.96,7942.24,8157.2,0,0.0267,0.8466,0,2
2026-09-09T15:50:11.256204+00:00,bruteforce_ssh_v1,bruteforce_ssh_v1__run_001,initial_access,T1110.001,26,1,-0.0,1.0,0.0,28307.44,33872.16,0.9487,234,280,0.3448,0.4472,0.285,0.0195,0.3436,15,7,1,4,0,0,0.8348,120.97,43.59,247.19,8137.23,8158.03,0,0.024,0.352,0,1
2026-09-09T15:50:16.256204+00:00,bruteforce_ssh_v1,bruteforce_ssh_v1__run_001,initial_access,T1110.001,26,1,-0.0,1.0,0.0323,29633.51,35458.9,0.8443,234,280,0.3396,0.5222,0.2434,0.0349,0.3482,14,7,1,3,1,0,0.8331,126.64,39.93,239.14,8413.27,6945.96,0,0.084,0.8781,0,0
2026-09-09T15:50:21.256204+00:00,bruteforce_ssh_v1,bruteforce_ssh_v1__run_001,initial_access,T1110.001,15,1,-0.0,0.9422,0.0821,9872.96,9478.04,0.9528,75,72,0.3132,0.5022,0.2322,0.0241,0.3047,8,4,0,2,0,0,1.0387,131.64,44.94,236.98,8529.97,6657.99,0,0.0,0.934,0,0
2026-09-09T15:50:26.256204+00:00,bruteforce_ssh_v1,bruteforce_ssh_v1__run_001,initial_access,T1110.001,19,1,-0.0,1.0,0.0,2169.17,2055.0,0.8773,19,18,0.1587,0.3032,0.2156,0.0217,0.2807,9,5,1,2,0,0,1.0549,114.17,24.38,166.38,8071.47,7872.6,0,0.0458,1.0558,0,1
2026-09-09T15:50:31.256204+00:00,bruteforce_ssh_v1,bruteforce_ssh_v1__run_001,initial_access,T1110.001,19,1,-0.0,1.0,0.019,9299.51,12236.2,0.9232,76,100,0.2625,0.5319,0.2435,0.0246,0.3174,10,5,0,2,1,0,0.7562,122.36,22.74,168.38,9045.68,9686.28,0,0.0136,1.0729,0,2
2026-09-09T15:50:36.256204+00:00,bruteforce_ssh_v1,bruteforce_ssh_v1__run_001,initial_access,T1110.001,20,1,-0.0,1.0,0.0,16616.58,14598.85,0.9629,140,123,0.1291,0.1972,0.2941,0.0217,0.3591,10,5,1,2,1,0,1.1374,118.69,34.56,224.32,8527.18,8449.19,0,0.0,0.5627,0,2
2026-09-09T15:50:41.256204+00:00,bruteforce_ssh_v1,bruteforce_ssh_v1__run_001,initial_access,T1110.001,19,1,-0.0,0.9511,0.0379,15194.14,19292.56,0.8389,152,193,0.2424,0.6026,0.2545,0.0265,0.3339,10,5,1,2,0,0,0.7872,99.96,29.99,174.55,8818.57,7557.73,0,0.0785,0.7695,0,1
