timestamp,persona_id,run_id,mitre_stage,technique_id,flow_count,unique_dst_ports,dest_port_entropy,tcp_ratio,udp_ratio,bytes_fwd_sum,bytes_bwd_sum,bidirectional_ratio,pkts_fwd_sum,pkts_bwd_sum,duration_mean,duration_max,iat_mean,iat_std,iat_max,syn_flag_sum,ack_flag_sum,fin_flag_sum,rst_flag_sum,psh_flag_sum,urg_flag_sum,down_up_ratio_mean,pkt_len_mean,pkt_len_std,pkt_len_max,init_fwd_win_mean,init_bwd_win_mean,fwd_psh_flags_sum,port_scan_score,ttl_variance,ip_fragment_flags,retransmit_count
2026-09-09T14:50:42.635033+00:00,benign_iot_idle_v1,benign_iot_idle_v1__run_001,benign,,2,2,1.0,0.3422,0.6477,803.79,884.17,0.4842,10,11,4.364,6.7247,3.7738,1.1075,7.0962,0,1,0,0,0,0,0.8871,80.38,3.2,83.58,7476.39,8867.57,0,0.0336,1.0948,0,0
2026-09-09T14:50:47.635033+00:00,benign_iot_idle_v1,benign_iot_idle_v1__run_001,benign,,0,0,0.0,0.4053,0.632,0.0,0.0,0.4982,0,0,4.7049,9.8339,5.3531,3.4511,15.7065,0,0,0,0,0,0,0.7807,62.72,0.0,62.72,8751.61,7057.81,0,0.0126,0.6691,0,0
2026-09-09T14:50:52.635033+00:00,benign_iot_idle_v1,benign_iot_idle_v1__run_001,benign,,0,0,0.0,0.3985,0.5958,0.0,0.0,0.521,0,0,7.2237,17.7724,5.6232,3.2005,15.2246,0,0,0,0,0,0,0.8218,123.51,0.0,123.51,8149.96,6860.64,0,0.0152,0.9582,0,0
2026-09-09T14:50:57.635033+00:00,benign_iot_idle_v1,benign_iot_idle_v1__run_001,benign,,0,0,0.0,0.3909,0.6024,0.0,0.0,0.5038,0,0,11.9994,30.1235,9.2257,3.0331,18.3251,0,0,0,0,0,0,0.771,69.42,0.0,69.42,8238.25,9082.05,0,0.0,0.7491,0,0
2026-09-09T14:51:02.635033+00:00,benign_iot_idle_v1,benign_iot_idle_v1__run_001,benign,,2,2,1.0,0.378,0.6367,1608.78,2513.73,0.4695,16,25,4.9641,8.3057,4.4568,1.3465,8.4964,0,0,0,0,0,0,0.629,100.55,5.59,106.14,7501.75,6299.69,0,0.0186,1.2256,0,0
2026-09-09T14:51:07.635033+00:00,benign_iot_idle_v1,benign_iot_idle_v1__run_001,benign,,1,1,0.0,0.4313,0.5514,448.02,336.02,0.4692,4,3,6.7568,11.1692,5.8481,3.0766,15.078,0,0,0,0,0,0,1.2421,112.01,0.0,112.01,7976.17,8816.16,0,0.0692,0.9864,0,0
2026-09-09T14:51:12.635033+00:00,benign_iot_idle_v1,benign_iot_idle_v1__run_001,benign,,1,1,0.0,0.4364,0.5927,345.6,230.4,0.5037,3,2,4.5546,11.0655,4.4449,1.7665,9.7445,0,0,0,0,0,0,1.4587,115.2,0.0,115.2,9351.21,8756.49,0,0.0,0.9885,0,0
2026-09-09T14:51:17.635033+00:00,benign_iot_idle_v1,benign_iot_idle_v1__run_001,benign,,1,1,0.0,0.4448,0.5604,443.92,517.9,0.4849,6,7,11.848,29.4542,10.4036,3.5337,21.0047,0,0,0,0,0,0,0.8239,73.99,0.0,73.99,8651.3,9948.85,0,0.01,1.3988,0,0
2026-09-09T14:51:22.635033+00:00,benign_iot_idle_v1,benign_iot_idle_v1__run_001,benign,,1,1,0.0,0.4126,0.6148,223.87,167.9,0.5188,4,3,6.5141,15.0517,7.1982,4.716,21.3462,0,0,0,0,0,0,1.1383,55.97,0.0,55.97,7429.16,7719.59,0,0.0063,1.818,0,0
2026-09-09T14:51:27.635033+00:00,benign_iot_idle_v1,benign_iot_idle_v1__run_001,benign,,2,2,1.0,0.446,0.5752,1525.04,2287.55,0.4198,12,18,3.4503,6.6359,2.9574,2.0631,9.1468,0,0,0,0,0,0,0.663,127.09,64.5,191.58,7658.56,8337.8,0,0.018,1.1726,0,0
2026-09-09T14:51:32.635033+00:00,benign_iot_idle_v1,benign_iot_idle_v1__run_001,benign,,1,1,0.0,0.4334,0.562,347.2,347.2,0.4914,3,3,3.866,10.1535,3.3324,0.9574,6.2044,0,0,0,0,0,0,0.9286,115.73,0.0,115.73,7369.71,7592.99,0,0.0,1.1105,0,0
2026-09-09T14:51:37.635033+00:00,benign_iot_idle_v1,benign_iot_idle_v1__run_001,benign,,1,1,0.0,0.3882,0.5673,643.8,858.4,0.4103,6,8,9.3666,25.952,7.1056,4.3217,20.0706,0,0,0,0,0,0,0.6852,107.3,0.0,107.3,9019.65,7523.54,0,0.0592,1.7996,0,0
2026-09-09T14:51:42.635033+00:00,benign_iot_idle_v1,benign_iot_idle_v1__run_001,benign,,4,3,1.585,0.3906,0.6054,2008.95,2582.94,0.4417,28,36,3.8847,8.7209,4.823,1.2968,8.7134,0,2,0,0,0,0,0.777,71.75,16.84,88.5,8022.77,7791.6,0,0.0435,1.127,0,0
2026-09-09T14:51:47.635033+00:00,benign_iot_idle_v1,benign_iot_idle_v1__run_001,benign,,0,0,0.0,0.4069,0.5833,0.0,0.0,0.5454,0,0,8.3201,20.6514,9.1418,4.5215,22.7065,0,0,0,0,0,0,0.7562,113.86,0.0,113.86,8228.49,7512.31,0,0.0542,0.1032,0,0
2026-09-09T14:51:52.635033+00:00,benign_iot_idle_v1,benign_iot_idle_v1__run_001,benign,,2,2,1.0,0.3857,0.5982,1124.39,1686.58,0.4791,14,21,8.3989,18.1637,6.2464,1.7247,11.4206,0,0,0,0,0,0,0.6558,80.31,6.1,86.41,6928.22,7592.09,0,0.0163,0.9544,0,0
2026-09-09T14:51:57.635033+00:00,benign_iot_idle_v1,benign_iot_idle_v1__run_001,benign,,0,0,0.0,0.3708,0.5927,0.0,0.0,0.5016,0,0,4.7465,7.5131,8.2744,5.0695,23.4828,0,0,0,0,0,0,0.7876,69.53,0.0,69.53,8965.19,5826.68,0,0.0147,1.3172,0,0
2026-09-09T14:52:02.635033+00:00,benign_iot_idle_v1,benign_iot_idle_v1__run_001,benign,,3,3,1.585,0.4287,0.6101,1398.5,2051.13,0.3624,15,22,4.4484,9.8349,3.8011,1.7102,8.9316,0,1,0,0,0,0,0.6545,93.23,35.07,141.5,6264.05,8831.6,0,0.0209,1.182,0,0
2026-09-09T14:52:07.635033+00:00,benign_iot_idle_v1,benign_iot_idle_v1__run_001,benign,,0,0,0.0,0.3678,0.6227,0.0,0.0,0.4424,0,0,3.2127,7.0666,4.4055,1.9616,10.2901,0,0,0,0,0,0,0.9142,76.5,0.0,76.5,8283.93,7246.44,0,0.0,0.8023,0,0
2026-09-09T14:52:12.635033+00:00,benign_iot_idle_v1,benign_iot_idle_v1__run_001,benign,,1,1,0.0,0.4301,0.5474,112.59,56.29,0.5842,2,1,4.6435,12.9214,4.5305,2.4179,11.7843,0,0,0,0,0,0,1.2157,56.29,0.0,56.29,9073.66,6798.83,0,0.0113,0.6992,0,0
2026-09-09T14:52:17.635033+00:00,benign_iot_idle_v1,benign_iot_idle_v1__run_001,benign,,0,0,0.0,0.3369,0.6804,0.0,0.0,0.4453,0,0,3.8539,7.1605,6.8578,4.8249,21.3324,0,0,0,0,0,0,1.1394,51.74,0.0,51.74,8005.39,6246.01,0,0.0108,0.9483,0,0
2026-09-09T14:52:22.635033+00:00,benign_iot_idle_v1,benign_iot_idle_v1__run_001,benign,,2,2,1.0,0.3842,0.6103,1527.96,1188.42,0.5858,18,14,3.3528,7.2371,3.5131,2.0498,9.6625,0,0,0,0,0,0,1.2136,84.89,19.43,104.32,7702.53,8259.04,0,0.0375,1.3476,0,0
2026-09-09T14:52:27.635033+00:00,benign_iot_idle_v1,benign_iot_idle_v1__run_001,benign,,2,2,1.0,0.3842,0.6428,1130.16,847.62,0.5307,12,9,4.6986,12.1155,5.0671,3.7857,16.4241,0,1,0,0,0,0,1.3065,94.18,16.31,110.49,9516.76,7823.87,0,0.0276,0.9335,0,0
2026-09-09T14:52:32.635033+00:00,benign_iot_idle_v1,benign_iot_idle_v1__run_001,benign,,0,0,0.0,0.4202,0.6008,0.0,0.0,0.5308,0,0,10.4181,13.8467,7.5434,3.2106,17.1752,0,0,0,0,0,0,1.0881,62.4,0.0,62.4,9047.78,10096.65,0,0.0,1.1418,0,0
2026-09-09T14:52:37.635033+00:00,benign_iot_idle_v1,benign_iot_idle_v1__run_001,benign,,0,0,0.0,0.3682,0.6406,0.0,0.0,0.4969,0,0,7.8404,10.7519,6.4242,2.8346,14.9279,0,0,0,0,0,0,0.9645,91.38,0.0,91.38,8223.3,7632.13,0,0.0287,1.7171,0,0
2026-09-09T14:52:42.635033+00:00,benign_iot_idle_v1,benign_iot_idle_v1__run_001,benign,,2,2,1.0,0.4361,0.5451,540.87,405.66,0.5235,8,6,2.3252,6.883,4.2904,1.4646,8.6842,0,1,0,0,0,0,1.2036,67.61,17.98,85.59,7505.66,7633.1,0,0.0,1.44,0,0
2026-09-09T14:52:47.635033+00:00,benign_iot_idle_v1,benign_iot_idle_v1__run_001,benign,,1,1,0.0,0.3923,0.6103,239.82,299.78,0.4973,4,5,4.6276,13.5268,5.0818,2.0027,11.0899,0,0,0,0,0,0,0.6783,59.96,0.0,59.96,6861.39,7828.04,0,0.0227,1.3461,0,0
2026-09-09T14:52:52.635033+00:00,benign_iot_idle_v1,benign_iot_idle_v1__run_001,benign,,0,0,0.0,0.3953,0.573,0.0,0.0,0.4388,0,0,6.6385,16.7109,9.1207,6.8204,29.5818,0,0,0,0,0,0,0.6748,107.33,0.0,107.33,8479.87,10099.84,0,0.0,0.5915,0,0
2026-09-09T14:52:57.635033+00:00,benign_iot_idle_v1,benign_iot_idle_v1__run_001,benign,,4,3,1.585,0.3633,0.6498,3017.96,2347.3,0.4384,36,28,3.6574,5.6622,3.4363,0.9261,6.2146,0,2,0,0,0,0,1.2775,83.83,6.68,90.93,9770.08,8569.79,0,0.0342,1.4893,0,0
2026-09-09T14:53:02.635033+00:00,benign_iot_idle_v1,benign_iot_idle_v1__run_001,benign,,1,1,0.0,0.3757,0.6255,147.54,98.36,0.4643,3,2,6.124,11.4429,5.8274,2.6734,13.8477,0,0,0,0,0,0,1.3937,49.18,0.0,49.18,7818.16,7695.32,0,0.0155,0.4345,0,0
2026-09-09T14:53:07.635033+00:00,benign_iot_idle_v1,benign_iot_idle_v1__run_001,benign,,2,2,1.0,0.4239,0.583,672.84,1009.26,0.4607,8,12,6.9691,18.1769,8.8462,4.6352,22.7517,0,1,0,0,0,0,0.639,84.1,9.43,93.53,9304.86,8932.43,0,0.05,1.7971,0,0
2026-09-09T14:53:12.635033+00:00,benign_iot_idle_v1,benign_iot_idle_v1__run_001,benign,,0,0,0.0,0.3389,0.6491,0.0,0.0,0.4984,0,0,4.1446,10.4828,5.1574,1.7836,10.508,0,0,0,0,0,0,0.8286,66.49,0.0,66.49,8704.79,8054.01,0,0.0025,0.443,0,0
2026-09-09T14:53:17.635033+00:00,benign_iot_idle_v1,benign_iot_idle_v1__run_001,benign,,0,0,0.0,0.3903,0.6391,0.0,0.0,0.5186,0,0,9.6965,17.6191,8.4169,4.4691,21.8243,0,0,0,0,0,0,1.5209,59.73,0.0,59.73,8687.12,7823.5,0,0.0615,1.1618,0,0
2026-09-09T14:53:22.635033+00:00,benign_iot_idle_v1,benign_iot_idle_v1__run_001,benign,,1,1,0.0,0.4078,0.5979,1380.18,1495.2,0.5187,12,13,4.5208,9.3448,4.7509,3.0681,13.9552,0,0,0,0,0,0,0.9082,115.02,0.0,115.02,5763.38,7307.34,0,0.0109,0.9417,0,0
2026-09-09T14:53:27.635033+00:00,benign_iot_idle_v1,benign_iot_idle_v1__run_001,benign,,0,0,0.0,0.4064,0.5939,0.0,0.0,0.5165,0,0,8.559,15.994,7.8584,3.5273,18.4404,0,0,0,0,0,0,0.5185,68.49,0.0,68.49,7868.56,7106.47,0,0.0191,0.502,0,0
2026-09-09T14:53:32.635033+00:00,benign_iot_idle_v1,benign_iot_idle_v1__run_001,benign,,0,0,0.0,0.4011,0.5797,0.0,0.0,0.4611,0,0,9.2088,26.8765,6.1095,3.6379,17.0232,0,0,0,0,0,0,0.9497,42.05,0.0,42.05,8546.68,8116.47,0,0.0,0.6978,0,0
2026-09-09T14:53:37.635033+00:00,benign_iot_idle_v1,benign_iot_idle_v1__run_001,benign,,0,0,0.0,0.3648,0.6636,0.0,0.0,0.579,0,0,4.3759,12.5151,4.4405,3.2145,14.0841,0,0,0,0,0,0,1.0148,85.93,0.0,85.93,7546.15,7619.39,0,0.0,0.3118,0,0
2026-09-09T14:53:42.635033+00:00,benign_iot_idle_v1,benign_iot_idle_v1__run_001,benign,,1,1,0.0,0.4337,0.5559,695.22,397.27,0.4833,7,4,8.634,16.4057,5.5063,3.6034,16.3164,0,0,0,0,0,0,1.629,99.32,0.0,99.32,6871.37,7325.8,0,0.0737,1.623,0,0
2026-09-09T14:53:47.635033+00:00,benign_iot_idle_v1,benign_iot_idle_v1__run_001,benign,,0,0,0.0,0.4074,0.5868,0.0,0.0,0.5443,0,0,4.2579,7.7143,5.8242,2.1028,12.1327,0,0,0,0,0,0,1.4683,57.46,0.0,57.46,8550.55,7889.34,0,0.0,1.0421,0,0
2026-09-09T14:53:52.635033+00:00,benign_iot_idle_v1,benign_iot_idle_v1__run_001,benign,,0,0,0.0,0.3923,0.629,0.0,0.0,0.5391,0,0,7.4652,18.5253,5.7667,4.2632,18.5563,0,0,0,0,0,0,1.1744,62.34,0.0,62.34,7326.55,6249.52,0,0.0,0.6112,0,0
2026-09-09T14:53:57.635033+00:00,benign_iot_idle_v1,benign_iot_idle_v1__run_001,benign,,0,0,0.0,0.4182,0.5652,0.0,0.0,0.5275,0,0,8.3012,13.7302,8.5941,5.2051,24.2094,0,0,0,0,0,0,1.6199,127.54,0.0,127.54,6852.9,9436.8,0,0.0088,1.7605,0,0
2026-09-09T14:54:02.635033+00:00,benign_iot_idle_v1,benign_iot_idle_v1__run_001,benign,,1,1,0.0,0.3993,0.591,236.18,354.27,0.4949,4,6,5.0254,8.0788,3.7731,1.948,9.6171,0,0,0,0,0,0,0.6619,59.04,0.0,59.04,9801.49,7504.67,0,0.0266,1.1306,0,0
2026-09-09T14:54:07.635033+00:00,benign_iot_idle_v1,benign_iot_idle_v1__run_001,benign,,0,0,0.0,0.4057,0.6219,0.0,0.0,0.5099,0,0,13.8974,34.5743,10.3808,7.2971,32.2721,0,0,0,0,0,0,0.8129,85.06,0.0,85.06,8685.92,8812.19,0,0.0,1.1494,0,0
2026-09-09T14:54:12.635033+00:00,benign_iot_idle_v1,benign_iot_idle_v1__run_001,benign,,0,0,0.0,0.3921,0.62,0.0,0.0,0.4684,0,0,2.4933,6.5385,4.8557,2.2232,11.5254,0,0,0,0,0,0,1.2033,136.59,0.0,136.59,7454.2,9593.88,0,0.043,1.551,0,0
2026-09-09T14:54:17.635033+00:00,benign_iot_idle_v1,benign_iot_idle_v1__run_001,benign,,2,2,1.0,0.4267,0.5876,717.55,597.96,0.4714,12,10,4.908,13.2132,4.1157,2.7464,12.355,0,1,0,0,0,0,1.1847,59.8,2.99,62.78,8900.89,6776.41,0,0.0232,0.4776,0,0
2026-09-09T14:54:22.635033+00:00,benign_iot_idle_v1,benign_iot_idle_v1__run_001,benign,,0,0,0.0,0.4274,0.5817,0.0,0.0,0.5525,0,0,5.8001,9.2878,8.8647,5.4924,25.3421,0,0,0,0,0,0,1.3957,86.12,0.0,86.12,8196.59,6242.97,0,0.0472,0.6138,0,0
2026-09-09T14:54:27.635033+00:00,benign_iot_idle_v1,benign_iot_idle_v1__run_001,benign,,2,2,1.0,0.4048,0.5609,1233.51,1321.62,0.5224,14,15,5.0761,10.5708,3.9107,1.9471,9.7521,0,1,0,0,0,0,0.8893,88.11,18.25,106.35,9415.31,7253.29,0,0.0,0.8096,0,0
2026-09-09T14:54:32.635033+00:00,benign_iot_idle_v1,benign_iot_idle_v1__run_001,benign,,0,0,0.0,0.3522,0.6497,0.0,0.0,0.5108,0,0,10.4376,19.2041,8.2187,2.122,14.5848,0,0,0,0,0,0,1.4608,114.6,0.0,114.6,9786.64,8166.15,0,0.0,1.3547,0,0
2026-09-09T14:54:37.635033+00:00,benign_iot_idle_v1,benign_iot_idle_v1__run_001,benign,,1,1,0.0,0.3818,0.6285,414.47,331.57,0.4931,5,4,7.0205,18.8994,7.5475,4.7505,21.7989,0,0,0,0,0,0,1.2179,82.89,0.0,82.89,9619.65,7516.61,0,0.0803,1.9502,0,0
2026-09-09T14:54:42.635033+00:00,benign_iot_idle_v1,benign_iot_idle_v1__run_001,benign,,0,0,0.0,0.3969,0.6043,0.0,0.0,0.4984,0,0,3.5719,10.3703,3.6883,1.773,9.0074,0,0,0,0,0,0,0.5026,105.83,0.0,105.83,8508.47,7672.85,0,0.0,1.4997,0,0
2026-09-09T14:54:47.635033+00:00,benign_iot_idle_v1,benign_iot_idle_v1__run_001,benign,,0,0,0.0,0.4542,0.5365,0.0,0.0,0.5199,0,0,9.7401,14.1904,8.766,4.3572,21.8375,0,0,0,0,0,0,0.4638,86.71,0.0,86.71,7648.7,9233.22,0,0.0,0.6922,0,0
2026-09-09T14:54:52.635033+00:00,benign_iot_idle_v1,benign_iot_idle_v1__run_001,benign,,0,0,0.0,0.3641,0.618,0.0,0.0,0.4993,0,0,6.5756,9.2721,10.1378,3.4837,20.5888,0,0,0,0,0,0,0.8058,124.3,0.0,124.3,10089.02,8118.0,0,0.0,2.1244,0,0
2026-09-09T14:54:57.635033+00:00,benign_iot_idle_v1,benign_iot_idle_v1__run_001,benign,,1,1,0.0,0.3197,0.6992,77.64,77.64,0.5802,1,1,8.5019,12.0943,7.189,4.124,19.5612,0,0,0,0,0,0,0.7023,77.64,0.0,77.64,9012.84,6802.85,0,0.0,2.0761,0,0
2026-09-09T14:55:02.635033+00:00,benign_iot_idle_v1,benign_iot_idle_v1__run_001,benign,,0,0,0.0,0.4498,0.5384,0.0,0.0,0.4706,0,0,5.0236,13.7803,4.636,1.4312,8.9296,0,0,0,0,0,0,1.3867,74.32,0.0,74.32,8988.09,6959.3,0,0.0345,0.7926,0,0
2026-09-09T14:55:07.635033+00:00,benign_iot_idle_v1,benign_iot_idle_v1__run_001,benign,,0,0,0.0,0.3798,0.6455,0.0,0.0,0.4739,0,0,6.6415,16.0801,5.3169,3.5111,15.8504,0,0,0,0,0,0,1.0376,83.07,0.0,83.07,6168.29,7833.38,0,0.0,1.2319,0,0
2026-09-09T14:55:12.635033+00:00,benign_iot_idle_v1,benign_iot_idle_v1__run_001,benign,,1,1,0.0,0.4002,0.5897,808.19,505.12,0.5041,8,5,2.9578,7.7703,4.4985,2.3442,11.5312,0,0,0,0,0,0,1.5588,101.02,0.0,101.02,8382.91,8433.05,0,0.0,1.1095,0,0
2026-09-09T14:55:17.635033+00:00,benign_iot_idle_v1,benign_iot_idle_v1__run_001,benign,,3,3,1.585,0.3931,0.6106,2304.33,1664.24,0.614,18,13,2.7863,6.0486,3.4081,1.7573,8.6799,0,1,0,0,0,0,1.3508,128.02,33.49,161.6,9060.03,7908.32,0,0.0,1.0448,0,0
2026-09-09T14:55:22.635033+00:00,benign_iot_idle_v1,benign_iot_idle_v1__run_001,benign,,3,3,1.585,0.3754,0.6247,2151.66,2151.66,0.5666,33,33,4.1746,9.066,3.6365,1.1254,7.0126,0,1,0,0,0,0,0.9844,65.2,2.9,68.67,8073.64,9566.52,0,0.0493,0.6043,0,0
2026-09-09T14:55:27.635033+00:00,benign_iot_idle_v1,benign_iot_idle_v1__run_001,benign,,0,0,0.0,0.3991,0.6163,0.0,0.0,0.5765,0,0,7.1408,16.1682,9.5123,4.4297,22.8013,0,0,0,0,0,0,0.3105,60.55,0.0,60.55,9288.54,8333.9,0,0.0398,0.0,0,0
2026-09-09T14:55:32.635033+00:00,benign_iot_idle_v1,benign_iot_idle_v1__run_001,benign,,0,0,0.0,0.3909,0.6183,0.0,0.0,0.4849,0,0,9.1273,15.0184,5.5976,3.1949,15.1823,0,0,0,0,0,0,1.0417,80.71,0.0,80.71,7959.37,7657.27,0,0.0258,1.2739,0,0
2026-09-09T14:55:37.635033+00:00,benign_iot_idle_v1,benign_iot_idle_v1__run_001,benign,,1,1,0.0,0.3752,0.6543,393.63,262.42,0.4997,6,4,4.6802,6.0041,3.8176,2.1419,10.2434,0,0,0,0,0,0,1.2714,65.61,0.0,65.61,7593.97,6563.4,0,0.0186,1.1192,0,0
2026-09-09T14:55:42.635033+00:00,benign_iot_idle_v1,benign_iot_idle_v1__run_001,benign,,1,1,0.0,0.3904,0.6061,638.44,820.85,0.5179,7,9,2.6307,7.7008,3.7817,1.6455,8.7181,0,0,0,0,0,0,0.7629,91.21,0.0,91.21,9091.02,7057.73,0,0.0,0.9601,0,0
2026-09-09T14:55:47.635033+00:00,benign_iot_idle_v1,benign_iot_idle_v1__run_001,benign,,1,1,0.0,0.3502,0.6582,936.29,1123.55,0.5075,10,12,4.4227,10.934,3.75,1.3439,7.7817,0,0,0,0,0,0,0.8123,93.63,0.0,93.63,7867.82,8668.85,0,0.0519,0.9535,0,0
2026-09-09T14:55:52.635033+00:00,benign_iot_idle_v1,benign_iot_idle_v1__run_001,benign,,0,0,0.0,0.3701,0.6296,0.0,0.0,0.6048,0,0,2.7719,5.9101,3.5975,1.5183,8.1524,0,0,0,0,0,0,1.3623,111.61,0.0,111.61,7490.1,7671.59,0,0.0608,1.1194,0,0
2026-09-09T14:55:57.635033+00:00,benign_iot_idle_v1,benign_iot_idle_v1__run_001,benign,,2,2,1.0,0.4405,0.5543,685.26,685.26,0.5025,6,6,4.3414,12.47,6.0208,2.3052,12.9362,0,1,0,0,0,0,0.9256,114.21,18.3,132.51,8699.27,6302.95,0,0.0914,1.4748,0,0
2026-09-09T14:56:02.635033+00:00,benign_iot_idle_v1,benign_iot_idle_v1__run_001,benign,,1,1,0.0,0.3877,0.615,467.89,545.87,0.4767,6,7,4.993,6.0016,3.7922,1.6512,8.7459,0,0,0,0,0,0,0.8265,77.98,0.0,77.98,10683.13,6620.8,0,0.0361,1.2369,0,0
2026-09-09T14:56:07.635033+00:00,benign_iot_idle_v1,benign_iot_idle_v1__run_001,benign,,3,3,1.585,0.4271,0.5618,1032.6,946.55,0.5232,12,11,4.7355,12.4148,3.822,1.5484,8.4671,0,1,0,0,0,0,1.0436,86.05,15.66,107.97,7618.18,6148.17,0,0.0693,1.1555,0,0
2026-09-09T14:56:12.635033+00:00,benign_iot_idle_v1,benign_iot_idle_v1__run_001,benign,,1,1,0.0,0.4043,0.5793,483.55,423.11,0.485,8,7,3.8967,6.1853,4.4367,2.7667,12.7367,0,0,0,0,0,0,1.0617,60.44,0.0,60.44,7608.6,8242.92,0,0.0218,0.8673,0,0
2026-09-09T14:56:17.635033+00:00,benign_iot_idle_v1,benign_iot_idle_v1__run_001,benign,,0,0,0.0,0.3753,0.5995,0.0,0.0,0.4794,0,0,11.1841,28.8735,8.6236,2.4581,15.998,0,0,0,0,0,0,1.0647,46.64,0.0,46.64,9698.24,5539.69,0,0.0643,1.2861,0,0
2026-09-09T14:56:22.635033+00:00,benign_iot_idle_v1,benign_iot_idle_v1__run_001,benign,,2,2,1.0,0.5002,0.4921,772.52,675.96,0.4169,8,7,4.0615,5.7629,4.2142,1.7286,9.4001,0,0,0,0,0,0,1.0045,96.57,8.87,105.43,9217.6,7074.17,0,0.026,0.8018,0,0
2026-09-09T14:56:27.635033+00:00,benign_iot_idle_v1,benign_iot_idle_v1__run_001,benign,,2,2,1.0,0.4483,0.5605,1411.45,882.16,0.538,16,10,7.886,12.9313,6.1112,1.7793,11.4491,0,1,0,0,0,0,1.5073,88.22,33.47,121.68,8217.34,7945.18,0,0.0597,0.6027,0,0
2026-09-09T14:56:32.635033+00:00,benign_iot_idle_v1,benign_iot_idle_v1__run_001,benign,,0,0,0.0,0.3876,0.571,0.0,0.0,0.4502,0,0,3.4106,6.5658,6.1314,1.609,10.9586,0,0,0,0,0,0,1.0237,136.7,0.0,136.7,8575.7,7794.94,0,0.0,2.0993,0,0
2026-09-09T14:56:37.635033+00:00,benign_iot_idle_v1,benign_iot_idle_v1__run_001,benign,,3,3,1.585,0.4101,0.5703,1523.12,1421.58,0.5257,15,14,5.4976,7.0272,4.2389,3.0904,13.51,0,1,0,0,0,0,1.0544,101.54,18.52,118.85,6880.16,5724.69,0,0.0352,0.999,0,0
2026-09-09T14:56:42.635033+00:00,benign_iot_idle_v1,benign_iot_idle_v1__run_001,benign,,1,1,0.0,0.3992,0.6268,260.48,173.66,0.5041,3,2,4.224,6.4011,3.5317,1.4147,7.7759,0,0,0,0,0,0,1.2747,86.83,0.0,86.83,10753.9,6556.68,0,0.0223,1.3506,0,0
2026-09-09T14:56:47.635033+00:00,benign_iot_idle_v1,benign_iot_idle_v1__run_001,benign,,2,2,1.0,0.4449,0.5602,722.57,722.57,0.492,8,8,9.0641,24.6533,10.6819,6.7948,31.0663,0,1,0,0,0,0,0.9088,90.32,9.15,99.47,7623.84,8192.49,0,0.0267,1.4267,0,0
2026-09-09T14:56:52.635033+00:00,benign_iot_idle_v1,benign_iot_idle_v1__run_001,benign,,0,0,0.0,0.3492,0.6938,0.0,0.0,0.421,0,0,4.096,5.1993,4.1065,1.7558,9.374,0,0,0,0,0,0,1.059,110.17,0.0,110.17,7884.16,7513.64,0,0.0,0.356,0,0
2026-09-09T14:56:57.635033+00:00,benign_iot_idle_v1,benign_iot_idle_v1__run_001,benign,,0,0,0.0,0.3895,0.5921,0.0,0.0,0.5757,0,0,12.1889,31.3872,9.7063,5.8969,27.3971,0,0,0,0,0,0,0.8462,121.24,0.0,121.24,8317.36,7479.94,0,0.0,0.5102,0,0
2026-09-09T14:57:02.635033+00:00,benign_iot_idle_v1,benign_iot_idle_v1__run_001,benign,,2,2,1.0,0.4051,0.572,1919.27,1999.24,0.541,24,25,2.9289,4.7247,3.605,2.2078,10.2284,0,0,0,0,0,0,0.9594,79.97,3.85,83.81,7908.21,8321.43,0,0.0278,1.2515,0,0
2026-09-09T14:57:07.635033+00:00,benign_iot_idle_v1,benign_iot_idle_v1__run_001,benign,,2,2,1.0,0.4117,0.591,1519.48,1085.34,0.5218,14,10,4.5855,8.8185,3.9408,2.0804,10.182,0,0,0,0,0,0,1.3478,108.53,19.77,128.31,9077.74,6842.8,0,0.0441,1.6199,0,0
2026-09-09T14:57:12.635033+00:00,benign_iot_idle_v1,benign_iot_idle_v1__run_001,benign,,1,1,0.0,0.3506,0.6382,83.82,83.82,0.5734,1,1,7.3213,11.7569,5.2481,2.7605,13.5295,0,0,0,0,0,0,0.972,83.82,0.0,83.82,8431.49,8651.74,0,0.0387,1.2829,0,0
2026-09-09T14:57:17.635033+00:00,benign_iot_idle_v1,benign_iot_idle_v1__run_001,benign,,1,1,0.0,0.3745,0.6405,483.33,386.66,0.5186,5,4,3.0974,6.3771,3.3924,1.7497,8.6416,0,0,0,0,0,0,1.1113,96.67,0.0,96.67,8787.62,7576.42,0,0.0298,2.1696,0,0
2026-09-09T14:57:22.635033+00:00,benign_iot_idle_v1,benign_iot_idle_v1__run_001,benign,,2,2,1.0,0.3336,0.6519,618.67,680.54,0.5127,10,11,5.1441,7.8898,4.0826,2.3097,11.0117,0,0,0,0,0,0,0.8773,61.87,13.49,75.36,9316.27,7806.21,0,0.0665,1.7086,0,0
2026-09-09T14:57:27.635033+00:00,benign_iot_idle_v1,benign_iot_idle_v1__run_001,benign,,2,2,1.0,0.4066,0.5761,808.13,808.13,0.4939,6,6,3.8497,9.0936,6.1415,4.0292,18.2291,0,1,0,0,0,0,0.8612,134.69,39.88,174.57,9163.5,7227.57,0,0.0491,0.865,0,0
2026-09-09T14:57:32.635033+00:00,benign_iot_idle_v1,benign_iot_idle_v1__run_001,benign,,3,3,1.585,0.4109,0.565,980.7,735.52,0.5644,12,9,2.8737,4.831,3.4787,1.665,8.4736,0,1,0,0,0,0,1.2958,81.72,9.34,92.53,8192.7,9536.96,0,0.0233,1.4199,0,0
2026-09-09T14:57:37.635033+00:00,benign_iot_idle_v1,benign_iot_idle_v1__run_001,benign,,0,0,0.0,0.4158,0.5672,0.0,0.0,0.5689,0,0,8.1944,16.2725,6.5839,3.5189,17.1406,0,0,0,0,0,0,0.456,78.91,0.0,78.91,9151.08,8607.27,0,0.0,0.9726,0,0
2026-09-09T14:57:42.635033+00:00,benign_iot_idle_v1,benign_iot_idle_v1__run_001,benign,,0,0,0.0,0.4376,0.5581,0.0,0.0,0.4851,0,0,2.2,5.1126,3.9197,1.7699,9.2295,0,0,0,0,0,0,1.1936,114.97,0.0,114.97,9987.04,7548.36,0,0.0008,0.8861,0,0
2026-09-09T14:57:47.635033+00:00,benign_iot_idle_v1,benign_iot_idle_v1__run_001,benign,,0,0,0.0,0.3595,0.6107,0.0,0.0,0.3926,0,0,11.7964,24.1232,8.0682,5.7455,25.3046,0,0,0,0,0,0,1.5003,60.2,0.0,60.2,8369.14,8133.51,0,0.0034,0.5366,0,0
2026-09-09T14:57:52.635033+00:00,benign_iot_idle_v1,benign_iot_idle_v1__run_001,benign,,1,1,0.0,0.3919,0.6057,691.73,1729.32,0.4466,6,15,5.3524,10.5031,4.3124,1.2648,8.1067,0,0,0,0,0,0,0.3802,115.29,0.0,115.29,8583.29,10612.0,0,0.0564,0.8248,0,0
2026-09-09T14:57:57.635033+00:00,benign_iot_idle_v1,benign_iot_idle_v1__run_001,benign,,3,3,1.585,0.423,0.5776,789.7,438.72,0.47,9,5,2.215,6.2241,3.4063,1.7469,8.6472,0,1,0,0,0,0,1.6269,87.74,8.25,99.31,8727.31,7923.21,0,0.026,0.5092,0,0
2026-09-09T14:58:02.635033+00:00,benign_iot_idle_v1,benign_iot_idle_v1__run_001,benign,,0,0,0.0,0.4242,0.5836,0.0,0.0,0.3596,0,0,7.1656,15.7618,5.8092,2.3877,12.9724,0,0,0,0,0,0,1.2958,60.36,0.0,60.36,8844.31,8734.38,0,0.0012,1.0461,0,0
2026-09-09T14:58:07.635033+00:00,benign_iot_idle_v1,benign_iot_idle_v1__run_001,benign,,1,1,0.0,0.4448,0.5648,1202.23,801.49,0.5452,6,4,2.8514,6.4797,3.8178,2.2291,10.5053,0,0,0,0,0,0,1.2064,200.37,0.0,200.37,7716.52,9531.52,0,0.0,1.5287,0,0
2026-09-09T14:58:12.635033+00:00,benign_iot_idle_v1,benign_iot_idle_v1__run_001,benign,,0,0,0.0,0.3823,0.6227,0.0,0.0,0.5079,0,0,7.0585,14.0588,6.4459,3.8829,18.0947,0,0,0,0,0,0,1.0621,82.71,0.0,82.71,8786.25,7823.6,0,0.0,0.7856,0,0
2026-09-09T14:58:17.635033+00:00,benign_iot_idle_v1,benign_iot_idle_v1__run_001,benign,,2,2,1.0,0.365,0.6293,1041.98,911.73,0.5369,16,14,4.4046,12.5093,3.4519,1.324,7.424,0,1,0,0,0,0,1.1018,65.12,5.47,70.6,10500.66,8787.84,0,0.0382,1.5982,0,0
2026-09-09T14:58:22.635033+00:00,benign_iot_idle_v1,benign_iot_idle_v1__run_001,benign,,1,1,0.0,0.421,0.6034,277.85,208.39,0.5491,4,3,8.5956,12.3889,8.1028,2.681,16.1457,0,0,0,0,0,0,1.2891,69.46,0.0,69.46,8184.37,8983.42,0,0.0142,0.4776,0,0
2026-09-09T14:58:27.635033+00:00,benign_iot_idle_v1,benign_iot_idle_v1__run_001,benign,,1,1,0.0,0.3924,0.595,540.13,308.65,0.4777,7,4,5.8711,8.9575,8.6227,5.8391,26.1402,0,0,0,0,0,0,1.6006,77.16,0.0,77.16,6912.1,7901.91,0,0.013,0.3316,0,0
2026-09-09T14:58:32.635033+00:00,benign_iot_idle_v1,benign_iot_idle_v1__run_001,benign,,0,0,0.0,0.3632,0.6377,0.0,0.0,0.4573,0,0,3.5943,8.7837,3.4256,1.0154,6.4717,0,0,0,0,0,0,1.6415,111.05,0.0,111.05,8034.68,7502.24,0,0.0138,0.6999,0,0
2026-09-09T14:58:37.635033+00:00,benign_iot_idle_v1,benign_iot_idle_v1__run_001,benign,,0,0,0.0,0.3867,0.6214,0.0,0.0,0.55,0,0,4.5426,13.5619,3.7413,2.193,10.3203,0,0,0,0,0,0,1.0044,183.79,0.0,183.79,7732.38,8523.39,0,0.0319,0.9875,0,0
2026-09-09T14:58:42.635033+00:00,benign_iot_idle_v1,benign_iot_idle_v1__run_001,benign,,0,0,0.0,0.4174,0.5798,0.0,0.0,0.5072,0,0,7.7433,14.8711,5.4336,3.2973,15.3254,0,0,0,0,0,0,0.7674,62.67,0.0,62.67,8037.38,8111.28,0,0.0,0.9325,0,0
2026-09-09T14:58:47.635033+00:00,benign_iot_idle_v1,benign_iot_idle_v1__run_001,benign,,1,1,0.0,0.445,0.5499,646.68,565.85,0.4529,8,7,9.3482,23.2236,7.6469,4.2159,20.2947,0,0,0,0,0,0,1.0936,80.84,0.0,80.84,8479.47,8481.92,0,0.0056,1.0362,0,0
2026-09-09T14:58:52.635033+00:00,benign_iot_idle_v1,benign_iot_idle_v1__run_001,benign,,0,0,0.0,0.3369,0.6802,0.0,0.0,0.4901,0,0,6.2502,12.9288,6.9432,3.0792,16.1807,0,0,0,0,0,0,0.4332,88.53,0.0,88.53,9384.57,6807.73,0,0.0351,0.4708,0,0
2026-09-09T14:58:57.635033+00:00,benign_iot_idle_v1,benign_iot_idle_v1__run_001,benign,,1,1,0.0,0.3575,0.6286,269.83,269.83,0.4455,4,4,5.4046,15.2948,3.7252,1.3156,7.672,0,0,0,0,0,0,0.9998,67.46,0.0,67.46,6178.92,7354.19,0,0.0183,0.4185,0,0
2026-09-09T14:59:02.635033+00:00,benign_iot_idle_v1,benign_iot_idle_v1__run_001,benign,,0,0,0.0,0.4026,0.5783,0.0,0.0,0.442,0,0,4.7934,12.6869,3.7906,1.4242,8.0631,0,0,0,0,0,0,1.0754,104.07,0.0,104.07,9057.73,7345.44,0,0.0,1.0846,0,0
2026-09-09T14:59:07.635033+00:00,benign_iot_idle_v1,benign_iot_idle_v1__run_001,benign,,1,1,0.0,0.3841,0.6013,288.57,288.57,0.4931,5,5,5.0232,13.2142,3.3863,2.4949,10.8711,0,0,0,0,0,0,0.8796,57.71,0.0,57.71,7507.88,7356.05,0,0.0,0.2554,0,0
2026-09-09T14:59:12.635033+00:00,benign_iot_idle_v1,benign_iot_idle_v1__run_001,benign,,2,2,1.0,0.3721,0.6394,2160.37,2160.37,0.5216,20,20,5.9292,7.2506,4.322,2.2974,11.2141,0,1,0,0,0,0,0.9547,108.02,19.93,127.95,10889.9,7479.04,0,0.0524,0.4134,0,0
2026-09-09T14:59:17.635033+00:00,benign_iot_idle_v1,benign_iot_idle_v1__run_001,benign,,2,2,1.0,0.4184,0.6112,705.34,470.23,0.4792,6,4,5.478,15.5761,3.995,1.7071,9.1163,0,1,0,0,0,0,1.373,117.56,22.35,139.91,7534.95,9612.34,0,0.0,1.2775,0,0
2026-09-09T14:59:22.635033+00:00,benign_iot_idle_v1,benign_iot_idle_v1__run_001,benign,,4,3,1.585,0.4218,0.6045,1486.03,1411.73,0.5192,20,19,3.1316,4.0131,3.9091,1.1644,7.4023,0,2,0,0,0,0,1.0443,74.3,26.19,116.5,7679.84,8512.31,0,0.0877,0.6706,0,0
2026-09-09T14:59:27.635033+00:00,benign_iot_idle_v1,benign_iot_idle_v1__run_001,benign,,0,0,0.0,0.4574,0.559,0.0,0.0,0.5236,0,0,5.2153,11.6164,3.3409,1.1851,6.8963,0,0,0,0,0,0,1.2712,96.89,0.0,96.89,6854.36,7804.37,0,0.0,0.1625,0,0
2026-09-09T14:59:32.635033+00:00,benign_iot_idle_v1,benign_iot_idle_v1__run_001,benign,,3,3,1.585,0.3544,0.6503,1417.61,945.07,0.4198,18,12,3.5488,9.0208,4.1448,1.5914,8.9191,0,1,0,0,0,0,1.387,78.76,12.53,92.82,10987.19,6830.07,0,0.0707,1.111,0,0
2026-09-09T14:59:37.635033+00:00,benign_iot_idle_v1,benign_iot_idle_v1__run_001,benign,,0,0,0.0,0.3999,0.6033,0.0,0.0,0.4892,0,0,2.4769,3.8068,5.2683,3.1792,14.8059,0,0,0,0,0,0,1.2377,89.45,0.0,89.45,6814.84,6980.83,0,0.0399,1.7615,0,0
2026-09-09T14:59:42.635033+00:00,benign_iot_idle_v1,benign_iot_idle_v1__run_001,benign,,0,0,0.0,0.3979,0.5974,0.0,0.0,0.5118,0,0,7.9811,14.1526,9.893,3.3789,20.0298,0,0,0,0,0,0,1.1013,123.44,0.0,123.44,8057.19,8164.76,0,0.0,0.7938,0,0
2026-09-09T14:59:47.635033+00:00,benign_iot_idle_v1,benign_iot_idle_v1__run_001,benign,,0,0,0.0,0.4667,0.5145,0.0,0.0,0.4038,0,0,6.6027,13.2086,5.1831,1.6614,10.1672,0,0,0,0,0,0,1.1375,114.31,0.0,114.31,7550.69,9280.06,0,0.0,0.1509,0,0
2026-09-09T14:59:52.635033+00:00,benign_iot_idle_v1,benign_iot_idle_v1__run_001,benign,,2,2,1.0,0.3885,0.6156,931.63,745.31,0.5206,10,8,7.1898,8.9106,5.4151,1.5122,9.9516,0,1,0,0,0,0,1.1137,93.16,6.58,99.74,9171.64,8180.0,0,0.0789,1.1889,0,0
2026-09-09T14:59:57.635033+00:00,benign_iot_idle_v1,benign_iot_idle_v1__run_001,benign,,2,2,1.0,0.389,0.6137,772.77,1159.15,0.3801,8,12,4.3455,8.6537,5.6493,1.4929,10.1281,0,0,0,0,0,0,0.6252,96.6,15.45,112.04,8261.06,7819.05,0,0.04,1.4921,0,0
2026-09-09T15:00:02.635033+00:00,benign_iot_idle_v1,benign_iot_idle_v1__run_001,benign,,0,0,0.0,0.446,0.5864,0.0,0.0,0.4485,0,0,3.6994,10.3163,3.7783,1.8101,9.2087,0,0,0,0,0,0,0.9606,137.66,0.0,137.66,8841.3,8329.46,0,0.0123,1.1072,0,0
2026-09-09T15:00:07.635033+00:00,benign_iot_idle_v1,benign_iot_idle_v1__run_001,benign,,0,0,0.0,0.4213,0.575,0.0,0.0,0.4828,0,0,4.7315,7.9078,3.8737,1.2925,7.7512,0,0,0,0,0,0,1.1859,57.95,0.0,57.95,7890.78,7451.52,0,0.0,1.0267,0,0
2026-09-09T15:00:12.635033+00:00,benign_iot_idle_v1,benign_iot_idle_v1__run_001,benign,,1,1,0.0,0.416,0.5815,307.38,153.69,0.411,6,3,2.6389,5.0692,4.2628,2.4312,11.5563,0,0,0,0,0,0,1.5723,51.23,0.0,51.23,7901.87,8630.46,0,0.0433,1.162,0,0
2026-09-09T15:00:17.635033+00:00,benign_iot_idle_v1,benign_iot_idle_v1__run_001,benign,,1,1,0.0,0.4054,0.5407,599.81,499.84,0.5036,6,5,2.8824,5.3759,3.9335,1.8509,9.4864,0,0,0,0,0,0,1.0079,99.97,0.0,99.97,7784.72,7852.48,0,0.0144,1.3991,0,0
2026-09-09T15:00:22.635033+00:00,benign_iot_idle_v1,benign_iot_idle_v1__run_001,benign,,0,0,0.0,0.4054,0.6161,0.0,0.0,0.472,0,0,4.4481,7.4341,2.9893,1.4771,7.4207,0,0,0,0,0,0,0.8128,123.11,0.0,123.11,7689.93,7558.74,0,0.0117,1.3532,0,0
2026-09-09T15:00:27.635033+00:00,benign_iot_idle_v1,benign_iot_idle_v1__run_001,benign,,1,1,0.0,0.3829,0.592,629.63,524.69,0.4761,6,5,4.8808,13.6778,3.6181,1.8731,9.2375,0,0,0,0,0,0,1.0824,104.94,0.0,104.94,8660.88,8292.46,0,0.0158,0.2765,0,0
2026-09-09T15:00:32.635033+00:00,benign_iot_idle_v1,benign_iot_idle_v1__run_001,benign,,0,0,0.0,0.3199,0.7011,0.0,0.0,0.549,0,0,5.1363,13.874,2.9966,1.7637,8.2876,0,0,0,0,0,0,0.9131,107.92,0.0,107.92,8249.11,7693.05,0,0.0,0.7136,0,0
2026-09-09T15:00:37.635033+00:00,benign_iot_idle_v1,benign_iot_idle_v1__run_001,benign,,1,1,0.0,0.3694,0.6357,535.15,1204.1,0.4937,8,18,3.0177,6.5362,4.633,2.2446,11.3667,0,0,0,0,0,0,0.4269,66.89,0.0,66.89,6908.78,8269.7,0,0.0396,1.5489,0,0
2026-09-09T15:00:42.635033+00:00,benign_iot_idle_v1,benign_iot_idle_v1__run_001,benign,,1,1,0.0,0.4286,0.5614,643.51,735.44,0.5472,7,8,3.9122,7.7691,3.6616,2.1075,9.9842,0,0,0,0,0,0,0.8214,91.93,0.0,91.93,7782.1,7904.14,0,0.0229,0.8414,0,0
2026-09-09T15:00:47.635033+00:00,benign_iot_idle_v1,benign_iot_idle_v1__run_001,benign,,1,1,0.0,0.4239,0.5544,253.86,253.86,0.4593,2,2,4.4851,9.6985,5.8924,1.939,11.7094,0,0,0,0,0,0,0.7927,126.93,0.0,126.93,7047.36,8162.0,0,0.0,1.216,0,0
2026-09-09T15:00:52.635033+00:00,benign_iot_idle_v1,benign_iot_idle_v1__run_001,benign,,0,0,0.0,0.4226,0.6022,0.0,0.0,0.5404,0,0,9.8315,12.1912,8.9497,4.2051,21.5651,0,0,0,0,0,0,0.5507,122.71,0.0,122.71,9457.22,7125.4,0,0.0197,1.5637,0,0
2026-09-09T15:00:57.635033+00:00,benign_iot_idle_v1,benign_iot_idle_v1__run_001,benign,,2,2,1.0,0.366,0.6487,1002.84,668.56,0.4314,12,8,4.6444,7.6023,5.2381,1.8557,10.8052,0,0,0,0,0,0,1.4138,83.57,7.89,91.46,8385.14,8916.06,0,0.0253,1.0971,0,0
2026-09-09T15:01:02.635033+00:00,benign_iot_idle_v1,benign_iot_idle_v1__run_001,benign,,0,0,0.0,0.4103,0.6131,0.0,0.0,0.4366,0,0,2.204,5.2385,4.2771,3.1302,13.6677,0,0,0,0,0,0,1.6631,60.6,0.0,60.6,9242.81,6624.78,0,0.0,1.1468,0,0
2026-09-09T15:01:07.635033+00:00,benign_iot_idle_v1,benign_iot_idle_v1__run_001,benign,,1,1,0.0,0.4618,0.5597,276.4,230.33,0.4843,6,5,5.8074,11.6495,7.7651,4.9611,22.6484,0,0,0,0,0,0,1.1442,46.07,0.0,46.07,8784.1,9116.11,0,0.0664,1.1559,0,0
2026-09-09T15:01:12.635033+00:00,benign_iot_idle_v1,benign_iot_idle_v1__run_001,benign,,1,1,0.0,0.4215,0.5487,347.24,486.14,0.4451,5,7,3.1087,5.2599,4.3006,2.16,10.7805,0,0,0,0,0,0,0.6534,69.45,0.0,69.45,5763.56,7843.4,0,0.0,0.2262,0,0
2026-09-09T15:01:17.635033+00:00,benign_iot_idle_v1,benign_iot_idle_v1__run_001,benign,,1,1,0.0,0.4808,0.545,107.85,107.85,0.4427,2,2,5.836,15.7377,7.0614,3.6156,17.9081,0,0,0,0,0,0,0.6811,53.93,0.0,53.93,7851.88,9397.01,0,0.0,0.8692,0,0
2026-09-09T15:01:22.635033+00:00,benign_iot_idle_v1,benign_iot_idle_v1__run_001,benign,,1,1,0.0,0.4156,0.5656,947.39,812.05,0.4944,7,6,9.8294,17.7397,6.7874,3.5429,17.4161,0,0,0,0,0,0,1.0454,135.34,0.0,135.34,8573.62,8193.25,0,0.0428,0.8627,0,0
2026-09-09T15:01:27.635033+00:00,benign_iot_idle_v1,benign_iot_idle_v1__run_001,benign,,1,1,0.0,0.4208,0.5537,314.49,157.24,0.5856,4,2,6.8571,16.6363,5.6645,2.5215,13.2291,0,0,0,0,0,0,1.7744,78.62,0.0,78.62,8161.61,7845.08,0,0.0,1.984,0,0
2026-09-09T15:01:32.635033+00:00,benign_iot_idle_v1,benign_iot_idle_v1__run_001,benign,,0,0,0.0,0.4478,0.528,0.0,0.0,0.4758,0,0,12.1344,35.5398,8.6472,3.5007,19.1494,0,0,0,0,0,0,0.9162,91.78,0.0,91.78,8907.67,8836.17,0,0.0022,1.366,0,0
2026-09-09T15:01:37.635033+00:00,benign_iot_idle_v1,benign_iot_idle_v1__run_001,benign,,1,1,0.0,0.4071,0.5662,474.69,316.46,0.4817,9,6,4.9393,6.4734,4.02,1.238,7.7339,0,0,0,0,0,0,1.4102,52.74,0.0,52.74,7615.45,7677.49,0,0.0141,0.9424,0,0
2026-09-09T15:01:42.635033+00:00,benign_iot_idle_v1,benign_iot_idle_v1__run_001,benign,,0,0,0.0,0.3855,0.6185,0.0,0.0,0.4695,0,0,6.7667,19.8753,4.5035,1.7643,9.7965,0,0,0,0,0,0,0.6656,120.04,0.0,120.04,8982.45,8436.83,0,0.0,1.7167,0,0
2026-09-09T15:01:47.635033+00:00,benign_iot_idle_v1,benign_iot_idle_v1__run_001,benign,,3,3,1.585,0.3702,0.6496,2508.62,2090.52,0.4955,24,20,4.1717,7.412,4.2737,1.2842,8.1264,0,1,0,0,0,0,1.1845,104.53,11.82,121.23,9324.28,8228.93,0,0.0279,1.0035,0,0
2026-09-09T15:01:52.635033+00:00,benign_iot_idle_v1,benign_iot_idle_v1__run_001,benign,,1,1,0.0,0.4104,0.5899,283.71,189.14,0.5032,3,2,5.1704,9.5334,3.5213,1.9138,9.2628,0,0,0,0,0,0,1.3674,94.57,0.0,94.57,9186.58,5226.0,0,0.0,1.8072,0,0
2026-09-09T15:01:57.635033+00:00,benign_iot_idle_v1,benign_iot_idle_v1__run_001,benign,,4,3,1.585,0.4004,0.5966,1390.41,2085.62,0.5043,16,24,3.2055,8.7867,3.4428,2.5508,11.0954,0,2,0,0,0,0,0.6583,86.9,31.07,126.06,7015.77,9316.5,0,0.031,0.9794,0,0
2026-09-09T15:02:02.635033+00:00,benign_iot_idle_v1,benign_iot_idle_v1__run_001,benign,,0,0,0.0,0.4134,0.5864,0.0,0.0,0.4891,0,0,10.2255,16.5024,7.5469,4.9093,22.2749,0,0,0,0,0,0,0.7033,88.97,0.0,88.97,8616.78,9159.45,0,0.0,1.2786,0,0
2026-09-09T15:02:07.635033+00:00,benign_iot_idle_v1,benign_iot_idle_v1__run_001,benign,,1,1,0.0,0.3795,0.6012,548.07,487.17,0.518,9,8,6.6043,12.2973,5.1719,2.3409,12.1947,0,0,0,0,0,0,1.0192,60.9,0.0,60.9,8637.56,7131.45,0,0.0,0.7852,0,0
2026-09-09T15:02:12.635033+00:00,benign_iot_idle_v1,benign_iot_idle_v1__run_001,benign,,0,0,0.0,0.4572,0.5398,0.0,0.0,0.5072,0,0,4.9405,8.1946,4.1524,2.8158,12.5997,0,0,0,0,0,0,1.1364,70.67,0.0,70.67,7028.08,7982.02,0,0.0,1.1565,0,0
2026-09-09T15:02:17.635033+00:00,benign_iot_idle_v1,benign_iot_idle_v1__run_001,benign,,1,1,0.0,0.3735,0.6126,727.8,727.8,0.5236,7,7,9.062,19.1929,10.2275,3.9286,22.0133,0,0,0,0,0,0,0.9606,103.97,0.0,103.97,7582.32,8477.03,0,0.0519,0.3144,0,0
2026-09-09T15:02:22.635033+00:00,benign_iot_idle_v1,benign_iot_idle_v1__run_001,benign,,5,3,1.585,0.3745,0.6318,1003.19,936.31,0.4609,15,14,3.411,5.9214,4.1301,1.7986,9.5261,0,2,0,0,1,0,1.0604,66.88,15.64,96.55,8172.66,9106.1,0,0.0599,0.5697,0,0
2026-09-09T15:02:27.635033+00:00,benign_iot_idle_v1,benign_iot_idle_v1__run_001,benign,,0,0,0.0,0.4449,0.5582,0.0,0.0,0.5496,0,0,5.3925,11.023,3.8118,2.1338,10.2132,0,0,0,0,0,0,0.5292,106.5,0.0,106.5,7758.54,8620.52,0,0.018,0.6733,0,0
2026-09-09T15:02:32.635033+00:00,benign_iot_idle_v1,benign_iot_idle_v1__run_001,benign,,2,2,1.0,0.4052,0.6126,1751.04,2546.97,0.5625,22,32,4.0233,8.6517,4.018,2.0031,10.0273,0,1,0,0,0,0,0.6766,79.59,19.97,99.56,8461.97,8493.1,0,0.0033,0.5706,0,0
2026-09-09T15:02:37.635033+00:00,benign_iot_idle_v1,benign_iot_idle_v1__run_001,benign,,1,1,0.0,0.4043,0.607,767.14,1380.85,0.4704,10,18,7.1987,17.6765,8.8638,5.8167,26.3138,0,0,0,0,0,0,0.5337,76.71,0.0,76.71,6529.08,5987.71,0,0.0,0.1103,0,0
2026-09-09T15:02:42.635033+00:00,benign_iot_idle_v1,benign_iot_idle_v1__run_001,benign,,0,0,0.0,0.4136,0.5949,0.0,0.0,0.5726,0,0,4.3145,6.7604,6.079,2.82,14.5389,0,0,0,0,0,0,1.5063,32.98,0.0,32.98,8748.89,7353.57,0,0.0142,0.3404,0,0
2026-09-09T15:02:47.635033+00:00,benign_iot_idle_v1,benign_iot_idle_v1__run_001,benign,,0,0,0.0,0.4135,0.5482,0.0,0.0,0.5537,0,0,5.9525,13.7268,5.7057,2.7635,13.996,0,0,0,0,0,0,0.8885,94.81,0.0,94.81,8262.18,7821.46,0,0.0,0.8467,0,0
2026-09-09T15:02:52.635033+00:00,benign_iot_idle_v1,benign_iot_idle_v1__run_001,benign,,0,0,0.0,0.3754,0.6545,0.0,0.0,0.4823,0,0,6.5434,16.1827,4.5291,1.731,9.7221,0,0,0,0,0,0,1.3665,83.22,0.0,83.22,8057.61,8111.16,0,0.0298,1.6528,0,0
2026-09-09T15:02:57.635033+00:00,benign_iot_idle_v1,benign_iot_idle_v1__run_001,benign,,1,1,0.0,0.4003,0.6168,796.97,1859.59,0.4499,6,14,4.9214,9.2688,6.7794,4.742,21.0053,0,0,0,0,0,0,0.4195,132.83,0.0,132.83,7775.82,9087.89,0,0.0121,1.8244,0,0
2026-09-09T15:03:02.635033+00:00,benign_iot_idle_v1,benign_iot_idle_v1__run_001,benign,,1,1,0.0,0.3683,0.6297,533.7,400.28,0.466,4,3,7.3238,14.4856,6.6802,3.4144,16.9234,0,0,0,0,0,0,1.1316,133.43,0.0,133.43,8272.92,8043.91,0,0.0516,1.4794,0,0
2026-09-09T15:03:07.635033+00:00,benign_iot_idle_v1,benign_iot_idle_v1__run_001,benign,,0,0,0.0,0.4012,0.5871,0.0,0.0,0.5139,0,0,10.6542,17.2767,7.6098,3.9807,19.552,0,0,0,0,0,0,0.9406,114.23,0.0,114.23,7813.43,8216.68,0,0.0,0.3792,0,0
2026-09-09T15:03:12.635033+00:00,benign_iot_idle_v1,benign_iot_idle_v1__run_001,benign,,2,2,1.0,0.381,0.5951,1409.23,1849.61,0.5328,16,21,4.8845,8.2577,5.2502,3.4605,15.6317,0,1,0,0,0,0,0.7335,88.08,21.53,109.6,9684.1,9182.39,0,0.0774,0.7582,0,0
2026-09-09T15:03:17.635033+00:00,benign_iot_idle_v1,benign_iot_idle_v1__run_001,benign,,1,1,0.0,0.4039,0.5923,357.22,535.84,0.5424,4,6,3.0515,7.4608,4.955,3.2947,14.839,0,0,0,0,0,0,0.6253,89.31,0.0,89.31,7980.81,8233.67,0,0.0074,1.0192,0,0
2026-09-09T15:03:22.635033+00:00,benign_iot_idle_v1,benign_iot_idle_v1__run_001,benign,,1,1,0.0,0.3981,0.5783,1167.38,933.9,0.5336,10,8,5.0177,7.9264,4.0781,3.0426,13.206,0,0,0,0,0,0,1.198,116.74,0.0,116.74,9641.86,8400.91,0,0.0249,1.4943,0,0
2026-09-09T15:03:27.635033+00:00,benign_iot_idle_v1,benign_iot_idle_v1__run_001,benign,,1,1,0.0,0.3422,0.6198,426.83,320.12,0.4961,4,3,4.9296,13.8163,3.4329,1.2992,7.3304,0,0,0,0,0,0,1.0148,106.71,0.0,106.71,8191.24,8820.89,0,0.0,1.325,0,0
2026-09-09T15:03:32.635033+00:00,benign_iot_idle_v1,benign_iot_idle_v1__run_001,benign,,0,0,0.0,0.4108,0.5714,0.0,0.0,0.5087,0,0,10.8504,21.7848,8.4554,4.7913,22.8292,0,0,0,0,0,0,1.3896,81.88,0.0,81.88,7733.11,8708.53,0,0.0,0.9833,0,0
2026-09-09T15:03:37.635033+00:00,benign_iot_idle_v1,benign_iot_idle_v1__run_001,benign,,0,0,0.0,0.3934,0.6316,0.0,0.0,0.4684,0,0,13.4655,26.3962,9.7559,2.6775,17.7884,0,0,0,0,0,0,1.2371,124.87,0.0,124.87,7837.29,7647.15,0,0.0171,1.323,0,0
2026-09-09T15:03:42.635033+00:00,benign_iot_idle_v1,benign_iot_idle_v1__run_001,benign,,1,1,0.0,0.3441,0.6504,282.21,188.14,0.4496,6,4,5.6479,11.6071,3.9347,2.0143,9.9774,0,0,0,0,0,0,1.2057,47.03,0.0,47.03,7526.02,7709.19,0,0.0095,0.8372,0,0
2026-09-09T15:03:47.635033+00:00,benign_iot_idle_v1,benign_iot_idle_v1__run_001,benign,,2,2,1.0,0.4096,0.5693,301.4,226.05,0.4229,4,3,2.1789,3.2502,4.0259,2.4081,11.2503,0,0,0,0,0,0,1.1857,75.35,0.89,76.24,9263.99,8510.64,0,0.0414,1.5734,0,0
2026-09-09T15:03:52.635033+00:00,benign_iot_idle_v1,benign_iot_idle_v1__run_001,benign,,2,2,1.0,0.3336,0.661,1538.2,2636.91,0.4785,14,24,9.3298,15.9155,6.2799,1.9107,12.0121,0,1,0,0,0,0,0.5664,109.87,46.09,155.96,7315.5,8529.67,0,0.0584,1.7702,0,0
2026-09-09T15:03:57.635033+00:00,benign_iot_idle_v1,benign_iot_idle_v1__run_001,benign,,2,2,1.0,0.4115,0.5615,1210.64,1109.76,0.3974,12,11,2.1487,5.7989,3.6621,2.0975,9.9548,0,0,0,0,0,0,1.0415,100.89,17.83,118.71,9336.5,7299.28,0,0.0044,1.6806,0,0
2026-09-09T15:04:02.635033+00:00,benign_iot_idle_v1,benign_iot_idle_v1__run_001,benign,,0,0,0.0,0.3855,0.6349,0.0,0.0,0.4607,0,0,4.6286,7.1187,7.0611,4.3481,20.1052,0,0,0,0,0,0,1.0246,53.25,0.0,53.25,8303.4,6755.32,0,0.0,1.4131,0,0
2026-09-09T15:04:07.635033+00:00,benign_iot_idle_v1,benign_iot_idle_v1__run_001,benign,,1,1,0.0,0.3672,0.6609,253.07,354.3,0.5244,5,7,2.9907,7.4607,3.7514,1.4434,8.0815,0,0,0,0,0,0,0.6318,50.61,0.0,50.61,8521.11,7331.13,0,0.0594,0.4642,0,0
2026-09-09T15:04:12.635033+00:00,benign_iot_idle_v1,benign_iot_idle_v1__run_001,benign,,0,0,0.0,0.4092,0.5581,0.0,0.0,0.4866,0,0,5.1608,9.5119,6.3397,4.008,18.3635,0,0,0,0,0,0,0.6695,62.68,0.0,62.68,9081.36,8188.38,0,0.0508,1.2483,0,0
2026-09-09T15:04:17.635033+00:00,benign_iot_idle_v1,benign_iot_idle_v1__run_001,benign,,2,2,1.0,0.4226,0.6074,1259.34,2068.91,0.5395,14,23,4.474,9.077,4.3555,2.8998,13.055,0,1,0,0,0,0,0.5926,89.95,30.72,120.68,6929.62,8240.91,0,0.0108,1.0984,0,0
2026-09-09T15:04:22.635033+00:00,benign_iot_idle_v1,benign_iot_idle_v1__run_001,benign,,0,0,0.0,0.3763,0.6359,0.0,0.0,0.4612,0,0,11.4745,15.8591,8.735,5.3202,24.6957,0,0,0,0,0,0,1.0133,136.13,0.0,136.13,7856.34,8171.38,0,0.004,1.3325,0,0
2026-09-09T15:04:27.635033+00:00,benign_iot_idle_v1,benign_iot_idle_v1__run_001,benign,,0,0,0.0,0.4549,0.5542,0.0,0.0,0.5439,0,0,3.8558,4.7974,6.6744,2.6963,14.7634,0,0,0,0,0,0,0.8833,35.83,0.0,35.83,7858.78,7023.83,0,0.0399,0.5773,0,0
2026-09-09T15:04:32.635033+00:00,benign_iot_idle_v1,benign_iot_idle_v1__run_001,benign,,3,3,1.585,0.3859,0.6295,949.06,759.25,0.459,15,12,3.5106,9.711,3.2859,0.8549,5.8505,0,1,0,0,0,0,1.2259,63.27,12.92,81.51,8979.78,8936.25,0,0.1176,1.274,0,0
2026-09-09T15:04:37.635033+00:00,benign_iot_idle_v1,benign_iot_idle_v1__run_001,benign,,2,2,1.0,0.4202,0.5821,1038.8,1038.8,0.3458,10,10,5.1804,10.5573,3.4684,2.5308,11.0609,0,1,0,0,0,0,0.9483,103.88,36.57,140.45,7405.7,8522.65,0,0.0451,1.065,0,0
2026-09-09T15:04:42.635033+00:00,benign_iot_idle_v1,benign_iot_idle_v1__run_001,benign,,3,3,1.585,0.3791,0.6316,1330.35,886.9,0.5425,15,10,2.5385,4.3694,4.0363,2.2746,10.8602,0,1,0,0,0,0,1.4878,88.69,26.65,115.85,9306.22,9569.29,0,0.0813,0.0,0,0
2026-09-09T15:04:47.635033+00:00,benign_iot_idle_v1,benign_iot_idle_v1__run_001,benign,,1,1,0.0,0.3995,0.6402,215.27,161.45,0.4495,4,3,4.4543,12.3209,3.0414,1.5879,7.805,0,0,0,0,0,0,1.1616,53.82,0.0,53.82,7613.49,7545.45,0,0.0198,0.6789,0,0
2026-09-09T15:04:52.635033+00:00,benign_iot_idle_v1,benign_iot_idle_v1__run_001,benign,,1,1,0.0,0.3655,0.6376,418.77,299.12,0.4677,7,5,12.6971,36.1133,11.1955,7.8471,34.7367,0,0,0,0,0,0,1.2059,59.82,0.0,59.82,8442.28,9708.78,0,0.0268,1.2789,0,0
2026-09-09T15:04:57.635033+00:00,benign_iot_idle_v1,benign_iot_idle_v1__run_001,benign,,2,2,1.0,0.3623,0.6573,1515.57,1326.12,0.6323,16,14,3.5647,5.5572,4.4112,2.4128,11.6496,0,1,0,0,0,0,1.1296,94.72,33.22,127.94,8185.97,6968.25,0,0.0632,1.4114,0,0
2026-09-09T15:05:02.635033+00:00,benign_iot_idle_v1,benign_iot_idle_v1__run_001,benign,,1,1,0.0,0.3373,0.6597,722.55,1341.88,0.516,7,13,6.3793,8.216,8.8882,2.7081,17.0125,0,0,0,0,0,0,0.5222,103.22,0.0,103.22,9647.7,7517.48,0,0.0318,0.1006,0,0
2026-09-09T15:05:07.635033+00:00,benign_iot_idle_v1,benign_iot_idle_v1__run_001,benign,,0,0,0.0,0.4134,0.6375,0.0,0.0,0.5376,0,0,2.9974,7.732,3.6354,1.8783,9.2703,0,0,0,0,0,0,0.7856,73.86,0.0,73.86,8476.88,8324.0,0,0.0172,1.4261,0,0
2026-09-09T15:05:12.635033+00:00,benign_iot_idle_v1,benign_iot_idle_v1__run_001,benign,,1,1,0.0,0.4016,0.5821,661.4,496.05,0.6251,8,6,9.844,26.0466,6.8462,4.3245,19.8198,0,0,0,0,0,0,1.1694,82.68,0.0,82.68,7855.94,7712.44,0,0.0,0.5712,0,0
2026-09-09T15:05:17.635033+00:00,benign_iot_idle_v1,benign_iot_idle_v1__run_001,benign,,2,2,1.0,0.4182,0.5636,201.69,100.84,0.448,2,1,6.9268,20.5852,5.289,2.8907,13.9613,0,1,0,0,0,0,1.1704,100.84,9.72,110.56,10029.51,8599.75,0,0.0233,1.1472,0,0
2026-09-09T15:05:22.635033+00:00,benign_iot_idle_v1,benign_iot_idle_v1__run_001,benign,,0,0,0.0,0.3872,0.6259,0.0,0.0,0.4894,0,0,9.2427,27.6892,8.1837,2.8516,16.7384,0,0,0,0,0,0,0.9683,88.94,0.0,88.94,8978.47,8596.66,0,0.0,1.6908,0,0
2026-09-09T15:05:27.635033+00:00,benign_iot_idle_v1,benign_iot_idle_v1__run_001,benign,,2,2,1.0,0.41,0.5753,1586.07,1321.73,0.4682,12,10,6.8026,15.6347,4.8231,3.2248,14.4974,0,1,0,0,0,0,1.0978,132.17,55.97,188.14,6914.1,8140.81,0,0.0623,0.8621,0,0
2026-09-09T15:05:32.635033+00:00,benign_iot_idle_v1,benign_iot_idle_v1__run_001,benign,,5,3,1.585,0.4244,0.607,3719.04,6694.28,0.5729,50,90,4.1496,10.764,4.069,1.1163,7.418,0,2,0,0,1,0,0.5518,74.38,26.89,113.18,8512.98,8915.88,0,0.0,0.7363,0,0
2026-09-09T15:05:37.635033+00:00,benign_iot_idle_v1,benign_iot_idle_v1__run_001,benign,,2,2,1.0,0.3603,0.6352,942.3,673.07,0.4822,14,10,5.519,12.6153,4.0912,2.5572,11.763,0,0,0,0,0,0,1.3955,67.31,12.65,79.96,8603.87,9022.76,0,0.0184,1.0496,0,0
2026-09-09T15:05:42.635033+00:00,benign_iot_idle_v1,benign_iot_idle_v1__run_001,benign,,2,2,1.0,0.3868,0.6253,367.12,1101.36,0.4322,8,24,5.3999,8.032,5.2427,3.8298,16.7322,0,1,0,0,0,0,0.3314,45.89,3.17,49.06,7185.3,7741.81,0,0.0,1.4514,0,0
2026-09-09T15:05:47.635033+00:00,benign_iot_idle_v1,benign_iot_idle_v1__run_001,benign,,0,0,0.0,0.4257,0.5786,0.0,0.0,0.4369,0,0,7.2875,11.0811,6.1062,4.2598,18.8856,0,0,0,0,0,0,0.5902,110.71,0.0,110.71,11035.52,8780.27,0,0.0656,0.7814,0,0
2026-09-09T15:05:52.635033+00:00,benign_iot_idle_v1,benign_iot_idle_v1__run_001,benign,,2,2,1.0,0.3881,0.5921,632.13,632.13,0.4088,8,8,4.212,12.2797,4.5958,3.4019,14.8013,0,1,0,0,0,0,0.965,79.02,14.94,93.95,8772.16,8673.35,0,0.0697,1.2073,0,0
2026-09-09T15:05:57.635033+00:00,benign_iot_idle_v1,benign_iot_idle_v1__run_001,benign,,6,3,1.585,0.3761,0.6217,1815.73,1740.08,0.4864,24,23,1.8623,3.1629,3.2826,2.0551,9.4478,0,2,0,0,1,0,1.0397,75.66,18.13,109.65,6925.59,6909.33,0,0.059,0.5977,0,0
2026-09-09T15:06:02.635033+00:00,benign_iot_idle_v1,benign_iot_idle_v1__run_001,benign,,2,2,1.0,0.4269,0.5727,1286.78,1838.25,0.5748,14,20,3.5787,5.7981,4.4017,1.5335,9.002,0,1,0,0,0,0,0.6984,91.91,4.21,96.12,10101.92,8111.0,0,0.0369,0.7051,0,0
2026-09-09T15:06:07.635033+00:00,benign_iot_idle_v1,benign_iot_idle_v1__run_001,benign,,2,2,1.0,0.3562,0.6451,789.71,493.57,0.3549,8,5,2.2341,6.358,3.3314,1.9933,9.3114,0,0,0,0,0,0,1.4125,98.71,3.03,101.75,8414.7,6814.0,0,0.0309,0.5089,0,0
2026-09-09T15:06:12.635033+00:00,benign_iot_idle_v1,benign_iot_idle_v1__run_001,benign,,0,0,0.0,0.4367,0.5566,0.0,0.0,0.5584,0,0,12.6624,34.9266,10.001,3.8224,21.4681,0,0,0,0,0,0,0.5862,90.62,0.0,90.62,8331.28,6674.44,0,0.0188,1.0151,0,0
2026-09-09T15:06:17.635033+00:00,benign_iot_idle_v1,benign_iot_idle_v1__run_001,benign,,0,0,0.0,0.4134,0.5788,0.0,0.0,0.552,0,0,5.308,6.4788,3.9477,1.0924,7.2249,0,0,0,0,0,0,1.1385,71.36,0.0,71.36,7498.57,8243.39,0,0.0,0.3124,0,0
2026-09-09T15:06:22.635033+00:00,benign_iot_idle_v1,benign_iot_idle_v1__run_001,benign,,1,1,0.0,0.3945,0.6093,277.47,277.47,0.4818,5,5,8.0052,10.7987,7.8185,2.469,15.2254,0,0,0,0,0,0,0.961,55.49,0.0,55.49,8130.64,7748.16,0,0.0,1.5104,0,0
2026-09-09T15:06:27.635033+00:00,benign_iot_idle_v1,benign_iot_idle_v1__run_001,benign,,1,1,0.0,0.42,0.6237,488.3,488.3,0.517,6,6,5.5702,12.3773,8.1985,5.9434,26.0288,0,0,0,0,0,0,0.9299,81.38,0.0,81.38,8473.09,8595.58,0,0.0544,1.4062,0,0
2026-09-09T15:06:32.635033+00:00,benign_iot_idle_v1,benign_iot_idle_v1__run_001,benign,,0,0,0.0,0.3885,0.63,0.0,0.0,0.5103,0,0,4.0044,9.4605,5.1273,1.9387,10.9432,0,0,0,0,0,0,0.7792,86.08,0.0,86.08,9020.12,8731.36,0,0.0,0.1556,0,0
2026-09-09T15:06:37.635033+00:00,benign_iot_idle_v1,benign_iot_idle_v1__run_001,benign,,2,2,1.0,0.3952,0.5956,848.74,848.74,0.4658,8,8,5.2365,12.7881,5.8371,1.6094,10.6654,0,0,0,0,0,0,0.9109,106.09,40.17,146.26,8485.1,7798.08,0,0.0213,1.8866,0,0
2026-09-09T15:06:42.635033+00:00,benign_iot_idle_v1,benign_iot_idle_v1__run_001,benign,,0,0,0.0,0.3987,0.628,0.0,0.0,0.4336,0,0,9.1111,13.9181,8.1923,4.1601,20.6726,0,0,0,0,0,0,1.3652,87.3,0.0,87.3,6548.26,6602.79,0,0.001,0.843,0,0
2026-09-09T15:06:47.635033+00:00,benign_iot_idle_v1,benign_iot_idle_v1__run_001,benign,,1,1,0.0,0.3405,0.6567,320.68,320.68,0.4582,4,4,5.6207,8.5787,5.3259,2.0999,11.6257,0,0,0,0,0,0,0.8375,80.17,0.0,80.17,8663.48,7190.04,0,0.0391,0.2794,0,0
2026-09-09T15:06:52.635033+00:00,benign_iot_idle_v1,benign_iot_idle_v1__run_001,benign,,1,1,0.0,0.3636,0.6486,441.04,992.34,0.4944,4,9,6.6956,16.1803,5.4331,2.7247,13.6071,0,0,0,0,0,0,0.4052,110.26,0.0,110.26,9095.5,7197.76,0,0.0246,1.4788,0,0
2026-09-09T15:06:57.635033+00:00,benign_iot_idle_v1,benign_iot_idle_v1__run_001,benign,,3,3,1.585,0.4078,0.592,1970.78,2919.67,0.3944,27,40,5.0253,11.1147,4.2948,2.0399,10.4146,0,1,0,0,0,0,0.6703,72.99,21.78,102.92,7707.49,10208.43,0,0.0741,1.6502,0,0
2026-09-09T15:07:02.635033+00:00,benign_iot_idle_v1,benign_iot_idle_v1__run_001,benign,,1,1,0.0,0.425,0.5572,1384.38,1006.82,0.5203,11,8,6.3944,14.1217,4.3143,2.2512,11.0679,0,0,0,0,0,0,1.3663,125.85,0.0,125.85,7747.05,6947.16,0,0.0,1.0521,0,0
2026-09-09T15:07:07.635033+00:00,benign_iot_idle_v1,benign_iot_idle_v1__run_001,benign,,1,1,0.0,0.4279,0.5614,546.79,437.43,0.6012,5,4,8.0753,22.7893,8.9971,3.4775,19.4297,0,0,0,0,0,0,1.1106,109.36,0.0,109.36,7204.07,9002.14,0,0.0401,0.747,0,0
2026-09-09T15:07:12.635033+00:00,benign_iot_idle_v1,benign_iot_idle_v1__run_001,benign,,0,0,0.0,0.4527,0.5592,0.0,0.0,0.4452,0,0,4.2669,12.0008,5.5506,4.0152,17.5961,0,0,0,0,0,0,1.4078,109.6,0.0,109.6,8012.91,8796.46,0,0.0321,1.1646,0,0
2026-09-09T15:07:17.635033+00:00,benign_iot_idle_v1,benign_iot_idle_v1__run_001,benign,,1,1,0.0,0.4349,0.5488,360.57,288.46,0.466,5,4,2.098,6.1279,4.1199,2.7512,12.3736,0,0,0,0,0,0,1.1023,72.11,0.0,72.11,7550.69,7392.1,0,0.0291,1.4146,0,0
2026-09-09T15:07:22.635033+00:00,benign_iot_idle_v1,benign_iot_idle_v1__run_001,benign,,2,2,1.0,0.4262,0.5921,726.66,1180.82,0.4674,8,13,4.8894,14.1976,3.4049,1.7139,8.5466,0,0,0,0,0,0,0.6109,90.83,12.21,103.05,11016.78,9832.87,0,0.0593,1.0793,0,0
2026-09-09T15:07:27.635033+00:00,benign_iot_idle_v1,benign_iot_idle_v1__run_001,benign,,0,0,0.0,0.4141,0.5725,0.0,0.0,0.535,0,0,7.895,15.115,8.9526,3.3751,19.0778,0,0,0,0,0,0,1.0492,51.73,0.0,51.73,6634.96,7511.06,0,0.0,0.8636,0,0
2026-09-09T15:07:32.635033+00:00,benign_iot_idle_v1,benign_iot_idle_v1__run_001,benign,,1,1,0.0,0.432,0.5781,487.88,418.18,0.5147,7,6,5.4574,13.0615,6.0045,1.8176,11.4574,0,0,0,0,0,0,1.0301,69.7,0.0,69.7,8422.13,8525.1,0,0.0209,1.0844,0,0
2026-09-09T15:07:37.635033+00:00,benign_iot_idle_v1,benign_iot_idle_v1__run_001,benign,,0,0,0.0,0.3947,0.5913,0.0,0.0,0.5718,0,0,3.4711,4.6447,3.8971,1.0068,6.9177,0,0,0,0,0,0,1.1427,83.69,0.0,83.69,7511.01,8263.36,0,0.0,0.6238,0,0
2026-09-09T15:07:42.635033+00:00,benign_iot_idle_v1,benign_iot_idle_v1__run_001,benign,,0,0,0.0,0.4136,0.6019,0.0,0.0,0.5232,0,0,6.9787,14.1001,5.8943,2.9108,14.6267,0,0,0,0,0,0,0.8231,67.22,0.0,67.22,6767.52,8391.56,0,0.0,0.4855,0,0
2026-09-09T15:07:47.635033+00:00,benign_iot_idle_v1,benign_iot_idle_v1__run_001,benign,,2,2,1.0,0.4076,0.5963,435.28,507.83,0.5517,6,7,3.7593,10.7019,5.9559,1.5035,10.4665,0,1,0,0,0,0,0.8149,72.55,21.97,94.52,8057.21,8767.93,0,0.01,1.1327,0,0
2026-09-09T15:07:52.635033+00:00,benign_iot_idle_v1,benign_iot_idle_v1__run_001,benign,,0,0,0.0,0.3516,0.676,0.0,0.0,0.5217,0,0,10.0952,20.7414,8.6078,6.1951,27.193,0,0,0,0,0,0,0.5939,155.87,0.0,155.87,8681.6,8319.64,0,0.0,0.4881,0,0
2026-09-09T15:07:57.635033+00:00,benign_iot_idle_v1,benign_iot_idle_v1__run_001,benign,,1,1,0.0,0.4706,0.523,264.58,330.73,0.5184,4,5,10.6801,14.2521,7.5542,4.1616,20.0388,0,0,0,0,0,0,0.7996,66.15,0.0,66.15,8386.36,7104.37,0,0.0,0.8979,0,0
2026-09-09T15:08:02.635033+00:00,benign_iot_idle_v1,benign_iot_idle_v1__run_001,benign,,3,3,1.585,0.3979,0.6246,2896.47,2293.04,0.5896,24,19,3.4428,7.3712,3.482,2.5851,11.2372,0,1,0,0,0,0,1.2205,120.69,11.89,133.83,8286.45,8189.09,0,0.071,1.3893,0,0
2026-09-09T15:08:07.635033+00:00,benign_iot_idle_v1,benign_iot_idle_v1__run_001,benign,,1,1,0.0,0.47,0.5299,680.84,680.84,0.5048,6,6,7.0774,12.5072,10.3257,3.633,21.2248,0,0,0,0,0,0,0.949,113.47,0.0,113.47,8821.59,7241.83,0,0.0282,0.9625,0,0
2026-09-09T15:08:12.635033+00:00,benign_iot_idle_v1,benign_iot_idle_v1__run_001,benign,,0,0,0.0,0.3602,0.6643,0.0,0.0,0.6222,0,0,8.991,14.4186,6.4363,4.0508,18.5886,0,0,0,0,0,0,1.554,82.13,0.0,82.13,6804.89,8338.05,0,0.0,1.4406,0,0
2026-09-09T15:08:17.635033+00:00,benign_iot_idle_v1,benign_iot_idle_v1__run_001,benign,,1,1,0.0,0.4033,0.584,1004.61,1004.61,0.581,6,6,8.9519,18.3556,7.4913,3.9973,19.4832,0,0,0,0,0,0,0.9782,167.44,0.0,167.44,6967.06,8663.47,0,0.0314,0.8138,0,0
2026-09-09T15:08:22.635033+00:00,benign_iot_idle_v1,benign_iot_idle_v1__run_001,benign,,0,0,0.0,0.3501,0.6868,0.0,0.0,0.4632,0,0,2.4935,6.879,3.9633,2.4488,11.3096,0,0,0,0,0,0,1.3693,81.54,0.0,81.54,8602.14,7903.75,0,0.0033,0.9369,0,0
2026-09-09T15:08:27.635033+00:00,benign_iot_idle_v1,benign_iot_idle_v1__run_001,benign,,0,0,0.0,0.3707,0.6104,0.0,0.0,0.4888,0,0,6.6666,19.9035,5.4525,2.6651,13.4479,0,0,0,0,0,0,1.1691,56.97,0.0,56.97,6633.0,8358.86,0,0.0281,1.8988,0,0
2026-09-09T15:08:32.635033+00:00,benign_iot_idle_v1,benign_iot_idle_v1__run_001,benign,,2,2,1.0,0.3846,0.6605,1379.78,1121.07,0.5136,16,13,5.6787,15.9182,3.6271,1.6088,8.4536,0,0,0,0,0,0,1.1885,86.24,18.56,104.79,7463.65,9507.79,0,0.0089,0.3915,0,0
2026-09-09T15:08:37.635033+00:00,benign_iot_idle_v1,benign_iot_idle_v1__run_001,benign,,1,1,0.0,0.3789,0.633,326.9,196.14,0.5538,5,3,4.0449,5.7689,5.3792,3.5977,16.1722,0,0,0,0,0,0,1.4984,65.38,0.0,65.38,9244.34,7227.42,0,0.0,0.3015,0,0
2026-09-09T15:08:42.635033+00:00,benign_iot_idle_v1,benign_iot_idle_v1__run_001,benign,,0,0,0.0,0.3533,0.6268,0.0,0.0,0.5248,0,0,3.666,8.9556,6.5294,2.4878,13.9927,0,0,0,0,0,0,1.4962,137.41,0.0,137.41,8651.63,7794.12,0,0.0378,1.8176,0,0
2026-09-09T15:08:47.635033+00:00,benign_iot_idle_v1,benign_iot_idle_v1__run_001,benign,,1,1,0.0,0.3721,0.6133,543.54,1222.96,0.5243,8,18,5.3543,10.7355,6.2004,3.5201,16.7607,0,0,0,0,0,0,0.4286,67.94,0.0,67.94,8153.76,7578.22,0,0.0259,1.6777,0,0
2026-09-09T15:08:52.635033+00:00,benign_iot_idle_v1,benign_iot_idle_v1__run_001,benign,,0,0,0.0,0.3932,0.6196,0.0,0.0,0.5264,0,0,12.1835,27.7991,8.4188,5.3256,24.3955,0,0,0,0,0,0,0.9076,76.6,0.0,76.6,8475.33,9763.11,0,0.0352,0.8158,0,0
2026-09-09T15:08:57.635033+00:00,benign_iot_idle_v1,benign_iot_idle_v1__run_001,benign,,0,0,0.0,0.4829,0.5076,0.0,0.0,0.5175,0,0,3.1509,7.7755,5.398,3.1665,14.8974,0,0,0,0,0,0,0.5318,63.31,0.0,63.31,7384.82,7976.78,0,0.0247,1.1118,0,0
2026-09-09T15:09:02.635033+00:00,benign_iot_idle_v1,benign_iot_idle_v1__run_001,benign,,1,1,0.0,0.3861,0.6596,303.06,181.84,0.4858,5,3,4.9619,14.3461,5.278,2.4935,12.7586,0,0,0,0,0,0,1.4027,60.61,0.0,60.61,7781.32,7566.56,0,0.0,1.8903,0,0
2026-09-09T15:09:07.635033+00:00,benign_iot_idle_v1,benign_iot_idle_v1__run_001,benign,,0,0,0.0,0.4135,0.5762,0.0,0.0,0.5352,0,0,3.4722,6.6317,5.9747,2.5008,13.4772,0,0,0,0,0,0,1.316,77.2,0.0,77.2,8375.74,7330.95,0,0.0,2.0734,0,0
2026-09-09T15:09:12.635033+00:00,benign_iot_idle_v1,benign_iot_idle_v1__run_001,benign,,3,3,1.585,0.4341,0.5535,2373.48,2689.94,0.54,30,34,3.9076,11.0863,3.7519,2.0782,9.9867,0,1,0,0,0,0,0.8752,79.12,20.42,106.77,6754.41,7521.25,0,0.0593,1.4584,0,0
2026-09-09T15:09:17.635033+00:00,benign_iot_idle_v1,benign_iot_idle_v1__run_001,benign,,1,1,0.0,0.455,0.5735,629.88,629.88,0.4801,6,6,3.6853,9.7203,4.2545,2.0228,10.323,0,0,0,0,0,0,0.9185,104.98,0.0,104.98,8241.03,8280.02,0,0.0,0.8979,0,0
2026-09-09T15:09:22.635033+00:00,benign_iot_idle_v1,benign_iot_idle_v1__run_001,benign,,2,2,1.0,0.3799,0.653,587.21,293.6,0.5093,8,4,6.0756,14.8348,4.5064,2.3261,11.4848,0,1,0,0,0,0,1.6239,73.4,2.06,75.46,7593.96,8135.4,0,0.0108,0.5591,0,0
2026-09-09T15:09:27.635033+00:00,benign_iot_idle_v1,benign_iot_idle_v1__run_001,benign,,1,1,0.0,0.4041,0.5942,631.43,360.82,0.4719,7,4,2.5119,6.5256,4.4972,2.2159,11.1449,0,0,0,0,0,0,1.5986,90.2,0.0,90.2,9819.44,8057.64,0,0.0,0.7314,0,0
2026-09-09T15:09:32.635033+00:00,benign_iot_idle_v1,benign_iot_idle_v1__run_001,benign,,2,2,1.0,0.4359,0.5572,1759.57,2969.28,0.4682,16,27,2.9953,3.7589,3.2549,2.3074,10.177,0,1,0,0,0,0,0.5817,109.97,21.12,131.09,7617.49,8498.26,0,0.0423,1.3399,0,0
2026-09-09T15:09:37.635033+00:00,benign_iot_idle_v1,benign_iot_idle_v1__run_001,benign,,1,1,0.0,0.4008,0.5857,273.96,273.96,0.581,4,4,4.5921,10.9957,9.1506,6.3093,28.0786,0,0,0,0,0,0,0.9631,68.49,0.0,68.49,8865.43,6182.57,0,0.0,0.6697,0,0
2026-09-09T15:09:42.635033+00:00,benign_iot_idle_v1,benign_iot_idle_v1__run_001,benign,,3,3,1.585,0.4506,0.54,969.96,646.64,0.4988,9,6,4.4069,10.8526,4.1169,1.3302,8.1076,0,1,0,0,0,0,1.499,107.77,28.11,136.81,8609.77,6946.63,0,0.0171,0.5137,0,0
2026-09-09T15:09:47.635033+00:00,benign_iot_idle_v1,benign_iot_idle_v1__run_001,benign,,1,1,0.0,0.3959,0.6094,480.76,480.76,0.5709,6,6,6.9238,11.7908,7.2182,4.8967,21.9082,0,0,0,0,0,0,0.8858,80.13,0.0,80.13,9241.67,7980.64,0,0.0252,0.7296,0,0
2026-09-09T15:09:52.635033+00:00,benign_iot_idle_v1,benign_iot_idle_v1__run_001,benign,,0,0,0.0,0.4384,0.6034,0.0,0.0,0.3984,0,0,3.7554,5.945,8.1137,2.3231,15.0831,0,0,0,0,0,0,1.3188,40.82,0.0,40.82,8910.15,9397.87,0,0.0,0.4906,0,0
2026-09-09T15:09:57.635033+00:00,benign_iot_idle_v1,benign_iot_idle_v1__run_001,benign,,0,0,0.0,0.3621,0.6185,0.0,0.0,0.4283,0,0,4.4163,9.9283,3.0525,1.8436,8.5832,0,0,0,0,0,0,1.4726,96.17,0.0,96.17,8918.82,10951.08,0,0.0,0.4168,0,0
2026-09-09T15:10:02.635033+00:00,benign_iot_idle_v1,benign_iot_idle_v1__run_001,benign,,2,2,1.0,0.4239,0.5768,1402.88,789.12,0.4735,16,9,5.9091,8.0335,4.6259,1.6718,9.6414,0,0,0,0,0,0,1.639,87.68,21.55,109.23,8841.0,6799.35,0,0.0953,0.8514,0,0
2026-09-09T15:10:07.635033+00:00,benign_iot_idle_v1,benign_iot_idle_v1__run_001,benign,,1,1,0.0,0.4417,0.5868,332.18,265.74,0.4415,5,4,3.639,5.6296,4.2696,2.9177,13.0227,0,0,0,0,0,0,1.2429,66.44,0.0,66.44,7450.96,7373.49,0,0.0196,1.0039,0,0
2026-09-09T15:10:12.635033+00:00,benign_iot_idle_v1,benign_iot_idle_v1__run_001,benign,,2,2,1.0,0.4153,0.5912,1155.1,577.55,0.5668,10,5,3.4361,4.5262,5.1495,1.6821,10.1959,0,1,0,0,0,0,1.6856,115.51,35.65,151.16,8395.0,8818.9,0,0.013,1.3039,0,0
2026-09-09T15:10:17.635033+00:00,benign_iot_idle_v1,benign_iot_idle_v1__run_001,benign,,2,2,1.0,0.4237,0.5859,979.49,979.49,0.4878,10,10,9.7645,14.1074,7.9266,2.457,15.2976,0,0,0,0,0,0,0.9993,97.95,35.25,133.2,9481.32,7712.37,0,0.0179,1.2266,0,0
2026-09-09T15:10:22.635033+00:00,benign_iot_idle_v1,benign_iot_idle_v1__run_001,benign,,0,0,0.0,0.3939,0.6324,0.0,0.0,0.4814,0,0,4.8198,14.4215,3.3212,0.8696,5.93,0,0,0,0,0,0,0.9622,74.09,0.0,74.09,8517.15,8728.16,0,0.0,0.7242,0,0
2026-09-09T15:10:27.635033+00:00,benign_iot_idle_v1,benign_iot_idle_v1__run_001,benign,,0,0,0.0,0.4334,0.5801,0.0,0.0,0.4213,0,0,10.1604,19.9112,6.1177,4.1747,18.6418,0,0,0,0,0,0,1.5188,62.38,0.0,62.38,8518.09,9645.06,0,0.0,0.3457,0,0
2026-09-09T15:10:32.635033+00:00,benign_iot_idle_v1,benign_iot_idle_v1__run_001,benign,,4,3,1.585,0.3848,0.6071,2476.81,2064.01,0.4536,24,20,4.7709,9.5851,4.5677,1.6678,9.571,0,1,0,0,0,0,1.1523,103.2,28.19,150.38,9236.5,8267.61,0,0.0391,1.2027,0,0
2026-09-09T15:10:37.635033+00:00,benign_iot_idle_v1,benign_iot_idle_v1__run_001,benign,,1,1,0.0,0.4177,0.5747,288.95,173.37,0.3883,5,3,3.1842,8.2038,3.8781,1.2022,7.4848,0,0,0,0,0,0,1.2834,57.79,0.0,57.79,8761.99,8606.84,0,0.015,0.8667,0,0
2026-09-09T15:10:42.635033+00:00,benign_iot_idle_v1,benign_iot_idle_v1__run_001,benign,,0,0,0.0,0.37,0.6505,0.0,0.0,0.4817,0,0,7.2974,13.1817,5.6594,3.677,16.6905,0,0,0,0,0,0,1.092,96.24,0.0,96.24,9011.21,8467.83,0,0.0133,1.0812,0,0
2026-09-09T15:10:47.635033+00:00,benign_iot_idle_v1,benign_iot_idle_v1__run_001,benign,,0,0,0.0,0.4109,0.5974,0.0,0.0,0.4982,0,0,4.702,14.0444,5.5227,2.9057,14.2396,0,0,0,0,0,0,0.8211,100.44,0.0,100.44,8793.36,8746.05,0,0.0242,1.5073,0,0
2026-09-09T15:10:52.635033+00:00,benign_iot_idle_v1,benign_iot_idle_v1__run_001,benign,,1,1,0.0,0.3964,0.5999,592.14,394.76,0.5719,6,4,2.8294,3.7166,3.9587,2.8822,12.6052,0,0,0,0,0,0,1.2711,98.69,0.0,98.69,10146.96,9851.77,0,0.0509,1.7916,0,0
2026-09-09T15:10:57.635033+00:00,benign_iot_idle_v1,benign_iot_idle_v1__run_001,benign,,1,1,0.0,0.3919,0.6019,375.74,281.8,0.5329,8,6,4.4838,10.2539,5.9329,1.6885,10.9985,0,0,0,0,0,0,1.2447,46.97,0.0,46.97,6313.07,7379.92,0,0.0283,1.208,0,0
2026-09-09T15:11:02.635033+00:00,benign_iot_idle_v1,benign_iot_idle_v1__run_001,benign,,0,0,0.0,0.3715,0.5974,0.0,0.0,0.4799,0,0,4.7686,12.41,5.2884,1.6402,10.2091,0,0,0,0,0,0,0.9674,133.33,0.0,133.33,7825.62,9385.46,0,0.0,0.4868,0,0
2026-09-09T15:11:07.635033+00:00,benign_iot_idle_v1,benign_iot_idle_v1__run_001,benign,,0,0,0.0,0.4139,0.5532,0.0,0.0,0.4772,0,0,3.8816,8.4281,6.3872,1.9415,12.2116,0,0,0,0,0,0,0.8968,117.58,0.0,117.58,8179.99,9111.74,0,0.0453,0.8319,0,0
2026-09-09T15:11:12.635033+00:00,benign_iot_idle_v1,benign_iot_idle_v1__run_001,benign,,0,0,0.0,0.4089,0.6074,0.0,0.0,0.5675,0,0,5.4125,15.6039,3.7353,1.6368,8.6457,0,0,0,0,0,0,0.9474,123.72,0.0,123.72,7662.63,7942.77,0,0.0,1.0196,0,0
2026-09-09T15:11:17.635033+00:00,benign_iot_idle_v1,benign_iot_idle_v1__run_001,benign,,1,1,0.0,0.3727,0.669,272.27,340.33,0.5493,4,5,4.9684,8.0652,3.3139,2.4077,10.537,0,0,0,0,0,0,0.7918,68.07,0.0,68.07,9095.52,7407.54,0,0.0258,1.0148,0,0
2026-09-09T15:11:22.635033+00:00,benign_iot_idle_v1,benign_iot_idle_v1__run_001,benign,,2,2,1.0,0.3762,0.6418,2356.61,1767.46,0.5357,20,15,2.5252,4.7139,3.3512,2.3575,10.4237,0,0,0,0,0,0,1.2602,117.83,10.03,127.86,6938.58,8244.38,0,0.0042,0.8056,0,0
2026-09-09T15:11:27.635033+00:00,benign_iot_idle_v1,benign_iot_idle_v1__run_001,benign,,0,0,0.0,0.4455,0.5215,0.0,0.0,0.5798,0,0,3.569,7.1166,3.4845,2.2362,10.193,0,0,0,0,0,0,1.0976,63.41,0.0,63.41,8075.77,6155.02,0,0.0,1.2503,0,0
2026-09-09T15:11:32.635033+00:00,benign_iot_idle_v1,benign_iot_idle_v1__run_001,benign,,2,2,1.0,0.4019,0.5867,990.23,907.71,0.5618,12,11,3.3695,9.2497,6.2098,3.2268,15.8902,0,1,0,0,0,0,1.0228,82.52,23.67,106.19,7873.2,9540.64,0,0.0656,1.9288,0,0
2026-09-09T15:11:37.635033+00:00,benign_iot_idle_v1,benign_iot_idle_v1__run_001,benign,,0,0,0.0,0.3901,0.561,0.0,0.0,0.5251,0,0,5.6144,7.8755,4.8562,1.8732,10.4757,0,0,0,0,0,0,0.946,62.66,0.0,62.66,6657.73,9079.79,0,0.0,0.5858,0,0
2026-09-09T15:11:42.635033+00:00,benign_iot_idle_v1,benign_iot_idle_v1__run_001,benign,,2,2,1.0,0.3794,0.5943,1825.54,1544.69,0.5318,26,22,9.7863,20.3051,8.3619,4.3204,21.323,0,0,0,0,0,0,1.1529,70.21,5.29,75.51,8517.28,9448.14,0,0.0102,0.9084,0,0
2026-09-09T15:11:47.635033+00:00,benign_iot_idle_v1,benign_iot_idle_v1__run_001,benign,,0,0,0.0,0.424,0.5761,0.0,0.0,0.5985,0,0,2.6554,5.9418,4.501,2.2857,11.3582,0,0,0,0,0,0,1.2817,82.53,0.0,82.53,7842.04,8726.94,0,0.0296,1.5812,0,0
2026-09-09T15:11:52.635033+00:00,benign_iot_idle_v1,benign_iot_idle_v1__run_001,benign,,0,0,0.0,0.3813,0.5719,0.0,0.0,0.6225,0,0,6.7259,19.982,5.2565,1.518,9.8105,0,0,0,0,0,0,1.2174,38.48,0.0,38.48,8986.51,9210.74,0,0.0,1.2636,0,0
2026-09-09T15:11:57.635033+00:00,benign_iot_idle_v1,benign_iot_idle_v1__run_001,benign,,0,0,0.0,0.332,0.6737,0.0,0.0,0.4483,0,0,5.8903,9.9407,7.3327,4.3038,20.2442,0,0,0,0,0,0,0.8646,64.78,0.0,64.78,8342.04,8371.53,0,0.0,0.4146,0,0
2026-09-09T15:12:02.635033+00:00,benign_iot_idle_v1,benign_iot_idle_v1__run_001,benign,,2,2,1.0,0.3829,0.6224,494.5,494.5,0.5308,8,8,1.8817,2.6579,3.4725,1.7657,8.7696,0,0,0,0,0,0,0.9152,61.81,11.05,72.86,5464.61,7636.32,0,0.0262,0.2116,0,0
2026-09-09T15:12:07.635033+00:00,benign_iot_idle_v1,benign_iot_idle_v1__run_001,benign,,1,1,0.0,0.4069,0.5665,834.91,834.91,0.5282,7,7,3.8376,8.6426,4.5091,1.6203,9.3701,0,0,0,0,0,0,0.9373,119.27,0.0,119.27,7608.2,8935.81,0,0.0,1.0452,0,0
2026-09-09T15:12:12.635033+00:00,benign_iot_idle_v1,benign_iot_idle_v1__run_001,benign,,2,2,1.0,0.4601,0.5364,720.67,792.74,0.4923,10,11,6.0347,8.4275,6.2975,2.9721,15.2138,0,1,0,0,0,0,0.9045,72.07,3.7,75.77,8339.87,8224.56,0,0.0,0.4197,0,0
2026-09-09T15:12:17.635033+00:00,benign_iot_idle_v1,benign_iot_idle_v1__run_001,benign,,0,0,0.0,0.4459,0.55,0.0,0.0,0.5308,0,0,2.4644,4.2328,3.4847,2.5799,11.2245,0,0,0,0,0,0,0.9393,45.66,0.0,45.66,8551.06,7389.17,0,0.0293,0.0,0,0
2026-09-09T15:12:22.635033+00:00,benign_iot_idle_v1,benign_iot_idle_v1__run_001,benign,,3,3,1.585,0.4025,0.5931,1366.78,2369.08,0.4459,15,26,6.458,9.9564,6.0969,3.5316,16.6917,0,1,0,0,0,0,0.5565,91.12,16.65,109.08,8451.61,6159.65,0,0.0279,2.1071,0,0
2026-09-09T15:12:27.635033+00:00,benign_iot_idle_v1,benign_iot_idle_v1__run_001,benign,,4,3,1.585,0.3721,0.6147,1285.73,1125.01,0.5192,16,14,2.5699,5.585,4.5277,1.4594,8.9059,0,1,0,0,0,0,1.1173,80.36,48.62,162.63,7469.36,7123.67,0,0.0795,0.3384,0,0
2026-09-09T15:12:32.635033+00:00,benign_iot_idle_v1,benign_iot_idle_v1__run_001,benign,,1,1,0.0,0.4583,0.5506,435.04,652.56,0.6083,6,9,2.8581,5.576,5.1012,2.925,13.8762,0,0,0,0,0,0,0.6331,72.51,0.0,72.51,9573.04,7485.09,0,0.0191,1.9001,0,0
2026-09-09T15:12:37.635033+00:00,benign_iot_idle_v1,benign_iot_idle_v1__run_001,benign,,2,2,1.0,0.3922,0.6276,1900.97,1425.72,0.5287,20,15,3.7025,9.4547,3.2878,1.805,8.7029,0,1,0,0,0,0,1.2584,95.05,9.02,104.07,9691.09,6905.26,0,0.0269,1.5255,0,0
2026-09-09T15:12:42.635033+00:00,benign_iot_idle_v1,benign_iot_idle_v1__run_001,benign,,1,1,0.0,0.4036,0.5957,435.67,348.53,0.5595,5,4,9.0231,17.2755,6.7887,4.7791,21.1258,0,0,0,0,0,0,1.0254,87.13,0.0,87.13,8587.99,8608.17,0,0.0297,0.6024,0,0
2026-09-09T15:12:47.635033+00:00,benign_iot_idle_v1,benign_iot_idle_v1__run_001,benign,,1,1,0.0,0.4394,0.5385,887.27,507.01,0.4082,7,4,4.2331,7.8932,3.7402,2.4747,11.1643,0,0,0,0,0,0,1.6575,126.75,0.0,126.75,8829.44,7955.37,0,0.0,1.6887,0,0
2026-09-09T15:12:52.635033+00:00,benign_iot_idle_v1,benign_iot_idle_v1__run_001,benign,,3,3,1.585,0.4332,0.5545,560.52,747.36,0.4819,6,8,2.0176,4.7906,3.4558,1.2445,7.1893,0,1,0,0,0,0,0.6847,93.42,32.37,137.6,8265.5,7518.32,0,0.0383,1.0114,0,0
2026-09-09T15:12:57.635033+00:00,benign_iot_idle_v1,benign_iot_idle_v1__run_001,benign,,0,0,0.0,0.4121,0.5762,0.0,0.0,0.5904,0,0,6.4982,16.3433,6.6797,1.9248,12.4541,0,0,0,0,0,0,0.8911,100.18,0.0,100.18,7937.94,8009.19,0,0.0,0.3403,0,0
2026-09-09T15:13:02.635033+00:00,benign_iot_idle_v1,benign_iot_idle_v1__run_001,benign,,2,2,1.0,0.384,0.5878,1384.77,1500.17,0.3818,12,13,4.3003,7.5852,3.4296,2.4558,10.7969,0,1,0,0,0,0,0.8596,115.4,29.01,144.4,7553.87,8080.55,0,0.055,0.0,0,0
2026-09-09T15:13:07.635033+00:00,benign_iot_idle_v1,benign_iot_idle_v1__run_001,benign,,2,2,1.0,0.3981,0.5958,752.43,940.54,0.3867,12,15,9.0589,26.9921,8.9743,5.0415,24.0988,0,1,0,0,0,0,0.7542,62.7,4.76,67.46,7643.73,8850.32,0,0.0,0.1888,0,0
2026-09-09T15:13:12.635033+00:00,benign_iot_idle_v1,benign_iot_idle_v1__run_001,benign,,0,0,0.0,0.3797,0.6431,0.0,0.0,0.5062,0,0,8.4991,13.2677,5.9166,1.5063,10.4355,0,0,0,0,0,0,0.7393,67.67,0.0,67.67,8333.79,6851.3,0,0.0264,1.0058,0,0
2026-09-09T15:13:17.635033+00:00,benign_iot_idle_v1,benign_iot_idle_v1__run_001,benign,,3,3,1.585,0.4089,0.5708,3097.44,2064.96,0.473,36,24,3.3782,5.395,4.8802,2.6983,12.975,0,1,0,0,0,0,1.4682,86.04,22.05,103.59,9536.96,9198.6,0,0.0564,0.95,0,0
2026-09-09T15:13:22.635033+00:00,benign_iot_idle_v1,benign_iot_idle_v1__run_001,benign,,2,2,1.0,0.326,0.6855,1000.97,929.47,0.4812,14,13,3.1569,7.8551,3.3384,2.2053,9.9541,0,1,0,0,0,0,1.0451,71.5,8.72,80.21,8725.63,8058.35,0,0.0106,1.1968,0,0
2026-09-09T15:13:27.635033+00:00,benign_iot_idle_v1,benign_iot_idle_v1__run_001,benign,,1,1,0.0,0.3982,0.583,292.4,292.4,0.4497,5,5,2.1167,5.1608,3.3618,2.0616,9.5464,0,0,0,0,0,0,0.9529,58.48,0.0,58.48,7430.44,9485.34,0,0.0117,1.275,0,0
2026-09-09T15:13:32.635033+00:00,benign_iot_idle_v1,benign_iot_idle_v1__run_001,benign,,2,2,1.0,0.3467,0.6452,1133.87,3496.09,0.5023,12,37,2.5668,3.5118,4.6412,1.7663,9.94,0,0,0,0,0,0,0.3208,94.49,8.81,103.29,9159.34,7934.01,0,0.0037,0.5533,0,0
2026-09-09T15:13:37.635033+00:00,benign_iot_idle_v1,benign_iot_idle_v1__run_001,benign,,2,2,1.0,0.4025,0.6013,1103.22,1103.22,0.5923,12,12,2.5691,3.2074,4.1907,2.3366,11.2006,0,1,0,0,0,0,0.9232,91.94,11.39,103.33,9398.27,9656.45,0,0.0202,1.9916,0,0
2026-09-09T15:13:42.635033+00:00,benign_iot_idle_v1,benign_iot_idle_v1__run_001,benign,,1,1,0.0,0.4259,0.586,1147.04,1605.85,0.487,10,14,3.7914,10.5351,3.7107,1.4396,8.0295,0,0,0,0,0,0,0.7115,114.7,0.0,114.7,8546.99,8529.87,0,0.0,0.2833,0,0
2026-09-09T15:13:47.635033+00:00,benign_iot_idle_v1,benign_iot_idle_v1__run_001,benign,,0,0,0.0,0.412,0.5825,0.0,0.0,0.5059,0,0,6.3545,12.2992,4.2832,3.1392,13.7007,0,0,0,0,0,0,0.6583,163.01,0.0,163.01,8170.81,8967.73,0,0.0,1.8018,0,0
2026-09-09T15:13:52.635033+00:00,benign_iot_idle_v1,benign_iot_idle_v1__run_001,benign,,0,0,0.0,0.3823,0.6273,0.0,0.0,0.5645,0,0,10.0486,28.5356,7.5586,2.0204,13.6198,0,0,0,0,0,0,1.107,76.31,0.0,76.31,7639.51,7759.63,0,0.0,1.0295,0,0
2026-09-09T15:13:57.635033+00:00,benign_iot_idle_v1,benign_iot_idle_v1__run_001,benign,,0,0,0.0,0.4134,0.5845,0.0,0.0,0.5446,0,0,2.1312,3.8453,4.2832,2.2134,10.9233,0,0,0,0,0,0,1.2791,76.78,0.0,76.78,9187.12,9353.13,0,0.0357,1.7998,0,0
2026-09-09T15:14:02.635033+00:00,benign_iot_idle_v1,benign_iot_idle_v1__run_001,benign,,2,2,1.0,0.4296,0.5962,157.04,157.04,0.4554,2,2,2.5082,4.3694,4.4604,1.8951,10.1456,0,0,0,0,0,0,0.8267,78.52,26.62,105.14,8359.39,5285.14,0,0.047,1.2921,0,0
2026-09-09T15:14:07.635033+00:00,benign_iot_idle_v1,benign_iot_idle_v1__run_001,benign,,1,1,0.0,0.4052,0.6257,399.46,399.46,0.4933,7,7,2.5447,5.846,3.9747,1.39,8.1448,0,0,0,0,0,0,0.9843,57.07,0.0,57.07,6726.01,7857.81,0,0.0127,0.5377,0,0
2026-09-09T15:14:12.635033+00:00,benign_iot_idle_v1,benign_iot_idle_v1__run_001,benign,,2,2,1.0,0.4043,0.623,1400.91,1225.8,0.4862,16,14,4.6675,10.9104,3.011,1.6882,8.0755,0,1,0,0,0,0,1.0763,87.56,13.37,100.93,7773.39,9881.41,0,0.0588,1.5849,0,0
2026-09-09T15:14:17.635033+00:00,benign_iot_idle_v1,benign_iot_idle_v1__run_001,benign,,0,0,0.0,0.3868,0.6241,0.0,0.0,0.4844,0,0,4.3518,8.9152,4.0743,1.4578,8.4478,0,0,0,0,0,0,1.4209,88.42,0.0,88.42,10324.37,7806.17,0,0.0,0.5398,0,0
2026-09-09T15:14:22.635033+00:00,benign_iot_idle_v1,benign_iot_idle_v1__run_001,benign,,2,2,1.0,0.4362,0.5832,879.33,769.41,0.481,8,7,6.0404,12.5448,5.2671,3.8243,16.74,0,0,0,0,0,0,1.0615,109.92,1.75,111.67,7339.02,9151.31,0,0.0261,0.1007,0,0
2026-09-09T15:14:27.635033+00:00,benign_iot_idle_v1,benign_iot_idle_v1__run_001,benign,,0,0,0.0,0.3896,0.6212,0.0,0.0,0.502,0,0,6.3858,15.0068,4.8213,1.5318,9.4167,0,0,0,0,0,0,1.3239,90.36,0.0,90.36,8930.03,7254.04,0,0.0,1.2479,0,0
2026-09-09T15:14:32.635033+00:00,benign_iot_idle_v1,benign_iot_idle_v1__run_001,benign,,1,1,0.0,0.4109,0.5801,303.38,303.38,0.4896,4,4,7.1135,15.9525,5.5325,4.0176,17.5852,0,0,0,0,0,0,0.8212,75.85,0.0,75.85,7191.05,9271.36,0,0.0,1.5432,0,0
2026-09-09T15:14:37.635033+00:00,benign_iot_idle_v1,benign_iot_idle_v1__run_001,benign,,0,0,0.0,0.3935,0.6301,0.0,0.0,0.4792,0,0,6.9965,11.7808,7.3697,2.638,15.2837,0,0,0,0,0,0,1.2886,95.02,0.0,95.02,8018.76,7338.22,0,0.0,1.52,0,0
2026-09-09T15:14:42.635033+00:00,benign_iot_idle_v1,benign_iot_idle_v1__run_001,benign,,2,2,1.0,0.3812,0.6262,737.13,1474.26,0.5355,10,20,4.6354,10.6055,3.7341,1.1477,7.1771,0,0,0,0,0,0,0.4785,73.71,19.56,93.27,8939.55,8527.96,0,0.0374,1.9663,0,0
2026-09-09T15:14:47.635033+00:00,benign_iot_idle_v1,benign_iot_idle_v1__run_001,benign,,0,0,0.0,0.3246,0.6564,0.0,0.0,0.4877,0,0,5.2259,6.6036,7.0871,5.0897,22.3562,0,0,0,0,0,0,0.8749,94.61,0.0,94.61,6195.61,9341.6,0,0.0,1.0751,0,0
2026-09-09T15:14:52.635033+00:00,benign_iot_idle_v1,benign_iot_idle_v1__run_001,benign,,0,0,0.0,0.3478,0.675,0.0,0.0,0.5683,0,0,3.809,9.1625,5.1611,1.4681,9.5654,0,0,0,0,0,0,0.9929,120.08,0.0,120.08,6646.92,7849.74,0,0.0529,1.2097,0,0
2026-09-09T15:14:57.635033+00:00,benign_iot_idle_v1,benign_iot_idle_v1__run_001,benign,,0,0,0.0,0.432,0.5552,0.0,0.0,0.4736,0,0,5.8238,10.8155,5.2396,1.531,9.8327,0,0,0,0,0,0,0.4437,74.9,0.0,74.9,9637.86,8276.23,0,0.0455,0.5753,0,0
2026-09-09T15:15:02.635033+00:00,benign_iot_idle_v1,benign_iot_idle_v1__run_001,benign,,0,0,0.0,0.4064,0.5817,0.0,0.0,0.4187,0,0,4.5288,10.1242,3.8271,2.0124,9.8643,0,0,0,0,0,0,1.1063,97.4,0.0,97.4,8033.25,7618.69,0,0.0,0.8517,0,0
2026-09-09T15:15:07.635033+00:00,benign_iot_idle_v1,benign_iot_idle_v1__run_001,benign,,2,2,1.0,0.4176,0.595,1684.86,3650.53,0.5578,18,39,2.7019,4.3537,5.0084,1.8067,10.4285,0,1,0,0,0,0,0.4576,93.6,16.32,109.92,8479.72,7178.02,0,0.0256,1.1891,0,0
2026-09-09T15:15:12.635033+00:00,benign_iot_idle_v1,benign_iot_idle_v1__run_001,benign,,0,0,0.0,0.3935,0.5706,0.0,0.0,0.4511,0,0,4.663,12.961,4.6568,3.2536,14.4176,0,0,0,0,0,0,0.6996,71.4,0.0,71.4,6659.34,8771.28,0,0.0184,0.9778,0,0
2026-09-09T15:15:17.635033+00:00,benign_iot_idle_v1,benign_iot_idle_v1__run_001,benign,,1,1,0.0,0.3803,0.5576,934.58,934.58,0.4011,9,9,5.1997,15.4062,8.0935,2.0299,14.1833,0,0,0,0,0,0,0.9006,103.84,0.0,103.84,8101.06,7968.21,0,0.0,1.6292,0,0
2026-09-09T15:15:22.635033+00:00,benign_iot_idle_v1,benign_iot_idle_v1__run_001,benign,,0,0,0.0,0.4109,0.6057,0.0,0.0,0.4711,0,0,6.6974,10.3148,7.4071,4.3772,20.5386,0,0,0,0,0,0,0.9854,82.71,0.0,82.71,6080.05,8768.34,0,0.0,0.8602,0,0
2026-09-09T15:15:27.635033+00:00,benign_iot_idle_v1,benign_iot_idle_v1__run_001,benign,,2,2,1.0,0.4492,0.5513,1608.3,1340.25,0.548,18,15,4.6393,5.848,4.5792,1.3905,8.7505,0,1,0,0,0,0,1.1584,89.35,9.16,98.51,7363.88,9368.65,0,0.0,1.1827,0,0
2026-09-09T15:15:32.635033+00:00,benign_iot_idle_v1,benign_iot_idle_v1__run_001,benign,,0,0,0.0,0.442,0.5638,0.0,0.0,0.5615,0,0,4.9474,9.19,2.9686,1.7651,8.2638,0,0,0,0,0,0,1.1332,83.76,0.0,83.76,10917.18,9597.71,0,0.0285,1.0957,0,0
2026-09-09T15:15:37.635033+00:00,benign_iot_idle_v1,benign_iot_idle_v1__run_001,benign,,0,0,0.0,0.4329,0.5635,0.0,0.0,0.4471,0,0,7.3811,17.4129,5.2748,3.8394,16.7931,0,0,0,0,0,0,1.2052,50.51,0.0,50.51,8479.64,9158.64,0,0.0,0.4352,0,0
2026-09-09T15:15:42.635033+00:00,benign_iot_idle_v1,benign_iot_idle_v1__run_001,benign,,0,0,0.0,0.3817,0.6208,0.0,0.0,0.3764,0,0,3.1173,8.0305,5.4303,1.4194,9.6885,0,0,0,0,0,0,0.9878,150.36,0.0,150.36,8321.59,7273.19,0,0.0,1.308,0,0
2026-09-09T15:15:47.635033+00:00,benign_iot_idle_v1,benign_iot_idle_v1__run_001,benign,,2,2,1.0,0.3824,0.647,751.51,751.51,0.4764,10,10,6.6564,15.2255,3.9431,1.0611,7.1265,0,0,0,0,0,0,0.916,75.15,23.71,98.86,8906.31,8459.8,0,0.0283,1.4419,0,0
2026-09-09T15:15:52.635033+00:00,benign_iot_idle_v1,benign_iot_idle_v1__run_001,benign,,1,1,0.0,0.3677,0.5969,827.79,745.01,0.5956,10,9,7.1219,19.2889,9.6371,7.2267,31.3172,0,0,0,0,0,0,1.0436,82.78,0.0,82.78,8060.53,10290.32,0,0.0,1.2341,0,0
2026-09-09T15:15:57.635033+00:00,benign_iot_idle_v1,benign_iot_idle_v1__run_001,benign,,0,0,0.0,0.4693,0.5189,0.0,0.0,0.5388,0,0,5.317,8.7689,6.6269,3.6735,17.6475,0,0,0,0,0,0,0.6833,95.65,0.0,95.65,9948.99,9144.25,0,0.0,0.9542,0,0
2026-09-09T15:16:02.635033+00:00,benign_iot_idle_v1,benign_iot_idle_v1__run_001,benign,,0,0,0.0,0.4122,0.5856,0.0,0.0,0.4947,0,0,5.2584,11.7636,9.5845,4.8293,24.0723,0,0,0,0,0,0,1.2709,85.26,0.0,85.26,7977.31,7332.61,0,0.0425,0.8285,0,0
2026-09-09T15:16:07.635033+00:00,benign_iot_idle_v1,benign_iot_idle_v1__run_001,benign,,1,1,0.0,0.4138,0.5926,488.08,427.07,0.5584,8,7,6.3327,7.6061,5.9746,1.5082,10.4992,0,0,0,0,0,0,1.0103,61.01,0.0,61.01,7782.34,8716.03,0,0.011,1.091,0,0
2026-09-09T15:16:12.635033+00:00,benign_iot_idle_v1,benign_iot_idle_v1__run_001,benign,,1,1,0.0,0.4237,0.5702,367.94,220.76,0.4427,5,3,4.3059,6.7931,5.2087,2.9259,13.9863,0,0,0,0,0,0,1.3968,73.59,0.0,73.59,8081.77,9498.91,0,0.0765,1.4854,0,0
2026-09-09T15:16:17.635033+00:00,benign_iot_idle_v1,benign_iot_idle_v1__run_001,benign,,1,1,0.0,0.4438,0.5992,950.13,678.66,0.5341,7,5,2.4886,6.488,3.7919,1.3457,7.829,0,0,0,0,0,0,1.323,135.73,0.0,135.73,7904.82,10126.41,0,0.0,1.3408,0,0
2026-09-09T15:16:22.635033+00:00,benign_iot_idle_v1,benign_iot_idle_v1__run_001,benign,,1,1,0.0,0.3642,0.6285,581.84,581.84,0.4357,7,7,2.6685,5.0602,4.1902,2.2143,10.833,0,0,0,0,0,0,0.9712,83.12,0.0,83.12,6409.56,8024.55,0,0.0114,1.9621,0,0
2026-09-09T15:16:27.635033+00:00,benign_iot_idle_v1,benign_iot_idle_v1__run_001,benign,,1,1,0.0,0.4446,0.5704,441.93,441.93,0.4455,5,5,4.0152,4.9997,3.9298,1.3916,8.1046,0,0,0,0,0,0,0.8568,88.39,0.0,88.39,8467.33,8600.46,0,0.0561,1.1026,0,0
2026-09-09T15:16:32.635033+00:00,benign_iot_idle_v1,benign_iot_idle_v1__run_001,benign,,1,1,0.0,0.3672,0.634,685.3,685.3,0.4739,5,5,2.5551,5.2189,3.2212,1.8082,8.6458,0,0,0,0,0,0,0.9357,137.06,0.0,137.06,9847.48,9301.71,0,0.0584,0.5411,0,0
2026-09-09T15:16:37.635033+00:00,benign_iot_idle_v1,benign_iot_idle_v1__run_001,benign,,0,0,0.0,0.3965,0.6486,0.0,0.0,0.4615,0,0,5.4909,13.8595,8.0419,3.6243,18.9148,0,0,0,0,0,0,1.3897,91.71,0.0,91.71,9197.35,7539.14,0,0.0171,0.9081,0,0
2026-09-09T15:16:42.635033+00:00,benign_iot_idle_v1,benign_iot_idle_v1__run_001,benign,,1,1,0.0,0.48,0.5442,1464.43,1871.21,0.4318,18,23,2.2582,6.0689,3.5027,2.2189,10.1594,0,0,0,0,0,0,0.7693,81.36,0.0,81.36,7605.43,8421.76,0,0.02,0.4027,0,0
2026-09-09T15:16:47.635033+00:00,benign_iot_idle_v1,benign_iot_idle_v1__run_001,benign,,0,0,0.0,0.3652,0.6618,0.0,0.0,0.5612,0,0,2.8396,4.473,3.607,1.6738,8.6284,0,0,0,0,0,0,0.6894,73.24,0.0,73.24,8517.71,5765.5,0,0.0319,0.5445,0,0
2026-09-09T15:16:52.635033+00:00,benign_iot_idle_v1,benign_iot_idle_v1__run_001,benign,,1,1,0.0,0.3768,0.6055,573.07,654.94,0.4698,7,8,9.1445,26.5226,7.0455,1.9336,12.8463,0,0,0,0,0,0,0.8359,81.87,0.0,81.87,7148.02,8029.13,0,0.0147,2.1235,0,1
2026-09-09T15:16:57.635033+00:00,benign_iot_idle_v1,benign_iot_idle_v1__run_001,benign,,2,2,1.0,0.4358,0.5384,594.24,1089.44,0.4772,6,11,3.8633,9.7262,5.7734,2.8099,14.203,0,0,0,0,0,0,0.5428,99.04,0.17,99.21,6756.06,7829.04,0,0.0406,1.6201,0,0
2026-09-09T15:17:02.635033+00:00,benign_iot_idle_v1,benign_iot_idle_v1__run_001,benign,,1,1,0.0,0.409,0.628,360.96,216.58,0.4448,5,3,2.6838,5.0159,3.1258,0.956,5.9938,0,0,0,0,0,0,1.4405,72.19,0.0,72.19,8222.89,8313.32,0,0.0256,2.1457,0,0
2026-09-09T15:17:07.635033+00:00,benign_iot_idle_v1,benign_iot_idle_v1__run_001,benign,,2,2,1.0,0.4021,0.607,1432.81,1343.26,0.4712,16,15,9.6742,13.5794,6.4363,4.3422,19.4629,0,1,0,0,0,0,1.0316,89.55,1.96,91.51,7647.86,6352.76,0,0.0616,1.62,0,0
2026-09-09T15:17:12.635033+00:00,benign_iot_idle_v1,benign_iot_idle_v1__run_001,benign,,1,1,0.0,0.4088,0.5839,217.61,217.61,0.5244,2,2,3.4986,5.4621,4.6406,2.1376,11.0534,0,0,0,0,0,0,0.9858,108.8,0.0,108.8,8890.54,6813.25,0,0.0013,0.0106,0,0
2026-09-09T15:17:17.635033+00:00,benign_iot_idle_v1,benign_iot_idle_v1__run_001,benign,,1,1,0.0,0.3904,0.6101,731.57,640.12,0.5067,8,7,3.9215,7.2328,4.0945,1.7594,9.3728,0,0,0,0,0,0,1.1027,91.45,0.0,91.45,9079.9,9709.18,0,0.0269,0.6344,0,0
2026-09-09T15:17:22.635033+00:00,benign_iot_idle_v1,benign_iot_idle_v1__run_001,benign,,2,2,1.0,0.4014,0.5916,1809.87,1809.87,0.5016,20,20,5.4354,8.1564,6.3258,1.5826,11.0737,0,1,0,0,0,0,0.9925,90.49,23.01,113.51,5832.19,9005.84,0,0.0258,2.3083,0,0
2026-09-09T15:17:27.635033+00:00,benign_iot_idle_v1,benign_iot_idle_v1__run_001,benign,,2,2,1.0,0.3727,0.6287,479.89,479.89,0.4848,6,6,5.5225,15.5327,4.9074,1.6759,9.9351,0,1,0,0,0,0,0.9022,79.98,3.69,83.67,10090.07,6420.23,0,0.0,0.0,0,0
2026-09-09T15:17:32.635033+00:00,benign_iot_idle_v1,benign_iot_idle_v1__run_001,benign,,1,1,0.0,0.4091,0.5839,420.01,350.0,0.4968,6,5,3.7314,6.2037,4.2762,1.9666,10.1759,0,0,0,0,0,0,1.1724,70.0,0.0,70.0,7675.92,9215.4,0,0.0095,1.2429,0,0
2026-09-09T15:17:37.635033+00:00,benign_iot_idle_v1,benign_iot_idle_v1__run_001,benign,,3,3,1.585,0.3955,0.5962,1428.68,1190.57,0.4928,12,10,5.406,12.7089,4.1259,1.3513,8.1797,0,1,0,0,0,0,1.1087,119.06,11.38,135.1,7223.64,7857.97,0,0.0297,0.7053,0,0
2026-09-09T15:17:42.635033+00:00,benign_iot_idle_v1,benign_iot_idle_v1__run_001,benign,,1,1,0.0,0.4126,0.6033,1052.61,751.87,0.5174,7,5,7.1088,9.4514,5.4113,3.5009,15.914,0,0,0,0,0,0,1.3448,150.37,0.0,150.37,9383.17,8649.8,0,0.0,1.188,0,0
2026-09-09T15:17:47.635033+00:00,benign_iot_idle_v1,benign_iot_idle_v1__run_001,benign,,1,1,0.0,0.4235,0.5896,565.06,423.79,0.5112,8,6,3.5602,6.947,5.4449,2.9846,14.3987,0,0,0,0,0,0,1.2635,70.63,0.0,70.63,8180.86,7256.27,0,0.0401,1.1695,0,0
2026-09-09T15:17:52.635033+00:00,benign_iot_idle_v1,benign_iot_idle_v1__run_001,benign,,0,0,0.0,0.4043,0.6318,0.0,0.0,0.6056,0,0,6.9913,14.8913,6.6102,2.9023,15.317,0,0,0,0,0,0,1.3135,79.86,0.0,79.86,7850.32,7817.76,0,0.0442,0.9684,0,0
2026-09-09T15:17:57.635033+00:00,benign_iot_idle_v1,benign_iot_idle_v1__run_001,benign,,1,1,0.0,0.4192,0.5942,639.83,906.42,0.5202,12,17,7.0342,18.8748,6.6292,3.7646,17.9229,0,0,0,0,0,0,0.6795,53.32,0.0,53.32,8820.15,9805.54,0,0.0061,0.899,0,0
2026-09-09T15:18:02.635033+00:00,benign_iot_idle_v1,benign_iot_idle_v1__run_001,benign,,0,0,0.0,0.3771,0.6385,0.0,0.0,0.5216,0,0,2.3892,6.1303,3.3487,1.2619,7.1344,0,0,0,0,0,0,1.2452,114.82,0.0,114.82,7965.13,9092.81,0,0.0,0.4526,0,0
2026-09-09T15:18:07.635033+00:00,benign_iot_idle_v1,benign_iot_idle_v1__run_001,benign,,2,2,1.0,0.4065,0.5865,820.97,738.87,0.4982,10,9,3.7608,6.4912,4.5763,3.13,13.9665,0,1,0,0,0,0,1.0177,82.1,12.38,94.48,7807.21,8528.41,0,0.0,0.3609,0,0
2026-09-09T15:18:12.635033+00:00,benign_iot_idle_v1,benign_iot_idle_v1__run_001,benign,,0,0,0.0,0.3799,0.623,0.0,0.0,0.5197,0,0,3.8016,8.2339,5.2746,2.1864,11.8338,0,0,0,0,0,0,0.7996,109.48,0.0,109.48,5705.86,6801.08,0,0.0,0.9813,0,0
2026-09-09T15:18:17.635033+00:00,benign_iot_idle_v1,benign_iot_idle_v1__run_001,benign,,0,0,0.0,0.4309,0.5747,0.0,0.0,0.5147,0,0,9.7373,26.4363,8.5897,5.3633,24.6797,0,0,0,0,0,0,1.3675,85.02,0.0,85.02,7509.46,7495.11,0,0.0,0.8042,0,0
2026-09-09T15:18:22.635033+00:00,benign_iot_idle_v1,benign_iot_idle_v1__run_001,benign,,0,0,0.0,0.4477,0.5883,0.0,0.0,0.5477,0,0,7.1585,15.3124,6.7107,4.3344,19.7139,0,0,0,0,0,0,0.9535,65.57,0.0,65.57,8482.87,8003.61,0,0.0,0.989,0,0
2026-09-09T15:18:27.635033+00:00,benign_iot_idle_v1,benign_iot_idle_v1__run_001,benign,,0,0,0.0,0.4354,0.5397,0.0,0.0,0.5226,0,0,7.3285,9.1137,6.4839,3.5921,17.2602,0,0,0,0,0,0,0.8984,85.24,0.0,85.24,7188.41,8335.25,0,0.0254,1.7986,0,0
2026-09-09T15:18:32.635033+00:00,benign_iot_idle_v1,benign_iot_idle_v1__run_001,benign,,1,1,0.0,0.3946,0.616,604.43,604.43,0.5654,6,6,7.3043,16.7662,6.9059,2.1895,13.4744,0,0,0,0,0,0,0.895,100.74,0.0,100.74,9192.23,7801.55,0,0.0323,0.1704,0,0
2026-09-09T15:18:37.635033+00:00,benign_iot_idle_v1,benign_iot_idle_v1__run_001,benign,,0,0,0.0,0.4358,0.6087,0.0,0.0,0.4659,0,0,4.8012,12.1422,3.7519,1.9258,9.5294,0,0,0,0,0,0,1.4523,57.37,0.0,57.37,7473.71,8286.98,0,0.0,1.5858,0,0
2026-09-09T15:18:42.635033+00:00,benign_iot_idle_v1,benign_iot_idle_v1__run_001,benign,,1,1,0.0,0.4304,0.5732,319.93,319.93,0.5039,4,4,5.7789,15.3849,10.2972,4.6165,24.1468,0,0,0,0,0,0,0.9924,79.98,0.0,79.98,8470.8,6936.23,0,0.0515,0.6055,0,0
2026-09-09T15:18:47.635033+00:00,benign_iot_idle_v1,benign_iot_idle_v1__run_001,benign,,1,1,0.0,0.3951,0.6074,638.51,638.51,0.5455,6,6,9.3221,13.0013,6.9712,4.7482,21.2159,0,0,0,0,0,0,0.8876,106.42,0.0,106.42,9426.15,9075.51,0,0.0001,0.8952,0,0
2026-09-09T15:18:52.635033+00:00,benign_iot_idle_v1,benign_iot_idle_v1__run_001,benign,,2,2,1.0,0.3698,0.6257,599.8,674.78,0.4637,8,9,2.4604,3.5518,4.5856,1.4757,9.0126,0,1,0,0,0,0,0.8504,74.98,7.86,82.84,7717.08,8407.14,0,0.0474,1.2198,0,0
2026-09-09T15:18:57.635033+00:00,benign_iot_idle_v1,benign_iot_idle_v1__run_001,benign,,1,1,0.0,0.3824,0.6015,335.48,111.83,0.5173,3,1,4.6215,9.3675,6.1726,2.3243,13.1456,0,0,0,0,0,0,1.5159,111.83,0.0,111.83,7053.74,7500.75,0,0.0,0.6355,0,0
2026-09-09T15:19:02.635033+00:00,benign_iot_idle_v1,benign_iot_idle_v1__run_001,benign,,2,2,1.0,0.4316,0.5847,162.83,81.41,0.5546,2,1,3.7969,5.4872,3.4469,2.4135,10.6876,0,1,0,0,0,0,1.3282,81.41,8.27,89.68,7360.33,8984.48,0,0.0834,1.3841,0,0
2026-09-09T15:19:07.635033+00:00,benign_iot_idle_v1,benign_iot_idle_v1__run_001,benign,,0,0,0.0,0.3951,0.6022,0.0,0.0,0.5758,0,0,5.8,14.5325,10.1313,5.0333,25.2313,0,0,0,0,0,0,0.2376,64.24,0.0,64.24,6845.57,8163.0,0,0.0,1.2339,0,0
2026-09-09T15:19:12.635033+00:00,benign_iot_idle_v1,benign_iot_idle_v1__run_001,benign,,1,1,0.0,0.3801,0.5899,700.03,583.36,0.5068,6,5,3.1971,8.684,6.2117,4.3702,19.3223,0,0,0,0,0,0,1.0699,116.67,0.0,116.67,6180.16,7626.07,0,0.0299,1.1937,0,0
2026-09-09T15:19:17.635033+00:00,benign_iot_idle_v1,benign_iot_idle_v1__run_001,benign,,0,0,0.0,0.4247,0.57,0.0,0.0,0.508,0,0,4.716,7.3327,7.6512,2.1103,13.982,0,0,0,0,0,0,0.7438,103.33,0.0,103.33,7936.34,8460.66,0,0.0475,0.4373,0,0
2026-09-09T15:19:22.635033+00:00,benign_iot_idle_v1,benign_iot_idle_v1__run_001,benign,,1,1,0.0,0.3624,0.6419,509.2,572.85,0.5133,8,9,11.3454,29.5135,8.4106,2.3107,15.3427,0,0,0,0,0,0,0.8609,63.65,0.0,63.65,9186.37,7892.47,0,0.0064,1.0621,0,0
2026-09-09T15:19:27.635033+00:00,benign_iot_idle_v1,benign_iot_idle_v1__run_001,benign,,2,2,1.0,0.385,0.5839,1673.29,1314.72,0.6445,14,11,2.8496,5.0652,2.8244,1.8423,8.3515,0,1,0,0,0,0,1.2338,119.52,5.91,125.43,9680.66,6542.36,0,0.0095,0.3214,0,0
2026-09-09T15:19:32.635033+00:00,benign_iot_idle_v1,benign_iot_idle_v1__run_001,benign,,0,0,0.0,0.3945,0.578,0.0,0.0,0.5737,0,0,1.7128,4.5074,2.629,1.3033,6.5389,0,0,0,0,0,0,0.9375,70.78,0.0,70.78,7764.49,8030.41,0,0.0026,1.7468,0,0
2026-09-09T15:19:37.635033+00:00,benign_iot_idle_v1,benign_iot_idle_v1__run_001,benign,,1,1,0.0,0.3715,0.6578,548.67,823.0,0.3701,6,9,5.994,16.1044,5.7463,2.5828,13.4946,0,0,0,0,0,0,0.6522,91.44,0.0,91.44,8532.28,7162.23,0,0.061,0.3105,0,0
2026-09-09T15:19:42.635033+00:00,benign_iot_idle_v1,benign_iot_idle_v1__run_001,benign,,2,2,1.0,0.3647,0.6719,1089.84,1634.75,0.5288,12,18,5.0488,6.1161,4.6924,1.631,9.5853,0,1,0,0,0,0,0.6474,90.82,14.35,105.17,8568.56,9405.3,0,0.0442,1.131,0,0
2026-09-09T15:19:47.635033+00:00,benign_iot_idle_v1,benign_iot_idle_v1__run_001,benign,,0,0,0.0,0.351,0.6601,0.0,0.0,0.4598,0,0,3.4021,6.8114,5.4247,2.7369,13.6354,0,0,0,0,0,0,0.8561,49.41,0.0,49.41,9634.06,7403.26,0,0.0,0.9155,0,0
2026-09-09T15:19:52.635033+00:00,benign_iot_idle_v1,benign_iot_idle_v1__run_001,benign,,1,1,0.0,0.4178,0.575,260.45,260.45,0.5393,3,3,4.3377,7.2881,5.6118,3.9533,17.4717,0,0,0,0,0,0,0.8623,86.82,0.0,86.82,8346.22,7003.69,0,0.0277,1.0442,0,0
2026-09-09T15:19:57.635033+00:00,benign_iot_idle_v1,benign_iot_idle_v1__run_001,benign,,1,1,0.0,0.4438,0.5447,396.91,297.68,0.475,4,3,3.7624,6.925,3.1746,2.2018,9.78,0,0,0,0,0,0,1.2802,99.23,0.0,99.23,8077.42,8767.18,0,0.0462,0.1037,0,0
2026-09-09T15:20:02.635033+00:00,benign_iot_idle_v1,benign_iot_idle_v1__run_001,benign,,3,3,1.585,0.4817,0.4871,2589.66,1618.54,0.5664,24,15,5.101,8.0483,3.3989,2.5244,10.9722,0,1,0,0,0,0,1.5044,107.9,23.04,137.35,7295.36,8693.85,0,0.0462,1.0516,0,0
2026-09-09T15:20:07.635033+00:00,benign_iot_idle_v1,benign_iot_idle_v1__run_001,benign,,1,1,0.0,0.3768,0.5961,613.82,341.01,0.4899,9,5,3.4371,8.9411,4.1571,1.569,8.864,0,0,0,0,0,0,1.6446,68.2,0.0,68.2,8389.78,9552.95,0,0.0113,0.9365,0,0
2026-09-09T15:20:12.635033+00:00,benign_iot_idle_v1,benign_iot_idle_v1__run_001,benign,,1,1,0.0,0.3787,0.6135,556.2,397.29,0.4528,7,5,3.8384,7.34,3.4613,2.1181,9.8157,0,0,0,0,0,0,1.1686,79.46,0.0,79.46,8008.6,8927.95,0,0.0,0.2377,0,0
2026-09-09T15:20:17.635033+00:00,benign_iot_idle_v1,benign_iot_idle_v1__run_001,benign,,0,0,0.0,0.3318,0.6538,0.0,0.0,0.408,0,0,3.9321,9.4487,7.5572,5.4654,23.9534,0,0,0,0,0,0,0.742,48.26,0.0,48.26,6896.96,8700.45,0,0.0,1.3501,0,0
2026-09-09T15:20:22.635033+00:00,benign_iot_idle_v1,benign_iot_idle_v1__run_001,benign,,0,0,0.0,0.4154,0.5576,0.0,0.0,0.5061,0,0,12.5912,36.0356,6.0174,1.5726,10.7353,0,0,0,0,0,0,0.9539,72.36,0.0,72.36,8380.28,7370.86,0,0.0159,1.3552,0,0
2026-09-09T15:20:27.635033+00:00,benign_iot_idle_v1,benign_iot_idle_v1__run_001,benign,,1,1,0.0,0.3519,0.6549,472.38,472.38,0.5187,5,5,4.3336,10.9867,7.7776,3.4216,18.0425,0,0,0,0,0,0,0.9319,94.48,0.0,94.48,9249.12,9356.51,0,0.0472,0.8276,0,0
2026-09-09T15:20:32.635033+00:00,benign_iot_idle_v1,benign_iot_idle_v1__run_001,benign,,0,0,0.0,0.4257,0.6115,0.0,0.0,0.4356,0,0,3.0248,7.244,5.4154,2.116,11.7632,0,0,0,0,0,0,0.5589,107.81,0.0,107.81,7588.67,7633.57,0,0.0098,1.9638,0,0
2026-09-09T15:20:37.635033+00:00,benign_iot_idle_v1,benign_iot_idle_v1__run_001,benign,,4,3,1.585,0.3786,0.6426,1618.15,2326.1,0.503,16,23,3.4148,5.4903,3.9445,1.0476,7.0874,0,2,0,0,0,0,0.6932,101.13,22.02,127.19,7566.37,9113.24,0,0.0094,1.1199,0,0
2026-09-09T15:20:42.635033+00:00,benign_iot_idle_v1,benign_iot_idle_v1__run_001,benign,,0,0,0.0,0.4086,0.5818,0.0,0.0,0.5263,0,0,3.848,6.0244,3.1983,1.3507,7.2503,0,0,0,0,0,0,1.4933,107.31,0.0,107.31,7096.79,7953.03,0,0.0363,0.7939,0,0
2026-09-09T15:20:47.635033+00:00,benign_iot_idle_v1,benign_iot_idle_v1__run_001,benign,,1,1,0.0,0.4021,0.6105,385.75,275.54,0.5497,7,5,3.268,8.963,5.6761,2.115,12.0211,0,0,0,0,0,0,1.3324,55.11,0.0,55.11,9676.43,8857.37,0,0.0333,1.0687,0,0
2026-09-09T15:20:52.635033+00:00,benign_iot_idle_v1,benign_iot_idle_v1__run_001,benign,,0,0,0.0,0.344,0.6504,0.0,0.0,0.4728,0,0,4.801,9.2774,4.3622,1.2221,8.0284,0,0,0,0,0,0,0.8225,76.5,0.0,76.5,8535.64,9473.24,0,0.0,1.6563,0,0
2026-09-09T15:20:57.635033+00:00,benign_iot_idle_v1,benign_iot_idle_v1__run_001,benign,,3,3,1.585,0.3747,0.6421,1682.62,1522.37,0.4612,21,19,3.166,6.5614,3.8777,2.4059,11.0954,0,1,0,0,0,0,1.1017,80.12,16.31,103.19,8433.13,8288.05,0,0.1,1.5325,0,0
2026-09-09T15:21:02.635033+00:00,benign_iot_idle_v1,benign_iot_idle_v1__run_001,benign,,2,2,1.0,0.388,0.5879,1440.3,1505.77,0.4208,22,23,5.1201,8.2274,3.4196,2.4104,10.6508,0,0,0,0,0,0,0.9397,65.47,10.23,75.69,7904.99,8705.04,0,0.0816,1.3373,0,0
2026-09-09T15:21:07.635033+00:00,benign_iot_idle_v1,benign_iot_idle_v1__run_001,benign,,0,0,0.0,0.3437,0.6788,0.0,0.0,0.5021,0,0,8.3165,18.1585,7.0266,4.3719,20.1423,0,0,0,0,0,0,1.3731,53.25,0.0,53.25,7570.92,7875.44,0,0.0118,0.4993,0,0
2026-09-09T15:21:12.635033+00:00,benign_iot_idle_v1,benign_iot_idle_v1__run_001,benign,,2,2,1.0,0.4189,0.5998,437.66,437.66,0.4743,4,4,2.8308,3.7116,3.9641,1.6515,8.9186,0,1,0,0,0,0,0.9088,109.41,5.64,115.05,9694.06,7698.2,0,0.0264,1.3305,0,0
2026-09-09T15:21:17.635033+00:00,benign_iot_idle_v1,benign_iot_idle_v1__run_001,benign,,0,0,0.0,0.4006,0.5974,0.0,0.0,0.492,0,0,3.1773,8.1301,4.8015,3.1388,14.2179,0,0,0,0,0,0,1.1496,106.61,0.0,106.61,8546.98,8480.14,0,0.0166,0.8498,0,0
2026-09-09T15:21:22.635033+00:00,benign_iot_idle_v1,benign_iot_idle_v1__run_001,benign,,1,1,0.0,0.3816,0.6189,1000.6,857.66,0.479,7,6,3.2813,5.4523,4.0466,1.4479,8.3902,0,0,0,0,0,0,1.1063,142.94,0.0,142.94,8943.48,9039.59,0,0.0,1.1251,0,0
2026-09-09T15:21:27.635033+00:00,benign_iot_idle_v1,benign_iot_idle_v1__run_001,benign,,2,2,1.0,0.3743,0.6128,1214.8,1041.26,0.502,14,12,5.3458,10.6476,4.0818,1.712,9.2177,0,1,0,0,0,0,1.1181,86.77,20.92,107.69,11339.02,8296.28,0,0.0205,1.3438,0,0
2026-09-09T15:21:32.635033+00:00,benign_iot_idle_v1,benign_iot_idle_v1__run_001,benign,,0,0,0.0,0.3892,0.6174,0.0,0.0,0.4417,0,0,3.7638,9.9589,4.4942,3.2411,14.2174,0,0,0,0,0,0,1.3928,64.49,0.0,64.49,10086.94,8538.75,0,0.0034,0.3976,0,0
2026-09-09T15:21:37.635033+00:00,benign_iot_idle_v1,benign_iot_idle_v1__run_001,benign,,1,1,0.0,0.3844,0.653,510.48,1123.05,0.4547,5,11,8.1113,17.9899,6.8182,2.1368,13.2286,0,0,0,0,0,0,0.4168,102.1,0.0,102.1,9928.55,9039.61,0,0.0282,1.5762,0,0
2026-09-09T15:21:42.635033+00:00,benign_iot_idle_v1,benign_iot_idle_v1__run_001,benign,,0,0,0.0,0.4091,0.5746,0.0,0.0,0.4799,0,0,2.1853,3.332,3.8358,0.9899,6.8056,0,0,0,0,0,0,1.3204,62.2,0.0,62.2,9149.62,7718.99,0,0.0,1.0461,0,0
2026-09-09T15:21:47.635033+00:00,benign_iot_idle_v1,benign_iot_idle_v1__run_001,benign,,1,1,0.0,0.4015,0.5888,298.09,298.09,0.4797,5,5,7.7656,16.0924,8.2649,6.1741,26.7871,0,0,0,0,0,0,0.8907,59.62,0.0,59.62,9450.45,6536.52,0,0.0,1.6445,0,0
2026-09-09T15:21:52.635033+00:00,benign_iot_idle_v1,benign_iot_idle_v1__run_001,benign,,1,1,0.0,0.3884,0.5993,915.18,915.18,0.4327,6,6,7.3551,10.0938,4.8808,2.3064,11.7999,0,0,0,0,0,0,0.9839,152.53,0.0,152.53,9642.91,9147.24,0,0.0379,0.7592,0,0
2026-09-09T15:21:57.635033+00:00,benign_iot_idle_v1,benign_iot_idle_v1__run_001,benign,,2,2,1.0,0.397,0.6027,1443.09,1855.4,0.4039,14,18,4.3648,9.8369,3.7351,1.7571,9.0065,0,0,0,0,0,0,0.7706,103.08,25.01,128.09,7969.23,8574.13,0,0.0415,1.2596,0,0
2026-09-09T15:22:02.635033+00:00,benign_iot_idle_v1,benign_iot_idle_v1__run_001,benign,,2,2,1.0,0.3809,0.6242,861.41,753.73,0.5301,8,7,7.4446,16.4665,5.2899,3.6737,16.3111,0,0,0,0,0,0,1.0728,107.68,1.37,109.04,8218.11,7734.4,0,0.0205,0.2353,0,0
2026-09-09T15:22:07.635033+00:00,benign_iot_idle_v1,benign_iot_idle_v1__run_001,benign,,1,1,0.0,0.4255,0.5614,500.47,834.12,0.4611,9,15,4.7149,10.1985,8.4313,3.7883,19.7961,0,0,0,0,0,0,0.5737,55.61,0.0,55.61,8159.97,8960.24,0,0.04,0.6816,0,0
2026-09-09T15:22:12.635033+00:00,benign_iot_idle_v1,benign_iot_idle_v1__run_001,benign,,0,0,0.0,0.3612,0.5957,0.0,0.0,0.5213,0,0,7.3391,14.5701,6.1946,3.2177,15.8477,0,0,0,0,0,0,0.9198,73.23,0.0,73.23,8405.84,7259.23,0,0.0585,0.1954,0,0
2026-09-09T15:22:17.635033+00:00,benign_iot_idle_v1,benign_iot_idle_v1__run_001,benign,,2,2,1.0,0.3608,0.6341,533.08,866.25,0.468,8,13,4.7656,11.0001,3.938,2.803,12.347,0,1,0,0,0,0,0.5826,66.63,5.32,71.95,7863.58,9303.44,0,0.0404,1.2139,0,0
2026-09-09T15:22:22.635033+00:00,benign_iot_idle_v1,benign_iot_idle_v1__run_001,benign,,0,0,0.0,0.3977,0.6154,0.0,0.0,0.6068,0,0,7.5662,14.9424,5.5023,2.6172,13.3538,0,0,0,0,0,0,1.0668,141.7,0.0,141.7,8841.05,9692.55,0,0.0,0.8243,0,0
2026-09-09T15:22:27.635033+00:00,benign_iot_idle_v1,benign_iot_idle_v1__run_001,benign,,0,0,0.0,0.3624,0.6395,0.0,0.0,0.5906,0,0,4.1932,6.1297,4.7133,2.7047,12.8275,0,0,0,0,0,0,0.6733,71.53,0.0,71.53,7928.33,9173.12,0,0.0,1.531,0,0
2026-09-09T15:22:32.635033+00:00,benign_iot_idle_v1,benign_iot_idle_v1__run_001,benign,,0,0,0.0,0.4311,0.5486,0.0,0.0,0.6091,0,0,8.5247,24.9986,6.6133,1.6931,11.6925,0,0,0,0,0,0,1.3067,74.49,0.0,74.49,9045.81,8783.55,0,0.0,0.8325,0,0
2026-09-09T15:22:37.635033+00:00,benign_iot_idle_v1,benign_iot_idle_v1__run_001,benign,,1,1,0.0,0.3833,0.611,465.59,651.82,0.471,5,7,2.765,3.8644,4.479,2.0792,10.7165,0,0,0,0,0,0,0.6732,93.12,0.0,93.12,8119.74,6383.05,0,0.0055,0.8418,0,0
2026-09-09T15:22:42.635033+00:00,benign_iot_idle_v1,benign_iot_idle_v1__run_001,benign,,0,0,0.0,0.3858,0.6254,0.0,0.0,0.4964,0,0,5.0053,8.8341,6.2542,2.7427,14.4822,0,0,0,0,0,0,1.1158,105.64,0.0,105.64,9408.92,6493.78,0,0.0231,0.9401,0,0
2026-09-09T15:22:47.635033+00:00,benign_iot_idle_v1,benign_iot_idle_v1__run_001,benign,,1,1,0.0,0.3995,0.5579,342.72,342.72,0.5932,4,4,3.3741,7.2059,6.9551,3.3016,16.8599,0,0,0,0,0,0,0.8315,85.68,0.0,85.68,8635.2,9874.06,0,0.0075,0.4127,0,0
2026-09-09T15:22:52.635033+00:00,benign_iot_idle_v1,benign_iot_idle_v1__run_001,benign,,0,0,0.0,0.4128,0.5997,0.0,0.0,0.4574,0,0,4.063,11.7759,5.7683,2.8592,14.3459,0,0,0,0,0,0,1.3989,97.76,0.0,97.76,8765.44,6637.43,0,0.0,1.2702,0,0
2026-09-09T15:22:57.635033+00:00,benign_iot_idle_v1,benign_iot_idle_v1__run_001,benign,,3,3,1.585,0.4247,0.5763,1121.53,1121.53,0.5785,12,12,2.6733,3.4357,4.3282,2.331,11.321,0,1,0,0,0,0,0.9527,93.46,25.67,121.24,10033.31,7912.77,0,0.047,1.5522,0,0
2026-09-09T15:23:02.635033+00:00,benign_iot_idle_v1,benign_iot_idle_v1__run_001,benign,,1,1,0.0,0.3866,0.603,291.77,116.71,0.4335,5,2,3.7636,4.591,4.8247,2.1021,11.1309,0,0,0,0,0,0,1.6838,58.35,0.0,58.35,7631.06,8937.11,0,0.0,1.0277,0,0
2026-09-09T15:23:07.635033+00:00,benign_iot_idle_v1,benign_iot_idle_v1__run_001,benign,,0,0,0.0,0.3831,0.5921,0.0,0.0,0.5139,0,0,5.8742,12.0172,8.2204,2.4782,15.6551,0,0,0,0,0,0,0.9739,82.53,0.0,82.53,9002.61,7355.43,0,0.0,0.963,0,0
2026-09-09T15:23:12.635033+00:00,benign_iot_idle_v1,benign_iot_idle_v1__run_001,benign,,0,0,0.0,0.4422,0.5672,0.0,0.0,0.4967,0,0,5.3926,15.2419,7.6507,3.7996,19.0494,0,0,0,0,0,0,1.1723,98.58,0.0,98.58,9768.67,7504.52,0,0.0,1.4181,0,0
2026-09-09T15:23:17.635033+00:00,benign_iot_idle_v1,benign_iot_idle_v1__run_001,benign,,3,3,1.585,0.3536,0.6503,1477.08,3856.81,0.5483,18,47,3.0417,8.7657,3.1828,2.3156,10.1296,0,1,0,0,0,0,0.3766,82.06,10.94,96.65,8988.89,8303.49,0,0.0181,1.578,0,0
2026-09-09T15:23:22.635033+00:00,benign_iot_idle_v1,benign_iot_idle_v1__run_001,benign,,4,3,1.585,0.3954,0.5724,2624.97,2249.98,0.4978,28,24,4.9292,5.9524,3.1038,0.78,5.4438,0,2,0,0,0,0,1.1539,93.75,28.95,131.9,8690.74,9529.5,0,0.0325,0.9327,0,1
2026-09-09T15:23:27.635033+00:00,benign_iot_idle_v1,benign_iot_idle_v1__run_001,benign,,0,0,0.0,0.3494,0.6579,0.0,0.0,0.5381,0,0,10.7498,14.9643,8.0207,2.6953,16.1065,0,0,0,0,0,0,1.1361,69.66,0.0,69.66,9736.05,8853.66,0,0.0,1.0369,0,0
2026-09-09T15:23:32.635033+00:00,benign_iot_idle_v1,benign_iot_idle_v1__run_001,benign,,1,1,0.0,0.4003,0.5891,309.19,432.86,0.5591,5,7,10.9157,26.1903,9.6897,6.1469,28.1304,0,0,0,0,0,0,0.6862,61.84,0.0,61.84,8214.06,8981.84,0,0.0,0.3663,0,0
2026-09-09T15:23:37.635033+00:00,benign_iot_idle_v1,benign_iot_idle_v1__run_001,benign,,0,0,0.0,0.4002,0.5999,0.0,0.0,0.5079,0,0,11.6624,30.1913,9.052,3.8274,20.5342,0,0,0,0,0,0,1.3493,77.07,0.0,77.07,6519.2,8134.26,0,0.0344,1.3244,0,0
2026-09-09T15:23:42.635033+00:00,benign_iot_idle_v1,benign_iot_idle_v1__run_001,benign,,1,1,0.0,0.4302,0.5939,191.06,143.3,0.5005,4,3,2.6583,4.9918,4.0232,3.0086,13.049,0,0,0,0,0,0,1.0993,47.77,0.0,47.77,8774.67,6999.31,0,0.0,0.4823,0,0
2026-09-09T15:23:47.635033+00:00,benign_iot_idle_v1,benign_iot_idle_v1__run_001,benign,,1,1,0.0,0.363,0.6361,990.32,742.74,0.4093,8,6,2.9587,4.2147,3.6843,1.7793,9.0223,0,0,0,0,0,0,1.2389,123.79,0.0,123.79,8869.91,7213.17,0,0.0,0.8618,0,0
2026-09-09T15:23:52.635033+00:00,benign_iot_idle_v1,benign_iot_idle_v1__run_001,benign,,0,0,0.0,0.3907,0.5824,0.0,0.0,0.5686,0,0,7.7543,19.9803,8.5953,6.2802,27.436,0,0,0,0,0,0,0.9169,87.39,0.0,87.39,9563.0,7764.08,0,0.0,1.1636,0,0
2026-09-09T15:23:57.635033+00:00,benign_iot_idle_v1,benign_iot_idle_v1__run_001,benign,,0,0,0.0,0.4134,0.5869,0.0,0.0,0.5028,0,0,5.3492,15.2028,6.5876,2.2124,13.2246,0,0,0,0,0,0,1.0286,105.22,0.0,105.22,8493.68,9874.82,0,0.0241,1.4599,0,0
2026-09-09T15:24:02.635033+00:00,benign_iot_idle_v1,benign_iot_idle_v1__run_001,benign,,2,2,1.0,0.418,0.5643,1623.86,1867.44,0.5257,20,23,3.249,7.2727,3.8466,1.2533,7.6066,0,1,0,0,0,0,0.8397,81.19,41.38,122.57,7709.74,7399.39,0,0.0668,1.6634,0,0
2026-09-09T15:24:07.635033+00:00,benign_iot_idle_v1,benign_iot_idle_v1__run_001,benign,,0,0,0.0,0.3847,0.6095,0.0,0.0,0.6009,0,0,6.5072,16.1491,7.6231,2.3331,14.6224,0,0,0,0,0,0,0.363,77.51,0.0,77.51,7757.21,9049.6,0,0.0421,0.0,0,0
2026-09-09T15:24:12.635033+00:00,benign_iot_idle_v1,benign_iot_idle_v1__run_001,benign,,1,1,0.0,0.4117,0.5499,505.82,758.72,0.4815,6,9,2.9876,8.674,3.9016,2.3767,11.0317,0,0,0,0,0,0,0.6335,84.3,0.0,84.3,7262.02,9179.0,0,0.0068,1.1206,0,0
2026-09-09T15:24:17.635033+00:00,benign_iot_idle_v1,benign_iot_idle_v1__run_001,benign,,2,2,1.0,0.3561,0.6325,1242.19,1164.55,0.4353,16,15,5.2957,8.575,4.0987,2.4206,11.3607,0,1,0,0,0,0,1.017,77.64,18.95,96.59,7361.04,7299.5,0,0.0815,1.326,0,0
2026-09-09T15:24:22.635033+00:00,benign_iot_idle_v1,benign_iot_idle_v1__run_001,benign,,0,0,0.0,0.3808,0.6343,0.0,0.0,0.5597,0,0,1.9549,3.5573,3.2693,2.4151,10.5145,0,0,0,0,0,0,1.8502,141.07,0.0,141.07,10297.78,8866.61,0,0.0003,0.2623,0,0
2026-09-09T15:24:27.635033+00:00,benign_iot_idle_v1,benign_iot_idle_v1__run_001,benign,,0,0,0.0,0.3431,0.6357,0.0,0.0,0.5916,0,0,4.3074,6.0918,3.9129,2.5863,11.6717,0,0,0,0,0,0,0.7036,65.76,0.0,65.76,7973.75,7550.05,0,0.0,0.6094,0,0
2026-09-09T15:24:32.635033+00:00,benign_iot_idle_v1,benign_iot_idle_v1__run_001,benign,,1,1,0.0,0.3538,0.6414,376.0,376.0,0.4926,7,7,2.5598,5.0159,3.3765,0.9449,6.2112,0,0,0,0,0,0,0.8888,53.71,0.0,53.71,5747.1,9831.9,0,0.0781,0.9362,0,0
2026-09-09T15:24:37.635033+00:00,benign_iot_idle_v1,benign_iot_idle_v1__run_001,benign,,0,0,0.0,0.4537,0.5497,0.0,0.0,0.4723,0,0,5.0231,9.7955,10.0744,3.7598,21.3538,0,0,0,0,0,0,0.8552,73.76,0.0,73.76,6691.45,8455.52,0,0.0,1.536,0,0
2026-09-09T15:24:42.635033+00:00,benign_iot_idle_v1,benign_iot_idle_v1__run_001,benign,,0,0,0.0,0.3899,0.6498,0.0,0.0,0.483,0,0,3.0877,6.1264,5.2759,3.0284,14.3611,0,0,0,0,0,0,1.2431,60.29,0.0,60.29,9116.65,5327.44,0,0.0,1.0144,0,0
2026-09-09T15:24:47.635033+00:00,benign_iot_idle_v1,benign_iot_idle_v1__run_001,benign,,2,2,1.0,0.366,0.6248,546.11,409.58,0.4744,8,6,4.2518,10.6431,4.4076,1.5283,8.9925,0,0,0,0,0,0,1.2054,68.26,9.1,77.36,10160.48,6924.75,0,0.054,2.1522,0,0
2026-09-09T15:24:52.635033+00:00,benign_iot_idle_v1,benign_iot_idle_v1__run_001,benign,,1,1,0.0,0.4086,0.5962,334.31,334.31,0.5075,5,5,1.9848,5.6656,3.5388,1.8907,9.2108,0,0,0,0,0,0,0.8755,66.86,0.0,66.86,9535.27,7326.05,0,0.0,1.019,0,0
2026-09-09T15:24:57.635033+00:00,benign_iot_idle_v1,benign_iot_idle_v1__run_001,benign,,0,0,0.0,0.4306,0.5866,0.0,0.0,0.4286,0,0,7.189,10.8491,7.4763,2.6911,15.5496,0,0,0,0,0,0,0.3722,64.64,0.0,64.64,7783.9,7307.93,0,0.0063,0.6489,0,0
2026-09-09T15:25:02.635033+00:00,benign_iot_idle_v1,benign_iot_idle_v1__run_001,benign,,0,0,0.0,0.4491,0.5543,0.0,0.0,0.4308,0,0,8.0822,13.9894,6.0837,4.4272,19.3654,0,0,0,0,0,0,0.5344,93.05,0.0,93.05,6203.7,7956.45,0,0.0,0.421,0,0
2026-09-09T15:25:07.635033+00:00,benign_iot_idle_v1,benign_iot_idle_v1__run_001,benign,,1,1,0.0,0.3985,0.6101,458.99,344.24,0.5064,4,3,3.6605,10.8512,3.8579,1.3427,7.8859,0,0,0,0,0,0,1.0788,114.75,0.0,114.75,8129.32,6053.93,0,0.0,1.0202,0,0
2026-09-09T15:25:12.635033+00:00,benign_iot_idle_v1,benign_iot_idle_v1__run_001,benign,,1,1,0.0,0.3671,0.6119,1274.8,1274.8,0.5021,7,7,4.9434,13.335,3.6752,2.2227,10.3434,0,0,0,0,0,0,0.8839,182.11,0.0,182.11,10171.82,7971.79,0,0.0838,1.2882,0,0
2026-09-09T15:25:17.635033+00:00,benign_iot_idle_v1,benign_iot_idle_v1__run_001,benign,,2,2,1.0,0.3979,0.614,1491.49,1193.19,0.582,10,8,4.1955,9.0692,5.1,1.8643,10.693,0,1,0,0,0,0,1.1777,149.15,55.51,204.65,8291.99,7996.71,0,0.0645,0.0377,0,0
2026-09-09T15:25:22.635033+00:00,benign_iot_idle_v1,benign_iot_idle_v1__run_001,benign,,1,1,0.0,0.4363,0.5586,1278.58,697.41,0.4925,11,6,3.6631,10.5765,3.4683,1.717,8.6194,0,0,0,0,0,0,1.7446,116.23,0.0,116.23,6323.45,5971.49,0,0.0014,2.023,0,0
2026-09-09T15:25:27.635033+00:00,benign_iot_idle_v1,benign_iot_idle_v1__run_001,benign,,1,1,0.0,0.4261,0.6124,580.86,435.64,0.4643,4,3,3.8021,7.24,3.7812,1.7315,8.9758,0,0,0,0,0,0,1.1332,145.21,0.0,145.21,9427.84,7817.24,0,0.1005,0.7946,0,0
2026-09-09T15:25:32.635033+00:00,benign_iot_idle_v1,benign_iot_idle_v1__run_001,benign,,1,1,0.0,0.3894,0.5925,313.63,209.08,0.5313,3,2,8.3638,23.1812,9.9017,5.1772,25.4333,0,0,0,0,0,0,1.1816,104.54,0.0,104.54,7044.87,6389.82,0,0.0324,1.1121,0,0
2026-09-09T15:25:37.635033+00:00,benign_iot_idle_v1,benign_iot_idle_v1__run_001,benign,,2,2,1.0,0.4774,0.5366,1053.95,966.12,0.5407,12,11,3.8184,8.218,4.9544,1.4524,9.3115,0,0,0,0,0,0,1.0492,87.83,1.59,89.42,7491.56,8832.82,0,0.0467,0.3049,0,0
2026-09-09T15:25:42.635033+00:00,benign_iot_idle_v1,benign_iot_idle_v1__run_001,benign,,2,2,1.0,0.4587,0.539,1089.0,726.0,0.4237,12,8,2.6872,4.8159,2.7532,1.3224,6.7204,0,1,0,0,0,0,1.4527,90.75,5.77,96.52,9217.56,9232.32,0,0.0569,0.8251,0,0
2026-09-09T15:25:47.635033+00:00,benign_iot_idle_v1,benign_iot_idle_v1__run_001,benign,,0,0,0.0,0.4004,0.6011,0.0,0.0,0.4442,0,0,4.4358,10.8991,3.5359,2.3275,10.5183,0,0,0,0,0,0,0.5933,40.77,0.0,40.77,8026.41,8868.54,0,0.0,1.6198,0,0
2026-09-09T15:25:52.635033+00:00,benign_iot_idle_v1,benign_iot_idle_v1__run_001,benign,,1,1,0.0,0.3612,0.6573,423.77,211.89,0.5534,4,2,5.3275,9.0405,4.0333,2.7818,12.3787,0,0,0,0,0,0,1.5909,105.94,0.0,105.94,8602.91,9335.29,0,0.0,0.9409,0,0
2026-09-09T15:25:57.635033+00:00,benign_iot_idle_v1,benign_iot_idle_v1__run_001,benign,,1,1,0.0,0.3908,0.5994,269.0,201.75,0.5024,4,3,7.389,9.9894,8.4915,6.2727,27.3097,0,0,0,0,0,0,1.091,67.25,0.0,67.25,9330.46,7164.94,0,0.0463,1.8857,0,0
2026-09-09T15:26:02.635033+00:00,benign_iot_idle_v1,benign_iot_idle_v1__run_001,benign,,0,0,0.0,0.3941,0.6136,0.0,0.0,0.4802,0,0,5.3679,6.8316,3.862,1.5394,8.4803,0,0,0,0,0,0,1.0351,60.96,0.0,60.96,8324.52,8757.69,0,0.0,0.9471,0,0
2026-09-09T15:26:07.635033+00:00,benign_iot_idle_v1,benign_iot_idle_v1__run_001,benign,,0,0,0.0,0.4562,0.5645,0.0,0.0,0.4867,0,0,5.2199,12.2751,6.6149,1.6973,11.7068,0,0,0,0,0,0,0.9599,104.25,0.0,104.25,8071.22,8794.52,0,0.0,1.331,0,0
2026-09-09T15:26:12.635033+00:00,benign_iot_idle_v1,benign_iot_idle_v1__run_001,benign,,0,0,0.0,0.4303,0.5455,0.0,0.0,0.4218,0,0,5.9727,8.5156,7.0308,1.8717,12.6459,0,0,0,0,0,0,0.9095,63.54,0.0,63.54,7480.59,8522.54,0,0.0024,0.0,0,0
2026-09-09T15:26:17.635033+00:00,benign_iot_idle_v1,benign_iot_idle_v1__run_001,benign,,2,2,1.0,0.4533,0.5328,1588.34,1091.98,0.4765,16,11,2.6215,5.8106,3.2635,1.3434,7.2938,0,0,0,0,0,0,1.3522,99.27,15.49,114.76,8773.95,8692.62,0,0.0547,0.7886,0,0
2026-09-09T15:26:22.635033+00:00,benign_iot_idle_v1,benign_iot_idle_v1__run_001,benign,,1,1,0.0,0.4138,0.6123,428.91,514.69,0.4992,10,12,7.6843,13.4296,6.2255,4.3573,19.2975,0,0,0,0,0,0,0.8148,42.89,0.0,42.89,8494.97,8445.04,0,0.0214,1.875,0,0
2026-09-09T15:26:27.635033+00:00,benign_iot_idle_v1,benign_iot_idle_v1__run_001,benign,,2,2,1.0,0.3942,0.5783,1155.72,1444.65,0.5176,12,15,6.3917,11.0388,4.3137,2.1547,10.7779,0,1,0,0,0,0,0.7549,96.31,17.03,113.34,7060.22,6954.75,0,0.0,0.9766,0,0
2026-09-09T15:26:32.635033+00:00,benign_iot_idle_v1,benign_iot_idle_v1__run_001,benign,,3,3,1.585,0.4266,0.581,695.68,1314.07,0.429,9,17,3.6263,8.1032,3.5824,2.0774,9.8145,0,1,0,0,0,0,0.5017,77.3,25.08,109.63,10053.74,7702.14,0,0.0894,1.9916,0,0
2026-09-09T15:26:37.635033+00:00,benign_iot_idle_v1,benign_iot_idle_v1__run_001,benign,,1,1,0.0,0.3898,0.5601,365.07,292.05,0.4475,5,4,7.5153,9.0727,6.4258,4.6751,20.451,0,0,0,0,0,0,1.2448,73.01,0.0,73.01,8797.81,5836.0,0,0.0064,0.9206,0,0
2026-09-09T15:26:42.635033+00:00,benign_iot_idle_v1,benign_iot_idle_v1__run_001,benign,,1,1,0.0,0.3608,0.6201,826.64,1653.28,0.5394,8,16,8.1556,16.8763,6.1207,3.609,16.9476,0,0,0,0,0,0,0.4766,103.33,0.0,103.33,8170.27,10585.13,0,0.0264,1.566,0,0
2026-09-09T15:26:47.635033+00:00,benign_iot_idle_v1,benign_iot_idle_v1__run_001,benign,,1,1,0.0,0.4133,0.5897,146.81,146.81,0.5539,2,2,3.2977,6.0141,3.8437,1.6253,8.7197,0,0,0,0,0,0,0.9288,73.4,0.0,73.4,8332.17,8044.04,0,0.093,0.1851,0,0
2026-09-09T15:26:52.635033+00:00,benign_iot_idle_v1,benign_iot_idle_v1__run_001,benign,,1,1,0.0,0.3562,0.6422,667.01,370.56,0.4733,9,5,2.3736,5.3027,3.2753,1.6758,8.3028,0,0,0,0,0,0,1.5758,74.11,0.0,74.11,8794.19,9060.18,0,0.0,0.6282,0,0
2026-09-09T15:26:57.635033+00:00,benign_iot_idle_v1,benign_iot_idle_v1__run_001,benign,,2,2,1.0,0.3943,0.6075,1064.8,1331.0,0.4889,12,15,4.7241,7.8246,3.7164,1.2077,7.3394,0,0,0,0,0,0,0.7609,88.73,9.58,98.31,7979.41,7894.66,0,0.0,1.1362,0,0
2026-09-09T15:27:02.635033+00:00,benign_iot_idle_v1,benign_iot_idle_v1__run_001,benign,,0,0,0.0,0.3477,0.6206,0.0,0.0,0.4958,0,0,3.9748,5.2075,5.499,2.4151,12.7441,0,0,0,0,0,0,1.7238,153.05,0.0,153.05,7753.83,7797.9,0,0.0089,0.0643,0,0
2026-09-09T15:27:07.635033+00:00,benign_iot_idle_v1,benign_iot_idle_v1__run_001,benign,,0,0,0.0,0.3972,0.6214,0.0,0.0,0.5399,0,0,2.547,6.248,3.8946,2.1365,10.3041,0,0,0,0,0,0,1.2749,91.39,0.0,91.39,9354.96,6194.72,0,0.0047,1.4658,0,0
2026-09-09T15:27:12.635033+00:00,benign_iot_idle_v1,benign_iot_idle_v1__run_001,benign,,0,0,0.0,0.3649,0.6217,0.0,0.0,0.4859,0,0,6.4818,8.4468,5.0294,2.2563,11.7983,0,0,0,0,0,0,0.6286,63.11,0.0,63.11,7844.56,7552.71,0,0.0266,0.7428,0,0
2026-09-09T15:27:17.635033+00:00,benign_iot_idle_v1,benign_iot_idle_v1__run_001,benign,,3,3,1.585,0.4214,0.5389,1456.11,2912.22,0.5272,24,48,6.172,9.1739,6.2682,2.5414,13.8925,0,1,0,0,0,0,0.4953,60.67,11.95,76.29,7397.13,8450.22,0,0.0597,0.6344,0,0
2026-09-09T15:27:22.635033+00:00,benign_iot_idle_v1,benign_iot_idle_v1__run_001,benign,,1,1,0.0,0.4197,0.6139,782.74,956.69,0.461,9,11,7.4688,11.0078,7.0627,3.4515,17.4172,0,0,0,0,0,0,0.7806,86.97,0.0,86.97,5982.28,8395.81,0,0.0257,0.9565,0,0
2026-09-09T15:27:27.635033+00:00,benign_iot_idle_v1,benign_iot_idle_v1__run_001,benign,,3,3,1.585,0.4793,0.5739,1560.27,866.82,0.5287,18,10,2.1159,3.0486,3.4709,1.3813,7.6149,0,1,0,0,0,0,1.7238,86.68,17.17,110.15,9068.88,9195.96,0,0.015,0.5932,0,0
2026-09-09T15:27:32.635033+00:00,benign_iot_idle_v1,benign_iot_idle_v1__run_001,benign,,0,0,0.0,0.3358,0.665,0.0,0.0,0.4915,0,0,4.6803,7.602,3.6422,1.6391,8.5595,0,0,0,0,0,0,1.1993,83.76,0.0,83.76,8715.88,8201.4,0,0.0442,0.6185,0,0
2026-09-09T15:27:37.635033+00:00,benign_iot_idle_v1,benign_iot_idle_v1__run_001,benign,,0,0,0.0,0.3976,0.5866,0.0,0.0,0.5666,0,0,5.2686,11.0826,6.376,2.0257,12.453,0,0,0,0,0,0,0.8778,100.97,0.0,100.97,7646.68,7899.38,0,0.0,0.7009,0,0
2026-09-09T15:27:42.635033+00:00,benign_iot_idle_v1,benign_iot_idle_v1__run_001,benign,,4,3,1.585,0.4157,0.5794,2116.92,3969.22,0.5029,24,45,2.4188,4.6969,3.8192,1.2622,7.6059,0,1,0,0,0,0,0.5315,88.2,14.4,105.32,10498.82,7362.45,0,0.0302,0.492,0,0
2026-09-09T15:27:47.635033+00:00,benign_iot_idle_v1,benign_iot_idle_v1__run_001,benign,,6,3,1.585,0.4558,0.5093,1342.36,969.48,0.4942,18,13,4.4256,7.9187,3.584,1.5536,8.2446,0,2,0,0,1,0,1.323,74.58,25.48,110.53,6691.13,8851.73,0,0.0893,0.3821,0,0
2026-09-09T15:27:52.635033+00:00,benign_iot_idle_v1,benign_iot_idle_v1__run_001,benign,,1,1,0.0,0.4046,0.6278,732.83,628.14,0.5442,7,6,4.5738,9.428,3.4145,0.9033,6.1245,0,0,0,0,0,0,1.1278,104.69,0.0,104.69,6570.61,6692.37,0,0.0131,0.9401,0,0
2026-09-09T15:27:57.635033+00:00,benign_iot_idle_v1,benign_iot_idle_v1__run_001,benign,,0,0,0.0,0.4127,0.6184,0.0,0.0,0.4481,0,0,7.6273,21.472,6.4859,2.5638,14.1774,0,0,0,0,0,0,0.9373,127.11,0.0,127.11,6675.85,6824.12,0,0.0264,1.1625,0,0
2026-09-09T15:28:02.635033+00:00,benign_iot_idle_v1,benign_iot_idle_v1__run_001,benign,,0,0,0.0,0.3772,0.6041,0.0,0.0,0.6536,0,0,4.215,7.2468,5.9255,1.7911,11.2987,0,0,0,0,0,0,1.3445,90.45,0.0,90.45,7954.4,7158.55,0,0.0,1.4711,0,0
2026-09-09T15:28:07.635033+00:00,benign_iot_idle_v1,benign_iot_idle_v1__run_001,benign,,1,1,0.0,0.3672,0.6433,607.08,758.86,0.5151,8,10,2.9698,7.4213,4.7077,1.3321,8.704,0,0,0,0,0,0,0.7469,75.89,0.0,75.89,10421.13,8252.99,0,0.0626,0.7623,0,0
2026-09-09T15:28:12.635033+00:00,benign_iot_idle_v1,benign_iot_idle_v1__run_001,benign,,0,0,0.0,0.445,0.5576,0.0,0.0,0.5906,0,0,2.8114,8.2942,3.8214,1.235,7.5264,0,0,0,0,0,0,0.6942,96.09,0.0,96.09,8754.95,7989.15,0,0.0316,1.0043,0,0
2026-09-09T15:28:17.635033+00:00,benign_iot_idle_v1,benign_iot_idle_v1__run_001,benign,,1,1,0.0,0.4055,0.5992,289.24,216.93,0.5477,4,3,11.0414,29.7691,7.6169,2.4134,14.8571,0,0,0,0,0,0,1.0665,72.31,0.0,72.31,6238.79,9126.54,0,0.0252,1.4053,0,0
2026-09-09T15:28:22.635033+00:00,benign_iot_idle_v1,benign_iot_idle_v1__run_001,benign,,0,0,0.0,0.4121,0.5849,0.0,0.0,0.43,0,0,11.7927,33.8877,8.2796,2.4372,15.5913,0,0,0,0,0,0,0.7599,68.03,0.0,68.03,8510.5,7742.46,0,0.0,0.8967,0,0
2026-09-09T15:28:27.635033+00:00,benign_iot_idle_v1,benign_iot_idle_v1__run_001,benign,,0,0,0.0,0.4598,0.5686,0.0,0.0,0.4214,0,0,3.5583,9.1172,5.6606,1.6506,10.6122,0,0,0,0,0,0,0.6319,104.07,0.0,104.07,7781.42,6446.8,0,0.0051,1.7275,0,0
2026-09-09T15:28:32.635033+00:00,benign_iot_idle_v1,benign_iot_idle_v1__run_001,benign,,2,2,1.0,0.3944,0.6556,1310.57,1474.4,0.4986,16,18,8.2289,18.7184,6.6875,4.0007,18.6896,0,0,0,0,0,0,0.8715,81.91,25.94,107.86,7565.96,7774.79,0,0.0321,1.8981,0,0
2026-09-09T15:28:37.635033+00:00,benign_iot_idle_v1,benign_iot_idle_v1__run_001,benign,,1,1,0.0,0.4197,0.5874,381.66,190.83,0.5169,4,2,4.0854,8.1891,7.9666,5.5609,24.6494,0,0,0,0,0,0,1.495,95.41,0.0,95.41,7654.74,8942.02,0,0.0288,0.4523,0,0
2026-09-09T15:28:42.635033+00:00,benign_iot_idle_v1,benign_iot_idle_v1__run_001,benign,,0,0,0.0,0.4167,0.5821,0.0,0.0,0.5491,0,0,7.1577,9.2648,4.1494,1.5285,8.735,0,0,0,0,0,0,0.5324,56.12,0.0,56.12,9450.38,9295.23,0,0.0,2.0453,0,0
2026-09-09T15:28:47.635033+00:00,benign_iot_idle_v1,benign_iot_idle_v1__run_001,benign,,1,1,0.0,0.4252,0.5494,504.37,1008.73,0.4979,5,10,4.9159,7.3491,3.1163,0.7921,5.4927,0,0,0,0,0,0,0.4642,100.87,0.0,100.87,7154.03,9156.74,0,0.0,0.6112,0,0
2026-09-09T15:28:52.635033+00:00,benign_iot_idle_v1,benign_iot_idle_v1__run_001,benign,,0,0,0.0,0.4042,0.5972,0.0,0.0,0.4919,0,0,9.0389,18.2612,5.5662,3.1531,15.0256,0,0,0,0,0,0,0.7989,145.74,0.0,145.74,6821.86,8640.99,0,0.0036,1.6134,0,0
2026-09-09T15:28:57.635033+00:00,benign_iot_idle_v1,benign_iot_idle_v1__run_001,benign,,4,3,1.585,0.4215,0.5643,2331.15,2098.03,0.4833,20,18,5.4062,14.0471,4.1305,2.7877,12.4935,0,2,0,0,0,0,1.0742,116.56,43.94,165.43,8437.85,7675.6,0,0.0452,1.8407,0,0
2026-09-09T15:29:02.635033+00:00,benign_iot_idle_v1,benign_iot_idle_v1__run_001,benign,,2,2,1.0,0.4023,0.6077,1798.75,1461.48,0.5104,16,13,3.7463,5.377,3.7065,2.5548,11.3709,0,1,0,0,0,0,1.1677,112.42,42.55,154.97,8080.28,8389.72,0,0.0404,1.4346,0,0
2026-09-09T15:29:07.635033+00:00,benign_iot_idle_v1,benign_iot_idle_v1__run_001,benign,,0,0,0.0,0.3761,0.635,0.0,0.0,0.5704,0,0,5.9113,17.2156,4.5533,1.2604,8.3344,0,0,0,0,0,0,1.102,120.98,0.0,120.98,7769.23,8983.07,0,0.0,0.4033,0,0
2026-09-09T15:29:12.635033+00:00,benign_iot_idle_v1,benign_iot_idle_v1__run_001,benign,,2,2,1.0,0.3532,0.6688,333.86,166.93,0.5333,6,3,4.1928,6.2167,3.9173,1.2078,7.5405,0,0,0,0,0,0,1.5859,55.64,6.38,62.03,6589.67,7427.29,0,0.0411,1.0093,0,0
2026-09-09T15:29:17.635033+00:00,benign_iot_idle_v1,benign_iot_idle_v1__run_001,benign,,0,0,0.0,0.3877,0.612,0.0,0.0,0.4996,0,0,5.1705,14.043,4.0178,2.0884,10.2829,0,0,0,0,0,0,1.0272,60.78,0.0,60.78,7954.04,9209.69,0,0.0055,0.5168,0,0
2026-09-09T15:29:22.635033+00:00,benign_iot_idle_v1,benign_iot_idle_v1__run_001,benign,,0,0,0.0,0.3862,0.5978,0.0,0.0,0.4862,0,0,7.891,20.7714,4.8922,2.3419,11.9178,0,0,0,0,0,0,0.8681,79.16,0.0,79.16,7358.78,7768.45,0,0.0135,0.4291,0,0
2026-09-09T15:29:27.635033+00:00,benign_iot_idle_v1,benign_iot_idle_v1__run_001,benign,,0,0,0.0,0.3738,0.6492,0.0,0.0,0.4601,0,0,5.4089,8.0488,3.6228,1.9864,9.5819,0,0,0,0,0,0,0.8016,74.11,0.0,74.11,6309.64,7467.27,0,0.0,1.1238,0,0
2026-09-09T15:29:32.635033+00:00,benign_iot_idle_v1,benign_iot_idle_v1__run_001,benign,,2,2,1.0,0.3853,0.5656,531.76,731.17,0.5737,8,11,3.1962,5.5309,5.2204,1.8948,10.9047,0,1,0,0,0,0,0.6911,66.47,0.46,66.93,7347.35,9124.51,0,0.0723,1.1475,0,0
2026-09-09T15:29:37.635033+00:00,benign_iot_idle_v1,benign_iot_idle_v1__run_001,benign,,0,0,0.0,0.3715,0.6539,0.0,0.0,0.435,0,0,5.2385,11.9762,3.6783,2.3128,10.6168,0,0,0,0,0,0,0.6866,67.09,0.0,67.09,8473.05,8406.36,0,0.0164,1.3537,0,0
2026-09-09T15:29:42.635033+00:00,benign_iot_idle_v1,benign_iot_idle_v1__run_001,benign,,1,1,0.0,0.4469,0.5523,299.49,179.69,0.3897,5,3,6.8774,17.2957,5.0367,2.1405,11.4583,0,0,0,0,0,0,1.588,59.9,0.0,59.9,7433.63,7724.97,0,0.0373,0.9946,0,0
2026-09-09T15:29:47.635033+00:00,benign_iot_idle_v1,benign_iot_idle_v1__run_001,benign,,0,0,0.0,0.3658,0.61,0.0,0.0,0.4527,0,0,4.1554,9.368,8.0893,5.5607,24.7714,0,0,0,0,0,0,0.6406,45.95,0.0,45.95,8642.37,7110.92,0,0.012,1.5283,0,0
2026-09-09T15:29:52.635033+00:00,benign_iot_idle_v1,benign_iot_idle_v1__run_001,benign,,1,1,0.0,0.4279,0.5635,660.29,660.29,0.5972,6,6,2.2947,6.5635,2.9192,1.5693,7.627,0,0,0,0,0,0,0.926,110.05,0.0,110.05,7289.91,8794.63,0,0.0396,0.1511,0,0
2026-09-09T15:29:57.635033+00:00,benign_iot_idle_v1,benign_iot_idle_v1__run_001,benign,,1,1,0.0,0.3296,0.6759,868.9,1448.16,0.5507,6,10,5.776,10.5656,5.0976,1.6703,10.1085,0,0,0,0,0,0,0.5578,144.82,0.0,144.82,9551.06,8842.28,0,0.0218,0.6788,0,0
2026-09-09T15:30:02.635033+00:00,benign_iot_idle_v1,benign_iot_idle_v1__run_001,benign,,2,2,1.0,0.3818,0.6167,926.68,540.57,0.4733,12,7,3.2779,8.2946,3.8442,1.4143,8.0873,0,0,0,0,0,0,1.5456,77.22,7.77,85.0,8152.56,10075.97,0,0.0255,0.9894,0,0
2026-09-09T15:30:07.635033+00:00,benign_iot_idle_v1,benign_iot_idle_v1__run_001,benign,,2,2,1.0,0.4234,0.5894,363.61,272.71,0.3953,4,3,4.3826,6.8105,3.0793,2.1153,9.4252,0,0,0,0,0,0,1.2169,90.9,30.63,121.53,6741.94,8738.6,0,0.0068,1.5407,0,0
2026-09-09T15:30:12.635033+00:00,benign_iot_idle_v1,benign_iot_idle_v1__run_001,benign,,1,1,0.0,0.3898,0.6215,324.6,259.68,0.5231,5,4,3.4934,6.4712,4.1806,2.0508,10.3329,0,0,0,0,0,0,1.0975,64.92,0.0,64.92,8647.99,7045.52,0,0.0374,1.5238,0,0
2026-09-09T15:30:17.635033+00:00,benign_iot_idle_v1,benign_iot_idle_v1__run_001,benign,,0,0,0.0,0.4176,0.5636,0.0,0.0,0.6038,0,0,5.3747,12.4082,6.5244,3.6597,17.5035,0,0,0,0,0,0,0.9554,132.2,0.0,132.2,8400.4,7233.67,0,0.0,0.5821,0,0
2026-09-09T15:30:22.635033+00:00,benign_iot_idle_v1,benign_iot_idle_v1__run_001,benign,,1,1,0.0,0.3865,0.6502,332.26,249.2,0.4551,4,3,7.1388,20.661,5.3956,2.12,11.7555,0,0,0,0,0,0,1.0673,83.07,0.0,83.07,7383.17,6557.85,0,0.0,0.8723,0,0
2026-09-09T15:30:27.635033+00:00,benign_iot_idle_v1,benign_iot_idle_v1__run_001,benign,,0,0,0.0,0.3908,0.5807,0.0,0.0,0.4953,0,0,6.337,16.7619,6.1677,3.4656,16.5646,0,0,0,0,0,0,1.0141,50.4,0.0,50.4,8933.76,8974.18,0,0.0,0.1924,0,0
2026-09-09T15:30:32.635033+00:00,benign_iot_idle_v1,benign_iot_idle_v1__run_001,benign,,0,0,0.0,0.3854,0.5808,0.0,0.0,0.5465,0,0,4.2687,10.3051,4.1112,1.0702,7.3218,0,0,0,0,0,0,1.1105,48.73,0.0,48.73,9326.9,9243.91,0,0.0031,1.2851,0,0
2026-09-09T15:30:37.635033+00:00,benign_iot_idle_v1,benign_iot_idle_v1__run_001,benign,,0,0,0.0,0.374,0.5937,0.0,0.0,0.4836,0,0,6.9424,16.5369,6.8423,2.8509,15.3949,0,0,0,0,0,0,1.2304,64.41,0.0,64.41,7975.19,9481.02,0,0.0196,1.7336,0,0
2026-09-09T15:30:42.635033+00:00,benign_iot_idle_v1,benign_iot_idle_v1__run_001,benign,,1,1,0.0,0.3386,0.6642,1563.11,1302.6,0.5486,12,10,8.811,15.3719,7.9994,3.6018,18.8048,0,0,0,0,0,0,1.1991,130.26,0.0,130.26,10517.46,8531.37,0,0.0358,0.3925,0,0
2026-09-09T15:30:47.635033+00:00,benign_iot_idle_v1,benign_iot_idle_v1__run_001,benign,,2,2,1.0,0.454,0.5349,219.61,219.61,0.5424,4,4,5.8188,12.6142,4.8037,2.5973,12.5957,0,1,0,0,0,0,0.9898,54.9,9.83,64.73,8103.84,6967.57,0,0.0495,1.6544,0,0
2026-09-09T15:30:52.635033+00:00,benign_iot_idle_v1,benign_iot_idle_v1__run_001,benign,,1,1,0.0,0.387,0.6037,620.72,620.72,0.5364,6,6,3.7763,9.1405,2.9788,1.0991,6.2761,0,0,0,0,0,0,0.9124,103.45,0.0,103.45,8433.03,7901.87,0,0.0529,0.515,0,0
2026-09-09T15:30:57.635033+00:00,benign_iot_idle_v1,benign_iot_idle_v1__run_001,benign,,0,0,0.0,0.3978,0.6387,0.0,0.0,0.5102,0,0,3.6025,9.8647,3.392,1.8432,8.9217,0,0,0,0,0,0,0.9551,81.29,0.0,81.29,8656.36,7007.87,0,0.0,0.1895,0,0
2026-09-09T15:31:02.635033+00:00,benign_iot_idle_v1,benign_iot_idle_v1__run_001,benign,,0,0,0.0,0.4006,0.5972,0.0,0.0,0.4678,0,0,2.8953,7.8439,4.9968,2.9996,13.9955,0,0,0,0,0,0,1.1064,122.34,0.0,122.34,7445.73,8465.16,0,0.0107,0.1659,0,0
2026-09-09T15:31:07.635033+00:00,benign_iot_idle_v1,benign_iot_idle_v1__run_001,benign,,1,1,0.0,0.3393,0.6343,610.84,458.13,0.501,4,3,5.453,7.877,4.1357,2.0491,10.2828,0,0,0,0,0,0,1.1894,152.71,0.0,152.71,6998.98,8686.14,0,0.0,1.0925,0,0
2026-09-09T15:31:12.635033+00:00,benign_iot_idle_v1,benign_iot_idle_v1__run_001,benign,,0,0,0.0,0.3628,0.6275,0.0,0.0,0.493,0,0,4.7461,5.9939,2.9296,2.1773,9.4616,0,0,0,0,0,0,0.9142,116.99,0.0,116.99,9308.4,8812.74,0,0.0,1.8901,0,0
2026-09-09T15:31:17.635033+00:00,benign_iot_idle_v1,benign_iot_idle_v1__run_001,benign,,2,2,1.0,0.3873,0.6196,345.76,345.76,0.4913,6,6,2.6508,7.5978,5.2024,2.3257,12.1796,0,1,0,0,0,0,0.9212,57.63,0.95,58.58,9198.79,7958.86,0,0.0454,1.0822,0,0
2026-09-09T15:31:22.635033+00:00,benign_iot_idle_v1,benign_iot_idle_v1__run_001,benign,,1,1,0.0,0.4209,0.62,715.2,983.4,0.5282,8,11,7.0435,13.0654,6.4159,3.3293,16.404,0,0,0,0,0,0,0.7024,89.4,0.0,89.4,7285.87,9271.62,0,0.0,1.6099,0,0
2026-09-09T15:31:27.635033+00:00,benign_iot_idle_v1,benign_iot_idle_v1__run_001,benign,,2,2,1.0,0.3437,0.6161,1658.53,1382.11,0.4924,18,15,5.8176,11.5552,4.3303,2.9025,13.0377,0,1,0,0,0,0,1.1408,92.14,14.29,106.43,6700.24,6636.07,0,0.0026,0.7549,0,0
2026-09-09T15:31:32.635033+00:00,benign_iot_idle_v1,benign_iot_idle_v1__run_001,benign,,2,2,1.0,0.3986,0.6013,3110.58,4043.76,0.4889,20,26,2.7133,6.6798,3.0586,1.3825,7.2062,0,1,0,0,0,0,0.7656,155.53,61.31,216.84,6798.18,9121.24,0,0.0598,1.0357,0,0
2026-09-09T15:31:37.635033+00:00,benign_iot_idle_v1,benign_iot_idle_v1__run_001,benign,,3,3,1.585,0.4374,0.5843,1127.04,845.28,0.5087,12,9,4.2521,8.4417,3.019,1.1492,6.4667,0,1,0,0,0,0,1.3148,93.92,21.87,117.68,7687.66,6453.35,0,0.0355,0.4469,0,0
2026-09-09T15:31:42.635033+00:00,benign_iot_idle_v1,benign_iot_idle_v1__run_001,benign,,0,0,0.0,0.423,0.5636,0.0,0.0,0.4826,0,0,9.3734,25.4785,6.9424,4.599,20.7393,0,0,0,0,0,0,1.1699,73.63,0.0,73.63,7995.92,8808.5,0,0.0,1.251,0,0
2026-09-09T15:31:47.635033+00:00,benign_iot_idle_v1,benign_iot_idle_v1__run_001,benign,,3,3,1.585,0.364,0.6444,2930.49,2051.34,0.525,30,21,3.6587,5.4523,4.0694,2.5904,11.8405,0,1,0,0,0,0,1.4056,97.68,29.55,134.82,9469.68,9314.36,0,0.0349,1.5309,0,0
2026-09-09T15:31:52.635033+00:00,benign_iot_idle_v1,benign_iot_idle_v1__run_001,benign,,1,1,0.0,0.3622,0.6357,683.44,768.87,0.4951,8,9,8.6565,14.8471,8.7796,6.2887,27.6456,0,0,0,0,0,0,0.8385,85.43,0.0,85.43,7936.06,8392.98,0,0.0,0.2388,0,0
2026-09-09T15:31:57.635033+00:00,benign_iot_idle_v1,benign_iot_idle_v1__run_001,benign,,5,3,1.585,0.3756,0.6123,6956.75,6577.29,0.5843,55,52,4.829,11.3968,3.5011,0.9302,6.2916,0,2,0,0,0,0,1.0559,126.49,30.66,180.46,9485.86,6785.19,0,0.0239,0.7698,0,0
2026-09-09T15:32:02.635033+00:00,benign_iot_idle_v1,benign_iot_idle_v1__run_001,benign,,0,0,0.0,0.427,0.5426,0.0,0.0,0.5685,0,0,13.5978,27.4582,8.5479,4.8799,23.1876,0,0,0,0,0,0,0.7069,108.24,0.0,108.24,9045.59,7240.51,0,0.0,0.9838,0,0
2026-09-09T15:32:07.635033+00:00,benign_iot_idle_v1,benign_iot_idle_v1__run_001,benign,,0,0,0.0,0.3736,0.628,0.0,0.0,0.4971,0,0,7.0301,13.3183,10.07,5.866,27.668,0,0,0,0,0,0,1.2229,96.86,0.0,96.86,7951.83,8091.45,0,0.0,0.0904,0,0
2026-09-09T15:32:12.635033+00:00,benign_iot_idle_v1,benign_iot_idle_v1__run_001,benign,,2,2,1.0,0.3975,0.5861,927.29,794.82,0.4299,14,12,5.7281,11.6502,5.4308,3.6774,16.463,0,0,0,0,0,0,1.0902,66.24,4.83,71.06,8292.45,9522.43,0,0.0347,1.9449,0,0
2026-09-09T15:32:17.635033+00:00,benign_iot_idle_v1,benign_iot_idle_v1__run_001,benign,,0,0,0.0,0.3808,0.6215,0.0,0.0,0.5535,0,0,4.0925,4.9368,7.3225,2.4031,14.5317,0,0,0,0,0,0,0.9001,152.26,0.0,152.26,8468.47,8070.63,0,0.0302,0.8169,0,0
2026-09-09T15:32:22.635033+00:00,benign_iot_idle_v1,benign_iot_idle_v1__run_001,benign,,0,0,0.0,0.4211,0.6205,0.0,0.0,0.5943,0,0,4.1869,12.1638,3.3863,1.5463,8.0252,0,0,0,0,0,0,1.0378,136.04,0.0,136.04,7540.11,5503.41,0,0.014,0.6888,0,0
2026-09-09T15:32:27.635033+00:00,benign_iot_idle_v1,benign_iot_idle_v1__run_001,benign,,4,3,1.585,0.4373,0.581,1748.19,2112.39,0.5721,24,29,2.8163,4.0233,4.3831,1.5511,9.0364,0,1,0,0,0,0,0.818,72.84,17.56,96.59,8033.35,8957.13,0,0.0586,1.7657,0,0
2026-09-09T15:32:32.635033+00:00,benign_iot_idle_v1,benign_iot_idle_v1__run_001,benign,,1,1,0.0,0.385,0.6003,286.17,357.71,0.5123,4,5,7.8141,17.6079,6.7049,2.5173,14.257,0,0,0,0,0,0,0.6882,71.54,0.0,71.54,7980.9,8936.61,0,0.0204,1.8884,0,0
2026-09-09T15:32:37.635033+00:00,benign_iot_idle_v1,benign_iot_idle_v1__run_001,benign,,0,0,0.0,0.4101,0.5707,0.0,0.0,0.5295,0,0,5.9365,13.6051,4.7586,3.1883,14.3236,0,0,0,0,0,0,0.9364,77.05,0.0,77.05,7698.33,9966.14,0,0.0108,1.6245,0,0
2026-09-09T15:32:42.635033+00:00,benign_iot_idle_v1,benign_iot_idle_v1__run_001,benign,,2,2,1.0,0.3443,0.6553,1199.95,1971.34,0.5221,14,23,3.8942,9.9442,4.406,2.7872,12.7674,0,0,0,0,0,0,0.5845,85.71,27.57,113.28,7759.28,9459.1,0,0.0009,1.0689,0,0
2026-09-09T15:32:47.635033+00:00,benign_iot_idle_v1,benign_iot_idle_v1__run_001,benign,,0,0,0.0,0.4297,0.5807,0.0,0.0,0.4484,0,0,2.1196,6.3357,3.6404,1.0632,6.8299,0,0,0,0,0,0,0.8888,106.26,0.0,106.26,6289.46,7375.68,0,0.0042,0.7203,0,0
2026-09-09T15:32:52.635033+00:00,benign_iot_idle_v1,benign_iot_idle_v1__run_001,benign,,1,1,0.0,0.3917,0.5844,641.01,512.81,0.4739,5,4,7.2981,10.4306,5.8369,2.8787,14.473,0,0,0,0,0,0,1.0406,128.2,0.0,128.2,8442.07,9734.1,0,0.0,0.5416,0,0
2026-09-09T15:32:57.635033+00:00,benign_iot_idle_v1,benign_iot_idle_v1__run_001,benign,,0,0,0.0,0.3633,0.6563,0.0,0.0,0.6198,0,0,4.9635,13.7503,4.9789,3.3295,14.9674,0,0,0,0,0,0,1.1637,110.96,0.0,110.96,7728.74,6607.89,0,0.0025,1.3256,0,0
2026-09-09T15:33:02.635033+00:00,benign_iot_idle_v1,benign_iot_idle_v1__run_001,benign,,1,1,0.0,0.4346,0.5584,706.91,530.18,0.4832,8,6,6.2789,16.6041,4.5506,1.5663,9.2494,0,0,0,0,0,0,1.1753,88.36,0.0,88.36,7277.54,8029.79,0,0.0056,1.2136,0,0
2026-09-09T15:33:07.635033+00:00,benign_iot_idle_v1,benign_iot_idle_v1__run_001,benign,,1,1,0.0,0.3632,0.5937,307.06,409.42,0.4577,6,8,2.4782,3.506,4.0663,2.9026,12.7741,0,0,0,0,0,0,0.7312,51.18,0.0,51.18,10459.41,9575.68,0,0.0,1.8864,0,0
2026-09-09T15:33:12.635033+00:00,benign_iot_idle_v1,benign_iot_idle_v1__run_001,benign,,3,3,1.585,0.3988,0.5903,2442.08,1744.34,0.488,21,15,2.3256,3.7614,4.4276,2.9488,13.2741,0,1,0,0,0,0,1.3144,116.29,16.23,138.41,7880.61,8508.87,0,0.0357,0.6952,0,0
2026-09-09T15:33:17.635033+00:00,benign_iot_idle_v1,benign_iot_idle_v1__run_001,benign,,3,3,1.585,0.4154,0.5801,1012.34,674.89,0.4135,12,8,5.6183,7.1427,4.8866,1.5529,9.5453,0,1,0,0,0,0,1.4045,84.36,30.62,127.6,8425.49,9002.27,0,0.0,1.7507,0,0
2026-09-09T15:33:22.635033+00:00,benign_iot_idle_v1,benign_iot_idle_v1__run_001,benign,,0,0,0.0,0.3991,0.6027,0.0,0.0,0.5555,0,0,6.9915,13.7958,8.5223,4.0257,20.5994,0,0,0,0,0,0,1.0648,91.25,0.0,91.25,6464.06,8235.36,0,0.01,0.0,0,0
2026-09-09T15:33:27.635033+00:00,benign_iot_idle_v1,benign_iot_idle_v1__run_001,benign,,1,1,0.0,0.3959,0.6257,594.92,509.94,0.5187,7,6,10.0946,17.8979,6.5027,4.4332,19.8022,0,0,0,0,0,0,1.0519,84.99,0.0,84.99,7620.59,5949.92,0,0.0566,0.6547,0,0
2026-09-09T15:33:32.635033+00:00,benign_iot_idle_v1,benign_iot_idle_v1__run_001,benign,,0,0,0.0,0.4302,0.5987,0.0,0.0,0.4642,0,0,6.2285,11.2687,5.0455,2.3526,12.1033,0,0,0,0,0,0,1.0222,85.29,0.0,85.29,8971.03,8082.03,0,0.0,1.269,0,0
2026-09-09T15:33:37.635033+00:00,benign_iot_idle_v1,benign_iot_idle_v1__run_001,benign,,1,1,0.0,0.3801,0.5982,295.3,236.24,0.5205,5,4,3.7596,7.5347,3.3206,0.8512,5.8742,0,0,0,0,0,0,1.1483,59.06,0.0,59.06,8261.12,8227.28,0,0.0247,0.7823,0,0
2026-09-09T15:33:42.635033+00:00,benign_iot_idle_v1,benign_iot_idle_v1__run_001,benign,,1,1,0.0,0.3985,0.6142,992.71,694.9,0.4927,10,7,8.8884,16.1262,7.0082,2.7897,15.3774,0,0,0,0,0,0,1.4061,99.27,0.0,99.27,8566.91,9253.39,0,0.0409,0.368,0,0
2026-09-09T15:33:47.635033+00:00,benign_iot_idle_v1,benign_iot_idle_v1__run_001,benign,,0,0,0.0,0.4306,0.561,0.0,0.0,0.5389,0,0,5.046,9.5675,7.343,4.2407,20.0652,0,0,0,0,0,0,1.0767,84.27,0.0,84.27,8214.42,6633.03,0,0.0641,1.1571,0,0
2026-09-09T15:33:52.635033+00:00,benign_iot_idle_v1,benign_iot_idle_v1__run_001,benign,,2,2,1.0,0.4283,0.582,661.63,396.98,0.4808,10,6,3.9882,6.1802,2.6516,1.2307,6.3436,0,0,0,0,0,0,1.446,66.16,0.16,66.32,7376.68,6243.89,0,0.0479,1.4252,0,0
2026-09-09T15:33:57.635033+00:00,benign_iot_idle_v1,benign_iot_idle_v1__run_001,benign,,2,2,1.0,0.3447,0.6454,831.61,2079.02,0.479,8,20,3.9681,5.6494,6.7405,2.688,14.8045,0,0,0,0,0,0,0.3886,103.95,34.32,138.27,7760.68,7469.75,0,0.0127,0.445,0,0
2026-09-09T15:34:02.635033+00:00,benign_iot_idle_v1,benign_iot_idle_v1__run_001,benign,,1,1,0.0,0.3901,0.5909,813.24,975.88,0.4756,5,6,4.5787,13.5211,3.1582,2.2718,9.9735,0,0,0,0,0,0,0.787,162.65,0.0,162.65,6785.57,8471.84,0,0.0288,1.1819,0,0
2026-09-09T15:34:07.635033+00:00,benign_iot_idle_v1,benign_iot_idle_v1__run_001,benign,,1,1,0.0,0.4614,0.5299,378.11,324.09,0.4969,7,6,9.7237,23.2959,8.8334,6.6117,28.6683,0,0,0,0,0,0,1.0232,54.02,0.0,54.02,10143.64,8054.64,0,0.0314,1.0162,0,0
2026-09-09T15:34:12.635033+00:00,benign_iot_idle_v1,benign_iot_idle_v1__run_001,benign,,0,0,0.0,0.432,0.5842,0.0,0.0,0.4735,0,0,3.723,4.5978,5.4281,2.0229,11.4967,0,0,0,0,0,0,1.556,57.95,0.0,57.95,9044.44,8312.01,0,0.0,1.2179,0,0
2026-09-09T15:34:17.635033+00:00,benign_iot_idle_v1,benign_iot_idle_v1__run_001,benign,,1,1,0.0,0.4199,0.5758,931.25,558.75,0.5077,10,6,4.9225,12.6204,5.948,3.4612,16.3317,0,0,0,0,0,0,1.4395,93.12,0.0,93.12,8250.29,7580.03,0,0.0053,1.4393,0,0
2026-09-09T15:34:22.635033+00:00,benign_iot_idle_v1,benign_iot_idle_v1__run_001,benign,,1,1,0.0,0.407,0.5962,422.56,563.41,0.493,6,8,5.1171,8.1591,9.3711,6.6852,29.4265,0,0,0,0,0,0,0.6667,70.43,0.0,70.43,7333.52,8484.95,0,0.038,0.9613,0,0
2026-09-09T15:34:27.635033+00:00,benign_iot_idle_v1,benign_iot_idle_v1__run_001,benign,,0,0,0.0,0.4132,0.5775,0.0,0.0,0.5252,0,0,7.2726,20.345,6.0694,2.3747,13.1934,0,0,0,0,0,0,0.9057,61.64,0.0,61.64,7491.51,8671.33,0,0.0,0.5113,0,0
2026-09-09T15:34:32.635033+00:00,benign_iot_idle_v1,benign_iot_idle_v1__run_001,benign,,2,2,1.0,0.454,0.5608,569.41,569.41,0.5307,6,6,4.3705,11.9829,3.4477,1.5202,8.0083,0,0,0,0,0,0,0.8743,94.9,25.17,120.07,7166.18,9053.16,0,0.0,1.3281,0,1
2026-09-09T15:34:37.635033+00:00,benign_iot_idle_v1,benign_iot_idle_v1__run_001,benign,,0,0,0.0,0.4261,0.5653,0.0,0.0,0.4938,0,0,4.2657,7.4699,5.1645,1.7467,10.4047,0,0,0,0,0,0,0.748,112.11,0.0,112.11,9245.54,10290.57,0,0.0295,0.1907,0,0
2026-09-09T15:34:42.635033+00:00,benign_iot_idle_v1,benign_iot_idle_v1__run_001,benign,,1,1,0.0,0.3677,0.6351,916.83,750.13,0.5253,11,9,4.7752,7.7469,7.3253,3.1427,16.7535,0,0,0,0,0,0,1.1232,83.35,0.0,83.35,9137.78,8239.49,0,0.0,1.4357,0,0
2026-09-09T15:34:47.635033+00:00,benign_iot_idle_v1,benign_iot_idle_v1__run_001,benign,,0,0,0.0,0.4141,0.5568,0.0,0.0,0.482,0,0,5.4768,10.8871,6.6363,4.975,21.5614,0,0,0,0,0,0,0.6887,88.51,0.0,88.51,6945.56,8453.89,0,0.0385,1.0364,0,0
2026-09-09T15:34:52.635033+00:00,benign_iot_idle_v1,benign_iot_idle_v1__run_001,benign,,2,2,1.0,0.3321,0.6699,1225.51,1021.26,0.512,12,10,5.364,11.0905,5.4846,1.9375,11.2972,0,0,0,0,0,0,1.1172,102.13,9.58,111.7,7058.01,8108.6,0,0.0095,1.7299,0,0
2026-09-09T15:34:57.635033+00:00,benign_iot_idle_v1,benign_iot_idle_v1__run_001,benign,,2,2,1.0,0.3533,0.6366,949.48,678.2,0.5361,14,10,3.7737,5.0965,4.9112,3.4834,15.3613,0,0,0,0,0,0,1.2853,67.82,14.28,82.1,9155.28,8369.35,0,0.0,1.2785,0,0
2026-09-09T15:35:02.635033+00:00,benign_iot_idle_v1,benign_iot_idle_v1__run_001,benign,,1,1,0.0,0.4218,0.5812,530.73,530.73,0.4414,4,4,7.3481,19.7022,5.1976,1.621,10.0605,0,0,0,0,0,0,0.989,132.68,0.0,132.68,9302.36,8878.86,0,0.0024,0.2963,0,0
2026-09-09T15:35:07.635033+00:00,benign_iot_idle_v1,benign_iot_idle_v1__run_001,benign,,0,0,0.0,0.3905,0.5982,0.0,0.0,0.491,0,0,6.1424,10.8893,7.0386,4.5043,20.5516,0,0,0,0,0,0,1.0797,74.59,0.0,74.59,8010.28,11474.17,0,0.0303,0.5804,0,0
2026-09-09T15:35:12.635033+00:00,benign_iot_idle_v1,benign_iot_idle_v1__run_001,benign,,1,1,0.0,0.4411,0.5623,285.44,190.29,0.4163,3,2,8.3151,10.8079,7.8405,3.8229,19.3091,0,0,0,0,0,0,1.0867,95.15,0.0,95.15,7526.29,9516.62,0,0.0244,0.3853,0,0
2026-09-09T15:35:17.635033+00:00,benign_iot_idle_v1,benign_iot_idle_v1__run_001,benign,,1,1,0.0,0.4073,0.6173,488.99,558.85,0.4085,7,8,3.9503,9.2774,3.8895,2.8884,12.5546,0,0,0,0,0,0,0.8226,69.86,0.0,69.86,8973.06,7999.74,0,0.0562,1.1155,0,0
2026-09-09T15:35:22.635033+00:00,benign_iot_idle_v1,benign_iot_idle_v1__run_001,benign,,1,1,0.0,0.4204,0.6191,536.44,1149.51,0.4795,7,15,2.4445,4.8659,4.2344,1.761,9.5174,0,0,0,0,0,0,0.4457,76.63,0.0,76.63,8814.45,10254.07,0,0.0236,1.2052,0,0
2026-09-09T15:35:27.635033+00:00,benign_iot_idle_v1,benign_iot_idle_v1__run_001,benign,,0,0,0.0,0.3508,0.639,0.0,0.0,0.5835,0,0,5.9293,15.7276,4.777,2.4513,12.131,0,0,0,0,0,0,0.7714,158.23,0.0,158.23,9931.43,9622.56,0,0.0,1.1387,0,0
2026-09-09T15:35:32.635033+00:00,benign_iot_idle_v1,benign_iot_idle_v1__run_001,benign,,0,0,0.0,0.382,0.6062,0.0,0.0,0.4523,0,0,7.1054,20.269,6.9511,4.762,21.237,0,0,0,0,0,0,1.2498,64.27,0.0,64.27,9104.97,7928.67,0,0.0022,1.1434,0,0
2026-09-09T15:35:37.635033+00:00,benign_iot_idle_v1,benign_iot_idle_v1__run_001,benign,,2,2,1.0,0.3653,0.6438,879.18,703.35,0.4647,10,8,3.1188,6.6883,5.4767,1.9173,11.2287,0,1,0,0,0,0,1.1208,87.92,1.97,89.89,8163.13,8541.48,0,0.0418,0.6733,0,0
2026-09-09T15:35:42.635033+00:00,benign_iot_idle_v1,benign_iot_idle_v1__run_001,benign,,1,1,0.0,0.3831,0.6209,208.69,208.69,0.5445,3,3,5.1552,13.8966,3.486,1.7168,8.6363,0,0,0,0,0,0,0.8884,69.56,0.0,69.56,8832.88,7881.73,0,0.0,0.8243,0,1
2026-09-09T15:35:47.635033+00:00,benign_iot_idle_v1,benign_iot_idle_v1__run_001,benign,,2,2,1.0,0.4676,0.542,1949.72,1531.92,0.487,14,11,3.4259,7.4487,3.4732,1.1898,7.0425,0,0,0,0,0,0,1.1698,139.27,34.52,173.79,8499.28,7685.89,0,0.0,0.274,0,0
2026-09-09T15:35:52.635033+00:00,benign_iot_idle_v1,benign_iot_idle_v1__run_001,benign,,1,1,0.0,0.3653,0.6801,663.76,1180.02,0.5402,9,16,3.1362,4.719,6.2019,4.1281,18.5863,0,0,0,0,0,0,0.5346,73.75,0.0,73.75,9272.34,6824.4,0,0.0,1.2725,0,0
2026-09-09T15:35:57.635033+00:00,benign_iot_idle_v1,benign_iot_idle_v1__run_001,benign,,0,0,0.0,0.3973,0.5771,0.0,0.0,0.5055,0,0,3.0023,8.2297,4.0911,2.7947,12.4752,0,0,0,0,0,0,1.1065,102.16,0.0,102.16,8604.83,8976.96,0,0.0037,0.7492,0,0
2026-09-09T15:36:02.635033+00:00,benign_iot_idle_v1,benign_iot_idle_v1__run_001,benign,,0,0,0.0,0.4233,0.5767,0.0,0.0,0.4823,0,0,5.3116,9.8309,3.0768,1.4071,7.2981,0,0,0,0,0,0,1.3316,64.64,0.0,64.64,7694.5,7124.99,0,0.0371,1.2813,0,0
2026-09-09T15:36:07.635033+00:00,benign_iot_idle_v1,benign_iot_idle_v1__run_001,benign,,2,2,1.0,0.4,0.5595,820.08,984.1,0.4664,10,12,5.0223,9.1443,3.3389,1.6148,8.1834,0,1,0,0,0,0,0.7976,82.01,3.79,85.8,9237.9,6336.3,0,0.1231,1.1097,0,0
2026-09-09T15:36:12.635033+00:00,benign_iot_idle_v1,benign_iot_idle_v1__run_001,benign,,1,1,0.0,0.3813,0.5979,701.7,902.18,0.4627,7,9,5.0125,6.3562,3.8102,2.6705,11.8217,0,0,0,0,0,0,0.7209,100.24,0.0,100.24,8008.41,7966.57,0,0.037,1.5326,0,0
2026-09-09T15:36:17.635033+00:00,benign_iot_idle_v1,benign_iot_idle_v1__run_001,benign,,0,0,0.0,0.368,0.6496,0.0,0.0,0.473,0,0,5.7846,9.7767,4.918,2.7703,13.229,0,0,0,0,0,0,0.9165,52.73,0.0,52.73,7832.92,6593.03,0,0.0115,1.2827,0,0
2026-09-09T15:36:22.635033+00:00,benign_iot_idle_v1,benign_iot_idle_v1__run_001,benign,,1,1,0.0,0.4039,0.5707,1264.98,1264.98,0.4873,10,10,6.5489,8.3987,5.7468,1.5607,10.4289,0,0,0,0,0,0,0.9901,126.5,0.0,126.5,9188.09,8353.86,0,0.0371,1.0637,0,0
2026-09-09T15:36:27.635033+00:00,benign_iot_idle_v1,benign_iot_idle_v1__run_001,benign,,0,0,0.0,0.4139,0.5521,0.0,0.0,0.5209,0,0,6.0677,12.9219,5.7132,2.7176,13.866,0,0,0,0,0,0,0.4552,58.81,0.0,58.81,8567.79,6134.88,0,0.0046,1.1014,0,0
2026-09-09T15:36:32.635033+00:00,benign_iot_idle_v1,benign_iot_idle_v1__run_001,benign,,0,0,0.0,0.4268,0.5484,0.0,0.0,0.4993,0,0,4.0493,11.9369,3.9558,1.6441,8.8881,0,0,0,0,0,0,0.9057,54.24,0.0,54.24,11133.63,8915.83,0,0.0628,0.4331,0,0
2026-09-09T15:36:37.635033+00:00,benign_iot_idle_v1,benign_iot_idle_v1__run_001,benign,,2,2,1.0,0.4085,0.5947,672.85,1143.85,0.4578,10,17,6.1302,8.6817,3.8648,1.779,9.2018,0,1,0,0,0,0,0.5611,67.29,14.9,82.19,8556.59,7147.9,0,0.0865,1.6104,0,0
2026-09-09T15:36:42.635033+00:00,benign_iot_idle_v1,benign_iot_idle_v1__run_001,benign,,0,0,0.0,0.386,0.5763,0.0,0.0,0.4605,0,0,6.6399,17.9586,5.5266,1.4364,9.8359,0,0,0,0,0,0,1.4705,105.76,0.0,105.76,8384.54,8559.39,0,0.0005,0.7977,0,0
2026-09-09T15:36:47.635033+00:00,benign_iot_idle_v1,benign_iot_idle_v1__run_001,benign,,0,0,0.0,0.4889,0.5123,0.0,0.0,0.5068,0,0,2.8404,4.1341,3.7336,1.8372,9.2451,0,0,0,0,0,0,0.9195,110.28,0.0,110.28,8408.37,7361.59,0,0.0,0.9978,0,0
2026-09-09T15:36:52.635033+00:00,benign_iot_idle_v1,benign_iot_idle_v1__run_001,benign,,2,2,1.0,0.355,0.6234,537.91,537.91,0.459,8,8,4.5303,12.6179,3.495,1.5926,8.2727,0,1,0,0,0,0,0.9306,67.24,0.55,67.79,8229.5,8556.32,0,0.0359,0.8758,0,0
2026-09-09T15:36:57.635033+00:00,benign_iot_idle_v1,benign_iot_idle_v1__run_001,benign,,0,0,0.0,0.4097,0.5847,0.0,0.0,0.4851,0,0,3.5245,5.9651,3.4485,2.5248,11.0228,0,0,0,0,0,0,0.9922,68.35,0.0,68.35,8330.76,7919.85,0,0.0617,0.836,0,0
2026-09-09T15:37:02.635033+00:00,benign_iot_idle_v1,benign_iot_idle_v1__run_001,benign,,0,0,0.0,0.43,0.5203,0.0,0.0,0.4123,0,0,5.7953,16.5134,6.9261,3.2781,16.7603,0,0,0,0,0,0,1.1349,132.48,0.0,132.48,6445.93,7011.87,0,0.0,0.5501,0,0
2026-09-09T15:37:07.635033+00:00,benign_iot_idle_v1,benign_iot_idle_v1__run_001,benign,,1,1,0.0,0.4373,0.572,389.81,433.13,0.4145,9,10,6.2384,14.2193,6.5142,4.3118,19.4494,0,0,0,0,0,0,0.8705,43.31,0.0,43.31,7446.06,10430.61,0,0.0394,1.0751,0,0
2026-09-09T15:37:12.635033+00:00,benign_iot_idle_v1,benign_iot_idle_v1__run_001,benign,,0,0,0.0,0.4254,0.5662,0.0,0.0,0.5263,0,0,8.4254,21.9693,7.109,2.7128,15.2475,0,0,0,0,0,0,1.4015,59.78,0.0,59.78,8152.54,7496.66,0,0.0,0.618,0,0
2026-09-09T15:37:17.635033+00:00,benign_iot_idle_v1,benign_iot_idle_v1__run_001,benign,,2,2,1.0,0.4093,0.5697,274.8,274.8,0.5049,4,4,3.5265,5.9456,4.258,1.812,9.6939,0,1,0,0,0,0,0.8701,68.7,3.18,71.88,8828.77,7528.6,0,0.0251,1.7468,0,0
2026-09-09T15:37:22.635033+00:00,benign_iot_idle_v1,benign_iot_idle_v1__run_001,benign,,0,0,0.0,0.4213,0.5821,0.0,0.0,0.473,0,0,8.7643,13.3828,7.209,4.7262,21.3876,0,0,0,0,0,0,0.8117,94.72,0.0,94.72,10394.84,6241.63,0,0.0,0.9713,0,0
2026-09-09T15:37:27.635033+00:00,benign_iot_idle_v1,benign_iot_idle_v1__run_001,benign,,4,3,1.585,0.3766,0.6354,553.28,484.12,0.4613,8,7,4.6678,11.8874,3.6415,0.9667,6.5416,0,1,0,0,0,0,1.1001,69.16,17.0,92.56,10132.34,7090.77,0,0.0622,0.6253,0,0
2026-09-09T15:37:32.635033+00:00,benign_iot_idle_v1,benign_iot_idle_v1__run_001,benign,,0,0,0.0,0.392,0.6536,0.0,0.0,0.4515,0,0,5.7808,14.3047,5.2982,3.1445,14.7316,0,0,0,0,0,0,0.94,69.12,0.0,69.12,7364.34,9673.0,0,0.0343,1.2901,0,0
2026-09-09T15:37:37.635033+00:00,benign_iot_idle_v1,benign_iot_idle_v1__run_001,benign,,3,3,1.585,0.4107,0.5765,2084.41,1588.12,0.5139,21,16,4.7082,5.9548,3.4954,2.4602,10.8762,0,1,0,0,0,0,1.2681,99.26,17.42,120.77,8694.61,8158.82,0,0.067,1.6754,0,0
2026-09-09T15:37:42.635033+00:00,benign_iot_idle_v1,benign_iot_idle_v1__run_001,benign,,2,2,1.0,0.4353,0.5916,1150.67,863.0,0.5428,16,12,6.6621,12.2589,5.6464,2.1877,12.2094,0,0,0,0,0,0,1.2372,71.92,27.35,99.27,10342.81,7371.57,0,0.0624,0.0,0,0
2026-09-09T15:37:47.635033+00:00,benign_iot_idle_v1,benign_iot_idle_v1__run_001,benign,,0,0,0.0,0.3909,0.6319,0.0,0.0,0.4967,0,0,9.9165,14.2279,8.5562,5.7062,25.6749,0,0,0,0,0,0,1.19,112.53,0.0,112.53,7717.64,7636.2,0,0.0,1.4414,0,0
2026-09-09T15:37:52.635033+00:00,benign_iot_idle_v1,benign_iot_idle_v1__run_001,benign,,1,1,0.0,0.4858,0.5063,596.29,372.68,0.5143,8,5,12.6748,24.1531,8.9032,4.8227,23.3712,0,0,0,0,0,0,1.5191,74.54,0.0,74.54,7860.91,9546.08,0,0.0,1.1527,0,0
2026-09-09T15:37:57.635033+00:00,benign_iot_idle_v1,benign_iot_idle_v1__run_001,benign,,1,1,0.0,0.391,0.6313,512.91,427.42,0.4925,6,5,3.3958,6.2463,4.5423,2.6306,12.4341,0,0,0,0,0,0,1.1066,85.48,0.0,85.48,9712.86,7643.06,0,0.0021,0.4747,0,0
2026-09-09T15:38:02.635033+00:00,benign_iot_idle_v1,benign_iot_idle_v1__run_001,benign,,1,1,0.0,0.4102,0.5919,217.49,217.49,0.4942,4,4,3.3255,5.0472,3.7695,2.4613,11.1535,0,0,0,0,0,0,0.8408,54.37,0.0,54.37,9048.06,7285.0,0,0.014,0.5773,0,0
2026-09-09T15:38:07.635033+00:00,benign_iot_idle_v1,benign_iot_idle_v1__run_001,benign,,0,0,0.0,0.3897,0.6248,0.0,0.0,0.5801,0,0,7.6261,9.5624,5.5279,3.7509,16.7807,0,0,0,0,0,0,0.604,66.1,0.0,66.1,7840.67,8305.75,0,0.0,1.9932,0,0
2026-09-09T15:38:12.635033+00:00,benign_iot_idle_v1,benign_iot_idle_v1__run_001,benign,,1,1,0.0,0.3843,0.6117,539.33,359.55,0.5234,6,4,4.4085,8.365,3.8024,2.6504,11.7535,0,0,0,0,0,0,1.2282,89.89,0.0,89.89,8114.76,8639.85,0,0.0104,1.1279,0,0
2026-09-09T15:38:17.635033+00:00,benign_iot_idle_v1,benign_iot_idle_v1__run_001,benign,,2,2,1.0,0.3842,0.6029,744.84,744.84,0.5837,8,8,5.8717,14.0491,4.0909,2.3419,11.1166,0,0,0,0,0,0,0.8983,93.11,40.24,133.35,9210.56,7865.62,0,0.0213,1.434,0,0
2026-09-09T15:38:22.635033+00:00,benign_iot_idle_v1,benign_iot_idle_v1__run_001,benign,,0,0,0.0,0.3515,0.6527,0.0,0.0,0.5429,0,0,12.2388,31.304,7.1148,3.3254,17.091,0,0,0,0,0,0,0.9154,97.05,0.0,97.05,9533.6,6555.33,0,0.0,0.9932,0,0
2026-09-09T15:38:27.635033+00:00,benign_iot_idle_v1,benign_iot_idle_v1__run_001,benign,,0,0,0.0,0.3783,0.6647,0.0,0.0,0.5858,0,0,6.4793,17.5819,6.699,4.8351,21.2044,0,0,0,0,0,0,1.4683,109.69,0.0,109.69,9702.48,9350.98,0,0.0,0.6636,0,0
2026-09-09T15:38:32.635033+00:00,benign_iot_idle_v1,benign_iot_idle_v1__run_001,benign,,2,2,1.0,0.4121,0.6251,789.86,1382.26,0.5607,12,21,5.3966,14.5777,5.2826,2.0507,11.4348,0,0,0,0,0,0,0.562,65.82,1.1,66.92,6263.46,9424.56,0,0.0494,1.775,0,0
2026-09-09T15:38:37.635033+00:00,benign_iot_idle_v1,benign_iot_idle_v1__run_001,benign,,1,1,0.0,0.332,0.6648,575.09,766.79,0.5338,6,8,5.4249,8.1576,5.1205,1.4196,9.3792,0,0,0,0,0,0,0.6769,95.85,0.0,95.85,8222.22,8956.64,0,0.0276,0.72,0,0
2026-09-09T15:38:42.635033+00:00,benign_iot_idle_v1,benign_iot_idle_v1__run_001,benign,,4,3,1.585,0.3934,0.6024,2467.21,3084.01,0.5142,28,35,5.1389,13.6488,3.4121,2.0748,9.6366,0,1,0,0,0,0,0.7862,88.11,26.02,120.92,9815.87,8032.28,0,0.0177,1.165,0,0
2026-09-09T15:38:47.635033+00:00,benign_iot_idle_v1,benign_iot_idle_v1__run_001,benign,,1,1,0.0,0.3733,0.5946,267.26,133.63,0.5404,4,2,2.3488,3.646,3.9583,2.4617,11.3435,0,0,0,0,0,0,1.3823,66.82,0.0,66.82,7167.64,8045.61,0,0.0491,0.0,0,0
2026-09-09T15:38:52.635033+00:00,benign_iot_idle_v1,benign_iot_idle_v1__run_001,benign,,2,2,1.0,0.4027,0.5965,1403.28,1013.48,0.4987,18,13,5.4291,7.6696,5.7247,2.0653,11.9205,0,1,0,0,0,0,1.3394,77.96,4.29,82.25,9094.17,8307.51,0,0.0651,1.4533,0,0
2026-09-09T15:38:57.635033+00:00,benign_iot_idle_v1,benign_iot_idle_v1__run_001,benign,,0,0,0.0,0.4003,0.6116,0.0,0.0,0.4286,0,0,5.3328,15.6697,4.6569,2.9152,13.4024,0,0,0,0,0,0,1.0179,75.45,0.0,75.45,7368.56,8225.97,0,0.0,0.9948,0,0
2026-09-09T15:39:02.635033+00:00,benign_iot_idle_v1,benign_iot_idle_v1__run_001,benign,,0,0,0.0,0.3387,0.6427,0.0,0.0,0.4581,0,0,2.5904,6.7239,3.9738,2.3302,10.9644,0,0,0,0,0,0,1.2066,116.03,0.0,116.03,7412.84,6126.4,0,0.0092,1.4644,0,0
2026-09-09T15:39:07.635033+00:00,benign_iot_idle_v1,benign_iot_idle_v1__run_001,benign,,1,1,0.0,0.3357,0.6622,402.27,351.98,0.5483,8,7,6.2892,13.0423,8.0428,4.0959,20.3303,0,0,0,0,0,0,1.0831,50.28,0.0,50.28,7450.71,8104.55,0,0.0,0.2979,0,0
2026-09-09T15:39:12.635033+00:00,benign_iot_idle_v1,benign_iot_idle_v1__run_001,benign,,1,1,0.0,0.4027,0.6185,834.55,2086.37,0.6184,8,20,4.2996,9.1606,3.8334,1.1834,7.3834,0,0,0,0,0,0,0.399,104.32,0.0,104.32,6906.03,8334.59,0,0.0,1.3372,0,0
2026-09-09T15:39:17.635033+00:00,benign_iot_idle_v1,benign_iot_idle_v1__run_001,benign,,0,0,0.0,0.4427,0.5521,0.0,0.0,0.5003,0,0,2.2695,4.7493,3.6484,1.7693,8.9564,0,0,0,0,0,0,1.1088,76.84,0.0,76.84,9950.18,9065.35,0,0.0,0.6706,0,0
2026-09-09T15:39:22.635033+00:00,benign_iot_idle_v1,benign_iot_idle_v1__run_001,benign,,3,3,1.585,0.3856,0.5692,1104.12,1104.12,0.4759,9,9,4.9923,7.8298,3.6567,1.1377,7.0697,0,1,0,0,0,0,0.9559,122.68,51.2,192.34,7343.64,7468.96,0,0.0569,1.0966,0,0
2026-09-09T15:39:27.635033+00:00,benign_iot_idle_v1,benign_iot_idle_v1__run_001,benign,,0,0,0.0,0.3458,0.6856,0.0,0.0,0.4635,0,0,8.8488,17.6113,6.9886,3.1171,16.3401,0,0,0,0,0,0,1.09,81.31,0.0,81.31,9414.62,7678.71,0,0.0101,1.3223,0,0
2026-09-09T15:39:32.635033+00:00,benign_iot_idle_v1,benign_iot_idle_v1__run_001,benign,,1,1,0.0,0.3782,0.6432,386.85,3030.34,0.5965,6,47,3.5738,4.8003,5.0972,3.5814,15.8416,0,0,0,0,0,0,0.1273,64.48,0.0,64.48,8757.38,7106.11,0,0.034,1.3372,0,0
2026-09-09T15:39:37.635033+00:00,benign_iot_idle_v1,benign_iot_idle_v1__run_001,benign,,2,2,1.0,0.3999,0.6069,1337.41,1188.81,0.5524,18,16,3.1369,4.7475,4.3319,3.2486,14.0776,0,1,0,0,0,0,1.0615,74.3,31.14,105.44,9655.19,8117.05,0,0.0262,0.9367,0,0
2026-09-09T15:39:42.635033+00:00,benign_iot_idle_v1,benign_iot_idle_v1__run_001,benign,,2,2,1.0,0.4242,0.5812,1071.52,765.37,0.352,14,10,4.5631,11.9001,2.9822,1.1366,6.392,0,0,0,0,0,0,1.3094,76.54,15.14,91.68,7663.32,7892.74,0,0.0548,1.4652,0,0
2026-09-09T15:39:47.635033+00:00,benign_iot_idle_v1,benign_iot_idle_v1__run_001,benign,,3,3,1.585,0.3943,0.6044,2610.91,1740.6,0.4197,21,14,4.1413,9.8414,4.5282,2.4501,11.8784,0,1,0,0,0,0,1.4047,124.33,44.47,186.81,8714.9,5326.86,0,0.0666,1.4242,0,0
2026-09-09T15:39:52.635033+00:00,benign_iot_idle_v1,benign_iot_idle_v1__run_001,benign,,1,1,0.0,0.3515,0.6669,498.91,498.91,0.5448,4,4,9.0214,16.9991,9.1226,6.1049,27.4372,0,0,0,0,0,0,0.9535,124.73,0.0,124.73,7303.53,7834.67,0,0.0138,2.0501,0,0
2026-09-09T15:39:57.635033+00:00,benign_iot_idle_v1,benign_iot_idle_v1__run_001,benign,,1,1,0.0,0.3986,0.6032,137.47,68.74,0.4677,4,2,2.5559,3.7363,4.7171,1.8544,10.2804,0,0,0,0,0,0,1.4816,34.37,0.0,34.37,7514.66,8091.19,0,0.0193,1.1681,0,0
2026-09-09T15:40:02.635033+00:00,benign_iot_idle_v1,benign_iot_idle_v1__run_001,benign,,1,1,0.0,0.4124,0.5917,369.59,369.59,0.5323,4,4,4.7463,13.1334,3.5256,1.7537,8.7866,0,0,0,0,0,0,0.9089,92.4,0.0,92.4,8048.45,7679.55,0,0.0404,1.0291,0,0
2026-09-09T15:40:07.635033+00:00,benign_iot_idle_v1,benign_iot_idle_v1__run_001,benign,,0,0,0.0,0.4184,0.5939,0.0,0.0,0.4909,0,0,10.4085,17.8742,10.2061,5.9066,27.9257,0,0,0,0,0,0,0.7239,61.77,0.0,61.77,6421.48,8415.23,0,0.0,1.0441,0,0
2026-09-09T15:40:12.635033+00:00,benign_iot_idle_v1,benign_iot_idle_v1__run_001,benign,,0,0,0.0,0.401,0.6334,0.0,0.0,0.521,0,0,3.4655,10.2157,3.4743,1.8933,9.1542,0,0,0,0,0,0,1.2638,69.2,0.0,69.2,7408.68,7337.65,0,0.0208,0.5149,0,0
2026-09-09T15:40:17.635033+00:00,benign_iot_idle_v1,benign_iot_idle_v1__run_001,benign,,0,0,0.0,0.4221,0.5798,0.0,0.0,0.5515,0,0,5.4833,8.5733,8.5218,4.1866,21.0817,0,0,0,0,0,0,1.3891,85.05,0.0,85.05,8083.66,9345.95,0,0.0081,1.2067,0,0
2026-09-09T15:40:22.635033+00:00,benign_iot_idle_v1,benign_iot_idle_v1__run_001,benign,,0,0,0.0,0.4016,0.5719,0.0,0.0,0.4936,0,0,2.0288,3.3688,3.7321,2.4027,10.9402,0,0,0,0,0,0,1.5425,86.37,0.0,86.37,9117.04,5876.38,0,0.0,0.7762,0,0
2026-09-09T15:40:27.635033+00:00,benign_iot_idle_v1,benign_iot_idle_v1__run_001,benign,,2,2,1.0,0.338,0.6553,2977.47,2977.47,0.6253,28,28,4.4869,10.716,3.0441,0.9071,5.7654,0,0,0,0,0,0,0.9658,106.34,2.78,109.12,7276.38,8032.04,0,0.0558,1.2078,0,0
2026-09-09T15:40:32.635033+00:00,benign_iot_idle_v1,benign_iot_idle_v1__run_001,benign,,0,0,0.0,0.4425,0.552,0.0,0.0,0.5809,0,0,5.9239,14.5084,7.2181,4.7609,21.5007,0,0,0,0,0,0,0.8075,114.32,0.0,114.32,8558.37,8939.17,0,0.022,1.7465,0,0
2026-09-09T15:40:37.635033+00:00,benign_iot_idle_v1,benign_iot_idle_v1__run_001,benign,,1,1,0.0,0.4036,0.5851,555.21,555.21,0.4789,6,6,3.5749,7.9826,3.7234,2.6898,11.7929,0,0,0,0,0,0,0.9288,92.54,0.0,92.54,9928.09,7630.52,0,0.0746,0.7171,0,0
2026-09-09T15:40:42.635033+00:00,benign_iot_idle_v1,benign_iot_idle_v1__run_001,benign,,1,1,0.0,0.3784,0.6448,240.78,120.39,0.4302,4,2,7.1549,9.4295,9.341,6.0841,27.5933,0,0,0,0,0,0,1.3979,60.19,0.0,60.19,9347.6,7769.95,0,0.0,1.091,0,0
2026-09-09T15:40:47.635033+00:00,benign_iot_idle_v1,benign_iot_idle_v1__run_001,benign,,2,2,1.0,0.4078,0.6174,1866.27,2682.76,0.5185,16,23,5.4641,7.8084,3.5702,1.1963,7.1592,0,0,0,0,0,0,0.6954,116.64,49.57,166.22,8587.92,6492.92,0,0.0071,1.0518,0,0
2026-09-09T15:40:52.635033+00:00,benign_iot_idle_v1,benign_iot_idle_v1__run_001,benign,,2,2,1.0,0.4152,0.5688,1913.88,2009.57,0.4114,20,21,2.4414,6.4543,3.4037,1.8537,8.9648,0,0,0,0,0,0,0.9302,95.69,27.99,123.69,7899.04,8298.2,0,0.0328,1.3829,0,0
2026-09-09T15:40:57.635033+00:00,benign_iot_idle_v1,benign_iot_idle_v1__run_001,benign,,1,1,0.0,0.3751,0.615,222.56,148.37,0.5075,3,2,8.829,14.8804,6.1766,1.8902,11.8473,0,0,0,0,0,0,1.0811,74.19,0.0,74.19,7719.92,6750.27,0,0.0322,1.1782,0,0
2026-09-09T15:41:02.635033+00:00,benign_iot_idle_v1,benign_iot_idle_v1__run_001,benign,,1,1,0.0,0.3947,0.6284,418.31,464.79,0.5459,9,10,3.5227,5.4253,6.6904,2.6586,14.6662,0,0,0,0,0,0,0.8328,46.48,0.0,46.48,7191.17,8868.32,0,0.0405,1.6171,0,0
2026-09-09T15:41:07.635033+00:00,benign_iot_idle_v1,benign_iot_idle_v1__run_001,benign,,1,1,0.0,0.3436,0.6319,875.28,972.53,0.4793,9,10,7.504,12.8528,10.6199,3.5793,21.3579,0,0,0,0,0,0,0.8316,97.25,0.0,97.25,7609.42,8898.47,0,0.0353,0.7843,0,0
2026-09-09T15:41:12.635033+00:00,benign_iot_idle_v1,benign_iot_idle_v1__run_001,benign,,0,0,0.0,0.4187,0.6065,0.0,0.0,0.5135,0,0,5.7657,7.1164,3.8983,2.3069,10.8192,0,0,0,0,0,0,0.6715,73.26,0.0,73.26,7124.1,7377.94,0,0.0065,0.9293,0,0
2026-09-09T15:41:17.635033+00:00,benign_iot_idle_v1,benign_iot_idle_v1__run_001,benign,,1,1,0.0,0.3786,0.626,337.68,405.21,0.3603,5,6,1.9427,3.3879,3.7501,0.9686,6.6559,0,0,0,0,0,0,0.7994,67.54,0.0,67.54,9717.25,7886.26,0,0.0,1.4896,0,0
2026-09-09T15:41:22.635033+00:00,benign_iot_idle_v1,benign_iot_idle_v1__run_001,benign,,0,0,0.0,0.3844,0.6364,0.0,0.0,0.5088,0,0,4.3723,9.441,4.625,2.1896,11.1937,0,0,0,0,0,0,1.1849,56.44,0.0,56.44,8635.01,7468.65,0,0.0,0.9307,0,0
2026-09-09T15:41:27.635033+00:00,benign_iot_idle_v1,benign_iot_idle_v1__run_001,benign,,0,0,0.0,0.4202,0.5902,0.0,0.0,0.5962,0,0,5.6117,8.5629,6.8912,2.16,13.371,0,0,0,0,0,0,0.6214,111.42,0.0,111.42,9386.11,8100.36,0,0.0127,1.3832,0,0
2026-09-09T15:41:32.635033+00:00,benign_iot_idle_v1,benign_iot_idle_v1__run_001,benign,,5,3,1.585,0.3898,0.6406,1701.75,1588.3,0.5201,15,14,3.4746,6.978,5.1121,3.7886,16.4779,0,2,0,0,0,0,1.0138,113.45,14.12,125.05,7042.22,7679.86,0,0.0846,2.329,0,0
2026-09-09T15:41:37.635033+00:00,benign_iot_idle_v1,benign_iot_idle_v1__run_001,benign,,2,2,1.0,0.3592,0.6816,1036.34,888.29,0.5117,14,12,5.6996,13.9378,4.8585,2.9255,13.6349,0,0,0,0,0,0,1.1448,74.02,15.64,89.66,8448.16,9307.06,0,0.059,0.8552,0,0
2026-09-09T15:41:42.635033+00:00,benign_iot_idle_v1,benign_iot_idle_v1__run_001,benign,,1,1,0.0,0.392,0.6011,1363.62,1818.16,0.5457,9,12,4.3694,12.0608,7.8193,4.4189,21.0761,0,0,0,0,0,0,0.7484,151.51,0.0,151.51,8223.63,8267.56,0,0.0474,0.0,0,0
2026-09-09T15:41:47.635033+00:00,benign_iot_idle_v1,benign_iot_idle_v1__run_001,benign,,1,1,0.0,0.3755,0.6084,416.99,333.59,0.4889,5,4,10.664,21.1337,8.6692,5.4395,24.9878,0,0,0,0,0,0,1.0586,83.4,0.0,83.4,9842.63,7717.7,0,0.0352,1.0557,0,0
2026-09-09T15:41:52.635033+00:00,benign_iot_idle_v1,benign_iot_idle_v1__run_001,benign,,0,0,0.0,0.4119,0.5695,0.0,0.0,0.4866,0,0,2.3862,4.8677,4.2182,2.0292,10.3058,0,0,0,0,0,0,1.4578,107.81,0.0,107.81,9906.72,7886.29,0,0.0172,1.475,0,0
2026-09-09T15:41:57.635033+00:00,benign_iot_idle_v1,benign_iot_idle_v1__run_001,benign,,2,2,1.0,0.3849,0.6215,493.94,395.15,0.4722,10,8,5.1435,7.9186,4.0749,1.4434,8.4049,0,0,0,0,0,0,1.2235,49.39,4.37,53.77,10104.13,7966.83,0,0.0486,1.7116,0,0
2026-09-09T15:42:02.635033+00:00,benign_iot_idle_v1,benign_iot_idle_v1__run_001,benign,,3,3,1.585,0.4214,0.5545,1330.04,2660.09,0.5093,12,24,3.4332,9.5797,3.3085,1.2044,6.9218,0,1,0,0,0,0,0.4958,110.84,25.92,146.75,7575.5,7371.09,0,0.052,0.616,0,0
2026-09-09T15:42:07.635033+00:00,benign_iot_idle_v1,benign_iot_idle_v1__run_001,benign,,1,1,0.0,0.385,0.6092,524.47,374.62,0.3864,7,5,3.8124,5.3019,5.4768,3.6968,16.5673,0,0,0,0,0,0,1.3741,74.92,0.0,74.92,8676.85,7352.67,0,0.0,0.9707,0,0
2026-09-09T15:42:12.635033+00:00,benign_iot_idle_v1,benign_iot_idle_v1__run_001,benign,,2,2,1.0,0.4047,0.6312,1484.65,1378.6,0.5038,14,13,4.7764,9.7974,3.5658,1.2211,7.2291,0,0,0,0,0,0,1.0204,106.05,3.76,109.8,7741.99,8236.66,0,0.0216,0.6789,0,0
2026-09-09T15:42:17.635033+00:00,benign_iot_idle_v1,benign_iot_idle_v1__run_001,benign,,1,1,0.0,0.4477,0.5278,845.91,740.17,0.511,8,7,2.0055,2.7555,3.8394,0.9734,6.7595,0,0,0,0,0,0,1.0663,105.74,0.0,105.74,9510.44,7527.37,0,0.0,0.4902,0,0
2026-09-09T15:42:22.635033+00:00,benign_iot_idle_v1,benign_iot_idle_v1__run_001,benign,,1,1,0.0,0.4089,0.5993,396.94,496.18,0.4608,4,5,10.1758,27.4175,7.3206,5.281,23.1635,0,0,0,0,0,0,0.7884,99.24,0.0,99.24,8412.11,8436.98,0,0.0,1.4157,0,0
2026-09-09T15:42:27.635033+00:00,benign_iot_idle_v1,benign_iot_idle_v1__run_001,benign,,0,0,0.0,0.3704,0.6358,0.0,0.0,0.4356,0,0,4.6538,7.2266,6.2694,2.9168,15.0198,0,0,0,0,0,0,1.7255,34.48,0.0,34.48,7844.92,7732.81,0,0.0548,1.5595,0,0
2026-09-09T15:42:32.635033+00:00,benign_iot_idle_v1,benign_iot_idle_v1__run_001,benign,,0,0,0.0,0.3603,0.6168,0.0,0.0,0.5243,0,0,4.6469,11.7975,9.3832,3.2433,19.1129,0,0,0,0,0,0,1.3434,73.9,0.0,73.9,7282.88,9055.21,0,0.0,2.2886,0,0
2026-09-09T15:42:37.635033+00:00,benign_iot_idle_v1,benign_iot_idle_v1__run_001,benign,,0,0,0.0,0.4237,0.5866,0.0,0.0,0.4709,0,0,10.2141,16.1989,9.2659,3.0564,18.4352,0,0,0,0,0,0,1.0248,59.7,0.0,59.7,7787.06,9294.66,0,0.0,1.3206,0,0
2026-09-09T15:42:42.635033+00:00,benign_iot_idle_v1,benign_iot_idle_v1__run_001,benign,,0,0,0.0,0.4469,0.5594,0.0,0.0,0.4625,0,0,6.903,15.3286,4.7515,2.2906,11.6234,0,0,0,0,0,0,1.3859,59.71,0.0,59.71,7591.3,7442.61,0,0.0372,0.6888,0,0
2026-09-09T15:42:47.635033+00:00,benign_iot_idle_v1,benign_iot_idle_v1__run_001,benign,,0,0,0.0,0.3873,0.5807,0.0,0.0,0.6085,0,0,4.6294,12.7387,5.8314,3.7161,16.9798,0,0,0,0,0,0,1.3003,41.21,0.0,41.21,7475.16,7673.76,0,0.0,1.3694,0,0
2026-09-09T15:42:52.635033+00:00,benign_iot_idle_v1,benign_iot_idle_v1__run_001,benign,,1,1,0.0,0.404,0.6075,527.96,603.39,0.5875,7,8,4.4119,10.9491,9.7508,4.348,22.7947,0,0,0,0,0,0,0.827,75.42,0.0,75.42,8326.36,8866.49,0,0.0,0.8909,0,0
2026-09-09T15:42:57.635033+00:00,benign_iot_idle_v1,benign_iot_idle_v1__run_001,benign,,2,2,1.0,0.4272,0.5943,1444.6,1083.45,0.4629,16,12,5.2844,8.9138,4.0075,1.8067,9.4277,0,1,0,0,0,0,1.2486,90.29,2.62,92.91,9722.75,6152.06,0,0.0968,1.1122,0,0
2026-09-09T15:43:02.635033+00:00,benign_iot_idle_v1,benign_iot_idle_v1__run_001,benign,,1,1,0.0,0.3697,0.6252,284.11,284.11,0.4838,4,4,8.52,22.6968,8.0222,5.1638,23.5136,0,0,0,0,0,0,0.8822,71.03,0.0,71.03,7406.25,8316.28,0,0.007,1.7864,0,0
2026-09-09T15:43:07.635033+00:00,benign_iot_idle_v1,benign_iot_idle_v1__run_001,benign,,1,1,0.0,0.359,0.6493,817.93,636.17,0.5753,9,7,6.4939,8.9413,8.1301,4.5165,21.6797,0,0,0,0,0,0,1.1682,90.88,0.0,90.88,7620.92,8913.49,0,0.0,1.5307,0,0
2026-09-09T15:43:12.635033+00:00,benign_iot_idle_v1,benign_iot_idle_v1__run_001,benign,,3,3,1.585,0.4477,0.544,1394.19,1704.01,0.4901,18,22,2.9885,3.8371,3.9402,2.6321,11.8365,0,1,0,0,0,0,0.7985,77.45,12.53,92.4,8729.52,8371.79,0,0.0434,1.479,0,0
2026-09-09T15:43:17.635033+00:00,benign_iot_idle_v1,benign_iot_idle_v1__run_001,benign,,1,1,0.0,0.4444,0.5367,717.75,922.82,0.5374,7,9,4.4651,12.9453,5.1409,1.971,11.0539,0,0,0,0,0,0,0.707,102.54,0.0,102.54,8720.6,8046.0,0,0.0406,0.4988,0,0
2026-09-09T15:43:22.635033+00:00,benign_iot_idle_v1,benign_iot_idle_v1__run_001,benign,,2,2,1.0,0.3667,0.646,667.35,667.35,0.4848,6,6,3.0353,5.9148,4.3157,1.5456,8.9525,0,0,0,0,0,0,0.8794,111.22,16.17,127.4,6922.8,8430.3,0,0.0158,1.2542,0,0
2026-09-09T15:43:27.635033+00:00,benign_iot_idle_v1,benign_iot_idle_v1__run_001,benign,,0,0,0.0,0.4058,0.5675,0.0,0.0,0.4998,0,0,8.0503,20.7238,5.1687,3.7525,16.4262,0,0,0,0,0,0,1.3156,145.67,0.0,145.67,6553.15,7861.4,0,0.0,0.4589,0,0
2026-09-09T15:43:32.635033+00:00,benign_iot_idle_v1,benign_iot_idle_v1__run_001,benign,,1,1,0.0,0.4097,0.6023,479.18,479.18,0.3987,4,4,11.2091,22.7557,6.7181,2.0993,13.0159,0,0,0,0,0,0,0.9405,119.79,0.0,119.79,7742.63,8370.22,0,0.01,1.8905,0,0
2026-09-09T15:43:37.635033+00:00,benign_iot_idle_v1,benign_iot_idle_v1__run_001,benign,,2,2,1.0,0.4105,0.5896,861.99,1185.24,0.5648,8,11,7.6616,16.6984,6.4609,2.7687,14.7671,0,0,0,0,0,0,0.6802,107.75,21.94,129.69,8617.05,7520.68,0,0.0086,1.7481,0,0
2026-09-09T15:43:42.635033+00:00,benign_iot_idle_v1,benign_iot_idle_v1__run_001,benign,,1,1,0.0,0.4648,0.551,563.75,563.75,0.5067,5,5,4.4343,8.7453,3.6796,0.9755,6.6061,0,0,0,0,0,0,0.9855,112.75,0.0,112.75,6101.97,7860.1,0,0.0212,1.2421,0,0
2026-09-09T15:43:47.635033+00:00,benign_iot_idle_v1,benign_iot_idle_v1__run_001,benign,,2,2,1.0,0.395,0.632,1425.61,1336.51,0.578,16,15,2.954,8.3997,3.0644,2.1543,9.5272,0,1,0,0,0,0,1.016,89.1,1.4,90.5,7681.93,9916.1,0,0.0599,1.461,0,0
2026-09-09T15:43:52.635033+00:00,benign_iot_idle_v1,benign_iot_idle_v1__run_001,benign,,2,2,1.0,0.465,0.5238,527.88,686.25,0.4191,10,13,5.0894,11.8155,4.0576,2.8476,12.6004,0,1,0,0,0,0,0.7162,52.79,1.26,54.04,7595.04,8673.52,0,0.011,0.3449,0,0
2026-09-09T15:43:57.635033+00:00,benign_iot_idle_v1,benign_iot_idle_v1__run_001,benign,,1,1,0.0,0.4301,0.5967,462.06,330.04,0.4533,7,5,5.7706,9.3835,4.2891,1.6107,9.1213,0,0,0,0,0,0,1.2865,66.01,0.0,66.01,9144.21,8245.83,0,0.057,0.8087,0,0
2026-09-09T15:44:02.635033+00:00,benign_iot_idle_v1,benign_iot_idle_v1__run_001,benign,,1,1,0.0,0.4203,0.5854,399.44,399.44,0.5173,5,5,5.1056,10.6696,4.6251,3.0452,13.7605,0,0,0,0,0,0,0.9717,79.89,0.0,79.89,7242.34,9094.96,0,0.0408,0.9233,0,0
2026-09-09T15:44:07.635033+00:00,benign_iot_idle_v1,benign_iot_idle_v1__run_001,benign,,0,0,0.0,0.3882,0.6069,0.0,0.0,0.4431,0,0,2.0977,4.7015,2.9286,2.1371,9.34,0,0,0,0,0,0,1.2083,67.77,0.0,67.77,8312.18,8122.7,0,0.0,1.6811,0,0
2026-09-09T15:44:12.635033+00:00,benign_iot_idle_v1,benign_iot_idle_v1__run_001,benign,,1,1,0.0,0.3705,0.6579,170.99,170.99,0.5381,3,3,5.9842,15.9322,5.4875,2.4525,12.8451,0,0,0,0,0,0,0.9517,57.0,0.0,57.0,8136.91,8081.75,0,0.0998,0.897,0,0
2026-09-09T15:44:17.635033+00:00,benign_iot_idle_v1,benign_iot_idle_v1__run_001,benign,,2,2,1.0,0.3981,0.5863,1429.38,1819.21,0.6212,22,28,7.1307,11.0692,4.3975,1.7729,9.7161,0,0,0,0,0,0,0.7822,64.97,0.15,65.13,9055.61,8365.52,0,0.1075,0.7724,0,0
2026-09-09T15:44:22.635033+00:00,benign_iot_idle_v1,benign_iot_idle_v1__run_001,benign,,0,0,0.0,0.4083,0.6118,0.0,0.0,0.534,0,0,8.4555,13.7306,6.0086,4.4292,19.2963,0,0,0,0,0,0,0.9719,63.37,0.0,63.37,8226.85,8464.43,0,0.0,1.2851,0,0
2026-09-09T15:44:27.635033+00:00,benign_iot_idle_v1,benign_iot_idle_v1__run_001,benign,,2,2,1.0,0.423,0.563,2934.15,3227.56,0.4269,20,22,5.3953,7.5446,5.8168,3.6331,16.716,0,1,0,0,0,0,0.8942,146.71,35.7,182.4,9205.13,9232.41,0,0.0815,1.8029,0,0
2026-09-09T15:44:32.635033+00:00,benign_iot_idle_v1,benign_iot_idle_v1__run_001,benign,,0,0,0.0,0.4248,0.6233,0.0,0.0,0.4628,0,0,6.5412,16.1859,7.2692,3.8383,18.7843,0,0,0,0,0,0,1.2405,94.24,0.0,94.24,8625.78,10809.42,0,0.0,0.0,0,0
2026-09-09T15:44:37.635033+00:00,benign_iot_idle_v1,benign_iot_idle_v1__run_001,benign,,1,1,0.0,0.4502,0.5645,394.73,296.05,0.5913,4,3,7.1897,18.3382,7.7487,3.045,16.8836,0,0,0,0,0,0,1.2971,98.68,0.0,98.68,7840.04,8835.26,0,0.0,0.5996,0,0
2026-09-09T15:44:42.635033+00:00,benign_iot_idle_v1,benign_iot_idle_v1__run_001,benign,,2,2,1.0,0.3781,0.617,811.17,811.17,0.5374,12,12,2.6526,7.3125,3.2941,1.2735,7.1147,0,0,0,0,0,0,0.9658,67.6,0.91,68.51,8424.31,8281.36,0,0.0,0.765,0,0
2026-09-09T15:44:47.635033+00:00,benign_iot_idle_v1,benign_iot_idle_v1__run_001,benign,,0,0,0.0,0.4089,0.5634,0.0,0.0,0.4724,0,0,5.1257,14.1315,3.6105,2.6887,11.6764,0,0,0,0,0,0,0.7356,106.48,0.0,106.48,7503.11,8154.7,0,0.0337,1.444,0,0
2026-09-09T15:44:52.635033+00:00,benign_iot_idle_v1,benign_iot_idle_v1__run_001,benign,,0,0,0.0,0.3387,0.653,0.0,0.0,0.4918,0,0,2.821,6.3532,3.8086,1.668,8.8127,0,0,0,0,0,0,0.9689,108.96,0.0,108.96,8661.1,7498.7,0,0.0,1.2119,0,0
2026-09-09T15:44:57.635033+00:00,benign_iot_idle_v1,benign_iot_idle_v1__run_001,benign,,0,0,0.0,0.4621,0.5719,0.0,0.0,0.4493,0,0,5.6374,6.8535,4.7124,2.1293,11.1002,0,0,0,0,0,0,1.2905,52.51,0.0,52.51,9977.94,8327.96,0,0.0295,1.4272,0,0
2026-09-09T15:45:02.635033+00:00,benign_iot_idle_v1,benign_iot_idle_v1__run_001,benign,,2,2,1.0,0.3824,0.6004,1022.77,715.94,0.5207,10,7,4.816,14.327,4.4553,3.242,14.1813,0,1,0,0,0,0,1.3821,102.28,7.97,110.25,7216.37,7869.6,0,0.0121,1.2328,0,0
2026-09-09T15:45:07.635033+00:00,benign_iot_idle_v1,benign_iot_idle_v1__run_001,benign,,1,1,0.0,0.4171,0.5649,458.62,458.62,0.5608,7,7,4.559,9.1534,4.6088,1.2713,8.4229,0,0,0,0,0,0,0.9373,65.52,0.0,65.52,8824.06,9063.63,0,0.0528,1.3155,0,0
2026-09-09T15:45:12.635033+00:00,benign_iot_idle_v1,benign_iot_idle_v1__run_001,benign,,2,2,1.0,0.4,0.5796,817.16,817.16,0.562,10,10,6.1717,15.4765,5.7514,2.6646,13.7453,0,0,0,0,0,0,0.9224,81.72,11.55,93.26,8562.8,8376.41,0,0.0369,0.9728,0,0
2026-09-09T15:45:17.635033+00:00,benign_iot_idle_v1,benign_iot_idle_v1__run_001,benign,,0,0,0.0,0.3923,0.5946,0.0,0.0,0.4967,0,0,3.8358,6.7738,3.8712,1.5049,8.3857,0,0,0,0,0,0,0.6127,109.68,0.0,109.68,7784.83,8068.44,0,0.0,0.8498,0,0
2026-09-09T15:45:22.635033+00:00,benign_iot_idle_v1,benign_iot_idle_v1__run_001,benign,,1,1,0.0,0.3981,0.6014,714.64,535.98,0.4829,8,6,9.6125,13.51,5.8547,2.2877,12.7176,0,0,0,0,0,0,1.3324,89.33,0.0,89.33,7573.51,7675.29,0,0.0338,1.0961,0,0
2026-09-09T15:45:27.635033+00:00,benign_iot_idle_v1,benign_iot_idle_v1__run_001,benign,,1,1,0.0,0.3746,0.6298,593.91,989.85,0.4621,6,10,9.1618,26.2558,9.3008,5.2107,24.9329,0,0,0,0,0,0,0.5482,98.99,0.0,98.99,8548.67,8875.7,0,0.0,1.1381,0,0
2026-09-09T15:45:32.635033+00:00,benign_iot_idle_v1,benign_iot_idle_v1__run_001,benign,,0,0,0.0,0.4147,0.5742,0.0,0.0,0.5104,0,0,4.339,11.4666,5.7146,4.0101,17.7451,0,0,0,0,0,0,1.2106,53.87,0.0,53.87,7420.98,8213.9,0,0.0,1.5249,0,0
2026-09-09T15:45:37.635033+00:00,benign_iot_idle_v1,benign_iot_idle_v1__run_001,benign,,0,0,0.0,0.4188,0.5796,0.0,0.0,0.5271,0,0,14.3412,28.8161,10.7397,4.0099,22.7693,0,0,0,0,0,0,0.9469,77.55,0.0,77.55,7428.96,8102.09,0,0.0,1.0578,0,0
2026-09-09T15:45:42.635033+00:00,benign_iot_idle_v1,benign_iot_idle_v1__run_001,benign,,2,2,1.0,0.3217,0.6598,1353.08,1353.08,0.508,18,18,11.6114,32.2953,6.9954,3.6946,18.0792,0,1,0,0,0,0,0.9687,75.17,7.75,82.92,9901.79,10194.06,0,0.011,1.2489,0,0
2026-09-09T15:45:47.635033+00:00,benign_iot_idle_v1,benign_iot_idle_v1__run_001,benign,,2,2,1.0,0.3978,0.6051,1191.28,1786.93,0.5077,10,15,4.1588,9.7539,3.4055,2.2172,10.0571,0,1,0,0,0,0,0.6662,119.13,25.55,144.68,7346.23,7457.94,0,0.0357,1.1476,0,0
2026-09-09T15:45:52.635033+00:00,benign_iot_idle_v1,benign_iot_idle_v1__run_001,benign,,3,3,1.585,0.3694,0.6145,1819.09,2324.4,0.516,18,23,6.0143,15.001,3.622,1.3418,7.6475,0,1,0,0,0,0,0.7791,101.06,28.69,136.48,7048.04,7984.11,0,0.0375,1.276,0,0
2026-09-09T15:45:57.635033+00:00,benign_iot_idle_v1,benign_iot_idle_v1__run_001,benign,,1,1,0.0,0.3584,0.6443,855.88,1100.41,0.5195,7,9,2.9919,3.8309,3.8975,2.1404,10.3186,0,0,0,0,0,0,0.7151,122.27,0.0,122.27,7795.33,7502.65,0,0.0255,1.153,0,0
2026-09-09T15:46:02.635033+00:00,benign_iot_idle_v1,benign_iot_idle_v1__run_001,benign,,0,0,0.0,0.4261,0.5636,0.0,0.0,0.5618,0,0,4.835,6.0943,3.4555,1.3787,7.5917,0,0,0,0,0,0,0.8926,108.43,0.0,108.43,8166.11,9018.64,0,0.0615,1.1876,0,0
2026-09-09T15:46:07.635033+00:00,benign_iot_idle_v1,benign_iot_idle_v1__run_001,benign,,1,1,0.0,0.3773,0.6382,592.17,493.48,0.506,6,5,4.1572,8.7385,4.0631,2.0445,10.1966,0,0,0,0,0,0,1.0293,98.7,0.0,98.7,8528.76,8479.94,0,0.0547,1.243,0,0
2026-09-09T15:46:12.635033+00:00,benign_iot_idle_v1,benign_iot_idle_v1__run_001,benign,,1,1,0.0,0.3944,0.569,614.71,768.38,0.4814,4,5,3.1395,5.9197,3.9004,1.945,9.7354,0,0,0,0,0,0,0.7524,153.68,0.0,153.68,9204.03,5579.57,0,0.0191,0.9477,0,0
2026-09-09T15:46:17.635033+00:00,benign_iot_idle_v1,benign_iot_idle_v1__run_001,benign,,0,0,0.0,0.3511,0.6601,0.0,0.0,0.4544,0,0,6.0903,10.1038,4.1709,2.0869,10.4316,0,0,0,0,0,0,1.0295,118.53,0.0,118.53,7608.49,8351.35,0,0.0,1.8852,0,0
2026-09-09T15:46:22.635033+00:00,benign_iot_idle_v1,benign_iot_idle_v1__run_001,benign,,0,0,0.0,0.4397,0.5466,0.0,0.0,0.4637,0,0,2.9475,4.5515,5.9049,3.7137,17.0461,0,0,0,0,0,0,1.0067,76.43,0.0,76.43,7069.67,9128.59,0,0.0041,0.0,0,0
2026-09-09T15:46:27.635033+00:00,benign_iot_idle_v1,benign_iot_idle_v1__run_001,benign,,1,1,0.0,0.3903,0.5802,1013.64,1013.64,0.5704,10,10,6.4392,17.6489,6.8142,2.7033,14.9242,0,0,0,0,0,0,0.9226,101.36,0.0,101.36,8606.65,7888.99,0,0.0,0.944,0,0
2026-09-09T15:46:32.635033+00:00,benign_iot_idle_v1,benign_iot_idle_v1__run_001,benign,,1,1,0.0,0.3539,0.651,696.03,822.58,0.5136,11,13,5.4695,14.9187,7.917,4.7169,22.0677,0,0,0,0,0,0,0.7887,63.28,0.0,63.28,8511.84,9990.74,0,0.0136,1.2686,0,0
2026-09-09T15:46:37.635033+00:00,benign_iot_idle_v1,benign_iot_idle_v1__run_001,benign,,0,0,0.0,0.419,0.5913,0.0,0.0,0.5057,0,0,3.7599,7.5535,3.7306,2.1527,10.1886,0,0,0,0,0,0,1.0747,90.11,0.0,90.11,8817.7,8695.05,0,0.0332,1.0967,0,0
2026-09-09T15:46:42.635033+00:00,benign_iot_idle_v1,benign_iot_idle_v1__run_001,benign,,0,0,0.0,0.3829,0.5998,0.0,0.0,0.5715,0,0,6.2463,9.9434,3.7962,2.2091,10.4235,0,0,0,0,0,0,1.0119,159.75,0.0,159.75,8311.58,8079.28,0,0.0,0.7364,0,0
2026-09-09T15:46:47.635033+00:00,benign_iot_idle_v1,benign_iot_idle_v1__run_001,benign,,1,1,0.0,0.4148,0.5982,788.97,887.59,0.5336,8,9,1.9231,4.8388,3.7044,1.0093,6.7323,0,0,0,0,0,0,0.8235,98.62,0.0,98.62,5939.02,8295.17,0,0.0173,0.8661,0,0
2026-09-09T15:46:52.635033+00:00,benign_iot_idle_v1,benign_iot_idle_v1__run_001,benign,,2,2,1.0,0.426,0.5824,1088.71,979.84,0.5906,10,9,7.1089,20.7219,8.9498,3.9876,20.9126,0,1,0,0,0,0,1.0521,108.87,20.05,128.92,7446.5,6371.83,0,0.0324,0.6327,0,0
2026-09-09T15:46:57.635033+00:00,benign_iot_idle_v1,benign_iot_idle_v1__run_001,benign,,3,3,1.585,0.3942,0.6155,752.87,585.57,0.554,9,7,2.7146,6.5191,5.0934,1.6077,9.9167,0,1,0,0,0,0,1.2349,83.65,18.3,100.69,6564.77,6078.4,0,0.0,1.015,0,0
2026-09-09T15:47:02.635033+00:00,benign_iot_idle_v1,benign_iot_idle_v1__run_001,benign,,1,1,0.0,0.4526,0.5382,431.34,431.34,0.4882,7,7,4.7041,10.3654,3.6297,1.6453,8.5655,0,0,0,0,0,0,0.9565,61.62,0.0,61.62,8418.55,7286.54,0,0.0304,1.5185,0,0
2026-09-09T15:47:07.635033+00:00,benign_iot_idle_v1,benign_iot_idle_v1__run_001,benign,,1,1,0.0,0.3692,0.642,1154.05,4500.8,0.5322,10,39,6.4412,14.4436,5.8578,3.3467,15.8979,0,0,0,0,0,0,0.2561,115.41,0.0,115.41,7051.12,8745.77,0,0.036,1.2191,0,0
2026-09-09T15:47:12.635033+00:00,benign_iot_idle_v1,benign_iot_idle_v1__run_001,benign,,1,1,0.0,0.4076,0.6021,361.32,206.47,0.6164,7,4,5.1431,15.0672,3.6186,1.308,7.5426,0,0,0,0,0,0,1.7313,51.62,0.0,51.62,7937.13,8426.95,0,0.0214,0.9745,0,0
2026-09-09T15:47:17.635033+00:00,benign_iot_idle_v1,benign_iot_idle_v1__run_001,benign,,1,1,0.0,0.3693,0.6413,393.4,327.84,0.4867,6,5,5.1766,8.4888,4.1374,1.6842,9.19,0,0,0,0,0,0,1.1331,65.57,0.0,65.57,12495.97,7794.71,0,0.0,1.2087,0,0
2026-09-09T15:47:22.635033+00:00,benign_iot_idle_v1,benign_iot_idle_v1__run_001,benign,,1,1,0.0,0.3974,0.5693,83.8,83.8,0.516,1,1,6.637,14.7675,5.3216,1.9085,11.0472,0,0,0,0,0,0,0.6196,83.8,0.0,83.8,9995.07,7212.96,0,0.0378,0.5591,0,0
2026-09-09T15:47:27.635033+00:00,benign_iot_idle_v1,benign_iot_idle_v1__run_001,benign,,3,3,1.585,0.4171,0.5649,2277.31,4807.65,0.5324,27,57,4.1767,10.1434,3.3444,2.0419,9.47,0,1,0,0,0,0,0.4725,84.34,15.29,99.38,9879.13,9017.08,0,0.0433,0.8787,0,0
2026-09-09T15:47:32.635033+00:00,benign_iot_idle_v1,benign_iot_idle_v1__run_001,benign,,3,3,1.585,0.3731,0.6105,2067.37,2067.37,0.5616,24,24,8.6348,21.4011,8.4338,4.0403,20.5546,0,1,0,0,0,0,0.9874,86.14,2.94,89.28,9134.43,8198.33,0,0.0843,1.7737,0,0
2026-09-09T15:47:37.635033+00:00,benign_iot_idle_v1,benign_iot_idle_v1__run_001,benign,,0,0,0.0,0.4022,0.6231,0.0,0.0,0.5692,0,0,4.6162,13.8295,3.513,2.3373,10.5249,0,0,0,0,0,0,0.6134,46.84,0.0,46.84,7745.03,9218.7,0,0.0,0.7086,0,0
2026-09-09T15:47:42.635033+00:00,benign_iot_idle_v1,benign_iot_idle_v1__run_001,benign,,2,2,1.0,0.3791,0.61,1072.19,689.26,0.5323,14,9,9.6632,23.1074,6.8826,5.109,22.2096,0,0,0,0,0,0,1.454,76.58,24.69,101.28,9407.87,7862.4,0,0.0167,0.114,0,0
2026-09-09T15:47:47.635033+00:00,benign_iot_idle_v1,benign_iot_idle_v1__run_001,benign,,1,1,0.0,0.3953,0.6093,545.65,327.39,0.4253,5,3,2.6159,6.2811,4.336,1.3698,8.4455,0,0,0,0,0,0,1.6276,109.13,0.0,109.13,9198.4,8173.46,0,0.0701,0.9809,0,0
2026-09-09T15:47:52.635033+00:00,benign_iot_idle_v1,benign_iot_idle_v1__run_001,benign,,2,2,1.0,0.3516,0.625,523.31,523.31,0.5096,6,6,4.6814,7.4722,3.4286,1.6684,8.4338,0,0,0,0,0,0,0.867,87.22,11.46,98.67,9081.06,8872.3,0,0.0666,1.2066,0,0
2026-09-09T15:47:57.635033+00:00,benign_iot_idle_v1,benign_iot_idle_v1__run_001,benign,,2,2,1.0,0.3946,0.6309,748.94,1123.4,0.497,8,12,3.7638,5.4049,5.7385,3.1061,15.0567,0,1,0,0,0,0,0.6417,93.62,19.43,113.04,8761.51,8634.65,0,0.0059,0.9795,0,0
2026-09-09T15:48:02.635033+00:00,benign_iot_idle_v1,benign_iot_idle_v1__run_001,benign,,3,3,1.585,0.3597,0.631,1445.59,1170.24,0.5289,21,17,4.0432,10.8845,3.6521,2.2341,10.3543,0,1,0,0,0,0,1.174,68.84,13.85,88.36,10174.41,7579.71,0,0.0968,0.9757,0,0
2026-09-09T15:48:07.635033+00:00,benign_iot_idle_v1,benign_iot_idle_v1__run_001,benign,,2,2,1.0,0.4124,0.5744,2261.53,1601.91,0.4398,24,17,2.1316,4.8634,3.2044,1.0861,6.4627,0,0,0,0,0,0,1.3514,94.23,4.22,98.45,9972.02,7840.65,0,0.0,1.6691,0,0
2026-09-09T15:48:12.635033+00:00,benign_iot_idle_v1,benign_iot_idle_v1__run_001,benign,,0,0,0.0,0.3931,0.6229,0.0,0.0,0.5558,0,0,4.5392,11.9957,5.0895,2.5721,12.8058,0,0,0,0,0,0,1.1949,103.57,0.0,103.57,9291.27,7566.32,0,0.0,1.104,0,0
2026-09-09T15:48:17.635033+00:00,benign_iot_idle_v1,benign_iot_idle_v1__run_001,benign,,2,2,1.0,0.383,0.6349,1196.55,1367.49,0.5141,14,16,6.0691,11.8189,4.5304,1.7723,9.8472,0,1,0,0,0,0,0.858,85.47,1.16,86.63,6679.09,8159.08,0,0.0072,1.5406,0,0
2026-09-09T15:48:22.635033+00:00,benign_iot_idle_v1,benign_iot_idle_v1__run_001,benign,,3,3,1.585,0.3858,0.6238,2311.06,2599.94,0.5127,24,27,4.4195,9.6474,4.7381,1.9286,10.5239,0,1,0,0,0,0,0.862,96.29,28.85,124.98,8035.47,7503.44,0,0.0686,0.2886,0,0
2026-09-09T15:48:27.635033+00:00,benign_iot_idle_v1,benign_iot_idle_v1__run_001,benign,,1,1,0.0,0.3927,0.6351,468.71,390.59,0.5221,6,5,3.6399,10.8674,4.9011,2.0269,10.9819,0,0,0,0,0,0,1.1186,78.12,0.0,78.12,9954.64,7905.4,0,0.0133,0.902,0,0
2026-09-09T15:48:32.635033+00:00,benign_iot_idle_v1,benign_iot_idle_v1__run_001,benign,,0,0,0.0,0.4504,0.5147,0.0,0.0,0.5002,0,0,4.595,12.8409,4.7925,2.626,12.6706,0,0,0,0,0,0,1.2732,88.62,0.0,88.62,8435.09,8270.01,0,0.0,0.4218,0,0
2026-09-09T15:48:37.635033+00:00,benign_iot_idle_v1,benign_iot_idle_v1__run_001,benign,,0,0,0.0,0.3964,0.5834,0.0,0.0,0.5243,0,0,4.2575,5.4986,6.417,1.9322,12.2136,0,0,0,0,0,0,1.4557,45.35,0.0,45.35,6369.09,8385.71,0,0.0179,1.04,0,0
2026-09-09T15:48:42.635033+00:00,benign_iot_idle_v1,benign_iot_idle_v1__run_001,benign,,1,1,0.0,0.4138,0.643,278.46,278.46,0.4693,4,4,7.5757,20.8434,9.8026,3.3258,19.7801,0,0,0,0,0,0,0.805,69.61,0.0,69.61,9811.4,9516.45,0,0.0456,0.9153,0,0
2026-09-09T15:48:47.635033+00:00,benign_iot_idle_v1,benign_iot_idle_v1__run_001,benign,,0,0,0.0,0.3819,0.5889,0.0,0.0,0.5473,0,0,5.595,10.4286,5.8645,2.5866,13.6244,0,0,0,0,0,0,1.1001,95.16,0.0,95.16,9487.69,6395.2,0,0.0034,1.5713,0,0
2026-09-09T15:48:52.635033+00:00,benign_iot_idle_v1,benign_iot_idle_v1__run_001,benign,,0,0,0.0,0.4114,0.592,0.0,0.0,0.5036,0,0,7.1162,10.4285,6.6488,2.6148,14.4931,0,0,0,0,0,0,1.119,98.85,0.0,98.85,8281.82,9633.01,0,0.0048,0.8105,0,0
2026-09-09T15:48:57.635033+00:00,benign_iot_idle_v1,benign_iot_idle_v1__run_001,benign,,3,3,1.585,0.4004,0.6086,1184.95,1678.68,0.546,12,17,5.0562,15.0958,3.94,2.1676,10.4428,0,1,0,0,0,0,0.6996,98.75,32.38,137.72,8809.38,8903.1,0,0.0378,1.8487,0,0
2026-09-09T15:49:02.635033+00:00,benign_iot_idle_v1,benign_iot_idle_v1__run_001,benign,,0,0,0.0,0.3769,0.6636,0.0,0.0,0.6473,0,0,10.7207,18.6321,7.4033,3.4069,17.6241,0,0,0,0,0,0,1.1448,60.57,0.0,60.57,8540.45,9536.47,0,0.0034,1.2967,0,0
2026-09-09T15:49:07.635033+00:00,benign_iot_idle_v1,benign_iot_idle_v1__run_001,benign,,3,3,1.585,0.3863,0.6431,2855.94,5997.47,0.4953,30,63,13.2413,34.7659,8.0657,5.5304,24.657,0,1,0,0,0,0,0.4726,95.2,12.62,109.51,7636.45,7172.82,0,0.0043,0.8428,0,0
2026-09-09T15:49:12.635033+00:00,benign_iot_idle_v1,benign_iot_idle_v1__run_001,benign,,1,1,0.0,0.4182,0.5716,220.57,183.81,0.5294,6,5,6.3143,14.7683,5.2396,2.8794,13.8778,0,0,0,0,0,0,1.1274,36.76,0.0,36.76,7867.73,8877.02,0,0.0009,1.2259,0,0
2026-09-09T15:49:17.635033+00:00,benign_iot_idle_v1,benign_iot_idle_v1__run_001,benign,,3,3,1.585,0.4015,0.595,1675.49,1787.19,0.5055,15,16,4.1548,9.7659,5.1294,2.6096,12.9583,0,1,0,0,0,0,0.8904,111.7,26.12,147.49,7429.11,8048.17,0,0.0885,0.5289,0,0
2026-09-09T15:49:22.635033+00:00,benign_iot_idle_v1,benign_iot_idle_v1__run_001,benign,,0,0,0.0,0.4242,0.5422,0.0,0.0,0.4877,0,0,3.2051,5.4988,3.8919,2.2267,10.5721,0,0,0,0,0,0,1.0688,153.39,0.0,153.39,7980.75,7709.61,0,0.009,1.3482,0,0
2026-09-09T15:49:27.635033+00:00,benign_iot_idle_v1,benign_iot_idle_v1__run_001,benign,,0,0,0.0,0.4065,0.6091,0.0,0.0,0.5316,0,0,3.5285,9.0514,4.2398,1.6188,9.0961,0,0,0,0,0,0,0.9213,92.73,0.0,92.73,9358.66,9113.65,0,0.0568,0.9234,0,0
2026-09-09T15:49:32.635033+00:00,benign_iot_idle_v1,benign_iot_idle_v1__run_001,benign,,0,0,0.0,0.3885,0.6308,0.0,0.0,0.523,0,0,8.1844,21.1824,8.4955,5.6015,25.3001,0,0,0,0,0,0,0.4135,93.59,0.0,93.59,9730.21,8133.12,0,0.0,1.0838,0,0
2026-09-09T15:49:37.635033+00:00,benign_iot_idle_v1,benign_iot_idle_v1__run_001,benign,,3,3,1.585,0.3914,0.6021,1221.39,1119.6,0.5134,12,11,3.012,4.6532,3.116,1.3211,7.0793,0,1,0,0,0,0,1.0722,101.78,27.88,133.26,8300.29,8536.46,0,0.0805,0.63,0,0
2026-09-09T15:49:42.635033+00:00,benign_iot_idle_v1,benign_iot_idle_v1__run_001,benign,,2,2,1.0,0.359,0.6276,1314.97,821.86,0.5163,16,10,5.7709,10.2431,4.7051,3.3308,14.6975,0,1,0,0,0,0,1.5114,82.19,39.8,121.99,8014.33,9155.15,0,0.0,1.2692,0,0
2026-09-09T15:49:47.635033+00:00,benign_iot_idle_v1,benign_iot_idle_v1__run_001,benign,,1,1,0.0,0.3896,0.605,265.61,265.61,0.5366,5,5,7.4401,9.6434,7.3092,1.9712,13.2227,0,0,0,0,0,0,0.9738,53.12,0.0,53.12,8981.39,8053.74,0,0.0,1.6805,0,0
2026-09-09T15:49:52.635033+00:00,benign_iot_idle_v1,benign_iot_idle_v1__run_001,benign,,0,0,0.0,0.4052,0.5773,0.0,0.0,0.4867,0,0,3.4422,4.4433,7.5312,4.2784,20.3664,0,0,0,0,0,0,0.9922,85.95,0.0,85.95,8189.83,6816.01,0,0.0,0.9702,0,0
2026-09-09T15:49:57.635033+00:00,benign_iot_idle_v1,benign_iot_idle_v1__run_001,benign,,1,1,0.0,0.4139,0.5528,701.33,701.33,0.4508,7,7,7.6151,19.9409,6.1885,1.658,11.1625,0,0,0,0,0,0,0.9019,100.19,0.0,100.19,8766.28,9158.36,0,0.0413,0.6016,0,0
2026-09-09T15:50:02.635033+00:00,benign_iot_idle_v1,benign_iot_idle_v1__run_001,benign,,2,2,1.0,0.4144,0.5599,876.34,1051.6,0.5124,10,12,2.1473,3.0208,3.0834,1.6521,8.0398,0,1,0,0,0,0,0.8032,87.63,32.87,120.5,8978.59,9162.04,0,0.089,1.3227,0,0
2026-09-09T15:50:07.635033+00:00,benign_iot_idle_v1,benign_iot_idle_v1__run_001,benign,,0,0,0.0,0.3652,0.6208,0.0,0.0,0.5127,0,0,3.886,7.4914,7.3409,3.8036,18.7516,0,0,0,0,0,0,1.319,180.53,0.0,180.53,6951.14,6879.25,0,0.0,1.0182,0,0
2026-09-09T15:50:12.635033+00:00,benign_iot_idle_v1,benign_iot_idle_v1__run_001,benign,,1,1,0.0,0.405,0.5771,782.9,469.74,0.5656,10,6,4.8767,7.0488,8.98,4.9219,23.7455,0,0,0,0,0,0,1.5544,78.29,0.0,78.29,7741.48,7253.6,0,0.0474,0.5216,0,0
2026-09-09T15:50:17.635033+00:00,benign_iot_idle_v1,benign_iot_idle_v1__run_001,benign,,1,1,0.0,0.4063,0.5755,651.88,1358.09,0.4768,12,25,5.8754,7.7212,4.6831,2.6971,12.7744,0,0,0,0,0,0,0.4693,54.32,0.0,54.32,7299.11,7583.66,0,0.0324,1.6482,0,0
2026-09-09T15:50:22.635033+00:00,benign_iot_idle_v1,benign_iot_idle_v1__run_001,benign,,1,1,0.0,0.4535,0.5398,377.26,269.47,0.5007,7,5,9.5804,18.9784,5.4877,3.3929,15.6664,0,0,0,0,0,0,1.1856,53.89,0.0,53.89,6759.3,9581.84,0,0.0,1.8679,0,0
2026-09-09T15:50:27.635033+00:00,benign_iot_idle_v1,benign_iot_idle_v1__run_001,benign,,1,1,0.0,0.452,0.5318,557.34,627.01,0.5069,8,9,5.8811,9.1278,4.5671,2.819,13.0241,0,0,0,0,0,0,0.8772,69.67,0.0,69.67,8094.44,8002.46,0,0.0036,0.5616,0,0
2026-09-09T15:50:32.635033+00:00,benign_iot_idle_v1,benign_iot_idle_v1__run_001,benign,,0,0,0.0,0.3597,0.6199,0.0,0.0,0.4985,0,0,12.6782,33.5101,8.7696,4.5561,22.438,0,0,0,0,0,0,1.0725,92.45,0.0,92.45,6353.29,7579.26,0,0.0,0.7038,0,0
2026-09-09T15:50:37.635033+00:00,benign_iot_idle_v1,benign_iot_idle_v1__run_001,benign,,0,0,0.0,0.3733,0.6104,0.0,0.0,0.4771,0,0,3.8063,5.5118,3.3961,1.6999,8.4958,0,0,0,0,0,0,1.243,64.83,0.0,64.83,9135.5,9223.43,0,0.0055,0.5218,0,0
