timestamp,persona_id,run_id,mitre_stage,technique_id,flow_count,unique_dst_ports,dest_port_entropy,tcp_ratio,udp_ratio,bytes_fwd_sum,bytes_bwd_sum,bidirectional_ratio,pkts_fwd_sum,pkts_bwd_sum,duration_mean,duration_max,iat_mean,iat_std,iat_max,syn_flag_sum,ack_flag_sum,fin_flag_sum,rst_flag_sum,psh_flag_sum,urg_flag_sum,down_up_ratio_mean,pkt_len_mean,pkt_len_std,pkt_len_max,init_fwd_win_mean,init_bwd_win_mean,fwd_psh_flags_sum,port_scan_score,ttl_variance,ip_fragment_flags,retransmit_count
2026-09-03T22:16:06.561352+00:00,benign_iot_idle_v1,benign_iot_idle_v1__run_002,benign,,2,2,1.0,0.4237,0.5751,1847.55,1539.62,0.4395,12,10,6.4157,7.9904,5.1264,2.6283,13.0114,0,1,0,0,0,0,1.1883,153.96,19.59,173.55,9024.17,7361.43,0,0.0231,0.101,0,0
2026-09-03T22:16:11.561352+00:00,benign_iot_idle_v1,benign_iot_idle_v1__run_002,benign,,0,0,0.0,0.4039,0.5647,0.0,0.0,0.4922,0,0,5.8433,10.4557,10.0899,7.1084,31.415,0,0,0,0,0,0,0.9532,54.62,0.0,54.62,7566.98,8468.89,0,0.0,0.5162,0,0
2026-09-03T22:16:16.561352+00:00,benign_iot_idle_v1,benign_iot_idle_v1__run_002,benign,,2,2,1.0,0.3845,0.5946,522.38,348.25,0.596,6,4,6.9948,10.0362,6.1517,2.8541,14.7141,0,0,0,0,0,0,1.2455,87.06,42.56,129.62,8964.21,9208.62,0,0.0608,1.9925,0,0
2026-09-03T22:16:21.561352+00:00,benign_iot_idle_v1,benign_iot_idle_v1__run_002,benign,,0,0,0.0,0.4148,0.6068,0.0,0.0,0.481,0,0,7.0505,9.1886,5.6313,1.5998,10.4306,0,0,0,0,0,0,1.3113,86.95,0.0,86.95,8767.68,6246.8,0,0.0,1.689,0,0
2026-09-03T22:16:26.561352+00:00,benign_iot_idle_v1,benign_iot_idle_v1__run_002,benign,,0,0,0.0,0.3821,0.6393,0.0,0.0,0.4894,0,0,9.0952,13.7641,7.2085,2.3526,14.2664,0,0,0,0,0,0,1.1658,68.3,0.0,68.3,9501.66,8231.14,0,0.0,1.2892,0,0
2026-09-03T22:16:31.561352+00:00,benign_iot_idle_v1,benign_iot_idle_v1__run_002,benign,,2,2,1.0,0.3596,0.6267,464.68,1084.26,0.4078,6,14,8.1693,18.0286,7.0537,4.4105,20.2853,0,1,0,0,0,0,0.418,77.45,16.0,93.44,7067.41,6527.47,0,0.0158,0.555,0,0
2026-09-03T22:16:36.561352+00:00,benign_iot_idle_v1,benign_iot_idle_v1__run_002,benign,,1,1,0.0,0.4308,0.5443,702.35,936.47,0.5594,9,12,5.9409,17.4354,8.1518,4.1228,20.5203,0,0,0,0,0,0,0.7126,78.04,0.0,78.04,7673.02,7877.8,0,0.0536,2.2661,0,0
2026-09-03T22:16:41.561352+00:00,benign_iot_idle_v1,benign_iot_idle_v1__run_002,benign,,0,0,0.0,0.3723,0.6153,0.0,0.0,0.4611,0,0,10.3939,23.1496,6.5629,2.7144,14.7061,0,0,0,0,0,0,1.1276,86.05,0.0,86.05,7483.5,7742.61,0,0.0,1.0117,0,0
2026-09-03T22:16:46.561352+00:00,benign_iot_idle_v1,benign_iot_idle_v1__run_002,benign,,1,1,0.0,0.4347,0.5737,387.85,387.85,0.5136,5,5,11.0251,32.5447,10.8706,3.7052,21.9862,0,0,0,0,0,0,0.8976,77.57,0.0,77.57,9555.3,8207.76,0,0.0371,0.8682,0,0
2026-09-03T22:16:51.561352+00:00,benign_iot_idle_v1,benign_iot_idle_v1__run_002,benign,,0,0,0.0,0.377,0.5906,0.0,0.0,0.5502,0,0,6.4872,10.6363,6.2205,2.5894,13.9888,0,0,0,0,0,0,1.0023,79.88,0.0,79.88,6224.8,8773.82,0,0.0408,1.349,0,0
2026-09-03T22:16:56.561352+00:00,benign_iot_idle_v1,benign_iot_idle_v1__run_002,benign,,1,1,0.0,0.3742,0.6373,684.04,513.03,0.4942,8,6,3.9379,7.1124,4.1176,2.8344,12.6209,0,0,0,0,0,0,1.1451,85.51,0.0,85.51,7442.38,8835.98,0,0.0516,1.2098,0,0
2026-09-03T22:17:01.561352+00:00,benign_iot_idle_v1,benign_iot_idle_v1__run_002,benign,,2,2,1.0,0.3713,0.6065,1375.66,1633.59,0.5366,16,19,6.275,13.2974,5.443,1.7527,10.701,0,1,0,0,0,0,0.81,85.98,10.25,96.23,9032.98,8628.14,0,0.0267,1.0978,0,0
2026-09-03T22:17:06.561352+00:00,benign_iot_idle_v1,benign_iot_idle_v1__run_002,benign,,0,0,0.0,0.3852,0.6056,0.0,0.0,0.4358,0,0,6.7011,11.9401,5.3782,1.3879,9.5419,0,0,0,0,0,0,1.1136,111.77,0.0,111.77,9336.16,9282.75,0,0.0,0.9885,0,0
2026-09-03T22:17:11.561352+00:00,benign_iot_idle_v1,benign_iot_idle_v1__run_002,benign,,1,1,0.0,0.3991,0.621,331.09,198.65,0.5646,5,3,8.0271,11.0871,7.5933,4.7705,21.9049,0,0,0,0,0,0,1.3068,66.22,0.0,66.22,8355.27,7422.46,0,0.0626,1.1193,0,0
2026-09-03T22:17:16.561352+00:00,benign_iot_idle_v1,benign_iot_idle_v1__run_002,benign,,1,1,0.0,0.4079,0.6167,663.98,414.99,0.5557,8,5,4.2403,9.617,5.4062,1.7901,10.7765,0,0,0,0,0,0,1.3774,83.0,0.0,83.0,7992.77,8117.22,0,0.0,0.7001,0,0
2026-09-03T22:17:21.561352+00:00,benign_iot_idle_v1,benign_iot_idle_v1__run_002,benign,,0,0,0.0,0.3947,0.6134,0.0,0.0,0.459,0,0,3.3971,6.7557,6.6352,1.7213,11.799,0,0,0,0,0,0,1.0001,88.53,0.0,88.53,7531.87,9419.79,0,0.0,0.938,0,0
2026-09-03T22:17:26.561352+00:00,benign_iot_idle_v1,benign_iot_idle_v1__run_002,benign,,0,0,0.0,0.3885,0.5858,0.0,0.0,0.5581,0,0,7.1768,9.9684,6.6962,3.5908,17.4685,0,0,0,0,0,0,0.9982,131.42,0.0,131.42,8066.21,8314.89,0,0.0098,1.1877,0,0
2026-09-03T22:17:31.561352+00:00,benign_iot_idle_v1,benign_iot_idle_v1__run_002,benign,,2,2,1.0,0.3708,0.6298,960.96,780.78,0.4749,16,13,1.8436,3.1111,3.4585,0.8913,6.1325,0,0,0,0,0,0,1.1988,60.06,3.0,63.06,8116.01,6315.08,0,0.0127,0.8023,0,0
2026-09-03T22:17:36.561352+00:00,benign_iot_idle_v1,benign_iot_idle_v1__run_002,benign,,1,1,0.0,0.3823,0.6352,571.08,444.17,0.4617,9,7,7.6847,13.3632,6.6826,1.6794,11.7208,0,0,0,0,0,0,1.2428,63.45,0.0,63.45,8267.77,7599.58,0,0.0102,0.6373,0,0
2026-09-03T22:17:41.561352+00:00,benign_iot_idle_v1,benign_iot_idle_v1__run_002,benign,,2,2,1.0,0.4119,0.5915,1552.03,1330.31,0.6129,14,12,7.7019,20.8814,5.5892,3.4658,15.9867,0,0,0,0,0,0,1.165,110.86,5.23,116.09,8729.76,8067.11,0,0.083,1.1149,0,0
2026-09-03T22:17:46.561352+00:00,benign_iot_idle_v1,benign_iot_idle_v1__run_002,benign,,4,3,1.585,0.3957,0.5956,1931.56,1834.98,0.5486,20,19,3.168,4.6403,4.9071,2.9137,13.648,0,1,0,0,0,0,1.0128,96.58,11.83,113.4,9012.51,6153.5,0,0.045,0.092,0,0
2026-09-03T22:17:51.561352+00:00,benign_iot_idle_v1,benign_iot_idle_v1__run_002,benign,,0,0,0.0,0.393,0.5945,0.0,0.0,0.5234,0,0,5.3157,9.7753,5.3486,3.261,15.1317,0,0,0,0,0,0,1.1328,103.82,0.0,103.82,7542.03,7195.28,0,0.0,0.5149,0,0
2026-09-03T22:17:56.561352+00:00,benign_iot_idle_v1,benign_iot_idle_v1__run_002,benign,,0,0,0.0,0.4444,0.5418,0.0,0.0,0.5603,0,0,5.2843,11.1714,3.9243,2.6987,12.0206,0,0,0,0,0,0,0.9543,74.35,0.0,74.35,7421.69,8330.71,0,0.0,0.1826,0,0
2026-09-03T22:18:01.561352+00:00,benign_iot_idle_v1,benign_iot_idle_v1__run_002,benign,,0,0,0.0,0.4106,0.6017,0.0,0.0,0.5613,0,0,6.1592,13.7028,4.8932,3.2969,14.784,0,0,0,0,0,0,1.0072,80.1,0.0,80.1,7921.23,9142.18,0,0.0,1.1309,0,0
2026-09-03T22:18:06.561352+00:00,benign_iot_idle_v1,benign_iot_idle_v1__run_002,benign,,1,1,0.0,0.3505,0.654,306.22,229.67,0.4729,4,3,3.5206,6.0649,3.4297,0.9736,6.3506,0,0,0,0,0,0,1.1828,76.56,0.0,76.56,6273.54,7146.13,0,0.0,0.4002,0,0
2026-09-03T22:18:11.561352+00:00,benign_iot_idle_v1,benign_iot_idle_v1__run_002,benign,,0,0,0.0,0.3551,0.6534,0.0,0.0,0.4486,0,0,5.2616,13.1074,4.7953,3.4316,15.0902,0,0,0,0,0,0,0.6621,107.62,0.0,107.62,6979.67,8511.45,0,0.0,1.4051,0,0
2026-09-03T22:18:16.561352+00:00,benign_iot_idle_v1,benign_iot_idle_v1__run_002,benign,,2,2,1.0,0.4008,0.5619,667.43,333.72,0.5855,6,3,2.9403,5.93,5.2807,2.0082,11.3054,0,0,0,0,0,0,1.6465,111.24,1.52,112.75,7011.08,7818.29,0,0.0032,0.9434,0,0
2026-09-03T22:18:21.561352+00:00,benign_iot_idle_v1,benign_iot_idle_v1__run_002,benign,,3,3,1.585,0.3613,0.6595,2217.54,4118.29,0.5763,21,39,1.8941,3.0889,3.2581,1.3342,7.2609,0,1,0,0,0,0,0.5254,105.6,38.1,153.69,7794.05,7380.8,0,0.0039,0.5987,0,0
2026-09-03T22:18:26.561352+00:00,benign_iot_idle_v1,benign_iot_idle_v1__run_002,benign,,2,2,1.0,0.4093,0.5959,1068.15,854.52,0.5681,10,8,4.2394,5.682,4.105,2.7055,12.2216,0,1,0,0,0,0,1.1722,106.82,28.81,135.62,10051.78,8457.32,0,0.0737,0.1807,0,0
2026-09-03T22:18:31.561352+00:00,benign_iot_idle_v1,benign_iot_idle_v1__run_002,benign,,1,1,0.0,0.4271,0.5382,494.92,866.11,0.4887,8,14,5.793,12.9546,3.7417,1.3316,7.7365,0,0,0,0,0,0,0.5539,61.87,0.0,61.87,8628.36,9449.5,0,0.0325,0.9386,0,0
2026-09-03T22:18:36.561352+00:00,benign_iot_idle_v1,benign_iot_idle_v1__run_002,benign,,2,2,1.0,0.4307,0.5453,638.41,1085.3,0.4938,10,17,4.7762,10.4292,4.5194,3.3745,14.6428,0,1,0,0,0,0,0.5619,63.84,16.85,80.69,8559.3,7921.32,0,0.0342,0.6893,0,0
2026-09-03T22:18:41.561352+00:00,benign_iot_idle_v1,benign_iot_idle_v1__run_002,benign,,4,3,1.585,0.4126,0.566,2344.86,1758.64,0.4993,24,18,2.7366,3.5053,5.3825,2.5093,12.9102,0,2,0,0,0,0,1.3125,97.7,43.46,165.88,7726.7,8720.3,0,0.0559,1.7823,0,0
2026-09-03T22:18:46.561352+00:00,benign_iot_idle_v1,benign_iot_idle_v1__run_002,benign,,2,2,1.0,0.3686,0.5966,669.42,502.07,0.519,8,6,4.7333,10.6034,6.8638,2.183,13.413,0,1,0,0,0,0,1.2423,83.68,1.65,85.33,9790.18,8136.16,0,0.0,1.7204,0,0
2026-09-03T22:18:51.561352+00:00,benign_iot_idle_v1,benign_iot_idle_v1__run_002,benign,,1,1,0.0,0.4195,0.5939,533.44,457.24,0.502,7,6,4.7099,6.4258,4.2099,2.3489,11.2566,0,0,0,0,0,0,1.0053,76.21,0.0,76.21,9645.79,6819.05,0,0.0114,0.1969,0,0
2026-09-03T22:18:56.561352+00:00,benign_iot_idle_v1,benign_iot_idle_v1__run_002,benign,,0,0,0.0,0.3476,0.6324,0.0,0.0,0.3617,0,0,5.2775,14.1681,7.3763,1.901,13.0792,0,0,0,0,0,0,1.059,92.85,0.0,92.85,10463.15,7095.07,0,0.0,1.0457,0,0
2026-09-03T22:19:01.561352+00:00,benign_iot_idle_v1,benign_iot_idle_v1__run_002,benign,,1,1,0.0,0.3624,0.6262,305.36,549.64,0.5874,5,9,4.2938,8.8971,4.8219,2.8167,13.2721,0,0,0,0,0,0,0.5463,61.07,0.0,61.07,10149.19,8765.26,0,0.1025,1.5115,0,0
2026-09-03T22:19:06.561352+00:00,benign_iot_idle_v1,benign_iot_idle_v1__run_002,benign,,1,1,0.0,0.3938,0.5667,650.3,371.6,0.4537,7,4,4.2175,9.2531,3.5807,1.2988,7.4771,0,0,0,0,0,0,1.4074,92.9,0.0,92.9,9519.07,9074.36,0,0.0175,0.6431,0,0
2026-09-03T22:19:11.561352+00:00,benign_iot_idle_v1,benign_iot_idle_v1__run_002,benign,,2,2,1.0,0.4486,0.5659,984.44,1125.08,0.4442,14,16,5.2328,15.4802,3.2072,1.8524,8.7645,0,1,0,0,0,0,0.834,70.32,7.42,77.74,6527.56,7954.96,0,0.0,0.2639,0,0
2026-09-03T22:19:16.561352+00:00,benign_iot_idle_v1,benign_iot_idle_v1__run_002,benign,,2,2,1.0,0.4335,0.5765,1254.24,1254.24,0.4522,14,14,3.9498,7.905,3.917,2.8594,12.4952,0,0,0,0,0,0,0.9501,89.59,24.67,114.25,10188.12,9613.41,0,0.0325,1.3774,0,0
2026-09-03T22:19:21.561352+00:00,benign_iot_idle_v1,benign_iot_idle_v1__run_002,benign,,2,2,1.0,0.3606,0.6279,943.37,875.99,0.5721,14,13,6.1774,11.5551,4.6776,1.6902,9.7482,0,0,0,0,0,0,1.0429,67.38,13.14,80.52,9031.89,8382.55,0,0.0154,1.2609,0,0
2026-09-03T22:19:26.561352+00:00,benign_iot_idle_v1,benign_iot_idle_v1__run_002,benign,,0,0,0.0,0.408,0.5545,0.0,0.0,0.4868,0,0,4.8428,9.2823,4.847,1.6991,9.9441,0,0,0,0,0,0,1.1144,44.61,0.0,44.61,7572.15,7639.94,0,0.0,0.6466,0,0
2026-09-03T22:19:31.561352+00:00,benign_iot_idle_v1,benign_iot_idle_v1__run_002,benign,,1,1,0.0,0.3849,0.5782,530.05,397.54,0.4788,4,3,4.3412,7.2209,4.8797,3.4362,15.1884,0,0,0,0,0,0,1.0484,132.51,0.0,132.51,9752.21,8639.22,0,0.0348,1.6054,0,0
2026-09-03T22:19:36.561352+00:00,benign_iot_idle_v1,benign_iot_idle_v1__run_002,benign,,0,0,0.0,0.4358,0.5851,0.0,0.0,0.4213,0,0,2.5665,4.1557,5.7407,2.8427,14.2688,0,0,0,0,0,0,0.8975,164.37,0.0,164.37,7167.16,7761.86,0,0.0,1.5297,0,0
2026-09-03T22:19:41.561352+00:00,benign_iot_idle_v1,benign_iot_idle_v1__run_002,benign,,0,0,0.0,0.4431,0.5326,0.0,0.0,0.4612,0,0,9.1082,18.9398,7.3822,3.7261,18.5603,0,0,0,0,0,0,1.139,68.92,0.0,68.92,7698.32,8933.59,0,0.0,0.2482,0,0
2026-09-03T22:19:46.561352+00:00,benign_iot_idle_v1,benign_iot_idle_v1__run_002,benign,,0,0,0.0,0.4084,0.5926,0.0,0.0,0.5498,0,0,6.7484,11.1466,8.5103,2.302,15.4163,0,0,0,0,0,0,0.8619,73.86,0.0,73.86,8686.4,6584.28,0,0.0,1.0969,0,0
2026-09-03T22:19:51.561352+00:00,benign_iot_idle_v1,benign_iot_idle_v1__run_002,benign,,1,1,0.0,0.4092,0.597,300.88,376.09,0.481,4,5,4.0952,6.3446,5.1422,3.8175,16.5947,0,0,0,0,0,0,0.7811,75.22,0.0,75.22,7743.46,8964.37,0,0.0424,0.8855,0,0
2026-09-03T22:19:56.561352+00:00,benign_iot_idle_v1,benign_iot_idle_v1__run_002,benign,,2,2,1.0,0.4201,0.5911,348.46,464.62,0.4015,6,8,5.0659,9.463,3.4812,1.7792,8.8187,0,1,0,0,0,0,0.7226,58.08,13.45,71.52,8682.5,7096.13,0,0.0748,0.8218,0,0
2026-09-03T22:20:01.561352+00:00,benign_iot_idle_v1,benign_iot_idle_v1__run_002,benign,,1,1,0.0,0.368,0.6387,397.46,397.46,0.5836,6,6,3.35,5.6614,6.0888,1.6889,11.1555,0,0,0,0,0,0,0.9333,66.24,0.0,66.24,8445.34,7689.39,0,0.021,1.1938,0,0
2026-09-03T22:20:06.561352+00:00,benign_iot_idle_v1,benign_iot_idle_v1__run_002,benign,,0,0,0.0,0.3918,0.6191,0.0,0.0,0.4662,0,0,9.9753,27.8948,7.8087,3.696,18.8968,0,0,0,0,0,0,1.3546,78.15,0.0,78.15,8282.59,7939.34,0,0.0,0.9245,0,0
2026-09-03T22:20:11.561352+00:00,benign_iot_idle_v1,benign_iot_idle_v1__run_002,benign,,1,1,0.0,0.419,0.6019,791.92,1055.89,0.4582,6,8,4.6545,13.04,3.9557,1.2369,7.6665,0,0,0,0,0,0,0.7308,131.99,0.0,131.99,9345.54,8102.06,0,0.0368,0.3941,0,0
2026-09-03T22:20:16.561352+00:00,benign_iot_idle_v1,benign_iot_idle_v1__run_002,benign,,0,0,0.0,0.3892,0.6143,0.0,0.0,0.4939,0,0,3.5746,6.8243,4.9952,1.3865,9.1546,0,0,0,0,0,0,1.0751,81.02,0.0,81.02,9890.54,7683.55,0,0.0,0.8541,0,0
2026-09-03T22:20:21.561352+00:00,benign_iot_idle_v1,benign_iot_idle_v1__run_002,benign,,0,0,0.0,0.422,0.6032,0.0,0.0,0.5426,0,0,11.9409,31.2266,10.8503,7.5858,33.6079,0,0,0,0,0,0,0.7398,42.05,0.0,42.05,7582.09,9299.0,0,0.005,1.4884,0,0
2026-09-03T22:20:26.561352+00:00,benign_iot_idle_v1,benign_iot_idle_v1__run_002,benign,,0,0,0.0,0.4243,0.5932,0.0,0.0,0.492,0,0,5.3643,13.0234,8.0659,5.7338,25.2674,0,0,0,0,0,0,0.6825,36.65,0.0,36.65,7405.24,6111.77,0,0.0394,1.3217,0,0
2026-09-03T22:20:31.561352+00:00,benign_iot_idle_v1,benign_iot_idle_v1__run_002,benign,,1,1,0.0,0.4041,0.6383,661.2,440.8,0.5462,6,4,6.1889,18.2561,5.181,3.5273,15.7628,0,0,0,0,0,0,1.4131,110.2,0.0,110.2,7255.05,9059.38,0,0.0944,1.2002,0,0
2026-09-03T22:20:36.561352+00:00,benign_iot_idle_v1,benign_iot_idle_v1__run_002,benign,,2,2,1.0,0.4084,0.6176,276.88,138.44,0.5211,4,2,2.5941,5.4534,4.151,1.602,8.9571,0,1,0,0,0,0,1.4886,69.22,22.11,91.33,7165.58,8182.5,0,0.0502,0.7434,0,0
2026-09-03T22:20:41.561352+00:00,benign_iot_idle_v1,benign_iot_idle_v1__run_002,benign,,0,0,0.0,0.3841,0.6122,0.0,0.0,0.491,0,0,10.6065,24.0693,8.5543,5.3802,24.6949,0,0,0,0,0,0,1.341,76.97,0.0,76.97,8440.28,7626.02,0,0.0,1.2404,0,0
2026-09-03T22:20:46.561352+00:00,benign_iot_idle_v1,benign_iot_idle_v1__run_002,benign,,1,1,0.0,0.4485,0.5377,580.36,677.09,0.4852,6,7,10.7895,30.2813,8.3851,4.2846,21.2389,0,0,0,0,0,0,0.8392,96.73,0.0,96.73,7585.59,8366.33,0,0.064,0.6353,0,0
2026-09-03T22:20:51.561352+00:00,benign_iot_idle_v1,benign_iot_idle_v1__run_002,benign,,0,0,0.0,0.4154,0.5673,0.0,0.0,0.5936,0,0,5.7726,9.5779,8.7428,4.2514,21.497,0,0,0,0,0,0,0.8651,62.31,0.0,62.31,8368.98,8468.35,0,0.0,0.3583,0,0
2026-09-03T22:20:56.561352+00:00,benign_iot_idle_v1,benign_iot_idle_v1__run_002,benign,,5,3,1.585,0.3898,0.6095,2310.96,2310.96,0.5052,30,30,4.632,11.5901,3.9215,2.6035,11.7319,0,2,0,0,0,0,0.9705,77.03,16.63,97.04,7871.8,7301.1,0,0.0948,0.699,0,0
2026-09-03T22:21:01.561352+00:00,benign_iot_idle_v1,benign_iot_idle_v1__run_002,benign,,1,1,0.0,0.4032,0.5683,1018.53,1018.53,0.5075,11,11,2.6633,7.6617,4.582,2.6257,12.459,0,0,0,0,0,0,0.9748,92.59,0.0,92.59,8874.05,9978.53,0,0.0316,0.7439,0,0
2026-09-03T22:21:06.561352+00:00,benign_iot_idle_v1,benign_iot_idle_v1__run_002,benign,,0,0,0.0,0.3626,0.6753,0.0,0.0,0.5309,0,0,4.4734,5.4597,3.7817,1.0756,7.0087,0,0,0,0,0,0,0.9672,60.05,0.0,60.05,8937.04,10224.89,0,0.0335,1.6046,0,0
2026-09-03T22:21:11.561352+00:00,benign_iot_idle_v1,benign_iot_idle_v1__run_002,benign,,0,0,0.0,0.39,0.6262,0.0,0.0,0.4897,0,0,8.0343,19.8647,6.1538,2.3824,13.301,0,0,0,0,0,0,0.9512,93.7,0.0,93.7,5934.81,8809.56,0,0.0,0.7434,0,0
2026-09-03T22:21:16.561352+00:00,benign_iot_idle_v1,benign_iot_idle_v1__run_002,benign,,0,0,0.0,0.4094,0.585,0.0,0.0,0.566,0,0,5.9424,11.8456,3.6723,2.2301,10.3625,0,0,0,0,0,0,1.005,98.38,0.0,98.38,7945.7,9057.02,0,0.0,0.8748,0,0
2026-09-03T22:21:21.561352+00:00,benign_iot_idle_v1,benign_iot_idle_v1__run_002,benign,,1,1,0.0,0.4194,0.5418,388.81,194.41,0.4812,6,3,5.5206,15.6065,7.5871,5.4556,23.9539,0,0,0,0,0,0,1.6755,64.8,0.0,64.8,8282.14,9089.73,0,0.0,0.679,0,0
2026-09-03T22:21:26.561352+00:00,benign_iot_idle_v1,benign_iot_idle_v1__run_002,benign,,0,0,0.0,0.4201,0.5847,0.0,0.0,0.5104,0,0,5.3703,11.5758,6.9163,4.1565,19.3856,0,0,0,0,0,0,0.9729,58.55,0.0,58.55,10210.92,7077.23,0,0.0,0.8694,0,0
2026-09-03T22:21:31.561352+00:00,benign_iot_idle_v1,benign_iot_idle_v1__run_002,benign,,0,0,0.0,0.3623,0.6222,0.0,0.0,0.5056,0,0,6.7178,9.7264,7.4933,3.8411,19.0166,0,0,0,0,0,0,0.9059,113.38,0.0,113.38,7756.88,7553.64,0,0.0211,1.9665,0,0
2026-09-03T22:21:36.561352+00:00,benign_iot_idle_v1,benign_iot_idle_v1__run_002,benign,,0,0,0.0,0.4289,0.5891,0.0,0.0,0.4453,0,0,8.5179,23.2379,7.0412,1.8227,12.5094,0,0,0,0,0,0,0.9676,66.05,0.0,66.05,9096.48,8310.98,0,0.046,2.4896,0,0
2026-09-03T22:21:41.561352+00:00,benign_iot_idle_v1,benign_iot_idle_v1__run_002,benign,,0,0,0.0,0.4075,0.5721,0.0,0.0,0.5554,0,0,4.165,5.4694,4.5802,3.3664,14.6795,0,0,0,0,0,0,1.2858,73.41,0.0,73.41,8282.57,8976.4,0,0.0,1.0371,0,0
2026-09-03T22:21:46.561352+00:00,benign_iot_idle_v1,benign_iot_idle_v1__run_002,benign,,0,0,0.0,0.3815,0.5872,0.0,0.0,0.5326,0,0,2.9432,5.1204,3.2243,1.1557,6.6913,0,0,0,0,0,0,1.2692,74.26,0.0,74.26,9352.69,7084.48,0,0.0,0.7013,0,0
2026-09-03T22:21:51.561352+00:00,benign_iot_idle_v1,benign_iot_idle_v1__run_002,benign,,0,0,0.0,0.3492,0.6412,0.0,0.0,0.4796,0,0,6.5872,9.0448,7.7606,4.277,20.5915,0,0,0,0,0,0,0.8993,95.13,0.0,95.13,7943.84,6571.65,0,0.0,1.119,0,0
2026-09-03T22:21:56.561352+00:00,benign_iot_idle_v1,benign_iot_idle_v1__run_002,benign,,1,1,0.0,0.4072,0.5492,362.19,241.46,0.5061,6,4,6.7722,10.6845,7.1687,3.9568,19.0391,0,0,0,0,0,0,1.2233,60.36,0.0,60.36,9309.32,9544.93,0,0.0098,1.096,0,0
2026-09-03T22:22:01.561352+00:00,benign_iot_idle_v1,benign_iot_idle_v1__run_002,benign,,0,0,0.0,0.4488,0.5355,0.0,0.0,0.5094,0,0,4.5292,12.2695,3.8286,2.5786,11.5645,0,0,0,0,0,0,1.0368,80.87,0.0,80.87,7945.21,10003.59,0,0.0,1.1817,0,0
2026-09-03T22:22:06.561352+00:00,benign_iot_idle_v1,benign_iot_idle_v1__run_002,benign,,1,1,0.0,0.4164,0.5897,725.64,604.7,0.5258,6,5,4.8178,13.0687,3.8467,1.2986,7.7427,0,0,0,0,0,0,1.0952,120.94,0.0,120.94,7139.46,7683.82,0,0.0,1.2597,0,0
2026-09-03T22:22:11.561352+00:00,benign_iot_idle_v1,benign_iot_idle_v1__run_002,benign,,0,0,0.0,0.3944,0.5792,0.0,0.0,0.5549,0,0,8.511,13.5449,5.7388,3.4291,16.0262,0,0,0,0,0,0,1.2597,144.43,0.0,144.43,7413.71,6191.29,0,0.0,0.5401,0,0
2026-09-03T22:22:16.561352+00:00,benign_iot_idle_v1,benign_iot_idle_v1__run_002,benign,,1,1,0.0,0.4052,0.5752,692.65,692.65,0.5922,9,9,2.5332,7.2305,3.3293,2.0636,9.52,0,0,0,0,0,0,0.9136,76.96,0.0,76.96,9254.78,8642.96,0,0.0602,1.5553,0,1
2026-09-03T22:22:21.561352+00:00,benign_iot_idle_v1,benign_iot_idle_v1__run_002,benign,,0,0,0.0,0.3921,0.6036,0.0,0.0,0.4664,0,0,5.4566,8.8317,9.5548,2.5913,17.3287,0,0,0,0,0,0,0.7651,64.45,0.0,64.45,9032.44,10385.62,0,0.0,1.0698,0,0
2026-09-03T22:22:26.561352+00:00,benign_iot_idle_v1,benign_iot_idle_v1__run_002,benign,,0,0,0.0,0.4228,0.5649,0.0,0.0,0.4972,0,0,5.3748,15.0526,7.0814,4.5513,20.7351,0,0,0,0,0,0,1.225,93.58,0.0,93.58,7099.53,6905.04,0,0.0059,0.48,0,0
2026-09-03T22:22:31.561352+00:00,benign_iot_idle_v1,benign_iot_idle_v1__run_002,benign,,1,1,0.0,0.4314,0.5836,812.64,1218.95,0.4112,6,9,3.6973,6.5728,5.5216,2.6254,13.3977,0,0,0,0,0,0,0.6177,135.44,0.0,135.44,7501.98,7768.06,0,0.0028,0.9472,0,0
2026-09-03T22:22:36.561352+00:00,benign_iot_idle_v1,benign_iot_idle_v1__run_002,benign,,0,0,0.0,0.4163,0.5601,0.0,0.0,0.4756,0,0,10.6785,21.2154,7.473,2.2249,14.1477,0,0,0,0,0,0,0.8094,121.01,0.0,121.01,7765.54,9961.68,0,0.0012,1.0794,0,0
2026-09-03T22:22:41.561352+00:00,benign_iot_idle_v1,benign_iot_idle_v1__run_002,benign,,0,0,0.0,0.4194,0.5928,0.0,0.0,0.578,0,0,10.7534,16.8522,12.4315,4.4492,25.7792,0,0,0,0,0,0,1.3373,123.17,0.0,123.17,7437.43,8698.99,0,0.0194,0.6575,0,0
2026-09-03T22:22:46.561352+00:00,benign_iot_idle_v1,benign_iot_idle_v1__run_002,benign,,1,1,0.0,0.4553,0.5417,435.03,559.32,0.5293,7,9,8.1489,13.2832,6.1502,2.6943,14.233,0,0,0,0,0,0,0.7703,62.15,0.0,62.15,8236.04,10159.79,0,0.021,0.0475,0,0
2026-09-03T22:22:51.561352+00:00,benign_iot_idle_v1,benign_iot_idle_v1__run_002,benign,,1,1,0.0,0.4237,0.5942,431.88,431.88,0.5409,6,6,4.4046,11.7988,3.4482,1.0726,6.6659,0,0,0,0,0,0,0.9324,71.98,0.0,71.98,6181.01,7674.79,0,0.0132,0.7299,0,0
2026-09-03T22:22:56.561352+00:00,benign_iot_idle_v1,benign_iot_idle_v1__run_002,benign,,4,3,1.585,0.3926,0.5847,2069.99,1379.99,0.4689,24,16,2.8725,5.3029,5.4844,1.8845,11.1378,0,2,0,0,0,0,1.43,86.25,40.37,155.61,7613.54,7319.02,0,0.073,0.7972,0,0
2026-09-03T22:23:01.561352+00:00,benign_iot_idle_v1,benign_iot_idle_v1__run_002,benign,,0,0,0.0,0.3854,0.5968,0.0,0.0,0.5119,0,0,6.7886,10.0502,9.632,4.6586,23.6078,0,0,0,0,0,0,0.7388,120.74,0.0,120.74,9517.11,8046.55,0,0.0146,1.6047,0,0
2026-09-03T22:23:06.561352+00:00,benign_iot_idle_v1,benign_iot_idle_v1__run_002,benign,,2,2,1.0,0.389,0.6233,882.84,882.84,0.4996,12,12,4.2803,11.2568,5.583,2.3999,12.7828,0,1,0,0,0,0,0.9806,73.57,2.02,75.59,6704.7,9277.73,0,0.0,1.1318,0,0
2026-09-03T22:23:11.561352+00:00,benign_iot_idle_v1,benign_iot_idle_v1__run_002,benign,,0,0,0.0,0.4007,0.6129,0.0,0.0,0.5519,0,0,2.3671,6.4279,3.815,2.3289,10.8018,0,0,0,0,0,0,0.7933,57.59,0.0,57.59,8451.45,7952.76,0,0.0,0.4591,0,0
2026-09-03T22:23:16.561352+00:00,benign_iot_idle_v1,benign_iot_idle_v1__run_002,benign,,1,1,0.0,0.3768,0.6424,483.5,483.5,0.5693,5,5,9.9834,27.6678,7.9839,3.1276,17.3665,0,0,0,0,0,0,0.9312,96.7,0.0,96.7,7468.78,8555.0,0,0.0703,1.8763,0,0
2026-09-03T22:23:21.561352+00:00,benign_iot_idle_v1,benign_iot_idle_v1__run_002,benign,,2,2,1.0,0.4641,0.523,993.01,1092.31,0.5034,10,11,4.4436,12.5198,3.7446,2.7487,11.9908,0,1,0,0,0,0,0.8451,99.3,24.54,123.84,8253.13,6350.2,0,0.0217,0.6076,0,0
2026-09-03T22:23:26.561352+00:00,benign_iot_idle_v1,benign_iot_idle_v1__run_002,benign,,0,0,0.0,0.3889,0.6056,0.0,0.0,0.4552,0,0,6.0638,12.8095,3.7248,1.4879,8.1884,0,0,0,0,0,0,1.4246,84.58,0.0,84.58,8078.21,8783.88,0,0.0,0.4044,0,0
2026-09-03T22:23:31.561352+00:00,benign_iot_idle_v1,benign_iot_idle_v1__run_002,benign,,2,2,1.0,0.3957,0.5919,817.56,899.31,0.532,10,11,5.8558,10.4152,8.928,6.222,27.5941,0,0,0,0,0,0,0.9078,81.76,2.91,84.67,6335.8,7765.19,0,0.0,0.6765,0,0
2026-09-03T22:23:36.561352+00:00,benign_iot_idle_v1,benign_iot_idle_v1__run_002,benign,,2,2,1.0,0.3999,0.5982,1053.03,789.77,0.5367,8,6,3.0614,8.4248,4.1153,2.2199,10.7751,0,1,0,0,0,0,1.1459,131.63,10.89,142.52,8915.27,9226.55,0,0.0466,0.7537,0,0
2026-09-03T22:23:41.561352+00:00,benign_iot_idle_v1,benign_iot_idle_v1__run_002,benign,,0,0,0.0,0.396,0.5976,0.0,0.0,0.525,0,0,7.751,12.2168,6.5033,3.1104,15.8344,0,0,0,0,0,0,1.1601,75.26,0.0,75.26,10024.31,9159.42,0,0.0094,0.9974,0,0
2026-09-03T22:23:46.561352+00:00,benign_iot_idle_v1,benign_iot_idle_v1__run_002,benign,,0,0,0.0,0.4344,0.5572,0.0,0.0,0.5024,0,0,4.3376,8.2453,6.9661,3.8433,18.4961,0,0,0,0,0,0,1.0215,67.7,0.0,67.7,6321.97,9459.08,0,0.0,0.1347,0,0
2026-09-03T22:23:51.561352+00:00,benign_iot_idle_v1,benign_iot_idle_v1__run_002,benign,,2,2,1.0,0.4261,0.5755,1005.0,1256.25,0.5517,8,10,4.1816,12.1329,2.8981,1.7221,8.0644,0,0,0,0,0,0,0.7958,125.63,47.39,173.01,7661.69,8670.88,0,0.0211,0.7138,0,0
2026-09-03T22:23:56.561352+00:00,benign_iot_idle_v1,benign_iot_idle_v1__run_002,benign,,1,1,0.0,0.4015,0.6186,790.84,922.65,0.5606,12,14,9.7382,24.3212,8.429,2.6688,16.4353,0,0,0,0,0,0,0.8541,65.9,0.0,65.9,8109.93,6124.53,0,0.0,2.0502,0,0
2026-09-03T22:24:01.561352+00:00,benign_iot_idle_v1,benign_iot_idle_v1__run_002,benign,,2,2,1.0,0.3704,0.6449,878.2,585.47,0.589,12,8,4.3909,13.038,4.4062,3.108,13.7302,0,1,0,0,0,0,1.4826,73.18,6.73,79.91,7411.63,8893.75,0,0.0181,1.2215,0,0
2026-09-03T22:24:06.561352+00:00,benign_iot_idle_v1,benign_iot_idle_v1__run_002,benign,,4,3,1.585,0.3918,0.6084,2378.51,1444.1,0.501,28,17,3.211,5.4911,3.4677,1.7406,8.6895,0,1,0,0,0,0,1.6069,84.95,19.7,110.7,7642.41,5497.42,0,0.0691,1.3306,0,0
2026-09-03T22:24:11.561352+00:00,benign_iot_idle_v1,benign_iot_idle_v1__run_002,benign,,0,0,0.0,0.3356,0.6728,0.0,0.0,0.5178,0,0,8.6296,17.5136,11.9566,3.5974,22.7489,0,0,0,0,0,0,0.8955,108.04,0.0,108.04,7958.64,8041.37,0,0.0,1.4775,0,0
2026-09-03T22:24:16.561352+00:00,benign_iot_idle_v1,benign_iot_idle_v1__run_002,benign,,0,0,0.0,0.406,0.5868,0.0,0.0,0.5573,0,0,8.6899,25.3878,8.0164,3.5556,18.6834,0,0,0,0,0,0,1.024,99.08,0.0,99.08,7972.63,10166.21,0,0.0249,0.6028,0,0
2026-09-03T22:24:21.561352+00:00,benign_iot_idle_v1,benign_iot_idle_v1__run_002,benign,,1,1,0.0,0.3348,0.6638,397.93,318.34,0.4658,5,4,6.5964,16.9531,8.9813,2.7263,17.1601,0,0,0,0,0,0,1.1671,79.59,0.0,79.59,6502.52,9376.63,0,0.0668,0.9715,0,0
2026-09-03T22:24:26.561352+00:00,benign_iot_idle_v1,benign_iot_idle_v1__run_002,benign,,0,0,0.0,0.4223,0.5602,0.0,0.0,0.5457,0,0,4.3464,9.5052,4.654,2.6526,12.6118,0,0,0,0,0,0,0.758,63.28,0.0,63.28,10375.36,9656.96,0,0.0312,1.0681,0,0
2026-09-03T22:24:31.561352+00:00,benign_iot_idle_v1,benign_iot_idle_v1__run_002,benign,,0,0,0.0,0.3734,0.6547,0.0,0.0,0.5149,0,0,5.157,11.0622,4.8603,1.5294,9.4485,0,0,0,0,0,0,0.2911,94.67,0.0,94.67,6341.72,7508.88,0,0.0,1.9504,0,0
2026-09-03T22:24:36.561352+00:00,benign_iot_idle_v1,benign_iot_idle_v1__run_002,benign,,0,0,0.0,0.4262,0.5768,0.0,0.0,0.5256,0,0,3.103,5.3958,4.9957,1.8699,10.6053,0,0,0,0,0,0,0.964,75.1,0.0,75.1,8372.21,6548.04,0,0.0061,1.0058,0,0
2026-09-03T22:24:41.561352+00:00,benign_iot_idle_v1,benign_iot_idle_v1__run_002,benign,,4,3,1.585,0.3467,0.6677,2597.99,2056.75,0.4366,24,19,3.9852,9.997,4.7199,3.2156,14.3667,0,2,0,0,0,0,1.2343,108.25,21.11,131.05,8237.96,7319.59,0,0.0238,1.0624,0,0
2026-09-03T22:24:46.561352+00:00,benign_iot_idle_v1,benign_iot_idle_v1__run_002,benign,,2,2,1.0,0.4319,0.5569,456.01,228.0,0.4922,6,3,2.5178,3.562,4.4066,1.7259,9.5843,0,1,0,0,0,0,1.5376,76.0,1.02,77.02,8864.36,8578.39,0,0.0431,1.1507,0,0
2026-09-03T22:24:51.561352+00:00,benign_iot_idle_v1,benign_iot_idle_v1__run_002,benign,,4,3,1.585,0.41,0.6186,707.53,707.53,0.4744,8,8,3.3516,9.9476,3.4805,1.8453,9.0163,0,1,0,0,0,0,0.9149,88.44,24.04,121.73,8862.01,7894.87,0,0.0184,0.9368,0,0
2026-09-03T22:24:56.561352+00:00,benign_iot_idle_v1,benign_iot_idle_v1__run_002,benign,,1,1,0.0,0.4154,0.5794,454.84,568.55,0.4924,4,5,2.6901,4.2832,4.6692,3.3002,14.5697,0,0,0,0,0,0,0.7805,113.71,0.0,113.71,8581.98,7398.24,0,0.0303,0.4783,0,0
2026-09-03T22:25:01.561352+00:00,benign_iot_idle_v1,benign_iot_idle_v1__run_002,benign,,1,1,0.0,0.409,0.5913,700.54,630.49,0.5425,10,9,2.5888,6.6243,4.642,3.4482,14.9866,0,0,0,0,0,0,1.0514,70.05,0.0,70.05,9669.17,7502.57,0,0.0,1.0311,0,0
2026-09-03T22:25:06.561352+00:00,benign_iot_idle_v1,benign_iot_idle_v1__run_002,benign,,1,1,0.0,0.3883,0.5947,111.39,0.0,0.5232,1,0,6.0956,8.9761,4.9573,2.2213,11.6214,0,0,0,0,0,0,1.2202,111.39,0.0,111.39,7689.9,7937.18,0,0.0351,0.6497,0,0
2026-09-03T22:25:11.561352+00:00,benign_iot_idle_v1,benign_iot_idle_v1__run_002,benign,,1,1,0.0,0.4302,0.5927,871.16,497.81,0.454,7,4,3.5506,5.8911,3.4304,1.8548,8.9949,0,0,0,0,0,0,1.7247,124.45,0.0,124.45,7543.08,7842.26,0,0.0461,0.3746,0,0
2026-09-03T22:25:16.561352+00:00,benign_iot_idle_v1,benign_iot_idle_v1__run_002,benign,,1,1,0.0,0.3786,0.6528,552.08,552.08,0.4908,8,8,2.9931,4.6591,3.7954,2.1395,10.2138,0,0,0,0,0,0,0.9125,69.01,0.0,69.01,7308.92,9050.12,0,0.0275,1.7094,0,0
2026-09-03T22:25:21.561352+00:00,benign_iot_idle_v1,benign_iot_idle_v1__run_002,benign,,0,0,0.0,0.4178,0.6196,0.0,0.0,0.4828,0,0,4.5134,10.3722,5.6549,3.5091,16.1821,0,0,0,0,0,0,0.9206,104.2,0.0,104.2,7799.84,8418.61,0,0.0,1.3774,0,0
2026-09-03T22:25:26.561352+00:00,benign_iot_idle_v1,benign_iot_idle_v1__run_002,benign,,2,2,1.0,0.3921,0.6166,1031.25,589.28,0.5099,14,8,6.5017,13.5821,4.8501,3.3269,14.8309,0,0,0,0,0,0,1.6181,73.66,5.94,79.6,5802.04,9102.44,0,0.0986,0.2462,0,0
2026-09-03T22:25:31.561352+00:00,benign_iot_idle_v1,benign_iot_idle_v1__run_002,benign,,2,2,1.0,0.382,0.6503,827.97,1892.51,0.544,14,32,2.451,5.7804,3.6707,2.353,10.7298,0,0,0,0,0,0,0.4372,59.14,21.53,80.67,7885.63,7998.26,0,0.0322,0.4773,0,0
2026-09-03T22:25:36.561352+00:00,benign_iot_idle_v1,benign_iot_idle_v1__run_002,benign,,1,1,0.0,0.4036,0.6386,141.05,70.52,0.4719,2,1,4.1487,6.8465,5.5737,3.3318,15.5691,0,0,0,0,0,0,1.2371,70.52,0.0,70.52,8805.84,6973.15,0,0.0,1.041,0,0
2026-09-03T22:25:41.561352+00:00,benign_iot_idle_v1,benign_iot_idle_v1__run_002,benign,,0,0,0.0,0.3419,0.668,0.0,0.0,0.5784,0,0,2.2544,5.7279,3.7212,2.3048,10.6357,0,0,0,0,0,0,0.5515,117.44,0.0,117.44,7795.03,8068.79,0,0.0,0.5581,0,0
2026-09-03T22:25:46.561352+00:00,benign_iot_idle_v1,benign_iot_idle_v1__run_002,benign,,1,1,0.0,0.4149,0.5986,660.07,594.06,0.4285,10,9,2.2391,3.6576,3.6268,1.938,9.4407,0,0,0,0,0,0,1.0909,66.01,0.0,66.01,10049.79,8807.12,0,0.0392,2.0402,0,0
2026-09-03T22:25:51.561352+00:00,benign_iot_idle_v1,benign_iot_idle_v1__run_002,benign,,1,1,0.0,0.3985,0.6056,263.67,263.67,0.4396,4,4,2.7066,7.6151,3.7556,2.0545,9.919,0,0,0,0,0,0,0.8211,65.92,0.0,65.92,6466.04,9110.91,0,0.0455,1.7227,0,0
2026-09-03T22:25:56.561352+00:00,benign_iot_idle_v1,benign_iot_idle_v1__run_002,benign,,1,1,0.0,0.4521,0.5452,534.73,415.9,0.5306,9,7,3.2151,4.2901,3.9309,2.4694,11.339,0,0,0,0,0,0,1.1315,59.41,0.0,59.41,9077.2,8851.74,0,0.0165,1.7386,0,0
2026-09-03T22:26:01.561352+00:00,benign_iot_idle_v1,benign_iot_idle_v1__run_002,benign,,1,1,0.0,0.3992,0.5813,649.59,541.33,0.5126,6,5,4.176,5.7812,4.0109,2.4234,11.2812,0,0,0,0,0,0,1.0586,108.27,0.0,108.27,9121.62,9366.51,0,0.0423,1.1731,0,1
2026-09-03T22:26:06.561352+00:00,benign_iot_idle_v1,benign_iot_idle_v1__run_002,benign,,0,0,0.0,0.3448,0.6635,0.0,0.0,0.5321,0,0,11.5352,32.2322,8.5439,2.9964,17.5331,0,0,0,0,0,0,0.7471,69.29,0.0,69.29,8515.29,6027.66,0,0.0168,1.8255,0,0
2026-09-03T22:26:11.561352+00:00,benign_iot_idle_v1,benign_iot_idle_v1__run_002,benign,,1,1,0.0,0.4289,0.5797,410.87,342.39,0.4242,6,5,7.1812,19.1106,9.9182,3.103,19.2273,0,0,0,0,0,0,1.1035,68.48,0.0,68.48,8362.17,8118.25,0,0.0209,1.1624,0,0
2026-09-03T22:26:16.561352+00:00,benign_iot_idle_v1,benign_iot_idle_v1__run_002,benign,,0,0,0.0,0.419,0.5999,0.0,0.0,0.4027,0,0,3.2418,5.8057,5.3183,1.7526,10.5762,0,0,0,0,0,0,1.2297,80.6,0.0,80.6,7300.05,7038.41,0,0.0294,1.0145,0,0
2026-09-03T22:26:21.561352+00:00,benign_iot_idle_v1,benign_iot_idle_v1__run_002,benign,,0,0,0.0,0.4116,0.5814,0.0,0.0,0.5853,0,0,4.388,9.1231,5.3658,3.0386,14.4817,0,0,0,0,0,0,0.492,82.84,0.0,82.84,6379.31,7995.73,0,0.0009,1.2432,0,0
2026-09-03T22:26:26.561352+00:00,benign_iot_idle_v1,benign_iot_idle_v1__run_002,benign,,0,0,0.0,0.3764,0.605,0.0,0.0,0.5012,0,0,10.0362,29.2392,6.3562,3.5026,16.864,0,0,0,0,0,0,1.3762,74.91,0.0,74.91,7947.55,7546.8,0,0.0286,1.5281,0,0
2026-09-03T22:26:31.561352+00:00,benign_iot_idle_v1,benign_iot_idle_v1__run_002,benign,,0,0,0.0,0.411,0.5941,0.0,0.0,0.5099,0,0,5.6815,8.5868,4.8414,1.4042,9.0541,0,0,0,0,0,0,1.0873,95.32,0.0,95.32,9385.35,7555.07,0,0.0,1.5567,0,0
2026-09-03T22:26:36.561352+00:00,benign_iot_idle_v1,benign_iot_idle_v1__run_002,benign,,0,0,0.0,0.4171,0.6153,0.0,0.0,0.5449,0,0,7.9761,21.4731,7.6086,5.0559,22.7762,0,0,0,0,0,0,1.0317,57.12,0.0,57.12,9296.93,7105.19,0,0.0186,0.9625,0,0
2026-09-03T22:26:41.561352+00:00,benign_iot_idle_v1,benign_iot_idle_v1__run_002,benign,,3,3,1.585,0.3942,0.6225,626.76,1183.87,0.5468,9,17,2.9067,4.5608,3.5577,1.6736,8.5784,0,1,0,0,0,0,0.5158,69.64,9.09,81.29,8263.65,7943.46,0,0.0234,0.6735,0,0
2026-09-03T22:26:46.561352+00:00,benign_iot_idle_v1,benign_iot_idle_v1__run_002,benign,,0,0,0.0,0.4202,0.5994,0.0,0.0,0.4147,0,0,3.7914,9.0526,6.0314,3.6041,16.8436,0,0,0,0,0,0,1.0248,53.95,0.0,53.95,7957.32,8075.77,0,0.0314,0.9994,0,0
2026-09-03T22:26:51.561352+00:00,benign_iot_idle_v1,benign_iot_idle_v1__run_002,benign,,0,0,0.0,0.3822,0.6336,0.0,0.0,0.4553,0,0,7.1634,19.1915,6.006,4.3772,19.1375,0,0,0,0,0,0,1.0282,119.3,0.0,119.3,7388.8,7391.59,0,0.0,1.4545,0,0
2026-09-03T22:26:56.561352+00:00,benign_iot_idle_v1,benign_iot_idle_v1__run_002,benign,,1,1,0.0,0.3848,0.6002,334.0,286.29,0.5347,7,6,7.5981,10.5544,9.8054,3.0864,19.0646,0,0,0,0,0,0,1.0041,47.71,0.0,47.71,6926.61,9240.04,0,0.0108,0.7933,0,0
2026-09-03T22:27:01.561352+00:00,benign_iot_idle_v1,benign_iot_idle_v1__run_002,benign,,0,0,0.0,0.4293,0.5799,0.0,0.0,0.5046,0,0,3.3042,7.4047,5.6968,2.4377,13.01,0,0,0,0,0,0,0.8751,119.25,0.0,119.25,7372.63,8921.63,0,0.0485,0.2612,0,0
2026-09-03T22:27:06.561352+00:00,benign_iot_idle_v1,benign_iot_idle_v1__run_002,benign,,1,1,0.0,0.3635,0.6542,536.81,536.81,0.4316,6,6,6.5554,18.3823,6.0929,3.28,15.9328,0,0,0,0,0,0,0.9236,89.47,0.0,89.47,7364.27,9455.95,0,0.0013,0.5275,0,0
2026-09-03T22:27:11.561352+00:00,benign_iot_idle_v1,benign_iot_idle_v1__run_002,benign,,3,3,1.585,0.4167,0.5682,1965.53,2784.5,0.5246,24,34,7.9649,15.5641,8.4011,5.0725,23.6187,0,1,0,0,0,0,0.6992,81.9,38.27,135.93,9624.02,7607.18,0,0.1014,0.3803,0,0
2026-09-03T22:27:16.561352+00:00,benign_iot_idle_v1,benign_iot_idle_v1__run_002,benign,,0,0,0.0,0.4307,0.5579,0.0,0.0,0.573,0,0,9.193,25.5702,6.3318,3.5674,17.0341,0,0,0,0,0,0,0.6842,139.66,0.0,139.66,9653.69,9892.95,0,0.0546,1.1319,0,0
2026-09-03T22:27:21.561352+00:00,benign_iot_idle_v1,benign_iot_idle_v1__run_002,benign,,3,3,1.585,0.416,0.5842,2250.52,1929.01,0.529,21,18,2.1781,3.158,3.5213,1.5011,8.0247,0,1,0,0,0,0,1.1666,107.17,21.23,126.83,8746.89,8043.32,0,0.0329,0.8179,0,0
2026-09-03T22:27:26.561352+00:00,benign_iot_idle_v1,benign_iot_idle_v1__run_002,benign,,1,1,0.0,0.4451,0.5434,570.97,1386.65,0.4649,7,17,3.6578,9.4789,4.0393,1.2828,7.8875,0,0,0,0,0,0,0.3944,81.57,0.0,81.57,10019.49,8714.38,0,0.0529,0.9076,0,0
2026-09-03T22:27:31.561352+00:00,benign_iot_idle_v1,benign_iot_idle_v1__run_002,benign,,0,0,0.0,0.4074,0.6049,0.0,0.0,0.4919,0,0,6.5497,15.3846,6.374,1.9801,12.3143,0,0,0,0,0,0,1.4069,87.84,0.0,87.84,8659.95,7619.28,0,0.021,1.0721,0,0
2026-09-03T22:27:36.561352+00:00,benign_iot_idle_v1,benign_iot_idle_v1__run_002,benign,,0,0,0.0,0.4039,0.6273,0.0,0.0,0.5258,0,0,11.5023,14.4766,9.149,2.5304,16.7401,0,0,0,0,0,0,1.0404,81.93,0.0,81.93,8495.33,7345.08,0,0.017,1.1294,0,0
2026-09-03T22:27:41.561352+00:00,benign_iot_idle_v1,benign_iot_idle_v1__run_002,benign,,0,0,0.0,0.4437,0.5855,0.0,0.0,0.5166,0,0,4.0888,8.8062,4.782,1.8611,10.3654,0,0,0,0,0,0,0.4988,112.35,0.0,112.35,9234.38,9535.2,0,0.0129,0.26,0,0
2026-09-03T22:27:46.561352+00:00,benign_iot_idle_v1,benign_iot_idle_v1__run_002,benign,,1,1,0.0,0.4213,0.56,397.73,397.73,0.5231,6,6,3.0763,4.6461,3.953,2.8436,12.4837,0,0,0,0,0,0,0.8698,66.29,0.0,66.29,7661.96,6820.68,0,0.0131,0.0712,0,0
2026-09-03T22:27:51.561352+00:00,benign_iot_idle_v1,benign_iot_idle_v1__run_002,benign,,0,0,0.0,0.4142,0.5915,0.0,0.0,0.5272,0,0,6.0794,16.1936,4.4892,1.4759,8.9171,0,0,0,0,0,0,1.2113,90.44,0.0,90.44,7984.94,9082.22,0,0.022,0.4834,0,0
2026-09-03T22:27:56.561352+00:00,benign_iot_idle_v1,benign_iot_idle_v1__run_002,benign,,0,0,0.0,0.3867,0.6157,0.0,0.0,0.5429,0,0,5.1818,14.0376,5.7284,3.1795,15.267,0,0,0,0,0,0,1.3618,110.63,0.0,110.63,9180.68,7723.52,0,0.0,1.6078,0,0
2026-09-03T22:28:01.561352+00:00,benign_iot_idle_v1,benign_iot_idle_v1__run_002,benign,,1,1,0.0,0.3993,0.5851,308.41,176.23,0.5617,7,4,2.2503,4.2844,4.2421,2.0244,10.3153,0,0,0,0,0,0,1.4843,44.06,0.0,44.06,7730.85,7762.21,0,0.0,1.2542,0,0
2026-09-03T22:28:06.561352+00:00,benign_iot_idle_v1,benign_iot_idle_v1__run_002,benign,,0,0,0.0,0.3971,0.5838,0.0,0.0,0.5232,0,0,4.7346,10.4792,5.394,2.8287,13.8801,0,0,0,0,0,0,0.9686,80.53,0.0,80.53,8946.38,7376.7,0,0.0,1.2345,0,0
2026-09-03T22:28:11.561352+00:00,benign_iot_idle_v1,benign_iot_idle_v1__run_002,benign,,1,1,0.0,0.4371,0.5675,291.72,166.7,0.5405,7,4,7.3955,11.2358,5.4764,2.4726,12.8943,0,0,0,0,0,0,1.5864,41.67,0.0,41.67,8326.3,8982.26,0,0.0135,0.4037,0,0
2026-09-03T22:28:16.561352+00:00,benign_iot_idle_v1,benign_iot_idle_v1__run_002,benign,,0,0,0.0,0.4017,0.5954,0.0,0.0,0.5188,0,0,4.6378,11.2387,4.7983,1.8298,10.2878,0,0,0,0,0,0,1.5313,58.56,0.0,58.56,8613.06,8322.06,0,0.0,1.3577,0,0
2026-09-03T22:28:21.561352+00:00,benign_iot_idle_v1,benign_iot_idle_v1__run_002,benign,,1,1,0.0,0.3945,0.5962,1180.38,1442.69,0.4977,9,11,12.2037,25.4575,7.1917,2.6243,15.0646,0,0,0,0,0,0,0.7557,131.15,0.0,131.15,9425.88,9224.65,0,0.0416,0.8559,0,0
2026-09-03T22:28:26.561352+00:00,benign_iot_idle_v1,benign_iot_idle_v1__run_002,benign,,1,1,0.0,0.4215,0.577,552.48,828.72,0.4835,6,9,2.6554,6.4376,4.6847,3.3063,14.6037,0,0,0,0,0,0,0.6598,92.08,0.0,92.08,7739.94,7317.82,0,0.0977,1.5987,0,0
2026-09-03T22:28:31.561352+00:00,benign_iot_idle_v1,benign_iot_idle_v1__run_002,benign,,0,0,0.0,0.3931,0.6167,0.0,0.0,0.486,0,0,6.3339,9.2276,5.1287,1.9184,10.8841,0,0,0,0,0,0,0.9641,122.32,0.0,122.32,8949.29,8267.31,0,0.0285,1.2009,0,0
2026-09-03T22:28:36.561352+00:00,benign_iot_idle_v1,benign_iot_idle_v1__run_002,benign,,1,1,0.0,0.4144,0.6074,302.55,151.28,0.544,4,2,4.6351,5.9346,8.5426,6.3108,27.475,0,0,0,0,0,0,1.5267,75.64,0.0,75.64,6929.86,9286.11,0,0.0261,0.0965,0,0
2026-09-03T22:28:41.561352+00:00,benign_iot_idle_v1,benign_iot_idle_v1__run_002,benign,,1,1,0.0,0.3854,0.5955,403.42,953.54,0.4506,11,26,2.1318,5.66,4.0918,2.0222,10.1586,0,0,0,0,0,0,0.4196,36.67,0.0,36.67,9060.85,9268.02,0,0.0,0.7653,0,0
2026-09-03T22:28:46.561352+00:00,benign_iot_idle_v1,benign_iot_idle_v1__run_002,benign,,1,1,0.0,0.4057,0.5988,532.13,372.49,0.5589,10,7,4.0421,4.9525,6.5815,4.1086,18.9074,0,0,0,0,0,0,1.2599,53.21,0.0,53.21,8374.98,9078.92,0,0.0,1.6414,0,0
2026-09-03T22:28:51.561352+00:00,benign_iot_idle_v1,benign_iot_idle_v1__run_002,benign,,2,2,1.0,0.3592,0.6332,1268.64,815.55,0.4692,14,9,4.4782,9.6903,3.4834,2.1996,10.082,0,1,0,0,0,0,1.4414,90.62,5.36,95.98,8308.9,8160.41,0,0.0587,0.1289,0,0
2026-09-03T22:28:56.561352+00:00,benign_iot_idle_v1,benign_iot_idle_v1__run_002,benign,,0,0,0.0,0.4051,0.5811,0.0,0.0,0.4658,0,0,4.9583,7.8088,4.4447,2.3097,11.3737,0,0,0,0,0,0,1.2714,53.67,0.0,53.67,8453.39,7969.82,0,0.0,0.8836,0,0
2026-09-03T22:29:01.561352+00:00,benign_iot_idle_v1,benign_iot_idle_v1__run_002,benign,,0,0,0.0,0.4379,0.5697,0.0,0.0,0.4656,0,0,8.9576,11.5115,8.1259,5.4338,24.4272,0,0,0,0,0,0,1.5343,98.61,0.0,98.61,7589.41,8262.46,0,0.0341,0.9636,0,0
2026-09-03T22:29:06.561352+00:00,benign_iot_idle_v1,benign_iot_idle_v1__run_002,benign,,1,1,0.0,0.3997,0.5957,661.13,396.68,0.5197,5,3,12.2243,21.408,9.8841,3.358,19.9582,0,0,0,0,0,0,1.3372,132.23,0.0,132.23,7749.28,8631.39,0,0.042,2.3111,0,0
2026-09-03T22:29:11.561352+00:00,benign_iot_idle_v1,benign_iot_idle_v1__run_002,benign,,1,1,0.0,0.437,0.5567,362.19,362.19,0.5174,3,3,10.8732,31.6225,8.839,4.4768,22.2695,0,0,0,0,0,0,0.7912,120.73,0.0,120.73,8548.16,5681.28,0,0.0,1.3457,0,0
2026-09-03T22:29:16.561352+00:00,benign_iot_idle_v1,benign_iot_idle_v1__run_002,benign,,1,1,0.0,0.3797,0.6673,232.51,232.51,0.3955,3,3,6.2579,15.354,4.3947,1.2489,8.1413,0,0,0,0,0,0,0.8622,77.5,0.0,77.5,9047.63,7518.97,0,0.0154,0.6693,0,0
2026-09-03T22:29:21.561352+00:00,benign_iot_idle_v1,benign_iot_idle_v1__run_002,benign,,0,0,0.0,0.3786,0.6141,0.0,0.0,0.5985,0,0,3.4955,6.9519,5.2689,3.7002,16.3694,0,0,0,0,0,0,0.91,102.35,0.0,102.35,8431.84,9728.9,0,0.0001,0.0477,0,0
2026-09-03T22:29:26.561352+00:00,benign_iot_idle_v1,benign_iot_idle_v1__run_002,benign,,1,1,0.0,0.3743,0.5972,578.72,330.7,0.5143,7,4,4.1664,5.7386,3.6066,1.5006,8.1083,0,0,0,0,0,0,1.6826,82.67,0.0,82.67,7828.04,8296.08,0,0.0098,1.097,0,0
2026-09-03T22:29:31.561352+00:00,benign_iot_idle_v1,benign_iot_idle_v1__run_002,benign,,1,1,0.0,0.3981,0.5725,433.0,309.28,0.4987,7,5,2.8962,8.3282,4.7609,2.73,12.9509,0,0,0,0,0,0,1.3137,61.86,0.0,61.86,7157.57,7022.98,0,0.0384,1.376,0,0
2026-09-03T22:29:36.561352+00:00,benign_iot_idle_v1,benign_iot_idle_v1__run_002,benign,,0,0,0.0,0.3988,0.6047,0.0,0.0,0.5077,0,0,7.2557,16.5062,9.381,6.4396,28.6998,0,0,0,0,0,0,0.3863,83.35,0.0,83.35,7751.77,7258.39,0,0.0,0.5275,0,0
2026-09-03T22:29:41.561352+00:00,benign_iot_idle_v1,benign_iot_idle_v1__run_002,benign,,0,0,0.0,0.3682,0.6226,0.0,0.0,0.4943,0,0,9.2551,13.179,8.109,4.6674,22.1111,0,0,0,0,0,0,0.9068,119.2,0.0,119.2,8284.07,9469.35,0,0.0,1.4391,0,0
2026-09-03T22:29:46.561352+00:00,benign_iot_idle_v1,benign_iot_idle_v1__run_002,benign,,0,0,0.0,0.4064,0.6081,0.0,0.0,0.5269,0,0,9.9736,16.1022,8.2171,2.9956,17.204,0,0,0,0,0,0,1.1775,86.53,0.0,86.53,8443.04,8071.66,0,0.0479,1.5884,0,0
2026-09-03T22:29:51.561352+00:00,benign_iot_idle_v1,benign_iot_idle_v1__run_002,benign,,0,0,0.0,0.4092,0.5835,0.0,0.0,0.5486,0,0,3.3704,5.6456,7.025,3.5772,17.7566,0,0,0,0,0,0,1.1093,175.59,0.0,175.59,8715.12,7069.56,0,0.0349,0.6946,0,0
2026-09-03T22:29:56.561352+00:00,benign_iot_idle_v1,benign_iot_idle_v1__run_002,benign,,0,0,0.0,0.3712,0.6213,0.0,0.0,0.5153,0,0,10.7356,25.076,6.7636,1.9592,12.6412,0,0,0,0,0,0,1.1337,75.16,0.0,75.16,7276.67,8031.25,0,0.0522,0.2608,0,0
2026-09-03T22:30:01.561352+00:00,benign_iot_idle_v1,benign_iot_idle_v1__run_002,benign,,1,1,0.0,0.431,0.576,531.71,319.02,0.5853,5,3,3.9386,7.8218,4.7574,2.69,12.8276,0,0,0,0,0,0,1.5391,106.34,0.0,106.34,7790.84,6442.44,0,0.0802,1.1074,0,0
2026-09-03T22:30:06.561352+00:00,benign_iot_idle_v1,benign_iot_idle_v1__run_002,benign,,0,0,0.0,0.429,0.5594,0.0,0.0,0.504,0,0,3.7595,7.7494,3.2241,1.9512,9.0777,0,0,0,0,0,0,0.8498,80.29,0.0,80.29,9822.62,8040.33,0,0.0,0.5645,0,0
2026-09-03T22:30:11.561352+00:00,benign_iot_idle_v1,benign_iot_idle_v1__run_002,benign,,0,0,0.0,0.3846,0.6453,0.0,0.0,0.4536,0,0,4.9969,11.9824,8.0482,4.6451,21.9835,0,0,0,0,0,0,0.4334,79.73,0.0,79.73,9015.93,8221.89,0,0.0304,0.7474,0,0
2026-09-03T22:30:16.561352+00:00,benign_iot_idle_v1,benign_iot_idle_v1__run_002,benign,,2,2,1.0,0.3836,0.6293,725.47,453.42,0.4969,8,5,3.9864,8.5991,3.1841,1.946,9.022,0,1,0,0,0,0,1.3599,90.68,13.62,104.3,7939.02,9280.48,0,0.052,0.6104,0,0
2026-09-03T22:30:21.561352+00:00,benign_iot_idle_v1,benign_iot_idle_v1__run_002,benign,,1,1,0.0,0.3843,0.5876,380.06,316.72,0.4668,6,5,3.319,8.5513,4.6358,1.6679,9.6394,0,0,0,0,0,0,1.021,63.34,0.0,63.34,9662.24,9423.4,0,0.0654,0.8183,0,0
2026-09-03T22:30:26.561352+00:00,benign_iot_idle_v1,benign_iot_idle_v1__run_002,benign,,0,0,0.0,0.438,0.5634,0.0,0.0,0.4569,0,0,9.3402,12.2115,8.04,3.05,17.1899,0,0,0,0,0,0,0.9393,93.14,0.0,93.14,8020.27,8799.92,0,0.0523,1.3665,0,0
2026-09-03T22:30:31.561352+00:00,benign_iot_idle_v1,benign_iot_idle_v1__run_002,benign,,1,1,0.0,0.4067,0.5851,205.19,359.08,0.5702,4,7,3.0042,8.7707,5.5987,3.5852,16.3544,0,0,0,0,0,0,0.5082,51.3,0.0,51.3,5519.75,6671.89,0,0.0283,1.4094,0,0
2026-09-03T22:30:36.561352+00:00,benign_iot_idle_v1,benign_iot_idle_v1__run_002,benign,,0,0,0.0,0.3968,0.5773,0.0,0.0,0.5305,0,0,7.1132,8.5731,6.624,3.7466,17.8639,0,0,0,0,0,0,0.4947,107.43,0.0,107.43,7178.84,6962.71,0,0.0313,1.2804,0,0
2026-09-03T22:30:41.561352+00:00,benign_iot_idle_v1,benign_iot_idle_v1__run_002,benign,,0,0,0.0,0.4262,0.5621,0.0,0.0,0.5972,0,0,3.5844,9.2236,5.0074,2.9839,13.9592,0,0,0,0,0,0,1.2812,136.2,0.0,136.2,7034.89,9573.29,0,0.0247,2.1993,0,0
2026-09-03T22:30:46.561352+00:00,benign_iot_idle_v1,benign_iot_idle_v1__run_002,benign,,0,0,0.0,0.3933,0.5717,0.0,0.0,0.5278,0,0,4.496,12.3536,5.816,3.8072,17.2377,0,0,0,0,0,0,1.5546,68.74,0.0,68.74,8879.15,7950.97,0,0.0326,1.4458,0,0
2026-09-03T22:30:51.561352+00:00,benign_iot_idle_v1,benign_iot_idle_v1__run_002,benign,,2,2,1.0,0.4213,0.5884,2344.41,3125.88,0.5711,24,32,3.5012,9.8103,4.6778,3.2133,14.3177,0,0,0,0,0,0,0.7333,97.68,24.7,122.38,9033.54,7065.92,0,0.0553,0.2358,0,0
2026-09-03T22:30:56.561352+00:00,benign_iot_idle_v1,benign_iot_idle_v1__run_002,benign,,1,1,0.0,0.379,0.6002,744.31,956.97,0.4824,7,9,8.8409,13.1767,7.8702,3.6243,18.743,0,0,0,0,0,0,0.7744,106.33,0.0,106.33,7091.75,7400.47,0,0.0224,0.7415,0,0
2026-09-03T22:31:01.561352+00:00,benign_iot_idle_v1,benign_iot_idle_v1__run_002,benign,,2,2,1.0,0.4102,0.6011,1282.02,1025.62,0.4067,10,8,5.1849,8.9477,3.3705,0.9794,6.3086,0,0,0,0,0,0,1.2168,128.2,46.49,174.69,8559.53,8183.26,0,0.0,0.2206,0,0
2026-09-03T22:31:06.561352+00:00,benign_iot_idle_v1,benign_iot_idle_v1__run_002,benign,,2,2,1.0,0.3903,0.604,546.44,728.58,0.5061,6,8,2.2909,6.832,3.7659,2.2341,10.4682,0,0,0,0,0,0,0.7215,91.07,21.79,112.86,7919.52,6821.8,0,0.0172,0.9907,0,0
2026-09-03T22:31:11.561352+00:00,benign_iot_idle_v1,benign_iot_idle_v1__run_002,benign,,2,2,1.0,0.3856,0.5988,964.67,723.5,0.4869,8,6,2.4592,3.6399,3.8944,2.3572,10.9659,0,0,0,0,0,0,1.2629,120.58,61.94,182.53,10311.58,8812.12,0,0.0274,0.907,0,0
2026-09-03T22:31:16.561352+00:00,benign_iot_idle_v1,benign_iot_idle_v1__run_002,benign,,0,0,0.0,0.4131,0.6084,0.0,0.0,0.4709,0,0,3.0946,4.6839,3.2128,1.2787,7.049,0,0,0,0,0,0,1.2619,92.13,0.0,92.13,6455.51,7481.3,0,0.0,1.0238,0,0
2026-09-03T22:31:21.561352+00:00,benign_iot_idle_v1,benign_iot_idle_v1__run_002,benign,,1,1,0.0,0.3604,0.6564,937.39,1031.13,0.5356,10,11,4.7087,12.9474,6.3205,3.7725,17.638,0,0,0,0,0,0,0.9086,93.74,0.0,93.74,9459.91,7527.65,0,0.0288,1.315,0,0
2026-09-03T22:31:26.561352+00:00,benign_iot_idle_v1,benign_iot_idle_v1__run_002,benign,,0,0,0.0,0.4224,0.5943,0.0,0.0,0.5021,0,0,5.1129,14.2712,8.2549,3.1067,17.5749,0,0,0,0,0,0,1.1383,47.16,0.0,47.16,8524.59,9922.11,0,0.0314,0.3642,0,0
2026-09-03T22:31:31.561352+00:00,benign_iot_idle_v1,benign_iot_idle_v1__run_002,benign,,0,0,0.0,0.3886,0.6119,0.0,0.0,0.5029,0,0,7.4344,15.0837,7.9148,3.3088,17.8411,0,0,0,0,0,0,1.6482,117.96,0.0,117.96,9530.12,9958.32,0,0.0205,0.8139,0,0
2026-09-03T22:31:36.561352+00:00,benign_iot_idle_v1,benign_iot_idle_v1__run_002,benign,,0,0,0.0,0.3787,0.6369,0.0,0.0,0.5257,0,0,8.0741,16.0594,6.4957,3.1373,15.9076,0,0,0,0,0,0,0.8752,130.25,0.0,130.25,8199.44,8587.31,0,0.056,1.1998,0,0
2026-09-03T22:31:41.561352+00:00,benign_iot_idle_v1,benign_iot_idle_v1__run_002,benign,,0,0,0.0,0.4219,0.5681,0.0,0.0,0.5476,0,0,6.0965,15.238,5.783,3.7887,17.1492,0,0,0,0,0,0,1.1273,187.41,0.0,187.41,10189.99,7937.89,0,0.0,1.4251,0,0
2026-09-03T22:31:46.561352+00:00,benign_iot_idle_v1,benign_iot_idle_v1__run_002,benign,,0,0,0.0,0.381,0.6566,0.0,0.0,0.4547,0,0,5.8743,12.9801,6.9586,2.4761,14.3868,0,0,0,0,0,0,0.7395,141.6,0.0,141.6,7335.74,8619.53,0,0.0,0.7494,0,0
2026-09-03T22:31:51.561352+00:00,benign_iot_idle_v1,benign_iot_idle_v1__run_002,benign,,1,1,0.0,0.4176,0.6227,794.22,873.64,0.4588,10,11,6.2992,15.281,7.268,3.0233,16.3378,0,0,0,0,0,0,0.8856,79.42,0.0,79.42,10773.42,6936.17,0,0.0,0.8621,0,0
2026-09-03T22:31:56.561352+00:00,benign_iot_idle_v1,benign_iot_idle_v1__run_002,benign,,2,2,1.0,0.3819,0.628,813.06,487.83,0.5291,10,6,5.154,13.1929,4.5451,3.1968,14.1355,0,1,0,0,0,0,1.5224,81.31,15.05,96.36,8305.81,9109.84,0,0.0027,0.589,0,0
2026-09-03T22:32:01.561352+00:00,benign_iot_idle_v1,benign_iot_idle_v1__run_002,benign,,0,0,0.0,0.3951,0.6072,0.0,0.0,0.5692,0,0,6.2717,10.3418,4.9403,2.8723,13.5571,0,0,0,0,0,0,0.7203,120.91,0.0,120.91,8121.61,5986.15,0,0.0,0.0303,0,0
2026-09-03T22:32:06.561352+00:00,benign_iot_idle_v1,benign_iot_idle_v1__run_002,benign,,3,3,1.585,0.3662,0.6613,1564.51,1564.51,0.5391,15,15,3.4769,5.509,3.6772,1.6857,8.7343,0,1,0,0,0,0,0.94,104.3,12.15,118.48,10155.64,8515.01,0,0.0228,0.8543,0,0
2026-09-03T22:32:11.561352+00:00,benign_iot_idle_v1,benign_iot_idle_v1__run_002,benign,,0,0,0.0,0.326,0.6915,0.0,0.0,0.4646,0,0,3.6231,10.1089,4.7712,3.2977,14.6643,0,0,0,0,0,0,1.4868,93.36,0.0,93.36,10101.73,6783.38,0,0.0,1.8707,0,0
2026-09-03T22:32:16.561352+00:00,benign_iot_idle_v1,benign_iot_idle_v1__run_002,benign,,1,1,0.0,0.3987,0.6111,526.37,394.78,0.4777,4,3,10.5185,12.7983,7.4578,3.6033,18.2678,0,0,0,0,0,0,1.3019,131.59,0.0,131.59,8623.69,7032.34,0,0.0572,0.9844,0,0
2026-09-03T22:32:21.561352+00:00,benign_iot_idle_v1,benign_iot_idle_v1__run_002,benign,,1,1,0.0,0.3721,0.5826,351.3,175.65,0.5436,4,2,5.1913,11.9736,4.2556,1.6505,9.207,0,0,0,0,0,0,1.6593,87.82,0.0,87.82,7791.95,7654.17,0,0.1025,0.0,0,0
2026-09-03T22:32:26.561352+00:00,benign_iot_idle_v1,benign_iot_idle_v1__run_002,benign,,0,0,0.0,0.3997,0.5948,0.0,0.0,0.5716,0,0,9.51,27.0534,9.3823,5.6504,26.3334,0,0,0,0,0,0,1.2302,68.5,0.0,68.5,7748.57,6525.17,0,0.0,1.0008,0,0
2026-09-03T22:32:31.561352+00:00,benign_iot_idle_v1,benign_iot_idle_v1__run_002,benign,,1,1,0.0,0.4027,0.599,558.11,465.09,0.5579,6,5,5.6483,10.6624,4.7632,2.7598,13.0425,0,0,0,0,0,0,1.1074,93.02,0.0,93.02,8477.24,6191.69,0,0.0824,0.2873,0,0
2026-09-03T22:32:36.561352+00:00,benign_iot_idle_v1,benign_iot_idle_v1__run_002,benign,,2,2,1.0,0.3923,0.5867,868.43,744.37,0.505,14,12,2.5362,4.8588,3.4288,1.529,8.0158,0,1,0,0,0,0,1.1069,62.03,1.67,63.7,9030.79,8165.86,0,0.0914,0.849,0,0
2026-09-03T22:32:41.561352+00:00,benign_iot_idle_v1,benign_iot_idle_v1__run_002,benign,,0,0,0.0,0.3524,0.6438,0.0,0.0,0.5112,0,0,7.614,11.4061,6.7403,3.1476,16.1831,0,0,0,0,0,0,1.0175,50.28,0.0,50.28,8711.19,7091.65,0,0.0,1.1638,0,0
2026-09-03T22:32:46.561352+00:00,benign_iot_idle_v1,benign_iot_idle_v1__run_002,benign,,0,0,0.0,0.4219,0.5605,0.0,0.0,0.4637,0,0,7.8159,18.3067,7.7069,4.3926,20.8847,0,0,0,0,0,0,1.5098,101.07,0.0,101.07,8382.62,8584.76,0,0.0,0.5452,0,0
2026-09-03T22:32:51.561352+00:00,benign_iot_idle_v1,benign_iot_idle_v1__run_002,benign,,4,3,1.585,0.3926,0.6356,1264.33,1027.27,0.4511,16,13,2.7795,4.8331,3.6872,1.21,7.3172,0,2,0,0,0,0,1.1772,79.02,17.89,101.19,8004.82,7131.41,0,0.0,0.5841,0,0
2026-09-03T22:32:56.561352+00:00,benign_iot_idle_v1,benign_iot_idle_v1__run_002,benign,,0,0,0.0,0.3393,0.7048,0.0,0.0,0.4683,0,0,6.4688,14.3772,6.6294,4.0567,18.7996,0,0,0,0,0,0,0.68,91.04,0.0,91.04,8300.43,8633.43,0,0.0,1.4002,0,0
2026-09-03T22:33:01.561352+00:00,benign_iot_idle_v1,benign_iot_idle_v1__run_002,benign,,0,0,0.0,0.3509,0.624,0.0,0.0,0.4954,0,0,7.1095,18.1361,6.0373,4.1068,18.3575,0,0,0,0,0,0,0.9416,82.24,0.0,82.24,8301.34,9325.87,0,0.0,0.5273,0,0
2026-09-03T22:33:06.561352+00:00,benign_iot_idle_v1,benign_iot_idle_v1__run_002,benign,,1,1,0.0,0.3818,0.6017,506.89,434.48,0.5299,7,6,3.2695,6.1969,3.6109,2.3344,10.6139,0,0,0,0,0,0,1.135,72.41,0.0,72.41,9658.71,8954.6,0,0.0,0.3793,0,0
2026-09-03T22:33:11.561352+00:00,benign_iot_idle_v1,benign_iot_idle_v1__run_002,benign,,1,1,0.0,0.416,0.6,266.72,133.36,0.537,4,2,6.2932,13.18,6.1122,2.9732,15.0317,0,0,0,0,0,0,1.369,66.68,0.0,66.68,8434.25,7777.63,0,0.0091,0.8476,0,0
2026-09-03T22:33:16.561352+00:00,benign_iot_idle_v1,benign_iot_idle_v1__run_002,benign,,0,0,0.0,0.3949,0.6377,0.0,0.0,0.4139,0,0,8.2501,15.7578,6.4664,3.2353,16.1722,0,0,0,0,0,0,1.4954,94.28,0.0,94.28,7265.5,8404.04,0,0.0,1.3175,0,0
2026-09-03T22:33:21.561352+00:00,benign_iot_idle_v1,benign_iot_idle_v1__run_002,benign,,1,1,0.0,0.3863,0.6196,568.76,379.17,0.4646,6,4,3.7506,6.9907,3.2442,1.5794,7.9824,0,0,0,0,0,0,1.2688,94.79,0.0,94.79,8431.55,9627.17,0,0.0384,1.7051,0,0
2026-09-03T22:33:26.561352+00:00,benign_iot_idle_v1,benign_iot_idle_v1__run_002,benign,,0,0,0.0,0.4234,0.5668,0.0,0.0,0.5451,0,0,7.1797,12.3973,8.9874,4.7041,23.0997,0,0,0,0,0,0,0.7326,86.82,0.0,86.82,7815.53,8859.88,0,0.0,0.9447,0,0
2026-09-03T22:33:31.561352+00:00,benign_iot_idle_v1,benign_iot_idle_v1__run_002,benign,,0,0,0.0,0.4384,0.546,0.0,0.0,0.4682,0,0,11.7374,15.4899,8.0981,4.6609,22.0809,0,0,0,0,0,0,1.4635,58.57,0.0,58.57,8595.96,8624.17,0,0.0,1.2321,0,0
2026-09-03T22:33:36.561352+00:00,benign_iot_idle_v1,benign_iot_idle_v1__run_002,benign,,0,0,0.0,0.3735,0.6119,0.0,0.0,0.5331,0,0,5.2592,8.7417,8.8497,5.0849,24.1044,0,0,0,0,0,0,1.511,87.38,0.0,87.38,8443.84,8784.57,0,0.0222,0.9444,0,0
2026-09-03T22:33:41.561352+00:00,benign_iot_idle_v1,benign_iot_idle_v1__run_002,benign,,0,0,0.0,0.4005,0.6022,0.0,0.0,0.4805,0,0,9.0209,17.9901,6.5011,2.9976,15.494,0,0,0,0,0,0,0.9171,71.37,0.0,71.37,7933.17,6231.13,0,0.0,0.552,0,0
2026-09-03T22:33:46.561352+00:00,benign_iot_idle_v1,benign_iot_idle_v1__run_002,benign,,3,3,1.585,0.4183,0.6192,1658.53,1579.55,0.5117,21,20,4.8468,6.8914,3.6294,2.1809,10.1722,0,1,0,0,0,0,1.031,78.98,13.03,95.55,8330.39,8370.62,0,0.0,0.7916,0,0
2026-09-03T22:33:51.561352+00:00,benign_iot_idle_v1,benign_iot_idle_v1__run_002,benign,,1,1,0.0,0.403,0.6128,1168.71,1274.96,0.5331,11,12,4.1645,6.4383,3.7037,1.5103,8.2346,0,0,0,0,0,0,0.8564,106.25,0.0,106.25,9140.67,6675.94,0,0.0186,1.402,0,0
2026-09-03T22:33:56.561352+00:00,benign_iot_idle_v1,benign_iot_idle_v1__run_002,benign,,1,1,0.0,0.4097,0.5952,391.01,293.26,0.5449,4,3,4.933,13.3095,3.2085,1.4107,7.4407,0,0,0,0,0,0,1.3221,97.75,0.0,97.75,8972.34,8743.92,0,0.0249,0.6983,0,0
2026-09-03T22:34:01.561352+00:00,benign_iot_idle_v1,benign_iot_idle_v1__run_002,benign,,0,0,0.0,0.3784,0.5839,0.0,0.0,0.4932,0,0,5.1513,14.1965,5.7039,3.7306,16.8956,0,0,0,0,0,0,1.2092,71.67,0.0,71.67,8101.49,6622.64,0,0.0,1.0671,0,0
2026-09-03T22:34:06.561352+00:00,benign_iot_idle_v1,benign_iot_idle_v1__run_002,benign,,2,2,1.0,0.4053,0.5685,893.65,893.65,0.4496,8,8,6.3094,17.1983,5.9348,3.8956,17.6217,0,1,0,0,0,0,0.9195,111.71,9.48,121.18,7377.69,8717.55,0,0.0432,0.7397,0,0
2026-09-03T22:34:11.561352+00:00,benign_iot_idle_v1,benign_iot_idle_v1__run_002,benign,,0,0,0.0,0.4024,0.595,0.0,0.0,0.5108,0,0,5.5305,13.0846,7.7549,5.2102,23.3855,0,0,0,0,0,0,1.0955,140.5,0.0,140.5,7689.62,9470.79,0,0.0,0.8284,0,0
2026-09-03T22:34:16.561352+00:00,benign_iot_idle_v1,benign_iot_idle_v1__run_002,benign,,1,1,0.0,0.4284,0.5301,527.15,474.43,0.5778,10,9,3.2213,7.9611,3.4498,2.1668,9.9503,0,0,0,0,0,0,1.0598,52.71,0.0,52.71,7109.42,7745.04,0,0.0189,0.2848,0,0
2026-09-03T22:34:21.561352+00:00,benign_iot_idle_v1,benign_iot_idle_v1__run_002,benign,,2,2,1.0,0.3368,0.6795,1100.7,786.21,0.5634,14,10,2.2929,5.4535,4.7989,3.5406,15.4206,0,0,0,0,0,0,1.2953,78.62,5.0,83.62,7127.5,8766.72,0,0.0129,1.3749,0,0
2026-09-03T22:34:26.561352+00:00,benign_iot_idle_v1,benign_iot_idle_v1__run_002,benign,,0,0,0.0,0.3877,0.621,0.0,0.0,0.5563,0,0,12.8071,27.0505,8.1618,2.5287,15.7477,0,0,0,0,0,0,1.0606,38.72,0.0,38.72,8217.8,8342.18,0,0.0546,0.9724,0,0
2026-09-03T22:34:31.561352+00:00,benign_iot_idle_v1,benign_iot_idle_v1__run_002,benign,,3,3,1.585,0.3739,0.6374,1679.47,1492.86,0.5703,18,16,7.7398,18.4272,7.347,4.2865,20.2064,0,1,0,0,0,0,1.1219,93.3,12.9,109.6,9182.64,6757.74,0,0.071,1.0435,0,0
2026-09-03T22:34:36.561352+00:00,benign_iot_idle_v1,benign_iot_idle_v1__run_002,benign,,1,1,0.0,0.4148,0.5455,596.69,522.1,0.5169,8,7,6.3064,8.2684,7.2411,2.1129,13.5797,0,0,0,0,0,0,1.0926,74.59,0.0,74.59,8250.07,7190.9,0,0.0103,0.6292,0,0
2026-09-03T22:34:41.561352+00:00,benign_iot_idle_v1,benign_iot_idle_v1__run_002,benign,,2,2,1.0,0.3824,0.6219,1491.45,1491.45,0.6127,20,20,5.9651,15.9128,5.3104,1.627,10.1914,0,0,0,0,0,0,0.9706,74.57,13.23,87.8,9379.71,8732.9,0,0.0098,1.3897,0,0
2026-09-03T22:34:46.561352+00:00,benign_iot_idle_v1,benign_iot_idle_v1__run_002,benign,,0,0,0.0,0.3974,0.6237,0.0,0.0,0.5104,0,0,5.8328,13.6632,4.7788,2.9349,13.5835,0,0,0,0,0,0,1.2438,116.59,0.0,116.59,9170.77,7989.38,0,0.0361,1.3511,0,0
2026-09-03T22:34:51.561352+00:00,benign_iot_idle_v1,benign_iot_idle_v1__run_002,benign,,3,3,1.585,0.4448,0.5671,1704.63,4383.32,0.5126,21,54,4.9204,6.8278,3.4502,2.0258,9.5277,0,1,0,0,0,0,0.3866,81.17,23.08,109.58,8640.72,8301.14,0,0.0329,0.6883,0,0
2026-09-03T22:34:56.561352+00:00,benign_iot_idle_v1,benign_iot_idle_v1__run_002,benign,,0,0,0.0,0.4324,0.5648,0.0,0.0,0.419,0,0,7.3995,14.6364,6.0121,4.2848,18.8665,0,0,0,0,0,0,1.3157,43.76,0.0,43.76,6983.15,8988.6,0,0.001,1.0655,0,0
2026-09-03T22:35:01.561352+00:00,benign_iot_idle_v1,benign_iot_idle_v1__run_002,benign,,0,0,0.0,0.3813,0.5991,0.0,0.0,0.5102,0,0,4.9611,11.3333,3.6439,2.2861,10.502,0,0,0,0,0,0,0.7691,60.93,0.0,60.93,8259.76,6764.6,0,0.0,0.6687,0,0
2026-09-03T22:35:06.561352+00:00,benign_iot_idle_v1,benign_iot_idle_v1__run_002,benign,,1,1,0.0,0.3824,0.6225,408.42,1123.16,0.5276,8,22,3.1446,7.3527,4.3327,2.4431,11.6621,0,0,0,0,0,0,0.362,51.05,0.0,51.05,8403.72,8239.89,0,0.0,0.906,0,0
2026-09-03T22:35:11.561352+00:00,benign_iot_idle_v1,benign_iot_idle_v1__run_002,benign,,0,0,0.0,0.4359,0.5529,0.0,0.0,0.4906,0,0,1.8968,2.8659,3.6368,1.8743,9.2598,0,0,0,0,0,0,1.1068,70.93,0.0,70.93,9219.28,9099.65,0,0.0,0.1725,0,0
2026-09-03T22:35:16.561352+00:00,benign_iot_idle_v1,benign_iot_idle_v1__run_002,benign,,1,1,0.0,0.421,0.5732,750.31,687.79,0.5156,12,11,9.8355,15.7599,7.667,5.5406,24.2888,0,0,0,0,0,0,1.065,62.53,0.0,62.53,9377.16,8423.41,0,0.0131,0.5994,0,0
2026-09-03T22:35:21.561352+00:00,benign_iot_idle_v1,benign_iot_idle_v1__run_002,benign,,1,1,0.0,0.4459,0.5463,306.25,204.17,0.5095,3,2,3.5068,8.7078,4.6278,2.4688,12.0341,0,0,0,0,0,0,1.3681,102.08,0.0,102.08,6863.79,8076.4,0,0.0,0.7615,0,0
2026-09-03T22:35:26.561352+00:00,benign_iot_idle_v1,benign_iot_idle_v1__run_002,benign,,0,0,0.0,0.3776,0.6432,0.0,0.0,0.5315,0,0,10.087,16.6578,7.3469,3.8431,18.876,0,0,0,0,0,0,0.8218,116.93,0.0,116.93,8374.55,9559.86,0,0.0022,0.9733,0,0
2026-09-03T22:35:31.561352+00:00,benign_iot_idle_v1,benign_iot_idle_v1__run_002,benign,,1,1,0.0,0.4061,0.6204,428.49,714.15,0.521,3,5,5.3373,15.4869,3.7844,1.6971,8.8756,0,0,0,0,0,0,0.5908,142.83,0.0,142.83,8516.4,8991.46,0,0.0,1.2402,0,0
2026-09-03T22:35:36.561352+00:00,benign_iot_idle_v1,benign_iot_idle_v1__run_002,benign,,4,3,1.585,0.4103,0.6265,3268.59,2451.44,0.5684,28,21,5.2568,7.0135,4.7331,3.3011,14.6364,0,1,0,0,0,0,1.2936,116.74,33.91,145.79,7828.31,7313.78,0,0.0703,1.0638,0,0
2026-09-03T22:35:41.561352+00:00,benign_iot_idle_v1,benign_iot_idle_v1__run_002,benign,,0,0,0.0,0.3942,0.6113,0.0,0.0,0.4782,0,0,2.8316,6.8064,3.4575,2.4678,10.8609,0,0,0,0,0,0,1.0238,66.93,0.0,66.93,8371.95,8433.14,0,0.0,1.0392,0,0
2026-09-03T22:35:46.561352+00:00,benign_iot_idle_v1,benign_iot_idle_v1__run_002,benign,,3,3,1.585,0.4002,0.5957,2060.72,2060.72,0.469,21,21,5.1772,13.5913,4.2037,3.04,13.3237,0,1,0,0,0,0,0.989,98.13,20.83,118.63,8485.21,8694.84,0,0.0844,1.0176,0,0
2026-09-03T22:35:51.561352+00:00,benign_iot_idle_v1,benign_iot_idle_v1__run_002,benign,,0,0,0.0,0.3907,0.6044,0.0,0.0,0.5335,0,0,11.6508,20.3505,8.1506,4.1526,20.6084,0,0,0,0,0,0,1.4923,141.6,0.0,141.6,5728.61,8410.71,0,0.0299,1.202,0,0
2026-09-03T22:35:56.561352+00:00,benign_iot_idle_v1,benign_iot_idle_v1__run_002,benign,,0,0,0.0,0.3981,0.6277,0.0,0.0,0.4905,0,0,9.2698,14.2348,10.2622,2.7705,18.5738,0,0,0,0,0,0,0.6227,87.25,0.0,87.25,7736.05,8135.98,0,0.0144,1.3165,0,0
2026-09-03T22:36:01.561352+00:00,benign_iot_idle_v1,benign_iot_idle_v1__run_002,benign,,1,1,0.0,0.4415,0.5515,464.78,464.78,0.4714,6,6,8.1275,18.8174,6.2187,3.3916,16.3936,0,0,0,0,0,0,0.919,77.46,0.0,77.46,6714.34,7949.71,0,0.0108,0.5473,0,0
2026-09-03T22:36:06.561352+00:00,benign_iot_idle_v1,benign_iot_idle_v1__run_002,benign,,0,0,0.0,0.3869,0.6036,0.0,0.0,0.4014,0,0,14.2325,18.5297,10.0267,4.1333,22.4267,0,0,0,0,0,0,1.0262,78.56,0.0,78.56,7125.66,7344.43,0,0.0051,0.5683,0,0
2026-09-03T22:36:11.561352+00:00,benign_iot_idle_v1,benign_iot_idle_v1__run_002,benign,,0,0,0.0,0.4194,0.607,0.0,0.0,0.5153,0,0,7.8648,14.8687,7.084,1.8464,12.6233,0,0,0,0,0,0,0.8478,104.24,0.0,104.24,8551.07,8125.23,0,0.0,0.8986,0,0
2026-09-03T22:36:16.561352+00:00,benign_iot_idle_v1,benign_iot_idle_v1__run_002,benign,,0,0,0.0,0.4445,0.5058,0.0,0.0,0.496,0,0,2.6855,6.26,4.7208,1.428,9.0047,0,0,0,0,0,0,0.5941,143.45,0.0,143.45,7953.77,7384.14,0,0.0,0.2759,0,0
2026-09-03T22:36:21.561352+00:00,benign_iot_idle_v1,benign_iot_idle_v1__run_002,benign,,0,0,0.0,0.4259,0.5523,0.0,0.0,0.5162,0,0,4.2165,7.7842,5.2122,3.4397,15.5313,0,0,0,0,0,0,1.3054,125.63,0.0,125.63,8024.93,9124.21,0,0.0,1.1976,0,0
2026-09-03T22:36:26.561352+00:00,benign_iot_idle_v1,benign_iot_idle_v1__run_002,benign,,0,0,0.0,0.3703,0.613,0.0,0.0,0.5041,0,0,5.1475,11.4459,4.0784,2.8371,12.5896,0,0,0,0,0,0,0.8304,109.63,0.0,109.63,9086.0,8754.94,0,0.032,0.6919,0,0
2026-09-03T22:36:31.561352+00:00,benign_iot_idle_v1,benign_iot_idle_v1__run_002,benign,,0,0,0.0,0.4093,0.5961,0.0,0.0,0.519,0,0,5.7529,9.3337,7.3485,4.2575,20.121,0,0,0,0,0,0,1.0579,118.46,0.0,118.46,7381.25,9296.72,0,0.0318,1.416,0,0
2026-09-03T22:36:36.561352+00:00,benign_iot_idle_v1,benign_iot_idle_v1__run_002,benign,,3,3,1.585,0.4442,0.5631,1152.53,1728.79,0.4588,12,18,2.6157,7.4817,4.7,1.9403,10.5208,0,1,0,0,0,0,0.6498,96.04,13.1,113.94,8059.28,7699.32,0,0.0506,1.7907,0,0
2026-09-03T22:36:41.561352+00:00,benign_iot_idle_v1,benign_iot_idle_v1__run_002,benign,,1,1,0.0,0.4604,0.544,669.62,401.77,0.5466,5,3,12.4388,20.2208,8.8038,2.4011,16.0069,0,0,0,0,0,0,1.6054,133.92,0.0,133.92,7308.97,6417.6,0,0.0086,1.0369,0,0
2026-09-03T22:36:46.561352+00:00,benign_iot_idle_v1,benign_iot_idle_v1__run_002,benign,,1,1,0.0,0.4028,0.5908,516.4,516.4,0.5228,7,7,1.9185,3.737,3.4442,1.4976,7.937,0,0,0,0,0,0,0.9219,73.77,0.0,73.77,7302.64,6513.69,0,0.0072,2.0164,0,0
2026-09-03T22:36:51.561352+00:00,benign_iot_idle_v1,benign_iot_idle_v1__run_002,benign,,1,1,0.0,0.4004,0.5963,651.4,390.84,0.5561,5,3,2.3347,3.7804,3.8941,1.0987,7.1901,0,0,0,0,0,0,1.4112,130.28,0.0,130.28,6877.41,7405.51,0,0.0344,0.7131,0,0
2026-09-03T22:36:56.561352+00:00,benign_iot_idle_v1,benign_iot_idle_v1__run_002,benign,,0,0,0.0,0.3468,0.6757,0.0,0.0,0.6454,0,0,4.9753,8.683,6.2851,3.2749,16.1098,0,0,0,0,0,0,1.4749,170.01,0.0,170.01,9029.49,8202.79,0,0.0259,0.6366,0,0
2026-09-03T22:37:01.561352+00:00,benign_iot_idle_v1,benign_iot_idle_v1__run_002,benign,,1,1,0.0,0.3679,0.6653,224.97,149.98,0.5584,3,2,7.6218,19.8422,5.0637,3.5466,15.7036,0,0,0,0,0,0,1.1738,74.99,0.0,74.99,8563.53,7547.51,0,0.036,1.044,0,0
2026-09-03T22:37:06.561352+00:00,benign_iot_idle_v1,benign_iot_idle_v1__run_002,benign,,1,1,0.0,0.4106,0.5665,569.76,569.76,0.5022,6,6,11.297,29.5898,6.153,1.7268,11.3335,0,0,0,0,0,0,0.8751,94.96,0.0,94.96,9144.16,8177.06,0,0.0089,1.2229,0,0
2026-09-03T22:37:11.561352+00:00,benign_iot_idle_v1,benign_iot_idle_v1__run_002,benign,,2,2,1.0,0.3928,0.6104,1036.63,1184.72,0.4962,14,16,6.2484,12.7823,6.695,4.9279,21.4788,0,1,0,0,0,0,0.8314,74.05,3.98,78.03,9155.27,6287.9,0,0.0,1.6062,0,0
2026-09-03T22:37:16.561352+00:00,benign_iot_idle_v1,benign_iot_idle_v1__run_002,benign,,1,1,0.0,0.36,0.6187,717.76,1230.45,0.4267,7,12,7.4226,11.3518,7.9126,2.1827,14.4608,0,0,0,0,0,0,0.5707,102.54,0.0,102.54,9160.68,7384.79,0,0.0156,0.69,0,0
2026-09-03T22:37:21.561352+00:00,benign_iot_idle_v1,benign_iot_idle_v1__run_002,benign,,0,0,0.0,0.4143,0.6127,0.0,0.0,0.5267,0,0,5.8762,16.947,4.3201,1.7731,9.6393,0,0,0,0,0,0,1.0815,106.67,0.0,106.67,8745.46,9647.82,0,0.0293,0.9444,0,0
2026-09-03T22:37:26.561352+00:00,benign_iot_idle_v1,benign_iot_idle_v1__run_002,benign,,4,3,1.585,0.3837,0.6308,2554.04,2234.79,0.4967,32,28,4.7029,7.3015,3.2303,1.9759,9.1578,0,2,0,0,0,0,1.1413,79.81,9.55,93.03,8677.48,7387.55,0,0.0147,0.584,0,0
2026-09-03T22:37:31.561352+00:00,benign_iot_idle_v1,benign_iot_idle_v1__run_002,benign,,2,2,1.0,0.4129,0.593,1173.31,1026.65,0.4775,16,14,5.6969,7.3715,5.022,1.6809,10.0647,0,0,0,0,0,0,1.0824,73.33,15.11,88.44,7670.11,7509.68,0,0.0447,0.9222,0,0
2026-09-03T22:37:36.561352+00:00,benign_iot_idle_v1,benign_iot_idle_v1__run_002,benign,,1,1,0.0,0.3784,0.6223,703.79,402.17,0.5865,7,4,2.6602,6.8396,3.5892,1.4688,7.9956,0,0,0,0,0,0,1.5584,100.54,0.0,100.54,8199.35,6816.94,0,0.0015,0.7808,0,0
2026-09-03T22:37:41.561352+00:00,benign_iot_idle_v1,benign_iot_idle_v1__run_002,benign,,0,0,0.0,0.3878,0.6418,0.0,0.0,0.5181,0,0,3.5186,4.4908,4.2829,1.5961,9.0712,0,0,0,0,0,0,1.024,65.36,0.0,65.36,9503.56,9515.29,0,0.0216,1.7004,0,0
2026-09-03T22:37:46.561352+00:00,benign_iot_idle_v1,benign_iot_idle_v1__run_002,benign,,0,0,0.0,0.4384,0.568,0.0,0.0,0.4918,0,0,4.9351,8.5889,5.4401,1.8519,10.9958,0,0,0,0,0,0,0.756,75.19,0.0,75.19,8712.07,9224.01,0,0.0108,0.6244,0,0
2026-09-03T22:37:51.561352+00:00,benign_iot_idle_v1,benign_iot_idle_v1__run_002,benign,,0,0,0.0,0.3727,0.6165,0.0,0.0,0.5171,0,0,3.8808,7.0886,4.2685,2.4858,11.7259,0,0,0,0,0,0,0.9822,63.88,0.0,63.88,8540.34,8299.79,0,0.0147,1.0326,0,0
2026-09-03T22:37:56.561352+00:00,benign_iot_idle_v1,benign_iot_idle_v1__run_002,benign,,1,1,0.0,0.3879,0.6243,222.98,111.49,0.4888,2,1,1.9157,3.9358,3.3946,1.9541,9.257,0,0,0,0,0,0,1.3718,111.49,0.0,111.49,7346.75,9340.16,0,0.0,1.7282,0,0
2026-09-03T22:38:01.561352+00:00,benign_iot_idle_v1,benign_iot_idle_v1__run_002,benign,,1,1,0.0,0.3885,0.5826,398.04,265.36,0.5328,6,4,7.4172,9.6518,8.3724,3.9639,20.264,0,0,0,0,0,0,1.2047,66.34,0.0,66.34,9924.96,7815.28,0,0.0254,2.4244,0,0
2026-09-03T22:38:06.561352+00:00,benign_iot_idle_v1,benign_iot_idle_v1__run_002,benign,,0,0,0.0,0.3634,0.6641,0.0,0.0,0.5477,0,0,10.9321,24.7517,9.1161,4.0723,21.3332,0,0,0,0,0,0,0.9488,96.53,0.0,96.53,8343.36,5367.58,0,0.0004,0.4615,0,0
2026-09-03T22:38:11.561352+00:00,benign_iot_idle_v1,benign_iot_idle_v1__run_002,benign,,0,0,0.0,0.3589,0.62,0.0,0.0,0.4661,0,0,2.873,7.9752,3.3969,1.0088,6.4231,0,0,0,0,0,0,0.6711,112.99,0.0,112.99,8263.65,10800.11,0,0.0708,1.2546,0,0
2026-09-03T22:38:16.561352+00:00,benign_iot_idle_v1,benign_iot_idle_v1__run_002,benign,,2,2,1.0,0.4024,0.6066,1682.13,1051.33,0.562,16,10,5.9306,10.0816,4.6771,3.3704,14.7882,0,0,0,0,0,0,1.5257,105.13,19.69,124.82,7828.09,8540.86,0,0.0199,2.0441,0,0
2026-09-03T22:38:21.561352+00:00,benign_iot_idle_v1,benign_iot_idle_v1__run_002,benign,,1,1,0.0,0.3409,0.6599,763.56,763.56,0.6241,5,5,3.7047,10.9106,5.9502,2.9127,14.6882,0,0,0,0,0,0,0.965,152.71,0.0,152.71,6550.09,7199.06,0,0.053,0.3722,0,0
2026-09-03T22:38:26.561352+00:00,benign_iot_idle_v1,benign_iot_idle_v1__run_002,benign,,2,2,1.0,0.4,0.6111,1172.01,820.41,0.4842,20,14,8.4528,24.7579,5.973,2.1956,12.5598,0,1,0,0,0,0,1.3644,58.6,10.98,69.58,7596.55,7307.24,0,0.0132,0.1345,0,0
2026-09-03T22:38:31.561352+00:00,benign_iot_idle_v1,benign_iot_idle_v1__run_002,benign,,0,0,0.0,0.3897,0.6544,0.0,0.0,0.5287,0,0,7.13,14.4365,5.2382,1.4741,9.6606,0,0,0,0,0,0,0.9389,54.7,0.0,54.7,6336.37,7847.37,0,0.0334,0.4902,0,0
2026-09-03T22:38:36.561352+00:00,benign_iot_idle_v1,benign_iot_idle_v1__run_002,benign,,0,0,0.0,0.3877,0.5943,0.0,0.0,0.5566,0,0,6.3635,9.7866,9.2456,3.7541,20.5079,0,0,0,0,0,0,1.4995,119.57,0.0,119.57,8202.7,7148.55,0,0.0233,2.4719,0,0
2026-09-03T22:38:41.561352+00:00,benign_iot_idle_v1,benign_iot_idle_v1__run_002,benign,,2,2,1.0,0.4207,0.568,1015.95,2285.88,0.5269,12,27,8.3926,23.8267,6.0819,2.884,14.7339,0,1,0,0,0,0,0.4433,84.66,6.45,91.11,7575.97,7819.86,0,0.0,1.3219,0,0
2026-09-03T22:38:46.561352+00:00,benign_iot_idle_v1,benign_iot_idle_v1__run_002,benign,,2,2,1.0,0.3637,0.6519,1151.83,1343.8,0.5228,12,14,3.1531,5.4936,5.4064,2.6417,13.3315,0,0,0,0,0,0,0.855,95.99,26.95,122.94,8696.91,9735.05,0,0.0449,0.3653,0,0
2026-09-03T22:38:51.561352+00:00,benign_iot_idle_v1,benign_iot_idle_v1__run_002,benign,,0,0,0.0,0.3819,0.5996,0.0,0.0,0.5558,0,0,6.0659,12.5993,3.9855,1.7501,9.2357,0,0,0,0,0,0,1.6103,115.92,0.0,115.92,9169.68,6106.05,0,0.0,0.6955,0,0
2026-09-03T22:38:56.561352+00:00,benign_iot_idle_v1,benign_iot_idle_v1__run_002,benign,,0,0,0.0,0.3818,0.5766,0.0,0.0,0.4626,0,0,10.3083,15.6187,7.3547,3.6963,18.4435,0,0,0,0,0,0,1.0476,98.47,0.0,98.47,8152.64,6764.47,0,0.0,0.5555,0,0
2026-09-03T22:39:01.561352+00:00,benign_iot_idle_v1,benign_iot_idle_v1__run_002,benign,,1,1,0.0,0.3845,0.627,102.85,102.85,0.6218,2,2,6.5287,17.5972,5.2166,1.6114,10.0509,0,0,0,0,0,0,0.7634,51.43,0.0,51.43,7427.58,9379.3,0,0.0152,0.9333,0,0
2026-09-03T22:39:06.561352+00:00,benign_iot_idle_v1,benign_iot_idle_v1__run_002,benign,,2,2,1.0,0.4242,0.5792,1485.75,1392.89,0.5017,16,15,4.4847,6.9745,4.3559,2.8517,12.9111,0,1,0,0,0,0,1.0,92.86,39.08,131.94,10388.26,9055.29,0,0.0074,0.0,0,0
2026-09-03T22:39:11.561352+00:00,benign_iot_idle_v1,benign_iot_idle_v1__run_002,benign,,0,0,0.0,0.3822,0.6106,0.0,0.0,0.6035,0,0,4.6952,6.8835,5.2737,1.3663,9.3728,0,0,0,0,0,0,1.5981,81.01,0.0,81.01,9045.58,8055.93,0,0.0,0.9579,0,0
2026-09-03T22:39:16.561352+00:00,benign_iot_idle_v1,benign_iot_idle_v1__run_002,benign,,0,0,0.0,0.4186,0.587,0.0,0.0,0.5907,0,0,8.4573,14.5879,8.9809,6.5955,28.7673,0,0,0,0,0,0,1.0858,116.43,0.0,116.43,8066.06,6754.02,0,0.0,1.4595,0,0
2026-09-03T22:39:21.561352+00:00,benign_iot_idle_v1,benign_iot_idle_v1__run_002,benign,,2,2,1.0,0.4017,0.6262,909.21,545.53,0.515,10,6,9.2811,20.084,7.4083,3.6269,18.289,0,1,0,0,0,0,1.6088,90.92,28.94,119.86,7246.22,6779.24,0,0.0251,0.8508,0,0
2026-09-03T22:39:26.561352+00:00,benign_iot_idle_v1,benign_iot_idle_v1__run_002,benign,,1,1,0.0,0.403,0.5769,404.16,230.95,0.5368,7,4,2.8696,7.6897,4.64,3.2859,14.4977,0,0,0,0,0,0,1.4513,57.74,0.0,57.74,8517.62,6835.85,0,0.0237,1.5114,0,0
2026-09-03T22:39:31.561352+00:00,benign_iot_idle_v1,benign_iot_idle_v1__run_002,benign,,0,0,0.0,0.4606,0.5266,0.0,0.0,0.5011,0,0,6.6794,11.6854,6.0168,3.1632,15.5064,0,0,0,0,0,0,1.3604,108.2,0.0,108.2,7256.5,8552.28,0,0.0494,1.042,0,0
2026-09-03T22:39:36.561352+00:00,benign_iot_idle_v1,benign_iot_idle_v1__run_002,benign,,1,1,0.0,0.4366,0.5699,653.97,1453.27,0.5246,9,20,6.1685,10.4855,4.4668,2.7735,12.7874,0,0,0,0,0,0,0.4343,72.66,0.0,72.66,9982.37,8421.5,0,0.0748,0.9558,0,0
2026-09-03T22:39:41.561352+00:00,benign_iot_idle_v1,benign_iot_idle_v1__run_002,benign,,0,0,0.0,0.4003,0.6022,0.0,0.0,0.5504,0,0,2.7892,4.4066,3.7196,2.2548,10.4839,0,0,0,0,0,0,0.5553,150.42,0.0,150.42,7562.08,8765.67,0,0.0,1.1383,0,0
2026-09-03T22:39:46.561352+00:00,benign_iot_idle_v1,benign_iot_idle_v1__run_002,benign,,1,1,0.0,0.3887,0.5997,414.23,497.08,0.533,5,6,3.9739,8.2782,3.8169,1.7863,9.1756,0,0,0,0,0,0,0.7422,82.85,0.0,82.85,8254.07,8037.1,0,0.0493,1.1584,0,0
2026-09-03T22:39:51.561352+00:00,benign_iot_idle_v1,benign_iot_idle_v1__run_002,benign,,1,1,0.0,0.3887,0.6197,286.49,191.0,0.5399,3,2,5.0307,9.4912,4.7621,3.0946,14.0458,0,0,0,0,0,0,1.185,95.5,0.0,95.5,9751.61,7871.07,0,0.0588,1.1605,0,0
2026-09-03T22:39:56.561352+00:00,benign_iot_idle_v1,benign_iot_idle_v1__run_002,benign,,1,1,0.0,0.4145,0.6128,709.36,425.61,0.4717,5,3,6.6917,19.5929,5.012,1.6779,10.0456,0,0,0,0,0,0,1.2633,141.87,0.0,141.87,9426.1,8973.34,0,0.025,0.4311,0,0
2026-09-03T22:40:01.561352+00:00,benign_iot_idle_v1,benign_iot_idle_v1__run_002,benign,,0,0,0.0,0.4014,0.5863,0.0,0.0,0.5303,0,0,6.7438,16.6954,5.27,3.89,16.9402,0,0,0,0,0,0,1.6711,74.64,0.0,74.64,6834.33,8432.38,0,0.0,1.106,0,0
2026-09-03T22:40:06.561352+00:00,benign_iot_idle_v1,benign_iot_idle_v1__run_002,benign,,2,2,1.0,0.3722,0.6378,291.71,364.64,0.4596,4,5,3.4098,10.0272,4.4012,3.2119,14.037,0,0,0,0,0,0,0.7752,72.93,11.53,84.46,9215.84,7162.31,0,0.0,0.5148,0,0
2026-09-03T22:40:11.561352+00:00,benign_iot_idle_v1,benign_iot_idle_v1__run_002,benign,,2,2,1.0,0.4006,0.5785,871.48,610.04,0.5536,10,7,4.1618,5.443,3.1748,0.8367,5.6848,0,0,0,0,0,0,1.3226,87.15,30.35,117.5,7809.14,10166.5,0,0.0264,0.7448,0,0
2026-09-03T22:40:16.561352+00:00,benign_iot_idle_v1,benign_iot_idle_v1__run_002,benign,,5,3,1.585,0.3806,0.6116,3010.94,2150.67,0.5336,35,25,3.8451,10.9275,3.8649,1.3752,7.9905,0,2,0,0,0,0,1.3472,86.03,12.2,104.89,8731.1,7712.84,0,0.0669,1.2466,0,0
2026-09-03T22:40:21.561352+00:00,benign_iot_idle_v1,benign_iot_idle_v1__run_002,benign,,0,0,0.0,0.4204,0.5515,0.0,0.0,0.5088,0,0,5.7212,16.1856,10.8884,4.8197,25.3476,0,0,0,0,0,0,1.0535,86.16,0.0,86.16,8051.17,7207.71,0,0.0,2.3547,0,0
2026-09-03T22:40:26.561352+00:00,benign_iot_idle_v1,benign_iot_idle_v1__run_002,benign,,0,0,0.0,0.3598,0.6487,0.0,0.0,0.4898,0,0,4.6909,7.656,3.9723,1.0252,7.0479,0,0,0,0,0,0,0.6435,55.25,0.0,55.25,8058.35,8550.02,0,0.0,1.7313,0,0
2026-09-03T22:40:31.561352+00:00,benign_iot_idle_v1,benign_iot_idle_v1__run_002,benign,,1,1,0.0,0.3484,0.6333,469.69,352.27,0.4651,4,3,3.9999,9.5831,4.5178,2.3613,11.6017,0,0,0,0,0,0,1.0147,117.42,0.0,117.42,7511.57,8724.38,0,0.0038,1.1568,0,0
2026-09-03T22:40:36.561352+00:00,benign_iot_idle_v1,benign_iot_idle_v1__run_002,benign,,1,1,0.0,0.4369,0.5685,609.04,609.04,0.4844,7,7,6.23,18.0653,4.451,2.9246,13.2249,0,0,0,0,0,0,0.913,87.01,0.0,87.01,8492.5,8890.51,0,0.0154,0.3512,0,0
2026-09-03T22:40:41.561352+00:00,benign_iot_idle_v1,benign_iot_idle_v1__run_002,benign,,1,1,0.0,0.435,0.5686,456.24,798.41,0.5857,8,14,3.7956,10.7567,3.7842,1.2916,7.659,0,0,0,0,0,0,0.5644,57.03,0.0,57.03,9653.45,8210.34,0,0.0,1.1676,0,0
2026-09-03T22:40:46.561352+00:00,benign_iot_idle_v1,benign_iot_idle_v1__run_002,benign,,0,0,0.0,0.4235,0.564,0.0,0.0,0.4358,0,0,11.542,32.0259,9.4013,5.6829,26.4499,0,0,0,0,0,0,1.1124,71.57,0.0,71.57,7495.44,6470.6,0,0.0363,1.9456,0,0
2026-09-03T22:40:51.561352+00:00,benign_iot_idle_v1,benign_iot_idle_v1__run_002,benign,,1,1,0.0,0.3387,0.6806,167.81,111.88,0.5355,3,2,10.7153,30.1072,6.5447,4.3079,19.4684,0,0,0,0,0,0,1.1315,55.94,0.0,55.94,9489.17,7076.34,0,0.0293,0.7452,0,0
2026-09-03T22:40:56.561352+00:00,benign_iot_idle_v1,benign_iot_idle_v1__run_002,benign,,1,1,0.0,0.4447,0.5304,756.46,540.33,0.4638,7,5,4.1225,7.5261,7.1186,2.4064,14.3379,0,0,0,0,0,0,1.2073,108.07,0.0,108.07,10267.4,6517.68,0,0.0569,0.4706,0,0
2026-09-03T22:41:01.561352+00:00,benign_iot_idle_v1,benign_iot_idle_v1__run_002,benign,,1,1,0.0,0.3054,0.6492,681.46,876.16,0.5252,7,9,3.2098,5.1211,4.3131,1.2766,8.1429,0,0,0,0,0,0,0.7338,97.35,0.0,97.35,9394.89,9870.46,0,0.0286,0.9746,0,0
2026-09-03T22:41:06.561352+00:00,benign_iot_idle_v1,benign_iot_idle_v1__run_002,benign,,0,0,0.0,0.4288,0.582,0.0,0.0,0.4721,0,0,9.3346,13.9628,7.3708,2.0109,13.4034,0,0,0,0,0,0,1.2653,70.14,0.0,70.14,8432.36,8313.45,0,0.0161,0.9279,0,0
2026-09-03T22:41:11.561352+00:00,benign_iot_idle_v1,benign_iot_idle_v1__run_002,benign,,0,0,0.0,0.4601,0.5518,0.0,0.0,0.5353,0,0,12.2664,36.6121,8.9729,4.5403,22.5937,0,0,0,0,0,0,0.8861,130.16,0.0,130.16,7093.88,9757.16,0,0.0431,0.5962,0,0
2026-09-03T22:41:16.561352+00:00,benign_iot_idle_v1,benign_iot_idle_v1__run_002,benign,,2,2,1.0,0.4119,0.609,1050.02,1425.02,0.5631,14,19,6.3598,11.7162,5.8221,1.7732,11.1416,0,1,0,0,0,0,0.7118,75.0,1.46,76.46,9312.75,8642.3,0,0.0478,1.6472,0,0
2026-09-03T22:41:21.561352+00:00,benign_iot_idle_v1,benign_iot_idle_v1__run_002,benign,,0,0,0.0,0.3598,0.64,0.0,0.0,0.544,0,0,4.7008,11.8694,4.0319,2.8769,12.6626,0,0,0,0,0,0,1.1761,68.39,0.0,68.39,8091.3,7091.8,0,0.0,1.2589,0,0
2026-09-03T22:41:26.561352+00:00,benign_iot_idle_v1,benign_iot_idle_v1__run_002,benign,,3,3,1.585,0.4053,0.5757,1155.76,1155.76,0.4782,12,12,4.1821,6.6028,3.3247,1.8941,9.007,0,1,0,0,0,0,0.9744,96.31,12.74,113.95,7570.68,7368.71,0,0.0,1.3288,0,0
2026-09-03T22:41:31.561352+00:00,benign_iot_idle_v1,benign_iot_idle_v1__run_002,benign,,2,2,1.0,0.4054,0.6066,1277.41,1660.63,0.5154,20,26,5.4519,9.529,6.1723,3.749,17.4192,0,1,0,0,0,0,0.7629,63.87,23.13,87.0,7549.18,8448.06,0,0.0152,1.4566,0,0
2026-09-03T22:41:36.561352+00:00,benign_iot_idle_v1,benign_iot_idle_v1__run_002,benign,,0,0,0.0,0.3854,0.6061,0.0,0.0,0.4599,0,0,4.663,10.236,6.394,3.5786,17.1297,0,0,0,0,0,0,0.6442,68.12,0.0,68.12,9294.29,8543.68,0,0.001,0.0,0,0
2026-09-03T22:41:41.561352+00:00,benign_iot_idle_v1,benign_iot_idle_v1__run_002,benign,,0,0,0.0,0.4357,0.5497,0.0,0.0,0.5151,0,0,5.7439,12.8267,4.8861,2.7245,13.0595,0,0,0,0,0,0,1.189,70.37,0.0,70.37,8802.35,9280.26,0,0.0038,1.4124,0,0
2026-09-03T22:41:46.561352+00:00,benign_iot_idle_v1,benign_iot_idle_v1__run_002,benign,,0,0,0.0,0.4234,0.6092,0.0,0.0,0.4597,0,0,3.8546,10.5036,3.7885,2.3286,10.7742,0,0,0,0,0,0,0.8356,53.12,0.0,53.12,8461.4,6692.92,0,0.0134,1.5553,0,0
2026-09-03T22:41:51.561352+00:00,benign_iot_idle_v1,benign_iot_idle_v1__run_002,benign,,0,0,0.0,0.431,0.5371,0.0,0.0,0.5397,0,0,5.8936,13.3319,6.2118,3.7856,17.5688,0,0,0,0,0,0,1.0724,112.54,0.0,112.54,8275.28,8062.5,0,0.0,1.1779,0,0
2026-09-03T22:41:56.561352+00:00,benign_iot_idle_v1,benign_iot_idle_v1__run_002,benign,,1,1,0.0,0.4172,0.6145,552.44,773.42,0.5685,5,7,7.2935,18.1424,5.2631,2.0047,11.2771,0,0,0,0,0,0,0.6343,110.49,0.0,110.49,7315.83,9097.04,0,0.029,0.8028,0,0
2026-09-03T22:42:01.561352+00:00,benign_iot_idle_v1,benign_iot_idle_v1__run_002,benign,,0,0,0.0,0.3811,0.6235,0.0,0.0,0.5714,0,0,10.4788,23.8759,6.0527,3.3559,16.1204,0,0,0,0,0,0,1.3085,107.66,0.0,107.66,7183.46,9277.94,0,0.0,0.6124,0,0
2026-09-03T22:42:06.561352+00:00,benign_iot_idle_v1,benign_iot_idle_v1__run_002,benign,,3,3,1.585,0.4216,0.5816,1331.98,1627.98,0.4419,18,22,3.9656,5.9625,5.3484,1.7435,10.579,0,1,0,0,0,0,0.7923,74.0,14.66,84.42,7417.75,8236.67,0,0.0123,0.9335,0,0
2026-09-03T22:42:11.561352+00:00,benign_iot_idle_v1,benign_iot_idle_v1__run_002,benign,,0,0,0.0,0.3913,0.6012,0.0,0.0,0.4427,0,0,4.5891,11.9278,3.8863,2.5708,11.5986,0,0,0,0,0,0,1.1712,116.35,0.0,116.35,10443.83,7476.02,0,0.0,1.0431,0,0
2026-09-03T22:42:16.561352+00:00,benign_iot_idle_v1,benign_iot_idle_v1__run_002,benign,,1,1,0.0,0.3457,0.6626,947.06,1538.98,0.6012,8,13,11.7198,25.0326,8.7011,3.925,20.476,0,0,0,0,0,0,0.6012,118.38,0.0,118.38,9259.23,9005.58,0,0.0153,1.4164,0,0
2026-09-03T22:42:21.561352+00:00,benign_iot_idle_v1,benign_iot_idle_v1__run_002,benign,,0,0,0.0,0.4093,0.5989,0.0,0.0,0.4957,0,0,5.6833,9.2567,5.7365,3.9453,17.5724,0,0,0,0,0,0,1.1583,104.3,0.0,104.3,9286.26,10079.26,0,0.0,1.1168,0,0
2026-09-03T22:42:26.561352+00:00,benign_iot_idle_v1,benign_iot_idle_v1__run_002,benign,,2,2,1.0,0.4335,0.5895,1523.46,1523.46,0.4765,18,18,7.0244,11.9906,4.8695,2.2304,11.5608,0,1,0,0,0,0,0.9975,84.64,14.15,98.79,8327.85,8145.6,0,0.0,1.063,0,0
2026-09-03T22:42:31.561352+00:00,benign_iot_idle_v1,benign_iot_idle_v1__run_002,benign,,2,2,1.0,0.3886,0.6094,1148.63,2871.59,0.4738,10,25,3.7731,8.846,3.843,1.8493,9.3909,0,0,0,0,0,0,0.3857,114.86,5.16,120.03,8260.14,7646.7,0,0.054,0.4366,0,0
2026-09-03T22:42:36.561352+00:00,benign_iot_idle_v1,benign_iot_idle_v1__run_002,benign,,0,0,0.0,0.4063,0.6098,0.0,0.0,0.5091,0,0,7.2851,15.8268,5.4857,3.116,14.8335,0,0,0,0,0,0,1.0307,77.06,0.0,77.06,10770.32,8198.45,0,0.0,1.2247,0,0
2026-09-03T22:42:41.561352+00:00,benign_iot_idle_v1,benign_iot_idle_v1__run_002,benign,,1,1,0.0,0.3979,0.6143,163.76,163.76,0.5678,2,2,4.9005,14.6928,3.7211,2.7092,11.8486,0,0,0,0,0,0,0.8214,81.88,0.0,81.88,7699.25,8566.7,0,0.0068,0.6427,0,0
2026-09-03T22:42:46.561352+00:00,benign_iot_idle_v1,benign_iot_idle_v1__run_002,benign,,2,2,1.0,0.3764,0.6182,1961.99,1961.99,0.5901,22,22,8.6967,24.0225,6.1701,3.9153,17.9161,0,0,0,0,0,0,0.9722,89.18,1.84,91.03,8311.85,8394.29,0,0.0075,1.0124,0,0
2026-09-03T22:42:51.561352+00:00,benign_iot_idle_v1,benign_iot_idle_v1__run_002,benign,,0,0,0.0,0.3772,0.6557,0.0,0.0,0.4766,0,0,8.1722,20.571,6.6864,3.33,16.6764,0,0,0,0,0,0,1.2947,121.03,0.0,121.03,8018.1,8432.53,0,0.0,1.073,0,0
2026-09-03T22:42:56.561352+00:00,benign_iot_idle_v1,benign_iot_idle_v1__run_002,benign,,0,0,0.0,0.4182,0.5995,0.0,0.0,0.4005,0,0,4.5762,13.4152,2.7841,1.217,6.4351,0,0,0,0,0,0,1.3579,115.55,0.0,115.55,8799.37,9054.15,0,0.0,0.0356,0,0
2026-09-03T22:43:01.561352+00:00,benign_iot_idle_v1,benign_iot_idle_v1__run_002,benign,,3,3,1.585,0.4581,0.5431,1226.94,736.17,0.5629,15,9,7.021,13.6172,5.8926,3.9506,17.7443,0,1,0,0,0,0,1.5804,81.8,15.86,100.51,9291.78,7927.5,0,0.0545,0.4198,0,0
2026-09-03T22:43:06.561352+00:00,benign_iot_idle_v1,benign_iot_idle_v1__run_002,benign,,1,1,0.0,0.3639,0.6436,581.9,465.52,0.5508,5,4,3.0625,8.06,4.767,2.1438,11.1982,0,0,0,0,0,0,1.1394,116.38,0.0,116.38,6912.09,7913.11,0,0.0022,1.3022,0,0
2026-09-03T22:43:11.561352+00:00,benign_iot_idle_v1,benign_iot_idle_v1__run_002,benign,,1,1,0.0,0.4263,0.5727,333.56,277.96,0.421,6,5,4.0553,10.2178,4.1125,1.6781,9.1468,0,0,0,0,0,0,1.1601,55.59,0.0,55.59,9054.86,9924.09,0,0.038,1.0731,0,0
2026-09-03T22:43:16.561352+00:00,benign_iot_idle_v1,benign_iot_idle_v1__run_002,benign,,1,1,0.0,0.3717,0.614,717.9,558.36,0.5623,9,7,4.3073,12.8827,3.9063,2.546,11.5444,0,0,0,0,0,0,1.2312,79.77,0.0,79.77,8361.46,6112.51,0,0.0,0.6809,0,0
2026-09-03T22:43:21.561352+00:00,benign_iot_idle_v1,benign_iot_idle_v1__run_002,benign,,0,0,0.0,0.3835,0.635,0.0,0.0,0.5551,0,0,4.8363,12.8994,3.5449,1.5742,8.2674,0,0,0,0,0,0,0.9613,127.88,0.0,127.88,7246.61,8853.93,0,0.0252,1.0024,0,0
2026-09-03T22:43:26.561352+00:00,benign_iot_idle_v1,benign_iot_idle_v1__run_002,benign,,2,2,1.0,0.4593,0.5654,639.15,575.24,0.5406,10,9,3.3296,8.3786,4.4303,1.5022,8.9369,0,0,0,0,0,0,1.0409,63.92,8.58,72.49,8263.41,9331.07,0,0.0598,0.5512,0,0
2026-09-03T22:43:31.561352+00:00,benign_iot_idle_v1,benign_iot_idle_v1__run_002,benign,,1,1,0.0,0.3861,0.6345,540.63,463.4,0.5356,7,6,2.2773,2.8145,4.3611,1.6608,9.3434,0,0,0,0,0,0,1.0261,77.23,0.0,77.23,8450.13,6527.23,0,0.0222,0.9626,0,0
2026-09-03T22:43:36.561352+00:00,benign_iot_idle_v1,benign_iot_idle_v1__run_002,benign,,1,1,0.0,0.3702,0.6541,136.12,90.74,0.4608,3,2,6.9478,17.9583,7.7135,1.9667,13.6136,0,0,0,0,0,0,1.0147,45.37,0.0,45.37,6357.2,8433.15,0,0.0495,0.5677,0,0
2026-09-03T22:43:41.561352+00:00,benign_iot_idle_v1,benign_iot_idle_v1__run_002,benign,,0,0,0.0,0.377,0.6341,0.0,0.0,0.5443,0,0,4.4936,11.9584,3.7051,0.9539,6.5668,0,0,0,0,0,0,0.9146,165.29,0.0,165.29,9289.18,8822.95,0,0.0522,0.6704,0,0
2026-09-03T22:43:46.561352+00:00,benign_iot_idle_v1,benign_iot_idle_v1__run_002,benign,,1,1,0.0,0.4419,0.5381,578.26,289.13,0.463,4,2,8.5775,19.8928,4.5536,3.2885,14.4191,0,0,0,0,0,0,1.5722,144.56,0.0,144.56,6569.41,8561.32,0,0.0528,1.3391,0,0
2026-09-03T22:43:51.561352+00:00,benign_iot_idle_v1,benign_iot_idle_v1__run_002,benign,,1,1,0.0,0.4154,0.59,1237.18,1134.08,0.5662,12,11,7.3054,15.1987,5.144,1.8317,10.6392,0,0,0,0,0,0,1.0822,103.1,0.0,103.1,8262.65,8173.62,0,0.0441,0.0727,0,0
2026-09-03T22:43:56.561352+00:00,benign_iot_idle_v1,benign_iot_idle_v1__run_002,benign,,0,0,0.0,0.4172,0.5916,0.0,0.0,0.5834,0,0,5.6622,9.8411,6.5406,2.7258,14.7179,0,0,0,0,0,0,1.1034,155.85,0.0,155.85,7104.75,8037.18,0,0.0,1.1822,0,0
2026-09-03T22:44:01.561352+00:00,benign_iot_idle_v1,benign_iot_idle_v1__run_002,benign,,2,2,1.0,0.4205,0.5766,895.84,2047.65,0.4914,14,32,3.0717,8.9763,4.7731,3.5252,15.3488,0,0,0,0,0,0,0.4273,63.99,7.02,71.01,8882.84,8360.03,0,0.0,1.5498,0,0
2026-09-03T22:44:06.561352+00:00,benign_iot_idle_v1,benign_iot_idle_v1__run_002,benign,,0,0,0.0,0.3912,0.618,0.0,0.0,0.4401,0,0,5.2653,11.421,6.7943,1.9358,12.6017,0,0,0,0,0,0,0.6056,75.29,0.0,75.29,8824.43,7640.41,0,0.0,0.7837,0,0
2026-09-03T22:44:11.561352+00:00,benign_iot_idle_v1,benign_iot_idle_v1__run_002,benign,,3,3,1.585,0.4103,0.6053,1396.92,1463.44,0.5032,21,22,8.3141,17.448,6.6436,4.6143,20.4865,0,1,0,0,0,0,0.9425,66.52,5.53,71.49,9207.58,6991.89,0,0.0381,1.0086,0,0
2026-09-03T22:44:16.561352+00:00,benign_iot_idle_v1,benign_iot_idle_v1__run_002,benign,,1,1,0.0,0.4171,0.588,721.89,577.51,0.5544,5,4,3.419,9.9276,4.8445,1.5737,9.5657,0,0,0,0,0,0,1.2441,144.38,0.0,144.38,7785.87,8581.24,0,0.06,1.4619,0,0
2026-09-03T22:44:21.561352+00:00,benign_iot_idle_v1,benign_iot_idle_v1__run_002,benign,,1,1,0.0,0.4124,0.5864,922.6,717.58,0.4615,9,7,5.2578,14.4125,8.6952,6.2951,27.5806,0,0,0,0,0,0,1.1252,102.51,0.0,102.51,6492.58,7231.32,0,0.0494,0.8375,0,0
2026-09-03T22:44:26.561352+00:00,benign_iot_idle_v1,benign_iot_idle_v1__run_002,benign,,0,0,0.0,0.3992,0.618,0.0,0.0,0.4484,0,0,6.1241,11.5783,6.6242,3.5207,17.1862,0,0,0,0,0,0,0.8466,81.7,0.0,81.7,10369.4,7464.04,0,0.0,1.6224,0,0
2026-09-03T22:44:31.561352+00:00,benign_iot_idle_v1,benign_iot_idle_v1__run_002,benign,,1,1,0.0,0.3838,0.6352,459.28,459.28,0.5455,6,6,3.202,4.1835,6.4196,3.2809,16.2624,0,0,0,0,0,0,0.885,76.55,0.0,76.55,10879.8,10592.23,0,0.0767,1.4748,0,0
2026-09-03T22:44:36.561352+00:00,benign_iot_idle_v1,benign_iot_idle_v1__run_002,benign,,1,1,0.0,0.3705,0.6168,218.03,145.35,0.5121,3,2,4.7178,6.8639,4.521,1.6339,9.4225,0,0,0,0,0,0,1.05,72.68,0.0,72.68,7457.24,6289.8,0,0.0,0.0,0,0
2026-09-03T22:44:41.561352+00:00,benign_iot_idle_v1,benign_iot_idle_v1__run_002,benign,,2,2,1.0,0.3926,0.6025,1523.02,1015.35,0.5195,18,12,6.0105,13.8747,5.3119,2.4958,12.7994,0,0,0,0,0,0,1.4632,84.61,3.29,87.91,10231.57,6517.62,0,0.0952,0.5884,0,0
2026-09-03T22:44:46.561352+00:00,benign_iot_idle_v1,benign_iot_idle_v1__run_002,benign,,1,1,0.0,0.3999,0.5844,504.82,336.55,0.6114,6,4,3.4799,4.4722,5.2676,3.1256,14.6443,0,0,0,0,0,0,1.4148,84.14,0.0,84.14,9043.08,9542.28,0,0.0043,1.6025,0,0
2026-09-03T22:44:51.561352+00:00,benign_iot_idle_v1,benign_iot_idle_v1__run_002,benign,,0,0,0.0,0.4195,0.6051,0.0,0.0,0.4163,0,0,4.2732,6.8715,4.3414,2.7664,12.6406,0,0,0,0,0,0,1.1319,44.45,0.0,44.45,7613.98,8463.91,0,0.0,0.8223,0,0
2026-09-03T22:44:56.561352+00:00,benign_iot_idle_v1,benign_iot_idle_v1__run_002,benign,,0,0,0.0,0.4732,0.5326,0.0,0.0,0.5628,0,0,8.249,13.7627,7.1901,4.2688,19.9964,0,0,0,0,0,0,1.1685,85.58,0.0,85.58,8077.55,8763.91,0,0.0,0.2684,0,0
2026-09-03T22:45:01.561352+00:00,benign_iot_idle_v1,benign_iot_idle_v1__run_002,benign,,3,3,1.585,0.4165,0.5802,1134.34,1134.34,0.5679,12,12,3.6664,9.7135,5.0995,1.3535,9.16,0,1,0,0,0,0,0.9492,94.53,43.24,155.24,7293.58,9005.82,0,0.0676,1.2849,0,0
2026-09-03T22:45:06.561352+00:00,benign_iot_idle_v1,benign_iot_idle_v1__run_002,benign,,2,2,1.0,0.4512,0.5515,1389.37,992.41,0.496,14,10,2.8526,4.9773,3.7677,1.0575,6.9402,0,0,0,0,0,0,1.3496,99.24,5.61,104.85,9374.87,8575.35,0,0.0305,0.4378,0,0
2026-09-03T22:45:11.561352+00:00,benign_iot_idle_v1,benign_iot_idle_v1__run_002,benign,,3,3,1.585,0.4424,0.5251,910.37,667.6,0.5263,15,11,6.3073,13.2285,4.5425,3.2266,14.2223,0,1,0,0,0,0,1.2579,60.69,12.87,72.59,7766.9,7406.24,0,0.0726,1.8642,0,0
2026-09-03T22:45:16.561352+00:00,benign_iot_idle_v1,benign_iot_idle_v1__run_002,benign,,1,1,0.0,0.4306,0.5857,580.3,435.23,0.4877,4,3,12.7301,24.6039,9.427,5.9125,27.1645,0,0,0,0,0,0,1.1786,145.08,0.0,145.08,8474.73,9009.3,0,0.0503,0.933,0,0
2026-09-03T22:45:21.561352+00:00,benign_iot_idle_v1,benign_iot_idle_v1__run_002,benign,,0,0,0.0,0.3761,0.631,0.0,0.0,0.4581,0,0,3.6903,10.9544,7.3349,3.8815,18.9793,0,0,0,0,0,0,0.8945,56.81,0.0,56.81,7754.17,9869.57,0,0.0022,0.8004,0,0
2026-09-03T22:45:26.561352+00:00,benign_iot_idle_v1,benign_iot_idle_v1__run_002,benign,,1,1,0.0,0.4884,0.4762,660.87,472.05,0.5676,7,5,3.1946,4.1828,4.1802,1.8974,9.8724,0,0,0,0,0,0,1.3317,94.41,0.0,94.41,9320.8,8226.1,0,0.0,0.557,0,0
2026-09-03T22:45:31.561352+00:00,benign_iot_idle_v1,benign_iot_idle_v1__run_002,benign,,1,1,0.0,0.3602,0.6652,708.17,708.17,0.608,7,7,4.0057,7.7806,5.1387,2.9709,14.0514,0,0,0,0,0,0,0.9591,101.17,0.0,101.17,8494.39,6268.1,0,0.0,1.1141,0,0
2026-09-03T22:45:36.561352+00:00,benign_iot_idle_v1,benign_iot_idle_v1__run_002,benign,,3,3,1.585,0.4611,0.5288,1754.99,1389.37,0.3857,24,19,2.8641,3.8485,4.2698,1.1521,7.726,0,1,0,0,0,0,1.2372,73.12,7.34,83.12,7982.61,8873.35,0,0.018,0.9591,0,0
2026-09-03T22:45:41.561352+00:00,benign_iot_idle_v1,benign_iot_idle_v1__run_002,benign,,0,0,0.0,0.3794,0.606,0.0,0.0,0.561,0,0,7.6804,16.3798,7.4064,3.0846,16.6601,0,0,0,0,0,0,0.9009,186.79,0.0,186.79,10966.53,8615.3,0,0.0,1.1612,0,0
2026-09-03T22:45:46.561352+00:00,benign_iot_idle_v1,benign_iot_idle_v1__run_002,benign,,1,1,0.0,0.3569,0.6494,615.2,538.3,0.4704,8,7,3.9031,10.4908,5.0573,3.637,15.9682,0,0,0,0,0,0,1.0143,76.9,0.0,76.9,6045.66,8077.28,0,0.0674,1.3056,0,0
2026-09-03T22:45:51.561352+00:00,benign_iot_idle_v1,benign_iot_idle_v1__run_002,benign,,0,0,0.0,0.3153,0.6745,0.0,0.0,0.4349,0,0,4.0903,8.6962,6.3288,1.8581,11.9031,0,0,0,0,0,0,1.0198,143.7,0.0,143.7,8088.07,7117.93,0,0.0542,0.697,0,0
2026-09-03T22:45:56.561352+00:00,benign_iot_idle_v1,benign_iot_idle_v1__run_002,benign,,1,1,0.0,0.4161,0.5827,677.81,1355.62,0.4974,6,12,4.0345,9.305,3.9709,1.1147,7.315,0,0,0,0,0,0,0.4816,112.97,0.0,112.97,9368.58,8981.04,0,0.0,1.4096,0,0
2026-09-03T22:46:01.561352+00:00,benign_iot_idle_v1,benign_iot_idle_v1__run_002,benign,,1,1,0.0,0.4049,0.5921,633.59,905.12,0.4796,7,10,8.3078,24.304,5.5795,2.2721,12.3958,0,0,0,0,0,0,0.6916,90.51,0.0,90.51,7276.25,8706.31,0,0.0193,0.8574,0,0
2026-09-03T22:46:06.561352+00:00,benign_iot_idle_v1,benign_iot_idle_v1__run_002,benign,,2,2,1.0,0.3962,0.592,163.14,81.57,0.5162,2,1,2.9272,5.8445,3.6614,2.1954,10.2476,0,0,0,0,0,0,1.0878,81.57,44.42,125.99,8336.06,7105.24,0,0.0832,1.1186,0,0
2026-09-03T22:46:11.561352+00:00,benign_iot_idle_v1,benign_iot_idle_v1__run_002,benign,,1,1,0.0,0.4135,0.5712,394.6,295.95,0.4979,4,3,6.7351,16.1712,6.5677,4.6033,20.3777,0,0,0,0,0,0,1.2378,98.65,0.0,98.65,8870.45,6166.63,0,0.0364,0.0,0,0
2026-09-03T22:46:16.561352+00:00,benign_iot_idle_v1,benign_iot_idle_v1__run_002,benign,,1,1,0.0,0.4043,0.6015,327.94,163.97,0.4296,4,2,3.0291,6.1523,6.3314,4.7198,20.4907,0,0,0,0,0,0,1.5554,81.99,0.0,81.99,8388.33,9153.86,0,0.0,0.7495,0,0
2026-09-03T22:46:21.561352+00:00,benign_iot_idle_v1,benign_iot_idle_v1__run_002,benign,,1,1,0.0,0.3682,0.6245,531.95,354.63,0.5219,6,4,3.2832,8.9965,3.6813,2.6774,11.7135,0,0,0,0,0,0,1.3443,88.66,0.0,88.66,5593.12,9167.63,0,0.0237,1.0068,0,0
2026-09-03T22:46:26.561352+00:00,benign_iot_idle_v1,benign_iot_idle_v1__run_002,benign,,0,0,0.0,0.4115,0.614,0.0,0.0,0.5258,0,0,2.2505,5.4326,4.1386,1.6074,8.9607,0,0,0,0,0,0,1.1745,93.25,0.0,93.25,6654.72,10325.86,0,0.0,1.499,0,0
2026-09-03T22:46:31.561352+00:00,benign_iot_idle_v1,benign_iot_idle_v1__run_002,benign,,1,1,0.0,0.4513,0.5371,407.76,326.21,0.4331,5,4,2.3089,3.6413,4.1894,2.7645,12.4829,0,0,0,0,0,0,1.1928,81.55,0.0,81.55,8997.95,7997.27,0,0.019,1.7484,0,0
2026-09-03T22:46:36.561352+00:00,benign_iot_idle_v1,benign_iot_idle_v1__run_002,benign,,1,1,0.0,0.3837,0.614,263.96,263.96,0.4637,5,5,10.1193,24.4755,12.0849,4.5986,25.8808,0,0,0,0,0,0,0.8995,52.79,0.0,52.79,10268.28,5917.6,0,0.0129,1.9462,0,0
2026-09-03T22:46:41.561352+00:00,benign_iot_idle_v1,benign_iot_idle_v1__run_002,benign,,1,1,0.0,0.4051,0.6171,371.2,296.96,0.5617,5,4,4.8822,14.4093,4.408,3.2887,14.274,0,0,0,0,0,0,1.1391,74.24,0.0,74.24,9063.8,9059.29,0,0.0,0.5207,0,0
2026-09-03T22:46:46.561352+00:00,benign_iot_idle_v1,benign_iot_idle_v1__run_002,benign,,1,1,0.0,0.3943,0.6145,176.77,176.77,0.3944,2,2,4.8051,7.6007,4.0746,1.8351,9.5799,0,0,0,0,0,0,0.8796,88.38,0.0,88.38,6541.07,7793.89,0,0.0455,1.3257,0,0
2026-09-03T22:46:51.561352+00:00,benign_iot_idle_v1,benign_iot_idle_v1__run_002,benign,,3,3,1.585,0.3999,0.5819,1611.1,1288.88,0.4984,15,12,7.9875,14.5205,7.7476,4.5056,21.2643,0,1,0,0,0,0,1.1749,107.41,41.33,156.09,8779.6,7520.52,0,0.0199,0.8099,0,0
2026-09-03T22:46:56.561352+00:00,benign_iot_idle_v1,benign_iot_idle_v1__run_002,benign,,1,1,0.0,0.3498,0.6432,545.89,545.89,0.4861,6,6,5.0088,12.947,7.0882,2.593,14.8673,0,0,0,0,0,0,0.8663,90.98,0.0,90.98,8783.31,7766.68,0,0.0714,1.2298,0,0
2026-09-03T22:47:01.561352+00:00,benign_iot_idle_v1,benign_iot_idle_v1__run_002,benign,,2,2,1.0,0.4522,0.5388,704.55,775.0,0.5822,10,11,6.0624,13.9358,5.6411,1.7433,10.8711,0,0,0,0,0,0,0.8598,70.45,3.43,73.89,8623.15,7263.31,0,0.0754,1.2664,0,0
2026-09-03T22:47:06.561352+00:00,benign_iot_idle_v1,benign_iot_idle_v1__run_002,benign,,3,3,1.585,0.4007,0.599,489.84,571.48,0.4503,6,7,3.4854,6.1892,3.7072,1.5009,8.2098,0,1,0,0,0,0,0.8379,81.64,22.49,105.76,9591.28,9103.75,0,0.0473,0.8509,0,0
2026-09-03T22:47:11.561352+00:00,benign_iot_idle_v1,benign_iot_idle_v1__run_002,benign,,0,0,0.0,0.4046,0.6246,0.0,0.0,0.5861,0,0,8.6628,20.211,8.471,5.7532,25.7306,0,0,0,0,0,0,1.3287,75.72,0.0,75.72,10508.67,7830.87,0,0.0168,1.5547,0,0
2026-09-03T22:47:16.561352+00:00,benign_iot_idle_v1,benign_iot_idle_v1__run_002,benign,,0,0,0.0,0.3396,0.6939,0.0,0.0,0.4488,0,0,8.7724,16.9907,8.2385,5.3046,24.1522,0,0,0,0,0,0,1.3146,114.86,0.0,114.86,6891.23,8534.08,0,0.0,0.0253,0,0
2026-09-03T22:47:21.561352+00:00,benign_iot_idle_v1,benign_iot_idle_v1__run_002,benign,,1,1,0.0,0.4014,0.5699,393.2,280.85,0.537,7,5,5.1084,12.8334,4.2827,2.7858,12.6402,0,0,0,0,0,0,1.243,56.17,0.0,56.17,8216.17,8150.84,0,0.0596,0.0,0,0
2026-09-03T22:47:26.561352+00:00,benign_iot_idle_v1,benign_iot_idle_v1__run_002,benign,,0,0,0.0,0.3754,0.6217,0.0,0.0,0.524,0,0,4.6126,12.4435,7.1144,4.4361,20.4226,0,0,0,0,0,0,0.7813,53.71,0.0,53.71,8206.19,8007.43,0,0.0,0.358,0,0
2026-09-03T22:47:31.561352+00:00,benign_iot_idle_v1,benign_iot_idle_v1__run_002,benign,,2,2,1.0,0.42,0.603,693.0,900.9,0.51,10,13,6.0075,11.6668,5.0901,2.0608,11.2726,0,0,0,0,0,0,0.7232,69.3,14.91,84.21,8427.25,8154.85,0,0.0354,0.842,0,0
2026-09-03T22:47:36.561352+00:00,benign_iot_idle_v1,benign_iot_idle_v1__run_002,benign,,1,1,0.0,0.3825,0.6373,556.76,1336.22,0.4834,5,12,6.6897,9.6623,4.6794,3.2999,14.579,0,0,0,0,0,0,0.4117,111.35,0.0,111.35,8310.69,6491.68,0,0.0,1.2433,0,0
2026-09-03T22:47:41.561352+00:00,benign_iot_idle_v1,benign_iot_idle_v1__run_002,benign,,2,2,1.0,0.3654,0.62,887.81,1648.79,0.5442,14,26,4.0009,11.5283,3.8893,1.4095,8.1178,0,1,0,0,0,0,0.5308,63.41,1.42,64.83,8080.4,6233.27,0,0.0,1.277,0,0
2026-09-03T22:47:46.561352+00:00,benign_iot_idle_v1,benign_iot_idle_v1__run_002,benign,,0,0,0.0,0.4084,0.6169,0.0,0.0,0.4862,0,0,3.7281,8.6673,4.8711,1.7172,10.0228,0,0,0,0,0,0,1.3824,80.44,0.0,80.44,9199.53,7528.34,0,0.0082,2.0629,0,0
2026-09-03T22:47:51.561352+00:00,benign_iot_idle_v1,benign_iot_idle_v1__run_002,benign,,2,2,1.0,0.3824,0.6514,197.9,98.95,0.4541,2,1,4.5659,7.2893,4.6457,3.0814,13.8898,0,0,0,0,0,0,1.4303,98.95,39.69,138.64,8643.26,9017.83,0,0.0,0.582,0,0
2026-09-03T22:47:56.561352+00:00,benign_iot_idle_v1,benign_iot_idle_v1__run_002,benign,,3,3,1.585,0.4445,0.5632,1224.78,816.52,0.5049,18,12,4.2973,12.0963,4.2994,3.1673,13.8013,0,1,0,0,0,0,1.4395,68.04,12.68,79.89,8717.5,9068.42,0,0.0074,0.3927,0,0
2026-09-03T22:48:01.561352+00:00,benign_iot_idle_v1,benign_iot_idle_v1__run_002,benign,,0,0,0.0,0.351,0.6481,0.0,0.0,0.4617,0,0,4.8136,12.5651,3.7427,1.3839,7.8944,0,0,0,0,0,0,0.9911,95.85,0.0,95.85,8445.4,6752.15,0,0.0,1.5627,0,0
2026-09-03T22:48:06.561352+00:00,benign_iot_idle_v1,benign_iot_idle_v1__run_002,benign,,2,2,1.0,0.3508,0.6391,1104.51,897.42,0.5681,16,13,4.8959,11.7701,9.8214,2.5829,17.5702,0,0,0,0,0,0,1.1839,69.03,0.97,70.0,9027.21,9213.42,0,0.0272,2.0975,0,0
2026-09-03T22:48:11.561352+00:00,benign_iot_idle_v1,benign_iot_idle_v1__run_002,benign,,0,0,0.0,0.4202,0.5979,0.0,0.0,0.5719,0,0,9.7998,15.6631,6.2049,4.3839,19.3567,0,0,0,0,0,0,1.3267,49.47,0.0,49.47,8095.15,8531.96,0,0.0,0.9925,0,0
2026-09-03T22:48:16.561352+00:00,benign_iot_idle_v1,benign_iot_idle_v1__run_002,benign,,3,3,1.585,0.4165,0.612,796.22,1946.32,0.4968,9,22,3.5315,6.8027,3.726,2.3654,10.8223,0,1,0,0,0,0,0.4045,88.47,32.67,133.46,8889.76,6931.78,0,0.0809,0.1873,0,0
2026-09-03T22:48:21.561352+00:00,benign_iot_idle_v1,benign_iot_idle_v1__run_002,benign,,1,1,0.0,0.3907,0.6085,467.74,760.08,0.4631,8,13,5.0212,7.9348,3.8426,2.6645,11.836,0,0,0,0,0,0,0.5867,58.47,0.0,58.47,7485.33,7759.15,0,0.0,1.1363,0,0
2026-09-03T22:48:26.561352+00:00,benign_iot_idle_v1,benign_iot_idle_v1__run_002,benign,,0,0,0.0,0.3841,0.6141,0.0,0.0,0.5938,0,0,3.8875,9.0399,4.7446,2.6587,12.7207,0,0,0,0,0,0,1.0622,91.94,0.0,91.94,9438.31,9972.34,0,0.0094,1.2586,0,0
2026-09-03T22:48:31.561352+00:00,benign_iot_idle_v1,benign_iot_idle_v1__run_002,benign,,2,2,1.0,0.386,0.5923,503.33,314.58,0.4824,8,5,6.1709,16.8875,4.7972,3.0759,14.025,0,0,0,0,0,0,1.3693,62.92,15.34,78.26,8976.96,8491.3,0,0.0054,1.335,0,0
2026-09-03T22:48:36.561352+00:00,benign_iot_idle_v1,benign_iot_idle_v1__run_002,benign,,0,0,0.0,0.3899,0.6369,0.0,0.0,0.5504,0,0,10.6873,21.153,10.0715,7.1162,31.42,0,0,0,0,0,0,0.8927,48.39,0.0,48.39,8098.6,8625.49,0,0.0,1.2137,0,0
2026-09-03T22:48:41.561352+00:00,benign_iot_idle_v1,benign_iot_idle_v1__run_002,benign,,0,0,0.0,0.4024,0.6438,0.0,0.0,0.4734,0,0,4.2118,7.1289,4.3813,2.6676,12.3841,0,0,0,0,0,0,0.7123,99.03,0.0,99.03,7294.35,7710.37,0,0.0,1.426,0,0
2026-09-03T22:48:46.561352+00:00,benign_iot_idle_v1,benign_iot_idle_v1__run_002,benign,,0,0,0.0,0.4708,0.4998,0.0,0.0,0.4584,0,0,12.259,33.211,9.8612,5.2463,25.6003,0,0,0,0,0,0,0.4858,33.22,0.0,33.22,9762.07,9196.18,0,0.0,0.8318,0,0
2026-09-03T22:48:51.561352+00:00,benign_iot_idle_v1,benign_iot_idle_v1__run_002,benign,,2,2,1.0,0.3945,0.6044,432.21,324.16,0.5302,4,3,3.2585,8.8884,3.4289,1.268,7.2328,0,1,0,0,0,0,1.007,108.05,30.77,138.83,8234.81,7409.49,0,0.0,1.1934,0,0
2026-09-03T22:48:56.561352+00:00,benign_iot_idle_v1,benign_iot_idle_v1__run_002,benign,,2,2,1.0,0.4027,0.5928,945.95,1081.09,0.4925,14,16,6.2644,13.4897,9.6508,2.6019,17.4565,0,1,0,0,0,0,0.8622,67.57,16.63,84.19,8157.48,7164.66,0,0.03,0.2659,0,0
2026-09-03T22:49:01.561352+00:00,benign_iot_idle_v1,benign_iot_idle_v1__run_002,benign,,0,0,0.0,0.4139,0.5707,0.0,0.0,0.4447,0,0,2.8683,3.6714,4.6599,2.9462,13.4987,0,0,0,0,0,0,1.1331,90.62,0.0,90.62,8146.47,8741.45,0,0.0141,0.8635,0,0
2026-09-03T22:49:06.561352+00:00,benign_iot_idle_v1,benign_iot_idle_v1__run_002,benign,,2,2,1.0,0.3633,0.6516,808.29,707.25,0.5393,8,7,8.28,23.3468,10.3981,3.7615,21.6827,0,1,0,0,0,0,1.1176,101.04,10.76,111.8,5512.62,9729.79,0,0.0097,1.4093,0,0
2026-09-03T22:49:11.561352+00:00,benign_iot_idle_v1,benign_iot_idle_v1__run_002,benign,,1,1,0.0,0.3332,0.6408,393.46,688.56,0.5236,4,7,5.1775,7.0859,4.3969,2.9673,13.2987,0,0,0,0,0,0,0.5402,98.37,0.0,98.37,8745.07,7137.95,0,0.0,1.3529,0,0
2026-09-03T22:49:16.561352+00:00,benign_iot_idle_v1,benign_iot_idle_v1__run_002,benign,,1,1,0.0,0.3848,0.6118,767.79,691.01,0.5184,10,9,3.5449,8.3823,4.4099,1.8911,10.0833,0,0,0,0,0,0,1.065,76.78,0.0,76.78,7332.53,7792.65,0,0.0023,1.3495,0,0
2026-09-03T22:49:21.561352+00:00,benign_iot_idle_v1,benign_iot_idle_v1__run_002,benign,,4,3,1.585,0.3929,0.5944,3668.86,3210.26,0.5243,32,28,4.536,7.4252,3.2888,1.6232,8.1585,0,1,0,0,0,0,1.1082,114.65,56.79,212.06,8336.79,8580.08,0,0.0532,1.4222,0,0
2026-09-03T22:49:26.561352+00:00,benign_iot_idle_v1,benign_iot_idle_v1__run_002,benign,,0,0,0.0,0.4064,0.5989,0.0,0.0,0.4962,0,0,4.4868,9.9867,2.9618,1.929,8.7489,0,0,0,0,0,0,1.3667,111.47,0.0,111.47,8372.92,6485.52,0,0.0,1.3564,0,0
2026-09-03T22:49:31.561352+00:00,benign_iot_idle_v1,benign_iot_idle_v1__run_002,benign,,0,0,0.0,0.4029,0.6366,0.0,0.0,0.512,0,0,4.4628,11.6276,8.9386,4.638,22.8525,0,0,0,0,0,0,0.8504,94.73,0.0,94.73,8112.06,8229.86,0,0.0,1.7729,0,0
2026-09-03T22:49:36.561352+00:00,benign_iot_idle_v1,benign_iot_idle_v1__run_002,benign,,0,0,0.0,0.3985,0.5954,0.0,0.0,0.4211,0,0,5.1759,13.5428,8.7291,6.0133,26.7689,0,0,0,0,0,0,1.289,88.67,0.0,88.67,8726.31,9686.66,0,0.0,1.0772,0,0
2026-09-03T22:49:41.561352+00:00,benign_iot_idle_v1,benign_iot_idle_v1__run_002,benign,,1,1,0.0,0.4295,0.5784,92.12,92.12,0.5402,2,2,3.4154,10.1078,5.0246,3.2951,14.9098,0,0,0,0,0,0,0.8774,46.06,0.0,46.06,8762.23,7719.93,0,0.0327,0.466,0,0
2026-09-03T22:49:46.561352+00:00,benign_iot_idle_v1,benign_iot_idle_v1__run_002,benign,,2,2,1.0,0.4087,0.5822,1056.86,616.5,0.431,12,7,3.0251,6.9286,3.3631,2.1935,9.9435,0,1,0,0,0,0,1.7113,88.07,8.28,96.36,7657.47,9469.59,0,0.0544,1.506,0,0
2026-09-03T22:49:51.561352+00:00,benign_iot_idle_v1,benign_iot_idle_v1__run_002,benign,,0,0,0.0,0.3539,0.6992,0.0,0.0,0.4243,0,0,3.4198,9.3565,6.0579,3.4216,16.3229,0,0,0,0,0,0,1.4881,98.52,0.0,98.52,7498.76,6769.91,0,0.0,0.5154,0,0
2026-09-03T22:49:56.561352+00:00,benign_iot_idle_v1,benign_iot_idle_v1__run_002,benign,,1,1,0.0,0.3362,0.6392,306.98,306.98,0.4893,4,4,9.6281,18.8465,8.0514,5.3452,24.087,0,0,0,0,0,0,0.831,76.74,0.0,76.74,8909.73,9268.34,0,0.0213,0.7914,0,0
2026-09-03T22:50:01.561352+00:00,benign_iot_idle_v1,benign_iot_idle_v1__run_002,benign,,2,2,1.0,0.3941,0.5904,805.73,0.0,0.4687,6,0,4.4247,12.4135,3.9632,2.089,10.2301,0,0,0,0,0,0,0.0,134.29,32.89,167.18,7674.89,7817.98,0,0.0,0.7933,0,0
2026-09-03T22:50:06.561352+00:00,benign_iot_idle_v1,benign_iot_idle_v1__run_002,benign,,2,2,1.0,0.3755,0.6481,2643.57,2948.6,0.5626,26,29,3.1915,7.3815,4.349,2.5169,11.8998,0,1,0,0,0,0,0.8749,101.68,8.46,110.14,9440.0,8503.04,0,0.0,1.8392,0,0
2026-09-03T22:50:11.561352+00:00,benign_iot_idle_v1,benign_iot_idle_v1__run_002,benign,,1,1,0.0,0.3683,0.6463,667.28,778.49,0.4807,6,7,8.4342,19.1879,6.6301,3.0573,15.8021,0,0,0,0,0,0,0.7784,111.21,0.0,111.21,6942.51,8341.48,0,0.006,0.9157,0,0
2026-09-03T22:50:16.561352+00:00,benign_iot_idle_v1,benign_iot_idle_v1__run_002,benign,,5,3,1.585,0.3789,0.6074,2787.64,3902.69,0.5809,25,35,2.1565,6.0731,3.2461,1.1861,6.8045,0,2,0,0,1,0,0.6952,111.51,29.41,166.79,8826.63,7659.73,0,0.0626,1.6761,0,0
2026-09-03T22:50:21.561352+00:00,benign_iot_idle_v1,benign_iot_idle_v1__run_002,benign,,0,0,0.0,0.4037,0.6109,0.0,0.0,0.4932,0,0,4.2292,12.4619,3.8496,2.1817,10.3946,0,0,0,0,0,0,0.855,89.59,0.0,89.59,7069.83,8634.44,0,0.0,0.7051,0,0
2026-09-03T22:50:26.561352+00:00,benign_iot_idle_v1,benign_iot_idle_v1__run_002,benign,,2,2,1.0,0.405,0.6141,1071.99,1205.99,0.5125,16,18,6.0645,9.3707,4.9921,1.7076,10.115,0,1,0,0,0,0,0.8773,67.0,1.95,68.95,9288.45,7580.79,0,0.0119,1.3717,0,0
2026-09-03T22:50:31.561352+00:00,benign_iot_idle_v1,benign_iot_idle_v1__run_002,benign,,3,3,1.585,0.4218,0.5858,2432.49,2027.08,0.3969,24,20,2.6158,3.9787,3.1632,1.6478,8.1066,0,1,0,0,0,0,1.1655,101.35,19.26,120.04,6416.11,8492.98,0,0.0327,0.2426,0,0
2026-09-03T22:50:36.561352+00:00,benign_iot_idle_v1,benign_iot_idle_v1__run_002,benign,,1,1,0.0,0.4136,0.6064,631.37,631.37,0.5561,4,4,9.3555,17.8011,10.3459,6.3276,29.3286,0,0,0,0,0,0,0.9164,157.84,0.0,157.84,9030.96,8316.6,0,0.0,1.0205,0,0
2026-09-03T22:50:41.561352+00:00,benign_iot_idle_v1,benign_iot_idle_v1__run_002,benign,,1,1,0.0,0.3453,0.6432,358.28,417.99,0.5089,6,7,3.8387,9.952,4.0067,1.6193,8.8645,0,0,0,0,0,0,0.8425,59.71,0.0,59.71,8198.3,6697.3,0,0.0158,0.0,0,0
2026-09-03T22:50:46.561352+00:00,benign_iot_idle_v1,benign_iot_idle_v1__run_002,benign,,2,2,1.0,0.367,0.6353,329.84,274.87,0.5263,6,5,4.5258,7.4312,3.3949,1.6676,8.3977,0,1,0,0,0,0,1.0346,54.97,4.38,59.36,9881.63,7495.23,0,0.055,0.7133,0,0
2026-09-03T22:50:51.561352+00:00,benign_iot_idle_v1,benign_iot_idle_v1__run_002,benign,,0,0,0.0,0.4156,0.6027,0.0,0.0,0.5084,0,0,14.5937,29.5798,9.8936,3.0974,19.1858,0,0,0,0,0,0,1.4353,50.96,0.0,50.96,9751.8,9180.29,0,0.0,1.3146,0,0
2026-09-03T22:50:56.561352+00:00,benign_iot_idle_v1,benign_iot_idle_v1__run_002,benign,,0,0,0.0,0.3852,0.6347,0.0,0.0,0.5727,0,0,5.8367,15.5994,8.8233,6.4941,28.3057,0,0,0,0,0,0,0.8996,66.3,0.0,66.3,7927.43,7777.01,0,0.0,1.7638,0,0
2026-09-03T22:51:01.561352+00:00,benign_iot_idle_v1,benign_iot_idle_v1__run_002,benign,,2,2,1.0,0.4025,0.62,1863.3,2445.58,0.4804,16,21,4.0932,5.6397,4.9554,1.4145,9.199,0,0,0,0,0,0,0.7499,116.46,40.1,156.55,9690.65,8557.32,0,0.0089,1.4123,0,0
2026-09-03T22:51:06.561352+00:00,benign_iot_idle_v1,benign_iot_idle_v1__run_002,benign,,2,2,1.0,0.4672,0.543,1614.33,4932.69,0.5626,18,55,4.582,6.4888,3.4732,1.7572,8.7447,0,1,0,0,0,0,0.3251,89.69,28.59,118.27,7462.74,6648.71,0,0.005,0.8682,0,0
2026-09-03T22:51:11.561352+00:00,benign_iot_idle_v1,benign_iot_idle_v1__run_002,benign,,1,1,0.0,0.3655,0.6176,700.83,467.22,0.5333,6,4,1.9427,4.5687,4.3536,2.6292,12.2411,0,0,0,0,0,0,1.2692,116.8,0.0,116.8,7495.93,8601.05,0,0.0,1.2934,0,0
2026-09-03T22:51:16.561352+00:00,benign_iot_idle_v1,benign_iot_idle_v1__run_002,benign,,1,1,0.0,0.4233,0.5735,545.0,622.86,0.49,7,8,7.2448,21.1374,4.9161,1.5969,9.7068,0,0,0,0,0,0,0.8285,77.86,0.0,77.86,6999.24,9637.86,0,0.0959,0.2572,0,0
2026-09-03T22:51:21.561352+00:00,benign_iot_idle_v1,benign_iot_idle_v1__run_002,benign,,1,1,0.0,0.4067,0.6057,536.54,766.48,0.5382,7,10,5.4323,15.7056,4.3889,2.6769,12.4196,0,0,0,0,0,0,0.6671,76.65,0.0,76.65,8182.79,10474.76,0,0.0,1.1145,0,0
2026-09-03T22:51:26.561352+00:00,benign_iot_idle_v1,benign_iot_idle_v1__run_002,benign,,1,1,0.0,0.4038,0.6088,493.3,493.3,0.5962,7,7,6.5469,19.3788,4.5765,3.4057,14.7937,0,0,0,0,0,0,0.9483,70.47,0.0,70.47,8217.67,7841.59,0,0.0286,0.0,0,0
2026-09-03T22:51:31.561352+00:00,benign_iot_idle_v1,benign_iot_idle_v1__run_002,benign,,2,2,1.0,0.3392,0.6606,2009.51,1674.59,0.5149,18,15,6.5862,15.3373,5.196,1.8467,10.7361,0,1,0,0,0,0,1.1275,111.64,1.47,113.11,8711.88,8203.33,0,0.0483,0.9261,0,0
2026-09-03T22:51:36.561352+00:00,benign_iot_idle_v1,benign_iot_idle_v1__run_002,benign,,0,0,0.0,0.4119,0.5823,0.0,0.0,0.5453,0,0,5.2989,12.1149,3.3527,2.0578,9.526,0,0,0,0,0,0,0.5866,102.37,0.0,102.37,8655.34,7914.44,0,0.0,1.0532,0,0
2026-09-03T22:51:41.561352+00:00,benign_iot_idle_v1,benign_iot_idle_v1__run_002,benign,,0,0,0.0,0.3922,0.5805,0.0,0.0,0.4087,0,0,4.2598,9.8643,3.7019,1.863,9.291,0,0,0,0,0,0,0.9471,68.93,0.0,68.93,9574.0,8800.08,0,0.0273,1.0097,0,0
2026-09-03T22:51:46.561352+00:00,benign_iot_idle_v1,benign_iot_idle_v1__run_002,benign,,0,0,0.0,0.4249,0.5747,0.0,0.0,0.4362,0,0,7.7263,22.3563,5.6508,4.0444,17.784,0,0,0,0,0,0,0.9221,56.21,0.0,56.21,7282.8,7852.09,0,0.0,1.0537,0,0
2026-09-03T22:51:51.561352+00:00,benign_iot_idle_v1,benign_iot_idle_v1__run_002,benign,,2,2,1.0,0.3919,0.6112,1569.41,1020.12,0.4169,20,13,4.6984,6.3023,3.7969,1.2191,7.4542,0,0,0,0,0,0,1.4518,78.47,4.01,82.48,7493.91,8705.93,0,0.0751,0.9989,0,0
2026-09-03T22:51:56.561352+00:00,benign_iot_idle_v1,benign_iot_idle_v1__run_002,benign,,4,3,1.585,0.3664,0.6363,4303.42,4183.88,0.42,36,35,3.7259,7.4288,3.4112,1.8676,9.014,0,2,0,0,0,0,1.0093,119.54,44.29,194.12,8853.79,7621.43,0,0.0722,0.8042,0,0
2026-09-03T22:52:01.561352+00:00,benign_iot_idle_v1,benign_iot_idle_v1__run_002,benign,,3,3,1.585,0.4043,0.6207,854.71,712.26,0.5941,12,10,4.3833,8.4947,3.4859,1.8215,8.9504,0,1,0,0,0,0,1.1607,71.23,9.24,82.58,8198.76,7763.77,0,0.0217,1.0807,0,0
2026-09-03T22:52:06.561352+00:00,benign_iot_idle_v1,benign_iot_idle_v1__run_002,benign,,0,0,0.0,0.392,0.6115,0.0,0.0,0.4851,0,0,5.3265,12.812,4.002,2.1125,10.3396,0,0,0,0,0,0,0.4641,87.81,0.0,87.81,6606.44,6417.49,0,0.0093,0.6008,0,0
2026-09-03T22:52:11.561352+00:00,benign_iot_idle_v1,benign_iot_idle_v1__run_002,benign,,2,2,1.0,0.4247,0.5762,963.97,602.48,0.4884,8,5,2.9099,4.8453,4.9049,2.4213,12.1689,0,0,0,0,0,0,1.5075,120.5,24.73,145.23,9011.1,7460.19,0,0.0225,0.0006,0,0
2026-09-03T22:52:16.561352+00:00,benign_iot_idle_v1,benign_iot_idle_v1__run_002,benign,,1,1,0.0,0.397,0.595,578.12,939.44,0.55,8,13,4.7534,10.1251,6.3761,4.4121,19.6124,0,0,0,0,0,0,0.5925,72.26,0.0,72.26,6027.02,6987.1,0,0.0188,1.0664,0,0
2026-09-03T22:52:21.561352+00:00,benign_iot_idle_v1,benign_iot_idle_v1__run_002,benign,,2,2,1.0,0.4195,0.5593,992.07,1558.96,0.4894,14,22,3.7657,8.0056,5.2819,3.2628,15.0704,0,0,0,0,0,0,0.6254,70.86,14.86,85.72,8962.27,7612.8,0,0.0722,1.1081,0,0
2026-09-03T22:52:26.561352+00:00,benign_iot_idle_v1,benign_iot_idle_v1__run_002,benign,,1,1,0.0,0.493,0.4785,409.22,306.92,0.5646,4,3,5.9701,15.4717,4.9611,2.8257,13.4381,0,0,0,0,0,0,1.1055,102.31,0.0,102.31,8417.82,8195.28,0,0.0,1.2691,0,0
2026-09-03T22:52:31.561352+00:00,benign_iot_idle_v1,benign_iot_idle_v1__run_002,benign,,0,0,0.0,0.4167,0.5772,0.0,0.0,0.4705,0,0,8.3384,18.2465,7.1941,2.3233,14.164,0,0,0,0,0,0,1.1698,59.57,0.0,59.57,7057.06,9070.71,0,0.0306,1.3399,0,0
2026-09-03T22:52:36.561352+00:00,benign_iot_idle_v1,benign_iot_idle_v1__run_002,benign,,1,1,0.0,0.4397,0.5707,544.99,544.99,0.5337,7,7,10.6318,14.979,8.1419,5.8683,25.7467,0,0,0,0,0,0,0.9498,77.86,0.0,77.86,8664.47,6382.51,0,0.0,1.2054,0,0
2026-09-03T22:52:41.561352+00:00,benign_iot_idle_v1,benign_iot_idle_v1__run_002,benign,,1,1,0.0,0.4382,0.5546,508.57,508.57,0.453,5,5,7.0536,11.6102,9.7415,3.2235,19.4119,0,0,0,0,0,0,0.9743,101.71,0.0,101.71,8028.98,8844.24,0,0.0,1.0811,0,0
2026-09-03T22:52:46.561352+00:00,benign_iot_idle_v1,benign_iot_idle_v1__run_002,benign,,1,1,0.0,0.3929,0.6556,311.43,311.43,0.6167,4,4,3.4483,6.3958,4.767,1.6713,9.7809,0,0,0,0,0,0,0.9499,77.86,0.0,77.86,8584.06,7537.62,0,0.0685,1.4253,0,0
2026-09-03T22:52:51.561352+00:00,benign_iot_idle_v1,benign_iot_idle_v1__run_002,benign,,0,0,0.0,0.4121,0.5529,0.0,0.0,0.5662,0,0,4.6537,9.4817,4.1639,2.9751,13.0892,0,0,0,0,0,0,0.459,73.72,0.0,73.72,9573.76,7110.74,0,0.0,0.75,0,0
2026-09-03T22:52:56.561352+00:00,benign_iot_idle_v1,benign_iot_idle_v1__run_002,benign,,1,1,0.0,0.3975,0.5905,296.49,296.49,0.4612,3,3,3.1353,8.2317,6.3956,1.9325,12.1932,0,0,0,0,0,0,0.9046,98.83,0.0,98.83,8571.39,8746.69,0,0.0836,1.836,0,0
2026-09-03T22:53:01.561352+00:00,benign_iot_idle_v1,benign_iot_idle_v1__run_002,benign,,1,1,0.0,0.3959,0.6544,214.61,107.3,0.5658,2,1,4.6763,12.1824,5.3862,3.9411,17.2096,0,0,0,0,0,0,1.5519,107.3,0.0,107.3,8260.23,6730.5,0,0.0111,0.8798,0,0
2026-09-03T22:53:06.561352+00:00,benign_iot_idle_v1,benign_iot_idle_v1__run_002,benign,,0,0,0.0,0.4117,0.5683,0.0,0.0,0.4783,0,0,7.8713,14.9288,6.6762,2.7801,15.0165,0,0,0,0,0,0,0.92,71.73,0.0,71.73,6215.05,6802.12,0,0.0351,0.5774,0,0
2026-09-03T22:53:11.561352+00:00,benign_iot_idle_v1,benign_iot_idle_v1__run_002,benign,,0,0,0.0,0.3997,0.6144,0.0,0.0,0.492,0,0,2.3061,3.1855,4.2176,2.4488,11.564,0,0,0,0,0,0,0.8685,65.64,0.0,65.64,9043.84,7787.75,0,0.0133,1.2547,0,0
2026-09-03T22:53:16.561352+00:00,benign_iot_idle_v1,benign_iot_idle_v1__run_002,benign,,0,0,0.0,0.3954,0.6096,0.0,0.0,0.557,0,0,3.9249,11.7549,2.8818,1.4573,7.2535,0,0,0,0,0,0,0.9336,83.07,0.0,83.07,9133.07,8066.61,0,0.0,0.6655,0,0
2026-09-03T22:53:21.561352+00:00,benign_iot_idle_v1,benign_iot_idle_v1__run_002,benign,,1,1,0.0,0.3844,0.6173,579.65,676.26,0.4542,6,7,2.3911,3.3657,3.6917,1.9352,9.4973,0,0,0,0,0,0,0.765,96.61,0.0,96.61,7637.93,8863.66,0,0.0,0.5727,0,0
2026-09-03T22:53:26.561352+00:00,benign_iot_idle_v1,benign_iot_idle_v1__run_002,benign,,1,1,0.0,0.4245,0.5394,268.31,268.31,0.5005,3,3,4.1795,10.3875,3.1178,0.8603,5.6985,0,0,0,0,0,0,0.8049,89.44,0.0,89.44,7459.96,8172.86,0,0.0,1.7103,0,0
2026-09-03T22:53:31.561352+00:00,benign_iot_idle_v1,benign_iot_idle_v1__run_002,benign,,0,0,0.0,0.3806,0.5995,0.0,0.0,0.4247,0,0,4.1146,11.6982,5.2413,1.7666,10.5412,0,0,0,0,0,0,1.0671,131.73,0.0,131.73,10741.85,8667.35,0,0.0174,1.382,0,0
2026-09-03T22:53:36.561352+00:00,benign_iot_idle_v1,benign_iot_idle_v1__run_002,benign,,1,1,0.0,0.4328,0.6005,583.35,437.51,0.5511,8,6,3.2976,9.6068,5.5371,2.2819,12.3829,0,0,0,0,0,0,1.1558,72.92,0.0,72.92,7568.52,7665.37,0,0.0061,0.0,0,0
2026-09-03T22:53:41.561352+00:00,benign_iot_idle_v1,benign_iot_idle_v1__run_002,benign,,0,0,0.0,0.4159,0.6025,0.0,0.0,0.5306,0,0,4.4601,5.9111,4.5606,1.5596,9.2392,0,0,0,0,0,0,1.3861,79.45,0.0,79.45,7949.1,6534.66,0,0.0,0.8182,0,0
2026-09-03T22:53:46.561352+00:00,benign_iot_idle_v1,benign_iot_idle_v1__run_002,benign,,0,0,0.0,0.3949,0.6144,0.0,0.0,0.4608,0,0,3.5452,10.5028,6.2087,3.0884,15.4739,0,0,0,0,0,0,0.7338,85.21,0.0,85.21,5225.36,6815.84,0,0.0,0.84,0,0
2026-09-03T22:53:51.561352+00:00,benign_iot_idle_v1,benign_iot_idle_v1__run_002,benign,,2,2,1.0,0.4206,0.5252,882.51,588.34,0.4164,6,4,3.6423,8.1753,6.6959,3.4691,17.1032,0,1,0,0,0,0,1.4393,147.09,35.81,182.9,9680.84,8747.07,0,0.0445,1.2075,0,0
2026-09-03T22:53:56.561352+00:00,benign_iot_idle_v1,benign_iot_idle_v1__run_002,benign,,2,2,1.0,0.4183,0.5697,899.82,629.87,0.5297,10,7,6.9444,15.3993,4.4896,1.7812,9.8333,0,0,0,0,0,0,1.3907,89.98,12.88,102.87,7611.07,8158.32,0,0.0604,0.7071,0,0
2026-09-03T22:54:01.561352+00:00,benign_iot_idle_v1,benign_iot_idle_v1__run_002,benign,,2,2,1.0,0.4221,0.5955,1244.89,855.86,0.4678,16,11,5.2347,11.9189,8.8433,2.9155,17.5898,0,0,0,0,0,0,1.4159,77.81,15.16,92.96,10170.92,8226.11,0,0.0979,1.1628,0,0
2026-09-03T22:54:06.561352+00:00,benign_iot_idle_v1,benign_iot_idle_v1__run_002,benign,,1,1,0.0,0.4348,0.5606,196.68,196.68,0.5496,2,2,5.0764,13.7297,7.5558,2.3485,14.6013,0,0,0,0,0,0,0.947,98.34,0.0,98.34,8751.25,7616.66,0,0.0,0.995,0,0
2026-09-03T22:54:11.561352+00:00,benign_iot_idle_v1,benign_iot_idle_v1__run_002,benign,,0,0,0.0,0.4069,0.5784,0.0,0.0,0.5629,0,0,4.9701,10.2611,6.0307,1.8623,11.6178,0,0,0,0,0,0,0.9937,164.02,0.0,164.02,6350.78,7089.31,0,0.0,1.0419,0,0
2026-09-03T22:54:16.561352+00:00,benign_iot_idle_v1,benign_iot_idle_v1__run_002,benign,,1,1,0.0,0.3672,0.6328,496.12,496.12,0.5392,6,6,8.5307,16.7467,4.971,3.6231,15.8403,0,0,0,0,0,0,0.937,82.69,0.0,82.69,8180.13,8313.11,0,0.0,1.3742,0,0
2026-09-03T22:54:21.561352+00:00,benign_iot_idle_v1,benign_iot_idle_v1__run_002,benign,,1,1,0.0,0.4238,0.5846,302.31,226.73,0.5319,4,3,3.9785,6.3911,6.2021,3.4715,16.6165,0,0,0,0,0,0,1.0226,75.58,0.0,75.58,9215.82,6360.44,0,0.0157,1.1949,0,0
2026-09-03T22:54:26.561352+00:00,benign_iot_idle_v1,benign_iot_idle_v1__run_002,benign,,0,0,0.0,0.3875,0.6022,0.0,0.0,0.5088,0,0,7.5901,9.4621,8.3847,6.2109,27.0175,0,0,0,0,0,0,1.2433,78.57,0.0,78.57,7139.63,9812.27,0,0.0,0.4072,0,0
2026-09-03T22:54:31.561352+00:00,benign_iot_idle_v1,benign_iot_idle_v1__run_002,benign,,1,1,0.0,0.3563,0.6368,921.96,1126.85,0.5748,9,11,4.7225,8.3231,3.5213,1.6245,8.3948,0,0,0,0,0,0,0.8129,102.44,0.0,102.44,7836.22,9759.28,0,0.0334,1.4015,0,0
2026-09-03T22:54:36.561352+00:00,benign_iot_idle_v1,benign_iot_idle_v1__run_002,benign,,1,1,0.0,0.4514,0.5508,482.15,771.44,0.5155,5,8,1.7611,4.3482,2.7731,1.3566,6.843,0,0,0,0,0,0,0.605,96.43,0.0,96.43,8694.66,8886.98,0,0.0276,1.4244,0,0
2026-09-03T22:54:41.561352+00:00,benign_iot_idle_v1,benign_iot_idle_v1__run_002,benign,,2,2,1.0,0.3682,0.6111,872.61,1018.05,0.5924,12,14,3.1601,8.5013,4.2045,2.4539,11.5662,0,0,0,0,0,0,0.8161,72.72,21.89,94.61,9829.79,8492.31,0,0.0519,0.5685,0,0
2026-09-03T22:54:46.561352+00:00,benign_iot_idle_v1,benign_iot_idle_v1__run_002,benign,,0,0,0.0,0.4034,0.5979,0.0,0.0,0.4598,0,0,4.939,14.1313,3.7222,1.5758,8.4497,0,0,0,0,0,0,0.56,88.15,0.0,88.15,8535.44,7811.73,0,0.0,0.8408,0,0
2026-09-03T22:54:51.561352+00:00,benign_iot_idle_v1,benign_iot_idle_v1__run_002,benign,,0,0,0.0,0.4273,0.5475,0.0,0.0,0.5495,0,0,9.0211,25.2388,5.7758,2.122,12.1419,0,0,0,0,0,0,1.1665,93.73,0.0,93.73,6835.34,7294.69,0,0.0,0.9564,0,0
2026-09-03T22:54:56.561352+00:00,benign_iot_idle_v1,benign_iot_idle_v1__run_002,benign,,0,0,0.0,0.4286,0.5932,0.0,0.0,0.4794,0,0,5.868,16.6315,4.764,3.1072,14.0856,0,0,0,0,0,0,1.1947,94.12,0.0,94.12,6617.88,6679.62,0,0.0,1.5083,0,0
2026-09-03T22:55:01.561352+00:00,benign_iot_idle_v1,benign_iot_idle_v1__run_002,benign,,1,1,0.0,0.4057,0.5868,314.3,196.44,0.4951,8,5,5.3068,7.0297,5.1984,1.7542,10.4611,0,0,0,0,0,0,1.381,39.29,0.0,39.29,8202.7,7338.1,0,0.0521,0.4798,0,0
2026-09-03T22:55:06.561352+00:00,benign_iot_idle_v1,benign_iot_idle_v1__run_002,benign,,1,1,0.0,0.392,0.6122,204.12,285.77,0.4896,5,7,3.3727,4.8914,4.251,3.0576,13.4238,0,0,0,0,0,0,0.6932,40.82,0.0,40.82,8146.54,8942.83,0,0.0552,1.1103,0,0
2026-09-03T22:55:11.561352+00:00,benign_iot_idle_v1,benign_iot_idle_v1__run_002,benign,,0,0,0.0,0.3792,0.6507,0.0,0.0,0.4793,0,0,4.9799,12.0564,3.8551,1.7443,9.088,0,0,0,0,0,0,1.1462,71.34,0.0,71.34,7584.96,7567.79,0,0.033,0.7503,0,0
2026-09-03T22:55:16.561352+00:00,benign_iot_idle_v1,benign_iot_idle_v1__run_002,benign,,1,1,0.0,0.3982,0.6174,1166.48,777.66,0.548,12,8,9.7772,17.9035,7.5343,4.2476,20.277,0,0,0,0,0,0,1.4228,97.21,0.0,97.21,7578.2,6948.81,0,0.0321,0.5695,0,0
2026-09-03T22:55:21.561352+00:00,benign_iot_idle_v1,benign_iot_idle_v1__run_002,benign,,2,2,1.0,0.4065,0.6043,789.1,986.38,0.4542,8,10,3.3991,8.9864,5.8595,3.9932,17.839,0,0,0,0,0,0,0.7274,98.64,2.16,100.8,9261.73,8239.13,0,0.0,1.4511,0,0
2026-09-03T22:55:26.561352+00:00,benign_iot_idle_v1,benign_iot_idle_v1__run_002,benign,,0,0,0.0,0.3858,0.6369,0.0,0.0,0.4586,0,0,4.7828,10.8754,5.2802,1.6706,10.2919,0,0,0,0,0,0,0.823,86.72,0.0,86.72,7581.52,8735.58,0,0.0,1.3461,0,0
2026-09-03T22:55:31.561352+00:00,benign_iot_idle_v1,benign_iot_idle_v1__run_002,benign,,2,2,1.0,0.3679,0.6217,1090.15,778.68,0.463,14,10,6.0217,10.7349,4.6238,2.7188,12.7803,0,1,0,0,0,0,1.2815,77.87,7.52,85.39,8392.61,8832.4,0,0.0745,0.8283,0,0
2026-09-03T22:55:36.561352+00:00,benign_iot_idle_v1,benign_iot_idle_v1__run_002,benign,,0,0,0.0,0.3875,0.6059,0.0,0.0,0.5401,0,0,5.8531,8.6173,4.775,2.0914,11.0491,0,0,0,0,0,0,1.1827,76.9,0.0,76.9,8457.27,7426.54,0,0.0,1.0851,0,0
2026-09-03T22:55:41.561352+00:00,benign_iot_idle_v1,benign_iot_idle_v1__run_002,benign,,2,2,1.0,0.3998,0.5899,898.75,842.57,0.4436,16,15,4.536,8.9256,4.434,1.1195,7.7924,0,0,0,0,0,0,1.0196,56.17,1.38,57.55,9164.96,8326.61,0,0.0085,0.3007,0,0
2026-09-03T22:55:46.561352+00:00,benign_iot_idle_v1,benign_iot_idle_v1__run_002,benign,,2,2,1.0,0.4193,0.5849,1068.62,979.57,0.5158,12,11,3.7626,5.4824,3.4336,1.6329,8.3325,0,0,0,0,0,0,1.0185,89.05,6.51,95.56,7543.33,7593.45,0,0.0469,1.723,0,0
2026-09-03T22:55:51.561352+00:00,benign_iot_idle_v1,benign_iot_idle_v1__run_002,benign,,0,0,0.0,0.3991,0.6294,0.0,0.0,0.5204,0,0,7.6956,17.3288,6.1652,2.8221,14.6314,0,0,0,0,0,0,1.0636,78.39,0.0,78.39,8673.28,9483.64,0,0.0,1.2528,0,0
2026-09-03T22:55:56.561352+00:00,benign_iot_idle_v1,benign_iot_idle_v1__run_002,benign,,1,1,0.0,0.3868,0.6484,229.36,229.36,0.5229,2,2,10.4979,29.8193,9.7501,3.0322,18.8466,0,0,0,0,0,0,0.7205,114.68,0.0,114.68,6342.22,7530.03,0,0.0205,1.8965,0,0
2026-09-03T22:56:01.561352+00:00,benign_iot_idle_v1,benign_iot_idle_v1__run_002,benign,,1,1,0.0,0.3909,0.62,513.03,615.64,0.4933,5,6,13.115,21.1985,10.4676,5.4315,26.7621,0,0,0,0,0,0,0.7163,102.61,0.0,102.61,7534.24,10373.88,0,0.0,0.7792,0,0
2026-09-03T22:56:06.561352+00:00,benign_iot_idle_v1,benign_iot_idle_v1__run_002,benign,,0,0,0.0,0.4161,0.5811,0.0,0.0,0.5221,0,0,5.4029,14.2445,4.2915,2.9061,13.0098,0,0,0,0,0,0,0.4224,117.33,0.0,117.33,8240.89,6108.41,0,0.0,1.0723,0,0
2026-09-03T22:56:11.561352+00:00,benign_iot_idle_v1,benign_iot_idle_v1__run_002,benign,,1,1,0.0,0.3962,0.591,221.89,177.51,0.5091,5,4,7.9936,20.6381,5.4439,1.9011,11.1472,0,0,0,0,0,0,1.1252,44.38,0.0,44.38,7742.72,8788.6,0,0.0248,1.1033,0,0
2026-09-03T22:56:16.561352+00:00,benign_iot_idle_v1,benign_iot_idle_v1__run_002,benign,,0,0,0.0,0.4036,0.5893,0.0,0.0,0.5129,0,0,5.0375,14.4693,5.1386,2.9971,14.13,0,0,0,0,0,0,0.8009,121.73,0.0,121.73,8967.3,8061.0,0,0.0,1.1861,0,0
2026-09-03T22:56:21.561352+00:00,benign_iot_idle_v1,benign_iot_idle_v1__run_002,benign,,2,2,1.0,0.3718,0.6174,540.09,486.08,0.4866,10,9,2.8555,8.2354,3.9336,1.2731,7.7531,0,1,0,0,0,0,1.0797,54.01,7.46,61.47,8529.09,7729.03,0,0.004,0.7672,0,0
2026-09-03T22:56:26.561352+00:00,benign_iot_idle_v1,benign_iot_idle_v1__run_002,benign,,2,2,1.0,0.4419,0.5569,1056.43,1207.34,0.4765,14,16,5.3561,11.5495,4.661,1.985,10.616,0,1,0,0,0,0,0.8258,75.46,23.28,98.74,8032.37,10325.76,0,0.0,0.6728,0,0
2026-09-03T22:56:31.561352+00:00,benign_iot_idle_v1,benign_iot_idle_v1__run_002,benign,,1,1,0.0,0.4433,0.5353,1259.37,1259.37,0.5237,6,6,2.4156,5.8449,4.1725,1.1774,7.7048,0,0,0,0,0,0,0.9909,209.89,0.0,209.89,7782.47,7620.09,0,0.0041,1.098,0,0
2026-09-03T22:56:36.561352+00:00,benign_iot_idle_v1,benign_iot_idle_v1__run_002,benign,,3,3,1.585,0.4205,0.5568,881.18,881.18,0.5204,9,9,5.7078,9.9438,5.551,2.732,13.7471,0,1,0,0,0,0,0.9005,97.91,18.37,115.45,7345.77,9654.87,0,0.0495,0.4611,0,0
2026-09-03T22:56:41.561352+00:00,benign_iot_idle_v1,benign_iot_idle_v1__run_002,benign,,1,1,0.0,0.4188,0.5464,215.18,107.59,0.5351,2,1,11.7202,17.1517,10.9557,6.8508,31.5082,0,0,0,0,0,0,1.3009,107.59,0.0,107.59,7532.66,7540.15,0,0.0251,0.9443,0,0
2026-09-03T22:56:46.561352+00:00,benign_iot_idle_v1,benign_iot_idle_v1__run_002,benign,,2,2,1.0,0.3677,0.6129,924.25,831.83,0.5694,10,9,6.0812,13.2279,4.0478,1.9908,10.0202,0,1,0,0,0,0,1.0027,92.43,7.51,99.94,7242.49,9266.6,0,0.0179,0.0,0,0
2026-09-03T22:56:51.561352+00:00,benign_iot_idle_v1,benign_iot_idle_v1__run_002,benign,,4,3,1.585,0.3371,0.699,721.58,1172.56,0.4437,8,13,4.9587,11.3835,3.8104,1.021,6.8733,0,2,0,0,0,0,0.589,90.2,16.65,110.22,9313.19,7280.71,0,0.0458,0.1133,0,0
2026-09-03T22:56:56.561352+00:00,benign_iot_idle_v1,benign_iot_idle_v1__run_002,benign,,1,1,0.0,0.4052,0.6151,637.11,455.08,0.4353,7,5,1.8605,4.2946,3.875,2.6042,11.6876,0,0,0,0,0,0,1.2966,91.02,0.0,91.02,9067.97,9665.65,0,0.0,0.6389,0,0
2026-09-03T22:57:01.561352+00:00,benign_iot_idle_v1,benign_iot_idle_v1__run_002,benign,,1,1,0.0,0.4119,0.5888,563.25,500.67,0.5036,9,8,8.852,18.2258,7.6136,2.1948,14.1979,0,0,0,0,0,0,1.1128,62.58,0.0,62.58,8452.59,7895.67,0,0.0001,1.2016,0,0
2026-09-03T22:57:06.561352+00:00,benign_iot_idle_v1,benign_iot_idle_v1__run_002,benign,,1,1,0.0,0.388,0.5543,492.96,394.37,0.5975,5,4,6.1134,14.1911,5.9888,2.8206,14.4506,0,0,0,0,0,0,1.1845,98.59,0.0,98.59,8867.9,7470.45,0,0.0058,1.528,0,0
2026-09-03T22:57:11.561352+00:00,benign_iot_idle_v1,benign_iot_idle_v1__run_002,benign,,1,1,0.0,0.4221,0.5998,692.39,692.39,0.5283,8,8,5.3615,11.0276,4.2628,1.1426,7.6905,0,0,0,0,0,0,0.9342,86.55,0.0,86.55,6636.29,7139.01,0,0.0442,1.5496,0,0
2026-09-03T22:57:16.561352+00:00,benign_iot_idle_v1,benign_iot_idle_v1__run_002,benign,,0,0,0.0,0.4221,0.5841,0.0,0.0,0.4241,0,0,3.4838,8.3888,4.3553,2.4121,11.5918,0,0,0,0,0,0,1.1956,56.89,0.0,56.89,8416.11,7441.56,0,0.0,1.0442,0,0
2026-09-03T22:57:21.561352+00:00,benign_iot_idle_v1,benign_iot_idle_v1__run_002,benign,,0,0,0.0,0.3921,0.6098,0.0,0.0,0.5195,0,0,4.7608,14.1626,3.9412,1.2749,7.7658,0,0,0,0,0,0,1.1145,45.72,0.0,45.72,9198.0,8832.02,0,0.0,0.8549,0,0
2026-09-03T22:57:26.561352+00:00,benign_iot_idle_v1,benign_iot_idle_v1__run_002,benign,,0,0,0.0,0.3726,0.659,0.0,0.0,0.5462,0,0,5.8374,8.6002,4.4689,2.1848,11.0232,0,0,0,0,0,0,0.7396,72.53,0.0,72.53,7913.68,9004.82,0,0.0,1.2077,0,0
2026-09-03T22:57:31.561352+00:00,benign_iot_idle_v1,benign_iot_idle_v1__run_002,benign,,2,2,1.0,0.4523,0.5262,1642.38,1119.8,0.4615,22,15,8.4658,21.9526,9.2744,6.5588,28.9507,0,0,0,0,0,0,1.3968,74.65,18.46,93.11,8486.88,6907.15,0,0.0637,0.2771,0,0
2026-09-03T22:57:36.561352+00:00,benign_iot_idle_v1,benign_iot_idle_v1__run_002,benign,,1,1,0.0,0.4959,0.5337,271.21,542.42,0.4879,5,10,7.0988,14.6598,6.5066,4.5169,20.0574,0,0,0,0,0,0,0.4989,54.24,0.0,54.24,9144.52,7907.02,0,0.0404,1.6927,0,0
2026-09-03T22:57:41.561352+00:00,benign_iot_idle_v1,benign_iot_idle_v1__run_002,benign,,0,0,0.0,0.2985,0.7042,0.0,0.0,0.533,0,0,3.646,8.9641,4.1126,2.7188,12.2689,0,0,0,0,0,0,0.8887,104.95,0.0,104.95,8059.74,8051.41,0,0.0,1.0567,0,0
2026-09-03T22:57:46.561352+00:00,benign_iot_idle_v1,benign_iot_idle_v1__run_002,benign,,1,1,0.0,0.4132,0.5637,474.59,474.59,0.4779,5,5,2.6354,5.1649,4.5699,1.5323,9.1668,0,0,0,0,0,0,0.931,94.92,0.0,94.92,9358.31,8459.98,0,0.0781,0.3817,0,0
2026-09-03T22:57:51.561352+00:00,benign_iot_idle_v1,benign_iot_idle_v1__run_002,benign,,1,1,0.0,0.4203,0.5959,270.08,202.56,0.4821,4,3,4.2156,5.0743,5.4764,2.8705,14.0878,0,0,0,0,0,0,1.3181,67.52,0.0,67.52,7592.53,8862.72,0,0.0071,0.9265,0,0
2026-09-03T22:57:56.561352+00:00,benign_iot_idle_v1,benign_iot_idle_v1__run_002,benign,,0,0,0.0,0.3797,0.6494,0.0,0.0,0.4562,0,0,9.6422,17.2461,7.4138,5.2223,23.0808,0,0,0,0,0,0,1.2225,56.6,0.0,56.6,7583.14,8177.76,0,0.0042,1.6873,0,0
2026-09-03T22:58:01.561352+00:00,benign_iot_idle_v1,benign_iot_idle_v1__run_002,benign,,1,1,0.0,0.4198,0.5746,1120.87,996.33,0.5686,9,8,4.1189,9.2583,6.057,1.6438,10.9883,0,0,0,0,0,0,1.0487,124.54,0.0,124.54,9117.55,8048.5,0,0.0783,1.0682,0,0
2026-09-03T22:58:06.561352+00:00,benign_iot_idle_v1,benign_iot_idle_v1__run_002,benign,,2,2,1.0,0.3774,0.6439,886.87,1064.25,0.55,10,12,3.5779,6.1463,3.5218,1.3799,7.6616,0,1,0,0,0,0,0.819,88.69,11.82,100.5,6625.46,7692.83,0,0.0148,1.0561,0,0
2026-09-03T22:58:11.561352+00:00,benign_iot_idle_v1,benign_iot_idle_v1__run_002,benign,,0,0,0.0,0.3702,0.6151,0.0,0.0,0.4858,0,0,7.6301,20.1694,5.688,2.5768,13.4183,0,0,0,0,0,0,1.4597,120.2,0.0,120.2,6861.71,5004.96,0,0.0,1.1217,0,0
2026-09-03T22:58:16.561352+00:00,benign_iot_idle_v1,benign_iot_idle_v1__run_002,benign,,0,0,0.0,0.4456,0.5837,0.0,0.0,0.5809,0,0,4.1351,8.9195,2.9662,2.1809,9.5089,0,0,0,0,0,0,1.0729,116.55,0.0,116.55,7970.44,8918.7,0,0.0376,1.389,0,0
2026-09-03T22:58:21.561352+00:00,benign_iot_idle_v1,benign_iot_idle_v1__run_002,benign,,1,1,0.0,0.332,0.6937,387.96,387.96,0.5393,5,5,4.2428,11.1443,5.5878,1.5798,10.3271,0,0,0,0,0,0,0.9713,77.59,0.0,77.59,10661.1,9092.02,0,0.0,0.5176,0,0
2026-09-03T22:58:26.561352+00:00,benign_iot_idle_v1,benign_iot_idle_v1__run_002,benign,,2,2,1.0,0.3951,0.5525,886.15,738.46,0.4862,12,10,1.7491,2.2289,3.4205,2.2138,10.0618,0,0,0,0,0,0,1.176,73.85,2.46,76.31,6558.85,8094.16,0,0.0504,0.8741,0,0
2026-09-03T22:58:31.561352+00:00,benign_iot_idle_v1,benign_iot_idle_v1__run_002,benign,,1,1,0.0,0.3884,0.5703,434.11,520.94,0.5005,5,6,4.4941,12.7389,5.1404,1.8497,10.6896,0,0,0,0,0,0,0.7559,86.82,0.0,86.82,8333.05,8210.52,0,0.0159,0.6811,0,0
2026-09-03T22:58:36.561352+00:00,benign_iot_idle_v1,benign_iot_idle_v1__run_002,benign,,2,2,1.0,0.4184,0.5959,596.13,476.91,0.5233,10,8,7.3438,9.1508,6.119,4.3799,19.2588,0,0,0,0,0,0,1.2187,59.61,7.2,66.81,9278.84,6856.01,0,0.0515,1.2015,0,0
2026-09-03T22:58:41.561352+00:00,benign_iot_idle_v1,benign_iot_idle_v1__run_002,benign,,2,2,1.0,0.4021,0.6082,1668.28,1297.55,0.4872,18,14,6.8069,17.5985,8.4013,2.6646,16.395,0,0,0,0,0,0,1.2276,92.68,18.43,111.11,9272.47,10428.54,0,0.0,1.5274,0,0
2026-09-03T22:58:46.561352+00:00,benign_iot_idle_v1,benign_iot_idle_v1__run_002,benign,,0,0,0.0,0.4125,0.6293,0.0,0.0,0.4949,0,0,3.625,7.5147,4.7024,3.0185,13.7579,0,0,0,0,0,0,0.9592,149.68,0.0,149.68,9848.2,7425.88,0,0.0167,0.4918,0,0
2026-09-03T22:58:51.561352+00:00,benign_iot_idle_v1,benign_iot_idle_v1__run_002,benign,,0,0,0.0,0.3751,0.6459,0.0,0.0,0.4823,0,0,3.8318,9.4228,6.3245,2.9964,15.3138,0,0,0,0,0,0,1.5791,77.29,0.0,77.29,10541.07,6542.8,0,0.0,1.2356,0,0
2026-09-03T22:58:56.561352+00:00,benign_iot_idle_v1,benign_iot_idle_v1__run_002,benign,,2,2,1.0,0.3612,0.6417,1099.36,893.23,0.4494,16,13,4.8561,8.7784,4.6172,2.5769,12.348,0,0,0,0,0,0,1.1466,68.71,6.79,75.5,7711.37,7476.38,0,0.0153,1.6993,0,0
2026-09-03T22:59:01.561352+00:00,benign_iot_idle_v1,benign_iot_idle_v1__run_002,benign,,0,0,0.0,0.3866,0.6093,0.0,0.0,0.5544,0,0,6.8669,18.3394,6.4751,2.474,13.8971,0,0,0,0,0,0,1.4726,84.13,0.0,84.13,8713.65,8246.05,0,0.0,1.3435,0,0
2026-09-03T22:59:06.561352+00:00,benign_iot_idle_v1,benign_iot_idle_v1__run_002,benign,,0,0,0.0,0.3301,0.6807,0.0,0.0,0.5063,0,0,9.9466,23.5349,6.1146,3.4472,16.4562,0,0,0,0,0,0,1.1618,55.36,0.0,55.36,8652.22,8466.97,0,0.0109,1.4347,0,0
2026-09-03T22:59:11.561352+00:00,benign_iot_idle_v1,benign_iot_idle_v1__run_002,benign,,0,0,0.0,0.3716,0.6338,0.0,0.0,0.5234,0,0,3.7969,10.971,7.5931,2.3199,14.5529,0,0,0,0,0,0,0.9937,78.57,0.0,78.57,7932.82,9670.55,0,0.0,1.0168,0,0
2026-09-03T22:59:16.561352+00:00,benign_iot_idle_v1,benign_iot_idle_v1__run_002,benign,,0,0,0.0,0.406,0.6239,0.0,0.0,0.461,0,0,7.6374,16.8496,6.5609,2.0475,12.7033,0,0,0,0,0,0,0.8676,82.21,0.0,82.21,6998.68,9014.65,0,0.0,0.7375,0,0
2026-09-03T22:59:21.561352+00:00,benign_iot_idle_v1,benign_iot_idle_v1__run_002,benign,,1,1,0.0,0.3895,0.6065,322.11,193.27,0.4516,5,3,2.2392,5.1029,3.6797,2.7244,11.8528,0,0,0,0,0,0,1.308,64.42,0.0,64.42,9002.69,7763.11,0,0.0,1.3947,0,0
2026-09-03T22:59:26.561352+00:00,benign_iot_idle_v1,benign_iot_idle_v1__run_002,benign,,0,0,0.0,0.4178,0.591,0.0,0.0,0.4688,0,0,7.6734,15.2678,8.325,4.4889,21.7919,0,0,0,0,0,0,1.0601,59.29,0.0,59.29,10067.07,7642.42,0,0.0621,1.2888,0,0
2026-09-03T22:59:31.561352+00:00,benign_iot_idle_v1,benign_iot_idle_v1__run_002,benign,,0,0,0.0,0.3981,0.5712,0.0,0.0,0.5374,0,0,5.5941,14.7066,4.921,2.4688,12.3273,0,0,0,0,0,0,0.9478,73.64,0.0,73.64,8530.26,6725.22,0,0.0113,1.0923,0,0
2026-09-03T22:59:36.561352+00:00,benign_iot_idle_v1,benign_iot_idle_v1__run_002,benign,,0,0,0.0,0.4046,0.6083,0.0,0.0,0.3782,0,0,4.3534,5.8466,5.0071,3.3304,14.9984,0,0,0,0,0,0,0.7065,86.26,0.0,86.26,9960.16,8231.96,0,0.0,1.1261,0,0
2026-09-03T22:59:41.561352+00:00,benign_iot_idle_v1,benign_iot_idle_v1__run_002,benign,,1,1,0.0,0.3635,0.6284,318.01,318.01,0.4932,5,5,2.9947,8.7911,4.7186,2.2898,11.5881,0,0,0,0,0,0,0.9221,63.6,0.0,63.6,7638.85,7659.28,0,0.0333,0.5114,0,0
2026-09-03T22:59:46.561352+00:00,benign_iot_idle_v1,benign_iot_idle_v1__run_002,benign,,0,0,0.0,0.3616,0.6602,0.0,0.0,0.3709,0,0,5.7614,10.5638,7.3572,1.9491,13.2044,0,0,0,0,0,0,1.1925,74.1,0.0,74.1,7250.89,8021.63,0,0.0,1.442,0,0
2026-09-03T22:59:51.561352+00:00,benign_iot_idle_v1,benign_iot_idle_v1__run_002,benign,,0,0,0.0,0.3763,0.6041,0.0,0.0,0.5658,0,0,4.8272,14.4062,5.5639,3.5847,16.3181,0,0,0,0,0,0,1.6265,60.2,0.0,60.2,6789.97,8515.18,0,0.0134,0.9622,0,0
2026-09-03T22:59:56.561352+00:00,benign_iot_idle_v1,benign_iot_idle_v1__run_002,benign,,0,0,0.0,0.3756,0.6346,0.0,0.0,0.4814,0,0,8.0635,17.2574,8.7284,5.7655,26.0248,0,0,0,0,0,0,1.2144,97.44,0.0,97.44,7473.83,9309.88,0,0.0,1.5729,0,0
2026-09-03T23:00:01.561352+00:00,benign_iot_idle_v1,benign_iot_idle_v1__run_002,benign,,0,0,0.0,0.3994,0.5845,0.0,0.0,0.5469,0,0,5.0514,10.1601,4.4081,1.1554,7.8744,0,0,0,0,0,0,1.0115,74.23,0.0,74.23,8279.22,7785.69,0,0.0,0.9172,0,0
2026-09-03T23:00:06.561352+00:00,benign_iot_idle_v1,benign_iot_idle_v1__run_002,benign,,0,0,0.0,0.4098,0.5451,0.0,0.0,0.435,0,0,5.046,7.8568,5.8584,3.3851,16.0138,0,0,0,0,0,0,1.0241,71.89,0.0,71.89,7431.85,7388.41,0,0.0,0.7872,0,0
2026-09-03T23:00:11.561352+00:00,benign_iot_idle_v1,benign_iot_idle_v1__run_002,benign,,3,3,1.585,0.4745,0.5281,1030.43,686.96,0.5244,12,8,12.4521,31.0324,9.6822,6.0805,27.9237,0,1,0,0,0,0,1.3563,85.87,44.07,147.96,8419.76,9628.37,0,0.1094,0.7303,0,0
2026-09-03T23:00:16.561352+00:00,benign_iot_idle_v1,benign_iot_idle_v1__run_002,benign,,0,0,0.0,0.3419,0.6523,0.0,0.0,0.428,0,0,3.2931,6.0902,6.4462,3.1968,16.0367,0,0,0,0,0,0,1.3655,55.92,0.0,55.92,7354.49,8201.02,0,0.0038,0.9428,0,0
2026-09-03T23:00:21.561352+00:00,benign_iot_idle_v1,benign_iot_idle_v1__run_002,benign,,0,0,0.0,0.4338,0.5823,0.0,0.0,0.5642,0,0,5.4943,9.5668,9.2873,4.0704,21.4985,0,0,0,0,0,0,1.1792,56.39,0.0,56.39,9470.31,6940.8,0,0.0092,1.5996,0,0
2026-09-03T23:00:26.561352+00:00,benign_iot_idle_v1,benign_iot_idle_v1__run_002,benign,,1,1,0.0,0.3867,0.5884,388.51,259.01,0.4778,3,2,8.5659,14.3533,6.6043,2.9721,15.5206,0,0,0,0,0,0,1.1545,129.5,0.0,129.5,7354.51,8703.42,0,0.0295,1.8453,0,0
2026-09-03T23:00:31.561352+00:00,benign_iot_idle_v1,benign_iot_idle_v1__run_002,benign,,2,2,1.0,0.3855,0.5976,367.73,367.73,0.5442,8,8,4.8113,6.3683,4.3357,2.6083,12.1605,0,0,0,0,0,0,0.9967,45.97,2.44,48.41,8715.28,9186.72,0,0.0047,1.1024,0,0
2026-09-03T23:00:36.561352+00:00,benign_iot_idle_v1,benign_iot_idle_v1__run_002,benign,,1,1,0.0,0.4638,0.5503,319.43,279.5,0.4227,8,7,4.2118,7.7836,4.5885,3.0554,13.7546,0,0,0,0,0,0,1.0825,39.93,0.0,39.93,7606.19,9190.7,0,0.0076,1.3489,0,0
2026-09-03T23:00:41.561352+00:00,benign_iot_idle_v1,benign_iot_idle_v1__run_002,benign,,2,2,1.0,0.3626,0.6265,1323.8,1241.07,0.4933,16,15,7.7998,12.606,5.4361,3.4019,15.6417,0,0,0,0,0,0,1.0254,82.74,0.41,83.15,8677.56,8300.9,0,0.0154,1.5992,0,0
2026-09-03T23:00:46.561352+00:00,benign_iot_idle_v1,benign_iot_idle_v1__run_002,benign,,3,3,1.585,0.417,0.5722,1413.6,942.4,0.5639,21,14,4.7724,7.8131,4.2889,1.4454,8.6251,0,1,0,0,0,0,1.4395,67.31,32.38,113.1,8492.01,8721.01,0,0.0499,1.3978,0,0
2026-09-03T23:00:51.561352+00:00,benign_iot_idle_v1,benign_iot_idle_v1__run_002,benign,,0,0,0.0,0.3593,0.6105,0.0,0.0,0.369,0,0,7.8921,20.532,8.3235,2.8418,16.849,0,0,0,0,0,0,0.5705,89.12,0.0,89.12,8803.41,10322.91,0,0.0,0.6608,0,0
2026-09-03T23:00:56.561352+00:00,benign_iot_idle_v1,benign_iot_idle_v1__run_002,benign,,1,1,0.0,0.4197,0.5865,271.1,271.1,0.4299,4,4,2.2454,3.6518,4.6934,1.4789,9.1301,0,0,0,0,0,0,0.9726,67.78,0.0,67.78,7715.26,8131.09,0,0.0616,0.4545,0,0
2026-09-03T23:01:01.561352+00:00,benign_iot_idle_v1,benign_iot_idle_v1__run_002,benign,,0,0,0.0,0.4155,0.5894,0.0,0.0,0.5062,0,0,8.501,14.7701,5.4218,2.854,13.9838,0,0,0,0,0,0,1.1267,101.96,0.0,101.96,10207.98,9109.12,0,0.0247,1.2755,0,0
2026-09-03T23:01:06.561352+00:00,benign_iot_idle_v1,benign_iot_idle_v1__run_002,benign,,2,2,1.0,0.332,0.7058,1415.56,1921.11,0.5301,14,19,8.0215,13.1945,6.1923,2.3165,13.1418,0,0,0,0,0,0,0.7117,101.11,4.35,105.46,6945.27,6563.02,0,0.0388,0.7641,0,0
2026-09-03T23:01:11.561352+00:00,benign_iot_idle_v1,benign_iot_idle_v1__run_002,benign,,1,1,0.0,0.3521,0.6875,326.2,466.0,0.4317,7,10,2.4315,4.3106,3.9555,2.534,11.5575,0,0,0,0,0,0,0.6492,46.6,0.0,46.6,8810.98,8477.68,0,0.0,1.2482,0,0
2026-09-03T23:01:16.561352+00:00,benign_iot_idle_v1,benign_iot_idle_v1__run_002,benign,,2,2,1.0,0.3097,0.681,496.28,397.02,0.5247,10,8,6.324,8.4057,8.2415,4.4402,21.5621,0,1,0,0,0,0,1.2405,49.63,12.56,62.18,8093.07,6575.13,0,0.0414,0.8591,0,0
2026-09-03T23:01:21.561352+00:00,benign_iot_idle_v1,benign_iot_idle_v1__run_002,benign,,1,1,0.0,0.3554,0.6623,384.68,384.68,0.4402,3,3,3.5638,5.6263,3.2651,1.2301,6.9556,0,0,0,0,0,0,0.8688,128.23,0.0,128.23,10414.1,8253.5,0,0.0461,1.1925,0,0
2026-09-03T23:01:26.561352+00:00,benign_iot_idle_v1,benign_iot_idle_v1__run_002,benign,,0,0,0.0,0.4229,0.5756,0.0,0.0,0.4688,0,0,3.3637,9.1032,4.5866,1.9118,10.322,0,0,0,0,0,0,0.928,145.66,0.0,145.66,8720.2,9392.12,0,0.0,1.3624,0,0
2026-09-03T23:01:31.561352+00:00,benign_iot_idle_v1,benign_iot_idle_v1__run_002,benign,,0,0,0.0,0.3237,0.6644,0.0,0.0,0.5201,0,0,4.9761,13.4632,4.8754,2.1441,11.3078,0,0,0,0,0,0,0.7398,84.9,0.0,84.9,7926.3,9655.01,0,0.0,1.377,0,0
2026-09-03T23:01:36.561352+00:00,benign_iot_idle_v1,benign_iot_idle_v1__run_002,benign,,0,0,0.0,0.4255,0.5663,0.0,0.0,0.4178,0,0,3.9191,11.2582,2.9908,1.0829,6.2395,0,0,0,0,0,0,0.7451,82.07,0.0,82.07,7703.11,8443.63,0,0.0383,1.1713,0,0
2026-09-03T23:01:41.561352+00:00,benign_iot_idle_v1,benign_iot_idle_v1__run_002,benign,,2,2,1.0,0.3885,0.6003,990.32,3961.28,0.5748,8,32,3.7596,6.0729,4.2197,2.6239,12.0913,0,0,0,0,0,0,0.2442,123.79,6.27,130.06,9478.72,9200.84,0,0.0471,0.9805,0,0
2026-09-03T23:01:46.561352+00:00,benign_iot_idle_v1,benign_iot_idle_v1__run_002,benign,,0,0,0.0,0.4354,0.5718,0.0,0.0,0.5624,0,0,3.8534,7.0331,8.2309,5.0323,23.3278,0,0,0,0,0,0,0.891,110.46,0.0,110.46,8896.5,6086.7,0,0.0024,0.8772,0,0
2026-09-03T23:01:51.561352+00:00,benign_iot_idle_v1,benign_iot_idle_v1__run_002,benign,,0,0,0.0,0.3942,0.6154,0.0,0.0,0.5087,0,0,3.1045,7.495,4.5442,3.1717,14.0592,0,0,0,0,0,0,0.9228,82.87,0.0,82.87,8156.73,10280.26,0,0.0,0.7296,0,0
2026-09-03T23:01:56.561352+00:00,benign_iot_idle_v1,benign_iot_idle_v1__run_002,benign,,1,1,0.0,0.4142,0.5768,344.02,258.01,0.4573,8,6,3.8862,5.264,5.4892,3.0961,14.7775,0,0,0,0,0,0,1.1786,43.0,0.0,43.0,8236.62,7095.99,0,0.1137,1.1128,0,0
2026-09-03T23:02:01.561352+00:00,benign_iot_idle_v1,benign_iot_idle_v1__run_002,benign,,1,1,0.0,0.4211,0.6094,768.85,1708.56,0.4961,9,20,5.5228,6.9593,4.3596,3.0405,13.4811,0,0,0,0,0,0,0.4365,85.43,0.0,85.43,6578.81,7956.5,0,0.0,0.0443,0,0
2026-09-03T23:02:06.561352+00:00,benign_iot_idle_v1,benign_iot_idle_v1__run_002,benign,,0,0,0.0,0.3857,0.5893,0.0,0.0,0.5183,0,0,6.8307,10.8045,6.3196,4.2929,19.1982,0,0,0,0,0,0,0.0,151.35,0.0,151.35,6647.27,8973.13,0,0.0,0.1795,0,0
2026-09-03T23:02:11.561352+00:00,benign_iot_idle_v1,benign_iot_idle_v1__run_002,benign,,0,0,0.0,0.3914,0.6185,0.0,0.0,0.5571,0,0,4.1872,7.312,3.821,1.8965,9.5106,0,0,0,0,0,0,1.0622,84.62,0.0,84.62,8770.66,9314.37,0,0.0,2.1665,0,0
2026-09-03T23:02:16.561352+00:00,benign_iot_idle_v1,benign_iot_idle_v1__run_002,benign,,2,2,1.0,0.3645,0.6301,780.6,1170.9,0.5069,12,18,2.3465,3.8234,3.6922,2.0312,9.7858,0,0,0,0,0,0,0.6665,65.05,4.96,70.01,9568.46,8398.81,0,0.0461,0.9246,0,0
2026-09-03T23:02:21.561352+00:00,benign_iot_idle_v1,benign_iot_idle_v1__run_002,benign,,1,1,0.0,0.4155,0.554,318.0,318.0,0.4448,5,5,2.5986,4.8529,4.2526,3.0062,13.2713,0,0,0,0,0,0,0.9058,63.6,0.0,63.6,8314.52,6608.55,0,0.0,1.0261,0,0
2026-09-03T23:02:26.561352+00:00,benign_iot_idle_v1,benign_iot_idle_v1__run_002,benign,,0,0,0.0,0.3856,0.6428,0.0,0.0,0.5347,0,0,7.5816,12.2912,4.7704,3.3588,14.8467,0,0,0,0,0,0,1.5308,78.65,0.0,78.65,6872.51,9057.25,0,0.0126,1.2862,0,0
2026-09-03T23:02:31.561352+00:00,benign_iot_idle_v1,benign_iot_idle_v1__run_002,benign,,1,1,0.0,0.4107,0.5798,255.76,170.51,0.4095,3,2,6.7408,16.6341,8.7627,2.9606,17.6444,0,0,0,0,0,0,1.423,85.25,0.0,85.25,6701.2,9634.22,0,0.0341,1.5465,0,0
2026-09-03T23:02:36.561352+00:00,benign_iot_idle_v1,benign_iot_idle_v1__run_002,benign,,1,1,0.0,0.4228,0.5705,837.14,837.14,0.5274,6,6,4.2849,11.6561,3.5352,2.2223,10.202,0,0,0,0,0,0,0.9845,139.52,0.0,139.52,7852.31,8387.26,0,0.0386,1.4172,0,0
2026-09-03T23:02:41.561352+00:00,benign_iot_idle_v1,benign_iot_idle_v1__run_002,benign,,3,3,1.585,0.4314,0.5843,979.38,816.15,0.4805,12,10,4.485,7.0253,3.8245,1.3195,7.783,0,1,0,0,0,0,1.1243,81.62,4.74,88.05,8715.72,8027.18,0,0.0429,0.0,0,0
2026-09-03T23:02:46.561352+00:00,benign_iot_idle_v1,benign_iot_idle_v1__run_002,benign,,0,0,0.0,0.3832,0.6371,0.0,0.0,0.4449,0,0,6.1238,8.9087,6.7283,2.9985,15.7237,0,0,0,0,0,0,0.8679,58.3,0.0,58.3,6971.85,8283.34,0,0.0,1.6025,0,0
2026-09-03T23:02:51.561352+00:00,benign_iot_idle_v1,benign_iot_idle_v1__run_002,benign,,3,3,1.585,0.4144,0.6177,1209.66,1512.07,0.5146,12,15,7.2336,10.9935,5.9227,4.2756,18.7496,0,1,0,0,0,0,0.783,100.8,26.14,119.69,10604.87,7454.79,0,0.0597,0.0,0,0
2026-09-03T23:02:56.561352+00:00,benign_iot_idle_v1,benign_iot_idle_v1__run_002,benign,,1,1,0.0,0.4114,0.5967,245.13,245.13,0.4592,3,3,8.0359,17.3927,5.7341,1.8719,11.3498,0,0,0,0,0,0,0.9864,81.71,0.0,81.71,7281.9,8387.01,0,0.0127,0.8729,0,0
2026-09-03T23:03:01.561352+00:00,benign_iot_idle_v1,benign_iot_idle_v1__run_002,benign,,1,1,0.0,0.409,0.5993,670.68,670.68,0.4906,8,8,7.6448,10.0676,5.865,2.3584,12.9401,0,0,0,0,0,0,0.9062,83.83,0.0,83.83,8473.38,6897.53,0,0.0105,1.7172,0,0
2026-09-03T23:03:06.561352+00:00,benign_iot_idle_v1,benign_iot_idle_v1__run_002,benign,,1,1,0.0,0.3772,0.6034,819.55,910.62,0.4598,9,10,11.3,31.8805,9.2827,3.6353,20.1888,0,0,0,0,0,0,0.8337,91.06,0.0,91.06,10631.76,8577.38,0,0.0422,0.5765,0,0
2026-09-03T23:03:11.561352+00:00,benign_iot_idle_v1,benign_iot_idle_v1__run_002,benign,,1,1,0.0,0.3777,0.6101,752.11,846.12,0.51,8,9,4.1609,6.9515,5.9418,3.5517,16.5968,0,0,0,0,0,0,0.8447,94.01,0.0,94.01,6731.34,6286.94,0,0.0356,1.466,0,0
2026-09-03T23:03:16.561352+00:00,benign_iot_idle_v1,benign_iot_idle_v1__run_002,benign,,1,1,0.0,0.4167,0.6047,488.52,586.23,0.5289,5,6,2.2031,5.4118,3.6766,2.135,10.0815,0,0,0,0,0,0,0.7927,97.7,0.0,97.7,7866.14,8424.4,0,0.025,0.5556,0,0
2026-09-03T23:03:21.561352+00:00,benign_iot_idle_v1,benign_iot_idle_v1__run_002,benign,,0,0,0.0,0.3679,0.5937,0.0,0.0,0.5036,0,0,9.9312,21.7145,6.8707,2.9021,15.577,0,0,0,0,0,0,0.8994,151.82,0.0,151.82,7483.06,8833.9,0,0.0,1.3637,0,0
2026-09-03T23:03:26.561352+00:00,benign_iot_idle_v1,benign_iot_idle_v1__run_002,benign,,1,1,0.0,0.42,0.5978,951.03,1109.54,0.4068,6,7,3.2097,5.5629,3.3949,1.4451,7.7301,0,0,0,0,0,0,0.7802,158.51,0.0,158.51,7928.61,8278.57,0,0.0153,0.8856,0,0
2026-09-03T23:03:31.561352+00:00,benign_iot_idle_v1,benign_iot_idle_v1__run_002,benign,,1,1,0.0,0.4618,0.5239,473.54,394.62,0.4893,6,5,4.6395,6.4558,5.7078,2.1445,12.1412,0,0,0,0,0,0,1.0583,78.92,0.0,78.92,8713.37,8089.96,0,0.0361,1.4112,0,0
2026-09-03T23:03:36.561352+00:00,benign_iot_idle_v1,benign_iot_idle_v1__run_002,benign,,1,1,0.0,0.4536,0.5402,813.62,1491.64,0.4575,6,11,7.2312,20.0047,5.938,4.1396,18.3569,0,0,0,0,0,0,0.5219,135.6,0.0,135.6,7090.34,8507.82,0,0.0,1.2803,0,0
2026-09-03T23:03:41.561352+00:00,benign_iot_idle_v1,benign_iot_idle_v1__run_002,benign,,1,1,0.0,0.4293,0.5917,421.79,316.34,0.5065,4,3,7.5814,13.368,5.2403,1.9407,11.0625,0,0,0,0,0,0,1.0165,105.45,0.0,105.45,7321.59,9849.83,0,0.0,0.5256,0,0
2026-09-03T23:03:46.561352+00:00,benign_iot_idle_v1,benign_iot_idle_v1__run_002,benign,,0,0,0.0,0.4287,0.5788,0.0,0.0,0.4983,0,0,8.0099,10.4912,5.4695,3.8809,17.1123,0,0,0,0,0,0,0.8409,176.51,0.0,176.51,8357.13,5804.14,0,0.0684,1.2073,0,0
2026-09-03T23:03:51.561352+00:00,benign_iot_idle_v1,benign_iot_idle_v1__run_002,benign,,0,0,0.0,0.3845,0.6343,0.0,0.0,0.5351,0,0,6.4035,10.7615,8.5934,3.9419,20.419,0,0,0,0,0,0,0.9701,157.18,0.0,157.18,8792.5,6902.95,0,0.0,0.1402,0,0
2026-09-03T23:03:56.561352+00:00,benign_iot_idle_v1,benign_iot_idle_v1__run_002,benign,,2,2,1.0,0.4206,0.5697,479.97,639.95,0.4854,6,8,3.1679,5.4264,3.1296,1.9113,8.8636,0,0,0,0,0,0,0.6879,79.99,10.2,90.2,8516.53,5315.34,0,0.0565,0.6888,0,0
2026-09-03T23:04:01.561352+00:00,benign_iot_idle_v1,benign_iot_idle_v1__run_002,benign,,4,3,1.585,0.372,0.6626,1162.08,968.4,0.5373,12,10,6.4364,13.6328,7.1575,4.6277,21.0406,0,1,0,0,0,0,1.1699,96.84,21.79,118.51,7748.38,6953.19,0,0.0561,2.0122,0,0
2026-09-03T23:04:06.561352+00:00,benign_iot_idle_v1,benign_iot_idle_v1__run_002,benign,,1,1,0.0,0.4495,0.5735,385.9,578.84,0.4236,6,9,3.0242,6.3428,3.3953,2.3777,10.5283,0,0,0,0,0,0,0.6425,64.32,0.0,64.32,6996.73,9611.46,0,0.0,1.5696,0,0
2026-09-03T23:04:11.561352+00:00,benign_iot_idle_v1,benign_iot_idle_v1__run_002,benign,,1,1,0.0,0.3961,0.6125,317.24,158.62,0.4358,4,2,3.01,6.2818,3.4853,2.3131,10.4246,0,0,0,0,0,0,1.9379,79.31,0.0,79.31,8991.26,6618.01,0,0.0086,1.1222,0,0
2026-09-03T23:04:16.561352+00:00,benign_iot_idle_v1,benign_iot_idle_v1__run_002,benign,,0,0,0.0,0.3639,0.5834,0.0,0.0,0.3382,0,0,10.1563,22.7026,7.8998,5.5258,24.4772,0,0,0,0,0,0,1.2706,66.55,0.0,66.55,6915.75,7745.18,0,0.057,1.5539,0,0
2026-09-03T23:04:21.561352+00:00,benign_iot_idle_v1,benign_iot_idle_v1__run_002,benign,,0,0,0.0,0.366,0.6573,0.0,0.0,0.5364,0,0,4.2113,11.5733,7.3051,2.3172,14.2567,0,0,0,0,0,0,1.3291,93.22,0.0,93.22,9462.92,7088.77,0,0.0,1.6254,0,0
2026-09-03T23:04:26.561352+00:00,benign_iot_idle_v1,benign_iot_idle_v1__run_002,benign,,0,0,0.0,0.4378,0.5855,0.0,0.0,0.5056,0,0,8.9535,20.3992,9.568,3.1113,18.902,0,0,0,0,0,0,0.9195,87.64,0.0,87.64,7860.53,6787.69,0,0.0,1.2038,0,0
2026-09-03T23:04:31.561352+00:00,benign_iot_idle_v1,benign_iot_idle_v1__run_002,benign,,1,1,0.0,0.4148,0.599,774.16,1204.25,0.5756,9,14,3.6883,8.1098,5.8511,1.6091,10.6784,0,0,0,0,0,0,0.6076,86.02,0.0,86.02,7726.04,10047.42,0,0.0,0.1558,0,0
2026-09-03T23:04:36.561352+00:00,benign_iot_idle_v1,benign_iot_idle_v1__run_002,benign,,0,0,0.0,0.3975,0.6087,0.0,0.0,0.4986,0,0,6.6055,10.2539,5.1165,3.7064,16.2357,0,0,0,0,0,0,1.1288,117.29,0.0,117.29,10410.73,8829.63,0,0.0141,0.0,0,0
2026-09-03T23:04:41.561352+00:00,benign_iot_idle_v1,benign_iot_idle_v1__run_002,benign,,4,3,1.585,0.3672,0.6309,1966.6,1545.18,0.4991,28,22,4.9833,12.1138,4.247,3.165,13.742,0,1,0,0,0,0,1.2224,70.24,6.43,80.35,9407.6,6178.28,0,0.0294,0.2761,0,0
2026-09-03T23:04:46.561352+00:00,benign_iot_idle_v1,benign_iot_idle_v1__run_002,benign,,0,0,0.0,0.3759,0.6058,0.0,0.0,0.4283,0,0,3.9189,7.3007,5.4544,3.0143,14.4972,0,0,0,0,0,0,0.9954,66.06,0.0,66.06,8206.38,7389.6,0,0.021,1.3506,0,0
2026-09-03T23:04:51.561352+00:00,benign_iot_idle_v1,benign_iot_idle_v1__run_002,benign,,2,2,1.0,0.3937,0.5642,794.09,1191.13,0.449,10,15,4.8612,7.8492,3.4387,2.2075,10.0611,0,0,0,0,0,0,0.6426,79.41,11.18,90.59,8875.73,7168.93,0,0.0234,1.1802,0,0
2026-09-03T23:04:56.561352+00:00,benign_iot_idle_v1,benign_iot_idle_v1__run_002,benign,,0,0,0.0,0.3993,0.5855,0.0,0.0,0.6048,0,0,3.0161,7.9435,4.4552,1.1509,7.9078,0,0,0,0,0,0,0.9715,92.31,0.0,92.31,8733.17,8282.79,0,0.0003,0.1071,0,0
2026-09-03T23:05:01.561352+00:00,benign_iot_idle_v1,benign_iot_idle_v1__run_002,benign,,0,0,0.0,0.3865,0.622,0.0,0.0,0.4868,0,0,6.3175,10.1194,5.0599,3.22,14.7199,0,0,0,0,0,0,1.2007,71.64,0.0,71.64,8553.26,8785.93,0,0.0526,0.588,0,0
2026-09-03T23:05:06.561352+00:00,benign_iot_idle_v1,benign_iot_idle_v1__run_002,benign,,0,0,0.0,0.3973,0.5737,0.0,0.0,0.563,0,0,5.3885,12.5283,4.424,2.7334,12.6242,0,0,0,0,0,0,1.2096,78.93,0.0,78.93,6097.32,8268.2,0,0.0,0.8542,0,0
2026-09-03T23:05:11.561352+00:00,benign_iot_idle_v1,benign_iot_idle_v1__run_002,benign,,0,0,0.0,0.3498,0.649,0.0,0.0,0.4633,0,0,8.5131,14.5336,6.7482,4.1597,19.2272,0,0,0,0,0,0,1.0985,71.44,0.0,71.44,7868.18,7458.3,0,0.0,1.255,0,0
2026-09-03T23:05:16.561352+00:00,benign_iot_idle_v1,benign_iot_idle_v1__run_002,benign,,1,1,0.0,0.3826,0.6282,570.65,1569.27,0.627,4,11,7.4268,17.4349,5.7975,1.6702,10.808,0,0,0,0,0,0,0.3501,142.66,0.0,142.66,7081.06,9021.45,0,0.0032,0.6447,0,0
2026-09-03T23:05:21.561352+00:00,benign_iot_idle_v1,benign_iot_idle_v1__run_002,benign,,0,0,0.0,0.3694,0.6226,0.0,0.0,0.5516,0,0,9.2248,18.6472,5.8656,4.3049,18.7803,0,0,0,0,0,0,1.0856,52.86,0.0,52.86,7833.92,9232.67,0,0.0,1.2983,0,0
2026-09-03T23:05:26.561352+00:00,benign_iot_idle_v1,benign_iot_idle_v1__run_002,benign,,0,0,0.0,0.424,0.5664,0.0,0.0,0.4854,0,0,2.6767,5.3662,4.6727,1.8196,10.1316,0,0,0,0,0,0,0.5328,50.3,0.0,50.3,8715.75,8317.07,0,0.0154,1.9875,0,0
2026-09-03T23:05:31.561352+00:00,benign_iot_idle_v1,benign_iot_idle_v1__run_002,benign,,3,3,1.585,0.3896,0.5983,2229.65,2017.3,0.487,21,19,4.3221,8.2204,4.0444,2.9595,12.9227,0,1,0,0,0,0,1.0709,106.17,40.32,161.15,7356.0,6294.52,0,0.0625,1.7195,0,0
2026-09-03T23:05:36.561352+00:00,benign_iot_idle_v1,benign_iot_idle_v1__run_002,benign,,0,0,0.0,0.4184,0.5921,0.0,0.0,0.4889,0,0,7.8224,17.3154,7.1889,2.6304,15.0803,0,0,0,0,0,0,0.2977,112.42,0.0,112.42,6982.44,7844.27,0,0.0,0.862,0,0
2026-09-03T23:05:41.561352+00:00,benign_iot_idle_v1,benign_iot_idle_v1__run_002,benign,,0,0,0.0,0.4292,0.549,0.0,0.0,0.414,0,0,3.0402,4.0047,3.624,2.412,10.8599,0,0,0,0,0,0,0.7137,78.49,0.0,78.49,7633.19,7218.23,0,0.0053,1.098,0,0
2026-09-03T23:05:46.561352+00:00,benign_iot_idle_v1,benign_iot_idle_v1__run_002,benign,,1,1,0.0,0.3785,0.6141,535.52,535.52,0.4845,6,6,11.3534,33.9867,7.8077,5.3049,23.7225,0,0,0,0,0,0,0.9612,89.25,0.0,89.25,6963.12,8817.81,0,0.0,0.7306,0,0
2026-09-03T23:05:51.561352+00:00,benign_iot_idle_v1,benign_iot_idle_v1__run_002,benign,,1,1,0.0,0.4228,0.571,900.78,1000.87,0.5067,9,10,6.1067,11.326,8.7986,4.396,21.9866,0,0,0,0,0,0,0.8404,100.09,0.0,100.09,7827.68,8784.17,0,0.0,0.921,0,0
2026-09-03T23:05:56.561352+00:00,benign_iot_idle_v1,benign_iot_idle_v1__run_002,benign,,1,1,0.0,0.4381,0.5607,90.92,45.46,0.4732,2,1,2.4505,6.362,4.3008,2.6268,12.1812,0,0,0,0,0,0,1.4113,45.46,0.0,45.46,9363.69,7392.16,0,0.0576,1.6547,0,0
2026-09-03T23:06:01.561352+00:00,benign_iot_idle_v1,benign_iot_idle_v1__run_002,benign,,1,1,0.0,0.3805,0.6075,862.75,616.25,0.4722,7,5,3.7,4.4444,3.4614,1.6172,8.313,0,0,0,0,0,0,1.1824,123.25,0.0,123.25,8107.85,10296.99,0,0.0,0.2465,0,0
2026-09-03T23:06:06.561352+00:00,benign_iot_idle_v1,benign_iot_idle_v1__run_002,benign,,0,0,0.0,0.3881,0.6372,0.0,0.0,0.5691,0,0,6.0098,11.1778,4.4522,1.606,9.2702,0,0,0,0,0,0,1.1207,66.11,0.0,66.11,7588.08,7918.94,0,0.0,0.5097,0,0
2026-09-03T23:06:11.561352+00:00,benign_iot_idle_v1,benign_iot_idle_v1__run_002,benign,,0,0,0.0,0.3984,0.5755,0.0,0.0,0.4164,0,0,11.6752,32.5957,10.9139,2.9713,19.828,0,0,0,0,0,0,1.4811,126.5,0.0,126.5,8447.58,9757.46,0,0.0,1.1373,0,0
2026-09-03T23:06:16.561352+00:00,benign_iot_idle_v1,benign_iot_idle_v1__run_002,benign,,0,0,0.0,0.4121,0.621,0.0,0.0,0.5392,0,0,4.2016,12.1702,6.7111,2.1614,13.1953,0,0,0,0,0,0,1.32,62.25,0.0,62.25,7907.38,7279.08,0,0.0067,1.2898,0,0
2026-09-03T23:06:21.561352+00:00,benign_iot_idle_v1,benign_iot_idle_v1__run_002,benign,,1,1,0.0,0.4003,0.5693,426.21,255.72,0.5096,5,3,4.4635,7.4717,4.1638,1.4995,8.6623,0,0,0,0,0,0,1.2768,85.24,0.0,85.24,7950.01,8435.17,0,0.0459,1.0818,0,0
2026-09-03T23:06:26.561352+00:00,benign_iot_idle_v1,benign_iot_idle_v1__run_002,benign,,0,0,0.0,0.4001,0.6361,0.0,0.0,0.5269,0,0,2.4429,6.627,4.8795,3.5705,15.5909,0,0,0,0,0,0,0.4379,53.98,0.0,53.98,7855.04,8769.17,0,0.0,1.4632,0,0
2026-09-03T23:06:31.561352+00:00,benign_iot_idle_v1,benign_iot_idle_v1__run_002,benign,,2,2,1.0,0.4087,0.6362,1295.41,1480.47,0.5312,14,16,2.3408,6.4016,3.2574,0.9547,6.1217,0,1,0,0,0,0,0.8583,92.53,5.15,97.68,8306.14,7986.5,0,0.0907,1.6054,0,0
2026-09-03T23:06:36.561352+00:00,benign_iot_idle_v1,benign_iot_idle_v1__run_002,benign,,0,0,0.0,0.3671,0.6228,0.0,0.0,0.5435,0,0,2.0457,5.5115,4.2947,1.921,10.0576,0,0,0,0,0,0,1.4225,110.0,0.0,110.0,7155.67,9558.02,0,0.0181,0.2151,0,0
2026-09-03T23:06:41.561352+00:00,benign_iot_idle_v1,benign_iot_idle_v1__run_002,benign,,4,3,1.585,0.3517,0.6414,2210.12,3591.45,0.4791,24,39,4.3065,10.2271,6.4971,3.489,16.9642,0,2,0,0,0,0,0.6122,92.09,35.8,137.86,7779.33,7456.58,0,0.0685,0.4719,0,0
2026-09-03T23:06:46.561352+00:00,benign_iot_idle_v1,benign_iot_idle_v1__run_002,benign,,0,0,0.0,0.355,0.638,0.0,0.0,0.5373,0,0,3.4711,9.1859,3.457,1.3375,7.4696,0,0,0,0,0,0,1.2056,67.21,0.0,67.21,9027.77,7347.23,0,0.0405,1.4824,0,0
2026-09-03T23:06:51.561352+00:00,benign_iot_idle_v1,benign_iot_idle_v1__run_002,benign,,6,3,1.585,0.4184,0.581,1958.84,2611.79,0.4852,24,32,4.5486,12.9928,4.2781,1.2258,7.9555,0,3,0,0,1,0,0.7294,81.62,26.78,122.52,8835.09,8240.9,0,0.0107,0.6003,0,0
2026-09-03T23:06:56.561352+00:00,benign_iot_idle_v1,benign_iot_idle_v1__run_002,benign,,1,1,0.0,0.3938,0.5973,273.56,205.17,0.4969,4,3,5.5245,9.899,4.9636,2.6941,13.046,0,0,0,0,0,0,1.2215,68.39,0.0,68.39,7153.78,9125.14,0,0.0103,1.2369,0,0
2026-09-03T23:07:01.561352+00:00,benign_iot_idle_v1,benign_iot_idle_v1__run_002,benign,,2,2,1.0,0.4042,0.6136,405.16,742.8,0.5029,6,11,5.5129,10.8257,5.4535,2.2018,12.059,0,1,0,0,0,0,0.5233,67.53,22.09,89.62,7817.27,7556.33,0,0.0699,0.8461,0,0
2026-09-03T23:07:06.561352+00:00,benign_iot_idle_v1,benign_iot_idle_v1__run_002,benign,,1,1,0.0,0.3987,0.6441,933.76,1050.48,0.5243,8,9,3.3177,7.7266,5.7383,2.8005,14.1398,0,0,0,0,0,0,0.8485,116.72,0.0,116.72,8912.34,8349.29,0,0.0132,1.1657,0,0
2026-09-03T23:07:11.561352+00:00,benign_iot_idle_v1,benign_iot_idle_v1__run_002,benign,,4,3,1.585,0.3988,0.6319,4638.49,5218.3,0.4525,40,45,6.1709,13.1397,6.827,2.7234,14.9971,0,2,0,0,0,0,0.8853,115.96,34.04,169.66,7965.53,7696.04,0,0.0539,1.0866,0,0
2026-09-03T23:07:16.561352+00:00,benign_iot_idle_v1,benign_iot_idle_v1__run_002,benign,,2,2,1.0,0.4224,0.5682,1424.21,1028.6,0.4504,18,13,2.5643,3.4016,3.2758,0.8205,5.7372,0,0,0,0,0,0,1.3817,79.12,5.02,84.15,10158.62,7729.47,0,0.0469,1.7134,0,0
2026-09-03T23:07:21.561352+00:00,benign_iot_idle_v1,benign_iot_idle_v1__run_002,benign,,0,0,0.0,0.3852,0.6145,0.0,0.0,0.5451,0,0,4.6305,10.2637,3.9357,1.0895,7.2041,0,0,0,0,0,0,0.7656,46.2,0.0,46.2,9744.43,5797.99,0,0.0004,1.0866,0,0
2026-09-03T23:07:26.561352+00:00,benign_iot_idle_v1,benign_iot_idle_v1__run_002,benign,,2,2,1.0,0.3932,0.6202,1272.36,1201.68,0.4992,18,17,4.9621,13.1295,4.6462,2.7154,12.7925,0,1,0,0,0,0,1.0444,70.69,16.44,87.13,7376.75,9668.59,0,0.0405,1.4772,0,0
2026-09-03T23:07:31.561352+00:00,benign_iot_idle_v1,benign_iot_idle_v1__run_002,benign,,1,1,0.0,0.4215,0.5564,1741.04,1044.63,0.4686,10,6,3.018,5.7442,5.0043,1.9927,10.9824,0,0,0,0,0,0,1.5146,174.1,0.0,174.1,8042.96,8896.43,0,0.0256,1.4481,0,0
2026-09-03T23:07:36.561352+00:00,benign_iot_idle_v1,benign_iot_idle_v1__run_002,benign,,0,0,0.0,0.4027,0.5851,0.0,0.0,0.4,0,0,4.8503,14.041,7.6087,2.8671,16.2102,0,0,0,0,0,0,1.0035,69.45,0.0,69.45,9335.01,7740.76,0,0.0099,1.4958,0,0
2026-09-03T23:07:41.561352+00:00,benign_iot_idle_v1,benign_iot_idle_v1__run_002,benign,,0,0,0.0,0.4372,0.5384,0.0,0.0,0.4745,0,0,4.931,6.1925,8.2969,4.9291,23.0842,0,0,0,0,0,0,1.0238,66.77,0.0,66.77,7864.45,9212.95,0,0.0,1.0058,0,0
2026-09-03T23:07:46.561352+00:00,benign_iot_idle_v1,benign_iot_idle_v1__run_002,benign,,1,1,0.0,0.3754,0.6288,903.85,1936.82,0.5373,7,15,3.8026,5.6481,3.05,1.2436,6.7807,0,0,0,0,0,0,0.4553,129.12,0.0,129.12,10297.81,8255.8,0,0.019,0.4823,0,0
2026-09-03T23:07:51.561352+00:00,benign_iot_idle_v1,benign_iot_idle_v1__run_002,benign,,0,0,0.0,0.4068,0.6195,0.0,0.0,0.5309,0,0,3.5757,6.83,3.8759,1.7298,9.0654,0,0,0,0,0,0,0.9598,78.46,0.0,78.46,9539.93,8616.61,0,0.0428,0.9277,0,0
2026-09-03T23:07:56.561352+00:00,benign_iot_idle_v1,benign_iot_idle_v1__run_002,benign,,3,3,1.585,0.4364,0.5336,1932.88,1472.67,0.5171,21,16,6.4134,8.5357,4.9046,1.409,9.1317,0,1,0,0,0,0,1.2448,92.04,18.87,118.72,9615.85,9079.16,0,0.0812,1.2516,0,0
2026-09-03T23:08:01.561352+00:00,benign_iot_idle_v1,benign_iot_idle_v1__run_002,benign,,3,3,1.585,0.4076,0.5918,1768.38,1571.89,0.4396,18,16,3.2908,9.5806,3.5087,1.7765,8.8381,0,1,0,0,0,0,1.12,98.24,13.21,108.72,6707.5,8122.1,0,0.0437,0.9259,0,0
2026-09-03T23:08:06.561352+00:00,benign_iot_idle_v1,benign_iot_idle_v1__run_002,benign,,2,2,1.0,0.3452,0.635,2420.01,3529.18,0.4539,24,35,4.9948,11.0515,3.3352,2.4791,10.7726,0,0,0,0,0,0,0.6789,100.83,57.07,157.9,8535.66,9442.25,0,0.0,0.7946,0,0
2026-09-03T23:08:11.561352+00:00,benign_iot_idle_v1,benign_iot_idle_v1__run_002,benign,,1,1,0.0,0.394,0.6154,370.77,317.8,0.4047,7,6,6.6471,19.1213,5.9928,3.6838,17.0442,0,0,0,0,0,0,1.1093,52.97,0.0,52.97,8919.91,7548.81,0,0.0244,1.659,0,0
2026-09-03T23:08:16.561352+00:00,benign_iot_idle_v1,benign_iot_idle_v1__run_002,benign,,4,3,1.585,0.4439,0.576,1920.33,1680.29,0.4834,24,21,3.9597,9.6743,6.2474,2.4723,13.6642,0,1,0,0,0,0,1.1103,80.01,37.57,137.79,7426.39,7602.63,0,0.0553,1.2061,0,0
2026-09-03T23:08:21.561352+00:00,benign_iot_idle_v1,benign_iot_idle_v1__run_002,benign,,2,2,1.0,0.345,0.6497,1276.83,1356.64,0.5671,16,17,8.0069,15.6614,8.0988,3.6987,19.195,0,0,0,0,0,0,0.9176,79.8,1.38,81.19,5478.86,9849.14,0,0.0585,0.6744,0,0
2026-09-03T23:08:26.561352+00:00,benign_iot_idle_v1,benign_iot_idle_v1__run_002,benign,,0,0,0.0,0.3855,0.6216,0.0,0.0,0.4324,0,0,3.534,8.6963,6.6351,1.7353,11.8409,0,0,0,0,0,0,0.7848,64.17,0.0,64.17,7532.36,7738.12,0,0.0703,1.5232,0,0
2026-09-03T23:08:31.561352+00:00,benign_iot_idle_v1,benign_iot_idle_v1__run_002,benign,,1,1,0.0,0.3562,0.64,228.46,114.23,0.4445,2,1,6.0513,10.5662,4.5206,1.2919,8.3962,0,0,0,0,0,0,1.125,114.23,0.0,114.23,7997.2,8102.61,0,0.0,1.259,0,0
2026-09-03T23:08:36.561352+00:00,benign_iot_idle_v1,benign_iot_idle_v1__run_002,benign,,0,0,0.0,0.431,0.5496,0.0,0.0,0.538,0,0,5.4516,13.6701,8.9239,4.0588,21.1002,0,0,0,0,0,0,1.181,112.92,0.0,112.92,7777.36,7830.4,0,0.0068,1.1659,0,0
2026-09-03T23:08:41.561352+00:00,benign_iot_idle_v1,benign_iot_idle_v1__run_002,benign,,2,2,1.0,0.3648,0.6194,1119.54,932.95,0.4227,18,15,3.3311,6.5437,4.4099,1.6754,9.436,0,0,0,0,0,0,1.1488,62.2,0.5,62.7,7831.04,5821.78,0,0.0141,0.5434,0,0
2026-09-03T23:08:46.561352+00:00,benign_iot_idle_v1,benign_iot_idle_v1__run_002,benign,,1,1,0.0,0.3923,0.5994,352.08,234.72,0.423,6,4,4.5003,10.2283,4.2955,1.6495,9.244,0,0,0,0,0,0,1.4153,58.68,0.0,58.68,9214.77,8136.13,0,0.0303,0.2597,0,0
2026-09-03T23:08:51.561352+00:00,benign_iot_idle_v1,benign_iot_idle_v1__run_002,benign,,1,1,0.0,0.4164,0.5799,217.24,289.66,0.5554,3,4,4.5436,10.6026,3.7383,1.8694,9.3465,0,0,0,0,0,0,0.6855,72.41,0.0,72.41,7686.33,8965.0,0,0.007,1.208,0,0
2026-09-03T23:08:56.561352+00:00,benign_iot_idle_v1,benign_iot_idle_v1__run_002,benign,,2,2,1.0,0.3792,0.6391,1225.08,1020.9,0.408,12,10,4.7959,7.2351,3.2542,1.2211,6.9176,0,1,0,0,0,0,1.1241,102.09,24.76,126.85,7761.52,8451.38,0,0.0,0.591,0,0
2026-09-03T23:09:01.561352+00:00,benign_iot_idle_v1,benign_iot_idle_v1__run_002,benign,,0,0,0.0,0.378,0.6171,0.0,0.0,0.4826,0,0,2.1254,5.6748,3.5253,1.5871,8.2866,0,0,0,0,0,0,1.7026,65.51,0.0,65.51,7740.33,8157.74,0,0.0,0.68,0,0
2026-09-03T23:09:06.561352+00:00,benign_iot_idle_v1,benign_iot_idle_v1__run_002,benign,,3,3,1.585,0.4166,0.586,1964.43,1309.62,0.4345,21,14,6.1469,14.3538,4.0536,1.2576,7.8265,0,1,0,0,0,0,1.4278,93.54,44.7,156.76,7011.59,10243.37,0,0.0481,0.8625,0,0
2026-09-03T23:09:11.561352+00:00,benign_iot_idle_v1,benign_iot_idle_v1__run_002,benign,,0,0,0.0,0.4149,0.5802,0.0,0.0,0.4831,0,0,9.7187,12.1145,7.537,2.1626,14.0249,0,0,0,0,0,0,1.2536,66.53,0.0,66.53,7537.92,8836.21,0,0.0121,0.531,0,0
2026-09-03T23:09:16.561352+00:00,benign_iot_idle_v1,benign_iot_idle_v1__run_002,benign,,1,1,0.0,0.4126,0.5874,393.7,314.96,0.4174,5,4,7.3837,21.0689,7.1526,1.8236,12.6232,0,0,0,0,0,0,1.177,78.74,0.0,78.74,8444.95,7961.91,0,0.0118,2.1516,0,0
2026-09-03T23:09:21.561352+00:00,benign_iot_idle_v1,benign_iot_idle_v1__run_002,benign,,1,1,0.0,0.4075,0.616,384.74,256.49,0.5526,3,2,3.8297,9.9211,4.1962,1.8703,9.8072,0,0,0,0,0,0,1.0247,128.25,0.0,128.25,9864.13,7692.07,0,0.0549,1.3431,0,0
2026-09-03T23:09:26.561352+00:00,benign_iot_idle_v1,benign_iot_idle_v1__run_002,benign,,0,0,0.0,0.441,0.5884,0.0,0.0,0.4636,0,0,4.5752,6.5375,5.5832,3.6346,16.4871,0,0,0,0,0,0,0.9685,99.05,0.0,99.05,8715.89,6962.28,0,0.0,1.5603,0,0
2026-09-03T23:09:31.561352+00:00,benign_iot_idle_v1,benign_iot_idle_v1__run_002,benign,,1,1,0.0,0.365,0.6456,426.14,568.19,0.4965,6,8,3.2883,5.1307,6.1469,4.152,18.603,0,0,0,0,0,0,0.6797,71.02,0.0,71.02,7175.13,7570.58,0,0.0157,1.5672,0,0
2026-09-03T23:09:36.561352+00:00,benign_iot_idle_v1,benign_iot_idle_v1__run_002,benign,,1,1,0.0,0.3976,0.5905,612.82,408.54,0.4725,9,6,2.8804,5.8749,5.8212,4.2142,18.4639,0,0,0,0,0,0,1.3221,68.09,0.0,68.09,6835.51,6405.64,0,0.0208,0.8491,0,0
2026-09-03T23:09:41.561352+00:00,benign_iot_idle_v1,benign_iot_idle_v1__run_002,benign,,1,1,0.0,0.3614,0.651,1165.22,1165.22,0.5524,8,8,5.3423,15.3229,6.9306,4.1483,19.3755,0,0,0,0,0,0,0.9653,145.65,0.0,145.65,9339.3,9063.35,0,0.0,1.5707,0,0
2026-09-03T23:09:46.561352+00:00,benign_iot_idle_v1,benign_iot_idle_v1__run_002,benign,,2,2,1.0,0.3585,0.657,684.84,342.42,0.5306,12,6,5.4225,14.7928,5.7956,3.2247,15.4698,0,0,0,0,0,0,1.9962,57.07,21.71,78.78,7399.75,7806.85,0,0.0037,1.3584,0,0
2026-09-03T23:09:51.561352+00:00,benign_iot_idle_v1,benign_iot_idle_v1__run_002,benign,,0,0,0.0,0.4325,0.5463,0.0,0.0,0.5281,0,0,2.1655,3.7892,4.0882,1.8216,9.5528,0,0,0,0,0,0,1.0034,44.2,0.0,44.2,8383.9,7648.36,0,0.0328,0.7485,0,0
2026-09-03T23:09:56.561352+00:00,benign_iot_idle_v1,benign_iot_idle_v1__run_002,benign,,0,0,0.0,0.4254,0.5542,0.0,0.0,0.3924,0,0,6.2665,12.1701,6.2318,1.7927,11.6097,0,0,0,0,0,0,0.9851,154.39,0.0,154.39,7144.21,7342.82,0,0.0498,0.7623,0,0
2026-09-03T23:10:01.561352+00:00,benign_iot_idle_v1,benign_iot_idle_v1__run_002,benign,,2,2,1.0,0.4208,0.549,805.5,469.87,0.5464,12,7,2.5596,5.106,3.18,2.3146,10.1237,0,1,0,0,0,0,1.6013,67.12,12.24,79.37,7524.52,7947.15,0,0.0459,0.9417,0,0
2026-09-03T23:10:06.561352+00:00,benign_iot_idle_v1,benign_iot_idle_v1__run_002,benign,,0,0,0.0,0.4376,0.5456,0.0,0.0,0.466,0,0,7.692,10.0546,11.3767,7.9697,35.2858,0,0,0,0,0,0,0.4281,115.18,0.0,115.18,7889.04,8777.56,0,0.0129,1.0765,0,0
2026-09-03T23:10:11.561352+00:00,benign_iot_idle_v1,benign_iot_idle_v1__run_002,benign,,0,0,0.0,0.4261,0.6214,0.0,0.0,0.4793,0,0,6.3842,19.0765,4.747,2.9529,13.6057,0,0,0,0,0,0,1.0952,91.33,0.0,91.33,8843.68,9463.42,0,0.0,1.3546,0,0
2026-09-03T23:10:16.561352+00:00,benign_iot_idle_v1,benign_iot_idle_v1__run_002,benign,,1,1,0.0,0.3515,0.654,554.65,332.79,0.4085,5,3,10.2234,15.9335,8.9446,2.2958,15.8321,0,0,0,0,0,0,1.3839,110.93,0.0,110.93,8389.15,10221.39,0,0.0,0.8565,0,0
2026-09-03T23:10:21.561352+00:00,benign_iot_idle_v1,benign_iot_idle_v1__run_002,benign,,0,0,0.0,0.3565,0.64,0.0,0.0,0.5099,0,0,4.2939,7.486,4.3664,1.4176,8.6193,0,0,0,0,0,0,0.7758,54.47,0.0,54.47,5384.78,9358.14,0,0.0225,1.6963,0,0
2026-09-03T23:10:26.561352+00:00,benign_iot_idle_v1,benign_iot_idle_v1__run_002,benign,,0,0,0.0,0.4476,0.5516,0.0,0.0,0.5416,0,0,8.8482,15.0109,6.8691,2.6772,14.9007,0,0,0,0,0,0,0.5235,63.24,0.0,63.24,9299.47,8367.38,0,0.0027,0.5146,0,0
2026-09-03T23:10:31.561352+00:00,benign_iot_idle_v1,benign_iot_idle_v1__run_002,benign,,1,1,0.0,0.4177,0.5941,710.02,507.15,0.4788,7,5,12.1268,16.1399,9.242,6.2494,27.9901,0,0,0,0,0,0,1.2395,101.43,0.0,101.43,7687.72,6503.79,0,0.0538,0.695,0,0
2026-09-03T23:10:36.561352+00:00,benign_iot_idle_v1,benign_iot_idle_v1__run_002,benign,,0,0,0.0,0.3859,0.6549,0.0,0.0,0.5696,0,0,10.9145,27.6783,6.9675,4.3057,19.8847,0,0,0,0,0,0,0.5768,121.6,0.0,121.6,7085.01,6950.71,0,0.0,0.5178,0,0
2026-09-03T23:10:41.561352+00:00,benign_iot_idle_v1,benign_iot_idle_v1__run_002,benign,,1,1,0.0,0.3472,0.6806,415.4,415.4,0.5055,5,5,9.9754,18.8223,6.6514,3.281,16.4944,0,0,0,0,0,0,0.9024,83.08,0.0,83.08,7774.18,8419.3,0,0.0362,0.6731,0,0
2026-09-03T23:10:46.561352+00:00,benign_iot_idle_v1,benign_iot_idle_v1__run_002,benign,,1,1,0.0,0.4236,0.5819,813.62,732.26,0.4695,10,9,7.2529,15.9139,7.2523,5.1594,22.7306,0,0,0,0,0,0,1.0761,81.36,0.0,81.36,8001.61,8063.95,0,0.0239,1.1227,0,0
2026-09-03T23:10:51.561352+00:00,benign_iot_idle_v1,benign_iot_idle_v1__run_002,benign,,1,1,0.0,0.3727,0.64,1179.16,1061.24,0.5662,10,9,9.3372,19.4787,9.0956,4.1525,21.553,0,0,0,0,0,0,1.0933,117.92,0.0,117.92,8446.9,7372.13,0,0.0103,0.8463,0,0
2026-09-03T23:10:56.561352+00:00,benign_iot_idle_v1,benign_iot_idle_v1__run_002,benign,,2,2,1.0,0.4027,0.5828,1177.6,2944.0,0.4544,12,30,4.669,8.1429,3.3586,1.9741,9.281,0,1,0,0,0,0,0.3955,98.13,19.6,117.73,10216.59,7554.13,0,0.0614,0.9876,0,0
2026-09-03T23:11:01.561352+00:00,benign_iot_idle_v1,benign_iot_idle_v1__run_002,benign,,2,2,1.0,0.4468,0.5559,1319.15,1413.37,0.548,14,15,3.936,6.7196,5.8428,2.5793,13.5807,0,1,0,0,0,0,0.923,94.22,24.05,118.27,7661.57,8637.91,0,0.0176,1.2983,0,0
2026-09-03T23:11:06.561352+00:00,benign_iot_idle_v1,benign_iot_idle_v1__run_002,benign,,1,1,0.0,0.4062,0.6041,897.08,784.94,0.491,8,7,6.9847,15.0992,6.8008,2.3516,13.8556,0,0,0,0,0,0,1.0312,112.13,0.0,112.13,8001.72,7702.9,0,0.0432,1.1698,0,0
2026-09-03T23:11:11.561352+00:00,benign_iot_idle_v1,benign_iot_idle_v1__run_002,benign,,1,1,0.0,0.3899,0.6332,727.2,727.2,0.4675,11,11,4.2555,12.3125,4.4162,1.1861,7.9745,0,0,0,0,0,0,0.9572,66.11,0.0,66.11,7589.54,8125.76,0,0.0398,0.9534,0,0
2026-09-03T23:11:16.561352+00:00,benign_iot_idle_v1,benign_iot_idle_v1__run_002,benign,,3,3,1.585,0.4001,0.5823,1951.0,2415.53,0.4467,21,26,5.9407,9.3732,5.8369,3.542,16.4629,0,1,0,0,0,0,0.8058,92.9,17.63,108.79,8434.32,8006.45,0,0.041,0.7005,0,0
2026-09-03T23:11:21.561352+00:00,benign_iot_idle_v1,benign_iot_idle_v1__run_002,benign,,1,1,0.0,0.3728,0.6432,650.74,455.52,0.5379,10,7,4.6304,9.784,4.3189,2.3471,11.3602,0,0,0,0,0,0,1.3481,65.07,0.0,65.07,10383.86,7481.49,0,0.0345,1.1826,0,0
2026-09-03T23:11:26.561352+00:00,benign_iot_idle_v1,benign_iot_idle_v1__run_002,benign,,0,0,0.0,0.4012,0.5869,0.0,0.0,0.4402,0,0,6.8856,19.1199,6.1584,3.0752,15.3839,0,0,0,0,0,0,1.6971,96.77,0.0,96.77,7967.07,7564.59,0,0.0171,0.0,0,0
2026-09-03T23:11:31.561352+00:00,benign_iot_idle_v1,benign_iot_idle_v1__run_002,benign,,2,2,1.0,0.3742,0.5997,1158.8,1255.36,0.339,12,13,8.426,24.2728,6.2864,2.5557,13.9535,0,0,0,0,0,0,0.8971,96.57,15.3,111.87,7883.09,9148.57,0,0.0419,0.6938,0,0
2026-09-03T23:11:36.561352+00:00,benign_iot_idle_v1,benign_iot_idle_v1__run_002,benign,,2,2,1.0,0.4054,0.6223,1578.66,1403.25,0.5574,18,16,2.6068,6.3092,3.2325,1.7682,8.537,0,0,0,0,0,0,1.0876,87.7,39.41,127.11,7807.18,7300.54,0,0.0,1.0154,0,0
2026-09-03T23:11:41.561352+00:00,benign_iot_idle_v1,benign_iot_idle_v1__run_002,benign,,1,1,0.0,0.3988,0.5535,452.74,258.71,0.463,7,4,6.7832,18.6895,4.912,1.3701,9.0223,0,0,0,0,0,0,1.5238,64.68,0.0,64.68,8396.81,12284.87,0,0.0,0.5102,0,0
2026-09-03T23:11:46.561352+00:00,benign_iot_idle_v1,benign_iot_idle_v1__run_002,benign,,3,3,1.585,0.3717,0.5845,2254.72,2480.19,0.4656,30,33,4.9456,10.391,3.9043,2.4201,11.1646,0,1,0,0,0,0,0.8888,75.16,20.61,97.87,8884.09,7328.6,0,0.0602,1.9048,0,0
2026-09-03T23:11:51.561352+00:00,benign_iot_idle_v1,benign_iot_idle_v1__run_002,benign,,0,0,0.0,0.3489,0.6492,0.0,0.0,0.5349,0,0,3.1337,5.7183,5.5098,1.4871,9.9712,0,0,0,0,0,0,1.4894,167.89,0.0,167.89,8096.03,7095.38,0,0.0115,1.2712,0,0
2026-09-03T23:11:56.561352+00:00,benign_iot_idle_v1,benign_iot_idle_v1__run_002,benign,,1,1,0.0,0.4197,0.5562,305.79,152.9,0.495,4,2,3.4986,8.7526,4.568,2.6481,12.5124,0,0,0,0,0,0,1.4201,76.45,0.0,76.45,9538.94,9652.37,0,0.0032,1.301,0,0
2026-09-03T23:12:01.561352+00:00,benign_iot_idle_v1,benign_iot_idle_v1__run_002,benign,,1,1,0.0,0.3837,0.6293,975.87,975.87,0.4652,7,7,8.3665,23.8295,7.5294,5.39,23.6994,0,0,0,0,0,0,0.9603,139.41,0.0,139.41,8601.68,5039.34,0,0.0428,0.476,0,0
2026-09-03T23:12:06.561352+00:00,benign_iot_idle_v1,benign_iot_idle_v1__run_002,benign,,2,2,1.0,0.4259,0.5671,648.08,486.06,0.5105,8,6,4.0126,6.7573,5.3161,1.8182,10.7708,0,1,0,0,0,0,1.3008,81.01,5.87,86.88,8742.37,9488.55,0,0.0352,1.5572,0,0
2026-09-03T23:12:11.561352+00:00,benign_iot_idle_v1,benign_iot_idle_v1__run_002,benign,,0,0,0.0,0.3651,0.6095,0.0,0.0,0.4766,0,0,11.6338,14.7083,8.0177,4.1888,20.5842,0,0,0,0,0,0,0.7372,78.92,0.0,78.92,8395.62,7641.21,0,0.0241,1.8139,0,0
2026-09-03T23:12:16.561352+00:00,benign_iot_idle_v1,benign_iot_idle_v1__run_002,benign,,0,0,0.0,0.3924,0.6142,0.0,0.0,0.4768,0,0,9.1899,21.8191,8.9782,2.2546,15.7419,0,0,0,0,0,0,1.2247,62.04,0.0,62.04,7489.17,6192.73,0,0.0082,0.5076,0,0
2026-09-03T23:12:21.561352+00:00,benign_iot_idle_v1,benign_iot_idle_v1__run_002,benign,,2,2,1.0,0.3442,0.6489,405.73,473.35,0.479,6,7,4.0445,9.2399,4.2028,1.2212,7.8664,0,1,0,0,0,0,0.7927,67.62,9.67,77.29,8151.64,8003.74,0,0.0194,0.9255,0,0
2026-09-03T23:12:26.561352+00:00,benign_iot_idle_v1,benign_iot_idle_v1__run_002,benign,,1,1,0.0,0.4019,0.6129,203.6,203.6,0.4924,4,4,5.8759,12.4094,5.003,3.4503,15.3538,0,0,0,0,0,0,0.9428,50.9,0.0,50.9,9436.41,6880.82,0,0.0102,0.2685,0,0
2026-09-03T23:12:31.561352+00:00,benign_iot_idle_v1,benign_iot_idle_v1__run_002,benign,,0,0,0.0,0.4339,0.5558,0.0,0.0,0.5011,0,0,1.8292,5.4066,3.3376,1.7694,8.6458,0,0,0,0,0,0,1.1246,58.34,0.0,58.34,7293.69,8463.93,0,0.0115,1.1986,0,0
2026-09-03T23:12:36.561352+00:00,benign_iot_idle_v1,benign_iot_idle_v1__run_002,benign,,1,1,0.0,0.3885,0.6117,690.4,690.4,0.5133,8,8,5.8983,7.8657,5.1315,2.2626,11.9193,0,0,0,0,0,0,0.9381,86.3,0.0,86.3,8282.47,9764.84,0,0.0452,1.7235,0,0
2026-09-03T23:12:41.561352+00:00,benign_iot_idle_v1,benign_iot_idle_v1__run_002,benign,,0,0,0.0,0.3978,0.5873,0.0,0.0,0.5337,0,0,7.2264,19.3205,6.6163,4.6466,20.556,0,0,0,0,0,0,1.4971,115.36,0.0,115.36,7208.22,8672.24,0,0.0,1.7593,0,0
2026-09-03T23:12:46.561352+00:00,benign_iot_idle_v1,benign_iot_idle_v1__run_002,benign,,0,0,0.0,0.3808,0.6365,0.0,0.0,0.4168,0,0,4.1794,10.2857,4.007,1.6393,8.925,0,0,0,0,0,0,0.6528,77.92,0.0,77.92,7612.84,10197.84,0,0.0385,1.2023,0,0
2026-09-03T23:12:51.561352+00:00,benign_iot_idle_v1,benign_iot_idle_v1__run_002,benign,,0,0,0.0,0.3819,0.6091,0.0,0.0,0.5243,0,0,3.2601,5.7328,4.1654,2.8367,12.6756,0,0,0,0,0,0,1.0853,76.97,0.0,76.97,9196.01,8871.68,0,0.0027,1.4295,0,0
2026-09-03T23:12:56.561352+00:00,benign_iot_idle_v1,benign_iot_idle_v1__run_002,benign,,2,2,1.0,0.3788,0.6066,1464.45,1610.9,0.4546,10,11,2.6921,5.3515,3.437,1.0863,6.6958,0,0,0,0,0,0,0.8377,146.45,52.99,199.44,8593.02,8927.69,0,0.0678,1.3472,0,0
2026-09-03T23:13:01.561352+00:00,benign_iot_idle_v1,benign_iot_idle_v1__run_002,benign,,0,0,0.0,0.4418,0.5103,0.0,0.0,0.5443,0,0,5.4901,10.8931,3.9048,2.8361,12.4132,0,0,0,0,0,0,0.6748,75.56,0.0,75.56,8787.28,7750.19,0,0.0353,0.2202,0,0
2026-09-03T23:13:06.561352+00:00,benign_iot_idle_v1,benign_iot_idle_v1__run_002,benign,,1,1,0.0,0.3754,0.635,509.1,339.4,0.5568,6,4,2.4602,4.1991,3.723,1.7214,8.8871,0,0,0,0,0,0,1.2138,84.85,0.0,84.85,8610.57,8489.9,0,0.0021,1.185,0,0
2026-09-03T23:13:11.561352+00:00,benign_iot_idle_v1,benign_iot_idle_v1__run_002,benign,,1,1,0.0,0.3043,0.7011,586.41,837.73,0.479,7,10,4.6789,10.5377,4.6008,1.998,10.5948,0,0,0,0,0,0,0.6654,83.77,0.0,83.77,8058.05,8500.23,0,0.0075,1.9412,0,0
2026-09-03T23:13:16.561352+00:00,benign_iot_idle_v1,benign_iot_idle_v1__run_002,benign,,0,0,0.0,0.3991,0.6035,0.0,0.0,0.5621,0,0,4.4016,9.3087,7.689,4.8867,22.3491,0,0,0,0,0,0,0.7397,54.74,0.0,54.74,6919.03,8675.48,0,0.0,1.8257,0,0
2026-09-03T23:13:21.561352+00:00,benign_iot_idle_v1,benign_iot_idle_v1__run_002,benign,,1,1,0.0,0.4132,0.5878,559.5,466.25,0.5385,6,5,5.1944,8.3451,7.1119,4.1046,19.4257,0,0,0,0,0,0,1.0374,93.25,0.0,93.25,8322.46,8654.13,0,0.064,0.8312,0,0
2026-09-03T23:13:26.561352+00:00,benign_iot_idle_v1,benign_iot_idle_v1__run_002,benign,,0,0,0.0,0.425,0.5899,0.0,0.0,0.4671,0,0,3.8669,8.9439,4.5269,1.3897,8.6959,0,0,0,0,0,0,0.9038,85.9,0.0,85.9,7278.75,6886.53,0,0.0239,1.2037,0,0
2026-09-03T23:13:31.561352+00:00,benign_iot_idle_v1,benign_iot_idle_v1__run_002,benign,,0,0,0.0,0.3926,0.5778,0.0,0.0,0.5043,0,0,10.1959,13.4031,8.5601,5.7816,25.9049,0,0,0,0,0,0,1.21,87.22,0.0,87.22,5646.14,8170.66,0,0.0,0.8519,0,0
2026-09-03T23:13:36.561352+00:00,benign_iot_idle_v1,benign_iot_idle_v1__run_002,benign,,0,0,0.0,0.4048,0.5917,0.0,0.0,0.4268,0,0,5.7321,16.0088,7.1723,2.5172,14.724,0,0,0,0,0,0,0.8764,85.87,0.0,85.87,7481.72,6874.5,0,0.0025,0.5157,0,0
2026-09-03T23:13:41.561352+00:00,benign_iot_idle_v1,benign_iot_idle_v1__run_002,benign,,1,1,0.0,0.3606,0.6058,157.74,105.16,0.4943,3,2,3.3426,9.3042,5.994,3.8863,17.6528,0,0,0,0,0,0,1.3222,52.58,0.0,52.58,7751.92,8152.79,0,0.0174,1.5656,0,0
2026-09-03T23:13:46.561352+00:00,benign_iot_idle_v1,benign_iot_idle_v1__run_002,benign,,0,0,0.0,0.436,0.5634,0.0,0.0,0.5607,0,0,2.9481,4.9808,5.173,2.1323,11.5701,0,0,0,0,0,0,0.9248,143.85,0.0,143.85,8024.07,9641.44,0,0.0595,1.5249,0,0
2026-09-03T23:13:51.561352+00:00,benign_iot_idle_v1,benign_iot_idle_v1__run_002,benign,,0,0,0.0,0.4165,0.6129,0.0,0.0,0.5343,0,0,6.862,13.079,7.1919,4.6093,21.02,0,0,0,0,0,0,0.6254,69.55,0.0,69.55,7692.77,8396.44,0,0.0,0.9458,0,0
2026-09-03T23:13:56.561352+00:00,benign_iot_idle_v1,benign_iot_idle_v1__run_002,benign,,1,1,0.0,0.3946,0.6237,570.51,733.52,0.456,7,9,7.0857,15.7586,6.5391,3.3483,16.5839,0,0,0,0,0,0,0.7333,81.5,0.0,81.5,7466.17,9213.86,0,0.0219,1.5211,0,0
2026-09-03T23:14:01.561352+00:00,benign_iot_idle_v1,benign_iot_idle_v1__run_002,benign,,0,0,0.0,0.4048,0.6163,0.0,0.0,0.5057,0,0,8.7685,22.3112,7.1958,3.6913,18.2698,0,0,0,0,0,0,1.2084,93.72,0.0,93.72,7635.9,7325.83,0,0.0051,0.5707,0,0
2026-09-03T23:14:06.561352+00:00,benign_iot_idle_v1,benign_iot_idle_v1__run_002,benign,,2,2,1.0,0.4461,0.5636,680.43,425.27,0.5232,8,5,6.0946,17.3684,5.0634,3.3323,15.0602,0,0,0,0,0,0,1.4723,85.05,15.61,100.66,8853.04,6705.61,0,0.0606,0.7934,0,0
2026-09-03T23:14:11.561352+00:00,benign_iot_idle_v1,benign_iot_idle_v1__run_002,benign,,0,0,0.0,0.3857,0.6086,0.0,0.0,0.5714,0,0,3.3508,5.4445,5.8569,1.8194,11.3151,0,0,0,0,0,0,0.7033,64.83,0.0,64.83,7236.02,7304.84,0,0.0349,0.9086,0,0
2026-09-03T23:14:16.561352+00:00,benign_iot_idle_v1,benign_iot_idle_v1__run_002,benign,,1,1,0.0,0.4193,0.547,457.54,549.05,0.4758,5,6,5.5658,7.2659,3.4122,2.1046,9.726,0,0,0,0,0,0,0.801,91.51,0.0,91.51,6008.36,6718.15,0,0.0,0.8233,0,0
2026-09-03T23:14:21.561352+00:00,benign_iot_idle_v1,benign_iot_idle_v1__run_002,benign,,1,1,0.0,0.3366,0.6205,637.14,5351.96,0.4226,5,42,7.1742,18.7648,4.7984,1.6549,9.7631,0,0,0,0,0,0,0.119,127.43,0.0,127.43,6706.03,9549.48,0,0.014,1.3878,0,0
2026-09-03T23:14:26.561352+00:00,benign_iot_idle_v1,benign_iot_idle_v1__run_002,benign,,0,0,0.0,0.4019,0.5977,0.0,0.0,0.5533,0,0,2.4198,6.6434,3.5768,1.4036,7.7877,0,0,0,0,0,0,1.0576,103.24,0.0,103.24,9028.89,7405.15,0,0.0,0.9225,0,0
2026-09-03T23:14:31.561352+00:00,benign_iot_idle_v1,benign_iot_idle_v1__run_002,benign,,0,0,0.0,0.4214,0.5643,0.0,0.0,0.5148,0,0,3.9023,10.8864,5.2289,3.3331,15.2283,0,0,0,0,0,0,0.9675,76.39,0.0,76.39,8969.54,8127.49,0,0.0624,0.4903,0,0
2026-09-03T23:14:36.561352+00:00,benign_iot_idle_v1,benign_iot_idle_v1__run_002,benign,,0,0,0.0,0.3498,0.6421,0.0,0.0,0.5052,0,0,3.9799,9.9736,3.9251,1.5043,8.4381,0,0,0,0,0,0,1.0907,100.97,0.0,100.97,6454.72,7092.73,0,0.0,1.1084,0,0
2026-09-03T23:14:41.561352+00:00,benign_iot_idle_v1,benign_iot_idle_v1__run_002,benign,,3,3,1.585,0.4176,0.5627,811.1,608.33,0.4849,12,9,6.1363,11.3414,6.3538,1.6822,11.4004,0,1,0,0,0,0,1.2095,67.59,24.2,95.32,9515.37,6746.45,0,0.0635,1.2767,0,0
2026-09-03T23:14:46.561352+00:00,benign_iot_idle_v1,benign_iot_idle_v1__run_002,benign,,1,1,0.0,0.455,0.5441,455.84,284.9,0.4828,8,5,5.7961,11.5608,4.6745,3.356,14.7424,0,0,0,0,0,0,1.5402,56.98,0.0,56.98,8584.48,8241.9,0,0.0398,0.4005,0,0
2026-09-03T23:14:51.561352+00:00,benign_iot_idle_v1,benign_iot_idle_v1__run_002,benign,,1,1,0.0,0.4,0.5809,562.08,562.08,0.4775,5,5,4.5014,10.0715,6.2839,3.5648,16.9782,0,0,0,0,0,0,0.8676,112.42,0.0,112.42,7870.06,6512.44,0,0.0,0.781,0,0
2026-09-03T23:14:56.561352+00:00,benign_iot_idle_v1,benign_iot_idle_v1__run_002,benign,,4,3,1.585,0.4009,0.5977,1215.66,850.96,0.4795,20,14,3.3212,7.5177,4.473,3.1072,13.7945,0,2,0,0,0,0,1.3701,60.78,28.29,108.51,7530.24,8515.18,0,0.0562,0.6842,0,0
2026-09-03T23:15:01.561352+00:00,benign_iot_idle_v1,benign_iot_idle_v1__run_002,benign,,2,2,1.0,0.4237,0.5478,1821.74,2163.31,0.5519,16,19,3.445,7.2674,6.0114,3.7542,17.274,0,1,0,0,0,0,0.8062,113.86,2.57,116.43,7991.32,8133.69,0,0.0328,1.5555,0,0
2026-09-03T23:15:06.561352+00:00,benign_iot_idle_v1,benign_iot_idle_v1__run_002,benign,,1,1,0.0,0.4528,0.5278,1337.29,1040.12,0.4893,9,7,3.2976,8.0201,4.5139,2.9953,13.4998,0,0,0,0,0,0,1.2639,148.59,0.0,148.59,8099.17,9006.37,0,0.0339,0.8424,0,0
2026-09-03T23:15:11.561352+00:00,benign_iot_idle_v1,benign_iot_idle_v1__run_002,benign,,1,1,0.0,0.3991,0.6053,261.58,156.95,0.503,5,3,3.9735,11.8489,7.5472,2.4213,14.8111,0,0,0,0,0,0,1.3154,52.32,0.0,52.32,6585.62,7572.72,0,0.0338,1.4361,0,0
2026-09-03T23:15:16.561352+00:00,benign_iot_idle_v1,benign_iot_idle_v1__run_002,benign,,1,1,0.0,0.411,0.5742,493.73,394.98,0.4983,5,4,4.0398,11.2991,6.5343,4.6985,20.6297,0,0,0,0,0,0,1.1985,98.75,0.0,98.75,7763.01,7608.09,0,0.0217,0.3134,0,0
2026-09-03T23:15:21.561352+00:00,benign_iot_idle_v1,benign_iot_idle_v1__run_002,benign,,2,2,1.0,0.4224,0.5876,1901.31,1765.5,0.5267,14,13,2.8224,5.6325,3.8551,2.4753,11.2808,0,0,0,0,0,0,1.0398,135.81,10.17,145.98,7301.76,10029.03,0,0.0891,1.2863,0,0
2026-09-03T23:15:26.561352+00:00,benign_iot_idle_v1,benign_iot_idle_v1__run_002,benign,,0,0,0.0,0.3286,0.6679,0.0,0.0,0.5313,0,0,6.8448,14.9718,8.0611,5.6561,25.0293,0,0,0,0,0,0,1.213,85.45,0.0,85.45,7858.85,6253.9,0,0.0652,1.1884,0,0
2026-09-03T23:15:31.561352+00:00,benign_iot_idle_v1,benign_iot_idle_v1__run_002,benign,,1,1,0.0,0.3701,0.6068,780.74,910.86,0.6261,6,7,4.1118,11.5621,4.0381,2.9033,12.7479,0,0,0,0,0,0,0.8066,130.12,0.0,130.12,7224.57,7753.28,0,0.0119,0.2212,0,0
2026-09-03T23:15:36.561352+00:00,benign_iot_idle_v1,benign_iot_idle_v1__run_002,benign,,2,2,1.0,0.399,0.6067,1092.54,1014.5,0.5826,14,13,8.2555,14.2543,7.7889,2.153,14.2478,0,1,0,0,0,0,1.013,78.04,18.0,96.03,8377.61,8031.49,0,0.0059,0.2679,0,0
2026-09-03T23:15:41.561352+00:00,benign_iot_idle_v1,benign_iot_idle_v1__run_002,benign,,1,1,0.0,0.4336,0.5755,253.77,253.77,0.4203,3,3,3.4657,6.3294,3.3223,1.36,7.4023,0,0,0,0,0,0,0.8852,84.59,0.0,84.59,7671.02,9235.16,0,0.0178,0.6937,0,0
2026-09-03T23:15:46.561352+00:00,benign_iot_idle_v1,benign_iot_idle_v1__run_002,benign,,1,1,0.0,0.3455,0.6451,80.83,80.83,0.4437,1,1,7.9143,15.8349,5.0736,1.3908,9.2461,0,0,0,0,0,0,0.7714,80.83,0.0,80.83,7202.32,7818.84,0,0.0,1.3205,0,0
2026-09-03T23:15:51.561352+00:00,benign_iot_idle_v1,benign_iot_idle_v1__run_002,benign,,2,2,1.0,0.4274,0.6239,410.68,273.79,0.4888,6,4,5.875,10.4618,4.0015,2.994,12.9837,0,1,0,0,0,0,1.2282,68.45,1.91,70.36,9230.08,9591.15,0,0.0533,0.5639,0,0
2026-09-03T23:15:56.561352+00:00,benign_iot_idle_v1,benign_iot_idle_v1__run_002,benign,,0,0,0.0,0.3613,0.639,0.0,0.0,0.5136,0,0,8.3377,14.5894,9.383,6.5175,28.9354,0,0,0,0,0,0,1.1477,138.31,0.0,138.31,8167.79,5864.74,0,0.0075,1.7674,0,0
2026-09-03T23:16:01.561352+00:00,benign_iot_idle_v1,benign_iot_idle_v1__run_002,benign,,1,1,0.0,0.3957,0.5989,495.04,396.03,0.5549,5,4,3.3225,9.7775,4.0115,2.3857,11.1686,0,0,0,0,0,0,1.1121,99.01,0.0,99.01,7593.42,10551.87,0,0.0625,0.683,0,0
