timestamp,persona_id,run_id,mitre_stage,technique_id,flow_count,unique_dst_ports,dest_port_entropy,tcp_ratio,udp_ratio,bytes_fwd_sum,bytes_bwd_sum,bidirectional_ratio,pkts_fwd_sum,pkts_bwd_sum,duration_mean,duration_max,iat_mean,iat_std,iat_max,syn_flag_sum,ack_flag_sum,fin_flag_sum,rst_flag_sum,psh_flag_sum,urg_flag_sum,down_up_ratio_mean,pkt_len_mean,pkt_len_std,pkt_len_max,init_fwd_win_mean,init_bwd_win_mean,fwd_psh_flags_sum,port_scan_score,ttl_variance,ip_fragment_flags,retransmit_count
2026-09-03T22:16:10.913527+00:00,web_bruteforce_v1,web_bruteforce_v1__run_001,initial_access,T1110.003,28,4,1.9766,1.0,0.002,75647.91,48630.8,0.7897,196,126,0.1403,0.3547,0.2046,0.0423,0.3314,7,13,2,1,5,0,1.5475,385.96,87.86,554.26,7794.07,7062.39,3,0.0486,1.7529,0,0
2026-09-03T22:16:15.913527+00:00,web_bruteforce_v1,web_bruteforce_v1__run_001,initial_access,T1110.003,30,4,1.971,1.0,0.0253,33004.54,25670.19,0.8082,90,70,0.1933,0.4814,0.1876,0.0387,0.3036,9,13,2,0,5,0,1.2705,366.72,123.09,879.85,9897.51,9441.14,3,0.0184,0.2831,0,1
2026-09-03T22:16:20.913527+00:00,web_bruteforce_v1,web_bruteforce_v1__run_001,initial_access,T1110.003,21,4,1.9387,0.9855,0.0079,37140.93,37140.93,0.8457,105,105,0.2199,0.3431,0.2239,0.0503,0.3747,7,9,1,1,4,0,0.9976,353.72,98.74,615.73,9145.45,7672.34,3,0.065,1.9229,0,1
2026-09-03T22:16:25.913527+00:00,web_bruteforce_v1,web_bruteforce_v1__run_001,initial_access,T1110.003,23,4,1.9532,1.0,0.0,69768.15,56876.21,0.7275,184,150,0.2714,0.7299,0.2493,0.0552,0.415,7,10,1,1,5,0,1.2199,379.17,87.52,592.37,5972.58,8978.08,2,0.0075,0.9745,0,0
2026-09-03T22:16:30.913527+00:00,web_bruteforce_v1,web_bruteforce_v1__run_001,initial_access,T1110.003,23,4,1.9258,0.9946,0.0,46086.02,29388.18,0.8239,138,88,0.2954,0.589,0.1871,0.0277,0.2702,7,10,2,1,4,0,1.5545,333.96,76.93,524.26,9322.97,8828.15,3,0.0311,1.972,0,1
2026-09-03T22:16:35.913527+00:00,web_bruteforce_v1,web_bruteforce_v1__run_001,initial_access,T1110.003,17,4,1.904,1.0,0.0,23214.91,18776.76,0.7476,68,55,0.1438,0.3866,0.2501,0.0533,0.4099,5,7,1,1,2,0,1.2329,341.4,106.29,514.21,7267.27,7786.12,1,0.0393,0.4811,0,0
2026-09-03T22:16:40.913527+00:00,web_bruteforce_v1,web_bruteforce_v1__run_001,initial_access,T1110.003,26,4,1.9501,0.9476,0.0826,18545.27,14622.23,0.8687,52,41,0.2771,0.7897,0.187,0.0322,0.2835,7,11,3,1,5,0,1.2441,356.64,82.92,549.51,9418.06,6946.51,2,0.0884,1.3664,0,0
2026-09-03T22:16:45.913527+00:00,web_bruteforce_v1,web_bruteforce_v1__run_001,initial_access,T1110.003,21,4,1.9347,1.0,0.0,28625.63,17720.63,0.8238,84,52,0.1598,0.3055,0.2211,0.0361,0.3293,5,9,2,1,4,0,1.6042,340.78,93.38,500.64,6900.23,8498.67,3,0.0,1.2512,0,1
2026-09-03T22:16:50.913527+00:00,web_bruteforce_v1,web_bruteforce_v1__run_001,initial_access,T1110.003,21,4,1.9699,1.0,0.005,78429.15,55273.88,0.7917,210,148,0.2193,0.3278,0.211,0.0332,0.3106,6,9,2,1,4,0,1.4166,373.47,114.28,595.58,6268.27,9092.98,3,0.0472,0.2787,0,0
2026-09-03T22:16:55.913527+00:00,web_bruteforce_v1,web_bruteforce_v1__run_001,initial_access,T1110.003,30,4,1.9135,1.0,0.0142,40825.65,43887.57,0.7115,120,129,0.2357,0.3191,0.1714,0.015,0.2164,10,14,3,0,6,0,0.9291,340.21,85.03,507.8,7591.78,9941.33,4,0.0,1.198,0,0
2026-09-03T22:17:00.913527+00:00,web_bruteforce_v1,web_bruteforce_v1__run_001,initial_access,T1110.003,22,4,1.877,0.9544,0.0427,52468.82,51105.99,0.7339,154,150,0.285,0.4862,0.1848,0.0227,0.2531,6,10,1,1,4,0,1.0259,340.71,90.49,540.41,9704.68,9363.64,3,0.0128,1.2726,0,1
2026-09-03T22:17:05.913527+00:00,web_bruteforce_v1,web_bruteforce_v1__run_001,initial_access,T1110.003,29,4,1.933,1.0,0.0,56789.05,59726.41,0.7822,174,183,0.2907,0.3597,0.2104,0.0271,0.2917,9,13,3,0,6,0,0.9468,326.37,88.23,508.82,8057.82,9427.28,3,0.0,1.3633,0,1
2026-09-03T22:17:10.913527+00:00,web_bruteforce_v1,web_bruteforce_v1__run_001,initial_access,T1110.003,33,4,1.9926,1.0,0.0,111039.01,75708.41,0.767,330,225,0.2405,0.3962,0.2417,0.0339,0.3435,10,14,3,2,7,0,1.4662,336.48,90.52,559.64,6612.51,8483.8,6,0.0003,1.1573,0,0
2026-09-03T22:17:15.913527+00:00,web_bruteforce_v1,web_bruteforce_v1__run_001,initial_access,T1110.003,30,4,1.9839,1.0,0.0,72850.42,62096.31,0.6879,210,179,0.1458,0.1892,0.2081,0.0291,0.2955,8,14,3,2,6,0,1.1671,346.91,151.87,863.8,8286.09,9054.15,4,0.0473,0.6146,0,1
2026-09-03T22:17:20.913527+00:00,web_bruteforce_v1,web_bruteforce_v1__run_001,initial_access,T1110.003,28,4,1.9926,0.9916,0.0,63184.43,57919.06,0.7982,168,154,0.1441,0.3945,0.1877,0.0367,0.2977,8,12,3,1,4,0,1.0867,376.1,78.78,529.19,7346.94,7213.41,2,0.051,1.0461,0,0
2026-09-03T22:17:25.913527+00:00,web_bruteforce_v1,web_bruteforce_v1__run_001,initial_access,T1110.003,24,4,1.9799,1.0,0.0,35203.03,22735.29,0.8353,96,62,0.2485,0.7278,0.16,0.0226,0.2277,7,10,2,0,3,0,1.5286,366.7,66.64,491.1,8039.0,7196.93,1,0.0274,0.6152,0,1
2026-09-03T22:17:30.913527+00:00,web_bruteforce_v1,web_bruteforce_v1__run_001,initial_access,T1110.003,21,4,1.9814,1.0,0.0,50370.28,35978.77,0.7223,147,105,0.2907,0.3814,0.2285,0.0505,0.38,6,9,2,1,3,0,1.3977,342.65,99.22,508.75,6857.86,8255.81,1,0.007,1.1852,0,0
2026-09-03T22:17:35.913527+00:00,web_bruteforce_v1,web_bruteforce_v1__run_001,initial_access,T1110.003,34,4,1.9257,1.0,0.0,39091.78,33342.99,0.8128,102,87,0.2386,0.4856,0.1937,0.0387,0.3098,10,14,3,2,6,0,1.1639,383.25,80.87,552.15,8133.17,6188.33,3,0.0438,1.2764,0,1
2026-09-03T22:17:40.913527+00:00,web_bruteforce_v1,web_bruteforce_v1__run_001,initial_access,T1110.003,19,4,1.9313,1.0,0.0,14595.58,13443.3,0.7972,38,35,0.2135,0.6099,0.2141,0.0221,0.2804,5,8,2,0,3,0,1.072,384.09,130.68,722.46,8439.64,8827.74,2,0.0,1.3788,0,1
2026-09-03T22:17:45.913527+00:00,web_bruteforce_v1,web_bruteforce_v1__run_001,initial_access,T1110.003,23,4,1.9532,1.0,0.0209,49178.42,42407.48,0.7583,138,119,0.3043,0.4087,0.2005,0.0422,0.3271,6,10,2,0,4,0,1.1523,356.37,92.49,588.18,7590.83,7948.7,2,0.0,0.9114,0,0
2026-09-03T22:17:50.913527+00:00,web_bruteforce_v1,web_bruteforce_v1__run_001,initial_access,T1110.003,21,4,1.9814,1.0,0.0,43445.32,32411.59,0.9146,126,94,0.1212,0.2593,0.2388,0.0326,0.3367,5,9,1,2,4,0,1.3283,344.8,110.81,612.69,8924.69,9542.37,3,0.0,0.8917,0,0
2026-09-03T22:17:55.913527+00:00,web_bruteforce_v1,web_bruteforce_v1__run_001,initial_access,T1110.003,22,4,1.8955,0.971,0.0233,41394.8,31234.26,0.7538,110,83,0.2067,0.3554,0.1938,0.0268,0.2742,6,8,2,1,4,0,1.3108,376.32,121.21,698.58,8791.78,7096.81,3,0.0166,0.3352,0,1
2026-09-03T22:18:00.913527+00:00,web_bruteforce_v1,web_bruteforce_v1__run_001,initial_access,T1110.003,22,4,1.8567,0.9395,0.0474,84343.07,65174.19,0.7649,242,187,0.2284,0.6853,0.216,0.0187,0.2722,6,9,2,0,3,0,1.2928,348.53,119.9,709.9,6990.81,8382.45,2,0.0047,1.5705,0,2
2026-09-03T22:18:05.913527+00:00,web_bruteforce_v1,web_bruteforce_v1__run_001,initial_access,T1110.003,21,4,1.9561,1.0,0.0,72267.7,43016.49,0.8188,210,125,0.1444,0.2627,0.2493,0.0206,0.3112,6,9,2,1,4,0,1.6696,344.13,128.62,679.88,7416.45,9215.89,3,0.0416,1.1491,0,1
2026-09-03T22:18:10.913527+00:00,web_bruteforce_v1,web_bruteforce_v1__run_001,initial_access,T1110.003,27,4,1.9727,1.0,0.0,18584.68,20305.48,0.8431,54,59,0.1202,0.2364,0.2403,0.028,0.3243,8,12,3,1,5,0,0.9064,344.16,107.22,610.32,7900.59,9349.27,3,0.0305,0.9237,0,1
2026-09-03T22:18:15.913527+00:00,web_bruteforce_v1,web_bruteforce_v1__run_001,initial_access,T1110.003,30,4,1.9383,1.0,0.0,29593.59,21373.15,0.8641,90,65,0.232,0.6201,0.1691,0.0161,0.2174,8,13,2,1,5,1,1.3794,328.82,58.86,470.25,8792.41,7988.27,3,0.0812,1.6894,0,1
2026-09-03T22:18:20.913527+00:00,web_bruteforce_v1,web_bruteforce_v1__run_001,initial_access,T1110.003,23,4,1.9958,1.0,0.0,41653.4,28614.08,0.8876,115,79,0.136,0.326,0.1609,0.0319,0.2567,6,10,2,0,4,0,1.4555,362.2,126.86,822.67,9255.78,8027.01,3,0.0,0.5244,0,0
2026-09-03T22:18:25.913527+00:00,web_bruteforce_v1,web_bruteforce_v1__run_001,initial_access,T1110.003,24,4,1.8956,1.0,0.0247,45576.83,28865.33,0.7838,120,76,0.0904,0.1321,0.1938,0.0163,0.2427,7,11,2,1,5,0,1.5757,379.81,98.91,633.36,7944.45,8395.75,2,0.0335,1.0294,0,0
2026-09-03T22:18:30.913527+00:00,web_bruteforce_v1,web_bruteforce_v1__run_001,initial_access,T1110.003,25,4,1.9133,1.0,0.0,51875.78,43575.66,0.8315,175,147,0.2597,0.7179,0.2323,0.0472,0.3741,7,11,2,0,3,0,1.1832,296.43,63.14,445.04,10427.72,9438.49,1,0.0,1.7835,0,0
2026-09-03T22:18:35.913527+00:00,web_bruteforce_v1,web_bruteforce_v1__run_001,initial_access,T1110.003,29,4,1.9687,0.9496,0.0175,70750.86,57158.33,0.8028,203,164,0.1379,0.4017,0.1646,0.0171,0.2158,7,13,2,1,6,0,1.2326,348.53,116.56,648.92,8665.72,8384.29,5,0.013,1.3655,0,0
2026-09-03T22:18:40.913527+00:00,web_bruteforce_v1,web_bruteforce_v1__run_001,initial_access,T1110.003,22,4,1.7527,0.9424,0.0236,31229.97,20938.28,0.7691,88,59,0.2442,0.6203,0.1942,0.0231,0.2634,6,10,2,0,4,0,1.4804,354.89,104.36,547.51,8491.61,7919.47,3,0.0342,0.6769,0,0
2026-09-03T22:18:45.913527+00:00,web_bruteforce_v1,web_bruteforce_v1__run_001,initial_access,T1110.003,26,4,1.9543,0.9691,0.0061,58646.38,44360.72,0.827,156,118,0.2264,0.5824,0.2106,0.0174,0.2627,7,10,2,0,5,0,1.3118,375.94,106.81,660.0,7539.3,8330.3,3,0.034,1.4199,0,1
2026-09-03T22:18:50.913527+00:00,web_bruteforce_v1,web_bruteforce_v1__run_001,initial_access,T1110.003,31,4,1.9597,0.9651,0.038,87085.41,59344.49,0.7748,248,169,0.1052,0.2348,0.1616,0.0123,0.1986,9,14,3,1,6,0,1.4616,351.15,97.79,578.35,9130.31,8260.28,4,0.0525,1.4556,0,2
2026-09-03T22:18:55.913527+00:00,web_bruteforce_v1,web_bruteforce_v1__run_001,initial_access,T1110.003,31,4,1.9241,1.0,0.0008,43566.59,27053.45,0.8672,124,77,0.2316,0.5863,0.187,0.0376,0.2998,9,13,3,1,6,0,1.601,351.34,70.68,483.71,8878.83,10283.73,4,0.0085,1.1334,0,0
2026-09-03T22:19:00.913527+00:00,web_bruteforce_v1,web_bruteforce_v1__run_001,initial_access,T1110.003,21,4,1.819,0.9886,0.0224,28665.04,16038.77,0.7643,84,47,0.1186,0.1474,0.1874,0.0358,0.2948,6,9,2,0,4,0,1.766,341.25,97.68,592.55,9096.11,6590.33,2,0.0408,1.6851,0,1
2026-09-03T22:19:05.913527+00:00,web_bruteforce_v1,web_bruteforce_v1__run_001,initial_access,T1110.003,30,4,1.9383,1.0,0.0077,66492.64,62376.43,0.854,210,197,0.212,0.3275,0.2244,0.0426,0.3521,8,13,1,1,6,0,1.0636,316.63,74.11,446.79,6571.6,9036.34,4,0.012,0.6605,0,0
2026-09-03T22:19:10.913527+00:00,web_bruteforce_v1,web_bruteforce_v1__run_001,initial_access,T1110.003,32,4,1.7465,0.9674,0.0171,93438.56,106091.7,0.858,288,327,0.1476,0.4034,0.1738,0.0186,0.2296,10,15,3,1,6,0,0.8803,324.44,77.46,492.34,8888.81,8149.81,4,0.0321,1.1797,0,0
2026-09-03T22:19:15.913527+00:00,web_bruteforce_v1,web_bruteforce_v1__run_001,initial_access,T1110.003,26,4,1.7132,1.0,0.0,63434.56,52629.77,0.8021,182,151,0.1967,0.2675,0.2212,0.0221,0.2875,8,12,2,1,5,0,1.199,348.54,82.61,554.08,8283.46,7124.28,3,0.0073,0.639,0,0
2026-09-03T22:19:20.913527+00:00,web_bruteforce_v1,web_bruteforce_v1__run_001,initial_access,T1110.003,23,4,1.7726,0.9787,0.0166,35738.66,35117.11,0.7872,115,113,0.1385,0.3398,0.2156,0.0318,0.311,7,10,2,0,4,0,1.0149,310.77,99.56,607.58,8271.36,6527.13,2,0.0192,1.6185,0,0
2026-09-03T22:19:25.913527+00:00,web_bruteforce_v1,web_bruteforce_v1__run_001,initial_access,T1110.003,21,4,1.9699,0.9505,0.0349,29326.98,19900.45,0.7897,84,57,0.1252,0.3166,0.1781,0.0371,0.2895,5,9,1,0,4,0,1.4605,349.13,101.9,595.43,7133.63,9934.03,2,0.0097,0.6639,0,0
2026-09-03T22:19:30.913527+00:00,web_bruteforce_v1,web_bruteforce_v1__run_001,initial_access,T1110.003,27,4,1.9094,0.966,0.0149,34304.08,32080.67,0.7949,108,101,0.1558,0.2927,0.1724,0.0188,0.2288,7,12,2,0,4,0,1.0602,317.63,77.93,514.11,6787.31,7621.84,2,0.0,0.1416,0,1
2026-09-03T22:19:35.913527+00:00,web_bruteforce_v1,web_bruteforce_v1__run_001,initial_access,T1110.003,19,4,1.9313,0.9908,0.0196,55878.72,38559.58,0.7729,171,118,0.2762,0.7992,0.2089,0.0161,0.2573,5,8,1,0,3,0,1.4478,326.78,98.63,564.07,8192.78,8393.43,1,0.0,1.1158,0,0
2026-09-03T22:19:40.913527+00:00,web_bruteforce_v1,web_bruteforce_v1__run_001,initial_access,T1110.003,28,4,1.9299,0.9853,0.0341,47824.41,33477.08,0.7449,140,98,0.1616,0.2849,0.2153,0.0302,0.306,9,12,3,1,5,0,1.4273,341.6,82.47,495.62,9625.69,9600.52,3,0.0268,1.2898,0,0
2026-09-03T22:19:45.913527+00:00,web_bruteforce_v1,web_bruteforce_v1__run_001,initial_access,T1110.003,24,4,1.9491,0.9873,0.0,37578.45,26226.63,0.7664,96,67,0.1635,0.3034,0.1841,0.0264,0.2633,6,10,3,0,4,0,1.4154,391.44,116.79,654.29,7461.57,8286.6,3,0.0212,1.0564,0,2
2026-09-03T22:19:50.913527+00:00,web_bruteforce_v1,web_bruteforce_v1__run_001,initial_access,T1110.003,24,4,1.9591,0.993,0.0,53559.3,48724.09,0.8179,144,131,0.172,0.4442,0.1807,0.03,0.2707,7,10,2,1,4,0,1.0927,371.94,104.03,673.76,7711.6,10893.63,3,0.0,0.2135,0,0
2026-09-03T22:19:55.913527+00:00,web_bruteforce_v1,web_bruteforce_v1__run_001,initial_access,T1110.003,30,4,1.9329,1.0,0.0,64955.06,39900.97,0.7974,210,129,0.1924,0.4401,0.1704,0.0325,0.2678,9,12,4,0,6,0,1.6192,309.31,92.23,575.88,8373.58,7267.16,4,0.0551,0.8222,0,1
2026-09-03T22:20:00.913527+00:00,web_bruteforce_v1,web_bruteforce_v1__run_001,initial_access,T1110.003,22,4,1.8371,0.9951,0.0031,54885.68,50252.47,0.7671,154,141,0.1991,0.5935,0.2209,0.0266,0.3007,6,10,1,1,5,0,1.0905,356.4,73.08,532.03,8149.92,7688.3,4,0.0,1.3255,0,0
2026-09-03T22:20:05.913527+00:00,web_bruteforce_v1,web_bruteforce_v1__run_001,initial_access,T1110.003,32,4,1.9288,0.9959,0.0,34388.1,28656.75,0.724,96,80,0.1128,0.3335,0.1826,0.02,0.2427,10,13,2,1,6,0,1.1869,358.21,103.35,640.33,10901.49,8284.7,4,0.0348,1.468,0,0
2026-09-03T22:20:10.913527+00:00,web_bruteforce_v1,web_bruteforce_v1__run_001,initial_access,T1110.003,39,4,1.9018,1.0,0.0446,75036.56,53872.4,0.7522,195,140,0.2713,0.6194,0.1657,0.0281,0.2502,10,16,2,0,8,1,1.3858,384.8,81.67,567.73,8139.83,8021.76,7,0.0,1.1408,0,1
2026-09-03T22:20:15.913527+00:00,web_bruteforce_v1,web_bruteforce_v1__run_001,initial_access,T1110.003,25,4,1.906,0.9685,0.0639,86946.35,80686.21,0.8059,250,232,0.228,0.4586,0.2214,0.0172,0.273,7,12,1,1,5,0,1.0773,347.79,129.88,745.69,7300.04,6374.35,4,0.0398,1.0488,0,0
2026-09-03T22:20:20.913527+00:00,web_bruteforce_v1,web_bruteforce_v1__run_001,initial_access,T1110.003,27,4,1.8928,0.9744,0.0215,47342.26,35068.34,0.7725,135,100,0.1855,0.3447,0.1622,0.025,0.2372,7,12,2,1,5,0,1.3379,350.68,119.28,628.52,8202.58,7802.21,3,0.0,0.6396,0,1
2026-09-03T22:20:25.913527+00:00,web_bruteforce_v1,web_bruteforce_v1__run_001,initial_access,T1110.003,20,4,1.9855,1.0,0.0194,41792.71,25772.17,0.815,120,74,0.2554,0.3492,0.1832,0.0296,0.2721,6,9,2,0,3,0,1.6014,348.27,88.49,514.21,8741.04,9489.2,1,0.0,1.2047,0,0
2026-09-03T22:20:30.913527+00:00,web_bruteforce_v1,web_bruteforce_v1__run_001,initial_access,T1110.003,21,4,1.8375,1.0,0.0,33991.02,30753.78,0.7,105,95,0.235,0.4708,0.2265,0.0435,0.3571,4,9,1,1,4,0,1.0964,323.72,89.27,589.63,8958.09,10022.65,2,0.0,0.869,0,3
2026-09-03T22:20:35.913527+00:00,web_bruteforce_v1,web_bruteforce_v1__run_001,initial_access,T1110.003,29,4,1.9498,0.977,0.024,68225.79,43691.4,0.8178,203,130,0.0999,0.1347,0.2121,0.0305,0.3035,8,14,2,1,5,0,1.557,336.09,79.85,499.26,6265.38,7896.36,2,0.0062,0.7506,0,0
2026-09-03T22:20:40.913527+00:00,web_bruteforce_v1,web_bruteforce_v1__run_001,initial_access,T1110.003,27,4,1.9893,0.9809,0.0,52051.64,35857.8,0.713,135,93,0.2328,0.4395,0.2184,0.0307,0.3104,8,12,1,0,5,0,1.4504,385.57,127.16,691.03,7006.58,8584.57,4,0.0059,1.5199,0,0
2026-09-03T22:20:45.913527+00:00,web_bruteforce_v1,web_bruteforce_v1__run_001,initial_access,T1110.003,23,4,1.8742,0.9761,0.0537,52364.15,61145.72,0.7889,161,188,0.1636,0.4529,0.1715,0.0174,0.2236,6,10,1,1,5,0,0.8556,325.24,91.2,509.65,7901.35,8863.67,4,0.0031,1.6335,0,1
2026-09-03T22:20:50.913527+00:00,web_bruteforce_v1,web_bruteforce_v1__run_001,initial_access,T1110.003,32,4,1.9576,0.9817,0.0,42727.3,20028.42,0.7295,128,60,0.2343,0.3151,0.213,0.0429,0.3416,10,12,2,1,7,0,2.1115,333.81,85.44,575.24,6604.3,11139.28,6,0.0179,1.464,0,2
2026-09-03T22:20:55.913527+00:00,web_bruteforce_v1,web_bruteforce_v1__run_001,initial_access,T1110.003,21,4,1.9387,1.0,0.0,38040.32,30432.26,0.7587,105,84,0.2625,0.5982,0.1717,0.0168,0.2221,6,9,2,0,4,0,1.2455,362.29,106.93,766.19,7883.13,8477.52,3,0.0,1.2426,0,0
2026-09-03T22:21:00.913527+00:00,web_bruteforce_v1,web_bruteforce_v1__run_001,initial_access,T1110.003,25,4,1.9787,1.0,0.0,43984.85,39762.3,0.7879,125,113,0.2179,0.5333,0.1892,0.0188,0.2456,6,11,2,1,5,0,1.1023,351.88,130.97,700.13,9323.72,7936.35,2,0.0455,0.3525,0,0
2026-09-03T22:21:05.913527+00:00,web_bruteforce_v1,web_bruteforce_v1__run_001,initial_access,T1110.003,20,4,1.971,1.0,0.0,36176.89,21344.37,0.8026,100,59,0.2008,0.4656,0.169,0.0212,0.2326,6,9,2,1,4,0,1.6908,361.77,121.06,608.16,8003.97,8504.73,3,0.0372,1.4755,0,0
2026-09-03T22:21:10.913527+00:00,web_bruteforce_v1,web_bruteforce_v1__run_001,initial_access,T1110.003,26,4,1.7883,1.0,0.0,9611.22,6653.92,0.8722,26,18,0.1842,0.4462,0.192,0.0245,0.2655,7,11,2,1,5,0,1.4228,369.66,117.81,694.84,7025.79,8480.16,2,0.0,0.0,0,0
2026-09-03T22:21:15.913527+00:00,web_bruteforce_v1,web_bruteforce_v1__run_001,initial_access,T1110.003,26,4,1.8875,0.9956,0.0,52112.53,35743.85,0.7758,156,107,0.112,0.3267,0.2273,0.0326,0.3251,7,12,2,1,5,0,1.4446,334.05,90.35,570.73,7454.37,7827.25,4,0.0,0.525,0,0
2026-09-03T22:21:20.913527+00:00,web_bruteforce_v1,web_bruteforce_v1__run_001,initial_access,T1110.003,29,4,1.9904,1.0,0.0,77083.44,78080.21,0.8321,232,235,0.243,0.4126,0.2055,0.0351,0.3107,8,13,3,2,5,0,0.9849,332.26,94.52,584.65,6109.64,8079.18,4,0.0523,1.0275,0,1
2026-09-03T22:21:25.913527+00:00,web_bruteforce_v1,web_bruteforce_v1__run_001,initial_access,T1110.003,22,4,1.9808,0.993,0.0,58024.81,53126.62,0.7679,154,141,0.2516,0.7325,0.1769,0.0154,0.223,6,9,2,1,3,0,1.0908,376.78,93.37,539.21,7836.96,7778.7,1,0.0078,1.5117,0,3
2026-09-03T22:21:30.913527+00:00,web_bruteforce_v1,web_bruteforce_v1__run_001,initial_access,T1110.003,24,4,1.9713,1.0,0.0,23411.29,19184.25,0.7072,72,59,0.2735,0.7626,0.2254,0.0355,0.3318,8,11,3,1,4,0,1.2074,325.16,74.74,473.08,9757.76,9284.36,3,0.0,1.0515,0,0
2026-09-03T22:21:35.913527+00:00,web_bruteforce_v1,web_bruteforce_v1__run_001,initial_access,T1110.003,21,4,1.8221,1.0,0.0,31028.98,24379.91,0.7573,84,66,0.2887,0.4969,0.2109,0.0285,0.2964,6,9,2,1,4,0,1.2695,369.39,114.88,603.42,8422.3,9440.56,3,0.0549,1.054,0,0
2026-09-03T22:21:40.913527+00:00,web_bruteforce_v1,web_bruteforce_v1__run_001,initial_access,T1110.003,20,4,1.9261,0.9931,0.0,29797.19,21602.96,0.7992,80,58,0.2696,0.6233,0.1883,0.0283,0.2733,5,9,2,1,4,0,1.3735,372.46,125.56,767.15,8191.71,6952.42,2,0.0223,0.8992,0,1
2026-09-03T22:21:45.913527+00:00,web_bruteforce_v1,web_bruteforce_v1__run_001,initial_access,T1110.003,28,4,1.8179,1.0,0.0,38859.54,35042.98,0.8006,112,101,0.2398,0.6004,0.2398,0.0475,0.3824,8,13,1,2,6,0,1.1056,346.96,109.8,621.88,7374.02,9499.94,4,0.0333,1.1169,0,1
2026-09-03T22:21:50.913527+00:00,web_bruteforce_v1,web_bruteforce_v1__run_001,initial_access,T1110.003,25,4,1.969,0.9954,0.017,77243.6,52525.65,0.8111,225,153,0.1732,0.4692,0.1978,0.0155,0.2443,7,11,2,1,4,0,1.4632,343.3,106.64,614.54,10020.43,8107.28,2,0.0421,0.8815,0,0
2026-09-03T22:21:55.913527+00:00,web_bruteforce_v1,web_bruteforce_v1__run_001,initial_access,T1110.003,16,4,1.9238,0.961,0.0,42462.45,39808.55,0.8274,128,120,0.1195,0.184,0.2124,0.0428,0.3407,4,8,1,1,2,0,1.0588,331.74,66.38,504.69,10107.84,7259.37,1,0.0477,1.1543,0,0
2026-09-03T22:22:00.913527+00:00,web_bruteforce_v1,web_bruteforce_v1__run_001,initial_access,T1110.003,30,4,1.9575,0.9437,0.0429,23168.69,21237.96,0.8461,60,55,0.1531,0.2654,0.1796,0.016,0.2276,9,12,2,0,7,1,1.0887,386.14,110.91,689.28,8348.18,7770.5,5,0.0052,1.0425,0,0
2026-09-03T22:22:05.913527+00:00,web_bruteforce_v1,web_bruteforce_v1__run_001,initial_access,T1110.003,27,4,1.9367,1.0,0.0,36926.06,32139.35,0.7622,108,94,0.1093,0.2671,0.1777,0.0259,0.2553,7,12,2,1,5,0,1.1487,341.91,105.34,650.55,9438.58,5979.5,4,0.0071,1.1819,0,0
2026-09-03T22:22:10.913527+00:00,web_bruteforce_v1,web_bruteforce_v1__run_001,initial_access,T1110.003,26,4,1.9785,0.9717,0.0,72003.96,53310.62,0.8132,208,154,0.1609,0.3201,0.1668,0.0365,0.2762,7,12,3,1,5,0,1.3468,346.17,107.17,725.46,8047.49,9743.33,3,0.0746,1.7798,0,0
2026-09-03T22:22:15.913527+00:00,web_bruteforce_v1,web_bruteforce_v1__run_001,initial_access,T1110.003,10,4,1.761,1.0,0.0026,24559.64,17893.45,0.7801,70,51,0.3358,0.776,0.2221,0.0425,0.3496,2,4,0,0,1,0,1.3722,350.85,80.71,503.68,8191.19,10169.34,0,0.0,1.2765,0,0
2026-09-03T22:22:20.913527+00:00,web_bruteforce_v1,web_bruteforce_v1__run_001,initial_access,T1110.003,23,4,1.93,0.9889,0.0106,61584.92,39781.57,0.8397,161,104,0.1884,0.5199,0.2278,0.0435,0.3585,7,10,2,1,5,0,1.5436,382.52,94.55,605.32,9402.61,9588.21,4,0.0448,1.5838,0,0
2026-09-03T22:22:25.913527+00:00,web_bruteforce_v1,web_bruteforce_v1__run_001,initial_access,T1110.003,19,4,1.723,0.9591,0.0277,45196.19,29734.33,0.7531,114,75,0.3069,0.8519,0.2341,0.0435,0.3647,5,8,1,1,3,0,1.5107,396.46,96.04,577.42,9302.46,10154.04,1,0.0357,0.7655,0,0
2026-09-03T22:22:30.913527+00:00,web_bruteforce_v1,web_bruteforce_v1__run_001,initial_access,T1110.003,30,4,1.9183,1.0,0.0058,101302.54,104679.29,0.8352,270,279,0.2539,0.6683,0.1953,0.0308,0.2878,8,13,2,1,6,0,0.9654,375.19,99.49,674.34,8401.26,7373.83,4,0.057,0.274,0,0
2026-09-03T22:22:35.913527+00:00,web_bruteforce_v1,web_bruteforce_v1__run_001,initial_access,T1110.003,18,4,1.8911,1.0,0.0,24155.56,14761.73,0.7971,72,44,0.1225,0.1887,0.2166,0.0362,0.3252,5,7,1,1,3,0,1.6318,335.49,101.39,559.04,9017.35,8649.89,1,0.0578,0.7207,0,0
2026-09-03T22:22:40.913527+00:00,web_bruteforce_v1,web_bruteforce_v1__run_001,initial_access,T1110.003,17,4,1.9328,0.9933,0.024,5757.96,4064.44,0.7732,17,12,0.2878,0.5992,0.2113,0.0288,0.2978,5,7,1,0,3,0,1.3294,338.7,83.08,502.1,7794.45,11612.33,1,0.0,1.0249,0,0
2026-09-03T22:22:45.913527+00:00,web_bruteforce_v1,web_bruteforce_v1__run_001,initial_access,T1110.003,33,4,1.976,0.9492,0.0866,122709.75,83665.74,0.7395,330,225,0.2256,0.5094,0.1794,0.028,0.2634,10,16,3,1,5,0,1.4623,371.85,116.49,641.4,7033.9,8999.11,2,0.0,0.5977,0,1
2026-09-03T22:22:50.913527+00:00,web_bruteforce_v1,web_bruteforce_v1__run_001,initial_access,T1110.003,28,4,1.7758,1.0,0.0136,74414.81,46841.47,0.764,224,141,0.238,0.711,0.1934,0.0163,0.2422,8,12,2,0,4,0,1.578,332.21,95.78,567.98,6040.71,7882.64,2,0.0072,0.6924,0,1
2026-09-03T22:22:55.913527+00:00,web_bruteforce_v1,web_bruteforce_v1__run_001,initial_access,T1110.003,28,4,1.9506,0.9944,0.0081,70761.56,46211.63,0.8938,196,128,0.1847,0.3641,0.1975,0.0163,0.2463,8,12,2,1,4,0,1.5247,361.03,72.8,503.66,8209.45,7966.45,3,0.0034,0.4434,0,0
2026-09-03T22:23:00.913527+00:00,web_bruteforce_v1,web_bruteforce_v1__run_001,initial_access,T1110.003,23,4,1.9726,1.0,0.0,52689.43,47453.22,0.7842,161,145,0.2717,0.6836,0.2271,0.0199,0.2869,6,11,2,1,4,0,1.1058,327.26,91.09,573.1,9156.62,6876.72,2,0.0048,1.3658,0,0
2026-09-03T22:23:05.913527+00:00,web_bruteforce_v1,web_bruteforce_v1__run_001,initial_access,T1110.003,23,4,1.9958,0.9555,0.0473,53009.71,37205.57,0.7743,161,113,0.2946,0.47,0.2008,0.0358,0.3083,6,10,2,0,5,0,1.422,329.25,99.6,621.62,8149.5,7629.13,4,0.0744,1.8371,0,0
2026-09-03T22:23:10.913527+00:00,web_bruteforce_v1,web_bruteforce_v1__run_001,initial_access,T1110.003,25,4,1.9574,0.9901,0.0081,52377.16,36664.01,0.7503,150,105,0.2588,0.443,0.2186,0.0308,0.3108,7,11,2,1,4,0,1.4264,349.18,82.75,560.46,9128.35,7125.04,2,0.0376,1.4518,0,2
2026-09-03T22:23:15.913527+00:00,web_bruteforce_v1,web_bruteforce_v1__run_001,initial_access,T1110.003,17,4,1.7839,1.0,0.0,36621.42,49187.6,0.7513,102,137,0.1861,0.3544,0.212,0.038,0.326,5,7,1,1,3,0,0.7434,359.03,73.72,517.0,7829.43,5552.28,1,0.0072,1.8732,0,0
2026-09-03T22:23:20.913527+00:00,web_bruteforce_v1,web_bruteforce_v1__run_001,initial_access,T1110.003,19,4,1.9785,0.9961,0.0249,38691.14,24775.91,0.8114,114,73,0.2449,0.635,0.2036,0.0276,0.2865,5,7,1,0,4,0,1.5484,339.4,99.55,500.74,8171.79,8440.22,3,0.0616,0.9599,0,0
2026-09-03T22:23:25.913527+00:00,web_bruteforce_v1,web_bruteforce_v1__run_001,initial_access,T1110.003,30,4,1.9899,1.0,0.0021,55904.76,57147.09,0.7462,180,184,0.2222,0.6021,0.2199,0.0384,0.3352,9,13,4,1,5,0,0.9771,310.58,82.11,517.36,9342.75,7721.56,4,0.0601,1.379,0,0
2026-09-03T22:23:30.913527+00:00,web_bruteforce_v1,web_bruteforce_v1__run_001,initial_access,T1110.003,19,4,1.9313,1.0,0.0084,11356.19,8367.72,0.7671,38,28,0.2105,0.5886,0.2295,0.0457,0.3665,5,8,1,1,3,0,1.3197,298.85,62.89,470.21,8457.73,7853.42,2,0.0149,0.75,0,1
2026-09-03T22:23:35.913527+00:00,web_bruteforce_v1,web_bruteforce_v1__run_001,initial_access,T1110.003,27,4,1.9003,0.9436,0.0634,19315.86,9300.23,0.6936,54,26,0.1265,0.3127,0.2011,0.0378,0.3146,7,12,3,1,4,0,2.0449,357.7,91.12,584.72,8412.53,11933.79,3,0.0,0.0,0,1
2026-09-03T22:23:40.913527+00:00,web_bruteforce_v1,web_bruteforce_v1__run_001,initial_access,T1110.003,24,4,2.0,1.0,0.0139,55978.62,39651.52,0.7461,192,136,0.2549,0.3917,0.1766,0.0335,0.277,7,10,2,0,4,0,1.4049,291.56,74.26,414.67,9088.25,8587.58,2,0.0,0.9547,0,0
2026-09-03T22:23:45.913527+00:00,web_bruteforce_v1,web_bruteforce_v1__run_001,initial_access,T1110.003,27,4,1.966,1.0,0.0,66371.81,51973.7,0.8765,189,148,0.1677,0.2545,0.1865,0.0264,0.2657,6,12,2,0,6,0,1.2705,351.17,116.64,658.1,7468.94,6680.06,5,0.0328,0.3126,0,0
2026-09-03T22:23:50.913527+00:00,web_bruteforce_v1,web_bruteforce_v1__run_001,initial_access,T1110.003,36,4,1.8982,0.9664,0.0653,135223.37,87895.19,0.7559,360,234,0.2194,0.6517,0.1853,0.0214,0.2494,10,15,3,1,7,1,1.5323,375.62,101.81,637.58,8889.64,8776.08,5,0.0249,1.2176,0,1
2026-09-03T22:23:55.913527+00:00,web_bruteforce_v1,web_bruteforce_v1__run_001,initial_access,T1110.003,24,4,1.9218,1.0,0.0,33452.38,49481.64,0.8127,96,142,0.1943,0.551,0.1901,0.0167,0.2403,7,10,2,0,5,0,0.6749,348.46,119.0,625.6,7840.79,8115.31,3,0.0,0.9314,0,2
2026-09-03T22:24:00.913527+00:00,web_bruteforce_v1,web_bruteforce_v1__run_001,initial_access,T1110.003,17,4,1.8093,0.9871,0.052,22399.87,12517.58,0.7541,68,38,0.263,0.6527,0.2086,0.0343,0.3116,5,7,2,0,3,0,1.7878,329.41,79.79,505.6,7363.38,7079.16,2,0.057,0.6916,0,0
2026-09-03T22:24:05.913527+00:00,web_bruteforce_v1,web_bruteforce_v1__run_001,initial_access,T1110.003,20,4,1.9855,0.9635,0.0425,37628.17,35119.63,0.87,120,112,0.1523,0.2138,0.1922,0.034,0.294,5,8,2,0,3,0,1.0646,313.57,117.83,629.13,7689.56,8442.72,2,0.0052,0.8842,0,0
2026-09-03T22:24:10.913527+00:00,web_bruteforce_v1,web_bruteforce_v1__run_001,initial_access,T1110.003,23,4,1.8475,1.0,0.0018,74371.68,74371.68,0.8139,207,207,0.3143,0.4171,0.2568,0.0461,0.395,7,10,2,1,4,0,0.998,359.28,110.16,687.77,6933.41,5943.0,3,0.0556,1.0245,0,1
2026-09-03T22:24:15.913527+00:00,web_bruteforce_v1,web_bruteforce_v1__run_001,initial_access,T1110.003,20,4,1.9855,0.9604,0.0409,35532.11,23095.87,0.7463,100,65,0.2899,0.5567,0.2315,0.0499,0.3812,5,8,1,0,4,0,1.5363,355.32,113.73,611.21,7661.69,8124.54,3,0.0214,1.4885,0,1
2026-09-03T22:24:20.913527+00:00,web_bruteforce_v1,web_bruteforce_v1__run_001,initial_access,T1110.003,23,4,1.8449,1.0,0.0344,39280.85,23568.51,0.8824,115,69,0.1192,0.3065,0.2107,0.0455,0.3471,6,10,1,0,4,0,1.6564,341.57,74.55,489.47,8524.35,7831.66,3,0.0566,1.2382,0,1
2026-09-03T22:24:25.913527+00:00,web_bruteforce_v1,web_bruteforce_v1__run_001,initial_access,T1110.003,24,4,1.9713,1.0,0.0374,60955.65,49345.05,0.7039,168,136,0.2242,0.5393,0.2487,0.0361,0.3569,6,10,2,1,4,0,1.2309,362.83,118.23,687.07,8384.89,6802.72,2,0.0107,0.8686,0,1
2026-09-03T22:24:30.913527+00:00,web_bruteforce_v1,web_bruteforce_v1__run_001,initial_access,T1110.003,21,4,1.8842,1.0,0.0019,42021.96,30682.7,0.7694,126,92,0.1081,0.3073,0.1803,0.0279,0.264,6,8,2,0,3,0,1.3624,333.51,85.75,488.27,9065.95,8548.55,2,0.0404,0.4619,0,0
2026-09-03T22:24:35.913527+00:00,web_bruteforce_v1,web_bruteforce_v1__run_001,initial_access,T1110.003,24,4,1.9,1.0,0.0,63612.2,43070.76,0.7185,192,130,0.2866,0.8403,0.2035,0.0299,0.2934,6,10,2,0,4,0,1.4749,331.31,79.97,482.15,9056.92,9049.41,2,0.0,0.783,0,0
2026-09-03T22:24:40.913527+00:00,web_bruteforce_v1,web_bruteforce_v1__run_001,initial_access,T1110.003,18,4,1.8413,0.9867,0.0177,38415.09,33079.66,0.7494,108,93,0.3014,0.4912,0.2327,0.0432,0.3622,5,8,1,0,3,0,1.1589,355.7,95.4,590.37,6388.64,6931.25,1,0.0,0.9627,0,1
2026-09-03T22:24:45.913527+00:00,web_bruteforce_v1,web_bruteforce_v1__run_001,initial_access,T1110.003,26,4,1.9785,0.9552,0.0219,50814.82,40065.53,0.775,156,123,0.1106,0.3301,0.1664,0.0329,0.2652,8,12,3,1,5,0,1.2666,325.74,85.89,563.57,9389.78,6493.41,3,0.0,1.2001,0,3
2026-09-03T22:24:50.913527+00:00,web_bruteforce_v1,web_bruteforce_v1__run_001,initial_access,T1110.003,29,4,1.9904,1.0,0.0,53679.04,42202.83,0.8058,145,114,0.1459,0.381,0.2538,0.0299,0.3435,8,13,2,1,5,0,1.2678,370.2,107.93,612.61,8155.85,8792.58,2,0.0679,0.2481,0,0
2026-09-03T22:24:55.913527+00:00,web_bruteforce_v1,web_bruteforce_v1__run_001,initial_access,T1110.003,15,4,1.9656,0.9941,0.06,34926.22,17962.05,0.7776,105,54,0.1468,0.2467,0.2512,0.0322,0.3477,4,7,1,0,2,0,1.9204,332.63,99.68,632.14,7157.63,10150.64,1,0.0294,1.9744,0,0
2026-09-03T22:25:00.913527+00:00,web_bruteforce_v1,web_bruteforce_v1__run_001,initial_access,T1110.003,32,4,1.9086,1.0,0.015,129944.87,86383.81,0.7771,352,234,0.2519,0.7231,0.2527,0.0199,0.3122,9,15,2,2,6,0,1.5002,369.16,117.59,703.54,8486.34,9558.18,4,0.0,0.9483,0,0
2026-09-03T22:25:05.913527+00:00,web_bruteforce_v1,web_bruteforce_v1__run_001,initial_access,T1110.003,25,4,1.8744,0.9924,0.0,71584.96,66931.94,0.8287,200,187,0.2814,0.5436,0.2234,0.017,0.2745,7,11,2,1,4,0,1.0681,357.92,130.38,780.93,8932.76,7164.6,2,0.0922,1.5681,0,1
2026-09-03T22:25:10.913527+00:00,web_bruteforce_v1,web_bruteforce_v1__run_001,initial_access,T1110.003,29,4,1.933,1.0,0.0,73122.98,39623.29,0.7678,203,110,0.2721,0.3839,0.2038,0.028,0.2879,7,13,3,0,6,0,1.8357,360.21,89.22,547.03,5675.53,8359.61,5,0.0145,1.0462,0,0
2026-09-03T22:25:15.913527+00:00,web_bruteforce_v1,web_bruteforce_v1__run_001,initial_access,T1110.003,11,4,1.7899,1.0,0.0,28040.3,13382.87,0.7696,88,42,0.3476,0.929,0.2364,0.0346,0.3402,3,4,1,0,2,0,2.0692,318.64,89.22,450.74,7906.4,6622.74,1,0.0023,0.2687,0,1
2026-09-03T22:25:20.913527+00:00,web_bruteforce_v1,web_bruteforce_v1__run_001,initial_access,T1110.003,27,4,1.9494,1.0,0.0,55783.35,51306.91,0.7672,162,149,0.2426,0.6237,0.2318,0.0355,0.3385,8,12,3,1,5,0,1.0863,344.34,93.13,533.8,6943.67,7938.02,2,0.0579,0.2532,0,0
2026-09-03T22:25:25.913527+00:00,web_bruteforce_v1,web_bruteforce_v1__run_001,initial_access,T1110.003,28,4,1.9068,1.0,0.032,38160.17,27938.69,0.7222,112,82,0.2212,0.6285,0.1744,0.0191,0.2316,7,13,2,1,5,0,1.35,340.72,92.12,593.97,8826.74,8543.35,3,0.0355,1.0768,0,1
2026-09-03T22:25:30.913527+00:00,web_bruteforce_v1,web_bruteforce_v1__run_001,initial_access,T1110.003,23,4,1.9726,1.0,0.0261,40707.62,27610.38,0.7147,115,78,0.2938,0.3969,0.2301,0.0406,0.3518,7,10,2,0,4,0,1.4566,353.98,96.99,583.3,8471.48,8579.88,2,0.007,1.0125,0,0
2026-09-03T22:25:35.913527+00:00,web_bruteforce_v1,web_bruteforce_v1__run_001,initial_access,T1110.003,33,4,1.9242,1.0,0.0323,32943.73,30614.38,0.8326,99,92,0.2345,0.5925,0.1792,0.0145,0.2226,10,16,3,1,5,0,1.0753,332.76,91.94,574.47,8960.93,7575.62,4,0.0,1.6609,0,0
2026-09-03T22:25:40.913527+00:00,web_bruteforce_v1,web_bruteforce_v1__run_001,initial_access,T1110.003,31,4,1.8698,1.0,0.0,55086.95,46557.36,0.7367,155,131,0.1953,0.4691,0.2087,0.0326,0.3065,9,15,1,2,4,1,1.1828,355.4,73.69,522.02,8705.81,6833.49,3,0.0403,1.8162,0,1
2026-09-03T22:25:45.913527+00:00,web_bruteforce_v1,web_bruteforce_v1__run_001,initial_access,T1110.003,25,4,1.9787,1.0,0.0313,59604.71,68460.27,0.8217,175,201,0.1634,0.2542,0.2205,0.0245,0.294,8,11,3,0,5,0,0.867,340.6,75.71,536.74,9122.7,8202.75,3,0.0489,1.4671,0,1
2026-09-03T22:25:50.913527+00:00,web_bruteforce_v1,web_bruteforce_v1__run_001,initial_access,T1110.003,34,4,1.8979,1.0,0.0359,23509.24,23854.96,0.8902,68,69,0.1244,0.3218,0.1911,0.0157,0.2383,9,15,3,1,7,0,0.9768,345.72,95.01,641.72,7995.15,7336.34,6,0.0381,0.8752,0,1
2026-09-03T22:25:55.913527+00:00,web_bruteforce_v1,web_bruteforce_v1__run_001,initial_access,T1110.003,22,4,1.9401,0.9818,0.0,69171.14,44018.0,0.7069,198,126,0.1387,0.2626,0.2609,0.0206,0.3226,7,9,1,1,3,0,1.5673,349.35,98.52,559.63,7283.86,9760.18,2,0.0384,0.4763,0,0
2026-09-03T22:26:00.913527+00:00,web_bruteforce_v1,web_bruteforce_v1__run_001,initial_access,T1110.003,19,4,1.8924,0.9902,0.0,38512.71,66890.49,0.8332,114,198,0.1913,0.241,0.2134,0.0391,0.3307,6,8,2,0,3,0,0.5735,337.83,97.61,549.49,9184.22,8292.32,2,0.0018,1.0361,0,0
2026-09-03T22:26:05.913527+00:00,web_bruteforce_v1,web_bruteforce_v1__run_001,initial_access,T1110.003,23,4,1.8973,1.0,0.0043,52600.68,40403.42,0.7593,138,106,0.2714,0.4811,0.1756,0.0219,0.2414,6,9,2,0,5,0,1.2988,381.16,118.56,612.13,7598.65,9324.47,4,0.022,0.8325,0,0
2026-09-03T22:26:10.913527+00:00,web_bruteforce_v1,web_bruteforce_v1__run_001,initial_access,T1110.003,24,4,1.9899,0.9622,0.0585,22935.47,19431.44,0.7931,72,61,0.1032,0.2486,0.1913,0.0274,0.2734,7,10,1,0,4,0,1.1773,318.55,94.91,603.31,9691.3,8122.51,2,0.0248,1.781,0,1
2026-09-03T22:26:15.913527+00:00,web_bruteforce_v1,web_bruteforce_v1__run_001,initial_access,T1110.003,29,4,1.8989,0.965,0.0224,49849.52,44692.67,0.8606,145,130,0.108,0.2106,0.2087,0.0325,0.3063,8,13,3,1,4,1,1.1136,343.79,100.21,699.46,7331.46,8091.06,2,0.0,1.1154,0,0
2026-09-03T22:26:20.913527+00:00,web_bruteforce_v1,web_bruteforce_v1__run_001,initial_access,T1110.003,19,4,1.9313,0.9898,0.0,68262.06,59770.13,0.7504,209,183,0.2554,0.6194,0.187,0.0296,0.2757,5,8,1,1,4,0,1.1383,326.61,111.17,665.38,7707.17,7334.85,3,0.0027,0.7017,0,3
2026-09-03T22:26:25.913527+00:00,web_bruteforce_v1,web_bruteforce_v1__run_001,initial_access,T1110.003,31,4,1.9315,0.9454,0.0388,77208.7,41628.66,0.8135,217,117,0.158,0.1968,0.1898,0.019,0.2466,9,14,2,1,5,0,1.8527,355.8,110.72,620.3,7338.11,8643.17,3,0.0631,1.6677,0,1
2026-09-03T22:26:30.913527+00:00,web_bruteforce_v1,web_bruteforce_v1__run_001,initial_access,T1110.003,16,4,1.9056,1.0,0.0,21558.97,11453.2,0.7484,64,34,0.2678,0.4778,0.207,0.0449,0.3418,4,7,1,0,2,0,1.8756,336.86,107.14,534.94,6260.93,6678.68,1,0.0746,0.9518,0,0
2026-09-03T22:26:35.913527+00:00,web_bruteforce_v1,web_bruteforce_v1__run_001,initial_access,T1110.003,24,4,1.9799,1.0,0.001,61257.84,35733.74,0.7844,168,98,0.2425,0.3599,0.1807,0.0256,0.2574,5,10,1,1,4,0,1.7133,364.63,98.12,580.68,8325.91,6988.42,3,0.0582,0.6265,0,1
2026-09-03T22:26:40.913527+00:00,web_bruteforce_v1,web_bruteforce_v1__run_001,initial_access,T1110.003,29,4,1.9687,1.0,0.0,85723.68,66345.53,0.7665,261,202,0.25,0.5729,0.1861,0.0185,0.2415,7,12,3,2,5,0,1.2887,328.44,79.4,502.35,8137.63,6943.58,3,0.0,1.0094,0,1
2026-09-03T22:26:45.913527+00:00,web_bruteforce_v1,web_bruteforce_v1__run_001,initial_access,T1110.003,26,4,1.9007,1.0,0.0388,69031.37,63721.26,0.88,182,168,0.2267,0.4039,0.1575,0.0307,0.2495,7,11,2,0,4,0,1.078,379.29,97.03,599.03,8186.48,8302.61,3,0.0421,1.6613,0,0
2026-09-03T22:26:50.913527+00:00,web_bruteforce_v1,web_bruteforce_v1__run_001,initial_access,T1110.003,32,4,1.8829,0.997,0.0007,22191.44,15950.1,0.8178,64,46,0.2539,0.5315,0.229,0.0424,0.3562,9,14,2,2,6,0,1.3642,346.74,78.59,493.57,8078.78,7096.76,5,0.0345,0.8998,0,0
2026-09-03T22:26:55.913527+00:00,web_bruteforce_v1,web_bruteforce_v1__run_001,initial_access,T1110.003,24,4,1.9899,0.9574,0.0,40626.88,21667.67,0.8843,120,64,0.1034,0.2482,0.1766,0.0145,0.2202,5,10,1,0,4,0,1.8573,338.56,103.17,667.76,6984.78,8341.99,2,0.0293,1.4418,0,0
2026-09-03T22:27:00.913527+00:00,web_bruteforce_v1,web_bruteforce_v1__run_001,initial_access,T1110.003,18,4,1.7223,1.0,0.0032,44786.18,29028.08,0.8311,108,70,0.1938,0.4351,0.2205,0.0407,0.3425,5,8,1,0,2,0,1.5228,414.69,148.84,806.09,8395.15,8368.03,1,0.0,0.0996,0,0
2026-09-03T22:27:05.913527+00:00,web_bruteforce_v1,web_bruteforce_v1__run_001,initial_access,T1110.003,20,4,1.8464,0.9574,0.0486,49903.49,28516.28,0.901,140,80,0.1806,0.2514,0.1793,0.0162,0.228,5,8,2,0,3,0,1.7287,356.45,113.49,667.95,7836.76,8619.82,1,0.0338,1.2909,0,0
2026-09-03T22:27:10.913527+00:00,web_bruteforce_v1,web_bruteforce_v1__run_001,initial_access,T1110.003,44,4,1.988,1.0,0.0113,46937.34,25957.77,0.8389,132,73,0.1262,0.2457,0.1694,0.0227,0.2374,12,18,4,1,8,0,1.7953,355.59,89.81,549.21,9883.24,7798.41,4,0.0348,0.742,0,1
2026-09-03T22:27:15.913527+00:00,web_bruteforce_v1,web_bruteforce_v1__run_001,initial_access,T1110.003,18,4,1.8776,0.9846,0.045,29117.95,23294.36,0.7721,90,72,0.1319,0.1673,0.2525,0.0481,0.3969,5,7,1,1,3,0,1.2413,323.53,94.09,559.68,7761.73,8288.93,2,0.0136,0.8726,0,0
2026-09-03T22:27:20.913527+00:00,web_bruteforce_v1,web_bruteforce_v1__run_001,initial_access,T1110.003,30,4,1.9656,1.0,0.0,54381.41,34079.02,0.7938,150,94,0.2826,0.8264,0.243,0.0204,0.3043,8,13,3,1,6,0,1.5808,362.54,115.77,758.04,8881.11,7188.58,3,0.0,1.0125,0,0
2026-09-03T22:27:25.913527+00:00,web_bruteforce_v1,web_bruteforce_v1__run_001,initial_access,T1110.003,19,4,1.8863,1.0,0.0,53776.4,52361.23,0.8544,152,148,0.1203,0.2408,0.248,0.0534,0.4083,5,8,2,0,4,0,1.0251,353.79,69.89,476.42,9787.03,8857.56,3,0.0075,1.0873,0,1
2026-09-03T22:27:30.913527+00:00,web_bruteforce_v1,web_bruteforce_v1__run_001,initial_access,T1110.003,21,4,1.8628,0.9982,0.0275,37641.26,24735.68,0.8143,105,69,0.1588,0.2538,0.1844,0.0152,0.2299,5,10,2,1,4,0,1.5023,358.49,119.5,645.67,8052.35,9289.6,2,0.0504,0.0,0,0
2026-09-03T22:27:35.913527+00:00,web_bruteforce_v1,web_bruteforce_v1__run_001,initial_access,T1110.003,24,4,1.9899,1.0,0.0,16683.42,13555.28,0.8482,48,39,0.2624,0.5867,0.2096,0.0444,0.3428,6,10,2,0,5,0,1.2116,347.57,78.63,534.52,8934.48,7455.57,3,0.0936,1.2209,0,0
2026-09-03T22:27:40.913527+00:00,web_bruteforce_v1,web_bruteforce_v1__run_001,initial_access,T1110.003,21,4,1.9347,1.0,0.0165,31950.24,22060.88,0.8696,84,58,0.1726,0.4423,0.1714,0.0159,0.219,6,9,1,1,3,0,1.4412,380.36,101.72,635.73,8046.97,7913.94,2,0.0338,0.9512,0,0
2026-09-03T22:27:45.913527+00:00,web_bruteforce_v1,web_bruteforce_v1__run_001,initial_access,T1110.003,39,4,1.8781,0.9754,0.0303,52992.95,38046.22,0.7411,156,112,0.18,0.2918,0.2135,0.0409,0.3361,11,17,3,1,8,0,1.3815,339.7,110.73,713.15,9947.58,8137.62,4,0.0143,0.7344,0,0
2026-09-03T22:27:50.913527+00:00,web_bruteforce_v1,web_bruteforce_v1__run_001,initial_access,T1110.003,27,4,1.926,0.9665,0.0512,47851.15,52104.59,0.829,135,147,0.2045,0.5135,0.2007,0.0187,0.2568,7,11,3,1,4,0,0.9182,354.45,101.05,570.25,6933.47,8124.69,3,0.011,0.585,0,0
2026-09-03T22:27:55.913527+00:00,web_bruteforce_v1,web_bruteforce_v1__run_001,initial_access,T1110.003,16,4,1.7962,0.9841,0.0,40188.29,39829.47,0.7895,112,111,0.1569,0.1896,0.1598,0.0312,0.2535,4,7,1,1,3,0,1.003,358.82,79.07,516.41,9669.52,7091.88,1,0.0491,0.0,0,1
2026-09-03T22:28:00.913527+00:00,web_bruteforce_v1,web_bruteforce_v1__run_001,initial_access,T1110.003,33,4,1.9123,1.0,0.001,68612.5,55444.44,0.7523,198,160,0.1497,0.1961,0.1723,0.0241,0.2446,10,14,3,0,5,0,1.2353,346.53,85.38,577.84,8727.32,8042.68,3,0.0207,1.1202,0,1
2026-09-03T22:28:05.913527+00:00,web_bruteforce_v1,web_bruteforce_v1__run_001,initial_access,T1110.003,28,4,1.8783,1.0,0.0099,9187.02,7218.37,0.8034,28,22,0.2067,0.3329,0.1513,0.0202,0.2118,8,12,2,1,5,0,1.2705,328.11,81.04,464.16,6606.8,8613.26,3,0.0,0.8291,0,1
2026-09-03T22:28:10.913527+00:00,web_bruteforce_v1,web_bruteforce_v1__run_001,initial_access,T1110.003,31,4,1.9597,0.9943,0.0261,90938.36,96153.46,0.8728,279,295,0.144,0.3649,0.1793,0.03,0.2693,10,14,3,2,6,0,0.9435,325.94,87.48,513.07,7085.73,7645.88,3,0.0025,0.0,0,1
2026-09-03T22:28:15.913527+00:00,web_bruteforce_v1,web_bruteforce_v1__run_001,initial_access,T1110.003,33,4,1.9002,0.9612,0.0165,115739.55,81719.14,0.76,330,233,0.2473,0.3979,0.2005,0.0202,0.2611,9,13,3,1,7,0,1.4148,350.73,90.28,616.08,7564.87,8354.1,4,0.0,0.9181,0,0
2026-09-03T22:28:20.913527+00:00,web_bruteforce_v1,web_bruteforce_v1__run_001,initial_access,T1110.003,21,4,1.9035,1.0,0.0185,41546.08,27037.93,0.787,126,82,0.135,0.3938,0.2317,0.0291,0.3189,6,9,1,1,3,0,1.5318,329.73,85.85,518.65,8275.33,7986.76,2,0.0134,0.3657,0,0
2026-09-03T22:28:25.913527+00:00,web_bruteforce_v1,web_bruteforce_v1__run_001,initial_access,T1110.003,33,4,1.8393,1.0,0.0452,56041.42,74721.89,0.8126,165,220,0.2522,0.5951,0.1705,0.0203,0.2313,9,14,3,1,6,1,0.7472,339.64,72.26,460.6,8169.97,6496.52,5,0.0338,1.23,0,2
2026-09-03T22:28:30.913527+00:00,web_bruteforce_v1,web_bruteforce_v1__run_001,initial_access,T1110.003,29,4,1.9687,1.0,0.0,49957.26,35142.35,0.8257,145,102,0.1402,0.2719,0.2006,0.0186,0.2563,8,13,2,1,6,0,1.4183,344.53,74.68,476.4,7975.37,7365.51,5,0.0162,0.4492,0,0
2026-09-03T22:28:35.913527+00:00,web_bruteforce_v1,web_bruteforce_v1__run_001,initial_access,T1110.003,17,4,1.778,1.0,0.0013,49408.99,40043.88,0.7227,153,124,0.1798,0.2434,0.2084,0.0238,0.2797,5,7,1,1,3,0,1.229,322.93,71.95,460.32,7258.74,8539.63,2,0.0051,1.2713,0,1
2026-09-03T22:28:40.913527+00:00,web_bruteforce_v1,web_bruteforce_v1__run_001,initial_access,T1110.003,23,4,1.9258,1.0,0.0,39640.69,61012.19,0.7908,115,177,0.2506,0.4965,0.2211,0.0313,0.3151,7,10,1,0,4,0,0.6465,344.7,83.81,523.02,7945.07,6029.94,2,0.0,0.0,0,0
2026-09-03T22:28:45.913527+00:00,web_bruteforce_v1,web_bruteforce_v1__run_001,initial_access,T1110.003,26,4,1.8973,0.9659,0.0099,44730.85,29935.26,0.7116,130,87,0.2653,0.7831,0.202,0.0194,0.2603,7,11,2,1,6,0,1.4815,344.08,100.7,540.67,7433.26,8668.74,4,0.0,1.0587,0,1
2026-09-03T22:28:50.913527+00:00,web_bruteforce_v1,web_bruteforce_v1__run_001,initial_access,T1110.003,22,4,1.839,0.9658,0.0502,42512.15,29629.68,0.8208,132,92,0.1387,0.2438,0.1798,0.0194,0.238,6,10,2,1,5,0,1.4242,322.06,77.2,565.36,8394.53,6924.01,4,0.0,1.0604,0,0
2026-09-03T22:28:55.913527+00:00,web_bruteforce_v1,web_bruteforce_v1__run_001,initial_access,T1110.003,21,4,1.8329,1.0,0.0006,44416.64,30316.12,0.758,126,86,0.2407,0.6597,0.2039,0.0457,0.3411,5,8,1,0,4,0,1.4587,352.51,127.45,653.92,8061.69,7898.82,3,0.0464,0.6296,0,0
2026-09-03T22:29:00.913527+00:00,web_bruteforce_v1,web_bruteforce_v1__run_001,initial_access,T1110.003,26,4,1.9259,0.992,0.0,75009.77,49044.85,0.765,208,136,0.2163,0.5271,0.2342,0.0183,0.289,7,11,2,1,5,0,1.5281,360.62,94.9,554.84,8475.06,10795.31,4,0.0309,0.825,0,0
2026-09-03T22:29:05.913527+00:00,web_bruteforce_v1,web_bruteforce_v1__run_001,initial_access,T1110.003,28,4,1.9788,0.9977,0.0,83076.3,63048.98,0.7516,224,170,0.1626,0.4623,0.171,0.0361,0.2793,8,13,3,1,5,0,1.3153,370.88,122.06,637.33,8109.79,8561.95,3,0.0085,1.1723,0,1
2026-09-03T22:29:10.913527+00:00,web_bruteforce_v1,web_bruteforce_v1__run_001,initial_access,T1110.003,22,4,1.9698,1.0,0.0,41593.88,39703.25,0.8657,110,105,0.2005,0.3767,0.1815,0.0298,0.271,6,9,2,0,4,0,1.04,378.13,95.21,610.3,6412.57,9049.75,2,0.0,0.3353,0,2
2026-09-03T22:29:15.913527+00:00,web_bruteforce_v1,web_bruteforce_v1__run_001,initial_access,T1110.003,29,4,1.9904,1.0,0.0,48242.78,41588.6,0.8569,145,125,0.1476,0.2535,0.2238,0.0447,0.3578,7,13,2,1,7,0,1.1534,332.71,66.15,541.39,8756.46,7494.87,4,0.0,0.0,0,2
2026-09-03T22:29:20.913527+00:00,web_bruteforce_v1,web_bruteforce_v1__run_001,initial_access,T1110.003,22,4,1.8911,0.9962,0.0292,44501.97,44501.97,0.8193,132,132,0.255,0.6768,0.1901,0.0336,0.2908,6,10,2,1,5,0,0.9982,337.14,97.06,561.25,10255.05,7851.18,2,0.0384,1.5342,0,0
2026-09-03T22:29:25.913527+00:00,web_bruteforce_v1,web_bruteforce_v1__run_001,initial_access,T1110.003,19,4,1.899,1.0,0.0049,48304.46,47214.88,0.7694,133,130,0.288,0.7536,0.2343,0.0221,0.3006,4,7,1,1,3,0,1.0207,363.19,86.71,519.21,7777.76,8404.21,2,0.0497,0.9305,0,1
2026-09-03T22:29:30.913527+00:00,web_bruteforce_v1,web_bruteforce_v1__run_001,initial_access,T1110.003,22,4,1.9291,1.0,0.0275,85565.24,54450.61,0.857,242,154,0.3003,0.5238,0.2481,0.0545,0.4115,6,9,2,1,4,0,1.5614,353.58,91.6,662.61,8519.58,9078.4,3,0.0369,1.1706,0,0
2026-09-03T22:29:35.913527+00:00,web_bruteforce_v1,web_bruteforce_v1__run_001,initial_access,T1110.003,26,4,1.9332,1.0,0.0066,137048.47,114558.46,0.7583,390,326,0.1212,0.2643,0.1909,0.02,0.2509,8,11,2,0,4,0,1.1946,351.41,101.38,575.31,8682.56,7974.95,3,0.0,1.0812,0,0
2026-09-03T22:29:40.913527+00:00,web_bruteforce_v1,web_bruteforce_v1__run_001,initial_access,T1110.003,21,4,1.8424,1.0,0.0,42736.6,28830.25,0.7864,126,85,0.1295,0.3218,0.2005,0.0305,0.2919,6,9,2,0,4,0,1.4719,339.18,92.09,494.09,7952.42,7932.54,3,0.0444,0.7082,0,0
2026-09-03T22:29:45.913527+00:00,web_bruteforce_v1,web_bruteforce_v1__run_001,initial_access,T1110.003,22,4,1.8031,0.9624,0.0024,38325.16,22646.69,0.8561,110,65,0.2579,0.6024,0.2096,0.0167,0.2595,7,9,2,1,3,0,1.6833,348.41,82.88,504.4,7363.49,9215.27,2,0.0,0.3418,0,0
2026-09-03T22:29:50.913527+00:00,web_bruteforce_v1,web_bruteforce_v1__run_001,initial_access,T1110.003,24,4,1.9678,1.0,0.0194,44347.86,31413.07,0.7656,144,102,0.2091,0.2832,0.187,0.0349,0.2917,7,10,1,1,5,0,1.4017,307.97,61.46,449.17,8636.05,7492.21,4,0.0657,0.9493,0,0
2026-09-03T22:29:55.913527+00:00,web_bruteforce_v1,web_bruteforce_v1__run_001,initial_access,T1110.003,25,4,1.9322,0.9626,0.0534,41923.97,23812.81,0.8629,125,71,0.1667,0.2878,0.1741,0.0263,0.253,6,11,2,1,5,0,1.7386,335.39,80.59,483.95,8449.55,8330.36,3,0.0383,1.9489,0,1
2026-09-03T22:30:00.913527+00:00,web_bruteforce_v1,web_bruteforce_v1__run_001,initial_access,T1110.003,24,4,1.9591,1.0,0.0,51808.06,48724.25,0.7778,168,158,0.2005,0.3685,0.1873,0.0153,0.2332,6,10,2,1,4,0,1.0579,308.38,95.1,542.96,7305.71,6181.18,3,0.0,1.1422,0,0
2026-09-03T22:30:05.913527+00:00,web_bruteforce_v1,web_bruteforce_v1__run_001,initial_access,T1110.003,35,4,1.8914,0.9807,0.0196,99350.51,57988.26,0.8445,245,143,0.2074,0.4343,0.1957,0.0349,0.3003,10,14,4,2,7,0,1.7023,405.51,86.31,604.17,8864.68,8668.12,6,0.0256,0.7468,0,1
2026-09-03T22:30:10.913527+00:00,web_bruteforce_v1,web_bruteforce_v1__run_001,initial_access,T1110.003,24,4,1.9491,0.9768,0.0418,74495.21,64838.43,0.7474,216,188,0.1006,0.3001,0.1799,0.0349,0.2846,7,10,2,1,5,0,1.1431,344.89,84.68,515.16,7763.69,7161.35,3,0.0301,0.6302,0,0
2026-09-03T22:30:15.913527+00:00,web_bruteforce_v1,web_bruteforce_v1__run_001,initial_access,T1110.003,23,4,1.93,1.0,0.0209,60975.19,49992.08,0.8294,161,132,0.319,0.4954,0.2044,0.0333,0.3043,7,9,2,1,4,0,1.2169,378.73,109.37,620.7,8845.6,8997.55,2,0.0,0.1111,0,0
2026-09-03T22:30:20.913527+00:00,web_bruteforce_v1,web_bruteforce_v1__run_001,initial_access,T1110.003,24,4,1.9713,0.9309,0.0749,47538.05,38624.66,0.8352,144,117,0.1608,0.2402,0.2234,0.0471,0.3647,7,10,2,1,4,0,1.2292,330.13,104.62,585.03,9407.25,7248.63,3,0.0265,1.0266,0,0
2026-09-03T22:30:25.913527+00:00,web_bruteforce_v1,web_bruteforce_v1__run_001,initial_access,T1110.003,27,4,1.9727,0.9985,0.0,37620.72,19507.04,0.8199,108,56,0.0938,0.2131,0.2047,0.0235,0.2752,8,11,2,0,5,0,1.9168,348.34,77.81,512.79,8354.06,7436.81,4,0.0363,0.8557,0,0
2026-09-03T22:30:30.913527+00:00,web_bruteforce_v1,web_bruteforce_v1__run_001,initial_access,T1110.003,24,4,1.9218,0.9976,0.0,111188.65,64473.97,0.7352,288,167,0.1093,0.2061,0.1986,0.044,0.3306,7,10,2,1,4,0,1.7151,386.07,102.84,640.84,8729.76,8120.91,2,0.0634,1.3438,0,1
2026-09-03T22:30:35.913527+00:00,web_bruteforce_v1,web_bruteforce_v1__run_001,initial_access,T1110.003,19,4,1.9313,0.9911,0.0,51636.39,50277.54,0.8053,152,148,0.1019,0.3016,0.208,0.0434,0.3382,5,8,2,0,4,0,1.0242,339.71,75.94,513.03,6975.39,7996.51,3,0.0,1.1014,0,1
2026-09-03T22:30:40.913527+00:00,web_bruteforce_v1,web_bruteforce_v1__run_001,initial_access,T1110.003,19,4,1.9785,0.9916,0.0152,29811.02,20397.01,0.8707,95,65,0.2264,0.3067,0.2048,0.0174,0.2569,5,9,2,0,4,0,1.4582,313.8,67.4,471.99,6862.1,8445.06,3,0.0067,0.0047,0,1
2026-09-03T22:30:45.913527+00:00,web_bruteforce_v1,web_bruteforce_v1__run_001,initial_access,T1110.003,27,4,1.8003,0.9952,0.0115,58288.89,39938.68,0.8512,162,111,0.1716,0.4916,0.2172,0.0367,0.3273,7,12,1,2,6,0,1.4534,359.81,95.16,543.86,6534.11,9229.07,5,0.0068,0.9714,0,1
2026-09-03T22:30:50.913527+00:00,web_bruteforce_v1,web_bruteforce_v1__run_001,initial_access,T1110.003,36,4,1.9201,0.9669,0.0713,74975.28,41652.94,0.7685,216,120,0.1235,0.3693,0.1853,0.0222,0.2518,10,16,2,0,8,0,1.7982,347.11,115.0,623.24,11061.25,7445.63,6,0.0,1.4516,0,0
2026-09-03T22:30:55.913527+00:00,web_bruteforce_v1,web_bruteforce_v1__run_001,initial_access,T1110.003,31,4,1.9175,0.9748,0.0256,44258.64,31766.29,0.736,124,89,0.1923,0.5064,0.1972,0.0199,0.2571,8,13,1,1,5,1,1.3808,356.92,81.94,636.1,7851.42,7455.57,4,0.0216,0.889,0,1
2026-09-03T22:31:00.913527+00:00,web_bruteforce_v1,web_bruteforce_v1__run_001,initial_access,T1110.003,27,4,1.8914,0.9748,0.0302,60198.29,77397.8,0.8017,189,243,0.2805,0.3532,0.1731,0.0178,0.2264,7,11,2,1,4,0,0.7775,318.51,81.23,490.14,9505.77,8828.12,2,0.0554,0.7302,0,0
2026-09-03T22:31:05.913527+00:00,web_bruteforce_v1,web_bruteforce_v1__run_001,initial_access,T1110.003,25,4,1.9103,1.0,0.0,105989.07,63593.44,0.7607,325,195,0.2231,0.4386,0.1982,0.0439,0.33,7,11,2,1,5,0,1.6599,326.12,99.78,588.85,9712.52,7727.37,4,0.0302,1.0432,0,0
2026-09-03T22:31:10.913527+00:00,web_bruteforce_v1,web_bruteforce_v1__run_001,initial_access,T1110.003,20,4,1.9406,0.99,0.0145,22142.57,17714.06,0.8072,60,48,0.2214,0.298,0.2085,0.0251,0.2837,5,9,1,1,4,0,1.2265,369.04,111.23,638.72,7742.95,7453.73,3,0.0222,1.1623,0,0
2026-09-03T22:31:15.913527+00:00,web_bruteforce_v1,web_bruteforce_v1__run_001,initial_access,T1110.003,23,4,1.8973,1.0,0.0055,23158.84,14767.96,0.7832,69,44,0.1124,0.2684,0.1964,0.0329,0.295,7,10,2,1,4,0,1.5457,335.64,89.92,507.49,7405.06,6688.77,3,0.0296,0.9739,0,0
2026-09-03T22:31:20.913527+00:00,web_bruteforce_v1,web_bruteforce_v1__run_001,initial_access,T1110.003,37,4,1.9849,0.987,0.0211,63963.54,66038.03,0.7816,185,191,0.1353,0.2911,0.2286,0.0341,0.3309,11,15,3,1,6,0,0.968,345.75,104.63,699.47,6505.52,6512.74,4,0.0424,1.8869,0,4
2026-09-03T22:31:25.913527+00:00,web_bruteforce_v1,web_bruteforce_v1__run_001,initial_access,T1110.003,22,4,1.8779,0.9667,0.0306,46474.8,55981.0,0.7621,132,159,0.2082,0.4959,0.1674,0.0208,0.2298,6,9,2,1,4,0,0.8252,352.08,86.76,592.2,10315.27,8366.19,2,0.0,0.6418,0,0
2026-09-03T22:31:30.913527+00:00,web_bruteforce_v1,web_bruteforce_v1__run_001,initial_access,T1110.003,30,4,1.8594,1.0,0.0,32561.36,23878.33,0.8547,90,66,0.1006,0.1953,0.1337,0.0204,0.195,9,13,3,2,6,0,1.3493,361.79,105.32,548.76,7723.17,7093.17,4,0.0247,1.5653,0,3
2026-09-03T22:31:35.913527+00:00,web_bruteforce_v1,web_bruteforce_v1__run_001,initial_access,T1110.003,34,4,1.8979,0.9651,0.0441,56889.84,56220.55,0.8063,170,168,0.3138,0.6487,0.2044,0.0361,0.3126,11,15,3,2,7,0,1.0063,334.65,70.09,491.65,7754.67,7316.38,5,0.0462,0.5987,0,0
2026-09-03T22:31:40.913527+00:00,web_bruteforce_v1,web_bruteforce_v1__run_001,initial_access,T1110.003,24,4,1.8648,0.9951,0.0,24093.77,19408.87,0.8577,72,58,0.1768,0.2972,0.1856,0.0372,0.2971,6,11,1,1,4,0,1.2392,334.64,87.33,474.72,9408.34,9312.58,3,0.0288,0.6952,0,0
2026-09-03T22:31:45.913527+00:00,web_bruteforce_v1,web_bruteforce_v1__run_001,initial_access,T1110.003,24,4,1.9108,0.9861,0.0,33752.15,29181.55,0.7757,96,83,0.2379,0.4315,0.2021,0.0353,0.3081,7,10,2,1,4,0,1.1492,351.58,67.83,498.07,7140.48,6749.8,3,0.025,0.6108,0,1
2026-09-03T22:31:50.913527+00:00,web_bruteforce_v1,web_bruteforce_v1__run_001,initial_access,T1110.003,36,4,1.982,1.0,0.0,95209.12,65456.27,0.7411,288,198,0.166,0.4192,0.1677,0.0163,0.2165,9,16,4,1,8,0,1.4476,330.59,75.68,480.72,8449.8,7205.66,6,0.0013,0.3033,0,1
2026-09-03T22:31:55.913527+00:00,web_bruteforce_v1,web_bruteforce_v1__run_001,initial_access,T1110.003,29,4,1.9749,0.9693,0.0215,98896.28,67863.31,0.8198,290,199,0.2931,0.417,0.2126,0.0377,0.3256,9,13,3,0,5,0,1.4522,341.02,84.86,504.88,8578.46,9330.42,4,0.0162,0.9907,0,0
2026-09-03T22:32:00.913527+00:00,web_bruteforce_v1,web_bruteforce_v1__run_001,initial_access,T1110.003,25,4,1.8009,0.9796,0.0038,79540.73,77773.15,0.7446,225,220,0.2499,0.7293,0.1673,0.0225,0.2347,7,11,3,1,5,0,1.0226,353.51,86.63,537.77,8681.02,8130.3,2,0.0172,0.8523,0,0
2026-09-03T22:32:05.913527+00:00,web_bruteforce_v1,web_bruteforce_v1__run_001,initial_access,T1110.003,27,4,1.9893,0.9953,0.0383,37005.1,30494.94,0.7266,108,89,0.2844,0.6089,0.2045,0.0201,0.2649,7,11,2,0,4,0,1.2038,342.64,73.54,554.53,6570.18,8291.42,2,0.0225,1.2852,0,1
2026-09-03T22:32:10.913527+00:00,web_bruteforce_v1,web_bruteforce_v1__run_001,initial_access,T1110.003,31,4,1.9742,0.9559,0.0182,68327.17,44082.04,0.7761,186,120,0.1994,0.5394,0.2352,0.0486,0.3812,9,12,3,0,6,0,1.5428,367.35,100.69,641.38,8084.17,7983.62,4,0.0,0.5803,0,1
2026-09-03T22:32:15.913527+00:00,web_bruteforce_v1,web_bruteforce_v1__run_001,initial_access,T1110.003,24,4,1.849,1.0,0.0171,22458.1,13724.39,0.7796,72,44,0.1331,0.165,0.1455,0.0255,0.222,7,11,2,0,4,0,1.6326,311.92,77.48,495.06,8031.6,7445.82,3,0.046,0.7489,0,0
2026-09-03T22:32:20.913527+00:00,web_bruteforce_v1,web_bruteforce_v1__run_001,initial_access,T1110.003,24,4,1.9713,0.995,0.0036,55834.34,33345.51,0.8229,144,86,0.2731,0.4405,0.1774,0.0276,0.2601,7,9,1,0,5,0,1.6659,387.74,102.87,609.37,8635.18,9048.34,4,0.0342,0.6123,0,1
2026-09-03T22:32:25.913527+00:00,web_bruteforce_v1,web_bruteforce_v1__run_001,initial_access,T1110.003,25,4,1.9215,0.9734,0.0135,50958.38,28196.97,0.7878,150,83,0.2466,0.6494,0.1998,0.0446,0.3337,6,11,2,2,5,0,1.802,339.72,96.84,621.35,7956.27,6814.87,4,0.0296,1.0544,0,1
2026-09-03T22:32:30.913527+00:00,web_bruteforce_v1,web_bruteforce_v1__run_001,initial_access,T1110.003,23,4,1.9958,1.0,0.0,55964.89,55269.68,0.8077,161,159,0.2496,0.7154,0.2258,0.049,0.3729,6,10,2,1,4,0,1.0117,347.61,105.02,691.5,8492.03,7521.7,2,0.0315,0.88,0,0
2026-09-03T22:32:35.913527+00:00,web_bruteforce_v1,web_bruteforce_v1__run_001,initial_access,T1110.003,18,4,1.9547,0.9794,0.0019,18802.04,14623.81,0.801,54,42,0.1891,0.2632,0.2136,0.0392,0.3313,5,7,1,1,3,0,1.2599,348.19,99.27,524.06,6757.45,8683.11,2,0.0114,1.1138,0,0
2026-09-03T22:32:40.913527+00:00,web_bruteforce_v1,web_bruteforce_v1__run_001,initial_access,T1110.003,23,4,1.9621,0.9982,0.0,43185.03,27037.58,0.8728,115,72,0.2731,0.7293,0.2101,0.0336,0.3109,6,10,2,0,4,0,1.5756,375.52,103.89,552.83,8026.35,7692.23,2,0.0488,1.3289,0,0
2026-09-03T22:32:45.913527+00:00,web_bruteforce_v1,web_bruteforce_v1__run_001,initial_access,T1110.003,27,4,1.953,1.0,0.0,84986.65,56657.77,0.8891,243,162,0.1635,0.2854,0.2337,0.0316,0.3285,8,11,2,2,6,0,1.496,349.74,66.15,492.67,9324.98,8705.72,5,0.0,1.0961,0,0
2026-09-03T22:32:50.913527+00:00,web_bruteforce_v1,web_bruteforce_v1__run_001,initial_access,T1110.003,22,4,1.842,1.0,0.0039,41894.92,34658.52,0.8474,110,91,0.221,0.4892,0.2195,0.0306,0.3112,7,10,1,1,4,0,1.2085,380.86,137.45,708.71,8378.02,8319.22,3,0.0464,0.2028,0,1
2026-09-03T22:32:55.913527+00:00,web_bruteforce_v1,web_bruteforce_v1__run_001,initial_access,T1110.003,20,4,1.9855,0.9682,0.0415,34429.8,35806.99,0.7571,100,104,0.2689,0.5961,0.204,0.022,0.2701,6,9,1,0,3,0,0.9585,344.3,94.73,503.99,7865.97,7601.97,1,0.0064,0.4259,0,0
2026-09-03T22:33:00.913527+00:00,web_bruteforce_v1,web_bruteforce_v1__run_001,initial_access,T1110.003,26,4,1.8199,0.9726,0.0,38060.27,33302.73,0.7113,104,91,0.2315,0.3229,0.2067,0.0225,0.2742,7,12,2,1,4,0,1.1404,365.96,127.09,738.08,7827.34,8014.49,3,0.0464,1.3103,0,0
2026-09-03T22:33:05.913527+00:00,web_bruteforce_v1,web_bruteforce_v1__run_001,initial_access,T1110.003,40,4,1.9229,1.0,0.0,83328.35,64926.67,0.8085,240,187,0.2167,0.3087,0.1553,0.0124,0.1924,11,19,4,0,8,0,1.2778,347.2,94.96,644.69,7213.51,8469.41,4,0.0,0.5551,0,1
2026-09-03T22:33:10.913527+00:00,web_bruteforce_v1,web_bruteforce_v1__run_001,initial_access,T1110.003,30,4,1.9167,1.0,0.0177,92783.18,97937.81,0.8297,270,285,0.1952,0.3727,0.1975,0.0207,0.2595,9,13,2,1,5,0,0.9446,343.64,66.46,506.49,8927.58,9653.07,2,0.0,1.9092,0,1
2026-09-03T22:33:15.913527+00:00,web_bruteforce_v1,web_bruteforce_v1__run_001,initial_access,T1110.003,20,4,1.9855,1.0,0.0,20901.43,24733.36,0.8556,60,71,0.1166,0.1519,0.2006,0.0411,0.324,5,9,2,1,4,0,0.843,348.36,115.27,672.46,6819.06,9453.72,3,0.0428,0.911,0,0
2026-09-03T22:33:20.913527+00:00,web_bruteforce_v1,web_bruteforce_v1__run_001,initial_access,T1110.003,27,4,1.9457,1.0,0.0,53030.49,32407.52,0.9127,162,99,0.2108,0.5258,0.2083,0.027,0.2892,8,12,2,0,6,0,1.6238,327.35,85.97,566.38,9411.98,6390.15,3,0.0,0.667,0,0
2026-09-03T22:33:25.913527+00:00,web_bruteforce_v1,web_bruteforce_v1__run_001,initial_access,T1110.003,30,4,1.9446,0.9946,0.0271,40385.38,30625.58,0.801,120,91,0.2282,0.5894,0.21,0.0303,0.3008,8,13,2,0,6,0,1.3159,336.54,93.02,494.31,9213.98,7816.81,4,0.0706,1.0427,0,1
2026-09-03T22:33:30.913527+00:00,web_bruteforce_v1,web_bruteforce_v1__run_001,initial_access,T1110.003,25,4,1.9787,1.0,0.0106,48237.05,40840.7,0.8473,150,127,0.191,0.2721,0.2021,0.0322,0.2985,7,11,1,1,5,0,1.1729,321.58,73.39,491.67,6524.24,8204.77,4,0.0036,0.7636,0,1
2026-09-03T22:33:35.913527+00:00,web_bruteforce_v1,web_bruteforce_v1__run_001,initial_access,T1110.003,22,4,1.9808,0.9725,0.0295,16350.83,11148.3,0.8539,44,30,0.3194,0.7036,0.2534,0.0243,0.3262,7,9,1,0,3,1,1.4627,371.61,82.99,564.78,8483.06,8463.27,2,0.0064,1.3905,0,0
2026-09-03T22:33:40.913527+00:00,web_bruteforce_v1,web_bruteforce_v1__run_001,initial_access,T1110.003,22,4,1.839,1.0,0.0126,41517.31,39252.73,0.7272,110,104,0.1759,0.2502,0.1613,0.0185,0.2168,7,9,1,0,5,0,1.0486,377.43,122.63,770.74,6724.62,8497.74,2,0.0312,0.5397,0,0
2026-09-03T22:33:45.913527+00:00,web_bruteforce_v1,web_bruteforce_v1__run_001,initial_access,T1110.003,24,4,1.864,0.995,0.0152,33867.88,18697.89,0.8196,96,53,0.1289,0.2193,0.2144,0.0352,0.3199,7,11,2,1,4,0,1.7842,352.79,88.28,494.96,6084.65,9416.53,2,0.0276,0.8029,0,1
2026-09-03T22:33:50.913527+00:00,web_bruteforce_v1,web_bruteforce_v1__run_001,initial_access,T1110.003,26,4,1.9785,1.0,0.0327,43286.52,22642.18,0.7212,130,68,0.2339,0.5432,0.1706,0.0379,0.2844,8,12,3,1,5,0,1.9002,332.97,82.34,479.87,10318.62,10636.02,3,0.0231,0.6416,0,0
2026-09-03T22:33:55.913527+00:00,web_bruteforce_v1,web_bruteforce_v1__run_001,initial_access,T1110.003,32,4,1.9499,0.9646,0.0226,67087.27,56255.47,0.8417,192,161,0.215,0.5383,0.1971,0.0206,0.2588,9,13,2,1,6,0,1.1858,349.41,102.37,527.48,9077.84,9715.16,5,0.0149,1.4629,0,1
2026-09-03T22:34:00.913527+00:00,web_bruteforce_v1,web_bruteforce_v1__run_001,initial_access,T1110.003,35,4,1.7747,1.0,0.0,49996.12,24283.83,0.8218,140,68,0.0929,0.1538,0.1793,0.0208,0.2416,10,16,2,2,6,0,2.0401,357.12,104.37,671.62,8252.33,8616.67,5,0.0,1.2578,0,0
2026-09-03T22:34:05.913527+00:00,web_bruteforce_v1,web_bruteforce_v1__run_001,initial_access,T1110.003,24,4,1.9329,0.9514,0.062,25892.78,17981.1,0.7591,72,50,0.2498,0.572,0.2016,0.0289,0.2884,7,10,2,0,5,0,1.4368,359.62,100.22,599.89,7474.73,6695.12,2,0.0642,1.0227,0,0
2026-09-03T22:34:10.913527+00:00,web_bruteforce_v1,web_bruteforce_v1__run_001,initial_access,T1110.003,37,4,1.9266,0.975,0.0548,155597.88,196600.02,0.7608,444,561,0.1007,0.1699,0.1678,0.0377,0.2808,10,16,4,2,7,0,0.7902,350.45,108.28,644.51,7734.2,8562.6,6,0.0169,1.1748,0,0
2026-09-03T22:34:15.913527+00:00,web_bruteforce_v1,web_bruteforce_v1__run_001,initial_access,T1110.003,27,4,1.9803,0.9697,0.049,45884.26,53361.69,0.7499,135,157,0.2493,0.543,0.1641,0.0301,0.2545,7,13,2,1,5,0,0.858,339.88,107.11,720.58,8691.64,8447.02,3,0.0351,1.0987,0,0
2026-09-03T22:34:20.913527+00:00,web_bruteforce_v1,web_bruteforce_v1__run_001,initial_access,T1110.003,18,4,1.9547,1.0,0.0,25136.07,17455.61,0.7968,72,50,0.1352,0.1623,0.1433,0.0321,0.2397,5,8,1,0,3,0,1.4282,349.11,97.54,543.91,8118.6,9452.16,1,0.055,0.2489,0,0
2026-09-03T22:34:25.913527+00:00,web_bruteforce_v1,web_bruteforce_v1__run_001,initial_access,T1110.003,19,4,1.9593,1.0,0.0,30208.68,23530.97,0.7334,95,74,0.2237,0.62,0.2104,0.042,0.3365,5,9,2,1,3,0,1.2815,317.99,65.49,469.16,6528.24,8992.68,1,0.0137,1.5948,0,0
2026-09-03T22:34:30.913527+00:00,web_bruteforce_v1,web_bruteforce_v1__run_001,initial_access,T1110.003,26,4,1.8703,0.9778,0.0182,46489.59,28608.98,0.7947,130,80,0.1328,0.2183,0.2079,0.0229,0.2764,7,11,2,0,4,0,1.6083,357.61,97.27,555.39,9414.8,7677.64,3,0.0261,0.7667,0,0
2026-09-03T22:34:35.913527+00:00,web_bruteforce_v1,web_bruteforce_v1__run_001,initial_access,T1110.003,24,4,1.75,0.9714,0.0144,79586.92,56742.53,0.9098,216,154,0.2654,0.7116,0.1872,0.02,0.2472,7,10,2,1,3,0,1.3984,368.46,105.17,558.74,8683.29,6302.2,2,0.0048,0.7839,0,0
2026-09-03T22:34:40.913527+00:00,web_bruteforce_v1,web_bruteforce_v1__run_001,initial_access,T1110.003,25,4,1.9027,0.9964,0.0,85511.38,76960.24,0.7468,250,225,0.1417,0.3587,0.2129,0.0432,0.3424,6,10,2,0,4,0,1.1079,342.05,99.42,560.79,6149.54,8273.31,3,0.0588,2.0561,0,0
2026-09-03T22:34:45.913527+00:00,web_bruteforce_v1,web_bruteforce_v1__run_001,initial_access,T1110.003,23,4,1.9532,0.9438,0.0693,36480.24,42507.41,0.7457,115,134,0.1549,0.3569,0.2299,0.0412,0.3534,7,10,2,1,3,0,0.8531,317.22,71.99,521.78,7655.84,9052.2,1,0.026,2.0879,0,0
2026-09-03T22:34:50.913527+00:00,web_bruteforce_v1,web_bruteforce_v1__run_001,initial_access,T1110.003,33,4,1.9667,0.9969,0.0,85879.93,57253.28,0.8375,231,154,0.1663,0.4653,0.1716,0.0233,0.2414,9,14,3,1,7,1,1.4967,371.77,88.05,535.26,7321.88,6982.38,5,0.0021,1.0081,0,1
2026-09-03T22:34:55.913527+00:00,web_bruteforce_v1,web_bruteforce_v1__run_001,initial_access,T1110.003,20,4,1.9527,0.9858,0.0376,34814.52,27503.47,0.8416,100,79,0.2214,0.3116,0.2177,0.0434,0.3479,6,8,1,0,3,0,1.2585,348.15,95.75,521.41,9068.44,7654.82,1,0.0247,1.5308,0,0
2026-09-03T22:35:00.913527+00:00,web_bruteforce_v1,web_bruteforce_v1__run_001,initial_access,T1110.003,26,4,1.8199,1.0,0.0,45994.26,49532.28,0.7124,130,140,0.1474,0.2175,0.1881,0.0223,0.2548,7,12,3,1,4,0,0.9227,353.8,122.3,719.27,8699.4,7681.89,2,0.0466,1.5304,0,0
2026-09-03T22:35:05.913527+00:00,web_bruteforce_v1,web_bruteforce_v1__run_001,initial_access,T1110.003,24,4,1.9799,1.0,0.0,44803.59,33976.06,0.8173,120,91,0.2182,0.2938,0.2286,0.0257,0.3056,6,11,2,1,5,0,1.3163,373.36,101.94,695.5,7043.03,9882.35,2,0.0254,1.225,0,2
2026-09-03T22:35:10.913527+00:00,web_bruteforce_v1,web_bruteforce_v1__run_001,initial_access,T1110.003,14,4,1.9242,0.9991,0.0,13855.01,9566.56,0.8416,42,29,0.2726,0.6065,0.2106,0.0462,0.3493,3,6,1,0,2,0,1.4296,329.88,71.08,503.48,7519.13,8308.19,1,0.0248,0.9736,0,1
2026-09-03T22:35:15.913527+00:00,web_bruteforce_v1,web_bruteforce_v1__run_001,initial_access,T1110.003,16,4,1.8829,1.0,0.0054,70335.62,49954.28,0.825,176,125,0.1133,0.3018,0.186,0.0234,0.2563,4,6,1,1,3,0,1.4009,399.63,121.5,753.22,8106.81,7563.46,1,0.0395,0.9369,0,0
2026-09-03T22:35:20.913527+00:00,web_bruteforce_v1,web_bruteforce_v1__run_001,initial_access,T1110.003,31,4,1.9852,1.0,0.0,10499.32,9483.25,0.7292,31,28,0.2654,0.622,0.1793,0.0276,0.262,8,13,3,1,6,0,1.0796,338.69,89.56,603.23,9344.71,7322.13,4,0.0729,1.1933,0,3
2026-09-03T22:35:25.913527+00:00,web_bruteforce_v1,web_bruteforce_v1__run_001,initial_access,T1110.003,21,4,1.9387,1.0,0.0056,36353.97,31506.77,0.8033,105,91,0.2033,0.4792,0.2424,0.0306,0.3343,6,9,2,0,4,0,1.1424,346.23,84.15,493.36,8680.49,9510.36,2,0.0211,1.4928,0,1
2026-09-03T22:35:30.913527+00:00,web_bruteforce_v1,web_bruteforce_v1__run_001,initial_access,T1110.003,31,4,1.9539,0.9591,0.0615,68985.75,48957.63,0.7816,186,132,0.2304,0.4797,0.199,0.0334,0.2992,8,13,3,1,5,0,1.4002,370.89,121.24,639.15,8751.86,9359.72,3,0.0371,1.2916,0,0
2026-09-03T22:35:35.913527+00:00,web_bruteforce_v1,web_bruteforce_v1__run_001,initial_access,T1110.003,30,4,1.8683,1.0,0.0025,77059.54,67885.79,0.7731,210,185,0.164,0.3305,0.2209,0.0209,0.2835,9,13,3,1,6,0,1.1351,366.95,98.42,713.83,9307.82,8442.3,4,0.0353,1.5046,0,1
2026-09-03T22:35:40.913527+00:00,web_bruteforce_v1,web_bruteforce_v1__run_001,initial_access,T1110.003,22,4,1.8454,0.9917,0.0,37094.14,46199.06,0.7872,110,137,0.1782,0.3925,0.1577,0.022,0.2238,6,10,2,1,4,0,0.7997,337.22,86.89,515.01,8662.95,7357.1,3,0.0373,0.9699,0,0
2026-09-03T22:35:45.913527+00:00,web_bruteforce_v1,web_bruteforce_v1__run_001,initial_access,T1110.003,24,4,1.8217,0.994,0.0044,26903.92,27277.59,0.8741,72,73,0.2612,0.6922,0.1802,0.0175,0.2328,6,10,2,1,3,0,0.9837,373.67,104.12,674.36,8432.05,9268.43,1,0.033,0.9314,0,1
2026-09-03T22:35:50.913527+00:00,web_bruteforce_v1,web_bruteforce_v1__run_001,initial_access,T1110.003,19,4,1.9313,0.955,0.0527,33398.51,24609.43,0.7724,95,70,0.2422,0.3505,0.1991,0.0302,0.2897,5,8,1,0,4,0,1.3522,351.56,94.99,509.39,7123.6,8344.3,3,0.0339,0.589,0,0
2026-09-03T22:35:55.913527+00:00,web_bruteforce_v1,web_bruteforce_v1__run_001,initial_access,T1110.003,31,4,1.9315,1.0,0.0039,77166.16,60808.36,0.7731,217,171,0.1042,0.2708,0.2197,0.0259,0.2973,9,13,3,1,6,0,1.2653,355.6,125.75,746.19,8923.19,6886.31,4,0.0207,0.8803,0,1
2026-09-03T22:36:00.913527+00:00,web_bruteforce_v1,web_bruteforce_v1__run_001,initial_access,T1110.003,23,4,1.8644,0.9528,0.0513,51741.47,29887.93,0.9028,161,93,0.1271,0.3294,0.1979,0.0197,0.257,7,9,2,1,4,0,1.7238,321.38,89.65,550.52,6793.21,7359.69,2,0.0353,0.0,0,1
2026-09-03T22:36:05.913527+00:00,web_bruteforce_v1,web_bruteforce_v1__run_001,initial_access,T1110.003,22,4,1.8911,0.9352,0.0809,53590.51,33755.06,0.8766,154,97,0.2574,0.7435,0.188,0.0422,0.3146,6,11,2,0,4,0,1.5822,347.99,96.99,535.35,6248.08,8846.64,2,0.0351,0.494,0,0
2026-09-03T22:36:10.913527+00:00,web_bruteforce_v1,web_bruteforce_v1__run_001,initial_access,T1110.003,21,4,1.9814,0.9798,0.0029,71130.76,47081.79,0.8266,210,139,0.2056,0.2859,0.2437,0.042,0.3697,6,10,2,1,4,0,1.5037,338.72,114.69,579.28,8481.53,9254.33,2,0.075,1.5169,0,0
2026-09-03T22:36:15.913527+00:00,web_bruteforce_v1,web_bruteforce_v1__run_001,initial_access,T1110.003,31,4,1.8792,0.9761,0.0274,92215.32,107749.8,0.8359,279,326,0.281,0.3542,0.1971,0.0415,0.3217,9,12,3,0,5,0,0.8542,330.52,89.55,565.27,8237.22,8983.61,4,0.0192,1.4138,0,0
2026-09-03T22:36:20.913527+00:00,web_bruteforce_v1,web_bruteforce_v1__run_001,initial_access,T1110.003,27,4,1.9457,0.98,0.0,35750.65,25157.87,0.817,108,76,0.1347,0.2703,0.1881,0.0326,0.2859,8,12,2,1,5,0,1.4148,331.02,81.56,487.93,7725.06,10396.27,4,0.0698,0.3315,0,0
2026-09-03T22:36:25.913527+00:00,web_bruteforce_v1,web_bruteforce_v1__run_001,initial_access,T1110.003,16,4,1.9238,0.9796,0.023,26996.87,21597.49,0.745,80,64,0.2289,0.4236,0.2147,0.0456,0.3514,4,7,2,0,3,0,1.2374,337.46,99.51,531.21,9203.25,6709.35,2,0.0027,1.0254,0,0
2026-09-03T22:36:30.913527+00:00,web_bruteforce_v1,web_bruteforce_v1__run_001,initial_access,T1110.003,21,4,1.9699,1.0,0.01,55274.07,53958.03,0.7942,168,164,0.1363,0.1786,0.1588,0.0233,0.2287,6,10,2,1,3,0,1.0183,329.01,82.38,560.57,8469.18,9106.62,1,0.0098,0.7935,0,0
2026-09-03T22:36:35.913527+00:00,web_bruteforce_v1,web_bruteforce_v1__run_001,initial_access,T1110.003,20,4,1.9261,0.9615,0.0426,31691.47,25353.17,0.83,80,64,0.1004,0.1464,0.1805,0.033,0.2794,6,8,2,1,4,0,1.2385,396.14,132.87,623.74,7600.62,8022.96,2,0.0163,1.5086,0,1
2026-09-03T22:36:40.913527+00:00,web_bruteforce_v1,web_bruteforce_v1__run_001,initial_access,T1110.003,25,4,1.8729,0.9873,0.017,59674.03,47398.23,0.8151,175,139,0.177,0.4946,0.1938,0.0343,0.2966,7,10,2,1,5,0,1.2527,340.99,117.76,811.74,7491.89,7839.18,4,0.0,0.602,0,0
2026-09-03T22:36:45.913527+00:00,web_bruteforce_v1,web_bruteforce_v1__run_001,initial_access,T1110.003,29,4,1.8708,0.9683,0.038,73859.37,82591.51,0.7006,203,227,0.264,0.6826,0.1677,0.0362,0.2764,8,13,2,0,4,0,0.8932,363.84,99.27,548.41,10085.84,9053.54,2,0.0454,0.6457,0,0
2026-09-03T22:36:50.913527+00:00,web_bruteforce_v1,web_bruteforce_v1__run_001,initial_access,T1110.003,21,4,1.9174,0.997,0.0009,60964.54,45481.48,0.8506,189,141,0.2278,0.5355,0.1288,0.0278,0.2123,5,9,1,0,3,0,1.3363,322.56,76.16,508.53,8673.72,7933.95,1,0.0007,0.3542,0,0
2026-09-03T22:36:55.913527+00:00,web_bruteforce_v1,web_bruteforce_v1__run_001,initial_access,T1110.003,28,4,1.6894,0.9693,0.0468,19890.9,14562.98,0.7886,56,41,0.3092,0.7541,0.266,0.0291,0.3533,8,12,2,0,4,0,1.3425,355.19,134.36,854.19,9042.5,9026.82,2,0.0,1.5078,0,0
2026-09-03T22:37:00.913527+00:00,web_bruteforce_v1,web_bruteforce_v1__run_001,initial_access,T1110.003,25,4,1.8187,1.0,0.0,61280.74,46223.18,0.7374,175,132,0.2402,0.4553,0.1713,0.0324,0.2685,7,12,2,0,5,0,1.3178,350.18,66.22,524.77,8723.57,6778.23,4,0.0,2.1261,0,0
2026-09-03T22:37:05.913527+00:00,web_bruteforce_v1,web_bruteforce_v1__run_001,initial_access,T1110.003,22,4,1.7697,0.9808,0.0017,80886.01,72797.41,0.808,220,198,0.299,0.4514,0.218,0.0485,0.3636,6,10,1,1,3,0,1.1068,367.66,97.87,648.25,9096.05,8204.02,2,0.0303,0.4872,0,0
2026-09-03T22:37:10.913527+00:00,web_bruteforce_v1,web_bruteforce_v1__run_001,initial_access,T1110.003,20,4,1.8955,0.9627,0.026,51625.87,46094.53,0.8565,140,125,0.2203,0.3064,0.2427,0.0377,0.3558,5,8,2,0,3,0,1.112,368.76,116.18,739.67,7800.8,6882.83,2,0.0278,1.0078,0,2
2026-09-03T22:37:15.913527+00:00,web_bruteforce_v1,web_bruteforce_v1__run_001,initial_access,T1110.003,22,4,1.7697,0.9938,0.0,41330.73,28180.04,0.8355,110,75,0.1734,0.4688,0.1965,0.0249,0.2712,6,10,2,1,4,0,1.4552,375.73,88.2,537.97,7737.43,6890.23,2,0.0,0.5351,0,0
2026-09-03T22:37:20.913527+00:00,web_bruteforce_v1,web_bruteforce_v1__run_001,initial_access,T1110.003,24,4,1.9329,0.9918,0.0109,42013.93,26958.94,0.7229,120,77,0.1462,0.3509,0.1748,0.0196,0.2337,8,10,2,1,4,0,1.5496,350.12,94.95,669.85,8080.39,7560.58,2,0.0,0.9522,0,0
2026-09-03T22:37:25.913527+00:00,web_bruteforce_v1,web_bruteforce_v1__run_001,initial_access,T1110.003,37,4,1.9902,0.9628,0.0265,86602.21,83927.23,0.8175,259,251,0.1716,0.4641,0.1694,0.0249,0.244,11,16,3,0,8,0,1.0316,334.37,88.1,493.22,7503.6,8425.07,4,0.0684,1.0318,0,1
2026-09-03T22:37:30.913527+00:00,web_bruteforce_v1,web_bruteforce_v1__run_001,initial_access,T1110.003,24,4,1.9591,0.9694,0.0525,60975.36,48998.05,0.8124,168,135,0.1512,0.2091,0.2182,0.0287,0.3042,7,11,2,1,4,0,1.2401,362.95,130.28,813.72,7710.12,9088.57,3,0.0183,1.3495,0,1
2026-09-03T22:37:35.913527+00:00,web_bruteforce_v1,web_bruteforce_v1__run_001,initial_access,T1110.003,27,4,1.6543,0.9528,0.0486,29745.56,20197.6,0.8342,81,55,0.1661,0.3616,0.163,0.0346,0.2668,8,12,3,1,4,0,1.4707,367.23,92.68,583.22,9326.18,9141.78,2,0.0,2.1632,0,0
2026-09-03T22:37:40.913527+00:00,web_bruteforce_v1,web_bruteforce_v1__run_001,initial_access,T1110.003,36,4,1.9372,1.0,0.0123,49951.04,42666.52,0.9246,144,123,0.2054,0.2853,0.2124,0.0289,0.2992,10,15,3,1,8,0,1.1628,346.88,89.16,535.8,8769.05,9091.28,5,0.0137,0.5795,0,2
2026-09-03T22:37:45.913527+00:00,web_bruteforce_v1,web_bruteforce_v1__run_001,initial_access,T1110.003,28,4,1.9017,0.9974,0.0246,70588.25,65906.38,0.8337,196,183,0.1835,0.2879,0.1881,0.0409,0.3108,8,12,2,1,5,0,1.0677,360.14,116.62,642.61,7222.55,5747.03,4,0.025,1.2296,0,1
2026-09-03T22:37:50.913527+00:00,web_bruteforce_v1,web_bruteforce_v1__run_001,initial_access,T1110.003,25,4,1.9535,1.0,0.0018,53302.95,26864.69,0.8659,125,63,0.2196,0.5276,0.2012,0.0188,0.2577,7,10,2,1,5,0,1.9674,426.42,144.12,777.83,9531.24,5142.45,3,0.0,0.8502,0,0
2026-09-03T22:37:55.913527+00:00,web_bruteforce_v1,web_bruteforce_v1__run_001,initial_access,T1110.003,28,4,1.9628,1.0,0.0063,28150.81,23459.01,0.7822,84,70,0.2874,0.5094,0.2075,0.0382,0.322,7,13,2,1,4,0,1.1857,335.13,88.78,570.92,8673.28,6621.72,3,0.0363,1.0454,0,0
2026-09-03T22:38:00.913527+00:00,web_bruteforce_v1,web_bruteforce_v1__run_001,initial_access,T1110.003,37,4,1.9941,1.0,0.0,49725.42,39981.93,0.7074,148,119,0.2442,0.4293,0.1743,0.0255,0.2506,10,17,3,2,6,0,1.2336,335.98,110.4,655.01,7997.71,9070.59,5,0.0,0.3649,0,0
2026-09-03T22:38:05.913527+00:00,web_bruteforce_v1,web_bruteforce_v1__run_001,initial_access,T1110.003,25,4,1.8506,0.9695,0.0343,27064.73,24899.55,0.7631,75,69,0.2114,0.4933,0.2063,0.0258,0.2836,6,11,2,2,4,0,1.0732,360.86,110.56,679.48,8056.24,7595.58,3,0.0054,0.7554,0,1
2026-09-03T22:38:10.913527+00:00,web_bruteforce_v1,web_bruteforce_v1__run_001,initial_access,T1110.003,26,4,1.9785,0.9683,0.0207,90420.92,80683.28,0.7613,260,232,0.2794,0.7484,0.2241,0.0203,0.285,8,11,3,1,5,0,1.1179,347.77,98.87,627.32,9608.47,7631.03,3,0.0458,1.0151,0,0
2026-09-03T22:38:15.913527+00:00,web_bruteforce_v1,web_bruteforce_v1__run_001,initial_access,T1110.003,33,4,1.9476,0.9786,0.0261,89140.15,100282.67,0.7685,264,297,0.1419,0.3318,0.2078,0.0339,0.3096,10,15,3,1,7,0,0.8885,337.65,83.64,513.61,7514.93,8756.47,3,0.0211,0.4351,0,1
2026-09-03T22:38:20.913527+00:00,web_bruteforce_v1,web_bruteforce_v1__run_001,initial_access,T1110.003,19,4,1.9313,0.9675,0.0086,41809.67,28606.62,0.7928,114,78,0.2547,0.4485,0.2269,0.0442,0.3595,5,8,2,0,4,0,1.4609,366.75,105.44,560.79,7834.01,7125.77,3,0.0,1.9434,0,0
2026-09-03T22:38:25.913527+00:00,web_bruteforce_v1,web_bruteforce_v1__run_001,initial_access,T1110.003,41,4,1.9205,0.9999,0.0019,97481.24,67591.52,0.908,287,199,0.2481,0.5251,0.1788,0.0317,0.274,13,19,4,2,7,0,1.4359,339.66,87.18,554.52,8040.63,8058.39,5,0.0,1.4544,0,1
2026-09-03T22:38:30.913527+00:00,web_bruteforce_v1,web_bruteforce_v1__run_001,initial_access,T1110.003,31,4,1.9539,0.9942,0.0349,56586.69,38697.99,0.8444,155,106,0.1662,0.4826,0.1642,0.0175,0.2168,9,13,3,1,6,0,1.449,365.08,78.78,550.94,8032.16,7857.35,4,0.0067,0.5407,0,1
2026-09-03T22:38:35.913527+00:00,web_bruteforce_v1,web_bruteforce_v1__run_001,initial_access,T1110.003,30,4,1.9899,1.0,0.0091,70438.38,49306.87,0.8221,210,147,0.1985,0.3425,0.1684,0.0197,0.2276,8,14,2,0,5,0,1.426,335.42,107.31,675.24,6196.69,7908.97,3,0.0423,1.227,0,1
2026-09-03T22:38:40.913527+00:00,web_bruteforce_v1,web_bruteforce_v1__run_001,initial_access,T1110.003,23,4,1.8503,1.0,0.0093,48449.51,33403.08,0.8206,161,111,0.2102,0.2997,0.1994,0.036,0.3073,7,9,2,1,4,0,1.4392,300.93,76.16,451.91,8134.93,8720.11,2,0.0079,1.5022,0,2
2026-09-03T22:38:45.913527+00:00,web_bruteforce_v1,web_bruteforce_v1__run_001,initial_access,T1110.003,18,4,1.9547,1.0,0.0126,25167.51,22021.57,0.8549,72,63,0.2867,0.4816,0.2098,0.0204,0.271,4,8,1,1,3,0,1.1335,349.55,68.32,456.5,8761.55,7610.17,1,0.0112,1.1965,0,1
2026-09-03T22:38:50.913527+00:00,web_bruteforce_v1,web_bruteforce_v1__run_001,initial_access,T1110.003,20,4,1.8813,1.0,0.0,99433.27,85583.64,0.8889,280,241,0.2122,0.3119,0.2322,0.0223,0.299,6,9,2,0,3,0,1.1573,355.12,76.79,501.66,9841.86,7808.54,1,0.0434,1.18,0,0
2026-09-03T22:38:55.913527+00:00,web_bruteforce_v1,web_bruteforce_v1__run_001,initial_access,T1110.003,33,4,1.9926,1.0,0.031,80773.65,63989.51,0.8968,231,183,0.158,0.4442,0.2112,0.0406,0.3329,10,14,3,1,6,0,1.2584,349.67,97.0,631.62,8356.72,6939.61,5,0.0141,0.7962,0,0
2026-09-03T22:39:00.913527+00:00,web_bruteforce_v1,web_bruteforce_v1__run_001,initial_access,T1110.003,29,4,1.8934,0.972,0.0683,60785.52,49606.57,0.8109,174,142,0.2406,0.3758,0.1545,0.0322,0.2509,8,13,2,1,5,0,1.2178,349.34,103.7,556.55,8574.63,8086.32,4,0.0033,1.2382,0,1
2026-09-03T22:39:05.913527+00:00,web_bruteforce_v1,web_bruteforce_v1__run_001,initial_access,T1110.003,21,4,1.8727,1.0,0.0,32356.54,18874.65,0.8637,84,49,0.1766,0.2177,0.2151,0.033,0.314,6,9,1,1,4,0,1.6875,385.2,107.0,659.28,7546.04,9118.34,2,0.0,1.2469,0,0
2026-09-03T22:39:10.913527+00:00,web_bruteforce_v1,web_bruteforce_v1__run_001,initial_access,T1110.003,30,4,1.9689,0.9811,0.0363,103057.29,73514.2,0.8582,300,214,0.2571,0.4488,0.1942,0.0248,0.2686,9,13,3,0,5,1,1.3993,343.52,92.99,615.22,8723.68,7343.66,2,0.0428,1.0632,0,0
2026-09-03T22:39:15.913527+00:00,web_bruteforce_v1,web_bruteforce_v1__run_001,initial_access,T1110.003,21,4,1.9699,0.989,0.0136,50401.81,28458.17,0.763,147,83,0.1231,0.1775,0.2078,0.0215,0.2724,7,9,2,1,3,0,1.7544,342.87,87.21,630.78,8967.31,5116.02,2,0.0006,0.8094,0,0
2026-09-03T22:39:20.913527+00:00,web_bruteforce_v1,web_bruteforce_v1__run_001,initial_access,T1110.003,22,4,1.983,1.0,0.0,34426.49,25037.45,0.8208,110,80,0.1153,0.1497,0.1928,0.0237,0.2638,6,11,2,1,4,0,1.3616,312.97,85.32,542.57,6763.92,7795.52,2,0.0571,1.4039,0,1
2026-09-03T22:39:25.913527+00:00,web_bruteforce_v1,web_bruteforce_v1__run_001,initial_access,T1110.003,22,4,1.9457,1.0,0.0014,80433.15,44969.44,0.8154,220,123,0.1253,0.3588,0.239,0.0256,0.3158,7,9,1,1,4,0,1.7835,365.61,69.22,514.56,8176.37,7719.71,2,0.0474,2.072,0,2
2026-09-03T22:39:30.913527+00:00,web_bruteforce_v1,web_bruteforce_v1__run_001,initial_access,T1110.003,28,4,1.9592,1.0,0.0,86729.69,51882.94,0.7996,224,134,0.1777,0.2575,0.1833,0.0395,0.3018,7,12,3,0,5,0,1.6595,387.19,108.73,698.67,7750.3,8615.9,4,0.0092,0.1699,0,0
2026-09-03T22:39:35.913527+00:00,web_bruteforce_v1,web_bruteforce_v1__run_001,initial_access,T1110.003,32,4,1.948,1.0,0.0024,56592.25,58714.45,0.7549,160,166,0.2048,0.4093,0.1872,0.0399,0.3069,9,13,3,1,7,0,0.9596,353.7,91.22,593.77,7042.76,8637.35,5,0.0079,0.6563,0,0
2026-09-03T22:39:40.913527+00:00,web_bruteforce_v1,web_bruteforce_v1__run_001,initial_access,T1110.003,16,4,1.9363,1.0,0.0,31483.0,28334.7,0.7992,80,72,0.132,0.3869,0.174,0.0319,0.2696,5,7,1,0,3,0,1.1079,393.54,147.16,844.97,6986.6,8261.05,2,0.0096,1.8033,0,0
2026-09-03T22:39:45.913527+00:00,web_bruteforce_v1,web_bruteforce_v1__run_001,initial_access,T1110.003,28,4,2.0,0.9614,0.016,37386.79,26371.04,0.8414,112,79,0.2318,0.3182,0.1763,0.0263,0.2552,7,11,2,1,5,0,1.4097,333.81,80.22,516.86,8207.99,6085.31,4,0.0,1.3307,0,2
2026-09-03T22:39:50.913527+00:00,web_bruteforce_v1,web_bruteforce_v1__run_001,initial_access,T1110.003,23,4,1.9532,0.9786,0.0199,23886.67,21809.57,0.7969,69,63,0.2325,0.3147,0.2226,0.0344,0.3257,6,10,1,0,4,0,1.0846,346.18,94.62,555.55,7867.53,6650.73,2,0.0734,2.4998,0,0
2026-09-03T22:39:55.913527+00:00,web_bruteforce_v1,web_bruteforce_v1__run_001,initial_access,T1110.003,15,4,1.9656,0.9901,0.0,32163.71,33593.21,0.7558,90,94,0.1554,0.2077,0.2263,0.0278,0.3096,4,6,1,0,3,0,0.9488,357.37,104.77,556.57,6939.9,7795.94,1,0.0428,1.3831,0,0
2026-09-03T22:40:00.913527+00:00,web_bruteforce_v1,web_bruteforce_v1__run_001,initial_access,T1110.003,17,4,1.9928,0.9776,0.0478,62986.49,101721.49,0.8069,187,302,0.2159,0.387,0.185,0.0235,0.2555,4,7,1,0,3,0,0.618,336.83,131.84,699.17,7282.9,10194.35,2,0.0425,1.2678,0,0
2026-09-03T22:40:05.913527+00:00,web_bruteforce_v1,web_bruteforce_v1__run_001,initial_access,T1110.003,18,4,1.685,0.9803,0.0442,24222.5,17494.02,0.7982,72,52,0.2112,0.4777,0.2076,0.0417,0.3328,4,8,1,0,3,0,1.3772,336.42,97.06,610.2,8353.48,8960.67,2,0.0,0.7985,0,1
2026-09-03T22:40:10.913527+00:00,web_bruteforce_v1,web_bruteforce_v1__run_001,initial_access,T1110.003,32,4,1.9716,0.9733,0.017,53006.7,42405.36,0.8029,160,128,0.1463,0.1876,0.1664,0.0137,0.2076,9,14,3,2,6,0,1.2456,331.29,81.56,567.38,8003.36,10650.82,4,0.0,1.8226,0,1
2026-09-03T22:40:15.913527+00:00,web_bruteforce_v1,web_bruteforce_v1__run_001,initial_access,T1110.003,33,4,1.9926,1.0,0.0,11570.15,6661.6,0.8539,33,19,0.2401,0.5449,0.1718,0.0288,0.2583,9,14,2,1,6,0,1.7193,350.61,92.21,552.25,8357.02,7225.63,3,0.0,0.2413,0,2
2026-09-03T22:40:20.913527+00:00,web_bruteforce_v1,web_bruteforce_v1__run_001,initial_access,T1110.003,28,4,1.9172,1.0,0.0,40701.35,54147.33,0.8393,112,149,0.2556,0.4833,0.2142,0.0431,0.3436,8,13,3,1,6,0,0.7479,363.4,90.82,541.48,8332.94,7168.52,5,0.0417,1.4854,0,1
2026-09-03T22:40:25.913527+00:00,web_bruteforce_v1,web_bruteforce_v1__run_001,initial_access,T1110.003,24,4,1.9899,1.0,0.0,99269.78,81220.73,0.8437,264,216,0.2655,0.7408,0.1812,0.0279,0.265,7,10,1,1,4,0,1.2218,376.02,111.32,680.99,6483.82,5831.79,3,0.0098,1.0313,0,1
2026-09-03T22:40:30.913527+00:00,web_bruteforce_v1,web_bruteforce_v1__run_001,initial_access,T1110.003,20,4,1.9037,0.9615,0.0489,33312.41,48969.24,0.777,100,147,0.2272,0.5627,0.2169,0.0173,0.2688,6,9,1,0,3,0,0.6759,333.12,75.32,502.88,9748.19,8559.8,1,0.0148,0.435,0,0
2026-09-03T22:40:35.913527+00:00,web_bruteforce_v1,web_bruteforce_v1__run_001,initial_access,T1110.003,21,4,1.6909,0.9669,0.0136,15379.85,11351.79,0.7621,42,31,0.1786,0.3841,0.1684,0.029,0.2555,5,9,1,0,4,0,1.3323,366.19,112.21,677.85,8371.93,7177.38,2,0.0358,1.4743,0,2
2026-09-03T22:40:40.913527+00:00,web_bruteforce_v1,web_bruteforce_v1__run_001,initial_access,T1110.003,23,4,1.8973,1.0,0.0,60775.38,54169.36,0.9027,184,164,0.3091,0.9207,0.2101,0.0184,0.2653,6,9,2,0,4,0,1.1167,330.3,94.48,582.52,7087.53,7467.45,2,0.0211,1.5371,0,1
2026-09-03T22:40:45.913527+00:00,web_bruteforce_v1,web_bruteforce_v1__run_001,initial_access,T1110.003,17,4,1.9713,0.9873,0.0,52373.26,49292.48,0.7522,153,144,0.3167,0.728,0.2335,0.0182,0.2879,5,7,1,1,3,0,1.0619,342.31,84.32,528.04,8347.75,8230.83,1,0.0365,1.6049,0,0
2026-09-03T22:40:50.913527+00:00,web_bruteforce_v1,web_bruteforce_v1__run_001,initial_access,T1110.003,21,4,1.9387,1.0,0.0064,56015.85,38677.61,0.8052,168,116,0.1232,0.3144,0.212,0.0206,0.2736,6,9,1,1,4,0,1.4437,333.43,86.06,543.25,8419.52,6471.07,2,0.039,1.6178,0,0
2026-09-03T22:40:55.913527+00:00,web_bruteforce_v1,web_bruteforce_v1__run_001,initial_access,T1110.003,22,4,1.9363,0.995,0.0556,44416.57,34321.89,0.6725,132,102,0.2339,0.6472,0.2317,0.0433,0.3616,6,9,1,1,4,0,1.2859,336.49,98.25,573.49,8412.15,8061.08,2,0.0,0.6151,0,2
2026-09-03T22:41:00.913527+00:00,web_bruteforce_v1,web_bruteforce_v1__run_001,initial_access,T1110.003,19,4,1.6383,1.0,0.0245,46820.62,23821.02,0.7856,114,58,0.1751,0.2565,0.1877,0.0247,0.2618,5,8,2,0,3,0,1.9439,410.71,121.88,715.1,7879.53,8185.25,2,0.0155,0.6937,0,0
2026-09-03T22:41:05.913527+00:00,web_bruteforce_v1,web_bruteforce_v1__run_001,initial_access,T1110.003,28,4,1.9766,0.9877,0.0087,18857.31,10438.87,0.7662,56,31,0.1529,0.3847,0.215,0.0163,0.2639,7,11,3,1,5,0,1.7733,336.74,96.96,677.59,6598.2,9372.5,3,0.0314,0.5728,0,0
2026-09-03T22:41:10.913527+00:00,web_bruteforce_v1,web_bruteforce_v1__run_001,initial_access,T1110.003,21,4,1.9814,1.0,0.0,44555.69,25036.05,0.8685,105,59,0.3286,0.9018,0.1985,0.0241,0.2708,5,9,1,1,4,0,1.7731,424.34,100.15,596.71,9637.46,8392.39,3,0.0012,0.7819,0,0
2026-09-03T22:41:15.913527+00:00,web_bruteforce_v1,web_bruteforce_v1__run_001,initial_access,T1110.003,29,4,1.8453,0.999,0.0068,64741.77,39812.47,0.7829,174,107,0.3009,0.4594,0.1829,0.0384,0.2981,8,13,1,2,5,0,1.6128,372.08,118.86,681.76,7292.35,9942.69,4,0.0,0.939,0,1
2026-09-03T22:41:20.913527+00:00,web_bruteforce_v1,web_bruteforce_v1__run_001,initial_access,T1110.003,19,4,1.944,0.9841,0.0188,58956.54,46156.76,0.8521,152,119,0.2505,0.5365,0.214,0.032,0.3101,5,8,1,0,3,0,1.274,387.87,97.77,545.08,8664.05,9669.13,2,0.0416,0.7331,0,0
2026-09-03T22:41:25.913527+00:00,web_bruteforce_v1,web_bruteforce_v1__run_001,initial_access,T1110.003,30,4,1.9575,0.9951,0.0128,102730.13,86293.31,0.7514,300,252,0.1137,0.2441,0.2294,0.0306,0.3212,8,13,2,0,5,0,1.1866,342.43,100.73,593.57,9573.07,7219.76,4,0.0,2.0525,0,2
2026-09-03T22:41:30.913527+00:00,web_bruteforce_v1,web_bruteforce_v1__run_001,initial_access,T1110.003,26,4,1.8232,0.957,0.017,27575.78,25808.1,0.6977,78,73,0.305,0.5078,0.2009,0.0399,0.3207,7,11,4,1,5,0,1.0606,353.54,108.04,608.56,8960.41,7152.35,3,0.0529,2.1485,0,0
2026-09-03T22:41:35.913527+00:00,web_bruteforce_v1,web_bruteforce_v1__run_001,initial_access,T1110.003,19,4,1.8129,0.9849,0.0013,76394.07,74383.7,0.8218,228,222,0.2958,0.8799,0.1883,0.0214,0.2525,6,8,2,0,3,0,1.0263,335.06,102.01,632.99,7345.71,7192.25,2,0.0,0.8712,0,0
2026-09-03T22:41:40.913527+00:00,web_bruteforce_v1,web_bruteforce_v1__run_001,initial_access,T1110.003,35,4,1.8927,0.9951,0.0152,102238.77,87633.23,0.8562,280,240,0.2784,0.6154,0.2059,0.0281,0.2902,9,14,3,1,7,0,1.1645,365.14,117.85,666.22,8027.19,8284.28,3,0.0,1.2943,0,1
2026-09-03T22:41:45.913527+00:00,web_bruteforce_v1,web_bruteforce_v1__run_001,initial_access,T1110.003,30,4,1.9345,0.9837,0.0404,53140.3,38261.02,0.78,150,108,0.1503,0.4014,0.2237,0.0395,0.3421,7,12,3,2,5,0,1.3882,354.27,99.18,629.2,7770.25,6675.6,4,0.0058,0.6273,0,1
2026-09-03T22:41:50.913527+00:00,web_bruteforce_v1,web_bruteforce_v1__run_001,initial_access,T1110.003,25,4,1.7925,1.0,0.0,43620.32,27917.01,0.8189,125,80,0.2629,0.3227,0.2162,0.0271,0.2976,7,11,2,1,4,0,1.5447,348.96,145.41,909.05,8718.46,9806.78,3,0.0903,0.8858,0,0
2026-09-03T22:41:55.913527+00:00,web_bruteforce_v1,web_bruteforce_v1__run_001,initial_access,T1110.003,27,4,1.9893,0.9368,0.0623,57952.94,51155.99,0.8138,162,143,0.2866,0.7913,0.186,0.0228,0.2545,8,11,3,1,5,0,1.1279,357.73,121.49,739.41,7132.82,8022.08,3,0.0273,0.8524,0,0
2026-09-03T22:42:00.913527+00:00,web_bruteforce_v1,web_bruteforce_v1__run_001,initial_access,T1110.003,27,4,1.9121,1.0,0.0,54229.02,52555.28,0.9352,162,157,0.2416,0.417,0.1783,0.0339,0.2801,7,12,3,1,5,0,1.0302,334.75,86.97,540.14,9215.68,7783.27,4,0.0602,1.7869,0,0
2026-09-03T22:42:05.913527+00:00,web_bruteforce_v1,web_bruteforce_v1__run_001,initial_access,T1110.003,30,4,1.971,0.9828,0.0099,110458.79,74007.39,0.803,300,201,0.2482,0.443,0.1324,0.0134,0.1727,9,12,3,1,5,0,1.4901,368.2,128.88,769.58,6050.63,8067.0,4,0.0131,1.1206,0,2
2026-09-03T22:42:10.913527+00:00,web_bruteforce_v1,web_bruteforce_v1__run_001,initial_access,T1110.003,30,4,1.9575,0.9702,0.0235,75132.91,91098.66,0.7215,240,291,0.2697,0.7849,0.1987,0.0214,0.2628,9,12,3,1,5,0,0.8241,313.05,77.63,483.37,6946.74,9351.47,2,0.0383,0.5954,0,1
2026-09-03T22:42:15.913527+00:00,web_bruteforce_v1,web_bruteforce_v1__run_001,initial_access,T1110.003,21,4,1.7849,0.9542,0.0697,56826.47,59194.24,0.8633,168,175,0.2103,0.3766,0.2262,0.0328,0.3245,5,9,2,0,3,0,0.9556,338.25,72.22,465.24,6360.49,7885.12,2,0.0148,1.1233,0,0
2026-09-03T22:42:20.913527+00:00,web_bruteforce_v1,web_bruteforce_v1__run_001,initial_access,T1110.003,23,4,1.8742,0.977,0.0307,37376.51,32176.3,0.7291,115,99,0.1779,0.3543,0.1936,0.0377,0.3066,7,10,1,0,4,0,1.1605,325.01,86.35,505.14,8621.94,9086.64,3,0.0,1.4124,0,0
2026-09-03T22:42:25.913527+00:00,web_bruteforce_v1,web_bruteforce_v1__run_001,initial_access,T1110.003,25,4,1.9787,1.0,0.0188,66191.28,42740.65,0.8153,175,113,0.1189,0.2459,0.2466,0.0208,0.3091,8,12,2,2,4,0,1.5469,378.24,85.85,556.7,7431.13,8070.42,2,0.061,0.7129,0,0
2026-09-03T22:42:30.913527+00:00,web_bruteforce_v1,web_bruteforce_v1__run_001,initial_access,T1110.003,32,4,1.8537,1.0,0.0144,42425.54,33476.4,0.8468,128,101,0.1125,0.2653,0.2297,0.0266,0.3096,9,13,2,1,5,0,1.2666,331.45,93.86,561.97,10491.62,9469.22,2,0.0139,1.1072,0,1
2026-09-03T22:42:35.913527+00:00,web_bruteforce_v1,web_bruteforce_v1__run_001,initial_access,T1110.003,43,4,1.9197,1.0,0.0,104618.85,116436.26,0.7037,301,335,0.238,0.3693,0.1982,0.0226,0.2659,13,18,4,2,9,0,0.8974,347.57,85.97,583.22,9138.49,4677.76,5,0.0038,0.9185,0,2
2026-09-03T22:42:40.913527+00:00,web_bruteforce_v1,web_bruteforce_v1__run_001,initial_access,T1110.003,15,4,1.8892,0.999,0.0,53696.78,32543.5,0.7276,165,100,0.2102,0.4872,0.2161,0.0223,0.2831,4,6,0,0,2,0,1.65,325.44,74.21,441.28,9075.56,7688.39,1,0.0539,1.1583,0,0
2026-09-03T22:42:45.913527+00:00,web_bruteforce_v1,web_bruteforce_v1__run_001,initial_access,T1110.003,29,4,1.8632,0.994,0.012,52720.31,47630.07,0.7607,145,131,0.1548,0.4398,0.2204,0.0252,0.2959,7,13,2,1,5,0,1.1032,363.59,95.81,654.93,7256.45,8364.93,3,0.0099,1.3825,0,1
2026-09-03T22:42:50.913527+00:00,web_bruteforce_v1,web_bruteforce_v1__run_001,initial_access,T1110.003,29,4,1.9904,1.0,0.0049,49281.63,52000.61,0.8571,145,153,0.2379,0.5579,0.2439,0.0183,0.2988,8,13,2,0,5,0,0.9461,339.87,98.18,613.45,6279.49,10105.24,2,0.0377,0.426,0,0
2026-09-03T22:42:55.913527+00:00,web_bruteforce_v1,web_bruteforce_v1__run_001,initial_access,T1110.003,24,4,1.9,1.0,0.0,56949.06,59321.93,0.8566,192,200,0.1855,0.3249,0.208,0.0422,0.3347,7,11,2,2,5,0,0.9558,296.61,78.14,513.97,7047.07,8191.82,3,0.0451,1.0788,0,0
2026-09-03T22:43:00.913527+00:00,web_bruteforce_v1,web_bruteforce_v1__run_001,initial_access,T1110.003,34,4,1.8923,1.0,0.0117,115157.85,82642.69,0.7438,340,244,0.1746,0.5204,0.2164,0.0251,0.2917,10,15,4,1,7,0,1.3881,338.7,77.91,549.17,6523.93,9470.93,5,0.013,0.985,0,0
2026-09-03T22:43:05.913527+00:00,web_bruteforce_v1,web_bruteforce_v1__run_001,initial_access,T1110.003,20,4,1.9261,0.9911,0.041,41050.21,40366.04,0.849,120,118,0.2381,0.3317,0.1623,0.0244,0.2356,6,8,2,0,4,0,1.0169,342.09,96.04,529.6,10218.06,7029.4,2,0.0281,0.4606,0,0
2026-09-03T22:43:10.913527+00:00,web_bruteforce_v1,web_bruteforce_v1__run_001,initial_access,T1110.003,30,4,1.9446,1.0,0.0033,40565.75,32114.55,0.7468,120,95,0.2206,0.5155,0.1922,0.0177,0.2454,9,14,3,1,5,0,1.2566,338.05,106.92,651.84,7788.03,7092.71,3,0.0192,0.9734,0,1
2026-09-03T22:43:15.913527+00:00,web_bruteforce_v1,web_bruteforce_v1__run_001,initial_access,T1110.003,30,4,1.9269,0.9388,0.0619,154553.93,124435.73,0.7787,390,314,0.1577,0.3374,0.1932,0.0424,0.3205,9,13,3,1,5,0,1.2411,396.29,146.87,935.54,8546.01,9236.14,4,0.0575,1.8708,0,0
2026-09-03T22:43:20.913527+00:00,web_bruteforce_v1,web_bruteforce_v1__run_001,initial_access,T1110.003,26,4,1.9612,1.0,0.0155,78183.54,41347.07,0.7671,208,110,0.2001,0.3285,0.2346,0.0304,0.3259,7,10,2,2,5,0,1.8794,375.88,144.07,873.35,7590.5,7420.42,4,0.047,0.5716,0,2
2026-09-03T22:43:25.913527+00:00,web_bruteforce_v1,web_bruteforce_v1__run_001,initial_access,T1110.003,22,4,1.8567,1.0,0.025,7458.24,5085.16,0.7342,22,15,0.1717,0.354,0.1947,0.0326,0.2925,6,10,2,2,4,0,1.415,339.01,74.43,536.27,8100.24,8013.87,3,0.0693,1.7607,0,0
2026-09-03T22:43:30.913527+00:00,web_bruteforce_v1,web_bruteforce_v1__run_001,initial_access,T1110.003,29,4,1.8989,1.0,0.0,9489.03,8507.41,0.792,29,26,0.237,0.6503,0.2303,0.0348,0.3346,9,13,2,2,6,0,1.1048,327.21,76.29,465.16,9113.41,6659.07,5,0.0653,0.8621,0,1
2026-09-03T22:43:35.913527+00:00,web_bruteforce_v1,web_bruteforce_v1__run_001,initial_access,T1110.003,22,4,1.842,0.9618,0.0236,49065.85,21028.22,0.7685,154,66,0.2406,0.6259,0.1839,0.0206,0.2456,6,9,2,1,4,0,2.3244,318.61,96.93,629.34,10780.22,8882.67,3,0.0059,0.3032,0,0
2026-09-03T22:43:40.913527+00:00,web_bruteforce_v1,web_bruteforce_v1__run_001,initial_access,T1110.003,21,4,1.9952,1.0,0.0,39420.11,29658.94,0.8242,105,79,0.2497,0.7322,0.2576,0.0281,0.342,6,9,1,1,4,0,1.3176,375.43,134.39,841.71,7084.95,8434.76,2,0.0159,0.7487,0,1
2026-09-03T22:43:45.913527+00:00,web_bruteforce_v1,web_bruteforce_v1__run_001,initial_access,T1110.003,19,4,1.9313,1.0,0.0318,47410.22,49549.03,0.7754,133,139,0.2774,0.3949,0.2345,0.0289,0.3213,5,9,1,1,3,0,0.9546,356.47,81.84,579.66,7948.85,9735.29,2,0.0,1.3272,0,1
2026-09-03T22:43:50.913527+00:00,web_bruteforce_v1,web_bruteforce_v1__run_001,initial_access,T1110.003,29,4,1.8989,0.9408,0.0673,30400.33,25508.32,0.8369,87,73,0.1259,0.17,0.1817,0.0159,0.2294,8,13,2,1,5,0,1.1882,349.43,83.44,566.67,6793.4,7120.9,4,0.0067,0.4533,0,0
2026-09-03T22:43:55.913527+00:00,web_bruteforce_v1,web_bruteforce_v1__run_001,initial_access,T1110.003,26,4,1.8324,0.9835,0.0207,66136.86,36702.32,0.7381,182,101,0.2236,0.297,0.2052,0.0181,0.2594,7,11,2,1,4,0,1.7866,363.39,101.97,639.09,8718.57,7419.61,3,0.0,0.8563,0,2
2026-09-03T22:44:00.913527+00:00,web_bruteforce_v1,web_bruteforce_v1__run_001,initial_access,T1110.003,22,4,1.9363,0.9767,0.056,42573.36,34510.22,0.7759,132,107,0.2565,0.738,0.1945,0.0184,0.2497,7,9,2,0,4,0,1.2317,322.53,74.28,451.13,7938.28,9589.76,3,0.0371,1.5768,0,0
2026-09-03T22:44:05.913527+00:00,web_bruteforce_v1,web_bruteforce_v1__run_001,initial_access,T1110.003,33,4,1.9363,1.0,0.0451,97244.62,76248.63,0.7372,264,207,0.3086,0.4669,0.2473,0.0388,0.3637,8,15,2,1,6,0,1.2718,368.35,94.64,592.6,7072.22,6781.08,3,0.0837,0.5665,0,0
2026-09-03T22:44:10.913527+00:00,web_bruteforce_v1,web_bruteforce_v1__run_001,initial_access,T1110.003,27,4,1.997,1.0,0.0,28030.46,22839.64,0.7709,81,66,0.1307,0.2549,0.1687,0.0342,0.2713,8,12,1,1,5,0,1.2224,346.06,91.66,665.82,7479.84,7957.8,4,0.0103,1.0507,0,0
2026-09-03T22:44:15.913527+00:00,web_bruteforce_v1,web_bruteforce_v1__run_001,initial_access,T1110.003,22,4,1.7081,0.9885,0.0012,50115.26,36772.89,0.6756,154,113,0.1315,0.1686,0.1718,0.0363,0.2807,5,9,1,0,4,0,1.3563,325.42,108.21,532.14,7896.53,8223.34,2,0.0377,1.3083,0,0
2026-09-03T22:44:20.913527+00:00,web_bruteforce_v1,web_bruteforce_v1__run_001,initial_access,T1110.003,25,4,1.987,1.0,0.0,36589.56,39882.62,0.7069,100,109,0.2052,0.304,0.1867,0.0256,0.2636,7,11,2,1,4,0,0.9097,365.9,112.43,585.86,9610.0,7952.41,3,0.0431,1.7828,0,0
2026-09-03T22:44:25.913527+00:00,web_bruteforce_v1,web_bruteforce_v1__run_001,initial_access,T1110.003,26,4,1.9431,0.9949,0.0135,134013.19,75842.63,0.8025,364,206,0.241,0.7153,0.2325,0.0342,0.335,8,11,2,1,5,0,1.7611,368.17,116.32,651.37,8586.52,8805.35,4,0.0,0.5162,0,0
2026-09-03T22:44:30.913527+00:00,web_bruteforce_v1,web_bruteforce_v1__run_001,initial_access,T1110.003,37,4,1.981,1.0,0.0147,69804.88,50938.69,0.8004,185,135,0.268,0.4904,0.1743,0.0176,0.2269,10,16,4,2,8,0,1.3688,377.32,130.94,706.92,5873.11,7743.82,6,0.0549,0.6377,0,4
2026-09-03T22:44:35.913527+00:00,web_bruteforce_v1,web_bruteforce_v1__run_001,initial_access,T1110.003,27,4,1.9386,0.951,0.047,63421.11,42280.74,0.8504,189,126,0.2287,0.5576,0.1961,0.032,0.292,7,11,2,2,5,0,1.4999,335.56,91.33,572.52,6775.89,6575.16,3,0.0776,1.3587,0,0
2026-09-03T22:44:40.913527+00:00,web_bruteforce_v1,web_bruteforce_v1__run_001,initial_access,T1110.003,24,4,1.9678,1.0,0.007,70075.18,64965.53,0.8741,192,178,0.181,0.3621,0.1927,0.0291,0.2802,6,10,2,1,4,0,1.0779,364.97,67.85,485.39,9071.41,8846.89,2,0.0088,0.4645,0,0
2026-09-03T22:44:45.913527+00:00,web_bruteforce_v1,web_bruteforce_v1__run_001,initial_access,T1110.003,34,4,1.8701,0.9782,0.0,104659.11,77297.25,0.7204,306,226,0.1923,0.451,0.1774,0.0357,0.2845,10,15,2,1,6,0,1.353,342.02,96.87,557.51,7336.18,9967.47,3,0.0336,1.222,0,2
2026-09-03T22:44:50.913527+00:00,web_bruteforce_v1,web_bruteforce_v1__run_001,initial_access,T1110.003,20,4,1.9527,0.9805,0.0368,23959.49,12379.07,0.7109,60,31,0.1123,0.2778,0.2437,0.0311,0.3369,6,8,2,1,3,0,1.8974,399.32,100.15,551.68,8686.0,7678.28,2,0.0107,2.1225,0,0
2026-09-03T22:44:55.913527+00:00,web_bruteforce_v1,web_bruteforce_v1__run_001,initial_access,T1110.003,23,4,1.9532,1.0,0.0168,60484.24,54238.59,0.7352,184,165,0.3265,0.8479,0.1848,0.0352,0.2905,7,10,1,1,5,0,1.1136,328.72,89.47,512.84,7658.03,9473.15,2,0.0,0.4528,0,1
2026-09-03T22:45:00.913527+00:00,web_bruteforce_v1,web_bruteforce_v1__run_001,initial_access,T1110.003,33,4,1.9612,0.9918,0.0089,64776.14,42856.94,0.8341,198,131,0.2319,0.6099,0.1739,0.0185,0.2293,9,15,5,2,5,0,1.5043,327.15,86.91,488.84,7056.49,6809.14,3,0.0413,1.0066,0,1
2026-09-03T22:45:05.913527+00:00,web_bruteforce_v1,web_bruteforce_v1__run_001,initial_access,T1110.003,24,4,1.9329,0.9947,0.0008,15592.52,12668.92,0.7961,48,39,0.2754,0.4148,0.1963,0.0423,0.323,7,10,1,1,4,0,1.2289,324.84,93.99,538.67,7085.36,8001.39,3,0.0509,1.5831,0,0
2026-09-03T22:45:10.913527+00:00,web_bruteforce_v1,web_bruteforce_v1__run_001,initial_access,T1110.003,22,4,1.7492,1.0,0.0,26022.07,13405.31,0.7846,66,34,0.1695,0.2636,0.2135,0.0165,0.2631,6,9,2,1,4,0,1.9081,394.27,99.18,596.94,7064.99,8672.52,2,0.067,0.6633,0,0
2026-09-03T22:45:15.913527+00:00,web_bruteforce_v1,web_bruteforce_v1__run_001,initial_access,T1110.003,36,4,1.9412,1.0,0.0462,76583.45,51410.19,0.8245,216,145,0.2252,0.3454,0.2003,0.0192,0.2579,10,15,4,2,7,0,1.4884,354.55,88.13,619.38,6195.59,6750.74,6,0.0482,1.1091,0,0
2026-09-03T22:45:20.913527+00:00,web_bruteforce_v1,web_bruteforce_v1__run_001,initial_access,T1110.003,22,4,1.994,1.0,0.0,23693.43,25488.39,0.7993,66,71,0.1591,0.4748,0.1369,0.0182,0.1914,6,10,2,0,4,0,0.9287,358.99,103.59,590.5,7799.06,8006.0,3,0.0066,0.8153,0,0
2026-09-03T22:45:25.913527+00:00,web_bruteforce_v1,web_bruteforce_v1__run_001,initial_access,T1110.003,25,4,1.9322,0.9752,0.0202,24502.22,20255.16,0.8231,75,62,0.2113,0.5889,0.1986,0.025,0.2736,8,11,2,1,5,0,1.1916,326.7,140.82,906.23,8177.5,7939.99,4,0.009,0.7972,0,0
2026-09-03T22:45:30.913527+00:00,web_bruteforce_v1,web_bruteforce_v1__run_001,initial_access,T1110.003,25,4,1.9322,1.0,0.002,61929.8,64053.11,0.8141,175,181,0.1707,0.4667,0.222,0.0482,0.3667,7,11,2,0,5,0,0.9636,353.88,95.6,561.98,7762.22,9776.23,2,0.0373,1.2729,0,1
2026-09-03T22:45:35.913527+00:00,web_bruteforce_v1,web_bruteforce_v1__run_001,initial_access,T1110.003,26,4,1.9431,1.0,0.0019,25753.63,22451.88,0.8033,78,68,0.1113,0.3307,0.2158,0.0198,0.2752,7,11,3,1,5,0,1.1441,330.17,96.75,590.06,8685.62,7767.36,2,0.0,1.9704,0,1
2026-09-03T22:45:40.913527+00:00,web_bruteforce_v1,web_bruteforce_v1__run_001,initial_access,T1110.003,28,4,1.9852,0.9985,0.0078,110207.95,79435.6,0.8443,308,222,0.1916,0.2711,0.1989,0.0259,0.2767,7,12,2,0,5,0,1.3855,357.82,99.27,715.97,7139.5,7757.86,3,0.0,0.0,0,0
2026-09-03T22:45:45.913527+00:00,web_bruteforce_v1,web_bruteforce_v1__run_001,initial_access,T1110.003,16,4,1.8829,0.9905,0.0222,24104.35,21091.31,0.7703,80,70,0.16,0.4705,0.1761,0.0225,0.2438,4,8,1,0,3,0,1.1283,301.3,102.61,498.45,7596.62,8462.79,2,0.0213,1.0877,0,0
2026-09-03T22:45:50.913527+00:00,web_bruteforce_v1,web_bruteforce_v1__run_001,initial_access,T1110.003,32,4,1.8253,0.9668,0.0217,44196.53,39362.53,0.7862,128,114,0.1443,0.2893,0.1639,0.0324,0.2611,9,14,4,1,7,0,1.1208,345.29,106.79,738.58,8381.41,7006.65,4,0.0526,1.0225,0,0
2026-09-03T22:45:55.913527+00:00,web_bruteforce_v1,web_bruteforce_v1__run_001,initial_access,T1110.003,21,4,1.717,1.0,0.0,55308.35,36872.23,0.7438,147,98,0.1491,0.4403,0.1867,0.0266,0.2666,6,9,1,1,4,0,1.4909,376.25,124.32,616.68,7399.14,6889.17,2,0.0752,0.5462,0,1
2026-09-03T22:46:00.913527+00:00,web_bruteforce_v1,web_bruteforce_v1__run_001,initial_access,T1110.003,28,4,1.9701,0.986,0.0606,87235.28,49156.39,0.7566,252,142,0.2604,0.4107,0.1834,0.0325,0.2808,8,12,3,1,5,0,1.7713,346.17,88.96,565.3,8269.84,10077.3,4,0.0705,0.5651,0,0
2026-09-03T22:46:05.913527+00:00,web_bruteforce_v1,web_bruteforce_v1__run_001,initial_access,T1110.003,22,4,1.8122,0.9699,0.0424,31100.92,39582.99,0.7798,88,112,0.2346,0.5068,0.1795,0.0334,0.2798,6,10,2,0,4,0,0.7808,353.42,81.45,481.41,9593.34,7478.08,2,0.0,0.437,0,0
2026-09-03T22:46:10.913527+00:00,web_bruteforce_v1,web_bruteforce_v1__run_001,initial_access,T1110.003,19,4,1.9785,1.0,0.0,27254.12,17213.13,0.7509,76,48,0.1823,0.522,0.2043,0.0341,0.3066,5,8,2,0,4,0,1.562,358.61,86.23,583.5,8399.14,8390.52,3,0.059,0.6209,0,0
2026-09-03T22:46:15.913527+00:00,web_bruteforce_v1,web_bruteforce_v1__run_001,initial_access,T1110.003,26,4,1.7994,0.9864,0.0359,62489.86,62489.86,0.7613,182,182,0.2938,0.4037,0.2048,0.0439,0.3366,6,10,2,0,5,0,0.9955,343.35,79.01,494.73,8134.38,6804.15,3,0.0153,1.1244,0,0
2026-09-03T22:46:20.913527+00:00,web_bruteforce_v1,web_bruteforce_v1__run_001,initial_access,T1110.003,23,4,1.6879,0.9795,0.0139,31209.18,27816.88,0.7368,92,82,0.2812,0.7751,0.2517,0.0277,0.3348,7,10,2,1,5,0,1.1149,339.23,86.6,507.01,9485.5,9135.15,3,0.0,0.8625,0,0
2026-09-03T22:46:25.913527+00:00,web_bruteforce_v1,web_bruteforce_v1__run_001,initial_access,T1110.003,26,4,1.8342,1.0,0.0132,19321.17,14119.32,0.8113,52,38,0.1439,0.3074,0.1805,0.029,0.2675,6,11,2,0,5,0,1.3644,371.56,86.62,556.29,9233.93,8831.95,3,0.0,0.2241,0,0
2026-09-03T22:46:30.913527+00:00,web_bruteforce_v1,web_bruteforce_v1__run_001,initial_access,T1110.003,24,4,1.7358,0.9379,0.0416,43373.19,43734.63,0.888,120,121,0.3113,0.7774,0.2067,0.0178,0.2602,7,11,3,1,5,0,0.9838,361.44,83.36,512.87,8436.32,7462.17,3,0.0221,1.5036,0,0
2026-09-03T22:46:35.913527+00:00,web_bruteforce_v1,web_bruteforce_v1__run_001,initial_access,T1110.003,32,4,1.9772,0.9564,0.0228,124115.93,99433.78,0.8845,352,282,0.1541,0.4319,0.1958,0.0189,0.2527,10,13,3,2,5,0,1.2474,352.6,94.36,594.96,9894.16,7967.61,3,0.0371,0.4303,0,0
2026-09-03T22:46:40.913527+00:00,web_bruteforce_v1,web_bruteforce_v1__run_001,initial_access,T1110.003,13,4,1.9501,1.0,0.0668,41406.76,29374.03,0.7449,117,83,0.2471,0.4007,0.2138,0.0476,0.3566,3,5,1,0,2,0,1.3947,353.9,95.31,583.46,9753.79,8594.44,1,0.0141,2.1469,0,0
2026-09-03T22:46:45.913527+00:00,web_bruteforce_v1,web_bruteforce_v1__run_001,initial_access,T1110.003,28,4,1.9628,1.0,0.0,78072.04,78072.04,0.8015,224,224,0.2592,0.6983,0.2069,0.0357,0.314,7,11,3,0,6,0,0.9957,348.54,106.05,620.88,8019.56,8666.52,4,0.0838,1.5228,0,1
2026-09-03T22:46:50.913527+00:00,web_bruteforce_v1,web_bruteforce_v1__run_001,initial_access,T1110.003,20,4,1.971,0.9894,0.0086,63573.48,38850.46,0.8101,180,110,0.2341,0.3967,0.2132,0.0345,0.3167,5,9,2,0,3,0,1.6334,353.19,77.2,500.14,8642.05,6067.61,2,0.0139,0.8075,0,0
2026-09-03T22:46:55.913527+00:00,web_bruteforce_v1,web_bruteforce_v1__run_001,initial_access,T1110.003,24,4,1.8727,0.9397,0.0715,37006.31,24054.1,0.8236,120,78,0.2556,0.7239,0.2208,0.03,0.3108,7,11,1,0,5,0,1.523,308.39,81.26,486.81,8998.16,8678.68,3,0.0484,0.0769,0,2
2026-09-03T22:47:00.913527+00:00,web_bruteforce_v1,web_bruteforce_v1__run_001,initial_access,T1110.003,21,4,1.7763,0.9833,0.054,41175.13,21894.71,0.8156,126,67,0.2334,0.5498,0.1824,0.0244,0.2556,6,10,1,1,4,0,1.8652,326.79,95.07,531.67,6190.29,7737.2,2,0.0,1.5945,0,1
2026-09-03T22:47:05.913527+00:00,web_bruteforce_v1,web_bruteforce_v1__run_001,initial_access,T1110.003,21,4,1.8628,1.0,0.0299,61595.03,58661.93,0.7383,168,160,0.1905,0.4806,0.2349,0.0378,0.3482,5,9,2,1,3,0,1.0482,366.64,90.75,525.35,6781.5,6920.46,1,0.0644,1.0972,0,1
2026-09-03T22:47:10.913527+00:00,web_bruteforce_v1,web_bruteforce_v1__run_001,initial_access,T1110.003,25,4,1.969,1.0,0.0181,48045.74,32350.8,0.8371,150,101,0.1609,0.2979,0.2038,0.0174,0.256,7,11,2,1,5,0,1.4841,320.3,100.09,596.82,8268.54,7259.24,4,0.0,1.5651,0,3
2026-09-03T22:47:15.913527+00:00,web_bruteforce_v1,web_bruteforce_v1__run_001,initial_access,T1110.003,16,4,1.9772,0.9803,0.0251,35889.88,24353.85,0.808,112,76,0.142,0.4141,0.1722,0.0314,0.2664,4,7,1,1,3,0,1.4699,320.45,71.4,461.49,8137.39,6701.58,2,0.0129,0.7834,0,0
2026-09-03T22:47:20.913527+00:00,web_bruteforce_v1,web_bruteforce_v1__run_001,initial_access,T1110.003,31,4,1.9518,1.0,0.0,71966.38,66328.46,0.8338,217,200,0.1044,0.2165,0.197,0.0154,0.2431,8,14,4,1,5,0,1.0797,331.64,90.39,641.76,8790.39,7670.23,4,0.0342,0.7898,0,0
2026-09-03T22:47:25.913527+00:00,web_bruteforce_v1,web_bruteforce_v1__run_001,initial_access,T1110.003,24,4,1.9491,1.0,0.0,54577.56,48513.38,0.8726,144,128,0.2091,0.3656,0.2138,0.0401,0.334,7,11,1,0,4,0,1.123,379.01,123.93,684.05,8229.27,8095.44,2,0.0834,0.0,0,0
2026-09-03T22:47:30.913527+00:00,web_bruteforce_v1,web_bruteforce_v1__run_001,initial_access,T1110.003,30,4,1.8892,0.9865,0.0099,61673.58,33920.47,0.7979,180,99,0.2746,0.7727,0.2125,0.0418,0.3379,9,13,3,2,5,0,1.8174,342.63,90.63,654.86,7666.73,5520.74,2,0.0126,0.8758,0,2
2026-09-03T22:47:35.913527+00:00,web_bruteforce_v1,web_bruteforce_v1__run_001,initial_access,T1110.003,32,4,1.9424,0.9746,0.0089,50255.59,30467.45,0.8293,160,97,0.2617,0.5046,0.1939,0.0436,0.3246,10,13,2,1,6,0,1.6386,314.1,80.18,474.72,8415.51,7764.35,4,0.0562,1.5544,0,1
2026-09-03T22:47:40.913527+00:00,web_bruteforce_v1,web_bruteforce_v1__run_001,initial_access,T1110.003,27,4,1.926,0.9773,0.0093,88087.0,81562.04,0.829,270,250,0.2461,0.5098,0.1948,0.0219,0.2604,6,12,2,0,5,0,1.0783,326.25,107.99,720.85,6582.56,9347.17,2,0.0,0.8173,0,0
2026-09-03T22:47:45.913527+00:00,web_bruteforce_v1,web_bruteforce_v1__run_001,initial_access,T1110.003,31,4,1.9852,0.9931,0.0,75285.17,53428.19,0.8328,217,154,0.2172,0.3596,0.1863,0.0352,0.2918,9,13,3,1,5,0,1.4074,346.94,80.21,518.05,7508.33,8340.25,3,0.0,0.5712,0,0
2026-09-03T22:47:50.913527+00:00,web_bruteforce_v1,web_bruteforce_v1__run_001,initial_access,T1110.003,16,4,1.805,1.0,0.0,35274.1,31599.72,0.8412,96,86,0.1781,0.2137,0.1705,0.0278,0.2538,5,7,1,0,3,0,1.1052,367.44,119.66,648.23,6856.31,8264.84,1,0.0424,0.4554,0,1
2026-09-03T22:47:55.913527+00:00,web_bruteforce_v1,web_bruteforce_v1__run_001,initial_access,T1110.003,39,4,1.96,1.0,0.0,26894.99,30687.87,0.7753,78,89,0.227,0.6095,0.184,0.0216,0.2489,10,17,5,1,9,0,0.8727,344.81,100.64,657.55,8137.16,8147.23,4,0.0,0.8275,0,2
2026-09-03T22:48:00.913527+00:00,web_bruteforce_v1,web_bruteforce_v1__run_001,initial_access,T1110.003,19,4,1.8732,1.0,0.0047,68343.86,48360.28,0.7371,171,121,0.1942,0.4141,0.1664,0.0227,0.2346,4,8,1,0,3,0,1.4127,399.67,142.08,906.74,7807.55,6595.62,1,0.0055,0.6437,0,0
2026-09-03T22:48:05.913527+00:00,web_bruteforce_v1,web_bruteforce_v1__run_001,initial_access,T1110.003,24,4,1.8956,0.9658,0.0562,44898.68,44150.37,0.8893,120,118,0.265,0.6554,0.2078,0.0165,0.2573,7,10,3,1,3,0,1.0114,374.16,102.92,622.25,8290.92,8291.98,2,0.0,0.917,0,0
2026-09-03T22:48:10.913527+00:00,web_bruteforce_v1,web_bruteforce_v1__run_001,initial_access,T1110.003,15,4,1.8323,1.0,0.0056,36939.73,24978.29,0.8601,105,71,0.2331,0.6138,0.196,0.0193,0.2541,4,6,1,0,2,0,1.4767,351.81,68.74,513.19,7374.64,7408.5,1,0.019,1.4545,0,0
2026-09-03T22:48:15.913527+00:00,web_bruteforce_v1,web_bruteforce_v1__run_001,initial_access,T1110.003,21,4,1.8842,1.0,0.0,55755.89,35653.43,0.7562,147,94,0.2135,0.337,0.1937,0.0355,0.3001,6,9,2,1,4,0,1.5614,379.29,121.22,616.78,7808.11,9857.87,2,0.0149,1.4567,0,0
2026-09-03T22:48:20.913527+00:00,web_bruteforce_v1,web_bruteforce_v1__run_001,initial_access,T1110.003,18,4,1.9547,0.9341,0.0578,64741.4,52512.47,0.8764,180,146,0.2505,0.3768,0.2243,0.0497,0.3735,6,7,1,0,4,0,1.2283,359.67,73.86,560.28,9839.01,10612.2,2,0.0193,1.03,0,0
2026-09-03T22:48:25.913527+00:00,web_bruteforce_v1,web_bruteforce_v1__run_001,initial_access,T1110.003,26,4,1.7666,1.0,0.0287,43920.0,39528.0,0.891,130,117,0.1357,0.3864,0.2018,0.0159,0.2496,7,12,2,1,5,0,1.1019,337.85,88.04,537.31,8037.13,7733.8,3,0.0,1.1204,0,1
2026-09-03T22:48:30.913527+00:00,web_bruteforce_v1,web_bruteforce_v1__run_001,initial_access,T1110.003,31,4,1.9352,1.0,0.0371,40427.72,19235.77,0.7298,124,59,0.1356,0.2172,0.2171,0.0335,0.3177,8,13,3,2,6,0,2.0936,326.03,62.27,474.51,7762.88,7189.02,5,0.0277,0.5558,0,1
2026-09-03T22:48:35.913527+00:00,web_bruteforce_v1,web_bruteforce_v1__run_001,initial_access,T1110.003,23,4,1.9142,0.9878,0.0352,41030.93,39246.97,0.7984,115,110,0.1704,0.3917,0.1882,0.0407,0.3102,6,10,2,1,4,0,1.0453,356.79,90.3,578.35,7649.24,8242.6,2,0.0392,0.2606,0,1
2026-09-03T22:48:40.913527+00:00,web_bruteforce_v1,web_bruteforce_v1__run_001,initial_access,T1110.003,23,4,1.7623,0.9709,0.0582,52038.93,47513.81,0.7821,138,126,0.1846,0.2881,0.2054,0.0459,0.343,7,9,1,0,4,0,1.0889,377.09,102.65,700.59,7415.58,7651.74,3,0.0033,1.7727,0,0
2026-09-03T22:48:45.913527+00:00,web_bruteforce_v1,web_bruteforce_v1__run_001,initial_access,T1110.003,22,4,1.9495,1.0,0.0063,53669.13,52623.63,0.89,154,151,0.2431,0.3843,0.2382,0.0426,0.366,6,9,2,0,4,0,1.0136,348.5,96.67,611.02,6996.71,7441.79,2,0.0236,0.096,0,0
2026-09-03T22:48:50.913527+00:00,web_bruteforce_v1,web_bruteforce_v1__run_001,initial_access,T1110.003,31,4,1.93,0.9992,0.0,20524.61,15890.02,0.772,62,48,0.1398,0.2511,0.1381,0.0125,0.1756,9,14,2,1,5,0,1.2839,331.04,70.35,523.01,7211.92,9566.39,3,0.0,1.6575,0,0
2026-09-03T22:48:55.913527+00:00,web_bruteforce_v1,web_bruteforce_v1__run_001,initial_access,T1110.003,25,4,1.987,0.9917,0.0,38227.97,38227.97,0.7918,100,100,0.2756,0.433,0.2367,0.0183,0.2915,6,10,1,1,4,0,0.9953,382.28,128.21,823.66,8271.93,9942.24,3,0.0041,0.308,0,0
2026-09-03T22:49:00.913527+00:00,web_bruteforce_v1,web_bruteforce_v1__run_001,initial_access,T1110.003,31,4,1.9919,1.0,0.0124,54048.51,56489.41,0.8349,155,162,0.2233,0.3843,0.1525,0.0222,0.2191,8,13,3,1,6,0,0.9549,348.7,71.34,500.53,7807.22,8251.59,3,0.0166,1.0868,0,3
2026-09-03T22:49:05.913527+00:00,web_bruteforce_v1,web_bruteforce_v1__run_001,initial_access,T1110.003,36,4,1.9699,0.9788,0.0165,26148.7,22516.93,0.8196,72,62,0.1887,0.5077,0.1729,0.0302,0.2636,10,15,4,2,7,1,1.1522,363.18,72.07,505.13,8825.95,5607.82,5,0.0604,1.0568,0,1
2026-09-03T22:49:10.913527+00:00,web_bruteforce_v1,web_bruteforce_v1__run_001,initial_access,T1110.003,20,4,1.7394,1.0,0.0003,22826.65,19402.66,0.8702,60,51,0.2632,0.3347,0.208,0.0282,0.2927,5,8,1,2,3,0,1.1616,380.44,110.85,751.43,9415.81,9009.44,2,0.0298,0.4854,0,0
2026-09-03T22:49:15.913527+00:00,web_bruteforce_v1,web_bruteforce_v1__run_001,initial_access,T1110.003,32,4,1.8992,0.9566,0.0368,68328.62,67260.98,0.8367,192,189,0.1173,0.2874,0.1672,0.0254,0.2433,10,14,2,2,6,0,1.0127,355.88,97.96,672.78,10336.47,8400.14,4,0.0,1.5651,0,0
2026-09-03T22:49:20.913527+00:00,web_bruteforce_v1,web_bruteforce_v1__run_001,initial_access,T1110.003,27,4,1.9803,1.0,0.0,48468.7,43083.28,0.7039,135,120,0.2271,0.5045,0.2521,0.0305,0.3437,7,11,2,2,5,0,1.1211,359.03,78.41,533.18,6307.19,7891.67,3,0.0,1.5787,0,0
2026-09-03T22:49:25.913527+00:00,web_bruteforce_v1,web_bruteforce_v1__run_001,initial_access,T1110.003,32,4,1.962,1.0,0.0,22366.42,16425.34,0.8152,64,47,0.1742,0.2833,0.209,0.0314,0.3032,8,15,3,1,5,0,1.3535,349.48,93.84,594.07,8032.4,7016.67,4,0.009,0.3283,0,0
2026-09-03T22:49:30.913527+00:00,web_bruteforce_v1,web_bruteforce_v1__run_001,initial_access,T1110.003,26,4,1.9127,0.9676,0.0594,69646.25,74333.97,0.7646,208,222,0.2143,0.4893,0.209,0.0359,0.3168,8,10,2,0,4,0,0.934,334.84,97.03,633.55,7292.38,8818.22,2,0.0389,0.8281,0,0
2026-09-03T22:49:35.913527+00:00,web_bruteforce_v1,web_bruteforce_v1__run_001,initial_access,T1110.003,28,4,1.9506,0.9709,0.0346,81288.67,59152.02,0.8043,224,163,0.2409,0.5989,0.1837,0.039,0.3007,8,11,1,1,6,0,1.3721,362.9,94.55,525.07,8899.21,10411.91,4,0.0123,1.3686,0,1
2026-09-03T22:49:40.913527+00:00,web_bruteforce_v1,web_bruteforce_v1__run_001,initial_access,T1110.003,22,4,1.994,1.0,0.0,55385.94,33807.0,0.806,154,94,0.2345,0.6014,0.2358,0.0486,0.3818,7,10,2,1,5,0,1.6316,359.65,97.97,623.47,6280.61,8091.9,4,0.0332,1.0053,0,1
2026-09-03T22:49:45.913527+00:00,web_bruteforce_v1,web_bruteforce_v1__run_001,initial_access,T1110.003,29,4,1.9569,1.0,0.0,30651.08,28537.22,0.6986,87,81,0.0947,0.1547,0.1783,0.0394,0.2966,8,13,2,1,5,0,1.0729,352.31,119.28,643.69,8434.62,7507.48,3,0.0558,0.173,0,0
2026-09-03T22:49:50.913527+00:00,web_bruteforce_v1,web_bruteforce_v1__run_001,initial_access,T1110.003,28,4,1.8922,0.9575,0.0414,56526.96,41722.28,0.828,168,124,0.1839,0.4285,0.2247,0.0392,0.3422,7,12,2,1,5,0,1.3544,336.47,93.65,557.91,8138.37,8870.82,4,0.0236,1.0019,0,0
2026-09-03T22:49:55.913527+00:00,web_bruteforce_v1,web_bruteforce_v1__run_001,initial_access,T1110.003,16,4,1.8496,0.9912,0.0013,18547.54,17388.32,0.7774,64,60,0.1969,0.3605,0.2333,0.0477,0.3764,4,6,1,0,3,0,1.0575,289.81,84.89,458.52,5314.72,8877.39,2,0.0457,0.9264,0,0
2026-09-03T22:50:00.913527+00:00,web_bruteforce_v1,web_bruteforce_v1__run_001,initial_access,T1110.003,20,4,1.971,1.0,0.0,65110.2,41959.91,0.7679,180,116,0.2682,0.7728,0.2179,0.0445,0.3513,5,8,2,0,4,0,1.5401,361.72,113.79,654.68,6535.32,7085.81,2,0.0137,1.2165,0,0
2026-09-03T22:50:05.913527+00:00,web_bruteforce_v1,web_bruteforce_v1__run_001,initial_access,T1110.003,32,4,1.9837,1.0,0.0371,104428.08,95943.3,0.8331,320,294,0.1278,0.1733,0.1809,0.0268,0.2612,10,15,3,0,5,1,1.0874,326.34,91.07,604.76,8400.75,9772.4,4,0.0134,0.93,0,2
2026-09-03T22:50:10.913527+00:00,web_bruteforce_v1,web_bruteforce_v1__run_001,initial_access,T1110.003,25,4,1.8286,0.9951,0.0072,41653.48,48318.03,0.8067,125,145,0.1657,0.3976,0.173,0.0225,0.2405,7,11,3,1,6,0,0.8568,333.23,73.88,525.45,8358.88,9592.92,4,0.0527,0.8662,0,0
2026-09-03T22:50:15.913527+00:00,web_bruteforce_v1,web_bruteforce_v1__run_001,initial_access,T1110.003,26,4,1.8861,0.956,0.0266,38772.21,27587.92,0.7687,104,74,0.2666,0.4947,0.1757,0.0369,0.2864,7,11,2,1,4,0,1.4051,372.81,94.91,525.27,8235.21,6191.53,3,0.0598,0.5744,0,0
2026-09-03T22:50:20.913527+00:00,web_bruteforce_v1,web_bruteforce_v1__run_001,initial_access,T1110.003,25,4,1.8449,0.9881,0.0467,66161.59,70131.29,0.7694,200,212,0.2644,0.5047,0.1771,0.0378,0.2905,8,12,1,1,5,0,0.9426,330.81,84.47,618.79,7950.88,5744.89,3,0.023,0.3469,0,0
2026-09-03T22:50:25.913527+00:00,web_bruteforce_v1,web_bruteforce_v1__run_001,initial_access,T1110.003,21,4,1.8842,0.9582,0.0044,39639.68,38507.11,0.8195,105,102,0.1809,0.4824,0.1413,0.0307,0.2334,6,9,2,0,4,0,1.0291,377.52,120.24,654.68,7981.93,8086.23,2,0.0339,1.4452,0,0
2026-09-03T22:50:30.913527+00:00,web_bruteforce_v1,web_bruteforce_v1__run_001,initial_access,T1110.003,39,4,1.9735,0.9818,0.0279,84051.54,122228.79,0.8079,273,397,0.1896,0.4262,0.1864,0.0228,0.2549,11,17,3,2,6,1,0.6864,307.88,72.26,492.95,6844.15,9199.94,3,0.0794,0.9018,0,2
2026-09-03T22:50:35.913527+00:00,web_bruteforce_v1,web_bruteforce_v1__run_001,initial_access,T1110.003,24,4,1.9491,1.0,0.0,38978.21,26959.93,0.6988,120,83,0.1596,0.3811,0.1869,0.0207,0.2489,6,10,2,1,5,0,1.4335,324.82,76.38,448.02,8279.82,8007.29,2,0.0219,1.3402,0,0
2026-09-03T22:50:40.913527+00:00,web_bruteforce_v1,web_bruteforce_v1__run_001,initial_access,T1110.003,29,4,1.9175,0.9726,0.0161,143913.47,91234.27,0.7924,377,239,0.1649,0.463,0.2247,0.0374,0.3369,8,13,3,1,5,1,1.5772,381.73,91.21,543.35,7131.96,8809.05,3,0.0129,1.1954,0,1
2026-09-03T22:50:45.913527+00:00,web_bruteforce_v1,web_bruteforce_v1__run_001,initial_access,T1110.003,29,4,1.8482,0.9971,0.0205,30095.02,20755.19,0.8888,87,60,0.2752,0.7375,0.231,0.0267,0.3111,8,13,3,1,6,0,1.4284,345.92,76.85,490.87,8295.74,8892.17,4,0.0335,1.4954,0,0
2026-09-03T22:50:50.913527+00:00,web_bruteforce_v1,web_bruteforce_v1__run_001,initial_access,T1110.003,19,4,1.9313,1.0,0.0,33742.62,30901.14,0.7967,95,87,0.1194,0.1938,0.2349,0.0446,0.3686,5,9,1,0,4,0,1.0866,355.19,84.59,627.11,7031.14,6518.02,2,0.0,1.2342,0,0
2026-09-03T22:50:55.913527+00:00,web_bruteforce_v1,web_bruteforce_v1__run_001,initial_access,T1110.003,19,4,1.9938,0.9956,0.0155,19151.84,10415.91,0.8294,57,31,0.255,0.4923,0.2277,0.0357,0.3347,6,8,2,1,3,0,1.7993,336.0,59.6,457.66,7416.47,8251.23,2,0.0,1.168,0,0
2026-09-03T22:51:00.913527+00:00,web_bruteforce_v1,web_bruteforce_v1__run_001,initial_access,T1110.003,23,4,1.9621,1.0,0.0313,22021.49,15957.6,0.7846,69,50,0.1485,0.3912,0.1983,0.0349,0.303,6,9,2,1,5,0,1.3533,319.15,82.2,470.07,9927.59,9685.99,3,0.0616,1.9037,0,0
2026-09-03T22:51:05.913527+00:00,web_bruteforce_v1,web_bruteforce_v1__run_001,initial_access,T1110.003,18,4,1.7721,0.9576,0.0417,29780.39,26802.36,0.8454,90,81,0.1856,0.554,0.2336,0.0412,0.3573,6,8,1,1,3,0,1.0979,330.89,88.66,531.63,8272.88,10510.91,1,0.0,0.807,0,0
2026-09-03T22:51:10.913527+00:00,web_bruteforce_v1,web_bruteforce_v1__run_001,initial_access,T1110.003,25,4,1.8881,0.941,0.0715,87853.16,68174.05,0.8024,250,194,0.2202,0.6282,0.1946,0.0286,0.2805,8,11,2,0,5,0,1.2858,351.41,96.35,628.21,7977.26,8380.23,3,0.0038,0.8054,0,2
2026-09-03T22:51:15.913527+00:00,web_bruteforce_v1,web_bruteforce_v1__run_001,initial_access,T1110.003,27,4,1.8914,0.9734,0.028,97191.95,57595.23,0.7228,297,176,0.1081,0.2191,0.1582,0.0325,0.2557,8,11,3,0,5,0,1.6867,327.25,70.89,478.39,9876.86,8747.06,4,0.0061,0.061,0,2
2026-09-03T22:51:20.913527+00:00,web_bruteforce_v1,web_bruteforce_v1__run_001,initial_access,T1110.003,17,4,1.9328,0.9866,0.0297,17424.99,14008.32,0.7101,51,41,0.145,0.2561,0.2396,0.0349,0.3443,4,7,1,1,3,0,1.2157,341.67,113.63,580.94,8632.43,9745.56,1,0.0032,0.5723,0,0
2026-09-03T22:51:25.913527+00:00,web_bruteforce_v1,web_bruteforce_v1__run_001,initial_access,T1110.003,31,4,1.9742,1.0,0.0,62445.32,50023.4,0.8221,186,149,0.1692,0.335,0.2571,0.0448,0.3916,9,13,5,2,6,0,1.2433,335.73,107.32,728.36,4893.25,8015.39,4,0.0042,0.0,0,2
2026-09-03T22:51:30.913527+00:00,web_bruteforce_v1,web_bruteforce_v1__run_001,initial_access,T1110.003,31,4,1.9539,0.9413,0.0207,81206.06,50519.9,0.7455,217,135,0.2945,0.7183,0.2121,0.044,0.3442,10,13,3,2,5,0,1.6018,374.22,127.16,809.17,9529.3,7389.86,4,0.0821,1.0441,0,1
2026-09-03T22:51:35.913527+00:00,web_bruteforce_v1,web_bruteforce_v1__run_001,initial_access,T1110.003,21,4,1.8736,0.9113,0.0605,33270.13,18060.93,0.8311,105,57,0.0952,0.1534,0.1666,0.0187,0.2228,6,8,2,0,3,0,1.8334,316.86,87.85,488.9,7371.2,9311.9,1,0.0442,1.3188,0,0
2026-09-03T22:51:40.913527+00:00,web_bruteforce_v1,web_bruteforce_v1__run_001,initial_access,T1110.003,15,4,1.9656,0.9512,0.0505,28365.52,15758.62,0.7869,90,50,0.2648,0.4072,0.1926,0.0332,0.2921,3,7,2,0,3,0,1.7821,315.17,104.42,612.93,7949.42,7812.11,2,0.022,1.5178,0,0
2026-09-03T22:51:45.913527+00:00,web_bruteforce_v1,web_bruteforce_v1__run_001,initial_access,T1110.003,16,4,1.9772,1.0,0.0,25458.42,72874.72,0.7918,80,229,0.1436,0.3815,0.1787,0.02,0.2387,5,7,0,1,3,0,0.348,318.23,75.83,415.33,8207.52,7608.45,1,0.0,0.9696,0,0
2026-09-03T22:51:50.913527+00:00,web_bruteforce_v1,web_bruteforce_v1__run_001,initial_access,T1110.003,25,4,1.9574,1.0,0.0,50730.32,43289.87,0.8476,150,128,0.1248,0.2381,0.2179,0.028,0.302,7,11,1,1,5,0,1.1636,338.2,69.11,468.92,7445.07,8327.77,2,0.0446,0.4711,0,0
2026-09-03T22:51:55.913527+00:00,web_bruteforce_v1,web_bruteforce_v1__run_001,initial_access,T1110.003,33,4,1.8764,0.9945,0.0,59034.44,52236.53,0.849,165,146,0.2057,0.2669,0.1917,0.0352,0.2972,8,13,2,2,7,0,1.1229,357.78,129.3,640.12,9191.88,7064.91,5,0.0062,1.0803,0,0
2026-09-03T22:52:00.913527+00:00,web_bruteforce_v1,web_bruteforce_v1__run_001,initial_access,T1110.003,25,4,1.8729,1.0,0.016,60270.2,47182.96,0.7117,175,137,0.1422,0.1785,0.2024,0.0392,0.3201,7,11,2,1,4,0,1.2772,344.4,82.15,517.29,9321.97,7585.74,2,0.0,1.6578,0,0
2026-09-03T22:52:05.913527+00:00,web_bruteforce_v1,web_bruteforce_v1__run_001,initial_access,T1110.003,25,4,1.8744,0.9547,0.093,67982.72,47393.67,0.8832,175,122,0.1256,0.1975,0.23,0.0494,0.3781,7,10,1,1,4,0,1.4256,388.47,99.42,593.06,7774.79,7773.89,2,0.0381,1.1385,0,0
2026-09-03T22:52:10.913527+00:00,web_bruteforce_v1,web_bruteforce_v1__run_001,initial_access,T1110.003,20,4,1.9527,0.9619,0.026,41130.06,27077.29,0.8497,120,79,0.2401,0.6005,0.2356,0.0423,0.3624,6,9,1,1,4,0,1.5106,342.75,105.61,545.47,8387.43,9878.79,2,0.0563,0.1567,0,0
2026-09-03T22:52:15.913527+00:00,web_bruteforce_v1,web_bruteforce_v1__run_001,initial_access,T1110.003,24,4,1.9591,1.0,0.0,61249.15,41789.79,0.7866,192,131,0.2342,0.5825,0.1893,0.033,0.2882,7,11,2,0,3,0,1.4606,319.01,89.13,478.0,7874.1,7461.45,2,0.024,1.4319,0,0
2026-09-03T22:52:20.913527+00:00,web_bruteforce_v1,web_bruteforce_v1__run_001,initial_access,T1110.003,23,4,1.7421,0.9647,0.0273,36579.44,27832.18,0.737,92,70,0.1715,0.2149,0.2254,0.0302,0.3161,7,11,2,1,3,0,1.3103,397.6,124.04,746.27,6828.21,8693.13,2,0.0061,1.5678,0,0
2026-09-03T22:52:25.913527+00:00,web_bruteforce_v1,web_bruteforce_v1__run_001,initial_access,T1110.003,28,4,1.8454,1.0,0.0,104645.45,77125.06,0.8933,308,227,0.2158,0.3507,0.19,0.0213,0.2539,8,12,2,0,5,0,1.3518,339.76,140.92,831.59,7552.57,9167.68,3,0.0395,0.4841,0,0
2026-09-03T22:52:30.913527+00:00,web_bruteforce_v1,web_bruteforce_v1__run_001,initial_access,T1110.003,20,4,1.8834,0.9858,0.0,27677.16,14530.51,0.7839,80,42,0.1697,0.457,0.2023,0.0305,0.2937,5,9,2,1,3,0,1.8614,345.96,106.75,542.35,6871.56,5718.01,2,0.0388,1.3112,0,0
2026-09-03T22:52:35.913527+00:00,web_bruteforce_v1,web_bruteforce_v1__run_001,initial_access,T1110.003,23,4,1.882,0.9556,0.0646,78008.83,57658.7,0.8773,207,153,0.1493,0.2179,0.1994,0.0361,0.3077,6,10,2,1,5,0,1.3449,376.85,138.39,851.74,7956.1,9948.48,4,0.0237,1.2964,0,0
2026-09-03T22:52:40.913527+00:00,web_bruteforce_v1,web_bruteforce_v1__run_001,initial_access,T1110.003,31,4,1.8409,0.9953,0.0043,51645.31,30653.99,0.801,155,92,0.2914,0.7771,0.2121,0.0385,0.3275,9,13,2,2,5,0,1.6717,333.2,87.39,547.44,8709.03,8899.85,4,0.0428,0.7592,0,0
2026-09-03T22:52:45.913527+00:00,web_bruteforce_v1,web_bruteforce_v1__run_001,initial_access,T1110.003,28,4,1.7449,0.9898,0.0083,76853.69,96410.21,0.7511,224,281,0.2456,0.6346,0.1728,0.0375,0.2854,8,12,2,0,6,0,0.7951,343.1,111.3,668.79,8260.86,8977.63,4,0.0114,1.238,0,1
2026-09-03T22:52:50.913527+00:00,web_bruteforce_v1,web_bruteforce_v1__run_001,initial_access,T1110.003,17,4,1.9015,0.9996,0.0,43558.86,43558.86,0.8011,119,119,0.1258,0.2667,0.2486,0.0374,0.3607,4,6,2,1,2,0,0.9923,366.04,102.37,685.5,8961.59,9257.55,1,0.03,1.4892,0,0
2026-09-03T22:52:55.913527+00:00,web_bruteforce_v1,web_bruteforce_v1__run_001,initial_access,T1110.003,28,4,1.9852,0.9878,0.0,28053.37,25047.65,0.7891,84,75,0.1893,0.2417,0.1495,0.0306,0.2415,8,11,2,1,4,0,1.1165,333.97,82.8,527.62,10249.11,8278.23,2,0.0,1.001,0,0
2026-09-03T22:53:00.913527+00:00,web_bruteforce_v1,web_bruteforce_v1__run_001,initial_access,T1110.003,30,4,1.9167,1.0,0.0269,83896.99,47891.2,0.8366,240,137,0.2282,0.3843,0.2261,0.0247,0.3004,9,12,3,0,6,0,1.751,349.57,114.35,663.55,9268.13,9240.11,5,0.016,0.3989,0,0
2026-09-03T22:53:05.913527+00:00,web_bruteforce_v1,web_bruteforce_v1__run_001,initial_access,T1110.003,20,4,1.9261,1.0,0.0,29227.22,20093.71,0.8592,80,55,0.2726,0.6286,0.1872,0.0166,0.2372,6,8,2,0,4,0,1.4493,365.34,84.55,535.79,8647.4,8031.88,3,0.0,0.664,0,1
2026-09-03T22:53:10.913527+00:00,web_bruteforce_v1,web_bruteforce_v1__run_001,initial_access,T1110.003,19,4,1.899,0.9743,0.0235,6187.18,7164.1,0.8714,19,22,0.2336,0.622,0.2177,0.0209,0.2804,5,9,2,0,4,0,0.8339,325.64,80.04,474.56,6968.14,7183.82,2,0.0,0.9514,0,1
2026-09-03T22:53:15.913527+00:00,web_bruteforce_v1,web_bruteforce_v1__run_001,initial_access,T1110.003,19,4,1.7143,1.0,0.0,79070.83,36860.09,0.928,266,124,0.1061,0.2432,0.2145,0.0162,0.2629,6,8,1,1,3,0,2.1286,297.26,60.36,425.17,8641.52,8117.9,2,0.0413,0.4309,0,1
2026-09-03T22:53:20.913527+00:00,web_bruteforce_v1,web_bruteforce_v1__run_001,initial_access,T1110.003,31,4,1.8792,0.9829,0.0,121034.07,116774.8,0.8355,341,329,0.1372,0.229,0.1823,0.0218,0.2476,9,14,2,2,5,0,1.0338,354.94,96.89,561.11,8616.62,8824.19,4,0.0092,1.0051,0,0
2026-09-03T22:53:25.913527+00:00,web_bruteforce_v1,web_bruteforce_v1__run_001,initial_access,T1110.003,21,4,1.7723,1.0,0.0254,33214.09,15816.23,0.8272,84,40,0.3008,0.7845,0.2408,0.0232,0.3104,6,9,1,0,3,0,2.0784,395.41,87.55,593.48,7208.07,9291.2,2,0.0298,1.0671,0,1
2026-09-03T22:53:30.913527+00:00,web_bruteforce_v1,web_bruteforce_v1__run_001,initial_access,T1110.003,35,4,1.9461,1.0,0.0139,156095.88,102920.36,0.8367,455,300,0.1111,0.3251,0.1893,0.0309,0.2819,10,17,4,2,5,0,1.5156,343.07,98.37,670.55,7587.26,8961.3,2,0.0351,1.6471,0,1
2026-09-03T22:53:35.913527+00:00,web_bruteforce_v1,web_bruteforce_v1__run_001,initial_access,T1110.003,25,4,1.969,0.939,0.008,83951.21,100405.65,0.7165,250,299,0.1595,0.1937,0.176,0.0245,0.2494,7,10,2,1,3,0,0.8356,335.8,90.17,485.72,8987.85,8203.08,1,0.011,0.4877,0,0
2026-09-03T22:53:40.913527+00:00,web_bruteforce_v1,web_bruteforce_v1__run_001,initial_access,T1110.003,25,4,1.7739,1.0,0.0,79180.12,50323.37,0.8378,225,143,0.1882,0.5108,0.2226,0.0303,0.3135,7,11,3,1,4,0,1.5657,351.91,110.41,738.11,8513.67,6193.15,2,0.0018,1.4393,0,0
2026-09-03T22:53:45.913527+00:00,web_bruteforce_v1,web_bruteforce_v1__run_001,initial_access,T1110.003,22,4,1.8371,1.0,0.0212,44898.81,34014.25,0.7402,132,100,0.2551,0.6941,0.2132,0.0198,0.2725,6,10,2,1,5,0,1.3132,340.14,77.22,490.41,8828.26,8215.83,2,0.0086,1.2124,0,0
2026-09-03T22:53:50.913527+00:00,web_bruteforce_v1,web_bruteforce_v1__run_001,initial_access,T1110.003,27,4,1.8397,1.0,0.0,66232.46,69736.82,0.8508,189,199,0.2604,0.609,0.1732,0.0158,0.2205,7,12,2,1,5,0,0.9479,350.44,111.56,590.83,8059.49,8969.11,4,0.0145,0.9096,0,1
2026-09-03T22:53:55.913527+00:00,web_bruteforce_v1,web_bruteforce_v1__run_001,initial_access,T1110.003,19,4,1.871,1.0,0.0,21934.28,12698.79,0.8392,57,33,0.1761,0.2887,0.2111,0.0273,0.2929,5,8,2,1,3,0,1.7108,384.81,109.07,664.85,9147.2,7363.31,1,0.0517,1.9217,0,0
2026-09-03T22:54:00.913527+00:00,web_bruteforce_v1,web_bruteforce_v1__run_001,initial_access,T1110.003,24,4,1.8292,1.0,0.0,23550.08,18316.73,0.834,72,56,0.243,0.5859,0.2103,0.0196,0.2691,7,10,2,1,3,0,1.2784,327.08,67.32,451.57,9181.23,9514.94,1,0.0318,0.9033,0,1
2026-09-03T22:54:05.913527+00:00,web_bruteforce_v1,web_bruteforce_v1__run_001,initial_access,T1110.003,17,4,1.904,1.0,0.0,31315.71,32236.76,0.8143,102,105,0.3134,0.7211,0.2636,0.0424,0.3908,5,7,1,0,3,0,0.9677,307.02,52.81,421.39,8780.49,8048.74,1,0.0676,2.5617,0,2
2026-09-03T22:54:10.913527+00:00,web_bruteforce_v1,web_bruteforce_v1__run_001,initial_access,T1110.003,16,4,1.8829,0.945,0.1008,51246.92,31628.96,0.8849,128,79,0.1663,0.3545,0.1846,0.0373,0.2964,4,7,1,1,3,0,1.6082,400.37,88.99,577.33,8029.94,9120.06,2,0.0755,1.4637,0,0
2026-09-03T22:54:15.913527+00:00,web_bruteforce_v1,web_bruteforce_v1__run_001,initial_access,T1110.003,24,4,1.864,1.0,0.0176,16241.81,15226.7,0.7594,48,45,0.1877,0.3038,0.2715,0.0547,0.4356,6,11,2,1,5,0,1.0521,338.37,77.83,491.21,6833.75,8213.17,2,0.0,1.1964,0,0
2026-09-03T22:54:20.913527+00:00,web_bruteforce_v1,web_bruteforce_v1__run_001,initial_access,T1110.003,29,4,1.9687,1.0,0.0,40018.55,28633.96,0.7674,116,83,0.0919,0.2036,0.2118,0.0376,0.3245,9,12,3,1,6,1,1.3954,344.99,88.28,535.35,7207.79,8401.46,3,0.011,1.1372,0,0
2026-09-03T22:54:25.913527+00:00,web_bruteforce_v1,web_bruteforce_v1__run_001,initial_access,T1110.003,24,4,1.9713,1.0,0.0193,32161.33,23785.99,0.8925,96,71,0.1639,0.4012,0.1993,0.0302,0.2899,7,10,2,1,4,0,1.3466,335.01,92.29,517.57,7297.56,9296.37,3,0.0,2.0423,0,0
2026-09-03T22:54:30.913527+00:00,web_bruteforce_v1,web_bruteforce_v1__run_001,initial_access,T1110.003,25,4,1.9133,0.9923,0.0,53240.8,28040.15,0.8265,150,79,0.1444,0.3401,0.2271,0.0309,0.3198,7,11,2,1,5,0,1.8822,354.94,89.63,526.2,7942.89,8263.45,4,0.0334,1.4868,0,0
2026-09-03T22:54:35.913527+00:00,web_bruteforce_v1,web_bruteforce_v1__run_001,initial_access,T1110.003,29,4,1.9146,1.0,0.0,49487.68,38224.97,0.7811,145,112,0.129,0.3277,0.2054,0.031,0.2984,8,12,2,0,5,0,1.2914,341.29,92.04,579.01,8089.97,5647.09,3,0.0294,0.719,0,0
2026-09-03T22:54:40.913527+00:00,web_bruteforce_v1,web_bruteforce_v1__run_001,initial_access,T1110.003,21,4,1.7814,1.0,0.0,28644.77,32054.86,0.8922,84,94,0.1906,0.2871,0.2049,0.0459,0.3427,6,9,1,1,4,0,0.8882,341.01,90.93,586.56,7019.91,10447.71,3,0.0792,0.3265,0,1
2026-09-03T22:54:45.913527+00:00,web_bruteforce_v1,web_bruteforce_v1__run_001,initial_access,T1110.003,16,4,1.9544,1.0,0.0,53190.14,38415.1,0.8362,144,104,0.2476,0.299,0.2239,0.0291,0.311,4,6,1,0,2,0,1.3721,369.38,89.73,506.73,7994.69,8622.29,1,0.0064,0.7448,0,0
2026-09-03T22:54:50.913527+00:00,web_bruteforce_v1,web_bruteforce_v1__run_001,initial_access,T1110.003,18,4,1.8163,0.9656,0.0087,37108.61,32298.23,0.7928,108,94,0.2487,0.7039,0.2425,0.0274,0.3247,5,7,0,0,3,0,1.1475,343.6,99.62,548.3,7349.88,7118.9,1,0.0742,0.8784,0,2
2026-09-03T22:54:55.913527+00:00,web_bruteforce_v1,web_bruteforce_v1__run_001,initial_access,T1110.003,24,4,1.9799,1.0,0.0,70306.43,86255.58,0.8041,216,265,0.1484,0.287,0.2579,0.0513,0.4117,8,11,2,2,5,0,0.8148,325.49,84.57,536.93,7766.23,7136.24,3,0.0491,1.096,0,0
2026-09-03T22:55:00.913527+00:00,web_bruteforce_v1,web_bruteforce_v1__run_001,initial_access,T1110.003,25,4,1.9574,1.0,0.0283,80300.46,44004.65,0.7839,250,137,0.1049,0.2127,0.1584,0.0275,0.241,7,11,2,0,5,0,1.8244,321.2,82.9,543.3,8127.82,6987.61,3,0.025,1.0911,0,1
2026-09-03T22:55:05.913527+00:00,web_bruteforce_v1,web_bruteforce_v1__run_001,initial_access,T1110.003,19,4,1.899,0.9803,0.0379,49022.7,32067.48,0.822,133,87,0.1435,0.3617,0.2007,0.031,0.2936,6,8,2,0,3,0,1.5218,368.59,116.0,606.65,8920.61,5253.16,2,0.0122,0.4342,0,2
2026-09-03T22:55:10.913527+00:00,web_bruteforce_v1,web_bruteforce_v1__run_001,initial_access,T1110.003,22,4,1.9808,1.0,0.0,38518.22,22410.6,0.7948,110,64,0.1851,0.5189,0.215,0.038,0.329,6,10,2,0,3,0,1.6944,350.17,78.25,490.72,8847.36,8053.29,2,0.0,1.5181,0,0
2026-09-03T22:55:15.913527+00:00,web_bruteforce_v1,web_bruteforce_v1__run_001,initial_access,T1110.003,24,4,1.9491,1.0,0.0,49957.0,98873.24,0.7081,144,285,0.3009,0.7914,0.1975,0.0249,0.2722,7,10,2,1,5,0,0.5051,346.92,88.98,584.64,9799.65,8267.82,4,0.0,0.598,0,1
2026-09-03T22:55:20.913527+00:00,web_bruteforce_v1,web_bruteforce_v1__run_001,initial_access,T1110.003,13,4,1.7759,1.0,0.0202,37635.17,26778.87,0.7648,104,74,0.3286,0.8017,0.2546,0.0465,0.394,3,6,1,0,2,0,1.3912,361.88,103.23,601.11,7240.82,7512.2,1,0.0096,1.091,0,1
2026-09-03T22:55:25.913527+00:00,web_bruteforce_v1,web_bruteforce_v1__run_001,initial_access,T1110.003,31,4,1.8834,1.0,0.0,52114.16,35303.14,0.8419,155,105,0.2572,0.6891,0.2102,0.0233,0.28,8,13,2,0,6,0,1.4731,336.22,97.06,573.56,9454.39,7883.72,5,0.0,0.5513,0,0
2026-09-03T22:55:30.913527+00:00,web_bruteforce_v1,web_bruteforce_v1__run_001,initial_access,T1110.003,36,4,1.9076,1.0,0.0425,84954.81,91697.25,0.812,252,272,0.183,0.2623,0.2082,0.0445,0.3418,10,17,2,2,6,0,0.925,337.12,99.57,537.34,7228.41,7676.14,5,0.0088,1.1562,0,0
2026-09-03T22:55:35.913527+00:00,web_bruteforce_v1,web_bruteforce_v1__run_001,initial_access,T1110.003,24,4,1.9899,0.9777,0.0289,43874.17,23033.94,0.7996,120,63,0.1976,0.5689,0.2228,0.0313,0.3166,7,10,3,0,5,0,1.8841,365.62,78.16,512.65,7869.3,7113.79,4,0.0545,0.9201,0,1
2026-09-03T22:55:40.913527+00:00,web_bruteforce_v1,web_bruteforce_v1__run_001,initial_access,T1110.003,20,4,1.9855,0.9775,0.0373,45818.18,41236.37,0.8285,120,108,0.2654,0.4935,0.1763,0.0239,0.248,6,9,2,1,4,0,1.1071,381.82,80.76,529.2,6318.89,9199.8,3,0.0066,0.7686,0,0
2026-09-03T22:55:45.913527+00:00,web_bruteforce_v1,web_bruteforce_v1__run_001,initial_access,T1110.003,23,4,1.9337,1.0,0.0248,37814.74,23346.49,0.747,115,71,0.237,0.547,0.2201,0.0467,0.3603,6,11,1,1,5,0,1.6188,328.82,88.19,541.41,8270.32,9994.38,3,0.0151,0.9652,0,1
2026-09-03T22:55:50.913527+00:00,web_bruteforce_v1,web_bruteforce_v1__run_001,initial_access,T1110.003,19,4,1.9938,1.0,0.0039,14358.11,10201.82,0.8009,38,27,0.1913,0.3676,0.245,0.0417,0.37,5,8,1,1,3,0,1.3656,377.85,122.21,770.74,7890.25,7991.33,2,0.0091,0.8405,0,0
2026-09-03T22:55:55.913527+00:00,web_bruteforce_v1,web_bruteforce_v1__run_001,initial_access,T1110.003,27,4,1.8464,1.0,0.0,35079.75,32481.25,0.8241,108,100,0.1251,0.3658,0.1832,0.0409,0.3061,8,11,2,0,5,0,1.0794,324.81,94.15,610.89,7658.48,7918.21,2,0.0201,0.462,0,0
2026-09-03T22:56:00.913527+00:00,web_bruteforce_v1,web_bruteforce_v1__run_001,initial_access,T1110.003,16,4,1.6774,1.0,0.0019,25333.91,24067.21,0.8311,80,76,0.1233,0.2204,0.2487,0.0263,0.3275,4,7,1,0,2,0,1.0441,316.67,59.34,489.23,6842.31,7034.96,1,0.0197,1.9561,0,0
2026-09-03T22:56:05.913527+00:00,web_bruteforce_v1,web_bruteforce_v1__run_001,initial_access,T1110.003,27,4,1.8062,0.9846,0.0326,46226.61,40405.48,0.8235,135,118,0.2329,0.4885,0.1993,0.0189,0.256,8,11,3,1,4,0,1.1375,342.42,121.6,713.66,6902.08,7173.3,2,0.0352,0.2564,0,1
2026-09-03T22:56:10.913527+00:00,web_bruteforce_v1,web_bruteforce_v1__run_001,initial_access,T1110.003,26,4,1.9259,0.9987,0.0181,107524.15,85342.59,0.8545,286,227,0.331,0.956,0.1996,0.0264,0.279,7,10,2,1,4,0,1.2596,375.96,129.6,748.17,7280.68,10181.63,3,0.0696,0.9317,0,1
2026-09-03T22:56:15.913527+00:00,web_bruteforce_v1,web_bruteforce_v1__run_001,initial_access,T1110.003,32,4,1.9252,1.0,0.0035,48419.83,33288.63,0.7575,128,88,0.2544,0.558,0.1839,0.0406,0.3056,9,13,2,2,5,0,1.4469,378.28,115.5,632.32,8755.64,6527.48,4,0.0732,1.7145,0,0
2026-09-03T22:56:20.913527+00:00,web_bruteforce_v1,web_bruteforce_v1__run_001,initial_access,T1110.003,27,4,1.7448,0.9991,0.0143,28600.16,22950.75,0.8468,81,65,0.2798,0.3416,0.2166,0.036,0.3247,7,11,3,0,5,0,1.2323,353.09,98.29,608.32,8045.2,8592.35,4,0.0,1.2044,0,1
2026-09-03T22:56:25.913527+00:00,web_bruteforce_v1,web_bruteforce_v1__run_001,initial_access,T1110.003,29,4,1.9553,1.0,0.0,43461.01,60695.55,0.8724,116,162,0.2089,0.4523,0.2081,0.0224,0.2753,8,13,3,0,5,0,0.7135,374.66,101.89,637.58,8927.18,8681.09,2,0.0233,1.045,0,1
2026-09-03T22:56:30.913527+00:00,web_bruteforce_v1,web_bruteforce_v1__run_001,initial_access,T1110.003,15,4,1.7056,0.9629,0.0141,17041.68,10603.71,0.8107,45,28,0.1889,0.338,0.217,0.032,0.3131,4,6,1,1,3,0,1.5586,378.7,122.67,624.24,8021.78,8023.52,2,0.0166,0.2731,0,0
2026-09-03T22:56:35.913527+00:00,web_bruteforce_v1,web_bruteforce_v1__run_001,initial_access,T1110.003,25,4,1.9574,1.0,0.0007,8832.12,7772.27,0.8806,25,22,0.2148,0.6221,0.1605,0.0239,0.2323,7,11,2,1,6,0,1.1181,353.28,110.98,668.9,7149.48,8685.74,4,0.0565,1.5047,0,0
2026-09-03T22:56:40.913527+00:00,web_bruteforce_v1,web_bruteforce_v1__run_001,initial_access,T1110.003,23,4,1.9853,0.9592,0.0594,38645.17,23859.19,0.8,115,71,0.1719,0.2733,0.262,0.0399,0.3817,7,9,2,1,3,0,1.6182,336.04,88.9,535.93,9476.96,8245.66,1,0.0281,1.2045,0,0
2026-09-03T22:56:45.913527+00:00,web_bruteforce_v1,web_bruteforce_v1__run_001,initial_access,T1110.003,31,4,1.9175,0.9758,0.0035,101330.27,94139.09,0.7347,310,288,0.2429,0.54,0.1967,0.0322,0.2931,9,14,3,2,6,0,1.0758,326.87,89.02,539.69,8192.97,9080.31,5,0.0482,0.2412,0,0
2026-09-03T22:56:50.913527+00:00,web_bruteforce_v1,web_bruteforce_v1__run_001,initial_access,T1110.003,21,4,1.9814,0.9881,0.0,73483.1,48988.73,0.7421,210,140,0.125,0.3487,0.1866,0.0331,0.2859,6,9,2,1,3,0,1.4978,349.92,101.74,574.14,7128.44,9153.02,1,0.0479,1.5752,0,0
2026-09-03T22:56:55.913527+00:00,web_bruteforce_v1,web_bruteforce_v1__run_001,initial_access,T1110.003,20,4,1.9261,0.9912,0.0,41605.2,33977.58,0.8235,120,98,0.1948,0.3906,0.2218,0.0235,0.2922,6,8,1,1,3,0,1.2134,346.71,107.01,582.59,7774.39,8262.23,2,0.0358,0.9255,0,0
2026-09-03T22:57:00.913527+00:00,web_bruteforce_v1,web_bruteforce_v1__run_001,initial_access,T1110.003,28,4,1.9788,1.0,0.0,38810.63,30494.06,0.7484,112,88,0.1975,0.2634,0.1833,0.0339,0.2851,8,12,3,1,5,0,1.265,346.52,99.74,582.16,9531.04,7817.22,4,0.0161,1.178,0,0
2026-09-03T22:57:05.913527+00:00,web_bruteforce_v1,web_bruteforce_v1__run_001,initial_access,T1110.003,29,4,1.9314,0.9847,0.0181,62233.74,54007.44,0.7454,174,151,0.1431,0.2954,0.1947,0.0241,0.267,9,13,4,1,4,0,1.1509,357.67,87.33,524.21,8544.42,7209.28,3,0.0235,1.2047,0,2
2026-09-03T22:57:10.913527+00:00,web_bruteforce_v1,web_bruteforce_v1__run_001,initial_access,T1110.003,33,4,1.9877,1.0,0.0202,47305.53,36554.28,0.7325,132,102,0.3022,0.4249,0.2401,0.0275,0.3226,9,14,3,1,7,0,1.288,358.38,103.94,715.13,5963.38,8550.77,4,0.0174,0.7126,0,2
2026-09-03T22:57:15.913527+00:00,web_bruteforce_v1,web_bruteforce_v1__run_001,initial_access,T1110.003,26,4,1.9259,1.0,0.0376,18459.76,14554.81,0.7564,52,41,0.1298,0.3534,0.2464,0.0539,0.4079,7,12,2,0,5,0,1.2418,355.0,89.16,527.4,7833.72,8113.39,3,0.0086,0.8126,0,0
2026-09-03T22:57:20.913527+00:00,web_bruteforce_v1,web_bruteforce_v1__run_001,initial_access,T1110.003,22,4,1.842,0.9767,0.0204,40281.82,57493.14,0.7957,110,157,0.2668,0.613,0.1888,0.0173,0.2406,6,9,1,1,4,0,0.6987,366.2,104.49,526.91,7370.71,6652.82,2,0.0,1.5271,0,0
2026-09-03T22:57:25.913527+00:00,web_bruteforce_v1,web_bruteforce_v1__run_001,initial_access,T1110.003,32,4,1.8458,1.0,0.0178,97735.31,88572.63,0.7285,256,232,0.1398,0.2323,0.1759,0.0143,0.2189,10,14,3,1,6,0,1.1016,381.78,108.59,733.73,7955.37,6569.41,4,0.0,0.4814,0,1
2026-09-03T22:57:30.913527+00:00,web_bruteforce_v1,web_bruteforce_v1__run_001,initial_access,T1110.003,35,4,1.898,0.9839,0.0,86375.67,62754.57,0.7789,245,178,0.2064,0.5564,0.1795,0.0277,0.2626,10,16,3,1,6,0,1.372,352.55,103.55,600.62,5909.68,8294.17,4,0.0501,0.0747,0,0
2026-09-03T22:57:35.913527+00:00,web_bruteforce_v1,web_bruteforce_v1__run_001,initial_access,T1110.003,30,4,1.8594,1.0,0.0,53024.76,36056.84,0.8319,150,102,0.1992,0.5497,0.2046,0.0378,0.3182,9,13,2,1,4,0,1.4672,353.5,92.37,581.27,9062.4,9580.72,2,0.0054,2.0869,0,1
2026-09-03T22:57:40.913527+00:00,web_bruteforce_v1,web_bruteforce_v1__run_001,initial_access,T1110.003,27,4,1.9727,1.0,0.0,88452.9,64064.65,0.8073,243,176,0.3296,0.8536,0.2037,0.0294,0.292,8,11,3,1,4,0,1.3766,364.0,106.03,600.93,7419.27,8454.86,2,0.0013,1.8016,0,1
2026-09-03T22:57:45.913527+00:00,web_bruteforce_v1,web_bruteforce_v1__run_001,initial_access,T1110.003,24,4,1.9713,0.9925,0.0222,23820.85,15218.87,0.808,72,46,0.3373,0.7915,0.2294,0.028,0.3134,8,10,2,0,5,0,1.5543,330.85,70.61,502.06,7871.68,8556.15,2,0.0605,1.3206,0,2
2026-09-03T22:57:50.913527+00:00,web_bruteforce_v1,web_bruteforce_v1__run_001,initial_access,T1110.003,28,4,1.7132,1.0,0.0,92406.83,57570.92,0.7995,252,157,0.0979,0.1814,0.1585,0.0223,0.2253,8,12,2,1,5,0,1.6018,366.69,84.14,584.41,7927.82,7521.58,3,0.0117,0.9205,0,1
2026-09-03T22:57:55.913527+00:00,web_bruteforce_v1,web_bruteforce_v1__run_001,initial_access,T1110.003,17,4,1.9328,1.0,0.0077,40736.96,37998.34,0.7556,119,111,0.1679,0.4006,0.1834,0.0256,0.2601,5,7,1,0,3,0,1.069,342.33,89.89,495.83,8614.78,9587.66,2,0.0628,1.136,0,1
2026-09-03T22:58:00.913527+00:00,web_bruteforce_v1,web_bruteforce_v1__run_001,initial_access,T1110.003,31,4,1.9315,0.9949,0.0,105641.92,79515.43,0.7918,279,210,0.1192,0.3055,0.2293,0.0309,0.322,8,13,3,2,6,0,1.3245,378.64,91.52,599.63,8302.29,9852.28,5,0.0128,0.035,0,0
2026-09-03T22:58:05.913527+00:00,web_bruteforce_v1,web_bruteforce_v1__run_001,initial_access,T1110.003,23,4,1.8503,0.9586,0.0421,61802.86,49375.11,0.818,184,147,0.1126,0.2605,0.1797,0.0204,0.2409,7,10,2,1,4,0,1.2466,335.89,118.48,747.72,8847.42,4955.13,2,0.0113,0.6022,0,0
2026-09-03T22:58:10.913527+00:00,web_bruteforce_v1,web_bruteforce_v1__run_001,initial_access,T1110.003,17,4,1.904,0.9654,0.0208,24709.85,17442.25,0.8108,68,48,0.1838,0.3165,0.2077,0.0446,0.3414,5,7,2,0,3,0,1.4031,363.38,84.39,505.87,7634.79,7710.74,1,0.1401,1.7138,0,0
2026-09-03T22:58:15.913527+00:00,web_bruteforce_v1,web_bruteforce_v1__run_001,initial_access,T1110.003,30,4,1.9656,1.0,0.0095,87668.04,76709.53,0.8353,240,210,0.1292,0.3332,0.19,0.024,0.2621,10,13,3,1,6,0,1.1398,365.28,105.77,700.68,7050.14,8695.16,3,0.0033,0.7062,0,1
2026-09-03T22:58:20.913527+00:00,web_bruteforce_v1,web_bruteforce_v1__run_001,initial_access,T1110.003,20,4,1.9261,1.0,0.0171,55707.87,52226.13,0.7456,160,150,0.1623,0.4834,0.1287,0.0159,0.1764,6,9,1,1,4,0,1.0654,348.17,102.37,578.6,7222.1,8175.71,3,0.0,1.4271,0,1
2026-09-03T22:58:25.913527+00:00,web_bruteforce_v1,web_bruteforce_v1__run_001,initial_access,T1110.003,26,4,1.6888,0.9584,0.0376,68888.78,51997.78,0.8255,208,157,0.1935,0.4658,0.2114,0.0363,0.3202,7,11,2,1,6,0,1.318,331.2,66.16,465.45,8153.02,9160.48,4,0.0572,0.3275,0,0
2026-09-03T22:58:30.913527+00:00,web_bruteforce_v1,web_bruteforce_v1__run_001,initial_access,T1110.003,28,4,1.9628,0.9915,0.027,119217.15,117797.89,0.8074,336,332,0.1114,0.1971,0.2496,0.045,0.3845,8,12,2,1,5,0,1.0105,354.81,78.4,497.45,7930.12,9207.51,3,0.0,0.6127,0,0
2026-09-03T22:58:35.913527+00:00,web_bruteforce_v1,web_bruteforce_v1__run_001,initial_access,T1110.003,29,4,1.9904,1.0,0.0,63042.08,40941.12,0.8649,174,113,0.1093,0.2819,0.2127,0.0314,0.307,7,12,2,0,5,0,1.5387,362.31,95.38,580.88,6676.84,7005.2,4,0.0301,0.5715,0,0
2026-09-03T22:58:40.913527+00:00,web_bruteforce_v1,web_bruteforce_v1__run_001,initial_access,T1110.003,34,4,1.9774,0.9946,0.0031,79514.07,48777.54,0.7134,238,146,0.1816,0.31,0.2308,0.0206,0.2928,8,14,4,2,6,0,1.6296,334.09,65.28,481.07,8688.07,9233.89,5,0.061,0.2075,0,1
2026-09-03T22:58:45.913527+00:00,web_bruteforce_v1,web_bruteforce_v1__run_001,initial_access,T1110.003,31,4,1.9794,1.0,0.0014,51619.07,40962.23,0.7574,155,123,0.2735,0.4704,0.1931,0.0252,0.2689,10,13,2,2,6,0,1.2597,333.03,88.77,590.68,9336.25,5465.97,4,0.0676,0.6577,0,0
2026-09-03T22:58:50.913527+00:00,web_bruteforce_v1,web_bruteforce_v1__run_001,initial_access,T1110.003,36,4,1.9412,0.9725,0.0113,116321.34,103755.77,0.8536,324,289,0.0992,0.2498,0.1903,0.0354,0.2966,8,15,3,2,8,0,1.1188,359.02,96.01,647.32,8363.91,7926.47,4,0.0,0.485,0,1
2026-09-03T22:58:55.913527+00:00,web_bruteforce_v1,web_bruteforce_v1__run_001,initial_access,T1110.003,20,4,1.9527,1.0,0.0107,14861.78,10031.7,0.7446,40,27,0.2348,0.5408,0.1697,0.0326,0.2675,5,9,1,1,3,0,1.4738,371.54,80.97,530.95,9629.51,8044.77,2,0.0305,1.6194,0,0
2026-09-03T22:59:00.913527+00:00,web_bruteforce_v1,web_bruteforce_v1__run_001,initial_access,T1110.003,39,4,1.9749,1.0,0.0,77555.71,63304.02,0.8524,234,191,0.2034,0.2586,0.1444,0.0176,0.1973,10,18,3,1,7,0,1.2247,331.43,87.82,597.99,7828.9,7931.3,6,0.0501,1.6245,0,0
2026-09-03T22:59:05.913527+00:00,web_bruteforce_v1,web_bruteforce_v1__run_001,initial_access,T1110.003,23,4,1.8973,1.0,0.0,68560.75,49557.5,0.6836,184,133,0.1415,0.2215,0.2109,0.0434,0.3411,6,10,2,1,4,0,1.3806,372.61,125.09,668.61,7786.17,9128.44,2,0.0,1.0912,0,0
2026-09-03T22:59:10.913527+00:00,web_bruteforce_v1,web_bruteforce_v1__run_001,initial_access,T1110.003,22,4,1.8955,0.9503,0.0596,31230.23,20583.56,0.7988,88,58,0.1314,0.2727,0.2227,0.0437,0.3537,5,9,2,1,4,0,1.5151,354.89,87.1,597.39,7772.9,7341.33,2,0.0,1.1752,0,0
2026-09-03T22:59:15.913527+00:00,web_bruteforce_v1,web_bruteforce_v1__run_001,initial_access,T1110.003,31,4,1.8937,1.0,0.0052,30459.7,23581.7,0.8018,93,72,0.1023,0.1406,0.1714,0.034,0.2733,9,14,3,0,6,0,1.2885,327.52,103.93,593.87,10042.5,6829.97,4,0.0572,0.3869,0,0
2026-09-03T22:59:20.913527+00:00,web_bruteforce_v1,web_bruteforce_v1__run_001,initial_access,T1110.003,15,4,1.7819,0.9824,0.0206,60889.52,59198.14,0.9194,180,175,0.2983,0.6445,0.2196,0.0457,0.3567,4,6,1,0,2,0,1.0241,338.28,63.0,431.65,7633.51,8501.3,1,0.0,0.1582,0,2
2026-09-03T22:59:25.913527+00:00,web_bruteforce_v1,web_bruteforce_v1__run_001,initial_access,T1110.003,28,4,1.9766,1.0,0.0,99659.43,72253.09,0.8671,280,203,0.1154,0.3342,0.1503,0.0253,0.2262,9,13,3,1,5,0,1.3754,355.93,118.39,634.11,8905.88,8166.97,4,0.0026,1.3228,0,1
2026-09-03T22:59:30.913527+00:00,web_bruteforce_v1,web_bruteforce_v1__run_001,initial_access,T1110.003,30,4,1.9135,1.0,0.0,38379.63,25906.25,0.7209,120,81,0.2811,0.6633,0.1889,0.0213,0.2528,8,13,2,2,6,0,1.4747,319.83,74.26,489.58,9524.32,7403.25,3,0.0249,0.4187,0,1
2026-09-03T22:59:35.913527+00:00,web_bruteforce_v1,web_bruteforce_v1__run_001,initial_access,T1110.003,21,4,1.9035,1.0,0.0,13287.23,8225.43,0.8467,42,26,0.2251,0.5553,0.1957,0.0277,0.2788,6,9,2,2,4,0,1.5639,316.36,81.58,481.19,7327.5,7464.6,2,0.0,0.8047,0,0
2026-09-03T22:59:40.913527+00:00,web_bruteforce_v1,web_bruteforce_v1__run_001,initial_access,T1110.003,28,4,1.8294,1.0,0.0,57677.72,31585.42,0.787,168,92,0.1621,0.409,0.1782,0.0394,0.2965,7,11,1,2,5,0,1.8222,343.32,95.08,591.7,8289.13,8051.17,3,0.0546,0.9043,0,0
2026-09-03T22:59:45.913527+00:00,web_bruteforce_v1,web_bruteforce_v1__run_001,initial_access,T1110.003,24,4,1.9218,1.0,0.0297,49223.62,38285.04,0.9054,144,112,0.1704,0.4274,0.2117,0.0427,0.3398,7,10,2,1,4,0,1.278,341.83,96.71,544.91,8376.23,8771.62,2,0.0327,1.5592,0,1
2026-09-03T22:59:50.913527+00:00,web_bruteforce_v1,web_bruteforce_v1__run_001,initial_access,T1110.003,17,4,1.8654,0.964,0.0411,36928.8,23533.06,0.7981,102,65,0.128,0.2752,0.168,0.0274,0.2503,5,7,1,0,3,0,1.5659,362.05,90.51,587.79,8891.91,6419.28,1,0.0171,0.0337,0,1
2026-09-03T22:59:55.913527+00:00,web_bruteforce_v1,web_bruteforce_v1__run_001,initial_access,T1110.003,22,4,1.9698,0.9969,0.0,32378.47,38633.4,0.9131,88,105,0.1433,0.3458,0.1894,0.0309,0.2822,6,9,2,1,3,0,0.8359,367.94,90.07,587.36,7522.39,9197.06,1,0.0,0.7618,0,0
2026-09-03T23:00:00.913527+00:00,web_bruteforce_v1,web_bruteforce_v1__run_001,initial_access,T1110.003,29,4,1.8553,1.0,0.0,40713.92,25621.69,0.7886,116,73,0.1248,0.1768,0.1924,0.0393,0.3101,8,12,2,1,4,0,1.5877,350.98,89.41,578.17,8205.76,7266.33,2,0.0174,0.3327,0,1
2026-09-03T23:00:05.913527+00:00,web_bruteforce_v1,web_bruteforce_v1__run_001,initial_access,T1110.003,23,4,1.9142,0.9682,0.0574,79628.1,67668.14,0.8762,253,215,0.2265,0.452,0.1652,0.0138,0.2066,6,9,2,1,4,0,1.1725,314.74,87.07,520.46,8137.67,5828.54,2,0.0152,0.2575,0,2
2026-09-03T23:00:10.913527+00:00,web_bruteforce_v1,web_bruteforce_v1__run_001,initial_access,T1110.003,31,4,1.9649,0.9847,0.0214,116778.48,98696.65,0.8207,310,262,0.1592,0.4414,0.2267,0.0394,0.345,9,14,2,1,5,0,1.1799,376.7,108.93,624.54,8019.28,5863.33,2,0.0201,0.9619,0,1
2026-09-03T23:00:15.913527+00:00,web_bruteforce_v1,web_bruteforce_v1__run_001,initial_access,T1110.003,43,4,1.8406,0.9816,0.018,119213.21,85597.86,0.8275,344,247,0.2302,0.298,0.1646,0.0293,0.2526,13,17,3,1,7,0,1.3908,346.55,108.84,732.23,8918.85,8115.08,4,0.0497,1.347,0,1
2026-09-03T23:00:20.913527+00:00,web_bruteforce_v1,web_bruteforce_v1__run_001,initial_access,T1110.003,29,4,1.9841,1.0,0.0156,81721.41,63052.29,0.8252,232,179,0.1816,0.447,0.1497,0.0257,0.2269,8,13,2,1,6,0,1.2919,352.25,88.3,524.45,8830.59,8195.18,4,0.0,1.5272,0,1
2026-09-03T23:00:25.913527+00:00,web_bruteforce_v1,web_bruteforce_v1__run_001,initial_access,T1110.003,37,4,1.9784,1.0,0.0,125534.89,128927.72,0.7807,333,342,0.158,0.409,0.1877,0.0219,0.2535,11,18,3,1,7,0,0.9712,376.98,119.6,662.85,7729.5,8905.51,6,0.0217,0.7704,0,2
2026-09-03T23:00:30.913527+00:00,web_bruteforce_v1,web_bruteforce_v1__run_001,initial_access,T1110.003,32,4,1.9576,0.9765,0.0312,84015.87,84015.87,0.8821,224,224,0.0977,0.2173,0.1649,0.0358,0.2723,9,15,3,1,5,0,0.9977,375.07,108.85,656.55,5700.87,7192.26,4,0.0753,0.7329,0,2
2026-09-03T23:00:35.913527+00:00,web_bruteforce_v1,web_bruteforce_v1__run_001,initial_access,T1110.003,27,4,1.8914,0.9969,0.0074,55577.71,125564.45,0.7732,162,366,0.1786,0.5188,0.1704,0.0207,0.2324,8,12,1,0,5,0,0.4422,343.07,68.19,495.98,8126.41,7258.3,3,0.0366,0.9601,0,1
2026-09-03T23:00:40.913527+00:00,web_bruteforce_v1,web_bruteforce_v1__run_001,initial_access,T1110.003,25,4,1.737,1.0,0.0,26890.45,21512.36,0.7275,75,60,0.1489,0.3475,0.1916,0.0386,0.3073,7,11,1,1,4,0,1.2325,358.54,126.0,645.47,8979.47,8877.9,3,0.0312,1.3509,0,1
2026-09-03T23:00:45.913527+00:00,web_bruteforce_v1,web_bruteforce_v1__run_001,initial_access,T1110.003,24,4,1.9329,0.9326,0.049,41712.92,26418.18,0.8033,120,76,0.1226,0.3544,0.2196,0.0255,0.296,7,10,2,1,5,1,1.5598,347.61,105.06,653.68,7607.69,7568.81,4,0.0101,1.832,0,1
2026-09-03T23:00:50.913527+00:00,web_bruteforce_v1,web_bruteforce_v1__run_001,initial_access,T1110.003,28,4,1.9852,1.0,0.0,68107.57,47258.32,0.765,196,136,0.1711,0.3222,0.1962,0.0276,0.2791,8,12,2,1,6,0,1.4392,347.49,107.18,672.39,8343.55,5808.78,4,0.0325,1.3211,0,0
2026-09-03T23:00:55.913527+00:00,web_bruteforce_v1,web_bruteforce_v1__run_001,initial_access,T1110.003,30,4,1.9038,0.9887,0.0,19153.36,18195.69,0.7891,60,57,0.1902,0.5318,0.2058,0.0455,0.3422,9,13,2,1,6,0,1.0389,319.22,89.87,592.58,7800.1,9189.75,5,0.0008,0.6354,0,1
2026-09-03T23:01:00.913527+00:00,web_bruteforce_v1,web_bruteforce_v1__run_001,initial_access,T1110.003,19,4,1.799,1.0,0.0,29505.89,26710.6,0.7711,95,86,0.2237,0.4532,0.1693,0.0234,0.2395,5,8,1,0,3,0,1.0936,310.59,93.15,443.44,8045.27,9121.59,2,0.0467,1.1103,0,1
2026-09-03T23:01:05.913527+00:00,web_bruteforce_v1,web_bruteforce_v1__run_001,initial_access,T1110.003,13,4,1.7759,0.9809,0.0167,24932.68,26083.42,0.7991,65,68,0.1953,0.2732,0.1935,0.0314,0.2877,4,5,1,0,2,0,0.9474,383.58,123.18,605.41,8078.7,8542.92,1,0.0052,1.207,0,0
2026-09-03T23:01:10.913527+00:00,web_bruteforce_v1,web_bruteforce_v1__run_001,initial_access,T1110.003,17,4,1.7345,1.0,0.0159,26283.23,21645.01,0.7926,68,56,0.2088,0.4156,0.2291,0.0302,0.3198,5,7,1,0,3,0,1.2033,386.52,107.76,649.89,7861.01,8390.72,2,0.0,0.1614,0,0
2026-09-03T23:01:15.913527+00:00,web_bruteforce_v1,web_bruteforce_v1__run_001,initial_access,T1110.003,20,4,1.9406,1.0,0.0052,59704.91,62690.15,0.7742,160,168,0.2332,0.3735,0.1937,0.0419,0.3193,5,8,2,0,4,0,0.949,373.16,117.62,612.8,8190.66,9298.3,2,0.0366,0.6227,0,0
2026-09-03T23:01:20.913527+00:00,web_bruteforce_v1,web_bruteforce_v1__run_001,initial_access,T1110.003,19,4,1.9593,0.9664,0.0532,69651.6,54621.52,0.7312,190,149,0.1266,0.2282,0.2346,0.0254,0.3109,5,8,1,0,3,0,1.2742,366.59,86.58,517.15,8261.45,8138.9,2,0.0338,0.8987,0,1
2026-09-03T23:01:25.913527+00:00,web_bruteforce_v1,web_bruteforce_v1__run_001,initial_access,T1110.003,25,4,1.906,1.0,0.0385,59621.03,45311.98,0.8832,175,133,0.22,0.5868,0.1507,0.0213,0.2146,7,11,3,1,4,0,1.3146,340.69,83.82,543.21,8728.47,8121.03,3,0.0,1.1477,0,0
2026-09-03T23:01:30.913527+00:00,web_bruteforce_v1,web_bruteforce_v1__run_001,initial_access,T1110.003,31,4,1.944,0.9914,0.0,57942.26,75138.02,0.7953,155,201,0.2645,0.457,0.166,0.0292,0.2537,8,14,3,2,5,0,0.7682,373.82,129.71,796.48,6377.62,9881.19,3,0.0025,1.5929,0,1
2026-09-03T23:01:35.913527+00:00,web_bruteforce_v1,web_bruteforce_v1__run_001,initial_access,T1110.003,35,4,1.9336,1.0,0.0,200785.64,208434.62,0.834,525,545,0.1251,0.2246,0.196,0.0184,0.2512,11,14,3,3,6,0,0.9617,382.45,104.33,589.42,5897.37,9601.25,4,0.018,1.141,0,2
2026-09-03T23:01:40.913527+00:00,web_bruteforce_v1,web_bruteforce_v1__run_001,initial_access,T1110.003,34,4,1.9528,1.0,0.0102,71234.43,92534.93,0.789,204,265,0.2267,0.584,0.1808,0.0319,0.2765,10,15,3,1,6,0,0.7696,349.19,106.43,639.84,8835.97,8476.61,3,0.0,1.1108,0,0
2026-09-03T23:01:45.913527+00:00,web_bruteforce_v1,web_bruteforce_v1__run_001,initial_access,T1110.003,35,4,1.9641,0.9782,0.0239,56935.32,47174.98,0.7532,175,145,0.1461,0.1762,0.2071,0.016,0.255,10,15,4,1,7,0,1.2007,325.34,84.48,491.22,8992.33,8582.68,4,0.037,0.6195,0,0
2026-09-03T23:01:50.913527+00:00,web_bruteforce_v1,web_bruteforce_v1__run_001,initial_access,T1110.003,22,4,1.8911,0.9632,0.0228,23913.49,15217.67,0.7785,66,42,0.3382,0.5788,0.2425,0.0297,0.3317,6,9,2,1,4,0,1.5592,362.33,127.77,636.49,7744.74,8461.81,2,0.0,0.5236,0,1
2026-09-03T23:01:55.913527+00:00,web_bruteforce_v1,web_bruteforce_v1__run_001,initial_access,T1110.003,20,4,1.8834,0.9961,0.0155,14073.22,7740.27,0.8011,40,22,0.1651,0.3131,0.1954,0.0435,0.3259,5,9,2,0,3,0,1.7716,351.83,93.47,500.38,6971.16,7493.49,1,0.0354,1.4005,0,0
2026-09-03T23:02:00.913527+00:00,web_bruteforce_v1,web_bruteforce_v1__run_001,initial_access,T1110.003,27,4,1.9121,1.0,0.0,37839.29,25226.19,0.8247,108,72,0.2304,0.3279,0.166,0.0361,0.2742,8,11,3,0,5,0,1.4974,350.36,114.91,596.49,7320.58,6615.3,4,0.0428,0.9962,0,1
2026-09-03T23:02:05.913527+00:00,web_bruteforce_v1,web_bruteforce_v1__run_001,initial_access,T1110.003,26,4,1.9864,0.9795,0.0425,72764.66,44428.42,0.7707,208,127,0.2942,0.4264,0.2469,0.0214,0.3112,7,11,2,0,5,1,1.627,349.83,90.01,543.4,6758.15,8694.95,3,0.0245,0.4725,0,0
2026-09-03T23:02:10.913527+00:00,web_bruteforce_v1,web_bruteforce_v1__run_001,initial_access,T1110.003,30,4,1.9575,0.9817,0.0067,72735.71,68233.02,0.8482,210,197,0.0901,0.2608,0.1816,0.0345,0.285,8,12,3,2,5,0,1.0625,346.36,102.84,596.02,8154.38,7629.94,4,0.0,1.0055,0,2
2026-09-03T23:02:15.913527+00:00,web_bruteforce_v1,web_bruteforce_v1__run_001,initial_access,T1110.003,33,4,1.9123,0.9786,0.0171,168867.45,80851.69,0.7992,495,237,0.1869,0.5015,0.162,0.0216,0.227,9,13,3,1,5,0,2.0813,341.15,94.29,542.06,8976.87,8131.42,3,0.0142,0.2611,0,1
2026-09-03T23:02:20.913527+00:00,web_bruteforce_v1,web_bruteforce_v1__run_001,initial_access,T1110.003,21,4,1.9174,0.9884,0.007,29982.83,21773.25,0.8056,84,61,0.1117,0.2214,0.1905,0.0246,0.2642,6,9,2,1,4,0,1.3587,356.94,92.21,563.84,8810.43,6374.0,2,0.0,0.8801,0,0
2026-09-03T23:02:25.913527+00:00,web_bruteforce_v1,web_bruteforce_v1__run_001,initial_access,T1110.003,22,4,1.9197,1.0,0.0,54835.32,37031.65,0.7327,154,104,0.294,0.6456,0.1901,0.0207,0.2521,6,9,2,1,4,0,1.4793,356.07,87.25,515.0,8918.51,8379.96,2,0.0932,1.3984,0,0
2026-09-03T23:02:30.913527+00:00,web_bruteforce_v1,web_bruteforce_v1__run_001,initial_access,T1110.003,27,4,1.8928,1.0,0.0,45758.01,52198.02,0.8111,135,154,0.2581,0.7602,0.189,0.0194,0.2472,9,11,2,1,5,0,0.8763,338.95,116.28,726.72,7582.8,9570.0,4,0.0,1.1057,0,0
2026-09-03T23:02:35.913527+00:00,web_bruteforce_v1,web_bruteforce_v1__run_001,initial_access,T1110.003,21,4,1.6153,0.9828,0.0188,64856.73,47698.86,0.8916,189,139,0.1468,0.3049,0.1954,0.039,0.3126,6,9,2,0,4,0,1.3539,343.16,67.69,471.16,10126.63,5346.85,2,0.024,0.9097,0,0
2026-09-03T23:02:40.913527+00:00,web_bruteforce_v1,web_bruteforce_v1__run_001,initial_access,T1110.003,31,4,1.9617,0.9752,0.0624,11474.91,5182.22,0.787,31,14,0.1749,0.3766,0.1731,0.0205,0.2346,9,13,2,1,6,0,2.0934,370.16,132.62,706.6,7835.45,9075.86,5,0.0,1.5673,0,0
2026-09-03T23:02:45.913527+00:00,web_bruteforce_v1,web_bruteforce_v1__run_001,initial_access,T1110.003,34,4,1.9542,0.9985,0.0343,83856.73,69410.82,0.8697,238,197,0.1621,0.4445,0.1925,0.0186,0.2481,10,14,3,2,7,0,1.2066,352.34,98.6,626.73,8419.6,9310.41,3,0.0223,1.7331,0,0
2026-09-03T23:02:50.913527+00:00,web_bruteforce_v1,web_bruteforce_v1__run_001,initial_access,T1110.003,22,4,1.7863,1.0,0.0,38074.06,30805.38,0.8234,110,89,0.2952,0.8268,0.1757,0.0143,0.2184,6,10,1,1,3,0,1.2256,346.13,111.0,574.18,8550.31,10021.61,2,0.0477,2.0246,0,0
2026-09-03T23:02:55.913527+00:00,web_bruteforce_v1,web_bruteforce_v1__run_001,initial_access,T1110.003,20,4,1.9527,1.0,0.0015,63139.41,41040.62,0.7787,180,117,0.2628,0.485,0.2207,0.0424,0.348,6,9,2,1,4,0,1.5372,350.77,96.57,582.89,8191.68,8008.91,3,0.0328,1.7868,0,2
2026-09-03T23:03:00.913527+00:00,web_bruteforce_v1,web_bruteforce_v1__run_001,initial_access,T1110.003,25,4,1.906,0.9933,0.0,33933.81,29183.08,0.834,100,86,0.2112,0.5077,0.1814,0.0264,0.2605,7,10,2,1,5,0,1.1582,339.34,88.53,626.99,8202.0,8092.66,3,0.0188,0.7974,0,0
2026-09-03T23:03:05.913527+00:00,web_bruteforce_v1,web_bruteforce_v1__run_001,initial_access,T1110.003,21,4,1.9387,1.0,0.0087,78380.09,53610.62,0.766,231,158,0.2572,0.3592,0.1913,0.0409,0.3139,5,9,2,1,4,0,1.4605,339.31,92.8,568.49,8024.39,5680.9,2,0.0193,0.6563,0,0
2026-09-03T23:03:10.913527+00:00,web_bruteforce_v1,web_bruteforce_v1__run_001,initial_access,T1110.003,16,4,1.9772,0.9904,0.0177,57078.63,52441.0,0.8218,160,147,0.3088,0.5572,0.2491,0.0559,0.4168,4,6,1,0,3,0,1.0866,356.74,98.31,530.21,8909.27,8249.96,2,0.0,0.6375,0,0
2026-09-03T23:03:15.913527+00:00,web_bruteforce_v1,web_bruteforce_v1__run_001,initial_access,T1110.003,20,4,1.6815,1.0,0.0,36811.3,21473.26,0.8746,120,70,0.1657,0.3443,0.1937,0.0265,0.2734,6,9,1,1,3,0,1.7124,306.76,71.55,485.57,8308.77,9443.42,1,0.0088,1.0684,0,0
2026-09-03T23:03:20.913527+00:00,web_bruteforce_v1,web_bruteforce_v1__run_001,initial_access,T1110.003,25,4,1.9787,1.0,0.031,80012.28,76811.79,0.7805,225,216,0.1129,0.1411,0.1721,0.016,0.2202,6,10,2,0,5,0,1.0393,355.61,84.63,521.75,7256.66,10274.01,4,0.0126,0.1458,0,2
2026-09-03T23:03:25.913527+00:00,web_bruteforce_v1,web_bruteforce_v1__run_001,initial_access,T1110.003,22,4,1.8148,0.9732,0.017,30950.47,22861.14,0.7537,88,65,0.1467,0.2639,0.1544,0.0149,0.1991,7,9,2,1,3,0,1.3382,351.71,70.44,515.62,7367.39,9065.11,2,0.0637,0.2546,0,0
2026-09-03T23:03:30.913527+00:00,web_bruteforce_v1,web_bruteforce_v1__run_001,initial_access,T1110.003,22,4,1.8779,1.0,0.0188,48451.92,28630.68,0.7596,154,91,0.2684,0.5572,0.2073,0.0314,0.3014,6,9,1,1,4,0,1.6742,314.62,122.39,743.42,9100.73,8272.57,3,0.0239,0.6313,0,0
2026-09-03T23:03:35.913527+00:00,web_bruteforce_v1,web_bruteforce_v1__run_001,initial_access,T1110.003,23,4,1.9726,0.9337,0.0811,33614.9,28499.59,0.7462,92,78,0.3082,0.6471,0.1903,0.0383,0.3053,7,10,2,1,3,0,1.1745,365.38,91.33,550.69,7699.76,9387.77,1,0.0,1.4822,0,1
2026-09-03T23:03:40.913527+00:00,web_bruteforce_v1,web_bruteforce_v1__run_001,initial_access,T1110.003,21,4,1.9387,0.9938,0.0034,43505.35,46820.04,0.8525,105,113,0.2671,0.7093,0.2006,0.0377,0.3137,5,8,2,1,4,0,0.9253,414.34,118.93,649.85,8043.16,8623.48,2,0.0473,0.1892,0,2
2026-09-03T23:03:45.913527+00:00,web_bruteforce_v1,web_bruteforce_v1__run_001,initial_access,T1110.003,33,4,1.9373,0.9735,0.0428,35936.26,30491.37,0.8716,99,84,0.2234,0.428,0.1844,0.0145,0.2277,8,15,2,1,7,0,1.1764,362.99,105.6,651.15,8673.06,7881.87,4,0.0277,1.0855,0,0
2026-09-03T23:03:50.913527+00:00,web_bruteforce_v1,web_bruteforce_v1__run_001,initial_access,T1110.003,27,4,1.966,1.0,0.0,44409.1,26974.41,0.6953,135,82,0.1812,0.5241,0.2025,0.0311,0.2959,8,11,2,1,5,0,1.6366,328.96,89.47,501.44,5907.74,10264.38,3,0.0,1.6337,0,0
2026-09-03T23:03:55.913527+00:00,web_bruteforce_v1,web_bruteforce_v1__run_001,initial_access,T1110.003,28,4,1.9068,1.0,0.0,40922.04,26307.02,0.8739,112,72,0.2457,0.4305,0.1653,0.0284,0.2504,6,13,3,0,5,0,1.5434,365.38,112.48,707.19,7365.65,8119.2,3,0.0256,1.4657,0,1
2026-09-03T23:04:00.913527+00:00,web_bruteforce_v1,web_bruteforce_v1__run_001,initial_access,T1110.003,23,4,1.8449,1.0,0.0228,101160.16,80634.91,0.8464,276,220,0.1302,0.209,0.2034,0.0254,0.2796,6,10,2,1,4,0,1.2536,366.52,91.55,637.66,8441.31,7275.26,2,0.0142,1.0494,0,0
2026-09-03T23:04:05.913527+00:00,web_bruteforce_v1,web_bruteforce_v1__run_001,initial_access,T1110.003,27,4,1.966,0.9858,0.0275,59420.4,46582.66,0.8149,162,127,0.2927,0.6695,0.2145,0.0186,0.2701,7,12,2,1,6,0,1.27,366.79,115.53,622.67,8385.06,8344.3,3,0.0288,0.9025,0,0
2026-09-03T23:04:10.913527+00:00,web_bruteforce_v1,web_bruteforce_v1__run_001,initial_access,T1110.003,23,4,1.9532,0.9742,0.0095,43663.39,31640.14,0.858,138,100,0.1966,0.467,0.1885,0.0403,0.3093,6,9,2,1,5,0,1.3748,316.4,83.99,537.36,8215.35,8979.2,3,0.0,0.7933,0,0
2026-09-03T23:04:15.913527+00:00,web_bruteforce_v1,web_bruteforce_v1__run_001,initial_access,T1110.003,35,4,1.8085,1.0,0.0,33512.26,47874.65,0.765,105,150,0.2153,0.4059,0.2072,0.0196,0.2659,11,15,3,3,6,0,0.6964,319.16,79.79,520.14,6947.07,9202.68,4,0.0,0.8358,0,0
2026-09-03T23:04:20.913527+00:00,web_bruteforce_v1,web_bruteforce_v1__run_001,initial_access,T1110.003,20,4,1.9037,1.0,0.0409,57966.75,62676.55,0.9075,160,173,0.2024,0.3419,0.1941,0.0386,0.3099,5,8,2,1,4,0,0.9219,362.29,117.15,603.95,7253.24,8732.79,3,0.0,1.3856,0,0
2026-09-03T23:04:25.913527+00:00,web_bruteforce_v1,web_bruteforce_v1__run_001,initial_access,T1110.003,18,4,1.9049,1.0,0.0,18945.13,13331.75,0.7103,54,38,0.3252,0.4326,0.248,0.0547,0.4122,5,8,1,0,3,0,1.412,350.84,77.08,545.04,7991.04,8996.73,1,0.0528,1.0603,0,0
2026-09-03T23:04:30.913527+00:00,web_bruteforce_v1,web_bruteforce_v1__run_001,initial_access,T1110.003,29,4,1.977,0.9552,0.0352,83883.58,53351.24,0.8807,261,166,0.1455,0.339,0.145,0.0116,0.1797,9,12,2,1,4,0,1.5667,321.39,89.54,506.84,7741.05,9854.13,3,0.009,0.7694,0,0
2026-09-03T23:04:35.913527+00:00,web_bruteforce_v1,web_bruteforce_v1__run_001,initial_access,T1110.003,25,4,1.6973,0.9888,0.0201,59953.41,42481.27,0.7524,175,124,0.3389,0.9049,0.2452,0.0538,0.4065,7,10,2,1,4,0,1.411,342.59,88.54,578.45,8564.1,7353.85,2,0.0975,0.9978,0,1
2026-09-03T23:04:40.913527+00:00,web_bruteforce_v1,web_bruteforce_v1__run_001,initial_access,T1110.003,33,4,1.9926,0.9739,0.0296,80767.5,49649.29,0.7417,231,142,0.1241,0.2759,0.1984,0.0443,0.3313,10,14,3,2,6,0,1.6268,349.64,128.74,816.48,8812.73,8336.11,5,0.0158,0.6915,0,1
2026-09-03T23:04:45.913527+00:00,web_bruteforce_v1,web_bruteforce_v1__run_001,initial_access,T1110.003,23,4,1.8788,1.0,0.0,44195.85,43875.59,0.8063,138,137,0.2684,0.4392,0.2253,0.0171,0.2767,6,10,2,1,4,0,1.0062,320.26,99.63,517.39,8068.59,7577.29,3,0.0,0.4045,0,0
2026-09-03T23:04:50.913527+00:00,web_bruteforce_v1,web_bruteforce_v1__run_001,initial_access,T1110.003,30,4,1.9446,0.9885,0.0213,43337.71,41893.12,0.8548,120,116,0.1611,0.2911,0.26,0.0366,0.37,8,13,3,2,6,0,1.0269,361.15,95.11,561.61,9880.86,10382.64,5,0.0039,0.6718,0,0
2026-09-03T23:04:55.913527+00:00,web_bruteforce_v1,web_bruteforce_v1__run_001,initial_access,T1110.003,27,4,1.9893,1.0,0.0,77205.84,85784.26,0.8068,216,240,0.1421,0.227,0.2088,0.0249,0.2836,7,12,1,0,4,0,0.898,357.43,117.8,675.22,6252.82,8392.96,3,0.0325,1.0826,0,0
2026-09-03T23:05:00.913527+00:00,web_bruteforce_v1,web_bruteforce_v1__run_001,initial_access,T1110.003,39,4,1.8453,0.9769,0.0565,40729.27,22627.37,0.8175,117,65,0.1123,0.2497,0.1711,0.0275,0.2537,12,17,3,1,7,0,1.7782,348.11,114.24,656.49,7694.8,7769.04,4,0.0238,0.6766,0,0
2026-09-03T23:05:05.913527+00:00,web_bruteforce_v1,web_bruteforce_v1__run_001,initial_access,T1110.003,27,4,1.8003,1.0,0.0125,54170.16,38454.13,0.788,162,115,0.1755,0.5223,0.1638,0.0232,0.2333,8,11,1,1,5,0,1.4005,334.38,95.62,539.87,8204.28,8711.3,4,0.0022,1.4361,0,0
2026-09-03T23:05:10.913527+00:00,web_bruteforce_v1,web_bruteforce_v1__run_001,initial_access,T1110.003,24,4,1.7296,0.9904,0.0,69986.77,45685.81,0.8003,216,141,0.2298,0.4357,0.1712,0.0261,0.2496,7,11,1,1,4,0,1.5273,324.01,108.66,619.46,7203.52,7298.56,3,0.0,1.1864,0,0
2026-09-03T23:05:15.913527+00:00,web_bruteforce_v1,web_bruteforce_v1__run_001,initial_access,T1110.003,22,4,1.7527,0.9237,0.0587,31531.86,21140.68,0.8274,88,59,0.2177,0.4934,0.2047,0.0172,0.2562,6,10,1,0,3,0,1.4841,358.32,87.65,533.69,9330.6,7818.71,1,0.0278,0.5923,0,0
2026-09-03T23:05:20.913527+00:00,web_bruteforce_v1,web_bruteforce_v1__run_001,initial_access,T1110.003,23,4,1.7544,0.9877,0.0,66315.86,73884.51,0.7592,184,205,0.2392,0.5296,0.2283,0.02,0.2882,6,10,2,1,5,0,0.8942,360.41,86.18,568.91,7895.99,6888.39,3,0.0833,1.1168,0,1
2026-09-03T23:05:25.913527+00:00,web_bruteforce_v1,web_bruteforce_v1__run_001,initial_access,T1110.003,20,4,1.9261,0.9969,0.0,56868.13,36608.86,0.742,160,103,0.3144,0.4816,0.1784,0.0196,0.2372,6,9,1,1,4,0,1.541,355.43,112.04,749.11,9062.07,8081.46,2,0.0,0.7165,0,0
2026-09-03T23:05:30.913527+00:00,web_bruteforce_v1,web_bruteforce_v1__run_001,initial_access,T1110.003,26,4,1.9431,1.0,0.0365,70511.55,58646.62,0.8124,208,173,0.1788,0.3689,0.2304,0.0291,0.3177,7,11,1,1,5,0,1.1983,339.0,96.42,658.55,7885.44,9731.83,2,0.0019,1.1921,0,0
2026-09-03T23:05:35.913527+00:00,web_bruteforce_v1,web_bruteforce_v1__run_001,initial_access,T1110.003,26,4,1.8516,0.9865,0.0204,46042.25,32583.74,0.8423,130,92,0.1189,0.3084,0.1965,0.0377,0.3094,7,12,2,1,5,0,1.4037,354.17,97.98,538.18,7231.09,9165.26,4,0.0323,0.8604,0,1
2026-09-03T23:05:40.913527+00:00,web_bruteforce_v1,web_bruteforce_v1__run_001,initial_access,T1110.003,23,4,1.8973,0.9936,0.0131,44579.57,36438.95,0.8094,115,94,0.2367,0.5017,0.2114,0.0184,0.2667,6,10,2,0,4,0,1.2139,387.65,128.43,670.99,7805.8,6961.14,3,0.0588,1.4668,0,0
2026-09-03T23:05:45.913527+00:00,web_bruteforce_v1,web_bruteforce_v1__run_001,initial_access,T1110.003,32,4,1.9193,1.0,0.0,57028.77,50969.46,0.9053,160,143,0.117,0.1546,0.1685,0.0357,0.2756,10,15,3,2,5,0,1.115,356.43,98.93,572.59,9383.64,7874.61,3,0.024,0.4094,0,2
2026-09-03T23:05:50.913527+00:00,web_bruteforce_v1,web_bruteforce_v1__run_001,initial_access,T1110.003,29,4,1.9498,1.0,0.0,51188.49,38126.6,0.7775,145,108,0.1885,0.5582,0.1913,0.0327,0.2895,9,11,3,2,5,0,1.3337,353.02,104.45,537.11,7460.3,6297.22,3,0.002,1.4172,0,0
2026-09-03T23:05:55.913527+00:00,web_bruteforce_v1,web_bruteforce_v1__run_001,initial_access,T1110.003,17,3,1.4837,0.9643,0.0227,53266.14,37251.48,0.8072,153,107,0.1521,0.3597,0.1805,0.0399,0.3003,5,7,1,0,3,0,1.4238,348.14,81.37,486.56,7423.07,8713.43,2,0.0,0.8371,0,1
2026-09-03T23:06:00.913527+00:00,web_bruteforce_v1,web_bruteforce_v1__run_001,initial_access,T1110.003,27,4,1.8671,1.0,0.0,61338.75,57931.04,0.7342,162,153,0.2923,0.5279,0.1958,0.044,0.3279,8,11,3,0,5,0,1.0552,378.63,126.77,619.58,9848.83,8999.54,3,0.0,0.8293,0,1
2026-09-03T23:06:05.913527+00:00,web_bruteforce_v1,web_bruteforce_v1__run_001,initial_access,T1110.003,36,4,1.8641,0.9995,0.0041,93744.22,77748.18,0.7373,252,209,0.2182,0.637,0.1876,0.0243,0.2605,10,16,3,1,6,0,1.2007,372.0,114.67,633.22,8455.69,9206.32,4,0.0282,1.0434,0,1
2026-09-03T23:06:10.913527+00:00,web_bruteforce_v1,web_bruteforce_v1__run_001,initial_access,T1110.003,31,4,1.9649,0.9515,0.0502,62932.71,42970.18,0.7991,186,127,0.2552,0.4062,0.1674,0.0243,0.2404,8,14,3,1,6,0,1.4618,338.35,81.3,545.94,7225.45,7935.84,5,0.0401,0.5826,0,0
2026-09-03T23:06:15.913527+00:00,web_bruteforce_v1,web_bruteforce_v1__run_001,initial_access,T1110.003,33,4,1.8897,0.9486,0.0625,89579.39,68541.8,0.814,264,202,0.2761,0.4432,0.1623,0.0261,0.2406,10,14,2,1,6,0,1.3069,339.32,88.81,555.86,8649.9,7100.97,3,0.0348,0.5175,0,1
2026-09-03T23:06:20.913527+00:00,web_bruteforce_v1,web_bruteforce_v1__run_001,initial_access,T1110.003,25,4,1.8578,0.957,0.0313,45878.74,35234.87,0.831,125,96,0.2584,0.711,0.2115,0.0378,0.3248,7,11,2,1,4,0,1.2917,367.03,100.87,597.55,7466.05,6932.44,2,0.0442,0.9296,0,1
2026-09-03T23:06:25.913527+00:00,web_bruteforce_v1,web_bruteforce_v1__run_001,initial_access,T1110.003,26,4,1.9431,0.9986,0.0271,36392.73,37092.59,0.7819,104,106,0.2387,0.676,0.2463,0.0553,0.4122,8,12,2,2,5,0,0.9762,349.93,64.59,488.64,9085.87,6781.32,4,0.0,0.3774,0,0
2026-09-03T23:06:30.913527+00:00,web_bruteforce_v1,web_bruteforce_v1__run_001,initial_access,T1110.003,34,4,1.9713,1.0,0.0,56412.49,43802.64,0.8396,170,132,0.0912,0.192,0.1909,0.0245,0.2644,10,15,3,0,7,0,1.2863,331.84,105.47,602.58,7647.15,9687.66,4,0.0428,0.4367,0,2
2026-09-03T23:06:35.913527+00:00,web_bruteforce_v1,web_bruteforce_v1__run_001,initial_access,T1110.003,29,4,1.8637,1.0,0.0,49881.78,25456.91,0.8489,145,74,0.1865,0.447,0.2075,0.039,0.3245,8,12,3,0,5,0,1.9423,344.01,70.4,521.33,8336.47,7458.27,4,0.0189,0.0,0,1
2026-09-03T23:06:40.913527+00:00,web_bruteforce_v1,web_bruteforce_v1__run_001,initial_access,T1110.003,29,4,1.9498,0.9879,0.0,74542.58,54346.32,0.7504,203,148,0.16,0.316,0.1951,0.0159,0.2428,7,13,3,2,5,0,1.3703,367.2,87.06,590.68,7441.35,8487.43,4,0.0391,0.7257,0,0
2026-09-03T23:06:45.913527+00:00,web_bruteforce_v1,web_bruteforce_v1__run_001,initial_access,T1110.003,25,4,1.969,0.9755,0.0367,73445.97,76016.58,0.7696,200,207,0.1203,0.1494,0.1613,0.031,0.2543,7,11,2,1,4,0,0.9648,367.23,105.02,704.32,7754.06,10360.62,3,0.0,1.0749,0,1
2026-09-03T23:06:50.913527+00:00,web_bruteforce_v1,web_bruteforce_v1__run_001,initial_access,T1110.003,22,4,1.9698,1.0,0.0222,61688.99,43930.04,0.7839,198,141,0.1261,0.2713,0.2305,0.0258,0.308,6,9,2,1,4,0,1.3995,311.56,92.29,527.16,7017.39,8158.24,3,0.003,1.2384,0,0
2026-09-03T23:06:55.913527+00:00,web_bruteforce_v1,web_bruteforce_v1__run_001,initial_access,T1110.003,31,4,1.8678,0.9816,0.01,64293.67,38714.47,0.7841,186,112,0.3031,0.4576,0.2309,0.0332,0.3307,10,14,2,1,5,0,1.659,345.66,107.86,677.07,7194.59,7147.74,4,0.0034,1.8338,0,1
2026-09-03T23:07:00.913527+00:00,web_bruteforce_v1,web_bruteforce_v1__run_001,initial_access,T1110.003,11,3,1.4949,0.99,0.052,20782.17,14484.54,0.9473,66,46,0.3003,0.786,0.1805,0.0148,0.2249,3,4,0,0,2,0,1.4067,314.88,59.94,430.78,8434.35,8443.41,1,0.0168,0.0193,0,1
2026-09-03T23:07:05.913527+00:00,web_bruteforce_v1,web_bruteforce_v1__run_001,initial_access,T1110.003,27,4,1.8851,0.9912,0.0193,98974.0,83644.7,0.8562,297,251,0.2563,0.4087,0.2076,0.0462,0.3462,7,11,2,1,4,0,1.1819,333.25,78.2,522.2,8511.03,8709.24,2,0.0,1.1232,0,0
2026-09-03T23:07:10.913527+00:00,web_bruteforce_v1,web_bruteforce_v1__run_001,initial_access,T1110.003,28,4,1.9242,1.0,0.0,40749.26,27651.28,0.8049,112,76,0.1106,0.2021,0.1957,0.0407,0.3178,9,12,3,1,5,0,1.4726,363.83,93.54,667.11,7879.24,7090.79,3,0.0,2.3378,0,0
2026-09-03T23:07:15.913527+00:00,web_bruteforce_v1,web_bruteforce_v1__run_001,initial_access,T1110.003,21,4,1.9134,0.9928,0.0031,66006.41,40075.32,0.7891,168,102,0.1203,0.272,0.2035,0.0241,0.2756,6,9,2,1,3,0,1.6408,392.9,117.93,699.81,6248.78,7705.93,2,0.0287,1.1937,0,0
2026-09-03T23:07:20.913527+00:00,web_bruteforce_v1,web_bruteforce_v1__run_001,initial_access,T1110.003,21,4,1.8842,1.0,0.0083,34100.28,24032.58,0.77,105,74,0.1493,0.3526,0.1855,0.0232,0.255,5,9,1,0,3,0,1.416,324.76,96.29,556.52,8185.18,10227.34,2,0.0,1.3339,0,1
2026-09-03T23:07:25.913527+00:00,web_bruteforce_v1,web_bruteforce_v1__run_001,initial_access,T1110.003,38,4,1.9737,0.9548,0.034,81937.9,76187.87,0.753,228,212,0.2562,0.7235,0.1459,0.0242,0.2186,10,16,4,2,8,0,1.0731,359.38,98.76,564.58,7527.92,7147.35,6,0.0,1.3648,0,2
2026-09-03T23:07:30.913527+00:00,web_bruteforce_v1,web_bruteforce_v1__run_001,initial_access,T1110.003,24,4,1.9218,1.0,0.0226,24139.42,23804.15,0.8347,72,71,0.2676,0.6453,0.2239,0.0409,0.3466,7,10,2,1,4,0,1.0098,335.27,64.17,555.05,8450.52,8125.81,2,0.0,0.6314,0,1
2026-09-03T23:07:35.913527+00:00,web_bruteforce_v1,web_bruteforce_v1__run_001,initial_access,T1110.003,14,4,1.8774,1.0,0.0,34152.65,25788.73,0.7709,98,74,0.2168,0.5551,0.2027,0.0158,0.2501,4,6,0,0,2,0,1.323,348.5,79.48,466.37,8157.55,8543.65,1,0.0172,1.5346,0,0
2026-09-03T23:07:40.913527+00:00,web_bruteforce_v1,web_bruteforce_v1__run_001,initial_access,T1110.003,27,4,1.9386,1.0,0.0,69093.08,56663.64,0.7576,189,155,0.1309,0.246,0.2279,0.0411,0.3512,8,12,3,2,6,0,1.218,365.57,94.56,659.23,7301.34,8584.24,4,0.0,0.8823,0,1
2026-09-03T23:07:45.913527+00:00,web_bruteforce_v1,web_bruteforce_v1__run_001,initial_access,T1110.003,29,4,1.9904,0.9567,0.0468,131413.33,137339.13,0.7943,377,394,0.1417,0.4193,0.2134,0.0355,0.3198,8,11,3,1,5,0,0.956,348.58,82.6,514.01,7212.53,7735.9,4,0.0713,0.479,0,2
2026-09-03T23:07:50.913527+00:00,web_bruteforce_v1,web_bruteforce_v1__run_001,initial_access,T1110.003,17,4,1.7575,0.9915,0.0057,24153.61,14918.41,0.8387,68,42,0.2958,0.7637,0.2363,0.0469,0.3769,4,7,2,0,3,0,1.5973,355.2,78.94,496.96,8398.08,8017.97,1,0.0013,0.7804,0,1
2026-09-03T23:07:55.913527+00:00,web_bruteforce_v1,web_bruteforce_v1__run_001,initial_access,T1110.003,29,4,1.8871,1.0,0.019,48097.11,37150.87,0.7192,145,112,0.1508,0.4268,0.2483,0.0414,0.3724,9,12,3,1,5,0,1.286,331.7,85.85,484.17,8263.41,7890.58,4,0.0145,0.1621,0,1
2026-09-03T23:08:00.913527+00:00,web_bruteforce_v1,web_bruteforce_v1__run_001,initial_access,T1110.003,25,4,1.8881,0.9248,0.0984,79147.26,171309.85,0.7686,225,487,0.2514,0.5857,0.1984,0.0343,0.3012,7,12,1,1,5,0,0.4614,351.77,105.99,744.79,6665.73,5324.09,3,0.0509,0.0,0,1
2026-09-03T23:08:05.913527+00:00,web_bruteforce_v1,web_bruteforce_v1__run_001,initial_access,T1110.003,26,4,1.9431,0.9426,0.0742,53483.06,53140.22,0.8204,156,155,0.1069,0.2567,0.1892,0.0252,0.2649,8,11,2,1,5,0,1.0048,342.84,73.51,459.91,8638.32,8262.02,4,0.0114,0.6106,0,0
2026-09-03T23:08:10.913527+00:00,web_bruteforce_v1,web_bruteforce_v1__run_001,initial_access,T1110.003,40,4,1.9497,0.993,0.0,102737.66,76411.14,0.9197,320,238,0.2219,0.3948,0.1964,0.0193,0.2543,12,16,3,0,6,1,1.3434,321.06,57.61,472.7,8564.06,9132.75,4,0.0475,0.3004,0,0
2026-09-03T23:08:15.913527+00:00,web_bruteforce_v1,web_bruteforce_v1__run_001,initial_access,T1110.003,27,4,1.997,0.9823,0.0,19481.69,12627.02,0.8991,54,35,0.2084,0.3452,0.2017,0.0307,0.2937,7,12,2,1,5,1,1.5373,360.77,95.48,561.3,8875.68,9609.93,3,0.035,0.8418,0,0
2026-09-03T23:08:20.913527+00:00,web_bruteforce_v1,web_bruteforce_v1__run_001,initial_access,T1110.003,35,4,1.9728,0.9831,0.0122,36954.39,23580.42,0.805,105,67,0.22,0.5905,0.1811,0.0404,0.3024,10,14,3,0,5,0,1.5602,351.95,99.28,588.79,8825.81,7347.9,4,0.0322,1.0881,0,1
2026-09-03T23:08:25.913527+00:00,web_bruteforce_v1,web_bruteforce_v1__run_001,initial_access,T1110.003,37,4,1.8864,0.9332,0.0633,51553.91,28563.65,0.8031,148,82,0.0934,0.2207,0.2042,0.0369,0.3148,11,16,3,1,7,0,1.787,348.34,85.78,583.86,8322.49,7707.21,3,0.0,1.6505,0,0
2026-09-03T23:08:30.913527+00:00,web_bruteforce_v1,web_bruteforce_v1__run_001,initial_access,T1110.003,33,4,1.9543,1.0,0.0107,69897.86,54365.0,0.8133,198,154,0.1128,0.2841,0.1902,0.0406,0.3121,10,13,2,2,6,0,1.2818,353.02,98.91,534.1,7525.65,9905.85,5,0.0606,1.7254,0,0
2026-09-03T23:08:35.913527+00:00,web_bruteforce_v1,web_bruteforce_v1__run_001,initial_access,T1110.003,27,4,1.8753,0.957,0.0682,18327.51,13575.93,0.7559,54,40,0.2476,0.6344,0.1333,0.021,0.1962,9,12,2,0,6,0,1.3251,339.4,77.2,497.92,7948.97,7157.89,5,0.0,0.3715,0,0
2026-09-03T23:08:40.913527+00:00,web_bruteforce_v1,web_bruteforce_v1__run_001,initial_access,T1110.003,28,4,1.9068,1.0,0.0074,68815.14,71272.83,0.8188,196,203,0.13,0.2062,0.1978,0.0254,0.274,9,12,3,1,5,0,0.9615,351.1,102.19,592.29,8792.84,7700.0,3,0.0097,0.9905,0,0
2026-09-03T23:08:45.913527+00:00,web_bruteforce_v1,web_bruteforce_v1__run_001,initial_access,T1110.003,27,4,1.8851,1.0,0.0233,46343.0,26089.39,0.7839,135,76,0.2256,0.3499,0.2475,0.0534,0.4077,7,12,2,1,5,0,1.767,343.28,94.42,557.57,7633.93,7425.22,3,0.0,0.446,0,0
2026-09-03T23:08:50.913527+00:00,web_bruteforce_v1,web_bruteforce_v1__run_001,initial_access,T1110.003,25,4,1.969,0.9733,0.0349,63350.76,40544.48,0.7567,200,128,0.1536,0.4562,0.2157,0.0207,0.2779,6,10,3,2,4,0,1.554,316.75,69.77,468.08,10222.59,8272.73,2,0.0005,1.3712,0,1
2026-09-03T23:08:55.913527+00:00,web_bruteforce_v1,web_bruteforce_v1__run_001,initial_access,T1110.003,22,4,1.9698,1.0,0.0,60469.72,50162.38,0.7676,176,146,0.1409,0.3713,0.1941,0.0202,0.2547,7,9,1,1,4,0,1.1996,343.58,120.92,717.72,9814.55,6504.77,2,0.0719,1.8866,0,1
2026-09-03T23:09:00.913527+00:00,web_bruteforce_v1,web_bruteforce_v1__run_001,initial_access,T1110.003,22,4,1.8371,0.99,0.0023,62665.37,49135.35,0.8749,176,138,0.2658,0.3982,0.2505,0.0433,0.3804,6,9,1,1,5,0,1.2723,356.05,113.3,565.23,8023.28,9085.66,4,0.0191,1.8484,0,0
2026-09-03T23:09:05.913527+00:00,web_bruteforce_v1,web_bruteforce_v1__run_001,initial_access,T1110.003,22,4,1.9698,0.9455,0.06,50665.41,49130.09,0.7616,132,128,0.2066,0.6125,0.1708,0.0216,0.2356,6,10,2,1,3,0,1.0251,383.83,96.27,661.46,6796.63,6948.0,1,0.0464,0.7575,0,0
2026-09-03T23:09:10.913527+00:00,web_bruteforce_v1,web_bruteforce_v1__run_001,initial_access,T1110.003,22,4,1.8567,1.0,0.0,55224.88,43390.98,0.7185,154,121,0.1036,0.1455,0.2349,0.0188,0.2913,6,9,1,0,4,0,1.2685,358.6,87.6,609.96,7611.77,8046.1,2,0.0451,1.1871,0,0
2026-09-03T23:09:15.913527+00:00,web_bruteforce_v1,web_bruteforce_v1__run_001,initial_access,T1110.003,25,4,1.969,1.0,0.0,44012.19,31688.78,0.7139,125,90,0.0925,0.1652,0.1625,0.0162,0.211,7,11,2,1,4,0,1.3754,352.1,82.17,534.46,7347.91,7384.18,3,0.0367,1.7681,0,0
2026-09-03T23:09:20.913527+00:00,web_bruteforce_v1,web_bruteforce_v1__run_001,initial_access,T1110.003,27,4,1.9727,0.9526,0.0461,82012.48,56362.48,0.7517,243,167,0.1963,0.3548,0.2265,0.0239,0.2981,8,11,3,2,5,0,1.4469,337.5,85.55,512.71,7794.25,10094.74,4,0.0398,0.5716,0,0
2026-09-03T23:09:25.913527+00:00,web_bruteforce_v1,web_bruteforce_v1__run_001,initial_access,T1110.003,22,4,1.842,0.9856,0.017,48267.3,41998.82,0.8766,154,134,0.1686,0.5038,0.2469,0.0248,0.3212,7,10,1,1,4,0,1.1436,313.42,79.03,475.07,9841.42,8149.96,2,0.0433,1.6086,0,0
2026-09-03T23:09:30.913527+00:00,web_bruteforce_v1,web_bruteforce_v1__run_001,initial_access,T1110.003,34,4,1.9168,1.0,0.0042,95706.99,74947.02,0.8847,272,213,0.103,0.2954,0.2033,0.0456,0.3401,9,15,4,1,6,0,1.2727,351.86,95.56,561.1,10180.93,7146.0,3,0.0462,0.331,0,1
2026-09-03T23:09:35.913527+00:00,web_bruteforce_v1,web_bruteforce_v1__run_001,initial_access,T1110.003,27,4,1.9727,0.9851,0.0,52132.64,56380.49,0.7564,135,146,0.2398,0.6566,0.1917,0.0406,0.3137,7,11,2,1,5,0,0.922,386.17,141.74,974.71,8548.66,7309.65,4,0.0398,0.5314,0,0
2026-09-03T23:09:40.913527+00:00,web_bruteforce_v1,web_bruteforce_v1__run_001,initial_access,T1110.003,21,4,1.8375,1.0,0.0143,46679.8,33713.19,0.8119,126,91,0.1338,0.1673,0.1755,0.0227,0.2436,6,9,2,1,4,0,1.3797,370.47,89.42,543.35,8679.32,7686.93,2,0.0078,0.4901,0,0
2026-09-03T23:09:45.913527+00:00,web_bruteforce_v1,web_bruteforce_v1__run_001,initial_access,T1110.003,26,4,1.9259,1.0,0.0247,72108.98,47148.18,0.7792,208,136,0.157,0.2567,0.2037,0.0206,0.2655,7,12,2,1,4,0,1.5204,346.68,94.59,640.42,8889.04,7355.83,3,0.0167,1.5873,0,1
2026-09-03T23:09:50.913527+00:00,web_bruteforce_v1,web_bruteforce_v1__run_001,initial_access,T1110.003,28,4,1.9788,1.0,0.0161,84446.95,71042.67,0.852,252,212,0.1539,0.2898,0.17,0.0217,0.2352,9,11,2,1,5,0,1.1884,335.11,97.47,546.34,8786.36,8883.85,4,0.0,0.6048,0,0
2026-09-03T23:09:55.913527+00:00,web_bruteforce_v1,web_bruteforce_v1__run_001,initial_access,T1110.003,24,4,1.9678,1.0,0.0,58852.42,37483.38,0.8033,168,107,0.2128,0.5981,0.2151,0.0222,0.2818,7,10,2,0,4,0,1.5616,350.31,104.67,667.3,8535.66,6866.18,2,0.0402,1.7658,0,0
2026-09-03T23:10:00.913527+00:00,web_bruteforce_v1,web_bruteforce_v1__run_001,initial_access,T1110.003,28,4,1.9438,1.0,0.0,52688.18,42903.23,0.791,140,114,0.1354,0.3182,0.202,0.0445,0.3354,9,12,1,1,5,1,1.2224,376.34,97.22,673.04,8098.3,8498.27,3,0.0194,0.5151,0,0
2026-09-03T23:10:05.913527+00:00,web_bruteforce_v1,web_bruteforce_v1__run_001,initial_access,T1110.003,20,4,1.9406,0.9041,0.1202,33839.66,32486.07,0.9401,100,96,0.1378,0.2622,0.2555,0.047,0.3965,5,8,2,0,4,0,1.0414,338.4,107.04,659.67,8372.63,8224.45,3,0.0,1.4864,0,0
2026-09-03T23:10:10.913527+00:00,web_bruteforce_v1,web_bruteforce_v1__run_001,initial_access,T1110.003,21,4,1.717,0.9998,0.0015,31120.52,25192.8,0.8477,84,68,0.1958,0.3929,0.21,0.0375,0.3224,6,10,2,0,3,0,1.2194,370.48,103.66,651.54,7785.01,10441.95,2,0.0,0.9921,0,1
2026-09-03T23:10:15.913527+00:00,web_bruteforce_v1,web_bruteforce_v1__run_001,initial_access,T1110.003,24,4,1.7662,1.0,0.0,24476.22,16657.43,0.7552,72,49,0.2961,0.7207,0.1864,0.0199,0.2463,6,10,1,2,4,0,1.4672,339.95,104.74,579.65,6750.77,9148.09,3,0.0,0.9533,0,0
2026-09-03T23:10:20.913527+00:00,web_bruteforce_v1,web_bruteforce_v1__run_001,initial_access,T1110.003,35,4,1.9562,0.9949,0.0029,79060.55,64377.88,0.7558,210,171,0.2888,0.5931,0.1722,0.0281,0.2566,10,16,2,1,5,0,1.225,376.48,99.14,596.28,8686.52,8238.03,2,0.0201,0.3303,0,0
2026-09-03T23:10:25.913527+00:00,web_bruteforce_v1,web_bruteforce_v1__run_001,initial_access,T1110.003,24,4,1.9491,1.0,0.0,32599.0,34296.86,0.7697,96,101,0.2559,0.765,0.1779,0.0229,0.2467,7,10,2,1,5,0,0.9495,339.57,84.09,562.56,7454.55,9007.7,4,0.0283,2.166,0,2
2026-09-03T23:10:30.913527+00:00,web_bruteforce_v1,web_bruteforce_v1__run_001,initial_access,T1110.003,19,4,1.871,1.0,0.0229,31647.42,16656.53,0.7764,95,50,0.2287,0.3337,0.2341,0.0243,0.3071,5,8,2,0,3,0,1.8738,333.13,81.7,530.67,7523.12,8756.44,2,0.0562,1.2173,0,0
2026-09-03T23:10:35.913527+00:00,web_bruteforce_v1,web_bruteforce_v1__run_001,initial_access,T1110.003,26,4,1.9636,1.0,0.0145,53446.73,34260.73,0.8163,156,100,0.2421,0.4983,0.2052,0.0358,0.3127,7,11,3,1,5,0,1.5543,342.61,91.96,559.83,7203.18,9765.95,4,0.0535,0.7898,0,0
2026-09-03T23:10:40.913527+00:00,web_bruteforce_v1,web_bruteforce_v1__run_001,initial_access,T1110.003,22,4,1.9401,0.9701,0.0461,62567.42,41948.61,0.8523,176,118,0.1114,0.1623,0.1898,0.0331,0.289,5,9,2,1,3,0,1.4874,355.5,78.82,494.78,7405.6,9162.83,2,0.0035,1.0317,0,0
2026-09-03T23:10:45.913527+00:00,web_bruteforce_v1,web_bruteforce_v1__run_001,initial_access,T1110.003,31,4,1.8788,0.9976,0.0,55027.14,24850.97,0.8345,155,70,0.1616,0.4682,0.2154,0.0457,0.3525,9,13,3,1,7,0,2.1964,355.01,102.85,604.65,7779.98,10052.51,6,0.0496,1.1463,0,0
2026-09-03T23:10:50.913527+00:00,web_bruteforce_v1,web_bruteforce_v1__run_001,initial_access,T1110.003,22,4,1.8567,0.9757,0.0208,48674.93,35399.95,0.7669,132,96,0.2635,0.6335,0.24,0.0352,0.3455,6,10,2,1,3,0,1.3714,368.75,98.18,588.31,7505.31,8617.61,1,0.0161,0.0,0,2
2026-09-03T23:10:55.913527+00:00,web_bruteforce_v1,web_bruteforce_v1__run_001,initial_access,T1110.003,17,4,1.8512,0.9525,0.049,39435.92,30819.66,0.8161,119,93,0.1086,0.2679,0.2036,0.0352,0.3093,5,7,1,0,3,0,1.2697,331.39,78.25,464.8,6561.85,9129.58,1,0.0169,0.2106,0,1
2026-09-03T23:11:00.913527+00:00,web_bruteforce_v1,web_bruteforce_v1__run_001,initial_access,T1110.003,28,4,1.8783,1.0,0.0162,67698.27,46974.31,0.863,196,136,0.1676,0.4631,0.1869,0.0408,0.3093,8,12,2,2,5,0,1.4339,345.4,95.48,507.76,7966.78,7026.97,2,0.0005,0.8427,0,0
2026-09-03T23:11:05.913527+00:00,web_bruteforce_v1,web_bruteforce_v1__run_001,initial_access,T1110.003,25,4,1.9574,1.0,0.0,45949.14,34921.35,0.7917,125,95,0.1713,0.3792,0.2371,0.0415,0.3617,8,11,2,0,4,0,1.3132,367.59,88.41,558.38,8945.07,7420.61,2,0.0,0.2084,0,0
2026-09-03T23:11:10.913527+00:00,web_bruteforce_v1,web_bruteforce_v1__run_001,initial_access,T1110.003,20,4,1.9261,0.9684,0.0394,30477.32,19048.33,0.8084,80,50,0.2571,0.3737,0.2261,0.0227,0.2943,6,9,1,0,3,0,1.5951,380.97,92.2,587.69,7676.26,9603.07,2,0.0,0.8679,0,0
2026-09-03T23:11:15.913527+00:00,web_bruteforce_v1,web_bruteforce_v1__run_001,initial_access,T1110.003,32,4,1.9427,1.0,0.0129,114601.17,81653.33,0.7128,320,228,0.2511,0.3685,0.1962,0.0157,0.2434,8,14,4,1,5,0,1.4024,358.13,83.86,546.38,6653.42,8299.83,4,0.0602,1.3822,0,1
2026-09-03T23:11:20.913527+00:00,web_bruteforce_v1,web_bruteforce_v1__run_001,initial_access,T1110.003,22,4,1.9401,1.0,0.0,50462.52,34406.26,0.8221,154,105,0.1599,0.3162,0.2549,0.0201,0.3153,6,10,2,2,4,0,1.4552,327.68,89.93,567.39,6910.81,8519.18,3,0.0177,0.6943,0,0
2026-09-03T23:11:25.913527+00:00,web_bruteforce_v1,web_bruteforce_v1__run_001,initial_access,T1110.003,29,4,1.9687,1.0,0.027,20021.01,10355.7,0.851,58,30,0.2214,0.5802,0.1624,0.0204,0.2236,7,12,3,1,5,0,1.8756,345.19,94.33,622.92,7693.17,7062.5,3,0.0,1.3309,0,1
2026-09-03T23:11:30.913527+00:00,web_bruteforce_v1,web_bruteforce_v1__run_001,initial_access,T1110.003,25,4,1.9574,1.0,0.0,63317.38,35457.73,0.817,175,98,0.2177,0.6528,0.1976,0.0204,0.2587,7,11,2,1,4,0,1.7786,361.81,121.11,632.17,9167.71,8878.4,3,0.0521,0.8397,0,0
2026-09-03T23:11:35.913527+00:00,web_bruteforce_v1,web_bruteforce_v1__run_001,initial_access,T1110.003,22,4,1.8567,0.9763,0.0233,59675.99,39331.9,0.8246,176,116,0.3186,0.9326,0.2375,0.0524,0.3947,7,10,2,1,4,0,1.5122,339.07,73.6,516.02,8468.88,7059.49,2,0.0319,1.0826,0,0
2026-09-03T23:11:40.913527+00:00,web_bruteforce_v1,web_bruteforce_v1__run_001,initial_access,T1110.003,27,4,1.9727,1.0,0.0,28433.29,35102.83,0.7196,81,100,0.2963,0.7143,0.2372,0.0402,0.3578,7,12,1,1,5,0,0.8078,351.03,78.09,531.38,10357.98,8235.22,4,0.0,0.633,0,0
2026-09-03T23:11:45.913527+00:00,web_bruteforce_v1,web_bruteforce_v1__run_001,initial_access,T1110.003,19,4,1.7143,1.0,0.0,49427.59,53515.59,0.7912,133,144,0.269,0.4536,0.2478,0.0311,0.3412,5,7,2,1,3,0,0.9181,371.64,99.16,649.55,8681.19,10484.52,2,0.0,0.3092,0,0
2026-09-03T23:11:50.913527+00:00,web_bruteforce_v1,web_bruteforce_v1__run_001,initial_access,T1110.003,20,4,1.9261,1.0,0.0016,51764.24,45293.71,0.7807,160,140,0.1845,0.4751,0.1781,0.0296,0.2668,6,9,2,0,4,0,1.1349,323.53,48.14,454.85,7808.05,8613.12,2,0.0856,0.4104,0,0
2026-09-03T23:11:55.913527+00:00,web_bruteforce_v1,web_bruteforce_v1__run_001,initial_access,T1110.003,33,4,1.952,0.95,0.0452,88314.94,76463.15,0.8461,231,200,0.1788,0.405,0.166,0.0305,0.2574,10,14,3,1,6,0,1.1518,382.32,112.93,726.54,6747.82,8732.02,5,0.0138,0.462,0,1
2026-09-03T23:12:00.913527+00:00,web_bruteforce_v1,web_bruteforce_v1__run_001,initial_access,T1110.003,15,4,1.9656,1.0,0.0,16040.79,9268.01,0.8032,45,26,0.2943,0.364,0.2342,0.0302,0.3248,4,6,1,0,3,0,1.7258,356.46,107.4,638.82,8198.26,8890.54,2,0.063,0.6803,0,0
2026-09-03T23:12:05.913527+00:00,web_bruteforce_v1,web_bruteforce_v1__run_001,initial_access,T1110.003,23,4,1.9142,1.0,0.0029,23388.05,13219.33,0.7796,69,39,0.247,0.4043,0.2027,0.0316,0.2975,7,10,1,1,5,0,1.7421,338.96,87.82,529.62,9037.42,8751.99,4,0.0538,1.9546,0,1
2026-09-03T23:12:10.913527+00:00,web_bruteforce_v1,web_bruteforce_v1__run_001,initial_access,T1110.003,28,4,1.9701,0.9896,0.0282,50775.63,31553.43,0.784,140,87,0.2131,0.5971,0.2435,0.0429,0.3722,7,12,4,1,6,0,1.5929,362.68,139.3,842.35,8442.88,7977.64,5,0.0121,1.5757,0,0
2026-09-03T23:12:15.913527+00:00,web_bruteforce_v1,web_bruteforce_v1__run_001,initial_access,T1110.003,33,4,1.9822,1.0,0.0,35710.46,25249.82,0.7993,99,70,0.2105,0.4373,0.1958,0.0411,0.3191,10,15,4,1,6,1,1.404,360.71,109.51,782.54,8150.11,9430.23,4,0.0453,0.0,0,1
2026-09-03T23:12:20.913527+00:00,web_bruteforce_v1,web_bruteforce_v1__run_001,initial_access,T1110.003,27,4,1.8671,1.0,0.0224,95357.42,102774.11,0.7935,270,291,0.2704,0.4003,0.1761,0.0149,0.2209,7,12,2,0,4,0,0.9255,353.18,107.28,595.62,8188.11,6461.07,3,0.0,0.7136,0,0
2026-09-03T23:12:25.913527+00:00,web_bruteforce_v1,web_bruteforce_v1__run_001,initial_access,T1110.003,20,4,1.9406,0.9735,0.0,58744.16,46668.97,0.7886,180,143,0.1508,0.4383,0.2023,0.0276,0.285,6,9,1,0,5,0,1.2576,326.36,76.51,497.41,8208.2,9355.49,2,0.0,1.2346,0,1
2026-09-03T23:12:30.913527+00:00,web_bruteforce_v1,web_bruteforce_v1__run_001,initial_access,T1110.003,23,4,1.9621,1.0,0.0,52643.59,31716.94,0.7895,161,97,0.1302,0.1932,0.252,0.0553,0.418,6,11,2,1,4,0,1.6576,326.98,74.7,448.6,9206.32,8769.45,3,0.0339,2.2922,0,0
2026-09-03T23:12:35.913527+00:00,web_bruteforce_v1,web_bruteforce_v1__run_001,initial_access,T1110.003,25,4,1.9657,0.9471,0.0689,50697.23,47317.42,0.8368,150,140,0.1368,0.3489,0.1941,0.0306,0.2859,6,12,2,1,5,0,1.0653,337.98,101.87,605.07,7552.11,6777.57,3,0.0078,0.6792,0,0
2026-09-03T23:12:40.913527+00:00,web_bruteforce_v1,web_bruteforce_v1__run_001,initial_access,T1110.003,32,4,1.9252,0.9705,0.0213,141659.56,120263.06,0.7083,384,326,0.1353,0.3151,0.1574,0.0295,0.246,9,13,3,1,6,0,1.1746,368.91,94.93,568.24,9847.5,8681.05,3,0.0174,1.3986,0,0
2026-09-03T23:12:45.913527+00:00,web_bruteforce_v1,web_bruteforce_v1__run_001,initial_access,T1110.003,29,4,1.9841,0.9596,0.0339,51081.77,51081.77,0.7787,145,145,0.2607,0.561,0.1688,0.029,0.2558,9,12,3,0,4,0,0.9969,352.29,111.31,644.02,7432.91,7174.26,3,0.0,1.0865,0,0
2026-09-03T23:12:50.913527+00:00,web_bruteforce_v1,web_bruteforce_v1__run_001,initial_access,T1110.003,24,4,1.9491,0.9825,0.0125,23383.83,27281.14,0.8229,72,84,0.2364,0.6881,0.2113,0.0438,0.3426,7,10,2,1,5,0,0.851,324.78,112.65,655.47,6951.5,5840.69,4,0.0,0.5637,0,1
2026-09-03T23:12:55.913527+00:00,web_bruteforce_v1,web_bruteforce_v1__run_001,initial_access,T1110.003,28,4,1.7783,1.0,0.0,128548.71,77391.57,0.7595,392,236,0.2004,0.5143,0.1538,0.0224,0.2209,8,12,1,2,6,0,1.6562,327.93,80.85,488.98,7726.61,9089.9,5,0.0724,1.3652,0,0
2026-09-03T23:13:00.913527+00:00,web_bruteforce_v1,web_bruteforce_v1__run_001,initial_access,T1110.003,20,4,1.9406,0.9278,0.1119,28014.63,22761.89,0.7809,80,65,0.1918,0.5392,0.2036,0.0181,0.2581,5,8,2,1,4,0,1.2142,350.18,105.96,522.6,9575.85,8297.17,3,0.0,1.2128,0,1
2026-09-03T23:13:05.913527+00:00,web_bruteforce_v1,web_bruteforce_v1__run_001,initial_access,T1110.003,12,4,1.7296,0.9295,0.1001,23230.23,22262.3,0.8062,72,69,0.1644,0.4464,0.233,0.0302,0.3237,3,5,1,0,2,0,1.0397,322.64,91.49,460.77,7960.47,8686.29,1,0.0348,0.3469,0,0
2026-09-03T23:13:10.913527+00:00,web_bruteforce_v1,web_bruteforce_v1__run_001,initial_access,T1110.003,31,4,1.9742,1.0,0.0045,106130.8,66759.7,0.7739,310,195,0.1134,0.2622,0.2145,0.0206,0.2763,9,13,3,0,5,0,1.5862,342.36,101.99,567.57,7684.25,9106.32,4,0.0,0.8641,0,1
2026-09-03T23:13:15.913527+00:00,web_bruteforce_v1,web_bruteforce_v1__run_001,initial_access,T1110.003,31,4,1.9518,1.0,0.0,43977.08,57808.58,0.7567,124,163,0.1848,0.233,0.1425,0.0165,0.1921,9,14,2,1,6,0,0.7571,354.65,106.78,563.09,7273.05,8454.04,3,0.0072,1.4988,0,0
2026-09-03T23:13:20.913527+00:00,web_bruteforce_v1,web_bruteforce_v1__run_001,initial_access,T1110.003,20,4,1.9589,1.0,0.0,52919.14,43658.29,0.7586,160,132,0.1166,0.2974,0.2598,0.0502,0.4103,5,9,2,1,3,0,1.2034,330.74,49.83,444.68,7761.5,8190.64,2,0.0238,0.1544,0,0
2026-09-03T23:13:25.913527+00:00,web_bruteforce_v1,web_bruteforce_v1__run_001,initial_access,T1110.003,26,4,1.8324,1.0,0.0,50334.38,30975.01,0.8442,130,80,0.1483,0.3085,0.2402,0.0386,0.3559,8,11,1,1,5,0,1.6086,387.19,93.51,589.69,8397.84,8107.12,3,0.0816,0.0,0,0
2026-09-03T23:13:30.913527+00:00,web_bruteforce_v1,web_bruteforce_v1__run_001,initial_access,T1110.003,26,4,1.8843,1.0,0.0,18278.23,10896.64,0.7833,52,31,0.219,0.4458,0.232,0.0211,0.2953,7,10,2,0,5,0,1.6267,351.5,111.02,639.0,8166.61,7384.67,4,0.037,0.6235,0,0
2026-09-03T23:13:35.913527+00:00,web_bruteforce_v1,web_bruteforce_v1__run_001,initial_access,T1110.003,28,4,1.9788,1.0,0.0,18572.55,9949.58,0.7744,56,30,0.243,0.3853,0.2463,0.0547,0.4103,7,13,3,1,5,0,1.8647,331.65,78.24,541.43,7962.35,8975.97,4,0.0,1.0109,0,0
2026-09-03T23:13:40.913527+00:00,web_bruteforce_v1,web_bruteforce_v1__run_001,initial_access,T1110.003,22,4,1.8779,0.9574,0.036,32702.98,18952.86,0.7119,88,51,0.1549,0.4004,0.195,0.0404,0.3162,7,9,2,0,3,0,1.722,371.62,76.19,501.75,7397.71,7684.47,1,0.0,1.3504,0,2
2026-09-03T23:13:45.913527+00:00,web_bruteforce_v1,web_bruteforce_v1__run_001,initial_access,T1110.003,15,4,1.8892,1.0,0.0,53370.66,42340.73,0.7833,150,119,0.3372,0.4436,0.2198,0.0299,0.3096,4,6,1,0,3,0,1.2582,355.8,107.05,643.96,8630.89,7387.46,2,0.0534,0.7565,0,0
2026-09-03T23:13:50.913527+00:00,web_bruteforce_v1,web_bruteforce_v1__run_001,initial_access,T1110.003,23,4,1.9142,0.932,0.092,73090.98,44490.16,0.796,207,126,0.2965,0.4919,0.257,0.0359,0.3646,6,10,1,1,4,0,1.6301,353.1,110.76,720.46,8991.95,9357.12,2,0.053,0.3331,0,0
2026-09-03T23:13:55.913527+00:00,web_bruteforce_v1,web_bruteforce_v1__run_001,initial_access,T1110.003,27,4,1.953,0.9807,0.0357,110005.28,88615.36,0.8183,324,261,0.2237,0.5934,0.1949,0.0284,0.2801,7,11,3,0,5,0,1.2402,339.52,71.21,561.16,9204.21,9145.12,3,0.018,1.171,0,1
2026-09-03T23:14:00.913527+00:00,web_bruteforce_v1,web_bruteforce_v1__run_001,initial_access,T1110.003,35,4,1.9464,0.9521,0.0876,63634.31,53089.19,0.7867,175,146,0.2012,0.4669,0.1841,0.0354,0.2903,9,14,3,0,8,0,1.1961,363.62,107.84,609.47,6685.92,8330.73,5,0.0,0.5339,0,0
2026-09-03T23:14:05.913527+00:00,web_bruteforce_v1,web_bruteforce_v1__run_001,initial_access,T1110.003,36,4,1.9251,0.9486,0.046,88908.99,55744.53,0.8001,252,158,0.2582,0.4134,0.1607,0.0144,0.204,10,15,1,2,6,0,1.5883,352.81,104.3,646.25,7855.34,7945.15,5,0.0621,0.6887,0,0
2026-09-03T23:14:10.913527+00:00,web_bruteforce_v1,web_bruteforce_v1__run_001,initial_access,T1110.003,24,4,1.9491,0.9866,0.0251,62700.48,35269.02,0.7865,192,108,0.1151,0.3218,0.1911,0.0354,0.2974,7,9,2,1,4,1,1.7672,326.57,101.61,597.05,8870.91,7717.57,3,0.0053,1.1341,0,1
2026-09-03T23:14:15.913527+00:00,web_bruteforce_v1,web_bruteforce_v1__run_001,initial_access,T1110.003,19,4,1.8238,0.932,0.0727,54742.18,35534.4,0.7984,171,111,0.3456,0.7601,0.2897,0.0545,0.4532,5,8,2,0,3,0,1.5317,320.13,91.47,586.49,8075.4,6004.52,2,0.0281,2.1445,0,0
2026-09-03T23:14:20.913527+00:00,web_bruteforce_v1,web_bruteforce_v1__run_001,initial_access,T1110.003,27,4,1.8911,1.0,0.0097,95963.39,71083.99,0.8633,270,200,0.1872,0.5537,0.2128,0.0286,0.2985,7,11,3,1,4,0,1.3451,355.42,80.92,511.43,6639.55,8382.21,2,0.0603,1.1098,0,0
2026-09-03T23:14:25.913527+00:00,web_bruteforce_v1,web_bruteforce_v1__run_001,initial_access,T1110.003,27,4,1.9386,0.9859,0.018,74116.86,46323.04,0.8252,216,135,0.0935,0.1945,0.1796,0.0383,0.2945,8,12,2,0,6,0,1.5889,343.13,108.72,593.18,8122.08,9046.31,3,0.0437,1.1403,0,0
2026-09-03T23:14:30.913527+00:00,web_bruteforce_v1,web_bruteforce_v1__run_001,initial_access,T1110.003,32,4,1.9287,0.9425,0.0538,138051.16,116840.18,0.7464,384,325,0.2221,0.4088,0.2039,0.0194,0.2622,10,13,2,0,5,0,1.1804,359.51,120.2,714.44,9189.98,8382.44,3,0.0136,0.714,0,0
2026-09-03T23:14:35.913527+00:00,web_bruteforce_v1,web_bruteforce_v1__run_001,initial_access,T1110.003,19,4,1.9785,1.0,0.0044,77315.52,95072.2,0.8041,209,257,0.2502,0.595,0.1484,0.0277,0.2314,5,8,1,0,3,0,0.8121,369.93,63.96,477.03,6238.78,7465.19,2,0.0081,1.2714,0,0
2026-09-03T23:14:40.913527+00:00,web_bruteforce_v1,web_bruteforce_v1__run_001,initial_access,T1110.003,23,4,1.8742,0.9847,0.0114,68332.27,53848.8,0.727,184,145,0.1808,0.3333,0.1903,0.0172,0.2418,6,10,1,1,4,0,1.2636,371.37,112.88,721.81,8402.2,8902.96,3,0.0241,0.3564,0,1
2026-09-03T23:14:45.913527+00:00,web_bruteforce_v1,web_bruteforce_v1__run_001,initial_access,T1110.003,26,4,1.9156,0.9289,0.065,57911.69,58282.92,0.7835,156,157,0.2163,0.4551,0.1891,0.0255,0.2656,7,11,1,1,4,0,0.9899,371.23,109.56,631.87,7878.28,7489.94,2,0.0319,0.0608,0,1
2026-09-03T23:14:50.913527+00:00,web_bruteforce_v1,web_bruteforce_v1__run_001,initial_access,T1110.003,18,4,1.8413,0.9993,0.0,47598.83,26113.25,0.9099,144,79,0.2785,0.4401,0.1687,0.0354,0.2749,4,8,2,0,3,0,1.8045,330.55,91.42,537.38,6054.1,7426.53,2,0.0,1.8166,0,0
2026-09-03T23:14:55.913527+00:00,web_bruteforce_v1,web_bruteforce_v1__run_001,initial_access,T1110.003,30,4,1.9167,0.999,0.0,31955.58,29825.21,0.7448,90,84,0.1427,0.2713,0.1776,0.0277,0.2607,9,13,3,2,5,0,1.0606,355.06,114.07,626.64,7607.17,8157.87,3,0.0,1.1605,0,1
2026-09-03T23:15:00.913527+00:00,web_bruteforce_v1,web_bruteforce_v1__run_001,initial_access,T1110.003,17,4,1.9713,0.9786,0.0285,32295.06,22036.63,0.714,85,58,0.1715,0.4997,0.2585,0.0382,0.3733,4,7,1,1,3,0,1.4438,379.94,98.46,626.48,9834.53,8502.44,2,0.0186,0.7758,0,1
2026-09-03T23:15:05.913527+00:00,web_bruteforce_v1,web_bruteforce_v1__run_001,initial_access,T1110.003,17,4,1.8654,1.0,0.0,33302.81,25793.36,0.8917,102,79,0.1532,0.2276,0.2018,0.0169,0.2525,4,7,2,0,3,0,1.2837,326.5,74.1,500.53,8542.72,8187.29,2,0.0308,1.5363,0,1
2026-09-03T23:15:10.913527+00:00,web_bruteforce_v1,web_bruteforce_v1__run_001,initial_access,T1110.003,19,4,1.7798,0.9861,0.0,26047.72,21934.92,0.7412,76,64,0.1636,0.2408,0.203,0.0235,0.2737,5,8,1,0,4,0,1.1746,342.73,122.27,590.0,8134.15,8464.56,3,0.0245,1.3915,0,0
2026-09-03T23:15:15.913527+00:00,web_bruteforce_v1,web_bruteforce_v1__run_001,initial_access,T1110.003,19,4,1.944,0.9879,0.0,41753.04,26736.6,0.8052,114,73,0.1836,0.5026,0.2671,0.029,0.354,6,9,1,0,3,0,1.5464,366.25,104.67,552.24,7984.84,8967.05,2,0.0316,0.4754,0,0
2026-09-03T23:15:20.913527+00:00,web_bruteforce_v1,web_bruteforce_v1__run_001,initial_access,T1110.003,25,4,1.9535,0.9699,0.0477,72144.51,45811.77,0.6929,200,127,0.2698,0.7435,0.2074,0.033,0.3063,7,11,2,2,5,0,1.5667,360.72,99.67,542.97,6963.06,9167.85,4,0.0,1.4224,0,0
2026-09-03T23:15:25.913527+00:00,web_bruteforce_v1,web_bruteforce_v1__run_001,initial_access,T1110.003,19,4,1.8238,1.0,0.0194,36962.61,24965.98,0.7019,114,77,0.2295,0.6636,0.2309,0.0259,0.3087,5,8,1,1,3,0,1.4665,324.23,76.78,477.12,7357.07,7454.11,2,0.0,1.0667,0,1
2026-09-03T23:15:30.913527+00:00,web_bruteforce_v1,web_bruteforce_v1__run_001,initial_access,T1110.003,24,4,1.6625,0.9874,0.0,41267.53,36796.88,0.8159,120,107,0.3067,0.4292,0.2052,0.0255,0.2816,6,11,2,2,4,0,1.1168,343.9,104.53,602.22,8088.43,7531.58,3,0.056,0.3837,0,1
2026-09-03T23:15:35.913527+00:00,web_bruteforce_v1,web_bruteforce_v1__run_001,initial_access,T1110.003,29,4,1.9569,1.0,0.0,81700.39,59514.51,0.9169,232,169,0.1775,0.4878,0.2001,0.0272,0.2816,8,13,2,0,4,0,1.3667,352.16,103.92,709.04,6939.35,7998.53,2,0.0,0.5863,0,1
2026-09-03T23:15:40.913527+00:00,web_bruteforce_v1,web_bruteforce_v1__run_001,initial_access,T1110.003,18,4,1.9911,0.9884,0.0109,68667.24,57222.7,0.7131,180,150,0.1577,0.2828,0.2043,0.0242,0.2768,5,7,1,0,3,0,1.1933,381.48,118.13,612.25,8006.71,8225.57,1,0.0034,0.6469,0,0
2026-09-03T23:15:45.913527+00:00,web_bruteforce_v1,web_bruteforce_v1__run_001,initial_access,T1110.003,28,4,1.9438,1.0,0.0,48420.24,38736.19,0.8138,140,112,0.1333,0.272,0.2225,0.0194,0.2806,8,13,2,2,5,0,1.248,345.86,66.32,499.46,7564.55,8211.83,3,0.0338,0.7681,0,0
2026-09-03T23:15:50.913527+00:00,web_bruteforce_v1,web_bruteforce_v1__run_001,initial_access,T1110.003,21,4,1.8727,0.9889,0.0062,35818.08,61061.3,0.7689,105,179,0.0991,0.162,0.1867,0.0152,0.2324,6,9,2,0,4,0,0.5855,341.12,100.46,610.54,9023.63,7491.61,2,0.0824,0.1068,0,0
2026-09-03T23:15:55.913527+00:00,web_bruteforce_v1,web_bruteforce_v1__run_001,initial_access,T1110.003,28,4,1.9701,1.0,0.0178,9817.82,7363.37,0.817,28,21,0.2973,0.6389,0.1928,0.0212,0.2565,8,11,3,1,5,0,1.2808,350.64,96.09,653.73,7309.1,7494.18,3,0.006,0.9505,0,2
2026-09-03T23:16:00.913527+00:00,web_bruteforce_v1,web_bruteforce_v1__run_001,initial_access,T1110.003,25,4,1.7109,0.9793,0.011,34420.56,31666.91,0.7684,100,92,0.2236,0.3486,0.2394,0.0499,0.3891,7,11,2,0,4,0,1.0856,344.21,93.51,629.56,10347.49,7480.84,3,0.0938,1.5679,0,0
2026-09-03T23:16:05.913527+00:00,web_bruteforce_v1,web_bruteforce_v1__run_001,initial_access,T1110.003,29,4,1.9904,1.0,0.0,72220.83,68663.15,0.8604,203,193,0.2838,0.5483,0.2078,0.0171,0.2592,8,12,2,0,5,0,1.0514,355.77,127.79,706.4,8784.04,8812.96,3,0.0605,0.7425,0,0
