timestamp,persona_id,run_id,mitre_stage,technique_id,flow_count,unique_dst_ports,dest_port_entropy,tcp_ratio,udp_ratio,bytes_fwd_sum,bytes_bwd_sum,bidirectional_ratio,pkts_fwd_sum,pkts_bwd_sum,duration_mean,duration_max,iat_mean,iat_std,iat_max,syn_flag_sum,ack_flag_sum,fin_flag_sum,rst_flag_sum,psh_flag_sum,urg_flag_sum,down_up_ratio_mean,pkt_len_mean,pkt_len_std,pkt_len_max,init_fwd_win_mean,init_bwd_win_mean,fwd_psh_flags_sum,port_scan_score,ttl_variance,ip_fragment_flags,retransmit_count
2026-08-27T19:24:18.467563+00:00,evasive_lateral_v1,evasive_lateral_v1__cd71e9230dae,reconnaissance,T1046,0,0,0.0,1.0,0.0,0.0,0.0,0.6578,0,0,1.2234,2.3079,1.3902,0.2679,2.1939,0,0,0,0,0,0,0.9309,716.32,0.0,716.32,6718.29,7763.53,0,0.0357,1.3194,0,0
2026-08-27T19:24:23.467563+00:00,evasive_lateral_v1,evasive_lateral_v1__cd71e9230dae,reconnaissance,T1046,3,3,1.317,0.9534,0.0312,13197.262,9324.178,0.6238,26,19,1.1201,1.7543,1.2406,0.1676,1.7432,0,1,0,0,0,0,1.3652,557.846,167.314,731.222,8356.458,7825.2,0,0.0722,1.5395,0,0
2026-08-27T19:24:28.467563+00:00,evasive_lateral_v1,evasive_lateral_v1__cd71e9230dae,reconnaissance,T1046,4,3,1.5,0.9657,0.0367,8988.25,9550.01,0.6227,16,17,1.2708,1.8966,1.3664,0.1337,1.7675,0,2,0,0,0,0,0.922,561.77,72.53,652.93,8224.67,8850.34,0,0.087,1.0742,0,0
2026-08-27T19:24:33.467563+00:00,evasive_lateral_v1,evasive_lateral_v1__cd71e9230dae,reconnaissance,T1046,4,3,1.5,1.0,0.0,16444.85,17472.65,0.5145,32,34,1.7913,5.04,1.4397,0.2801,2.2799,0,1,0,0,0,0,0.9397,513.9,100.03,661.14,6981.23,9010.64,0,0.142,0.4012,0,1
2026-08-27T19:24:38.467563+00:00,evasive_lateral_v1,evasive_lateral_v1__cd71e9230dae,lateral_movement,T1021.002,4,2,1.0,1.0,0.0063,13875.18,8325.11,0.5892,20,12,1.4047,1.849,1.5591,0.2574,2.3314,0,1,0,0,0,0,1.5582,693.76,155.38,856.88,9135.89,9013.78,0,0.0682,1.0874,0,0
2026-08-27T19:24:43.467563+00:00,evasive_lateral_v1,evasive_lateral_v1__cd71e9230dae,lateral_movement,T1021.002,4,3,1.166,0.9791,0.018,8211.318,6308.778,0.558,18,14,0.9746,1.7192,1.7326,0.2552,2.4983,0,2,0,0,0,0,1.2243,537.99,75.402,633.046,8476.266,9032.08,0,0.036,1.4025,0,0
2026-08-27T19:24:48.467563+00:00,evasive_lateral_v1,evasive_lateral_v1__cd71e9230dae,lateral_movement,T1021.002,5,3,1.2938,0.9742,0.018,10281.742,7572.938,0.5858,20,15,1.2592,3.5005,1.367,0.2696,2.1758,0,2,0,0,0,0,1.3655,652.462,275.386,1109.158,9035.018,8184.024,0,0.0497,2.3104,0,0
2026-08-27T19:24:53.467563+00:00,evasive_lateral_v1,evasive_lateral_v1__cd71e9230dae,lateral_movement,T1021.002,3,2,0.9183,0.9953,0.0157,15103.41,15103.41,0.5921,18,18,1.7979,3.7959,1.4767,0.1632,1.9663,0,1,0,0,0,0,0.9931,839.08,324.04,1083.91,9247.63,9456.41,0,0.0884,0.8172,0,0
2026-08-27T19:24:58.467563+00:00,evasive_lateral_v1,evasive_lateral_v1__cd71e9230dae,lateral_movement,T1021.002,3,3,1.585,1.0,0.0186,10995.75,9424.93,0.6463,21,18,0.8912,1.3946,1.47,0.1759,1.9978,0,1,0,0,0,0,1.1063,523.61,77.9,633.18,6787.99,8500.08,0,0.1008,0.7416,0,0
2026-08-27T19:25:03.467563+00:00,evasive_lateral_v1,evasive_lateral_v1__cd71e9230dae,lateral_movement,T1021.002,4,2,0.8113,0.9907,0.0252,6522.93,4892.2,0.4901,8,6,1.833,2.9842,1.4402,0.2397,2.1594,0,1,0,0,0,0,1.3053,815.37,139.97,919.85,7726.79,8197.94,0,0.0243,0.7627,0,0
2026-08-27T19:25:08.467563+00:00,evasive_lateral_v1,evasive_lateral_v1__cd71e9230dae,lateral_movement,T1021.002,4,3,1.2516,0.9333,0.0674,26375.902,25399.05,0.5647,34,31,1.6328,2.5366,1.4376,0.2963,2.3264,0,1,0,0,0,0,1.0306,885.046,181.842,1098.374,8895.346,8189.104,0,0.0399,2.3532,0,0
2026-08-27T19:25:13.467563+00:00,evasive_lateral_v1,evasive_lateral_v1__cd71e9230dae,lateral_movement,T1021.002,6,3,1.2516,0.9535,0.0319,21028.62,30141.02,0.6285,30,43,1.1865,3.0925,1.2822,0.1228,1.6504,0,2,0,0,0,0,0.6876,700.95,200.07,1075.41,8348.15,7748.61,0,0.11,1.4967,0,0
2026-08-27T19:25:18.467563+00:00,evasive_lateral_v1,evasive_lateral_v1__cd71e9230dae,lateral_movement,T1021.002,2,2,1.0,0.9676,0.0298,9076.35,7563.63,0.5311,12,10,1.921,2.4805,1.5178,0.3193,2.4758,0,0,0,0,0,0,1.1806,756.36,87.07,843.43,8026.45,7203.98,0,0.0365,0.8233,0,0
2026-08-27T19:25:23.467563+00:00,evasive_lateral_v1,evasive_lateral_v1__cd71e9230dae,lateral_movement,T1021.002,3,2,0.9183,0.9988,0.0,8563.6,7136.33,0.5777,12,10,0.7626,2.1924,1.2641,0.1733,1.7839,0,1,0,0,0,0,1.0993,713.63,312.0,1000.0,7540.82,8798.47,0,0.0675,0.8179,0,0
2026-08-27T19:25:28.467563+00:00,evasive_lateral_v1,evasive_lateral_v1__cd71e9230dae,lateral_movement,T1021.002,3,2,0.9183,0.9966,0.0142,4513.73,3009.15,0.6069,9,6,1.8887,3.0304,1.2839,0.2767,2.114,0,1,0,0,0,0,1.3604,501.53,19.77,528.02,6792.09,8235.56,0,0.0355,1.7875,0,0
2026-08-27T19:25:33.467563+00:00,evasive_lateral_v1,evasive_lateral_v1__cd71e9230dae,lateral_movement,T1021.002,3,3,1.585,1.0,0.0,11612.81,10064.43,0.5895,15,13,1.6142,3.0567,1.6316,0.148,2.0755,0,1,0,0,0,0,1.09,774.19,108.4,894.6,9500.3,8026.11,0,0.0545,0.7893,0,0
2026-08-27T19:25:38.467563+00:00,evasive_lateral_v1,evasive_lateral_v1__cd71e9230dae,lateral_movement,T1021.002,8,3,1.5,1.0,0.0,29923.24,20198.19,0.7288,40,27,1.4009,2.5954,1.412,0.2788,2.2483,1,4,0,0,0,0,1.4497,748.08,272.65,1154.72,5789.7,7776.56,0,0.1106,1.2715,0,0
2026-08-27T19:25:43.467563+00:00,evasive_lateral_v1,evasive_lateral_v1__cd71e9230dae,lateral_movement,T1021.002,3,2,0.9183,1.0,0.0,22033.74,16321.29,0.5699,27,20,1.6168,3.4259,1.2361,0.1988,1.8324,0,1,0,0,0,0,1.3248,816.06,238.28,1145.96,9238.41,7517.38,0,0.1227,1.2002,0,0
2026-08-27T19:25:48.467563+00:00,evasive_lateral_v1,evasive_lateral_v1__cd71e9230dae,lateral_movement,T1021.002,1,1,-0.0,1.0,0.0285,5379.24,3362.03,0.6291,8,5,1.6167,2.3172,1.2778,0.1886,1.8436,0,0,0,0,0,0,1.3638,672.41,0.0,672.41,7530.05,7205.66,0,0.0612,0.5651,0,0
2026-08-27T19:25:53.467563+00:00,evasive_lateral_v1,evasive_lateral_v1__cd71e9230dae,lateral_movement,T1021.002,2,2,1.0,1.0,0.0093,4373.55,2186.77,0.5624,6,3,1.4166,1.7986,1.6869,0.2802,2.5275,0,0,0,0,0,0,1.5674,728.92,169.94,898.86,7955.1,8621.32,0,0.0582,0.7292,0,0
2026-08-27T19:25:58.467563+00:00,evasive_lateral_v1,evasive_lateral_v1__cd71e9230dae,lateral_movement,T1021.002,4,3,1.5,1.0,0.0249,16276.9,9882.4,0.6007,28,17,1.9254,2.3454,1.5921,0.1956,2.1789,0,1,0,0,0,0,1.6436,581.32,186.8,874.39,7971.5,8643.61,0,0.0652,1.2125,0,0
2026-08-27T19:26:03.467563+00:00,evasive_lateral_v1,evasive_lateral_v1__cd71e9230dae,reconnaissance,T1046,2,2,1.0,1.0,0.0043,8783.13,4940.51,0.5936,16,9,1.2226,2.4631,1.5199,0.3078,2.4432,0,1,0,0,0,0,1.6292,548.95,54.26,603.21,9184.59,9668.8,0,0.0803,1.7274,0,0
2026-08-27T19:26:08.467563+00:00,evasive_lateral_v1,evasive_lateral_v1__cd71e9230dae,reconnaissance,T1046,2,2,1.0,0.964,0.0395,14848.16,14105.75,0.6099,20,19,1.565,2.3564,1.5378,0.1361,1.9462,0,1,0,0,0,0,1.0188,742.41,48.98,791.39,8733.13,7527.05,0,0.0803,1.4237,0,0
2026-08-27T19:26:13.467563+00:00,evasive_lateral_v1,evasive_lateral_v1__cd71e9230dae,reconnaissance,T1046,4,3,1.5,0.955,0.0453,8476.0,6357.0,0.6694,16,12,1.1837,2.3555,1.1431,0.2064,1.7625,0,1,0,0,0,0,1.2498,529.75,99.8,648.89,7919.47,8640.61,0,0.1548,0.9289,0,0
2026-08-27T19:26:18.467563+00:00,evasive_lateral_v1,evasive_lateral_v1__cd71e9230dae,reconnaissance,T1046,3,2,0.9183,1.0,0.0,12570.04,9776.7,0.6342,27,21,1.1084,1.8824,1.446,0.2348,2.1503,0,1,0,0,0,0,1.2372,465.56,47.9,499.79,8726.71,8538.59,0,0.055,0.7782,0,0
2026-08-27T19:26:23.467563+00:00,evasive_lateral_v1,evasive_lateral_v1__cd71e9230dae,reconnaissance,T1046,4,2,0.8113,0.995,0.003,15905.87,10338.82,0.6811,20,13,1.5984,4.2947,1.5739,0.2144,2.217,0,2,0,0,0,0,1.4941,795.29,154.35,1042.54,8045.85,8511.99,0,0.0529,0.4319,0,0
2026-08-27T19:26:28.467563+00:00,evasive_lateral_v1,evasive_lateral_v1__cd71e9230dae,reconnaissance,T1046,7,4,1.7624,0.9791,0.0414,29507.262,24448.986,0.6123,51,42,0.9724,2.6485,1.393,0.2606,2.1749,1,3,0,0,1,0,1.2028,585.318,116.794,743.63,8283.578,8470.864,0,0.089,2.0433,0,0
2026-08-27T19:26:33.467563+00:00,evasive_lateral_v1,evasive_lateral_v1__cd71e9230dae,reconnaissance,T1046,5,3,1.5219,1.0,0.0612,19231.17,19231.17,0.6033,25,25,1.7991,5.1918,1.315,0.282,2.161,0,2,0,0,0,0,0.9806,769.25,104.68,923.98,9050.91,9635.66,0,0.0871,0.0,1,0
2026-08-27T19:26:38.467563+00:00,evasive_lateral_v1,evasive_lateral_v1__cd71e9230dae,reconnaissance,T1046,3,3,1.585,0.9865,0.0163,19482.88,20294.67,0.5999,24,25,1.2876,3.6956,1.385,0.2914,2.2592,0,1,0,0,0,0,0.9482,811.79,102.62,904.28,5537.14,7527.6,0,0.1114,0.0803,0,0
2026-08-27T19:26:43.467563+00:00,evasive_lateral_v1,evasive_lateral_v1__cd71e9230dae,lateral_movement,T1021.002,9,3,1.3516,0.9936,0.0,24046.16,23378.21,0.6416,36,35,1.5906,2.2773,1.257,0.1869,1.8177,1,4,0,0,1,0,1.0025,667.95,150.6,883.83,8759.71,8534.96,0,0.09,1.094,0,0
2026-08-27T19:26:48.467563+00:00,evasive_lateral_v1,evasive_lateral_v1__cd71e9230dae,lateral_movement,T1021.002,2,2,1.0,0.9547,0.0413,1085.93,1085.93,0.6829,2,2,1.1918,3.5191,1.1934,0.2165,1.8427,0,0,0,0,0,0,0.8448,542.96,131.35,674.32,8060.15,7358.94,0,0.0,1.778,0,0
2026-08-27T19:26:53.467563+00:00,evasive_lateral_v1,evasive_lateral_v1__cd71e9230dae,lateral_movement,T1021.002,6,3,1.585,1.0,0.0262,27665.01,23054.18,0.6701,30,25,0.8525,1.6989,1.343,0.2378,2.0564,0,3,0,0,0,0,1.1841,922.17,327.67,1302.57,8391.19,9087.4,0,0.0724,0.8532,0,0
2026-08-27T19:26:58.467563+00:00,evasive_lateral_v1,evasive_lateral_v1__cd71e9230dae,lateral_movement,T1021.002,4,1,-0.0,0.9729,0.0325,6732.56,5049.42,0.5756,12,9,0.694,1.2286,1.2794,0.2195,1.9378,0,1,0,0,0,0,1.2336,561.05,110.47,680.05,5809.39,9488.26,0,0.0143,0.74,0,0
2026-08-27T19:27:03.467563+00:00,evasive_lateral_v1,evasive_lateral_v1__cd71e9230dae,lateral_movement,T1021.002,4,3,1.5,1.0,0.0,12050.94,9038.2,0.6239,16,12,1.7381,2.8182,1.3727,0.1219,1.7385,0,1,0,0,0,0,1.2835,753.18,284.24,1056.18,7507.89,10715.74,0,0.0757,1.867,0,0
2026-08-27T19:27:08.467563+00:00,evasive_lateral_v1,evasive_lateral_v1__cd71e9230dae,lateral_movement,T1021.002,1,1,-0.0,0.9761,0.028,3989.91,2849.94,0.734,7,5,1.2217,1.8011,1.5228,0.1471,1.964,0,0,0,0,0,0,1.2552,569.99,0.0,569.99,6581.35,9478.74,0,0.0367,0.9425,0,0
2026-08-27T19:27:13.467563+00:00,evasive_lateral_v1,evasive_lateral_v1__cd71e9230dae,lateral_movement,T1021.002,1,1,-0.0,0.9989,0.0,2292.44,916.97,0.5967,5,2,1.5246,2.878,1.6084,0.3098,2.5379,0,0,0,0,0,0,1.7128,458.49,0.0,458.49,6620.98,7733.83,0,0.0713,1.5714,0,0
2026-08-27T19:27:18.467563+00:00,evasive_lateral_v1,evasive_lateral_v1__cd71e9230dae,lateral_movement,T1021.002,5,2,0.971,0.9854,0.0,21359.17,28682.31,0.602,35,47,1.5389,2.2941,1.4177,0.2139,2.0595,0,2,0,0,0,0,0.7328,610.26,117.13,718.44,9499.93,7298.75,0,0.0446,1.7252,0,0
2026-08-27T19:27:23.467563+00:00,evasive_lateral_v1,evasive_lateral_v1__cd71e9230dae,lateral_movement,T1021.002,1,1,-0.0,0.934,0.054,5794.01,4138.58,0.6537,7,5,1.1468,2.1399,1.6289,0.2464,2.3681,0,0,0,0,0,0,1.2393,827.72,0.0,827.72,7829.27,9021.99,0,0.0571,0.8373,0,0
2026-08-27T19:27:28.467563+00:00,evasive_lateral_v1,evasive_lateral_v1__cd71e9230dae,lateral_movement,T1021.002,4,2,0.8113,0.9953,0.0,23485.93,25163.49,0.5283,28,30,1.4827,3.1844,1.5758,0.1933,2.1556,0,2,0,0,0,0,0.9273,838.78,204.42,1185.47,8725.35,7956.78,0,0.065,0.2179,0,0
2026-08-27T19:27:33.467563+00:00,evasive_lateral_v1,evasive_lateral_v1__cd71e9230dae,lateral_movement,T1021.002,2,2,1.0,0.9893,0.0216,11841.6,9621.3,0.521,16,13,2.0865,2.6095,1.3647,0.2195,2.0232,0,0,0,0,0,0,1.1869,740.1,210.66,950.76,9045.94,8332.67,0,0.1122,1.1414,0,0
2026-08-27T19:27:38.467563+00:00,evasive_lateral_v1,evasive_lateral_v1__cd71e9230dae,lateral_movement,T1021.002,5,3,1.371,1.0,0.0129,38396.47,28523.09,0.5578,35,26,1.422,2.752,1.4497,0.1879,2.0135,0,2,0,0,0,0,1.3135,1097.04,353.43,1551.18,8681.54,6461.15,0,0.059,1.3349,0,0
2026-08-27T19:27:43.467563+00:00,evasive_lateral_v1,evasive_lateral_v1__cd71e9230dae,lateral_movement,T1021.002,3,2,0.9183,1.0,0.0563,14929.25,9241.91,0.5562,21,13,1.773,4.7524,1.5447,0.2043,2.1575,0,1,0,0,0,0,1.5051,710.92,230.17,1029.66,7123.46,6231.47,0,0.0372,1.3823,0,0
2026-08-27T19:27:48.467563+00:00,evasive_lateral_v1,evasive_lateral_v1__cd71e9230dae,lateral_movement,T1021.002,4,3,1.2516,0.9581,0.018,11736.558,16783.042,0.5783,26,36,1.0416,1.4628,1.4807,0.2402,2.2014,0,1,0,0,0,0,0.6814,476.694,127.298,585.598,7752.322,5558.16,0,0.0473,2.4715,0,0
2026-08-27T19:27:53.467563+00:00,evasive_lateral_v1,evasive_lateral_v1__cd71e9230dae,lateral_movement,T1021.002,2,2,1.0,0.9869,0.0029,4291.5,7510.12,0.6217,8,14,2.0093,3.0878,1.5639,0.1387,1.9799,0,0,0,0,0,0,0.5543,536.44,73.33,609.76,9525.7,8662.67,0,0.114,1.3848,0,0
2026-08-27T19:27:58.467563+00:00,evasive_lateral_v1,evasive_lateral_v1__cd71e9230dae,lateral_movement,T1021.002,4,3,1.2516,0.9791,0.018,15828.71,11617.53,0.5779,29,21,0.7398,1.1239,1.2156,0.2132,1.8551,0,1,0,0,0,0,1.3428,614.198,211.906,776.614,7677.586,7710.368,0,0.0378,0.9818,0,0
2026-08-27T19:28:03.467563+00:00,evasive_lateral_v1,evasive_lateral_v1__cd71e9230dae,reconnaissance,T1046,8,3,1.4056,0.9763,0.0365,35627.75,29901.86,0.6365,56,47,0.7231,1.2604,1.0373,0.2304,1.7286,1,4,0,0,1,0,1.1817,636.21,207.03,1075.87,10051.63,9049.72,0,0.0983,1.1095,0,0
2026-08-27T19:28:08.467563+00:00,evasive_lateral_v1,evasive_lateral_v1__cd71e9230dae,reconnaissance,T1046,6,4,1.6843,0.9791,0.0211,29600.27,22873.234,0.6156,50,39,0.9437,1.7157,1.3734,0.2084,1.9985,0,3,0,0,0,0,1.2715,597.886,104.674,726.662,8316.154,6705.136,0,0.0993,2.1165,0,0
2026-08-27T19:28:13.467563+00:00,evasive_lateral_v1,evasive_lateral_v1__cd71e9230dae,reconnaissance,T1046,4,3,1.5,0.9974,0.0003,22345.95,29173.88,0.6411,36,47,0.7299,1.6271,1.408,0.29,2.2779,0,1,0,0,0,0,0.7635,620.72,136.75,819.11,9069.86,9590.68,0,0.0574,0.5581,0,0
2026-08-27T19:28:18.467563+00:00,evasive_lateral_v1,evasive_lateral_v1__cd71e9230dae,reconnaissance,T1046,5,3,1.371,0.9764,0.0042,25239.36,21633.74,0.5768,35,30,1.6563,3.7871,1.7192,0.2582,2.4939,0,2,0,0,0,0,1.1417,721.12,171.92,845.58,8360.9,8831.01,0,0.037,0.3459,0,0
2026-08-27T19:28:23.467563+00:00,evasive_lateral_v1,evasive_lateral_v1__cd71e9230dae,lateral_movement,T1021.002,4,3,1.5,1.0,0.0209,9243.96,5392.31,0.535,12,7,1.6775,3.022,1.5342,0.2095,2.1628,0,1,0,0,0,0,1.6119,770.33,83.29,906.87,8764.22,10233.77,0,0.059,0.8419,0,0
2026-08-27T19:28:28.467563+00:00,evasive_lateral_v1,evasive_lateral_v1__cd71e9230dae,lateral_movement,T1021.002,2,1,-0.0,0.9769,0.04,8729.56,6235.4,0.615,14,10,2.092,3.7044,1.2001,0.1238,1.5715,0,1,0,0,0,0,1.2863,623.54,172.12,795.66,7980.39,8401.22,0,0.1198,1.1511,0,0
2026-08-27T19:28:33.467563+00:00,evasive_lateral_v1,evasive_lateral_v1__cd71e9230dae,lateral_movement,T1021.002,6,3,1.4591,1.0,0.0021,25993.99,16462.86,0.5859,30,19,0.8061,2.347,1.219,0.1392,1.6365,1,3,0,0,0,0,1.5482,866.47,369.55,1377.06,8388.53,8648.37,0,0.0845,1.1273,0,0
2026-08-27T19:28:38.467563+00:00,evasive_lateral_v1,evasive_lateral_v1__cd71e9230dae,lateral_movement,T1021.002,3,2,0.9183,0.9316,0.0843,8987.3,5392.38,0.6651,15,9,1.3126,3.8396,1.3789,0.1515,1.8333,0,1,0,0,0,0,1.6226,599.15,60.82,677.21,7800.38,8157.89,0,0.0464,0.8121,0,0
2026-08-27T19:28:43.467563+00:00,evasive_lateral_v1,evasive_lateral_v1__cd71e9230dae,lateral_movement,T1021.002,3,3,1.585,1.0,0.0,11950.52,7967.01,0.6773,18,12,1.9664,4.1377,1.5523,0.1746,2.0762,0,1,0,0,0,0,1.4142,663.92,80.43,769.11,7960.96,9525.66,0,0.0712,0.7295,0,0
2026-08-27T19:28:48.467563+00:00,evasive_lateral_v1,evasive_lateral_v1__cd71e9230dae,lateral_movement,T1021.002,6,3,1.4591,1.0,0.0,17428.74,21059.73,0.5359,24,29,0.9822,2.4614,1.0866,0.2028,1.6949,0,2,0,0,0,0,0.8197,726.2,272.87,1059.76,7892.14,6670.13,0,0.009,0.6658,0,0
2026-08-27T19:28:53.467563+00:00,evasive_lateral_v1,evasive_lateral_v1__cd71e9230dae,lateral_movement,T1021.002,5,3,1.5219,0.9955,0.0,20448.82,14995.8,0.563,30,22,1.6231,4.8405,1.5274,0.1406,1.9493,0,2,0,0,0,0,1.3406,681.63,145.31,837.11,6895.65,7574.27,0,0.1081,0.9345,0,0
2026-08-27T19:28:58.467563+00:00,evasive_lateral_v1,evasive_lateral_v1__cd71e9230dae,lateral_movement,T1021.002,3,2,0.9183,1.0,0.0,17101.34,10688.33,0.5838,24,15,0.8924,1.4363,1.7703,0.39,2.9403,0,1,0,0,0,0,1.5956,712.56,176.68,959.66,8918.93,8346.68,0,0.101,0.7154,0,0
2026-08-27T19:29:03.467563+00:00,evasive_lateral_v1,evasive_lateral_v1__cd71e9230dae,lateral_movement,T1021.002,3,2,0.9183,0.9972,0.0271,5820.33,5820.33,0.6263,9,9,1.377,1.7364,1.4729,0.2815,2.3174,0,1,0,0,0,0,0.9371,646.7,5.02,651.26,7282.84,7255.22,0,0.0938,0.2918,0,0
2026-08-27T19:29:08.467563+00:00,evasive_lateral_v1,evasive_lateral_v1__cd71e9230dae,lateral_movement,T1021.002,3,3,1.317,0.9617,0.0344,9635.03,7632.882,0.5617,20,16,0.9333,1.323,1.407,0.1981,2.0014,0,1,0,0,0,0,1.1839,587.79,100.794,694.638,8236.858,8692.024,0,0.0406,1.427,0,0
2026-08-27T19:29:13.467563+00:00,evasive_lateral_v1,evasive_lateral_v1__cd71e9230dae,lateral_movement,T1021.002,2,2,1.0,0.9734,0.0344,10032.27,6019.36,0.7672,10,6,0.9459,1.7929,1.2575,0.22,1.9176,0,1,0,0,0,0,1.4988,1003.23,86.01,1089.24,8148.91,6693.99,0,0.0499,0.8953,0,0
2026-08-27T19:29:18.467563+00:00,evasive_lateral_v1,evasive_lateral_v1__cd71e9230dae,lateral_movement,T1021.002,1,1,-0.0,0.9876,0.0224,2899.62,2899.62,0.5575,4,4,1.1555,1.6967,1.625,0.2833,2.475,0,0,0,0,0,0,0.8717,724.91,0.0,724.91,8743.27,9588.35,0,0.0282,0.9042,0,0
2026-08-27T19:29:23.467563+00:00,evasive_lateral_v1,evasive_lateral_v1__cd71e9230dae,lateral_movement,T1021.002,6,3,1.585,1.0,0.0,19423.97,16186.64,0.5796,30,25,1.0196,2.0935,1.4663,0.2935,2.3469,1,3,0,0,0,0,1.1961,647.47,238.77,1131.54,8235.84,7822.84,0,0.0625,0.7413,0,0
2026-08-27T19:29:28.467563+00:00,evasive_lateral_v1,evasive_lateral_v1__cd71e9230dae,lateral_movement,T1021.002,4,2,0.8113,0.9936,0.0062,40470.9,40470.9,0.5643,44,44,1.9089,3.5996,1.6924,0.2086,2.318,0,1,0,0,0,0,0.9898,919.79,108.45,1024.51,7631.67,7896.81,0,0.0719,1.8474,0,1
2026-08-27T19:29:33.467563+00:00,evasive_lateral_v1,evasive_lateral_v1__cd71e9230dae,lateral_movement,T1021.002,2,2,1.0,1.0,0.0,4713.62,4713.62,0.5344,10,10,2.207,4.1072,1.8593,0.2091,2.4866,0,1,0,0,0,0,0.9283,471.36,238.84,710.2,8766.46,7068.36,0,0.0646,1.6657,0,0
2026-08-27T19:29:38.467563+00:00,evasive_lateral_v1,evasive_lateral_v1__cd71e9230dae,lateral_movement,T1021.002,8,3,1.5613,1.0,0.0095,51338.97,56330.25,0.5811,72,79,0.9109,1.9868,1.349,0.1287,1.7352,0,3,0,0,1,0,0.9081,713.04,305.3,1499.29,10038.82,9046.94,0,0.138,0.7942,0,1
2026-08-27T19:29:43.467563+00:00,evasive_lateral_v1,evasive_lateral_v1__cd71e9230dae,reconnaissance,T1046,5,2,0.7219,0.9824,0.0009,14425.89,9376.83,0.5644,20,13,1.7858,4.8942,1.3251,0.2842,2.1776,0,2,0,0,0,0,1.4639,721.29,151.54,924.12,8800.2,7211.68,0,0.0384,0.479,0,0
2026-08-27T19:29:48.467563+00:00,evasive_lateral_v1,evasive_lateral_v1__cd71e9230dae,reconnaissance,T1046,4,2,1.0,1.0,0.0,22086.21,31551.73,0.6051,28,40,1.2445,2.9114,1.4878,0.2299,2.1775,0,1,0,0,0,0,0.6927,788.79,186.15,1003.63,8101.08,7762.33,0,0.078,1.5935,0,0
2026-08-27T19:29:53.467563+00:00,evasive_lateral_v1,evasive_lateral_v1__cd71e9230dae,reconnaissance,T1046,0,0,0.0,0.9892,0.0,0.0,0.0,0.6385,0,0,1.1247,1.8987,1.3992,0.2656,2.1959,0,0,0,0,0,0,1.356,494.02,0.0,494.02,10171.76,8744.82,0,0.0228,0.2631,0,0
2026-08-27T19:29:58.467563+00:00,evasive_lateral_v1,evasive_lateral_v1__cd71e9230dae,reconnaissance,T1046,3,2,0.9183,0.9867,0.0,10250.61,5857.49,0.5872,21,12,1.825,3.2887,1.6597,0.1562,2.1284,0,1,0,0,0,0,1.6891,488.12,38.41,542.33,6370.89,5765.95,0,0.06,0.7078,0,0
2026-08-27T19:30:03.467563+00:00,evasive_lateral_v1,evasive_lateral_v1__cd71e9230dae,reconnaissance,T1046,5,2,0.7219,0.9527,0.0234,16416.86,10506.79,0.5518,25,16,1.1708,3.1111,1.3321,0.1563,1.801,0,2,0,0,0,0,1.5579,656.67,285.46,1213.68,10098.06,7350.06,0,0.0779,1.3233,0,0
2026-08-27T19:30:08.467563+00:00,evasive_lateral_v1,evasive_lateral_v1__cd71e9230dae,reconnaissance,T1046,4,2,0.8113,1.0,0.0,27496.96,24997.24,0.5726,44,40,1.0459,3.0695,1.525,0.1352,1.9305,0,1,0,0,0,0,1.0837,624.93,132.54,845.92,8359.45,7533.04,0,0.0986,1.4562,0,0
2026-08-27T19:30:13.467563+00:00,evasive_lateral_v1,evasive_lateral_v1__cd71e9230dae,lateral_movement,T1021.002,3,3,1.585,1.0,0.0398,9504.82,8712.75,0.5538,12,11,1.0202,1.9693,1.2552,0.1458,1.6927,0,1,0,0,0,0,1.045,792.07,71.47,885.94,7897.08,7248.94,0,0.1155,1.5437,0,0
2026-08-27T19:30:18.467563+00:00,evasive_lateral_v1,evasive_lateral_v1__cd71e9230dae,lateral_movement,T1021.002,2,2,1.0,1.0,0.0,5924.02,5430.35,0.5626,12,11,1.4036,2.2811,1.5662,0.1284,1.9514,0,1,0,0,0,0,1.059,493.67,60.0,553.67,6414.29,7312.61,0,0.0832,2.0458,0,0
2026-08-27T19:30:23.467563+00:00,evasive_lateral_v1,evasive_lateral_v1__cd71e9230dae,lateral_movement,T1021.002,1,1,-0.0,0.9843,0.0435,5879.67,3359.81,0.6987,7,4,1.6516,3.338,1.4955,0.1855,2.0521,0,0,0,0,0,0,1.6438,839.95,0.0,839.95,8159.38,8107.31,0,0.0065,0.9886,0,0
2026-08-27T19:30:28.467563+00:00,evasive_lateral_v1,evasive_lateral_v1__cd71e9230dae,lateral_movement,T1021.002,2,2,1.0,1.0,0.0,12771.98,8127.62,0.5693,22,14,2.1795,2.8373,1.3606,0.1593,1.8385,0,1,0,0,0,0,1.5079,580.54,7.24,587.79,8263.4,8566.59,0,0.0906,0.7694,0,0
2026-08-27T19:30:33.467563+00:00,evasive_lateral_v1,evasive_lateral_v1__cd71e9230dae,lateral_movement,T1021.002,5,2,0.7219,0.9861,0.0148,28371.2,29080.48,0.5815,40,41,1.9347,4.0955,1.4753,0.2434,2.2055,0,2,0,0,0,0,0.9528,709.28,181.97,944.09,8423.76,6886.22,0,0.0441,0.5073,0,0
2026-08-27T19:30:38.467563+00:00,evasive_lateral_v1,evasive_lateral_v1__cd71e9230dae,lateral_movement,T1021.002,7,3,1.5567,1.0,0.0,36036.55,23166.35,0.5999,42,27,1.5616,4.6214,1.2405,0.1136,1.5813,1,3,0,0,0,0,1.5268,858.01,227.78,1229.17,8522.51,8693.94,0,0.0621,0.6523,0,0
2026-08-27T19:30:43.467563+00:00,evasive_lateral_v1,evasive_lateral_v1__cd71e9230dae,lateral_movement,T1021.002,2,2,1.0,0.9683,0.028,10270.24,8069.47,0.6127,14,11,0.8041,2.0539,1.5694,0.1846,2.1233,0,0,0,0,0,0,1.2223,733.59,44.43,778.02,7631.54,8233.15,0,0.0082,1.7526,0,1
2026-08-27T19:30:48.467563+00:00,evasive_lateral_v1,evasive_lateral_v1__cd71e9230dae,lateral_movement,T1021.002,2,2,1.0,0.9762,0.023,4111.09,4522.2,0.6848,10,11,0.8919,1.8612,1.7961,0.2853,2.652,0,0,0,0,0,0,0.8973,411.11,21.71,432.82,9530.36,8788.45,0,0.0652,0.916,0,0
2026-08-27T19:30:53.467563+00:00,evasive_lateral_v1,evasive_lateral_v1__cd71e9230dae,lateral_movement,T1021.002,7,3,1.5567,0.9857,0.0,26764.27,22940.8,0.5884,35,30,1.2078,2.9543,1.4557,0.2068,2.0763,0,3,0,0,0,0,1.135,764.69,221.15,1236.99,6482.01,7957.11,0,0.0746,1.6354,0,0
2026-08-27T19:30:58.467563+00:00,evasive_lateral_v1,evasive_lateral_v1__cd71e9230dae,lateral_movement,T1021.002,0,0,0.0,1.0,0.0086,0.0,0.0,0.5718,0,0,1.7935,4.0563,1.5637,0.2708,2.3762,0,0,0,0,0,0,1.5783,669.16,0.0,669.16,8640.17,7037.28,0,0.0206,0.5535,0,0
2026-08-27T19:31:03.467563+00:00,evasive_lateral_v1,evasive_lateral_v1__cd71e9230dae,lateral_movement,T1021.002,6,3,1.4591,0.989,0.0,31753.26,32509.29,0.5807,42,43,0.7313,2.0893,1.3973,0.296,2.2853,0,2,0,0,0,0,0.9628,756.03,174.17,955.92,7380.39,9199.7,0,0.1212,0.7226,0,0
2026-08-27T19:31:08.467563+00:00,evasive_lateral_v1,evasive_lateral_v1__cd71e9230dae,lateral_movement,T1021.002,5,2,0.971,0.9414,0.035,6867.14,7553.86,0.4906,10,11,1.5408,3.1354,1.3988,0.1401,1.8191,0,2,0,0,0,0,0.8985,686.71,141.01,914.42,8672.88,7589.56,0,0.0925,1.3442,0,1
2026-08-27T19:31:13.467563+00:00,evasive_lateral_v1,evasive_lateral_v1__cd71e9230dae,lateral_movement,T1021.002,4,3,1.5,0.9855,0.0375,9907.44,9081.82,0.5627,12,11,1.9449,3.8743,1.3188,0.2377,2.0321,0,1,0,0,0,0,1.0865,825.62,270.18,1283.56,6959.47,8579.57,0,0.0981,0.7713,0,0
2026-08-27T19:31:18.467563+00:00,evasive_lateral_v1,evasive_lateral_v1__cd71e9230dae,lateral_movement,T1021.002,3,2,0.9183,1.0,0.0,17217.53,12913.15,0.7205,24,18,0.6643,1.2314,1.1255,0.1884,1.6906,0,1,0,0,0,0,1.2686,717.4,224.62,882.46,8069.52,6944.66,0,0.025,1.2283,0,0
2026-08-27T19:31:23.467563+00:00,evasive_lateral_v1,evasive_lateral_v1__cd71e9230dae,lateral_movement,T1021.002,5,2,0.7219,0.9546,0.0282,21842.77,15726.8,0.599,25,18,1.4643,3.3076,1.6227,0.3615,2.7071,0,2,0,0,0,0,1.3721,873.71,450.57,1750.02,7260.49,8378.56,0,0.0993,1.0613,0,0
2026-08-27T19:31:28.467563+00:00,evasive_lateral_v1,evasive_lateral_v1__cd71e9230dae,lateral_movement,T1021.002,6,3,1.317,0.9429,0.0607,22078.438,22565.746,0.6026,31,30,0.8212,1.0838,1.6224,0.2955,2.5088,0,2,0,0,0,0,0.9685,807.222,96.634,930.542,8055.386,8038.072,0,0.0448,1.5701,1,0
2026-08-27T19:31:33.467563+00:00,evasive_lateral_v1,evasive_lateral_v1__cd71e9230dae,lateral_movement,T1021.002,8,3,1.5,1.0,0.0205,31677.75,26398.13,0.5724,48,40,0.892,2.3929,1.2734,0.1953,1.8591,1,4,0,0,0,0,1.1928,659.95,88.79,798.2,8823.47,7594.43,0,0.0563,1.147,0,0
2026-08-27T19:31:38.467563+00:00,evasive_lateral_v1,evasive_lateral_v1__cd71e9230dae,lateral_movement,T1021.002,3,3,1.317,0.9791,0.0312,23937.822,15895.786,0.6494,30,21,1.5874,2.3165,1.7158,0.246,2.454,0,1,0,0,0,0,1.432,958.294,260.154,1224.502,9268.05,9606.488,0,0.054,1.7536,0,0
2026-08-27T19:31:43.467563+00:00,evasive_lateral_v1,evasive_lateral_v1__cd71e9230dae,lateral_movement,T1021.002,5,3,1.5219,0.9994,0.001,4569.35,2284.68,0.6004,10,5,1.1805,1.513,1.468,0.1474,1.9103,0,2,0,0,0,0,1.7321,456.94,134.34,675.68,7477.11,9247.83,0,0.0486,0.7287,0,0
2026-08-27T19:31:48.467563+00:00,evasive_lateral_v1,evasive_lateral_v1__cd71e9230dae,lateral_movement,T1021.002,3,3,1.317,0.9791,0.018,8438.102,7952.442,0.5468,18,17,1.5402,3.715,1.7445,0.289,2.6114,0,1,0,0,0,0,0.9204,566.334,114.994,687.382,7128.962,8095.456,0,0.0218,2.0946,0,0
2026-08-27T19:31:53.467563+00:00,evasive_lateral_v1,evasive_lateral_v1__cd71e9230dae,lateral_movement,T1021.002,3,2,0.9183,1.0,0.0348,12691.92,10153.54,0.5701,15,12,1.4804,4.0108,1.3037,0.1468,1.7442,0,1,0,0,0,0,1.1572,846.13,140.39,977.13,6594.22,10195.34,0,0.0836,0.5461,0,0
2026-08-27T19:31:58.467563+00:00,evasive_lateral_v1,evasive_lateral_v1__cd71e9230dae,lateral_movement,T1021.002,4,3,1.5,0.9539,0.0418,5952.64,7440.8,0.5309,8,10,1.1811,1.8613,1.4563,0.1817,2.0014,0,1,0,0,0,0,0.7548,744.08,256.28,1053.67,10074.67,8407.34,0,0.0983,0.9837,0,0
2026-08-27T19:32:03.467563+00:00,evasive_lateral_v1,evasive_lateral_v1__cd71e9230dae,lateral_movement,T1021.002,2,2,1.0,0.9893,0.0175,18024.77,15771.67,0.6338,24,21,1.9764,3.5287,1.5727,0.2545,2.3363,0,0,0,0,0,0,1.1256,751.03,231.23,982.27,8629.95,8849.69,0,0.1257,0.4147,0,0
2026-08-27T19:32:08.467563+00:00,evasive_lateral_v1,evasive_lateral_v1__cd71e9230dae,reconnaissance,T1046,4,3,1.5,0.9583,0.0295,8581.99,7151.66,0.5966,12,10,1.8139,2.8416,1.4878,0.3238,2.4593,0,1,0,0,0,0,1.1212,715.17,216.6,1000.19,9239.74,9262.45,0,0.0443,0.4793,0,0
2026-08-27T19:32:13.467563+00:00,evasive_lateral_v1,evasive_lateral_v1__cd71e9230dae,reconnaissance,T1046,4,3,1.5,1.0,0.0,14656.34,22717.32,0.6498,20,31,1.7169,2.3246,1.5904,0.1648,2.0847,0,1,0,0,0,0,0.6284,732.82,198.18,937.21,8102.39,7176.89,0,0.0918,0.922,0,0
2026-08-27T19:32:18.467563+00:00,evasive_lateral_v1,evasive_lateral_v1__cd71e9230dae,reconnaissance,T1046,5,2,0.971,0.9934,0.0107,25728.29,50598.97,0.5465,30,59,1.9293,5.7367,1.5378,0.15,1.9877,0,2,0,0,0,0,0.5083,857.61,275.58,1393.61,8522.03,8638.61,0,0.0375,1.3841,0,0
2026-08-27T19:32:23.467563+00:00,evasive_lateral_v1,evasive_lateral_v1__cd71e9230dae,reconnaissance,T1046,4,2,0.8113,1.0,0.0,18138.77,14251.89,0.6384,28,22,1.193,1.6981,1.3408,0.2035,1.9512,0,2,0,0,0,0,1.244,647.81,173.83,914.75,9493.8,7269.72,0,0.0537,1.0842,1,0
2026-08-27T19:32:28.467563+00:00,evasive_lateral_v1,evasive_lateral_v1__cd71e9230dae,reconnaissance,T1046,5,2,0.971,0.9779,0.0549,7197.52,9356.78,0.584,10,13,1.6119,4.3422,1.151,0.1379,1.5647,0,2,0,0,0,0,0.7379,719.75,157.2,974.2,9420.87,8471.86,0,0.0073,0.0,0,0
2026-08-27T19:32:33.467563+00:00,evasive_lateral_v1,evasive_lateral_v1__cd71e9230dae,reconnaissance,T1046,3,2,0.9183,1.0,0.0155,30565.4,39735.02,0.5697,30,39,0.7955,1.932,1.6658,0.1915,2.2404,0,1,0,0,0,0,0.7635,1018.85,371.11,1523.86,8337.85,7361.56,0,0.0543,1.0223,0,0
2026-08-27T19:32:38.467563+00:00,evasive_lateral_v1,evasive_lateral_v1__cd71e9230dae,reconnaissance,T1046,4,2,1.0,0.9884,0.0105,10587.74,7940.81,0.5437,16,12,1.8356,3.8587,1.1799,0.1248,1.5544,0,2,0,0,0,0,1.2495,661.73,238.11,1056.25,7604.81,7970.8,0,0.0588,0.6325,0,0
2026-08-27T19:32:43.467563+00:00,evasive_lateral_v1,evasive_lateral_v1__cd71e9230dae,reconnaissance,T1046,3,2,0.9183,0.9561,0.0215,18956.13,18166.29,0.5163,24,23,0.9898,2.8259,1.7715,0.1675,2.274,0,1,0,0,0,0,1.0378,789.84,195.24,1047.97,4092.43,6925.65,0,0.1025,1.5803,0,0
2026-08-27T19:32:48.467563+00:00,evasive_lateral_v1,evasive_lateral_v1__cd71e9230dae,lateral_movement,T1021.002,1,1,-0.0,1.0,0.011,2802.98,934.33,0.5498,3,1,0.8767,2.1233,1.4663,0.2577,2.2393,0,0,0,0,0,0,1.7154,934.33,0.0,934.33,9111.93,8785.91,0,0.0209,0.9659,0,0
2026-08-27T19:32:53.467563+00:00,evasive_lateral_v1,evasive_lateral_v1__cd71e9230dae,lateral_movement,T1021.002,4,2,1.0,0.977,0.0065,11905.84,13096.43,0.6269,20,22,0.8635,2.2718,1.6999,0.2568,2.4701,0,2,0,0,0,0,0.8919,595.29,155.67,726.68,7314.47,8439.8,0,0.064,1.7146,0,0
2026-08-27T19:32:58.467563+00:00,evasive_lateral_v1,evasive_lateral_v1__cd71e9230dae,lateral_movement,T1021.002,6,3,1.585,0.9712,0.0178,28622.28,22488.93,0.574,42,33,1.2574,2.7934,1.3839,0.1304,1.7751,0,3,0,0,0,0,1.2721,681.48,207.06,967.59,7372.74,8832.18,0,0.0883,1.4065,0,0
2026-08-27T19:33:03.467563+00:00,evasive_lateral_v1,evasive_lateral_v1__cd71e9230dae,lateral_movement,T1021.002,4,3,1.5,0.925,0.0834,15575.0,14017.5,0.5501,20,18,1.0566,2.506,1.4156,0.2885,2.281,0,2,0,0,0,0,1.0941,778.75,108.17,904.81,9142.65,8581.44,0,0.0564,0.7944,0,0
2026-08-27T19:33:08.467563+00:00,evasive_lateral_v1,evasive_lateral_v1__cd71e9230dae,lateral_movement,T1021.002,3,2,0.9183,0.9561,0.0487,14335.29,15928.1,0.6714,18,20,1.8983,3.2466,1.4505,0.2188,2.1068,0,1,0,0,0,0,0.8989,796.4,154.41,968.6,7975.73,7613.76,0,0.0317,0.0,0,0
2026-08-27T19:33:13.467563+00:00,evasive_lateral_v1,evasive_lateral_v1__cd71e9230dae,lateral_movement,T1021.002,3,2,0.9183,0.9733,0.0109,9229.7,4614.85,0.6765,12,6,1.5231,4.2933,1.6273,0.281,2.4702,0,1,0,0,0,0,1.72,769.14,131.92,941.95,6876.06,11026.94,0,0.0823,0.3507,0,0
2026-08-27T19:33:18.467563+00:00,evasive_lateral_v1,evasive_lateral_v1__cd71e9230dae,lateral_movement,T1021.002,1,1,0.517,0.976,0.018,4508.55,3531.698,0.6139,12,9,1.7204,3.6423,1.421,0.2215,2.0854,0,1,0,0,0,0,1.606,579.702,20.898,606.654,6718.73,7797.512,0,0.0,1.5443,0,0
2026-08-27T19:33:23.467563+00:00,evasive_lateral_v1,evasive_lateral_v1__cd71e9230dae,lateral_movement,T1021.002,4,2,0.8113,1.0,0.036,14567.12,9711.41,0.5838,24,16,0.9594,1.3053,1.8404,0.1755,2.3669,0,2,0,0,0,0,1.4985,606.96,175.03,765.28,7402.94,6931.28,0,0.0635,1.501,0,0
2026-08-27T19:33:28.467563+00:00,evasive_lateral_v1,evasive_lateral_v1__cd71e9230dae,lateral_movement,T1021.002,5,3,1.2938,0.9748,0.018,29447.534,26475.562,0.6119,52,46,0.6916,0.8962,1.2334,0.1797,1.7726,0,2,0,0,0,0,1.1194,573.918,120.25,719.014,8277.722,8612.016,0,0.014,1.1454,0,0
2026-08-27T19:33:33.467563+00:00,evasive_lateral_v1,evasive_lateral_v1__cd71e9230dae,lateral_movement,T1021.002,2,2,1.0,0.9872,0.0259,15478.28,12664.05,0.565,22,18,0.932,2.7643,1.3059,0.1884,1.8711,0,1,0,0,0,0,1.1866,703.56,134.83,838.38,7870.69,8381.04,0,0.0555,0.9018,0,0
2026-08-27T19:33:38.467563+00:00,evasive_lateral_v1,evasive_lateral_v1__cd71e9230dae,lateral_movement,T1021.002,6,2,0.65,0.9788,0.0162,3716.36,3716.36,0.5994,6,6,1.2546,3.656,1.466,0.1796,2.0047,0,3,0,0,0,0,0.9728,619.39,228.09,1056.03,8806.92,8556.34,0,0.0704,0.5448,0,0
2026-08-27T19:33:43.467563+00:00,evasive_lateral_v1,evasive_lateral_v1__cd71e9230dae,reconnaissance,T1046,5,3,1.5219,1.0,0.0036,15543.16,11657.37,0.5556,20,15,1.9519,2.4937,1.3499,0.1274,1.7322,0,2,0,0,0,0,1.2514,777.16,135.09,929.38,9156.88,8727.54,0,0.0974,0.3917,0,0
2026-08-27T19:33:48.467563+00:00,evasive_lateral_v1,evasive_lateral_v1__cd71e9230dae,reconnaissance,T1046,2,2,1.0,1.0,0.0,4892.04,3913.63,0.577,10,8,2.136,2.9848,1.4769,0.1588,1.9533,0,1,0,0,0,0,1.2046,489.2,77.05,566.25,8561.23,8851.9,0,0.0251,0.9535,0,0
2026-08-27T19:33:53.467563+00:00,evasive_lateral_v1,evasive_lateral_v1__cd71e9230dae,reconnaissance,T1046,3,1,-0.0,0.9791,0.0517,10446.29,11839.13,0.6942,15,17,1.6966,4.1674,1.5432,0.2992,2.4408,0,1,0,0,0,0,0.8359,696.42,253.32,1029.58,6268.91,7423.2,0,0.0588,0.3297,0,0
2026-08-27T19:33:58.467563+00:00,evasive_lateral_v1,evasive_lateral_v1__cd71e9230dae,reconnaissance,T1046,1,1,-0.0,0.9869,0.0034,2866.09,2149.57,0.6688,4,3,1.1599,2.5121,1.2188,0.1163,1.5676,0,0,0,0,0,0,1.2887,716.52,0.0,716.52,7004.86,8725.84,0,0.0012,0.9282,0,0
2026-08-27T19:34:03.467563+00:00,evasive_lateral_v1,evasive_lateral_v1__cd71e9230dae,lateral_movement,T1021.002,2,2,1.0,0.971,0.0163,6508.37,9220.19,0.5158,12,17,2.024,2.8692,1.6063,0.2885,2.4717,0,0,0,0,0,0,0.6709,542.36,85.92,628.28,8346.02,7374.96,0,0.0717,1.1047,0,0
2026-08-27T19:34:08.467563+00:00,evasive_lateral_v1,evasive_lateral_v1__cd71e9230dae,lateral_movement,T1021.002,7,3,1.5567,1.0,0.0116,36655.94,25600.98,0.6127,63,44,2.3543,6.115,1.6531,0.3262,2.6316,1,3,0,0,0,0,1.4151,581.84,148.77,900.29,9451.88,9255.37,0,0.1276,1.1908,0,0
2026-08-27T19:34:13.467563+00:00,evasive_lateral_v1,evasive_lateral_v1__cd71e9230dae,lateral_movement,T1021.002,5,4,1.6138,0.9502,0.0479,24910.934,26484.378,0.6215,44,45,1.3948,2.3214,1.3052,0.1832,1.8549,0,2,0,0,0,0,0.9606,585.198,109.698,710.87,8680.09,7899.152,0,0.0881,2.0625,0,0
2026-08-27T19:34:18.467563+00:00,evasive_lateral_v1,evasive_lateral_v1__cd71e9230dae,lateral_movement,T1021.002,6,3,1.4591,0.9623,0.0117,16890.57,14075.48,0.6798,24,20,1.0372,2.6146,1.2757,0.1203,1.6365,0,2,0,0,0,0,1.1776,703.77,210.41,1078.93,6409.93,8402.58,0,0.1089,0.1111,0,0
2026-08-27T19:34:23.467563+00:00,evasive_lateral_v1,evasive_lateral_v1__cd71e9230dae,lateral_movement,T1021.002,2,1,-0.0,0.9873,0.0,3790.4,3158.67,0.6333,6,5,1.4505,2.5775,1.3202,0.2023,1.9271,0,0,0,0,0,0,1.0985,631.73,99.89,731.62,6747.65,9881.78,0,0.0096,0.7628,0,1
2026-08-27T19:34:28.467563+00:00,evasive_lateral_v1,evasive_lateral_v1__cd71e9230dae,lateral_movement,T1021.002,4,2,1.0,0.9959,0.0321,20799.16,14299.42,0.5804,32,22,2.0337,3.6571,1.1809,0.1965,1.7705,0,2,0,0,0,0,1.3946,649.97,110.75,790.35,8472.03,8783.07,0,0.0402,0.6102,0,0
2026-08-27T19:34:33.467563+00:00,evasive_lateral_v1,evasive_lateral_v1__cd71e9230dae,lateral_movement,T1021.002,4,3,1.317,0.9407,0.0572,6148.942,4351.898,0.6376,15,11,2.0364,5.0362,1.491,0.2074,2.1132,0,2,0,0,0,0,1.4652,485.238,141.858,639.71,8096.898,8057.792,0,0.0503,1.9226,0,0
2026-08-27T19:34:38.467563+00:00,evasive_lateral_v1,evasive_lateral_v1__cd71e9230dae,lateral_movement,T1021.002,4,4,1.785,0.9643,0.0319,6120.606,4606.402,0.6018,14,11,1.5765,3.4278,1.3394,0.2784,2.1748,0,1,0,0,0,0,1.2308,612.494,232.722,938.086,7746.434,9003.272,0,0.123,1.2661,0,0
2026-08-27T19:34:43.467563+00:00,evasive_lateral_v1,evasive_lateral_v1__cd71e9230dae,lateral_movement,T1021.002,6,3,1.4591,0.992,0.0206,23188.67,23188.67,0.5844,30,30,2.0128,5.3678,1.4132,0.1527,1.8713,0,3,0,0,0,0,0.9982,772.96,151.94,1102.32,8976.56,8125.46,0,0.087,0.3965,0,0
2026-08-27T19:34:48.467563+00:00,evasive_lateral_v1,evasive_lateral_v1__cd71e9230dae,lateral_movement,T1021.002,5,3,1.371,1.0,0.0182,6557.75,5901.97,0.6331,10,9,0.9483,2.6202,1.5323,0.127,1.9134,0,2,0,0,0,0,1.0884,655.77,170.46,916.68,7574.65,9734.6,0,0.0859,1.2639,0,0
2026-08-27T19:34:53.467563+00:00,evasive_lateral_v1,evasive_lateral_v1__cd71e9230dae,lateral_movement,T1021.002,5,3,1.371,1.0,0.0,30566.49,35321.28,0.535,45,52,1.2649,2.0597,1.2861,0.13,1.6763,0,2,0,0,0,0,0.8587,679.26,377.76,1298.8,9451.58,8013.84,0,0.067,0.1826,0,0
2026-08-27T19:34:58.467563+00:00,evasive_lateral_v1,evasive_lateral_v1__cd71e9230dae,lateral_movement,T1021.002,5,3,1.5219,0.9659,0.0296,27070.36,46696.37,0.5923,40,69,0.9012,1.1847,1.3586,0.1111,1.692,0,2,0,0,0,0,0.5755,676.76,226.35,1096.49,6804.56,9277.02,0,0.0566,0.9099,1,0
2026-08-27T19:35:03.467563+00:00,evasive_lateral_v1,evasive_lateral_v1__cd71e9230dae,lateral_movement,T1021.002,2,2,1.0,1.0,0.0,6620.51,5517.1,0.5454,12,10,1.909,5.5816,1.4958,0.2121,2.132,0,0,0,0,0,0,1.1746,551.71,114.82,666.53,7973.12,8459.18,0,0.0229,1.0551,1,0
2026-08-27T19:35:08.467563+00:00,evasive_lateral_v1,evasive_lateral_v1__cd71e9230dae,reconnaissance,T1046,4,3,1.5,0.97,0.009,12718.5,12718.5,0.5292,24,24,0.7358,1.2751,1.4762,0.1648,1.9706,0,1,0,0,0,0,0.989,529.94,62.97,570.7,7939.29,8248.65,0,0.0459,0.954,0,0
2026-08-27T19:35:13.467563+00:00,evasive_lateral_v1,evasive_lateral_v1__cd71e9230dae,reconnaissance,T1046,4,2,0.8113,0.961,0.0151,9256.32,5399.52,0.6431,12,7,1.9036,4.9974,1.3661,0.1305,1.7576,0,2,0,0,0,0,1.5155,771.36,259.85,1151.72,8281.58,6993.26,0,0.1404,2.0363,0,0
2026-08-27T19:35:18.467563+00:00,evasive_lateral_v1,evasive_lateral_v1__cd71e9230dae,reconnaissance,T1046,3,2,0.9183,1.0,0.0,7749.68,6199.74,0.5522,15,12,1.2443,1.5042,1.1194,0.1964,1.7086,0,1,0,0,0,0,1.1695,516.65,23.41,549.71,8306.93,7283.17,0,0.0672,1.0844,0,0
2026-08-27T19:35:23.467563+00:00,evasive_lateral_v1,evasive_lateral_v1__cd71e9230dae,reconnaissance,T1046,6,4,1.5183,0.9791,0.018,35017.438,25777.762,0.5833,50,37,1.0581,2.4882,1.4626,0.2432,2.192,0,2,0,0,0,0,1.3258,710.742,386.234,1545.078,9102.914,6957.232,0,0.0698,1.7607,0,0
2026-08-27T19:35:28.467563+00:00,evasive_lateral_v1,evasive_lateral_v1__cd71e9230dae,lateral_movement,T1021.002,5,3,1.371,1.0,0.0029,27946.93,31140.87,0.7319,35,39,1.1744,1.8285,1.4271,0.1247,1.8011,0,2,0,0,0,0,0.878,798.48,373.11,1464.78,9345.87,7096.21,0,0.0993,0.4133,0,0
2026-08-27T19:35:33.467563+00:00,evasive_lateral_v1,evasive_lateral_v1__cd71e9230dae,lateral_movement,T1021.002,6,3,1.4591,1.0,0.0172,17449.0,15994.92,0.6029,24,22,1.7208,2.7569,1.3414,0.2793,2.1792,0,2,0,0,0,0,1.0736,727.04,240.02,1073.1,8224.28,8657.84,0,0.033,0.1298,1,0
2026-08-27T19:35:38.467563+00:00,evasive_lateral_v1,evasive_lateral_v1__cd71e9230dae,lateral_movement,T1021.002,5,3,1.371,0.9824,0.0,27958.31,17473.94,0.5604,40,25,1.5447,3.9016,1.2195,0.2275,1.9019,0,2,0,0,0,0,1.5936,698.96,394.0,1414.93,7677.91,8531.55,0,0.0822,0.9573,0,0
2026-08-27T19:35:43.467563+00:00,evasive_lateral_v1,evasive_lateral_v1__cd71e9230dae,lateral_movement,T1021.002,2,2,1.0,0.9626,0.0532,7769.13,6215.3,0.4953,10,8,1.0373,2.1512,1.6902,0.2308,2.3825,0,1,0,0,0,0,1.2385,776.91,12.57,789.48,7054.8,8802.15,0,0.0496,1.2447,0,0
2026-08-27T19:35:48.467563+00:00,evasive_lateral_v1,evasive_lateral_v1__cd71e9230dae,lateral_movement,T1021.002,2,2,1.0,0.9777,0.0382,5854.45,4683.56,0.62,10,8,1.0501,2.7974,1.4919,0.218,2.146,0,1,0,0,0,0,1.141,585.44,216.99,802.44,9934.86,8558.02,0,0.0552,1.1822,0,0
2026-08-27T19:35:53.467563+00:00,evasive_lateral_v1,evasive_lateral_v1__cd71e9230dae,lateral_movement,T1021.002,2,2,1.0,0.9822,0.0234,8222.42,4796.41,0.5337,12,7,1.07,2.3069,1.3919,0.268,2.1958,0,1,0,0,0,0,1.539,685.2,225.18,910.38,8277.98,8865.8,0,0.0937,1.2598,0,0
2026-08-27T19:35:58.467563+00:00,evasive_lateral_v1,evasive_lateral_v1__cd71e9230dae,lateral_movement,T1021.002,2,2,1.0,1.0,0.0018,7906.41,5270.94,0.6045,12,8,1.7872,4.1468,1.3568,0.221,2.0197,0,1,0,0,0,0,1.451,658.87,222.14,881.01,9022.53,7787.69,0,0.1164,1.3066,0,0
2026-08-27T19:36:03.467563+00:00,evasive_lateral_v1,evasive_lateral_v1__cd71e9230dae,lateral_movement,T1021.002,6,3,1.4591,0.9922,0.0,31300.33,20121.64,0.663,42,27,0.8214,2.2561,1.3246,0.1362,1.7332,0,2,0,0,0,0,1.5072,745.25,298.94,1321.55,8912.0,8575.37,0,0.1223,0.2609,0,0
2026-08-27T19:36:08.467563+00:00,evasive_lateral_v1,evasive_lateral_v1__cd71e9230dae,lateral_movement,T1021.002,1,1,-0.0,0.9889,0.041,1770.88,885.44,0.6199,4,2,0.7654,1.231,1.2887,0.1642,1.7814,0,0,0,0,0,0,1.5446,442.72,0.0,442.72,7754.97,8403.47,0,0.0411,0.843,0,0
2026-08-27T19:36:13.467563+00:00,evasive_lateral_v1,evasive_lateral_v1__cd71e9230dae,lateral_movement,T1021.002,3,2,0.9183,1.0,0.0156,14789.33,7746.79,0.632,21,11,1.071,2.4685,1.1972,0.1059,1.5149,0,1,0,0,0,0,1.8407,704.25,337.17,1180.77,8942.28,9079.83,0,0.0674,2.1516,0,0
2026-08-27T19:36:18.467563+00:00,evasive_lateral_v1,evasive_lateral_v1__cd71e9230dae,lateral_movement,T1021.002,5,3,1.371,0.9502,0.052,28300.92,28300.92,0.5501,45,45,1.4519,2.4166,1.3641,0.183,1.9131,0,2,0,0,0,0,0.9993,628.91,134.34,792.99,7378.33,7855.0,0,0.0831,0.9537,0,0
2026-08-27T19:36:23.467563+00:00,evasive_lateral_v1,evasive_lateral_v1__cd71e9230dae,lateral_movement,T1021.002,1,1,-0.0,0.9783,0.051,2395.52,1197.76,0.6674,4,2,1.2461,3.0406,1.4165,0.1628,1.9049,0,0,0,0,0,0,1.7845,598.88,0.0,598.88,7112.86,9057.25,0,0.0369,0.9996,0,0
2026-08-27T19:36:28.467563+00:00,evasive_lateral_v1,evasive_lateral_v1__cd71e9230dae,lateral_movement,T1021.002,3,2,0.9183,0.9535,0.0736,17460.9,13386.69,0.6082,30,23,0.6746,1.7266,1.1729,0.1779,1.7065,0,1,0,0,0,0,1.2733,582.03,230.39,906.51,8840.93,7632.04,0,0.0327,1.5832,0,0
2026-08-27T19:36:33.467563+00:00,evasive_lateral_v1,evasive_lateral_v1__cd71e9230dae,lateral_movement,T1021.002,8,4,1.766,0.9326,0.0587,32557.694,29076.45,0.5762,57,50,1.516,3.8737,1.5111,0.1581,1.9855,0,3,0,0,0,0,1.1244,576.022,199.586,911.118,9448.394,8406.616,0,0.0797,2.1867,0,0
2026-08-27T19:36:38.467563+00:00,evasive_lateral_v1,evasive_lateral_v1__cd71e9230dae,lateral_movement,T1021.002,4,2,0.517,0.9657,0.0319,15584.486,9992.658,0.5448,31,21,1.7025,2.8857,1.3845,0.2376,2.0972,0,2,0,0,0,0,1.5743,536.638,131.922,732.71,8387.354,6952.248,0,0.006,1.7725,0,0
2026-08-27T19:36:43.467563+00:00,evasive_lateral_v1,evasive_lateral_v1__cd71e9230dae,reconnaissance,T1046,6,2,0.9183,0.9937,0.0035,16819.2,29900.81,0.7092,18,32,1.7375,2.7335,1.278,0.2285,1.9634,0,2,0,0,0,0,0.5554,934.4,333.56,1591.31,8615.65,10616.72,0,0.0322,1.4441,0,2
2026-08-27T19:36:48.467563+00:00,evasive_lateral_v1,evasive_lateral_v1__cd71e9230dae,reconnaissance,T1046,3,2,0.9183,0.9791,0.0,6668.77,9632.66,0.6579,9,13,2.1162,5.8814,1.6203,0.305,2.5352,0,1,0,0,0,0,0.6543,740.97,62.7,829.6,8706.81,7107.42,0,0.082,1.6987,0,0
2026-08-27T19:36:53.467563+00:00,evasive_lateral_v1,evasive_lateral_v1__cd71e9230dae,reconnaissance,T1046,2,2,0.517,0.9766,0.018,6314.246,4434.546,0.5958,17,12,1.5362,4.1629,1.729,0.2451,2.4644,0,1,0,0,0,0,1.6684,376.094,20.898,403.046,10064.37,7929.48,0,0.0162,1.5437,0,0
2026-08-27T19:36:58.467563+00:00,evasive_lateral_v1,evasive_lateral_v1__cd71e9230dae,reconnaissance,T1046,5,3,1.371,1.0,0.0,9155.05,7934.38,0.5682,15,13,1.4826,3.6651,1.599,0.2018,2.2043,0,2,0,0,0,0,1.0945,610.34,214.05,985.32,7853.72,8760.98,0,0.0839,1.0275,0,0
2026-08-27T19:37:03.467563+00:00,evasive_lateral_v1,evasive_lateral_v1__cd71e9230dae,lateral_movement,T1021.002,4,3,1.166,0.9791,0.031,18100.414,18822.546,0.5996,31,31,1.5838,3.6123,1.408,0.306,2.3261,0,1,0,0,0,0,0.9491,641.47,97.442,751.87,9131.298,6308.712,0,0.026,1.7203,0,0
2026-08-27T19:37:08.467563+00:00,evasive_lateral_v1,evasive_lateral_v1__cd71e9230dae,lateral_movement,T1021.002,2,2,1.0,1.0,0.0,4452.55,3710.46,0.6367,6,5,1.8828,3.8017,1.6097,0.1386,2.0255,0,1,0,0,0,0,1.1144,742.09,261.96,1004.05,8029.71,9443.62,0,0.0706,0.0,0,0
2026-08-27T19:37:13.467563+00:00,evasive_lateral_v1,evasive_lateral_v1__cd71e9230dae,lateral_movement,T1021.002,6,4,1.6843,0.9614,0.0213,22641.814,16829.426,0.5981,36,27,1.0636,2.2892,1.297,0.2886,2.1628,0,2,0,0,0,0,1.3294,679.582,321.946,1311.902,8229.058,7890.376,0,0.0968,2.9565,0,0
2026-08-27T19:37:18.467563+00:00,evasive_lateral_v1,evasive_lateral_v1__cd71e9230dae,lateral_movement,T1021.002,4,2,1.0,0.9595,0.0386,18539.65,19312.14,0.6184,24,25,1.5933,3.1627,1.8463,0.394,3.0283,0,1,0,0,0,0,0.9422,772.49,208.9,1017.52,6937.92,9596.92,0,0.0705,0.9968,0,1
2026-08-27T19:37:23.467563+00:00,evasive_lateral_v1,evasive_lateral_v1__cd71e9230dae,lateral_movement,T1021.002,3,2,0.517,0.9495,0.0516,16566.27,18268.914,0.6963,26,27,1.8596,4.3936,1.7208,0.2945,2.6044,0,1,0,0,0,0,0.8947,745.014,100.634,851.702,8866.514,7230.712,0,0.0172,1.5464,0,0
2026-08-27T19:37:28.467563+00:00,evasive_lateral_v1,evasive_lateral_v1__cd71e9230dae,lateral_movement,T1021.002,3,2,0.9183,0.9788,0.0157,8842.37,4912.43,0.5787,18,10,1.1915,1.6449,1.3761,0.2049,1.9909,0,1,0,0,0,0,1.7304,491.24,127.69,641.07,8013.91,9159.81,0,0.0684,0.5635,0,0
2026-08-27T19:37:33.467563+00:00,evasive_lateral_v1,evasive_lateral_v1__cd71e9230dae,lateral_movement,T1021.002,0,0,0.0,1.0,0.0267,0.0,0.0,0.6609,0,0,1.1556,1.4275,1.5692,0.1766,2.099,0,0,0,0,0,0,0.8689,667.53,0.0,667.53,8648.86,10256.85,0,0.0274,0.7899,0,0
2026-08-27T19:37:38.467563+00:00,evasive_lateral_v1,evasive_lateral_v1__cd71e9230dae,lateral_movement,T1021.002,0,0,0.0,1.0,0.0,0.0,0.0,0.5627,0,0,1.6786,3.5581,1.2616,0.2376,1.9743,0,0,0,0,0,0,1.3115,761.8,0.0,761.8,8547.75,8048.67,0,0.003,1.1285,0,0
2026-08-27T19:37:43.467563+00:00,evasive_lateral_v1,evasive_lateral_v1__cd71e9230dae,lateral_movement,T1021.002,5,2,0.971,0.9832,0.0039,29054.52,15253.63,0.6162,40,21,1.4054,3.4228,1.6897,0.2165,2.3393,0,2,0,0,0,0,1.8537,726.36,296.22,1273.12,8730.35,9544.37,0,0.09,1.307,0,0
2026-08-27T19:37:48.467563+00:00,evasive_lateral_v1,evasive_lateral_v1__cd71e9230dae,lateral_movement,T1021.002,2,2,1.0,1.0,0.0,9572.97,4786.49,0.5621,10,5,1.8599,2.965,1.762,0.1544,2.2254,0,0,0,0,0,0,1.8945,957.3,65.5,1022.8,7709.39,9420.38,0,0.0516,1.061,0,0
2026-08-27T19:37:53.467563+00:00,evasive_lateral_v1,evasive_lateral_v1__cd71e9230dae,lateral_movement,T1021.002,3,2,0.9183,1.0,0.0,5357.79,4167.17,0.5923,9,7,1.0176,2.5139,1.5529,0.3442,2.5855,0,1,0,0,0,0,1.2458,595.31,37.05,647.01,6070.76,8409.22,0,0.0818,1.0512,0,0
2026-08-27T19:37:58.467563+00:00,evasive_lateral_v1,evasive_lateral_v1__cd71e9230dae,lateral_movement,T1021.002,2,2,1.0,1.0,0.0,10057.0,9428.44,0.638,16,15,1.1346,1.8448,1.3465,0.1068,1.6669,0,1,0,0,0,0,1.0281,628.56,144.59,773.15,9145.02,6880.02,0,0.0629,1.3323,1,0
2026-08-27T19:38:03.467563+00:00,evasive_lateral_v1,evasive_lateral_v1__cd71e9230dae,lateral_movement,T1021.002,3,2,0.9183,1.0,0.0087,18617.75,13790.93,0.5593,27,20,1.6399,4.7953,1.4752,0.2226,2.1431,0,1,0,0,0,0,1.2927,689.55,61.79,775.36,7337.33,7930.51,0,0.0688,1.0061,0,0
2026-08-27T19:38:08.467563+00:00,evasive_lateral_v1,evasive_lateral_v1__cd71e9230dae,lateral_movement,T1021.002,2,1,-0.0,1.0,0.0,6629.11,9470.16,0.6285,14,20,1.1529,1.7297,1.5457,0.1391,1.9629,0,1,0,0,0,0,0.6765,473.51,64.85,538.36,5855.85,8704.17,0,0.0323,0.4124,1,0
2026-08-27T19:38:13.467563+00:00,evasive_lateral_v1,evasive_lateral_v1__cd71e9230dae,lateral_movement,T1021.002,4,2,0.8113,1.0,0.0265,17663.72,11986.09,0.6543,28,19,1.0665,2.148,1.3615,0.1539,1.8232,0,1,0,0,0,0,1.464,630.85,105.84,785.53,7379.99,8312.53,0,0.0435,1.3912,0,0
2026-08-27T19:38:18.467563+00:00,evasive_lateral_v1,evasive_lateral_v1__cd71e9230dae,lateral_movement,T1021.002,7,3,1.4488,1.0,0.05,52171.73,40060.43,0.5452,56,43,1.2808,2.9911,1.4309,0.1743,1.9539,0,3,0,0,0,0,1.2974,931.64,378.93,1510.96,8991.66,9369.2,0,0.1379,0.3865,0,1
2026-08-27T19:38:23.467563+00:00,evasive_lateral_v1,evasive_lateral_v1__cd71e9230dae,lateral_movement,T1021.002,2,2,0.517,0.9791,0.0451,10401.878,10014.362,0.5155,20,18,1.8401,4.9711,1.3466,0.2278,2.03,0,1,0,0,0,0,0.9516,664.478,20.898,691.43,8895.954,8437.568,0,0.032,1.3314,0,0
2026-08-27T19:38:28.467563+00:00,evasive_lateral_v1,evasive_lateral_v1__cd71e9230dae,reconnaissance,T1046,4,3,1.5,1.0,0.0052,45272.77,54849.71,0.6473,52,63,1.6918,2.1683,1.5526,0.1216,1.9175,0,2,0,0,0,0,0.8204,870.63,254.66,1291.64,8279.57,8242.39,0,0.1029,1.2726,0,0
2026-08-27T19:38:33.467563+00:00,evasive_lateral_v1,evasive_lateral_v1__cd71e9230dae,reconnaissance,T1046,1,1,-0.0,0.9664,0.0398,3322.28,2491.71,0.5577,4,3,1.5248,1.8971,1.4555,0.2745,2.279,0,0,0,0,0,0,1.0169,830.57,0.0,830.57,10505.51,10176.67,0,0.0116,0.6944,0,0
2026-08-27T19:38:38.467563+00:00,evasive_lateral_v1,evasive_lateral_v1__cd71e9230dae,reconnaissance,T1046,1,1,-0.0,1.0,0.0,2886.48,1924.32,0.5842,3,2,0.8539,1.1261,1.7112,0.1456,2.1482,0,0,0,0,0,0,1.1461,962.16,0.0,962.16,7340.82,8252.29,0,0.0451,1.002,0,0
2026-08-27T19:38:43.467563+00:00,evasive_lateral_v1,evasive_lateral_v1__cd71e9230dae,reconnaissance,T1046,4,3,1.166,0.9791,0.018,14859.006,11294.538,0.5264,28,21,1.2493,1.955,1.1809,0.1555,1.6474,0,1,0,0,0,0,1.2788,592.662,195.498,917.11,8874.986,7389.84,0,0.0539,1.3542,0,0
2026-08-27T19:38:48.467563+00:00,evasive_lateral_v1,evasive_lateral_v1__cd71e9230dae,lateral_movement,T1021.002,6,3,1.4591,1.0,0.0135,43525.73,34293.0,0.5305,66,52,1.6955,4.9968,1.1792,0.1657,1.6762,0,3,0,0,0,0,1.2634,659.48,170.06,980.74,7028.24,8881.17,0,0.0925,0.6195,0,0
2026-08-27T19:38:53.467563+00:00,evasive_lateral_v1,evasive_lateral_v1__cd71e9230dae,lateral_movement,T1021.002,1,1,-0.0,1.0,0.0,5879.53,4199.66,0.6197,7,5,1.2888,3.4778,1.4744,0.3086,2.4002,0,0,0,0,0,0,1.2262,839.93,0.0,839.93,7798.54,8747.43,0,0.0289,0.864,0,0
2026-08-27T19:38:58.467563+00:00,evasive_lateral_v1,evasive_lateral_v1__cd71e9230dae,lateral_movement,T1021.002,7,3,1.3788,1.0,0.0,28993.6,25680.05,0.4842,35,31,2.2451,3.0475,1.5433,0.209,2.1704,0,3,0,0,0,0,1.1236,828.39,338.06,1390.68,7643.3,8012.45,0,0.1036,0.8136,0,0
2026-08-27T19:39:03.467563+00:00,evasive_lateral_v1,evasive_lateral_v1__cd71e9230dae,lateral_movement,T1021.002,5,3,1.5219,0.9688,0.0077,37226.75,44672.1,0.6398,40,48,1.7103,2.8865,1.2915,0.1622,1.7782,0,2,0,0,0,0,0.8225,930.67,391.39,1460.71,8869.17,7317.28,0,0.0872,1.5902,0,0
2026-08-27T19:39:08.467563+00:00,evasive_lateral_v1,evasive_lateral_v1__cd71e9230dae,lateral_movement,T1021.002,2,2,1.0,0.9881,0.0274,13096.11,14966.98,0.6716,14,16,1.4973,3.8608,1.3312,0.1455,1.7677,0,1,0,0,0,0,0.824,935.44,227.63,1163.07,8644.83,7216.94,0,0.1114,0.7125,0,0
2026-08-27T19:39:13.467563+00:00,evasive_lateral_v1,evasive_lateral_v1__cd71e9230dae,lateral_movement,T1021.002,1,1,-0.0,0.9905,0.0394,4320.48,2880.32,0.5268,6,4,1.3999,3.5857,1.3361,0.234,2.0383,0,0,0,0,0,0,1.2191,720.08,0.0,720.08,8330.3,7787.7,0,0.0415,0.638,0,0
2026-08-27T19:39:18.467563+00:00,evasive_lateral_v1,evasive_lateral_v1__cd71e9230dae,lateral_movement,T1021.002,4,2,0.8113,0.9948,0.0,10133.57,13933.66,0.5688,16,22,1.4071,2.4201,1.8767,0.2518,2.632,0,1,0,0,0,0,0.6988,633.35,92.28,778.33,7889.83,6320.2,0,0.0625,1.1541,0,0
2026-08-27T19:39:23.467563+00:00,evasive_lateral_v1,evasive_lateral_v1__cd71e9230dae,lateral_movement,T1021.002,5,3,1.371,1.0,0.0,22666.13,18132.91,0.6079,35,28,0.8087,2.423,1.2238,0.118,1.5777,0,2,0,0,0,0,1.248,647.6,308.07,1096.34,8790.54,8506.73,0,0.068,0.4657,0,0
2026-08-27T19:39:28.467563+00:00,evasive_lateral_v1,evasive_lateral_v1__cd71e9230dae,lateral_movement,T1021.002,11,3,1.4354,1.0,0.026,31046.32,29635.12,0.5748,44,42,1.5827,2.112,1.3095,0.2659,2.1074,1,5,0,0,1,0,1.0275,705.6,187.06,1093.31,6721.23,9062.93,0,0.1294,0.9984,0,0
2026-08-27T19:39:33.467563+00:00,evasive_lateral_v1,evasive_lateral_v1__cd71e9230dae,lateral_movement,T1021.002,1,1,-0.0,0.8797,0.1089,4386.68,3760.01,0.5581,7,6,2.0946,3.8721,1.7625,0.2171,2.4139,0,0,0,0,0,0,1.0874,626.67,0.0,626.67,7823.88,8969.86,0,0.0447,1.2449,0,0
2026-08-27T19:39:38.467563+00:00,evasive_lateral_v1,evasive_lateral_v1__cd71e9230dae,lateral_movement,T1021.002,3,2,0.9183,1.0,0.0125,8733.79,8005.97,0.5717,12,11,1.7083,3.5729,1.8823,0.3912,3.056,0,1,0,0,0,0,1.0378,727.82,174.28,973.95,6598.75,7831.81,0,0.032,1.4171,0,0
2026-08-27T19:39:43.467563+00:00,evasive_lateral_v1,evasive_lateral_v1__cd71e9230dae,lateral_movement,T1021.002,3,2,0.9183,0.9761,0.0562,13883.61,9255.74,0.632,21,14,1.7123,4.475,1.3955,0.2593,2.1735,0,1,0,0,0,0,1.4508,661.12,99.89,795.41,9582.93,8500.09,0,0.09,0.1956,0,0
2026-08-27T19:39:48.467563+00:00,evasive_lateral_v1,evasive_lateral_v1__cd71e9230dae,lateral_movement,T1021.002,3,2,0.9183,1.0,0.0,6496.24,3609.02,0.5781,9,5,1.2476,3.464,1.5903,0.1418,2.0157,0,1,0,0,0,0,1.5505,721.8,13.77,735.43,7610.97,10639.72,0,0.0579,1.5999,0,0
2026-08-27T19:39:53.467563+00:00,evasive_lateral_v1,evasive_lateral_v1__cd71e9230dae,lateral_movement,T1021.002,3,2,0.9183,0.9545,0.0543,22918.25,16127.66,0.6186,27,19,1.3711,1.7836,1.3397,0.1541,1.8021,0,1,0,0,0,0,1.3532,848.82,116.56,953.52,8666.88,6352.55,0,0.0222,0.516,0,0
2026-08-27T19:39:58.467563+00:00,evasive_lateral_v1,evasive_lateral_v1__cd71e9230dae,lateral_movement,T1021.002,6,3,1.4591,1.0,0.0298,18960.29,13693.54,0.5879,18,13,0.7782,1.7062,1.4233,0.217,2.0743,0,3,0,0,0,0,1.3206,1053.35,520.09,1970.02,7016.58,6944.64,0,0.0866,0.8859,0,0
2026-08-27T19:40:03.467563+00:00,evasive_lateral_v1,evasive_lateral_v1__cd71e9230dae,lateral_movement,T1021.002,6,2,0.9183,1.0,0.0,36981.81,28763.63,0.6777,54,42,1.1074,1.8394,1.5301,0.2689,2.3368,0,2,0,0,0,0,1.2612,684.85,219.18,1041.55,8762.69,7643.53,0,0.0459,0.8602,0,0
2026-08-27T19:40:08.467563+00:00,evasive_lateral_v1,evasive_lateral_v1__cd71e9230dae,reconnaissance,T1046,4,2,1.0,1.0,0.0142,10059.63,11317.08,0.5553,16,18,1.4785,3.5904,1.264,0.1331,1.6633,0,2,0,0,0,0,0.8769,628.73,72.07,719.59,9520.72,7186.99,0,0.0291,1.6201,0,0
2026-08-27T19:40:13.467563+00:00,evasive_lateral_v1,evasive_lateral_v1__cd71e9230dae,reconnaissance,T1046,9,3,1.4355,1.0,0.0393,33267.71,36964.12,0.5766,45,50,1.0327,2.1009,1.4878,0.2812,2.3313,1,4,1,0,0,0,0.8978,739.28,150.4,1050.33,6065.63,7597.91,0,0.0809,1.2519,0,0
2026-08-27T19:40:18.467563+00:00,evasive_lateral_v1,evasive_lateral_v1__cd71e9230dae,reconnaissance,T1046,1,1,-0.0,1.0,0.0,2273.39,1705.04,0.5169,4,3,0.9039,1.9601,1.5642,0.1947,2.1482,0,0,0,0,0,0,1.0886,568.35,0.0,568.35,8053.22,9011.29,0,0.0,2.1168,0,0
2026-08-27T19:40:23.467563+00:00,evasive_lateral_v1,evasive_lateral_v1__cd71e9230dae,reconnaissance,T1046,0,0,0.0,1.0,0.0,0.0,0.0,0.7116,0,0,1.2313,2.1158,1.6633,0.1336,2.0642,0,0,0,0,0,0,0.9645,566.17,0.0,566.17,8185.33,8924.3,0,0.0366,0.0,0,0
2026-08-27T19:40:28.467563+00:00,evasive_lateral_v1,evasive_lateral_v1__cd71e9230dae,reconnaissance,T1046,10,3,1.371,0.9926,0.0116,33656.71,29449.62,0.5646,40,35,1.731,3.2554,1.28,0.2014,1.8842,1,4,0,0,1,0,1.1332,841.42,257.35,1549.1,6311.55,7210.35,0,0.1065,1.1423,0,0
2026-08-27T19:40:33.467563+00:00,evasive_lateral_v1,evasive_lateral_v1__cd71e9230dae,lateral_movement,T1021.002,6,4,1.6843,0.979,0.018,13505.902,12029.194,0.6111,26,23,1.1396,2.6117,1.3118,0.2841,2.1642,0,3,0,0,0,0,1.0826,574.998,145.554,763.886,9138.05,9081.208,0,0.0936,1.919,0,0
2026-08-27T19:40:38.467563+00:00,evasive_lateral_v1,evasive_lateral_v1__cd71e9230dae,lateral_movement,T1021.002,2,1,-0.0,0.9957,0.0492,5956.65,3573.99,0.6628,10,6,1.8342,3.6364,1.3367,0.2782,2.1713,0,1,0,0,0,0,1.6664,595.67,20.84,616.51,7972.74,7021.69,0,0.0277,0.6302,0,0
2026-08-27T19:40:43.467563+00:00,evasive_lateral_v1,evasive_lateral_v1__cd71e9230dae,lateral_movement,T1021.002,3,2,0.9183,0.9852,0.0,16735.83,13636.6,0.5784,27,22,0.8328,1.502,1.2672,0.2833,2.1172,0,1,0,0,0,0,1.1753,619.85,128.91,796.64,8714.06,7852.65,0,0.0704,0.552,0,0
2026-08-27T19:40:48.467563+00:00,evasive_lateral_v1,evasive_lateral_v1__cd71e9230dae,lateral_movement,T1021.002,7,3,1.4488,0.9683,0.016,35884.61,21359.89,0.5639,42,25,1.4647,3.1171,1.3011,0.2421,2.0275,0,3,0,0,1,0,1.633,854.4,402.66,1561.43,8256.7,8065.07,0,0.0996,1.3526,0,0
2026-08-27T19:40:53.467563+00:00,evasive_lateral_v1,evasive_lateral_v1__cd71e9230dae,lateral_movement,T1021.002,5,4,1.7345,0.9791,0.018,21926.894,11195.77,0.5723,32,18,0.8252,1.6794,1.478,0.2073,2.1,0,2,0,0,0,0,2.0235,771.878,201.658,1116.03,8576.634,9637.68,0,0.0676,1.5089,0,0
2026-08-27T19:40:58.467563+00:00,evasive_lateral_v1,evasive_lateral_v1__cd71e9230dae,lateral_movement,T1021.002,6,2,1.0,0.987,0.0602,11826.32,10512.28,0.5895,18,16,1.4302,2.368,2.0105,0.1707,2.5227,1,3,0,0,0,0,1.0901,657.02,271.15,1200.64,8953.93,7621.41,0,0.085,1.2615,0,0
2026-08-27T19:41:03.467563+00:00,evasive_lateral_v1,evasive_lateral_v1__cd71e9230dae,lateral_movement,T1021.002,5,4,1.7345,0.9511,0.0423,16279.646,12948.57,0.6304,36,29,1.4564,2.6876,1.4991,0.1709,2.012,0,2,0,0,0,0,1.2178,467.51,119.466,650.254,7471.05,7485.616,0,0.0882,1.3369,0,0
2026-08-27T19:41:08.467563+00:00,evasive_lateral_v1,evasive_lateral_v1__cd71e9230dae,lateral_movement,T1021.002,2,2,1.0,1.0,0.0,13605.49,20408.23,0.684,14,21,0.8247,1.2721,1.5465,0.1334,1.9467,0,1,0,0,0,0,0.6597,971.82,7.52,979.34,8163.3,10214.67,0,0.0527,1.2333,0,0
2026-08-27T19:41:13.467563+00:00,evasive_lateral_v1,evasive_lateral_v1__cd71e9230dae,lateral_movement,T1021.002,4,2,0.8113,0.9786,0.0501,15955.32,27124.04,0.6178,20,34,0.9668,2.7128,1.3443,0.1902,1.9148,0,2,0,0,0,0,0.5879,797.77,286.97,1287.06,7703.99,11317.92,0,0.0863,1.1542,0,0
2026-08-27T19:41:18.467563+00:00,evasive_lateral_v1,evasive_lateral_v1__cd71e9230dae,lateral_movement,T1021.002,4,3,1.2516,0.9791,0.018,8576.774,8051.946,0.5275,19,17,1.5452,2.5672,1.6099,0.2052,2.2256,0,1,0,0,0,0,0.9376,527.166,123.146,691.022,7596.506,8121.776,0,0.0434,1.6788,0,0
2026-08-27T19:41:23.467563+00:00,evasive_lateral_v1,evasive_lateral_v1__cd71e9230dae,lateral_movement,T1021.002,3,2,0.9183,0.9529,0.0573,7805.96,5203.98,0.5769,9,6,0.8543,1.8916,1.5268,0.138,1.9409,0,1,0,0,0,0,1.324,867.33,220.31,1030.12,6009.31,9883.62,0,0.0366,1.3462,0,0
2026-08-27T19:41:28.467563+00:00,evasive_lateral_v1,evasive_lateral_v1__cd71e9230dae,lateral_movement,T1021.002,4,3,1.5,1.0,0.0196,11167.38,8933.9,0.4842,20,16,1.2895,2.953,1.5296,0.3169,2.4802,0,2,0,0,0,0,1.1788,558.37,110.81,678.66,9537.84,9865.18,0,0.0973,1.4496,0,0
2026-08-27T19:41:33.467563+00:00,evasive_lateral_v1,evasive_lateral_v1__cd71e9230dae,lateral_movement,T1021.002,4,3,1.5,1.0,0.0,17375.53,18099.51,0.6579,24,25,1.5036,3.7192,1.3532,0.1184,1.7085,0,1,0,0,0,0,0.9484,723.98,209.11,975.42,8828.34,7667.32,0,0.0394,0.6503,0,0
2026-08-27T19:41:38.467563+00:00,evasive_lateral_v1,evasive_lateral_v1__cd71e9230dae,lateral_movement,T1021.002,7,3,1.4488,1.0,0.0,11434.05,12250.77,0.6057,14,15,1.9046,3.3662,1.3382,0.2333,2.0382,0,3,0,0,0,0,0.9326,816.72,203.55,1215.63,7304.5,8034.4,0,0.0717,1.3605,0,0
2026-08-27T19:41:43.467563+00:00,evasive_lateral_v1,evasive_lateral_v1__cd71e9230dae,lateral_movement,T1021.002,2,2,1.0,0.955,0.051,4976.75,3732.56,0.6521,8,6,1.484,2.4843,1.1182,0.1054,1.4344,0,0,0,0,0,0,1.2604,622.09,184.84,806.93,8874.85,6383.39,0,0.1126,1.4231,0,0
2026-08-27T19:41:48.467563+00:00,evasive_lateral_v1,evasive_lateral_v1__cd71e9230dae,lateral_movement,T1021.002,9,3,1.2244,1.0,0.0,30464.99,32495.99,0.6051,45,48,1.0608,2.86,1.3149,0.1753,1.8409,1,4,0,0,1,0,0.9192,677.0,307.69,1361.22,8779.71,7254.85,0,0.1115,0.7077,0,0
2026-08-27T19:41:53.467563+00:00,evasive_lateral_v1,evasive_lateral_v1__cd71e9230dae,lateral_movement,T1021.002,2,2,0.517,0.9693,0.0239,7273.782,6296.93,0.6075,15,13,1.2753,2.8415,1.212,0.1766,1.742,0,1,0,0,0,0,0.9359,766.454,20.898,793.406,7601.234,9125.36,0,0.0654,1.3765,0,0
2026-08-27T19:41:58.467563+00:00,evasive_lateral_v1,evasive_lateral_v1__cd71e9230dae,lateral_movement,T1021.002,3,3,1.585,1.0,0.0105,8235.36,6176.52,0.565,12,9,1.4689,2.4123,1.2063,0.1643,1.6992,0,1,0,0,0,0,1.2408,686.28,114.06,846.16,7794.91,7475.02,0,0.0529,0.9791,0,0
2026-08-27T19:42:03.467563+00:00,evasive_lateral_v1,evasive_lateral_v1__cd71e9230dae,lateral_movement,T1021.002,2,2,1.0,0.9816,0.0586,8135.13,6391.89,0.5821,14,11,1.7633,5.2786,1.4754,0.1332,1.8749,0,0,0,0,0,0,1.2139,581.08,55.78,636.86,8288.34,9512.03,0,0.1086,0.5682,0,0
2026-08-27T19:42:08.467563+00:00,evasive_lateral_v1,evasive_lateral_v1__cd71e9230dae,lateral_movement,T1021.002,6,3,1.585,1.0,0.0,16880.66,11253.77,0.6736,24,16,1.5203,2.1487,1.9468,0.1819,2.4925,0,2,0,0,0,0,1.4265,703.36,277.32,1205.7,8290.17,9193.86,0,0.0915,1.3355,0,0
2026-08-27T19:42:13.467563+00:00,evasive_lateral_v1,evasive_lateral_v1__cd71e9230dae,lateral_movement,T1021.002,2,2,1.0,0.9805,0.0276,1085.75,542.87,0.5806,2,1,1.7359,2.0987,1.6744,0.1987,2.2706,0,0,0,0,0,0,1.1197,542.87,50.75,593.63,7537.3,8583.26,0,0.0855,1.4711,0,0
2026-08-27T19:42:18.467563+00:00,evasive_lateral_v1,evasive_lateral_v1__cd71e9230dae,lateral_movement,T1021.002,2,2,1.0,0.9789,0.007,2121.8,1414.53,0.5684,6,4,1.0405,2.8118,1.5515,0.1671,2.0529,0,0,0,0,0,0,1.4254,353.63,3.89,357.53,8569.38,7214.72,0,0.0586,1.3033,0,0
2026-08-27T19:42:23.467563+00:00,evasive_lateral_v1,evasive_lateral_v1__cd71e9230dae,lateral_movement,T1021.002,3,2,0.9183,1.0,0.0425,11932.2,11932.2,0.5715,15,15,1.4356,4.2623,1.7656,0.1482,2.2101,0,1,0,0,0,0,0.9983,795.48,281.05,1191.04,7043.55,7587.27,0,0.0763,0.4756,0,0
2026-08-27T19:42:28.467563+00:00,evasive_lateral_v1,evasive_lateral_v1__cd71e9230dae,lateral_movement,T1021.002,1,1,-0.0,0.983,0.0,2800.27,1866.85,0.595,6,4,0.867,1.7717,1.1553,0.2014,1.7595,0,0,0,0,0,0,1.3458,466.71,0.0,466.71,5986.78,5634.02,0,0.0,0.5098,0,0
2026-08-27T19:42:33.467563+00:00,evasive_lateral_v1,evasive_lateral_v1__cd71e9230dae,lateral_movement,T1021.002,3,3,1.585,1.0,0.0043,3251.85,3793.82,0.6458,6,7,2.2388,3.8498,1.758,0.1754,2.2842,0,1,0,0,0,0,0.8471,541.97,87.91,649.2,7073.91,7283.19,0,0.027,0.8964,0,0
2026-08-27T19:42:38.467563+00:00,evasive_lateral_v1,evasive_lateral_v1__cd71e9230dae,reconnaissance,T1046,4,2,1.0,1.0,0.0055,16303.21,13586.01,0.5797,24,20,1.3284,2.5835,1.3057,0.2046,1.9195,0,2,0,0,0,0,1.1902,679.3,237.81,1025.17,8677.55,8103.05,0,0.1109,1.0681,0,0
2026-08-27T19:42:43.467563+00:00,evasive_lateral_v1,evasive_lateral_v1__cd71e9230dae,reconnaissance,T1046,3,2,0.9183,0.9647,0.0309,11591.39,9935.48,0.6536,21,18,1.0235,2.3047,1.5766,0.3354,2.5827,0,1,0,0,0,0,1.1632,551.97,16.91,570.27,8163.97,6069.47,0,0.0298,1.227,0,0
2026-08-27T19:42:48.467563+00:00,evasive_lateral_v1,evasive_lateral_v1__cd71e9230dae,reconnaissance,T1046,1,1,-0.0,1.0,0.0103,7025.44,7025.44,0.5597,5,5,2.2107,6.1862,1.3828,0.117,1.7338,0,0,0,0,0,0,0.9546,1405.09,0.0,1405.09,8765.9,8944.92,0,0.036,0.8142,0,0
2026-08-27T19:42:53.467563+00:00,evasive_lateral_v1,evasive_lateral_v1__cd71e9230dae,reconnaissance,T1046,3,2,0.9183,1.0,0.0,13537.72,11732.69,0.6653,15,13,1.768,4.9966,1.1419,0.2187,1.7979,0,1,0,0,0,0,1.0948,902.51,632.52,1797.03,5898.44,9369.32,0,0.0712,1.0947,0,0
2026-08-27T19:42:58.467563+00:00,evasive_lateral_v1,evasive_lateral_v1__cd71e9230dae,reconnaissance,T1046,4,3,1.5,1.0,0.0161,14161.26,13571.21,0.6111,24,23,1.59,4.3147,1.4397,0.3224,2.4069,0,1,0,0,0,0,1.0028,590.05,160.13,788.01,9342.0,7569.09,0,0.0456,1.1832,0,0
2026-08-27T19:43:03.467563+00:00,evasive_lateral_v1,evasive_lateral_v1__cd71e9230dae,lateral_movement,T1021.002,4,4,1.785,0.9613,0.0492,19226.038,19475.65,0.5397,31,30,1.466,2.2809,1.3144,0.2413,2.0384,0,1,0,0,0,0,0.9715,688.374,140.794,855.974,7915.946,8345.328,0,0.0977,1.9896,0,0
2026-08-27T19:43:08.467563+00:00,evasive_lateral_v1,evasive_lateral_v1__cd71e9230dae,lateral_movement,T1021.002,2,1,-0.0,1.0,0.0247,11797.16,11797.16,0.6582,10,10,1.6019,2.0552,1.2971,0.2852,2.1526,0,0,0,0,0,0,0.9293,1179.72,148.78,1328.49,7560.49,8332.0,0,0.0128,0.8703,0,0
2026-08-27T19:43:13.467563+00:00,evasive_lateral_v1,evasive_lateral_v1__cd71e9230dae,lateral_movement,T1021.002,4,3,1.5,1.0,0.0125,21213.49,20329.6,0.5758,24,23,1.9662,4.4399,1.3421,0.1654,1.8383,0,2,0,0,0,0,1.0162,883.9,497.29,1714.96,9012.07,9225.49,0,0.0298,0.1727,0,0
2026-08-27T19:43:18.467563+00:00,evasive_lateral_v1,evasive_lateral_v1__cd71e9230dae,lateral_movement,T1021.002,4,2,0.8113,0.9669,0.0549,14226.02,12701.8,0.645,28,25,1.3889,1.9306,1.4033,0.2273,2.0853,0,1,0,0,0,0,1.0961,508.07,53.06,569.59,9810.15,8837.46,0,0.063,0.9257,0,0
2026-08-27T19:43:23.467563+00:00,evasive_lateral_v1,evasive_lateral_v1__cd71e9230dae,lateral_movement,T1021.002,4,3,1.5,1.0,0.005,25312.43,15820.27,0.6124,40,25,1.2969,3.2282,1.4098,0.2766,2.2395,0,1,0,0,0,0,1.5716,632.81,175.34,860.78,8552.82,7976.41,0,0.1135,0.7911,0,0
2026-08-27T19:43:28.467563+00:00,evasive_lateral_v1,evasive_lateral_v1__cd71e9230dae,lateral_movement,T1021.002,5,2,0.971,1.0,0.0002,19905.72,15924.58,0.6179,25,20,1.1881,2.0544,1.5921,0.1316,1.987,0,2,0,0,0,0,1.1969,796.23,141.92,940.61,7938.84,8951.11,0,0.0689,1.1289,0,0
2026-08-27T19:43:33.467563+00:00,evasive_lateral_v1,evasive_lateral_v1__cd71e9230dae,lateral_movement,T1021.002,1,1,-0.0,0.9782,0.0,5855.05,5855.05,0.5161,9,9,1.9251,3.0735,1.522,0.2994,2.4201,0,0,0,0,0,0,0.9372,650.56,0.0,650.56,6635.78,9246.41,0,0.0634,1.4536,0,0
2026-08-27T19:43:38.467563+00:00,evasive_lateral_v1,evasive_lateral_v1__cd71e9230dae,lateral_movement,T1021.002,2,2,0.517,0.9791,0.0209,8444.558,6343.13,0.5696,18,13,1.1664,2.9049,1.464,0.2475,2.2066,0,1,0,0,0,0,1.2377,637.43,20.898,664.382,8809.698,9445.2,0,0.025,1.7666,0,0
2026-08-27T19:43:43.467563+00:00,evasive_lateral_v1,evasive_lateral_v1__cd71e9230dae,lateral_movement,T1021.002,3,2,0.9183,1.0,0.0116,12577.49,7786.06,0.5656,21,13,1.864,2.6506,1.1634,0.24,1.8833,0,1,0,0,0,0,1.5151,598.93,254.42,922.67,7860.3,8324.38,0,0.0864,0.5861,0,0
2026-08-27T19:43:48.467563+00:00,evasive_lateral_v1,evasive_lateral_v1__cd71e9230dae,lateral_movement,T1021.002,3,3,1.585,0.9745,0.0051,9940.34,7289.58,0.5215,15,11,1.5875,4.6508,1.425,0.1761,1.9533,0,1,0,0,0,0,1.3485,662.69,170.81,854.95,11220.46,7204.43,0,0.111,0.3926,0,0
2026-08-27T19:43:53.467563+00:00,evasive_lateral_v1,evasive_lateral_v1__cd71e9230dae,lateral_movement,T1021.002,4,2,1.0,0.9953,0.0,14534.9,10901.17,0.5776,24,18,1.3334,3.976,1.4096,0.2766,2.2393,0,1,0,0,0,0,1.2674,605.62,80.22,678.22,9135.35,8929.28,0,0.0599,0.5215,0,0
2026-08-27T19:43:58.467563+00:00,evasive_lateral_v1,evasive_lateral_v1__cd71e9230dae,lateral_movement,T1021.002,2,2,1.0,1.0,0.0339,8575.1,7860.51,0.6058,12,11,1.7048,3.9254,1.6033,0.1861,2.1618,0,0,0,0,0,0,1.0399,714.59,227.93,942.52,9344.84,10343.86,0,0.0406,1.1562,0,0
2026-08-27T19:44:03.467563+00:00,evasive_lateral_v1,evasive_lateral_v1__cd71e9230dae,reconnaissance,T1046,0,0,0.0,0.9934,0.0295,0.0,0.0,0.6062,0,0,0.9645,2.8292,1.548,0.1814,2.0921,0,0,0,0,0,0,1.3906,768.38,0.0,768.38,8141.41,6567.43,0,0.015,1.6061,0,0
2026-08-27T19:44:08.467563+00:00,evasive_lateral_v1,evasive_lateral_v1__cd71e9230dae,reconnaissance,T1046,1,1,-0.0,1.0,0.0,4034.73,2881.95,0.6026,7,5,1.0597,1.7693,1.7819,0.3334,2.782,0,0,0,0,0,0,1.3661,576.39,0.0,576.39,8110.84,10428.1,0,0.0169,0.3503,0,0
2026-08-27T19:44:13.467563+00:00,evasive_lateral_v1,evasive_lateral_v1__cd71e9230dae,reconnaissance,T1046,6,2,0.9183,1.0,0.0042,19608.88,19608.88,0.5622,30,30,2.0919,5.8682,1.5763,0.3004,2.4775,0,3,0,0,0,0,0.9799,653.63,126.14,833.29,7345.05,7820.48,0,0.0817,2.0307,0,0
2026-08-27T19:44:18.467563+00:00,evasive_lateral_v1,evasive_lateral_v1__cd71e9230dae,reconnaissance,T1046,4,3,1.5,0.9855,0.0142,23339.32,21672.22,0.5966,28,26,1.9849,5.108,1.8616,0.3306,2.8534,0,2,0,0,0,0,1.0658,833.55,388.85,1442.92,7139.99,9426.46,0,0.1144,0.7568,0,0
2026-08-27T19:44:23.467563+00:00,evasive_lateral_v1,evasive_lateral_v1__cd71e9230dae,lateral_movement,T1021.002,3,2,0.9183,1.0,0.0,8010.25,5340.17,0.6586,12,8,1.8115,5.2868,1.3201,0.1387,1.7362,0,1,0,0,0,0,1.3522,667.52,161.02,886.72,7080.99,8125.84,0,0.0261,0.9279,0,0
2026-08-27T19:44:28.467563+00:00,evasive_lateral_v1,evasive_lateral_v1__cd71e9230dae,lateral_movement,T1021.002,1,1,0.517,0.9791,0.018,4508.55,3531.698,0.5881,12,9,0.7883,1.4729,1.5575,0.3198,2.5169,0,1,0,0,0,0,1.4916,579.878,20.898,606.83,7766.514,8604.52,0,0.0,2.3735,0,0
2026-08-27T19:44:33.467563+00:00,evasive_lateral_v1,evasive_lateral_v1__cd71e9230dae,lateral_movement,T1021.002,3,2,0.517,0.9481,0.0447,12237.446,8040.218,0.5804,22,15,1.8236,4.5313,1.4571,0.2137,2.0984,0,1,0,0,0,0,1.5004,719.214,168.562,893.838,8995.354,7521.64,0,0.0,1.871,0,0
2026-08-27T19:44:38.467563+00:00,evasive_lateral_v1,evasive_lateral_v1__cd71e9230dae,lateral_movement,T1021.002,2,1,-0.0,0.9604,0.0312,7405.8,8331.52,0.6036,16,18,1.1881,2.7243,1.6995,0.3673,2.8014,0,0,0,0,0,0,0.8661,462.86,194.44,657.3,6878.15,7336.04,0,0.0618,1.1709,0,0
2026-08-27T19:44:43.467563+00:00,evasive_lateral_v1,evasive_lateral_v1__cd71e9230dae,lateral_movement,T1021.002,2,2,1.0,0.9528,0.0508,11214.73,6728.84,0.6526,20,12,2.3536,6.0769,1.8654,0.2014,2.4696,0,1,0,0,0,0,1.6633,560.74,248.72,809.46,8940.92,10300.7,0,0.0753,0.5447,0,0
2026-08-27T19:44:48.467563+00:00,evasive_lateral_v1,evasive_lateral_v1__cd71e9230dae,lateral_movement,T1021.002,5,3,1.0945,0.9791,0.0295,21129.07,19598.202,0.6238,36,33,1.6048,2.4105,1.4004,0.2882,2.2649,0,2,0,0,0,0,1.0704,629.158,223.762,902.71,8133.498,8755.592,0,0.0864,1.2163,0,0
2026-08-27T19:44:53.467563+00:00,evasive_lateral_v1,evasive_lateral_v1__cd71e9230dae,lateral_movement,T1021.002,0,0,0.0,0.986,0.0081,0.0,0.0,0.5298,0,0,1.2981,2.0709,1.9772,0.1751,2.5024,0,0,0,0,0,0,0.8419,338.74,0.0,338.74,8200.58,7346.04,0,0.0401,0.9523,0,0
2026-08-27T19:44:58.467563+00:00,evasive_lateral_v1,evasive_lateral_v1__cd71e9230dae,lateral_movement,T1021.002,2,2,1.0,0.9721,0.012,12276.43,10044.35,0.5641,22,18,0.9428,2.3808,1.3931,0.155,1.8581,0,1,0,0,0,0,1.1623,558.02,134.46,692.48,9121.15,8155.15,0,0.0453,1.2565,0,0
2026-08-27T19:45:03.467563+00:00,evasive_lateral_v1,evasive_lateral_v1__cd71e9230dae,lateral_movement,T1021.002,6,3,1.2516,0.9996,0.025,17993.08,13794.7,0.614,30,23,2.302,6.2483,1.3729,0.1744,1.8962,0,3,0,0,0,0,1.2666,599.77,93.56,774.51,8925.69,8687.67,0,0.0618,1.2162,0,0
2026-08-27T19:45:08.467563+00:00,evasive_lateral_v1,evasive_lateral_v1__cd71e9230dae,lateral_movement,T1021.002,2,2,1.0,0.9502,0.068,6002.87,6860.42,0.5935,14,16,1.4486,3.0545,1.2361,0.183,1.7851,0,0,0,0,0,0,0.8642,428.78,75.68,504.46,6981.8,7850.95,0,0.0681,1.064,0,0
2026-08-27T19:45:13.467563+00:00,evasive_lateral_v1,evasive_lateral_v1__cd71e9230dae,lateral_movement,T1021.002,3,3,1.585,0.9987,0.0014,13009.11,9292.22,0.6378,21,15,1.4559,3.1986,1.139,0.2427,1.8672,0,1,0,0,0,0,1.3577,619.48,102.14,762.8,7927.62,6589.59,0,0.0284,0.4575,0,0
2026-08-27T19:45:18.467563+00:00,evasive_lateral_v1,evasive_lateral_v1__cd71e9230dae,lateral_movement,T1021.002,4,2,0.8113,1.0,0.0,40274.7,48512.71,0.5629,44,53,0.9272,1.9994,1.199,0.1925,1.7766,0,1,0,0,0,0,0.8204,915.33,260.32,1308.7,8022.39,7252.16,0,0.0567,0.8829,0,0
2026-08-27T19:45:23.467563+00:00,evasive_lateral_v1,evasive_lateral_v1__cd71e9230dae,reconnaissance,T1046,6,3,1.4591,0.9712,0.0189,17432.16,10168.76,0.6306,24,14,2.0105,3.9273,1.4302,0.245,2.1651,0,2,0,0,0,0,1.6042,726.34,329.74,1436.33,7156.69,7167.92,0,0.0526,0.4884,0,0
2026-08-27T19:45:28.467563+00:00,evasive_lateral_v1,evasive_lateral_v1__cd71e9230dae,reconnaissance,T1046,6,3,1.4591,0.99,0.0,13857.87,8468.7,0.6505,18,11,1.7882,3.4365,1.2417,0.2111,1.875,1,3,0,0,0,0,1.5652,769.88,416.6,1639.94,7309.97,9071.41,0,0.1272,0.5835,1,0
2026-08-27T19:45:33.467563+00:00,evasive_lateral_v1,evasive_lateral_v1__cd71e9230dae,reconnaissance,T1046,3,3,1.585,1.0,0.0,25844.21,24887.01,0.6346,27,26,2.2691,4.6454,1.672,0.2012,2.2756,0,1,0,0,0,0,1.0349,957.19,306.12,1193.46,7584.1,8779.58,0,0.1563,0.5732,0,0
2026-08-27T19:45:38.467563+00:00,evasive_lateral_v1,evasive_lateral_v1__cd71e9230dae,reconnaissance,T1046,2,2,1.0,1.0,0.0,13778.75,12056.4,0.6185,16,14,1.9732,3.0377,1.1136,0.1013,1.4175,0,0,0,0,0,0,1.1296,861.17,293.51,1154.68,8602.92,8917.85,0,0.0789,1.2472,0,0
2026-08-27T19:45:43.467563+00:00,evasive_lateral_v1,evasive_lateral_v1__cd71e9230dae,lateral_movement,T1021.002,4,2,0.8113,0.9638,0.0439,19719.85,35331.4,0.5275,24,43,1.2797,2.1575,0.9655,0.0956,1.2522,0,1,0,0,0,0,0.5505,821.66,316.32,1340.0,7462.07,8452.4,0,0.0703,1.7129,1,0
2026-08-27T19:45:48.467563+00:00,evasive_lateral_v1,evasive_lateral_v1__cd71e9230dae,lateral_movement,T1021.002,2,1,-0.0,0.9922,0.0,11187.19,7458.13,0.5962,12,8,1.6315,2.9459,1.5323,0.1779,2.0662,0,1,0,0,0,0,1.3728,932.27,147.41,1079.67,6453.07,9282.46,0,0.0778,1.9814,0,0
2026-08-27T19:45:53.467563+00:00,evasive_lateral_v1,evasive_lateral_v1__cd71e9230dae,lateral_movement,T1021.002,3,2,0.9183,1.0,0.0095,4180.77,3251.71,0.5575,9,7,0.9597,1.9539,1.2764,0.2758,2.1038,0,1,0,0,0,0,1.1993,464.53,118.62,604.52,6992.62,7008.28,0,0.104,0.0,0,0
2026-08-27T19:45:58.467563+00:00,evasive_lateral_v1,evasive_lateral_v1__cd71e9230dae,lateral_movement,T1021.002,3,3,1.585,0.9999,0.0,2034.13,678.04,0.6109,3,1,0.8824,2.5886,1.2599,0.2548,2.0244,0,1,0,0,0,0,1.67,678.04,209.28,961.24,8308.62,7560.0,0,0.0787,0.3912,0,0
2026-08-27T19:46:03.467563+00:00,evasive_lateral_v1,evasive_lateral_v1__cd71e9230dae,lateral_movement,T1021.002,4,3,1.5,0.9751,0.0222,17048.73,13638.98,0.6012,20,16,1.1109,3.0276,1.4097,0.3153,2.3557,0,1,0,0,0,0,1.1807,852.44,191.02,1136.01,9204.11,8505.83,0,0.1116,0.0,0,0
2026-08-27T19:46:08.467563+00:00,evasive_lateral_v1,evasive_lateral_v1__cd71e9230dae,lateral_movement,T1021.002,4,2,1.0,1.0,0.0298,19569.16,11958.93,0.572,36,22,1.6272,2.9027,1.4633,0.1317,1.8583,0,1,0,0,0,0,1.6152,543.59,137.98,750.93,8971.02,8132.13,0,0.0501,1.8361,0,0
2026-08-27T19:46:13.467563+00:00,evasive_lateral_v1,evasive_lateral_v1__cd71e9230dae,lateral_movement,T1021.002,6,3,1.317,0.9703,0.0208,29829.614,34479.666,0.5696,55,62,0.9279,1.1821,1.1872,0.2277,1.8704,0,2,0,0,0,0,0.8988,544.054,243.482,1028.846,7671.418,9178.368,0,0.0597,2.4175,0,0
2026-08-27T19:46:18.467563+00:00,evasive_lateral_v1,evasive_lateral_v1__cd71e9230dae,lateral_movement,T1021.002,4,2,0.8113,0.9762,0.0018,12762.02,13400.12,0.7233,20,21,1.2851,2.4553,1.3299,0.1492,1.7776,0,1,0,0,0,0,0.9474,638.1,162.08,840.45,7330.26,6343.29,0,0.0383,1.3799,0,0
2026-08-27T19:46:23.467563+00:00,evasive_lateral_v1,evasive_lateral_v1__cd71e9230dae,lateral_movement,T1021.002,5,3,1.5219,0.9228,0.0685,25989.08,22276.36,0.5578,35,30,1.7946,4.5237,1.3914,0.2722,2.2081,0,2,0,0,0,0,1.1646,742.55,129.32,939.13,8321.77,8792.27,0,0.0649,0.4883,0,1
2026-08-27T19:46:28.467563+00:00,evasive_lateral_v1,evasive_lateral_v1__cd71e9230dae,lateral_movement,T1021.002,5,3,1.371,1.0,0.0164,29456.62,27689.22,0.5315,50,47,0.706,1.4206,1.2719,0.2447,2.0061,0,2,0,0,0,0,1.0589,589.13,130.5,772.28,6710.29,8773.88,0,0.1332,1.3021,1,1
2026-08-27T19:46:33.467563+00:00,evasive_lateral_v1,evasive_lateral_v1__cd71e9230dae,lateral_movement,T1021.002,4,3,1.5,1.0,0.0084,45247.45,33065.44,0.581,52,38,1.5652,2.3537,1.2828,0.2559,2.0505,0,2,0,0,0,0,1.3377,870.14,183.86,1001.25,7643.57,8746.27,0,0.1382,0.0,0,0
2026-08-27T19:46:38.467563+00:00,evasive_lateral_v1,evasive_lateral_v1__cd71e9230dae,lateral_movement,T1021.002,6,3,1.2516,0.9797,0.0088,18389.07,12259.38,0.6679,30,20,1.6504,3.1651,1.3472,0.2903,2.2181,0,3,0,0,0,0,1.4312,612.97,185.66,821.0,9919.0,8947.48,0,0.1138,1.2183,0,1
2026-08-27T19:46:43.467563+00:00,evasive_lateral_v1,evasive_lateral_v1__cd71e9230dae,lateral_movement,T1021.002,5,4,1.6138,0.9591,0.0207,18269.542,20503.586,0.5591,36,39,1.9471,3.1232,1.5231,0.2029,2.132,0,2,0,0,0,0,0.8964,533.838,76.29,663.638,8321.442,6716.048,0,0.071,1.5801,0,0
2026-08-27T19:46:48.467563+00:00,evasive_lateral_v1,evasive_lateral_v1__cd71e9230dae,lateral_movement,T1021.002,3,2,0.9183,1.0,0.0,5784.17,3856.11,0.6127,9,6,0.8004,2.1791,1.3662,0.2192,2.0239,0,1,0,0,0,0,1.4398,642.69,100.39,750.44,8279.39,6940.32,0,0.0601,0.8036,0,1
2026-08-27T19:46:53.467563+00:00,evasive_lateral_v1,evasive_lateral_v1__cd71e9230dae,lateral_movement,T1021.002,2,2,1.0,0.9997,0.0,3881.34,3234.45,0.5895,6,5,1.9406,3.3015,1.6293,0.3587,2.7053,0,0,0,0,0,0,1.0702,646.89,171.45,818.34,9509.49,8404.48,0,0.1081,2.2143,0,0
2026-08-27T19:46:58.467563+00:00,evasive_lateral_v1,evasive_lateral_v1__cd71e9230dae,lateral_movement,T1021.002,1,1,-0.0,1.0,0.0,1855.73,2319.66,0.6135,4,5,0.7702,1.1759,1.6085,0.3556,2.6752,0,0,0,0,0,0,0.7235,463.93,0.0,463.93,7916.14,9193.4,0,0.0322,1.2434,0,0
2026-08-27T19:47:03.467563+00:00,evasive_lateral_v1,evasive_lateral_v1__cd71e9230dae,lateral_movement,T1021.002,5,4,1.7345,0.9791,0.0201,23483.79,13651.826,0.5674,36,22,1.5171,4.1409,1.5154,0.3327,2.5135,0,2,0,0,0,0,1.7035,707.654,118.61,874.022,8287.058,8238.792,0,0.0914,2.2141,0,0
2026-08-27T19:47:08.467563+00:00,evasive_lateral_v1,evasive_lateral_v1__cd71e9230dae,lateral_movement,T1021.002,4,2,1.0,1.0,0.0,26989.08,25302.27,0.6082,32,30,1.0318,2.8307,1.5572,0.3222,2.5237,0,1,0,0,0,0,1.0503,843.41,203.64,1189.09,5968.29,8035.75,0,0.0451,1.7541,0,0
2026-08-27T19:47:13.467563+00:00,evasive_lateral_v1,evasive_lateral_v1__cd71e9230dae,lateral_movement,T1021.002,3,3,1.585,1.0,0.0314,23261.69,20935.52,0.5998,30,27,1.6468,4.119,1.318,0.2792,2.1556,0,1,0,0,0,0,1.1106,775.39,259.67,1139.41,8416.31,7915.76,0,0.0899,1.2886,0,0
2026-08-27T19:47:18.467563+00:00,evasive_lateral_v1,evasive_lateral_v1__cd71e9230dae,lateral_movement,T1021.002,6,3,1.4591,1.0,0.0,32047.05,20697.05,0.6064,48,31,1.5047,2.3304,1.3086,0.1706,1.8203,0,2,0,0,0,0,1.541,667.65,321.83,1360.05,7041.68,8529.16,0,0.0787,1.1037,0,0
2026-08-27T19:47:23.467563+00:00,evasive_lateral_v1,evasive_lateral_v1__cd71e9230dae,lateral_movement,T1021.002,2,1,-0.0,1.0,0.0,17318.67,10233.76,0.6019,22,13,1.7014,2.953,1.1978,0.1041,1.5101,0,1,0,0,0,0,1.6629,787.21,245.29,1032.5,8651.96,7929.77,0,0.0218,1.5228,0,0
2026-08-27T19:47:28.467563+00:00,evasive_lateral_v1,evasive_lateral_v1__cd71e9230dae,lateral_movement,T1021.002,2,2,1.0,1.0,0.0131,8737.93,7864.14,0.6596,10,9,0.695,1.6202,1.0696,0.1172,1.4212,0,1,0,0,0,0,1.1087,873.79,356.9,1230.69,9188.37,8065.78,0,0.1055,0.6403,0,0
2026-08-27T19:47:33.467563+00:00,evasive_lateral_v1,evasive_lateral_v1__cd71e9230dae,reconnaissance,T1046,3,2,0.9183,0.9562,0.0515,4784.52,2392.26,0.5786,6,3,1.7769,3.6007,1.7267,0.2824,2.5739,0,1,0,0,0,0,1.8115,797.42,147.64,906.76,7673.14,8516.24,0,0.0605,0.8042,0,0
2026-08-27T19:47:38.467563+00:00,evasive_lateral_v1,evasive_lateral_v1__cd71e9230dae,reconnaissance,T1046,4,4,1.717,0.9645,0.018,16514.198,11535.466,0.5973,31,22,1.5281,3.0601,1.5317,0.254,2.2935,0,1,0,0,0,0,1.4276,575.374,159.85,784.054,7972.57,7095.704,0,0.0092,1.5127,0,0
2026-08-27T19:47:43.467563+00:00,evasive_lateral_v1,evasive_lateral_v1__cd71e9230dae,reconnaissance,T1046,2,1,-0.0,0.9978,0.0575,5309.87,3185.92,0.5715,10,6,1.7012,2.0516,1.2679,0.278,2.102,0,0,0,0,0,0,1.5753,530.99,106.19,637.18,8449.06,7940.2,0,0.0155,1.1942,0,0
2026-08-27T19:47:48.467563+00:00,evasive_lateral_v1,evasive_lateral_v1__cd71e9230dae,reconnaissance,T1046,2,1,-0.0,0.9828,0.0297,11043.38,13497.47,0.5678,18,22,0.9666,1.6517,1.3541,0.2953,2.2399,0,0,0,0,0,0,0.8052,613.52,113.01,726.53,8774.35,7430.31,0,0.0291,0.3121,0,0
2026-08-27T19:47:53.467563+00:00,evasive_lateral_v1,evasive_lateral_v1__cd71e9230dae,reconnaissance,T1046,2,1,-0.0,1.0,0.0,10660.47,9594.43,0.5914,10,9,1.9958,2.7083,1.7137,0.2164,2.3628,0,1,0,0,0,0,1.0605,1066.05,72.09,1138.14,7552.92,8343.63,0,0.0,0.0488,0,0
2026-08-27T19:47:58.467563+00:00,evasive_lateral_v1,evasive_lateral_v1__cd71e9230dae,reconnaissance,T1046,3,3,1.585,1.0,0.0043,13261.76,10314.7,0.6678,18,14,1.6877,2.6263,1.3134,0.278,2.1473,0,1,0,0,0,0,1.2412,736.76,132.64,843.38,7506.35,8595.13,0,0.0931,1.2342,0,0
2026-08-27T19:48:03.467563+00:00,evasive_lateral_v1,evasive_lateral_v1__cd71e9230dae,reconnaissance,T1046,4,2,0.8113,1.0,0.0096,26338.26,33581.28,0.5542,40,51,0.914,2.4281,1.9762,0.3799,3.116,0,1,0,0,0,0,0.7798,658.46,139.12,782.04,9247.83,6261.84,0,0.0411,0.4624,0,0
2026-08-27T19:48:08.467563+00:00,evasive_lateral_v1,evasive_lateral_v1__cd71e9230dae,reconnaissance,T1046,4,2,0.8113,0.9629,0.0,10061.86,6037.11,0.6743,20,12,1.0555,2.7883,1.4537,0.2736,2.2746,0,1,0,0,0,0,1.5387,503.09,175.89,799.48,7968.02,9122.13,0,0.069,1.4836,0,0
2026-08-27T19:48:13.467563+00:00,evasive_lateral_v1,evasive_lateral_v1__cd71e9230dae,lateral_movement,T1021.002,4,2,0.8113,1.0,0.0,16071.86,13661.08,0.5522,20,17,0.7616,1.8943,1.0825,0.215,1.7276,0,1,0,0,0,0,1.1178,803.59,439.93,1491.83,7829.83,8895.51,0,0.0911,0.7803,0,0
2026-08-27T19:48:18.467563+00:00,evasive_lateral_v1,evasive_lateral_v1__cd71e9230dae,lateral_movement,T1021.002,2,2,1.0,0.9902,0.0,5141.15,7283.3,0.6215,12,17,1.0872,2.0934,1.5887,0.31,2.5187,0,0,0,0,0,0,0.7018,428.43,2.88,431.31,8553.66,7930.37,0,0.0301,0.8354,0,0
2026-08-27T19:48:23.467563+00:00,evasive_lateral_v1,evasive_lateral_v1__cd71e9230dae,lateral_movement,T1021.002,3,2,0.9183,0.9759,0.038,17601.27,13200.95,0.6584,24,18,0.9053,1.5584,1.0389,0.1251,1.4144,0,1,0,0,0,0,1.2733,733.39,356.14,1149.61,9280.58,9882.91,0,0.1127,1.3475,0,0
2026-08-27T19:48:28.467563+00:00,evasive_lateral_v1,evasive_lateral_v1__cd71e9230dae,lateral_movement,T1021.002,5,2,0.971,0.9839,0.0,30649.47,22476.28,0.5498,45,33,1.6973,4.5766,1.5004,0.1447,1.9346,0,2,0,0,0,0,1.3534,681.1,230.65,916.4,8596.54,6316.57,0,0.0385,0.9023,0,0
2026-08-27T19:48:33.467563+00:00,evasive_lateral_v1,evasive_lateral_v1__cd71e9230dae,lateral_movement,T1021.002,3,2,0.9183,0.9971,0.0036,10909.15,6545.49,0.6349,15,9,0.8723,1.0645,1.329,0.2933,2.2088,0,1,0,0,0,0,1.665,727.28,185.47,970.78,7622.3,6995.87,0,0.0581,0.8566,0,0
2026-08-27T19:48:38.467563+00:00,evasive_lateral_v1,evasive_lateral_v1__cd71e9230dae,lateral_movement,T1021.002,3,2,0.9183,0.9963,0.0042,15215.01,15215.01,0.6044,18,18,2.0989,3.4452,1.5782,0.3094,2.5063,0,1,0,0,0,0,0.9731,845.28,379.98,1298.0,7793.01,8622.61,0,0.0746,0.9045,0,0
2026-08-27T19:48:43.467563+00:00,evasive_lateral_v1,evasive_lateral_v1__cd71e9230dae,lateral_movement,T1021.002,3,1,-0.0,0.9951,0.0277,16233.15,10145.72,0.6279,24,15,1.7386,4.6316,1.3144,0.2371,2.0258,0,1,0,0,0,0,1.5926,676.38,249.9,1028.22,7892.53,10402.19,0,0.013,0.6724,0,0
2026-08-27T19:48:48.467563+00:00,evasive_lateral_v1,evasive_lateral_v1__cd71e9230dae,lateral_movement,T1021.002,6,3,1.4591,0.9963,0.0413,28698.69,31688.13,0.6491,48,53,1.1748,2.1691,1.6496,0.2713,2.4635,0,2,0,0,0,0,0.9009,597.89,153.82,847.05,8308.2,10652.71,0,0.1293,0.5933,0,0
2026-08-27T19:48:53.467563+00:00,evasive_lateral_v1,evasive_lateral_v1__cd71e9230dae,lateral_movement,T1021.002,3,3,1.585,1.0,0.0063,11090.14,8009.55,0.5952,18,13,0.7317,1.0817,1.6298,0.3283,2.6146,0,1,0,0,0,0,1.3709,616.12,58.68,683.66,8533.06,7987.4,0,0.1099,1.4312,0,0
2026-08-27T19:48:58.467563+00:00,evasive_lateral_v1,evasive_lateral_v1__cd71e9230dae,lateral_movement,T1021.002,6,3,1.2516,1.0,0.0,32222.09,18412.62,0.565,42,24,1.7112,2.2553,1.3664,0.2897,2.2354,1,2,0,0,0,0,1.7099,767.19,408.94,1532.54,9446.33,7298.18,0,0.1029,1.4197,0,0
2026-08-27T19:49:03.467563+00:00,evasive_lateral_v1,evasive_lateral_v1__cd71e9230dae,lateral_movement,T1021.002,4,3,1.5,1.0,0.0,27883.64,20912.73,0.5625,32,24,1.1585,2.0555,1.1344,0.1759,1.662,0,1,0,0,0,0,1.3058,871.36,149.54,1049.18,8272.65,8406.21,0,0.0577,0.5063,0,0
2026-08-27T19:49:08.467563+00:00,evasive_lateral_v1,evasive_lateral_v1__cd71e9230dae,lateral_movement,T1021.002,1,1,-0.0,0.9424,0.0481,2877.12,3288.14,0.5548,7,8,0.9927,1.2397,1.6023,0.1579,2.076,0,0,0,0,0,0,0.857,411.02,0.0,411.02,9561.42,7460.64,0,0.0313,0.0624,0,0
2026-08-27T19:49:13.467563+00:00,evasive_lateral_v1,evasive_lateral_v1__cd71e9230dae,lateral_movement,T1021.002,4,3,1.2516,0.9741,0.0434,11147.526,7957.682,0.6477,19,14,1.8269,2.3655,1.6763,0.2278,2.3598,0,1,0,0,0,0,1.3843,812.806,339.722,1253.782,8157.658,8233.168,0,0.034,2.0899,0,0
2026-08-27T19:49:18.467563+00:00,evasive_lateral_v1,evasive_lateral_v1__cd71e9230dae,lateral_movement,T1021.002,2,2,1.0,1.0,0.0023,10719.79,9954.09,0.6717,14,13,1.4636,2.2906,1.1457,0.2551,1.9111,0,1,0,0,0,0,1.0198,765.7,201.39,967.09,8884.74,7659.35,0,0.0666,1.2117,0,0
2026-08-27T19:49:23.467563+00:00,evasive_lateral_v1,evasive_lateral_v1__cd71e9230dae,lateral_movement,T1021.002,3,1,-0.0,1.0,0.0,9554.12,5307.85,0.5701,9,5,2.1911,5.6818,1.8925,0.1482,2.3372,0,1,0,0,0,0,1.523,1061.57,487.71,1710.71,7777.36,7230.83,0,0.014,1.3881,0,0
2026-08-27T19:49:28.467563+00:00,evasive_lateral_v1,evasive_lateral_v1__cd71e9230dae,lateral_movement,T1021.002,2,2,1.0,1.0,0.0423,5650.25,5085.23,0.6891,10,9,1.3404,3.6263,1.1972,0.2625,1.9848,0,0,0,0,0,0,1.004,565.03,9.29,574.32,7494.5,9167.4,0,0.0566,0.8458,0,0
2026-08-27T19:49:33.467563+00:00,evasive_lateral_v1,evasive_lateral_v1__cd71e9230dae,lateral_movement,T1021.002,3,2,0.9183,0.9592,0.0234,13854.09,7256.9,0.6158,21,11,1.6412,3.2443,1.1323,0.1882,1.6969,0,1,0,0,0,0,1.7693,659.72,200.92,918.21,8326.96,7294.0,0,0.0636,1.5285,0,0
2026-08-27T19:49:38.467563+00:00,evasive_lateral_v1,evasive_lateral_v1__cd71e9230dae,lateral_movement,T1021.002,5,3,1.371,1.0,0.0015,18880.59,15859.69,0.6497,25,21,1.5029,3.1722,1.5835,0.3476,2.6263,0,2,0,0,0,0,1.168,755.22,282.1,1289.28,8072.66,9144.8,0,0.0894,1.1437,0,0
2026-08-27T19:49:43.467563+00:00,evasive_lateral_v1,evasive_lateral_v1__cd71e9230dae,lateral_movement,T1021.002,5,3,1.5219,0.9981,0.0027,32261.12,24375.07,0.5635,45,34,1.9314,3.3479,1.1201,0.0943,1.4032,0,2,0,0,0,0,1.3225,716.91,226.25,1164.76,7217.92,9427.61,0,0.0687,1.151,0,0
2026-08-27T19:49:48.467563+00:00,evasive_lateral_v1,evasive_lateral_v1__cd71e9230dae,lateral_movement,T1021.002,4,2,0.8113,1.0,0.007,15547.41,7773.71,0.6319,16,8,1.9105,3.1137,1.5077,0.2307,2.1998,0,2,0,0,0,0,1.8637,971.71,396.55,1500.47,8234.32,7942.37,0,0.0717,0.8891,0,0
2026-08-27T19:49:53.467563+00:00,evasive_lateral_v1,evasive_lateral_v1__cd71e9230dae,lateral_movement,T1021.002,2,2,1.0,1.0,0.0258,4918.14,1844.3,0.5499,8,3,0.8923,2.1678,1.2749,0.1101,1.6053,0,1,0,0,0,0,2.0011,614.77,174.27,789.04,7691.59,8589.39,0,0.0269,0.9862,0,0
2026-08-27T19:49:58.467563+00:00,evasive_lateral_v1,evasive_lateral_v1__cd71e9230dae,lateral_movement,T1021.002,4,2,0.8113,0.9345,0.0452,26393.6,24744.0,0.6396,32,30,1.9879,4.6611,1.6707,0.3687,2.7768,0,2,0,0,0,0,1.0608,824.8,239.2,1064.64,7682.61,8112.27,0,0.0654,0.8752,0,0
2026-08-27T19:50:03.467563+00:00,evasive_lateral_v1,evasive_lateral_v1__cd71e9230dae,lateral_movement,T1021.002,6,4,1.6843,0.9791,0.018,30439.102,20818.73,0.532,55,38,1.6055,3.8471,1.4529,0.2172,2.1046,0,3,0,0,0,0,1.4331,555.334,176.362,794.142,8043.362,8028.712,0,0.049,1.4193,0,0
2026-08-27T19:50:08.467563+00:00,evasive_lateral_v1,evasive_lateral_v1__cd71e9230dae,lateral_movement,T1021.002,9,2,0.9183,0.9596,0.0545,18682.73,13147.1,0.6094,27,19,1.2346,3.1847,1.4058,0.1541,1.8681,1,4,0,0,0,0,1.3903,691.95,139.85,997.62,7377.54,8571.78,0,0.0633,0.1778,0,0
2026-08-27T19:50:13.467563+00:00,evasive_lateral_v1,evasive_lateral_v1__cd71e9230dae,lateral_movement,T1021.002,5,2,0.971,1.0,0.0284,11974.93,13771.17,0.5519,20,23,1.3768,1.7214,1.2366,0.2615,2.021,0,2,0,0,0,0,0.8497,598.75,115.62,790.52,8665.51,8254.63,0,0.0437,2.0974,0,1
2026-08-27T19:50:18.467563+00:00,evasive_lateral_v1,evasive_lateral_v1__cd71e9230dae,reconnaissance,T1046,5,4,1.6138,0.9232,0.0971,12249.934,18240.33,0.6088,28,40,0.7113,1.3653,1.3426,0.1957,1.9297,0,2,0,0,0,0,0.665,462.214,116.234,655.366,7997.154,7746.592,0,0.0629,2.2804,0,0
2026-08-27T19:50:23.467563+00:00,evasive_lateral_v1,evasive_lateral_v1__cd71e9230dae,reconnaissance,T1046,1,1,-0.0,0.9679,0.0454,2745.02,1372.51,0.6103,4,2,1.5165,1.9373,1.6915,0.3642,2.7841,0,0,0,0,0,0,1.5602,686.25,0.0,686.25,7837.74,8405.18,0,0.0493,0.0,0,0
2026-08-27T19:50:28.467563+00:00,evasive_lateral_v1,evasive_lateral_v1__cd71e9230dae,reconnaissance,T1046,2,1,-0.0,1.0,0.0298,21257.12,35750.61,0.6075,22,37,1.9863,2.5677,1.3126,0.2304,2.0038,0,0,0,0,0,0,0.5912,966.23,292.22,1258.45,9743.61,8568.06,0,0.0,0.7082,0,0
2026-08-27T19:50:33.467563+00:00,evasive_lateral_v1,evasive_lateral_v1__cd71e9230dae,reconnaissance,T1046,3,3,1.317,0.9791,0.0285,8621.454,6273.634,0.5583,17,13,1.1472,1.6573,1.3819,0.2341,2.0843,0,1,0,0,0,0,1.2992,760.63,319.506,1086.182,8146.674,6957.136,0,0.0575,1.4761,0,0
2026-08-27T19:50:38.467563+00:00,evasive_lateral_v1,evasive_lateral_v1__cd71e9230dae,reconnaissance,T1046,3,2,0.9183,1.0,0.0273,15007.12,21885.38,0.5879,24,35,1.2661,1.9822,1.6364,0.2942,2.5191,0,1,0,0,0,0,0.6749,625.3,78.82,689.51,9066.5,7637.81,0,0.04,0.3526,0,1
2026-08-27T19:50:43.467563+00:00,evasive_lateral_v1,evasive_lateral_v1__cd71e9230dae,lateral_movement,T1021.002,0,0,0.0,1.0,0.0,0.0,0.0,0.6384,0,0,1.0498,2.8856,1.258,0.2731,2.0773,0,0,0,0,0,0,1.4089,656.39,0.0,656.39,9447.7,7089.47,0,0.0,0.8222,0,0
2026-08-27T19:50:48.467563+00:00,evasive_lateral_v1,evasive_lateral_v1__cd71e9230dae,lateral_movement,T1021.002,5,2,0.971,1.0,0.0,9234.26,12927.97,0.5351,10,14,1.7552,4.6037,1.4116,0.2778,2.2451,0,2,0,0,0,0,0.6923,923.43,145.06,1187.83,8620.59,7375.33,0,0.0987,1.0141,0,0
2026-08-27T19:50:53.467563+00:00,evasive_lateral_v1,evasive_lateral_v1__cd71e9230dae,lateral_movement,T1021.002,2,2,1.0,1.0,0.0,7787.8,9085.77,0.5843,12,14,2.1325,3.9349,1.6425,0.1259,2.0204,0,0,0,0,0,0,0.81,648.98,237.63,886.61,8848.53,8647.15,0,0.0711,0.8296,0,0
2026-08-27T19:50:58.467563+00:00,evasive_lateral_v1,evasive_lateral_v1__cd71e9230dae,lateral_movement,T1021.002,2,1,-0.0,1.0,0.0,13904.56,16511.67,0.6452,16,19,1.9108,3.8474,1.4053,0.1631,1.8946,0,1,0,0,0,0,0.8065,869.04,164.37,1033.41,9247.7,6304.1,0,0.0761,1.1694,0,0
2026-08-27T19:51:03.467563+00:00,evasive_lateral_v1,evasive_lateral_v1__cd71e9230dae,lateral_movement,T1021.002,1,1,-0.0,1.0,0.0,4549.93,2599.96,0.5834,7,4,2.0094,3.3381,1.4487,0.3136,2.3896,0,0,0,0,0,0,1.588,649.99,0.0,649.99,7400.79,8005.7,0,0.0136,1.3043,0,0
2026-08-27T19:51:08.467563+00:00,evasive_lateral_v1,evasive_lateral_v1__cd71e9230dae,lateral_movement,T1021.002,3,2,0.9183,1.0,0.0117,14827.51,9267.19,0.674,24,15,0.7028,1.8507,1.1684,0.1004,1.4695,0,1,0,0,0,0,1.5047,617.81,324.35,1075.84,7519.75,7673.48,0,0.0363,1.8343,0,0
2026-08-27T19:51:13.467563+00:00,evasive_lateral_v1,evasive_lateral_v1__cd71e9230dae,lateral_movement,T1021.002,9,3,1.3516,1.0,0.0,55349.07,51834.84,0.6056,63,59,1.3755,3.5549,1.2214,0.1751,1.7467,1,4,0,0,0,0,1.0599,878.56,271.93,1429.39,7421.45,9097.69,0,0.1089,1.9401,0,0
2026-08-27T19:51:18.467563+00:00,evasive_lateral_v1,evasive_lateral_v1__cd71e9230dae,lateral_movement,T1021.002,7,3,1.1488,0.9971,0.0378,21719.26,16754.86,0.5309,35,27,1.4015,3.9431,1.2963,0.1094,1.6246,0,3,0,0,0,0,1.2609,620.55,174.84,920.67,7472.98,9108.29,0,0.0696,0.3086,0,0
2026-08-27T19:51:23.467563+00:00,evasive_lateral_v1,evasive_lateral_v1__cd71e9230dae,lateral_movement,T1021.002,4,3,1.5,0.9966,0.0294,8453.43,5811.73,0.6223,16,11,1.6006,4.6276,1.1948,0.1956,1.7816,0,2,0,0,0,0,1.3504,528.34,179.71,814.81,7996.64,9482.65,0,0.1005,0.5918,0,0
2026-08-27T19:51:28.467563+00:00,evasive_lateral_v1,evasive_lateral_v1__cd71e9230dae,lateral_movement,T1021.002,1,1,-0.0,1.0,0.0,3026.5,2161.78,0.599,7,5,0.8815,2.4195,1.4659,0.3066,2.3857,0,0,0,0,0,0,1.2765,432.36,0.0,432.36,8246.12,6942.72,0,0.0723,1.3501,0,0
2026-08-27T19:51:33.467563+00:00,evasive_lateral_v1,evasive_lateral_v1__cd71e9230dae,lateral_movement,T1021.002,2,2,1.0,0.9481,0.0714,11759.73,6467.85,0.6451,20,11,0.9204,2.3957,1.3505,0.1695,1.8591,0,0,0,0,0,0,1.7079,587.99,27.37,615.36,7790.5,6992.57,0,0.0761,1.5573,0,0
2026-08-27T19:51:38.467563+00:00,evasive_lateral_v1,evasive_lateral_v1__cd71e9230dae,lateral_movement,T1021.002,4,3,1.5,1.0,0.0,7174.84,5381.13,0.6095,12,9,1.8776,2.6845,1.4414,0.1706,1.9532,0,2,0,0,0,0,1.2186,597.9,126.07,775.83,9426.84,9975.88,0,0.118,0.8069,0,0
2026-08-27T19:51:43.467563+00:00,evasive_lateral_v1,evasive_lateral_v1__cd71e9230dae,lateral_movement,T1021.002,0,0,0.0,1.0,0.0299,0.0,0.0,0.5679,0,0,0.8114,1.5231,1.9052,0.3227,2.8733,0,0,0,0,0,0,1.7915,566.13,0.0,566.13,6478.06,9302.1,0,0.0206,0.5167,0,0
2026-08-27T19:51:48.467563+00:00,evasive_lateral_v1,evasive_lateral_v1__cd71e9230dae,lateral_movement,T1021.002,4,3,1.5,1.0,0.0,27060.57,22324.97,0.4943,40,33,0.7748,1.6281,1.366,0.3048,2.2804,0,2,0,0,0,0,1.1997,676.51,86.27,782.21,8744.02,7782.74,0,0.0913,0.9507,0,0
2026-08-27T19:51:53.467563+00:00,evasive_lateral_v1,evasive_lateral_v1__cd71e9230dae,lateral_movement,T1021.002,2,2,1.0,1.0,0.0,12508.13,12508.13,0.5382,12,12,1.7293,2.1593,1.8095,0.1759,2.3373,0,0,0,0,0,0,0.9267,1042.34,40.89,1083.23,9036.7,7543.0,0,0.0706,0.1979,0,0
2026-08-27T19:51:58.467563+00:00,evasive_lateral_v1,evasive_lateral_v1__cd71e9230dae,reconnaissance,T1046,9,3,1.5305,0.9443,0.0562,15352.18,8528.99,0.5528,27,15,1.802,5.1497,1.2815,0.1719,1.7971,1,4,0,0,1,0,1.7433,568.6,204.29,948.85,8801.04,7532.23,0,0.1119,0.7904,0,0
2026-08-27T19:52:03.467563+00:00,evasive_lateral_v1,evasive_lateral_v1__cd71e9230dae,reconnaissance,T1046,3,2,0.9183,1.0,0.0,22892.12,18729.91,0.5888,33,27,1.6117,2.3765,1.4631,0.2191,2.1205,0,1,0,0,0,0,1.1928,693.7,230.49,890.96,9370.64,9065.14,0,0.0795,0.3721,0,0
2026-08-27T19:52:08.467563+00:00,evasive_lateral_v1,evasive_lateral_v1__cd71e9230dae,reconnaissance,T1046,4,4,1.717,0.9791,0.018,9440.374,6408.594,0.5627,22,15,0.7677,1.8222,1.849,0.2492,2.5966,0,1,0,0,0,0,1.4976,486.126,86.562,601.846,7802.13,9255.584,0,0.1303,1.5213,0,1
2026-08-27T19:52:13.467563+00:00,evasive_lateral_v1,evasive_lateral_v1__cd71e9230dae,reconnaissance,T1046,6,4,1.5183,0.9791,0.018,24246.11,16690.074,0.5474,36,25,0.891,1.6412,1.3638,0.2617,2.1491,0,3,0,0,0,0,1.4064,733.062,103.682,869.55,8427.314,8448.792,0,0.0934,2.4613,0,0
2026-08-27T19:52:18.467563+00:00,evasive_lateral_v1,evasive_lateral_v1__cd71e9230dae,reconnaissance,T1046,3,2,0.9183,1.0,0.0,8672.32,3854.37,0.5547,9,4,1.3309,2.3038,1.1461,0.0867,1.4062,0,1,0,0,0,0,1.8487,963.59,214.92,1255.66,9683.94,8987.9,0,0.0045,0.885,0,0
2026-08-27T19:52:23.467563+00:00,evasive_lateral_v1,evasive_lateral_v1__cd71e9230dae,reconnaissance,T1046,3,3,1.585,0.9296,0.0902,17180.64,20044.08,0.5973,30,35,0.6835,2.0086,1.0234,0.1815,1.568,0,1,0,0,0,0,0.8527,572.69,50.3,636.11,9111.76,7452.67,0,0.0681,0.5217,0,0
2026-08-27T19:52:28.467563+00:00,evasive_lateral_v1,evasive_lateral_v1__cd71e9230dae,reconnaissance,T1046,3,2,0.9183,1.0,0.0291,11653.86,9323.09,0.6783,15,12,1.4137,4.1888,1.3348,0.2825,2.1823,0,1,0,0,0,0,1.1768,776.92,231.05,964.2,7941.22,8747.56,0,0.0653,0.1867,0,0
2026-08-27T19:52:33.467563+00:00,evasive_lateral_v1,evasive_lateral_v1__cd71e9230dae,reconnaissance,T1046,4,2,0.8113,1.0,0.0102,9838.08,8198.4,0.517,12,10,1.9972,5.319,1.4597,0.2057,2.077,0,2,0,0,0,0,1.1032,819.84,183.15,1006.51,8906.14,9998.12,0,0.0214,2.2047,0,0
2026-08-27T19:52:38.467563+00:00,evasive_lateral_v1,evasive_lateral_v1__cd71e9230dae,lateral_movement,T1021.002,3,2,0.9183,1.0,0.0,11607.56,15476.74,0.6249,15,20,1.8821,3.2434,1.5937,0.2043,2.2066,0,1,0,0,0,0,0.743,773.84,117.97,939.49,8928.55,7508.3,0,0.0405,1.0113,0,0
2026-08-27T19:52:43.467563+00:00,evasive_lateral_v1,evasive_lateral_v1__cd71e9230dae,lateral_movement,T1021.002,3,2,0.9183,0.9816,0.0235,9895.23,9070.63,0.5879,12,11,1.2755,3.3453,1.9321,0.1998,2.5314,0,1,0,0,0,0,1.08,824.6,189.16,1067.24,7815.03,9517.1,0,0.0251,1.1476,0,0
2026-08-27T19:52:48.467563+00:00,evasive_lateral_v1,evasive_lateral_v1__cd71e9230dae,lateral_movement,T1021.002,3,2,0.9183,0.9513,0.0264,20075.28,17101.16,0.6243,27,23,1.1928,1.7579,1.5067,0.1238,1.8781,0,1,0,0,0,0,1.1372,743.53,106.2,893.66,9367.95,8139.89,0,0.1216,1.4099,1,0
2026-08-27T19:52:53.467563+00:00,evasive_lateral_v1,evasive_lateral_v1__cd71e9230dae,lateral_movement,T1021.002,5,3,1.5219,1.0,0.0,27779.19,25309.93,0.7085,45,41,0.9209,2.101,1.9428,0.2865,2.8023,0,2,0,0,0,0,1.0969,617.32,190.19,972.47,8184.65,9536.82,0,0.1205,1.4565,0,0
2026-08-27T19:52:58.467563+00:00,evasive_lateral_v1,evasive_lateral_v1__cd71e9230dae,lateral_movement,T1021.002,4,2,0.8113,0.9778,0.0251,16942.8,11496.9,0.5228,28,19,0.8001,1.9085,1.6733,0.3052,2.5888,0,1,0,0,0,0,1.4319,605.1,51.29,671.36,9055.11,6315.41,0,0.0658,1.2132,0,0
2026-08-27T19:53:03.467563+00:00,evasive_lateral_v1,evasive_lateral_v1__cd71e9230dae,lateral_movement,T1021.002,5,3,1.5219,1.0,0.0,25046.61,23042.88,0.6179,50,46,1.7553,4.5196,1.4653,0.2476,2.2081,0,2,0,0,0,0,1.0867,500.93,111.61,612.15,8740.75,9295.01,0,0.0904,1.6778,0,0
2026-08-27T19:53:08.467563+00:00,evasive_lateral_v1,evasive_lateral_v1__cd71e9230dae,lateral_movement,T1021.002,4,2,0.8113,0.9862,0.0121,25619.92,24018.68,0.5886,32,30,1.82,5.0302,1.322,0.1138,1.6634,0,2,0,0,0,0,1.0342,800.62,247.7,1203.69,7368.76,7699.21,0,0.0087,1.5295,0,0
2026-08-27T19:53:13.467563+00:00,evasive_lateral_v1,evasive_lateral_v1__cd71e9230dae,lateral_movement,T1021.002,5,3,1.5219,1.0,0.0263,14745.76,11206.78,0.5731,25,19,1.6461,3.8174,1.1983,0.2239,1.8699,0,2,0,0,0,0,1.2618,589.83,175.51,861.38,8117.79,9183.77,0,0.0756,0.3819,0,0
2026-08-27T19:53:18.467563+00:00,evasive_lateral_v1,evasive_lateral_v1__cd71e9230dae,lateral_movement,T1021.002,3,3,1.585,0.9813,0.0117,13248.97,8096.59,0.6282,18,11,1.7168,4.3886,1.5698,0.1981,2.1642,0,1,0,0,0,0,1.5386,736.05,54.43,780.12,7707.13,9921.7,0,0.0886,2.4738,0,0
2026-08-27T19:53:23.467563+00:00,evasive_lateral_v1,evasive_lateral_v1__cd71e9230dae,lateral_movement,T1021.002,2,2,1.0,1.0,0.0,6873.65,8592.07,0.5915,12,15,1.2151,1.9915,1.2483,0.2375,1.9609,0,1,0,0,0,0,0.7794,572.8,188.66,761.47,6212.26,9423.44,0,0.0363,0.7773,0,0
2026-08-27T19:53:28.467563+00:00,evasive_lateral_v1,evasive_lateral_v1__cd71e9230dae,reconnaissance,T1046,4,3,1.5,0.9953,0.0093,17507.57,13860.16,0.6454,24,19,0.9493,2.0302,1.3328,0.2862,2.1914,0,1,0,0,0,0,1.2239,729.48,172.57,972.2,7834.68,11029.71,0,0.1043,0.9037,0,0
2026-08-27T19:53:33.467563+00:00,evasive_lateral_v1,evasive_lateral_v1__cd71e9230dae,reconnaissance,T1046,2,1,-0.0,0.9907,0.006,4202.83,5463.68,0.6101,10,13,1.1712,2.7594,1.2749,0.2077,1.898,0,0,0,0,0,0,0.7684,420.28,53.27,473.55,8422.8,9579.84,0,0.0272,1.4858,0,0
2026-08-27T19:53:38.467563+00:00,evasive_lateral_v1,evasive_lateral_v1__cd71e9230dae,reconnaissance,T1046,4,3,1.5,1.0,0.0137,7737.93,7737.93,0.5849,12,12,1.361,4.067,1.3705,0.1532,1.83,0,1,0,0,0,0,0.957,644.83,243.56,886.29,7452.89,6664.11,0,0.1003,1.1023,0,0
2026-08-27T19:53:43.467563+00:00,evasive_lateral_v1,evasive_lateral_v1__cd71e9230dae,reconnaissance,T1046,3,2,0.9183,0.9925,0.0364,19850.69,23986.25,0.5214,24,29,1.93,5.3574,1.4609,0.2443,2.1938,0,1,0,0,0,0,0.818,827.11,169.82,1065.14,8438.62,6995.67,0,0.062,0.8133,0,0
2026-08-27T19:53:48.467563+00:00,evasive_lateral_v1,evasive_lateral_v1__cd71e9230dae,reconnaissance,T1046,4,3,1.5,0.9994,0.0138,15394.74,16677.63,0.5652,24,26,2.0069,5.4611,1.3371,0.1661,1.8354,0,2,0,0,0,0,0.9109,641.45,225.21,994.48,10036.57,6779.11,0,0.0835,0.8433,0,0
2026-08-27T19:53:53.467563+00:00,evasive_lateral_v1,evasive_lateral_v1__cd71e9230dae,reconnaissance,T1046,2,2,1.0,1.0,0.0,5155.94,3609.16,0.6213,10,7,2.0493,3.6095,1.5714,0.2198,2.2309,0,0,0,0,0,0,1.3432,515.59,13.46,529.05,7918.69,7656.38,0,0.0869,0.8934,0,0
2026-08-27T19:53:58.467563+00:00,evasive_lateral_v1,evasive_lateral_v1__cd71e9230dae,reconnaissance,T1046,2,2,1.0,1.0,0.0111,15401.37,15401.37,0.6095,18,18,0.7303,1.3117,1.305,0.2303,1.9959,0,0,0,0,0,0,0.9713,855.63,39.69,895.32,8887.28,7057.5,0,0.0886,1.3545,0,0
2026-08-27T19:54:03.467563+00:00,evasive_lateral_v1,evasive_lateral_v1__cd71e9230dae,reconnaissance,T1046,4,2,1.0,0.9969,0.0,4071.15,3562.25,0.5649,8,7,1.0276,2.6581,1.3596,0.1317,1.7548,0,2,0,0,0,0,1.0022,508.89,105.43,645.36,7551.37,7910.54,0,0.0721,1.6446,0,0
2026-08-27T19:54:08.467563+00:00,evasive_lateral_v1,evasive_lateral_v1__cd71e9230dae,lateral_movement,T1021.002,1,1,0.517,0.9791,0.0275,4508.55,3531.698,0.5755,12,9,1.1185,1.9788,1.791,0.3285,2.7765,0,1,0,0,0,0,0.7652,481.454,20.898,508.406,8201.442,8570.408,0,0.0091,0.9155,0,0
2026-08-27T19:54:13.467563+00:00,evasive_lateral_v1,evasive_lateral_v1__cd71e9230dae,lateral_movement,T1021.002,1,1,-0.0,1.0,0.0,2174.78,2174.78,0.6744,4,4,0.9915,1.6957,1.024,0.1071,1.3453,0,0,0,0,0,0,0.9809,543.7,0.0,543.7,8178.42,8273.28,0,0.0216,1.3438,0,0
2026-08-27T19:54:18.467563+00:00,evasive_lateral_v1,evasive_lateral_v1__cd71e9230dae,lateral_movement,T1021.002,4,2,0.8113,1.0,0.0054,12829.72,10905.26,0.5771,20,17,0.9804,2.6401,1.2249,0.1059,1.5428,0,1,0,0,0,0,1.1354,641.49,176.94,873.77,7263.97,10723.66,0,0.0376,1.102,0,0
2026-08-27T19:54:23.467563+00:00,evasive_lateral_v1,evasive_lateral_v1__cd71e9230dae,lateral_movement,T1021.002,2,2,1.0,1.0,0.0002,9889.96,9183.53,0.5418,14,13,2.3568,4.7414,1.8742,0.3153,2.8201,0,0,0,0,0,0,1.0059,706.43,9.51,715.94,7172.89,9465.38,0,0.0,1.6778,0,0
2026-08-27T19:54:28.467563+00:00,evasive_lateral_v1,evasive_lateral_v1__cd71e9230dae,lateral_movement,T1021.002,4,3,1.5,1.0,0.0,7935.52,6612.93,0.5754,12,10,1.1819,3.3249,1.2773,0.2002,1.8779,0,1,0,0,0,0,1.1798,661.29,129.08,822.15,10061.7,8729.82,0,0.0636,0.6068,1,0
2026-08-27T19:54:33.467563+00:00,evasive_lateral_v1,evasive_lateral_v1__cd71e9230dae,lateral_movement,T1021.002,2,2,1.0,0.9662,0.027,5664.86,4855.59,0.5938,14,12,0.9267,2.148,1.78,0.1613,2.2639,0,0,0,0,0,0,1.1162,404.63,105.6,510.24,8466.12,6546.18,0,0.0733,0.6967,0,0
2026-08-27T19:54:38.467563+00:00,evasive_lateral_v1,evasive_lateral_v1__cd71e9230dae,lateral_movement,T1021.002,2,1,-0.0,0.9655,0.049,2965.76,2224.32,0.637,4,3,1.9563,3.4489,1.0577,0.1657,1.5546,0,1,0,0,0,0,1.3011,741.44,103.21,844.65,7624.96,9610.98,0,0.01,0.6226,0,0
2026-08-27T19:54:43.467563+00:00,evasive_lateral_v1,evasive_lateral_v1__cd71e9230dae,lateral_movement,T1021.002,2,1,-0.0,0.9594,0.0532,21306.77,18110.76,0.685,20,17,0.9146,2.47,1.4281,0.2238,2.0996,0,1,0,0,0,0,1.1358,1065.34,548.45,1613.79,9460.98,7642.89,0,0.0858,1.638,0,0
2026-08-27T19:54:48.467563+00:00,evasive_lateral_v1,evasive_lateral_v1__cd71e9230dae,lateral_movement,T1021.002,1,1,-0.0,0.975,0.008,2451.47,1634.32,0.5184,3,2,1.7485,2.2879,1.3763,0.1144,1.7195,0,0,0,0,0,0,1.4733,817.16,0.0,817.16,7464.96,9040.54,0,0.0635,0.8482,0,0
2026-08-27T19:54:53.467563+00:00,evasive_lateral_v1,evasive_lateral_v1__cd71e9230dae,lateral_movement,T1021.002,4,2,0.8113,0.993,0.0154,16549.14,10343.21,0.6158,24,15,2.198,4.7101,1.8262,0.2879,2.6899,0,1,0,0,0,0,1.5879,689.55,218.18,946.53,7585.79,9708.41,0,0.0905,1.1361,0,0
2026-08-27T19:54:58.467563+00:00,evasive_lateral_v1,evasive_lateral_v1__cd71e9230dae,lateral_movement,T1021.002,2,2,1.0,1.0,0.0037,12726.7,11569.73,0.6048,22,20,2.0012,4.5438,1.4546,0.1666,1.9544,0,1,0,0,0,0,1.0937,578.49,119.2,697.68,10334.4,8432.49,0,0.0,2.2323,1,0
2026-08-27T19:55:03.467563+00:00,evasive_lateral_v1,evasive_lateral_v1__cd71e9230dae,lateral_movement,T1021.002,2,2,1.0,0.9791,0.0513,4491.42,4491.42,0.5583,8,8,1.7193,3.9797,1.2301,0.1324,1.6274,0,1,0,0,0,0,0.9155,561.43,317.36,878.79,7073.34,7539.06,0,0.0566,0.0651,0,0
2026-08-27T19:55:08.467563+00:00,evasive_lateral_v1,evasive_lateral_v1__cd71e9230dae,lateral_movement,T1021.002,5,2,0.7219,1.0,0.0309,26514.72,17676.48,0.5778,30,20,1.6383,2.1242,1.3273,0.2684,2.1324,0,2,0,0,0,0,1.4635,883.82,231.29,1206.14,8396.15,9105.05,0,0.0158,1.0613,0,1
2026-08-27T19:55:13.467563+00:00,evasive_lateral_v1,evasive_lateral_v1__cd71e9230dae,lateral_movement,T1021.002,2,1,-0.0,1.0,0.0,6525.11,3915.07,0.6014,10,6,2.071,3.2849,1.4991,0.1346,1.9028,0,1,0,0,0,0,1.4659,652.51,179.32,831.83,7756.24,8748.75,0,0.0,0.9591,0,0
2026-08-27T19:55:18.467563+00:00,evasive_lateral_v1,evasive_lateral_v1__cd71e9230dae,lateral_movement,T1021.002,1,1,-0.0,1.0,0.0071,6522.38,4891.78,0.5927,8,6,1.5858,2.701,1.3381,0.272,2.154,0,0,0,0,0,0,1.1837,815.3,0.0,815.3,8057.07,8618.63,0,0.0678,0.9756,0,0
2026-08-27T19:55:23.467563+00:00,evasive_lateral_v1,evasive_lateral_v1__cd71e9230dae,lateral_movement,T1021.002,2,2,1.0,1.0,0.0044,3532.7,3532.7,0.6187,6,6,1.2299,3.0988,1.5816,0.2129,2.2204,0,0,0,0,0,0,0.8846,588.78,158.77,747.55,7475.84,7510.19,0,0.0668,1.2753,0,0
2026-08-27T19:55:28.467563+00:00,evasive_lateral_v1,evasive_lateral_v1__cd71e9230dae,lateral_movement,T1021.002,9,3,1.5305,1.0,0.0,48355.77,47012.55,0.4995,72,70,1.6129,4.1227,1.5798,0.1754,2.1059,1,4,0,0,1,0,1.025,671.61,351.34,1383.0,7185.5,8242.2,0,0.0611,1.4824,0,0
2026-08-27T19:55:33.467563+00:00,evasive_lateral_v1,evasive_lateral_v1__cd71e9230dae,lateral_movement,T1021.002,6,3,1.4591,1.0,0.0251,12876.17,10014.8,0.5786,18,14,1.0077,2.9947,1.2984,0.1104,1.6295,0,3,0,0,0,0,1.272,715.34,288.14,1242.87,7419.77,7906.57,0,0.0633,1.2381,0,0
2026-08-27T19:55:38.467563+00:00,evasive_lateral_v1,evasive_lateral_v1__cd71e9230dae,lateral_movement,T1021.002,3,3,1.317,0.9701,0.0211,10477.67,7179.49,0.6046,26,18,1.216,2.1597,1.6165,0.2385,2.332,0,1,0,0,0,0,1.488,406.758,82.898,495.71,8001.194,7861.448,0,0.0542,1.6819,0,0
2026-08-27T19:55:43.467563+00:00,evasive_lateral_v1,evasive_lateral_v1__cd71e9230dae,lateral_movement,T1021.002,4,2,0.8113,1.0,0.0,20177.04,23539.89,0.6469,24,28,1.5288,3.2949,1.3293,0.1125,1.6666,0,2,0,0,0,0,0.8536,840.71,319.5,1162.68,9090.58,8877.36,0,0.0613,1.1524,0,0
2026-08-27T19:55:48.467563+00:00,evasive_lateral_v1,evasive_lateral_v1__cd71e9230dae,lateral_movement,T1021.002,2,2,1.0,1.0,0.0,5669.95,5669.95,0.616,12,12,0.8192,1.055,1.6327,0.2662,2.4314,0,0,0,0,0,0,0.9372,472.5,52.26,524.75,7393.23,7640.37,0,0.0716,1.55,0,0
2026-08-27T19:55:53.467563+00:00,evasive_lateral_v1,evasive_lateral_v1__cd71e9230dae,lateral_movement,T1021.002,7,2,0.8631,0.9707,0.0322,31625.49,20007.96,0.5601,49,31,2.0169,2.9646,1.8353,0.1931,2.4147,1,3,0,0,0,0,1.5676,645.42,218.23,1080.37,6543.04,7547.51,0,0.0618,0.6702,0,0
2026-08-27T19:55:58.467563+00:00,evasive_lateral_v1,evasive_lateral_v1__cd71e9230dae,lateral_movement,T1021.002,2,1,-0.0,1.0,0.015,8271.2,9098.32,0.667,10,11,1.5693,3.6336,1.3457,0.1087,1.6718,0,0,0,0,0,0,0.8343,827.12,108.68,935.8,9052.57,10649.12,0,0.1196,0.7914,0,0
2026-08-27T19:56:03.467563+00:00,evasive_lateral_v1,evasive_lateral_v1__cd71e9230dae,lateral_movement,T1021.002,4,3,1.5,1.0,0.0303,28468.53,19769.81,0.5793,36,25,0.8419,1.5872,1.3189,0.2443,2.0517,0,1,0,0,0,0,1.4059,790.79,197.56,1094.36,7994.26,7530.16,0,0.0932,1.1253,0,1
2026-08-27T19:56:08.467563+00:00,evasive_lateral_v1,evasive_lateral_v1__cd71e9230dae,lateral_movement,T1021.002,3,1,-0.0,1.0,0.0306,19520.68,13013.79,0.591,30,20,1.0725,1.688,1.3383,0.1707,1.8505,0,1,0,0,0,0,1.4563,650.69,118.91,818.5,7716.29,7923.36,0,0.0,0.6211,0,0
2026-08-27T19:56:13.467563+00:00,evasive_lateral_v1,evasive_lateral_v1__cd71e9230dae,reconnaissance,T1046,5,3,1.5219,0.9817,0.0129,16492.03,15832.35,0.4233,25,24,0.9229,2.5722,1.4938,0.2393,2.2115,0,2,0,0,0,0,1.0034,659.68,124.33,859.82,9050.77,8727.23,0,0.0742,0.0833,0,0
2026-08-27T19:56:18.467563+00:00,evasive_lateral_v1,evasive_lateral_v1__cd71e9230dae,reconnaissance,T1046,1,1,-0.0,0.9943,0.0099,2486.3,1864.72,0.6074,4,3,2.4044,5.0493,1.4774,0.258,2.2513,0,0,0,0,0,0,1.0052,621.57,0.0,621.57,8488.83,9494.08,0,0.026,0.9768,0,0
2026-08-27T19:56:23.467563+00:00,evasive_lateral_v1,evasive_lateral_v1__cd71e9230dae,reconnaissance,T1046,3,2,0.9183,1.0,0.0157,8168.31,4900.99,0.6597,15,9,0.7963,1.804,1.2897,0.2459,2.0274,0,1,0,0,0,0,1.5163,544.55,76.72,637.63,9674.79,8697.48,0,0.0787,0.7434,0,0
2026-08-27T19:56:28.467563+00:00,evasive_lateral_v1,evasive_lateral_v1__cd71e9230dae,reconnaissance,T1046,1,1,-0.0,1.0,0.0,1949.45,1299.64,0.5797,6,4,1.7526,2.2275,1.4039,0.2719,2.2196,0,0,0,0,0,0,1.2877,324.91,0.0,324.91,8192.63,7292.95,0,0.0557,1.2356,0,0
2026-08-27T19:56:33.467563+00:00,evasive_lateral_v1,evasive_lateral_v1__cd71e9230dae,reconnaissance,T1046,3,2,0.517,0.9791,0.018,25688.534,22946.682,0.5971,31,27,0.7708,0.9779,1.2569,0.2247,1.931,0,1,0,0,0,0,1.1161,957.638,104.842,1068.534,7675.914,8173.096,0,0.0338,1.151,0,0
2026-08-27T19:56:38.467563+00:00,evasive_lateral_v1,evasive_lateral_v1__cd71e9230dae,lateral_movement,T1021.002,2,2,1.0,0.9843,0.0025,12961.9,16950.18,0.6199,26,34,2.3729,5.9203,1.6668,0.2407,2.3888,0,1,0,0,0,0,0.7462,498.53,39.63,538.17,7532.01,9839.68,0,0.0586,0.3959,0,0
2026-08-27T19:56:43.467563+00:00,evasive_lateral_v1,evasive_lateral_v1__cd71e9230dae,lateral_movement,T1021.002,8,3,1.5613,0.9846,0.0035,28647.62,28050.8,0.5334,48,47,1.9875,3.9949,1.4688,0.1387,1.8848,1,4,0,0,0,0,1.0136,596.83,143.53,925.78,8921.7,7797.05,0,0.0595,0.7977,1,0
2026-08-27T19:56:48.467563+00:00,evasive_lateral_v1,evasive_lateral_v1__cd71e9230dae,lateral_movement,T1021.002,3,2,0.9183,1.0,0.0344,12705.72,8470.48,0.7149,15,10,1.5588,3.4431,1.2498,0.1771,1.7811,0,1,0,0,0,0,1.439,847.05,298.1,1260.15,7219.27,6880.99,0,0.0003,0.8195,0,0
2026-08-27T19:56:53.467563+00:00,evasive_lateral_v1,evasive_lateral_v1__cd71e9230dae,lateral_movement,T1021.002,2,2,1.0,1.0,0.0424,5912.52,4138.77,0.5952,10,7,1.5257,4.5076,1.4774,0.1994,2.0756,0,1,0,0,0,0,1.3597,591.25,143.17,734.43,8032.88,8904.95,0,0.0375,0.5497,0,0
2026-08-27T19:56:58.467563+00:00,evasive_lateral_v1,evasive_lateral_v1__cd71e9230dae,lateral_movement,T1021.002,2,2,1.0,0.9933,0.0,4951.8,5570.77,0.6123,8,9,1.3205,2.1344,1.6564,0.2559,2.4241,0,0,0,0,0,0,0.8561,618.97,180.06,799.03,7319.95,7170.02,0,0.1291,1.1367,0,0
2026-08-27T19:57:03.467563+00:00,evasive_lateral_v1,evasive_lateral_v1__cd71e9230dae,lateral_movement,T1021.002,5,2,0.971,0.9913,0.0,36110.09,51998.53,0.6521,50,72,1.476,2.8436,1.2396,0.2444,1.9727,0,2,0,0,0,0,0.6936,722.2,281.76,1126.88,10602.09,10010.78,0,0.0798,0.4619,0,0
2026-08-27T19:57:08.467563+00:00,evasive_lateral_v1,evasive_lateral_v1__cd71e9230dae,lateral_movement,T1021.002,1,1,-0.0,1.0,0.0032,2977.3,2977.3,0.5399,3,3,1.039,1.6087,1.732,0.3074,2.6541,0,0,0,0,0,0,0.7763,992.43,0.0,992.43,6683.98,8130.93,0,0.0429,2.0471,0,0
2026-08-27T19:57:13.467563+00:00,evasive_lateral_v1,evasive_lateral_v1__cd71e9230dae,lateral_movement,T1021.002,7,3,1.4488,1.0,0.0367,17999.43,14570.97,0.5584,21,17,1.5829,3.2018,1.2543,0.2135,1.8949,0,3,0,0,0,0,1.2083,857.12,283.84,1361.46,7311.58,7855.45,0,0.0758,0.6374,0,0
2026-08-27T19:57:18.467563+00:00,evasive_lateral_v1,evasive_lateral_v1__cd71e9230dae,lateral_movement,T1021.002,2,1,-0.0,0.9913,0.0219,6942.93,5455.16,0.5506,14,11,1.6357,2.7256,1.5894,0.3236,2.5601,0,1,0,0,0,0,1.2584,495.92,144.08,640.0,6503.75,8070.2,0,0.0601,1.6447,0,0
2026-08-27T19:57:23.467563+00:00,evasive_lateral_v1,evasive_lateral_v1__cd71e9230dae,lateral_movement,T1021.002,4,3,1.5,1.0,0.0,14193.71,9758.17,0.5942,16,11,1.7257,2.2442,1.2074,0.143,1.6365,0,1,0,0,0,0,1.342,887.11,194.67,1042.09,5983.37,8387.52,0,0.0676,1.5983,0,0
2026-08-27T19:57:28.467563+00:00,evasive_lateral_v1,evasive_lateral_v1__cd71e9230dae,reconnaissance,T1046,4,2,0.8113,0.9797,0.0463,13256.85,10771.19,0.5482,16,13,1.0628,2.7621,1.6719,0.1416,2.0967,0,2,0,0,0,0,1.1824,828.55,105.75,977.39,8570.55,7948.96,0,0.0425,0.7969,0,0
2026-08-27T19:57:33.467563+00:00,evasive_lateral_v1,evasive_lateral_v1__cd71e9230dae,reconnaissance,T1046,4,3,1.5,0.99,0.0,15351.28,21382.14,0.6339,28,39,2.2019,2.715,1.5135,0.2876,2.3762,0,2,0,0,0,0,0.7025,548.26,157.6,719.14,6965.43,7703.31,0,0.0638,0.7782,0,0
2026-08-27T19:57:38.467563+00:00,evasive_lateral_v1,evasive_lateral_v1__cd71e9230dae,reconnaissance,T1046,3,2,0.9183,1.0,0.0073,9582.65,5110.75,0.6395,15,8,1.4472,3.7827,1.5306,0.1373,1.9424,0,1,0,0,0,0,1.6867,638.84,134.16,742.07,8617.25,8658.07,0,0.0484,0.9761,1,0
2026-08-27T19:57:43.467563+00:00,evasive_lateral_v1,evasive_lateral_v1__cd71e9230dae,reconnaissance,T1046,7,4,1.62,0.9791,0.018,37163.262,32187.874,0.5365,51,44,1.4489,2.8705,1.3434,0.2252,2.019,1,3,0,0,0,0,1.1439,741.566,164.458,985.926,8537.906,7406.792,0,0.0637,1.0669,0,0
2026-08-27T19:57:48.467563+00:00,evasive_lateral_v1,evasive_lateral_v1__cd71e9230dae,reconnaissance,T1046,6,3,1.4591,1.0,0.0,25065.01,21931.89,0.6289,24,21,1.5884,2.9457,1.3384,0.2557,2.1056,0,3,0,0,0,0,1.1254,1044.38,428.79,1981.56,7988.66,8384.42,0,0.0968,0.6276,1,0
2026-08-27T19:57:53.467563+00:00,evasive_lateral_v1,evasive_lateral_v1__cd71e9230dae,lateral_movement,T1021.002,2,2,0.517,0.9791,0.018,11516.094,8982.01,0.5987,19,15,1.0,1.9025,1.4658,0.1623,1.9525,0,1,0,0,0,0,1.2479,853.758,20.898,880.71,7816.978,8116.184,0,0.0046,1.3793,0,0
2026-08-27T19:57:58.467563+00:00,evasive_lateral_v1,evasive_lateral_v1__cd71e9230dae,lateral_movement,T1021.002,2,2,1.0,1.0,0.0056,11210.6,8808.33,0.6254,14,11,0.8541,2.2545,1.2438,0.2455,1.9802,0,0,0,0,0,0,1.1886,800.76,131.62,932.38,8666.07,8761.3,0,0.1097,0.9145,0,0
2026-08-27T19:58:03.467563+00:00,evasive_lateral_v1,evasive_lateral_v1__cd71e9230dae,lateral_movement,T1021.002,3,2,0.9183,1.0,0.0302,13632.81,10098.38,0.5866,27,20,2.2769,3.7834,1.4079,0.1439,1.8397,0,1,0,0,0,0,1.3264,504.92,53.53,580.52,6682.25,6532.46,0,0.0632,2.0711,0,0
2026-08-27T19:58:08.467563+00:00,evasive_lateral_v1,evasive_lateral_v1__cd71e9230dae,lateral_movement,T1021.002,4,2,0.8113,1.0,0.0058,16645.39,16645.39,0.5906,32,32,1.3725,3.2596,1.3349,0.236,2.0429,0,1,0,0,0,0,0.9818,520.17,157.09,788.82,7557.27,9517.75,0,0.0802,1.0731,0,0
2026-08-27T19:58:13.467563+00:00,evasive_lateral_v1,evasive_lateral_v1__cd71e9230dae,lateral_movement,T1021.002,4,1,-0.0,1.0,0.0,11404.9,7840.87,0.5588,16,11,0.977,2.513,1.4184,0.2341,2.1206,0,1,0,0,0,0,1.3796,712.81,187.98,992.8,7580.74,8479.17,0,0.0188,1.4895,0,0
2026-08-27T19:58:18.467563+00:00,evasive_lateral_v1,evasive_lateral_v1__cd71e9230dae,lateral_movement,T1021.002,3,2,0.9183,0.9646,0.0376,11188.39,14917.85,0.619,15,20,0.9958,2.5674,1.2362,0.1832,1.7857,0,1,0,0,0,0,0.7412,745.89,248.91,1001.74,8274.25,8251.5,0,0.089,0.9817,0,0
2026-08-27T19:58:23.467563+00:00,evasive_lateral_v1,evasive_lateral_v1__cd71e9230dae,lateral_movement,T1021.002,2,2,1.0,1.0,0.0118,16174.52,13233.69,0.5546,22,18,1.3195,1.8485,1.3438,0.2982,2.2383,0,1,0,0,0,0,1.1879,735.21,210.43,945.64,9325.1,7100.98,0,0.0418,1.062,0,0
2026-08-27T19:58:28.467563+00:00,evasive_lateral_v1,evasive_lateral_v1__cd71e9230dae,lateral_movement,T1021.002,3,3,1.317,0.9791,0.0353,18882.702,15694.442,0.5649,33,27,1.0365,2.5228,1.3076,0.2435,2.038,0,1,0,0,0,0,1.1948,627.99,127.53,761.582,8580.898,7991.928,0,0.0762,1.729,0,0
2026-08-27T19:58:33.467563+00:00,evasive_lateral_v1,evasive_lateral_v1__cd71e9230dae,lateral_movement,T1021.002,2,2,1.0,0.9922,0.0,9887.78,6356.43,0.535,14,9,1.2223,2.4117,1.5462,0.2367,2.2563,0,1,0,0,0,0,1.5071,706.27,154.02,860.29,7005.19,7916.32,0,0.0573,0.9691,0,1
2026-08-27T19:58:38.467563+00:00,evasive_lateral_v1,evasive_lateral_v1__cd71e9230dae,lateral_movement,T1021.002,1,1,-0.0,1.0,0.0079,3307.6,5953.68,0.6107,5,9,1.3947,3.7232,1.3411,0.1818,1.8866,0,0,0,0,0,0,0.5222,661.52,0.0,661.52,10060.4,8856.55,0,0.0587,1.2821,0,0
2026-08-27T19:58:43.467563+00:00,evasive_lateral_v1,evasive_lateral_v1__cd71e9230dae,lateral_movement,T1021.002,3,2,0.9183,0.9843,0.0,4506.21,3004.14,0.6268,6,4,0.9737,2.7539,1.8069,0.3556,2.8736,0,1,0,0,0,0,1.4479,751.03,150.24,872.07,9750.95,8147.72,0,0.0218,1.1116,0,0
2026-08-27T19:58:48.467563+00:00,evasive_lateral_v1,evasive_lateral_v1__cd71e9230dae,lateral_movement,T1021.002,6,3,1.4591,0.9569,0.0244,40474.76,34478.5,0.5793,54,46,1.1011,1.7499,1.61,0.1454,2.0462,0,2,0,0,0,0,1.1645,749.53,144.24,962.17,10805.09,8345.7,0,0.0918,0.96,0,0
2026-08-27T19:58:53.467563+00:00,evasive_lateral_v1,evasive_lateral_v1__cd71e9230dae,lateral_movement,T1021.002,2,2,1.0,0.9622,0.0477,9311.84,8646.71,0.5136,14,13,0.9648,1.5671,1.4419,0.2909,2.3147,0,0,0,0,0,0,1.0251,665.13,35.8,700.93,7219.28,7002.07,0,0.122,0.5896,0,0
2026-08-27T19:58:58.467563+00:00,evasive_lateral_v1,evasive_lateral_v1__cd71e9230dae,lateral_movement,T1021.002,2,2,1.0,0.9977,0.0,14861.93,12384.94,0.6056,18,15,1.4699,2.9581,1.1437,0.1167,1.4938,0,0,0,0,0,0,1.1564,825.66,177.39,1003.06,9819.12,6031.17,0,0.062,1.6217,0,0
2026-08-27T19:59:03.467563+00:00,evasive_lateral_v1,evasive_lateral_v1__cd71e9230dae,lateral_movement,T1021.002,6,2,0.65,0.9771,0.0113,31609.56,24083.47,0.591,42,32,1.3237,1.792,1.4551,0.1204,1.8163,0,2,0,0,0,0,1.3063,752.61,173.8,902.01,7522.77,7511.06,0,0.0571,0.973,0,0
2026-08-27T19:59:08.467563+00:00,evasive_lateral_v1,evasive_lateral_v1__cd71e9230dae,lateral_movement,T1021.002,2,2,0.517,0.9765,0.0192,14872.63,9289.522,0.6515,19,13,1.3371,3.5254,1.4329,0.2947,2.3171,0,1,0,0,0,0,1.5061,1226.71,20.898,1253.662,7536.53,8391.464,0,0.0,2.8401,0,0
2026-08-27T19:59:13.467563+00:00,evasive_lateral_v1,evasive_lateral_v1__cd71e9230dae,reconnaissance,T1046,4,2,1.0,0.9887,0.0373,15011.86,18764.83,0.6631,20,25,1.3838,2.149,1.431,0.2825,2.2785,0,2,0,0,0,0,0.7934,750.59,205.46,1014.89,8564.43,9769.04,0,0.0203,0.4749,0,0
2026-08-27T19:59:18.467563+00:00,evasive_lateral_v1,evasive_lateral_v1__cd71e9230dae,reconnaissance,T1046,1,1,-0.0,0.9711,0.0401,3861.1,2316.66,0.6101,5,3,2.2274,3.2425,1.6178,0.2553,2.3839,0,0,0,0,0,0,1.5201,772.22,0.0,772.22,7965.68,8725.05,0,0.0509,0.8644,0,0
2026-08-27T19:59:23.467563+00:00,evasive_lateral_v1,evasive_lateral_v1__cd71e9230dae,reconnaissance,T1046,7,3,1.4488,1.0,0.0007,27446.15,20388.57,0.5274,35,26,1.1663,2.9946,1.4226,0.2178,2.0759,1,3,0,0,0,0,1.345,784.18,251.41,1247.12,8813.96,7453.58,0,0.0907,0.6968,0,0
2026-08-27T19:59:28.467563+00:00,evasive_lateral_v1,evasive_lateral_v1__cd71e9230dae,reconnaissance,T1046,2,1,-0.0,0.9441,0.0359,16997.46,21573.69,0.6405,26,33,1.4984,4.4837,1.2166,0.2497,1.9656,0,0,0,0,0,0,0.7655,653.75,107.78,761.53,8552.22,7180.38,0,0.0264,1.4123,0,0
2026-08-27T19:59:33.467563+00:00,evasive_lateral_v1,evasive_lateral_v1__cd71e9230dae,reconnaissance,T1046,2,1,-0.0,0.9893,0.0073,3389.59,3389.59,0.4868,6,6,1.3904,3.6528,1.2664,0.2086,1.8923,0,0,0,0,0,0,0.9454,564.93,169.04,733.97,6785.82,8679.36,0,0.0455,0.7664,0,0
2026-08-27T19:59:38.467563+00:00,evasive_lateral_v1,evasive_lateral_v1__cd71e9230dae,reconnaissance,T1046,3,2,0.9183,0.9983,0.008,25478.09,25478.09,0.5157,30,30,1.5773,2.7358,1.6542,0.226,2.3321,0,1,0,0,0,0,0.9923,849.27,443.34,1462.06,9386.14,6665.58,0,0.0,1.4134,0,1
2026-08-27T19:59:43.467563+00:00,evasive_lateral_v1,evasive_lateral_v1__cd71e9230dae,reconnaissance,T1046,5,2,0.971,1.0,0.0219,38300.61,29108.47,0.6168,50,38,1.4278,2.9626,1.634,0.2171,2.2853,0,2,0,0,0,0,1.3071,766.01,156.78,953.72,7690.42,6671.37,0,0.0551,1.3408,0,0
2026-08-27T19:59:48.467563+00:00,evasive_lateral_v1,evasive_lateral_v1__cd71e9230dae,lateral_movement,T1021.002,2,2,1.0,1.0,0.005,13388.97,8368.11,0.6007,16,10,1.9669,5.3314,1.299,0.1687,1.8051,0,1,0,0,0,0,1.5651,836.81,185.02,1021.83,8801.87,7906.35,0,0.0307,0.8572,0,0
2026-08-27T19:59:53.467563+00:00,evasive_lateral_v1,evasive_lateral_v1__cd71e9230dae,lateral_movement,T1021.002,2,1,-0.0,1.0,0.0,9040.06,8136.06,0.5539,10,9,1.7435,3.6254,1.3455,0.1525,1.8029,0,1,0,0,0,0,1.0817,904.01,133.13,1037.14,8577.83,10061.35,0,0.041,0.7631,0,0
2026-08-27T19:59:58.467563+00:00,evasive_lateral_v1,evasive_lateral_v1__cd71e9230dae,lateral_movement,T1021.002,3,2,0.9183,1.0,0.0191,14167.87,10232.35,0.584,18,13,1.6723,4.6751,1.3313,0.2764,2.1606,0,1,0,0,0,0,1.2858,787.1,112.86,887.49,7317.28,7064.0,0,0.1078,0.6257,0,0
2026-08-27T20:00:03.467563+00:00,evasive_lateral_v1,evasive_lateral_v1__cd71e9230dae,lateral_movement,T1021.002,5,2,0.7219,0.9671,0.0322,20861.3,16689.04,0.6558,35,28,1.5751,2.4537,1.4894,0.1308,1.8818,0,2,0,0,0,0,1.2332,596.04,53.92,639.32,8119.95,7588.95,0,0.1166,1.0169,0,0
2026-08-27T20:00:08.467563+00:00,evasive_lateral_v1,evasive_lateral_v1__cd71e9230dae,lateral_movement,T1021.002,5,2,0.7219,1.0,0.0,28660.39,21290.58,0.6253,35,26,0.925,2.5458,1.0928,0.2369,1.8036,0,2,0,0,0,0,1.3098,818.87,141.01,1068.01,5130.55,7654.25,0,0.0827,1.3837,0,1
2026-08-27T20:00:13.467563+00:00,evasive_lateral_v1,evasive_lateral_v1__cd71e9230dae,lateral_movement,T1021.002,0,0,0.0,1.0,0.0,0.0,0.0,0.6381,0,0,1.1717,1.5494,1.2269,0.1787,1.763,0,0,0,0,0,0,1.2503,797.0,0.0,797.0,9117.63,8168.24,0,0.0,1.583,0,0
2026-08-27T20:00:18.467563+00:00,evasive_lateral_v1,evasive_lateral_v1__cd71e9230dae,lateral_movement,T1021.002,5,3,1.371,1.0,0.0128,16079.82,12059.86,0.6697,20,15,2.2125,5.2277,1.5024,0.1424,1.9297,0,2,0,0,0,0,1.2765,803.99,334.88,1446.92,7145.82,6774.03,0,0.0847,0.7539,0,0
2026-08-27T20:00:23.467563+00:00,evasive_lateral_v1,evasive_lateral_v1__cd71e9230dae,lateral_movement,T1021.002,3,2,0.9183,1.0,0.0,11947.28,9458.27,0.5987,24,19,0.8113,1.5849,1.5464,0.1467,1.9867,0,1,0,0,0,0,1.246,497.8,101.32,627.77,6831.42,7217.78,0,0.0268,1.187,0,0
2026-08-27T20:00:28.467563+00:00,evasive_lateral_v1,evasive_lateral_v1__cd71e9230dae,lateral_movement,T1021.002,1,1,-0.0,1.0,0.0,2437.43,1624.96,0.5561,6,4,2.2218,4.8838,1.5498,0.134,1.9519,0,0,0,0,0,0,1.3536,406.24,0.0,406.24,7615.29,7182.76,0,0.0358,1.7567,0,0
2026-08-27T20:00:33.467563+00:00,evasive_lateral_v1,evasive_lateral_v1__cd71e9230dae,lateral_movement,T1021.002,2,1,-0.0,1.0,0.0,11291.05,7527.37,0.5932,18,12,1.4939,3.7792,1.3148,0.252,2.0708,0,0,0,0,0,0,1.4308,627.28,192.73,820.01,7809.36,7558.43,0,0.0435,1.165,0,0
2026-08-27T20:00:38.467563+00:00,evasive_lateral_v1,evasive_lateral_v1__cd71e9230dae,lateral_movement,T1021.002,3,2,0.9183,0.9835,0.0,5111.87,4259.89,0.6154,6,5,1.921,3.2455,1.4979,0.1891,2.0652,0,1,0,0,0,0,1.0877,851.98,301.62,1275.55,6361.36,7978.21,0,0.043,1.2923,1,0
2026-08-27T20:00:43.467563+00:00,evasive_lateral_v1,evasive_lateral_v1__cd71e9230dae,lateral_movement,T1021.002,1,1,-0.0,0.9659,0.0438,4686.48,2343.24,0.5853,8,4,1.9271,3.8471,1.4001,0.133,1.7992,0,0,0,0,0,0,1.6016,585.81,0.0,585.81,8642.04,8620.64,0,0.0313,1.4358,0,0
2026-08-27T20:00:48.467563+00:00,evasive_lateral_v1,evasive_lateral_v1__cd71e9230dae,lateral_movement,T1021.002,3,2,0.9183,1.0,0.0,11801.36,13276.53,0.602,24,27,1.2917,1.7101,1.6312,0.3132,2.5708,0,1,0,0,0,0,0.8837,491.72,71.99,588.83,7192.05,6909.57,0,0.0261,1.0246,0,0
2026-08-27T20:00:53.467563+00:00,evasive_lateral_v1,evasive_lateral_v1__cd71e9230dae,lateral_movement,T1021.002,6,2,1.0,0.9765,0.037,26425.28,25691.25,0.6183,36,35,1.1031,2.1955,1.5697,0.1384,1.985,0,3,0,0,0,0,1.0104,734.04,162.17,989.72,7776.97,9019.07,0,0.0566,0.6532,0,0
2026-08-27T20:00:58.467563+00:00,evasive_lateral_v1,evasive_lateral_v1__cd71e9230dae,lateral_movement,T1021.002,6,4,1.785,0.9791,0.0195,12684.878,8528.338,0.6423,26,18,1.6504,2.6033,1.5445,0.1764,2.0735,0,2,0,0,0,0,1.5223,529.382,82.45,666.054,7365.05,8773.624,0,0.0657,2.1985,0,0
2026-08-27T20:01:03.467563+00:00,evasive_lateral_v1,evasive_lateral_v1__cd71e9230dae,lateral_movement,T1021.002,2,2,1.0,0.996,0.0,11489.45,9335.18,0.5623,16,13,1.6366,2.2528,1.511,0.3273,2.493,0,0,0,0,0,0,1.1602,718.09,2.46,720.55,6998.28,8964.87,0,0.0804,1.8261,0,0
2026-08-27T20:01:08.467563+00:00,evasive_lateral_v1,evasive_lateral_v1__cd71e9230dae,lateral_movement,T1021.002,4,2,0.8113,1.0,0.0,19017.88,15452.03,0.5943,32,26,1.4416,3.802,1.1879,0.1324,1.5852,0,1,0,0,0,0,1.216,594.31,170.52,866.6,6612.57,7872.74,0,0.092,1.526,0,0
2026-08-27T20:01:13.467563+00:00,evasive_lateral_v1,evasive_lateral_v1__cd71e9230dae,lateral_movement,T1021.002,2,1,-0.0,1.0,0.0,9654.06,7723.25,0.6533,10,8,1.6135,2.4827,1.405,0.1452,1.8406,0,1,0,0,0,0,1.2076,965.41,467.08,1432.49,7244.52,9224.03,0,0.0586,1.6947,0,0
2026-08-27T20:01:18.467563+00:00,evasive_lateral_v1,evasive_lateral_v1__cd71e9230dae,lateral_movement,T1021.002,3,2,0.9183,0.9996,0.0003,13177.96,10040.35,0.554,21,16,1.3427,1.8086,1.6008,0.2914,2.4749,0,1,0,0,0,0,1.2418,627.52,112.31,738.88,9443.74,8769.85,0,0.0095,1.4511,0,0
2026-08-27T20:01:23.467563+00:00,evasive_lateral_v1,evasive_lateral_v1__cd71e9230dae,lateral_movement,T1021.002,1,1,-0.0,1.0,0.0064,1974.15,1316.1,0.6049,3,2,0.9133,2.0283,1.4548,0.3044,2.368,0,0,0,0,0,0,1.0337,658.05,0.0,658.05,6596.58,10646.6,0,0.0509,1.1538,0,0
2026-08-27T20:01:28.467563+00:00,evasive_lateral_v1,evasive_lateral_v1__cd71e9230dae,lateral_movement,T1021.002,5,1,-0.0,0.9956,0.0,12355.26,12355.26,0.6184,20,20,1.1779,2.5067,1.6044,0.2476,2.3472,0,2,0,0,0,0,0.9591,617.76,150.34,852.6,9683.96,10154.21,0,0.0715,1.3397,0,0
2026-08-27T20:01:33.467563+00:00,evasive_lateral_v1,evasive_lateral_v1__cd71e9230dae,lateral_movement,T1021.002,1,1,-0.0,0.9489,0.0525,3109.4,3731.28,0.6191,5,6,1.5772,3.1023,1.3208,0.2803,2.1616,0,0,0,0,0,0,0.7568,621.88,0.0,621.88,8552.98,10063.83,0,0.0246,1.0739,0,0
2026-08-27T20:01:38.467563+00:00,evasive_lateral_v1,evasive_lateral_v1__cd71e9230dae,lateral_movement,T1021.002,5,3,1.5219,0.9379,0.0376,21643.7,19479.33,0.6101,30,27,1.661,4.7665,1.2728,0.186,1.8308,0,2,0,0,0,0,1.1062,721.46,125.35,896.94,6882.94,8190.17,0,0.102,0.4883,0,0
2026-08-27T20:01:43.467563+00:00,evasive_lateral_v1,evasive_lateral_v1__cd71e9230dae,lateral_movement,T1021.002,0,0,0.0,0.9693,0.0391,0.0,0.0,0.692,0,0,1.9515,3.3739,1.3024,0.238,2.0164,0,0,0,0,0,0,1.4898,522.41,0.0,522.41,6572.33,7165.21,0,0.0345,0.5794,0,0
2026-08-27T20:01:48.467563+00:00,evasive_lateral_v1,evasive_lateral_v1__cd71e9230dae,reconnaissance,T1046,5,2,0.971,1.0,0.0169,21761.2,13678.47,0.6145,35,22,2.154,5.2225,1.3093,0.1871,1.8705,0,2,0,0,0,0,1.5501,621.75,150.25,784.24,8770.38,8996.99,0,0.0046,0.0,0,0
2026-08-27T20:01:53.467563+00:00,evasive_lateral_v1,evasive_lateral_v1__cd71e9230dae,reconnaissance,T1046,2,2,0.517,0.9699,0.0254,8384.942,5469.898,0.5568,17,12,1.1873,2.4414,1.6618,0.2426,2.3896,0,1,0,0,0,0,1.5481,721.206,20.898,748.158,8106.578,7646.064,0,0.0,1.9205,0,0
2026-08-27T20:01:58.467563+00:00,evasive_lateral_v1,evasive_lateral_v1__cd71e9230dae,reconnaissance,T1046,1,1,-0.0,1.0,0.0,3444.26,2066.56,0.7121,5,3,1.5015,2.0897,1.4297,0.2765,2.2591,0,0,0,0,0,0,1.4051,688.85,0.0,688.85,8025.53,6492.91,0,0.0307,1.8447,0,0
2026-08-27T20:02:03.467563+00:00,evasive_lateral_v1,evasive_lateral_v1__cd71e9230dae,reconnaissance,T1046,4,2,1.0,0.999,0.0,15736.54,11802.41,0.5775,24,18,1.7377,4.7096,1.3424,0.2441,2.0748,0,1,0,0,0,0,1.2996,655.69,154.75,810.47,7345.95,6463.71,0,0.0748,0.9654,0,0
2026-08-27T20:02:08.467563+00:00,evasive_lateral_v1,evasive_lateral_v1__cd71e9230dae,reconnaissance,T1046,4,3,1.5,0.9852,0.0,21954.94,15094.02,0.5927,32,22,0.7162,1.7889,1.5486,0.2539,2.3103,0,2,0,0,0,0,1.4293,686.09,111.11,840.74,7342.52,7937.1,0,0.0913,1.5329,0,0
2026-08-27T20:02:13.467563+00:00,evasive_lateral_v1,evasive_lateral_v1__cd71e9230dae,reconnaissance,T1046,3,2,0.9183,1.0,0.0,5375.84,4778.52,0.5048,9,8,1.6007,2.4616,1.2876,0.2013,1.8916,0,1,0,0,0,0,1.0201,597.32,293.92,1009.86,7647.48,9350.9,0,0.0598,0.2362,0,0
2026-08-27T20:02:18.467563+00:00,evasive_lateral_v1,evasive_lateral_v1__cd71e9230dae,reconnaissance,T1046,4,2,1.0,0.9414,0.0598,25873.42,18596.52,0.6601,32,23,1.5953,2.6203,1.3931,0.113,1.7321,0,1,0,0,0,0,1.3879,808.54,205.27,1065.37,6223.75,8993.26,0,0.0553,1.5421,0,0
2026-08-27T20:02:23.467563+00:00,evasive_lateral_v1,evasive_lateral_v1__cd71e9230dae,reconnaissance,T1046,1,1,-0.0,1.0,0.0164,2808.82,936.27,0.6811,3,1,1.6822,4.0045,1.7922,0.2327,2.4903,0,0,0,0,0,0,1.5607,936.27,0.0,936.27,7275.05,9328.47,0,0.0354,0.0,0,0
2026-08-27T20:02:28.467563+00:00,evasive_lateral_v1,evasive_lateral_v1__cd71e9230dae,lateral_movement,T1021.002,2,1,-0.0,0.984,0.0227,1954.92,2443.65,0.6253,4,5,1.2219,3.1644,1.6431,0.2761,2.4714,0,0,0,0,0,0,0.7139,488.73,182.55,671.28,8995.16,7895.58,0,0.0525,2.0179,0,0
2026-08-27T20:02:33.467563+00:00,evasive_lateral_v1,evasive_lateral_v1__cd71e9230dae,lateral_movement,T1021.002,3,1,-0.0,1.0,0.0,16203.5,12827.77,0.638,24,19,2.2169,6.2743,1.5866,0.1846,2.1403,0,1,0,0,0,0,1.2588,675.15,133.2,834.24,9066.87,8525.99,0,0.0721,0.0349,0,0
2026-08-27T20:02:38.467563+00:00,evasive_lateral_v1,evasive_lateral_v1__cd71e9230dae,lateral_movement,T1021.002,1,1,-0.0,1.0,0.0,1632.95,1632.95,0.6046,2,2,1.2172,1.7794,1.4575,0.2264,2.1366,0,0,0,0,0,0,0.9387,816.48,0.0,816.48,7636.67,7304.74,0,0.0778,0.8574,0,0
2026-08-27T20:02:43.467563+00:00,evasive_lateral_v1,evasive_lateral_v1__cd71e9230dae,lateral_movement,T1021.002,4,2,1.0,1.0,0.0,10688.9,10154.45,0.6261,20,19,0.6348,1.5476,1.384,0.291,2.2571,0,2,0,0,0,0,1.0521,534.44,312.63,1062.48,9028.49,6837.8,0,0.0705,0.6139,0,0
2026-08-27T20:02:48.467563+00:00,evasive_lateral_v1,evasive_lateral_v1__cd71e9230dae,lateral_movement,T1021.002,3,1,-0.0,1.0,0.0036,3945.4,2630.26,0.7021,6,4,1.1754,2.4763,1.4995,0.2998,2.3988,0,1,0,0,0,0,1.2126,657.57,126.25,836.02,7825.13,9123.98,0,0.0137,1.0825,0,0
2026-08-27T20:02:53.467563+00:00,evasive_lateral_v1,evasive_lateral_v1__cd71e9230dae,lateral_movement,T1021.002,4,2,1.0,0.9487,0.0507,10373.53,6742.79,0.6293,20,13,1.4219,2.9267,1.408,0.23,2.0981,0,1,0,0,0,0,1.444,518.68,98.62,640.24,8036.95,8801.73,0,0.0484,0.3208,0,0
2026-08-27T20:02:58.467563+00:00,evasive_lateral_v1,evasive_lateral_v1__cd71e9230dae,lateral_movement,T1021.002,3,3,1.585,0.9856,0.0086,8317.95,4990.77,0.635,15,9,1.5911,4.462,1.3176,0.2053,1.9335,0,1,0,0,0,0,1.5135,554.53,136.77,740.74,8134.06,7998.69,0,0.0908,0.6178,0,0
2026-08-27T20:03:03.467563+00:00,evasive_lateral_v1,evasive_lateral_v1__cd71e9230dae,lateral_movement,T1021.002,6,2,0.9183,1.0,0.0213,19821.87,17619.44,0.5721,36,32,0.9503,1.3598,1.5547,0.1588,2.0312,0,3,0,0,0,0,1.0912,550.61,267.2,981.84,7437.88,7158.87,0,0.081,0.487,0,1
2026-08-27T20:03:08.467563+00:00,evasive_lateral_v1,evasive_lateral_v1__cd71e9230dae,lateral_movement,T1021.002,3,2,0.9183,0.9805,0.0056,13217.05,8811.37,0.6447,30,20,1.8934,4.8836,1.4756,0.138,1.8897,0,1,0,0,0,0,1.4831,440.57,129.1,613.67,7927.77,10083.31,0,0.0943,0.4581,0,0
2026-08-27T20:03:13.467563+00:00,evasive_lateral_v1,evasive_lateral_v1__cd71e9230dae,lateral_movement,T1021.002,1,1,-0.0,1.0,0.039,3713.1,3182.65,0.6184,7,6,1.3329,3.9818,1.2278,0.1627,1.7158,0,0,0,0,0,0,1.118,530.44,0.0,530.44,10332.25,8975.25,0,0.0599,1.1045,0,0
2026-08-27T20:03:18.467563+00:00,evasive_lateral_v1,evasive_lateral_v1__cd71e9230dae,lateral_movement,T1021.002,3,2,0.9183,1.0,0.0,15820.62,80421.46,0.6229,24,122,1.0428,2.4904,1.1825,0.229,1.8695,0,1,0,0,0,0,0.1959,659.19,140.23,775.14,7749.37,6864.0,0,0.0927,1.4069,0,0
2026-08-27T20:03:23.467563+00:00,evasive_lateral_v1,evasive_lateral_v1__cd71e9230dae,lateral_movement,T1021.002,3,2,0.9183,0.9735,0.013,13020.55,15190.64,0.6038,18,21,0.7554,1.1176,1.3099,0.1621,1.7962,0,1,0,0,0,0,0.8357,723.36,500.69,1431.29,8734.45,9875.44,0,0.0669,0.6903,0,0
2026-08-27T20:03:28.467563+00:00,evasive_lateral_v1,evasive_lateral_v1__cd71e9230dae,lateral_movement,T1021.002,3,2,0.9183,1.0,0.0,6395.16,3197.58,0.5786,12,6,1.1066,2.0484,1.5253,0.2064,2.1446,0,1,0,0,0,0,1.7894,532.93,113.47,691.77,8805.22,7171.63,0,0.023,0.5723,0,0
2026-08-27T20:03:33.467563+00:00,evasive_lateral_v1,evasive_lateral_v1__cd71e9230dae,lateral_movement,T1021.002,0,0,0.0,0.9732,0.0277,0.0,0.0,0.5984,0,0,1.2327,2.9384,1.4812,0.1816,2.0261,0,0,0,0,0,0,0.6295,754.59,0.0,754.59,7706.5,7475.9,0,0.0094,0.8292,0,0
2026-08-27T20:03:38.467563+00:00,evasive_lateral_v1,evasive_lateral_v1__cd71e9230dae,lateral_movement,T1021.002,0,0,0.0,1.0,0.0053,0.0,0.0,0.5567,0,0,1.144,1.6428,1.5439,0.1744,2.0672,0,0,0,0,0,0,1.2999,564.37,0.0,564.37,8831.04,9776.98,0,0.0301,0.8524,0,0
2026-08-27T20:03:43.467563+00:00,evasive_lateral_v1,evasive_lateral_v1__cd71e9230dae,lateral_movement,T1021.002,6,3,1.4591,0.9785,0.0274,28574.94,32657.07,0.5112,42,48,1.1396,1.6798,1.5695,0.223,2.2384,0,3,0,0,0,0,0.8695,680.36,199.63,1044.04,8683.3,8220.79,0,0.0758,1.5937,0,0
2026-08-27T20:03:48.467563+00:00,evasive_lateral_v1,evasive_lateral_v1__cd71e9230dae,lateral_movement,T1021.002,0,0,0.0,1.0,0.0,0.0,0.0,0.5741,0,0,0.9804,2.5017,1.4644,0.2644,2.2576,0,0,0,0,0,0,1.0844,1096.57,0.0,1096.57,8793.11,6953.23,0,0.0623,1.2051,0,0
2026-08-27T20:03:53.467563+00:00,evasive_lateral_v1,evasive_lateral_v1__cd71e9230dae,lateral_movement,T1021.002,4,3,1.5,1.0,0.0,15154.61,10734.51,0.5792,24,17,1.6897,4.6195,1.991,0.3097,2.9202,0,2,0,0,0,0,1.3892,631.44,196.44,845.68,6955.48,8117.96,0,0.119,1.7934,0,0
2026-08-27T20:03:58.467563+00:00,evasive_lateral_v1,evasive_lateral_v1__cd71e9230dae,lateral_movement,T1021.002,4,1,-0.0,0.9582,0.0456,15439.89,10035.93,0.6132,20,13,0.9334,2.2754,1.162,0.1263,1.541,0,1,0,0,0,0,1.4743,771.99,234.75,1023.61,7807.12,8013.63,0,0.0642,1.2915,0,0
2026-08-27T20:04:03.467563+00:00,evasive_lateral_v1,evasive_lateral_v1__cd71e9230dae,lateral_movement,T1021.002,2,2,1.0,0.9811,0.0401,6890.94,5414.31,0.5493,14,11,2.3199,6.7306,1.4079,0.2563,2.1768,0,0,0,0,0,0,1.2373,492.21,25.97,518.18,5577.59,7687.64,0,0.0329,1.7755,0,0
2026-08-27T20:04:08.467563+00:00,evasive_lateral_v1,evasive_lateral_v1__cd71e9230dae,reconnaissance,T1046,3,2,0.9183,0.9639,0.0215,8692.19,5070.45,0.6453,12,7,1.9521,2.8305,1.3058,0.2606,2.0874,0,1,0,0,0,0,1.6773,724.35,198.58,973.22,8206.18,7965.58,0,0.0572,1.5497,0,0
2026-08-27T20:04:13.467563+00:00,evasive_lateral_v1,evasive_lateral_v1__cd71e9230dae,reconnaissance,T1046,1,1,-0.0,1.0,0.0055,3056.35,2619.73,0.5664,7,6,2.2275,6.1858,1.5016,0.1774,2.0339,0,0,0,0,0,0,1.1084,436.62,0.0,436.62,10472.95,9560.94,0,0.0578,1.2716,0,0
2026-08-27T20:04:18.467563+00:00,evasive_lateral_v1,evasive_lateral_v1__cd71e9230dae,reconnaissance,T1046,6,3,1.4591,0.9849,0.0195,13027.03,7237.24,0.623,18,10,1.1867,2.1504,1.3946,0.2259,2.0723,0,2,0,0,0,0,1.694,723.72,144.55,982.66,7118.48,9457.97,0,0.1193,0.9881,0,0
2026-08-27T20:04:23.467563+00:00,evasive_lateral_v1,evasive_lateral_v1__cd71e9230dae,reconnaissance,T1046,5,3,1.5219,0.9623,0.0497,24351.47,29917.53,0.6861,35,43,0.9409,1.4258,1.2511,0.1083,1.5761,0,2,0,0,0,0,0.8053,695.76,155.91,932.38,9124.32,7921.04,0,0.0518,0.7193,0,0
2026-08-27T20:04:28.467563+00:00,evasive_lateral_v1,evasive_lateral_v1__cd71e9230dae,reconnaissance,T1046,3,2,0.9183,1.0,0.0143,15325.91,11494.44,0.5314,24,18,1.3953,1.8214,1.6647,0.127,2.0457,0,1,0,0,0,0,1.3074,638.58,62.66,725.69,8459.1,8347.95,0,0.0905,1.0221,0,0
2026-08-27T20:04:33.467563+00:00,evasive_lateral_v1,evasive_lateral_v1__cd71e9230dae,reconnaissance,T1046,1,1,-0.0,0.9874,0.0271,3355.85,2097.41,0.5522,8,5,2.3759,4.2607,1.1906,0.2268,1.8709,0,0,0,0,0,0,1.4213,419.48,0.0,419.48,9043.98,8628.04,0,0.0837,1.7281,0,0
2026-08-27T20:04:38.467563+00:00,evasive_lateral_v1,evasive_lateral_v1__cd71e9230dae,lateral_movement,T1021.002,4,3,1.5,1.0,0.0046,18618.66,12929.62,0.5681,36,25,1.0047,1.6693,1.1726,0.2274,1.8548,0,2,0,0,0,0,1.4112,517.18,52.63,585.96,9136.33,7212.75,0,0.1918,1.0119,0,0
2026-08-27T20:04:43.467563+00:00,evasive_lateral_v1,evasive_lateral_v1__cd71e9230dae,lateral_movement,T1021.002,3,1,-0.0,0.9923,0.0013,17781.89,11854.6,0.5175,24,16,1.8814,4.9257,1.3499,0.2464,2.0891,0,1,0,0,0,0,1.4909,740.91,165.66,956.29,8444.44,7633.3,0,0.1014,1.208,0,0
2026-08-27T20:04:48.467563+00:00,evasive_lateral_v1,evasive_lateral_v1__cd71e9230dae,lateral_movement,T1021.002,2,1,-0.0,0.9988,0.0057,10644.8,8363.77,0.6798,14,11,1.6973,2.779,1.4615,0.2638,2.2529,0,1,0,0,0,0,1.1977,760.34,102.84,863.18,8473.01,7439.03,0,0.004,0.9966,0,0
2026-08-27T20:04:53.467563+00:00,evasive_lateral_v1,evasive_lateral_v1__cd71e9230dae,lateral_movement,T1021.002,4,3,1.5,0.9425,0.0373,14379.9,8987.44,0.6024,16,10,1.0716,3.0569,1.4619,0.1824,2.009,0,2,0,0,0,0,1.5467,898.74,392.5,1538.43,9559.61,7659.56,0,0.0901,0.6935,1,0
2026-08-27T20:04:58.467563+00:00,evasive_lateral_v1,evasive_lateral_v1__cd71e9230dae,lateral_movement,T1021.002,1,1,-0.0,0.9808,0.0,5267.07,6583.84,0.6084,4,5,1.7089,5.026,1.2928,0.1079,1.6164,0,0,0,0,0,0,0.668,1316.77,0.0,1316.77,8810.09,8105.33,0,0.0027,0.737,0,0
2026-08-27T20:05:03.467563+00:00,evasive_lateral_v1,evasive_lateral_v1__cd71e9230dae,lateral_movement,T1021.002,4,2,0.8113,0.971,0.0558,14517.5,13307.7,0.4871,24,22,1.2051,1.6846,1.0883,0.1775,1.6209,0,1,0,0,0,0,1.0865,604.9,213.07,970.38,7025.36,8451.61,0,0.0401,1.1171,0,0
2026-08-27T20:05:08.467563+00:00,evasive_lateral_v1,evasive_lateral_v1__cd71e9230dae,lateral_movement,T1021.002,3,2,0.9183,0.9962,0.0243,13873.51,11098.81,0.6434,15,12,1.6393,2.9419,1.5541,0.1717,2.0693,0,1,0,0,0,0,1.2086,924.9,156.31,1143.32,7357.67,7144.7,0,0.0511,0.671,0,0
2026-08-27T20:05:13.467563+00:00,evasive_lateral_v1,evasive_lateral_v1__cd71e9230dae,lateral_movement,T1021.002,4,4,1.717,0.9791,0.018,23038.294,16399.578,0.5469,41,29,0.9712,1.9016,1.5772,0.19,2.147,0,2,0,0,0,0,1.3664,589.854,171.882,789.03,8156.49,7734.36,0,0.0627,1.9584,0,0
2026-08-27T20:05:18.467563+00:00,evasive_lateral_v1,evasive_lateral_v1__cd71e9230dae,lateral_movement,T1021.002,1,1,-0.0,1.0,0.0036,2291.98,4010.96,0.531,4,7,1.4264,3.1758,1.5978,0.3165,2.5475,0,0,0,0,0,0,0.5547,572.99,0.0,572.99,8051.58,6593.16,0,0.0981,2.0688,0,0
2026-08-27T20:05:23.467563+00:00,evasive_lateral_v1,evasive_lateral_v1__cd71e9230dae,lateral_movement,T1021.002,4,2,1.0,0.9552,0.0553,7655.14,5741.36,0.637,12,9,1.5063,3.3464,1.5704,0.1388,1.9869,0,1,0,0,0,0,1.2869,637.93,232.28,1019.37,9358.71,9648.28,0,0.061,0.9974,0,0
2026-08-27T20:05:28.467563+00:00,evasive_lateral_v1,evasive_lateral_v1__cd71e9230dae,lateral_movement,T1021.002,3,2,0.9183,1.0,0.0,5872.18,2609.86,0.5958,9,4,0.9475,1.5153,1.1771,0.1812,1.7206,0,1,0,0,0,0,1.8933,652.46,254.06,1010.74,7770.48,8700.67,0,0.0,1.0261,0,0
2026-08-27T20:05:33.467563+00:00,evasive_lateral_v1,evasive_lateral_v1__cd71e9230dae,lateral_movement,T1021.002,3,2,0.9183,1.0,0.01,10357.49,13119.49,0.592,15,19,1.4137,2.1908,1.708,0.1523,2.1648,0,1,0,0,0,0,0.7818,690.5,357.86,1196.27,8856.35,7937.04,0,0.0075,0.2195,0,0
2026-08-27T20:05:38.467563+00:00,evasive_lateral_v1,evasive_lateral_v1__cd71e9230dae,lateral_movement,T1021.002,4,2,1.0,0.9909,0.009,10537.69,10537.69,0.5796,16,16,1.3221,1.7677,1.4618,0.2696,2.2707,0,1,0,0,0,0,0.9684,658.61,175.95,854.66,7459.54,7179.92,0,0.0613,1.6566,0,0
2026-08-27T20:05:43.467563+00:00,evasive_lateral_v1,evasive_lateral_v1__cd71e9230dae,reconnaissance,T1046,2,1,-0.0,0.968,0.0482,10584.77,14554.06,0.6542,16,22,1.8125,3.9613,1.7193,0.3593,2.7971,0,1,0,0,0,0,0.7184,661.55,253.96,915.5,7962.13,8438.55,0,0.0465,1.4148,0,1
2026-08-27T20:05:48.467563+00:00,evasive_lateral_v1,evasive_lateral_v1__cd71e9230dae,reconnaissance,T1046,5,3,1.5219,1.0,0.0082,19927.5,17080.71,0.564,35,30,1.7724,5.0123,1.5942,0.2704,2.4053,0,2,0,0,0,0,1.1477,569.36,95.3,694.19,8285.06,8348.53,0,0.0993,0.3964,0,0
2026-08-27T20:05:53.467563+00:00,evasive_lateral_v1,evasive_lateral_v1__cd71e9230dae,reconnaissance,T1046,3,2,0.9183,0.9518,0.0561,13392.08,11718.07,0.5474,24,21,1.5702,3.1178,1.6799,0.2362,2.3883,0,1,0,0,0,0,1.1253,558.0,65.41,650.37,8529.51,8729.99,0,0.0553,0.9911,0,0
2026-08-27T20:05:58.467563+00:00,evasive_lateral_v1,evasive_lateral_v1__cd71e9230dae,reconnaissance,T1046,7,3,1.5567,0.9772,0.0235,17483.06,19481.12,0.5457,35,39,0.6558,1.8329,1.1685,0.1493,1.6166,1,3,0,0,0,0,0.8959,499.52,157.85,863.56,7759.66,6545.47,0,0.1146,1.3951,0,0
2026-08-27T20:06:03.467563+00:00,evasive_lateral_v1,evasive_lateral_v1__cd71e9230dae,lateral_movement,T1021.002,5,4,1.7345,0.9671,0.026,24305.19,38285.802,0.5959,48,73,1.3916,1.9694,1.4354,0.2305,2.1271,0,2,0,0,0,0,0.7051,515.07,125.722,707.326,7671.018,8877.808,0,0.083,1.5035,0,0
2026-08-27T20:06:08.467563+00:00,evasive_lateral_v1,evasive_lateral_v1__cd71e9230dae,lateral_movement,T1021.002,2,2,1.0,1.0,0.0068,10568.43,6605.27,0.5944,16,10,1.704,4.2597,1.089,0.0903,1.3599,0,1,0,0,0,0,1.5594,660.53,101.41,761.94,8198.85,7953.18,0,0.099,0.5178,0,1
2026-08-27T20:06:13.467563+00:00,evasive_lateral_v1,evasive_lateral_v1__cd71e9230dae,lateral_movement,T1021.002,4,3,1.5,0.9405,0.0635,16405.2,10253.25,0.6327,32,20,1.1614,2.0705,1.6051,0.2067,2.2252,0,1,0,0,0,0,1.5624,512.66,194.69,841.02,8658.63,8985.94,0,0.0907,0.2297,0,0
2026-08-27T20:06:18.467563+00:00,evasive_lateral_v1,evasive_lateral_v1__cd71e9230dae,lateral_movement,T1021.002,3,1,-0.0,0.9572,0.0299,8013.45,8681.24,0.6543,12,13,1.9974,2.6742,1.738,0.1964,2.3271,0,1,0,0,0,0,0.9019,667.79,250.84,1015.07,7946.98,9359.83,0,0.0304,1.5614,0,0
2026-08-27T20:06:23.467563+00:00,evasive_lateral_v1,evasive_lateral_v1__cd71e9230dae,lateral_movement,T1021.002,1,1,-0.0,0.9893,0.0331,3805.56,2718.26,0.562,7,5,1.1474,2.474,1.1619,0.2339,1.8636,0,0,0,0,0,0,1.2096,543.65,0.0,543.65,8854.57,8732.44,0,0.0242,0.7595,0,0
2026-08-27T20:06:28.467563+00:00,evasive_lateral_v1,evasive_lateral_v1__cd71e9230dae,lateral_movement,T1021.002,6,3,1.4591,1.0,0.0251,6968.77,5807.31,0.5876,12,10,1.3124,3.7088,1.2774,0.2149,1.9222,0,3,0,0,0,0,1.0954,580.73,194.94,966.81,8960.64,7280.92,0,0.1491,1.6489,0,0
2026-08-27T20:06:33.467563+00:00,evasive_lateral_v1,evasive_lateral_v1__cd71e9230dae,lateral_movement,T1021.002,3,2,0.9183,1.0,0.0224,7006.03,5254.52,0.5986,12,9,2.1442,5.3595,1.5984,0.1339,2.0002,0,1,0,0,0,0,1.3044,583.84,65.45,632.31,8712.39,9600.48,0,0.0857,1.7115,0,0
2026-08-27T20:06:38.467563+00:00,evasive_lateral_v1,evasive_lateral_v1__cd71e9230dae,lateral_movement,T1021.002,4,2,1.0,1.0,0.0,15320.0,18384.0,0.6334,20,24,1.5519,4.3043,1.1146,0.2411,1.8378,0,2,0,0,0,0,0.8078,766.0,107.58,902.83,6521.8,8535.43,0,0.0688,1.2796,0,0
2026-08-27T20:06:43.467563+00:00,evasive_lateral_v1,evasive_lateral_v1__cd71e9230dae,lateral_movement,T1021.002,6,3,1.4591,1.0,0.0246,33292.48,84618.39,0.6613,48,122,1.5939,2.6783,1.3518,0.1441,1.7842,0,3,0,0,0,0,0.3907,693.59,158.19,938.32,7607.32,7970.16,0,0.1049,0.5937,0,0
2026-08-27T20:06:48.467563+00:00,evasive_lateral_v1,evasive_lateral_v1__cd71e9230dae,lateral_movement,T1021.002,3,2,0.9183,1.0,0.0324,13063.93,7257.74,0.5897,18,10,1.5802,2.6963,1.4702,0.2304,2.1614,0,1,0,0,0,0,1.6986,725.77,137.72,913.25,7800.65,7972.38,0,0.0593,1.0395,0,0
2026-08-27T20:06:53.467563+00:00,evasive_lateral_v1,evasive_lateral_v1__cd71e9230dae,lateral_movement,T1021.002,3,1,-0.0,0.9993,0.0057,15938.02,15938.02,0.6179,21,21,1.555,1.8697,1.5593,0.316,2.5072,0,1,0,0,0,0,0.9831,758.95,417.84,1349.68,7113.11,9820.78,0,0.0405,0.068,0,0
2026-08-27T20:06:58.467563+00:00,evasive_lateral_v1,evasive_lateral_v1__cd71e9230dae,lateral_movement,T1021.002,6,3,1.4591,1.0,0.0,20731.52,14684.83,0.642,24,17,1.6174,2.5427,1.6055,0.3378,2.619,0,3,0,0,0,0,1.3746,863.81,226.1,1347.12,8094.56,6259.47,0,0.0886,0.4393,0,0
2026-08-27T20:07:03.467563+00:00,evasive_lateral_v1,evasive_lateral_v1__cd71e9230dae,lateral_movement,T1021.002,8,3,1.4056,1.0,0.0015,63832.3,206729.6,0.6524,88,285,1.1736,2.6675,1.2899,0.1347,1.6939,1,3,0,0,0,0,0.3087,725.37,200.32,1109.35,6629.26,9214.32,0,0.0818,0.022,0,0
2026-08-27T20:07:08.467563+00:00,evasive_lateral_v1,evasive_lateral_v1__cd71e9230dae,lateral_movement,T1021.002,0,0,0.0,0.9632,0.0243,0.0,0.0,0.4418,0,0,1.7178,4.2709,1.8371,0.4048,3.0515,0,0,0,0,0,0,1.3919,719.06,0.0,719.06,7845.15,7946.1,0,0.0154,1.5089,0,0
2026-08-27T20:07:13.467563+00:00,evasive_lateral_v1,evasive_lateral_v1__cd71e9230dae,lateral_movement,T1021.002,7,3,1.3052,0.9791,0.0304,17583.174,12870.714,0.5142,29,21,0.959,1.2627,1.3417,0.1659,1.8393,0,3,0,0,0,0,1.3455,697.742,241.154,1029.478,6898.05,8659.808,0,0.0563,1.8237,0,0
2026-08-27T20:07:18.467563+00:00,evasive_lateral_v1,evasive_lateral_v1__cd71e9230dae,lateral_movement,T1021.002,7,3,1.5567,1.0,0.0071,21663.91,16712.16,0.5068,35,27,1.4504,4.2003,1.3864,0.23,2.0763,1,3,0,0,0,0,1.2813,618.97,175.5,983.2,7956.22,8341.1,0,0.1507,1.0879,0,0
2026-08-27T20:07:23.467563+00:00,evasive_lateral_v1,evasive_lateral_v1__cd71e9230dae,lateral_movement,T1021.002,2,2,1.0,1.0,0.0045,11874.37,9647.92,0.5581,16,13,1.0981,1.3725,1.2123,0.1727,1.7304,0,1,0,0,0,0,1.154,742.15,52.47,794.61,8784.68,8351.08,0,0.04,1.6397,0,0
2026-08-27T20:07:28.467563+00:00,evasive_lateral_v1,evasive_lateral_v1__cd71e9230dae,lateral_movement,T1021.002,8,3,1.4056,1.0,0.0248,57216.63,127306.99,0.605,80,178,1.5726,3.5906,1.5838,0.1868,2.1441,1,4,0,0,1,0,0.4482,715.21,227.59,1183.36,6843.6,8981.82,0,0.092,1.0017,0,0
2026-08-27T20:07:33.467563+00:00,evasive_lateral_v1,evasive_lateral_v1__cd71e9230dae,lateral_movement,T1021.002,6,3,1.4591,1.0,0.0055,32264.64,33459.63,0.6684,54,56,1.9847,4.9408,1.4428,0.2126,2.0805,1,3,0,0,0,0,0.9594,597.49,171.1,887.76,8613.49,8283.84,0,0.1422,1.816,0,0
2026-08-27T20:07:38.467563+00:00,evasive_lateral_v1,evasive_lateral_v1__cd71e9230dae,lateral_movement,T1021.002,4,2,0.8113,0.9927,0.0313,27544.22,22379.68,0.5946,32,26,1.7789,4.0838,1.5213,0.2311,2.2147,0,2,0,0,0,0,1.1997,860.76,63.22,924.47,6054.03,7742.79,0,0.0222,0.9988,0,0
2026-08-27T20:07:43.467563+00:00,evasive_lateral_v1,evasive_lateral_v1__cd71e9230dae,reconnaissance,T1046,6,3,1.4591,1.0,0.0,28338.68,13494.61,0.5738,42,20,0.7764,0.9955,1.4378,0.2176,2.0907,0,3,0,0,0,0,2.0191,674.73,139.28,846.8,9545.89,8724.92,0,0.0835,0.2105,0,0
2026-08-27T20:07:48.467563+00:00,evasive_lateral_v1,evasive_lateral_v1__cd71e9230dae,reconnaissance,T1046,3,2,0.517,0.9578,0.0327,11843.038,7810.154,0.5139,22,15,0.8664,1.1825,1.3989,0.1594,1.8772,0,1,0,0,0,0,1.4788,686.35,158.082,850.486,8125.378,7537.688,0,0.0095,1.9633,0,0
2026-08-27T20:07:53.467563+00:00,evasive_lateral_v1,evasive_lateral_v1__cd71e9230dae,reconnaissance,T1046,6,2,0.9183,0.9628,0.0233,19034.37,20303.33,0.544,30,32,1.5958,3.1121,1.2209,0.2432,1.9505,0,2,0,0,0,0,0.9212,634.48,147.17,897.9,8780.4,8437.83,0,0.0808,0.9213,0,0
2026-08-27T20:07:58.467563+00:00,evasive_lateral_v1,evasive_lateral_v1__cd71e9230dae,reconnaissance,T1046,4,2,1.0,0.9948,0.0271,12414.01,11638.14,0.6143,16,15,1.4604,2.7143,1.2934,0.1637,1.7844,0,1,0,0,0,0,1.047,775.88,275.57,1232.53,8150.01,9454.43,0,0.0342,0.9532,0,0
2026-08-27T20:08:03.467563+00:00,evasive_lateral_v1,evasive_lateral_v1__cd71e9230dae,lateral_movement,T1021.002,3,2,0.9183,1.0,0.0,5953.47,5291.98,0.6112,9,8,1.9869,5.9099,1.5114,0.2802,2.3519,0,1,0,0,0,0,1.0713,661.5,243.22,1001.06,7410.81,7541.84,0,0.0952,1.0621,0,0
2026-08-27T20:08:08.467563+00:00,evasive_lateral_v1,evasive_lateral_v1__cd71e9230dae,lateral_movement,T1021.002,4,2,0.8113,1.0,0.0,19717.17,12675.32,0.6612,28,18,2.1633,5.8824,1.4214,0.2556,2.1881,0,2,0,0,0,0,1.4825,704.18,120.36,819.41,8768.77,9526.26,0,0.0719,0.9014,0,0
2026-08-27T20:08:13.467563+00:00,evasive_lateral_v1,evasive_lateral_v1__cd71e9230dae,lateral_movement,T1021.002,1,1,-0.0,1.0,0.0,2888.51,2407.09,0.481,6,5,1.3259,2.5236,1.2664,0.0959,1.5541,0,0,0,0,0,0,1.1506,481.42,0.0,481.42,6939.03,8609.37,0,0.0534,0.0655,0,0
2026-08-27T20:08:18.467563+00:00,evasive_lateral_v1,evasive_lateral_v1__cd71e9230dae,lateral_movement,T1021.002,2,1,-0.0,0.996,0.0077,5402.78,4502.32,0.6224,12,10,1.7238,4.6515,1.5088,0.3189,2.4657,0,1,0,0,0,0,1.1058,450.23,49.22,499.45,8338.46,8699.23,0,0.0712,0.3512,0,0
2026-08-27T20:08:23.467563+00:00,evasive_lateral_v1,evasive_lateral_v1__cd71e9230dae,lateral_movement,T1021.002,2,2,1.0,1.0,0.0,11719.11,8789.33,0.604,20,15,0.9455,1.2307,1.4243,0.1154,1.7704,0,0,0,0,0,0,1.2809,585.96,3.68,589.64,6866.61,6945.37,0,0.0385,1.7266,0,0
2026-08-27T20:08:28.467563+00:00,evasive_lateral_v1,evasive_lateral_v1__cd71e9230dae,lateral_movement,T1021.002,1,1,-0.0,1.0,0.0043,2965.34,3558.41,0.5303,5,6,1.6335,2.1529,1.3762,0.2392,2.0939,0,0,0,0,0,0,0.7531,593.07,0.0,593.07,9081.23,7690.68,0,0.0259,1.4648,0,0
2026-08-27T20:08:33.467563+00:00,evasive_lateral_v1,evasive_lateral_v1__cd71e9230dae,lateral_movement,T1021.002,5,3,1.5219,1.0,0.0,17144.64,17144.64,0.6263,20,20,1.9057,4.4014,1.7197,0.3166,2.6695,0,2,0,0,0,0,0.9746,857.23,141.32,1112.08,7896.1,7567.93,0,0.0754,0.9561,0,0
2026-08-27T20:08:38.467563+00:00,evasive_lateral_v1,evasive_lateral_v1__cd71e9230dae,lateral_movement,T1021.002,2,2,1.0,0.9694,0.0095,9768.83,9768.83,0.5546,14,14,1.2595,3.0711,1.2786,0.1466,1.7185,0,0,0,0,0,0,0.9769,697.77,186.49,884.26,8639.05,10251.06,0,0.017,1.2334,0,0
2026-08-27T20:08:43.467563+00:00,evasive_lateral_v1,evasive_lateral_v1__cd71e9230dae,lateral_movement,T1021.002,5,3,1.5219,0.9331,0.0492,7559.9,6551.92,0.5802,15,13,1.5636,2.771,1.0457,0.1696,1.5547,0,2,0,0,0,0,1.0797,503.99,137.31,715.24,7052.8,6444.04,0,0.1408,1.0361,0,0
2026-08-27T20:08:48.467563+00:00,evasive_lateral_v1,evasive_lateral_v1__cd71e9230dae,lateral_movement,T1021.002,2,1,-0.0,1.0,0.0,7404.48,7404.48,0.5348,16,16,2.3075,6.0847,1.5465,0.3124,2.4838,0,1,0,0,0,0,0.9724,462.78,68.39,531.17,7829.47,7008.57,0,0.013,1.4093,0,0
2026-08-27T20:08:53.467563+00:00,evasive_lateral_v1,evasive_lateral_v1__cd71e9230dae,lateral_movement,T1021.002,3,3,1.585,1.0,0.0014,17567.16,18543.11,0.5153,18,19,0.7619,1.143,1.5279,0.2711,2.3412,0,1,0,0,0,0,0.9278,975.95,319.54,1365.83,5949.65,7699.88,0,0.1278,1.5375,1,0
2026-08-27T20:08:58.467563+00:00,evasive_lateral_v1,evasive_lateral_v1__cd71e9230dae,lateral_movement,T1021.002,3,3,1.585,1.0,0.0184,6302.79,7353.26,0.6843,12,14,0.8853,1.7003,1.2035,0.1087,1.5296,0,1,0,0,0,0,0.8477,525.23,172.54,677.42,6029.48,8523.34,0,0.0415,1.9868,0,0
2026-08-27T20:09:03.467563+00:00,evasive_lateral_v1,evasive_lateral_v1__cd71e9230dae,lateral_movement,T1021.002,5,4,1.7345,0.9486,0.0247,26977.27,27284.338,0.5521,40,39,1.0301,1.679,1.3787,0.1858,1.936,0,2,0,0,0,0,1.0044,717.102,197.906,1067.006,8723.77,8441.44,0,0.079,1.7408,0,0
2026-08-27T20:09:08.467563+00:00,evasive_lateral_v1,evasive_lateral_v1__cd71e9230dae,lateral_movement,T1021.002,2,2,1.0,0.935,0.0634,7867.7,5245.14,0.6933,12,8,0.9093,1.6449,1.4472,0.1101,1.7775,0,1,0,0,0,0,1.4261,655.64,64.73,720.38,9387.85,7726.13,0,0.0457,1.0703,0,0
2026-08-27T20:09:13.467563+00:00,evasive_lateral_v1,evasive_lateral_v1__cd71e9230dae,lateral_movement,T1021.002,5,3,1.371,0.9706,0.0212,24259.13,25876.4,0.6118,30,32,0.9866,2.3354,1.337,0.2561,2.1052,0,2,0,0,0,0,0.9351,808.64,213.14,1125.73,8912.85,11575.42,0,0.0814,0.51,0,0
2026-08-27T20:09:18.467563+00:00,evasive_lateral_v1,evasive_lateral_v1__cd71e9230dae,lateral_movement,T1021.002,5,3,1.5219,0.9698,0.0077,25508.49,16762.72,0.5932,35,23,1.8507,3.4624,1.3045,0.1252,1.68,0,2,0,0,0,0,1.5212,728.81,175.4,924.15,7035.9,9734.59,0,0.0843,1.2922,0,0
2026-08-27T20:09:23.467563+00:00,evasive_lateral_v1,evasive_lateral_v1__cd71e9230dae,lateral_movement,T1021.002,4,2,1.0,1.0,0.0137,13027.6,11724.84,0.6016,20,18,0.7349,1.6691,1.3827,0.1857,1.9397,0,1,0,0,0,0,1.0913,651.38,47.36,727.06,7820.44,8618.63,0,0.0377,1.4753,0,0
2026-08-27T20:09:28.467563+00:00,evasive_lateral_v1,evasive_lateral_v1__cd71e9230dae,lateral_movement,T1021.002,5,3,1.5219,1.0,0.0,20265.43,14861.31,0.6347,30,22,0.841,1.0838,1.3211,0.1078,1.6446,0,2,0,0,0,0,1.3513,675.51,163.74,974.03,9395.95,7241.47,0,0.0752,1.4178,0,0
2026-08-27T20:09:33.467563+00:00,evasive_lateral_v1,evasive_lateral_v1__cd71e9230dae,lateral_movement,T1021.002,4,2,0.8113,0.98,0.0086,25822.84,20540.9,0.6008,44,35,1.3208,1.6778,1.4153,0.2793,2.2531,0,2,0,0,0,0,1.2295,586.88,161.28,801.27,8809.63,7782.86,0,0.0967,1.3412,0,0
2026-08-27T20:09:38.467563+00:00,evasive_lateral_v1,evasive_lateral_v1__cd71e9230dae,lateral_movement,T1021.002,4,3,1.2516,0.9557,0.0644,11262.806,9835.674,0.6279,24,21,1.1969,3.248,1.4929,0.3089,2.4198,0,1,0,0,0,0,1.0778,525.422,85.138,618.526,8360.922,8765.056,0,0.0488,1.9929,0,0
2026-08-27T20:09:43.467563+00:00,evasive_lateral_v1,evasive_lateral_v1__cd71e9230dae,reconnaissance,T1046,4,2,0.8113,1.0,0.033,6913.64,3456.82,0.632,8,4,0.8384,2.1033,1.4151,0.1461,1.8535,0,1,0,0,0,0,1.6286,864.2,346.38,1299.82,7387.77,7164.96,0,0.1082,0.9211,0,0
2026-08-27T20:09:48.467563+00:00,evasive_lateral_v1,evasive_lateral_v1__cd71e9230dae,reconnaissance,T1046,4,2,0.8113,0.9874,0.0265,8825.36,8825.36,0.5582,12,12,1.5771,2.2234,1.6165,0.124,1.9884,0,1,0,0,0,0,0.9477,735.45,151.56,935.17,9564.13,8469.1,0,0.0269,1.2927,1,0
2026-08-27T20:09:53.467563+00:00,evasive_lateral_v1,evasive_lateral_v1__cd71e9230dae,reconnaissance,T1046,2,2,1.0,0.9892,0.0007,7941.11,5294.07,0.6539,12,8,1.7296,4.5962,1.1521,0.179,1.6891,0,1,0,0,0,0,1.4356,661.76,184.71,846.47,7636.16,5888.7,0,0.0385,0.0579,0,0
2026-08-27T20:09:58.467563+00:00,evasive_lateral_v1,evasive_lateral_v1__cd71e9230dae,reconnaissance,T1046,5,3,1.5219,1.0,0.0396,20483.71,28677.2,0.6086,30,42,0.747,1.7785,1.3149,0.2762,2.1435,0,2,0,0,0,0,0.7118,682.79,169.58,899.73,8087.88,7169.52,0,0.0845,1.4204,0,0
2026-08-27T20:10:03.467563+00:00,evasive_lateral_v1,evasive_lateral_v1__cd71e9230dae,lateral_movement,T1021.002,2,2,1.0,1.0,0.0,9086.03,5451.62,0.5538,10,6,1.773,3.8417,1.3506,0.218,2.0047,0,0,0,0,0,0,1.5213,908.6,176.14,1084.74,8897.82,9461.14,0,0.0532,1.7447,0,0
2026-08-27T20:10:08.467563+00:00,evasive_lateral_v1,evasive_lateral_v1__cd71e9230dae,lateral_movement,T1021.002,7,2,0.8631,0.9991,0.0039,25261.59,38253.27,0.643,35,53,0.9972,1.8311,1.1133,0.1461,1.5517,1,3,0,0,0,0,0.6583,721.76,209.67,1011.72,6352.51,6995.43,0,0.0858,1.3969,0,0
2026-08-27T20:10:13.467563+00:00,evasive_lateral_v1,evasive_lateral_v1__cd71e9230dae,lateral_movement,T1021.002,5,3,1.371,1.0,0.0047,22963.29,15090.16,0.5545,35,23,0.7481,2.0733,1.1773,0.1416,1.602,0,2,0,0,0,0,1.4686,656.09,195.36,967.73,10237.7,9323.36,0,0.0769,0.119,0,0
2026-08-27T20:10:18.467563+00:00,evasive_lateral_v1,evasive_lateral_v1__cd71e9230dae,lateral_movement,T1021.002,2,2,1.0,0.9743,0.0361,17047.82,12785.87,0.516,16,12,0.8687,1.3588,1.5552,0.1179,1.909,0,1,0,0,0,0,1.2914,1065.49,131.39,1196.88,8891.26,7898.48,0,0.0388,0.9597,0,0
2026-08-27T20:10:23.467563+00:00,evasive_lateral_v1,evasive_lateral_v1__cd71e9230dae,lateral_movement,T1021.002,6,3,1.4591,0.9926,0.0,25989.43,29702.2,0.5398,42,48,1.1043,3.163,1.7113,0.3434,2.7414,0,2,0,0,0,0,0.8689,618.8,193.61,1008.72,9509.84,8170.23,0,0.0975,0.0773,0,0
2026-08-27T20:10:28.467563+00:00,evasive_lateral_v1,evasive_lateral_v1__cd71e9230dae,lateral_movement,T1021.002,3,2,0.9183,0.9659,0.0511,17913.06,12795.04,0.6245,21,15,0.848,2.0562,1.5413,0.3009,2.4439,0,1,0,0,0,0,1.3351,853.0,227.93,1157.09,6463.43,6397.94,0,0.0965,1.353,0,0
2026-08-27T20:10:33.467563+00:00,evasive_lateral_v1,evasive_lateral_v1__cd71e9230dae,lateral_movement,T1021.002,5,2,0.971,0.9973,0.0,15267.82,30535.64,0.6152,25,50,2.1176,4.2767,1.6076,0.3524,2.6647,0,2,0,0,0,0,0.4986,610.71,136.11,793.39,7820.66,8265.82,0,0.0994,0.9152,0,0
2026-08-27T20:10:38.467563+00:00,evasive_lateral_v1,evasive_lateral_v1__cd71e9230dae,lateral_movement,T1021.002,3,1,-0.0,1.0,0.0,13573.93,10557.5,0.6256,18,14,1.6646,4.3337,1.2152,0.1899,1.785,0,1,0,0,0,0,1.2773,754.11,292.9,983.76,7111.37,7282.34,0,0.0216,1.8424,0,0
2026-08-27T20:10:43.467563+00:00,evasive_lateral_v1,evasive_lateral_v1__cd71e9230dae,lateral_movement,T1021.002,12,3,1.5,1.0,0.0,45640.1,27891.17,0.5433,72,44,2.0369,3.4079,1.4063,0.2487,2.1524,2,6,0,0,1,0,1.6211,633.89,229.13,1209.33,9328.62,6699.54,0,0.0781,1.1571,0,1
2026-08-27T20:10:48.467563+00:00,evasive_lateral_v1,evasive_lateral_v1__cd71e9230dae,lateral_movement,T1021.002,5,2,0.7219,0.9803,0.0231,34089.7,31248.89,0.5961,60,55,0.8785,1.5,1.6343,0.2074,2.2565,0,2,0,0,0,0,1.0802,568.16,149.15,743.77,8642.64,8374.21,0,0.073,0.6345,0,0
2026-08-27T20:10:53.467563+00:00,evasive_lateral_v1,evasive_lateral_v1__cd71e9230dae,lateral_movement,T1021.002,4,3,1.5,1.0,0.0,9808.46,9195.43,0.5191,16,15,1.497,1.9204,1.4332,0.1388,1.8496,0,1,0,0,0,0,1.0337,613.03,200.99,900.04,6410.01,8927.22,0,0.1255,0.5313,0,0
2026-08-27T20:10:58.467563+00:00,evasive_lateral_v1,evasive_lateral_v1__cd71e9230dae,lateral_movement,T1021.002,2,2,1.0,1.0,0.0137,5677.75,2838.87,0.5786,8,4,1.562,4.6197,1.6592,0.335,2.6641,0,0,0,0,0,0,1.6624,709.72,267.04,976.76,7110.21,7928.73,0,0.0465,0.6089,0,0
2026-08-27T20:11:03.467563+00:00,evasive_lateral_v1,evasive_lateral_v1__cd71e9230dae,lateral_movement,T1021.002,7,3,1.5567,0.9978,0.0,4910.74,2806.14,0.5074,7,4,2.0092,3.797,1.5144,0.2536,2.2752,0,3,0,0,0,0,1.6881,701.53,250.08,1148.03,8749.75,9322.58,0,0.0298,1.9679,0,0
2026-08-27T20:11:08.467563+00:00,evasive_lateral_v1,evasive_lateral_v1__cd71e9230dae,lateral_movement,T1021.002,3,3,1.317,0.9597,0.0624,9702.95,7427.498,0.5801,22,17,0.8665,1.1322,1.4168,0.3087,2.3428,0,1,0,0,0,0,1.2782,508.006,126.994,641.054,7868.034,8185.12,0,0.0451,1.7413,0,0
2026-08-27T20:11:13.467563+00:00,evasive_lateral_v1,evasive_lateral_v1__cd71e9230dae,lateral_movement,T1021.002,1,1,-0.0,1.0,0.0,4595.5,3829.58,0.567,6,5,0.9886,1.349,1.4047,0.3106,2.3366,0,0,0,0,0,0,1.0685,765.92,0.0,765.92,8031.63,9352.31,0,0.0529,1.2331,0,0
2026-08-27T20:11:18.467563+00:00,evasive_lateral_v1,evasive_lateral_v1__cd71e9230dae,lateral_movement,T1021.002,4,2,0.8113,0.9547,0.0547,16157.88,12118.41,0.64,20,15,1.7039,4.723,1.1285,0.0863,1.3873,0,1,0,0,0,0,1.323,807.89,222.64,1124.56,7393.89,9039.53,0,0.0685,0.363,0,0
2026-08-27T20:11:23.467563+00:00,evasive_lateral_v1,evasive_lateral_v1__cd71e9230dae,lateral_movement,T1021.002,6,3,1.585,0.9792,0.0271,22630.29,13578.17,0.5705,30,18,1.5821,3.3685,1.1472,0.2249,1.8218,1,2,0,0,0,0,1.6494,754.34,270.53,1227.46,8517.14,8714.78,0,0.0886,1.3018,0,0
2026-08-27T20:11:28.467563+00:00,evasive_lateral_v1,evasive_lateral_v1__cd71e9230dae,lateral_movement,T1021.002,3,2,0.9183,1.0,0.0,6988.42,6211.93,0.6124,9,8,1.243,3.2073,1.2111,0.1724,1.7281,0,1,0,0,0,0,1.0523,776.49,307.61,1179.86,9588.94,6660.69,0,0.0804,1.9531,0,0
2026-08-27T20:11:33.467563+00:00,evasive_lateral_v1,evasive_lateral_v1__cd71e9230dae,lateral_movement,T1021.002,2,1,-0.0,0.9264,0.0848,11270.02,11974.4,0.6568,16,17,1.37,1.7521,1.4453,0.2961,2.3336,0,0,0,0,0,0,0.9364,704.38,48.79,753.16,7126.32,7481.38,0,0.0516,0.7192,0,0
2026-08-27T20:11:38.467563+00:00,evasive_lateral_v1,evasive_lateral_v1__cd71e9230dae,lateral_movement,T1021.002,3,3,1.585,1.0,0.0088,15792.86,15134.83,0.4854,24,23,1.102,2.6307,1.3766,0.212,2.0125,0,1,0,0,0,0,1.0022,658.04,248.31,951.6,7000.93,8402.2,0,0.0796,1.1329,0,0
2026-08-27T20:11:43.467563+00:00,evasive_lateral_v1,evasive_lateral_v1__cd71e9230dae,lateral_movement,T1021.002,5,2,0.7219,0.9742,0.0087,24062.49,14437.5,0.5561,30,18,1.6711,4.9099,1.2261,0.2555,1.9927,0,2,0,0,0,0,1.6063,802.08,126.1,966.02,7463.97,8903.02,0,0.0491,0.1859,0,0
2026-08-27T20:11:48.467563+00:00,evasive_lateral_v1,evasive_lateral_v1__cd71e9230dae,lateral_movement,T1021.002,5,3,1.5219,1.0,0.0,15774.48,11042.14,0.6266,20,14,0.9717,2.2188,1.4776,0.2239,2.1493,0,2,0,0,0,0,1.3706,788.72,308.85,1228.26,7368.59,6778.29,0,0.0766,0.5807,0,0
2026-08-27T20:11:53.467563+00:00,evasive_lateral_v1,evasive_lateral_v1__cd71e9230dae,reconnaissance,T1046,3,2,0.9183,1.0,0.0,8453.75,5635.83,0.6082,12,8,1.2585,3.3313,1.4614,0.2419,2.1872,0,1,0,0,0,0,1.3461,704.48,102.46,842.57,6712.01,9136.17,0,0.0413,1.5791,0,0
2026-08-27T20:11:58.467563+00:00,evasive_lateral_v1,evasive_lateral_v1__cd71e9230dae,reconnaissance,T1046,1,1,-0.0,1.0,0.0,3358.78,2399.13,0.6311,7,5,0.8836,2.3384,1.4849,0.2955,2.3715,0,0,0,0,0,0,1.1846,479.83,0.0,479.83,9678.72,8215.27,0,0.0455,0.7733,0,0
2026-08-27T20:12:03.467563+00:00,evasive_lateral_v1,evasive_lateral_v1__cd71e9230dae,reconnaissance,T1046,7,4,1.7624,0.9482,0.0511,39308.942,36122.538,0.5512,62,57,0.9505,2.406,1.2178,0.2515,1.9721,0,3,0,0,0,0,1.0932,627.526,207.866,1008.334,5873.594,8284.232,0,0.0422,1.777,0,0
2026-08-27T20:12:08.467563+00:00,evasive_lateral_v1,evasive_lateral_v1__cd71e9230dae,reconnaissance,T1046,4,3,1.2516,0.9791,0.018,12832.67,12965.698,0.5979,24,23,1.2181,1.5465,1.3163,0.1843,1.8692,0,1,0,0,0,0,0.9294,630.086,117.514,790.574,9513.93,8861.688,0,0.07,1.9613,0,0
2026-08-27T20:12:13.467563+00:00,evasive_lateral_v1,evasive_lateral_v1__cd71e9230dae,reconnaissance,T1046,6,3,1.4591,1.0,0.0,7112.17,5334.12,0.6021,12,9,0.7481,0.9501,1.5984,0.3014,2.5027,0,2,0,0,0,0,1.2679,592.68,118.63,752.8,7893.77,8741.79,0,0.1102,0.9696,0,0
2026-08-27T20:12:18.467563+00:00,evasive_lateral_v1,evasive_lateral_v1__cd71e9230dae,lateral_movement,T1021.002,1,1,-0.0,0.9723,0.0512,4169.15,4169.15,0.5025,6,6,2.2853,3.4976,1.6063,0.2088,2.2327,0,0,0,0,0,0,0.9397,694.86,0.0,694.86,8204.6,6833.33,0,0.0377,1.1667,0,0
2026-08-27T20:12:23.467563+00:00,evasive_lateral_v1,evasive_lateral_v1__cd71e9230dae,lateral_movement,T1021.002,5,3,1.5219,0.9754,0.052,25997.85,23769.47,0.572,35,32,1.4502,4.1658,1.6369,0.2868,2.4972,0,2,0,0,0,0,1.0838,742.8,291.94,1261.96,7450.3,4480.01,0,0.0233,0.5903,0,0
2026-08-27T20:12:28.467563+00:00,evasive_lateral_v1,evasive_lateral_v1__cd71e9230dae,lateral_movement,T1021.002,4,2,0.8113,1.0,0.0335,14156.11,10027.24,0.5805,24,17,1.4144,1.9672,1.2708,0.2076,1.8938,0,1,0,0,0,0,1.355,589.84,201.78,909.21,9318.73,8855.15,0,0.0863,1.0739,0,0
2026-08-27T20:12:33.467563+00:00,evasive_lateral_v1,evasive_lateral_v1__cd71e9230dae,lateral_movement,T1021.002,6,3,1.4591,1.0,0.0061,32530.63,17814.39,0.6642,42,23,1.7874,3.1669,1.3595,0.1413,1.7836,0,3,0,0,0,0,1.7622,774.54,251.96,1149.77,8647.07,7502.56,0,0.1076,0.5708,0,0
2026-08-27T20:12:38.467563+00:00,evasive_lateral_v1,evasive_lateral_v1__cd71e9230dae,lateral_movement,T1021.002,1,1,-0.0,0.9778,0.0235,2101.18,2101.18,0.5629,3,3,2.0785,3.7236,1.8183,0.1605,2.2997,0,0,0,0,0,0,0.8952,700.39,0.0,700.39,8681.75,8242.95,0,0.0595,1.4654,0,0
2026-08-27T20:12:43.467563+00:00,evasive_lateral_v1,evasive_lateral_v1__cd71e9230dae,lateral_movement,T1021.002,3,2,0.9183,1.0,0.0,5968.38,4642.07,0.6477,9,7,0.87,2.5343,1.5998,0.2268,2.2802,0,1,0,0,0,0,1.1272,663.15,50.44,721.27,8521.9,9759.46,0,0.0669,0.5919,0,0
2026-08-27T20:12:48.467563+00:00,evasive_lateral_v1,evasive_lateral_v1__cd71e9230dae,lateral_movement,T1021.002,2,2,1.0,0.9686,0.0203,9419.08,7325.95,0.546,18,14,1.4169,2.3918,1.2131,0.2344,1.9164,0,1,0,0,0,0,1.2057,523.28,138.42,661.7,7701.9,6835.73,0,0.0887,1.1475,0,0
2026-08-27T20:12:53.467563+00:00,evasive_lateral_v1,evasive_lateral_v1__cd71e9230dae,lateral_movement,T1021.002,3,2,0.9183,0.9959,0.0198,7391.05,6405.58,0.6224,15,13,1.6303,3.5315,1.7006,0.3629,2.7892,0,1,0,0,0,0,1.1342,492.74,188.21,675.12,7797.24,9740.73,0,0.107,0.3036,0,1
2026-08-27T20:12:58.467563+00:00,evasive_lateral_v1,evasive_lateral_v1__cd71e9230dae,lateral_movement,T1021.002,5,3,1.371,0.9808,0.0,27308.43,26528.19,0.6996,35,34,0.9928,2.9685,1.7675,0.3915,2.9421,0,2,0,0,0,0,1.0055,780.24,188.01,1041.42,8127.68,8746.86,0,0.094,0.3102,0,0
2026-08-27T20:13:03.467563+00:00,evasive_lateral_v1,evasive_lateral_v1__cd71e9230dae,lateral_movement,T1021.002,5,3,1.5219,0.977,0.0178,24831.83,16761.49,0.6736,40,27,1.2818,1.9077,1.1646,0.1341,1.5669,0,2,0,0,0,0,1.4631,620.8,237.33,1066.39,8888.71,8971.37,0,0.0728,1.6246,0,0
2026-08-27T20:13:08.467563+00:00,evasive_lateral_v1,evasive_lateral_v1__cd71e9230dae,lateral_movement,T1021.002,5,2,0.971,1.0,0.0438,15774.69,14985.96,0.651,20,19,1.6689,4.8771,1.2719,0.1097,1.6011,0,2,0,0,0,0,1.0245,788.73,303.72,1183.55,9777.67,7003.63,0,0.0813,0.365,0,0
2026-08-27T20:13:13.467563+00:00,evasive_lateral_v1,evasive_lateral_v1__cd71e9230dae,lateral_movement,T1021.002,4,3,1.5,1.0,0.0,13436.04,20713.9,0.6196,24,37,1.5674,2.1536,1.3079,0.2667,2.1079,0,1,0,0,0,0,0.6472,559.84,166.84,829.9,8443.97,7922.29,0,0.1047,2.5369,0,0
2026-08-27T20:13:18.467563+00:00,evasive_lateral_v1,evasive_lateral_v1__cd71e9230dae,lateral_movement,T1021.002,3,2,0.9183,1.0,0.0391,6106.62,4071.08,0.6376,9,6,2.201,5.7663,1.683,0.3256,2.6599,0,1,0,0,0,0,1.3486,678.51,215.06,967.3,7659.0,6975.18,0,0.0237,0.8082,0,0
2026-08-27T20:13:23.467563+00:00,evasive_lateral_v1,evasive_lateral_v1__cd71e9230dae,reconnaissance,T1046,4,3,1.166,0.9774,0.0275,12659.078,8625.778,0.6272,25,17,1.7935,2.9133,1.597,0.3272,2.5787,0,1,0,0,0,0,1.522,584.55,146.258,818.494,7683.09,7529.08,0,0.0495,1.9868,1,0
2026-08-27T20:13:28.467563+00:00,evasive_lateral_v1,evasive_lateral_v1__cd71e9230dae,reconnaissance,T1046,3,2,0.9183,0.9914,0.0,19059.03,14117.8,0.5512,27,20,0.9309,2.7208,1.4584,0.127,1.8394,0,1,0,0,0,0,1.3237,705.89,367.19,1170.6,8411.84,7591.09,0,0.0887,0.0987,0,0
2026-08-27T20:13:33.467563+00:00,evasive_lateral_v1,evasive_lateral_v1__cd71e9230dae,reconnaissance,T1046,6,3,1.4591,1.0,0.0,13550.4,13550.4,0.5959,18,18,1.6539,3.8967,1.5716,0.2919,2.4473,1,3,0,0,0,0,0.9987,752.8,131.59,924.51,7935.05,5761.62,0,0.1092,0.9148,0,0
2026-08-27T20:13:38.467563+00:00,evasive_lateral_v1,evasive_lateral_v1__cd71e9230dae,reconnaissance,T1046,1,1,-0.0,1.0,0.0,7249.8,5437.35,0.6033,8,6,0.7747,1.7275,1.254,0.2404,1.9751,0,0,0,0,0,0,1.1753,906.23,0.0,906.23,8546.21,6107.8,0,0.0,0.9505,0,0
2026-08-27T20:13:43.467563+00:00,evasive_lateral_v1,evasive_lateral_v1__cd71e9230dae,reconnaissance,T1046,2,1,-0.0,0.9849,0.0141,6284.58,5656.12,0.6385,10,9,1.4897,1.8867,1.2494,0.2083,1.8742,0,0,0,0,0,0,1.0048,628.46,293.62,922.08,9199.72,8082.65,0,0.0099,1.2922,0,0
2026-08-27T20:13:48.467563+00:00,evasive_lateral_v1,evasive_lateral_v1__cd71e9230dae,reconnaissance,T1046,3,2,0.9183,0.9833,0.0062,3604.79,3003.99,0.5374,6,5,2.141,4.6401,1.6118,0.1678,2.1152,0,1,0,0,0,0,1.1433,600.8,126.68,738.03,7477.87,9574.67,0,0.0081,1.7949,1,0
2026-08-27T20:13:53.467563+00:00,evasive_lateral_v1,evasive_lateral_v1__cd71e9230dae,reconnaissance,T1046,3,2,0.9183,1.0,0.0,4172.7,2781.8,0.6006,6,4,1.9716,3.5641,1.3797,0.1832,1.9293,0,1,0,0,0,0,1.4931,695.45,46.78,747.95,9547.23,9723.25,0,0.0768,0.9954,0,0
2026-08-27T20:13:58.467563+00:00,evasive_lateral_v1,evasive_lateral_v1__cd71e9230dae,reconnaissance,T1046,4,3,1.5,1.0,0.0192,26951.27,25828.3,0.5341,24,23,2.3301,3.2987,1.6022,0.2966,2.4922,0,2,0,0,0,0,1.0368,1122.97,635.13,2194.19,8612.42,9906.6,0,0.0759,0.8012,0,0
2026-08-27T20:14:03.467563+00:00,evasive_lateral_v1,evasive_lateral_v1__cd71e9230dae,lateral_movement,T1021.002,3,3,1.585,0.9973,0.0,8671.16,9827.32,0.5676,15,17,1.7566,5.2301,1.5023,0.3045,2.4157,0,1,0,0,0,0,0.8665,578.08,253.66,910.54,8983.26,8564.2,0,0.0825,1.108,0,0
2026-08-27T20:14:08.467563+00:00,evasive_lateral_v1,evasive_lateral_v1__cd71e9230dae,lateral_movement,T1021.002,1,1,-0.0,1.0,0.0126,3227.36,5378.93,0.6372,6,10,1.7685,4.6335,1.3338,0.1723,1.8507,0,0,0,0,0,0,0.5999,537.89,0.0,537.89,7379.48,7275.08,0,0.0345,0.5636,0,0
2026-08-27T20:14:13.467563+00:00,evasive_lateral_v1,evasive_lateral_v1__cd71e9230dae,lateral_movement,T1021.002,3,2,0.9183,0.9734,0.0148,27402.35,22327.84,0.6191,27,22,1.8846,2.9328,1.6961,0.1552,2.1616,0,1,0,0,0,0,1.2001,1014.9,208.68,1202.84,9236.9,8678.68,0,0.118,1.4274,0,0
2026-08-27T20:14:18.467563+00:00,evasive_lateral_v1,evasive_lateral_v1__cd71e9230dae,lateral_movement,T1021.002,9,3,1.3516,1.0,0.0,17807.9,14510.14,0.6599,27,22,1.5939,3.3628,1.4315,0.1272,1.813,1,4,0,0,1,0,1.2267,659.55,257.34,1092.61,8989.32,6632.47,0,0.098,1.0737,0,1
2026-08-27T20:14:23.467563+00:00,evasive_lateral_v1,evasive_lateral_v1__cd71e9230dae,lateral_movement,T1021.002,2,1,-0.0,1.0,0.0013,20374.09,16978.41,0.625,24,20,1.5018,2.8506,1.2149,0.2115,1.8494,0,1,0,0,0,0,1.147,848.92,19.0,867.92,9110.21,7540.36,0,0.0258,0.3656,0,0
2026-08-27T20:14:28.467563+00:00,evasive_lateral_v1,evasive_lateral_v1__cd71e9230dae,lateral_movement,T1021.002,4,2,1.0,0.9624,0.0247,31224.57,25153.12,0.5733,36,29,1.9609,2.973,1.5204,0.2006,2.1223,0,1,0,0,0,0,1.2227,867.35,155.83,1129.62,8290.11,8363.94,0,0.0427,1.1968,1,0
2026-08-27T20:14:33.467563+00:00,evasive_lateral_v1,evasive_lateral_v1__cd71e9230dae,lateral_movement,T1021.002,3,3,1.585,0.9886,0.0,22659.56,17624.1,0.6246,27,21,2.2935,5.6623,1.5148,0.2329,2.2135,0,1,0,0,0,0,1.2489,839.24,167.75,973.44,7409.66,8744.05,0,0.1049,1.2069,0,0
2026-08-27T20:14:38.467563+00:00,evasive_lateral_v1,evasive_lateral_v1__cd71e9230dae,lateral_movement,T1021.002,5,3,1.5219,1.0,0.0,24219.87,18299.46,0.5848,45,34,1.9266,3.3889,1.5184,0.1884,2.0835,0,2,0,0,0,0,1.3048,538.22,57.03,643.48,9550.66,7235.13,0,0.093,0.7296,0,0
2026-08-27T20:14:43.467563+00:00,evasive_lateral_v1,evasive_lateral_v1__cd71e9230dae,lateral_movement,T1021.002,4,4,1.785,0.9791,0.018,12695.262,13355.754,0.5929,24,24,1.4349,3.1142,1.5587,0.1772,2.0903,0,1,0,0,0,0,0.9084,620.926,170.25,857.286,8483.866,7663.64,0,0.0795,2.0131,0,0
2026-08-27T20:14:48.467563+00:00,evasive_lateral_v1,evasive_lateral_v1__cd71e9230dae,lateral_movement,T1021.002,3,2,0.9183,0.9806,0.0025,12434.36,9473.8,0.6865,21,16,1.214,2.5384,1.3986,0.1886,1.9643,0,1,0,0,0,0,1.3085,592.11,285.38,983.44,7495.76,6674.65,0,0.043,1.2079,0,0
2026-08-27T20:14:53.467563+00:00,evasive_lateral_v1,evasive_lateral_v1__cd71e9230dae,lateral_movement,T1021.002,3,3,1.585,1.0,0.0281,18683.36,16014.31,0.5326,21,18,1.91,4.9482,1.3759,0.1356,1.7828,0,1,0,0,0,0,1.1064,889.68,203.68,1062.03,8128.88,7548.44,0,0.1248,1.3724,0,0
2026-08-27T20:14:58.467563+00:00,evasive_lateral_v1,evasive_lateral_v1__cd71e9230dae,lateral_movement,T1021.002,2,2,1.0,1.0,0.0,11940.88,9382.12,0.6521,14,11,0.743,1.6808,1.3543,0.1906,1.9262,0,1,0,0,0,0,1.2682,852.92,37.41,890.33,9355.3,7863.15,0,0.1035,1.1753,0,0
2026-08-27T20:15:03.467563+00:00,evasive_lateral_v1,evasive_lateral_v1__cd71e9230dae,lateral_movement,T1021.002,3,2,0.9183,0.9834,0.0109,14562.83,12482.43,0.6941,21,18,1.9451,3.118,1.4557,0.2948,2.3401,0,1,0,0,0,0,1.1574,693.47,188.77,944.19,6674.25,5339.72,0,0.0454,1.5879,0,0
2026-08-27T20:15:08.467563+00:00,evasive_lateral_v1,evasive_lateral_v1__cd71e9230dae,lateral_movement,T1021.002,3,1,-0.0,0.9484,0.0431,5650.04,7533.39,0.5596,6,8,1.0185,2.746,1.1805,0.1748,1.705,0,1,0,0,0,0,0.7131,941.67,315.1,1224.88,6344.35,7926.86,0,0.0,1.3618,0,0
2026-08-27T20:15:13.467563+00:00,evasive_lateral_v1,evasive_lateral_v1__cd71e9230dae,lateral_movement,T1021.002,6,3,1.4591,1.0,0.0313,18085.61,15071.34,0.6963,24,20,1.7561,4.8048,1.342,0.1459,1.7796,0,2,0,0,0,0,1.1669,753.57,387.68,1386.08,8384.54,8357.84,0,0.1005,0.5459,0,0
2026-08-27T20:15:18.467563+00:00,evasive_lateral_v1,evasive_lateral_v1__cd71e9230dae,lateral_movement,T1021.002,7,3,1.5567,1.0,0.0186,15251.35,9259.75,0.5683,28,17,1.1634,2.8022,1.2343,0.1069,1.555,1,3,0,0,0,0,1.5912,544.69,145.05,734.17,8602.64,9988.25,0,0.0748,1.1101,0,0
2026-08-27T20:15:23.467563+00:00,evasive_lateral_v1,evasive_lateral_v1__cd71e9230dae,lateral_movement,T1021.002,2,1,-0.0,0.9809,0.001,8474.21,5826.02,0.5676,16,11,1.8768,4.0143,1.7805,0.2207,2.4425,0,1,0,0,0,0,1.3677,529.64,100.52,630.16,9658.38,6013.8,0,0.0161,1.2234,0,0
2026-08-27T20:15:28.467563+00:00,evasive_lateral_v1,evasive_lateral_v1__cd71e9230dae,lateral_movement,T1021.002,2,2,1.0,1.0,0.0026,10466.48,8223.66,0.6191,14,11,1.01,2.5383,1.3363,0.1956,1.9232,0,1,0,0,0,0,1.2125,747.61,32.52,780.13,7721.01,8122.48,0,0.0427,0.9742,0,0
2026-08-27T20:15:33.467563+00:00,evasive_lateral_v1,evasive_lateral_v1__cd71e9230dae,lateral_movement,T1021.002,4,3,1.5,1.0,0.0,5421.39,4066.04,0.5269,12,9,1.6152,2.2629,1.1122,0.1363,1.5209,0,1,0,0,0,0,1.3308,451.78,148.19,707.85,7362.02,7066.83,0,0.0783,1.2359,0,1
2026-08-27T20:15:38.467563+00:00,evasive_lateral_v1,evasive_lateral_v1__cd71e9230dae,lateral_movement,T1021.002,4,2,1.0,1.0,0.0,13881.41,9716.99,0.5707,20,14,2.3934,6.3418,1.6082,0.1682,2.1128,0,2,0,0,0,0,1.3847,694.07,267.8,1131.23,7662.63,9276.08,0,0.0772,1.2942,1,0
2026-08-27T20:15:43.467563+00:00,evasive_lateral_v1,evasive_lateral_v1__cd71e9230dae,lateral_movement,T1021.002,4,1,-0.0,0.9658,0.0592,13878.72,7517.64,0.6052,24,13,0.8632,1.631,1.3463,0.1956,1.9332,0,1,0,0,0,0,1.8378,578.28,88.45,676.71,8691.96,5565.93,0,0.0606,0.3423,0,0
2026-08-27T20:15:48.467563+00:00,evasive_lateral_v1,evasive_lateral_v1__cd71e9230dae,lateral_movement,T1021.002,7,3,1.3052,0.9791,0.0439,35595.342,45474.202,0.6611,62,77,1.1382,2.9674,1.3906,0.2683,2.1955,1,3,0,0,0,0,0.8374,568.582,201.33,923.054,8445.01,9029.096,0,0.031,1.7495,0,0
2026-08-27T20:15:53.467563+00:00,evasive_lateral_v1,evasive_lateral_v1__cd71e9230dae,lateral_movement,T1021.002,2,2,0.517,0.9424,0.0419,13027.11,6726.154,0.5535,18,12,1.4749,2.9817,1.4454,0.2868,2.306,0,1,0,0,0,0,2.1129,1139.958,20.898,1166.91,8313.202,8281.632,0,0.0103,1.7597,0,0
2026-08-27T20:15:58.467563+00:00,evasive_lateral_v1,evasive_lateral_v1__cd71e9230dae,lateral_movement,T1021.002,3,2,0.9183,0.9718,0.0108,10792.66,14390.21,0.5635,12,16,2.1417,6.3834,1.4619,0.227,2.143,0,1,0,0,0,0,0.7113,899.39,148.12,1087.76,7927.24,8123.28,0,0.0097,0.7702,0,0
2026-08-27T20:16:03.467563+00:00,evasive_lateral_v1,evasive_lateral_v1__cd71e9230dae,lateral_movement,T1021.002,2,1,-0.0,0.993,0.0081,7786.47,6117.94,0.5215,14,11,2.3217,3.4454,1.4469,0.1981,2.0413,0,1,0,0,0,0,1.2379,556.18,260.75,816.93,7182.44,6938.68,0,0.0489,1.2142,0,0
2026-08-27T20:16:08.467563+00:00,evasive_lateral_v1,evasive_lateral_v1__cd71e9230dae,reconnaissance,T1046,0,0,0.0,0.9915,0.0223,0.0,0.0,0.5535,0,0,1.6795,3.493,1.3014,0.2497,2.0506,0,0,0,0,0,0,1.5353,1091.68,0.0,1091.68,8825.76,9538.58,0,0.0,0.1423,0,0
2026-08-27T20:16:13.467563+00:00,evasive_lateral_v1,evasive_lateral_v1__cd71e9230dae,reconnaissance,T1046,7,3,1.4488,1.0,0.0055,35779.93,27747.7,0.565,49,38,0.8966,2.1486,1.3748,0.1504,1.8261,1,3,0,0,0,0,1.2706,730.2,221.55,1237.61,8621.9,7679.46,0,0.0511,0.7445,0,0
2026-08-27T20:16:18.467563+00:00,evasive_lateral_v1,evasive_lateral_v1__cd71e9230dae,reconnaissance,T1046,5,2,0.971,1.0,0.0,19095.7,10820.9,0.6114,30,17,1.6084,3.7493,1.2351,0.2315,1.9295,0,2,0,0,0,0,1.7337,636.52,125.75,771.02,8084.39,8392.17,0,0.0618,1.0572,0,0
2026-08-27T20:16:23.467563+00:00,evasive_lateral_v1,evasive_lateral_v1__cd71e9230dae,reconnaissance,T1046,7,3,1.4488,1.0,0.0231,17019.02,23097.24,0.5897,28,38,1.7049,4.864,1.2655,0.2658,2.0629,1,3,0,0,1,0,0.7266,607.82,148.8,842.35,8059.6,6256.65,0,0.1393,0.2737,0,0
2026-08-27T20:16:28.467563+00:00,evasive_lateral_v1,evasive_lateral_v1__cd71e9230dae,lateral_movement,T1021.002,6,3,1.4591,1.0,0.0,47640.51,34407.04,0.7066,72,52,1.6053,2.593,1.2243,0.2002,1.825,1,2,0,0,0,0,1.3799,661.67,225.09,1031.78,8451.21,7940.3,0,0.0358,0.647,0,0
2026-08-27T20:16:33.467563+00:00,evasive_lateral_v1,evasive_lateral_v1__cd71e9230dae,lateral_movement,T1021.002,6,4,1.6843,0.9549,0.0266,25143.062,22637.73,0.5047,55,49,1.2192,1.7957,1.4404,0.1552,1.9058,0,2,0,0,0,0,1.0986,457.262,68.874,574.51,7932.018,8255.024,0,0.1013,1.5711,0,1
2026-08-27T20:16:38.467563+00:00,evasive_lateral_v1,evasive_lateral_v1__cd71e9230dae,lateral_movement,T1021.002,5,3,1.371,0.9445,0.0441,22394.18,20154.76,0.5516,30,27,1.5064,4.1109,1.4846,0.2091,2.1118,0,2,0,0,0,0,1.0765,746.47,126.14,950.97,8386.96,7384.81,0,0.0629,0.9408,0,0
2026-08-27T20:16:43.467563+00:00,evasive_lateral_v1,evasive_lateral_v1__cd71e9230dae,lateral_movement,T1021.002,4,3,1.5,0.9778,0.027,6171.16,7199.69,0.6121,12,14,1.649,3.4813,1.5443,0.287,2.4054,0,1,0,0,0,0,0.8066,514.26,199.97,854.68,9253.58,8363.15,0,0.1131,0.7446,0,0
2026-08-27T20:16:48.467563+00:00,evasive_lateral_v1,evasive_lateral_v1__cd71e9230dae,lateral_movement,T1021.002,3,2,0.9183,0.9692,0.019,12782.54,6391.27,0.5832,18,9,1.6403,4.524,1.5013,0.2654,2.2974,0,1,0,0,0,0,1.8896,710.14,156.18,921.41,9560.89,7883.53,0,0.0563,0.8446,1,0
2026-08-27T20:16:53.467563+00:00,evasive_lateral_v1,evasive_lateral_v1__cd71e9230dae,lateral_movement,T1021.002,3,2,0.517,0.9557,0.0271,10692.558,7860.506,0.6219,20,15,0.7856,1.7251,1.7971,0.2303,2.488,0,1,0,0,0,0,1.3877,693.542,122.978,822.574,8534.562,8668.296,0,0.0,1.5101,0,0
2026-08-27T20:16:58.467563+00:00,evasive_lateral_v1,evasive_lateral_v1__cd71e9230dae,lateral_movement,T1021.002,2,1,-0.0,0.9793,0.031,13426.85,10549.67,0.572,14,11,1.4988,3.5803,1.7553,0.1913,2.3293,0,0,0,0,0,0,1.1751,959.06,171.74,1130.81,8379.91,8694.21,0,0.0128,1.2972,0,0
2026-08-27T20:17:03.467563+00:00,evasive_lateral_v1,evasive_lateral_v1__cd71e9230dae,lateral_movement,T1021.002,2,2,1.0,1.0,0.0185,6927.2,5541.76,0.6479,10,8,1.7397,2.1352,1.8625,0.2276,2.5453,0,1,0,0,0,0,1.146,692.72,67.01,759.73,7421.46,7122.09,0,0.0631,0.5291,0,0
2026-08-27T20:17:08.467563+00:00,evasive_lateral_v1,evasive_lateral_v1__cd71e9230dae,lateral_movement,T1021.002,3,2,0.9183,1.0,0.0,25335.85,17828.93,0.611,27,19,1.4259,3.2731,1.6321,0.2098,2.2614,0,1,0,0,0,0,1.4168,938.36,84.89,1050.53,8485.83,10487.07,0,0.0811,1.2329,0,0
2026-08-27T20:17:13.467563+00:00,evasive_lateral_v1,evasive_lateral_v1__cd71e9230dae,lateral_movement,T1021.002,4,3,1.5,1.0,0.0,20916.6,18955.67,0.5773,32,29,1.5574,2.5079,1.1939,0.118,1.5479,0,1,0,0,0,0,1.0957,653.64,176.39,857.37,7507.29,7424.61,0,0.1218,0.2897,0,0
2026-08-27T20:17:18.467563+00:00,evasive_lateral_v1,evasive_lateral_v1__cd71e9230dae,reconnaissance,T1046,0,0,0.0,0.9827,0.0123,0.0,0.0,0.6799,0,0,1.9922,2.6813,1.4531,0.3205,2.4146,0,0,0,0,0,0,0.3396,773.54,0.0,773.54,7117.27,8253.66,0,0.0,1.3878,0,0
2026-08-27T20:17:23.467563+00:00,evasive_lateral_v1,evasive_lateral_v1__cd71e9230dae,reconnaissance,T1046,3,2,0.9183,1.0,0.0067,10656.76,9235.86,0.6002,15,13,1.4475,4.0083,1.5016,0.2134,2.1419,0,1,0,0,0,0,1.1488,710.45,274.7,916.15,8904.24,7222.72,0,0.0359,1.9436,0,0
2026-08-27T20:17:28.467563+00:00,evasive_lateral_v1,evasive_lateral_v1__cd71e9230dae,reconnaissance,T1046,3,3,1.585,1.0,0.0223,3505.37,1752.69,0.5877,6,3,1.729,3.9518,1.4434,0.1899,2.0131,0,1,0,0,0,0,1.7486,584.23,244.97,930.29,7831.01,9247.21,0,0.1255,1.5183,0,0
2026-08-27T20:17:33.467563+00:00,evasive_lateral_v1,evasive_lateral_v1__cd71e9230dae,reconnaissance,T1046,0,0,0.0,1.0,0.0,0.0,0.0,0.5216,0,0,1.237,3.0837,1.303,0.2465,2.0426,0,0,0,0,0,0,1.6792,741.86,0.0,741.86,8984.87,8048.2,0,0.0358,1.0934,0,0
2026-08-27T20:17:38.467563+00:00,evasive_lateral_v1,evasive_lateral_v1__cd71e9230dae,lateral_movement,T1021.002,1,1,-0.0,1.0,0.0,6150.49,7907.78,0.6527,7,9,2.4633,4.6404,1.3882,0.262,2.1742,0,0,0,0,0,0,0.7418,878.64,0.0,878.64,7553.64,9298.59,0,0.0353,0.0,0,0
2026-08-27T20:17:43.467563+00:00,evasive_lateral_v1,evasive_lateral_v1__cd71e9230dae,lateral_movement,T1021.002,7,3,1.5567,1.0,0.0,29140.15,25671.08,0.6354,42,37,1.483,2.5466,1.5949,0.1705,2.1064,1,3,0,0,0,0,1.1192,693.81,132.76,989.49,8899.32,7112.25,0,0.0809,1.1916,0,1
2026-08-27T20:17:48.467563+00:00,evasive_lateral_v1,evasive_lateral_v1__cd71e9230dae,lateral_movement,T1021.002,5,2,0.971,1.0,0.0129,14858.23,8914.94,0.6675,25,15,0.952,1.1703,1.2799,0.098,1.5741,0,2,0,0,0,0,1.6317,594.33,125.36,759.18,9344.36,10752.53,0,0.0582,0.5298,0,0
2026-08-27T20:17:53.467563+00:00,evasive_lateral_v1,evasive_lateral_v1__cd71e9230dae,lateral_movement,T1021.002,1,1,-0.0,0.9552,0.038,3500.58,3000.5,0.6324,7,6,1.6431,3.6864,1.5294,0.1149,1.8741,0,0,0,0,0,0,1.1548,500.08,0.0,500.08,9533.57,8407.96,0,0.1291,1.234,0,0
2026-08-27T20:17:58.467563+00:00,evasive_lateral_v1,evasive_lateral_v1__cd71e9230dae,lateral_movement,T1021.002,3,2,0.9183,1.0,0.0,8897.81,7118.25,0.5636,15,12,1.5293,1.916,1.6629,0.1486,2.1088,0,1,0,0,0,0,1.2387,593.19,223.79,852.33,7310.75,8052.3,0,0.089,0.4048,0,0
2026-08-27T20:18:03.467563+00:00,evasive_lateral_v1,evasive_lateral_v1__cd71e9230dae,lateral_movement,T1021.002,2,2,1.0,0.9747,0.044,17913.33,18908.52,0.5926,18,19,1.4673,1.9799,1.3823,0.231,2.0752,0,0,0,0,0,0,0.9107,995.19,240.16,1235.35,9201.65,10194.77,0,0.0439,1.1272,0,0
2026-08-27T20:18:08.467563+00:00,evasive_lateral_v1,evasive_lateral_v1__cd71e9230dae,lateral_movement,T1021.002,0,0,0.0,0.985,0.014,0.0,0.0,0.6642,0,0,1.1767,1.9171,1.8918,0.2389,2.6085,0,0,0,0,0,0,1.5369,446.73,0.0,446.73,9827.09,8278.81,0,0.0132,1.2726,0,0
2026-08-27T20:18:13.467563+00:00,evasive_lateral_v1,evasive_lateral_v1__cd71e9230dae,lateral_movement,T1021.002,4,2,0.8113,0.9633,0.0244,26414.35,30541.59,0.5748,32,37,0.9465,1.9764,1.4791,0.126,1.8572,0,1,0,0,0,0,0.8585,825.45,179.46,1091.26,9113.77,6056.05,0,0.0926,0.2,0,0
2026-08-27T20:18:18.467563+00:00,evasive_lateral_v1,evasive_lateral_v1__cd71e9230dae,lateral_movement,T1021.002,2,2,0.517,0.9791,0.0198,7342.366,4948.602,0.6431,15,11,1.9959,3.3024,1.4646,0.3027,2.3727,0,1,0,0,0,0,1.6504,783.598,20.898,810.55,8960.938,8119.456,0,0.0234,1.4803,0,0
2026-08-27T20:18:23.467563+00:00,evasive_lateral_v1,evasive_lateral_v1__cd71e9230dae,lateral_movement,T1021.002,2,2,1.0,1.0,0.0264,12255.81,6127.9,0.6501,12,6,1.8644,4.2652,1.5985,0.1737,2.1197,0,0,0,0,0,0,1.8513,1021.32,39.05,1060.36,8811.2,8876.64,0,0.0173,0.1175,0,0
2026-08-27T20:18:28.467563+00:00,evasive_lateral_v1,evasive_lateral_v1__cd71e9230dae,lateral_movement,T1021.002,4,2,1.0,1.0,0.0,21177.32,18824.28,0.6028,36,32,1.3556,1.9196,1.2237,0.2604,2.0048,0,1,0,0,0,0,1.1088,588.26,41.94,634.92,7760.99,8403.59,0,0.0014,1.1403,0,0
2026-08-27T20:18:33.467563+00:00,evasive_lateral_v1,evasive_lateral_v1__cd71e9230dae,reconnaissance,T1046,5,4,1.7345,0.9525,0.0382,25718.342,21029.778,0.5554,44,36,2.156,5.5272,1.8143,0.2112,2.448,0,2,0,0,0,0,1.2128,605.39,114.05,782.494,6757.394,8796.016,0,0.0804,1.9668,1,0
2026-08-27T20:18:38.467563+00:00,evasive_lateral_v1,evasive_lateral_v1__cd71e9230dae,reconnaissance,T1046,2,2,1.0,0.9804,0.0006,8138.84,7557.5,0.6093,14,13,1.9319,4.4418,1.3329,0.1357,1.7399,0,1,0,0,0,0,1.0666,581.35,14.44,595.78,6135.55,7910.37,0,0.0748,0.743,0,0
2026-08-27T20:18:43.467563+00:00,evasive_lateral_v1,evasive_lateral_v1__cd71e9230dae,reconnaissance,T1046,4,2,1.0,0.9743,0.0454,23485.22,26420.87,0.6083,32,36,1.2897,1.588,1.7489,0.1594,2.227,0,2,0,0,0,0,0.8859,733.91,268.7,1154.67,8159.83,9493.32,0,0.0728,0.5695,0,0
2026-08-27T20:18:48.467563+00:00,evasive_lateral_v1,evasive_lateral_v1__cd71e9230dae,reconnaissance,T1046,3,2,0.9183,1.0,0.0,6487.8,3784.55,0.6578,12,7,0.8168,2.0,1.8185,0.4018,3.0239,0,1,0,0,0,0,1.5819,540.65,123.3,710.44,9131.26,7910.81,0,0.1491,1.0866,0,0
2026-08-27T20:18:53.467563+00:00,evasive_lateral_v1,evasive_lateral_v1__cd71e9230dae,reconnaissance,T1046,4,2,0.517,0.9619,0.0316,19550.318,13559.546,0.5398,29,21,1.5184,2.1957,1.3215,0.2798,2.1608,0,1,0,0,0,0,1.4217,791.414,414.034,1360.718,7994.65,7973.072,0,0.0,2.0633,0,0
2026-08-27T20:18:58.467563+00:00,evasive_lateral_v1,evasive_lateral_v1__cd71e9230dae,lateral_movement,T1021.002,1,1,-0.0,0.9963,0.0222,3494.04,3494.04,0.6294,5,5,1.2627,3.0173,1.509,0.2966,2.399,0,0,0,0,0,0,0.9727,698.81,0.0,698.81,7533.54,8240.31,0,0.0527,0.914,0,0
2026-08-27T20:19:03.467563+00:00,evasive_lateral_v1,evasive_lateral_v1__cd71e9230dae,lateral_movement,T1021.002,3,3,1.317,0.9791,0.018,10148.374,8768.682,0.5631,23,20,1.0824,2.3397,1.5256,0.1618,2.0109,0,1,0,0,0,0,1.0598,477.99,67.89,551.934,8311.058,7562.328,0,0.0776,2.0025,0,0
2026-08-27T20:19:08.467563+00:00,evasive_lateral_v1,evasive_lateral_v1__cd71e9230dae,lateral_movement,T1021.002,5,3,1.2938,0.9646,0.0348,18354.934,24993.602,0.5821,28,34,1.5586,2.7676,1.4016,0.2376,2.1147,0,2,0,0,0,0,0.7591,767.462,202.066,1083.79,7942.842,8439.672,0,0.0557,2.0701,0,0
2026-08-27T20:19:13.467563+00:00,evasive_lateral_v1,evasive_lateral_v1__cd71e9230dae,lateral_movement,T1021.002,3,2,0.9183,0.9396,0.0566,16539.77,22053.03,0.4608,18,24,1.3333,1.8762,1.376,0.2333,2.0759,0,1,0,0,0,0,0.7232,918.88,267.6,1192.62,8919.62,8354.84,0,0.1123,0.9144,0,0
2026-08-27T20:19:18.467563+00:00,evasive_lateral_v1,evasive_lateral_v1__cd71e9230dae,lateral_movement,T1021.002,3,2,0.9183,1.0,0.0,16521.72,9178.73,0.601,18,10,1.7771,2.5226,1.5912,0.3069,2.5118,0,1,0,0,0,0,1.6459,917.87,293.03,1281.0,7201.62,7465.75,0,0.0245,1.4104,0,0
2026-08-27T20:19:23.467563+00:00,evasive_lateral_v1,evasive_lateral_v1__cd71e9230dae,lateral_movement,T1021.002,3,2,0.9183,1.0,0.0237,4585.59,3057.06,0.6785,6,4,0.7847,1.9715,1.4609,0.1841,2.0132,0,1,0,0,0,0,1.3123,764.26,163.26,994.98,9318.51,8234.47,0,0.0604,0.8034,0,0
2026-08-27T20:19:28.467563+00:00,evasive_lateral_v1,evasive_lateral_v1__cd71e9230dae,lateral_movement,T1021.002,1,1,-0.0,0.9846,0.0,4213.21,2633.26,0.4972,8,5,2.2933,3.2923,1.6672,0.3389,2.6838,0,0,0,0,0,0,1.4118,526.65,0.0,526.65,9850.03,7661.47,0,0.0,1.3491,0,0
2026-08-27T20:19:33.467563+00:00,evasive_lateral_v1,evasive_lateral_v1__cd71e9230dae,lateral_movement,T1021.002,2,2,1.0,0.9563,0.029,7320.32,7320.32,0.6343,8,8,1.6073,2.8916,1.2651,0.1714,1.7792,0,0,0,0,0,0,0.9224,915.04,481.48,1396.52,8993.14,8931.79,0,0.0266,0.3156,0,0
2026-08-27T20:19:38.467563+00:00,evasive_lateral_v1,evasive_lateral_v1__cd71e9230dae,lateral_movement,T1021.002,5,2,0.971,0.9632,0.0432,28734.33,22166.48,0.5553,35,27,1.0364,2.7921,1.3358,0.1993,1.9337,0,2,0,0,0,0,1.2866,820.98,430.6,1645.99,6843.61,7964.2,0,0.0636,1.259,0,0
2026-08-27T20:19:43.467563+00:00,evasive_lateral_v1,evasive_lateral_v1__cd71e9230dae,lateral_movement,T1021.002,4,3,1.5,1.0,0.0,11240.17,8992.14,0.6329,20,16,0.9685,2.8917,1.5311,0.3295,2.5195,0,2,0,0,0,0,1.2007,562.01,217.65,932.12,7066.46,7630.75,0,0.0628,1.1459,0,0
2026-08-27T20:19:48.467563+00:00,evasive_lateral_v1,evasive_lateral_v1__cd71e9230dae,lateral_movement,T1021.002,2,2,1.0,1.0,0.0548,12487.18,7378.79,0.637,22,13,0.928,2.2083,1.473,0.3173,2.4249,0,1,0,0,0,0,1.59,567.6,186.19,753.79,8207.71,7333.36,0,0.0941,1.3491,0,0
2026-08-27T20:19:53.467563+00:00,evasive_lateral_v1,evasive_lateral_v1__cd71e9230dae,lateral_movement,T1021.002,4,3,1.5,1.0,0.0,4962.48,2481.24,0.6177,8,4,1.4628,2.8896,1.1525,0.0955,1.4388,0,2,0,0,0,0,1.6233,620.31,23.54,651.09,7897.71,7060.24,0,0.0492,0.7039,0,0
2026-08-27T20:19:58.467563+00:00,evasive_lateral_v1,evasive_lateral_v1__cd71e9230dae,reconnaissance,T1046,3,3,1.317,0.9498,0.0747,14142.79,13701.17,0.58,26,25,1.4738,3.2579,1.2946,0.2855,2.151,0,1,0,0,0,0,0.9869,610.374,100.778,717.206,8802.61,8372.88,0,0.0827,1.5329,0,0
2026-08-27T20:20:03.467563+00:00,evasive_lateral_v1,evasive_lateral_v1__cd71e9230dae,reconnaissance,T1046,2,2,1.0,1.0,0.0308,6625.33,4732.38,0.584,14,10,1.8655,4.8699,1.2878,0.1163,1.6368,0,1,0,0,0,0,1.3058,473.24,14.84,488.08,8412.44,8709.94,0,0.0323,1.1616,0,0
2026-08-27T20:20:08.467563+00:00,evasive_lateral_v1,evasive_lateral_v1__cd71e9230dae,reconnaissance,T1046,1,1,-0.0,0.9695,0.0392,9271.93,5057.42,0.58,11,6,1.6403,2.1886,1.6912,0.2015,2.2956,0,0,0,0,0,0,1.6172,842.9,0.0,842.9,7079.94,8690.27,0,0.031,1.9601,0,0
2026-08-27T20:20:13.467563+00:00,evasive_lateral_v1,evasive_lateral_v1__cd71e9230dae,reconnaissance,T1046,4,3,1.5,0.9635,0.0591,27364.05,30100.46,0.6538,40,44,1.593,2.6314,1.1216,0.1669,1.6222,0,2,0,0,0,0,0.9003,684.1,114.62,801.95,7612.15,8235.3,0,0.105,0.0375,0,0
2026-08-27T20:20:18.467563+00:00,evasive_lateral_v1,evasive_lateral_v1__cd71e9230dae,reconnaissance,T1046,2,1,-0.0,0.995,0.0,6488.24,3892.94,0.5939,10,6,1.1382,2.7102,1.6263,0.1504,2.0777,0,0,0,0,0,0,1.4404,648.82,177.68,826.51,8886.35,8727.03,0,0.0258,0.8316,0,0
2026-08-27T20:20:23.467563+00:00,evasive_lateral_v1,evasive_lateral_v1__cd71e9230dae,reconnaissance,T1046,3,2,0.9183,0.9726,0.0178,6755.56,5254.32,0.5655,9,7,1.6686,2.0134,1.313,0.1227,1.6812,0,1,0,0,0,0,1.1634,750.62,198.13,961.56,8257.56,8409.44,0,0.0686,0.8629,0,0
2026-08-27T20:20:28.467563+00:00,evasive_lateral_v1,evasive_lateral_v1__cd71e9230dae,reconnaissance,T1046,7,3,1.5567,1.0,0.0273,38406.49,45460.74,0.6693,49,58,1.0314,1.8861,1.5989,0.2343,2.3018,1,3,0,0,0,0,0.8416,783.81,261.47,1145.31,8830.17,9351.59,0,0.0707,1.0161,0,0
2026-08-27T20:20:33.467563+00:00,evasive_lateral_v1,evasive_lateral_v1__cd71e9230dae,reconnaissance,T1046,2,2,0.517,0.9791,0.0516,8231.022,6013.346,0.6065,17,13,0.9719,1.3742,1.72,0.2704,2.531,0,1,0,0,0,0,1.2664,695.558,20.898,722.51,7382.586,7545.992,0,0.0131,2.1935,0,0
2026-08-27T20:20:38.467563+00:00,evasive_lateral_v1,evasive_lateral_v1__cd71e9230dae,lateral_movement,T1021.002,8,3,1.2988,0.9954,0.0326,22013.98,26829.53,0.5627,32,39,1.0145,2.7411,1.4954,0.3029,2.404,1,4,0,0,0,0,0.8078,687.94,213.74,1080.08,8934.69,9064.54,0,0.1003,2.665,0,0
2026-08-27T20:20:43.467563+00:00,evasive_lateral_v1,evasive_lateral_v1__cd71e9230dae,lateral_movement,T1021.002,3,1,-0.0,0.992,0.0264,16997.48,15378.67,0.5983,21,19,1.8232,4.1983,1.4979,0.3208,2.4604,0,1,0,0,0,0,1.0914,809.4,190.06,1066.31,8018.78,9481.15,0,0.0543,0.9362,0,0
2026-08-27T20:20:48.467563+00:00,evasive_lateral_v1,evasive_lateral_v1__cd71e9230dae,lateral_movement,T1021.002,4,3,1.5,0.9995,0.0,17368.93,13750.4,0.5421,24,19,1.5724,2.1653,1.3871,0.2403,2.108,0,2,0,0,0,0,1.249,723.71,253.21,1142.33,8926.51,8874.44,0,0.0623,0.95,0,0
2026-08-27T20:20:53.467563+00:00,evasive_lateral_v1,evasive_lateral_v1__cd71e9230dae,lateral_movement,T1021.002,4,3,1.5,1.0,0.0162,15767.55,16330.68,0.5302,28,29,1.7833,4.6853,1.3929,0.1455,1.8293,0,1,0,0,0,0,0.9334,563.13,146.25,760.1,8926.33,10399.6,0,0.0692,1.5967,0,0
2026-08-27T20:20:58.467563+00:00,evasive_lateral_v1,evasive_lateral_v1__cd71e9230dae,lateral_movement,T1021.002,2,1,-0.0,0.9818,0.0352,4089.74,2726.5,0.5386,6,4,0.9844,2.3538,1.2807,0.2544,2.0437,0,1,0,0,0,0,1.2596,681.62,30.87,712.5,8883.41,9428.06,0,0.0454,1.2124,0,0
2026-08-27T20:21:03.467563+00:00,evasive_lateral_v1,evasive_lateral_v1__cd71e9230dae,lateral_movement,T1021.002,3,2,0.9183,1.0,0.0312,16490.44,13742.03,0.5763,24,20,0.7851,0.9521,1.5117,0.2076,2.1344,0,1,0,0,0,0,1.1925,687.1,140.62,794.68,8304.19,8021.86,0,0.0557,1.277,0,0
2026-08-27T20:21:08.467563+00:00,evasive_lateral_v1,evasive_lateral_v1__cd71e9230dae,lateral_movement,T1021.002,4,2,0.8113,1.0,0.0,19163.81,13840.53,0.6192,36,26,1.3685,3.4576,1.4454,0.2876,2.3082,0,1,0,0,0,0,1.3724,532.33,107.09,692.89,10832.96,6670.35,0,0.0668,1.7645,0,0
2026-08-27T20:21:13.467563+00:00,evasive_lateral_v1,evasive_lateral_v1__cd71e9230dae,lateral_movement,T1021.002,4,2,0.8113,0.9751,0.0238,18807.06,12538.04,0.6103,24,16,0.6803,1.8276,1.1173,0.211,1.7503,0,2,0,0,0,0,1.476,783.63,185.81,1055.65,9799.56,7004.55,0,0.0246,0.5238,0,0
2026-08-27T20:21:18.467563+00:00,evasive_lateral_v1,evasive_lateral_v1__cd71e9230dae,lateral_movement,T1021.002,5,3,1.371,0.987,0.0027,29095.69,16730.02,0.7061,40,23,1.6288,3.6547,1.2019,0.0938,1.4833,0,2,0,0,0,0,1.7275,727.39,151.94,889.81,7079.51,8603.18,0,0.1035,1.5412,0,0
2026-08-27T20:21:23.467563+00:00,evasive_lateral_v1,evasive_lateral_v1__cd71e9230dae,lateral_movement,T1021.002,4,2,0.8113,1.0,0.0015,23482.79,25160.13,0.5196,28,30,1.9158,2.5325,1.4763,0.1135,1.8167,0,2,0,0,0,0,0.9181,838.67,300.64,1184.59,7346.74,7804.41,0,0.028,0.5049,0,0
2026-08-27T20:21:28.467563+00:00,evasive_lateral_v1,evasive_lateral_v1__cd71e9230dae,lateral_movement,T1021.002,2,2,1.0,0.9593,0.0466,16577.0,10656.64,0.5864,14,9,0.882,1.488,1.4704,0.2133,2.1104,0,1,0,0,0,0,1.4181,1184.07,336.26,1520.34,9728.88,6977.03,0,0.0,1.2434,0,0
2026-08-27T20:21:33.467563+00:00,evasive_lateral_v1,evasive_lateral_v1__cd71e9230dae,lateral_movement,T1021.002,4,3,1.5,1.0,0.0307,17899.0,15981.25,0.5762,28,25,0.8525,1.8818,1.1646,0.1511,1.618,0,1,0,0,0,0,1.1111,639.25,173.66,928.67,6615.21,8031.37,0,0.0417,0.3016,0,0
2026-08-27T20:21:38.467563+00:00,evasive_lateral_v1,evasive_lateral_v1__cd71e9230dae,lateral_movement,T1021.002,2,1,-0.0,1.0,0.0,10050.0,6030.0,0.5603,10,6,1.9551,2.8314,1.3099,0.2269,1.9906,0,0,0,0,0,0,1.6086,1005.0,259.46,1264.46,7563.67,9237.58,0,0.0275,0.8552,0,0
2026-08-27T20:21:43.467563+00:00,evasive_lateral_v1,evasive_lateral_v1__cd71e9230dae,lateral_movement,T1021.002,2,2,0.517,0.9394,0.0566,5536.974,4217.314,0.5517,14,11,0.748,1.4461,1.4255,0.3213,2.3894,0,1,0,0,0,0,1.074,417.95,20.898,444.902,8776.826,8783.456,0,0.0067,2.0401,0,0
2026-08-27T20:21:48.467563+00:00,evasive_lateral_v1,evasive_lateral_v1__cd71e9230dae,lateral_movement,T1021.002,4,3,1.5,0.9873,0.0066,20604.41,31765.14,0.6219,24,37,2.0959,5.9009,1.4869,0.3083,2.4119,0,2,0,0,0,0,0.6442,858.52,266.72,1298.46,7803.92,7682.18,0,0.1386,1.8727,0,0
2026-08-27T20:21:53.467563+00:00,evasive_lateral_v1,evasive_lateral_v1__cd71e9230dae,lateral_movement,T1021.002,2,1,-0.0,0.9831,0.0,6854.0,6168.6,0.6265,10,9,1.4213,2.4333,1.3628,0.251,2.1158,0,1,0,0,0,0,1.0347,685.4,21.14,706.54,9668.48,7259.02,0,0.0413,0.435,0,0
2026-08-27T20:21:58.467563+00:00,evasive_lateral_v1,evasive_lateral_v1__cd71e9230dae,lateral_movement,T1021.002,5,3,1.371,0.9984,0.0128,24830.46,19036.69,0.5353,30,23,1.5996,2.7227,1.4464,0.2258,2.1238,0,2,0,0,0,0,1.2784,827.68,277.66,1203.98,9751.92,8721.17,0,0.0684,1.1223,0,0
2026-08-27T20:22:03.467563+00:00,evasive_lateral_v1,evasive_lateral_v1__cd71e9230dae,lateral_movement,T1021.002,0,0,0.0,0.9734,0.043,0.0,0.0,0.6289,0,0,1.7541,3.8169,1.7382,0.138,2.1521,0,0,0,0,0,0,0.7631,377.46,0.0,377.46,9072.7,8713.39,0,0.0242,0.5136,0,0
2026-08-27T20:22:08.467563+00:00,evasive_lateral_v1,evasive_lateral_v1__cd71e9230dae,lateral_movement,T1021.002,3,2,0.9183,0.9952,0.0,12497.35,9893.73,0.5759,24,19,1.0936,1.8089,1.1805,0.2459,1.9181,0,1,0,0,0,0,1.244,520.72,154.62,651.39,7206.02,6539.41,0,0.0299,0.9306,0,0
2026-08-27T20:22:13.467563+00:00,evasive_lateral_v1,evasive_lateral_v1__cd71e9230dae,reconnaissance,T1046,4,2,1.0,1.0,0.0058,4526.37,2263.19,0.4859,8,4,1.7135,4.4497,1.8804,0.3116,2.8153,0,1,0,0,0,0,1.6282,565.8,232.08,963.2,9419.13,8533.7,0,0.0719,1.6881,0,0
2026-08-27T20:22:18.467563+00:00,evasive_lateral_v1,evasive_lateral_v1__cd71e9230dae,reconnaissance,T1046,2,2,1.0,0.9842,0.0193,5952.79,3968.53,0.5626,12,8,1.3088,3.7811,1.3497,0.1227,1.7177,0,1,0,0,0,0,1.3521,496.07,94.38,590.44,6514.3,8490.7,0,0.0364,0.8605,0,0
2026-08-27T20:22:23.467563+00:00,evasive_lateral_v1,evasive_lateral_v1__cd71e9230dae,reconnaissance,T1046,5,2,0.971,1.0,0.0,9510.71,6340.47,0.6061,15,10,2.068,4.2898,1.6183,0.2951,2.5037,0,2,0,0,0,0,1.4394,634.05,272.3,1021.64,6337.22,8683.58,0,0.0577,1.5274,0,0
2026-08-27T20:22:28.467563+00:00,evasive_lateral_v1,evasive_lateral_v1__cd71e9230dae,reconnaissance,T1046,3,3,1.317,0.9523,0.0302,12899.374,8925.802,0.5675,23,17,1.9354,3.6813,1.3006,0.2684,2.1057,0,1,0,0,0,0,1.4614,674.486,219.106,899.646,8907.402,9119.432,0,0.0537,1.5925,0,0
2026-08-27T20:22:33.467563+00:00,evasive_lateral_v1,evasive_lateral_v1__cd71e9230dae,reconnaissance,T1046,5,3,1.5219,0.9318,0.0903,10988.21,10988.21,0.6216,15,15,0.6666,1.9512,1.2806,0.2572,2.0521,0,2,0,0,0,0,0.9402,732.55,204.21,1055.67,9535.69,8432.54,0,0.1138,0.2008,0,0
2026-08-27T20:22:38.467563+00:00,evasive_lateral_v1,evasive_lateral_v1__cd71e9230dae,reconnaissance,T1046,2,1,-0.0,1.0,0.0157,8003.37,5602.36,0.6186,10,7,1.2018,3.3295,1.544,0.1728,2.0624,0,1,0,0,0,0,1.3716,800.34,248.89,1049.23,9160.31,8058.86,0,0.0432,0.9362,0,0
2026-08-27T20:22:43.467563+00:00,evasive_lateral_v1,evasive_lateral_v1__cd71e9230dae,lateral_movement,T1021.002,3,3,1.585,0.9669,0.0278,6956.42,4637.62,0.6421,9,6,1.3627,2.3357,1.7045,0.2871,2.5658,0,1,0,0,0,0,1.4497,772.94,189.99,1037.72,7496.89,9113.24,0,0.0893,0.8889,0,0
2026-08-27T20:22:48.467563+00:00,evasive_lateral_v1,evasive_lateral_v1__cd71e9230dae,lateral_movement,T1021.002,2,2,1.0,0.9992,0.0,4982.66,2989.6,0.6299,10,6,1.2044,3.3959,1.4681,0.283,2.317,0,1,0,0,0,0,1.6439,498.27,99.63,597.9,7961.42,8931.91,0,0.0127,2.2798,0,0
2026-08-27T20:22:53.467563+00:00,evasive_lateral_v1,evasive_lateral_v1__cd71e9230dae,lateral_movement,T1021.002,2,1,-0.0,0.98,0.0322,10618.52,9556.66,0.6584,10,9,1.2089,2.0246,1.0192,0.1718,1.5345,0,1,0,0,0,0,1.0473,1061.85,620.94,1682.79,8231.81,6907.65,0,0.0001,1.1934,0,0
2026-08-27T20:22:58.467563+00:00,evasive_lateral_v1,evasive_lateral_v1__cd71e9230dae,lateral_movement,T1021.002,3,3,1.317,0.9738,0.0286,10433.894,14641.722,0.6383,18,21,1.2509,1.8317,1.7952,0.3749,2.92,0,1,0,0,0,0,0.6559,815.814,181.666,1003.534,6454.282,7369.776,0,0.0629,1.7598,0,0
2026-08-27T20:23:03.467563+00:00,evasive_lateral_v1,evasive_lateral_v1__cd71e9230dae,lateral_movement,T1021.002,6,3,1.4591,0.9951,0.0,16425.73,11634.89,0.6253,24,17,1.8282,3.605,1.4855,0.1558,1.9529,0,3,0,0,0,0,1.3658,684.41,120.04,849.61,9078.72,8848.55,0,0.1079,1.3039,0,0
2026-08-27T20:23:08.467563+00:00,evasive_lateral_v1,evasive_lateral_v1__cd71e9230dae,lateral_movement,T1021.002,4,2,0.8113,0.9815,0.0262,14357.79,19383.01,0.7368,20,27,1.0758,2.23,1.4063,0.1681,1.9106,0,2,0,0,0,0,0.7367,717.89,210.9,1016.97,10467.27,10286.6,0,0.0418,1.86,0,0
2026-08-27T20:23:13.467563+00:00,evasive_lateral_v1,evasive_lateral_v1__cd71e9230dae,lateral_movement,T1021.002,3,2,0.9183,1.0,0.0,18771.93,20162.45,0.6782,27,29,1.8046,3.9954,1.5873,0.2849,2.4421,0,1,0,0,0,0,0.9249,695.26,338.18,1129.12,6562.07,7688.4,0,0.0963,0.9822,0,0
2026-08-27T20:23:18.467563+00:00,evasive_lateral_v1,evasive_lateral_v1__cd71e9230dae,lateral_movement,T1021.002,6,3,1.4591,0.9392,0.0938,19861.43,17213.24,0.5917,30,26,1.8942,4.5331,1.4655,0.1843,2.0185,1,2,0,0,0,0,1.1394,662.05,230.02,1065.05,10636.86,6798.07,0,0.0588,0.9577,0,0
2026-08-27T20:23:23.467563+00:00,evasive_lateral_v1,evasive_lateral_v1__cd71e9230dae,lateral_movement,T1021.002,4,2,1.0,1.0,0.0148,19621.72,52120.2,0.5394,32,85,2.1481,2.6499,1.4513,0.1354,1.8576,0,1,0,0,0,0,0.3756,613.18,205.94,891.52,7714.18,7232.31,0,0.0642,0.7644,0,0
2026-08-27T20:23:28.467563+00:00,evasive_lateral_v1,evasive_lateral_v1__cd71e9230dae,lateral_movement,T1021.002,5,2,0.971,1.0,0.0,13782.26,12128.39,0.6743,25,22,1.827,3.3717,1.5195,0.3384,2.5348,0,2,0,0,0,0,1.0981,551.29,69.63,669.43,6453.26,9953.89,0,0.0855,0.6725,0,1
2026-08-27T20:23:33.467563+00:00,evasive_lateral_v1,evasive_lateral_v1__cd71e9230dae,lateral_movement,T1021.002,2,1,-0.0,1.0,0.0088,8368.68,9763.46,0.6216,18,21,1.3037,1.9062,1.2922,0.1373,1.7041,0,1,0,0,0,0,0.8236,464.93,143.41,608.34,8261.65,8388.67,0,0.02,0.8316,0,0
2026-08-27T20:23:38.467563+00:00,evasive_lateral_v1,evasive_lateral_v1__cd71e9230dae,lateral_movement,T1021.002,3,3,1.585,1.0,0.0,11135.59,14847.45,0.5854,15,20,0.8878,1.358,1.3036,0.2277,1.9868,0,1,0,0,0,0,0.7151,742.37,158.37,966.33,8296.26,8486.8,0,0.0815,1.0927,0,0
2026-08-27T20:23:43.467563+00:00,evasive_lateral_v1,evasive_lateral_v1__cd71e9230dae,lateral_movement,T1021.002,1,1,-0.0,0.9787,0.0633,8939.67,7822.21,0.4962,8,7,1.4464,3.3563,1.4779,0.3223,2.4449,0,0,0,0,0,0,1.0944,1117.46,0.0,1117.46,7871.98,8090.44,0,0.0,0.5836,0,0
2026-08-27T20:23:48.467563+00:00,evasive_lateral_v1,evasive_lateral_v1__cd71e9230dae,reconnaissance,T1046,2,2,1.0,1.0,0.0023,11526.0,10373.4,0.5954,20,18,0.9886,1.8098,1.4058,0.2587,2.182,0,1,0,0,0,0,1.082,576.3,122.19,698.49,8388.61,9218.36,0,0.0254,0.6774,0,0
2026-08-27T20:23:53.467563+00:00,evasive_lateral_v1,evasive_lateral_v1__cd71e9230dae,reconnaissance,T1046,3,2,0.9183,0.9554,0.0411,7936.08,7054.29,0.5623,9,8,1.046,1.9085,1.2172,0.1503,1.668,0,1,0,0,0,0,1.0244,881.79,129.79,1055.21,10421.14,10316.86,0,0.0433,0.8179,0,0
2026-08-27T20:23:58.467563+00:00,evasive_lateral_v1,evasive_lateral_v1__cd71e9230dae,reconnaissance,T1046,1,1,-0.0,1.0,0.0063,4817.18,2890.31,0.6299,5,3,1.155,2.8406,1.0561,0.2358,1.7633,0,0,0,0,0,0,1.2519,963.44,0.0,963.44,7261.69,8005.68,0,0.0769,0.6774,0,0
2026-08-27T20:24:03.467563+00:00,evasive_lateral_v1,evasive_lateral_v1__cd71e9230dae,reconnaissance,T1046,4,3,1.5,1.0,0.0348,17889.08,17143.7,0.5656,24,23,1.0915,2.2696,1.6439,0.1242,2.0166,0,1,0,0,0,0,1.0171,745.38,346.8,1332.12,7207.71,8395.37,0,0.0674,1.1917,0,0
2026-08-27T20:24:08.467563+00:00,evasive_lateral_v1,evasive_lateral_v1__cd71e9230dae,reconnaissance,T1046,5,3,1.5219,1.0,0.0,48436.55,43152.56,0.5043,55,49,0.655,1.062,1.2241,0.1074,1.5464,0,2,0,0,0,0,1.1049,880.66,587.17,1850.07,7941.57,8087.25,0,0.1089,0.6333,0,0
2026-08-27T20:24:13.467563+00:00,evasive_lateral_v1,evasive_lateral_v1__cd71e9230dae,reconnaissance,T1046,3,2,0.9183,0.9653,0.026,8814.21,11752.28,0.6795,15,20,1.8595,3.3608,1.3455,0.1775,1.878,0,1,0,0,0,0,0.7193,587.61,26.0,622.82,7985.49,8674.34,0,0.0534,0.9644,0,0
