timestamp,persona_id,run_id,mitre_stage,technique_id,flow_count,unique_dst_ports,dest_port_entropy,tcp_ratio,udp_ratio,bytes_fwd_sum,bytes_bwd_sum,bidirectional_ratio,pkts_fwd_sum,pkts_bwd_sum,duration_mean,duration_max,iat_mean,iat_std,iat_max,syn_flag_sum,ack_flag_sum,fin_flag_sum,rst_flag_sum,psh_flag_sum,urg_flag_sum,down_up_ratio_mean,pkt_len_mean,pkt_len_std,pkt_len_max,init_fwd_win_mean,init_bwd_win_mean,fwd_psh_flags_sum,port_scan_score,ttl_variance,ip_fragment_flags,retransmit_count
2026-09-09T14:51:01.322608+00:00,web_xss_v1,web_xss_v1__run_002,initial_access,T1190,7,3,1.5567,0.9768,0.0414,17596.32,6033.03,0.7349,35,12,0.384,0.6988,0.4573,0.1284,0.8424,1,3,0,0,1,0,2.8387,502.75,84.66,645.14,7528.91,7957.18,0,0.0,3.8549,0,0
2026-09-09T14:51:06.322608+00:00,web_xss_v1,web_xss_v1__run_002,initial_access,T1190,5,4,1.9219,1.0,0.0,12085.31,4834.13,0.6597,20,8,0.4334,1.2225,0.5095,0.1263,0.8884,1,2,0,0,1,0,2.3623,604.27,175.9,880.48,8040.5,6873.37,0,0.0531,3.6941,0,0
2026-09-09T14:51:11.322608+00:00,web_xss_v1,web_xss_v1__run_002,initial_access,T1190,7,4,1.8424,0.9539,0.0501,29111.98,12476.56,0.7665,49,21,0.9644,1.5478,0.6421,0.1325,1.0395,1,3,0,0,1,0,2.2854,594.12,174.31,935.67,7668.15,8261.0,0,0.0089,3.2591,0,0
2026-09-09T14:51:16.322608+00:00,web_xss_v1,web_xss_v1__run_002,initial_access,T1190,10,3,1.4855,1.0,0.0017,24251.02,22795.96,0.8028,50,47,0.6835,1.098,0.6004,0.1129,0.9393,1,4,1,0,1,0,1.0612,485.02,89.17,601.63,7398.61,7296.44,0,0.0537,3.4523,0,0
2026-09-09T14:51:21.322608+00:00,web_xss_v1,web_xss_v1__run_002,initial_access,T1190,12,4,1.7842,0.9935,0.0129,20655.92,6885.31,0.7829,36,12,0.306,0.8753,0.4856,0.0773,0.7175,2,6,1,0,2,0,2.8232,573.78,212.74,1034.2,7264.84,8528.97,1,0.0,3.7808,0,1
2026-09-09T14:51:26.322608+00:00,web_xss_v1,web_xss_v1__run_002,initial_access,T1190,9,4,1.7527,1.0,0.0,37142.94,19603.22,0.7142,72,38,0.3703,0.7412,0.5211,0.1447,0.9551,1,4,0,0,1,0,1.8637,515.87,126.86,764.95,8922.61,7785.66,0,0.0214,3.9626,0,0
2026-09-09T14:51:31.322608+00:00,web_xss_v1,web_xss_v1__run_002,initial_access,T1190,7,3,1.4488,0.9875,0.0,20779.07,8410.58,0.7459,42,17,0.4311,1.1416,0.5532,0.0928,0.8316,1,3,0,0,1,0,2.3914,494.74,137.73,725.51,8241.92,8044.78,0,0.0152,3.7718,0,0
2026-09-09T14:51:36.322608+00:00,web_xss_v1,web_xss_v1__run_002,initial_access,T1190,7,4,1.8424,0.9692,0.0305,34506.92,21909.15,0.6773,63,40,0.8249,1.8901,0.5013,0.0968,0.7917,1,3,0,0,1,0,1.5563,547.73,238.81,839.55,8505.42,7571.31,0,0.0088,4.2828,0,1
2026-09-09T14:51:41.322608+00:00,web_xss_v1,web_xss_v1__run_002,initial_access,T1190,8,4,1.9056,1.0,0.0,26210.11,13105.06,0.7076,48,24,0.7053,1.9927,0.6217,0.0935,0.9022,1,3,1,0,1,0,1.9419,546.04,212.65,1074.61,6143.24,8459.96,0,0.0305,4.1415,0,0
2026-09-09T14:51:46.322608+00:00,web_xss_v1,web_xss_v1__run_002,initial_access,T1190,3,2,0.9183,1.0,0.0,8079.81,4309.23,0.7736,15,8,0.6625,0.9821,0.4183,0.0443,0.5512,0,1,0,0,0,0,1.7689,538.65,111.84,635.33,7596.16,7923.77,0,0.0064,3.9191,0,0
2026-09-09T14:51:51.322608+00:00,web_xss_v1,web_xss_v1__run_002,initial_access,T1190,6,3,1.4591,0.9756,0.0421,25357.55,9861.27,0.7858,54,21,0.8304,1.6448,0.7492,0.1382,1.1639,0,3,0,0,1,0,2.567,469.58,67.5,570.84,6953.49,10353.93,0,0.0594,4.2245,0,0
2026-09-09T14:51:56.322608+00:00,web_xss_v1,web_xss_v1__run_002,initial_access,T1190,14,4,1.9242,1.0,0.0008,37989.44,19673.11,0.8,56,29,0.3798,0.9367,0.5411,0.0602,0.7218,2,6,1,0,3,0,1.8854,678.38,326.82,1487.96,8019.66,8296.15,1,0.0738,3.7786,0,1
2026-09-09T14:52:01.322608+00:00,web_xss_v1,web_xss_v1__run_002,initial_access,T1190,9,4,1.6577,0.9791,0.028,15243.52,4516.6,0.7401,27,8,0.8535,1.9983,0.6362,0.1182,0.9908,1,4,0,0,2,0,3.1905,564.57,115.74,819.1,8569.89,6329.16,1,0.0,3.6465,0,0
2026-09-09T14:52:06.322608+00:00,web_xss_v1,web_xss_v1__run_002,initial_access,T1190,11,4,1.9808,0.9647,0.0308,22846.35,6750.06,0.7114,44,13,0.6414,1.9044,0.4897,0.1379,0.9032,2,5,1,0,2,0,3.3021,519.24,104.38,667.2,7977.76,8553.57,1,0.0,4.0847,0,1
2026-09-09T14:52:11.322608+00:00,web_xss_v1,web_xss_v1__run_002,initial_access,T1190,11,4,1.9808,0.9709,0.0566,18422.89,10607.12,0.7795,33,19,0.6107,1.5665,0.4108,0.0463,0.5496,1,5,1,0,2,0,1.6725,558.27,170.61,924.93,8562.22,7122.93,1,0.0,4.0115,0,0
2026-09-09T14:52:16.322608+00:00,web_xss_v1,web_xss_v1__run_002,initial_access,T1190,8,4,1.9056,1.0,0.0,29040.12,17424.07,0.7105,40,24,0.3327,0.6179,0.3805,0.0982,0.6751,1,4,0,0,1,0,1.6562,726.0,201.29,957.46,7265.55,6822.72,0,0.0667,4.1098,0,0
2026-09-09T14:52:21.322608+00:00,web_xss_v1,web_xss_v1__run_002,initial_access,T1190,11,3,1.0958,1.0,0.0,54829.69,34891.62,0.6776,99,63,0.5557,0.9803,0.5583,0.1294,0.9466,1,5,0,0,2,0,1.5577,553.84,172.29,921.35,7730.94,8451.73,1,0.0,3.5218,0,0
2026-09-09T14:52:26.322608+00:00,web_xss_v1,web_xss_v1__run_002,initial_access,T1190,11,3,1.4354,0.973,0.0322,53889.84,17963.28,0.7916,99,33,0.3985,1.1864,0.4946,0.0694,0.7029,1,5,1,0,2,0,2.9137,544.34,225.18,982.78,7598.14,8192.46,1,0.0,3.5419,0,0
2026-09-09T14:52:31.322608+00:00,web_xss_v1,web_xss_v1__run_002,initial_access,T1190,13,4,1.922,0.9637,0.014,57825.98,28356.97,0.7781,104,51,0.5245,1.3339,0.5299,0.0784,0.7651,2,6,1,0,3,0,2.0292,556.02,124.8,842.41,8604.11,7320.04,2,0.0206,3.6902,0,1
2026-09-09T14:52:36.322608+00:00,web_xss_v1,web_xss_v1__run_002,initial_access,T1190,8,3,1.4056,0.9849,0.0369,31137.18,10811.52,0.775,72,25,0.884,1.097,0.6913,0.1117,1.0266,1,3,0,0,1,0,2.8195,432.46,135.68,657.44,8600.83,8525.85,0,0.0,3.7091,0,0
2026-09-09T14:52:41.322608+00:00,web_xss_v1,web_xss_v1__run_002,initial_access,T1190,7,4,1.9502,0.9651,0.0118,15572.47,4449.28,0.7166,28,8,0.7266,1.0643,0.4769,0.0613,0.6608,1,3,0,0,1,0,3.2272,556.16,94.5,681.61,7243.33,6789.04,0,0.0649,3.793,0,0
2026-09-09T14:52:46.322608+00:00,web_xss_v1,web_xss_v1__run_002,initial_access,T1190,10,4,1.6855,0.9925,0.0301,30459.71,18275.83,0.787,50,30,0.3924,0.6987,0.4933,0.0535,0.6538,1,4,0,0,2,0,1.6139,609.19,288.18,1134.47,8131.21,8385.56,1,0.0219,4.3042,0,0
2026-09-09T14:52:51.322608+00:00,web_xss_v1,web_xss_v1__run_002,initial_access,T1190,10,3,1.361,1.0,0.0246,58446.41,21625.17,0.8256,100,37,0.7374,1.0629,0.4511,0.061,0.634,1,4,1,0,2,0,2.6448,584.46,154.3,855.66,6550.29,7691.84,1,0.0022,4.6107,0,0
2026-09-09T14:52:56.322608+00:00,web_xss_v1,web_xss_v1__run_002,initial_access,T1190,6,4,1.9183,0.9267,0.0783,25169.62,12060.44,0.7364,48,23,0.6256,0.8073,0.7059,0.1325,1.1033,1,2,0,0,1,0,2.0013,524.37,75.94,638.58,7880.39,6750.37,0,0.0364,5.0787,0,0
2026-09-09T14:53:01.322608+00:00,web_xss_v1,web_xss_v1__run_002,initial_access,T1190,6,4,1.9183,0.9931,0.0,13673.64,6267.09,0.7028,24,11,0.8115,1.8074,0.5126,0.1512,0.9662,1,3,0,0,1,0,2.1319,569.74,174.06,803.19,8244.46,7533.14,0,0.0054,4.1445,0,0
2026-09-09T14:53:06.322608+00:00,web_xss_v1,web_xss_v1__run_002,initial_access,T1190,9,3,1.585,1.0,0.0408,50019.31,23465.85,0.7499,81,38,0.7388,1.8909,0.6785,0.1046,0.9923,1,4,0,0,2,0,2.0925,617.52,121.85,851.92,8092.88,7096.52,1,0.0,3.4392,0,0
2026-09-09T14:53:11.322608+00:00,web_xss_v1,web_xss_v1__run_002,initial_access,T1190,8,4,1.8113,0.9418,0.0525,32809.95,14061.41,0.7838,56,24,0.8807,2.1743,0.6381,0.1224,1.0053,1,4,0,0,1,0,2.2738,585.89,128.49,812.3,9158.95,8677.14,0,0.0389,4.5245,0,0
2026-09-09T14:53:16.322608+00:00,web_xss_v1,web_xss_v1__run_002,initial_access,T1190,14,4,1.7783,1.0,0.0,74471.04,30852.29,0.7517,140,58,0.7524,1.5146,0.5285,0.1422,0.9551,1,7,1,0,3,0,2.4127,531.94,170.49,864.08,10073.85,7906.09,1,0.0366,4.4661,0,0
2026-09-09T14:53:21.322608+00:00,web_xss_v1,web_xss_v1__run_002,initial_access,T1190,12,4,1.825,0.9653,0.0311,41133.28,18118.23,0.7958,84,37,0.3407,0.8229,0.5291,0.1119,0.8648,2,5,1,0,2,0,2.2389,489.68,176.45,820.2,5775.99,8314.2,1,0.0,3.3864,0,0
2026-09-09T14:53:26.322608+00:00,web_xss_v1,web_xss_v1__run_002,initial_access,T1190,8,3,1.2988,0.9657,0.0106,9270.84,3476.57,0.7644,16,6,0.2938,0.7953,0.4863,0.1401,0.9067,1,4,0,0,1,0,2.5713,579.43,213.25,846.0,9406.85,6220.48,0,0.0235,3.2605,0,0
2026-09-09T14:53:31.322608+00:00,web_xss_v1,web_xss_v1__run_002,initial_access,T1190,8,4,1.9056,0.9515,0.0685,21101.79,10550.9,0.7837,40,20,0.5725,0.7027,0.498,0.0677,0.7011,1,3,0,0,1,0,1.9457,527.54,148.99,857.29,6811.46,9086.57,0,0.0,3.8616,0,0
2026-09-09T14:53:36.322608+00:00,web_xss_v1,web_xss_v1__run_002,initial_access,T1190,10,3,1.2955,0.9747,0.0483,9358.13,4679.07,0.7408,20,10,0.3029,0.4074,0.5877,0.1444,1.0208,1,5,0,0,2,0,1.8217,467.91,190.72,827.44,7996.96,7078.26,1,0.0277,3.8083,0,0
2026-09-09T14:53:41.322608+00:00,web_xss_v1,web_xss_v1__run_002,initial_access,T1190,8,4,1.8113,1.0,0.0207,32357.61,15600.99,0.7474,56,27,0.6386,1.3526,0.6961,0.1354,1.1023,1,3,0,0,1,0,2.0353,577.81,132.88,735.77,8700.08,9068.76,0,0.0358,3.3316,0,0
2026-09-09T14:53:46.322608+00:00,web_xss_v1,web_xss_v1__run_002,initial_access,T1190,6,4,1.9183,1.0,0.0,11154.18,3718.06,0.6966,24,8,0.4819,1.3326,0.6147,0.0943,0.8975,1,3,0,0,1,0,2.7776,464.76,104.33,640.23,9489.69,9069.34,0,0.0511,4.0884,0,1
2026-09-09T14:53:51.322608+00:00,web_xss_v1,web_xss_v1__run_002,initial_access,T1190,14,4,1.7783,0.9865,0.0,21230.35,7076.78,0.7824,42,14,0.668,1.4173,0.557,0.1627,1.0451,2,7,1,0,2,0,2.9966,505.48,119.88,773.65,8227.18,9348.91,1,0.004,4.4931,0,0
2026-09-09T14:53:56.322608+00:00,web_xss_v1,web_xss_v1__run_002,initial_access,T1190,11,3,1.3222,0.9794,0.0049,17779.63,7004.1,0.8025,33,13,0.6201,1.4881,0.5126,0.1528,0.9711,2,5,0,0,2,0,2.4494,538.78,141.58,829.66,9156.54,7656.91,1,0.0028,3.6248,0,0
2026-09-09T14:54:01.322608+00:00,web_xss_v1,web_xss_v1__run_002,initial_access,T1190,10,3,1.5219,1.0,0.0016,23412.5,9365.0,0.7116,50,20,0.3834,0.7983,0.6232,0.086,0.8813,1,4,1,0,2,0,2.4821,468.25,161.08,832.25,8718.36,9899.69,1,0.0409,4.2534,0,0
2026-09-09T14:54:06.322608+00:00,web_xss_v1,web_xss_v1__run_002,initial_access,T1190,6,3,1.4591,0.997,0.0,20552.87,9420.06,0.7145,48,22,0.6837,1.8065,0.742,0.1863,1.3008,0,2,0,0,1,0,2.1743,428.18,102.75,640.89,8690.85,8049.57,0,0.0264,4.5022,0,0
2026-09-09T14:54:11.322608+00:00,web_xss_v1,web_xss_v1__run_002,initial_access,T1190,13,4,1.9501,1.0,0.0513,49260.38,20367.27,0.7547,104,43,0.6727,1.5683,0.5115,0.0679,0.7152,1,6,1,0,2,0,2.3655,473.66,150.44,733.06,7712.05,10350.08,1,0.0306,4.1075,0,0
2026-09-09T14:54:16.322608+00:00,web_xss_v1,web_xss_v1__run_002,initial_access,T1190,11,4,1.9363,1.0,0.0,25767.67,9955.69,0.8022,44,17,0.5812,0.9052,0.4791,0.1334,0.8793,1,5,1,0,2,0,2.569,585.63,218.31,952.52,6295.19,6928.06,1,0.0,3.5637,0,0
2026-09-09T14:54:21.322608+00:00,web_xss_v1,web_xss_v1__run_002,initial_access,T1190,7,3,1.5567,1.0,0.0042,16821.98,10573.81,0.8066,35,22,0.7857,1.8579,0.6653,0.157,1.1361,1,3,0,0,1,0,1.5452,480.63,151.39,797.7,9579.42,9115.01,0,0.0401,4.0766,0,0
2026-09-09T14:54:26.322608+00:00,web_xss_v1,web_xss_v1__run_002,initial_access,T1190,11,4,1.9808,1.0,0.0258,54128.9,33898.9,0.699,99,62,0.4323,1.1047,0.4716,0.066,0.6697,1,5,1,0,2,0,1.5741,546.76,142.56,797.55,7210.23,6748.71,1,0.0428,3.8065,0,0
2026-09-09T14:54:31.322608+00:00,web_xss_v1,web_xss_v1__run_002,initial_access,T1190,17,4,1.904,1.0,0.0,94371.34,39321.39,0.7158,204,85,0.7482,1.0229,0.5607,0.0992,0.8583,2,8,1,0,3,0,2.3919,462.6,106.11,720.49,9121.21,8952.39,1,0.0025,3.2964,0,0
2026-09-09T14:54:36.322608+00:00,web_xss_v1,web_xss_v1__run_002,initial_access,T1190,11,4,1.9363,0.9956,0.0,30630.13,12808.96,0.6902,55,23,0.4219,0.8838,0.565,0.0759,0.7926,2,5,0,0,2,0,2.3442,556.91,236.34,1150.76,7956.46,7390.94,1,0.0304,4.2768,0,1
2026-09-09T14:54:41.322608+00:00,web_xss_v1,web_xss_v1__run_002,initial_access,T1190,10,4,1.761,1.0,0.0,37446.78,12303.94,0.6996,70,23,0.6243,1.132,0.4456,0.0504,0.5969,2,4,1,0,2,0,2.9736,534.95,183.85,968.37,8188.98,7992.59,1,0.0673,4.0726,0,0
2026-09-09T14:54:46.322608+00:00,web_xss_v1,web_xss_v1__run_002,initial_access,T1190,7,3,1.1488,0.9816,0.0239,22685.2,8425.93,0.7021,35,13,0.7132,2.0645,0.6096,0.0896,0.8785,1,3,0,0,1,0,2.6184,648.15,344.3,1312.87,6980.88,8150.71,0,0.0,4.3502,0,0
2026-09-09T14:54:51.322608+00:00,web_xss_v1,web_xss_v1__run_002,initial_access,T1190,15,4,1.9329,1.0,0.0,15634.77,5732.75,0.8009,30,11,0.6259,1.0009,0.5504,0.0673,0.7524,2,7,1,0,3,0,2.5348,521.16,227.46,1134.24,9415.18,8650.22,2,0.0413,3.5337,0,0
2026-09-09T14:54:56.322608+00:00,web_xss_v1,web_xss_v1__run_002,initial_access,T1190,8,3,1.2988,1.0,0.0067,28186.81,19730.77,0.7462,40,28,0.5759,1.6581,0.5657,0.0615,0.7501,1,3,0,0,1,0,1.3898,704.67,268.99,1312.46,9335.67,10131.18,0,0.0,3.01,0,1
2026-09-09T14:55:01.322608+00:00,web_xss_v1,web_xss_v1__run_002,initial_access,T1190,9,3,1.5305,0.9438,0.0767,46513.05,20026.45,0.7042,72,31,0.5701,1.0457,0.5055,0.0531,0.6649,1,4,1,0,1,0,2.2849,646.01,388.93,1437.81,7404.66,8157.24,0,0.0,3.3065,0,1
2026-09-09T14:55:06.322608+00:00,web_xss_v1,web_xss_v1__run_002,initial_access,T1190,7,4,1.8424,1.0,0.0193,25698.64,10489.24,0.6435,49,20,0.7022,0.9758,0.448,0.1003,0.749,1,3,0,0,1,0,2.4364,524.46,133.33,811.08,8934.42,7588.03,0,0.0001,3.0105,0,0
2026-09-09T14:55:11.322608+00:00,web_xss_v1,web_xss_v1__run_002,initial_access,T1190,7,4,1.9502,1.0,0.0,18939.81,12987.29,0.7997,35,24,0.3239,0.5784,0.458,0.096,0.7459,1,3,0,0,1,0,1.4525,541.14,203.66,960.81,7798.19,7696.83,0,0.0043,4.0052,0,1
2026-09-09T14:55:16.322608+00:00,web_xss_v1,web_xss_v1__run_002,initial_access,T1190,7,3,1.4488,1.0,0.0117,15383.59,6592.97,0.7711,28,12,0.499,1.4404,0.6065,0.1575,1.079,1,3,0,0,1,0,2.1601,549.41,223.41,1024.56,8548.71,7875.57,0,0.0006,4.0354,0,1
2026-09-09T14:55:21.322608+00:00,web_xss_v1,web_xss_v1__run_002,initial_access,T1190,4,2,0.8113,0.9375,0.0469,6865.22,2574.46,0.8066,16,6,0.3414,0.8686,0.5151,0.1402,0.9355,0,1,0,0,0,0,2.3838,429.08,115.89,577.72,7526.76,7610.97,0,0.0097,3.6217,0,1
2026-09-09T14:55:26.322608+00:00,web_xss_v1,web_xss_v1__run_002,initial_access,T1190,10,4,1.8464,1.0,0.0,37941.41,16441.28,0.6794,60,26,0.3492,0.6909,0.5002,0.0558,0.6678,1,4,1,0,2,0,2.2277,632.36,372.81,1694.63,6707.75,7736.12,1,0.0,4.4981,0,0
2026-09-09T14:55:31.322608+00:00,web_xss_v1,web_xss_v1__run_002,initial_access,T1190,9,4,1.9749,0.9763,0.0397,28034.55,9864.01,0.7783,54,19,0.3982,1.1567,0.4698,0.1098,0.7992,1,4,0,0,1,0,2.809,519.16,146.81,792.38,5733.01,7927.62,0,0.0,4.4374,0,0
2026-09-09T14:55:36.322608+00:00,web_xss_v1,web_xss_v1__run_002,initial_access,T1190,7,3,1.5567,0.9377,0.0686,34399.66,16380.79,0.7787,63,30,0.5423,0.9475,0.6,0.1458,1.0372,1,3,0,0,1,0,2.0651,546.03,210.21,1035.04,7871.79,8744.12,0,0.0,4.1686,0,1
2026-09-09T14:55:41.322608+00:00,web_xss_v1,web_xss_v1__run_002,initial_access,T1190,10,4,1.971,0.9844,0.0,42367.24,17476.48,0.8006,80,33,0.4961,1.472,0.565,0.0971,0.8563,1,4,0,0,2,0,2.3761,529.59,200.36,1032.85,8200.14,8646.72,1,0.028,4.4068,0,0
2026-09-09T14:55:46.322608+00:00,web_xss_v1,web_xss_v1__run_002,initial_access,T1190,7,4,1.8424,0.9801,0.0,19551.14,9775.57,0.7854,42,21,0.8122,1.7252,0.6003,0.1669,1.1011,1,3,0,0,1,0,1.935,465.5,138.05,660.14,8781.73,9690.4,0,0.0897,4.5631,0,0
2026-09-09T14:55:51.322608+00:00,web_xss_v1,web_xss_v1__run_002,initial_access,T1190,11,3,1.5395,0.9827,0.0539,35558.21,22089.19,0.7238,66,41,0.6372,1.2269,0.5984,0.149,1.0454,1,6,0,0,2,0,1.5833,538.76,124.51,713.67,5958.02,8064.47,1,0.0551,3.9047,0,0
2026-09-09T14:55:56.322608+00:00,web_xss_v1,web_xss_v1__run_002,initial_access,T1190,9,4,1.6577,0.98,0.0358,23006.2,11247.48,0.7265,45,22,0.5657,1.6273,0.5398,0.0941,0.822,1,4,1,0,1,0,2.0027,511.25,196.91,990.68,9064.91,9121.24,0,0.0,3.7455,0,0
2026-09-09T14:56:01.322608+00:00,web_xss_v1,web_xss_v1__run_002,initial_access,T1190,12,4,1.9591,0.9778,0.0529,25743.84,8044.95,0.769,48,15,0.442,0.9226,0.5393,0.1286,0.9251,2,6,1,0,2,0,3.1929,536.33,226.66,1208.88,8094.78,7987.88,1,0.0,4.477,0,1
2026-09-09T14:56:06.322608+00:00,web_xss_v1,web_xss_v1__run_002,initial_access,T1190,8,3,1.5,0.9731,0.0113,29826.64,12117.07,0.8117,64,26,0.6441,0.9571,0.5333,0.1492,0.9807,1,3,0,0,1,0,2.4005,466.04,141.97,750.4,11363.85,7057.05,0,0.0559,3.1152,0,2
2026-09-09T14:56:11.322608+00:00,web_xss_v1,web_xss_v1__run_002,initial_access,T1190,11,4,1.8231,0.9686,0.0488,28880.29,14702.69,0.8027,55,28,0.4579,0.6011,0.4889,0.1026,0.7967,1,5,1,0,2,0,1.9358,525.1,190.45,1012.95,8745.08,7010.85,1,0.0475,4.0465,0,0
2026-09-09T14:56:16.322608+00:00,web_xss_v1,web_xss_v1__run_002,initial_access,T1190,9,4,1.9749,0.9733,0.0121,40655.54,19763.11,0.7333,72,35,0.6768,1.1309,0.6125,0.1136,0.9532,1,4,0,0,2,0,2.0147,564.66,174.67,822.41,6582.18,7880.71,1,0.0406,3.8777,0,1
2026-09-09T14:56:21.322608+00:00,web_xss_v1,web_xss_v1__run_002,initial_access,T1190,6,4,1.9183,1.0,0.0,21597.34,8741.78,0.8027,42,17,0.6874,1.2984,0.606,0.0787,0.8422,1,3,0,0,1,0,2.3374,514.22,152.39,831.57,9196.31,6051.69,0,0.0261,4.1921,0,0
2026-09-09T14:56:26.322608+00:00,web_xss_v1,web_xss_v1__run_002,initial_access,T1190,11,4,1.8231,0.9786,0.0,19345.13,12896.75,0.7683,33,22,0.6228,1.5205,0.5941,0.1409,1.0169,2,6,1,0,2,0,1.4793,586.22,242.44,948.08,8483.55,9414.92,1,0.0127,4.2221,0,0
2026-09-09T14:56:31.322608+00:00,web_xss_v1,web_xss_v1__run_002,initial_access,T1190,5,3,1.371,1.0,0.0,19330.82,9021.05,0.8028,30,14,0.8913,2.3069,0.7121,0.1558,1.1795,0,2,0,0,1,0,2.0212,644.36,134.2,806.23,8005.05,9003.35,0,0.0,4.6755,0,0
2026-09-09T14:56:36.322608+00:00,web_xss_v1,web_xss_v1__run_002,initial_access,T1190,5,3,1.371,1.0,0.0,28492.79,14505.42,0.7578,55,28,0.6135,1.0109,0.4843,0.1416,0.9089,0,2,0,0,1,0,1.9613,518.05,111.81,686.6,9308.05,7427.59,0,0.0,4.1431,0,0
2026-09-09T14:56:41.322608+00:00,web_xss_v1,web_xss_v1__run_002,initial_access,T1190,9,4,1.7527,1.0,0.0246,26225.92,18455.28,0.7858,54,38,0.38,0.5334,0.6592,0.0698,0.8686,1,4,1,0,2,0,1.3872,485.67,122.67,787.95,7500.53,8128.87,1,0.0613,3.703,0,0
2026-09-09T14:56:46.322608+00:00,web_xss_v1,web_xss_v1__run_002,initial_access,T1190,14,4,1.8774,1.0,0.0,23865.71,10796.39,0.7115,42,19,0.2806,0.4727,0.5678,0.1402,0.9882,2,6,1,0,3,0,2.1392,568.23,203.54,1020.5,8151.97,9127.25,1,0.0302,3.9997,0,0
2026-09-09T14:56:51.322608+00:00,web_xss_v1,web_xss_v1__run_002,initial_access,T1190,11,4,1.7899,1.0,0.0347,46222.28,14707.09,0.7696,88,28,0.3686,0.7655,0.4482,0.0504,0.5995,1,5,1,0,2,0,3.1067,525.25,154.84,923.69,8112.57,7890.56,1,0.0186,5.2705,0,0
2026-09-09T14:56:56.322608+00:00,web_xss_v1,web_xss_v1__run_002,initial_access,T1190,5,2,0.971,0.9935,0.0,22594.48,9790.94,0.7857,30,13,0.9602,2.1219,0.6502,0.1896,1.2191,1,2,0,0,1,0,2.2375,753.15,138.42,915.13,9936.55,7580.58,0,0.0,4.3153,0,0
2026-09-09T14:57:01.322608+00:00,web_xss_v1,web_xss_v1__run_002,initial_access,T1190,4,2,0.8113,0.9991,0.042,8697.23,3913.75,0.8539,20,9,0.7338,1.0347,0.5965,0.14,1.0165,0,1,0,0,0,0,2.1542,434.86,165.14,675.28,10347.83,8147.67,0,0.013,5.3156,0,0
2026-09-09T14:57:06.322608+00:00,web_xss_v1,web_xss_v1__run_002,initial_access,T1190,13,4,1.7381,1.0,0.0272,47939.7,23969.85,0.8131,104,52,0.4257,0.5512,0.5391,0.0736,0.7598,2,6,1,0,2,0,1.9805,460.96,241.51,1154.72,7657.57,8121.07,1,0.0673,4.0344,0,0
2026-09-09T14:57:11.322608+00:00,web_xss_v1,web_xss_v1__run_002,initial_access,T1190,9,3,1.3516,1.0,0.0,29662.41,10436.77,0.7831,54,19,0.462,0.8897,0.6568,0.0806,0.8986,1,4,0,0,2,0,2.7787,549.3,181.69,975.26,7320.11,8483.31,1,0.0576,4.506,0,0
2026-09-09T14:57:16.322608+00:00,web_xss_v1,web_xss_v1__run_002,initial_access,T1190,7,3,1.3788,0.9493,0.0695,7890.51,3945.25,0.7005,14,7,0.4678,1.3773,0.5502,0.1059,0.8678,1,3,0,0,1,0,1.8659,563.61,148.15,801.31,8498.49,9068.02,0,0.0406,3.885,0,0
2026-09-09T14:57:21.322608+00:00,web_xss_v1,web_xss_v1__run_002,initial_access,T1190,12,3,1.4591,1.0,0.0254,35988.74,18594.18,0.7696,60,31,0.4911,1.2446,0.6138,0.1696,1.1225,2,6,1,0,2,0,1.9037,599.81,135.15,871.56,9442.71,9722.19,1,0.0183,3.4498,0,0
2026-09-09T14:57:26.322608+00:00,web_xss_v1,web_xss_v1__run_002,initial_access,T1190,5,3,1.5219,1.0,0.0,10341.44,3619.5,0.7384,20,7,0.6484,1.8021,0.5791,0.0591,0.7564,0,2,0,0,1,0,2.7633,517.07,104.32,709.47,8987.69,8537.41,0,0.0121,3.8439,0,1
2026-09-09T14:57:31.322608+00:00,web_xss_v1,web_xss_v1__run_002,initial_access,T1190,10,4,1.8955,1.0,0.0157,29022.98,12770.11,0.7736,50,22,0.3823,0.5486,0.5273,0.1214,0.8914,1,4,1,0,2,0,2.1899,580.46,109.02,849.82,7904.29,9453.14,1,0.0,4.1662,0,1
2026-09-09T14:57:36.322608+00:00,web_xss_v1,web_xss_v1__run_002,initial_access,T1190,10,4,1.7219,0.9712,0.0375,53351.38,17783.79,0.7642,90,30,0.687,1.3188,0.4063,0.1127,0.7444,2,5,1,0,2,0,2.9654,592.79,229.57,1033.03,6250.74,6913.23,1,0.0412,3.7354,0,0
2026-09-09T14:57:41.322608+00:00,web_xss_v1,web_xss_v1__run_002,initial_access,T1190,9,4,1.8911,0.9907,0.0,37403.53,11874.14,0.7543,63,20,0.5765,1.6962,0.6747,0.1059,0.9924,1,4,0,0,2,0,3.0047,593.71,157.3,883.92,8847.33,10677.76,1,0.0289,4.4955,0,0
2026-09-09T14:57:46.322608+00:00,web_xss_v1,web_xss_v1__run_002,initial_access,T1190,9,4,1.8911,1.0,0.0,17361.24,8359.12,0.7938,27,13,0.6573,1.7705,0.6422,0.0778,0.8757,1,4,0,0,2,0,2.0061,643.01,201.44,964.69,9096.82,9559.4,1,0.086,3.079,0,0
2026-09-09T14:57:51.322608+00:00,web_xss_v1,web_xss_v1__run_002,initial_access,T1190,7,3,1.5567,0.9609,0.0294,26059.63,11168.41,0.7651,56,24,0.2849,0.8047,0.4119,0.1035,0.7223,0,3,0,0,1,0,2.2664,465.35,171.8,840.72,7021.54,8820.57,0,0.0,4.4343,0,0
2026-09-09T14:57:56.322608+00:00,web_xss_v1,web_xss_v1__run_002,initial_access,T1190,4,3,1.5,1.0,0.0215,16175.04,7413.56,0.6758,24,11,0.635,1.0764,0.6025,0.1735,1.123,0,1,0,0,0,0,2.109,673.96,141.53,878.69,9053.48,8515.61,0,0.0,3.4985,0,0
2026-09-09T14:58:01.322608+00:00,web_xss_v1,web_xss_v1__run_002,initial_access,T1190,2,2,1.0,1.0,0.0399,11157.16,4958.74,0.7941,18,8,0.4014,0.7784,0.6407,0.1724,1.1579,0,0,0,0,0,0,2.1504,619.84,84.37,704.21,8964.97,7526.44,0,0.0,4.4973,0,0
2026-09-09T14:58:06.322608+00:00,web_xss_v1,web_xss_v1__run_002,initial_access,T1190,11,4,1.9808,1.0,0.0006,22426.2,11722.79,0.795,44,23,0.6195,1.7548,0.6137,0.0918,0.8893,1,5,0,0,2,0,1.9103,509.69,132.69,830.88,7600.64,8324.17,1,0.0135,4.5045,0,1
2026-09-09T14:58:11.322608+00:00,web_xss_v1,web_xss_v1__run_002,initial_access,T1190,7,3,1.5567,0.9758,0.013,19581.42,9324.48,0.6571,42,20,0.2708,0.7554,0.5836,0.0751,0.809,1,3,0,0,1,0,2.0446,466.22,104.41,626.82,7332.81,7109.49,0,0.0,2.8737,0,0
2026-09-09T14:58:16.322608+00:00,web_xss_v1,web_xss_v1__run_002,initial_access,T1190,10,3,1.571,0.9819,0.0013,31407.27,12562.91,0.8073,50,20,0.653,1.5961,0.557,0.0693,0.765,1,5,0,0,1,0,2.4772,628.15,168.78,927.73,9007.36,8755.29,0,0.0223,3.9972,0,0
2026-09-09T14:58:21.322608+00:00,web_xss_v1,web_xss_v1__run_002,initial_access,T1190,8,4,2.0,0.9646,0.036,28345.09,12147.89,0.724,56,24,0.5277,1.2031,0.4999,0.1185,0.8554,1,4,0,0,1,0,2.3305,506.16,70.1,612.86,8752.61,9423.53,0,0.0238,3.7544,0,0
2026-09-09T14:58:26.322608+00:00,web_xss_v1,web_xss_v1__run_002,initial_access,T1190,6,3,1.4591,0.9905,0.0336,10149.81,2819.39,0.7841,18,5,0.7574,0.9198,0.6675,0.1943,1.2502,1,2,0,0,1,0,3.1933,563.88,226.09,975.49,5355.18,6516.6,0,0.036,3.9126,0,0
2026-09-09T14:58:31.322608+00:00,web_xss_v1,web_xss_v1__run_002,initial_access,T1190,7,4,1.8424,1.0,0.0155,19811.97,8490.84,0.7385,42,18,0.4191,0.6606,0.4783,0.0826,0.726,1,3,0,0,1,0,2.2243,471.71,131.72,684.5,7820.26,6327.74,0,0.0056,4.0214,0,0
2026-09-09T14:58:36.322608+00:00,web_xss_v1,web_xss_v1__run_002,initial_access,T1190,15,4,1.9656,1.0,0.0,104447.14,62088.02,0.7955,180,107,0.672,1.1453,0.5623,0.1117,0.8973,3,7,2,0,3,0,1.6801,580.26,339.51,1676.75,7822.42,7916.91,2,0.0397,4.7586,0,1
2026-09-09T14:58:41.322608+00:00,web_xss_v1,web_xss_v1__run_002,initial_access,T1190,12,4,1.7842,0.9606,0.041,61846.14,21188.03,0.7129,108,37,0.7719,1.5816,0.5336,0.1407,0.9556,2,6,1,0,2,0,2.8661,572.65,123.95,761.37,7258.49,7900.75,1,0.0683,3.8594,0,0
2026-09-09T14:58:46.322608+00:00,web_xss_v1,web_xss_v1__run_002,initial_access,T1190,7,3,1.3788,1.0,0.0204,10433.11,3477.7,0.8057,21,7,0.7553,1.4701,0.5897,0.139,1.0068,1,3,0,0,1,0,2.7267,496.81,215.57,884.65,5292.48,8329.95,0,0.0,4.2536,0,1
2026-09-09T14:58:51.322608+00:00,web_xss_v1,web_xss_v1__run_002,initial_access,T1190,11,4,1.8231,0.975,0.0029,25400.25,11545.57,0.6197,55,25,0.32,0.6047,0.5876,0.094,0.8694,2,5,1,0,2,0,2.1251,461.82,200.61,889.87,7836.36,9052.35,1,0.0,4.2159,0,0
2026-09-09T14:58:56.322608+00:00,web_xss_v1,web_xss_v1__run_002,initial_access,T1190,6,4,1.9183,1.0,0.0066,11376.02,5688.01,0.7233,18,9,0.3739,0.8015,0.5855,0.0969,0.8762,1,2,0,0,1,0,1.9504,632.0,216.2,944.95,7408.04,9549.21,0,0.0269,4.0385,0,0
2026-09-09T14:59:01.322608+00:00,web_xss_v1,web_xss_v1__run_002,initial_access,T1190,9,4,1.7527,0.9527,0.0123,31966.93,19535.35,0.8097,54,33,0.6733,1.9381,0.6133,0.0679,0.8172,1,4,0,0,2,0,1.6085,591.98,149.96,835.08,7781.71,7461.93,1,0.0332,3.8906,0,0
2026-09-09T14:59:06.322608+00:00,web_xss_v1,web_xss_v1__run_002,initial_access,T1190,4,2,0.8113,0.9428,0.0494,32633.46,12237.55,0.7058,40,15,0.7138,1.2341,0.6611,0.1272,1.0427,0,2,0,0,0,0,2.5977,815.84,252.74,1165.34,8815.76,8897.85,0,0.0,3.1952,0,0
2026-09-09T14:59:11.322608+00:00,web_xss_v1,web_xss_v1__run_002,initial_access,T1190,9,4,1.8366,0.9818,0.0,20667.48,7348.44,0.7288,45,16,0.3817,0.5136,0.6089,0.1735,1.1293,1,4,0,0,2,0,2.7269,459.28,141.93,824.23,8762.83,8267.6,1,0.0337,3.7646,0,0
2026-09-09T14:59:16.322608+00:00,web_xss_v1,web_xss_v1__run_002,initial_access,T1190,11,4,1.6858,0.9956,0.0237,48549.06,25377.92,0.7574,88,46,0.6333,1.448,0.7029,0.1202,1.0635,1,5,1,0,2,0,1.9127,551.69,260.13,1201.48,7618.76,7079.81,1,0.02,4.3977,0,0
2026-09-09T14:59:21.322608+00:00,web_xss_v1,web_xss_v1__run_002,initial_access,T1190,12,3,1.5,0.9632,0.0684,79641.13,29610.16,0.7233,156,58,0.658,1.7538,0.6018,0.1254,0.9778,2,5,1,0,2,0,2.6716,510.52,152.43,769.62,10860.11,8941.3,1,0.0075,5.0999,0,0
2026-09-09T14:59:26.322608+00:00,web_xss_v1,web_xss_v1__run_002,initial_access,T1190,1,1,-0.0,0.9875,0.0586,1780.55,445.14,0.7758,4,1,0.7953,1.3889,0.4198,0.0467,0.5599,0,0,0,0,0,0,2.5576,445.14,0.0,445.14,7175.78,7681.22,0,0.0369,4.4067,0,0
2026-09-09T14:59:31.322608+00:00,web_xss_v1,web_xss_v1__run_002,initial_access,T1190,9,4,1.9749,1.0,0.0,18700.18,7791.74,0.7394,36,15,0.3668,0.6245,0.6329,0.0984,0.9281,1,4,1,0,2,0,2.3684,519.45,194.65,774.6,8700.48,8635.93,1,0.036,3.5451,0,0
2026-09-09T14:59:36.322608+00:00,web_xss_v1,web_xss_v1__run_002,initial_access,T1190,3,2,0.9183,0.994,0.0128,15749.45,6562.27,0.7442,36,15,0.2911,0.4106,0.5039,0.1379,0.9177,0,1,0,0,0,0,2.3139,437.48,111.3,594.05,8044.09,7783.62,0,0.0441,4.5132,0,0
2026-09-09T14:59:41.322608+00:00,web_xss_v1,web_xss_v1__run_002,initial_access,T1190,10,4,1.8464,0.9843,0.0016,16338.37,6535.35,0.8226,30,12,0.6719,1.648,0.5115,0.1158,0.859,1,4,1,0,2,0,2.3994,544.61,151.93,783.36,8665.87,10393.52,1,0.0592,3.6208,0,0
2026-09-09T14:59:46.322608+00:00,web_xss_v1,web_xss_v1__run_002,initial_access,T1190,5,4,1.9219,1.0,0.0,13507.87,5403.15,0.7442,20,8,0.4081,0.6738,0.6621,0.1283,1.047,0,2,0,0,0,0,2.4402,675.39,261.41,1084.01,9230.67,7244.7,0,0.0,4.2988,0,0
2026-09-09T14:59:51.322608+00:00,web_xss_v1,web_xss_v1__run_002,initial_access,T1190,9,4,1.8366,0.971,0.028,52796.23,19358.62,0.6875,90,33,0.7529,1.2595,0.4937,0.0504,0.6449,1,4,0,0,1,0,2.6868,586.62,250.9,1048.75,8150.15,9012.93,0,0.0651,3.9569,0,0
2026-09-09T14:59:56.322608+00:00,web_xss_v1,web_xss_v1__run_002,initial_access,T1190,10,4,1.8955,0.9887,0.0,24535.41,9323.46,0.7518,50,19,0.3268,0.8927,0.456,0.1204,0.8172,2,4,1,0,1,0,2.5085,490.71,134.96,765.96,8981.84,6930.66,0,0.0374,4.1127,0,1
2026-09-09T15:00:01.322608+00:00,web_xss_v1,web_xss_v1__run_002,initial_access,T1190,6,4,1.9183,0.9726,0.0336,14736.15,6385.66,0.7741,30,13,0.7528,1.6352,0.5116,0.1217,0.8768,1,3,0,0,1,0,2.2292,491.2,72.46,597.7,8569.3,7266.82,0,0.0202,4.7825,0,0
2026-09-09T15:00:06.322608+00:00,web_xss_v1,web_xss_v1__run_002,initial_access,T1190,8,4,1.9056,0.9828,0.0077,25792.79,11054.05,0.7106,56,24,0.5406,1.4904,0.661,0.1853,1.2171,1,4,0,0,1,0,2.2423,460.59,125.35,664.44,8975.63,8731.51,0,0.0372,2.8554,0,0
2026-09-09T15:00:11.322608+00:00,web_xss_v1,web_xss_v1__run_002,initial_access,T1190,11,4,1.9363,1.0,0.0119,43244.11,19656.41,0.7334,77,35,0.6831,1.5977,0.5513,0.1349,0.9559,1,5,1,0,2,0,2.1566,561.61,202.22,975.28,7874.53,8101.27,1,0.0083,4.1338,0,0
2026-09-09T15:00:16.322608+00:00,web_xss_v1,web_xss_v1__run_002,initial_access,T1190,10,4,1.8464,0.9518,0.0545,51687.42,20674.97,0.6894,90,36,0.4582,0.9734,0.4531,0.0496,0.6019,1,4,0,0,2,0,2.4763,574.3,231.1,1033.15,7974.2,8945.7,1,0.0211,2.8831,0,0
2026-09-09T15:00:21.322608+00:00,web_xss_v1,web_xss_v1__run_002,initial_access,T1190,10,4,1.8464,0.9653,0.0298,22190.3,19416.52,0.8032,40,35,0.7101,1.477,0.68,0.0872,0.9417,1,5,1,0,2,0,1.1144,554.76,202.99,1057.49,6890.8,8291.66,1,0.0412,4.6138,0,0
2026-09-09T15:00:26.322608+00:00,web_xss_v1,web_xss_v1__run_002,initial_access,T1190,12,4,1.825,0.9505,0.0524,43150.01,21575.0,0.8524,84,42,0.5841,1.6924,0.4942,0.0868,0.7545,1,6,1,0,2,0,1.9654,513.69,158.71,844.88,8308.55,9157.37,1,0.0148,4.2333,0,0
2026-09-09T15:00:31.322608+00:00,web_xss_v1,web_xss_v1__run_002,initial_access,T1190,12,4,1.8879,1.0,0.0,45524.36,34685.23,0.6554,84,64,0.4127,1.1936,0.6326,0.1395,1.051,2,5,1,0,2,0,1.3077,541.96,209.57,1006.28,8354.89,7848.35,1,0.05,3.4401,0,0
2026-09-09T15:00:36.322608+00:00,web_xss_v1,web_xss_v1__run_002,initial_access,T1190,9,4,1.8911,1.0,0.0,37915.09,22117.14,0.7241,72,42,0.6086,1.2937,0.4984,0.0953,0.7844,1,4,0,0,1,0,1.698,526.6,93.55,663.55,7871.47,8889.08,0,0.037,4.2001,0,0
2026-09-09T15:00:41.322608+00:00,web_xss_v1,web_xss_v1__run_002,initial_access,T1190,8,4,1.9056,1.0,0.0083,4087.58,1532.84,0.7878,8,3,0.2733,0.6715,0.5517,0.1109,0.8843,1,4,0,0,1,0,2.4687,510.95,195.06,900.11,8780.94,9833.06,0,0.0807,3.9478,0,0
2026-09-09T15:00:46.322608+00:00,web_xss_v1,web_xss_v1__run_002,initial_access,T1190,4,3,1.5,0.9922,0.0104,16706.92,6563.43,0.7412,28,11,0.2965,0.6772,0.5704,0.064,0.7626,0,2,0,0,0,0,2.3614,596.68,243.23,906.35,8128.23,8915.11,0,0.0,4.4242,0,0
2026-09-09T15:00:51.322608+00:00,web_xss_v1,web_xss_v1__run_002,initial_access,T1190,11,4,1.6767,1.0,0.0084,12277.84,6697.0,0.7309,22,12,0.8151,2.3657,0.5979,0.1413,1.0219,2,5,1,0,2,0,1.6957,558.08,203.52,862.49,8011.93,7978.75,1,0.0501,3.4098,0,0
2026-09-09T15:00:56.322608+00:00,web_xss_v1,web_xss_v1__run_002,initial_access,T1190,3,2,0.9183,0.9651,0.0639,8734.34,3396.69,0.7052,18,7,0.512,0.9929,0.6176,0.1452,1.053,0,1,0,0,0,0,2.511,485.24,174.98,730.92,7826.49,8958.2,0,0.0,4.2329,0,0
2026-09-09T15:01:01.322608+00:00,web_xss_v1,web_xss_v1__run_002,initial_access,T1190,12,4,1.9591,0.9866,0.0475,51696.22,24001.82,0.7412,84,39,0.8948,2.211,0.7958,0.1457,1.2329,1,6,0,0,2,0,2.1445,615.43,242.52,1064.59,8127.57,7909.6,1,0.0108,4.3622,0,0
2026-09-09T15:01:06.322608+00:00,web_xss_v1,web_xss_v1__run_002,initial_access,T1190,8,4,2.0,0.9955,0.0219,9989.83,3746.19,0.8584,16,6,0.6408,1.719,0.4958,0.083,0.7448,1,3,0,0,1,0,2.3165,624.36,283.11,1110.96,8961.46,8345.78,0,0.0309,4.6393,0,0
2026-09-09T15:01:11.322608+00:00,web_xss_v1,web_xss_v1__run_002,initial_access,T1190,12,4,1.9591,0.961,0.0046,28209.17,9990.75,0.7389,48,17,0.6432,1.4575,0.4885,0.1232,0.858,2,5,1,0,2,0,2.8112,587.69,132.33,825.62,8632.87,6883.78,1,0.0328,3.6262,0,0
2026-09-09T15:01:16.322608+00:00,web_xss_v1,web_xss_v1__run_002,initial_access,T1190,12,4,1.7842,1.0,0.0056,65775.94,24361.46,0.7701,108,40,0.5526,1.0006,0.5526,0.1255,0.929,2,6,1,0,2,0,2.6593,609.04,184.58,955.75,9758.24,7307.96,1,0.0535,3.6056,0,0
2026-09-09T15:01:21.322608+00:00,web_xss_v1,web_xss_v1__run_002,initial_access,T1190,7,3,1.3788,1.0,0.0183,33383.68,13247.49,0.787,63,25,0.9344,1.8625,0.6417,0.1791,1.179,1,3,0,0,1,0,2.4284,529.9,162.07,808.49,7343.47,6402.65,0,0.0241,3.5386,0,0
2026-09-09T15:01:26.322608+00:00,web_xss_v1,web_xss_v1__run_002,initial_access,T1190,5,2,0.971,1.0,0.0149,23704.33,12444.77,0.6685,40,21,0.6857,1.7421,0.5566,0.1611,1.04,0,2,0,0,1,0,1.8799,592.61,161.83,740.26,7221.62,6964.54,0,0.0264,4.5766,0,0
2026-09-09T15:01:31.322608+00:00,web_xss_v1,web_xss_v1__run_002,initial_access,T1190,11,4,1.6858,0.9946,0.0,14326.02,7163.01,0.7351,22,11,0.3988,1.1003,0.6218,0.0689,0.8285,2,5,1,0,2,0,1.8895,651.18,207.84,979.03,10038.65,8940.27,1,0.027,4.0552,0,0
2026-09-09T15:01:36.322608+00:00,web_xss_v1,web_xss_v1__run_002,initial_access,T1190,8,4,1.75,1.0,0.0102,26097.05,11961.15,0.7331,48,22,0.4196,0.9462,0.6093,0.1639,1.1009,1,3,0,0,1,0,2.0967,543.69,127.65,761.67,8259.13,7280.68,0,0.0238,4.3069,0,0
2026-09-09T15:01:41.322608+00:00,web_xss_v1,web_xss_v1__run_002,initial_access,T1190,4,2,0.8113,1.0,0.0488,7727.64,2414.89,0.7207,16,5,0.8869,1.8583,0.6364,0.1062,0.9548,0,2,0,0,1,0,3.0434,482.98,58.56,560.08,7007.88,6522.4,0,0.0,3.1753,0,0
2026-09-09T15:01:46.322608+00:00,web_xss_v1,web_xss_v1__run_002,initial_access,T1190,8,4,1.75,0.8955,0.0918,19786.36,6925.23,0.7182,40,14,0.5221,1.0407,0.5259,0.1399,0.9457,1,4,0,0,1,0,2.7747,494.66,74.81,615.39,9159.99,9873.63,0,0.009,4.6725,0,0
2026-09-09T15:01:51.322608+00:00,web_xss_v1,web_xss_v1__run_002,initial_access,T1190,8,3,1.2988,1.0,0.0,33072.15,14698.73,0.6642,72,32,0.6391,0.9019,0.7037,0.1914,1.278,1,4,0,0,1,0,2.2441,459.34,82.24,639.7,8007.97,6823.63,0,0.0391,4.5073,0,0
2026-09-09T15:01:56.322608+00:00,web_xss_v1,web_xss_v1__run_002,initial_access,T1190,10,4,1.6855,0.9419,0.0835,35530.5,17765.25,0.7677,60,30,0.4125,1.0205,0.5418,0.101,0.8449,1,5,1,0,2,0,1.936,592.17,165.65,851.83,8662.97,6248.68,1,0.0,3.8994,0,0
2026-09-09T15:02:01.322608+00:00,web_xss_v1,web_xss_v1__run_002,initial_access,T1190,8,4,1.75,1.0,0.0197,19419.91,11166.45,0.6557,40,23,0.6688,0.8841,0.5646,0.1264,0.944,1,3,0,0,1,0,1.7234,485.5,135.21,748.38,9614.24,8909.8,0,0.0101,5.0272,0,0
2026-09-09T15:02:06.322608+00:00,web_xss_v1,web_xss_v1__run_002,initial_access,T1190,11,4,1.8231,0.978,0.0098,26813.09,16087.85,0.744,55,33,0.7697,1.8235,0.5768,0.1111,0.9103,1,5,1,0,2,0,1.6434,487.51,158.69,838.49,8711.58,8748.57,1,0.0322,4.5285,0,0
2026-09-09T15:02:11.322608+00:00,web_xss_v1,web_xss_v1__run_002,initial_access,T1190,6,4,1.7925,1.0,0.0031,20720.77,10935.96,0.7107,36,19,0.5241,1.4012,0.5569,0.1087,0.8829,1,2,0,0,1,0,1.8369,575.58,172.07,919.29,7045.62,10856.73,0,0.0,4.2053,0,0
2026-09-09T15:02:16.322608+00:00,web_xss_v1,web_xss_v1__run_002,initial_access,T1190,6,3,1.2516,0.9731,0.0152,18845.54,7328.82,0.7697,36,14,0.4185,0.9153,0.4977,0.1471,0.939,1,3,0,0,1,0,2.5246,523.49,212.48,911.41,8709.97,7746.54,0,0.0,2.8215,0,0
2026-09-09T15:02:21.322608+00:00,web_xss_v1,web_xss_v1__run_002,initial_access,T1190,5,3,1.371,1.0,0.0006,12798.01,5759.1,0.6994,20,9,0.4366,1.0402,0.726,0.0903,0.9968,0,2,0,0,1,0,2.0232,639.9,196.97,901.44,8295.58,9368.79,0,0.0404,4.7063,0,0
2026-09-09T15:02:26.322608+00:00,web_xss_v1,web_xss_v1__run_002,initial_access,T1190,7,4,1.8424,0.9351,0.0908,17916.12,6398.61,0.7147,42,15,0.3657,0.4672,0.4514,0.0694,0.6597,1,3,0,0,1,0,2.6869,426.57,162.09,646.12,6865.84,7079.6,0,0.033,5.2388,0,0
2026-09-09T15:02:31.322608+00:00,web_xss_v1,web_xss_v1__run_002,initial_access,T1190,6,3,1.4591,1.0,0.0096,8466.91,3763.07,0.7948,18,8,0.563,0.95,0.5497,0.0705,0.7613,1,3,0,0,1,0,2.0757,470.38,66.43,578.46,7518.56,9198.94,0,0.0343,4.0133,0,0
2026-09-09T15:02:36.322608+00:00,web_xss_v1,web_xss_v1__run_002,initial_access,T1190,11,4,1.7899,1.0,0.0093,21439.3,6821.6,0.755,44,14,0.629,1.3794,0.6189,0.1726,1.1367,1,5,0,0,2,0,2.9807,487.26,177.71,920.0,8094.33,9127.25,1,0.0,3.7977,0,0
2026-09-09T15:02:41.322608+00:00,web_xss_v1,web_xss_v1__run_002,initial_access,T1190,8,4,1.8113,1.0,0.0223,40142.24,20628.65,0.7584,72,37,0.4751,1.1297,0.5453,0.075,0.7702,1,3,1,0,1,0,1.9339,557.53,167.06,793.83,8580.54,8685.93,0,0.008,3.4285,0,0
2026-09-09T15:02:46.322608+00:00,web_xss_v1,web_xss_v1__run_002,initial_access,T1190,10,4,1.761,0.9957,0.0432,15813.93,6325.57,0.8174,30,12,0.266,0.7893,0.4678,0.0676,0.6705,1,5,0,0,2,0,2.4948,527.13,198.25,863.75,8645.31,6832.53,1,0.0003,3.8513,0,0
2026-09-09T15:02:51.322608+00:00,web_xss_v1,web_xss_v1__run_002,initial_access,T1190,10,4,1.971,0.9975,0.0,31692.91,14035.43,0.7126,70,31,0.5064,1.0289,0.5868,0.1371,0.9981,1,4,0,0,2,0,2.2096,452.76,161.38,787.51,8925.68,7891.82,1,0.0389,3.8629,0,0
2026-09-09T15:02:56.322608+00:00,web_xss_v1,web_xss_v1__run_002,initial_access,T1190,10,3,1.4855,0.9542,0.0358,86094.52,30850.54,0.7521,120,43,0.4076,0.6494,0.5198,0.133,0.9189,1,5,1,0,2,0,2.7649,717.45,327.85,1418.66,8459.06,8610.49,1,0.0504,4.3834,0,0
2026-09-09T15:03:01.322608+00:00,web_xss_v1,web_xss_v1__run_002,initial_access,T1190,5,3,1.5219,0.9894,0.0,19400.92,7329.23,0.6495,45,17,0.3779,0.818,0.788,0.2061,1.4064,0,2,0,0,1,0,2.5967,431.13,54.53,490.29,6695.97,8950.2,0,0.0394,3.9003,0,0
2026-09-09T15:03:06.322608+00:00,web_xss_v1,web_xss_v1__run_002,initial_access,T1190,9,3,1.4355,1.0,0.0,37582.9,19313.43,0.7169,72,37,0.4489,0.6781,0.5195,0.0929,0.7983,1,4,0,0,2,0,1.8961,521.98,123.39,707.75,8419.27,6949.57,1,0.0136,4.1877,0,0
2026-09-09T15:03:11.322608+00:00,web_xss_v1,web_xss_v1__run_002,initial_access,T1190,7,4,1.8424,0.9609,0.038,15317.33,5251.66,0.7839,35,12,0.511,0.9395,0.6458,0.0888,0.9122,1,3,0,0,1,0,2.8181,437.64,109.67,639.27,8253.1,8966.92,0,0.0,4.7638,0,0
2026-09-09T15:03:16.322608+00:00,web_xss_v1,web_xss_v1__run_002,initial_access,T1190,9,4,1.8366,1.0,0.0,45257.0,21999.93,0.783,72,35,0.6301,1.6961,0.5917,0.0655,0.7883,1,4,0,0,2,0,2.0491,628.57,296.69,1345.62,9374.19,7031.84,1,0.0,3.2922,0,0
2026-09-09T15:03:21.322608+00:00,web_xss_v1,web_xss_v1__run_002,initial_access,T1190,7,3,1.5567,0.9697,0.065,33364.18,14298.93,0.7518,63,27,0.578,1.0703,0.6599,0.0876,0.9228,1,3,0,0,1,0,2.2903,529.59,234.92,965.24,8324.34,10068.64,0,0.0,4.0363,0,0
2026-09-09T15:03:26.322608+00:00,web_xss_v1,web_xss_v1__run_002,initial_access,T1190,12,4,1.9591,1.0,0.0,80314.61,34022.16,0.6624,144,61,0.7427,1.3025,0.6607,0.1625,1.1482,2,6,1,1,2,0,2.3437,557.74,193.03,1107.08,8141.88,7404.02,1,0.0066,2.9438,0,0
2026-09-09T15:03:31.322608+00:00,web_xss_v1,web_xss_v1__run_002,initial_access,T1190,7,3,1.3788,1.0,0.036,11567.48,4406.66,0.8231,21,8,0.5141,1.1033,0.5934,0.1443,1.0265,1,3,0,0,1,0,2.4159,550.83,166.92,882.7,8518.4,8196.09,0,0.0186,4.3702,0,0
2026-09-09T15:03:36.322608+00:00,web_xss_v1,web_xss_v1__run_002,initial_access,T1190,14,4,1.8424,0.9782,0.0329,54786.83,26834.36,0.7042,98,48,0.3742,0.8592,0.5427,0.1097,0.8718,2,6,1,0,3,0,2.0099,559.05,193.84,1112.93,10013.64,9757.9,1,0.0547,3.8117,0,0
2026-09-09T15:03:41.322608+00:00,web_xss_v1,web_xss_v1__run_002,initial_access,T1190,14,4,1.8774,1.0,0.0195,39982.19,19991.09,0.6739,70,35,0.3842,0.8254,0.5063,0.0884,0.7713,3,6,1,0,3,0,1.9816,571.17,160.56,844.68,8008.9,6111.0,2,0.0423,4.8837,0,1
2026-09-09T15:03:46.322608+00:00,web_xss_v1,web_xss_v1__run_002,initial_access,T1190,10,4,1.8464,0.9658,0.0294,54997.29,19999.01,0.7914,110,40,0.3441,0.5169,0.5024,0.0814,0.7464,2,5,0,0,2,0,2.6886,499.98,136.23,781.78,8164.17,8735.13,1,0.0566,3.81,0,0
2026-09-09T15:03:51.322608+00:00,web_xss_v1,web_xss_v1__run_002,initial_access,T1190,6,3,1.585,0.9917,0.0075,17251.45,7667.31,0.8666,36,16,0.5611,1.2483,0.6967,0.1184,1.0519,1,3,0,0,1,0,2.1679,479.21,219.47,930.07,7315.03,7411.78,0,0.0101,4.6259,0,0
2026-09-09T15:03:56.322608+00:00,web_xss_v1,web_xss_v1__run_002,initial_access,T1190,6,3,1.585,1.0,0.0,22844.42,9518.51,0.7848,36,15,0.4058,0.7193,0.5495,0.0655,0.746,0,3,0,0,1,0,2.2525,634.57,226.84,877.11,7302.19,7538.81,0,0.0,4.0279,0,0
2026-09-09T15:04:01.322608+00:00,web_xss_v1,web_xss_v1__run_002,initial_access,T1190,10,4,1.8464,0.9636,0.057,38723.34,25170.17,0.7173,80,52,0.5717,0.9044,0.5673,0.1659,1.0652,1,4,0,0,2,0,1.5343,484.04,110.28,640.32,8795.01,8091.83,1,0.0241,4.0471,0,0
2026-09-09T15:04:06.322608+00:00,web_xss_v1,web_xss_v1__run_002,initial_access,T1190,8,3,1.2988,0.9947,0.0329,24534.09,13289.3,0.7409,48,26,0.4898,0.9136,0.5781,0.0933,0.858,1,3,0,0,1,0,1.8304,511.13,99.75,685.77,7652.46,8130.9,0,0.0162,4.0693,0,0
2026-09-09T15:04:11.322608+00:00,web_xss_v1,web_xss_v1__run_002,initial_access,T1190,6,3,1.585,0.9955,0.0384,2955.4,1477.7,0.6738,6,3,0.5425,1.5027,0.566,0.0743,0.789,0,3,0,0,1,0,1.6272,492.57,117.28,733.42,9793.36,8604.76,0,0.0375,4.1824,0,0
2026-09-09T15:04:16.322608+00:00,web_xss_v1,web_xss_v1__run_002,initial_access,T1190,4,2,0.8113,1.0,0.0,20320.41,7337.93,0.7497,36,13,0.7847,0.9701,0.5814,0.1271,0.9627,0,1,0,0,0,0,2.7427,564.46,101.57,721.57,10695.36,8817.46,0,0.0391,4.3593,0,1
2026-09-09T15:04:21.322608+00:00,web_xss_v1,web_xss_v1__run_002,initial_access,T1190,6,4,1.7925,0.9801,0.033,17183.98,8591.99,0.7319,30,15,0.5396,1.1843,0.4526,0.126,0.8306,1,2,0,0,1,0,1.9722,572.8,229.89,1049.17,8683.02,7754.02,0,0.0139,3.2326,0,0
2026-09-09T15:04:26.322608+00:00,web_xss_v1,web_xss_v1__run_002,initial_access,T1190,4,4,2.0,0.9806,0.0181,14819.22,8997.38,0.6927,28,17,0.5004,0.6651,0.5968,0.1583,1.0717,0,2,0,0,0,0,1.5834,529.26,230.17,896.38,7396.25,9072.77,0,0.0072,4.0013,0,0
2026-09-09T15:04:31.322608+00:00,web_xss_v1,web_xss_v1__run_002,initial_access,T1190,9,4,1.8911,0.9686,0.0482,35767.76,18546.24,0.757,81,42,0.694,1.919,0.5336,0.1074,0.8559,1,4,0,0,2,0,1.8844,441.58,119.13,616.06,9156.46,8137.71,1,0.0509,4.0005,0,0
2026-09-09T15:04:36.322608+00:00,web_xss_v1,web_xss_v1__run_002,initial_access,T1190,6,3,1.4591,0.9818,0.0165,12225.19,4584.45,0.6918,24,9,0.5224,0.9276,0.5317,0.0677,0.7348,1,2,0,0,1,0,2.6525,509.38,142.04,661.98,7356.61,11892.97,0,0.0378,3.9357,0,1
2026-09-09T15:04:41.322608+00:00,web_xss_v1,web_xss_v1__run_002,initial_access,T1190,12,4,1.8554,0.9788,0.016,21829.13,9095.47,0.805,36,15,0.5079,1.3914,0.5615,0.1264,0.9406,2,5,1,0,2,0,2.3357,606.36,197.84,1123.97,8673.91,7178.84,1,0.0107,3.741,0,0
2026-09-09T15:04:46.322608+00:00,web_xss_v1,web_xss_v1__run_002,initial_access,T1190,7,3,1.1488,1.0,0.0,7467.1,5333.64,0.6723,14,10,0.6214,1.2853,0.5802,0.0935,0.8608,1,3,0,0,1,0,1.2857,533.36,177.57,830.15,6918.01,7233.24,0,0.0736,4.328,0,0
2026-09-09T15:04:51.322608+00:00,web_xss_v1,web_xss_v1__run_002,initial_access,T1190,3,2,0.9183,0.9759,0.0568,12092.06,6046.03,0.7766,18,9,0.4921,0.8516,0.6017,0.0746,0.8257,0,1,0,0,0,0,1.8736,671.78,109.66,826.23,9079.06,9700.95,0,0.0118,4.0873,0,1
2026-09-09T15:04:56.322608+00:00,web_xss_v1,web_xss_v1__run_002,initial_access,T1190,7,3,1.3788,0.9597,0.0431,12837.97,5043.49,0.6756,28,11,0.2414,0.4384,0.4804,0.1147,0.8244,1,3,0,0,1,0,2.3365,458.5,88.42,655.74,10029.65,8264.86,0,0.0,4.1884,0,0
2026-09-09T15:05:01.322608+00:00,web_xss_v1,web_xss_v1__run_002,initial_access,T1190,15,3,1.5058,0.997,0.0,90053.0,43358.85,0.7512,135,65,0.7754,1.1047,0.6434,0.1829,1.1922,3,7,1,0,3,0,2.0614,667.06,236.42,1017.44,8731.66,7705.06,2,0.0,4.2841,0,0
2026-09-09T15:05:06.322608+00:00,web_xss_v1,web_xss_v1__run_002,initial_access,T1190,10,4,1.7219,1.0,0.0,26315.76,9473.67,0.7734,50,18,0.6938,1.023,0.5206,0.1326,0.9185,1,5,1,0,1,0,2.7148,526.32,182.14,872.74,8477.04,9519.16,0,0.0033,3.5313,0,0
2026-09-09T15:05:11.322608+00:00,web_xss_v1,web_xss_v1__run_002,initial_access,T1190,8,4,1.8113,1.0,0.0,20549.19,10274.59,0.6693,40,20,0.4487,1.136,0.67,0.1829,1.2186,1,4,0,0,1,0,1.9207,513.73,188.0,808.53,8464.01,6399.18,0,0.0,3.4194,0,0
2026-09-09T15:05:16.322608+00:00,web_xss_v1,web_xss_v1__run_002,initial_access,T1190,9,4,1.9749,1.0,0.0097,18012.33,11007.53,0.7359,36,22,0.3263,0.6924,0.5378,0.1411,0.9611,1,4,0,0,2,0,1.6059,500.34,130.91,709.22,7887.63,8074.15,1,0.0149,4.4857,0,0
2026-09-09T15:05:21.322608+00:00,web_xss_v1,web_xss_v1__run_002,initial_access,T1190,6,4,1.7925,1.0,0.0,17863.49,7443.12,0.7757,24,10,0.7293,1.698,0.5899,0.104,0.9018,1,2,0,0,1,0,2.2118,744.31,262.04,1118.33,8695.11,7159.54,0,0.0283,3.5884,0,0
2026-09-09T15:05:26.322608+00:00,web_xss_v1,web_xss_v1__run_002,initial_access,T1190,6,4,1.9183,0.9767,0.0271,20738.66,16706.14,0.7379,36,29,0.6849,1.4094,0.4846,0.0689,0.6913,1,3,0,0,1,0,1.2182,576.07,169.56,799.64,8295.23,7868.85,0,0.0008,3.9946,0,0
2026-09-09T15:05:31.322608+00:00,web_xss_v1,web_xss_v1__run_002,initial_access,T1190,6,3,1.4591,1.0,0.0045,19743.46,9323.3,0.6129,36,17,0.405,0.6716,0.6158,0.1779,1.1496,0,2,0,0,1,0,2.0156,548.43,229.07,1003.4,9941.14,8884.02,0,0.0812,4.0055,0,0
2026-09-09T15:05:36.322608+00:00,web_xss_v1,web_xss_v1__run_002,initial_access,T1190,8,4,2.0,1.0,0.0515,10976.66,6860.41,0.7391,24,15,0.8742,2.0445,0.619,0.1776,1.152,1,4,0,0,1,0,1.5748,457.36,102.97,589.71,7801.41,7851.33,0,0.0093,3.799,0,0
2026-09-09T15:05:41.322608+00:00,web_xss_v1,web_xss_v1__run_002,initial_access,T1190,7,3,1.3788,1.0,0.0184,60392.01,32044.74,0.7844,98,52,0.8041,2.0258,0.5529,0.1133,0.8926,1,3,0,0,1,0,1.8809,616.24,204.27,904.19,9575.5,7948.38,0,0.0409,3.7059,0,0
2026-09-09T15:05:46.322608+00:00,web_xss_v1,web_xss_v1__run_002,initial_access,T1190,6,3,1.4591,0.9884,0.0,17518.44,13138.83,0.7775,36,27,0.6814,1.2427,0.63,0.1567,1.1001,1,2,0,0,1,0,1.3096,486.62,146.92,749.32,6896.44,7860.7,0,0.0,4.4098,0,1
2026-09-09T15:05:51.322608+00:00,web_xss_v1,web_xss_v1__run_002,initial_access,T1190,8,3,1.5613,1.0,0.0,22707.16,10785.9,0.7493,40,19,0.4168,1.1335,0.5021,0.145,0.937,1,4,0,0,1,0,2.0663,567.68,246.19,1111.59,9094.31,5850.19,0,0.0183,3.9867,0,0
2026-09-09T15:05:56.322608+00:00,web_xss_v1,web_xss_v1__run_002,initial_access,T1190,11,4,1.9808,1.0,0.0,33122.37,17063.04,0.6898,66,34,0.7123,2.0784,0.5101,0.0974,0.8022,1,5,1,0,2,0,1.9208,501.85,192.69,860.74,7513.35,6633.35,1,0.0602,4.2233,0,0
2026-09-09T15:06:01.322608+00:00,web_xss_v1,web_xss_v1__run_002,initial_access,T1190,8,3,1.4056,1.0,0.0,53305.45,32649.59,0.7482,80,49,0.6799,1.6961,0.4768,0.1368,0.8873,1,4,0,0,1,0,1.6124,666.32,335.52,1320.35,8893.61,7094.16,0,0.0011,3.8778,0,0
2026-09-09T15:06:06.322608+00:00,web_xss_v1,web_xss_v1__run_002,initial_access,T1190,14,4,1.9852,0.9779,0.0201,40403.79,19239.9,0.723,84,40,0.4063,0.745,0.5078,0.1091,0.8351,2,7,1,0,2,0,2.0755,481.0,152.93,796.89,5936.05,5959.15,1,0.0,3.8808,0,0
2026-09-09T15:06:11.322608+00:00,web_xss_v1,web_xss_v1__run_002,initial_access,T1190,7,3,1.4488,1.0,0.0174,8555.81,5296.45,0.7507,21,13,0.5942,1.505,0.5806,0.0593,0.7585,1,3,0,0,1,0,1.5665,407.42,80.01,540.31,7142.04,7714.33,0,0.0,3.1149,0,0
2026-09-09T15:06:16.322608+00:00,web_xss_v1,web_xss_v1__run_002,initial_access,T1190,10,4,1.8464,0.9938,0.0,32349.5,10783.17,0.7037,60,20,0.4556,1.0942,0.4696,0.0702,0.6803,2,4,1,0,2,0,2.8785,539.16,166.66,918.26,7627.81,5881.53,1,0.0011,3.5615,0,0
2026-09-09T15:06:21.322608+00:00,web_xss_v1,web_xss_v1__run_002,initial_access,T1190,9,3,1.4355,1.0,0.0,11168.47,4343.29,0.7643,18,7,0.557,1.5157,0.5458,0.1015,0.8502,1,4,1,0,2,0,2.3654,620.47,266.55,1254.23,7725.34,6395.85,1,0.0102,4.0501,0,0
2026-09-09T15:06:26.322608+00:00,web_xss_v1,web_xss_v1__run_002,initial_access,T1190,7,3,1.4488,0.9644,0.0774,31322.88,12864.75,0.7172,56,23,0.3841,0.8815,0.4003,0.0983,0.6951,1,3,0,0,1,0,2.3399,559.34,119.16,701.57,8843.34,7920.15,0,0.0178,4.1493,0,0
2026-09-09T15:06:31.322608+00:00,web_xss_v1,web_xss_v1__run_002,initial_access,T1190,8,3,1.5613,1.0,0.0097,48927.26,35472.26,0.6992,80,58,0.6005,1.7806,0.6669,0.1806,1.2089,1,3,0,0,1,0,1.3642,611.59,156.95,924.65,7696.39,8303.54,0,0.0036,4.0702,0,0
2026-09-09T15:06:36.322608+00:00,web_xss_v1,web_xss_v1__run_002,initial_access,T1190,6,3,1.585,0.945,0.0618,12468.4,5541.51,0.7013,36,16,0.8437,2.4933,0.6597,0.1892,1.2273,1,3,0,0,1,0,2.2256,346.34,55.73,432.63,9636.15,6592.11,0,0.0,4.3073,0,0
2026-09-09T15:06:41.322608+00:00,web_xss_v1,web_xss_v1__run_002,initial_access,T1190,16,4,1.7028,1.0,0.0,122735.48,60819.81,0.8077,224,111,0.3941,1.1771,0.4246,0.0788,0.661,3,7,1,0,3,0,2.0056,547.93,170.36,896.57,9561.37,10817.6,2,0.0464,4.0647,0,0
2026-09-09T15:06:46.322608+00:00,web_xss_v1,web_xss_v1__run_002,initial_access,T1190,9,4,1.8911,1.0,0.0,17338.36,11077.29,0.8256,36,23,0.5552,1.6065,0.4763,0.1217,0.8416,1,4,0,0,1,0,1.5505,481.62,160.0,773.75,8895.19,7808.16,0,0.0,3.1925,0,0
2026-09-09T15:06:51.322608+00:00,web_xss_v1,web_xss_v1__run_002,initial_access,T1190,8,4,1.9056,1.0,0.0,30550.55,12729.4,0.7473,48,20,0.5005,1.2023,0.6906,0.114,1.0327,1,3,0,0,1,0,2.3852,636.47,202.22,1136.97,7663.6,8771.65,0,0.0447,5.0515,0,0
2026-09-09T15:06:56.322608+00:00,web_xss_v1,web_xss_v1__run_002,initial_access,T1190,11,4,1.9808,1.0,0.0,42757.56,33872.87,0.7472,77,61,0.505,1.4821,0.6066,0.1265,0.9861,2,5,0,0,2,0,1.2596,555.29,170.31,998.14,7339.84,8590.5,1,0.0233,2.953,0,0
2026-09-09T15:07:01.322608+00:00,web_xss_v1,web_xss_v1__run_002,initial_access,T1190,8,4,1.8113,0.9927,0.0,33634.12,12012.18,0.7522,56,20,0.6082,1.4257,0.531,0.1512,0.9847,1,3,1,0,1,0,2.7076,600.61,309.38,1258.3,6196.56,5769.14,0,0.0,3.6039,0,1
2026-09-09T15:07:06.322608+00:00,web_xss_v1,web_xss_v1__run_002,initial_access,T1190,9,3,1.3516,1.0,0.0,36653.19,21526.48,0.7305,63,37,0.7926,2.351,0.5661,0.0884,0.8314,1,4,1,0,2,0,1.6862,581.8,161.63,817.67,7525.93,7953.39,1,0.0018,4.6561,0,0
2026-09-09T15:07:11.322608+00:00,web_xss_v1,web_xss_v1__run_002,initial_access,T1190,11,4,1.8676,1.0,0.0,32414.85,14734.02,0.7337,66,30,0.3566,0.6254,0.4688,0.1154,0.8151,1,5,1,0,2,0,2.1635,491.13,175.6,847.97,8475.61,7350.73,1,0.046,3.9388,0,0
2026-09-09T15:07:16.322608+00:00,web_xss_v1,web_xss_v1__run_002,initial_access,T1190,5,4,1.9219,1.0,0.0,8162.45,5441.63,0.773,15,10,0.9568,2.4609,0.5845,0.1014,0.8886,0,2,0,0,0,0,1.393,544.16,194.64,883.62,9395.5,5692.33,0,0.0184,4.8799,0,1
2026-09-09T15:07:21.322608+00:00,web_xss_v1,web_xss_v1__run_002,initial_access,T1190,10,4,1.971,0.9864,0.0,26108.28,11487.64,0.7359,50,22,0.576,1.0937,0.5699,0.0606,0.7515,1,4,1,0,2,0,2.228,522.17,187.57,839.82,9214.86,6411.65,1,0.0,3.325,0,0
2026-09-09T15:07:26.322608+00:00,web_xss_v1,web_xss_v1__run_002,initial_access,T1190,9,2,0.7642,0.9628,0.048,35148.14,14505.58,0.7569,63,26,0.346,0.94,0.5201,0.1313,0.914,1,4,1,0,2,0,2.3699,557.91,232.57,1076.58,7777.58,5818.55,1,0.0,4.2866,0,0
2026-09-09T15:07:31.322608+00:00,web_xss_v1,web_xss_v1__run_002,initial_access,T1190,10,3,1.571,0.9595,0.0,16593.52,7190.53,0.7856,30,13,0.768,1.2882,0.5919,0.1512,1.0454,1,4,1,0,2,0,2.1437,553.12,200.44,1094.58,7484.19,7711.19,1,0.0329,4.0672,0,0
2026-09-09T15:07:36.322608+00:00,web_xss_v1,web_xss_v1__run_002,initial_access,T1190,7,2,0.8631,0.9768,0.0687,29028.84,17106.28,0.6846,56,33,0.7752,1.2958,0.478,0.129,0.865,1,3,0,0,1,0,1.6832,518.37,178.26,913.91,9469.45,7444.0,0,0.0272,4.2859,0,0
2026-09-09T15:07:41.322608+00:00,web_xss_v1,web_xss_v1__run_002,initial_access,T1190,8,4,1.8113,1.0,0.0139,33099.76,20687.35,0.7908,56,35,0.865,1.2777,0.5565,0.1659,1.0543,1,3,0,0,1,0,1.5887,591.07,173.72,903.97,8162.47,8541.16,0,0.0136,4.0847,0,0
2026-09-09T15:07:46.322608+00:00,web_xss_v1,web_xss_v1__run_002,initial_access,T1190,12,4,1.7842,0.9902,0.011,60959.4,33654.67,0.715,96,53,0.704,2.0639,0.7107,0.0938,0.992,2,6,1,0,2,0,1.8083,634.99,191.95,1113.05,10487.84,7419.85,1,0.0,4.3236,0,0
2026-09-09T15:07:51.322608+00:00,web_xss_v1,web_xss_v1__run_002,initial_access,T1190,9,4,1.9749,1.0,0.0,33235.65,13188.75,0.7943,63,25,0.9833,2.0796,0.6719,0.1953,1.2579,1,4,0,0,1,0,2.4974,527.55,191.79,892.68,6339.75,8696.71,0,0.0003,4.2768,0,0
2026-09-09T15:07:56.322608+00:00,web_xss_v1,web_xss_v1__run_002,initial_access,T1190,12,4,1.65,1.0,0.0,12190.72,5587.41,0.7702,24,11,0.3804,0.8154,0.4432,0.1091,0.7706,2,5,1,0,2,0,2.0326,507.95,134.75,865.14,7375.5,8914.62,1,0.0602,3.6725,0,0
2026-09-09T15:08:01.322608+00:00,web_xss_v1,web_xss_v1__run_002,initial_access,T1190,12,4,1.825,1.0,0.017,12803.48,4801.31,0.7093,24,9,0.3121,0.5782,0.4988,0.0678,0.7021,2,5,1,0,2,0,2.443,533.48,172.56,866.45,7367.82,8735.96,1,0.0222,3.3365,0,0
2026-09-09T15:08:06.322608+00:00,web_xss_v1,web_xss_v1__run_002,initial_access,T1190,7,4,1.8424,1.0,0.0,3512.52,1003.58,0.6943,7,2,0.3966,0.5157,0.4911,0.0781,0.7254,1,3,0,0,1,0,2.5781,501.79,203.89,866.91,8869.13,7001.59,0,0.0,4.4961,0,0
2026-09-09T15:08:11.322608+00:00,web_xss_v1,web_xss_v1__run_002,initial_access,T1190,12,3,1.5546,0.9955,0.0213,22051.54,8575.6,0.6601,36,14,0.5028,1.0018,0.4214,0.1095,0.75,2,5,1,0,2,0,2.5439,612.54,262.41,1191.21,7024.82,7607.67,1,0.0515,4.2512,0,0
2026-09-09T15:08:16.322608+00:00,web_xss_v1,web_xss_v1__run_002,initial_access,T1190,3,3,1.585,0.9643,0.0546,7716.16,2572.05,0.7463,12,4,0.7258,1.2902,0.6455,0.1659,1.1432,0,1,0,0,0,0,2.8347,643.01,241.09,850.53,7822.51,7800.65,0,0.035,3.6014,0,0
2026-09-09T15:08:21.322608+00:00,web_xss_v1,web_xss_v1__run_002,initial_access,T1190,11,4,1.8676,1.0,0.0,24672.17,12896.82,0.7467,44,23,0.5075,1.3017,0.715,0.1501,1.1652,1,4,0,0,2,0,1.8424,560.73,244.16,1142.64,8578.39,9143.88,1,0.0505,4.2326,0,0
2026-09-09T15:08:26.322608+00:00,web_xss_v1,web_xss_v1__run_002,initial_access,T1190,9,4,1.7527,0.9937,0.0281,20506.37,12531.67,0.7104,36,22,0.3879,0.7234,0.439,0.0543,0.6018,1,4,0,0,1,0,1.5932,569.62,194.75,931.49,7066.17,8732.14,0,0.0055,3.1883,0,0
2026-09-09T15:08:31.322608+00:00,web_xss_v1,web_xss_v1__run_002,initial_access,T1190,5,3,1.371,1.0,0.0059,15104.22,9666.7,0.7606,25,16,0.793,1.6179,0.5862,0.0971,0.8775,0,2,0,0,0,0,1.5567,604.17,43.39,667.03,8544.39,7560.42,0,0.0223,4.8311,0,0
2026-09-09T15:08:36.322608+00:00,web_xss_v1,web_xss_v1__run_002,initial_access,T1190,9,4,1.6577,0.9619,0.0294,25455.41,16970.27,0.7997,63,42,0.4066,1.0123,0.5997,0.1371,1.011,1,4,0,0,2,0,1.4865,404.05,166.35,811.33,7910.79,7523.08,1,0.0322,4.2499,0,0
2026-09-09T15:08:41.322608+00:00,web_xss_v1,web_xss_v1__run_002,initial_access,T1190,13,4,1.7759,1.0,0.0291,44593.34,21953.65,0.9079,65,32,0.699,1.2087,0.4958,0.1146,0.8396,2,6,0,0,2,0,1.999,686.05,291.34,1337.46,8963.55,7212.49,1,0.0,4.5804,0,1
2026-09-09T15:08:46.322608+00:00,web_xss_v1,web_xss_v1__run_002,initial_access,T1190,14,4,1.9242,0.9854,0.0005,39466.99,24901.79,0.6807,84,53,0.4614,1.1852,0.5643,0.1405,0.9858,2,6,1,0,3,0,1.5612,469.85,183.86,881.47,9649.93,9539.71,2,0.0588,3.6643,0,0
2026-09-09T15:08:51.322608+00:00,web_xss_v1,web_xss_v1__run_002,initial_access,T1190,9,4,1.8911,0.9739,0.0375,38942.12,14835.09,0.6905,63,24,0.9489,1.5612,0.5825,0.1118,0.9178,1,4,1,0,1,0,2.5585,618.13,221.26,1157.09,9572.63,7829.92,0,0.0108,3.6572,0,0
2026-09-09T15:08:56.322608+00:00,web_xss_v1,web_xss_v1__run_002,initial_access,T1190,9,3,1.2244,1.0,0.0118,21493.86,11941.03,0.7009,27,15,0.5805,1.4526,0.4473,0.1142,0.79,1,4,0,0,2,0,1.7287,796.07,206.7,1191.23,9242.16,10175.4,1,0.0169,3.4747,0,1
2026-09-09T15:09:01.322608+00:00,web_xss_v1,web_xss_v1__run_002,initial_access,T1190,6,3,1.4591,1.0,0.0162,26567.87,11807.94,0.8157,54,24,0.6698,1.6047,0.5144,0.1159,0.862,1,3,0,0,1,0,2.229,492.0,118.63,720.81,8825.82,8721.78,0,0.0,4.3766,0,0
2026-09-09T15:09:06.322608+00:00,web_xss_v1,web_xss_v1__run_002,initial_access,T1190,6,4,1.9183,1.0,0.0,14232.36,5218.53,0.7247,30,11,0.3858,1.1342,0.472,0.0507,0.6242,1,3,0,0,1,0,2.528,474.41,115.03,617.06,7547.44,10122.5,0,0.0,3.4743,0,0
2026-09-09T15:09:11.322608+00:00,web_xss_v1,web_xss_v1__run_002,initial_access,T1190,8,3,1.5613,1.0,0.0,17502.79,8751.39,0.6843,40,20,0.8556,2.1595,0.5495,0.0944,0.8328,1,4,0,0,1,0,1.9063,437.57,126.82,688.04,8626.18,7373.25,0,0.0,4.2269,0,0
2026-09-09T15:09:16.322608+00:00,web_xss_v1,web_xss_v1__run_002,initial_access,T1190,13,4,1.9501,0.9665,0.0,58802.07,41839.94,0.6784,104,74,0.3261,0.4487,0.4791,0.1155,0.8254,2,5,1,0,2,0,1.3907,565.4,143.06,832.05,7475.81,6282.26,1,0.0,3.4728,0,0
2026-09-09T15:09:21.322608+00:00,web_xss_v1,web_xss_v1__run_002,initial_access,T1190,8,4,1.8113,0.9215,0.0956,35212.48,16977.45,0.8304,56,27,0.3211,0.9142,0.6008,0.1241,0.973,1,3,0,0,1,0,2.0139,628.79,186.3,1079.26,6304.38,9650.6,0,0.014,4.6345,0,0
2026-09-09T15:09:26.322608+00:00,web_xss_v1,web_xss_v1__run_002,initial_access,T1190,10,4,1.8955,0.993,0.0,16489.43,6595.77,0.7534,30,12,0.5442,1.0682,0.6379,0.1329,1.0366,1,4,1,0,2,0,2.3654,549.65,247.36,1110.54,8108.33,10315.9,1,0.0,3.8121,0,0
2026-09-09T15:09:31.322608+00:00,web_xss_v1,web_xss_v1__run_002,initial_access,T1190,8,4,1.8113,1.0,0.0172,50827.85,16750.09,0.7631,88,29,0.672,1.2375,0.7456,0.1724,1.2627,1,4,1,0,1,0,2.9924,577.59,161.71,897.98,7827.75,7897.63,0,0.0446,3.9798,0,0
2026-09-09T15:09:36.322608+00:00,web_xss_v1,web_xss_v1__run_002,initial_access,T1190,13,4,1.7605,0.9676,0.06,69146.12,22605.46,0.7623,104,34,0.8101,1.2335,0.5797,0.0853,0.8357,2,6,1,0,2,0,3.0198,664.87,402.61,1847.33,10920.03,9519.88,1,0.0,2.7438,0,1
2026-09-09T15:09:41.322608+00:00,web_xss_v1,web_xss_v1__run_002,initial_access,T1190,11,4,1.8586,1.0,0.0202,47365.94,15993.69,0.7108,77,26,0.4122,1.0476,0.5108,0.0681,0.7153,1,5,1,0,2,0,2.9194,615.14,206.17,1094.78,8175.63,9366.43,1,0.0402,3.7723,0,0
2026-09-09T15:09:46.322608+00:00,web_xss_v1,web_xss_v1__run_002,initial_access,T1190,6,3,1.2516,1.0,0.0,24299.71,14849.82,0.8588,36,22,0.3491,0.5261,0.6949,0.1753,1.2208,1,3,0,0,1,0,1.6151,674.99,260.58,1072.55,8889.4,8131.69,0,0.1198,4.9523,0,0
2026-09-09T15:09:51.322608+00:00,web_xss_v1,web_xss_v1__run_002,initial_access,T1190,10,4,1.9219,1.0,0.0,28965.31,14482.66,0.7391,60,30,0.8972,1.5594,0.7024,0.112,1.0385,1,4,0,0,2,0,1.9821,482.76,129.31,690.25,9358.76,6227.67,1,0.0,5.1598,0,0
2026-09-09T15:09:56.322608+00:00,web_xss_v1,web_xss_v1__run_002,initial_access,T1190,5,2,0.971,1.0,0.0,10810.78,5045.03,0.7437,30,14,0.7139,1.9842,0.6198,0.1713,1.1337,0,2,0,0,1,0,2.1028,360.36,132.5,600.35,8023.3,7963.47,0,0.0,3.9433,0,1
2026-09-09T15:10:01.322608+00:00,web_xss_v1,web_xss_v1__run_002,initial_access,T1190,6,3,1.4591,0.9634,0.0258,17275.46,8157.86,0.7572,36,17,0.4755,1.3371,0.5583,0.1472,0.9999,1,3,0,0,1,0,2.0376,479.87,139.95,682.35,7649.51,7913.46,0,0.0029,2.8664,0,0
2026-09-09T15:10:06.322608+00:00,web_xss_v1,web_xss_v1__run_002,initial_access,T1190,7,4,1.8424,1.0,0.0248,18763.86,12062.48,0.672,42,27,0.8305,2.4649,0.5911,0.0977,0.8841,1,3,0,0,1,0,1.5365,446.76,86.45,636.86,9343.15,9524.3,0,0.0,3.8821,0,0
2026-09-09T15:10:11.322608+00:00,web_xss_v1,web_xss_v1__run_002,initial_access,T1190,4,2,0.8113,1.0,0.0037,20595.57,11585.01,0.8705,32,18,0.4858,0.85,0.3951,0.1002,0.6957,0,1,0,0,0,0,1.7588,643.61,128.26,762.31,7925.72,8710.52,0,0.0167,4.2444,0,0
2026-09-09T15:10:16.322608+00:00,web_xss_v1,web_xss_v1__run_002,initial_access,T1190,7,4,1.9502,0.9883,0.039,7954.56,3977.28,0.7127,14,7,0.7245,1.9832,0.7247,0.1442,1.1574,1,3,0,0,1,0,1.818,568.18,104.97,693.49,8242.46,9444.42,0,0.0704,4.9136,0,1
2026-09-09T15:10:21.322608+00:00,web_xss_v1,web_xss_v1__run_002,initial_access,T1190,10,4,1.8464,1.0,0.0,19692.27,13784.59,0.8309,40,28,0.375,0.5936,0.7355,0.1269,1.1163,1,5,0,0,2,0,1.3927,492.31,166.9,806.5,7737.4,8205.11,1,0.0628,4.7337,0,0
2026-09-09T15:10:26.322608+00:00,web_xss_v1,web_xss_v1__run_002,initial_access,T1190,11,4,1.8231,0.9965,0.0246,31390.01,26158.34,0.7141,66,55,0.3804,1.0817,0.6456,0.1647,1.1395,1,5,1,0,2,0,1.1791,475.61,125.01,772.62,8089.14,6826.18,1,0.0,4.228,0,1
2026-09-09T15:10:31.322608+00:00,web_xss_v1,web_xss_v1__run_002,initial_access,T1190,6,2,0.9183,0.9988,0.0,17609.25,8217.65,0.7439,30,14,0.4628,0.7104,0.4347,0.0616,0.6195,1,2,0,0,1,0,2.0279,586.97,233.2,1066.15,6291.48,10921.43,0,0.0,4.0247,0,0
2026-09-09T15:10:36.322608+00:00,web_xss_v1,web_xss_v1__run_002,initial_access,T1190,8,3,1.5613,1.0,0.0,13363.62,3758.52,0.7782,32,9,0.4534,0.924,0.4917,0.081,0.7347,1,4,0,0,1,0,3.5228,417.61,117.08,598.74,8428.34,8894.07,0,0.0171,4.9274,0,0
2026-09-09T15:10:41.322608+00:00,web_xss_v1,web_xss_v1__run_002,initial_access,T1190,10,4,1.971,0.9548,0.0287,37301.31,18117.78,0.7719,70,34,0.4463,0.6678,0.6135,0.0677,0.8167,1,4,1,0,2,0,2.0278,532.88,177.95,991.02,7561.26,7474.01,1,0.0296,4.8192,0,0
2026-09-09T15:10:46.322608+00:00,web_xss_v1,web_xss_v1__run_002,initial_access,T1190,2,2,1.0,1.0,0.0361,7966.52,2845.19,0.8129,14,5,0.9968,2.9851,0.6193,0.149,1.0663,0,1,0,0,0,0,2.5637,569.04,208.12,777.15,5898.89,6807.97,0,0.0,4.4151,0,0
2026-09-09T15:10:51.322608+00:00,web_xss_v1,web_xss_v1__run_002,initial_access,T1190,14,4,1.7244,1.0,0.0,14127.14,6054.49,0.8098,28,12,0.3816,0.5724,0.4583,0.1048,0.7728,2,7,1,0,3,0,2.3106,504.54,129.56,787.03,8574.35,8428.25,2,0.0159,3.5709,0,0
2026-09-09T15:10:56.322608+00:00,web_xss_v1,web_xss_v1__run_002,initial_access,T1190,10,3,1.571,0.9902,0.0121,35068.32,14027.33,0.6571,60,24,0.9618,1.421,0.5201,0.0626,0.708,1,4,0,0,1,0,2.4789,584.47,159.37,825.43,7251.84,9282.88,0,0.0511,4.4815,0,0
2026-09-09T15:11:01.322608+00:00,web_xss_v1,web_xss_v1__run_002,initial_access,T1190,4,2,0.8113,0.9733,0.0,12406.41,7754.0,0.7509,24,15,0.7314,1.3848,0.7145,0.151,1.1674,0,2,0,0,0,0,1.5819,516.93,138.13,679.34,7404.8,7232.9,0,0.0028,4.5672,0,0
2026-09-09T15:11:06.322608+00:00,web_xss_v1,web_xss_v1__run_002,initial_access,T1190,4,2,1.0,0.9861,0.0113,10636.08,6381.65,0.7517,20,12,0.9124,1.6658,0.4173,0.1143,0.7601,0,1,0,0,0,0,1.5707,531.8,52.08,597.65,9098.9,7967.49,0,0.0158,2.8387,0,0
2026-09-09T15:11:11.322608+00:00,web_xss_v1,web_xss_v1__run_002,initial_access,T1190,5,3,1.371,0.9963,0.0,26043.02,9115.06,0.7491,40,14,0.9645,2.3713,0.7568,0.1599,1.2365,0,2,0,0,1,0,2.7318,651.08,213.18,1072.77,8003.22,7824.62,0,0.0,3.6913,0,0
2026-09-09T15:11:16.322608+00:00,web_xss_v1,web_xss_v1__run_002,initial_access,T1190,13,4,1.6692,0.9566,0.0408,37927.15,37440.91,0.6179,78,77,0.5049,0.8536,0.6352,0.1538,1.0966,2,6,1,0,2,0,1.0082,486.25,134.59,708.58,6786.16,7730.51,1,0.0552,3.7099,0,0
2026-09-09T15:11:21.322608+00:00,web_xss_v1,web_xss_v1__run_002,initial_access,T1190,13,4,1.922,1.0,0.0,48008.67,17849.38,0.7891,78,29,0.7229,1.6989,0.5721,0.155,1.037,2,6,1,0,3,0,2.6374,615.5,194.37,988.9,9556.63,8114.44,2,0.0,4.5247,0,0
2026-09-09T15:11:26.322608+00:00,web_xss_v1,web_xss_v1__run_002,initial_access,T1190,10,4,1.8464,1.0,0.0023,19915.2,6472.44,0.7285,40,13,0.4494,0.8599,0.4798,0.0837,0.7308,1,5,0,0,2,0,2.8716,497.88,232.36,950.55,7111.13,7432.93,1,0.0639,2.9978,0,0
2026-09-09T15:11:31.322608+00:00,web_xss_v1,web_xss_v1__run_002,initial_access,T1190,16,4,1.9056,1.0,0.0,72439.55,32985.87,0.7621,112,51,0.3816,0.4667,0.4837,0.0705,0.6954,2,7,1,1,3,0,2.1918,646.78,198.03,1048.36,8372.65,7536.9,1,0.0096,4.2487,0,0
2026-09-09T15:11:36.322608+00:00,web_xss_v1,web_xss_v1__run_002,initial_access,T1190,13,4,1.8843,1.0,0.0338,66238.32,27174.7,0.7206,117,48,0.897,2.3446,0.7138,0.1523,1.1706,1,6,1,0,3,0,2.435,566.14,122.31,838.56,7182.66,9963.19,2,0.0104,4.3376,0,1
2026-09-09T15:11:41.322608+00:00,web_xss_v1,web_xss_v1__run_002,initial_access,T1190,8,3,1.4056,1.0,0.0069,20737.77,11924.22,0.7579,40,23,0.5248,1.0029,0.5371,0.0668,0.7376,1,3,1,0,2,0,1.7036,518.44,176.8,910.89,7925.54,9373.12,1,0.011,4.3879,0,0
2026-09-09T15:11:46.322608+00:00,web_xss_v1,web_xss_v1__run_002,initial_access,T1190,11,4,1.8676,1.0,0.0017,30437.21,13143.34,0.6998,44,19,0.5971,1.5823,0.6108,0.0979,0.9046,2,5,1,0,2,0,2.243,691.75,254.17,1116.31,8657.49,9796.1,1,0.0,2.6714,0,0
2026-09-09T15:11:51.322608+00:00,web_xss_v1,web_xss_v1__run_002,initial_access,T1190,13,4,1.7381,1.0,0.0,25719.23,9892.01,0.6764,52,20,0.5397,1.2176,0.4688,0.1332,0.8684,2,6,1,0,2,0,2.4957,494.6,91.47,660.09,8298.58,7379.23,1,0.0466,3.6043,0,0
2026-09-09T15:11:56.322608+00:00,web_xss_v1,web_xss_v1__run_002,initial_access,T1190,10,4,1.8464,1.0,0.0,30034.05,13515.32,0.7533,60,27,0.7669,0.9792,0.636,0.0762,0.8647,1,5,1,0,2,0,2.1782,500.57,128.35,768.32,10004.61,9048.94,1,0.0598,4.4656,0,0
2026-09-09T15:12:01.322608+00:00,web_xss_v1,web_xss_v1__run_002,initial_access,T1190,9,4,1.8366,1.0,0.0,33411.64,11755.95,0.7437,54,19,0.7273,1.0418,0.5513,0.1437,0.9825,1,4,0,0,2,0,2.704,618.73,243.77,948.21,8877.52,8889.11,1,0.078,3.8066,0,1
2026-09-09T15:12:06.322608+00:00,web_xss_v1,web_xss_v1__run_002,initial_access,T1190,15,4,1.8323,0.9923,0.0357,44823.64,22411.82,0.7954,90,45,0.2604,0.5093,0.5143,0.0984,0.8096,3,7,2,0,2,0,1.9806,498.04,156.45,727.69,6928.59,8175.78,1,0.0824,3.8367,0,0
2026-09-09T15:12:11.322608+00:00,web_xss_v1,web_xss_v1__run_002,initial_access,T1190,9,3,1.4355,1.0,0.0,26870.65,22690.77,0.804,45,38,0.9424,2.0811,0.6422,0.1173,0.9942,1,4,0,0,1,0,1.1828,597.13,153.07,864.48,9704.51,7793.98,0,0.0413,4.4628,0,0
2026-09-09T15:12:16.322608+00:00,web_xss_v1,web_xss_v1__run_002,initial_access,T1190,9,4,1.7527,0.9993,0.0,53142.19,33951.95,0.7344,108,69,0.4094,1.0675,0.5704,0.1296,0.9592,1,4,0,0,1,0,1.5596,492.06,185.12,807.02,7305.65,8399.11,0,0.0135,4.82,0,0
2026-09-09T15:12:21.322608+00:00,web_xss_v1,web_xss_v1__run_002,initial_access,T1190,7,4,1.8424,1.0,0.0,40685.05,16855.23,0.8327,70,29,0.4909,0.8441,0.6658,0.0857,0.9229,1,3,0,0,1,0,2.3424,581.21,194.36,884.06,6974.4,8586.71,0,0.0962,3.8009,0,1
2026-09-09T15:12:26.322608+00:00,web_xss_v1,web_xss_v1__run_002,initial_access,T1190,12,3,1.5,1.0,0.002,72833.22,38844.38,0.8194,120,64,0.3171,0.5887,0.4538,0.0616,0.6385,2,6,1,0,2,0,1.8478,606.94,144.93,928.8,8070.58,5901.09,1,0.0049,3.5386,0,0
2026-09-09T15:12:31.322608+00:00,web_xss_v1,web_xss_v1__run_002,initial_access,T1190,5,3,1.371,1.0,0.0103,14648.31,5859.32,0.8506,30,12,0.2933,0.7744,0.639,0.1179,0.9928,0,2,0,0,1,0,2.4745,488.28,206.3,855.94,9181.51,7133.04,0,0.0227,3.9596,0,0
2026-09-09T15:12:36.322608+00:00,web_xss_v1,web_xss_v1__run_002,initial_access,T1190,7,3,1.1488,1.0,0.0295,18200.3,5200.09,0.6963,35,10,0.3836,0.9289,0.3975,0.043,0.5263,1,3,0,0,1,0,3.4524,520.01,122.27,707.19,7922.39,8749.07,0,0.0,3.7682,0,0
2026-09-09T15:12:41.322608+00:00,web_xss_v1,web_xss_v1__run_002,initial_access,T1190,12,3,1.0409,0.9501,0.0783,58972.08,20749.44,0.7106,108,38,0.727,2.0125,0.5195,0.0779,0.7532,2,6,1,0,2,0,2.7775,546.04,181.45,925.45,8973.81,10206.5,1,0.0,3.6028,0,0
2026-09-09T15:12:46.322608+00:00,web_xss_v1,web_xss_v1__run_002,initial_access,T1190,6,4,1.9183,1.0,0.0,12591.97,4197.32,0.7169,24,8,0.5351,0.8666,0.5427,0.1426,0.9704,0,2,0,0,1,0,2.9576,524.67,313.96,1085.21,7814.63,8561.89,0,0.029,4.2181,0,0
2026-09-09T15:12:51.322608+00:00,web_xss_v1,web_xss_v1__run_002,initial_access,T1190,10,4,1.8464,0.998,0.0,43615.67,15810.68,0.7542,80,29,0.3606,0.5141,0.5082,0.099,0.8052,1,5,1,0,2,0,2.6988,545.2,127.89,822.2,8289.31,8400.34,1,0.0135,3.6223,0,0
2026-09-09T15:12:56.322608+00:00,web_xss_v1,web_xss_v1__run_002,initial_access,T1190,4,3,1.5,1.0,0.0028,6926.46,3896.13,0.6655,16,9,0.5,0.7471,0.6059,0.146,1.0439,0,1,0,0,0,0,1.6199,432.9,82.34,500.64,8458.52,6715.49,0,0.0,3.6927,0,0
2026-09-09T15:13:01.322608+00:00,web_xss_v1,web_xss_v1__run_002,initial_access,T1190,16,4,1.8496,1.0,0.0323,89554.62,41978.73,0.7075,160,75,0.5386,1.4243,0.4093,0.0578,0.5827,3,8,1,0,3,0,2.1058,559.72,176.68,888.11,10162.8,9362.46,1,0.0285,2.9813,0,2
2026-09-09T15:13:06.322608+00:00,web_xss_v1,web_xss_v1__run_002,initial_access,T1190,10,3,1.4855,1.0,0.0258,30411.16,10339.79,0.7037,50,17,0.7041,0.9957,0.5941,0.1421,1.0204,1,4,0,0,2,0,2.7916,608.22,210.89,931.81,8085.74,6982.99,1,0.0463,3.9072,0,0
2026-09-09T15:13:11.322608+00:00,web_xss_v1,web_xss_v1__run_002,initial_access,T1190,8,4,2.0,0.9474,0.0326,26603.33,9311.17,0.6659,40,14,0.5079,0.958,0.5045,0.1086,0.8303,1,4,0,0,1,0,2.8435,665.08,182.0,1009.16,7694.86,9016.98,0,0.0,4.0925,0,0
2026-09-09T15:13:16.322608+00:00,web_xss_v1,web_xss_v1__run_002,initial_access,T1190,6,4,1.9183,1.0,0.0234,21964.87,7844.6,0.6873,42,15,0.3104,0.8635,0.5353,0.1551,1.0006,0,2,0,0,1,0,2.7559,522.97,174.46,874.54,8457.41,7619.2,0,0.0332,4.0851,0,0
2026-09-09T15:13:21.322608+00:00,web_xss_v1,web_xss_v1__run_002,initial_access,T1190,11,4,1.7899,1.0,0.0013,22477.04,8684.31,0.7554,44,17,0.3982,0.7165,0.6166,0.184,1.1686,1,5,0,0,2,0,2.5587,510.84,81.05,638.93,5267.55,7754.97,1,0.0557,3.7658,0,0
2026-09-09T15:13:26.322608+00:00,web_xss_v1,web_xss_v1__run_002,initial_access,T1190,6,3,1.2516,1.0,0.0058,13756.03,5043.88,0.7736,30,11,0.8806,1.3885,0.6117,0.1295,1.0003,1,3,0,0,1,0,2.7137,458.53,153.72,685.89,9133.89,8200.46,0,0.0025,3.952,0,0
2026-09-09T15:13:31.322608+00:00,web_xss_v1,web_xss_v1__run_002,initial_access,T1190,10,4,1.971,0.9602,0.0581,52314.03,21971.89,0.7457,100,42,0.6727,1.3994,0.5945,0.1075,0.9171,1,4,0,0,2,0,2.3304,523.14,177.81,758.21,8148.75,8202.1,1,0.0307,4.5522,0,1
2026-09-09T15:13:36.322608+00:00,web_xss_v1,web_xss_v1__run_002,initial_access,T1190,9,4,1.8911,1.0,0.0,56629.94,20020.69,0.6567,99,35,0.7598,1.3973,0.4997,0.1476,0.9425,1,4,1,0,1,0,2.7573,572.02,191.28,993.49,7354.3,7849.68,0,0.0054,3.7387,0,0
2026-09-09T15:13:41.322608+00:00,web_xss_v1,web_xss_v1__run_002,initial_access,T1190,9,3,1.5305,1.0,0.0114,55434.46,37469.59,0.6485,108,73,0.7281,1.717,0.5017,0.0692,0.7092,1,4,0,0,1,0,1.4714,513.28,142.08,772.54,7544.4,8652.43,0,0.0049,2.8749,0,0
2026-09-09T15:13:46.322608+00:00,web_xss_v1,web_xss_v1__run_002,initial_access,T1190,12,4,1.7842,0.9967,0.0,34285.59,17714.22,0.8043,60,31,0.7032,1.241,0.546,0.1257,0.923,2,5,1,0,2,0,1.8868,571.43,210.53,956.94,8921.3,7312.67,1,0.0081,3.4035,0,1
2026-09-09T15:13:51.322608+00:00,web_xss_v1,web_xss_v1__run_002,initial_access,T1190,11,4,1.9363,0.9812,0.0,16077.89,7308.13,0.7366,33,15,0.338,0.6019,0.4198,0.1222,0.7864,1,5,1,0,2,0,2.1102,487.21,166.74,726.66,7876.09,7877.25,1,0.0776,4.1166,0,0
2026-09-09T15:13:56.322608+00:00,web_xss_v1,web_xss_v1__run_002,initial_access,T1190,12,4,1.825,1.0,0.0,62928.91,33795.15,0.7915,108,58,0.2988,0.7176,0.5358,0.1182,0.8903,2,6,1,0,2,0,1.8496,582.68,217.21,1082.77,8681.89,8234.09,1,0.0344,3.2876,0,0
2026-09-09T15:14:01.322608+00:00,web_xss_v1,web_xss_v1__run_002,initial_access,T1190,12,4,1.8554,0.974,0.0409,23230.74,10324.77,0.7041,36,16,0.3755,0.9162,0.4954,0.0785,0.7311,2,5,0,0,2,0,2.2437,645.3,367.06,1698.61,8786.43,8239.25,1,0.0522,4.2446,0,1
2026-09-09T15:14:06.322608+00:00,web_xss_v1,web_xss_v1__run_002,initial_access,T1190,4,2,0.8113,1.0,0.0,15483.27,5529.74,0.753,28,10,0.4761,1.3219,0.6097,0.1006,0.9115,0,2,0,0,0,0,2.6382,552.97,178.93,716.26,7461.84,7677.11,0,0.0,4.431,0,0
2026-09-09T15:14:11.322608+00:00,web_xss_v1,web_xss_v1__run_002,initial_access,T1190,7,4,1.8424,0.9934,0.0346,15614.83,8922.76,0.7836,28,16,0.5913,1.4244,0.4914,0.1453,0.9274,1,3,0,0,1,0,1.6814,557.67,110.74,766.36,7277.46,8324.0,0,0.0,4.1202,0,0
2026-09-09T15:14:16.322608+00:00,web_xss_v1,web_xss_v1__run_002,initial_access,T1190,12,4,1.8879,0.9788,0.0111,33769.01,11256.34,0.7866,60,20,0.624,1.4041,0.5752,0.1342,0.9779,2,6,1,0,2,0,2.8645,562.82,135.67,790.07,7432.29,7381.03,1,0.0085,3.5254,0,0
2026-09-09T15:14:21.322608+00:00,web_xss_v1,web_xss_v1__run_002,initial_access,T1190,11,3,1.3222,0.9825,0.0272,27330.9,10932.36,0.7393,55,22,0.6598,0.8856,0.7071,0.2027,1.3152,1,5,1,0,2,0,2.3934,496.93,98.55,726.36,10067.63,5962.07,1,0.0273,4.8651,0,0
2026-09-09T15:14:26.322608+00:00,web_xss_v1,web_xss_v1__run_002,initial_access,T1190,9,4,1.9749,0.991,0.0235,27624.04,12277.35,0.6981,45,20,1.0122,1.6183,0.7827,0.0963,1.0716,1,4,0,0,1,0,2.2296,613.87,301.39,1193.68,9971.85,8846.51,0,0.0606,3.2884,0,0
2026-09-09T15:14:31.322608+00:00,web_xss_v1,web_xss_v1__run_002,initial_access,T1190,13,4,1.8843,1.0,0.0,51007.29,16815.59,0.7902,91,30,0.2955,0.4209,0.4896,0.0569,0.6604,2,6,1,0,2,0,2.9467,560.52,277.74,1277.12,7984.44,8859.66,1,0.0193,4.6565,0,0
2026-09-09T15:14:36.322608+00:00,web_xss_v1,web_xss_v1__run_002,initial_access,T1190,10,4,1.8464,0.9859,0.0021,59148.87,40664.85,0.6946,80,55,0.8304,1.4678,0.6277,0.1301,1.018,1,4,0,0,2,0,1.4392,739.36,411.79,1866.13,8157.1,8917.55,1,0.0054,3.732,0,0
2026-09-09T15:14:41.322608+00:00,web_xss_v1,web_xss_v1__run_002,initial_access,T1190,13,4,1.7605,1.0,0.0,30994.14,14901.03,0.7238,52,25,0.5377,1.2499,0.4029,0.0926,0.6809,2,6,1,1,2,0,2.0464,596.04,168.87,879.52,6769.54,7695.18,1,0.0,4.1777,0,0
2026-09-09T15:14:46.322608+00:00,web_xss_v1,web_xss_v1__run_002,initial_access,T1190,6,2,0.65,1.0,0.0027,22654.71,11327.36,0.7208,24,12,0.5062,1.2545,0.5966,0.0757,0.8239,1,2,0,0,1,0,1.897,943.95,746.01,2588.98,8847.13,8675.83,0,0.0,5.0991,0,0
2026-09-09T15:14:51.322608+00:00,web_xss_v1,web_xss_v1__run_002,initial_access,T1190,9,4,1.6577,0.9743,0.0,36178.35,17586.7,0.7945,72,35,0.3427,1.0079,0.5114,0.0752,0.7369,1,4,0,0,1,0,2.0448,502.48,139.31,764.89,7945.27,10634.79,0,0.0,4.9385,0,0
2026-09-09T15:14:56.322608+00:00,web_xss_v1,web_xss_v1__run_002,initial_access,T1190,4,3,1.5,0.9834,0.0246,9330.03,4198.51,0.7972,20,9,0.6281,1.1698,0.5844,0.1725,1.102,0,1,0,0,0,0,2.0486,466.5,142.04,624.34,8030.41,6261.97,0,0.0,4.6574,0,0
2026-09-09T15:15:01.322608+00:00,web_xss_v1,web_xss_v1__run_002,initial_access,T1190,10,3,1.5219,1.0,0.0184,46623.55,25383.93,0.7092,90,49,0.3108,0.4913,0.5634,0.127,0.9443,2,4,0,0,2,0,1.8274,518.04,195.64,883.85,7580.08,7113.99,1,0.0061,3.7814,0,0
2026-09-09T15:15:06.322608+00:00,web_xss_v1,web_xss_v1__run_002,initial_access,T1190,11,4,1.7899,0.9476,0.0508,22297.3,10135.14,0.7376,44,20,0.7167,1.3279,0.5098,0.1257,0.8868,1,5,0,0,2,0,2.1667,506.76,170.8,844.66,8311.35,9274.55,1,0.0183,3.8073,0,0
2026-09-09T15:15:11.322608+00:00,web_xss_v1,web_xss_v1__run_002,initial_access,T1190,14,3,1.5567,0.9723,0.0292,29692.89,15376.68,0.8362,56,29,0.4245,0.6294,0.4858,0.0508,0.6381,2,6,1,0,3,0,1.8875,530.23,166.96,825.36,9628.41,8923.94,1,0.0658,3.5694,0,0
2026-09-09T15:15:16.322608+00:00,web_xss_v1,web_xss_v1__run_002,initial_access,T1190,3,2,0.9183,1.0,0.0,13112.61,5619.69,0.7745,21,9,0.434,0.7681,0.73,0.2177,1.3832,0,1,0,0,0,0,2.2685,624.41,104.16,741.62,8348.4,8366.85,0,0.0073,3.5258,0,0
2026-09-09T15:15:21.322608+00:00,web_xss_v1,web_xss_v1__run_002,initial_access,T1190,10,4,1.6855,1.0,0.0,43725.59,14366.98,0.6984,70,23,0.6861,1.6899,0.5111,0.0887,0.7773,1,4,1,0,2,0,2.9312,624.65,246.93,1219.25,9756.43,9122.54,1,0.0931,4.2464,0,0
2026-09-09T15:15:26.322608+00:00,web_xss_v1,web_xss_v1__run_002,initial_access,T1190,4,3,1.5,0.9965,0.0,11360.71,3408.21,0.7025,20,6,0.5505,1.3588,0.8396,0.0946,1.1234,0,2,0,0,0,0,3.0251,568.04,204.19,913.74,7718.8,7847.46,0,0.0,3.2691,0,0
2026-09-09T15:15:31.322608+00:00,web_xss_v1,web_xss_v1__run_002,initial_access,T1190,11,4,1.6858,0.9771,0.0119,36718.24,13352.09,0.7525,77,28,0.9072,2.5786,0.5359,0.1398,0.9553,1,5,0,0,2,0,2.6865,476.86,159.52,839.35,8722.89,6149.24,1,0.0,3.8728,0,0
2026-09-09T15:15:36.322608+00:00,web_xss_v1,web_xss_v1__run_002,initial_access,T1190,15,4,1.9329,0.9924,0.0,41293.29,15416.16,0.7638,75,28,0.3783,0.8523,0.497,0.1339,0.8986,2,6,1,0,3,0,2.6619,550.58,188.72,911.05,8431.4,7468.68,1,0.023,4.0699,0,0
2026-09-09T15:15:41.322608+00:00,web_xss_v1,web_xss_v1__run_002,initial_access,T1190,10,4,1.8464,0.9481,0.0438,35315.81,16648.88,0.8638,70,33,0.53,1.3265,0.7013,0.1035,1.0118,2,5,1,0,2,0,2.0702,504.51,181.25,893.18,8418.99,6623.79,1,0.0,3.0917,0,1
2026-09-09T15:15:46.322608+00:00,web_xss_v1,web_xss_v1__run_002,initial_access,T1190,8,4,1.9056,1.0,0.0,21372.5,12289.19,0.7465,40,23,0.6866,1.4283,0.5455,0.1582,1.0201,1,4,1,0,1,0,1.6738,534.31,277.63,1124.36,8346.97,8805.85,0,0.0,3.9083,0,0
2026-09-09T15:15:51.322608+00:00,web_xss_v1,web_xss_v1__run_002,initial_access,T1190,11,4,1.9363,1.0,0.0002,30229.88,17588.29,0.7174,55,32,0.9149,2.3601,0.6099,0.1252,0.9856,2,5,1,0,2,0,1.7045,549.63,186.29,864.57,7352.53,9100.2,1,0.0227,4.0904,0,0
2026-09-09T15:15:56.322608+00:00,web_xss_v1,web_xss_v1__run_002,initial_access,T1190,4,3,1.5,1.0,0.011,17456.33,8728.17,0.6386,32,16,0.8732,1.9766,0.6634,0.0889,0.9301,0,1,0,0,0,0,1.9761,545.51,180.06,853.78,8307.26,8717.47,0,0.0417,4.0906,0,0
2026-09-09T15:16:01.322608+00:00,web_xss_v1,web_xss_v1__run_002,initial_access,T1190,7,3,1.3788,1.0,0.0,67669.11,23477.04,0.7884,98,34,0.6636,1.2465,0.5994,0.1174,0.9518,1,3,0,0,1,0,2.8618,690.5,188.07,1049.53,6965.76,8350.4,0,0.0,3.898,0,0
2026-09-09T15:16:06.322608+00:00,web_xss_v1,web_xss_v1__run_002,initial_access,T1190,11,4,1.8676,0.9831,0.0,18506.58,7851.28,0.751,33,14,0.7328,2.1074,0.5333,0.1482,0.9779,2,5,1,0,2,0,2.2581,560.81,213.47,1142.37,8567.85,6985.97,1,0.0022,4.2873,0,1
2026-09-09T15:16:11.322608+00:00,web_xss_v1,web_xss_v1__run_002,initial_access,T1190,8,4,2.0,1.0,0.0,24753.65,12376.83,0.7866,40,20,0.8072,1.5723,0.6581,0.1101,0.9885,1,4,0,0,1,0,1.9782,618.84,145.62,879.14,9661.63,8632.79,0,0.0,4.488,0,0
2026-09-09T15:16:16.322608+00:00,web_xss_v1,web_xss_v1__run_002,initial_access,T1190,15,4,1.8892,1.0,0.0,18299.89,7319.96,0.8302,30,12,0.5219,1.1265,0.6227,0.1379,1.0363,2,7,1,0,2,0,2.464,610.0,306.38,1275.67,6295.18,7593.93,1,0.0468,4.5361,0,0
2026-09-09T15:16:21.322608+00:00,web_xss_v1,web_xss_v1__run_002,initial_access,T1190,13,4,1.9878,0.9594,0.057,15999.61,8615.18,0.8485,26,14,0.5391,1.2742,0.4858,0.1082,0.8105,2,6,1,0,2,0,1.8186,615.37,280.34,1463.5,8311.82,9022.73,1,0.0,3.6937,0,0
2026-09-09T15:16:26.322608+00:00,web_xss_v1,web_xss_v1__run_002,initial_access,T1190,14,4,1.8774,0.9926,0.0,38615.08,15446.03,0.8502,70,28,0.6117,1.7055,0.471,0.0766,0.7007,2,7,1,0,3,0,2.4795,551.64,153.55,838.13,9221.81,8880.9,1,0.0475,4.2498,0,0
2026-09-09T15:16:31.322608+00:00,web_xss_v1,web_xss_v1__run_002,initial_access,T1190,11,4,1.6858,0.9779,0.0307,42616.91,18817.86,0.7829,77,34,0.4682,0.7205,0.6123,0.1688,1.1188,1,5,1,0,2,0,2.219,553.47,154.11,823.12,8399.3,7653.03,1,0.0,4.1618,0,0
2026-09-09T15:16:36.322608+00:00,web_xss_v1,web_xss_v1__run_002,initial_access,T1190,5,4,1.9219,1.0,0.0088,8584.75,4006.21,0.8305,15,7,0.5188,0.6281,0.441,0.0795,0.6795,0,2,0,0,1,0,2.0841,572.32,138.65,823.66,7221.83,9622.03,0,0.0491,3.9471,0,0
2026-09-09T15:16:41.322608+00:00,web_xss_v1,web_xss_v1__run_002,initial_access,T1190,8,4,1.9056,1.0,0.013,25188.38,8815.93,0.7999,40,14,0.6442,0.8254,0.6576,0.139,1.0746,1,4,0,0,1,0,2.7753,629.71,154.33,801.46,9957.19,6957.9,0,0.0653,4.009,0,0
2026-09-09T15:16:46.322608+00:00,web_xss_v1,web_xss_v1__run_002,initial_access,T1190,9,4,1.8911,1.0,0.0406,27893.01,18595.34,0.8451,45,30,0.7685,1.8573,0.6973,0.174,1.2192,1,4,0,0,1,0,1.494,619.84,320.36,1409.64,8793.33,9538.43,0,0.0,4.3352,0,0
2026-09-09T15:16:51.322608+00:00,web_xss_v1,web_xss_v1__run_002,initial_access,T1190,10,4,1.8464,1.0,0.0,56518.02,24491.14,0.7554,90,39,0.7924,1.7533,0.4403,0.0934,0.7205,1,4,1,0,2,0,2.2575,627.98,275.06,1277.99,8113.2,8095.03,1,0.0473,4.8757,0,0
2026-09-09T15:16:56.322608+00:00,web_xss_v1,web_xss_v1__run_002,initial_access,T1190,7,2,0.9852,0.949,0.0455,3514.94,1506.4,0.7421,7,3,0.2978,0.6195,0.668,0.1563,1.1369,1,3,0,0,1,0,2.307,502.13,205.09,873.42,7693.63,8110.72,0,0.0,3.7586,0,0
2026-09-09T15:17:01.322608+00:00,web_xss_v1,web_xss_v1__run_002,initial_access,T1190,8,3,1.5,1.0,0.0309,45312.02,16048.01,0.8061,48,17,0.7338,1.5023,0.4763,0.1086,0.8021,1,4,0,0,1,0,2.7202,944.0,270.26,1373.19,7626.54,9825.93,0,0.0,5.7209,0,0
2026-09-09T15:17:06.322608+00:00,web_xss_v1,web_xss_v1__run_002,initial_access,T1190,3,2,0.9183,0.9291,0.089,13234.44,5146.73,0.8048,18,7,0.531,0.7752,0.6417,0.1274,1.0239,0,1,0,0,0,0,2.5367,735.25,288.57,1114.25,9322.53,9249.3,0,0.0287,3.6682,0,0
2026-09-09T15:17:11.322608+00:00,web_xss_v1,web_xss_v1__run_002,initial_access,T1190,10,4,1.8464,0.9715,0.0194,33493.65,14067.33,0.7901,50,21,0.7224,1.3445,0.4667,0.0932,0.7463,1,4,1,0,2,0,2.2924,669.87,341.22,1436.35,8526.94,9741.72,1,0.0284,4.6725,0,0
2026-09-09T15:17:16.322608+00:00,web_xss_v1,web_xss_v1__run_002,initial_access,T1190,3,2,0.9183,1.0,0.0239,11805.34,4590.97,0.8087,18,7,0.4,0.7614,0.8059,0.0866,1.0657,0,1,0,0,0,0,2.3472,655.85,98.01,767.91,8800.13,8116.7,0,0.0148,5.0274,0,0
2026-09-09T15:17:21.322608+00:00,web_xss_v1,web_xss_v1__run_002,initial_access,T1190,6,4,1.7925,1.0,0.0,20625.72,12768.3,0.7506,42,26,0.4623,0.9087,0.5998,0.0875,0.8623,1,3,0,0,1,0,1.6089,491.09,337.35,1196.38,7670.11,9632.59,0,0.0,4.8335,0,0
2026-09-09T15:17:26.322608+00:00,web_xss_v1,web_xss_v1__run_002,initial_access,T1190,3,3,1.585,0.9744,0.0592,2307.98,769.33,0.7093,3,1,0.7005,1.8611,0.6548,0.102,0.9608,0,1,0,0,0,0,2.4147,769.33,302.96,1197.76,8766.47,8534.49,0,0.0,3.8679,0,0
2026-09-09T15:17:31.322608+00:00,web_xss_v1,web_xss_v1__run_002,initial_access,T1190,13,4,1.8843,0.9512,0.0354,78271.49,66831.81,0.7779,130,111,0.6026,1.674,0.4745,0.1389,0.8912,2,6,1,0,2,0,1.1701,602.09,160.74,902.29,7732.41,7702.94,1,0.0364,4.1137,0,0
2026-09-09T15:17:36.322608+00:00,web_xss_v1,web_xss_v1__run_002,initial_access,T1190,10,4,1.9219,1.0,0.0021,37274.48,13046.07,0.8046,60,21,0.6703,1.473,0.4083,0.0857,0.6656,2,5,1,0,2,0,2.8337,621.24,205.32,999.6,8437.42,7511.61,1,0.0146,4.1156,0,0
2026-09-09T15:17:41.322608+00:00,web_xss_v1,web_xss_v1__run_002,initial_access,T1190,13,3,1.2957,0.996,0.0361,64553.95,31780.41,0.7678,130,64,0.3981,0.8039,0.4505,0.0514,0.6047,2,6,1,0,2,0,2.0223,496.57,156.75,762.88,9662.28,8720.88,1,0.0,3.0144,0,0
2026-09-09T15:17:46.322608+00:00,web_xss_v1,web_xss_v1__run_002,initial_access,T1190,11,4,1.8586,0.9766,0.0193,25543.07,10449.44,0.8495,44,18,0.7076,0.9418,0.4823,0.1252,0.8579,1,5,0,0,2,0,2.4315,580.52,161.53,910.32,8921.57,10267.31,1,0.06,4.8597,0,0
2026-09-09T15:17:51.322608+00:00,web_xss_v1,web_xss_v1__run_002,initial_access,T1190,13,4,1.9501,1.0,0.0152,34628.78,12253.26,0.8106,65,23,0.3335,0.5751,0.5624,0.0637,0.7534,2,6,1,0,2,0,2.7479,532.75,166.34,774.58,7509.98,8544.53,1,0.0561,4.2988,0,0
2026-09-09T15:17:56.322608+00:00,web_xss_v1,web_xss_v1__run_002,initial_access,T1190,14,4,1.9502,1.0,0.0005,60860.52,22356.92,0.8074,98,36,0.4296,0.6832,0.4594,0.0648,0.6538,2,7,1,0,3,0,2.6564,621.03,209.6,998.56,8560.07,9406.61,2,0.0,4.5753,0,1
2026-09-09T15:18:01.322608+00:00,web_xss_v1,web_xss_v1__run_002,initial_access,T1190,10,4,1.8464,1.0,0.0,23880.12,9552.05,0.7565,50,20,0.4458,0.7558,0.4548,0.1189,0.8115,1,5,1,0,2,0,2.4566,477.6,143.62,791.98,8553.88,8002.32,1,0.0,3.779,0,0
2026-09-09T15:18:06.322608+00:00,web_xss_v1,web_xss_v1__run_002,initial_access,T1190,10,4,1.971,0.9876,0.0215,56967.62,36316.86,0.8105,80,51,0.6187,1.8248,0.6,0.0887,0.866,2,5,1,0,2,0,1.5684,712.1,234.65,992.45,7965.77,7656.06,1,0.0251,4.706,0,0
2026-09-09T15:18:11.322608+00:00,web_xss_v1,web_xss_v1__run_002,initial_access,T1190,10,4,1.7219,1.0,0.0128,38372.33,14800.76,0.7353,70,27,0.6166,1.215,0.5511,0.1211,0.9142,1,5,1,0,2,0,2.532,548.18,167.85,858.88,9101.69,8369.53,1,0.0301,4.4099,0,0
2026-09-09T15:18:16.322608+00:00,web_xss_v1,web_xss_v1__run_002,initial_access,T1190,6,3,1.4591,0.9923,0.0,16461.48,8230.74,0.6534,30,15,0.5722,0.7952,0.4763,0.0861,0.7346,0,3,0,0,1,0,1.9406,548.72,181.17,772.92,8722.61,6270.65,0,0.0391,4.4485,0,0
2026-09-09T15:18:21.322608+00:00,web_xss_v1,web_xss_v1__run_002,initial_access,T1190,11,4,1.9808,1.0,0.0,57513.56,29628.2,0.6761,99,51,0.8517,2.4044,0.5994,0.13,0.9896,2,5,1,0,2,0,1.9348,580.95,203.96,973.11,9785.25,7782.43,1,0.0749,4.7374,0,0
2026-09-09T15:18:26.322608+00:00,web_xss_v1,web_xss_v1__run_002,initial_access,T1190,5,3,1.371,0.991,0.0161,12585.77,7551.46,0.7126,30,18,0.3096,0.6155,0.5123,0.1339,0.9141,0,2,0,0,1,0,1.583,419.53,173.24,655.51,9397.94,7964.21,0,0.1204,4.7907,0,0
2026-09-09T15:18:31.322608+00:00,web_xss_v1,web_xss_v1__run_002,initial_access,T1190,16,4,1.9363,1.0,0.0,48327.18,20639.73,0.829,96,41,0.7599,1.7805,0.6255,0.1167,0.9756,2,7,1,1,3,0,2.3399,503.41,108.48,767.46,6263.84,8618.42,2,0.0453,3.9387,0,1
2026-09-09T15:18:36.322608+00:00,web_xss_v1,web_xss_v1__run_002,initial_access,T1190,9,4,1.8911,0.9727,0.0668,14128.4,6802.56,0.7482,27,13,0.4395,1.2254,0.5956,0.0976,0.8884,1,4,0,0,2,0,2.047,523.27,113.81,689.39,9145.58,8370.21,1,0.0565,4.7688,0,0
2026-09-09T15:18:41.322608+00:00,web_xss_v1,web_xss_v1__run_002,initial_access,T1190,9,4,1.8366,1.0,0.0011,48168.17,19802.47,0.7469,90,37,0.681,1.8522,0.5704,0.1505,1.0219,1,4,1,0,1,0,2.3833,535.2,73.13,644.6,6912.46,8447.99,0,0.0441,4.5941,0,1
2026-09-09T15:18:46.322608+00:00,web_xss_v1,web_xss_v1__run_002,initial_access,T1190,14,4,1.8352,1.0,0.0134,21777.61,7777.72,0.7888,42,15,0.6559,0.8595,0.5634,0.06,0.7433,2,6,1,0,3,0,2.7702,518.51,195.98,920.78,7657.39,7591.56,2,0.0,3.5648,0,0
2026-09-09T15:18:51.322608+00:00,web_xss_v1,web_xss_v1__run_002,initial_access,T1190,5,4,1.9219,0.9163,0.0718,18244.39,7905.9,0.6874,30,13,0.7291,1.5979,0.4636,0.0645,0.6569,0,2,0,0,1,0,2.2642,608.15,217.34,953.1,10021.92,9775.06,0,0.0052,4.5394,0,1
2026-09-09T15:18:56.322608+00:00,web_xss_v1,web_xss_v1__run_002,initial_access,T1190,9,4,1.6577,0.969,0.0053,13047.58,5798.93,0.7644,27,12,0.3346,0.9053,0.6839,0.1641,1.176,1,4,1,0,1,0,2.2163,483.24,99.96,662.11,6547.11,7412.54,0,0.0282,3.483,0,0
2026-09-09T15:19:01.322608+00:00,web_xss_v1,web_xss_v1__run_002,initial_access,T1190,12,4,1.9183,1.0,0.0322,44461.29,24877.15,0.6894,84,47,0.2787,0.7611,0.4862,0.0616,0.671,2,6,1,0,2,0,1.7638,529.3,132.49,758.42,8006.74,8560.37,1,0.0214,4.0178,0,0
2026-09-09T15:19:06.322608+00:00,web_xss_v1,web_xss_v1__run_002,initial_access,T1190,11,4,1.7899,1.0,0.0236,36047.26,17789.56,0.7522,77,38,0.4648,1.209,0.5688,0.1292,0.9564,1,5,0,0,2,0,1.9869,468.15,107.49,605.57,8391.03,7488.42,1,0.0356,3.7297,0,0
2026-09-09T15:19:11.322608+00:00,web_xss_v1,web_xss_v1__run_002,initial_access,T1190,10,3,1.571,0.9886,0.0118,31148.35,11940.2,0.6907,60,23,0.7941,1.6075,0.6866,0.0707,0.8987,2,4,0,0,1,0,2.569,519.14,139.7,823.0,7175.71,8714.0,0,0.0556,3.7511,0,0
2026-09-09T15:19:16.322608+00:00,web_xss_v1,web_xss_v1__run_002,initial_access,T1190,6,3,1.585,1.0,0.0067,21731.69,7847.55,0.8105,36,13,0.6767,1.8541,0.7019,0.1684,1.207,1,3,0,0,1,0,2.6022,603.66,183.44,796.94,8329.09,7730.52,0,0.0294,4.8052,0,0
2026-09-09T15:19:21.322608+00:00,web_xss_v1,web_xss_v1__run_002,initial_access,T1190,13,4,1.8843,1.0,0.0083,51673.86,23281.63,0.7636,91,41,0.329,0.494,0.5187,0.1293,0.9067,2,6,1,0,2,0,2.196,567.84,195.59,1062.61,8195.14,7484.87,1,0.058,3.1455,0,0
2026-09-09T15:19:26.322608+00:00,web_xss_v1,web_xss_v1__run_002,initial_access,T1190,9,4,1.8911,0.9745,0.0518,30704.99,11697.14,0.687,63,24,0.3449,0.6554,0.6497,0.1029,0.9584,1,4,0,0,2,0,2.5683,487.38,78.3,618.01,6943.84,9276.87,1,0.0641,4.4356,0,1
2026-09-09T15:19:31.322608+00:00,web_xss_v1,web_xss_v1__run_002,initial_access,T1190,5,3,1.371,0.98,0.0498,21699.41,13019.65,0.7481,45,27,0.5766,0.7435,0.5571,0.1077,0.8803,0,2,0,0,1,0,1.6276,482.21,90.66,646.21,7848.94,7811.93,0,0.0391,3.5437,0,0
2026-09-09T15:19:36.322608+00:00,web_xss_v1,web_xss_v1__run_002,initial_access,T1190,11,4,1.8676,0.9958,0.0,34828.16,55634.6,0.8099,77,123,0.8082,2.3969,0.587,0.1265,0.9665,2,5,1,0,2,0,0.6225,452.31,110.74,715.85,8351.58,8133.84,1,0.0619,4.3944,0,0
2026-09-09T15:19:41.322608+00:00,web_xss_v1,web_xss_v1__run_002,initial_access,T1190,12,4,1.9183,0.9741,0.0522,12368.74,5153.64,0.6878,24,10,0.6599,1.201,0.49,0.1427,0.9181,2,5,1,0,2,0,2.3271,515.36,226.0,1011.89,7653.94,8511.77,1,0.0464,3.8786,0,0
2026-09-09T15:19:46.322608+00:00,web_xss_v1,web_xss_v1__run_002,initial_access,T1190,7,4,1.9502,0.9383,0.0813,27225.52,8889.97,0.7525,49,16,0.5817,1.3134,0.5528,0.083,0.8017,1,3,0,0,1,0,2.9333,555.62,100.51,681.1,9171.8,9347.65,0,0.0,3.8126,0,0
2026-09-09T15:19:51.322608+00:00,web_xss_v1,web_xss_v1__run_002,initial_access,T1190,8,4,1.9056,0.9556,0.0561,44653.83,20466.34,0.7815,72,33,0.6961,1.5213,0.4619,0.069,0.6688,1,4,0,0,1,0,2.169,620.19,170.74,797.53,7187.59,7354.06,0,0.0607,3.7089,0,0
2026-09-09T15:19:56.322608+00:00,web_xss_v1,web_xss_v1__run_002,initial_access,T1190,12,4,1.5511,1.0,0.0059,61077.24,19722.86,0.7536,96,31,0.4136,1.1845,0.5457,0.1558,1.0132,2,5,0,0,2,0,3.0406,636.22,231.08,988.03,7085.92,7164.41,1,0.02,3.9657,0,1
2026-09-09T15:20:01.322608+00:00,web_xss_v1,web_xss_v1__run_002,initial_access,T1190,9,4,1.8911,0.9961,0.0129,28990.69,18038.65,0.8233,45,28,0.6348,1.6927,0.4464,0.0584,0.6215,2,4,0,0,1,0,1.5818,644.24,177.94,993.5,6606.17,9824.68,0,0.0,3.8461,0,0
2026-09-09T15:20:06.322608+00:00,web_xss_v1,web_xss_v1__run_002,initial_access,T1190,8,4,1.9056,1.0,0.0433,28351.78,12657.04,0.7994,56,25,0.7975,1.1516,0.6993,0.1,0.9992,1,3,0,0,1,0,2.2386,506.28,149.91,744.74,7497.28,6935.38,0,0.0445,3.3113,0,1
2026-09-09T15:20:11.322608+00:00,web_xss_v1,web_xss_v1__run_002,initial_access,T1190,7,3,1.4488,1.0,0.0173,32473.76,15979.15,0.716,63,31,0.6742,1.7869,0.4613,0.0499,0.6111,1,3,1,0,1,0,2.0021,515.46,150.4,809.22,4911.14,8838.16,0,0.0598,3.5233,0,0
2026-09-09T15:20:16.322608+00:00,web_xss_v1,web_xss_v1__run_002,initial_access,T1190,8,4,1.75,0.9966,0.0191,35532.56,21573.34,0.7518,56,34,0.7703,1.1282,0.6555,0.1107,0.9875,1,4,0,0,1,0,1.6009,634.51,255.66,1113.47,9606.57,7806.7,0,0.0,5.3814,0,0
2026-09-09T15:20:21.322608+00:00,web_xss_v1,web_xss_v1__run_002,initial_access,T1190,13,4,1.922,0.9798,0.0,22044.81,16392.3,0.7832,39,29,0.6013,1.6025,0.5182,0.1318,0.9136,2,6,1,0,2,0,1.3108,565.25,127.1,863.98,8506.35,8125.94,1,0.0444,4.1422,0,0
2026-09-09T15:20:26.322608+00:00,web_xss_v1,web_xss_v1__run_002,initial_access,T1190,6,3,1.2516,1.0,0.0,11011.59,4894.04,0.7069,18,8,0.3416,1.0157,0.5002,0.1192,0.8578,1,2,0,0,1,0,2.0171,611.76,243.6,913.2,8168.71,9115.77,0,0.0117,4.306,0,0
2026-09-09T15:20:31.322608+00:00,web_xss_v1,web_xss_v1__run_002,initial_access,T1190,7,3,1.3788,1.0,0.0,30911.82,11986.22,0.8037,49,19,0.3998,0.6657,0.6007,0.1421,1.0269,1,3,0,0,1,0,2.5312,630.85,444.23,1688.06,7917.97,8314.8,0,0.0405,3.9382,0,1
2026-09-09T15:20:36.322608+00:00,web_xss_v1,web_xss_v1__run_002,initial_access,T1190,11,3,1.4354,1.0,0.0002,22833.11,8302.95,0.7055,55,20,0.3792,0.585,0.4639,0.0873,0.7259,2,5,1,0,2,0,2.7459,415.15,108.3,630.98,8731.35,9248.78,1,0.0,4.3214,0,0
2026-09-09T15:20:41.322608+00:00,web_xss_v1,web_xss_v1__run_002,initial_access,T1190,6,3,1.585,1.0,0.0212,33562.57,18459.41,0.8348,60,33,0.7597,1.0487,0.7382,0.2174,1.3906,0,3,0,0,1,0,1.7874,559.38,136.71,837.18,9689.71,7955.47,0,0.0662,3.6254,0,0
2026-09-09T15:20:46.322608+00:00,web_xss_v1,web_xss_v1__run_002,initial_access,T1190,12,4,1.9591,1.0,0.0022,11941.79,8956.35,0.7822,24,18,0.4751,1.2869,0.5421,0.1436,0.9729,2,5,1,0,2,0,1.3222,497.57,142.39,850.08,7449.96,7600.21,1,0.0,4.0824,0,0
2026-09-09T15:20:51.322608+00:00,web_xss_v1,web_xss_v1__run_002,initial_access,T1190,5,2,0.971,0.9558,0.0212,20609.79,10599.32,0.8566,35,18,0.494,0.8815,0.573,0.125,0.9479,0,2,0,0,0,0,1.8869,588.85,149.88,872.18,8528.61,7685.29,0,0.0652,4.494,0,0
2026-09-09T15:20:56.322608+00:00,web_xss_v1,web_xss_v1__run_002,initial_access,T1190,4,2,0.8113,0.95,0.0315,30882.47,11029.45,0.7533,56,20,0.4669,1.3362,0.6145,0.1163,0.9635,0,2,0,0,0,0,2.6717,551.47,144.13,764.95,7529.39,8749.08,0,0.0497,4.2874,0,0
2026-09-09T15:21:01.322608+00:00,web_xss_v1,web_xss_v1__run_002,initial_access,T1190,8,4,1.9056,0.9721,0.0,18065.51,10161.85,0.6879,32,18,0.4017,0.9444,0.592,0.0845,0.8454,1,3,0,0,2,0,1.7585,564.55,206.75,891.02,8647.07,7651.31,1,0.054,5.0372,0,1
2026-09-09T15:21:06.322608+00:00,web_xss_v1,web_xss_v1__run_002,initial_access,T1190,8,4,1.9056,1.0,0.0,18829.76,7061.16,0.7151,32,12,0.8153,1.7382,0.767,0.0933,1.047,1,3,0,0,1,0,2.6532,588.43,243.0,1117.17,8193.83,7309.86,0,0.006,4.4814,0,0
2026-09-09T15:21:11.322608+00:00,web_xss_v1,web_xss_v1__run_002,initial_access,T1190,14,4,1.9592,0.9744,0.0297,60291.17,30145.59,0.7658,98,49,0.5528,0.688,0.4299,0.1113,0.7637,2,7,2,0,3,0,1.9777,615.22,309.93,1368.34,6455.58,7151.89,2,0.0179,3.6742,0,1
2026-09-09T15:21:16.322608+00:00,web_xss_v1,web_xss_v1__run_002,initial_access,T1190,8,4,1.9056,1.0,0.0,18283.07,6856.15,0.7345,32,12,0.403,1.1798,0.6844,0.1996,1.2831,1,3,1,0,1,0,2.5688,571.35,171.12,912.9,8909.84,8152.77,0,0.0355,3.7441,0,0
2026-09-09T15:21:21.322608+00:00,web_xss_v1,web_xss_v1__run_002,initial_access,T1190,8,4,1.8113,0.9528,0.0435,21657.16,7580.01,0.8453,40,14,0.6311,1.0443,0.5839,0.1466,1.0238,1,4,0,0,1,0,2.7517,541.43,195.23,872.28,7057.42,7448.03,0,0.0022,3.3112,0,0
2026-09-09T15:21:26.322608+00:00,web_xss_v1,web_xss_v1__run_002,initial_access,T1190,6,3,1.585,0.989,0.0593,42062.61,19529.07,0.7466,84,39,0.8057,2.4077,0.5035,0.129,0.8905,1,3,0,0,1,0,2.1298,500.75,189.01,871.51,9737.81,8294.6,0,0.0434,4.1236,0,0
2026-09-09T15:21:31.322608+00:00,web_xss_v1,web_xss_v1__run_002,initial_access,T1190,10,3,1.571,1.0,0.0,29155.15,18950.85,0.7449,60,39,0.429,1.1316,0.5828,0.0945,0.8662,1,5,1,0,2,0,1.5339,485.92,117.49,708.62,7707.7,6670.27,1,0.0425,3.9275,0,0
2026-09-09T15:21:36.322608+00:00,web_xss_v1,web_xss_v1__run_002,initial_access,T1190,15,4,1.9086,1.0,0.0,24906.93,9409.29,0.76,45,17,0.3914,0.5859,0.5136,0.1301,0.9039,2,7,1,0,3,0,2.5878,553.49,158.09,817.66,9212.24,8518.22,1,0.0499,4.1878,0,1
2026-09-09T15:21:41.322608+00:00,web_xss_v1,web_xss_v1__run_002,initial_access,T1190,10,4,1.761,1.0,0.0,20169.27,9076.17,0.8132,40,18,0.7532,1.5152,0.4887,0.0803,0.7297,1,4,0,0,2,0,2.2172,504.23,311.73,1299.78,8806.09,8570.06,1,0.0396,4.8013,0,0
2026-09-09T15:21:46.322608+00:00,web_xss_v1,web_xss_v1__run_002,initial_access,T1190,8,4,1.9056,0.9124,0.0631,31608.49,16462.75,0.7959,48,25,0.5729,0.8389,0.4779,0.1226,0.8458,1,4,0,0,1,0,1.9163,658.51,228.38,1119.52,7086.21,8569.01,0,0.0349,3.7828,0,0
2026-09-09T15:21:51.322608+00:00,web_xss_v1,web_xss_v1__run_002,initial_access,T1190,6,3,1.4591,1.0,0.0321,26287.57,10222.94,0.7475,54,21,0.6156,1.0279,0.7313,0.1724,1.2486,1,3,0,0,1,0,2.4771,486.81,144.85,699.55,7492.77,6899.12,0,0.0286,2.8489,0,0
2026-09-09T15:21:56.322608+00:00,web_xss_v1,web_xss_v1__run_002,initial_access,T1190,7,3,1.5567,1.0,0.0,17530.52,5008.72,0.7637,35,10,0.784,1.7584,0.571,0.1032,0.8806,1,3,0,0,1,0,3.3157,500.87,119.69,694.55,7676.28,7201.47,0,0.0518,3.7674,0,0
2026-09-09T15:22:01.322608+00:00,web_xss_v1,web_xss_v1__run_002,initial_access,T1190,15,4,1.6729,1.0,0.0,50832.44,25416.22,0.7157,90,45,0.2734,0.6932,0.5176,0.0726,0.7355,2,7,1,0,2,0,1.9888,564.8,207.54,1037.79,7054.89,7560.52,1,0.0202,3.6678,0,0
2026-09-09T15:22:06.322608+00:00,web_xss_v1,web_xss_v1__run_002,initial_access,T1190,7,4,1.8424,0.9887,0.0079,12311.59,6155.79,0.7795,28,14,0.4984,0.7,0.5495,0.1383,0.9645,1,3,0,0,1,0,1.9204,439.7,139.93,746.56,9421.44,9265.14,0,0.0435,4.0073,0,1
2026-09-09T15:22:11.322608+00:00,web_xss_v1,web_xss_v1__run_002,initial_access,T1190,14,4,1.9502,0.9992,0.0268,74823.02,33254.68,0.8101,126,56,0.6508,1.3627,0.4487,0.0982,0.7432,2,7,1,0,3,0,2.2493,593.83,214.11,1097.49,7631.1,7137.78,1,0.0309,3.5593,0,0
2026-09-09T15:22:16.322608+00:00,web_xss_v1,web_xss_v1__run_002,initial_access,T1190,8,3,1.2988,0.9292,0.0314,24928.09,7790.03,0.7051,48,15,0.3695,0.9229,0.5061,0.109,0.8331,1,3,0,0,1,0,3.0345,519.34,117.67,784.91,8688.47,7798.62,0,0.0562,3.5473,0,0
2026-09-09T15:22:21.322608+00:00,web_xss_v1,web_xss_v1__run_002,initial_access,T1190,11,4,1.8676,1.0,0.0301,22572.85,7695.29,0.6958,44,15,0.4884,1.3651,0.4668,0.0525,0.6245,2,5,1,0,2,0,2.813,513.02,200.04,972.05,8305.62,7239.53,1,0.0314,4.2453,0,0
2026-09-09T15:22:26.322608+00:00,web_xss_v1,web_xss_v1__run_002,initial_access,T1190,5,1,-0.0,0.9815,0.0238,20715.78,14501.04,0.7315,50,35,0.4701,1.3039,0.5667,0.0742,0.7893,0,2,0,0,1,0,1.4107,414.32,50.09,465.86,7219.24,6317.41,0,0.0,4.0995,0,0
2026-09-09T15:22:31.322608+00:00,web_xss_v1,web_xss_v1__run_002,initial_access,T1190,10,3,1.1568,0.9821,0.0136,9645.48,3858.19,0.6489,20,8,0.286,0.6339,0.4711,0.0803,0.7121,1,4,0,0,2,0,2.4486,482.27,91.69,629.59,8774.92,8865.54,1,0.0162,4.1292,0,0
2026-09-09T15:22:36.322608+00:00,web_xss_v1,web_xss_v1__run_002,initial_access,T1190,11,4,1.9808,0.9895,0.0,28873.06,19686.18,0.715,44,30,0.64,1.3657,0.7383,0.182,1.2843,1,5,0,0,2,0,1.458,656.21,223.34,1115.89,6944.58,8029.72,1,0.0002,3.6277,0,0
2026-09-09T15:22:41.322608+00:00,web_xss_v1,web_xss_v1__run_002,initial_access,T1190,12,4,1.8879,1.0,0.0,18495.26,7706.36,0.7105,36,15,0.8069,1.2937,0.5205,0.1351,0.9258,2,5,1,0,2,0,2.2672,513.76,130.03,722.77,9517.14,6321.99,1,0.0219,4.2109,0,0
2026-09-09T15:22:46.322608+00:00,web_xss_v1,web_xss_v1__run_002,initial_access,T1190,6,2,0.9183,1.0,0.0,9092.03,3535.79,0.7398,18,7,0.4674,1.2868,0.7255,0.2093,1.3533,1,3,0,0,1,0,2.4763,505.11,181.85,828.65,9759.59,7122.87,0,0.0,3.7391,0,0
2026-09-09T15:22:51.322608+00:00,web_xss_v1,web_xss_v1__run_002,initial_access,T1190,10,4,1.761,1.0,0.0,48589.98,23755.1,0.7761,90,44,0.6324,0.7866,0.6561,0.1085,0.9816,1,5,0,0,2,0,2.0076,539.89,196.18,869.19,8666.24,7057.2,1,0.0192,3.4281,0,1
2026-09-09T15:22:56.322608+00:00,web_xss_v1,web_xss_v1__run_002,initial_access,T1190,10,4,1.8464,0.9976,0.0,34596.25,13838.5,0.7321,60,24,0.3812,0.7691,0.579,0.1117,0.914,1,5,0,0,2,0,2.4079,576.6,198.99,965.81,6889.17,9259.53,1,0.0,3.9334,0,0
2026-09-09T15:23:01.322608+00:00,web_xss_v1,web_xss_v1__run_002,initial_access,T1190,12,4,1.8554,0.9861,0.0,62737.69,23526.63,0.7145,120,45,0.709,1.9755,0.4918,0.0677,0.6948,2,6,1,0,2,0,2.6305,522.81,183.17,921.98,7415.66,8447.85,1,0.0,4.0374,0,1
2026-09-09T15:23:06.322608+00:00,web_xss_v1,web_xss_v1__run_002,initial_access,T1190,7,3,1.5567,0.9871,0.0209,20515.65,8206.26,0.8648,35,14,0.4038,0.7136,0.4966,0.1142,0.8392,1,3,0,0,1,0,2.4672,586.16,126.12,776.58,8232.25,7322.22,0,0.0323,3.5765,0,0
2026-09-09T15:23:11.322608+00:00,web_xss_v1,web_xss_v1__run_002,initial_access,T1190,14,4,1.8774,1.0,0.0215,30980.32,18809.48,0.6586,56,34,0.5107,0.756,0.522,0.1555,0.9884,2,6,1,0,3,0,1.6342,553.22,170.24,860.42,8534.36,8157.92,2,0.0631,4.1874,0,0
2026-09-09T15:23:16.322608+00:00,web_xss_v1,web_xss_v1__run_002,initial_access,T1190,12,4,1.9591,1.0,0.0091,16894.19,7508.53,0.7696,36,16,0.6847,1.7923,0.6097,0.0664,0.8089,2,6,1,0,2,0,2.1608,469.28,121.44,782.3,6119.61,5607.06,1,0.0302,3.4689,0,0
2026-09-09T15:23:21.322608+00:00,web_xss_v1,web_xss_v1__run_002,initial_access,T1190,12,4,2.0,0.9977,0.0,74560.84,37970.8,0.7416,108,55,0.593,1.5589,0.5482,0.0865,0.8076,2,6,1,0,2,0,1.957,690.38,476.17,2136.51,9001.32,8090.44,1,0.0332,4.271,0,0
2026-09-09T15:23:26.322608+00:00,web_xss_v1,web_xss_v1__run_002,initial_access,T1190,13,4,1.7381,1.0,0.0185,42605.02,13655.45,0.7852,78,25,0.3511,0.8236,0.4338,0.1241,0.8061,2,6,1,0,2,0,3.0863,546.22,184.37,869.1,8627.51,8020.07,1,0.0252,3.7624,0,0
2026-09-09T15:23:31.322608+00:00,web_xss_v1,web_xss_v1__run_002,initial_access,T1190,14,4,1.9592,1.0,0.0171,72101.64,28039.53,0.7798,126,49,0.3203,0.8948,0.5112,0.082,0.7572,2,7,1,0,3,0,2.5459,572.24,158.51,834.47,7789.15,11332.95,2,0.0,4.2584,0,0
2026-09-09T15:23:36.322608+00:00,web_xss_v1,web_xss_v1__run_002,initial_access,T1190,4,3,1.5,0.9739,0.0497,22570.88,11285.44,0.7834,36,18,0.6784,0.8474,0.5211,0.1381,0.9354,0,1,0,0,0,0,1.9597,626.97,178.35,835.09,7680.91,7649.13,0,0.0,3.187,0,0
2026-09-09T15:23:41.322608+00:00,web_xss_v1,web_xss_v1__run_002,initial_access,T1190,13,4,1.922,0.9758,0.037,20147.97,9299.06,0.6701,39,18,0.3865,0.7764,0.4505,0.0657,0.6476,1,6,1,0,2,0,2.0876,516.61,179.75,871.01,7855.34,8782.27,1,0.007,4.2315,0,0
2026-09-09T15:23:46.322608+00:00,web_xss_v1,web_xss_v1__run_002,initial_access,T1190,6,4,1.9183,0.9778,0.0267,13566.97,5426.79,0.7196,30,12,0.6329,1.8361,0.5912,0.1231,0.9606,1,2,0,0,1,0,2.4823,452.23,155.66,743.54,10014.77,8115.67,0,0.0096,3.9578,0,0
2026-09-09T15:23:51.322608+00:00,web_xss_v1,web_xss_v1__run_002,initial_access,T1190,7,3,1.5567,0.9956,0.0,12319.83,4399.94,0.676,28,10,0.6146,0.8382,0.4213,0.0713,0.6351,1,3,0,0,1,0,2.5492,439.99,132.68,639.82,9709.61,7917.27,0,0.0,2.9483,0,0
2026-09-09T15:23:56.322608+00:00,web_xss_v1,web_xss_v1__run_002,initial_access,T1190,5,3,1.5219,1.0,0.0111,18684.86,10588.09,0.7159,30,17,0.4608,0.7512,0.4906,0.0666,0.6904,0,2,0,0,1,0,1.6814,622.83,274.27,1109.27,7040.16,7843.63,0,0.06,4.417,0,0
2026-09-09T15:24:01.322608+00:00,web_xss_v1,web_xss_v1__run_002,initial_access,T1190,11,4,1.7899,1.0,0.0,28510.53,9719.5,0.7785,44,15,0.6598,1.3554,0.4562,0.1132,0.7957,1,5,1,0,2,0,2.8927,647.97,245.86,1064.53,6995.3,9684.38,1,0.0,4.278,0,0
2026-09-09T15:24:06.322608+00:00,web_xss_v1,web_xss_v1__run_002,initial_access,T1190,12,4,1.9591,1.0,0.0,51470.05,30560.34,0.7694,96,57,0.9796,2.4662,0.6527,0.1855,1.2092,1,5,1,0,2,0,1.6714,536.15,152.44,808.97,10362.58,8229.26,1,0.0398,3.6045,0,0
2026-09-09T15:24:11.322608+00:00,web_xss_v1,web_xss_v1__run_002,initial_access,T1190,5,3,1.5219,1.0,0.0,27447.23,13934.75,0.7857,65,33,0.579,1.709,0.6697,0.0731,0.8889,0,2,0,0,1,0,1.9166,422.27,52.29,514.83,7606.21,9143.91,0,0.0436,4.4154,0,0
2026-09-09T15:24:16.322608+00:00,web_xss_v1,web_xss_v1__run_002,initial_access,T1190,8,3,1.2988,0.9633,0.032,38152.62,16426.82,0.7506,72,31,0.4715,0.9728,0.5973,0.1194,0.9556,1,4,0,0,1,0,2.2773,529.9,183.79,905.49,6518.57,8819.49,0,0.0649,4.0367,0,0
2026-09-09T15:24:21.322608+00:00,web_xss_v1,web_xss_v1__run_002,initial_access,T1190,7,4,1.8424,0.9793,0.0274,16309.18,5242.24,0.7234,28,9,0.7616,1.951,0.4855,0.1247,0.8596,1,3,0,0,1,0,2.9477,582.47,280.78,1158.91,11375.55,8407.75,0,0.0,4.4374,0,0
2026-09-09T15:24:26.322608+00:00,web_xss_v1,web_xss_v1__run_002,initial_access,T1190,5,3,1.371,1.0,0.0294,7685.46,4098.91,0.6987,15,8,0.3351,0.6133,0.5918,0.0907,0.8638,0,2,0,0,1,0,1.6819,512.36,97.73,625.14,7633.32,7696.61,0,0.0374,5.137,0,0
2026-09-09T15:24:31.322608+00:00,web_xss_v1,web_xss_v1__run_002,initial_access,T1190,9,4,1.8911,0.9648,0.0289,4990.44,2772.46,0.7199,9,5,0.2893,0.5464,0.6075,0.0718,0.8228,1,4,0,0,1,0,1.5768,554.49,164.04,794.86,6731.45,8686.24,0,0.0,4.1691,0,1
2026-09-09T15:24:36.322608+00:00,web_xss_v1,web_xss_v1__run_002,initial_access,T1190,9,4,1.8911,0.9554,0.0328,14406.22,4268.51,0.7375,27,8,0.3763,0.8508,0.4854,0.0808,0.7279,1,4,0,0,1,0,3.186,533.56,186.4,931.93,5800.45,10830.71,0,0.0,3.8014,0,0
2026-09-09T15:24:41.322608+00:00,web_xss_v1,web_xss_v1__run_002,initial_access,T1190,5,3,1.371,1.0,0.0,16806.48,7282.81,0.6799,30,13,0.537,0.7401,0.4828,0.0581,0.6572,0,2,0,0,1,0,2.1739,560.22,273.28,879.48,8922.86,7746.26,0,0.04,4.0301,0,0
2026-09-09T15:24:46.322608+00:00,web_xss_v1,web_xss_v1__run_002,initial_access,T1190,12,4,1.9591,0.997,0.0,13422.56,6711.28,0.7938,24,12,0.5569,1.5895,0.5267,0.0711,0.7401,2,6,1,0,2,0,1.9607,559.27,137.84,776.0,8611.14,8046.13,1,0.0,4.3932,0,1
2026-09-09T15:24:51.322608+00:00,web_xss_v1,web_xss_v1__run_002,initial_access,T1190,9,4,1.8366,1.0,0.0,35495.28,12958.59,0.7974,63,23,0.574,1.6168,0.4866,0.0891,0.754,1,4,1,0,1,0,2.7295,563.42,112.89,689.0,7755.97,8966.74,0,0.052,4.1308,0,1
2026-09-09T15:24:56.322608+00:00,web_xss_v1,web_xss_v1__run_002,initial_access,T1190,14,4,1.8092,1.0,0.0095,37291.53,11720.2,0.7801,70,22,0.4006,0.7386,0.5233,0.1104,0.8545,2,7,1,0,3,0,3.1389,532.74,176.6,867.53,6856.74,8033.28,2,0.0518,4.4808,0,1
2026-09-09T15:25:01.322608+00:00,web_xss_v1,web_xss_v1__run_002,initial_access,T1190,6,2,0.9183,1.0,0.0,25785.38,11664.81,0.7562,42,19,0.7327,1.7578,0.7066,0.1918,1.2819,1,3,0,0,1,0,2.1085,613.94,203.14,974.69,8018.75,7225.68,0,0.0268,4.2896,0,0
2026-09-09T15:25:06.322608+00:00,web_xss_v1,web_xss_v1__run_002,initial_access,T1190,8,4,1.75,1.0,0.0324,29136.39,21332.0,0.7391,56,41,0.4993,0.9309,0.5552,0.1459,0.9929,1,3,1,0,1,0,1.3377,520.29,114.15,765.16,8522.41,9286.61,0,0.0211,4.7047,0,0
2026-09-09T15:25:11.322608+00:00,web_xss_v1,web_xss_v1__run_002,initial_access,T1190,7,4,1.8424,0.9846,0.0,29512.83,10239.14,0.7024,49,17,0.7747,2.241,0.5321,0.1145,0.8756,1,3,0,0,1,0,2.7802,602.3,211.96,908.37,7443.62,8579.71,0,0.0,2.6351,0,0
2026-09-09T15:25:16.322608+00:00,web_xss_v1,web_xss_v1__run_002,initial_access,T1190,7,4,1.9502,0.9472,0.012,23245.89,8717.21,0.7079,56,21,0.3932,1.1196,0.468,0.0692,0.6755,1,3,0,0,1,0,2.607,415.11,185.87,720.44,5187.28,9558.73,0,0.0404,4.6881,0,0
2026-09-09T15:25:21.322608+00:00,web_xss_v1,web_xss_v1__run_002,initial_access,T1190,8,4,1.8113,0.9818,0.0035,13450.97,5044.11,0.7304,24,9,0.3856,0.7325,0.5236,0.1142,0.8661,1,3,0,0,1,0,2.5184,560.46,119.22,694.78,7053.91,7906.24,0,0.038,3.5995,0,0
2026-09-09T15:25:26.322608+00:00,web_xss_v1,web_xss_v1__run_002,initial_access,T1190,8,4,1.8113,0.9975,0.0015,11335.32,3542.29,0.7889,16,5,0.4052,0.8211,0.7249,0.1959,1.3125,1,3,0,0,1,0,2.8227,708.46,303.52,1392.9,9939.4,5782.03,0,0.0847,3.7355,0,1
2026-09-09T15:25:31.322608+00:00,web_xss_v1,web_xss_v1__run_002,initial_access,T1190,14,4,1.7885,1.0,0.0,78116.86,30998.75,0.7234,126,50,0.3711,0.8636,0.4795,0.0925,0.757,2,7,1,0,2,0,2.4996,619.98,220.07,1081.32,7600.4,8184.04,1,0.0552,4.1492,0,1
2026-09-09T15:25:36.322608+00:00,web_xss_v1,web_xss_v1__run_002,initial_access,T1190,5,2,0.971,1.0,0.0,13236.44,7412.41,0.7942,25,14,0.4819,1.0432,0.6484,0.1793,1.1865,1,2,0,0,1,0,1.7678,529.46,272.62,994.79,8719.81,8816.34,0,0.0263,4.9322,0,0
2026-09-09T15:25:41.322608+00:00,web_xss_v1,web_xss_v1__run_002,initial_access,T1190,12,4,1.9591,1.0,0.0,46416.82,19892.92,0.6865,84,36,0.8108,1.6431,0.6181,0.1824,1.1653,2,5,1,0,2,0,2.2705,552.58,143.96,746.92,11009.86,7893.67,1,0.0188,4.1087,0,0
2026-09-09T15:25:46.322608+00:00,web_xss_v1,web_xss_v1__run_002,initial_access,T1190,7,4,1.8424,0.9869,0.0045,19125.8,7103.87,0.7718,35,13,0.4455,0.9986,0.4732,0.1362,0.8819,1,3,0,0,1,0,2.6021,546.45,186.55,934.78,6375.93,8040.34,0,0.0143,3.1303,0,0
2026-09-09T15:25:51.322608+00:00,web_xss_v1,web_xss_v1__run_002,initial_access,T1190,13,3,1.5766,0.9876,0.0568,48454.16,18636.22,0.8007,91,35,0.3347,0.7159,0.4728,0.0718,0.6883,2,6,1,0,2,0,2.5686,532.46,169.7,780.3,7061.1,8119.33,1,0.0,2.989,0,0
2026-09-09T15:25:56.322608+00:00,web_xss_v1,web_xss_v1__run_002,initial_access,T1190,11,4,1.9363,0.9973,0.0,53488.78,28635.41,0.7135,99,53,0.5108,0.7668,0.4831,0.1292,0.8708,2,5,1,0,2,0,1.8668,540.29,151.23,915.43,7862.62,6874.51,1,0.0,3.2868,0,0
2026-09-09T15:26:01.322608+00:00,web_xss_v1,web_xss_v1__run_002,initial_access,T1190,13,4,1.9501,1.0,0.0,51021.08,21095.25,0.7646,104,43,0.447,1.0417,0.5449,0.1036,0.8556,2,6,1,0,2,0,2.3679,490.59,229.42,1050.58,7367.16,6820.41,1,0.0448,3.8872,0,0
2026-09-09T15:26:06.322608+00:00,web_xss_v1,web_xss_v1__run_002,initial_access,T1190,9,4,1.7527,0.9456,0.0798,23873.75,14324.25,0.749,45,27,0.5753,1.1141,0.5067,0.0731,0.7261,1,4,0,0,1,0,1.6452,530.53,254.34,1155.73,8450.84,8630.45,0,0.0407,3.8378,0,0
2026-09-09T15:26:11.322608+00:00,web_xss_v1,web_xss_v1__run_002,initial_access,T1190,9,4,1.7527,1.0,0.0,26873.47,17318.46,0.7726,45,29,0.444,0.9034,0.5832,0.0841,0.8356,1,4,0,0,1,0,1.5347,597.19,229.41,1026.04,8353.43,8002.49,0,0.014,3.4362,0,0
2026-09-09T15:26:16.322608+00:00,web_xss_v1,web_xss_v1__run_002,initial_access,T1190,8,4,1.9056,0.9774,0.0612,24991.49,12495.75,0.7527,40,20,0.6875,1.8448,0.6089,0.085,0.8639,1,3,0,0,1,0,1.9557,624.79,187.06,962.67,9298.24,8546.63,0,0.0236,4.5108,0,0
2026-09-09T15:26:21.322608+00:00,web_xss_v1,web_xss_v1__run_002,initial_access,T1190,8,4,1.9056,1.0,0.0269,35761.47,24027.24,0.7463,64,43,0.9856,2.9361,0.7543,0.1813,1.2981,1,4,0,0,1,0,1.4722,558.77,245.48,991.77,7887.93,8314.79,0,0.0404,3.7108,0,0
2026-09-09T15:26:26.322608+00:00,web_xss_v1,web_xss_v1__run_002,initial_access,T1190,12,4,1.9591,1.0,0.0,18577.27,9804.67,0.7756,36,19,0.5699,1.0024,0.4847,0.0975,0.7772,2,6,1,0,2,0,1.8013,516.04,133.19,885.31,7697.48,8529.36,1,0.0,3.2692,0,0
2026-09-09T15:26:31.322608+00:00,web_xss_v1,web_xss_v1__run_002,initial_access,T1190,8,3,1.4056,0.9639,0.0207,12103.06,4916.87,0.7608,32,13,0.7258,1.3321,0.6681,0.0856,0.925,1,3,1,0,2,0,2.3371,378.22,102.55,564.96,9012.85,8132.76,1,0.0,4.6038,0,0
2026-09-09T15:26:36.322608+00:00,web_xss_v1,web_xss_v1__run_002,initial_access,T1190,17,4,1.6457,1.0,0.0454,34999.89,12867.61,0.7743,68,25,0.847,1.7183,0.6119,0.0826,0.8598,2,8,1,0,3,0,2.629,514.7,167.91,802.1,7464.04,8424.03,2,0.0801,4.2092,0,0
2026-09-09T15:26:41.322608+00:00,web_xss_v1,web_xss_v1__run_002,initial_access,T1190,13,3,1.5262,1.0,0.0,42417.51,14449.92,0.7148,91,31,0.3076,0.5186,0.6053,0.1438,1.0367,2,6,0,0,3,0,2.8902,466.13,175.48,767.62,8310.17,8240.17,2,0.0201,4.2774,0,0
2026-09-09T15:26:46.322608+00:00,web_xss_v1,web_xss_v1__run_002,initial_access,T1190,7,4,1.8424,1.0,0.0164,24926.28,8902.24,0.7478,56,20,0.2575,0.53,0.5377,0.1162,0.8862,1,3,0,0,1,0,2.7151,445.11,184.8,872.36,6531.04,7347.76,0,0.0,4.1003,0,0
2026-09-09T15:26:51.322608+00:00,web_xss_v1,web_xss_v1__run_002,initial_access,T1190,13,4,1.8843,1.0,0.0,82026.1,43642.09,0.7105,156,83,0.6978,1.2441,0.4968,0.0591,0.674,2,6,0,0,2,0,1.8607,525.81,115.18,724.19,8004.38,9106.54,1,0.0509,3.7349,0,0
2026-09-09T15:26:56.322608+00:00,web_xss_v1,web_xss_v1__run_002,initial_access,T1190,2,2,1.0,0.9639,0.0211,7997.13,2665.71,0.8203,18,6,0.7066,0.9208,0.6134,0.0991,0.9107,0,0,0,0,0,0,2.8753,444.28,109.55,553.83,8559.98,8978.93,0,0.0519,3.4211,0,0
2026-09-09T15:27:01.322608+00:00,web_xss_v1,web_xss_v1__run_002,initial_access,T1190,15,4,1.9899,0.9757,0.0355,38233.53,16822.76,0.7885,75,33,0.6388,1.5959,0.4661,0.1231,0.8354,3,7,1,0,3,0,2.2514,509.78,173.42,881.18,7828.57,7307.46,2,0.0392,4.2201,0,0
2026-09-09T15:27:06.322608+00:00,web_xss_v1,web_xss_v1__run_002,initial_access,T1190,6,4,1.9183,0.9706,0.0122,22073.96,11036.98,0.7447,42,21,0.8488,2.2227,0.7145,0.2119,1.3502,1,3,0,0,1,0,1.9966,525.57,216.77,859.06,7773.44,7862.83,0,0.0291,4.0459,0,1
2026-09-09T15:27:11.322608+00:00,web_xss_v1,web_xss_v1__run_002,initial_access,T1190,10,4,1.6855,1.0,0.0,30843.16,13365.37,0.7607,60,26,0.6825,1.7827,0.5626,0.0888,0.8289,1,4,0,0,2,0,2.2538,514.05,162.95,817.57,9128.15,7335.47,1,0.0,2.9398,0,0
2026-09-09T15:27:16.322608+00:00,web_xss_v1,web_xss_v1__run_002,initial_access,T1190,13,4,1.7381,1.0,0.0,45813.11,25675.48,0.8471,91,51,0.3001,0.6084,0.639,0.0664,0.8381,2,6,1,0,2,0,1.7623,503.44,220.2,1087.07,6761.5,8713.76,1,0.0951,4.0238,0,0
2026-09-09T15:27:21.322608+00:00,web_xss_v1,web_xss_v1__run_002,initial_access,T1190,11,4,1.9363,0.9946,0.0202,54374.93,26128.21,0.728,77,37,0.6101,1.7515,0.6127,0.0709,0.8254,1,5,1,0,2,0,2.0292,706.17,286.89,1194.49,7898.37,8625.09,1,0.0,3.695,0,0
2026-09-09T15:27:26.322608+00:00,web_xss_v1,web_xss_v1__run_002,initial_access,T1190,7,4,1.6645,1.0,0.0,15687.24,5042.33,0.7401,28,9,0.4754,1.2376,0.4864,0.1262,0.8649,1,3,0,0,1,0,2.8298,560.26,195.79,836.46,10697.29,8145.71,0,0.0,3.3325,0,0
2026-09-09T15:27:31.322608+00:00,web_xss_v1,web_xss_v1__run_002,initial_access,T1190,6,4,1.9183,0.963,0.0612,14555.02,5336.84,0.8179,30,11,0.6441,1.5591,0.623,0.1665,1.1225,0,2,0,0,1,0,2.7059,485.17,238.49,977.4,7292.84,9850.78,0,0.0,3.6644,0,0
2026-09-09T15:27:36.322608+00:00,web_xss_v1,web_xss_v1__run_002,initial_access,T1190,10,3,1.2955,0.9385,0.0567,9260.87,4167.39,0.6943,20,9,0.2909,0.5097,0.5837,0.0868,0.844,1,4,1,0,2,0,2.0664,463.04,217.89,934.8,9121.1,7890.56,1,0.0534,3.5807,0,1
2026-09-09T15:27:41.322608+00:00,web_xss_v1,web_xss_v1__run_002,initial_access,T1190,8,4,1.9056,1.0,0.0127,54915.91,19220.57,0.7437,80,28,0.514,1.4466,0.5684,0.089,0.8354,1,4,0,0,1,0,2.8544,686.45,326.21,1346.08,6930.42,7543.73,0,0.0,4.0895,0,1
2026-09-09T15:27:46.322608+00:00,web_xss_v1,web_xss_v1__run_002,initial_access,T1190,11,4,1.9363,0.9981,0.0153,35194.54,15357.62,0.7874,55,24,0.5574,1.4504,0.497,0.1461,0.9354,1,5,1,0,2,0,2.2694,639.9,252.91,1232.71,7333.56,7346.28,1,0.0,3.2766,0,0
2026-09-09T15:27:51.322608+00:00,web_xss_v1,web_xss_v1__run_002,initial_access,T1190,8,4,1.8113,1.0,0.0105,48572.92,17110.92,0.789,88,31,0.979,1.8587,0.668,0.1717,1.183,1,4,1,0,1,0,2.7664,551.97,238.99,1060.53,6504.81,9017.52,0,0.0,3.8504,0,0
2026-09-09T15:27:56.322608+00:00,web_xss_v1,web_xss_v1__run_002,initial_access,T1190,16,4,1.9056,0.9966,0.0,26044.31,14649.93,0.6963,48,27,0.4333,0.7031,0.5064,0.0975,0.7988,2,7,1,0,3,0,1.7684,542.59,275.27,1242.6,8285.9,7570.44,1,0.029,4.2787,0,1
2026-09-09T15:28:01.322608+00:00,web_xss_v1,web_xss_v1__run_002,initial_access,T1190,10,4,1.6855,1.0,0.0,21320.45,9594.2,0.7334,40,18,0.655,1.7967,0.5599,0.0723,0.7768,1,5,0,0,2,0,2.121,533.01,139.65,799.19,7531.42,7877.57,1,0.0384,3.3092,0,1
2026-09-09T15:28:06.322608+00:00,web_xss_v1,web_xss_v1__run_002,initial_access,T1190,8,4,1.9056,1.0,0.0,42347.03,16541.81,0.7026,64,25,0.399,1.1344,0.5706,0.1285,0.9562,1,4,0,0,1,0,2.4817,661.67,194.53,921.97,8669.94,9228.32,0,0.0472,3.9641,0,0
2026-09-09T15:28:11.322608+00:00,web_xss_v1,web_xss_v1__run_002,initial_access,T1190,10,4,1.8464,0.9595,0.0371,34317.2,13726.88,0.7005,60,24,0.61,1.4348,0.5387,0.1219,0.9043,1,5,0,0,2,0,2.486,571.95,215.33,1066.16,6952.43,7847.16,1,0.0,3.5976,0,0
2026-09-09T15:28:16.322608+00:00,web_xss_v1,web_xss_v1__run_002,initial_access,T1190,7,3,1.5567,0.9767,0.0158,41383.87,17144.75,0.782,70,29,0.841,1.8649,0.7002,0.158,1.1743,1,3,0,0,1,0,2.3773,591.2,166.22,846.52,8143.2,8134.3,0,0.0226,4.5403,0,0
2026-09-09T15:28:21.322608+00:00,web_xss_v1,web_xss_v1__run_002,initial_access,T1190,7,4,1.8424,1.0,0.0219,36041.26,19951.41,0.8212,56,31,0.8562,2.4012,0.7178,0.1782,1.2525,1,3,0,0,1,0,1.7835,643.59,203.89,950.24,9580.11,9761.97,0,0.0385,3.1742,0,0
2026-09-09T15:28:26.322608+00:00,web_xss_v1,web_xss_v1__run_002,initial_access,T1190,7,3,1.5567,1.0,0.0074,19674.25,11804.55,0.7902,35,21,0.5552,0.822,0.5666,0.1344,0.9698,1,3,0,0,1,0,1.6226,562.12,165.62,889.52,8920.45,10210.22,0,0.0446,4.1499,0,0
2026-09-09T15:28:31.322608+00:00,web_xss_v1,web_xss_v1__run_002,initial_access,T1190,8,4,1.9056,0.9841,0.0,12674.22,7921.39,0.7664,24,15,0.6627,1.8135,0.6668,0.1727,1.185,1,4,0,0,1,0,1.5451,528.09,135.74,719.35,8637.01,7380.7,0,0.0149,3.2237,0,0
2026-09-09T15:28:36.322608+00:00,web_xss_v1,web_xss_v1__run_002,initial_access,T1190,7,3,1.3788,1.0,0.0072,16195.65,8097.82,0.6333,28,14,0.9218,2.4468,0.679,0.131,1.0719,1,3,0,0,1,0,1.931,578.42,210.74,965.72,9111.1,7561.16,0,0.0805,3.8491,0,0
2026-09-09T15:28:41.322608+00:00,web_xss_v1,web_xss_v1__run_002,initial_access,T1190,7,4,1.8424,0.9962,0.0,31087.6,12212.99,0.7115,56,22,0.408,0.8707,0.551,0.0561,0.7194,1,3,1,0,1,0,2.5235,555.14,190.29,994.44,7413.13,7747.51,0,0.0597,5.2006,0,0
2026-09-09T15:28:46.322608+00:00,web_xss_v1,web_xss_v1__run_002,initial_access,T1190,7,3,1.4488,1.0,0.0036,26905.9,8167.86,0.7484,56,17,0.316,0.5887,0.5664,0.0605,0.7478,1,3,0,0,1,0,3.2616,480.46,148.23,760.59,6103.39,8783.7,0,0.0599,4.691,0,0
2026-09-09T15:28:51.322608+00:00,web_xss_v1,web_xss_v1__run_002,initial_access,T1190,8,3,1.5613,0.9759,0.0115,13079.92,4904.97,0.6308,24,9,0.6113,1.7885,0.4267,0.1138,0.7681,1,3,0,0,1,0,2.6434,545.0,147.95,814.07,8365.16,12676.12,0,0.0414,3.61,0,0
2026-09-09T15:28:56.322608+00:00,web_xss_v1,web_xss_v1__run_002,initial_access,T1190,9,4,1.8366,0.9855,0.0,30712.08,12512.33,0.7598,54,22,0.6603,1.4194,0.4727,0.0593,0.6507,1,4,0,0,2,0,2.4171,568.74,144.99,897.94,7248.11,5913.85,1,0.055,4.3166,0,0
2026-09-09T15:29:01.322608+00:00,web_xss_v1,web_xss_v1__run_002,initial_access,T1190,14,4,1.6106,1.0,0.0,43824.26,18781.83,0.6898,84,36,0.6596,1.3306,0.5424,0.1268,0.9229,2,6,1,0,3,0,2.2795,521.72,184.19,813.72,7946.51,7542.45,2,0.0482,4.4291,0,0
2026-09-09T15:29:06.322608+00:00,web_xss_v1,web_xss_v1__run_002,initial_access,T1190,13,4,1.9878,1.0,0.0074,33090.21,15272.41,0.683,65,30,0.6175,1.0496,0.4115,0.1193,0.7695,2,6,1,0,3,0,2.1462,509.08,126.06,839.49,8062.07,9274.91,2,0.028,5.2766,0,0
2026-09-09T15:29:11.322608+00:00,web_xss_v1,web_xss_v1__run_002,initial_access,T1190,9,4,1.9749,0.9924,0.0,36949.19,17448.23,0.7458,72,34,0.6686,1.339,0.668,0.1575,1.1406,2,4,0,0,2,0,2.1036,513.18,163.06,773.32,8805.83,7686.29,1,0.0311,3.7832,0,0
2026-09-09T15:29:16.322608+00:00,web_xss_v1,web_xss_v1__run_002,initial_access,T1190,8,4,1.75,0.9581,0.0467,30676.95,11983.18,0.859,64,25,0.5393,1.2048,0.6435,0.1057,0.9606,1,3,0,0,1,0,2.4983,479.33,171.72,797.24,8938.07,7816.71,0,0.0176,3.7962,0,0
2026-09-09T15:29:21.322608+00:00,web_xss_v1,web_xss_v1__run_002,initial_access,T1190,9,4,1.7527,0.9942,0.0,23161.56,9558.74,0.8183,63,26,0.3024,0.6861,0.5361,0.1203,0.8969,1,4,0,0,1,0,2.3476,367.64,114.11,637.27,7490.62,8971.51,0,0.0198,4.0355,0,0
2026-09-09T15:29:26.322608+00:00,web_xss_v1,web_xss_v1__run_002,initial_access,T1190,15,4,1.7819,0.9899,0.0214,33896.06,20902.57,0.7436,60,37,0.3623,0.5785,0.5144,0.144,0.9463,2,7,1,0,3,0,1.5924,564.93,157.14,797.92,8744.91,8712.53,2,0.0059,3.8562,0,0
2026-09-09T15:29:31.322608+00:00,web_xss_v1,web_xss_v1__run_002,initial_access,T1190,7,4,1.8424,0.9918,0.0409,20064.56,7165.92,0.7985,42,15,0.632,1.2572,0.6987,0.132,1.0947,1,3,0,0,1,0,2.7035,477.73,168.59,711.64,8292.74,7780.86,0,0.0,3.3662,0,0
2026-09-09T15:29:36.322608+00:00,web_xss_v1,web_xss_v1__run_002,initial_access,T1190,12,4,1.7296,1.0,0.0126,25157.51,13277.57,0.7693,36,19,0.7224,1.7143,0.4912,0.0936,0.7721,2,6,1,0,2,0,1.8329,698.82,230.36,1035.56,8033.7,8712.48,1,0.0321,3.3988,0,0
2026-09-09T15:29:41.322608+00:00,web_xss_v1,web_xss_v1__run_002,initial_access,T1190,13,4,1.8339,0.9593,0.0542,27449.78,15308.53,0.8315,52,29,0.8338,1.6289,0.6947,0.0697,0.9038,2,6,1,0,2,0,1.7684,527.88,159.94,907.88,7998.6,7847.01,1,0.0419,4.4084,0,2
2026-09-09T15:29:46.322608+00:00,web_xss_v1,web_xss_v1__run_002,initial_access,T1190,7,3,1.3788,0.9657,0.0381,41690.66,14145.05,0.7041,56,19,0.5065,0.7556,0.6159,0.1194,0.974,1,3,0,0,1,0,2.8391,744.48,212.12,1225.93,6401.55,9921.32,0,0.0,3.8265,0,0
2026-09-09T15:29:51.322608+00:00,web_xss_v1,web_xss_v1__run_002,initial_access,T1190,9,4,1.8911,1.0,0.0,28099.34,10927.52,0.8062,54,21,0.7006,1.2545,0.5422,0.1354,0.9483,1,4,0,0,2,0,2.4618,520.36,150.3,766.46,8748.94,7377.4,1,0.0294,3.0878,0,0
2026-09-09T15:29:56.322608+00:00,web_xss_v1,web_xss_v1__run_002,initial_access,T1190,10,4,1.9219,0.9673,0.0585,20255.98,8777.59,0.668,30,13,0.9917,1.9922,0.7015,0.124,1.0735,1,5,1,0,2,0,2.2458,675.2,298.32,1304.31,8709.74,8372.25,1,0.023,3.5945,0,0
2026-09-09T15:30:01.322608+00:00,web_xss_v1,web_xss_v1__run_002,initial_access,T1190,7,4,1.8424,1.0,0.0072,25238.61,12361.77,0.7708,49,24,0.6978,1.839,0.6149,0.1221,0.9812,1,3,0,0,1,0,1.9788,515.07,126.61,704.22,9251.09,9656.65,0,0.0,4.7827,0,0
2026-09-09T15:30:06.322608+00:00,web_xss_v1,web_xss_v1__run_002,initial_access,T1190,10,4,1.761,1.0,0.0082,8176.5,4905.9,0.7513,10,6,0.65,1.4638,0.3703,0.1081,0.6947,1,4,1,0,2,0,1.6245,817.65,283.22,1374.04,7590.84,7602.59,1,0.0,4.1631,0,0
2026-09-09T15:30:11.322608+00:00,web_xss_v1,web_xss_v1__run_002,initial_access,T1190,10,4,1.8464,1.0,0.0,20125.23,6037.57,0.8503,40,12,0.6479,0.9747,0.5307,0.1185,0.8864,1,5,1,0,2,0,3.1,503.13,154.88,792.05,9100.36,7393.93,1,0.034,3.4471,0,0
2026-09-09T15:30:16.322608+00:00,web_xss_v1,web_xss_v1__run_002,initial_access,T1190,10,4,1.7219,0.9813,0.0129,15895.92,5298.64,0.7264,30,10,0.6809,1.7116,0.4996,0.1474,0.9418,1,4,1,0,2,0,2.7536,529.86,212.87,909.35,7253.46,7902.64,1,0.0225,4.8069,0,0
2026-09-09T15:30:21.322608+00:00,web_xss_v1,web_xss_v1__run_002,initial_access,T1190,15,4,1.8892,1.0,0.0077,14483.31,8207.21,0.7769,30,17,0.6014,1.2496,0.6173,0.125,0.9923,2,7,1,0,3,0,1.7586,482.78,143.26,742.9,7794.1,9930.55,2,0.0255,4.2968,0,1
2026-09-09T15:30:26.322608+00:00,web_xss_v1,web_xss_v1__run_002,initial_access,T1190,12,4,1.9183,0.9796,0.0149,48117.52,32078.35,0.7123,84,56,0.6693,1.1848,0.6401,0.1264,1.0193,2,6,1,0,2,0,1.4984,572.83,151.15,938.35,9581.38,9288.69,1,0.0,4.4815,0,0
2026-09-09T15:30:31.322608+00:00,web_xss_v1,web_xss_v1__run_002,initial_access,T1190,11,4,1.7899,1.0,0.0,52148.39,28971.33,0.7691,99,55,0.3732,0.8434,0.5681,0.1478,1.0114,2,5,0,0,2,0,1.7857,526.75,160.62,927.71,7675.03,7088.16,1,0.0568,4.0413,0,0
2026-09-09T15:30:36.322608+00:00,web_xss_v1,web_xss_v1__run_002,initial_access,T1190,13,4,1.9501,1.0,0.0292,26215.41,10082.85,0.7712,52,20,0.4963,1.0329,0.5877,0.1262,0.9664,1,6,0,0,2,0,2.4991,504.14,201.39,864.25,7659.47,9071.71,1,0.0,4.4883,0,0
2026-09-09T15:30:41.322608+00:00,web_xss_v1,web_xss_v1__run_002,initial_access,T1190,13,4,1.9878,1.0,0.0198,25863.31,8455.31,0.6385,52,17,0.4425,0.7464,0.4015,0.0891,0.6689,2,6,1,0,2,0,2.9332,497.37,233.98,1169.92,7044.99,7109.22,1,0.0487,4.4558,0,0
2026-09-09T15:30:46.322608+00:00,web_xss_v1,web_xss_v1__run_002,initial_access,T1190,7,4,1.9502,0.9857,0.0,19310.74,5977.13,0.8036,42,13,0.6625,1.0394,0.6009,0.1429,1.0296,1,3,0,0,1,0,3.0256,459.78,197.6,874.53,9794.87,7975.42,0,0.0173,3.416,0,0
2026-09-09T15:30:51.322608+00:00,web_xss_v1,web_xss_v1__run_002,initial_access,T1190,9,4,1.8366,0.9758,0.0212,26063.18,14962.2,0.784,54,31,0.2956,0.5437,0.4835,0.0755,0.71,1,4,0,0,2,0,1.7116,482.65,193.78,823.0,9975.08,8198.88,1,0.0515,2.9722,0,0
2026-09-09T15:30:56.322608+00:00,web_xss_v1,web_xss_v1__run_002,initial_access,T1190,10,4,1.8464,0.9984,0.0,20988.3,8395.32,0.8845,40,16,0.4545,0.8245,0.494,0.0633,0.684,1,4,1,0,2,0,2.4676,524.71,151.14,749.97,7398.14,7879.58,1,0.0478,4.2993,0,1
2026-09-09T15:31:01.322608+00:00,web_xss_v1,web_xss_v1__run_002,initial_access,T1190,8,4,1.75,1.0,0.0138,7733.3,3383.32,0.7213,16,7,0.6262,1.1336,0.6279,0.157,1.0987,1,4,0,0,1,0,2.1624,483.33,147.1,671.03,8691.69,8350.35,0,0.039,4.8934,0,1
2026-09-09T15:31:06.322608+00:00,web_xss_v1,web_xss_v1__run_002,initial_access,T1190,15,4,1.7465,0.986,0.0164,103626.13,45595.5,0.7586,150,66,0.7043,1.7696,0.4285,0.0974,0.7207,2,7,1,0,3,0,2.2719,690.84,251.65,1178.91,9174.72,9338.57,2,0.1061,3.8258,0,1
2026-09-09T15:31:11.322608+00:00,web_xss_v1,web_xss_v1__run_002,initial_access,T1190,8,3,1.5,0.9945,0.0,29541.12,16616.88,0.7928,48,27,0.3551,0.5518,0.573,0.1398,0.9926,1,3,0,0,1,0,1.752,615.44,354.36,1527.57,9911.46,7913.22,0,0.0091,3.82,0,0
2026-09-09T15:31:16.322608+00:00,web_xss_v1,web_xss_v1__run_002,initial_access,T1190,12,4,1.9183,1.0,0.0129,63337.29,22871.8,0.7367,108,39,0.3587,0.8077,0.5116,0.1188,0.8681,2,5,1,0,2,0,2.7513,586.46,190.59,1062.91,9643.96,9919.71,1,0.0336,3.2237,0,0
2026-09-09T15:31:21.322608+00:00,web_xss_v1,web_xss_v1__run_002,initial_access,T1190,14,4,1.7244,0.9846,0.0224,51587.56,24214.57,0.8106,98,46,0.4199,0.6571,0.4464,0.1092,0.774,2,7,1,0,3,0,2.1031,526.4,231.31,1052.52,8559.64,9096.55,2,0.0,3.6139,0,0
2026-09-09T15:31:26.322608+00:00,web_xss_v1,web_xss_v1__run_002,initial_access,T1190,1,1,-0.0,0.9992,0.0,4640.26,1988.68,0.6786,7,3,0.4829,0.598,0.7134,0.1609,1.1961,0,0,0,0,0,0,2.0324,662.89,0.0,662.89,6775.88,8708.49,0,0.0157,3.1515,0,0
2026-09-09T15:31:31.322608+00:00,web_xss_v1,web_xss_v1__run_002,initial_access,T1190,8,4,1.75,1.0,0.0,38119.48,22236.36,0.8493,72,42,0.9649,2.7482,0.6581,0.089,0.925,1,3,0,0,1,0,1.6904,529.44,189.05,955.34,9366.83,6185.17,0,0.0,4.4749,0,0
2026-09-09T15:31:36.322608+00:00,web_xss_v1,web_xss_v1__run_002,initial_access,T1190,6,4,1.7925,1.0,0.0038,24510.15,10723.19,0.7461,48,21,0.7018,1.2238,0.594,0.0922,0.8706,1,3,0,0,1,0,2.2393,510.63,75.77,605.38,8814.47,7685.03,0,0.0516,4.5189,0,0
2026-09-09T15:31:41.322608+00:00,web_xss_v1,web_xss_v1__run_002,initial_access,T1190,6,4,1.7925,1.0,0.0015,12282.7,5629.57,0.6734,24,11,0.5048,0.7284,0.5561,0.0843,0.809,1,2,0,0,1,0,2.1121,511.78,174.48,863.55,8585.41,9801.69,0,0.0116,3.6316,0,0
2026-09-09T15:31:46.322608+00:00,web_xss_v1,web_xss_v1__run_002,initial_access,T1190,14,4,1.4838,1.0,0.0,55305.89,31109.56,0.7332,112,63,0.7913,1.3351,0.4718,0.0808,0.7141,2,7,1,0,3,0,1.7702,493.8,148.28,771.65,9424.52,8550.45,2,0.0519,4.5218,0,0
2026-09-09T15:31:51.322608+00:00,web_xss_v1,web_xss_v1__run_002,initial_access,T1190,9,4,1.7527,0.987,0.0098,28162.71,19818.21,0.7339,54,38,0.5194,1.0921,0.4616,0.1372,0.8732,1,4,0,0,2,0,1.4197,521.53,156.65,767.61,9312.32,7304.6,1,0.0212,3.646,0,0
2026-09-09T15:31:56.322608+00:00,web_xss_v1,web_xss_v1__run_002,initial_access,T1190,9,4,1.9749,0.9856,0.0135,18672.07,7607.14,0.7245,27,11,0.8466,1.246,0.6572,0.1155,1.0036,1,4,0,0,1,0,2.3422,691.56,413.65,1766.04,8185.42,8107.66,0,0.028,4.2535,0,0
2026-09-09T15:32:01.322608+00:00,web_xss_v1,web_xss_v1__run_002,initial_access,T1190,10,4,1.761,1.0,0.0227,63914.73,27163.76,0.7317,120,51,0.4062,1.0416,0.5825,0.108,0.9065,2,5,0,0,2,0,2.3496,532.62,184.12,909.58,9467.83,8890.16,1,0.0095,3.9226,0,0
2026-09-09T15:32:06.322608+00:00,web_xss_v1,web_xss_v1__run_002,initial_access,T1190,8,3,1.5613,0.9892,0.0,9461.57,5913.48,0.7441,16,10,0.524,0.9632,0.5752,0.0948,0.8596,1,4,0,0,1,0,1.5335,591.35,135.91,758.9,7840.86,7653.13,0,0.023,5.0131,0,1
2026-09-09T15:32:11.322608+00:00,web_xss_v1,web_xss_v1__run_002,initial_access,T1190,8,3,1.4056,1.0,0.0,18906.37,7089.89,0.7071,32,12,0.6655,1.6117,0.442,0.0781,0.6762,1,4,0,0,1,0,2.6622,590.82,209.53,1077.25,6881.67,9382.8,0,0.0,4.4559,0,0
2026-09-09T15:32:16.322608+00:00,web_xss_v1,web_xss_v1__run_002,initial_access,T1190,5,3,1.5219,1.0,0.023,23100.7,11880.36,0.7952,35,18,0.6603,1.496,0.6782,0.1957,1.2652,0,2,0,0,1,0,1.8654,660.02,52.52,722.73,7978.55,7135.35,0,0.0174,3.8379,0,0
2026-09-09T15:32:21.322608+00:00,web_xss_v1,web_xss_v1__run_002,initial_access,T1190,10,4,1.761,1.0,0.0,33371.01,14460.77,0.6697,60,26,0.5353,0.9522,0.6286,0.1328,1.027,1,5,0,0,2,0,2.2513,556.18,163.5,904.63,7479.58,8571.77,1,0.0164,4.4864,0,0
2026-09-09T15:32:26.322608+00:00,web_xss_v1,web_xss_v1__run_002,initial_access,T1190,8,3,1.5,0.9619,0.0234,23290.16,12227.33,0.7816,40,21,0.5592,1.0152,0.5709,0.1152,0.9166,1,3,0,0,1,0,1.8898,582.25,163.14,849.11,9116.41,8779.09,0,0.001,4.1515,0,0
2026-09-09T15:32:31.322608+00:00,web_xss_v1,web_xss_v1__run_002,initial_access,T1190,8,4,1.9056,1.0,0.0,26622.04,9428.64,0.8244,48,17,0.253,0.4458,0.4662,0.0852,0.7218,1,3,0,0,1,0,2.7839,554.63,153.72,776.1,9800.47,9855.78,0,0.0626,4.5195,0,0
2026-09-09T15:32:36.322608+00:00,web_xss_v1,web_xss_v1__run_002,initial_access,T1190,4,2,1.0,0.9914,0.0146,10716.41,7590.79,0.7459,24,17,0.9364,2.6752,0.654,0.1617,1.139,0,1,0,0,0,0,1.3865,446.52,104.51,582.99,6902.02,10066.92,0,0.0,3.9276,0,0
2026-09-09T15:32:41.322608+00:00,web_xss_v1,web_xss_v1__run_002,initial_access,T1190,8,3,1.4056,1.0,0.0,17032.07,6919.28,0.7392,32,13,0.6241,1.0358,0.5291,0.1035,0.8394,1,3,0,0,1,0,2.4563,532.25,152.11,686.2,8447.17,6946.42,0,0.0,3.9737,0,0
2026-09-09T15:32:46.322608+00:00,web_xss_v1,web_xss_v1__run_002,initial_access,T1190,9,3,1.3516,0.9758,0.019,18924.7,7885.29,0.7411,36,15,0.2651,0.3737,0.5152,0.0749,0.7399,1,4,1,0,1,0,2.3353,525.69,129.15,726.6,8068.48,10236.36,0,0.026,4.5605,0,0
2026-09-09T15:32:51.322608+00:00,web_xss_v1,web_xss_v1__run_002,initial_access,T1190,16,4,1.8113,1.0,0.0,54580.68,25584.69,0.8237,96,45,0.4122,1.1285,0.5039,0.1305,0.8952,2,7,1,0,3,0,2.1245,568.55,175.02,956.78,8703.85,8107.28,2,0.0426,4.3814,0,1
2026-09-09T15:32:56.322608+00:00,web_xss_v1,web_xss_v1__run_002,initial_access,T1190,12,4,1.7296,1.0,0.0,18158.34,5548.38,0.7647,36,11,0.6591,0.7934,0.3601,0.0601,0.5403,1,5,1,0,2,0,3.0373,504.4,170.24,887.32,7857.02,8249.72,1,0.0184,3.2112,0,2
2026-09-09T15:33:01.322608+00:00,web_xss_v1,web_xss_v1__run_002,initial_access,T1190,9,3,1.585,0.9862,0.0527,7907.48,3075.13,0.7563,18,7,0.5429,1.0299,0.6657,0.1786,1.2017,1,4,0,0,2,0,2.2885,439.3,101.99,634.6,7867.69,7562.38,1,0.0372,3.9881,0,0
2026-09-09T15:33:06.322608+00:00,web_xss_v1,web_xss_v1__run_002,initial_access,T1190,5,4,1.9219,1.0,0.0,9779.19,4889.59,0.717,20,10,0.3286,0.575,0.5482,0.0549,0.713,0,2,0,0,1,0,1.8253,488.96,170.96,758.8,8307.3,8960.42,0,0.0171,3.8379,0,1
2026-09-09T15:33:11.322608+00:00,web_xss_v1,web_xss_v1__run_002,initial_access,T1190,15,4,1.8892,1.0,0.0,31332.04,23499.03,0.7556,60,45,0.5937,0.8165,0.4986,0.1168,0.8489,2,7,1,0,3,0,1.3209,522.2,180.91,881.15,7572.88,7430.73,1,0.0281,4.0219,0,0
2026-09-09T15:33:16.322608+00:00,web_xss_v1,web_xss_v1__run_002,initial_access,T1190,7,4,1.8424,0.9992,0.0194,23012.35,10958.26,0.7024,42,20,0.7137,1.5542,0.601,0.1489,1.0476,1,3,0,0,1,0,2.0427,547.91,253.37,1111.32,8086.8,9105.57,0,0.0188,4.558,0,0
2026-09-09T15:33:21.322608+00:00,web_xss_v1,web_xss_v1__run_002,initial_access,T1190,9,4,1.8366,0.9553,0.034,19737.21,9649.3,0.7073,45,22,0.6706,1.2423,0.5779,0.0685,0.7833,1,4,1,0,2,0,2.0001,438.6,131.27,702.52,6992.22,9097.42,1,0.0074,4.1854,0,0
2026-09-09T15:33:26.322608+00:00,web_xss_v1,web_xss_v1__run_002,initial_access,T1190,8,2,0.9544,1.0,0.0,36023.51,21013.71,0.744,48,28,0.6635,1.6383,0.5252,0.0879,0.7888,1,4,0,0,1,0,1.6865,750.49,289.49,1261.68,9513.19,7489.46,0,0.0287,4.1485,0,0
2026-09-09T15:33:31.322608+00:00,web_xss_v1,web_xss_v1__run_002,initial_access,T1190,10,3,1.361,1.0,0.0,11404.21,3421.26,0.7448,20,6,0.3012,0.5731,0.4858,0.0608,0.6681,1,4,0,0,1,0,3.1397,570.21,160.9,904.6,7504.01,8356.81,0,0.0,4.1117,0,1
2026-09-09T15:33:36.322608+00:00,web_xss_v1,web_xss_v1__run_002,initial_access,T1190,13,4,1.8843,1.0,0.0052,39738.56,19359.81,0.766,78,38,0.634,0.8264,0.6314,0.1708,1.1438,2,6,1,0,2,0,2.0092,509.47,208.2,997.03,7617.71,8535.02,1,0.0095,3.7042,0,0
2026-09-09T15:33:41.322608+00:00,web_xss_v1,web_xss_v1__run_002,initial_access,T1190,6,4,1.9183,1.0,0.0054,35206.91,14936.27,0.7271,66,28,0.8576,1.2822,0.5551,0.1316,0.9499,1,2,0,0,1,0,2.2787,533.44,130.54,769.91,7317.92,7867.55,0,0.0,3.4294,0,0
2026-09-09T15:33:46.322608+00:00,web_xss_v1,web_xss_v1__run_002,initial_access,T1190,8,3,1.4056,1.0,0.0068,23753.38,11876.69,0.6867,48,24,0.7932,1.5068,0.6169,0.0978,0.9102,1,4,0,0,1,0,1.9979,494.86,124.12,709.96,9414.5,8247.6,0,0.0,3.2895,0,0
2026-09-09T15:33:51.322608+00:00,web_xss_v1,web_xss_v1__run_002,initial_access,T1190,10,4,1.8464,1.0,0.0,28080.33,14601.77,0.756,50,26,0.5165,0.7533,0.5377,0.0794,0.7759,1,5,0,0,2,0,1.8796,561.61,230.03,1009.43,9006.1,8698.88,1,0.0099,3.702,0,0
2026-09-09T15:33:56.322608+00:00,web_xss_v1,web_xss_v1__run_002,initial_access,T1190,9,3,1.3921,0.9923,0.0064,27819.37,12982.37,0.7147,45,21,0.7174,0.9705,0.5486,0.0945,0.8322,1,4,0,0,1,0,2.1088,618.21,209.1,974.87,8513.35,8155.42,0,0.0164,3.5892,0,1
2026-09-09T15:34:01.322608+00:00,web_xss_v1,web_xss_v1__run_002,initial_access,T1190,9,4,1.9749,0.9775,0.0056,21377.65,11876.47,0.7201,36,20,0.7502,2.2159,0.5823,0.0678,0.7858,1,4,0,0,2,0,1.7437,593.82,194.44,1006.33,6339.35,8491.2,1,0.0015,3.5801,0,0
2026-09-09T15:34:06.322608+00:00,web_xss_v1,web_xss_v1__run_002,initial_access,T1190,15,4,1.9086,1.0,0.0,22831.76,8625.33,0.6221,45,17,0.5899,0.8876,0.4812,0.0482,0.6259,2,6,1,0,3,0,2.627,507.37,145.14,888.17,7497.53,8795.72,1,0.0,4.5009,0,0
2026-09-09T15:34:11.322608+00:00,web_xss_v1,web_xss_v1__run_002,initial_access,T1190,11,4,1.9363,0.9913,0.0132,46697.63,18193.88,0.8097,77,30,0.4154,0.5732,0.4945,0.1077,0.8176,1,5,1,0,2,0,2.495,606.46,244.1,984.03,7935.76,6854.57,1,0.0,4.076,0,0
2026-09-09T15:34:16.322608+00:00,web_xss_v1,web_xss_v1__run_002,initial_access,T1190,5,2,0.7219,0.9773,0.0605,21540.71,10770.36,0.7275,40,20,0.6205,1.7318,0.6952,0.1904,1.2663,1,2,0,0,0,0,1.9365,538.52,136.14,748.68,8416.89,10160.05,0,0.0,3.8558,0,0
2026-09-09T15:34:21.322608+00:00,web_xss_v1,web_xss_v1__run_002,initial_access,T1190,10,4,1.6855,1.0,0.0,26205.66,12578.72,0.665,50,24,0.2828,0.6765,0.4022,0.0469,0.543,1,5,1,0,2,0,2.012,524.11,151.65,719.98,7909.57,7638.83,1,0.0249,4.1379,0,2
2026-09-09T15:34:26.322608+00:00,web_xss_v1,web_xss_v1__run_002,initial_access,T1190,7,4,1.9502,1.0,0.0414,24626.49,10554.21,0.7459,42,18,1.0185,1.4868,0.5805,0.1646,1.0742,1,3,0,0,1,0,2.2458,586.34,190.18,913.42,7878.52,6735.3,0,0.0508,3.7563,0,0
2026-09-09T15:34:31.322608+00:00,web_xss_v1,web_xss_v1__run_002,initial_access,T1190,10,4,1.8464,0.9929,0.0103,42516.79,28167.37,0.6595,80,53,0.5627,1.5794,0.5312,0.1274,0.9135,1,4,1,0,2,0,1.5035,531.46,147.5,845.24,8068.33,8215.3,1,0.0,4.7883,0,0
2026-09-09T15:34:36.322608+00:00,web_xss_v1,web_xss_v1__run_002,initial_access,T1190,13,4,1.7272,1.0,0.0184,45962.61,20624.25,0.7586,78,35,0.31,0.7408,0.4227,0.0896,0.6914,2,6,1,0,3,0,2.2282,589.26,329.55,1603.75,7880.49,6655.48,1,0.0157,4.2704,0,0
2026-09-09T15:34:41.322608+00:00,web_xss_v1,web_xss_v1__run_002,initial_access,T1190,4,3,1.5,0.9959,0.0074,10103.3,5893.59,0.7513,24,14,0.9386,1.1943,0.7089,0.1101,1.0392,0,1,0,0,0,0,1.6113,420.97,42.38,468.86,8656.04,6868.32,0,0.0252,3.5785,0,0
2026-09-09T15:34:46.322608+00:00,web_xss_v1,web_xss_v1__run_002,initial_access,T1190,7,4,1.9502,1.0,0.0033,19473.31,9935.36,0.7271,49,25,0.4424,1.2776,0.6107,0.1315,1.0052,1,3,0,0,1,0,1.9445,397.41,86.4,592.23,6951.87,10010.36,0,0.0,4.4331,0,0
2026-09-09T15:34:51.322608+00:00,web_xss_v1,web_xss_v1__run_002,initial_access,T1190,10,4,1.8464,1.0,0.0,29514.31,15937.73,0.7475,50,27,0.5904,1.7638,0.7029,0.0802,0.9437,1,4,1,0,2,0,1.8216,590.29,221.34,950.97,8373.72,7157.81,1,0.0575,4.1976,0,0
2026-09-09T15:34:56.322608+00:00,web_xss_v1,web_xss_v1__run_002,initial_access,T1190,13,4,1.9878,1.0,0.0,33128.57,17328.79,0.7359,65,34,0.7852,1.8394,0.5366,0.116,0.8846,2,6,1,0,2,0,1.8626,509.67,155.43,824.03,9067.13,7818.58,1,0.0399,3.8775,0,1
2026-09-09T15:35:01.322608+00:00,web_xss_v1,web_xss_v1__run_002,initial_access,T1190,7,4,1.8424,0.9833,0.0342,14760.53,7380.27,0.7002,28,14,0.5895,1.0462,0.6275,0.1537,1.0887,1,3,0,0,1,0,1.8808,527.16,169.28,787.82,8339.04,9190.18,0,0.0,4.7016,0,1
2026-09-09T15:35:06.322608+00:00,web_xss_v1,web_xss_v1__run_002,initial_access,T1190,11,4,1.6767,1.0,0.0,20434.97,11765.59,0.8258,33,19,0.646,1.319,0.8058,0.2289,1.4926,2,5,1,0,2,0,1.6822,619.24,293.55,1348.49,8869.53,8873.03,1,0.028,3.6418,0,0
2026-09-09T15:35:11.322608+00:00,web_xss_v1,web_xss_v1__run_002,initial_access,T1190,7,4,1.9502,1.0,0.0223,31896.56,15188.84,0.7888,63,30,0.6597,0.8798,0.5007,0.0921,0.777,1,3,0,0,1,0,2.0968,506.29,127.86,685.9,7993.31,8522.53,0,0.0258,3.909,0,0
2026-09-09T15:35:16.322608+00:00,web_xss_v1,web_xss_v1__run_002,initial_access,T1190,10,4,1.971,0.9728,0.0544,29787.8,20255.7,0.782,50,34,0.6824,1.6207,0.6129,0.1702,1.1235,1,4,0,0,2,0,1.4385,595.76,219.82,878.0,9329.79,8299.1,1,0.0996,3.9965,0,0
2026-09-09T15:35:21.322608+00:00,web_xss_v1,web_xss_v1__run_002,initial_access,T1190,7,3,1.5567,0.9953,0.0,11123.44,5296.88,0.7991,21,10,0.3435,0.4388,0.4652,0.063,0.6541,0,3,0,0,1,0,2.0577,529.69,223.21,894.88,7492.67,9410.23,0,0.0106,4.9161,0,0
2026-09-09T15:35:26.322608+00:00,web_xss_v1,web_xss_v1__run_002,initial_access,T1190,11,4,1.8586,1.0,0.0,39972.8,22841.6,0.7898,77,44,0.373,0.8865,0.4436,0.077,0.6747,1,5,1,0,2,0,1.7174,519.13,203.33,877.21,9517.43,9379.74,1,0.0242,3.3069,0,0
2026-09-09T15:35:31.322608+00:00,web_xss_v1,web_xss_v1__run_002,initial_access,T1190,13,3,1.5262,1.0,0.0111,55229.07,22455.78,0.7011,91,37,0.5411,0.7285,0.507,0.12,0.867,2,6,1,0,2,0,2.4129,606.91,266.92,1032.39,6494.21,5478.2,1,0.0555,4.3137,0,0
2026-09-09T15:35:36.322608+00:00,web_xss_v1,web_xss_v1__run_002,initial_access,T1190,19,4,1.8732,1.0,0.0163,43535.69,24632.03,0.8756,76,43,0.6278,1.2172,0.6118,0.1306,1.0037,3,9,2,0,4,0,1.7279,572.84,167.29,937.17,7739.99,7777.98,2,0.0487,4.4142,0,0
2026-09-09T15:35:41.322608+00:00,web_xss_v1,web_xss_v1__run_002,initial_access,T1190,7,3,1.3788,1.0,0.0,36972.43,17605.92,0.6912,63,30,0.3947,1.066,0.5087,0.0677,0.7118,1,3,0,0,1,0,2.0985,586.86,238.19,882.32,8011.95,10006.39,0,0.0254,4.6977,0,0
2026-09-09T15:35:46.322608+00:00,web_xss_v1,web_xss_v1__run_002,initial_access,T1190,6,3,1.585,0.9603,0.0318,14605.02,5842.01,0.7111,30,12,0.8462,1.9968,0.6825,0.0951,0.9677,1,3,0,0,1,0,2.375,486.83,196.26,882.54,8915.17,8795.27,0,0.0,3.9781,0,1
2026-09-09T15:35:51.322608+00:00,web_xss_v1,web_xss_v1__run_002,initial_access,T1190,10,4,1.761,1.0,0.0,41222.0,21298.03,0.6995,60,31,0.7152,1.6299,0.5229,0.1477,0.966,1,4,1,0,2,0,1.9296,687.03,211.6,1075.98,7352.31,7884.97,1,0.0,3.8555,0,0
2026-09-09T15:35:56.322608+00:00,web_xss_v1,web_xss_v1__run_002,initial_access,T1190,10,4,1.971,1.0,0.0164,14469.99,6270.33,0.7675,30,13,0.3808,0.5595,0.4983,0.1282,0.8828,1,4,0,0,2,0,2.2916,482.33,145.31,771.89,8232.76,8784.4,1,0.0245,4.0518,0,0
2026-09-09T15:36:01.322608+00:00,web_xss_v1,web_xss_v1__run_002,initial_access,T1190,4,3,1.5,0.9165,0.095,6436.36,2681.82,0.7579,12,5,0.8688,2.5227,0.6255,0.0898,0.8949,0,1,0,0,0,0,2.0162,536.36,195.52,863.55,8034.48,7056.21,0,0.0584,3.5252,0,0
2026-09-09T15:36:06.322608+00:00,web_xss_v1,web_xss_v1__run_002,initial_access,T1190,7,4,1.8424,1.0,0.0132,28638.99,12955.73,0.8192,42,19,0.5373,1.4689,0.6218,0.1282,1.0064,1,3,0,0,1,0,2.2058,681.88,176.38,954.07,8973.27,8425.25,0,0.0457,4.5247,0,0
2026-09-09T15:36:11.322608+00:00,web_xss_v1,web_xss_v1__run_002,initial_access,T1190,7,4,1.8424,0.9534,0.0437,23273.75,23273.75,0.671,35,35,0.8533,1.2853,0.6902,0.162,1.1763,1,3,0,0,1,0,0.996,664.96,169.83,1042.2,7031.14,6075.38,0,0.031,3.7715,0,0
2026-09-09T15:36:16.322608+00:00,web_xss_v1,web_xss_v1__run_002,initial_access,T1190,9,4,1.7527,0.9983,0.0193,8760.97,3893.76,0.7798,18,8,0.2861,0.6766,0.6056,0.1034,0.9158,1,4,1,0,2,0,2.1782,486.72,204.42,851.37,6628.13,7696.23,1,0.0197,3.3678,0,1
2026-09-09T15:36:21.322608+00:00,web_xss_v1,web_xss_v1__run_002,initial_access,T1190,9,3,1.3516,0.9401,0.0696,15759.55,14008.49,0.7645,27,24,0.3359,0.4932,0.5294,0.0913,0.8032,1,4,1,0,1,0,1.1188,583.69,151.68,878.31,7690.66,7991.98,0,0.0444,3.7911,0,0
2026-09-09T15:36:26.322608+00:00,web_xss_v1,web_xss_v1__run_002,initial_access,T1190,6,2,0.9183,1.0,0.0,15398.56,7699.28,0.6555,30,15,0.4764,0.8262,0.6353,0.1534,1.0956,1,2,0,0,1,0,1.9643,513.29,104.32,666.01,6655.39,7382.56,0,0.0366,3.7019,0,0
2026-09-09T15:36:31.322608+00:00,web_xss_v1,web_xss_v1__run_002,initial_access,T1190,12,4,1.9183,1.0,0.0075,33422.48,9748.22,0.7626,48,14,0.6303,1.0595,0.5791,0.0891,0.8463,2,6,0,0,2,0,3.2935,696.3,162.79,1031.79,6556.68,9166.44,1,0.0633,3.9032,0,0
2026-09-09T15:36:36.322608+00:00,web_xss_v1,web_xss_v1__run_002,initial_access,T1190,10,4,1.971,0.9691,0.0,24401.44,10370.61,0.7175,40,17,0.4866,0.6932,0.5275,0.0809,0.7701,2,5,1,0,2,0,2.3294,610.04,170.93,840.04,6937.86,8050.61,1,0.0,4.2441,0,0
2026-09-09T15:36:41.322608+00:00,web_xss_v1,web_xss_v1__run_002,initial_access,T1190,9,4,1.8911,1.0,0.0,15615.29,6940.13,0.7745,27,12,0.8985,1.8283,0.6145,0.1422,1.0412,1,4,0,0,2,0,2.2068,578.34,216.53,973.55,8087.27,6819.72,1,0.0,4.2002,0,0
2026-09-09T15:36:46.322608+00:00,web_xss_v1,web_xss_v1__run_002,initial_access,T1190,8,4,1.75,1.0,0.0022,37703.47,14138.8,0.8202,80,30,0.5788,1.5788,0.5763,0.121,0.9392,1,3,0,0,1,0,2.6452,471.29,168.43,833.92,6987.23,7692.37,0,0.0515,3.7947,0,0
2026-09-09T15:36:51.322608+00:00,web_xss_v1,web_xss_v1__run_002,initial_access,T1190,9,4,1.6577,1.0,0.0,17838.98,8589.14,0.789,27,13,0.6151,1.5948,0.7621,0.1022,1.0686,2,4,1,0,2,0,2.0479,660.7,286.0,1281.7,9575.86,8343.64,1,0.0709,3.6374,0,0
2026-09-09T15:36:56.322608+00:00,web_xss_v1,web_xss_v1__run_002,initial_access,T1190,7,4,1.9502,1.0,0.0462,30910.98,11985.89,0.7574,49,19,0.6634,1.1071,0.6614,0.175,1.1865,1,3,0,0,1,0,2.4884,630.84,223.15,1007.89,6340.42,8158.34,0,0.0351,4.6059,0,0
2026-09-09T15:37:01.322608+00:00,web_xss_v1,web_xss_v1__run_002,initial_access,T1190,7,3,1.3788,1.0,0.0,3787.16,1623.07,0.7472,7,3,0.4421,1.2319,0.6818,0.1154,1.0281,1,3,0,0,1,0,2.0482,541.02,141.41,782.52,9622.64,8752.45,0,0.0073,4.1247,0,0
2026-09-09T15:37:06.322608+00:00,web_xss_v1,web_xss_v1__run_002,initial_access,T1190,5,4,1.9219,1.0,0.0331,4663.66,2331.83,0.754,10,5,0.6271,0.8575,0.5357,0.1128,0.874,0,2,0,0,1,0,1.7084,466.37,73.98,593.19,9786.15,9235.83,0,0.0331,4.2368,0,0
2026-09-09T15:37:11.322608+00:00,web_xss_v1,web_xss_v1__run_002,initial_access,T1190,7,3,1.1488,0.991,0.0063,19435.76,8792.37,0.7805,42,19,0.657,1.2388,0.672,0.1299,1.0617,0,3,0,0,1,0,2.1041,462.76,147.14,747.43,7956.75,8538.63,0,0.0055,3.3791,0,0
2026-09-09T15:37:16.322608+00:00,web_xss_v1,web_xss_v1__run_002,initial_access,T1190,19,4,1.9313,0.9891,0.0267,43209.03,19330.35,0.7222,76,34,0.4579,0.7887,0.566,0.1542,1.0285,3,9,1,0,4,0,2.2187,568.54,243.91,1053.83,8194.49,7639.12,2,0.0084,3.5148,0,0
2026-09-09T15:37:21.322608+00:00,web_xss_v1,web_xss_v1__run_002,initial_access,T1190,7,4,1.6645,1.0,0.0146,21715.32,10192.91,0.7596,49,23,0.6649,1.574,0.5341,0.0772,0.7658,1,3,0,0,1,0,2.077,443.17,132.14,753.19,6716.1,8607.94,0,0.0,2.9368,0,0
2026-09-09T15:37:26.322608+00:00,web_xss_v1,web_xss_v1__run_002,initial_access,T1190,6,4,1.9183,0.9271,0.0519,36862.81,21782.57,0.7206,66,39,0.5066,1.1578,0.5473,0.1411,0.9707,1,2,0,0,1,0,1.6726,558.53,134.75,822.36,9300.07,7445.55,0,0.0205,4.8514,0,1
2026-09-09T15:37:31.322608+00:00,web_xss_v1,web_xss_v1__run_002,initial_access,T1190,5,3,1.5219,1.0,0.0,16997.91,9227.44,0.7751,35,19,0.5292,1.2375,0.6246,0.1384,1.0399,0,2,0,0,1,0,1.8401,485.65,130.12,691.1,7459.1,9311.06,0,0.0058,4.2761,0,0
2026-09-09T15:37:36.322608+00:00,web_xss_v1,web_xss_v1__run_002,initial_access,T1190,12,4,1.8554,0.9553,0.0041,36282.14,14512.86,0.6449,60,24,0.3856,0.9323,0.4395,0.126,0.8175,1,6,1,0,2,0,2.4314,604.7,252.93,1204.5,5664.26,8103.56,1,0.0457,4.3061,0,0
2026-09-09T15:37:41.322608+00:00,web_xss_v1,web_xss_v1__run_002,initial_access,T1190,14,4,1.8352,0.9354,0.0772,36541.59,18792.82,0.7196,70,36,0.25,0.3242,0.4792,0.0521,0.6355,2,6,1,0,2,0,1.9021,522.02,181.28,972.23,8595.87,7015.69,1,0.0793,3.7963,0,0
2026-09-09T15:37:46.322608+00:00,web_xss_v1,web_xss_v1__run_002,initial_access,T1190,12,4,1.9183,0.988,0.0,22191.6,11095.8,0.8904,48,24,0.5185,1.2875,0.5676,0.0774,0.7999,2,6,1,0,2,0,1.9851,462.33,201.84,1049.14,8265.3,6992.12,1,0.0658,3.1398,0,0
2026-09-09T15:37:51.322608+00:00,web_xss_v1,web_xss_v1__run_002,initial_access,T1190,8,4,1.9056,1.0,0.0,5425.2,3390.75,0.7409,8,5,0.9331,1.9816,0.67,0.1991,1.2674,1,3,0,0,1,0,1.5057,678.15,212.56,924.51,8320.69,6661.13,0,0.0,4.2457,0,1
2026-09-09T15:37:56.322608+00:00,web_xss_v1,web_xss_v1__run_002,initial_access,T1190,4,3,1.5,1.0,0.0,5375.93,2015.97,0.7159,8,3,0.7452,1.0683,0.5747,0.1153,0.9206,0,2,0,0,0,0,2.5849,671.99,143.26,833.12,7889.16,9529.41,0,0.022,3.2312,0,0
2026-09-09T15:38:01.322608+00:00,web_xss_v1,web_xss_v1__run_002,initial_access,T1190,7,4,1.6645,0.9656,0.0013,27581.38,13509.25,0.67,49,24,0.9537,2.0781,0.6619,0.068,0.8659,1,3,0,0,1,0,2.0149,562.89,172.82,937.82,8280.89,9632.01,0,0.0175,3.7443,0,0
2026-09-09T15:38:06.322608+00:00,web_xss_v1,web_xss_v1__run_002,initial_access,T1190,10,4,1.971,0.9915,0.0,10162.15,3556.75,0.7799,20,7,0.3356,0.4981,0.6165,0.1375,1.0291,1,5,0,0,2,0,2.7027,508.11,162.34,813.42,7582.21,7903.74,1,0.0031,3.17,0,0
2026-09-09T15:38:11.322608+00:00,web_xss_v1,web_xss_v1__run_002,initial_access,T1190,6,4,1.9183,1.0,0.0,10837.31,4063.99,0.7614,24,9,0.8389,1.8662,0.5686,0.1303,0.9595,1,2,0,0,1,0,2.6598,451.55,127.82,591.04,7501.14,7652.79,0,0.0453,3.5838,0,0
2026-09-09T15:38:16.322608+00:00,web_xss_v1,web_xss_v1__run_002,initial_access,T1190,2,1,-0.0,1.0,0.0,3700.18,1850.09,0.7179,10,5,0.6533,1.5058,0.6273,0.1277,1.0103,0,0,0,0,0,0,1.7059,370.02,106.28,476.3,8840.21,8548.16,0,0.0367,3.8739,0,0
2026-09-09T15:38:21.322608+00:00,web_xss_v1,web_xss_v1__run_002,initial_access,T1190,8,4,1.8113,0.9944,0.0,30768.2,15384.1,0.6569,48,24,0.6236,1.4767,0.4611,0.1357,0.8681,1,3,0,0,1,0,1.9224,641.0,203.61,1130.34,9099.88,8618.9,0,0.0319,4.5805,0,0
2026-09-09T15:38:26.322608+00:00,web_xss_v1,web_xss_v1__run_002,initial_access,T1190,8,4,1.75,1.0,0.0,25793.73,11515.06,0.6381,56,25,0.3646,0.6304,0.5667,0.0675,0.769,1,4,0,0,1,0,2.2319,460.6,189.59,775.66,8598.11,8163.19,0,0.0686,4.5594,0,0
2026-09-09T15:38:31.322608+00:00,web_xss_v1,web_xss_v1__run_002,initial_access,T1190,10,2,0.971,1.0,0.0249,16742.97,8371.49,0.7379,30,15,0.7566,1.8333,0.6962,0.2079,1.3199,1,4,1,0,2,0,1.9816,558.1,199.55,874.8,7727.54,8280.57,1,0.0204,3.2403,0,0
2026-09-09T15:38:36.322608+00:00,web_xss_v1,web_xss_v1__run_002,initial_access,T1190,6,3,1.4591,1.0,0.0013,15711.8,4713.54,0.6811,30,9,0.6512,0.8648,0.6681,0.1933,1.248,1,3,0,0,1,0,3.0308,523.73,177.07,784.67,6955.42,7614.13,0,0.061,4.276,0,0
2026-09-09T15:38:41.322608+00:00,web_xss_v1,web_xss_v1__run_002,initial_access,T1190,8,3,1.4056,0.9816,0.0198,21519.63,9414.84,0.7007,48,21,0.3446,0.9749,0.4218,0.1262,0.8003,1,3,0,0,1,0,2.2473,448.33,164.65,845.67,8420.39,9176.18,0,0.0042,4.0521,0,0
2026-09-09T15:38:46.322608+00:00,web_xss_v1,web_xss_v1__run_002,initial_access,T1190,6,4,1.7925,0.9984,0.0,17629.07,8394.8,0.7683,42,20,0.4757,1.107,0.645,0.1509,1.0978,1,3,0,0,1,0,2.0348,419.74,113.31,582.78,7164.28,9305.2,0,0.0443,4.7942,0,0
2026-09-09T15:38:51.322608+00:00,web_xss_v1,web_xss_v1__run_002,initial_access,T1190,7,4,1.9502,1.0,0.0,36859.39,15211.81,0.8039,63,26,0.6442,1.5411,0.5454,0.0835,0.796,1,3,0,0,1,0,2.3905,585.07,200.46,1016.86,9102.86,6758.98,0,0.0014,4.022,0,0
2026-09-09T15:38:56.322608+00:00,web_xss_v1,web_xss_v1__run_002,initial_access,T1190,8,4,1.9056,0.9744,0.0531,8607.99,2690.0,0.7386,16,5,0.6816,0.9192,0.6826,0.0797,0.9218,1,4,0,0,1,0,2.7581,538.0,119.01,716.76,9400.9,8493.09,0,0.0,4.0343,0,0
2026-09-09T15:39:01.322608+00:00,web_xss_v1,web_xss_v1__run_002,initial_access,T1190,9,4,1.7527,0.9758,0.0279,22395.9,11197.95,0.7687,36,18,0.7425,1.4532,0.5856,0.1471,1.027,1,4,0,0,2,0,1.9979,622.11,166.65,893.85,8171.33,8525.24,1,0.0,4.7082,0,0
2026-09-09T15:39:06.322608+00:00,web_xss_v1,web_xss_v1__run_002,initial_access,T1190,8,4,1.75,1.0,0.0088,11807.8,5411.91,0.7197,24,11,0.3779,0.8201,0.5258,0.0781,0.7602,1,4,0,0,1,0,2.0112,491.99,170.14,802.58,9357.98,9260.49,0,0.0297,3.9922,0,0
2026-09-09T15:39:11.322608+00:00,web_xss_v1,web_xss_v1__run_002,initial_access,T1190,14,4,1.7885,0.965,0.0747,44448.45,35452.93,0.7097,84,67,0.7818,1.7349,0.5029,0.14,0.9228,2,7,1,0,2,0,1.2412,529.15,174.81,816.37,7060.48,10044.78,1,0.0,3.8225,0,0
2026-09-09T15:39:16.322608+00:00,web_xss_v1,web_xss_v1__run_002,initial_access,T1190,8,3,1.5,1.0,0.0,17107.2,5880.6,0.658,32,11,0.3979,0.8336,0.5565,0.0716,0.7713,1,3,0,0,1,0,2.7654,534.6,111.03,697.98,8664.91,7574.97,0,0.0,3.1374,0,0
2026-09-09T15:39:21.322608+00:00,web_xss_v1,web_xss_v1__run_002,initial_access,T1190,10,3,1.361,1.0,0.0,12448.23,4356.88,0.7728,20,7,0.3372,0.6964,0.5221,0.089,0.7892,1,5,0,0,2,0,2.6051,622.41,239.99,1315.62,8096.87,8409.09,1,0.0031,4.3428,0,0
2026-09-09T15:39:26.322608+00:00,web_xss_v1,web_xss_v1__run_002,initial_access,T1190,7,3,1.5567,0.9657,0.0354,14667.68,5762.3,0.8112,28,11,0.6724,1.188,0.509,0.0606,0.6908,1,3,0,0,1,0,2.5341,523.85,89.57,669.3,7136.67,8769.79,0,0.0,4.4698,0,0
2026-09-09T15:39:31.322608+00:00,web_xss_v1,web_xss_v1__run_002,initial_access,T1190,5,2,0.971,0.9788,0.0611,21023.68,10511.84,0.7648,30,15,0.3864,0.8955,0.5511,0.0763,0.7802,0,2,0,0,0,0,1.9704,700.79,348.55,1298.06,8146.8,7937.44,0,0.0,3.9333,0,0
2026-09-09T15:39:36.322608+00:00,web_xss_v1,web_xss_v1__run_002,initial_access,T1190,12,4,1.9591,1.0,0.0048,40310.5,22842.62,0.7328,60,34,0.6504,1.0554,0.5065,0.0794,0.7446,2,6,0,0,2,0,1.7258,671.84,248.2,1018.15,6651.16,8964.44,1,0.0,4.6703,0,0
2026-09-09T15:39:41.322608+00:00,web_xss_v1,web_xss_v1__run_002,initial_access,T1190,5,3,1.371,0.9878,0.0,16081.0,7075.64,0.6107,25,11,0.8483,2.4652,0.7084,0.102,1.0145,1,2,0,0,0,0,2.169,643.24,318.27,1206.78,8911.5,9152.28,0,0.0371,3.9888,0,0
2026-09-09T15:39:46.322608+00:00,web_xss_v1,web_xss_v1__run_002,initial_access,T1190,13,4,1.9501,1.0,0.0,29979.01,12914.03,0.6711,65,28,0.5139,0.6328,0.5415,0.1421,0.9678,2,6,1,0,2,0,2.2788,461.22,178.41,889.71,6131.43,9304.54,1,0.0,4.2029,0,1
2026-09-09T15:39:51.322608+00:00,web_xss_v1,web_xss_v1__run_002,initial_access,T1190,4,3,1.5,1.0,0.0466,15816.22,7908.11,0.7656,28,14,0.8326,1.2674,0.5382,0.0541,0.7003,0,1,0,0,0,0,1.8915,564.87,201.17,811.41,7702.11,8310.9,0,0.0,4.535,0,0
2026-09-09T15:39:56.322608+00:00,web_xss_v1,web_xss_v1__run_002,initial_access,T1190,9,4,1.9749,0.9656,0.0012,36693.99,17327.72,0.7434,72,34,0.7766,1.2842,0.5317,0.1494,0.9798,1,4,0,0,1,0,2.1073,509.64,116.14,708.22,10186.1,8988.0,0,0.0337,3.6058,0,0
2026-09-09T15:40:01.322608+00:00,web_xss_v1,web_xss_v1__run_002,initial_access,T1190,16,4,1.7718,1.0,0.0,58706.28,26208.16,0.7498,112,50,0.2849,0.4627,0.5248,0.0856,0.7817,3,8,0,0,3,0,2.2143,524.16,172.36,885.19,9542.44,10932.26,2,0.0683,4.0456,0,0
2026-09-09T15:40:06.322608+00:00,web_xss_v1,web_xss_v1__run_002,initial_access,T1190,6,4,1.7925,0.9838,0.016,21336.66,8890.28,0.7913,36,15,0.3824,0.7758,0.677,0.0906,0.949,1,2,0,0,1,0,2.2684,592.69,71.09,702.77,7052.46,8485.34,0,0.0149,3.6277,0,0
2026-09-09T15:40:11.322608+00:00,web_xss_v1,web_xss_v1__run_002,initial_access,T1190,10,4,1.9219,1.0,0.0,39857.08,27401.74,0.6858,80,55,0.3192,0.545,0.5484,0.0856,0.8053,1,4,0,0,1,0,1.4292,498.21,93.96,610.46,8111.19,9219.99,0,0.0191,3.9744,0,0
2026-09-09T15:40:16.322608+00:00,web_xss_v1,web_xss_v1__run_002,initial_access,T1190,9,2,0.7642,1.0,0.0,39323.39,16228.7,0.8528,63,26,0.5102,1.1677,0.6071,0.1136,0.948,1,4,0,0,1,0,2.356,624.18,176.01,877.29,7846.5,7267.54,0,0.0,3.2019,0,0
2026-09-09T15:40:21.322608+00:00,web_xss_v1,web_xss_v1__run_002,initial_access,T1190,6,4,1.9183,1.0,0.0,31882.35,15941.17,0.7564,48,24,0.5231,1.2917,0.513,0.103,0.8219,1,2,0,0,1,0,1.9747,664.22,250.28,1072.14,9302.59,9052.39,0,0.0,3.8661,0,0
2026-09-09T15:40:26.322608+00:00,web_xss_v1,web_xss_v1__run_002,initial_access,T1190,6,2,1.0,1.0,0.0095,7889.14,4821.14,0.7518,18,11,0.3466,0.9785,0.6694,0.1303,1.0604,1,3,0,0,1,0,1.6294,438.29,105.12,591.56,5509.3,8656.82,0,0.0,3.8904,0,0
2026-09-09T15:40:31.322608+00:00,web_xss_v1,web_xss_v1__run_002,initial_access,T1190,8,3,1.5613,1.0,0.0,3875.91,1937.96,0.7172,8,4,0.5434,1.555,0.5117,0.1334,0.912,1,4,1,0,1,0,1.8661,484.49,162.09,838.56,8252.62,8790.55,0,0.0,4.1937,0,0
2026-09-09T15:40:36.322608+00:00,web_xss_v1,web_xss_v1__run_002,initial_access,T1190,4,3,1.5,1.0,0.0089,13145.96,4601.09,0.7371,20,7,0.7986,1.311,0.5986,0.1622,1.0852,0,1,0,0,0,0,2.6901,657.3,81.53,743.8,6746.49,6304.84,0,0.0,3.0317,0,0
2026-09-09T15:40:41.322608+00:00,web_xss_v1,web_xss_v1__run_002,initial_access,T1190,7,3,1.5567,0.9834,0.0,7722.15,3309.49,0.7977,14,6,0.5388,0.8808,0.6162,0.0795,0.8546,1,3,0,0,1,0,2.327,551.58,204.36,924.6,8668.67,9241.87,0,0.0336,3.7615,0,0
2026-09-09T15:40:46.322608+00:00,web_xss_v1,web_xss_v1__run_002,initial_access,T1190,8,4,1.9056,0.9815,0.0161,4867.8,2433.9,0.7111,8,4,0.4399,1.223,0.7902,0.0831,1.0394,1,4,0,0,1,0,1.8764,608.48,187.61,1051.2,7326.58,7734.29,0,0.0,4.3816,0,1
2026-09-09T15:40:51.322608+00:00,web_xss_v1,web_xss_v1__run_002,initial_access,T1190,8,3,1.2988,0.9999,0.0,15181.98,9014.3,0.7188,32,19,0.6167,1.4387,0.5357,0.0693,0.7434,1,3,0,0,1,0,1.6409,474.44,118.29,670.13,9134.8,9315.06,0,0.0,3.3493,0,0
2026-09-09T15:40:56.322608+00:00,web_xss_v1,web_xss_v1__run_002,initial_access,T1190,8,3,1.5613,0.9881,0.0,14363.12,5835.02,0.893,32,13,0.383,0.9316,0.6676,0.1439,1.0991,1,4,0,0,1,0,2.3883,448.85,116.2,658.05,7890.22,8902.19,0,0.0,3.4645,0,1
2026-09-09T15:41:01.322608+00:00,web_xss_v1,web_xss_v1__run_002,initial_access,T1190,12,3,1.3844,0.9944,0.0,27281.59,10798.96,0.6807,48,19,0.5926,1.5969,0.5993,0.1246,0.9731,2,5,1,0,2,0,2.4101,568.37,240.88,935.68,7462.4,7693.85,1,0.0451,3.8072,0,0
2026-09-09T15:41:06.322608+00:00,web_xss_v1,web_xss_v1__run_002,initial_access,T1190,13,4,1.9878,0.9866,0.0189,40015.46,27703.01,0.6898,65,45,0.5313,1.0595,0.4712,0.1309,0.8639,2,6,1,0,2,0,1.433,615.62,182.48,887.08,8627.54,8266.08,1,0.0642,3.9477,0,0
2026-09-09T15:41:11.322608+00:00,web_xss_v1,web_xss_v1__run_002,initial_access,T1190,7,3,1.4488,0.9825,0.011,33818.79,22344.55,0.6859,56,37,0.581,1.6458,0.5774,0.1348,0.9817,1,3,0,0,1,0,1.4999,603.91,251.52,1036.64,9135.58,7493.02,0,0.0,3.9115,0,0
2026-09-09T15:41:16.322608+00:00,web_xss_v1,web_xss_v1__run_002,initial_access,T1190,9,3,1.4355,1.0,0.0,47330.2,16361.06,0.781,81,28,0.7899,1.3698,0.6767,0.177,1.2077,1,4,1,0,1,0,2.8201,584.32,156.2,891.58,8518.87,8734.44,0,0.0098,3.1357,0,0
2026-09-09T15:41:21.322608+00:00,web_xss_v1,web_xss_v1__run_002,initial_access,T1190,6,3,1.2516,1.0,0.0477,33947.08,12572.99,0.7838,54,20,0.4929,1.2897,0.4576,0.0884,0.7229,1,3,0,0,1,0,2.6499,628.65,225.69,931.2,8242.79,8059.55,0,0.0,4.345,0,0
2026-09-09T15:41:26.322608+00:00,web_xss_v1,web_xss_v1__run_002,initial_access,T1190,7,3,1.4488,1.0,0.0,18883.89,10790.79,0.7912,42,24,0.6365,1.5044,0.5936,0.0992,0.8912,1,3,0,0,1,0,1.7338,449.62,133.01,694.43,7471.2,9214.44,0,0.0007,4.8069,0,0
2026-09-09T15:41:31.322608+00:00,web_xss_v1,web_xss_v1__run_002,initial_access,T1190,8,3,1.5613,0.9481,0.0505,14409.38,6604.3,0.8265,24,11,0.7351,1.2538,0.5218,0.1163,0.8708,1,4,0,0,1,0,2.0273,600.39,234.45,908.98,7099.78,6202.4,0,0.0401,3.8092,0,0
2026-09-09T15:41:36.322608+00:00,web_xss_v1,web_xss_v1__run_002,initial_access,T1190,5,3,1.5219,1.0,0.0517,13870.52,6103.03,0.6829,25,11,0.696,1.1243,0.5189,0.0729,0.7375,0,2,0,0,1,0,2.128,554.82,145.46,794.71,8767.25,8209.52,0,0.0253,3.0914,0,0
2026-09-09T15:41:41.322608+00:00,web_xss_v1,web_xss_v1__run_002,initial_access,T1190,11,4,1.8231,0.9315,0.0637,53146.08,23620.48,0.7644,99,44,0.4929,1.044,0.5641,0.1599,1.0439,1,5,1,0,2,0,2.245,536.83,149.22,769.11,6589.75,8594.47,1,0.0225,4.1975,0,0
2026-09-09T15:41:46.322608+00:00,web_xss_v1,web_xss_v1__run_002,initial_access,T1190,11,4,1.7899,0.9881,0.0,45724.38,13394.01,0.7581,99,29,0.5115,1.0429,0.6478,0.0756,0.8746,1,5,1,0,2,0,3.3686,461.86,173.74,883.38,7640.19,7666.31,1,0.0151,3.6581,0,0
2026-09-09T15:41:51.322608+00:00,web_xss_v1,web_xss_v1__run_002,initial_access,T1190,10,4,1.971,1.0,0.0,43668.52,16843.57,0.7492,70,27,0.4479,0.6258,0.6802,0.1947,1.2642,1,5,0,0,1,0,2.588,623.84,154.37,994.77,9520.29,7176.53,0,0.0142,5.4523,0,0
2026-09-09T15:41:56.322608+00:00,web_xss_v1,web_xss_v1__run_002,initial_access,T1190,9,4,1.8911,0.9575,0.0394,40515.47,10932.75,0.7939,63,17,0.6847,1.8824,0.6138,0.1294,1.0019,1,4,0,0,1,0,3.6372,643.1,224.55,1063.88,7618.28,8855.98,0,0.0,4.4537,0,0
2026-09-09T15:42:01.322608+00:00,web_xss_v1,web_xss_v1__run_002,initial_access,T1190,7,3,1.5567,0.9737,0.0586,10186.03,3880.39,0.7165,21,8,0.4451,1.0811,0.6447,0.1092,0.9722,1,3,0,0,1,0,2.4975,485.05,80.22,584.78,8116.72,8173.6,0,0.0,4.2077,0,0
2026-09-09T15:42:06.322608+00:00,web_xss_v1,web_xss_v1__run_002,initial_access,T1190,11,4,1.7899,1.0,0.0052,17071.76,16037.11,0.8035,33,31,0.4833,1.0191,0.4832,0.1071,0.8044,2,5,1,0,2,0,1.0453,517.33,131.51,807.79,8553.76,8070.67,1,0.0366,3.9882,0,0
2026-09-09T15:42:11.322608+00:00,web_xss_v1,web_xss_v1__run_002,initial_access,T1190,12,4,1.7925,1.0,0.0118,50043.48,17723.73,0.8186,96,34,0.609,1.2331,0.6509,0.0973,0.9427,2,6,1,0,2,0,2.7605,521.29,207.74,1070.96,8448.66,8071.61,1,0.0,3.7914,0,0
2026-09-09T15:42:16.322608+00:00,web_xss_v1,web_xss_v1__run_002,initial_access,T1190,12,4,1.9591,0.9563,0.0566,60210.82,16725.23,0.7652,108,30,0.6443,1.1564,0.6135,0.0872,0.8752,2,6,1,0,2,0,3.5198,557.51,148.3,830.7,7929.34,6083.82,1,0.0351,3.8262,0,0
2026-09-09T15:42:21.322608+00:00,web_xss_v1,web_xss_v1__run_002,initial_access,T1190,15,4,1.9329,0.9888,0.0,17880.94,7152.38,0.7243,30,12,0.7229,1.3933,0.5553,0.079,0.7923,2,7,1,0,2,0,2.4976,596.03,176.51,1112.88,8165.56,11259.95,1,0.0195,4.4606,0,0
2026-09-09T15:42:26.322608+00:00,web_xss_v1,web_xss_v1__run_002,initial_access,T1190,6,4,1.7925,0.9653,0.0581,11836.74,5425.17,0.7683,24,11,0.8558,1.4164,0.7008,0.1489,1.1476,1,3,0,0,1,0,2.0356,493.2,193.42,912.36,8648.81,8186.47,0,0.0307,3.9968,0,0
2026-09-09T15:42:31.322608+00:00,web_xss_v1,web_xss_v1__run_002,initial_access,T1190,12,4,1.9591,0.9565,0.0362,39335.27,19121.31,0.7003,72,35,0.7626,1.5422,0.4225,0.1,0.7224,2,5,1,0,3,0,2.022,546.32,125.92,828.83,8666.01,7310.86,2,0.0,3.6535,0,0
2026-09-09T15:42:36.322608+00:00,web_xss_v1,web_xss_v1__run_002,initial_access,T1190,7,4,1.9502,0.9717,0.0446,32050.89,17170.12,0.7603,56,30,0.7416,1.2179,0.5885,0.1526,1.0462,1,3,0,0,1,0,1.8541,572.34,63.45,703.66,8760.62,7231.99,0,0.0693,4.0262,0,0
2026-09-09T15:42:41.322608+00:00,web_xss_v1,web_xss_v1__run_002,initial_access,T1190,8,3,1.4056,1.0,0.0,20922.39,7845.9,0.7559,48,18,0.3611,0.831,0.5843,0.1689,1.091,1,4,0,0,2,0,2.6565,435.88,97.28,655.14,7386.21,7871.34,1,0.0461,3.5074,0,0
2026-09-09T15:42:46.322608+00:00,web_xss_v1,web_xss_v1__run_002,initial_access,T1190,5,2,0.971,1.0,0.0,11494.78,4023.17,0.7598,20,7,0.7847,1.7894,0.5481,0.1312,0.9417,0,2,0,0,1,0,2.6081,574.74,131.72,731.27,8851.11,8316.61,0,0.0143,4.4454,0,0
2026-09-09T15:42:51.322608+00:00,web_xss_v1,web_xss_v1__run_002,initial_access,T1190,3,3,1.585,0.9991,0.0236,2177.06,725.69,0.6521,3,1,0.4017,0.7374,0.5721,0.1379,0.9858,0,1,0,0,0,0,2.8022,725.69,154.89,944.22,7377.5,7817.84,0,0.0,4.024,0,0
2026-09-09T15:42:56.322608+00:00,web_xss_v1,web_xss_v1__run_002,initial_access,T1190,12,4,2.0,0.9446,0.0634,17216.9,8130.2,0.7182,36,17,0.8882,1.7053,0.622,0.1374,1.0341,2,6,0,0,2,0,2.0854,478.25,163.39,871.22,5907.04,7335.42,1,0.0,4.7629,0,0
2026-09-09T15:43:01.322608+00:00,web_xss_v1,web_xss_v1__run_002,initial_access,T1190,7,4,1.8424,0.9901,0.002,29279.33,13593.97,0.7808,56,26,0.7067,1.3583,0.5117,0.1489,0.9584,1,3,0,0,1,0,2.1264,522.85,213.64,966.37,7283.88,6915.13,0,0.0,4.6201,0,0
2026-09-09T15:43:06.322608+00:00,web_xss_v1,web_xss_v1__run_002,initial_access,T1190,8,3,1.2988,0.9888,0.0,25824.64,10606.55,0.7241,56,23,0.8301,2.4698,0.6012,0.1448,1.0357,1,3,0,0,2,0,2.342,461.15,173.98,839.66,6434.12,8099.0,1,0.0,4.3545,0,0
2026-09-09T15:43:11.322608+00:00,web_xss_v1,web_xss_v1__run_002,initial_access,T1190,4,2,0.8113,0.9988,0.0,23465.37,7821.79,0.6953,36,12,0.4089,0.9708,0.5044,0.0956,0.7912,0,1,0,0,0,0,2.9026,651.82,272.29,959.81,8824.96,8035.0,0,0.0069,3.3128,0,0
2026-09-09T15:43:16.322608+00:00,web_xss_v1,web_xss_v1__run_002,initial_access,T1190,4,3,1.5,0.9947,0.0369,13142.1,4928.29,0.7921,16,6,0.6865,1.6695,0.5304,0.1518,0.9857,0,1,0,0,0,0,2.5488,821.38,300.49,1305.15,8497.86,7187.31,0,0.023,3.5752,0,0
2026-09-09T15:43:21.322608+00:00,web_xss_v1,web_xss_v1__run_002,initial_access,T1190,11,3,1.0958,1.0,0.0,43656.37,22678.63,0.7457,77,40,0.4341,1.2861,0.6473,0.0687,0.8535,1,5,0,0,2,0,1.9215,566.97,387.2,1760.24,6891.28,6834.7,1,0.0056,3.4758,0,0
2026-09-09T15:43:26.322608+00:00,web_xss_v1,web_xss_v1__run_002,initial_access,T1190,14,4,1.9242,1.0,0.0051,22802.3,8143.68,0.6779,42,15,0.47,1.2244,0.6748,0.0802,0.9153,2,6,1,0,3,0,2.6611,542.91,160.95,842.93,8465.86,9573.85,2,0.0,3.765,0,0
2026-09-09T15:43:31.322608+00:00,web_xss_v1,web_xss_v1__run_002,initial_access,T1190,9,4,1.9749,1.0,0.0,40725.12,22059.44,0.7313,72,39,0.3178,0.7166,0.6459,0.1667,1.1459,1,4,1,0,2,0,1.804,565.63,161.02,761.07,7518.75,9412.2,1,0.0094,4.4408,0,0
2026-09-09T15:43:36.322608+00:00,web_xss_v1,web_xss_v1__run_002,initial_access,T1190,8,4,1.8113,1.0,0.0093,18995.85,8073.23,0.6948,40,17,0.5762,1.1719,0.6083,0.109,0.9352,1,3,0,0,1,0,2.2292,474.9,181.99,770.71,9256.13,5663.86,0,0.0173,3.6014,0,0
2026-09-09T15:43:41.322608+00:00,web_xss_v1,web_xss_v1__run_002,initial_access,T1190,8,4,1.9056,1.0,0.0235,10636.5,4875.06,0.8124,24,11,0.7118,1.6212,0.4172,0.1108,0.7496,1,4,0,0,1,0,2.0924,443.19,145.02,766.71,8566.89,8227.4,0,0.0238,4.1823,0,0
2026-09-09T15:43:46.322608+00:00,web_xss_v1,web_xss_v1__run_002,initial_access,T1190,6,4,1.9183,0.9966,0.0,17758.24,8287.18,0.7536,30,14,0.7979,1.1141,0.576,0.0628,0.7644,1,3,0,0,1,0,2.0157,591.94,223.64,901.25,9458.22,8892.63,0,0.0483,3.9101,0,0
2026-09-09T15:43:51.322608+00:00,web_xss_v1,web_xss_v1__run_002,initial_access,T1190,10,4,1.7219,1.0,0.0,57671.83,20761.86,0.7573,100,36,0.4581,0.7593,0.5454,0.1003,0.8462,1,5,1,0,2,0,2.7311,576.72,208.39,1103.12,9679.19,8587.58,1,0.0419,4.5708,0,1
2026-09-09T15:43:56.322608+00:00,web_xss_v1,web_xss_v1__run_002,initial_access,T1190,17,4,1.7131,0.9945,0.0146,26035.82,16336.2,0.7508,51,32,0.3934,0.8261,0.4861,0.1395,0.9046,3,8,1,0,3,0,1.5726,510.51,145.87,891.26,7325.4,7340.74,1,0.0052,4.0008,0,0
2026-09-09T15:44:01.322608+00:00,web_xss_v1,web_xss_v1__run_002,initial_access,T1190,11,4,1.9363,1.0,0.0216,7458.94,5424.69,0.7623,11,8,0.3519,1.0452,0.6846,0.2004,1.2858,1,5,0,0,2,0,1.2815,678.09,271.3,1363.7,9243.9,8065.91,1,0.0,4.0982,0,1
2026-09-09T15:44:06.322608+00:00,web_xss_v1,web_xss_v1__run_002,initial_access,T1190,14,4,1.6894,1.0,0.0281,43760.09,17191.46,0.7652,84,33,0.5896,1.6347,0.5578,0.1607,1.04,2,6,1,0,2,0,2.5148,520.95,216.9,965.99,7615.43,7723.77,1,0.0069,4.1883,0,0
2026-09-09T15:44:11.322608+00:00,web_xss_v1,web_xss_v1__run_002,initial_access,T1190,4,3,1.5,0.9703,0.0316,9661.04,4347.47,0.7205,20,9,0.6736,1.9231,0.5846,0.0681,0.7887,0,1,0,0,0,0,2.0656,483.05,127.42,663.25,7119.84,8109.64,0,0.03,4.1663,0,0
2026-09-09T15:44:16.322608+00:00,web_xss_v1,web_xss_v1__run_002,initial_access,T1190,5,2,0.7219,0.9839,0.0337,20616.38,12369.83,0.6998,35,21,0.5736,0.8614,0.6003,0.1041,0.9124,0,2,0,0,1,0,1.6097,589.04,115.24,742.18,7949.45,9007.03,0,0.0,3.7419,0,0
2026-09-09T15:44:21.322608+00:00,web_xss_v1,web_xss_v1__run_002,initial_access,T1190,14,4,1.9242,0.9743,0.0372,39481.86,19176.9,0.8128,70,34,0.6484,1.5968,0.5459,0.118,0.8998,2,6,0,0,2,0,2.0077,564.03,203.14,1072.19,7699.33,8789.3,1,0.0348,3.3356,0,1
2026-09-09T15:44:26.322608+00:00,web_xss_v1,web_xss_v1__run_002,initial_access,T1190,8,2,1.0,1.0,0.0172,19832.47,7437.18,0.7303,40,15,0.4907,0.8857,0.4547,0.0996,0.7536,1,4,0,0,1,0,2.5613,495.81,175.33,806.06,8541.23,8559.36,0,0.0431,3.473,0,0
2026-09-09T15:44:31.322608+00:00,web_xss_v1,web_xss_v1__run_002,initial_access,T1190,7,3,1.5567,1.0,0.0152,21172.42,12098.53,0.7732,42,24,0.7511,1.3041,0.5389,0.0694,0.7472,1,3,0,0,1,0,1.7061,504.11,203.61,937.84,10176.39,8419.66,0,0.0159,4.2407,0,0
2026-09-09T15:44:36.322608+00:00,web_xss_v1,web_xss_v1__run_002,initial_access,T1190,8,4,1.9056,0.9788,0.0,21288.77,14902.14,0.7259,40,28,0.7554,0.9141,0.6848,0.0795,0.9232,1,3,1,0,1,0,1.4163,532.22,114.74,771.56,6864.57,8128.21,0,0.0412,3.8819,0,0
2026-09-09T15:44:41.322608+00:00,web_xss_v1,web_xss_v1__run_002,initial_access,T1190,10,4,1.571,1.0,0.0133,28165.81,10327.46,0.829,60,22,0.6385,1.1377,0.6535,0.0861,0.9118,1,5,0,0,2,0,2.6868,469.43,196.88,894.11,8923.79,8337.07,1,0.0112,3.9036,0,0
2026-09-09T15:44:46.322608+00:00,web_xss_v1,web_xss_v1__run_002,initial_access,T1190,11,3,1.4949,1.0,0.0045,41858.03,17757.95,0.7467,66,28,0.5056,0.9197,0.6083,0.135,1.0133,1,5,1,0,2,0,2.3549,634.21,165.39,894.43,8874.41,9239.55,1,0.0,4.1797,0,0
2026-09-09T15:44:51.322608+00:00,web_xss_v1,web_xss_v1__run_002,initial_access,T1190,8,4,1.9056,1.0,0.0,13428.84,7273.95,0.7536,24,13,0.5949,1.6349,0.4524,0.1001,0.7527,1,4,0,0,1,0,1.7979,559.53,137.59,779.12,9050.88,8343.04,0,0.0484,4.042,0,0
2026-09-09T15:44:56.322608+00:00,web_xss_v1,web_xss_v1__run_002,initial_access,T1190,13,4,1.8339,1.0,0.0,41540.87,35606.46,0.7128,91,78,0.4083,1.2075,0.4265,0.0476,0.5693,3,6,1,0,2,0,1.1535,456.49,187.82,719.71,7191.77,8013.25,1,0.054,3.9105,0,0
2026-09-09T15:45:01.322608+00:00,web_xss_v1,web_xss_v1__run_002,initial_access,T1190,8,4,1.8113,1.0,0.0,26222.45,9287.12,0.7898,48,17,0.5466,0.7358,0.4745,0.0967,0.7647,1,3,0,0,1,0,2.7192,546.3,169.09,881.78,8626.97,9753.99,0,0.0,3.3071,0,0
2026-09-09T15:45:06.322608+00:00,web_xss_v1,web_xss_v1__run_002,initial_access,T1190,4,2,1.0,0.9429,0.0387,8729.64,3637.35,0.7292,24,10,0.6533,0.9127,0.5792,0.0604,0.7604,0,2,0,0,0,0,2.2069,363.73,74.63,459.33,7764.86,7931.64,0,0.0081,4.3303,0,0
2026-09-09T15:45:11.322608+00:00,web_xss_v1,web_xss_v1__run_002,initial_access,T1190,5,2,0.971,1.0,0.0493,24479.54,9092.4,0.6689,35,13,0.4204,0.5417,0.6343,0.0678,0.8378,0,2,0,0,1,0,2.5751,699.42,139.83,922.31,10693.3,7334.61,0,0.0252,3.8851,0,0
2026-09-09T15:45:16.322608+00:00,web_xss_v1,web_xss_v1__run_002,initial_access,T1190,9,4,1.7527,1.0,0.0087,12453.03,4612.23,0.8318,27,10,0.8314,1.2264,0.7732,0.1537,1.2342,1,4,0,0,1,0,2.4938,461.22,97.53,663.56,8692.41,7456.42,0,0.0312,4.626,0,0
2026-09-09T15:45:21.322608+00:00,web_xss_v1,web_xss_v1__run_002,initial_access,T1190,8,4,1.5488,1.0,0.0425,27253.67,19872.47,0.6798,48,35,0.4138,1.1357,0.5036,0.1136,0.8445,1,4,0,0,1,0,1.3602,567.78,192.19,836.52,8641.67,9626.92,0,0.0288,3.9432,0,0
2026-09-09T15:45:26.322608+00:00,web_xss_v1,web_xss_v1__run_002,initial_access,T1190,12,4,1.9591,0.9806,0.0,40384.39,14903.76,0.7359,84,31,0.4877,1.0807,0.5851,0.1305,0.9767,2,5,1,0,2,0,2.6822,480.77,160.34,786.13,8641.71,8479.92,1,0.0049,4.054,0,0
2026-09-09T15:45:31.322608+00:00,web_xss_v1,web_xss_v1__run_002,initial_access,T1190,6,4,1.9183,0.9953,0.0,8852.5,3688.54,0.8412,12,5,0.8807,2.2131,0.6097,0.0846,0.8636,1,3,0,0,1,0,2.008,737.71,227.55,1097.1,7391.12,10269.45,0,0.0802,4.157,0,0
2026-09-09T15:45:36.322608+00:00,web_xss_v1,web_xss_v1__run_002,initial_access,T1190,6,3,1.4591,1.0,0.0076,11039.14,6439.5,0.7534,24,14,0.5138,1.3959,0.5344,0.112,0.8704,1,3,0,0,1,0,1.6783,459.96,172.89,703.97,7363.77,7828.48,0,0.0276,3.7751,0,0
2026-09-09T15:45:41.322608+00:00,web_xss_v1,web_xss_v1__run_002,initial_access,T1190,7,4,1.9502,1.0,0.0146,29876.56,15243.14,0.8272,49,25,0.3669,0.4856,0.6317,0.1595,1.1103,1,3,0,0,1,0,1.9018,609.73,258.01,1128.79,8228.73,7595.01,0,0.0731,4.2965,0,0
2026-09-09T15:45:46.322608+00:00,web_xss_v1,web_xss_v1__run_002,initial_access,T1190,7,4,1.8424,0.9932,0.0107,10930.04,5725.26,0.8013,21,11,0.2831,0.3401,0.4489,0.111,0.7818,1,3,0,0,1,0,1.8924,520.48,209.34,949.12,8797.38,8340.27,0,0.0,4.321,0,1
2026-09-09T15:45:51.322608+00:00,web_xss_v1,web_xss_v1__run_002,initial_access,T1190,11,3,1.4949,1.0,0.0,48977.56,20592.84,0.8147,88,37,0.3742,0.9665,0.4813,0.1171,0.8326,2,5,1,0,2,0,2.3547,556.56,251.55,1009.91,7146.63,9032.25,1,0.0333,3.5128,0,0
2026-09-09T15:45:56.322608+00:00,web_xss_v1,web_xss_v1__run_002,initial_access,T1190,15,4,1.9656,1.0,0.004,75203.25,29078.59,0.7341,150,58,0.2975,0.5731,0.5812,0.1698,1.0905,2,7,1,0,3,0,2.5709,501.35,132.73,794.15,8142.14,8048.63,2,0.0,4.0683,0,0
2026-09-09T15:46:01.322608+00:00,web_xss_v1,web_xss_v1__run_002,initial_access,T1190,3,2,0.9183,0.9954,0.0,18095.21,6701.93,0.7725,27,10,0.382,0.7773,0.5562,0.1626,1.0439,0,1,0,0,0,0,2.6944,670.19,224.18,896.87,8096.6,9267.08,0,0.0,4.6257,0,0
2026-09-09T15:46:06.322608+00:00,web_xss_v1,web_xss_v1__run_002,initial_access,T1190,12,4,1.825,1.0,0.009,19255.01,6953.2,0.7518,36,13,0.5795,1.4135,0.5611,0.13,0.9509,2,6,1,0,2,0,2.6502,534.86,226.42,1039.27,7513.46,8989.55,1,0.0,4.6442,0,0
2026-09-09T15:46:11.322608+00:00,web_xss_v1,web_xss_v1__run_002,initial_access,T1190,9,4,1.8911,1.0,0.0188,24115.49,10717.99,0.7253,45,20,0.3754,0.5803,0.4685,0.1308,0.861,1,4,0,0,1,0,2.1701,535.9,232.53,1052.95,7923.38,8443.05,0,0.0,3.4698,0,0
2026-09-09T15:46:16.322608+00:00,web_xss_v1,web_xss_v1__run_002,initial_access,T1190,16,4,1.9772,0.9679,0.0356,68478.28,26290.77,0.7458,112,43,0.3045,0.4143,0.4556,0.0967,0.7457,2,8,1,0,2,0,2.5888,611.41,195.73,1176.97,7087.54,7766.12,1,0.0241,4.5336,0,0
2026-09-09T15:46:21.322608+00:00,web_xss_v1,web_xss_v1__run_002,initial_access,T1190,8,4,1.9056,0.988,0.028,19380.24,7267.59,0.7607,32,12,0.5508,0.9937,0.7546,0.1029,1.0633,1,4,1,0,2,0,2.4632,605.63,275.69,1022.84,9523.88,8450.44,1,0.0427,5.7373,0,0
2026-09-09T15:46:26.322608+00:00,web_xss_v1,web_xss_v1__run_002,initial_access,T1190,11,3,1.2407,1.0,0.0,39003.12,21274.43,0.7381,77,42,0.5403,1.3907,0.6562,0.1169,1.0069,1,5,0,0,2,0,1.8001,506.53,127.17,748.82,8952.12,9841.85,1,0.0213,4.3639,0,0
2026-09-09T15:46:31.322608+00:00,web_xss_v1,web_xss_v1__run_002,initial_access,T1190,8,3,1.5613,0.9939,0.0062,46922.04,20854.24,0.7575,72,32,0.7338,1.8213,0.5683,0.1178,0.9219,1,3,1,0,1,0,2.248,651.7,200.62,957.29,10092.85,7537.34,0,0.0434,3.8246,0,0
2026-09-09T15:46:36.322608+00:00,web_xss_v1,web_xss_v1__run_002,initial_access,T1190,11,4,1.9363,1.0,0.0,36958.32,22398.98,0.8142,66,40,0.7885,1.8354,0.7301,0.1647,1.2241,2,5,1,0,2,0,1.6437,559.97,148.82,845.15,8887.72,7511.68,1,0.0,4.5438,0,0
2026-09-09T15:46:41.322608+00:00,web_xss_v1,web_xss_v1__run_002,initial_access,T1190,9,4,1.8366,0.9801,0.0361,9505.24,3696.48,0.6855,18,7,0.5721,1.1868,0.4941,0.0982,0.7888,1,4,1,0,1,0,2.5182,528.07,180.54,963.11,8703.33,9814.22,0,0.0135,4.4996,0,0
2026-09-09T15:46:46.322608+00:00,web_xss_v1,web_xss_v1__run_002,initial_access,T1190,4,3,1.5,1.0,0.0029,9024.22,6204.15,0.7016,16,11,0.8337,2.1985,0.7821,0.1921,1.3583,0,1,0,0,0,0,1.4,564.01,127.84,755.8,9116.94,8101.14,0,0.028,3.5351,0,0
2026-09-09T15:46:51.322608+00:00,web_xss_v1,web_xss_v1__run_002,initial_access,T1190,8,4,2.0,1.0,0.042,30339.32,20587.39,0.763,56,38,0.4197,1.1602,0.5493,0.1451,0.9847,1,4,0,0,1,0,1.4445,541.77,206.86,861.35,7814.65,6824.73,0,0.0401,4.9453,0,0
2026-09-09T15:46:56.322608+00:00,web_xss_v1,web_xss_v1__run_002,initial_access,T1190,4,2,0.8113,0.9917,0.0171,11868.07,5934.04,0.7946,28,14,0.6293,1.1954,0.5315,0.1204,0.8928,0,1,0,0,0,0,1.867,423.86,109.08,586.55,7626.55,7012.28,0,0.0277,4.3036,0,0
2026-09-09T15:47:01.322608+00:00,web_xss_v1,web_xss_v1__run_002,initial_access,T1190,7,3,1.3788,0.9885,0.0121,17540.75,8018.63,0.6922,35,16,0.8418,1.9075,0.6824,0.1044,0.9954,1,3,0,0,1,0,2.1108,501.16,166.07,875.34,7029.06,9326.67,0,0.0542,3.5846,0,0
2026-09-09T15:47:06.322608+00:00,web_xss_v1,web_xss_v1__run_002,initial_access,T1190,11,4,1.7899,1.0,0.0074,29281.08,22360.1,0.8506,55,42,0.8106,1.7587,0.5348,0.0562,0.7034,1,5,0,0,2,0,1.2909,532.38,109.39,744.53,8467.8,9624.95,1,0.0,4.2846,0,0
2026-09-09T15:47:11.322608+00:00,web_xss_v1,web_xss_v1__run_002,initial_access,T1190,9,4,1.8911,1.0,0.0,32184.33,12714.8,0.7747,81,32,0.6164,1.3908,0.5537,0.1224,0.9209,1,4,0,0,1,0,2.4585,397.34,124.32,615.52,7606.99,7968.11,0,0.0,4.5274,0,0
2026-09-09T15:47:16.322608+00:00,web_xss_v1,web_xss_v1__run_002,initial_access,T1190,6,3,1.585,0.9353,0.0772,13443.5,6273.63,0.7703,30,14,0.3414,0.5427,0.5884,0.1281,0.9727,0,2,0,0,1,0,2.0009,448.12,104.89,579.6,8963.69,6724.35,0,0.0463,4.0849,0,0
2026-09-09T15:47:21.322608+00:00,web_xss_v1,web_xss_v1__run_002,initial_access,T1190,15,4,1.7465,0.9789,0.0246,9014.05,4206.56,0.7715,15,7,0.7723,2.2856,0.5918,0.0768,0.8223,2,6,1,0,3,0,1.9095,600.94,211.07,1017.63,9106.8,9397.42,2,0.0329,3.5029,0,0
2026-09-09T15:47:26.322608+00:00,web_xss_v1,web_xss_v1__run_002,initial_access,T1190,7,3,1.5567,0.9425,0.0705,22540.08,8280.03,0.832,49,18,0.5854,1.0041,0.495,0.1351,0.9004,0,3,0,0,1,0,2.6369,460.0,77.05,573.07,7649.42,7227.56,0,0.0514,4.0349,0,0
2026-09-09T15:47:31.322608+00:00,web_xss_v1,web_xss_v1__run_002,initial_access,T1190,9,4,1.6577,1.0,0.0,26813.92,12513.16,0.7072,45,21,0.8499,1.8533,0.5236,0.0908,0.7959,1,4,1,0,1,0,2.0935,595.86,165.9,860.18,9547.02,9857.17,0,0.0516,3.1652,0,1
2026-09-09T15:47:36.322608+00:00,web_xss_v1,web_xss_v1__run_002,initial_access,T1190,13,4,1.8262,0.9454,0.0696,59370.48,25689.15,0.7651,104,45,0.5786,1.2767,0.5238,0.1062,0.8423,2,5,1,0,2,0,2.2717,570.87,305.03,1380.31,8865.6,10319.76,1,0.0404,3.6357,0,0
2026-09-09T15:47:41.322608+00:00,web_xss_v1,web_xss_v1__run_002,initial_access,T1190,5,4,1.9219,1.0,0.0,9261.97,5557.18,0.7423,15,9,0.8834,2.247,0.6772,0.1103,1.008,0,2,0,0,1,0,1.6104,617.46,207.97,923.99,7218.97,7984.58,0,0.0502,4.5404,0,0
2026-09-09T15:47:46.322608+00:00,web_xss_v1,web_xss_v1__run_002,initial_access,T1190,7,3,1.4488,0.9704,0.057,37035.55,15872.38,0.723,63,27,0.31,0.8513,0.3591,0.0469,0.5,1,3,0,0,1,0,2.2683,587.87,173.36,888.03,8739.25,8151.73,0,0.0,3.1117,0,0
2026-09-09T15:47:51.322608+00:00,web_xss_v1,web_xss_v1__run_002,initial_access,T1190,10,4,1.8464,1.0,0.0,47454.43,28999.93,0.7795,90,55,0.6711,1.0663,0.6522,0.1544,1.1156,1,4,1,0,2,0,1.629,527.27,218.93,981.47,7476.25,8671.66,1,0.0309,4.3254,0,0
2026-09-09T15:47:56.322608+00:00,web_xss_v1,web_xss_v1__run_002,initial_access,T1190,12,4,1.8554,0.9585,0.0531,55152.91,17235.29,0.815,96,30,0.3296,0.5306,0.4624,0.1032,0.7719,2,6,1,0,2,0,3.171,574.51,184.17,884.9,8606.06,8420.73,1,0.0458,3.7769,0,1
2026-09-09T15:48:01.322608+00:00,web_xss_v1,web_xss_v1__run_002,initial_access,T1190,7,3,1.3788,0.9708,0.0218,30900.26,10484.02,0.7155,56,19,0.4302,1.1062,0.456,0.0661,0.6543,1,3,0,0,1,0,2.8158,551.79,113.8,771.62,7228.39,5805.88,0,0.0166,4.206,0,0
2026-09-09T15:48:06.322608+00:00,web_xss_v1,web_xss_v1__run_002,initial_access,T1190,14,4,1.9242,0.9873,0.0165,32558.17,13953.5,0.7015,56,24,0.3736,1.0618,0.505,0.1237,0.8762,2,7,1,0,3,0,2.2792,581.4,187.78,884.22,9126.53,8167.14,1,0.0226,3.763,0,0
2026-09-09T15:48:11.322608+00:00,web_xss_v1,web_xss_v1__run_002,initial_access,T1190,9,4,1.8911,0.9756,0.0,32746.59,10395.74,0.7624,63,20,0.8581,1.3913,0.4946,0.1309,0.8872,1,4,0,0,1,0,3.0136,519.79,241.57,1116.62,7936.58,5465.64,0,0.0014,4.3048,0,0
2026-09-09T15:48:16.322608+00:00,web_xss_v1,web_xss_v1__run_002,initial_access,T1190,20,4,1.871,1.0,0.0079,65852.41,62559.79,0.7709,140,133,0.5419,1.486,0.517,0.1115,0.8514,3,10,2,0,4,0,1.0468,470.37,161.71,799.27,10059.37,7227.82,2,0.0,4.1598,0,0
2026-09-09T15:48:21.322608+00:00,web_xss_v1,web_xss_v1__run_002,initial_access,T1190,6,3,1.585,0.9416,0.0766,17832.69,7727.5,0.7073,30,13,0.3159,0.647,0.4773,0.1065,0.7968,1,3,0,0,1,0,2.228,594.42,155.9,767.06,8256.06,5078.59,0,0.0264,3.771,0,1
2026-09-09T15:48:26.322608+00:00,web_xss_v1,web_xss_v1__run_002,initial_access,T1190,12,4,2.0,0.9732,0.0109,21640.12,7664.21,0.8316,48,17,0.7504,1.7495,0.5555,0.1,0.8555,2,6,1,0,2,0,2.7757,450.84,104.52,618.71,7095.73,8727.59,1,0.0237,4.269,0,0
2026-09-09T15:48:31.322608+00:00,web_xss_v1,web_xss_v1__run_002,initial_access,T1190,5,4,1.9219,1.0,0.0,17105.82,7412.52,0.728,30,13,0.5189,0.7596,0.5783,0.1086,0.9042,0,2,0,0,0,0,2.2989,570.19,177.13,799.29,7164.51,7188.76,0,0.024,3.8509,0,0
2026-09-09T15:48:36.322608+00:00,web_xss_v1,web_xss_v1__run_002,initial_access,T1190,7,4,1.9502,0.9579,0.0219,15779.74,4959.35,0.8564,35,11,0.5974,1.366,0.5253,0.1131,0.8647,1,3,0,0,1,0,2.9716,450.85,169.65,763.83,9034.17,7931.59,0,0.0333,3.4167,0,1
2026-09-09T15:48:41.322608+00:00,web_xss_v1,web_xss_v1__run_002,initial_access,T1190,5,3,1.5219,1.0,0.0491,12892.42,7219.75,0.7506,25,14,0.5845,1.406,0.557,0.1053,0.873,0,2,0,0,1,0,1.7701,515.7,140.52,756.96,7608.52,8147.43,0,0.041,3.7234,0,0
2026-09-09T15:48:46.322608+00:00,web_xss_v1,web_xss_v1__run_002,initial_access,T1190,2,2,1.0,1.0,0.02,7720.45,3377.7,0.8042,16,7,0.7579,1.6503,0.7239,0.1741,1.2462,0,1,0,0,0,0,2.2163,482.53,233.8,716.33,8379.95,7678.31,0,0.0,3.7471,0,1
2026-09-09T15:48:51.322608+00:00,web_xss_v1,web_xss_v1__run_002,initial_access,T1190,11,4,1.9363,1.0,0.0205,48549.54,18757.78,0.8231,88,34,0.4159,0.8497,0.4411,0.1113,0.7751,1,5,1,0,2,0,2.524,551.7,200.66,954.79,8395.01,9105.7,1,0.0,4.1432,0,0
2026-09-09T15:48:56.322608+00:00,web_xss_v1,web_xss_v1__run_002,initial_access,T1190,6,4,1.9183,1.0,0.0,22366.74,11183.37,0.7284,36,18,0.4177,0.8619,0.5107,0.1187,0.8667,0,2,0,0,1,0,1.9342,621.3,320.41,1254.77,7153.36,7696.21,0,0.0365,4.2361,0,0
2026-09-09T15:49:01.322608+00:00,web_xss_v1,web_xss_v1__run_002,initial_access,T1190,6,2,0.9183,1.0,0.0147,18838.19,8163.22,0.7255,30,13,0.4106,0.8636,0.5514,0.0654,0.7478,0,3,0,0,1,0,2.2162,627.94,154.94,825.11,8575.27,5786.41,0,0.0418,4.5224,0,0
2026-09-09T15:49:06.322608+00:00,web_xss_v1,web_xss_v1__run_002,initial_access,T1190,10,4,1.8955,1.0,0.0063,49067.94,15333.73,0.7023,80,25,0.552,1.293,0.5863,0.1679,1.0901,1,4,0,0,1,0,3.126,613.35,175.82,978.7,8309.67,8373.2,0,0.0247,4.2332,0,0
2026-09-09T15:49:11.322608+00:00,web_xss_v1,web_xss_v1__run_002,initial_access,T1190,10,4,1.571,0.9884,0.0142,27127.19,14467.84,0.7086,60,32,0.5343,1.3085,0.5407,0.0942,0.8234,1,4,1,0,2,0,1.8508,452.12,129.98,797.46,8661.2,9010.32,1,0.0225,5.0796,0,0
2026-09-09T15:49:16.322608+00:00,web_xss_v1,web_xss_v1__run_002,initial_access,T1190,7,4,1.8424,1.0,0.0,13433.16,10554.62,0.795,28,22,0.3167,0.5744,0.4988,0.0702,0.7095,0,3,0,0,1,0,1.252,479.76,123.54,652.27,7431.28,8462.38,0,0.0,3.9494,0,0
2026-09-09T15:49:21.322608+00:00,web_xss_v1,web_xss_v1__run_002,initial_access,T1190,10,4,1.971,0.9555,0.0444,36700.92,16515.41,0.7621,60,27,0.808,1.3846,0.7003,0.1041,1.0127,1,4,0,0,2,0,2.173,611.68,84.09,754.49,7357.93,7447.99,1,0.0272,3.3678,0,0
2026-09-09T15:49:26.322608+00:00,web_xss_v1,web_xss_v1__run_002,initial_access,T1190,7,4,1.8424,0.9852,0.0105,18526.94,10586.82,0.7461,35,20,0.3283,0.8383,0.4694,0.1176,0.8222,1,3,0,0,1,0,1.6896,529.34,135.32,722.07,7597.83,8781.52,0,0.0398,3.8353,0,0
2026-09-09T15:49:31.322608+00:00,web_xss_v1,web_xss_v1__run_002,initial_access,T1190,4,3,1.5,0.9996,0.0044,10723.05,6031.71,0.6936,16,9,0.6925,1.2334,0.527,0.127,0.9079,0,1,0,0,0,0,1.7082,670.19,184.62,865.04,7610.39,6962.29,0,0.0,3.8126,0,0
2026-09-09T15:49:36.322608+00:00,web_xss_v1,web_xss_v1__run_002,initial_access,T1190,7,4,1.8424,0.9595,0.0451,28184.84,14955.22,0.6729,49,26,0.8449,1.7188,0.5812,0.0958,0.8685,1,3,0,0,1,0,1.8778,575.2,113.94,688.39,7368.57,7319.08,0,0.0,3.3962,0,0
2026-09-09T15:49:41.322608+00:00,web_xss_v1,web_xss_v1__run_002,initial_access,T1190,15,4,1.9656,0.9909,0.0446,14863.4,5945.36,0.6962,30,12,0.7086,1.9017,0.4348,0.085,0.6897,2,7,1,0,2,0,2.4425,495.45,150.21,817.38,7512.53,7883.9,1,0.0736,3.6719,0,1
2026-09-09T15:49:46.322608+00:00,web_xss_v1,web_xss_v1__run_002,initial_access,T1190,9,3,1.5305,1.0,0.0,19473.39,8113.91,0.7996,36,15,0.6997,0.8539,0.5975,0.0732,0.8171,1,4,0,0,1,0,2.3815,540.93,190.58,941.64,7525.91,9169.27,0,0.0,3.1564,0,0
2026-09-09T15:49:51.322608+00:00,web_xss_v1,web_xss_v1__run_002,initial_access,T1190,16,4,1.9772,0.9504,0.0472,52870.08,26985.77,0.864,96,49,0.67,1.4645,0.4965,0.1169,0.8472,2,8,1,0,3,0,1.9509,550.73,184.58,1032.55,8232.53,7607.12,2,0.0,4.6666,0,0
2026-09-09T15:49:56.322608+00:00,web_xss_v1,web_xss_v1__run_002,initial_access,T1190,8,4,1.8113,1.0,0.0,30379.91,11392.47,0.7377,40,15,0.5143,0.8295,0.5935,0.1749,1.118,1,4,0,0,1,0,2.5486,759.5,224.15,1166.44,7891.05,8259.81,0,0.0486,3.3404,0,0
2026-09-09T15:50:01.322608+00:00,web_xss_v1,web_xss_v1__run_002,initial_access,T1190,8,3,1.4056,0.9203,0.0461,25656.35,12828.18,0.7248,48,24,0.778,1.5796,0.5682,0.1333,0.968,1,4,0,0,1,0,1.9309,534.51,144.41,785.86,8926.16,7859.93,0,0.0673,4.1904,0,0
2026-09-09T15:50:06.322608+00:00,web_xss_v1,web_xss_v1__run_002,initial_access,T1190,9,3,1.5305,0.9657,0.0531,27613.02,17385.97,0.7764,54,34,0.5415,1.0062,0.6217,0.1058,0.9391,1,4,0,0,1,0,1.5437,511.35,112.75,695.24,8092.5,7674.5,0,0.0,3.1428,0,0
2026-09-09T15:50:11.322608+00:00,web_xss_v1,web_xss_v1__run_002,initial_access,T1190,12,4,1.9591,1.0,0.0039,49969.39,17176.98,0.7307,96,33,0.7318,1.7349,0.5737,0.0838,0.8251,2,5,0,0,2,0,2.8448,520.51,182.29,886.17,9116.37,7938.66,1,0.0288,3.8969,0,1
2026-09-09T15:50:16.322608+00:00,web_xss_v1,web_xss_v1__run_002,initial_access,T1190,6,2,0.9183,1.0,0.0,24896.81,10604.2,0.7443,54,23,0.8196,2.3768,0.6255,0.1415,1.05,0,2,0,0,1,0,2.3087,461.05,189.23,726.15,8089.48,8138.97,0,0.0,4.6081,0,0
2026-09-09T15:50:21.322608+00:00,web_xss_v1,web_xss_v1__run_002,initial_access,T1190,9,4,1.8366,0.9516,0.036,41331.88,12055.13,0.7768,72,21,0.6119,1.3883,0.5183,0.1456,0.9552,1,4,0,0,1,0,3.2798,574.05,289.81,1035.84,7930.96,8505.01,0,0.0389,4.344,0,0
2026-09-09T15:50:26.322608+00:00,web_xss_v1,web_xss_v1__run_002,initial_access,T1190,11,3,1.4354,1.0,0.004,9946.03,7685.57,0.7659,22,17,0.6915,1.2757,0.4326,0.119,0.7896,2,5,1,0,2,0,1.2795,452.09,108.71,670.0,8842.09,9552.96,1,0.0551,4.415,0,0
2026-09-09T15:50:31.322608+00:00,web_xss_v1,web_xss_v1__run_002,initial_access,T1190,8,3,1.5613,0.9935,0.0201,32369.35,11464.15,0.6743,48,17,0.8381,1.033,0.5624,0.0951,0.8478,1,4,0,0,1,0,2.7609,674.36,204.49,1086.72,8895.62,7857.59,0,0.025,3.1794,0,1
2026-09-09T15:50:36.322608+00:00,web_xss_v1,web_xss_v1__run_002,initial_access,T1190,8,3,1.4056,1.0,0.0059,21033.7,11042.69,0.7409,40,21,0.3579,0.6194,0.5001,0.08,0.7401,1,4,0,0,1,0,1.8197,525.84,103.67,662.81,7565.58,9578.52,0,0.036,3.7961,0,0
2026-09-09T15:50:41.322608+00:00,web_xss_v1,web_xss_v1__run_002,initial_access,T1190,9,3,1.3516,0.9845,0.0399,46028.15,18183.96,0.6743,81,32,0.3728,0.7786,0.5323,0.099,0.8293,1,4,1,0,1,0,2.4666,568.25,264.78,1106.69,7132.65,8449.31,0,0.0,4.0954,0,0
2026-09-09T15:50:46.322608+00:00,web_xss_v1,web_xss_v1__run_002,initial_access,T1190,21,4,1.9952,0.9897,0.0244,45453.63,25973.5,0.6629,84,48,0.4765,1.0383,0.5852,0.1273,0.9672,3,10,1,1,3,0,1.7444,541.11,144.75,903.33,7570.03,9210.2,2,0.0161,4.6567,0,0
2026-09-09T15:50:51.322608+00:00,web_xss_v1,web_xss_v1__run_002,initial_access,T1190,6,2,0.9183,1.0,0.0,18282.44,9141.22,0.8242,36,18,0.5694,0.7326,0.6023,0.0857,0.8594,0,2,0,0,1,0,1.9462,507.85,228.57,941.67,9087.34,7730.77,0,0.0223,3.9301,0,0
2026-09-09T15:50:56.322608+00:00,web_xss_v1,web_xss_v1__run_002,initial_access,T1190,10,4,1.8955,0.9901,0.0,8953.95,4924.67,0.6407,20,11,0.8084,1.4421,0.5528,0.0894,0.821,1,4,0,0,2,0,1.712,447.7,186.1,874.65,7678.63,6917.16,1,0.0838,4.06,0,0
