timestamp,persona_id,run_id,mitre_stage,technique_id,flow_count,unique_dst_ports,dest_port_entropy,tcp_ratio,udp_ratio,bytes_fwd_sum,bytes_bwd_sum,bidirectional_ratio,pkts_fwd_sum,pkts_bwd_sum,duration_mean,duration_max,iat_mean,iat_std,iat_max,syn_flag_sum,ack_flag_sum,fin_flag_sum,rst_flag_sum,psh_flag_sum,urg_flag_sum,down_up_ratio_mean,pkt_len_mean,pkt_len_std,pkt_len_max,init_fwd_win_mean,init_bwd_win_mean,fwd_psh_flags_sum,port_scan_score,ttl_variance,ip_fragment_flags,retransmit_count
2026-08-27T19:24:19.453414+00:00,web_xss_v1,web_xss_v1__247ab311d5ec,initial_access,T1190,7,3,1.1488,1.0,0.0,42414.59,17312.08,0.7841,98,40,0.7791,2.2622,0.5339,0.0838,0.7853,1,3,0,0,1,0,2.3995,432.8,135.09,619.09,7149.21,8238.06,0,0.0725,3.71,0,0
2026-08-27T19:24:24.453414+00:00,web_xss_v1,web_xss_v1__247ab311d5ec,initial_access,T1190,9,3,1.4355,0.9896,0.0018,38762.67,18842.97,0.7227,72,35,0.693,1.5203,0.6681,0.1115,1.0026,1,4,0,0,2,0,2.0136,538.37,115.7,707.67,6616.84,7462.44,1,0.0,4.1744,0,1
2026-08-27T19:24:29.453414+00:00,web_xss_v1,web_xss_v1__247ab311d5ec,initial_access,T1190,7,4,1.8424,0.9726,0.0297,19264.93,8806.82,0.8321,35,16,0.3285,0.945,0.6278,0.0654,0.8239,1,3,0,0,1,0,2.121,550.43,144.95,801.02,8935.79,8188.06,0,0.0,4.0946,0,0
2026-08-27T19:24:34.453414+00:00,web_xss_v1,web_xss_v1__247ab311d5ec,initial_access,T1190,7,3,1.3788,1.0,0.0239,31810.23,12983.77,0.6917,49,20,0.3499,0.461,0.5528,0.0648,0.7471,1,3,0,0,1,0,2.4032,649.19,163.42,920.23,8805.22,7668.61,0,0.0,3.9817,0,1
2026-08-27T19:24:39.453414+00:00,web_xss_v1,web_xss_v1__247ab311d5ec,initial_access,T1190,9,3,1.5305,0.9927,0.0,23527.01,20390.08,0.7813,45,39,0.6205,0.9236,0.5956,0.1286,0.9815,1,4,1,0,2,0,1.1386,522.82,131.47,715.33,7331.47,7184.99,1,0.0,3.7293,0,1
2026-08-27T19:24:44.453414+00:00,web_xss_v1,web_xss_v1__247ab311d5ec,initial_access,T1190,15,4,1.9329,0.9839,0.0,92231.36,35047.92,0.746,150,57,0.5576,1.6195,0.5101,0.1171,0.8614,2,7,1,0,3,0,2.5899,614.88,219.51,1051.88,8652.65,9321.86,1,0.0171,4.9537,0,0
2026-08-27T19:24:49.453414+00:00,web_xss_v1,web_xss_v1__247ab311d5ec,initial_access,T1190,10,4,1.8464,1.0,0.0,38273.32,16402.85,0.7242,70,30,0.573,1.012,0.5876,0.093,0.8664,1,4,1,0,2,0,2.2598,546.76,261.03,1115.79,7857.57,9092.97,1,0.0,3.9645,0,0
2026-08-27T19:24:54.453414+00:00,web_xss_v1,web_xss_v1__247ab311d5ec,initial_access,T1190,4,3,1.5,1.0,0.0219,12481.76,3900.55,0.7566,32,10,0.7936,2.0832,0.6421,0.184,1.194,0,1,0,0,0,0,3.0681,390.06,60.96,483.41,7319.0,7739.2,0,0.001,4.8787,0,0
2026-08-27T19:24:59.453414+00:00,web_xss_v1,web_xss_v1__247ab311d5ec,initial_access,T1190,9,4,1.8911,0.9826,0.033,20231.26,6743.75,0.8451,36,12,0.4667,1.0066,0.7249,0.0749,0.9496,1,4,0,0,1,0,2.798,561.98,102.53,702.3,7615.76,7710.57,0,0.0319,4.1603,0,0
2026-08-27T19:25:04.453414+00:00,web_xss_v1,web_xss_v1__247ab311d5ec,initial_access,T1190,8,4,1.8113,1.0,0.047,43920.36,16470.14,0.7783,72,27,0.4974,1.3956,0.4808,0.1009,0.7836,1,3,0,0,1,0,2.6408,610.01,251.67,966.19,9007.32,9110.29,0,0.0438,3.8067,0,0
2026-08-27T19:25:09.453414+00:00,web_xss_v1,web_xss_v1__247ab311d5ec,initial_access,T1190,12,4,1.7925,0.9613,0.0496,35379.46,15331.1,0.6775,60,26,0.7434,2.1734,0.63,0.1375,1.0425,1,6,1,1,2,0,2.2564,589.66,131.26,850.03,8479.03,8718.5,1,0.0185,4.4504,0,1
2026-08-27T19:25:14.453414+00:00,web_xss_v1,web_xss_v1__247ab311d5ec,initial_access,T1190,12,4,1.7842,1.0,0.0024,77970.8,42775.65,0.7465,144,79,0.4869,1.1187,0.4034,0.1111,0.7369,2,6,1,0,2,0,1.8031,541.46,199.54,874.19,7773.59,8830.32,1,0.0,4.0993,0,0
2026-08-27T19:25:19.453414+00:00,web_xss_v1,web_xss_v1__247ab311d5ec,initial_access,T1190,6,3,1.4591,0.9991,0.0,15001.18,6000.47,0.6916,30,12,1.0353,1.2979,0.6494,0.1157,0.9965,1,2,0,0,1,0,2.4928,500.04,172.09,749.64,6672.64,7969.16,0,0.0,4.4768,0,0
2026-08-27T19:25:24.453414+00:00,web_xss_v1,web_xss_v1__247ab311d5ec,initial_access,T1190,12,4,1.7925,1.0,0.0185,56122.96,21046.11,0.8092,120,45,0.7298,1.8761,0.4879,0.119,0.8448,2,5,1,0,2,0,2.6357,467.69,156.97,695.14,7942.22,8010.42,1,0.0,4.7979,0,1
2026-08-27T19:25:29.453414+00:00,web_xss_v1,web_xss_v1__247ab311d5ec,initial_access,T1190,9,4,1.8911,1.0,0.0052,23633.93,13129.96,0.6945,36,20,0.5541,0.8905,0.4714,0.0783,0.7064,1,4,0,0,2,0,1.799,656.5,172.66,878.59,8292.36,7232.48,1,0.0564,3.6652,0,0
2026-08-27T19:25:34.453414+00:00,web_xss_v1,web_xss_v1__247ab311d5ec,initial_access,T1190,7,3,1.4488,1.0,0.0,22159.3,6858.83,0.7119,42,13,0.411,0.8275,0.7349,0.1047,1.049,1,3,0,0,1,0,3.1287,527.6,153.97,748.82,7354.82,6463.06,0,0.0404,4.1503,0,0
2026-08-27T19:25:39.453414+00:00,web_xss_v1,web_xss_v1__247ab311d5ec,initial_access,T1190,11,4,1.9808,1.0,0.0052,24232.84,12116.42,0.7244,44,22,0.2973,0.4489,0.4673,0.0502,0.6178,2,5,0,0,2,0,1.9673,550.75,185.89,915.68,8945.1,9080.92,1,0.0888,4.4433,0,0
2026-08-27T19:25:44.453414+00:00,web_xss_v1,web_xss_v1__247ab311d5ec,initial_access,T1190,12,3,1.4591,0.9424,0.0593,53926.34,24716.24,0.7439,96,44,0.6509,1.4142,0.5485,0.0581,0.723,2,6,0,0,2,0,2.1636,561.73,163.42,901.42,7235.31,8129.27,1,0.0,3.5018,0,0
2026-08-27T19:25:49.453414+00:00,web_xss_v1,web_xss_v1__247ab311d5ec,initial_access,T1190,7,4,1.9502,1.0,0.0403,20288.4,21447.74,0.733,35,37,0.731,1.3232,0.6141,0.1822,1.1608,1,3,1,0,1,0,0.9327,579.67,168.46,808.64,8701.88,8008.16,0,0.0,4.3095,0,0
2026-08-27T19:25:54.453414+00:00,web_xss_v1,web_xss_v1__247ab311d5ec,initial_access,T1190,15,4,1.8892,1.0,0.0349,39338.48,16391.03,0.7462,60,25,0.5755,0.9038,0.4747,0.0773,0.7064,2,7,1,0,3,0,2.3824,655.64,262.75,1447.28,9427.07,8484.78,2,0.0,3.0772,0,1
2026-08-27T19:25:59.453414+00:00,web_xss_v1,web_xss_v1__247ab311d5ec,initial_access,T1190,7,3,1.1488,1.0,0.0,18033.21,8758.99,0.8496,35,17,0.4401,1.0506,0.4784,0.1038,0.7899,1,3,0,0,1,0,2.0383,515.23,290.56,1126.88,9776.9,8733.49,0,0.0149,4.4389,0,0
2026-08-27T19:26:04.453414+00:00,web_xss_v1,web_xss_v1__247ab311d5ec,initial_access,T1190,10,3,1.571,0.9947,0.0087,36290.76,12960.99,0.7699,70,25,0.7238,1.1883,0.6445,0.1629,1.1333,2,5,0,0,2,0,2.7837,518.44,296.86,1252.83,9672.75,7700.94,1,0.0576,4.3511,0,1
2026-08-27T19:26:09.453414+00:00,web_xss_v1,web_xss_v1__247ab311d5ec,initial_access,T1190,9,4,1.8366,1.0,0.0158,14640.67,5964.72,0.7847,27,11,0.4044,0.7672,0.6602,0.1157,1.0072,1,4,0,0,1,0,2.3045,542.25,244.21,1062.08,8466.51,7037.23,0,0.0,3.5121,0,0
2026-08-27T19:26:14.453414+00:00,web_xss_v1,web_xss_v1__247ab311d5ec,initial_access,T1190,8,4,1.9056,1.0,0.0,29541.57,13539.89,0.7845,48,22,0.7699,1.5443,0.6025,0.099,0.8994,1,4,0,0,1,0,2.1028,615.45,353.93,1351.46,8108.51,8456.94,0,0.0044,3.9644,0,0
2026-08-27T19:26:19.453414+00:00,web_xss_v1,web_xss_v1__247ab311d5ec,initial_access,T1190,8,2,0.8113,1.0,0.0043,40687.8,17165.17,0.7517,64,27,0.6977,1.4661,0.5994,0.175,1.1243,1,3,0,0,1,0,2.327,635.75,160.73,919.91,7199.81,5570.06,0,0.0279,3.4611,0,0
2026-08-27T19:26:24.453414+00:00,web_xss_v1,web_xss_v1__247ab311d5ec,initial_access,T1190,8,4,1.8113,0.9916,0.0039,23361.73,16353.21,0.783,40,28,0.7601,1.1007,0.5916,0.1506,1.0434,1,4,0,0,1,0,1.4228,584.04,145.2,836.57,8051.17,8195.26,0,0.0,3.3615,0,0
2026-08-27T19:26:29.453414+00:00,web_xss_v1,web_xss_v1__247ab311d5ec,initial_access,T1190,16,4,1.9544,1.0,0.0,43657.06,25102.81,0.7866,80,46,0.3584,0.9866,0.5003,0.1482,0.945,3,8,1,0,3,0,1.7195,545.71,172.78,948.4,6446.85,7294.84,2,0.0081,4.318,0,0
2026-08-27T19:26:34.453414+00:00,web_xss_v1,web_xss_v1__247ab311d5ec,initial_access,T1190,6,3,1.4591,1.0,0.0,20400.01,9633.34,0.7691,36,17,0.4203,1.2522,0.5307,0.0576,0.7036,1,3,0,0,1,0,2.0929,566.67,152.94,766.94,8632.4,8319.67,0,0.0,4.0706,0,0
2026-08-27T19:26:39.453414+00:00,web_xss_v1,web_xss_v1__247ab311d5ec,initial_access,T1190,3,2,0.9183,1.0,0.0,11574.91,6430.51,0.7445,18,10,0.3557,0.9686,0.43,0.0979,0.7236,0,1,0,0,0,0,1.6951,643.05,143.91,750.65,9335.05,7380.61,0,0.016,3.8751,0,0
2026-08-27T19:26:44.453414+00:00,web_xss_v1,web_xss_v1__247ab311d5ec,initial_access,T1190,8,4,1.5488,1.0,0.0003,31453.84,12668.91,0.8174,72,29,0.7234,1.1464,0.6354,0.156,1.1034,1,3,0,0,1,0,2.4813,436.86,112.52,637.48,9935.33,7076.39,0,0.0,4.2404,0,0
2026-08-27T19:26:49.453414+00:00,web_xss_v1,web_xss_v1__247ab311d5ec,initial_access,T1190,7,3,1.3788,1.0,0.0071,21004.21,6501.3,0.686,42,13,0.431,0.689,0.6556,0.1787,1.1916,1,3,0,0,1,0,3.1732,500.1,178.21,837.85,9358.01,7022.73,0,0.0117,3.9638,0,0
2026-08-27T19:26:54.453414+00:00,web_xss_v1,web_xss_v1__247ab311d5ec,initial_access,T1190,4,3,1.5,1.0,0.0374,8632.23,3237.09,0.7653,16,6,0.5937,1.2617,0.4852,0.0928,0.7635,0,2,0,0,0,0,2.6024,539.51,231.2,932.76,9224.91,7795.36,0,0.0161,3.1667,0,0
2026-08-27T19:26:59.453414+00:00,web_xss_v1,web_xss_v1__247ab311d5ec,initial_access,T1190,8,3,1.5613,1.0,0.0148,37913.91,15270.88,0.7492,72,29,0.5903,1.2889,0.483,0.0652,0.6786,1,3,0,0,1,0,2.4382,526.58,99.2,660.54,10628.91,7827.02,0,0.0677,3.5546,0,0
2026-08-27T19:27:04.453414+00:00,web_xss_v1,web_xss_v1__247ab311d5ec,initial_access,T1190,16,4,1.805,1.0,0.0019,40347.74,14499.97,0.7541,64,23,0.749,0.9144,0.5611,0.1475,1.0037,2,7,1,1,3,0,2.7042,630.43,193.69,1131.65,7424.71,7724.0,2,0.0261,3.4711,0,0
2026-08-27T19:27:09.453414+00:00,web_xss_v1,web_xss_v1__247ab311d5ec,initial_access,T1190,8,4,1.75,1.0,0.0084,23002.77,12939.06,0.7848,48,27,0.3856,1.0922,0.5405,0.1062,0.8591,1,3,0,0,1,0,1.773,479.22,144.81,766.95,9132.81,7308.44,0,0.0,3.8723,0,0
2026-08-27T19:27:14.453414+00:00,web_xss_v1,web_xss_v1__247ab311d5ec,initial_access,T1190,7,4,1.8424,1.0,0.0,11970.23,5130.1,0.6253,21,9,0.2967,0.8592,0.505,0.1235,0.8755,1,3,0,0,1,0,2.2905,570.01,259.98,1181.05,9070.27,8347.57,0,0.031,3.2391,0,1
2026-08-27T19:27:19.453414+00:00,web_xss_v1,web_xss_v1__247ab311d5ec,initial_access,T1190,9,4,1.9749,0.9921,0.0312,33228.79,15691.37,0.7393,72,34,0.3923,0.7658,0.5586,0.0562,0.7271,1,4,1,0,2,0,2.1164,461.51,113.5,612.93,6179.83,8276.37,1,0.0281,3.5423,0,0
2026-08-27T19:27:24.453414+00:00,web_xss_v1,web_xss_v1__247ab311d5ec,initial_access,T1190,13,4,1.922,0.9854,0.0115,23691.9,10327.24,0.7258,39,17,0.3992,0.5879,0.4644,0.0635,0.6551,1,6,1,0,3,0,2.2165,607.48,291.33,1204.16,9845.68,8011.17,2,0.0,3.7242,0,0
2026-08-27T19:27:29.453414+00:00,web_xss_v1,web_xss_v1__247ab311d5ec,initial_access,T1190,7,3,1.5567,1.0,0.0,24456.66,11479.65,0.7606,49,23,0.3322,0.9235,0.6076,0.1485,1.0532,1,3,0,0,1,0,2.0742,499.12,213.9,848.45,8086.68,9184.98,0,0.0827,3.3931,0,0
2026-08-27T19:27:34.453414+00:00,web_xss_v1,web_xss_v1__247ab311d5ec,initial_access,T1190,9,4,1.8911,0.9648,0.0281,31857.84,11124.96,0.6749,63,22,0.4428,0.6534,0.5129,0.1148,0.8573,1,4,0,0,2,0,2.7439,505.68,257.62,1076.9,10057.37,7683.0,1,0.0467,3.7285,0,1
2026-08-27T19:27:39.453414+00:00,web_xss_v1,web_xss_v1__247ab311d5ec,initial_access,T1190,14,3,1.4488,0.9702,0.0145,39689.49,16442.79,0.747,70,29,0.6004,0.955,0.4278,0.0583,0.6026,2,7,1,0,2,0,2.3907,566.99,195.6,972.09,8084.86,6600.58,1,0.0542,3.8655,0,0
2026-08-27T19:27:44.453414+00:00,web_xss_v1,web_xss_v1__247ab311d5ec,initial_access,T1190,8,3,1.5,1.0,0.0,3632.27,1816.13,0.7542,8,4,0.8799,2.5932,0.7242,0.1171,1.0755,1,3,1,0,1,0,1.7839,454.03,119.84,655.59,8543.08,10082.73,0,0.0,3.2928,0,0
2026-08-27T19:27:49.453414+00:00,web_xss_v1,web_xss_v1__247ab311d5ec,initial_access,T1190,14,3,1.4316,1.0,0.0046,42170.95,39158.74,0.8432,70,65,0.5892,0.7166,0.5291,0.1012,0.8327,2,6,1,0,3,0,1.0639,602.44,196.16,911.22,6303.57,6431.46,2,0.0024,3.8932,0,0
2026-08-27T19:27:54.453414+00:00,web_xss_v1,web_xss_v1__247ab311d5ec,initial_access,T1190,10,3,1.361,1.0,0.0,62281.53,44116.08,0.7855,120,85,0.3852,0.5828,0.4939,0.0653,0.6898,1,5,1,0,1,0,1.4091,519.01,151.18,833.72,7152.29,9867.48,0,0.0063,3.6242,0,1
2026-08-27T19:27:59.453414+00:00,web_xss_v1,web_xss_v1__247ab311d5ec,initial_access,T1190,4,3,1.5,0.9905,0.0246,11947.42,4480.28,0.6809,24,9,0.5125,0.8368,0.5549,0.0636,0.7456,0,1,0,0,0,0,2.4971,497.81,69.49,591.0,7773.28,6268.28,0,0.0435,4.3777,0,0
2026-08-27T19:28:04.453414+00:00,web_xss_v1,web_xss_v1__247ab311d5ec,initial_access,T1190,7,4,1.9502,1.0,0.003,3653.82,2087.9,0.8138,7,4,0.2881,0.4224,0.5755,0.0813,0.8194,1,3,0,0,1,0,1.4142,521.97,197.11,829.06,9572.05,7034.98,0,0.0,3.8298,0,0
2026-08-27T19:28:09.453414+00:00,web_xss_v1,web_xss_v1__247ab311d5ec,initial_access,T1190,7,4,1.8424,0.9861,0.0,21335.81,8127.93,0.7359,42,16,0.5162,0.9733,0.6477,0.1,0.9477,1,3,0,0,1,0,2.4739,508.0,163.97,797.49,9380.33,7196.55,0,0.0116,4.0159,0,0
2026-08-27T19:28:14.453414+00:00,web_xss_v1,web_xss_v1__247ab311d5ec,initial_access,T1190,6,4,1.9183,1.0,0.0012,22380.17,7460.06,0.7229,36,12,0.5891,0.7212,0.5342,0.0979,0.828,1,2,0,0,1,0,2.8909,621.67,182.67,853.53,9068.79,8748.9,0,0.0,4.3998,0,0
2026-08-27T19:28:19.453414+00:00,web_xss_v1,web_xss_v1__247ab311d5ec,initial_access,T1190,9,3,1.3516,0.9974,0.0038,5613.01,2494.67,0.7286,9,4,0.6955,1.2605,0.5494,0.1186,0.9052,1,4,0,0,2,0,2.2164,623.67,215.12,1147.08,6610.16,8854.02,1,0.0185,4.3832,0,0
2026-08-27T19:28:24.453414+00:00,web_xss_v1,web_xss_v1__247ab311d5ec,initial_access,T1190,6,3,1.585,1.0,0.0565,10161.76,2963.85,0.6841,24,7,0.4136,1.1192,0.4962,0.105,0.8112,1,3,0,0,1,0,3.1022,423.41,99.14,594.51,6534.76,9696.0,0,0.0301,3.5986,0,1
2026-08-27T19:28:29.453414+00:00,web_xss_v1,web_xss_v1__247ab311d5ec,initial_access,T1190,7,3,1.1488,1.0,0.0,20267.22,6369.7,0.7757,35,11,0.2593,0.4071,0.4928,0.1311,0.8861,1,3,0,0,1,0,3.1108,579.06,155.83,868.96,6764.84,6432.66,0,0.003,3.8195,0,0
2026-08-27T19:28:34.453414+00:00,web_xss_v1,web_xss_v1__247ab311d5ec,initial_access,T1190,11,4,1.7899,1.0,0.0,33616.0,14668.8,0.7125,55,24,0.3503,0.8198,0.5366,0.1154,0.883,1,5,1,0,2,0,2.273,611.2,308.55,1434.54,7641.61,8115.11,1,0.0,4.4027,0,0
2026-08-27T19:28:39.453414+00:00,web_xss_v1,web_xss_v1__247ab311d5ec,initial_access,T1190,8,4,1.75,0.954,0.0275,24626.92,11159.07,0.7163,64,29,0.2831,0.4581,0.5069,0.1047,0.821,1,3,0,0,1,0,2.2065,384.8,130.42,604.93,8544.56,6894.73,0,0.0153,3.8778,0,0
2026-08-27T19:28:44.453414+00:00,web_xss_v1,web_xss_v1__247ab311d5ec,initial_access,T1190,10,4,1.8464,1.0,0.0177,34925.25,19790.98,0.7593,60,34,0.5545,0.8335,0.4961,0.135,0.9013,1,4,0,0,2,0,1.7435,582.09,200.32,940.32,7773.47,10568.89,1,0.0,2.7199,0,0
2026-08-27T19:28:49.453414+00:00,web_xss_v1,web_xss_v1__247ab311d5ec,initial_access,T1190,5,4,1.9219,0.9875,0.0201,19603.64,14562.71,0.7563,35,26,0.5839,0.8979,0.6189,0.1495,1.0674,0,2,0,0,1,0,1.3352,560.1,159.32,759.18,8479.61,8127.06,0,0.0329,4.0934,0,1
2026-08-27T19:28:54.453414+00:00,web_xss_v1,web_xss_v1__247ab311d5ec,initial_access,T1190,6,3,1.585,0.9542,0.0,16518.0,5506.0,0.7655,30,10,0.6986,0.9452,0.6209,0.1244,0.994,1,2,0,0,1,0,2.7779,550.6,57.35,627.05,8804.88,7581.21,0,0.0208,4.3989,0,1
2026-08-27T19:28:59.453414+00:00,web_xss_v1,web_xss_v1__247ab311d5ec,initial_access,T1190,8,4,1.9056,1.0,0.0167,27557.75,10908.28,0.7825,48,19,0.7088,0.8693,0.6395,0.1733,1.1595,1,4,1,0,1,0,2.504,574.12,188.05,967.36,8733.3,8906.95,0,0.043,4.6282,0,0
2026-08-27T19:29:04.453414+00:00,web_xss_v1,web_xss_v1__247ab311d5ec,initial_access,T1190,6,4,1.9183,1.0,0.0,17581.62,6446.59,0.69,30,11,0.5874,1.508,0.6535,0.1232,1.023,1,2,0,0,1,0,2.6859,586.05,131.19,779.19,7580.8,9049.38,0,0.0399,4.492,0,0
2026-08-27T19:29:09.453414+00:00,web_xss_v1,web_xss_v1__247ab311d5ec,initial_access,T1190,13,4,1.9501,0.9622,0.0,48136.82,26448.8,0.7877,91,50,0.6697,1.4705,0.6569,0.1196,1.0156,2,6,1,0,2,0,1.7877,528.98,150.69,898.0,6479.73,8777.75,1,0.0,3.0535,0,0
2026-08-27T19:29:14.453414+00:00,web_xss_v1,web_xss_v1__247ab311d5ec,initial_access,T1190,8,4,1.75,0.9724,0.0183,20334.96,14742.85,0.8314,40,29,0.6888,1.7102,0.5197,0.1081,0.844,1,4,0,0,1,0,1.3498,508.37,292.17,1047.13,8602.65,6331.65,0,0.0689,4.6128,0,0
2026-08-27T19:29:19.453414+00:00,web_xss_v1,web_xss_v1__247ab311d5ec,initial_access,T1190,5,3,1.5219,1.0,0.0,12278.58,5525.36,0.7114,20,9,0.9801,1.57,0.6726,0.1446,1.1064,0,2,0,0,1,0,2.1124,613.93,95.99,780.72,8591.5,7678.13,0,0.0118,3.5487,0,1
2026-08-27T19:29:24.453414+00:00,web_xss_v1,web_xss_v1__247ab311d5ec,initial_access,T1190,8,3,1.4056,1.0,0.003,17406.71,8159.4,0.7924,32,15,0.2612,0.7544,0.5119,0.1295,0.9003,1,3,0,0,1,0,2.0879,543.96,214.97,937.62,7842.34,9861.23,0,0.0059,4.3873,0,1
2026-08-27T19:29:29.453414+00:00,web_xss_v1,web_xss_v1__247ab311d5ec,initial_access,T1190,5,2,0.971,0.989,0.049,15979.35,10865.96,0.6748,25,17,0.6156,1.2604,0.5097,0.0603,0.6907,0,2,0,0,1,0,1.4574,639.17,188.46,857.34,10445.76,8564.25,0,0.0492,3.4602,0,0
2026-08-27T19:29:34.453414+00:00,web_xss_v1,web_xss_v1__247ab311d5ec,initial_access,T1190,6,3,1.2516,0.9847,0.012,34224.98,12724.67,0.7416,78,29,0.7724,2.1097,0.6369,0.1207,0.9989,1,2,0,0,1,0,2.6882,438.78,161.21,730.41,6821.53,7853.74,0,0.032,3.8528,0,0
2026-08-27T19:29:39.453414+00:00,web_xss_v1,web_xss_v1__247ab311d5ec,initial_access,T1190,6,2,0.65,0.9732,0.0286,9080.0,2522.22,0.6773,18,5,0.4656,0.6978,0.6351,0.1656,1.132,0,3,0,0,1,0,3.0064,504.44,80.24,631.07,8893.84,9612.58,0,0.0,4.455,0,0
2026-08-27T19:29:44.453414+00:00,web_xss_v1,web_xss_v1__247ab311d5ec,initial_access,T1190,7,3,1.4488,0.9984,0.0248,33550.86,17973.67,0.7676,56,30,0.6943,1.2675,0.8127,0.134,1.2147,1,3,0,0,1,0,1.8211,599.12,188.9,886.91,5875.22,9798.51,0,0.0226,4.4856,0,0
2026-08-27T19:29:49.453414+00:00,web_xss_v1,web_xss_v1__247ab311d5ec,initial_access,T1190,8,4,1.75,0.9694,0.0178,20773.72,7790.15,0.6841,32,12,0.5103,1.1853,0.5647,0.1635,1.055,1,3,1,0,1,0,2.662,649.18,245.42,1177.74,9524.1,8258.34,0,0.0059,3.2147,0,0
2026-08-27T19:29:54.453414+00:00,web_xss_v1,web_xss_v1__247ab311d5ec,initial_access,T1190,11,4,1.8676,0.9976,0.0136,25642.03,13054.13,0.6628,55,28,0.4687,1.3072,0.6633,0.1974,1.2556,2,5,0,0,2,0,1.9249,466.22,144.26,671.19,7271.82,7600.41,1,0.0,3.618,0,0
2026-08-27T19:29:59.453414+00:00,web_xss_v1,web_xss_v1__247ab311d5ec,initial_access,T1190,9,4,1.8366,0.9886,0.0,40804.8,18639.23,0.7971,81,37,0.8049,1.7224,0.5776,0.1646,1.0714,1,4,0,0,2,0,2.1783,503.76,73.77,632.86,7094.42,7156.25,1,0.0282,4.1152,0,0
2026-08-27T19:30:04.453414+00:00,web_xss_v1,web_xss_v1__247ab311d5ec,initial_access,T1190,4,2,0.8113,1.0,0.0273,16224.2,9126.11,0.7395,32,18,0.5085,0.6145,0.6862,0.1383,1.101,0,2,0,0,0,0,1.7362,507.01,110.67,661.52,10635.21,9766.19,0,0.0016,3.9015,0,0
2026-08-27T19:30:09.453414+00:00,web_xss_v1,web_xss_v1__247ab311d5ec,initial_access,T1190,11,4,1.8676,0.9838,0.0332,51117.01,21492.38,0.7826,88,37,0.4141,1.0681,0.5208,0.0539,0.6826,1,5,0,0,2,0,2.3217,580.88,285.16,1313.07,7363.79,8686.57,1,0.0,3.8265,0,0
2026-08-27T19:30:14.453414+00:00,web_xss_v1,web_xss_v1__247ab311d5ec,initial_access,T1190,6,3,1.2516,1.0,0.0047,31770.35,16366.55,0.7522,66,34,1.0037,2.3854,0.582,0.0966,0.8717,1,2,0,0,1,0,1.9095,481.37,141.69,630.26,8037.09,7272.86,0,0.0137,4.2333,0,0
2026-08-27T19:30:19.453414+00:00,web_xss_v1,web_xss_v1__247ab311d5ec,initial_access,T1190,7,3,1.5567,0.9425,0.0511,17542.31,7016.92,0.7316,35,14,0.4084,0.8205,0.668,0.2003,1.269,1,3,0,0,1,0,2.4953,501.21,97.84,684.08,6898.38,8404.92,0,0.0449,3.5256,0,1
2026-08-27T19:30:24.453414+00:00,web_xss_v1,web_xss_v1__247ab311d5ec,initial_access,T1190,6,4,1.9183,1.0,0.0135,34141.11,14794.48,0.791,60,26,0.7263,1.603,0.5254,0.1391,0.9428,1,2,0,0,1,0,2.2631,569.02,201.05,785.62,8546.53,8247.46,0,0.0,3.739,0,0
2026-08-27T19:30:29.453414+00:00,web_xss_v1,web_xss_v1__247ab311d5ec,initial_access,T1190,9,4,1.9749,1.0,0.0,37047.63,20124.64,0.7376,81,44,0.31,0.3864,0.5126,0.1332,0.912,1,4,0,0,1,0,1.8365,457.38,183.76,792.14,6885.02,7188.51,0,0.0,3.8906,0,0
2026-08-27T19:30:34.453414+00:00,web_xss_v1,web_xss_v1__247ab311d5ec,initial_access,T1190,11,4,1.8231,1.0,0.0,41371.82,22029.15,0.7408,77,41,0.7437,0.925,0.6399,0.169,1.147,2,5,0,0,2,0,1.8764,537.3,183.2,812.21,7006.96,9242.89,1,0.0216,4.4353,0,0
2026-08-27T19:30:39.453414+00:00,web_xss_v1,web_xss_v1__247ab311d5ec,initial_access,T1190,7,4,1.9502,1.0,0.0,9032.75,3871.18,0.7321,14,6,0.8613,1.1271,0.6557,0.1792,1.1932,1,3,0,0,1,0,2.2746,645.2,205.85,1107.33,8990.12,8400.74,0,0.0202,5.305,0,0
2026-08-27T19:30:44.453414+00:00,web_xss_v1,web_xss_v1__247ab311d5ec,initial_access,T1190,10,4,1.9219,1.0,0.0,40250.38,13081.37,0.7729,80,26,0.5281,1.5788,0.5257,0.1166,0.8756,2,4,0,0,1,0,3.0013,503.13,214.08,849.93,8689.36,8334.96,0,0.0,4.0958,0,0
2026-08-27T19:30:49.453414+00:00,web_xss_v1,web_xss_v1__247ab311d5ec,initial_access,T1190,9,4,1.9749,0.9898,0.017,28436.71,12638.54,0.8438,54,24,0.4547,1.0086,0.5915,0.0774,0.8237,1,4,1,0,2,0,2.2388,526.61,186.38,967.7,9060.08,8238.22,1,0.0374,4.7109,0,1
2026-08-27T19:30:54.453414+00:00,web_xss_v1,web_xss_v1__247ab311d5ec,initial_access,T1190,7,3,1.4488,1.0,0.0,45189.95,16946.23,0.6688,56,21,0.4516,1.2763,0.5166,0.1039,0.8285,1,3,0,0,1,0,2.6282,806.96,280.7,1249.14,8374.39,8347.4,0,0.0,4.0895,0,0
2026-08-27T19:30:59.453414+00:00,web_xss_v1,web_xss_v1__247ab311d5ec,initial_access,T1190,10,4,1.8464,1.0,0.0,18253.52,8670.42,0.6559,40,19,0.3274,0.9127,0.5269,0.0961,0.8153,2,5,1,0,2,0,2.0947,456.34,154.83,759.64,7507.63,7893.02,1,0.0,4.5867,0,0
2026-08-27T19:31:04.453414+00:00,web_xss_v1,web_xss_v1__247ab311d5ec,initial_access,T1190,6,4,1.9183,1.0,0.0054,15287.14,7006.61,0.6788,24,11,0.9528,1.9068,0.6535,0.1741,1.1758,1,3,0,0,1,0,2.0049,636.96,96.66,762.77,8024.13,7478.41,0,0.0024,4.2046,0,0
2026-08-27T19:31:09.453414+00:00,web_xss_v1,web_xss_v1__247ab311d5ec,initial_access,T1190,11,3,1.4949,0.9778,0.0,18150.07,6600.02,0.7824,33,12,0.6139,1.4582,0.4523,0.1266,0.8321,1,5,0,0,2,0,2.6808,550.0,203.33,907.97,6924.17,5880.09,1,0.0,4.1667,0,0
2026-08-27T19:31:14.453414+00:00,web_xss_v1,web_xss_v1__247ab311d5ec,initial_access,T1190,5,3,1.371,1.0,0.0263,14034.54,5052.43,0.7565,25,9,0.6589,1.3974,0.5247,0.0983,0.8195,0,2,0,0,1,0,2.5668,561.38,75.44,638.53,7638.12,8971.34,0,0.0339,3.9,0,0
2026-08-27T19:31:19.453414+00:00,web_xss_v1,web_xss_v1__247ab311d5ec,initial_access,T1190,10,3,1.1568,0.9802,0.0206,38914.88,16121.88,0.806,70,29,0.3455,0.8226,0.4397,0.0501,0.5898,1,5,0,0,2,0,2.3705,555.93,217.71,914.45,7737.48,6445.05,1,0.0638,3.4447,0,0
2026-08-27T19:31:24.453414+00:00,web_xss_v1,web_xss_v1__247ab311d5ec,initial_access,T1190,10,4,1.761,1.0,0.014,56146.99,48660.72,0.758,90,78,0.7744,1.522,0.5639,0.1682,1.0684,1,5,0,0,2,0,1.1477,623.86,155.19,964.47,7009.69,8290.42,1,0.0496,4.1104,0,0
2026-08-27T19:31:29.453414+00:00,web_xss_v1,web_xss_v1__247ab311d5ec,initial_access,T1190,5,3,1.5219,1.0,0.0203,8613.34,4593.78,0.7684,15,8,0.8212,1.1181,0.5979,0.1509,1.0505,0,2,0,0,0,0,1.8512,574.22,185.27,909.1,10252.98,9097.31,0,0.0583,3.9922,0,0
2026-08-27T19:31:34.453414+00:00,web_xss_v1,web_xss_v1__247ab311d5ec,initial_access,T1190,4,3,1.5,1.0,0.0123,10559.09,4399.62,0.7656,24,10,0.3845,0.6365,0.4367,0.1276,0.8196,0,1,0,0,0,0,2.2617,439.96,152.48,653.49,7167.71,7152.12,0,0.0,4.3318,0,0
2026-08-27T19:31:39.453414+00:00,web_xss_v1,web_xss_v1__247ab311d5ec,initial_access,T1190,9,4,1.8366,1.0,0.0,9280.05,4124.47,0.701,18,8,0.3469,0.4371,0.4298,0.1125,0.7672,1,4,0,0,2,0,2.088,515.56,111.16,732.76,7630.67,10152.65,1,0.0,4.1951,0,0
2026-08-27T19:31:44.453414+00:00,web_xss_v1,web_xss_v1__247ab311d5ec,initial_access,T1190,17,4,1.9928,1.0,0.0,35458.61,19815.11,0.8323,68,38,0.2749,0.4022,0.5192,0.1021,0.8255,3,8,1,0,3,0,1.7733,521.45,229.05,1000.22,8941.63,7932.7,1,0.0086,3.051,0,0
2026-08-27T19:31:49.453414+00:00,web_xss_v1,web_xss_v1__247ab311d5ec,initial_access,T1190,9,3,1.5305,0.9685,0.0141,57558.03,36453.42,0.7625,90,57,0.8935,1.2821,0.6099,0.1413,1.0337,1,4,0,0,1,0,1.5527,639.53,211.69,1014.56,7238.17,7397.05,0,0.0556,4.4178,0,0
2026-08-27T19:31:54.453414+00:00,web_xss_v1,web_xss_v1__247ab311d5ec,initial_access,T1190,13,4,1.8843,1.0,0.0,51684.55,23357.44,0.7094,104,47,0.4753,1.1802,0.4862,0.0697,0.6952,2,6,0,0,2,0,2.1904,496.97,156.58,804.86,7843.19,9014.67,1,0.0,4.1541,0,0
2026-08-27T19:31:59.453414+00:00,web_xss_v1,web_xss_v1__247ab311d5ec,initial_access,T1190,6,4,1.9183,1.0,0.0054,3281.19,1640.59,0.7062,6,3,0.4383,0.8016,0.6594,0.133,1.0585,1,3,0,0,1,0,1.6712,546.86,232.29,838.25,7093.34,9589.24,0,0.0252,3.3957,0,0
2026-08-27T19:32:04.453414+00:00,web_xss_v1,web_xss_v1__247ab311d5ec,initial_access,T1190,14,4,1.9852,1.0,0.0184,22400.16,13333.43,0.7678,42,25,0.6902,1.1555,0.6297,0.0946,0.9135,2,7,1,0,3,0,1.651,533.34,177.35,1042.64,6338.75,9401.48,2,0.0845,4.1007,0,0
2026-08-27T19:32:09.453414+00:00,web_xss_v1,web_xss_v1__247ab311d5ec,initial_access,T1190,8,2,0.9544,1.0,0.0046,34153.62,39032.71,0.7816,56,64,0.4416,0.909,0.5129,0.1345,0.9163,1,4,0,0,1,0,0.8625,609.89,297.73,1112.33,8280.91,7298.37,0,0.0416,4.0184,0,0
2026-08-27T19:32:14.453414+00:00,web_xss_v1,web_xss_v1__247ab311d5ec,initial_access,T1190,9,4,1.9749,0.9899,0.0118,29222.99,11596.42,0.716,63,25,0.6629,1.1207,0.4462,0.0728,0.6646,1,4,0,0,2,0,2.4251,463.86,108.84,677.26,6783.49,9445.48,1,0.0304,4.0432,0,0
2026-08-27T19:32:19.453414+00:00,web_xss_v1,web_xss_v1__247ab311d5ec,initial_access,T1190,9,4,1.8366,0.982,0.0179,19858.78,12687.55,0.8237,36,23,0.3608,0.6808,0.6074,0.0925,0.8848,1,4,0,0,1,0,1.5605,551.63,112.56,736.94,7529.33,10380.69,0,0.1249,4.7195,0,0
2026-08-27T19:32:24.453414+00:00,web_xss_v1,web_xss_v1__247ab311d5ec,initial_access,T1190,11,4,1.6858,1.0,0.0076,20848.75,9476.71,0.7428,44,20,0.4763,1.1431,0.5418,0.1527,1.0,1,5,1,0,2,0,2.1181,473.84,174.92,801.07,9074.18,8320.27,1,0.0282,4.0031,0,0
2026-08-27T19:32:29.453414+00:00,web_xss_v1,web_xss_v1__247ab311d5ec,initial_access,T1190,8,4,1.75,0.9629,0.0547,57728.68,23616.28,0.7939,88,36,0.6724,1.5725,0.4312,0.0927,0.7094,1,4,1,0,1,0,2.4221,656.01,390.52,1652.47,7263.43,9174.14,0,0.0535,3.9343,0,0
2026-08-27T19:32:34.453414+00:00,web_xss_v1,web_xss_v1__247ab311d5ec,initial_access,T1190,8,4,1.9056,0.9597,0.0224,31193.0,17267.55,0.8216,56,31,0.5531,0.8797,0.5725,0.0857,0.8296,1,3,0,0,1,0,1.7783,557.02,209.77,945.6,6376.04,6304.42,0,0.0,3.3288,0,0
2026-08-27T19:32:39.453414+00:00,web_xss_v1,web_xss_v1__247ab311d5ec,initial_access,T1190,12,4,1.9591,0.9916,0.0156,43686.26,43686.26,0.7579,72,72,0.4299,1.2009,0.644,0.0908,0.9164,2,5,0,0,2,0,0.9958,606.75,274.15,1182.09,8908.45,8722.28,1,0.0177,4.3987,0,0
2026-08-27T19:32:44.453414+00:00,web_xss_v1,web_xss_v1__247ab311d5ec,initial_access,T1190,6,2,0.9183,0.9747,0.0274,50129.46,20887.28,0.7566,84,35,0.6719,1.0699,0.5766,0.0851,0.8319,1,2,0,0,1,0,2.396,596.78,154.15,782.79,7232.05,9029.48,0,0.0048,3.6088,0,0
2026-08-27T19:32:49.453414+00:00,web_xss_v1,web_xss_v1__247ab311d5ec,initial_access,T1190,15,4,1.8295,0.9578,0.0268,41821.96,16171.16,0.7428,75,29,0.394,1.0736,0.4647,0.0969,0.7553,2,7,1,1,2,0,2.5695,557.63,211.69,1147.02,9874.46,9458.74,1,0.0272,3.1893,0,0
2026-08-27T19:32:54.453414+00:00,web_xss_v1,web_xss_v1__247ab311d5ec,initial_access,T1190,7,3,1.3788,1.0,0.0,15830.67,4523.05,0.7648,28,8,0.4718,1.2682,0.5969,0.0634,0.787,1,3,0,0,1,0,3.1699,565.38,187.12,859.4,8240.81,8295.63,0,0.0156,3.4869,0,0
2026-08-27T19:32:59.453414+00:00,web_xss_v1,web_xss_v1__247ab311d5ec,initial_access,T1190,14,3,1.4926,0.962,0.0489,54881.09,28000.56,0.6946,98,50,0.6804,1.111,0.4247,0.1038,0.736,2,7,1,0,3,0,1.959,560.01,145.11,904.8,8519.07,6632.11,2,0.0876,3.7756,0,1
2026-08-27T19:33:04.453414+00:00,web_xss_v1,web_xss_v1__247ab311d5ec,initial_access,T1190,11,4,1.7899,0.9465,0.0428,57079.27,30615.25,0.7402,110,59,0.4453,0.7407,0.7039,0.2026,1.3115,2,5,1,0,2,0,1.8582,518.9,153.91,675.45,9247.8,8626.15,1,0.0096,4.4388,0,0
2026-08-27T19:33:09.453414+00:00,web_xss_v1,web_xss_v1__247ab311d5ec,initial_access,T1190,8,3,1.5613,1.0,0.027,14915.55,7457.77,0.7193,40,20,0.9798,2.5187,0.6929,0.1113,1.0267,0,3,0,0,1,0,1.9129,372.89,113.24,517.99,9496.45,8227.1,0,0.0291,3.6507,0,0
2026-08-27T19:33:14.453414+00:00,web_xss_v1,web_xss_v1__247ab311d5ec,initial_access,T1190,16,4,1.75,0.9715,0.0143,27515.89,11464.95,0.664,48,20,0.3527,0.6924,0.4162,0.078,0.6502,2,8,1,0,3,0,2.3413,573.25,214.97,1067.41,6697.13,6842.54,2,0.0,3.7247,0,1
2026-08-27T19:33:19.453414+00:00,web_xss_v1,web_xss_v1__247ab311d5ec,initial_access,T1190,6,3,1.4591,1.0,0.0,12346.53,10288.77,0.7507,30,25,0.6129,1.7656,0.6863,0.1337,1.0873,1,3,0,0,1,0,1.1648,411.55,58.71,518.25,10648.82,8859.6,0,0.0213,4.2942,0,0
2026-08-27T19:33:24.453414+00:00,web_xss_v1,web_xss_v1__247ab311d5ec,initial_access,T1190,5,2,0.971,0.979,0.0451,4846.51,1453.95,0.7316,10,3,0.5952,0.89,0.606,0.1451,1.0414,0,2,0,0,1,0,2.6102,484.65,51.45,582.5,9900.01,9690.94,0,0.0201,3.5577,0,0
2026-08-27T19:33:29.453414+00:00,web_xss_v1,web_xss_v1__247ab311d5ec,initial_access,T1190,9,4,1.8911,0.9869,0.0369,42603.9,38461.86,0.8361,72,65,0.5163,1.2568,0.4522,0.0932,0.7318,1,4,1,0,2,0,1.0924,591.72,121.69,745.89,7950.35,7759.06,1,0.0652,3.8798,0,0
2026-08-27T19:33:34.453414+00:00,web_xss_v1,web_xss_v1__247ab311d5ec,initial_access,T1190,3,3,1.585,0.9671,0.0279,6127.52,3063.76,0.7006,12,6,0.7204,1.4014,0.4809,0.1056,0.7976,0,1,0,0,0,0,1.8203,510.63,126.99,629.67,7793.25,8242.89,0,0.0204,3.6621,0,0
2026-08-27T19:33:39.453414+00:00,web_xss_v1,web_xss_v1__247ab311d5ec,initial_access,T1190,10,4,1.571,1.0,0.0147,62042.21,41737.48,0.8215,110,74,0.358,0.6432,0.6366,0.1337,1.0376,1,5,1,0,2,0,1.4839,564.02,156.47,833.5,8535.11,9865.69,1,0.0236,3.8134,0,0
2026-08-27T19:33:44.453414+00:00,web_xss_v1,web_xss_v1__247ab311d5ec,initial_access,T1190,10,4,1.7219,1.0,0.0,38242.97,14341.11,0.7169,80,30,0.6913,1.3396,0.6559,0.0889,0.9225,1,4,0,0,2,0,2.6489,478.04,114.84,674.8,9278.25,7804.77,1,0.0253,4.256,0,0
2026-08-27T19:33:49.453414+00:00,web_xss_v1,web_xss_v1__247ab311d5ec,initial_access,T1190,7,4,1.9502,0.9456,0.0249,28528.46,22924.66,0.7151,56,45,0.4356,0.8151,0.4544,0.1044,0.7675,1,3,0,0,1,0,1.2324,509.44,134.11,771.6,8073.45,7591.93,0,0.0027,4.5717,0,0
2026-08-27T19:33:54.453414+00:00,web_xss_v1,web_xss_v1__247ab311d5ec,initial_access,T1190,13,4,1.922,1.0,0.0235,46957.81,12642.49,0.6455,104,28,0.653,0.9312,0.7998,0.1456,1.2366,2,6,1,0,2,0,3.6323,451.52,204.94,890.84,8275.87,9040.27,1,0.0221,4.2087,0,0
2026-08-27T19:33:59.453414+00:00,web_xss_v1,web_xss_v1__247ab311d5ec,initial_access,T1190,17,4,1.8512,1.0,0.0,56099.74,22549.89,0.7756,102,41,0.5099,1.0636,0.5135,0.082,0.7597,2,8,1,0,3,0,2.4427,550.0,197.2,1093.04,9369.81,7670.93,2,0.0,4.1787,0,1
2026-08-27T19:34:04.453414+00:00,web_xss_v1,web_xss_v1__247ab311d5ec,initial_access,T1190,5,3,1.371,0.9545,0.0676,10092.68,4037.07,0.8264,20,8,0.3515,0.9458,0.6147,0.0923,0.8915,0,2,0,0,1,0,2.4908,504.63,201.21,892.09,7423.56,7045.34,0,0.0347,3.9843,0,0
2026-08-27T19:34:09.453414+00:00,web_xss_v1,web_xss_v1__247ab311d5ec,initial_access,T1190,4,3,1.5,1.0,0.0017,15608.92,5202.97,0.8015,24,8,0.4729,0.5962,0.6566,0.1728,1.1751,0,1,0,0,0,0,2.8936,650.37,351.25,1235.93,9382.35,7939.31,0,0.0,3.7408,0,0
2026-08-27T19:34:14.453414+00:00,web_xss_v1,web_xss_v1__247ab311d5ec,initial_access,T1190,10,4,1.8955,0.979,0.0,19145.23,8615.35,0.7522,40,18,0.3728,0.5069,0.8461,0.2479,1.5898,1,5,0,0,2,0,2.209,478.63,117.84,670.42,8824.03,8908.91,1,0.078,4.2953,0,0
2026-08-27T19:34:19.453414+00:00,web_xss_v1,web_xss_v1__247ab311d5ec,initial_access,T1190,10,4,1.761,0.9987,0.0,25324.33,9623.25,0.7298,50,19,0.3234,0.4973,0.6069,0.1185,0.9625,1,4,0,0,2,0,2.5346,506.49,105.3,746.34,8321.12,8243.6,1,0.0386,3.9781,0,0
2026-08-27T19:34:24.453414+00:00,web_xss_v1,web_xss_v1__247ab311d5ec,initial_access,T1190,15,4,1.7968,0.974,0.0355,97174.0,39367.93,0.7594,195,79,0.4075,1.1011,0.571,0.1586,1.0468,2,7,1,0,3,0,2.4531,498.33,184.51,856.73,8303.96,7339.26,2,0.0949,4.245,0,0
2026-08-27T19:34:29.453414+00:00,web_xss_v1,web_xss_v1__247ab311d5ec,initial_access,T1190,13,4,1.9501,0.9483,0.0684,15419.3,6523.55,0.7019,26,11,0.7213,1.0091,0.4554,0.1067,0.7755,1,6,1,0,2,0,2.1959,593.05,222.17,1131.18,7350.04,9439.41,1,0.0692,3.4733,0,0
2026-08-27T19:34:34.453414+00:00,web_xss_v1,web_xss_v1__247ab311d5ec,initial_access,T1190,14,4,1.9242,0.9717,0.0045,68698.76,30669.09,0.7532,112,50,0.275,0.4733,0.5504,0.0947,0.8347,2,6,1,0,2,0,2.2016,613.38,205.37,1036.15,7535.38,7885.5,1,0.0093,3.9964,0,0
2026-08-27T19:34:39.453414+00:00,web_xss_v1,web_xss_v1__247ab311d5ec,initial_access,T1190,6,4,1.9183,1.0,0.0307,25304.83,9137.86,0.747,36,13,0.3927,0.9831,0.6134,0.0997,0.9125,0,3,0,0,1,0,2.6882,702.91,358.12,1373.03,8238.65,7946.3,0,0.0152,3.6374,0,0
2026-08-27T19:34:44.453414+00:00,web_xss_v1,web_xss_v1__247ab311d5ec,initial_access,T1190,24,4,1.945,0.9779,0.0104,103818.47,38391.2,0.7643,192,71,0.3938,0.7207,0.5023,0.0774,0.7346,4,12,2,0,4,0,2.6702,540.72,160.45,828.65,8612.87,8260.33,3,0.0,3.99,0,1
2026-08-27T19:34:49.453414+00:00,web_xss_v1,web_xss_v1__247ab311d5ec,initial_access,T1190,6,3,1.4591,0.9873,0.0,19175.57,10044.35,0.7814,42,22,0.4187,1.0112,0.4088,0.1063,0.7277,1,2,0,0,1,0,1.8674,456.56,115.61,670.21,7043.89,7766.06,0,0.0354,3.7623,0,1
2026-08-27T19:34:54.453414+00:00,web_xss_v1,web_xss_v1__247ab311d5ec,initial_access,T1190,8,2,0.8113,0.9532,0.0801,23488.07,6850.69,0.7473,48,14,0.6868,1.3233,0.4219,0.0574,0.5942,1,4,0,0,1,0,3.2986,489.33,175.33,860.08,7918.48,6463.24,0,0.0184,4.7995,0,0
2026-08-27T19:34:59.453414+00:00,web_xss_v1,web_xss_v1__247ab311d5ec,initial_access,T1190,8,4,2.0,0.9584,0.0464,13695.51,6847.76,0.7017,32,16,0.7844,2.2537,0.6292,0.1292,1.0168,1,4,0,0,1,0,1.9344,427.98,139.38,679.72,8373.35,8340.32,0,0.0,4.694,0,0
2026-08-27T19:35:04.453414+00:00,web_xss_v1,web_xss_v1__247ab311d5ec,initial_access,T1190,7,3,1.3788,1.0,0.0189,23460.31,7373.24,0.765,35,11,0.5578,1.6138,0.5489,0.1453,0.9847,1,3,0,0,1,0,3.1153,670.29,217.23,1071.94,6881.81,7167.53,0,0.0116,3.2914,0,0
2026-08-27T19:35:09.453414+00:00,web_xss_v1,web_xss_v1__247ab311d5ec,initial_access,T1190,10,4,1.8464,1.0,0.0,43628.82,22359.77,0.8264,80,41,0.3477,0.5021,0.5547,0.127,0.9358,1,4,1,0,2,0,1.9273,545.36,182.18,983.49,6065.78,8003.36,1,0.0,4.1053,0,2
2026-08-27T19:35:14.453414+00:00,web_xss_v1,web_xss_v1__247ab311d5ec,initial_access,T1190,13,3,1.4573,0.9957,0.0155,33521.84,14440.18,0.7566,65,28,0.6072,1.728,0.4507,0.0653,0.6466,2,6,1,0,2,0,2.2566,515.72,230.25,889.5,7684.95,8452.19,1,0.0,3.8746,0,1
2026-08-27T19:35:19.453414+00:00,web_xss_v1,web_xss_v1__247ab311d5ec,initial_access,T1190,11,4,1.9808,1.0,0.0,34955.28,15888.76,0.7839,55,25,0.6119,1.0304,0.5876,0.1606,1.0693,1,5,1,0,2,0,2.1827,635.55,195.01,945.83,9369.86,8976.06,1,0.0442,3.2375,0,0
2026-08-27T19:35:24.453414+00:00,web_xss_v1,web_xss_v1__247ab311d5ec,initial_access,T1190,7,3,1.5567,1.0,0.0,10022.8,4295.49,0.7722,21,9,0.5187,0.9643,0.5556,0.1209,0.9183,1,3,0,0,1,0,2.1758,477.28,122.2,724.63,8958.91,6913.84,0,0.0011,3.9999,0,0
2026-08-27T19:35:29.453414+00:00,web_xss_v1,web_xss_v1__247ab311d5ec,initial_access,T1190,10,4,1.571,1.0,0.0124,13070.52,6970.95,0.8045,30,16,0.424,0.8472,0.5879,0.1114,0.9221,1,5,1,0,2,0,1.8226,435.68,128.14,696.15,7235.2,8322.11,1,0.1186,3.5996,0,0
2026-08-27T19:35:34.453414+00:00,web_xss_v1,web_xss_v1__247ab311d5ec,initial_access,T1190,4,3,1.5,1.0,0.0055,14278.37,4079.54,0.7244,28,8,0.639,0.7821,0.6707,0.1956,1.2574,0,2,0,0,0,0,3.2592,509.94,134.81,687.16,7779.34,5979.02,0,0.0529,4.1713,0,0
2026-08-27T19:35:39.453414+00:00,web_xss_v1,web_xss_v1__247ab311d5ec,initial_access,T1190,11,4,1.7899,1.0,0.0,25805.12,12198.78,0.7237,55,26,0.636,1.5344,0.5188,0.1506,0.9707,1,5,0,0,2,0,2.1076,469.18,145.06,716.23,7840.56,6683.38,1,0.0291,3.8757,0,0
2026-08-27T19:35:44.453414+00:00,web_xss_v1,web_xss_v1__247ab311d5ec,initial_access,T1190,5,3,1.371,0.9898,0.0184,22450.87,10664.16,0.7505,40,19,0.8097,1.54,0.6355,0.0741,0.8577,0,2,0,0,1,0,2.0923,561.27,307.8,1151.28,8616.2,8880.76,0,0.0,3.3048,0,0
2026-08-27T19:35:49.453414+00:00,web_xss_v1,web_xss_v1__247ab311d5ec,initial_access,T1190,12,4,1.9591,0.977,0.0304,29494.99,15361.97,0.7082,48,25,0.3886,0.8091,0.4805,0.0656,0.6774,1,5,1,0,2,0,1.8606,614.48,272.55,1249.84,9716.42,6954.27,1,0.0043,3.3104,0,0
2026-08-27T19:35:54.453414+00:00,web_xss_v1,web_xss_v1__247ab311d5ec,initial_access,T1190,11,4,1.9808,0.9849,0.0,12143.03,6623.47,0.7275,22,12,0.3178,0.5312,0.4191,0.1089,0.7457,1,5,1,0,2,0,1.7234,551.96,109.64,821.65,8307.22,8732.11,1,0.0382,4.1706,0,0
2026-08-27T19:35:59.453414+00:00,web_xss_v1,web_xss_v1__247ab311d5ec,initial_access,T1190,7,3,1.3788,0.9904,0.0316,22904.61,6544.17,0.7377,35,10,0.5501,0.8927,0.5906,0.1207,0.9527,1,3,0,0,1,0,3.2043,654.42,252.97,1091.88,6852.41,9545.9,0,0.015,3.4162,0,0
2026-08-27T19:36:04.453414+00:00,web_xss_v1,web_xss_v1__247ab311d5ec,initial_access,T1190,2,2,1.0,1.0,0.0,5683.98,2131.49,0.7729,8,3,0.4178,0.5189,0.4582,0.0958,0.7456,0,1,0,0,0,0,2.5226,710.5,4.6,715.1,7456.29,9197.81,0,0.0092,4.3254,0,0
2026-08-27T19:36:09.453414+00:00,web_xss_v1,web_xss_v1__247ab311d5ec,initial_access,T1190,7,3,1.5567,1.0,0.0119,17065.12,6826.05,0.7124,35,14,0.252,0.4064,0.51,0.1041,0.8223,1,3,0,0,1,0,2.4903,487.57,129.4,651.17,8945.11,7377.3,0,0.0134,3.6841,0,0
2026-08-27T19:36:14.453414+00:00,web_xss_v1,web_xss_v1__247ab311d5ec,initial_access,T1190,13,4,1.6692,0.9899,0.0,39394.49,28485.25,0.7121,65,47,0.3575,0.9034,0.5306,0.0802,0.771,2,6,1,0,2,0,1.3615,606.07,263.59,1121.94,8295.76,8204.01,1,0.0694,4.2076,0,1
2026-08-27T19:36:19.453414+00:00,web_xss_v1,web_xss_v1__247ab311d5ec,initial_access,T1190,9,4,1.7527,1.0,0.0152,34298.29,11432.76,0.7708,63,21,0.5822,1.4059,0.5102,0.0936,0.7909,1,4,0,0,2,0,2.8663,544.42,154.02,770.7,8354.09,8198.95,1,0.0288,4.4176,0,0
2026-08-27T19:36:24.453414+00:00,web_xss_v1,web_xss_v1__247ab311d5ec,initial_access,T1190,13,4,1.7759,1.0,0.0,29720.77,14288.83,0.6948,52,25,0.6725,1.9217,0.3649,0.0931,0.6441,2,6,0,0,3,0,2.0189,571.55,186.75,885.91,7712.98,8521.75,1,0.0344,4.6023,0,0
2026-08-27T19:36:29.453414+00:00,web_xss_v1,web_xss_v1__247ab311d5ec,initial_access,T1190,9,3,1.2244,0.9661,0.0192,28439.85,9028.52,0.7811,63,20,0.4456,1.2134,0.5883,0.1374,1.0004,1,4,0,0,2,0,3.1187,451.43,162.76,829.34,6859.23,6295.39,1,0.031,3.4546,0,0
2026-08-27T19:36:34.453414+00:00,web_xss_v1,web_xss_v1__247ab311d5ec,initial_access,T1190,15,4,1.9086,1.0,0.0,17533.47,7013.39,0.743,30,12,0.3389,0.6973,0.559,0.1567,1.0291,2,7,1,0,3,0,2.3226,584.45,271.96,1437.37,8509.29,6868.67,1,0.0285,4.0039,0,0
2026-08-27T19:36:39.453414+00:00,web_xss_v1,web_xss_v1__247ab311d5ec,initial_access,T1190,10,4,1.761,0.9623,0.0286,26264.55,12081.69,0.8158,50,23,0.7355,2.1516,0.6277,0.1354,1.0339,1,4,1,0,2,0,2.1066,525.29,98.13,689.54,8858.34,6354.38,1,0.0442,4.2662,0,1
2026-08-27T19:36:44.453414+00:00,web_xss_v1,web_xss_v1__247ab311d5ec,initial_access,T1190,3,2,0.9183,0.9762,0.0198,11738.76,3912.92,0.758,21,7,0.3676,0.7458,0.7172,0.1652,1.2129,0,1,0,0,0,0,2.821,558.99,46.37,618.87,7294.64,6715.1,0,0.0279,3.6786,0,0
2026-08-27T19:36:49.453414+00:00,web_xss_v1,web_xss_v1__247ab311d5ec,initial_access,T1190,12,4,1.9591,1.0,0.0132,67792.08,27540.53,0.823,96,39,0.5417,1.5996,0.471,0.0514,0.6251,2,5,1,0,2,0,2.4447,706.17,223.94,1067.4,8132.43,7629.16,1,0.0328,4.7462,0,0
2026-08-27T19:36:54.453414+00:00,web_xss_v1,web_xss_v1__247ab311d5ec,initial_access,T1190,6,3,1.4591,1.0,0.0027,15799.63,6583.18,0.7691,24,10,0.524,0.9944,0.6061,0.0768,0.8365,1,2,0,0,1,0,2.2961,658.32,265.67,1165.76,9383.09,6628.25,0,0.013,3.5602,0,0
2026-08-27T19:36:59.453414+00:00,web_xss_v1,web_xss_v1__247ab311d5ec,initial_access,T1190,9,4,1.8366,1.0,0.0234,52382.4,38155.08,0.6764,81,59,0.4367,1.3098,0.5544,0.1291,0.9418,1,4,0,0,1,0,1.3599,646.7,236.91,1187.88,8812.59,8891.6,0,0.0147,4.5014,0,0
2026-08-27T19:37:04.453414+00:00,web_xss_v1,web_xss_v1__247ab311d5ec,initial_access,T1190,6,4,1.7925,1.0,0.0243,25648.61,10381.58,0.8249,42,17,0.5467,1.2061,0.5575,0.1066,0.8773,0,3,0,0,1,0,2.4499,610.68,222.68,913.77,9544.92,9443.84,0,0.0286,5.1379,0,0
2026-08-27T19:37:09.453414+00:00,web_xss_v1,web_xss_v1__247ab311d5ec,initial_access,T1190,8,2,1.0,0.9847,0.0191,16225.81,7098.79,0.732,32,14,0.5734,0.8747,0.4607,0.1074,0.783,1,3,0,0,1,0,2.275,507.06,185.51,857.34,7128.56,7219.48,0,0.0008,4.1922,0,0
2026-08-27T19:37:14.453414+00:00,web_xss_v1,web_xss_v1__247ab311d5ec,initial_access,T1190,9,4,1.7527,1.0,0.0128,18737.81,11103.88,0.7866,27,16,0.7338,1.4028,0.6628,0.0863,0.9217,1,4,0,0,1,0,1.5966,693.99,380.27,1426.77,7660.34,6567.9,0,0.0293,3.8581,0,1
2026-08-27T19:37:19.453414+00:00,web_xss_v1,web_xss_v1__247ab311d5ec,initial_access,T1190,6,3,1.4591,0.9756,0.0104,22039.37,13118.67,0.8118,42,25,0.6557,1.5142,0.5915,0.1735,1.1119,0,2,0,0,1,0,1.6638,524.75,145.99,840.11,7867.19,8722.88,0,0.0109,4.4418,0,1
2026-08-27T19:37:24.453414+00:00,web_xss_v1,web_xss_v1__247ab311d5ec,initial_access,T1190,2,2,1.0,0.9941,0.0128,7143.8,1785.95,0.7309,16,4,0.5821,1.2737,0.663,0.0783,0.8978,0,0,0,0,0,0,3.2377,446.49,127.88,574.37,8429.75,9425.79,0,0.0209,3.9685,0,0
2026-08-27T19:37:29.453414+00:00,web_xss_v1,web_xss_v1__247ab311d5ec,initial_access,T1190,7,4,1.9502,0.9984,0.0117,10859.37,6205.36,0.7536,21,12,0.6182,1.335,0.4807,0.0704,0.692,1,3,0,0,1,0,1.6639,517.11,87.03,638.29,9081.83,7570.51,0,0.0,2.96,0,1
2026-08-27T19:37:34.453414+00:00,web_xss_v1,web_xss_v1__247ab311d5ec,initial_access,T1190,3,2,0.9183,0.9684,0.0355,8978.5,3591.4,0.8129,15,6,0.5095,0.6886,0.515,0.0842,0.7677,0,1,0,0,0,0,2.2674,598.57,221.84,788.92,8543.29,8651.14,0,0.0356,3.5714,0,0
2026-08-27T19:37:39.453414+00:00,web_xss_v1,web_xss_v1__247ab311d5ec,initial_access,T1190,7,3,1.4488,0.9877,0.033,16322.28,6995.26,0.6961,28,12,0.5601,1.4511,0.7428,0.1538,1.2041,1,3,0,0,1,0,2.2621,582.94,240.32,1021.73,8460.04,7945.34,0,0.0394,3.3566,0,0
2026-08-27T19:37:44.453414+00:00,web_xss_v1,web_xss_v1__247ab311d5ec,initial_access,T1190,12,4,1.825,1.0,0.0156,19158.69,9047.16,0.8238,36,17,0.8813,1.8475,0.8344,0.1459,1.2721,2,5,1,1,2,0,2.0732,532.19,192.79,995.71,8592.3,6667.88,1,0.0,4.15,0,0
2026-08-27T19:37:49.453414+00:00,web_xss_v1,web_xss_v1__247ab311d5ec,initial_access,T1190,10,4,1.8464,0.9677,0.034,34351.68,17175.84,0.8298,60,30,0.278,0.3583,0.5795,0.0603,0.7603,1,5,0,0,2,0,1.9877,572.53,111.5,744.61,7982.67,8222.82,1,0.0,4.1019,0,1
2026-08-27T19:37:54.453414+00:00,web_xss_v1,web_xss_v1__247ab311d5ec,initial_access,T1190,9,3,1.4355,0.9743,0.0155,14474.95,6969.42,0.7747,27,13,0.4654,1.2093,0.4293,0.0476,0.5722,1,4,0,0,1,0,2.0635,536.11,87.67,684.63,9023.57,8614.16,0,0.0,2.7499,0,0
2026-08-27T19:37:59.453414+00:00,web_xss_v1,web_xss_v1__247ab311d5ec,initial_access,T1190,7,4,1.9502,1.0,0.0,40370.74,12816.11,0.7474,63,20,0.8406,1.6705,0.6694,0.0745,0.893,1,3,0,0,1,0,3.1006,640.81,210.28,1033.44,8024.83,9685.26,0,0.0047,4.3888,0,0
2026-08-27T19:38:04.453414+00:00,web_xss_v1,web_xss_v1__247ab311d5ec,initial_access,T1190,6,3,1.4591,0.9771,0.0158,33093.3,12256.78,0.8419,54,20,0.6167,1.4726,0.6486,0.1042,0.9612,1,3,0,0,1,0,2.6929,612.84,133.02,799.48,6981.19,6940.59,0,0.0121,3.5243,0,0
2026-08-27T19:38:09.453414+00:00,web_xss_v1,web_xss_v1__247ab311d5ec,initial_access,T1190,9,3,1.585,1.0,0.0,13878.98,5140.36,0.8231,27,10,0.3243,0.8466,0.6498,0.1706,1.1617,1,4,1,0,1,0,2.5972,514.04,156.34,779.62,8614.15,7542.71,0,0.0268,3.6149,0,1
2026-08-27T19:38:14.453414+00:00,web_xss_v1,web_xss_v1__247ab311d5ec,initial_access,T1190,11,4,1.9363,1.0,0.0,52506.12,32882.62,0.8307,99,62,0.5354,1.0315,0.5262,0.1124,0.8635,1,5,1,0,2,0,1.5954,530.36,258.87,1139.63,7395.94,8181.47,1,0.04,3.8886,0,0
2026-08-27T19:38:19.453414+00:00,web_xss_v1,web_xss_v1__247ab311d5ec,initial_access,T1190,8,3,1.2988,1.0,0.0061,35812.81,24621.31,0.7458,64,44,0.6003,1.6593,0.6813,0.1929,1.2601,1,4,0,0,1,0,1.4497,559.58,174.7,898.94,7308.09,8015.68,0,0.0249,3.3872,0,0
2026-08-27T19:38:24.453414+00:00,web_xss_v1,web_xss_v1__247ab311d5ec,initial_access,T1190,10,4,1.971,1.0,0.0,41416.61,15383.31,0.7709,70,26,0.5441,0.7136,0.3672,0.0464,0.5064,2,4,1,0,2,0,2.6209,591.67,172.91,881.21,8336.49,7235.89,1,0.0301,4.296,0,0
2026-08-27T19:38:29.453414+00:00,web_xss_v1,web_xss_v1__247ab311d5ec,initial_access,T1190,2,2,1.0,0.98,0.0439,6602.5,2475.94,0.7465,8,3,0.5026,1.4523,0.5904,0.1661,1.0888,0,0,0,0,0,0,2.0525,825.31,72.42,897.73,9002.19,8965.65,0,0.0,3.9869,0,0
2026-08-27T19:38:34.453414+00:00,web_xss_v1,web_xss_v1__247ab311d5ec,initial_access,T1190,10,4,1.8464,0.9847,0.0104,42137.37,14045.79,0.7971,90,30,0.5785,1.4438,0.471,0.1061,0.7893,1,4,0,0,2,0,2.9853,468.19,166.1,814.85,9092.39,8116.22,1,0.0,3.4153,0,0
2026-08-27T19:38:39.453414+00:00,web_xss_v1,web_xss_v1__247ab311d5ec,initial_access,T1190,15,4,1.6729,1.0,0.0175,42785.63,25671.38,0.703,90,54,0.6238,1.8486,0.3726,0.072,0.5886,2,7,1,0,3,0,1.6426,475.4,205.06,1203.63,7065.23,10108.81,1,0.0,3.7355,0,0
2026-08-27T19:38:44.453414+00:00,web_xss_v1,web_xss_v1__247ab311d5ec,initial_access,T1190,7,4,1.8424,0.9744,0.0615,32079.7,17312.85,0.6895,63,34,0.5001,0.7041,0.6463,0.1696,1.1551,1,3,0,0,1,0,1.8376,509.2,139.52,828.22,10225.8,6058.36,0,0.0383,3.5329,0,0
2026-08-27T19:38:49.453414+00:00,web_xss_v1,web_xss_v1__247ab311d5ec,initial_access,T1190,13,4,1.8843,1.0,0.0339,90353.1,37910.39,0.8141,143,60,0.3008,0.7431,0.4367,0.1133,0.7765,2,6,1,0,2,0,2.3754,631.84,200.52,1072.71,7337.74,9199.48,1,0.0091,4.0468,0,1
2026-08-27T19:38:54.453414+00:00,web_xss_v1,web_xss_v1__247ab311d5ec,initial_access,T1190,13,4,1.8339,1.0,0.0,53038.41,21419.36,0.7931,104,42,0.5225,1.0473,0.5065,0.1189,0.8632,2,6,1,0,3,0,2.4724,509.98,181.36,904.96,8666.97,6415.12,1,0.0167,4.5552,0,0
2026-08-27T19:38:59.453414+00:00,web_xss_v1,web_xss_v1__247ab311d5ec,initial_access,T1190,13,4,1.8843,1.0,0.0177,29433.59,9622.52,0.7262,52,17,0.5894,1.4431,0.5908,0.1675,1.0932,2,6,1,0,2,0,3.0153,566.03,199.73,867.77,7287.41,9936.13,1,0.0014,4.8405,0,0
2026-08-27T19:39:04.453414+00:00,web_xss_v1,web_xss_v1__247ab311d5ec,initial_access,T1190,4,3,1.5,1.0,0.0093,10961.32,3197.05,0.7553,24,7,0.536,1.3614,0.5753,0.0975,0.8677,0,2,0,0,0,0,3.2093,456.72,169.46,742.56,8463.21,9210.63,0,0.0183,4.0747,0,0
2026-08-27T19:39:09.453414+00:00,web_xss_v1,web_xss_v1__247ab311d5ec,initial_access,T1190,8,4,1.8113,1.0,0.0052,41809.76,15243.14,0.8039,96,35,0.6339,1.7867,0.4418,0.1317,0.8367,1,3,0,0,1,0,2.6767,435.52,142.39,639.38,7810.73,8907.1,0,0.0,4.2495,0,0
2026-08-27T19:39:14.453414+00:00,web_xss_v1,web_xss_v1__247ab311d5ec,initial_access,T1190,10,4,1.571,1.0,0.012,18540.56,16686.5,0.7426,30,27,0.9252,1.5892,0.6496,0.1335,1.0499,1,5,1,0,2,0,1.0904,618.02,255.63,1212.78,9482.07,9436.24,1,0.0,2.6136,0,2
2026-08-27T19:39:19.453414+00:00,web_xss_v1,web_xss_v1__247ab311d5ec,initial_access,T1190,11,4,1.9363,0.9471,0.0683,16780.16,7627.34,0.6912,33,15,0.3509,0.895,0.4675,0.1397,0.8867,1,5,1,0,1,0,2.1683,508.49,99.63,656.23,9342.52,7885.9,0,0.0031,3.5179,0,0
2026-08-27T19:39:24.453414+00:00,web_xss_v1,web_xss_v1__247ab311d5ec,initial_access,T1190,8,4,1.9056,0.9846,0.0,51072.48,24955.87,0.7321,88,43,0.4974,0.7461,0.6806,0.0996,0.9793,1,3,0,0,1,0,2.044,580.37,187.93,932.78,8143.93,8187.25,0,0.0205,4.8529,0,0
2026-08-27T19:39:29.453414+00:00,web_xss_v1,web_xss_v1__247ab311d5ec,initial_access,T1190,4,2,0.8113,1.0,0.0102,9364.26,4096.86,0.8165,16,7,0.472,0.9631,0.5376,0.1602,1.0183,0,2,0,0,0,0,2.0064,585.27,120.97,697.86,8407.38,9384.7,0,0.0129,4.0156,0,0
2026-08-27T19:39:34.453414+00:00,web_xss_v1,web_xss_v1__247ab311d5ec,initial_access,T1190,16,4,1.6774,0.9753,0.0084,45425.71,22145.03,0.7381,80,39,0.6406,1.7885,0.5194,0.1217,0.8844,2,7,1,0,3,0,2.0432,567.82,187.65,918.46,6473.82,7757.48,1,0.0,4.626,0,0
2026-08-27T19:39:39.453414+00:00,web_xss_v1,web_xss_v1__247ab311d5ec,initial_access,T1190,12,4,1.9591,1.0,0.0083,42276.41,15602.01,0.728,84,31,0.7019,1.9417,0.6099,0.0965,0.8992,1,5,1,0,2,0,2.6833,503.29,117.06,697.79,5958.56,7010.45,1,0.0412,2.9823,0,0
2026-08-27T19:39:44.453414+00:00,web_xss_v1,web_xss_v1__247ab311d5ec,initial_access,T1190,9,4,1.7527,1.0,0.0,22779.55,11389.78,0.777,36,18,0.9159,1.9312,0.7883,0.1124,1.1255,1,4,1,0,2,0,1.9586,632.77,226.35,1156.41,6884.4,9533.6,1,0.008,3.7513,0,0
2026-08-27T19:39:49.453414+00:00,web_xss_v1,web_xss_v1__247ab311d5ec,initial_access,T1190,7,3,1.3788,0.9986,0.0416,13109.01,5149.97,0.677,28,11,0.5293,1.3383,0.5082,0.1272,0.8899,1,3,0,0,1,0,2.5256,468.18,154.99,817.5,8499.49,6067.66,0,0.0,4.4657,0,0
2026-08-27T19:39:54.453414+00:00,web_xss_v1,web_xss_v1__247ab311d5ec,initial_access,T1190,14,3,1.4316,0.9768,0.0119,19294.69,5512.77,0.8187,28,8,0.5865,1.7259,0.4743,0.0765,0.7037,2,6,1,0,3,0,3.1341,689.1,247.83,1134.26,8532.34,8655.79,1,0.0248,5.3913,0,0
2026-08-27T19:39:59.453414+00:00,web_xss_v1,web_xss_v1__247ab311d5ec,initial_access,T1190,20,4,1.9527,1.0,0.0,40918.14,16367.26,0.7602,80,32,0.3426,0.6089,0.4972,0.1435,0.9277,3,10,1,0,4,0,2.4305,511.48,150.67,763.77,7602.92,6817.17,2,0.0,2.9649,0,1
2026-08-27T19:40:04.453414+00:00,web_xss_v1,web_xss_v1__247ab311d5ec,initial_access,T1190,4,3,1.5,1.0,0.0,13595.32,5341.02,0.6684,28,11,0.5033,1.4597,0.6225,0.1561,1.0907,0,1,0,0,0,0,2.3527,485.55,214.23,846.5,7369.94,8947.83,0,0.0293,4.018,0,0
2026-08-27T19:40:09.453414+00:00,web_xss_v1,web_xss_v1__247ab311d5ec,initial_access,T1190,16,4,1.7641,0.9471,0.0245,40786.36,18863.69,0.6813,80,37,0.3648,0.9541,0.4336,0.0643,0.6265,3,8,1,0,3,0,2.1508,509.83,222.62,1204.05,9690.69,8848.35,2,0.0308,3.8229,0,0
2026-08-27T19:40:14.453414+00:00,web_xss_v1,web_xss_v1__247ab311d5ec,initial_access,T1190,7,4,1.9502,1.0,0.0,29551.32,9850.44,0.7202,42,14,0.507,0.8933,0.6217,0.1268,1.002,1,3,0,0,1,0,2.8851,703.6,138.02,867.72,7683.01,7452.4,0,0.0,5.324,0,0
2026-08-27T19:40:19.453414+00:00,web_xss_v1,web_xss_v1__247ab311d5ec,initial_access,T1190,11,4,1.8676,0.9752,0.0041,22493.46,7157.01,0.6752,44,14,0.6481,0.8217,0.6155,0.152,1.0713,2,5,1,0,1,0,2.9776,511.22,187.35,774.64,8240.96,9531.95,0,0.0478,4.6031,0,0
2026-08-27T19:40:24.453414+00:00,web_xss_v1,web_xss_v1__247ab311d5ec,initial_access,T1190,5,2,0.971,1.0,0.0,13974.02,9502.33,0.6961,25,17,0.6196,1.2998,0.5365,0.1046,0.8502,0,2,0,0,1,0,1.4439,558.96,240.54,1017.61,8203.17,8927.12,0,0.0,4.5227,0,0
2026-08-27T19:40:29.453414+00:00,web_xss_v1,web_xss_v1__247ab311d5ec,initial_access,T1190,10,4,1.971,0.9583,0.0319,22503.67,8438.88,0.7818,40,15,0.3835,0.667,0.5292,0.0614,0.7135,2,4,1,0,2,0,2.5229,562.59,183.24,868.64,8871.54,9369.54,1,0.0111,4.2269,0,0
2026-08-27T19:40:34.453414+00:00,web_xss_v1,web_xss_v1__247ab311d5ec,initial_access,T1190,11,4,1.6858,1.0,0.0025,48896.06,20558.57,0.7308,88,37,0.6571,1.1229,0.5021,0.081,0.7452,2,5,0,0,2,0,2.3411,555.64,168.17,889.85,8655.36,7632.96,1,0.0098,3.6863,0,0
2026-08-27T19:40:39.453414+00:00,web_xss_v1,web_xss_v1__247ab311d5ec,initial_access,T1190,13,4,1.8339,0.9585,0.0132,22348.04,13752.64,0.8154,39,24,0.3883,0.7477,0.5381,0.0656,0.7349,2,6,1,0,3,0,1.5858,573.03,166.03,880.07,7908.13,8692.79,2,0.0343,3.8236,0,0
2026-08-27T19:40:44.453414+00:00,web_xss_v1,web_xss_v1__247ab311d5ec,initial_access,T1190,8,2,0.9544,0.9725,0.01,29170.64,13673.74,0.6632,64,30,0.452,0.6451,0.5509,0.1292,0.9385,1,3,0,0,1,0,2.1,455.79,126.63,622.06,6404.11,7521.83,0,0.0311,3.5945,0,0
2026-08-27T19:40:49.453414+00:00,web_xss_v1,web_xss_v1__247ab311d5ec,initial_access,T1190,10,4,1.6855,1.0,0.0131,16175.88,8627.13,0.7508,30,16,0.375,0.6748,0.5588,0.1124,0.8959,1,4,1,0,1,0,1.8156,539.2,142.03,793.15,8862.4,7536.72,0,0.0051,3.7335,0,2
2026-08-27T19:40:54.453414+00:00,web_xss_v1,web_xss_v1__247ab311d5ec,initial_access,T1190,9,4,1.4466,0.9762,0.0559,10675.68,4151.65,0.8103,18,7,0.6058,1.5198,0.5726,0.0703,0.7835,1,4,0,0,1,0,2.4943,593.09,182.0,887.28,9576.83,7582.2,0,0.0008,4.3503,0,0
2026-08-27T19:40:59.453414+00:00,web_xss_v1,web_xss_v1__247ab311d5ec,initial_access,T1190,14,3,1.4488,1.0,0.0,78145.98,57340.88,0.6495,154,113,0.3506,0.4685,0.6155,0.0911,0.8888,2,6,1,1,3,0,1.351,507.44,110.73,686.03,7815.09,9085.17,2,0.0585,3.5656,0,0
2026-08-27T19:41:04.453414+00:00,web_xss_v1,web_xss_v1__247ab311d5ec,initial_access,T1190,9,4,1.6577,1.0,0.0478,14882.12,4960.71,0.7261,27,9,0.4938,1.2004,0.561,0.1535,1.0216,2,4,0,0,1,0,2.723,551.19,148.17,775.21,8091.17,7711.58,0,0.0345,3.6736,0,0
2026-08-27T19:41:09.453414+00:00,web_xss_v1,web_xss_v1__247ab311d5ec,initial_access,T1190,13,4,1.8262,1.0,0.0074,48116.54,23793.89,0.7856,91,45,0.6419,1.6118,0.45,0.0848,0.7045,1,6,1,0,3,0,1.9861,528.75,158.23,814.25,8644.94,8654.69,1,0.058,4.916,0,0
2026-08-27T19:41:14.453414+00:00,web_xss_v1,web_xss_v1__247ab311d5ec,initial_access,T1190,9,4,1.8366,1.0,0.01,55994.36,18664.79,0.8226,90,30,0.4604,1.1278,0.5203,0.1173,0.8723,1,4,1,0,1,0,2.9771,622.16,135.11,787.97,7582.31,8044.59,0,0.0,4.5989,0,0
2026-08-27T19:41:19.453414+00:00,web_xss_v1,web_xss_v1__247ab311d5ec,initial_access,T1190,6,3,1.4591,0.9991,0.0432,39192.82,16079.1,0.7828,78,32,0.6927,1.7699,0.5521,0.0909,0.8248,1,2,0,0,1,0,2.3639,502.47,145.82,811.44,11181.05,7104.77,0,0.0179,3.8474,0,0
2026-08-27T19:41:24.453414+00:00,web_xss_v1,web_xss_v1__247ab311d5ec,initial_access,T1190,3,3,1.585,0.9975,0.0024,5400.87,2160.35,0.778,15,6,0.6842,1.6183,0.6014,0.1495,1.05,0,1,0,0,0,0,2.4631,360.06,118.37,527.44,9200.23,9648.25,0,0.0,4.0112,0,0
2026-08-27T19:41:29.453414+00:00,web_xss_v1,web_xss_v1__247ab311d5ec,initial_access,T1190,5,3,1.5219,0.9671,0.0158,14895.49,7447.74,0.7655,20,10,0.8754,2.3877,0.7012,0.1806,1.243,0,2,0,0,1,0,1.8678,744.77,214.31,950.49,8460.21,10321.67,0,0.0,4.3154,0,0
2026-08-27T19:41:34.453414+00:00,web_xss_v1,web_xss_v1__247ab311d5ec,initial_access,T1190,10,4,1.8464,0.9777,0.0056,27378.81,14236.98,0.7682,50,26,0.6362,1.8799,0.464,0.0617,0.6491,1,4,1,0,2,0,1.8522,547.58,136.75,771.06,7923.29,7353.52,1,0.0,3.4816,0,0
2026-08-27T19:41:39.453414+00:00,web_xss_v1,web_xss_v1__247ab311d5ec,initial_access,T1190,19,4,1.9785,1.0,0.0,80755.42,35596.14,0.7581,152,67,0.6366,1.7213,0.507,0.0616,0.6918,3,9,0,0,3,0,2.252,531.29,123.54,741.6,8101.22,8713.03,2,0.0198,4.0779,0,0
2026-08-27T19:41:44.453414+00:00,web_xss_v1,web_xss_v1__247ab311d5ec,initial_access,T1190,10,4,1.971,1.0,0.0003,54097.42,34081.37,0.7223,100,63,0.3702,0.8122,0.6152,0.1008,0.9176,1,4,0,0,2,0,1.5852,540.97,240.79,1072.02,8164.03,7155.81,1,0.0127,4.0774,0,1
2026-08-27T19:41:49.453414+00:00,web_xss_v1,web_xss_v1__247ab311d5ec,initial_access,T1190,7,4,1.8424,0.9803,0.0125,27996.25,11998.39,0.7689,49,21,0.8139,1.0928,0.5227,0.1054,0.8388,1,3,0,0,1,0,2.2699,571.35,120.27,741.74,6901.01,8985.57,0,0.018,3.8766,0,0
2026-08-27T19:41:54.453414+00:00,web_xss_v1,web_xss_v1__247ab311d5ec,initial_access,T1190,10,3,1.4855,1.0,0.0,35449.05,12997.99,0.8023,60,22,0.2737,0.7773,0.5115,0.0969,0.8022,1,5,1,0,2,0,2.6295,590.82,279.07,1343.63,8683.32,7119.56,1,0.0488,4.0527,0,0
2026-08-27T19:41:59.453414+00:00,web_xss_v1,web_xss_v1__247ab311d5ec,initial_access,T1190,9,4,1.9749,0.976,0.0077,9409.53,7318.52,0.7728,18,14,0.6231,1.1063,0.5491,0.068,0.7531,1,4,0,0,2,0,1.2174,522.75,140.95,718.74,9948.6,8752.95,1,0.0222,3.536,0,0
2026-08-27T19:42:04.453414+00:00,web_xss_v1,web_xss_v1__247ab311d5ec,initial_access,T1190,11,4,1.8231,0.998,0.0168,61594.93,21278.25,0.755,110,38,0.3038,0.9112,0.5599,0.161,1.0428,1,5,1,0,2,0,2.8594,559.95,214.25,912.86,6157.43,6667.77,1,0.0787,4.986,0,0
2026-08-27T19:42:09.453414+00:00,web_xss_v1,web_xss_v1__247ab311d5ec,initial_access,T1190,16,4,1.9363,1.0,0.0,58773.13,33672.1,0.8407,96,55,0.3036,0.7221,0.5212,0.1026,0.829,3,7,1,0,4,0,1.716,612.22,182.23,1029.18,8800.73,8966.93,2,0.0267,4.1068,0,1
2026-08-27T19:42:14.453414+00:00,web_xss_v1,web_xss_v1__247ab311d5ec,initial_access,T1190,10,4,1.8464,1.0,0.0,27908.43,17210.2,0.8194,60,37,0.6518,1.0616,0.4544,0.1034,0.7646,1,5,0,0,2,0,1.5968,465.14,171.15,898.13,7636.71,8346.07,1,0.0173,4.2076,0,0
2026-08-27T19:42:19.453414+00:00,web_xss_v1,web_xss_v1__247ab311d5ec,initial_access,T1190,7,3,1.4488,0.9888,0.0004,23249.29,9489.5,0.889,49,20,0.3903,0.6205,0.7473,0.1564,1.2165,1,3,0,0,1,0,2.3852,474.48,160.02,706.14,8649.51,7752.84,0,0.0,4.7154,0,0
2026-08-27T19:42:24.453414+00:00,web_xss_v1,web_xss_v1__247ab311d5ec,initial_access,T1190,5,3,1.5219,0.9517,0.0608,6908.66,3224.04,0.7315,15,7,0.6451,1.7667,0.5292,0.1435,0.9598,0,2,0,0,0,0,2.099,460.58,49.94,506.24,7482.83,8870.89,0,0.0,4.1017,0,0
2026-08-27T19:42:29.453414+00:00,web_xss_v1,web_xss_v1__247ab311d5ec,initial_access,T1190,6,4,1.9183,1.0,0.004,11420.96,3806.99,0.773,18,6,0.3869,0.8005,0.6185,0.0801,0.8587,1,2,0,0,1,0,2.8167,634.5,202.2,918.29,9283.36,7541.4,0,0.0117,3.8865,0,0
2026-08-27T19:42:34.453414+00:00,web_xss_v1,web_xss_v1__247ab311d5ec,initial_access,T1190,5,4,1.9219,1.0,0.0,20668.47,8784.1,0.7227,40,17,0.5062,0.7942,0.5687,0.1461,1.0069,0,2,0,0,1,0,2.3502,516.71,164.04,802.71,9353.55,7358.52,0,0.007,3.8919,0,1
2026-08-27T19:42:39.453414+00:00,web_xss_v1,web_xss_v1__247ab311d5ec,initial_access,T1190,4,3,1.5,0.9941,0.0362,22162.44,12088.61,0.6566,44,24,0.9313,1.2092,0.6657,0.1296,1.0547,0,1,0,0,0,0,1.8166,503.69,55.13,577.82,8825.62,9069.44,0,0.0,4.3838,0,0
2026-08-27T19:42:44.453414+00:00,web_xss_v1,web_xss_v1__247ab311d5ec,initial_access,T1190,7,3,1.5567,0.9908,0.0,12533.34,4774.61,0.6213,21,8,0.3489,0.5031,0.5273,0.084,0.7794,1,3,0,0,1,0,2.4287,596.83,207.15,1060.46,8492.45,8629.15,0,0.0264,4.4587,0,0
2026-08-27T19:42:49.453414+00:00,web_xss_v1,web_xss_v1__247ab311d5ec,initial_access,T1190,12,4,1.7296,0.9742,0.0368,18730.77,16129.27,0.7994,36,31,0.6917,1.4057,0.5045,0.0709,0.7171,2,6,1,0,2,0,1.1473,520.3,142.39,747.82,9068.14,7991.39,1,0.0511,3.7533,0,0
2026-08-27T19:42:54.453414+00:00,web_xss_v1,web_xss_v1__247ab311d5ec,initial_access,T1190,6,3,1.4591,1.0,0.0,30058.41,15029.21,0.7882,48,24,0.3817,0.6055,0.4707,0.1236,0.8415,1,3,0,0,1,0,1.9786,626.22,292.78,1103.0,7733.4,8641.31,0,0.0292,3.2143,0,0
2026-08-27T19:42:59.453414+00:00,web_xss_v1,web_xss_v1__247ab311d5ec,initial_access,T1190,9,4,1.8911,0.9685,0.0075,40890.44,14639.79,0.7459,81,29,0.486,0.8471,0.6602,0.1029,0.969,1,4,1,0,1,0,2.7634,504.82,136.11,692.2,9370.28,8766.97,0,0.0265,3.3663,0,0
2026-08-27T19:43:04.453414+00:00,web_xss_v1,web_xss_v1__247ab311d5ec,initial_access,T1190,4,3,1.5,1.0,0.0225,10378.54,3459.51,0.6847,24,8,0.3709,0.7162,0.5343,0.1266,0.914,0,1,0,0,0,0,2.8139,432.44,120.62,602.8,7308.24,7607.57,0,0.0,3.1244,0,0
2026-08-27T19:43:09.453414+00:00,web_xss_v1,web_xss_v1__247ab311d5ec,initial_access,T1190,6,3,1.4591,0.9331,0.0761,8111.79,4055.89,0.8143,18,9,0.5067,0.6108,0.4261,0.1094,0.7542,1,2,0,0,1,0,1.8064,450.65,205.12,760.88,10698.95,7801.96,0,0.0028,3.8112,0,0
2026-08-27T19:43:14.453414+00:00,web_xss_v1,web_xss_v1__247ab311d5ec,initial_access,T1190,8,4,1.9056,0.9743,0.0521,14355.11,7626.15,0.7916,32,17,0.5119,0.9154,0.7622,0.1902,1.3327,1,4,0,0,2,0,1.8093,448.6,103.68,579.02,8314.84,7883.24,1,0.0411,3.1257,0,1
2026-08-27T19:43:19.453414+00:00,web_xss_v1,web_xss_v1__247ab311d5ec,initial_access,T1190,12,4,1.9591,1.0,0.0094,29328.44,15886.24,0.8512,48,26,0.512,1.4544,0.6101,0.0651,0.8055,2,5,1,0,2,0,1.8043,611.01,159.2,921.44,7255.59,9486.53,1,0.0037,3.2687,0,0
2026-08-27T19:43:24.453414+00:00,web_xss_v1,web_xss_v1__247ab311d5ec,initial_access,T1190,8,3,1.5,0.998,0.0,37846.52,15966.5,0.7823,64,27,0.7573,1.722,0.6565,0.1443,1.0894,1,4,0,0,1,0,2.3152,591.35,197.95,889.22,8478.42,7187.9,0,0.0243,5.1498,0,0
2026-08-27T19:43:29.453414+00:00,web_xss_v1,web_xss_v1__247ab311d5ec,initial_access,T1190,7,3,1.4488,0.9853,0.0,38997.54,22284.31,0.7911,63,36,0.7529,1.2138,0.6371,0.0711,0.8502,0,3,0,0,1,0,1.72,619.01,201.0,963.57,9240.52,8494.69,0,0.0,3.6742,0,0
2026-08-27T19:43:34.453414+00:00,web_xss_v1,web_xss_v1__247ab311d5ec,initial_access,T1190,15,4,1.7819,0.9598,0.0289,28830.55,10891.54,0.7069,45,17,0.4574,0.9033,0.5264,0.1083,0.8513,2,7,1,0,4,0,2.5234,640.68,257.29,1298.47,6366.04,7726.11,3,0.0378,4.1174,0,1
2026-08-27T19:43:39.453414+00:00,web_xss_v1,web_xss_v1__247ab311d5ec,initial_access,T1190,15,4,1.9656,0.9985,0.0136,17451.76,5817.25,0.7573,30,10,0.7012,1.6439,0.4589,0.0557,0.6262,2,7,1,0,3,0,2.7462,581.73,150.62,917.5,7797.06,7447.51,1,0.0,4.1065,0,1
2026-08-27T19:43:44.453414+00:00,web_xss_v1,web_xss_v1__247ab311d5ec,initial_access,T1190,12,4,1.9183,1.0,0.0,25756.14,12341.48,0.7927,48,23,0.8201,1.6093,0.5801,0.0747,0.8043,2,5,0,0,2,0,2.019,536.59,144.21,802.95,8346.13,8782.58,1,0.0414,4.1246,0,0
2026-08-27T19:43:49.453414+00:00,web_xss_v1,web_xss_v1__247ab311d5ec,initial_access,T1190,13,4,1.9878,1.0,0.0312,29282.64,23088.23,0.6833,52,41,0.7106,1.4402,0.5512,0.159,1.0283,2,6,1,0,2,0,1.2573,563.13,231.65,1028.26,8018.47,9185.06,1,0.0235,4.0185,0,0
2026-08-27T19:43:54.453414+00:00,web_xss_v1,web_xss_v1__247ab311d5ec,initial_access,T1190,10,4,1.761,0.9734,0.0,23375.09,9817.54,0.7092,50,21,0.5184,1.3134,0.5454,0.0867,0.8056,1,5,1,0,2,0,2.2943,467.5,134.65,727.46,8864.99,6797.04,1,0.0,4.6995,0,1
2026-08-27T19:43:59.453414+00:00,web_xss_v1,web_xss_v1__247ab311d5ec,initial_access,T1190,8,4,1.9056,0.9684,0.0251,20027.32,8136.1,0.7599,32,13,0.712,0.9808,0.6571,0.174,1.179,1,4,0,0,1,0,2.349,625.85,161.89,902.95,8434.85,8884.67,0,0.0607,4.046,0,0
2026-08-27T19:44:04.453414+00:00,web_xss_v1,web_xss_v1__247ab311d5ec,initial_access,T1190,8,4,1.8113,0.9481,0.0591,28140.74,12663.33,0.7863,40,18,0.3694,0.9513,0.5937,0.1537,1.0547,1,4,0,0,1,0,2.2206,703.52,358.8,1591.13,8888.5,8682.03,0,0.0,3.9069,0,0
2026-08-27T19:44:09.453414+00:00,web_xss_v1,web_xss_v1__247ab311d5ec,initial_access,T1190,6,3,1.585,1.0,0.0,23911.3,15498.07,0.8884,54,35,0.6893,1.0404,0.5155,0.087,0.7764,0,3,0,0,1,0,1.534,442.8,116.59,650.87,8365.84,8763.38,0,0.0834,4.3122,0,0
2026-08-27T19:44:14.453414+00:00,web_xss_v1,web_xss_v1__247ab311d5ec,initial_access,T1190,9,4,1.8366,1.0,0.0,23534.89,12551.94,0.7894,45,24,0.4615,0.9466,0.6337,0.1578,1.107,1,4,1,0,1,0,1.8318,523.0,137.37,765.16,7927.46,8875.04,0,0.0856,4.4696,0,0
2026-08-27T19:44:19.453414+00:00,web_xss_v1,web_xss_v1__247ab311d5ec,initial_access,T1190,8,3,1.5,0.9789,0.0207,18123.45,11327.16,0.706,40,25,0.6703,0.8369,0.5049,0.1024,0.812,1,4,0,0,1,0,1.5621,453.09,134.2,669.7,7839.53,8746.54,0,0.0354,3.4532,0,0
2026-08-27T19:44:24.453414+00:00,web_xss_v1,web_xss_v1__247ab311d5ec,initial_access,T1190,8,4,1.9056,1.0,0.0283,31313.91,14189.12,0.7367,64,29,0.3253,0.9473,0.4928,0.0856,0.7496,1,4,0,0,1,0,2.1399,489.28,134.59,688.27,8458.04,8980.15,0,0.0,4.5065,0,0
2026-08-27T19:44:29.453414+00:00,web_xss_v1,web_xss_v1__247ab311d5ec,initial_access,T1190,8,4,1.9056,1.0,0.0,36770.37,27577.78,0.6816,64,48,0.5239,0.811,0.4813,0.1186,0.837,1,3,0,0,1,0,1.3274,574.54,184.31,1016.92,8613.13,8616.02,0,0.0497,3.7871,0,0
2026-08-27T19:44:34.453414+00:00,web_xss_v1,web_xss_v1__247ab311d5ec,initial_access,T1190,14,4,1.9592,1.0,0.0,42580.9,25852.69,0.5991,84,51,0.6537,1.7276,0.4759,0.0589,0.6527,2,7,1,0,3,0,1.6395,506.92,171.02,900.83,7029.57,8188.92,1,0.0407,3.3896,0,0
2026-08-27T19:44:39.453414+00:00,web_xss_v1,web_xss_v1__247ab311d5ec,initial_access,T1190,10,3,1.4855,0.9883,0.0242,26579.5,9568.62,0.7235,50,18,0.447,1.1425,0.5185,0.1129,0.8573,2,5,0,0,2,0,2.7768,531.59,82.88,631.71,7703.98,8308.42,1,0.0,3.6001,0,0
2026-08-27T19:44:44.453414+00:00,web_xss_v1,web_xss_v1__247ab311d5ec,initial_access,T1190,9,4,1.8911,1.0,0.014,17613.33,7175.8,0.7042,27,11,0.4943,0.6337,0.76,0.2273,1.4418,1,4,1,0,2,0,2.3328,652.35,132.45,927.19,8140.69,8375.6,1,0.0067,3.5374,0,0
2026-08-27T19:44:49.453414+00:00,web_xss_v1,web_xss_v1__247ab311d5ec,initial_access,T1190,7,2,0.8631,0.9661,0.0073,19688.17,7969.02,0.8019,42,17,0.6984,2.0131,0.4765,0.0843,0.7293,1,3,0,0,1,0,2.4048,468.77,123.74,630.88,9716.3,8613.79,0,0.0432,3.7297,0,1
2026-08-27T19:44:54.453414+00:00,web_xss_v1,web_xss_v1__247ab311d5ec,initial_access,T1190,8,3,1.5,0.9993,0.0,16830.26,6837.29,0.6951,32,13,0.2731,0.6914,0.6198,0.1327,1.0178,1,3,1,0,1,0,2.4124,525.95,133.64,685.0,7026.08,7813.2,0,0.0235,3.6536,0,0
2026-08-27T19:44:59.453414+00:00,web_xss_v1,web_xss_v1__247ab311d5ec,initial_access,T1190,6,3,1.2516,1.0,0.0,10406.98,5781.65,0.7037,18,10,0.3602,0.9007,0.6372,0.1056,0.954,1,2,0,0,1,0,1.6441,578.17,75.99,679.51,10335.43,8812.69,0,0.0056,4.491,0,0
2026-08-27T19:45:04.453414+00:00,web_xss_v1,web_xss_v1__247ab311d5ec,initial_access,T1190,10,4,1.971,1.0,0.0247,24589.58,9344.04,0.6988,50,19,0.7195,1.4091,0.5187,0.1443,0.9516,1,4,0,0,2,0,2.5248,491.79,144.48,691.22,8799.21,7235.42,1,0.0358,4.721,0,0
2026-08-27T19:45:09.453414+00:00,web_xss_v1,web_xss_v1__247ab311d5ec,initial_access,T1190,2,2,1.0,0.9987,0.0,4110.12,2055.06,0.7361,10,5,0.8527,1.8776,0.701,0.1157,1.0483,0,0,0,0,0,0,1.9456,411.01,63.11,474.12,6332.91,7105.46,0,0.0195,4.0346,0,0
2026-08-27T19:45:14.453414+00:00,web_xss_v1,web_xss_v1__247ab311d5ec,initial_access,T1190,11,4,1.7899,0.9758,0.0513,22455.94,8676.16,0.7628,44,17,0.4004,0.9631,0.5518,0.0852,0.8074,2,5,0,0,2,0,2.453,510.36,168.64,889.28,6883.19,7593.86,1,0.0345,4.7982,0,0
2026-08-27T19:45:19.453414+00:00,web_xss_v1,web_xss_v1__247ab311d5ec,initial_access,T1190,11,4,1.8676,1.0,0.0319,31376.29,13121.0,0.7444,55,23,0.6261,1.5944,0.693,0.15,1.143,2,5,0,0,2,0,2.3888,570.48,131.61,707.26,8884.79,6765.51,1,0.0349,4.5292,0,0
2026-08-27T19:45:24.453414+00:00,web_xss_v1,web_xss_v1__247ab311d5ec,initial_access,T1190,8,4,1.75,0.9898,0.0159,43400.61,17360.25,0.6673,80,32,0.6552,0.9705,0.4967,0.0968,0.787,1,4,0,0,1,0,2.4961,542.51,141.19,846.26,5376.28,7095.18,0,0.0197,3.8762,0,0
2026-08-27T19:45:29.453414+00:00,web_xss_v1,web_xss_v1__247ab311d5ec,initial_access,T1190,6,4,1.9183,0.9774,0.0374,16063.45,15528.0,0.7685,30,29,0.3972,1.1856,0.6315,0.0823,0.8782,1,2,0,0,1,0,1.0145,535.45,118.07,736.77,8541.22,8789.66,0,0.0268,3.8729,0,0
2026-08-27T19:45:34.453414+00:00,web_xss_v1,web_xss_v1__247ab311d5ec,initial_access,T1190,9,4,1.7527,0.9919,0.0063,18844.88,9422.44,0.7285,36,18,0.2928,0.6202,0.3846,0.0818,0.63,1,4,0,0,2,0,1.8957,523.47,194.85,908.52,11416.85,8144.23,1,0.0273,3.3902,0,0
2026-08-27T19:45:39.453414+00:00,web_xss_v1,web_xss_v1__247ab311d5ec,initial_access,T1190,11,4,1.6858,1.0,0.0072,52777.94,36784.62,0.7967,99,69,0.3941,1.0723,0.5944,0.1607,1.0765,2,5,1,0,2,0,1.4221,533.11,164.44,956.94,8595.57,8300.55,1,0.0147,4.7305,0,0
2026-08-27T19:45:44.453414+00:00,web_xss_v1,web_xss_v1__247ab311d5ec,initial_access,T1190,8,4,2.0,1.0,0.0365,17272.31,8636.16,0.7214,32,16,0.5927,1.4788,0.6407,0.1392,1.0583,1,4,0,0,1,0,1.9574,539.76,213.57,963.14,6804.68,8031.86,0,0.0184,3.6573,0,0
2026-08-27T19:45:49.453414+00:00,web_xss_v1,web_xss_v1__247ab311d5ec,initial_access,T1190,6,4,1.9183,1.0,0.0141,18095.48,8293.76,0.8126,24,11,0.3342,0.7219,0.6521,0.0789,0.8889,1,3,0,0,1,0,2.0301,753.98,327.59,1261.34,8002.56,7250.54,0,0.036,3.5447,0,1
2026-08-27T19:45:54.453414+00:00,web_xss_v1,web_xss_v1__247ab311d5ec,initial_access,T1190,4,3,1.5,0.9944,0.0361,20858.57,9994.73,0.7173,48,23,0.5058,1.3443,0.459,0.0638,0.6505,0,2,0,0,0,0,2.0642,434.55,139.7,650.29,8636.1,8894.84,0,0.0,3.8974,0,0
2026-08-27T19:45:59.453414+00:00,web_xss_v1,web_xss_v1__247ab311d5ec,initial_access,T1190,5,2,0.971,0.9583,0.0737,35959.12,16181.6,0.7701,60,27,0.5109,0.7744,0.4684,0.083,0.7173,0,2,0,0,1,0,2.163,599.32,206.93,951.19,6806.77,7819.28,0,0.0438,4.5832,0,0
2026-08-27T19:46:04.453414+00:00,web_xss_v1,web_xss_v1__247ab311d5ec,initial_access,T1190,9,3,1.5305,1.0,0.0,34709.24,11569.75,0.7744,63,21,0.3009,0.5459,0.5343,0.0803,0.7751,1,4,0,0,1,0,2.9446,550.94,274.66,1181.96,6973.68,10377.43,0,0.0303,4.1576,0,0
2026-08-27T19:46:09.453414+00:00,web_xss_v1,web_xss_v1__247ab311d5ec,initial_access,T1190,12,4,1.9591,1.0,0.0105,54273.07,26684.26,0.7367,120,59,0.565,0.9917,0.4551,0.1243,0.828,2,6,1,0,2,0,2.026,452.28,94.83,596.02,8580.02,8314.57,1,0.02,4.106,0,0
2026-08-27T19:46:14.453414+00:00,web_xss_v1,web_xss_v1__247ab311d5ec,initial_access,T1190,6,2,0.9183,1.0,0.0,24606.17,13123.29,0.7364,30,16,0.4047,1.2013,0.5289,0.0766,0.7587,1,2,0,0,1,0,1.783,820.21,229.63,1139.66,8618.02,8758.62,0,0.0,3.9348,0,1
2026-08-27T19:46:19.453414+00:00,web_xss_v1,web_xss_v1__247ab311d5ec,initial_access,T1190,13,4,1.7759,1.0,0.0,37871.59,23305.6,0.6994,78,48,0.4511,1.149,0.5383,0.1425,0.9657,1,6,1,0,2,0,1.6216,485.53,153.49,787.78,10464.51,9322.38,1,0.0607,3.3393,0,0
2026-08-27T19:46:24.453414+00:00,web_xss_v1,web_xss_v1__247ab311d5ec,initial_access,T1190,12,4,1.9183,0.9957,0.023,84659.45,35916.13,0.7723,132,56,0.4592,1.1292,0.3776,0.1009,0.6803,2,5,1,0,3,0,2.3539,641.36,273.96,1092.24,7394.38,10152.51,2,0.0336,4.5963,0,1
2026-08-27T19:46:29.453414+00:00,web_xss_v1,web_xss_v1__247ab311d5ec,initial_access,T1190,4,3,1.5,0.9953,0.0,20628.09,12033.05,0.7016,36,21,0.5937,0.7338,0.6622,0.176,1.1902,0,1,0,0,0,0,1.6649,573.0,174.46,842.94,7032.95,9463.5,0,0.0202,3.349,0,0
2026-08-27T19:46:34.453414+00:00,web_xss_v1,web_xss_v1__247ab311d5ec,initial_access,T1190,8,4,1.75,0.9863,0.0208,40544.62,13514.87,0.7373,72,24,0.3283,0.6247,0.6856,0.1821,1.2319,1,3,0,0,1,0,2.9827,563.12,135.7,789.38,8470.31,8143.07,0,0.0,3.7151,0,0
2026-08-27T19:46:39.453414+00:00,web_xss_v1,web_xss_v1__247ab311d5ec,initial_access,T1190,7,3,1.5567,1.0,0.0,15001.13,5893.3,0.706,28,11,0.3893,1.0548,0.5481,0.0752,0.7737,1,3,0,0,1,0,2.4333,535.75,191.92,945.43,8177.61,8693.56,0,0.0079,2.7279,0,0
2026-08-27T19:46:44.453414+00:00,web_xss_v1,web_xss_v1__247ab311d5ec,initial_access,T1190,10,3,1.571,1.0,0.0,28237.6,11295.04,0.7178,50,20,0.3429,1.0038,0.5529,0.116,0.9009,1,4,1,0,2,0,2.4335,564.75,159.14,886.2,7140.65,9109.35,1,0.0,3.6995,0,1
2026-08-27T19:46:49.453414+00:00,web_xss_v1,web_xss_v1__247ab311d5ec,initial_access,T1190,9,4,1.8911,0.978,0.0143,34118.79,19586.71,0.8096,54,31,0.7345,1.9456,0.6243,0.093,0.9032,1,4,0,0,2,0,1.7265,631.83,242.22,1114.97,8087.15,8446.97,1,0.0366,4.3153,0,0
2026-08-27T19:46:54.453414+00:00,web_xss_v1,web_xss_v1__247ab311d5ec,initial_access,T1190,8,4,1.75,0.9859,0.0173,27566.67,11322.03,0.7706,56,23,0.3947,0.4945,0.5199,0.0728,0.7382,1,3,0,0,1,0,2.3939,492.26,159.27,732.18,8402.8,7989.19,0,0.0744,3.1231,0,0
2026-08-27T19:46:59.453414+00:00,web_xss_v1,web_xss_v1__247ab311d5ec,initial_access,T1190,8,4,1.9056,1.0,0.0,23972.96,8989.86,0.6793,40,15,0.7896,1.0265,0.6479,0.1218,1.0134,1,4,0,0,1,0,2.5568,599.32,237.7,1035.43,8664.04,8421.05,0,0.012,4.3698,0,0
2026-08-27T19:47:04.453414+00:00,web_xss_v1,web_xss_v1__247ab311d5ec,initial_access,T1190,9,3,1.5305,0.9866,0.029,30046.88,15579.87,0.7553,54,28,0.6994,1.0311,0.5366,0.0713,0.7507,1,4,0,0,2,0,1.9258,556.42,131.06,784.64,8277.57,8813.64,1,0.0441,3.6335,0,0
2026-08-27T19:47:09.453414+00:00,web_xss_v1,web_xss_v1__247ab311d5ec,initial_access,T1190,13,4,1.9501,1.0,0.0028,60007.17,36927.49,0.7589,104,64,0.4986,1.272,0.4374,0.1223,0.8043,2,6,1,0,3,0,1.6082,576.99,152.81,830.57,7793.05,7542.49,1,0.0264,4.2405,0,0
2026-08-27T19:47:14.453414+00:00,web_xss_v1,web_xss_v1__247ab311d5ec,initial_access,T1190,5,3,1.5219,0.9997,0.0219,15111.79,6044.72,0.8101,35,14,0.2676,0.385,0.4337,0.1021,0.7399,0,2,0,0,1,0,2.3353,431.77,178.39,771.56,9215.51,7287.45,0,0.0022,4.4705,0,1
2026-08-27T19:47:19.453414+00:00,web_xss_v1,web_xss_v1__247ab311d5ec,initial_access,T1190,8,4,1.9056,1.0,0.0,16540.86,8270.43,0.7409,32,16,0.3039,0.7848,0.5758,0.0758,0.8033,1,4,0,0,1,0,1.9114,516.9,171.66,834.53,9267.59,10839.35,0,0.0057,4.6631,0,0
2026-08-27T19:47:24.453414+00:00,web_xss_v1,web_xss_v1__247ab311d5ec,initial_access,T1190,13,4,1.9501,1.0,0.0132,45187.53,19697.13,0.8197,78,34,0.8665,2.5477,0.5411,0.057,0.7121,2,6,1,0,2,0,2.2555,579.33,153.04,882.19,9593.66,8623.36,1,0.0208,3.8414,0,0
2026-08-27T19:47:29.453414+00:00,web_xss_v1,web_xss_v1__247ab311d5ec,initial_access,T1190,11,4,1.8676,1.0,0.0,17230.86,6265.77,0.6977,33,12,0.5708,1.1496,0.4026,0.0642,0.5953,2,5,1,0,2,0,2.6591,522.15,181.93,1004.5,7084.78,8331.46,1,0.0,3.3778,0,0
2026-08-27T19:47:34.453414+00:00,web_xss_v1,web_xss_v1__247ab311d5ec,initial_access,T1190,10,4,1.571,1.0,0.0,25274.27,14153.59,0.7702,50,28,0.6304,1.5205,0.564,0.1359,0.9716,1,5,0,0,2,0,1.7276,505.49,139.93,816.83,8213.04,9348.79,1,0.0151,2.6424,0,0
2026-08-27T19:47:39.453414+00:00,web_xss_v1,web_xss_v1__247ab311d5ec,initial_access,T1190,9,3,1.5305,1.0,0.0,33459.1,10621.94,0.7955,63,20,0.3939,0.9767,0.6532,0.09,0.9231,1,4,1,0,2,0,3.0468,531.1,261.25,1226.71,8392.91,7445.29,1,0.0316,4.0827,0,0
2026-08-27T19:47:44.453414+00:00,web_xss_v1,web_xss_v1__247ab311d5ec,initial_access,T1190,11,4,1.6767,0.9912,0.0172,19959.51,10887.0,0.7409,33,18,0.2521,0.75,0.5132,0.1311,0.9065,2,5,0,0,2,0,1.7404,604.83,141.48,827.95,8091.02,9610.97,1,0.0349,4.773,0,1
2026-08-27T19:47:49.453414+00:00,web_xss_v1,web_xss_v1__247ab311d5ec,initial_access,T1190,8,3,1.2988,1.0,0.0,22028.57,8260.71,0.7811,40,15,0.3633,0.5369,0.6514,0.1225,1.0188,1,4,0,0,1,0,2.5431,550.71,216.52,888.43,8091.57,8745.22,0,0.0,3.9656,0,0
2026-08-27T19:47:54.453414+00:00,web_xss_v1,web_xss_v1__247ab311d5ec,initial_access,T1190,5,4,1.9219,1.0,0.0174,19012.72,8872.6,0.7935,30,14,0.45,0.5463,0.7501,0.1148,1.0946,0,2,0,0,1,0,2.0932,633.76,155.88,840.62,8692.7,8084.54,0,0.0,3.6052,0,0
2026-08-27T19:47:59.453414+00:00,web_xss_v1,web_xss_v1__247ab311d5ec,initial_access,T1190,11,4,1.6172,1.0,0.024,48966.26,25596.0,0.823,88,46,0.3091,0.5333,0.5147,0.1317,0.9098,1,5,1,0,2,0,1.8935,556.43,183.0,780.28,7002.09,7957.38,1,0.0777,3.7337,0,0
2026-08-27T19:48:04.453414+00:00,web_xss_v1,web_xss_v1__247ab311d5ec,initial_access,T1190,8,3,1.5,0.951,0.0185,8673.09,3794.48,0.7937,16,7,0.5239,0.7936,0.5076,0.1482,0.9522,1,4,0,0,1,0,2.0665,542.07,314.27,1312.02,7284.67,6796.0,0,0.0,4.3245,0,0
2026-08-27T19:48:09.453414+00:00,web_xss_v1,web_xss_v1__247ab311d5ec,initial_access,T1190,9,3,1.4355,0.9984,0.0092,19568.64,14132.9,0.8318,36,26,0.4134,0.54,0.6877,0.1396,1.1066,1,4,1,0,2,0,1.3708,543.57,151.65,758.03,9460.83,8871.03,1,0.0807,3.3534,0,0
2026-08-27T19:48:14.453414+00:00,web_xss_v1,web_xss_v1__247ab311d5ec,initial_access,T1190,16,4,1.7028,1.0,0.0,75008.73,39848.39,0.7109,128,68,0.3743,0.517,0.5134,0.0884,0.7784,2,7,1,0,3,0,1.8753,586.01,164.26,866.71,7705.62,6357.01,2,0.0483,4.0539,0,1
2026-08-27T19:48:19.453414+00:00,web_xss_v1,web_xss_v1__247ab311d5ec,initial_access,T1190,13,4,1.9878,1.0,0.0,33510.82,17013.19,0.7228,65,33,0.7344,2.0881,0.5496,0.0711,0.763,2,7,1,0,2,0,1.944,515.55,172.0,835.36,8279.9,8122.08,1,0.0095,3.4027,0,0
2026-08-27T19:48:24.453414+00:00,web_xss_v1,web_xss_v1__247ab311d5ec,initial_access,T1190,12,4,1.7842,0.9908,0.0145,48709.99,19136.07,0.7121,84,33,0.7636,1.8913,0.4991,0.0999,0.7987,2,5,0,0,2,0,2.5368,579.88,229.6,1059.82,9551.15,6454.94,1,0.0,4.2773,0,0
2026-08-27T19:48:29.453414+00:00,web_xss_v1,web_xss_v1__247ab311d5ec,initial_access,T1190,10,4,1.6855,0.9468,0.0511,39312.5,21341.07,0.7768,70,38,0.2542,0.3469,0.4428,0.0656,0.6397,1,5,0,0,2,0,1.7991,561.61,150.18,875.27,10207.93,7662.18,1,0.0199,4.5539,0,0
2026-08-27T19:48:34.453414+00:00,web_xss_v1,web_xss_v1__247ab311d5ec,initial_access,T1190,9,4,1.8366,0.9923,0.0052,18624.4,7242.82,0.7313,36,14,0.4279,0.6658,0.6067,0.111,0.9398,1,4,1,0,1,0,2.5037,517.34,90.32,672.72,9251.93,9315.16,0,0.0385,4.3576,0,0
2026-08-27T19:48:39.453414+00:00,web_xss_v1,web_xss_v1__247ab311d5ec,initial_access,T1190,18,4,1.7108,1.0,0.0013,99127.72,49013.15,0.6999,180,89,0.349,0.8526,0.4542,0.1218,0.8196,3,8,1,0,3,0,2.0122,550.71,186.65,1158.53,8494.07,7157.45,2,0.0,4.0217,0,0
2026-08-27T19:48:44.453414+00:00,web_xss_v1,web_xss_v1__247ab311d5ec,initial_access,T1190,3,2,0.9183,0.9921,0.0249,10423.95,3474.65,0.7884,15,5,0.7972,1.4828,0.8478,0.1815,1.3922,0,1,0,0,0,0,2.5351,694.93,78.96,773.94,7692.67,9097.02,0,0.0,3.4065,0,0
2026-08-27T19:48:49.453414+00:00,web_xss_v1,web_xss_v1__247ab311d5ec,initial_access,T1190,12,4,1.4183,0.9908,0.0333,12102.41,5546.94,0.804,24,11,0.4513,0.7137,0.5609,0.062,0.7469,2,6,1,0,1,0,2.1619,504.27,117.14,728.32,8421.36,7733.42,0,0.0388,3.2781,0,0
2026-08-27T19:48:54.453414+00:00,web_xss_v1,web_xss_v1__247ab311d5ec,initial_access,T1190,13,4,1.9501,0.9331,0.1146,36326.42,16766.04,0.7878,78,36,0.6945,2.0789,0.5245,0.1074,0.8467,1,6,1,0,2,0,2.1618,465.72,166.42,950.32,7394.27,8902.12,1,0.0363,4.2065,0,0
2026-08-27T19:48:59.453414+00:00,web_xss_v1,web_xss_v1__247ab311d5ec,initial_access,T1190,13,4,1.9501,1.0,0.0,57722.64,30193.38,0.7582,130,68,0.2837,0.557,0.5543,0.1565,1.0237,2,6,1,0,2,0,1.911,444.02,118.28,687.16,8053.96,6943.24,1,0.0504,3.9983,0,0
2026-08-27T19:49:04.453414+00:00,web_xss_v1,web_xss_v1__247ab311d5ec,initial_access,T1190,8,4,1.9056,0.9266,0.0645,45360.09,22113.05,0.7238,80,39,0.4612,0.6568,0.7165,0.1952,1.3021,1,4,0,0,1,0,2.0297,567.0,221.5,1056.98,8990.7,9509.51,0,0.0323,3.3332,0,1
2026-08-27T19:49:09.453414+00:00,web_xss_v1,web_xss_v1__247ab311d5ec,initial_access,T1190,9,4,1.8366,1.0,0.0,10578.21,4113.75,0.7007,18,7,0.5314,0.7228,0.4683,0.1118,0.8038,1,4,0,0,1,0,2.4925,587.68,175.26,879.32,8224.85,7963.86,0,0.0197,4.558,0,0
2026-08-27T19:49:14.453414+00:00,web_xss_v1,web_xss_v1__247ab311d5ec,initial_access,T1190,11,4,1.6767,0.9799,0.025,59135.91,32793.55,0.7642,110,61,0.5414,0.6942,0.7149,0.1762,1.2435,2,5,0,0,2,0,1.803,537.6,106.66,747.6,8463.09,7279.15,1,0.0608,3.6835,0,0
2026-08-27T19:49:19.453414+00:00,web_xss_v1,web_xss_v1__247ab311d5ec,initial_access,T1190,12,4,1.7296,0.993,0.0,34938.75,16498.85,0.7888,72,34,0.5271,0.6897,0.4447,0.0696,0.6536,1,6,1,0,3,0,2.1132,485.26,100.73,636.73,6701.83,7441.68,2,0.046,5.1988,0,0
2026-08-27T19:49:24.453414+00:00,web_xss_v1,web_xss_v1__247ab311d5ec,initial_access,T1190,8,3,1.4056,1.0,0.0,30156.07,10837.34,0.6104,64,23,0.8896,1.3406,0.5606,0.086,0.8184,1,3,0,0,1,0,2.7743,471.19,126.4,734.77,8519.92,8194.13,0,0.0331,3.9238,0,0
2026-08-27T19:49:29.453414+00:00,web_xss_v1,web_xss_v1__247ab311d5ec,initial_access,T1190,6,3,1.585,0.9693,0.045,15869.33,6347.73,0.7515,30,12,0.4085,0.7749,0.4057,0.0653,0.6015,0,2,0,0,1,0,2.4529,528.98,285.88,1025.18,8482.55,7134.45,0,0.0426,4.1958,0,0
2026-08-27T19:49:34.453414+00:00,web_xss_v1,web_xss_v1__247ab311d5ec,initial_access,T1190,5,3,1.5219,0.9836,0.0,15422.97,4935.35,0.7557,25,8,0.4543,1.0473,0.5165,0.0934,0.7968,0,2,0,0,1,0,2.92,616.92,179.46,812.01,8554.71,5519.26,0,0.053,3.7536,0,0
2026-08-27T19:49:39.453414+00:00,web_xss_v1,web_xss_v1__247ab311d5ec,initial_access,T1190,9,4,1.9749,0.9876,0.0212,31483.34,13992.6,0.7421,54,24,0.5825,1.4522,0.6059,0.0789,0.8427,1,4,0,0,2,0,2.1919,583.02,162.64,854.09,6125.84,9287.64,1,0.0,3.5373,0,1
2026-08-27T19:49:44.453414+00:00,web_xss_v1,web_xss_v1__247ab311d5ec,initial_access,T1190,6,3,1.4591,0.9736,0.0055,31943.19,11978.7,0.6944,48,18,0.3086,0.6484,0.5932,0.0945,0.8768,0,2,0,0,1,0,2.5836,665.48,112.54,798.81,7781.03,8820.33,0,0.0572,4.2945,0,0
2026-08-27T19:49:49.453414+00:00,web_xss_v1,web_xss_v1__247ab311d5ec,initial_access,T1190,11,4,1.9363,0.9587,0.0429,95653.63,56232.74,0.6842,165,97,0.7023,1.0387,0.4769,0.0488,0.6232,1,5,0,0,2,0,1.688,579.72,234.62,1019.76,8022.95,9702.04,1,0.0039,3.776,0,0
2026-08-27T19:49:54.453414+00:00,web_xss_v1,web_xss_v1__247ab311d5ec,initial_access,T1190,9,4,1.8911,1.0,0.0,20612.93,9733.89,0.7405,36,17,0.3496,0.8749,0.4707,0.09,0.7406,1,4,0,0,1,0,2.0775,572.58,108.49,777.81,8671.22,10036.02,0,0.0411,4.3284,0,0
2026-08-27T19:49:59.453414+00:00,web_xss_v1,web_xss_v1__247ab311d5ec,initial_access,T1190,10,4,1.6855,1.0,0.028,22044.48,7164.46,0.6185,40,13,0.8532,2.5361,0.5988,0.1634,1.0889,1,4,1,0,2,0,2.8616,551.11,173.78,880.77,7795.42,7071.46,1,0.0399,3.5202,0,0
2026-08-27T19:50:04.453414+00:00,web_xss_v1,web_xss_v1__247ab311d5ec,initial_access,T1190,6,4,1.9183,1.0,0.0,32077.18,17226.64,0.6923,54,29,0.5763,1.3763,0.5287,0.0737,0.7497,0,3,0,0,1,0,1.8576,594.02,178.21,824.06,7960.93,7792.01,0,0.0118,4.9396,0,1
2026-08-27T19:50:09.453414+00:00,web_xss_v1,web_xss_v1__247ab311d5ec,initial_access,T1190,7,4,1.8424,0.9907,0.0282,23284.21,7761.4,0.8453,42,14,0.8185,1.4672,0.5254,0.0987,0.8215,1,3,0,0,1,0,2.8348,554.39,124.9,827.62,8667.52,9196.62,0,0.0183,4.3383,0,0
2026-08-27T19:50:14.453414+00:00,web_xss_v1,web_xss_v1__247ab311d5ec,initial_access,T1190,14,4,1.7244,0.9989,0.0192,27189.59,18935.6,0.7265,56,39,0.7117,1.0919,0.6782,0.0866,0.938,2,7,1,0,3,0,1.4346,485.53,139.86,819.51,7653.97,6993.23,2,0.0239,3.5511,0,1
2026-08-27T19:50:19.453414+00:00,web_xss_v1,web_xss_v1__247ab311d5ec,initial_access,T1190,9,4,1.9749,0.9938,0.0,28333.05,23086.19,0.7473,54,44,0.5475,1.2406,0.5269,0.1482,0.9716,1,4,1,0,2,0,1.2106,524.69,127.94,751.09,7373.1,7128.24,1,0.0,3.3992,0,0
2026-08-27T19:50:24.453414+00:00,web_xss_v1,web_xss_v1__247ab311d5ec,initial_access,T1190,7,4,1.8424,0.9746,0.002,21022.68,8509.18,0.7929,42,17,0.5804,1.588,0.5279,0.1325,0.9253,1,3,0,0,1,0,2.3873,500.54,181.95,782.96,8933.57,9259.83,0,0.0,4.0619,0,0
2026-08-27T19:50:29.453414+00:00,web_xss_v1,web_xss_v1__247ab311d5ec,initial_access,T1190,11,3,1.5726,1.0,0.0,23873.64,21160.73,0.7514,44,39,0.2795,0.4327,0.4639,0.1176,0.8168,2,5,1,0,2,0,1.1254,542.58,148.65,831.39,7850.58,9597.04,1,0.0312,4.2297,0,0
2026-08-27T19:50:34.453414+00:00,web_xss_v1,web_xss_v1__247ab311d5ec,initial_access,T1190,7,3,1.5567,1.0,0.0,30046.78,9811.19,0.7042,49,16,0.7062,2.1052,0.6364,0.0732,0.8561,1,3,0,0,1,0,3.0187,613.2,142.96,806.83,6945.51,7915.61,0,0.0265,3.7852,0,0
2026-08-27T19:50:39.453414+00:00,web_xss_v1,web_xss_v1__247ab311d5ec,initial_access,T1190,13,4,1.7381,1.0,0.0132,41193.42,26934.16,0.7112,78,51,0.7007,1.3812,0.6792,0.1141,1.0216,2,6,1,0,3,0,1.5231,528.12,182.75,812.18,8314.22,7983.72,2,0.0434,4.0113,0,0
2026-08-27T19:50:44.453414+00:00,web_xss_v1,web_xss_v1__247ab311d5ec,initial_access,T1190,8,4,2.0,0.9553,0.0317,4589.58,1721.09,0.7071,8,3,0.291,0.5741,0.4385,0.0626,0.6263,1,3,0,0,1,0,2.4462,573.7,254.61,1084.37,7871.45,9155.52,0,0.0005,4.9958,0,1
2026-08-27T19:50:49.453414+00:00,web_xss_v1,web_xss_v1__247ab311d5ec,initial_access,T1190,15,4,1.8323,0.9902,0.0,51241.7,22204.74,0.7244,90,39,0.4932,1.2013,0.3486,0.0504,0.4999,2,7,1,0,3,0,2.2743,569.35,145.87,801.95,8001.79,9150.31,2,0.0264,4.2662,0,0
2026-08-27T19:50:54.453414+00:00,web_xss_v1,web_xss_v1__247ab311d5ec,initial_access,T1190,10,4,1.8464,0.9851,0.0352,36812.94,15251.07,0.8218,70,29,0.8712,1.0992,0.5845,0.1052,0.9001,1,5,0,0,2,0,2.3878,525.9,166.54,801.35,8666.12,10156.9,1,0.0161,3.1296,0,0
2026-08-27T19:50:59.453414+00:00,web_xss_v1,web_xss_v1__247ab311d5ec,initial_access,T1190,4,3,1.5,0.9894,0.0241,12466.89,6233.44,0.7862,28,14,0.4537,0.8526,0.5142,0.1412,0.9377,0,1,0,0,0,0,1.9927,445.25,88.93,542.03,8661.46,7595.06,0,0.0266,5.06,0,0
2026-08-27T19:51:04.453414+00:00,web_xss_v1,web_xss_v1__247ab311d5ec,initial_access,T1190,7,3,1.3788,1.0,0.0,7749.46,9410.06,0.6469,14,17,0.6986,1.7361,0.4804,0.1309,0.873,1,3,0,0,1,0,0.8106,553.53,430.59,1549.85,8339.15,8175.24,0,0.0464,4.1901,0,0
2026-08-27T19:51:09.453414+00:00,web_xss_v1,web_xss_v1__247ab311d5ec,initial_access,T1190,17,4,1.8512,0.9745,0.0011,26255.23,12355.4,0.7539,51,24,0.6832,1.3318,0.4416,0.086,0.6997,3,8,1,0,4,0,2.1031,514.81,153.46,810.77,7061.4,9240.74,2,0.0,4.0671,0,0
2026-08-27T19:51:14.453414+00:00,web_xss_v1,web_xss_v1__247ab311d5ec,initial_access,T1190,12,4,1.9183,0.9713,0.0499,28793.58,15356.58,0.6833,60,32,0.4019,0.8419,0.498,0.1028,0.8063,1,5,1,0,2,0,1.8269,479.89,134.67,748.35,6163.07,8054.55,1,0.0,3.5796,0,0
2026-08-27T19:51:19.453414+00:00,web_xss_v1,web_xss_v1__247ab311d5ec,initial_access,T1190,6,3,1.2516,1.0,0.0,6779.68,2259.89,0.8098,12,4,0.6955,1.0381,0.7824,0.2142,1.4252,0,2,0,0,1,0,2.6126,564.97,224.06,870.86,9562.81,4798.59,0,0.0055,4.5781,0,1
2026-08-27T19:51:24.453414+00:00,web_xss_v1,web_xss_v1__247ab311d5ec,initial_access,T1190,7,2,0.9852,0.9897,0.0017,17559.87,8779.93,0.7656,28,14,0.3295,0.6489,0.4508,0.0931,0.73,1,3,0,0,1,0,1.8742,627.14,265.69,1080.92,6544.46,8570.52,0,0.0,3.5156,0,0
2026-08-27T19:51:29.453414+00:00,web_xss_v1,web_xss_v1__247ab311d5ec,initial_access,T1190,14,4,1.7274,1.0,0.0,21454.37,15835.37,0.7739,42,31,0.4123,0.6674,0.4978,0.0572,0.6695,2,7,1,0,3,0,1.3185,510.82,187.5,1009.87,8337.58,8884.1,1,0.0017,3.9176,0,0
2026-08-27T19:51:34.453414+00:00,web_xss_v1,web_xss_v1__247ab311d5ec,initial_access,T1190,11,3,1.3486,1.0,0.0022,45546.81,28466.75,0.7215,88,55,0.7297,1.3697,0.5417,0.0702,0.7523,2,5,1,0,2,0,1.597,517.58,137.04,735.35,6332.46,8538.49,1,0.0,3.7041,0,0
2026-08-27T19:51:39.453414+00:00,web_xss_v1,web_xss_v1__247ab311d5ec,initial_access,T1190,12,3,1.5546,1.0,0.0139,44711.9,24839.94,0.8001,72,40,0.5323,1.2279,0.7083,0.1316,1.103,2,5,1,0,2,0,1.7844,621.0,224.24,1127.86,10069.86,7315.25,1,0.0,3.903,0,0
2026-08-27T19:51:44.453414+00:00,web_xss_v1,web_xss_v1__247ab311d5ec,initial_access,T1190,9,3,1.3921,1.0,0.0,25815.45,7457.8,0.8933,45,13,0.3879,0.5344,0.4773,0.0992,0.7751,1,4,0,0,2,0,3.4461,573.68,131.9,804.85,6848.65,7446.3,1,0.0,3.7768,0,0
2026-08-27T19:51:49.453414+00:00,web_xss_v1,web_xss_v1__247ab311d5ec,initial_access,T1190,4,2,0.8113,0.9886,0.0,12817.44,5207.08,0.7804,32,13,0.8334,1.3536,0.6914,0.1356,1.0983,0,1,0,0,0,0,2.4566,400.54,74.6,458.85,7087.28,7341.19,0,0.0,3.3761,0,0
2026-08-27T19:51:54.453414+00:00,web_xss_v1,web_xss_v1__247ab311d5ec,initial_access,T1190,8,3,1.5613,0.9573,0.0601,27266.52,14120.16,0.7514,56,29,0.4142,0.8699,0.5075,0.0657,0.7045,1,3,0,0,1,0,1.9253,486.9,187.05,796.16,8931.27,6804.62,0,0.016,4.6643,0,0
2026-08-27T19:51:59.453414+00:00,web_xss_v1,web_xss_v1__247ab311d5ec,initial_access,T1190,10,4,1.8464,1.0,0.0,21743.86,6523.16,0.7909,40,12,0.2935,0.3528,0.424,0.0586,0.5998,1,4,1,0,2,0,3.266,543.6,216.77,1093.1,7697.98,8930.39,1,0.0303,4.9781,0,0
2026-08-27T19:52:04.453414+00:00,web_xss_v1,web_xss_v1__247ab311d5ec,initial_access,T1190,12,4,1.7296,1.0,0.0,39396.31,19041.55,0.7315,60,29,0.4037,0.8944,0.4891,0.1109,0.8216,2,6,1,0,3,0,2.0602,656.61,202.56,1057.95,7861.97,7891.86,2,0.0301,3.3012,0,0
2026-08-27T19:52:09.453414+00:00,web_xss_v1,web_xss_v1__247ab311d5ec,initial_access,T1190,6,4,1.7925,1.0,0.003,9497.64,4221.17,0.7351,18,8,0.6013,1.6282,0.5985,0.0857,0.8556,0,3,0,0,1,0,2.0878,527.65,171.89,830.98,7070.65,8675.32,0,0.064,3.3043,0,0
2026-08-27T19:52:14.453414+00:00,web_xss_v1,web_xss_v1__247ab311d5ec,initial_access,T1190,8,4,1.9056,1.0,0.0023,23723.62,10873.33,0.694,48,22,0.5361,0.9359,0.6703,0.1293,1.0582,1,3,0,0,1,0,2.153,494.24,168.99,804.22,8198.14,6434.04,0,0.0072,4.2716,0,0
2026-08-27T19:52:19.453414+00:00,web_xss_v1,web_xss_v1__247ab311d5ec,initial_access,T1190,13,3,1.2957,1.0,0.0198,32735.12,16619.37,0.7262,65,33,0.5643,0.9062,0.5734,0.1478,1.0168,2,6,1,0,3,0,1.9579,503.62,158.97,835.13,9423.43,8684.39,2,0.0265,4.6574,0,0
2026-08-27T19:52:24.453414+00:00,web_xss_v1,web_xss_v1__247ab311d5ec,initial_access,T1190,13,4,1.9501,0.9626,0.0007,25571.03,10326.76,0.7728,52,21,0.4754,0.9278,0.6839,0.1075,1.0063,2,6,1,0,2,0,2.4364,491.75,171.72,815.35,6939.44,7633.62,1,0.033,4.3045,0,0
2026-08-27T19:52:29.453414+00:00,web_xss_v1,web_xss_v1__247ab311d5ec,initial_access,T1190,8,3,1.5613,1.0,0.0,7682.7,3841.35,0.8221,16,8,0.8015,1.946,0.5723,0.1384,0.9876,1,3,0,0,1,0,1.9904,480.17,144.83,740.97,9654.36,9429.33,0,0.0,3.9793,0,0
2026-08-27T19:52:34.453414+00:00,web_xss_v1,web_xss_v1__247ab311d5ec,initial_access,T1190,14,4,1.8774,0.9928,0.041,50419.79,15606.13,0.8094,84,26,0.4811,1.274,0.5728,0.1554,1.039,2,7,0,0,3,0,3.2187,600.24,211.04,1156.76,7497.1,9227.84,2,0.0076,3.3906,0,0
2026-08-27T19:52:39.453414+00:00,web_xss_v1,web_xss_v1__247ab311d5ec,initial_access,T1190,7,3,1.5567,1.0,0.0039,25348.57,8277.08,0.7554,49,16,0.5793,1.4636,0.5905,0.1061,0.9088,1,3,0,0,1,0,3.0085,517.32,166.46,768.49,5956.04,7556.78,0,0.0,4.6274,0,0
2026-08-27T19:52:44.453414+00:00,web_xss_v1,web_xss_v1__247ab311d5ec,initial_access,T1190,8,4,1.9056,0.9424,0.0287,7889.78,2465.56,0.7719,16,5,0.4453,1.1941,0.3904,0.0815,0.6348,1,4,0,0,1,0,3.1742,493.11,187.15,820.34,8310.92,6738.76,0,0.0321,4.8174,0,0
2026-08-27T19:52:49.453414+00:00,web_xss_v1,web_xss_v1__247ab311d5ec,initial_access,T1190,14,4,1.7885,0.9718,0.0401,51774.25,35396.68,0.8716,98,67,0.4631,0.8059,0.5832,0.0976,0.876,2,7,1,0,3,0,1.4445,528.31,179.52,896.17,9849.81,6936.74,2,0.0263,4.5215,0,0
2026-08-27T19:52:54.453414+00:00,web_xss_v1,web_xss_v1__247ab311d5ec,initial_access,T1190,11,4,1.8676,1.0,0.0,44236.0,33679.68,0.7065,88,67,0.7005,1.8234,0.5071,0.1364,0.9162,2,5,1,0,2,0,1.3015,502.68,120.92,673.57,6273.11,8146.28,1,0.0,3.2716,0,0
2026-08-27T19:52:59.453414+00:00,web_xss_v1,web_xss_v1__247ab311d5ec,initial_access,T1190,12,4,1.8879,0.9712,0.0123,50343.58,14983.21,0.6739,84,25,0.6825,1.7235,0.6252,0.0945,0.9086,1,5,0,1,2,0,3.3421,599.33,179.7,846.29,9330.69,8473.55,1,0.0284,4.9594,0,0
2026-08-27T19:53:04.453414+00:00,web_xss_v1,web_xss_v1__247ab311d5ec,initial_access,T1190,6,3,1.4591,0.9926,0.0,32096.89,17576.87,0.7094,42,23,0.6044,0.7446,0.6872,0.1015,0.9919,1,2,0,0,1,0,1.7578,764.21,198.31,1108.08,7524.6,8561.5,0,0.0,3.7235,0,0
2026-08-27T19:53:09.453414+00:00,web_xss_v1,web_xss_v1__247ab311d5ec,initial_access,T1190,14,4,1.8352,0.9761,0.0018,26109.41,12588.47,0.69,56,27,0.5054,1.4884,0.4486,0.1093,0.7765,2,6,1,0,2,0,2.0036,466.24,156.89,726.42,8119.77,8887.36,1,0.0555,4.3622,0,0
2026-08-27T19:53:14.453414+00:00,web_xss_v1,web_xss_v1__247ab311d5ec,initial_access,T1190,11,4,1.7899,1.0,0.0182,25271.95,11487.25,0.7714,44,20,0.3804,1.0154,0.5249,0.0773,0.7569,1,5,0,0,2,0,2.1321,574.36,198.64,1109.19,6454.77,9542.07,1,0.0,4.3293,0,0
2026-08-27T19:53:19.453414+00:00,web_xss_v1,web_xss_v1__247ab311d5ec,initial_access,T1190,12,4,1.9591,1.0,0.0107,30710.36,9596.99,0.7577,48,15,0.5846,0.9682,0.6115,0.0899,0.8813,1,5,0,0,2,0,3.1679,639.8,209.25,949.12,8434.57,8085.69,1,0.03,3.4349,0,1
2026-08-27T19:53:24.453414+00:00,web_xss_v1,web_xss_v1__247ab311d5ec,initial_access,T1190,5,3,1.5219,1.0,0.0,3547.32,1418.93,0.7043,5,2,0.6816,1.9264,0.5428,0.1568,1.0132,0,2,0,0,1,0,2.0645,709.46,175.43,1051.45,10533.51,8557.23,0,0.0,4.1619,0,0
2026-08-27T19:53:29.453414+00:00,web_xss_v1,web_xss_v1__247ab311d5ec,initial_access,T1190,19,4,1.8863,1.0,0.055,75437.58,33464.79,0.7047,133,59,0.6356,1.5622,0.4023,0.0788,0.6387,3,9,1,0,4,0,2.2283,567.2,214.93,1107.89,6937.34,9201.65,3,0.0,4.2159,0,0
2026-08-27T19:53:34.453414+00:00,web_xss_v1,web_xss_v1__247ab311d5ec,initial_access,T1190,11,4,1.4911,0.9577,0.0401,83150.93,37795.88,0.736,143,65,0.3631,0.6489,0.5575,0.1665,1.057,1,5,1,0,2,0,2.1944,581.48,216.17,975.8,9091.17,8967.11,1,0.0,4.1901,0,0
2026-08-27T19:53:39.453414+00:00,web_xss_v1,web_xss_v1__247ab311d5ec,initial_access,T1190,4,3,1.5,0.9696,0.0373,13333.07,9999.8,0.7936,20,15,0.4071,0.6143,0.4468,0.1024,0.754,0,2,0,0,0,0,1.3302,666.65,267.96,1004.72,7588.28,9598.34,0,0.055,4.4482,0,0
2026-08-27T19:53:44.453414+00:00,web_xss_v1,web_xss_v1__247ab311d5ec,initial_access,T1190,6,4,1.7925,0.9719,0.0323,16602.86,8854.86,0.7423,30,16,0.5533,0.8795,0.4768,0.0586,0.6527,1,3,0,0,1,0,1.7874,553.43,163.94,876.02,8721.58,10765.22,0,0.0,3.4398,0,0
2026-08-27T19:53:49.453414+00:00,web_xss_v1,web_xss_v1__247ab311d5ec,initial_access,T1190,17,4,1.7922,1.0,0.0,63776.63,30012.53,0.7659,119,56,0.518,0.6625,0.4441,0.0989,0.7408,2,8,1,0,3,0,2.1173,535.94,175.37,874.01,9259.35,8346.04,2,0.0073,3.7648,0,1
2026-08-27T19:53:54.453414+00:00,web_xss_v1,web_xss_v1__247ab311d5ec,initial_access,T1190,10,4,1.6855,1.0,0.0,41579.87,23759.92,0.7309,70,40,0.8436,1.5915,0.5707,0.1246,0.9445,1,5,0,0,2,0,1.73,594.0,181.3,937.13,7547.43,8627.65,1,0.0,4.4678,0,0
2026-08-27T19:53:59.453414+00:00,web_xss_v1,web_xss_v1__247ab311d5ec,initial_access,T1190,8,4,1.9056,1.0,0.0185,29066.27,12456.97,0.8501,56,24,0.3479,0.8355,0.6708,0.1293,1.0586,1,3,0,0,1,0,2.3065,519.04,186.71,924.0,7504.5,5651.1,0,0.0207,4.3395,0,0
2026-08-27T19:54:04.453414+00:00,web_xss_v1,web_xss_v1__247ab311d5ec,initial_access,T1190,15,4,1.6895,1.0,0.0184,32860.69,13691.95,0.7794,60,25,0.4924,0.7304,0.3965,0.0982,0.6911,2,7,1,0,3,0,2.3624,547.68,179.57,922.34,7925.67,7793.3,2,0.046,4.4243,0,0
2026-08-27T19:54:09.453414+00:00,web_xss_v1,web_xss_v1__247ab311d5ec,initial_access,T1190,13,4,1.8262,1.0,0.0,28894.44,15558.54,0.7077,52,28,0.4166,0.6635,0.4569,0.1008,0.7593,2,6,1,0,2,0,1.8288,555.66,162.05,848.27,6511.91,7756.9,1,0.0167,3.4184,0,1
2026-08-27T19:54:14.453414+00:00,web_xss_v1,web_xss_v1__247ab311d5ec,initial_access,T1190,4,3,1.5,1.0,0.0,22949.0,12294.11,0.8703,28,15,0.4762,0.6913,0.424,0.0601,0.6043,0,2,0,0,0,0,1.8193,819.61,169.05,1006.65,8353.56,8003.2,0,0.0152,4.1987,0,0
2026-08-27T19:54:19.453414+00:00,web_xss_v1,web_xss_v1__247ab311d5ec,initial_access,T1190,9,4,1.8366,1.0,0.0,31190.19,16750.29,0.7162,54,29,0.5866,1.1845,0.6088,0.1006,0.9107,1,4,0,0,1,0,1.8166,577.6,246.75,1071.12,8106.96,9682.67,0,0.028,3.8395,0,0
2026-08-27T19:54:24.453414+00:00,web_xss_v1,web_xss_v1__247ab311d5ec,initial_access,T1190,6,4,1.9183,0.9853,0.0377,8165.36,3629.05,0.7856,18,8,0.5074,1.0035,0.5013,0.0848,0.7557,1,3,0,0,1,0,2.1054,453.63,228.62,950.61,9709.78,6730.32,0,0.0051,3.9407,0,0
2026-08-27T19:54:29.453414+00:00,web_xss_v1,web_xss_v1__247ab311d5ec,initial_access,T1190,9,4,1.8911,0.9824,0.0568,31596.6,12872.69,0.7024,54,22,0.3987,0.9535,0.5439,0.1451,0.9792,1,4,1,0,2,0,2.4128,585.12,132.2,755.56,8291.4,9034.15,1,0.0356,4.1036,0,0
2026-08-27T19:54:34.453414+00:00,web_xss_v1,web_xss_v1__247ab311d5ec,initial_access,T1190,8,3,1.4056,0.986,0.0,47905.32,17465.48,0.6996,96,35,0.939,1.1545,0.6896,0.1317,1.0847,1,3,1,0,1,0,2.6813,499.01,168.05,771.27,8459.76,6805.53,0,0.019,4.6097,0,0
2026-08-27T19:54:39.453414+00:00,web_xss_v1,web_xss_v1__247ab311d5ec,initial_access,T1190,12,4,1.8554,1.0,0.0,22924.98,9074.47,0.6666,48,19,0.2856,0.5486,0.5124,0.1162,0.861,2,5,1,0,2,0,2.4872,477.6,141.79,739.87,8601.87,7870.57,1,0.0117,3.8786,0,0
2026-08-27T19:54:44.453414+00:00,web_xss_v1,web_xss_v1__247ab311d5ec,initial_access,T1190,6,4,1.9183,0.9692,0.0073,24030.72,13617.41,0.7959,60,34,0.8608,1.1624,0.6106,0.087,0.8716,0,3,0,0,1,0,1.743,400.51,111.39,546.94,9102.64,8229.88,0,0.0,4.48,0,1
2026-08-27T19:54:49.453414+00:00,web_xss_v1,web_xss_v1__247ab311d5ec,initial_access,T1190,17,4,1.9713,1.0,0.0,27966.86,9870.65,0.7517,51,18,0.3524,0.8308,0.5872,0.0758,0.8145,3,8,1,1,3,0,2.7647,548.37,189.08,968.4,7893.55,7687.53,1,0.0508,4.1621,0,0
2026-08-27T19:54:54.453414+00:00,web_xss_v1,web_xss_v1__247ab311d5ec,initial_access,T1190,12,4,1.8554,1.0,0.0036,56779.33,31346.92,0.722,96,53,0.6393,1.1136,0.4123,0.0749,0.6371,2,5,1,0,2,0,1.8009,591.45,208.9,923.07,8152.41,8334.71,1,0.0298,3.2193,0,0
2026-08-27T19:54:59.453414+00:00,web_xss_v1,web_xss_v1__247ab311d5ec,initial_access,T1190,13,4,1.9501,1.0,0.0151,7000.89,2154.12,0.7026,13,4,0.2883,0.823,0.5837,0.1231,0.9529,2,6,1,0,2,0,2.6031,538.53,181.91,935.66,10178.37,7641.15,1,0.0068,4.4595,0,0
2026-08-27T19:55:04.453414+00:00,web_xss_v1,web_xss_v1__247ab311d5ec,initial_access,T1190,14,4,1.9852,1.0,0.004,55995.29,23553.57,0.6498,126,53,0.8969,1.5016,0.6573,0.0902,0.9279,2,7,1,0,3,0,2.3574,444.41,101.44,603.12,7236.68,7444.38,2,0.0034,3.8719,0,1
2026-08-27T19:55:09.453414+00:00,web_xss_v1,web_xss_v1__247ab311d5ec,initial_access,T1190,9,4,1.9749,1.0,0.0,43497.8,19332.36,0.745,63,28,0.5956,0.7368,0.5634,0.1104,0.8946,1,4,0,0,1,0,2.1752,690.44,290.61,1300.4,7910.81,9198.79,0,0.0296,3.58,0,0
2026-08-27T19:55:14.453414+00:00,web_xss_v1,web_xss_v1__247ab311d5ec,initial_access,T1190,6,3,1.4591,0.9849,0.0215,28604.42,12259.04,0.7343,42,18,0.9038,1.5912,0.7344,0.1815,1.279,1,3,0,0,1,0,2.2342,681.06,210.1,880.08,6059.4,6779.42,0,0.0269,4.4638,0,0
2026-08-27T19:55:19.453414+00:00,web_xss_v1,web_xss_v1__247ab311d5ec,initial_access,T1190,9,3,1.2244,0.9789,0.0,20064.31,15605.58,0.7927,36,28,0.7078,1.6864,0.6085,0.0643,0.8014,1,4,1,0,1,0,1.2601,557.34,227.83,990.35,8808.34,8406.3,0,0.032,4.0217,0,0
2026-08-27T19:55:24.453414+00:00,web_xss_v1,web_xss_v1__247ab311d5ec,initial_access,T1190,12,4,1.7842,1.0,0.0,36262.76,12691.97,0.7596,60,21,0.5188,1.5332,0.4814,0.106,0.7994,2,6,1,0,2,0,2.779,604.38,230.36,1051.31,8121.56,7780.83,1,0.0387,3.6841,0,0
2026-08-27T19:55:29.453414+00:00,web_xss_v1,web_xss_v1__247ab311d5ec,initial_access,T1190,7,3,1.4488,0.9928,0.0071,8950.94,3836.12,0.732,14,6,0.6333,1.5444,0.5818,0.1029,0.8905,1,3,0,0,1,0,2.1445,639.35,201.85,1033.62,8254.39,8456.46,0,0.0219,2.7579,0,0
2026-08-27T19:55:34.453414+00:00,web_xss_v1,web_xss_v1__247ab311d5ec,initial_access,T1190,10,4,1.8464,1.0,0.0,36287.0,20217.04,0.6893,70,39,0.4396,1.1386,0.514,0.1267,0.8941,1,5,1,0,2,0,1.7568,518.39,172.54,718.38,5305.46,7942.81,1,0.0127,4.3755,0,0
2026-08-27T19:55:39.453414+00:00,web_xss_v1,web_xss_v1__247ab311d5ec,initial_access,T1190,3,3,1.585,1.0,0.0,19840.46,7214.71,0.8355,33,12,0.7795,1.554,0.6973,0.1578,1.1708,0,1,0,0,0,0,2.6662,601.23,54.48,670.85,6896.41,9052.33,0,0.0193,4.7757,0,0
2026-08-27T19:55:44.453414+00:00,web_xss_v1,web_xss_v1__247ab311d5ec,initial_access,T1190,9,4,1.9749,0.9721,0.0,36680.56,20378.09,0.7954,72,40,0.5042,0.8106,0.6046,0.1148,0.9489,1,4,0,0,2,0,1.799,509.45,152.79,729.77,8473.04,7464.59,1,0.0517,3.4932,0,0
2026-08-27T19:55:49.453414+00:00,web_xss_v1,web_xss_v1__247ab311d5ec,initial_access,T1190,6,3,1.585,1.0,0.0,25368.2,8456.07,0.6898,54,18,0.5299,0.748,0.4093,0.0989,0.7059,1,3,0,0,1,0,2.9672,469.78,132.28,746.47,10328.22,8171.35,0,0.0593,3.9739,0,0
2026-08-27T19:55:54.453414+00:00,web_xss_v1,web_xss_v1__247ab311d5ec,initial_access,T1190,9,4,1.8366,1.0,0.0,21697.57,7714.69,0.8238,45,16,0.4953,1.3395,0.5068,0.0892,0.7743,1,4,0,0,1,0,2.6644,482.17,145.16,763.81,6724.98,7669.63,0,0.0113,2.7235,0,1
2026-08-27T19:55:59.453414+00:00,web_xss_v1,web_xss_v1__247ab311d5ec,initial_access,T1190,9,4,1.8366,0.9961,0.0102,8807.09,3914.26,0.7159,18,8,0.2755,0.8133,0.5452,0.1538,1.0067,1,4,1,0,1,0,2.1998,489.28,166.0,755.64,9395.01,9860.97,0,0.0,4.1234,0,1
2026-08-27T19:56:04.453414+00:00,web_xss_v1,web_xss_v1__247ab311d5ec,initial_access,T1190,2,1,-0.0,0.9953,0.0141,5862.75,1954.25,0.8058,12,4,0.7142,2.1143,0.6832,0.1407,1.1052,0,0,0,0,0,0,2.4388,488.56,117.51,606.08,6657.94,8936.08,0,0.0,3.7722,0,0
2026-08-27T19:56:09.453414+00:00,web_xss_v1,web_xss_v1__247ab311d5ec,initial_access,T1190,7,4,1.8424,0.9442,0.0592,42827.72,30591.23,0.7529,84,60,0.61,1.6212,0.5036,0.069,0.7107,1,3,0,0,1,0,1.3794,509.85,178.71,892.39,7150.46,9154.8,0,0.0,4.4262,0,0
2026-08-27T19:56:14.453414+00:00,web_xss_v1,web_xss_v1__247ab311d5ec,initial_access,T1190,14,4,1.9242,0.9901,0.0287,80245.9,31525.18,0.7883,140,55,0.4562,0.8862,0.4432,0.066,0.6413,2,6,1,0,3,0,2.5144,573.19,200.76,956.51,8846.28,9337.28,1,0.0001,4.7185,0,0
2026-08-27T19:56:19.453414+00:00,web_xss_v1,web_xss_v1__247ab311d5ec,initial_access,T1190,10,4,1.8955,1.0,0.0,40447.33,19549.54,0.7968,60,29,0.5521,1.6326,0.4692,0.1011,0.7725,1,4,1,0,2,0,2.0349,674.12,180.47,1123.65,7620.42,8805.15,1,0.0523,4.0269,0,0
2026-08-27T19:56:24.453414+00:00,web_xss_v1,web_xss_v1__247ab311d5ec,initial_access,T1190,11,4,1.4911,0.9855,0.0306,27485.2,13492.73,0.7595,55,27,0.4812,1.2854,0.6312,0.1567,1.1012,2,5,1,0,2,0,1.9794,499.73,151.13,723.1,8470.95,9222.26,1,0.0394,4.2277,0,0
2026-08-27T19:56:29.453414+00:00,web_xss_v1,web_xss_v1__247ab311d5ec,initial_access,T1190,6,2,0.65,1.0,0.0036,18087.64,7235.05,0.8325,30,12,0.6477,0.8169,0.5456,0.106,0.8635,1,2,0,0,1,0,2.3294,602.92,247.08,1132.94,8239.35,8011.05,0,0.0,3.7465,0,0
2026-08-27T19:56:34.453414+00:00,web_xss_v1,web_xss_v1__247ab311d5ec,initial_access,T1190,8,4,1.9056,0.9688,0.0,13243.79,7173.72,0.8253,24,13,0.5009,1.1836,0.5836,0.1555,1.0503,1,4,1,0,1,0,1.8039,551.82,183.15,815.53,8903.26,8959.55,0,0.0487,3.9436,0,0
2026-08-27T19:56:39.453414+00:00,web_xss_v1,web_xss_v1__247ab311d5ec,initial_access,T1190,8,3,1.5,1.0,0.0128,21569.25,9885.9,0.6844,48,22,0.5732,1.5348,0.5691,0.1225,0.9366,1,3,0,0,1,0,2.1113,449.36,158.84,800.54,7213.37,7254.91,0,0.0575,3.5348,0,0
2026-08-27T19:56:44.453414+00:00,web_xss_v1,web_xss_v1__247ab311d5ec,initial_access,T1190,9,4,1.8911,0.9903,0.0003,14495.46,6979.29,0.7153,27,13,0.5002,1.0952,0.7157,0.0782,0.9503,1,4,0,0,1,0,1.9638,536.87,175.02,839.37,9063.93,8139.23,0,0.0367,3.3757,0,0
2026-08-27T19:56:49.453414+00:00,web_xss_v1,web_xss_v1__247ab311d5ec,initial_access,T1190,9,4,1.8366,1.0,0.0201,13800.19,4600.06,0.7287,27,9,0.8177,1.8195,0.5482,0.1214,0.9125,1,4,0,0,2,0,2.7142,511.12,140.21,753.17,7858.21,8073.39,1,0.0115,4.0055,0,0
2026-08-27T19:56:54.453414+00:00,web_xss_v1,web_xss_v1__247ab311d5ec,initial_access,T1190,7,4,1.8424,1.0,0.0,42193.18,18685.55,0.6781,70,31,0.3261,0.6702,0.5512,0.062,0.7372,1,3,0,0,1,0,2.2529,602.76,185.68,830.99,8892.85,7210.77,0,0.0,4.6109,0,0
2026-08-27T19:56:59.453414+00:00,web_xss_v1,web_xss_v1__247ab311d5ec,initial_access,T1190,10,4,1.971,1.0,0.0,29534.96,12404.68,0.8138,50,21,0.4632,1.1824,0.5912,0.1534,1.0514,2,4,0,0,2,0,2.3581,590.7,203.45,1110.98,8871.04,8434.12,1,0.0198,4.3039,0,0
2026-08-27T19:57:04.453414+00:00,web_xss_v1,web_xss_v1__247ab311d5ec,initial_access,T1190,14,4,1.9242,0.9515,0.0128,76065.98,33686.36,0.7487,140,62,0.4883,1.3516,0.6787,0.1442,1.1112,2,6,1,0,3,0,2.2292,543.33,262.76,1225.66,8005.13,7581.91,2,0.0346,3.9534,0,1
2026-08-27T19:57:09.453414+00:00,web_xss_v1,web_xss_v1__247ab311d5ec,initial_access,T1190,6,3,1.2516,0.9574,0.0366,15148.65,6564.41,0.6505,30,13,0.3574,0.5683,0.5258,0.0622,0.7124,0,3,0,0,1,0,2.2719,504.95,77.27,619.83,9160.93,7666.64,0,0.0,3.335,0,0
2026-08-27T19:57:14.453414+00:00,web_xss_v1,web_xss_v1__247ab311d5ec,initial_access,T1190,12,4,1.8879,1.0,0.0,19506.93,7044.17,0.7257,36,13,0.8257,1.8805,0.5998,0.1299,0.9897,1,5,1,0,2,0,2.6754,541.86,225.48,917.27,9975.51,7529.06,1,0.0511,3.1093,0,0
2026-08-27T19:57:19.453414+00:00,web_xss_v1,web_xss_v1__247ab311d5ec,initial_access,T1190,6,3,1.4591,1.0,0.0,15199.36,6586.39,0.7878,30,13,0.5333,1.2795,0.4895,0.0981,0.7837,1,3,0,0,1,0,2.2825,506.65,151.22,682.49,7974.94,7372.38,0,0.0426,4.3164,0,0
2026-08-27T19:57:24.453414+00:00,web_xss_v1,web_xss_v1__247ab311d5ec,initial_access,T1190,7,4,1.8424,1.0,0.0,14876.34,7438.17,0.7095,28,14,0.3923,0.9685,0.5816,0.1606,1.0634,1,3,0,0,1,0,1.8899,531.3,146.97,761.11,10341.54,6300.14,0,0.0,4.1022,0,1
2026-08-27T19:57:29.453414+00:00,web_xss_v1,web_xss_v1__247ab311d5ec,initial_access,T1190,13,3,1.5766,1.0,0.0,50311.15,14374.62,0.7553,91,26,0.6452,1.6294,0.4836,0.1196,0.8425,2,6,1,0,2,0,3.4351,552.87,202.27,889.0,7052.11,6367.19,1,0.0538,4.2902,0,0
2026-08-27T19:57:34.453414+00:00,web_xss_v1,web_xss_v1__247ab311d5ec,initial_access,T1190,3,2,0.9183,1.0,0.0,5655.97,2199.55,0.6614,18,7,0.9557,1.4826,0.6268,0.181,1.1697,0,1,0,0,0,0,2.3188,314.22,55.26,370.53,7291.86,8250.57,0,0.0099,5.0247,0,0
2026-08-27T19:57:39.453414+00:00,web_xss_v1,web_xss_v1__247ab311d5ec,initial_access,T1190,8,4,1.9056,1.0,0.0,37781.38,17710.02,0.6977,64,30,0.5865,1.5245,0.6203,0.1108,0.9528,1,4,0,0,1,0,2.1263,590.33,113.41,813.06,8291.97,10084.0,0,0.0,5.2004,0,0
2026-08-27T19:57:44.453414+00:00,web_xss_v1,web_xss_v1__247ab311d5ec,initial_access,T1190,11,4,1.9363,0.9767,0.0401,62706.71,36103.86,0.8509,99,57,0.6926,1.087,0.4977,0.1122,0.8342,1,5,0,0,2,0,1.7335,633.4,374.77,1575.68,7826.84,6241.44,1,0.0138,4.2427,0,0
2026-08-27T19:57:49.453414+00:00,web_xss_v1,web_xss_v1__247ab311d5ec,initial_access,T1190,10,4,1.761,1.0,0.0,27360.24,10032.09,0.7728,60,22,0.6738,1.328,0.5739,0.1061,0.8921,1,5,0,0,2,0,2.686,456.0,162.01,734.93,8888.7,7707.38,1,0.0,4.2527,0,0
2026-08-27T19:57:54.453414+00:00,web_xss_v1,web_xss_v1__247ab311d5ec,initial_access,T1190,9,3,1.585,1.0,0.0076,17607.77,18585.97,0.8211,36,38,0.4696,1.0999,0.5723,0.1557,1.0393,1,4,0,0,2,0,0.934,489.1,149.49,744.43,8165.94,8601.21,1,0.0184,3.9622,0,0
2026-08-27T19:57:59.453414+00:00,web_xss_v1,web_xss_v1__247ab311d5ec,initial_access,T1190,7,3,1.3788,1.0,0.0239,11515.06,6580.03,0.7387,21,12,0.3327,0.5598,0.5584,0.0686,0.7642,1,3,0,0,1,0,1.7007,548.34,217.59,962.84,7048.34,7407.22,0,0.0115,3.9022,0,0
2026-08-27T19:58:04.453414+00:00,web_xss_v1,web_xss_v1__247ab311d5ec,initial_access,T1190,11,4,1.9363,0.9687,0.0263,40136.58,37704.06,0.7913,66,62,0.5005,1.1114,0.5638,0.1084,0.8889,1,5,1,0,2,0,1.0484,608.13,191.09,933.51,7801.55,6615.58,1,0.0,3.8492,0,0
2026-08-27T19:58:09.453414+00:00,web_xss_v1,web_xss_v1__247ab311d5ec,initial_access,T1190,9,3,1.5305,1.0,0.0585,56630.71,23453.12,0.8399,99,41,0.4193,0.8711,0.4546,0.1117,0.7898,1,4,1,0,2,0,2.3899,572.03,158.23,760.01,7416.54,6950.15,1,0.0042,4.424,0,0
2026-08-27T19:58:14.453414+00:00,web_xss_v1,web_xss_v1__247ab311d5ec,initial_access,T1190,4,3,1.5,0.9965,0.0303,11838.19,4650.72,0.8597,28,11,0.7357,2.1604,0.6547,0.1627,1.1429,0,2,0,0,0,0,2.4867,422.79,147.12,670.6,8295.62,8974.9,0,0.0089,3.3053,0,0
2026-08-27T19:58:19.453414+00:00,web_xss_v1,web_xss_v1__247ab311d5ec,initial_access,T1190,13,4,1.922,0.9767,0.0268,39762.66,14273.78,0.7822,78,28,0.5419,0.9265,0.5028,0.1488,0.9491,2,6,1,0,2,0,2.716,509.78,184.07,965.26,8990.41,6371.06,1,0.0166,4.4379,0,0
2026-08-27T19:58:24.453414+00:00,web_xss_v1,web_xss_v1__247ab311d5ec,initial_access,T1190,6,3,1.4591,1.0,0.0202,19641.15,11129.98,0.8049,30,17,0.7297,1.4958,0.6523,0.0996,0.951,1,2,0,0,1,0,1.7105,654.7,177.32,901.5,8500.08,8374.3,0,0.0712,3.6362,0,0
2026-08-27T19:58:29.453414+00:00,web_xss_v1,web_xss_v1__247ab311d5ec,initial_access,T1190,6,3,1.4591,1.0,0.0173,13658.53,6260.16,0.7204,24,11,0.5219,0.6328,0.662,0.1512,1.1155,1,3,0,0,1,0,2.106,569.11,190.18,898.54,9442.5,8050.24,0,0.0,4.2037,0,0
2026-08-27T19:58:34.453414+00:00,web_xss_v1,web_xss_v1__247ab311d5ec,initial_access,T1190,6,3,1.4591,0.9771,0.0289,12000.06,4000.02,0.8223,24,8,0.6504,1.4131,0.6792,0.1736,1.2001,0,3,0,0,1,0,2.8536,500.0,131.26,673.09,8752.99,11271.53,0,0.0,4.2672,0,1
2026-08-27T19:58:39.453414+00:00,web_xss_v1,web_xss_v1__247ab311d5ec,initial_access,T1190,9,4,1.8911,1.0,0.0208,19045.1,8993.52,0.7444,36,17,0.3313,0.6414,0.5637,0.136,0.9718,1,4,0,0,2,0,2.0416,529.03,126.04,784.35,8373.02,9748.53,1,0.0,3.8512,0,0
2026-08-27T19:58:44.453414+00:00,web_xss_v1,web_xss_v1__247ab311d5ec,initial_access,T1190,4,3,1.5,1.0,0.0,16552.87,6207.33,0.7923,24,9,0.4235,1.2626,0.6235,0.0685,0.8291,0,2,0,0,0,0,2.4718,689.7,147.63,860.36,7149.11,9755.78,0,0.0209,3.4996,0,0
2026-08-27T19:58:49.453414+00:00,web_xss_v1,web_xss_v1__247ab311d5ec,initial_access,T1190,11,4,1.7899,1.0,0.0,37457.67,13620.97,0.7612,55,20,0.6058,0.7283,0.4417,0.0951,0.7269,2,5,1,0,2,0,2.6762,681.05,254.54,1064.71,9131.08,7002.52,1,0.0,3.8373,0,0
2026-08-27T19:58:54.453414+00:00,web_xss_v1,web_xss_v1__247ab311d5ec,initial_access,T1190,9,4,1.8366,1.0,0.0,18211.68,10117.6,0.7338,45,25,0.2998,0.8865,0.5298,0.1012,0.8334,1,4,0,0,2,0,1.7816,404.7,74.65,536.16,8533.01,7281.05,1,0.0,3.743,0,0
2026-08-27T19:58:59.453414+00:00,web_xss_v1,web_xss_v1__247ab311d5ec,initial_access,T1190,9,4,1.9749,1.0,0.0139,21266.67,11342.22,0.7704,45,24,0.4241,0.7257,0.81,0.0995,1.1084,1,4,1,0,1,0,1.8719,472.59,147.75,752.95,10177.52,9814.24,0,0.0274,4.075,0,1
2026-08-27T19:59:04.453414+00:00,web_xss_v1,web_xss_v1__247ab311d5ec,initial_access,T1190,4,3,1.5,1.0,0.0,20576.07,7716.03,0.7378,32,12,0.3541,0.5574,0.6349,0.1053,0.9507,0,2,0,0,0,0,2.5139,643.0,288.2,942.92,5478.51,6313.4,0,0.0,4.026,0,0
2026-08-27T19:59:09.453414+00:00,web_xss_v1,web_xss_v1__247ab311d5ec,initial_access,T1190,8,4,1.9056,1.0,0.0,39701.24,19299.21,0.7548,72,35,0.5902,1.357,0.4803,0.0987,0.7765,1,4,1,0,1,0,2.0457,551.41,217.52,929.83,8439.14,9417.52,0,0.0048,3.4608,0,0
2026-08-27T19:59:14.453414+00:00,web_xss_v1,web_xss_v1__247ab311d5ec,initial_access,T1190,8,4,1.9056,1.0,0.0,39975.05,20487.22,0.9011,80,41,0.2629,0.714,0.5276,0.0529,0.6862,1,3,0,0,1,0,1.9482,499.69,148.98,804.24,7674.82,9895.49,0,0.0249,3.2284,0,0
2026-08-27T19:59:19.453414+00:00,web_xss_v1,web_xss_v1__247ab311d5ec,initial_access,T1190,14,4,1.9242,0.9737,0.0045,53875.48,23639.24,0.8243,98,43,0.3236,0.7128,0.5417,0.0579,0.7153,2,7,1,0,3,0,2.2435,549.75,149.3,880.31,8513.65,8302.67,2,0.0302,4.4615,0,1
2026-08-27T19:59:24.453414+00:00,web_xss_v1,web_xss_v1__247ab311d5ec,initial_access,T1190,7,4,1.9502,1.0,0.0031,19579.17,11188.1,0.7801,35,20,0.3611,0.5673,0.5055,0.0513,0.6594,1,3,0,0,1,0,1.7327,559.4,175.2,820.62,8531.66,6385.07,0,0.0274,4.1288,0,0
2026-08-27T19:59:29.453414+00:00,web_xss_v1,web_xss_v1__247ab311d5ec,initial_access,T1190,5,4,1.9219,0.9675,0.0234,10054.44,4524.5,0.7862,20,9,0.4161,1.1034,0.5072,0.0712,0.7207,0,2,0,0,1,0,2.088,502.72,148.71,624.9,6893.14,10497.39,0,0.0151,3.7753,0,0
2026-08-27T19:59:34.453414+00:00,web_xss_v1,web_xss_v1__247ab311d5ec,initial_access,T1190,6,4,1.9183,0.9748,0.0448,11950.6,5477.36,0.766,24,11,0.6185,1.1875,0.7773,0.1635,1.2678,1,2,0,0,1,0,2.0101,497.94,155.86,710.76,8238.19,5854.39,0,0.0199,3.8382,0,0
2026-08-27T19:59:39.453414+00:00,web_xss_v1,web_xss_v1__247ab311d5ec,initial_access,T1190,8,4,1.9056,0.991,0.0107,15035.71,7517.85,0.7403,24,12,0.3079,0.6041,0.4627,0.0699,0.6725,1,3,0,0,1,0,1.8948,626.49,268.46,1200.56,9663.01,7378.27,0,0.0682,3.4365,0,0
2026-08-27T19:59:44.453414+00:00,web_xss_v1,web_xss_v1__247ab311d5ec,initial_access,T1190,12,4,1.9591,0.9772,0.038,28483.93,16140.89,0.8001,60,34,0.7501,1.9474,0.646,0.1037,0.957,1,5,1,0,2,0,1.7527,474.73,125.34,676.23,8167.13,8502.04,1,0.0634,3.6074,0,0
2026-08-27T19:59:49.453414+00:00,web_xss_v1,web_xss_v1__247ab311d5ec,initial_access,T1190,12,4,1.7296,1.0,0.0,44479.98,22857.77,0.8188,72,37,0.356,0.8698,0.6472,0.0757,0.8744,1,5,1,0,3,0,1.8958,617.78,292.31,1199.58,7790.08,8159.93,2,0.0,4.6021,0,0
2026-08-27T19:59:54.453414+00:00,web_xss_v1,web_xss_v1__247ab311d5ec,initial_access,T1190,12,4,1.825,0.938,0.0905,49016.09,14004.6,0.7528,84,24,0.3513,0.5356,0.6281,0.1421,1.0543,2,5,1,0,2,0,3.4506,583.52,161.3,916.44,6885.29,7314.78,1,0.0189,3.8729,0,0
2026-08-27T19:59:59.453414+00:00,web_xss_v1,web_xss_v1__247ab311d5ec,initial_access,T1190,12,4,1.8554,1.0,0.0151,49589.64,15939.53,0.7149,84,27,0.3937,0.9273,0.5763,0.1384,0.9916,2,5,1,0,2,0,3.045,590.35,131.32,808.29,8157.79,9814.07,1,0.0504,3.7777,0,0
2026-08-27T20:00:04.453414+00:00,web_xss_v1,web_xss_v1__247ab311d5ec,initial_access,T1190,10,3,1.5219,0.9587,0.0646,43279.36,23803.65,0.7574,80,44,0.576,1.4439,0.5164,0.1394,0.9345,2,5,0,0,2,0,1.8045,540.99,181.05,884.65,6080.26,7765.08,1,0.0,4.5468,0,0
2026-08-27T20:00:09.453414+00:00,web_xss_v1,web_xss_v1__247ab311d5ec,initial_access,T1190,7,4,1.8424,1.0,0.0397,19777.63,10359.71,0.7056,42,22,0.4537,1.3313,0.6447,0.0861,0.903,1,3,0,0,1,0,1.868,470.9,144.73,684.98,6862.41,9352.03,0,0.0373,4.087,0,0
2026-08-27T20:00:14.453414+00:00,web_xss_v1,web_xss_v1__247ab311d5ec,initial_access,T1190,10,4,1.8955,0.9716,0.0,10458.78,4706.45,0.7424,20,9,0.3382,0.5922,0.6403,0.1226,1.008,1,4,1,0,2,0,2.0968,522.94,118.01,787.11,7181.79,6875.26,1,0.0328,4.7514,0,0
2026-08-27T20:00:19.453414+00:00,web_xss_v1,web_xss_v1__247ab311d5ec,initial_access,T1190,7,4,1.8424,0.9713,0.013,43079.54,25232.3,0.7289,70,41,0.604,1.6115,0.498,0.0613,0.6818,1,3,0,0,1,0,1.6974,615.42,138.24,845.37,8210.79,8354.56,0,0.0319,3.5851,0,0
2026-08-27T20:00:24.453414+00:00,web_xss_v1,web_xss_v1__247ab311d5ec,initial_access,T1190,8,3,1.5613,0.9947,0.0227,26421.1,11559.23,0.7527,48,21,0.7664,1.9047,0.5334,0.1164,0.8826,1,4,0,0,1,0,2.2005,550.44,186.61,976.42,8251.57,7870.18,0,0.0518,3.7925,0,0
2026-08-27T20:00:29.453414+00:00,web_xss_v1,web_xss_v1__247ab311d5ec,initial_access,T1190,8,3,1.5613,1.0,0.0,16117.64,7555.15,0.8165,32,15,0.5581,1.649,0.6352,0.0711,0.8485,1,4,0,0,1,0,2.0298,503.68,120.99,671.78,6582.92,8103.22,0,0.0,3.594,0,0
2026-08-27T20:00:34.453414+00:00,web_xss_v1,web_xss_v1__247ab311d5ec,initial_access,T1190,6,2,0.9183,1.0,0.0,23301.87,7212.48,0.7273,42,13,0.4814,1.4088,0.5436,0.0794,0.7817,1,2,0,0,1,0,3.1816,554.81,110.19,729.96,9150.33,9793.05,0,0.0288,3.4695,0,0
2026-08-27T20:00:39.453414+00:00,web_xss_v1,web_xss_v1__247ab311d5ec,initial_access,T1190,6,3,1.4591,0.9695,0.0163,25384.47,10274.66,0.7731,42,17,0.3914,0.5292,0.5232,0.0531,0.6826,1,2,0,0,1,0,2.3627,604.39,138.93,832.69,7155.43,9561.27,0,0.0,3.6427,0,0
2026-08-27T20:00:44.453414+00:00,web_xss_v1,web_xss_v1__247ab311d5ec,initial_access,T1190,6,3,1.4591,0.9881,0.043,13612.41,5898.71,0.7369,30,13,0.4494,1.0835,0.5095,0.0901,0.7799,0,3,0,0,1,0,2.1919,453.75,143.32,697.75,7175.19,8626.9,0,0.0,4.2923,0,0
2026-08-27T20:00:49.453414+00:00,web_xss_v1,web_xss_v1__247ab311d5ec,initial_access,T1190,8,3,1.4056,0.9554,0.0666,7732.25,3866.12,0.7756,16,8,0.819,2.45,0.576,0.1307,0.9682,1,3,1,0,1,0,1.9423,483.27,68.58,561.62,7007.19,6955.78,0,0.0473,3.723,0,0
2026-08-27T20:00:54.453414+00:00,web_xss_v1,web_xss_v1__247ab311d5ec,initial_access,T1190,8,4,1.75,0.9902,0.0183,28669.86,11775.12,0.7695,56,23,0.5918,0.9624,0.5735,0.1584,1.0486,1,3,0,0,1,0,2.4264,511.96,128.34,820.11,7030.17,8378.68,0,0.0,3.883,0,0
2026-08-27T20:00:59.453414+00:00,web_xss_v1,web_xss_v1__247ab311d5ec,initial_access,T1190,9,3,1.5305,1.0,0.0404,48099.78,29839.68,0.794,108,67,0.3111,0.6713,0.4741,0.0595,0.6526,1,4,0,0,2,0,1.6077,445.37,113.82,622.48,8791.59,8053.72,1,0.0,3.8451,0,0
2026-08-27T20:01:04.453414+00:00,web_xss_v1,web_xss_v1__247ab311d5ec,initial_access,T1190,7,4,1.9502,0.9989,0.0061,20359.19,6398.6,0.7074,35,11,0.3593,0.518,0.7226,0.1745,1.2461,1,3,0,0,1,0,2.9898,581.69,151.06,782.67,9213.17,8917.15,0,0.0,4.0952,0,0
2026-08-27T20:01:09.453414+00:00,web_xss_v1,web_xss_v1__247ab311d5ec,initial_access,T1190,4,3,1.5,1.0,0.0,20718.74,11006.83,0.7222,32,17,0.4872,1.432,0.5361,0.1445,0.9698,0,2,0,0,0,0,1.8778,647.46,203.43,938.26,7181.05,7342.36,0,0.0,4.1849,0,0
2026-08-27T20:01:14.453414+00:00,web_xss_v1,web_xss_v1__247ab311d5ec,initial_access,T1190,12,4,1.9591,1.0,0.0,42200.47,22105.01,0.7987,84,44,0.7323,2.1443,0.5229,0.1293,0.9108,1,5,1,0,2,0,1.907,502.39,122.23,726.73,8314.35,8882.29,1,0.0,4.2276,0,1
2026-08-27T20:01:19.453414+00:00,web_xss_v1,web_xss_v1__247ab311d5ec,initial_access,T1190,5,3,1.371,1.0,0.0,7624.59,2541.53,0.7719,15,5,0.8059,1.1167,0.661,0.1076,0.9839,1,2,0,0,1,0,2.9312,508.31,196.93,752.48,8774.82,7754.23,0,0.0,3.1413,0,0
2026-08-27T20:01:24.453414+00:00,web_xss_v1,web_xss_v1__247ab311d5ec,initial_access,T1190,4,2,0.8113,0.999,0.0233,16127.55,9407.74,0.6887,24,14,0.4133,0.6849,0.5241,0.1313,0.918,0,1,0,0,0,0,1.6837,671.98,65.04,758.06,8898.94,8663.28,0,0.0,4.1698,0,0
2026-08-27T20:01:29.453414+00:00,web_xss_v1,web_xss_v1__247ab311d5ec,initial_access,T1190,10,4,1.8464,1.0,0.0,15599.44,12479.56,0.7899,30,24,0.5017,1.0852,0.5736,0.0756,0.8005,2,5,0,0,2,0,1.2291,519.98,134.58,723.31,7880.45,8463.21,1,0.0708,3.9443,0,1
2026-08-27T20:01:34.453414+00:00,web_xss_v1,web_xss_v1__247ab311d5ec,initial_access,T1190,10,4,1.9219,1.0,0.0,22637.96,9621.13,0.7651,40,17,0.4245,0.6071,0.5353,0.1324,0.9326,1,4,1,0,2,0,2.2628,565.95,106.32,716.56,8028.1,9500.25,1,0.0429,3.9906,0,0
2026-08-27T20:01:39.453414+00:00,web_xss_v1,web_xss_v1__247ab311d5ec,initial_access,T1190,8,3,1.5613,0.9864,0.0,31214.06,12192.99,0.7778,64,25,0.7424,1.6998,0.4507,0.0635,0.6413,1,3,1,0,1,0,2.4951,487.72,105.02,656.48,7535.66,9229.19,0,0.0,4.3017,0,0
2026-08-27T20:01:44.453414+00:00,web_xss_v1,web_xss_v1__247ab311d5ec,initial_access,T1190,9,4,1.8911,0.9765,0.044,43877.21,20110.39,0.7501,72,33,0.6788,1.2002,0.6382,0.1007,0.9403,1,4,1,0,2,0,2.1588,609.41,282.36,989.77,9930.14,11021.42,1,0.0341,3.699,0,0
2026-08-27T20:01:49.453414+00:00,web_xss_v1,web_xss_v1__247ab311d5ec,initial_access,T1190,9,4,1.6577,1.0,0.0,15095.55,10622.8,0.7872,27,19,0.7087,1.497,0.4989,0.1271,0.8803,2,4,1,0,2,0,1.3807,559.09,203.22,917.5,7855.02,9305.79,1,0.0184,3.0049,0,1
2026-08-27T20:01:54.453414+00:00,web_xss_v1,web_xss_v1__247ab311d5ec,initial_access,T1190,3,2,0.9183,0.9561,0.0904,6912.0,2304.0,0.6997,12,4,0.5021,1.2678,0.559,0.0803,0.7999,0,1,0,0,0,0,2.641,576.0,21.74,598.58,9175.82,7787.82,0,0.0,3.6251,0,0
2026-08-27T20:01:59.453414+00:00,web_xss_v1,web_xss_v1__247ab311d5ec,initial_access,T1190,9,4,1.8911,1.0,0.0,11121.81,5560.91,0.7804,18,9,0.357,0.9243,0.5347,0.0598,0.714,1,4,0,0,2,0,1.8706,617.88,223.89,1025.51,9934.31,10181.15,1,0.0609,3.7256,0,0
2026-08-27T20:02:04.453414+00:00,web_xss_v1,web_xss_v1__247ab311d5ec,initial_access,T1190,10,4,1.8464,0.9845,0.0504,32965.44,15540.85,0.8423,70,33,0.3434,0.7567,0.6381,0.0968,0.9284,1,5,0,0,2,0,2.0828,470.93,164.44,729.26,9772.16,7520.83,1,0.0,3.6504,0,0
2026-08-27T20:02:09.453414+00:00,web_xss_v1,web_xss_v1__247ab311d5ec,initial_access,T1190,11,4,1.8231,0.9964,0.0022,35636.21,13606.55,0.6912,55,21,0.6775,1.3612,0.5253,0.1023,0.8321,1,5,1,0,2,0,2.5615,647.93,281.9,1230.66,7717.31,7637.77,1,0.0106,4.0678,0,1
2026-08-27T20:02:14.453414+00:00,web_xss_v1,web_xss_v1__247ab311d5ec,initial_access,T1190,13,4,1.9501,1.0,0.0067,29240.25,15744.75,0.72,52,28,0.5397,1.1035,0.4618,0.083,0.7107,2,6,1,0,2,0,1.8332,562.31,171.5,861.13,10590.26,6860.69,1,0.0025,4.7715,0,0
2026-08-27T20:02:19.453414+00:00,web_xss_v1,web_xss_v1__247ab311d5ec,initial_access,T1190,7,4,1.8424,1.0,0.0,14641.74,6275.03,0.7831,21,9,0.6517,1.3018,0.6389,0.1518,1.0943,1,3,0,0,1,0,2.1963,697.23,215.33,1060.78,8832.46,8902.44,0,0.0262,4.6178,0,0
2026-08-27T20:02:24.453414+00:00,web_xss_v1,web_xss_v1__247ab311d5ec,initial_access,T1190,9,4,1.8911,0.9877,0.0196,39214.43,17973.28,0.74,72,33,0.5751,1.2332,0.7092,0.1958,1.2966,1,4,0,0,1,0,2.1358,544.64,278.0,1261.06,8594.5,9850.67,0,0.0,4.1814,0,0
2026-08-27T20:02:29.453414+00:00,web_xss_v1,web_xss_v1__247ab311d5ec,initial_access,T1190,5,3,1.5219,1.0,0.0,19837.37,13886.16,0.7987,50,35,0.7139,0.9959,0.6106,0.1467,1.0508,1,2,0,0,0,0,1.3901,396.75,153.37,611.81,7593.74,6987.53,0,0.0,4.4186,0,0
2026-08-27T20:02:34.453414+00:00,web_xss_v1,web_xss_v1__247ab311d5ec,initial_access,T1190,9,3,1.5305,1.0,0.0034,17627.15,8813.57,0.7699,36,18,0.4173,0.8358,0.5096,0.0939,0.7912,1,4,1,0,1,0,1.9515,489.64,166.66,811.77,8178.35,5973.85,0,0.0138,4.1584,0,0
2026-08-27T20:02:39.453414+00:00,web_xss_v1,web_xss_v1__247ab311d5ec,initial_access,T1190,16,3,1.0613,0.9673,0.0455,90762.59,64920.46,0.773,144,103,0.7006,1.8722,0.5003,0.1235,0.8709,2,8,1,0,3,0,1.3944,630.3,171.16,1078.05,8081.74,7290.45,2,0.0464,3.5402,0,0
2026-08-27T20:02:44.453414+00:00,web_xss_v1,web_xss_v1__247ab311d5ec,initial_access,T1190,9,4,1.7527,1.0,0.0113,24543.12,16362.08,0.7629,54,36,0.3755,0.7334,0.5973,0.1783,1.1322,1,4,1,0,1,0,1.4729,454.5,149.43,813.61,9637.57,8949.95,0,0.0248,4.5116,0,0
2026-08-27T20:02:49.453414+00:00,web_xss_v1,web_xss_v1__247ab311d5ec,initial_access,T1190,5,3,1.5219,1.0,0.0,22149.69,10521.1,0.8098,40,19,0.7067,1.449,0.5829,0.1393,1.0006,0,2,0,0,1,0,2.0242,553.74,245.98,965.8,6314.44,6894.44,0,0.0857,3.2048,0,1
2026-08-27T20:02:54.453414+00:00,web_xss_v1,web_xss_v1__247ab311d5ec,initial_access,T1190,10,4,1.971,0.9604,0.0421,49286.3,31050.37,0.7002,100,63,0.6784,1.4344,0.4753,0.0771,0.7067,2,4,1,0,1,0,1.574,492.86,112.15,671.82,8609.11,9010.41,0,0.0773,4.5223,0,0
2026-08-27T20:02:59.453414+00:00,web_xss_v1,web_xss_v1__247ab311d5ec,initial_access,T1190,11,4,1.9808,0.9738,0.0039,40384.34,18880.99,0.7583,77,36,0.3934,0.5936,0.5653,0.1133,0.9051,1,5,1,0,2,0,2.0919,524.47,144.75,797.52,8386.15,8910.28,1,0.0717,3.3207,0,0
2026-08-27T20:03:04.453414+00:00,web_xss_v1,web_xss_v1__247ab311d5ec,initial_access,T1190,5,2,0.971,1.0,0.0,9068.38,3627.35,0.8078,15,6,0.4453,0.7311,0.5614,0.1191,0.9188,0,2,0,0,0,0,2.195,604.56,91.45,722.28,6064.44,8406.34,0,0.0322,3.7476,0,0
2026-08-27T20:03:09.453414+00:00,web_xss_v1,web_xss_v1__247ab311d5ec,initial_access,T1190,11,4,1.9808,0.9814,0.0,36225.35,16466.07,0.7579,66,30,0.5686,1.6582,0.5335,0.0739,0.7551,1,5,1,0,1,0,2.1411,548.87,194.95,889.31,9822.56,6009.7,0,0.0361,3.1865,0,0
2026-08-27T20:03:14.453414+00:00,web_xss_v1,web_xss_v1__247ab311d5ec,initial_access,T1190,7,3,1.3788,0.9832,0.0306,16922.53,6769.01,0.7835,35,14,0.9067,1.9271,0.6767,0.1727,1.1948,1,3,0,0,1,0,2.4839,483.5,74.7,549.68,7834.51,7392.8,0,0.0145,3.4881,0,0
2026-08-27T20:03:19.453414+00:00,web_xss_v1,web_xss_v1__247ab311d5ec,initial_access,T1190,10,4,1.761,0.9666,0.0292,26147.25,11112.58,0.7816,40,17,0.3907,0.8704,0.7841,0.1198,1.1434,1,4,0,0,2,0,2.2516,653.68,229.91,1092.49,7367.85,8498.41,1,0.0394,4.021,0,0
2026-08-27T20:03:24.453414+00:00,web_xss_v1,web_xss_v1__247ab311d5ec,initial_access,T1190,10,3,1.4855,1.0,0.0,52659.53,36335.08,0.7196,100,69,0.7415,1.2815,0.5187,0.1214,0.8829,2,5,1,0,2,0,1.4327,526.6,128.06,814.94,8269.45,6647.91,1,0.0667,5.2636,0,0
2026-08-27T20:03:29.453414+00:00,web_xss_v1,web_xss_v1__247ab311d5ec,initial_access,T1190,9,4,1.8366,1.0,0.0,35609.59,9608.94,0.777,63,17,0.3188,0.9082,0.5238,0.1311,0.917,1,4,0,0,1,0,3.5601,565.23,98.83,725.96,9199.22,7861.06,0,0.0462,3.1467,0,0
2026-08-27T20:03:34.453414+00:00,web_xss_v1,web_xss_v1__247ab311d5ec,initial_access,T1190,16,4,1.9363,1.0,0.0,32790.1,19469.12,0.7278,64,38,0.7731,1.741,0.4826,0.1211,0.8458,2,8,2,0,4,0,1.6767,512.35,166.02,898.19,7608.24,7643.48,2,0.0,4.3981,0,0
2026-08-27T20:03:39.453414+00:00,web_xss_v1,web_xss_v1__247ab311d5ec,initial_access,T1190,5,3,1.371,1.0,0.0292,18341.48,10546.35,0.7422,40,23,0.5572,0.8406,0.5727,0.0813,0.8166,0,2,0,0,1,0,1.6861,458.54,100.78,642.46,6821.9,8153.02,0,0.0916,3.7807,0,0
2026-08-27T20:03:44.453414+00:00,web_xss_v1,web_xss_v1__247ab311d5ec,initial_access,T1190,2,2,1.0,1.0,0.0,779.68,0.0,0.8067,2,0,1.0071,1.7346,0.6111,0.1815,1.1555,0,0,0,0,0,0,2.7,389.84,84.35,474.19,8549.08,8001.53,0,0.0077,4.4915,0,0
2026-08-27T20:03:49.453414+00:00,web_xss_v1,web_xss_v1__247ab311d5ec,initial_access,T1190,9,4,1.8911,0.9868,0.0363,29210.88,13631.74,0.7286,45,21,0.505,1.5036,0.5085,0.1431,0.9378,1,4,1,0,1,0,2.099,649.13,218.55,1177.53,7111.43,7799.67,0,0.0593,3.8283,0,0
2026-08-27T20:03:54.453414+00:00,web_xss_v1,web_xss_v1__247ab311d5ec,initial_access,T1190,7,2,0.9852,0.995,0.0,45190.91,17215.58,0.7207,105,40,0.4414,0.6793,0.6278,0.0773,0.8598,0,3,0,0,1,0,2.5739,430.39,115.25,625.5,6372.81,8336.79,0,0.0324,4.1251,0,0
2026-08-27T20:03:59.453414+00:00,web_xss_v1,web_xss_v1__247ab311d5ec,initial_access,T1190,4,2,0.8113,0.9583,0.0685,17922.04,5760.66,0.6796,28,9,0.6675,1.1601,0.5996,0.1365,1.0092,0,1,0,0,0,0,3.0102,640.07,256.28,1077.0,6900.21,6384.24,0,0.0753,4.4782,0,0
2026-08-27T20:04:04.453414+00:00,web_xss_v1,web_xss_v1__247ab311d5ec,initial_access,T1190,9,3,1.4355,1.0,0.0,45958.66,19033.39,0.8218,99,41,0.5116,0.9391,0.4982,0.1049,0.8129,1,4,0,0,2,0,2.4112,464.23,133.26,645.9,6630.32,8630.13,1,0.0034,3.8542,0,0
2026-08-27T20:04:09.453414+00:00,web_xss_v1,web_xss_v1__247ab311d5ec,initial_access,T1190,13,4,1.9878,0.958,0.0424,34761.37,16043.71,0.7472,65,30,0.8329,2.0953,0.6509,0.1691,1.1581,2,6,1,0,3,0,2.151,534.79,123.41,714.97,8540.45,8108.2,1,0.0143,3.1044,0,0
2026-08-27T20:04:14.453414+00:00,web_xss_v1,web_xss_v1__247ab311d5ec,initial_access,T1190,7,4,1.9502,1.0,0.0,24011.99,17151.42,0.6784,49,35,0.5566,0.8408,0.4584,0.0861,0.7168,1,3,0,0,1,0,1.3727,490.04,163.6,739.96,7705.84,9446.03,0,0.0209,4.423,0,0
2026-08-27T20:04:19.453414+00:00,web_xss_v1,web_xss_v1__247ab311d5ec,initial_access,T1190,5,3,1.5219,1.0,0.0,13312.18,4792.39,0.8266,25,9,0.5635,1.3662,0.5376,0.1561,1.006,0,2,0,0,1,0,2.5698,532.49,98.67,669.33,8984.77,8145.0,0,0.0318,4.3913,0,0
2026-08-27T20:04:24.453414+00:00,web_xss_v1,web_xss_v1__247ab311d5ec,initial_access,T1190,6,4,1.9183,1.0,0.008,17072.95,11381.97,0.7385,30,20,0.6861,1.8498,0.5764,0.106,0.8945,1,3,0,0,1,0,1.4933,569.1,218.97,975.19,6928.68,8903.88,0,0.0341,3.3126,0,0
2026-08-27T20:04:29.453414+00:00,web_xss_v1,web_xss_v1__247ab311d5ec,initial_access,T1190,6,3,1.2516,0.9556,0.0,18150.41,9680.22,0.6503,30,16,0.5458,0.828,0.5272,0.1576,1.0001,1,3,0,0,1,0,1.7905,605.01,129.45,759.76,6723.59,9054.68,0,0.0114,4.2008,0,0
2026-08-27T20:04:34.453414+00:00,web_xss_v1,web_xss_v1__247ab311d5ec,initial_access,T1190,7,3,1.3788,1.0,0.0275,18814.7,8063.44,0.7607,28,12,0.322,0.9401,0.5339,0.0902,0.8045,1,3,0,0,1,0,2.1937,671.95,201.12,1066.83,7123.18,8486.46,0,0.0334,3.7589,0,0
2026-08-27T20:04:39.453414+00:00,web_xss_v1,web_xss_v1__247ab311d5ec,initial_access,T1190,8,3,1.5,1.0,0.0,23445.73,11136.72,0.7475,40,19,0.7661,1.7091,0.5164,0.0843,0.7692,1,3,0,0,1,0,2.0299,586.14,142.25,801.98,8414.4,7885.61,0,0.0256,4.0326,0,0
2026-08-27T20:04:44.453414+00:00,web_xss_v1,web_xss_v1__247ab311d5ec,initial_access,T1190,11,4,1.9363,0.9932,0.0,34162.65,15528.48,0.6795,55,25,0.7695,1.0713,0.5207,0.1425,0.9482,2,5,1,0,2,0,2.1212,621.14,286.64,1190.88,7408.36,6157.66,1,0.0256,4.0563,0,0
2026-08-27T20:04:49.453414+00:00,web_xss_v1,web_xss_v1__247ab311d5ec,initial_access,T1190,14,4,1.6645,0.9547,0.0499,28138.97,19094.3,0.7151,56,38,0.7762,1.9179,0.7185,0.1473,1.1604,2,6,1,0,2,0,1.4439,502.48,173.76,946.83,6356.27,8526.43,1,0.0474,3.5689,0,0
2026-08-27T20:04:54.453414+00:00,web_xss_v1,web_xss_v1__247ab311d5ec,initial_access,T1190,9,3,1.585,0.9857,0.0218,33935.46,17237.06,0.6818,63,32,0.5856,0.7497,0.6322,0.1763,1.1612,1,4,0,0,2,0,1.9138,538.66,147.26,795.76,9660.22,9875.95,1,0.031,3.5358,0,0
2026-08-27T20:04:59.453414+00:00,web_xss_v1,web_xss_v1__247ab311d5ec,initial_access,T1190,6,3,1.4591,0.9857,0.0502,18619.81,7447.92,0.7914,30,12,0.6954,1.9967,0.6282,0.1562,1.0968,1,3,0,0,1,0,2.3375,620.66,226.27,926.89,6773.34,7901.08,0,0.0554,4.8061,0,0
2026-08-27T20:05:04.453414+00:00,web_xss_v1,web_xss_v1__247ab311d5ec,initial_access,T1190,6,4,1.9183,1.0,0.0099,29992.6,11497.16,0.7231,60,23,0.7409,1.7613,0.5977,0.1154,0.944,1,2,0,0,1,0,2.5123,499.88,140.96,709.41,6993.4,9454.07,0,0.0099,3.9999,0,0
2026-08-27T20:05:09.453414+00:00,web_xss_v1,web_xss_v1__247ab311d5ec,initial_access,T1190,9,3,1.3516,1.0,0.0,15351.41,5685.71,0.7263,27,10,0.7175,1.0439,0.5143,0.1048,0.8288,1,4,0,0,2,0,2.6601,568.57,204.38,925.0,7416.71,7674.44,1,0.0,3.6719,0,0
2026-08-27T20:05:14.453414+00:00,web_xss_v1,web_xss_v1__247ab311d5ec,initial_access,T1190,7,4,1.8424,0.9854,0.0117,13511.39,6273.14,0.7362,28,13,0.5641,1.2835,0.6398,0.1243,1.0128,1,3,0,0,1,0,2.1149,482.55,148.32,726.78,7189.29,10559.08,0,0.0252,5.194,0,0
2026-08-27T20:05:19.453414+00:00,web_xss_v1,web_xss_v1__247ab311d5ec,initial_access,T1190,8,4,1.75,0.9745,0.0376,40934.32,27118.99,0.8389,80,53,0.6432,1.6694,0.6278,0.172,1.1437,1,4,1,0,1,0,1.4833,511.68,242.86,1102.81,6260.99,8011.06,0,0.0,4.3971,0,0
2026-08-27T20:05:24.453414+00:00,web_xss_v1,web_xss_v1__247ab311d5ec,initial_access,T1190,10,4,1.8955,0.9526,0.0229,11379.17,4551.67,0.6895,20,8,0.7413,2.0848,0.6056,0.163,1.0946,1,5,0,0,2,0,2.2264,568.96,206.13,927.06,7422.17,9160.66,1,0.0205,4.5644,0,0
2026-08-27T20:05:29.453414+00:00,web_xss_v1,web_xss_v1__247ab311d5ec,initial_access,T1190,8,3,1.4056,1.0,0.0,25106.82,18830.11,0.7709,48,36,0.3019,0.5788,0.455,0.0655,0.6515,1,3,0,0,1,0,1.3058,523.06,207.21,918.19,8738.33,7678.27,0,0.0,4.9485,0,0
2026-08-27T20:05:34.453414+00:00,web_xss_v1,web_xss_v1__247ab311d5ec,initial_access,T1190,13,3,1.5262,1.0,0.0,45083.41,21303.15,0.8236,91,43,0.7142,0.9821,0.5101,0.1321,0.9063,2,6,1,0,3,0,2.1106,495.42,181.74,878.87,7132.0,8270.8,2,0.0372,4.8084,0,1
2026-08-27T20:05:39.453414+00:00,web_xss_v1,web_xss_v1__247ab311d5ec,initial_access,T1190,11,4,1.7899,0.9723,0.0171,17620.75,6941.51,0.7534,33,13,0.6599,1.868,0.5818,0.1217,0.947,1,5,1,0,2,0,2.4602,533.96,170.26,996.79,10616.35,7496.82,1,0.0764,3.8938,0,0
2026-08-27T20:05:44.453414+00:00,web_xss_v1,web_xss_v1__247ab311d5ec,initial_access,T1190,12,4,1.5511,0.9941,0.01,39635.95,17836.18,0.7824,60,27,0.3968,1.01,0.6418,0.0898,0.9113,2,6,1,0,2,0,2.1887,660.6,309.13,1199.87,8940.83,9548.9,1,0.0135,4.1336,0,1
2026-08-27T20:05:49.453414+00:00,web_xss_v1,web_xss_v1__247ab311d5ec,initial_access,T1190,6,3,1.4591,1.0,0.0,29828.36,9114.22,0.7008,72,22,0.5845,0.7876,0.6507,0.1382,1.0654,1,3,0,0,1,0,3.1435,414.28,156.25,655.09,7278.24,8814.61,0,0.0,3.2044,0,0
2026-08-27T20:05:54.453414+00:00,web_xss_v1,web_xss_v1__247ab311d5ec,initial_access,T1190,10,4,1.8955,0.9955,0.0169,27230.93,13615.47,0.6088,50,25,0.6652,1.56,0.5919,0.0842,0.8445,2,4,1,0,2,0,1.9792,544.62,122.86,752.18,10161.73,8502.83,1,0.0496,4.5276,0,0
2026-08-27T20:05:59.453414+00:00,web_xss_v1,web_xss_v1__247ab311d5ec,initial_access,T1190,8,4,1.9056,0.9973,0.0055,25432.59,8901.41,0.7537,40,14,0.6078,1.58,0.7072,0.1015,1.0116,1,3,0,0,1,0,2.7328,635.81,286.55,1135.13,7496.56,6903.51,0,0.0392,3.0825,0,0
2026-08-27T20:06:04.453414+00:00,web_xss_v1,web_xss_v1__247ab311d5ec,initial_access,T1190,11,4,1.9363,0.9578,0.0824,57167.07,32599.4,0.7331,121,69,0.406,0.7504,0.4325,0.061,0.6156,2,5,1,0,2,0,1.7351,472.46,170.29,924.36,6826.03,8861.46,1,0.0333,4.0839,0,0
2026-08-27T20:06:09.453414+00:00,web_xss_v1,web_xss_v1__247ab311d5ec,initial_access,T1190,8,4,1.9056,1.0,0.0018,34441.65,12300.59,0.6945,56,20,0.8871,1.0648,0.7148,0.145,1.1499,1,4,0,0,1,0,2.7272,615.03,191.16,984.01,8285.62,9317.74,0,0.0362,4.0768,0,0
2026-08-27T20:06:14.453414+00:00,web_xss_v1,web_xss_v1__247ab311d5ec,initial_access,T1190,8,4,1.9056,0.9996,0.0,44567.54,21169.58,0.762,80,38,0.8946,1.2841,0.5396,0.0799,0.7793,1,3,0,0,1,0,2.0521,557.09,137.16,729.78,8212.76,9131.56,0,0.0495,3.8795,0,0
2026-08-27T20:06:19.453414+00:00,web_xss_v1,web_xss_v1__247ab311d5ec,initial_access,T1190,9,4,1.8366,1.0,0.0,57645.76,33772.26,0.7968,99,58,0.6899,1.7233,0.5179,0.1054,0.8342,1,4,0,0,1,0,1.6988,582.28,206.83,924.45,7538.47,5516.67,0,0.0018,4.3422,0,0
2026-08-27T20:06:24.453414+00:00,web_xss_v1,web_xss_v1__247ab311d5ec,initial_access,T1190,7,2,0.9852,0.9847,0.0417,14057.36,5020.49,0.7252,28,10,0.4879,0.9945,0.6387,0.0657,0.8357,1,3,0,0,1,0,2.6985,502.05,130.33,767.3,6572.55,8181.6,0,0.0,4.9525,0,0
2026-08-27T20:06:29.453414+00:00,web_xss_v1,web_xss_v1__247ab311d5ec,initial_access,T1190,7,3,1.3788,1.0,0.0082,31613.84,32115.65,0.721,63,64,0.5678,1.0302,0.4368,0.0558,0.6043,1,3,0,0,1,0,0.978,501.81,159.83,773.2,9055.73,8165.37,0,0.1203,4.3896,0,0
2026-08-27T20:06:34.453414+00:00,web_xss_v1,web_xss_v1__247ab311d5ec,initial_access,T1190,7,4,1.9502,1.0,0.0087,34404.85,17693.92,0.7539,70,36,0.4594,1.1024,0.4538,0.0935,0.7342,1,3,0,0,1,0,1.8993,491.5,126.59,705.08,7568.6,10730.23,0,0.0158,4.0357,0,0
2026-08-27T20:06:39.453414+00:00,web_xss_v1,web_xss_v1__247ab311d5ec,initial_access,T1190,4,4,2.0,0.9936,0.0,4750.94,1781.6,0.7294,8,3,0.5488,1.2435,0.7521,0.2079,1.3759,0,2,0,0,0,0,2.1318,593.87,174.3,738.86,8069.16,6876.91,0,0.0,4.9247,0,0
2026-08-27T20:06:44.453414+00:00,web_xss_v1,web_xss_v1__247ab311d5ec,initial_access,T1190,9,3,1.3921,0.9518,0.0987,33826.08,12349.2,0.7797,63,23,0.8042,1.3104,0.5763,0.1212,0.94,1,4,0,0,2,0,2.734,536.92,126.56,705.61,5844.94,7884.72,1,0.024,3.9892,0,0
2026-08-27T20:06:49.453414+00:00,web_xss_v1,web_xss_v1__247ab311d5ec,initial_access,T1190,12,4,1.9591,0.9933,0.0,14060.6,5858.59,0.6686,24,10,0.7596,1.135,0.4998,0.097,0.7909,2,6,1,0,2,0,2.2877,585.86,130.17,872.5,10853.95,8323.06,1,0.0331,4.5328,0,0
2026-08-27T20:06:54.453414+00:00,web_xss_v1,web_xss_v1__247ab311d5ec,initial_access,T1190,12,4,1.9591,1.0,0.0,39176.77,16323.66,0.7049,72,30,0.5745,0.9273,0.5338,0.1127,0.8719,2,6,0,0,2,0,2.3971,544.12,304.52,1430.81,7729.1,9364.57,1,0.0193,3.3005,0,1
2026-08-27T20:06:59.453414+00:00,web_xss_v1,web_xss_v1__247ab311d5ec,initial_access,T1190,7,4,1.9502,0.9937,0.0,32137.62,11149.79,0.7155,49,17,0.8105,1.9024,0.7926,0.1449,1.2271,1,3,0,0,1,0,2.7408,655.87,319.5,1237.84,7378.71,7780.45,0,0.0513,4.2348,0,0
2026-08-27T20:07:04.453414+00:00,web_xss_v1,web_xss_v1__247ab311d5ec,initial_access,T1190,8,4,1.9056,1.0,0.0179,13642.98,7389.95,0.7835,24,13,0.8578,1.9292,0.6762,0.1561,1.1445,1,3,0,0,1,0,1.8325,568.46,246.15,1048.8,8031.44,7766.15,0,0.0394,3.3653,0,0
2026-08-27T20:07:09.453414+00:00,web_xss_v1,web_xss_v1__247ab311d5ec,initial_access,T1190,11,3,1.2407,1.0,0.0176,25001.88,21592.53,0.7435,44,38,0.8875,2.0723,0.5792,0.107,0.9001,1,5,1,0,2,0,1.1338,568.22,161.15,898.71,7771.18,8382.98,1,0.005,4.8025,0,0
2026-08-27T20:07:14.453414+00:00,web_xss_v1,web_xss_v1__247ab311d5ec,initial_access,T1190,6,3,1.585,0.9975,0.0,16116.08,9132.44,0.7298,30,17,0.5576,1.5371,0.5753,0.1113,0.9092,0,3,0,0,1,0,1.7275,537.2,72.07,655.89,7713.31,8605.28,0,0.0,4.5583,0,1
2026-08-27T20:07:19.453414+00:00,web_xss_v1,web_xss_v1__247ab311d5ec,initial_access,T1190,7,3,1.5567,0.9954,0.0,19937.22,5696.35,0.7767,35,10,0.4418,0.7073,0.4406,0.1318,0.8362,1,3,0,0,1,0,3.3878,569.63,184.93,914.58,7649.52,8710.58,0,0.0117,4.4152,0,0
2026-08-27T20:07:24.453414+00:00,web_xss_v1,web_xss_v1__247ab311d5ec,initial_access,T1190,4,2,1.0,1.0,0.0,13393.2,4464.4,0.7586,24,8,0.3832,1.0802,0.4023,0.0776,0.635,0,2,0,0,0,0,2.9574,558.05,144.01,804.65,8241.33,8708.37,0,0.0527,3.63,0,0
2026-08-27T20:07:29.453414+00:00,web_xss_v1,web_xss_v1__247ab311d5ec,initial_access,T1190,11,4,1.7899,0.9853,0.0,25017.41,9665.82,0.7396,44,17,0.3689,0.6364,0.4685,0.1203,0.8294,1,5,1,0,2,0,2.5119,568.58,169.05,917.23,7162.51,9659.08,1,0.0477,4.5438,0,0
2026-08-27T20:07:34.453414+00:00,web_xss_v1,web_xss_v1__247ab311d5ec,initial_access,T1190,5,2,0.971,0.9857,0.0367,10196.63,3568.82,0.7562,20,7,0.4105,0.8073,0.6096,0.1102,0.9403,0,2,0,0,1,0,2.6689,509.83,119.11,654.97,8353.09,7468.35,0,0.0032,4.0545,0,0
2026-08-27T20:07:39.453414+00:00,web_xss_v1,web_xss_v1__247ab311d5ec,initial_access,T1190,4,3,1.5,1.0,0.004,17900.56,7607.74,0.7642,40,17,0.43,0.9456,0.5049,0.0756,0.7316,0,1,0,0,0,0,2.3231,447.51,104.18,594.29,8506.92,9180.14,0,0.0767,4.4214,0,0
2026-08-27T20:07:44.453414+00:00,web_xss_v1,web_xss_v1__247ab311d5ec,initial_access,T1190,9,4,1.8366,0.975,0.0067,62386.7,23683.84,0.7597,108,41,0.3349,0.6382,0.6243,0.0648,0.8188,1,4,0,0,1,0,2.5789,577.65,192.64,945.93,9867.37,8291.92,0,0.0424,3.6055,0,0
2026-08-27T20:07:49.453414+00:00,web_xss_v1,web_xss_v1__247ab311d5ec,initial_access,T1190,6,3,1.4591,0.9749,0.0294,23611.18,11243.42,0.7538,42,20,0.2635,0.4893,0.4796,0.0845,0.733,1,2,0,0,1,0,2.0422,562.17,86.58,690.51,10195.63,9030.03,0,0.0,4.093,0,0
2026-08-27T20:07:54.453414+00:00,web_xss_v1,web_xss_v1__247ab311d5ec,initial_access,T1190,11,4,1.6767,0.9897,0.0316,56179.71,24897.82,0.8228,88,39,0.3219,0.4743,0.53,0.117,0.8809,1,5,0,0,2,0,2.2259,638.41,168.57,946.89,8917.13,7161.02,1,0.0,4.6425,0,1
2026-08-27T20:07:59.453414+00:00,web_xss_v1,web_xss_v1__247ab311d5ec,initial_access,T1190,10,4,1.8464,0.9624,0.0368,45320.68,17675.06,0.7431,100,39,0.3904,0.5036,0.5141,0.0786,0.7498,1,5,1,0,2,0,2.5435,453.21,128.4,683.47,9642.35,7899.56,1,0.0,4.0859,0,0
2026-08-27T20:08:04.453414+00:00,web_xss_v1,web_xss_v1__247ab311d5ec,initial_access,T1190,14,4,1.8774,1.0,0.0,48672.86,16803.72,0.7443,84,29,0.5849,1.2155,0.633,0.1113,0.9669,2,7,0,0,3,0,2.8891,579.44,173.36,959.28,6774.33,8119.1,1,0.0281,3.8625,0,0
2026-08-27T20:08:09.453414+00:00,web_xss_v1,web_xss_v1__247ab311d5ec,initial_access,T1190,13,4,1.922,0.9243,0.0737,16679.35,7698.16,0.7763,26,12,0.6915,1.7132,0.483,0.0778,0.7166,2,6,1,0,2,0,2.0177,641.51,327.13,1541.66,9279.09,7830.51,1,0.0065,4.0293,0,0
2026-08-27T20:08:14.453414+00:00,web_xss_v1,web_xss_v1__247ab311d5ec,initial_access,T1190,14,4,1.6894,0.9621,0.0162,84836.51,47872.03,0.791,140,79,0.512,1.4341,0.4855,0.0597,0.6647,2,7,1,0,3,0,1.7695,605.98,175.05,921.38,8389.98,7606.68,2,0.0063,4.1572,0,0
2026-08-27T20:08:19.453414+00:00,web_xss_v1,web_xss_v1__247ab311d5ec,initial_access,T1190,10,3,1.4855,0.987,0.0138,5075.57,1522.67,0.7406,10,3,0.6727,1.5957,0.4579,0.129,0.845,2,5,1,0,2,0,2.6245,507.56,139.26,695.19,8642.62,7880.62,1,0.0,3.9252,0,0
2026-08-27T20:08:24.453414+00:00,web_xss_v1,web_xss_v1__247ab311d5ec,initial_access,T1190,6,3,1.4591,1.0,0.0,32049.7,14244.31,0.6969,54,24,0.8299,1.2821,0.7059,0.0776,0.9386,0,2,0,0,1,0,2.2452,593.51,161.32,825.13,8302.02,8394.03,0,0.0,3.7209,0,0
2026-08-27T20:08:29.453414+00:00,web_xss_v1,web_xss_v1__247ab311d5ec,initial_access,T1190,8,4,1.9056,0.9946,0.0,24141.29,12070.65,0.7266,48,24,0.4505,1.0752,0.5937,0.1554,1.0597,1,3,0,0,1,0,1.9743,502.94,183.41,889.72,7531.03,9721.71,0,0.0448,4.7417,0,0
2026-08-27T20:08:34.453414+00:00,web_xss_v1,web_xss_v1__247ab311d5ec,initial_access,T1190,6,3,1.4591,0.9643,0.0648,10346.9,5173.45,0.7437,18,9,0.5336,1.5687,0.553,0.1471,0.9942,1,3,0,0,1,0,1.8487,574.83,148.47,731.91,8881.21,8497.27,0,0.0445,3.2022,0,0
2026-08-27T20:08:39.453414+00:00,web_xss_v1,web_xss_v1__247ab311d5ec,initial_access,T1190,10,4,1.8464,1.0,0.0,18725.07,6085.65,0.7417,40,13,0.5339,1.1935,0.7137,0.1081,1.0379,1,4,1,0,2,0,2.8676,468.13,98.25,603.34,10491.58,8706.49,1,0.0546,3.9577,0,0
2026-08-27T20:08:44.453414+00:00,web_xss_v1,web_xss_v1__247ab311d5ec,initial_access,T1190,12,4,1.8554,1.0,0.0155,66844.59,36207.48,0.7877,120,65,0.6307,1.7607,0.6377,0.0882,0.9022,2,6,1,0,3,0,1.8239,557.04,198.93,891.51,9065.22,6373.26,2,0.0,3.6957,0,0
2026-08-27T20:08:49.453414+00:00,web_xss_v1,web_xss_v1__247ab311d5ec,initial_access,T1190,12,4,1.6258,1.0,0.0,30927.09,12241.97,0.7662,48,19,0.6017,1.1695,0.6102,0.1021,0.9166,2,5,0,0,2,0,2.4055,644.31,245.07,1212.67,8563.43,8552.15,1,0.0361,4.4224,0,0
2026-08-27T20:08:54.453414+00:00,web_xss_v1,web_xss_v1__247ab311d5ec,initial_access,T1190,6,4,1.9183,0.9544,0.0572,18928.89,6835.43,0.7495,36,13,0.5813,0.7712,0.5429,0.0908,0.8152,1,2,0,0,1,0,2.7443,525.8,81.24,582.95,9134.63,7637.77,0,0.0671,4.5701,0,0
2026-08-27T20:08:59.453414+00:00,web_xss_v1,web_xss_v1__247ab311d5ec,initial_access,T1190,9,4,1.7527,1.0,0.0366,14882.23,7165.52,0.7867,27,13,0.7421,1.9375,0.5583,0.0947,0.8425,1,4,0,0,2,0,1.9518,551.19,122.95,790.96,7493.04,7097.15,1,0.0186,4.6718,0,0
2026-08-27T20:09:04.453414+00:00,web_xss_v1,web_xss_v1__247ab311d5ec,initial_access,T1190,7,3,1.4488,1.0,0.0,23801.3,10200.56,0.7015,42,18,0.6762,1.7807,0.6348,0.1343,1.0376,1,3,0,0,1,0,2.2163,566.7,138.84,857.96,7029.37,8554.06,0,0.0003,3.9869,0,0
2026-08-27T20:09:09.453414+00:00,web_xss_v1,web_xss_v1__247ab311d5ec,initial_access,T1190,5,3,1.371,1.0,0.0,12693.36,5712.01,0.7924,20,9,0.7689,1.5776,0.5474,0.0621,0.7336,0,2,0,0,1,0,2.1366,634.67,184.74,837.27,9300.85,7240.6,0,0.0,3.975,0,0
2026-08-27T20:09:14.453414+00:00,web_xss_v1,web_xss_v1__247ab311d5ec,initial_access,T1190,15,4,1.9219,1.0,0.0065,87970.88,32522.57,0.7441,165,61,0.4497,0.7079,0.6337,0.1897,1.2027,2,7,1,0,3,0,2.687,533.16,107.4,778.27,8113.12,7871.13,1,0.0244,3.9226,0,0
2026-08-27T20:09:19.453414+00:00,web_xss_v1,web_xss_v1__247ab311d5ec,initial_access,T1190,11,4,1.7899,0.9922,0.0213,22846.32,9346.22,0.7181,44,18,0.2427,0.7145,0.4901,0.1082,0.8147,1,5,0,0,2,0,2.3939,519.23,170.68,914.27,8469.91,8046.33,1,0.0,3.8522,0,0
2026-08-27T20:09:24.453414+00:00,web_xss_v1,web_xss_v1__247ab311d5ec,initial_access,T1190,11,4,1.9808,1.0,0.0021,56098.9,19379.62,0.745,110,38,0.3461,0.6576,0.6666,0.0817,0.9118,1,5,0,0,2,0,2.8242,509.99,199.6,865.26,6851.03,9120.82,1,0.0457,4.6454,0,0
2026-08-27T20:09:29.453414+00:00,web_xss_v1,web_xss_v1__247ab311d5ec,initial_access,T1190,8,4,1.75,1.0,0.0154,20895.33,8706.39,0.7642,48,20,0.6278,1.27,0.618,0.1374,1.0301,1,4,0,0,1,0,2.3777,435.32,126.69,629.66,7974.92,7713.08,0,0.0336,4.1474,0,0
2026-08-27T20:09:34.453414+00:00,web_xss_v1,web_xss_v1__247ab311d5ec,initial_access,T1190,11,4,1.9363,1.0,0.0,40539.26,12635.61,0.765,77,24,0.3489,0.8216,0.4281,0.0609,0.6108,2,4,1,0,2,0,3.1092,526.48,186.96,942.94,6796.64,6861.81,1,0.0509,4.294,0,0
2026-08-27T20:09:39.453414+00:00,web_xss_v1,web_xss_v1__247ab311d5ec,initial_access,T1190,9,4,1.9749,1.0,0.0,42842.86,25917.29,0.7401,81,49,0.7783,1.5187,0.5198,0.1054,0.8361,1,4,1,0,1,0,1.6219,528.92,162.31,773.58,8855.25,7660.71,0,0.003,3.1745,0,0
2026-08-27T20:09:44.453414+00:00,web_xss_v1,web_xss_v1__247ab311d5ec,initial_access,T1190,14,4,1.6894,1.0,0.0,58821.16,26784.64,0.7185,112,51,0.7138,1.7413,0.4767,0.1081,0.801,1,7,1,0,2,0,2.1614,525.19,137.75,723.24,8689.99,9812.19,1,0.0689,4.2634,0,0
2026-08-27T20:09:49.453414+00:00,web_xss_v1,web_xss_v1__247ab311d5ec,initial_access,T1190,8,4,1.8113,0.9973,0.0,28166.05,10562.27,0.6468,56,21,0.9796,1.92,0.7752,0.1547,1.2393,1,4,0,0,1,0,2.5651,502.97,313.93,1221.6,8206.19,10198.25,0,0.0257,4.2029,0,0
2026-08-27T20:09:54.453414+00:00,web_xss_v1,web_xss_v1__247ab311d5ec,initial_access,T1190,15,4,1.9656,0.9647,0.0065,51320.7,42522.87,0.7556,105,87,0.6385,1.4634,0.5292,0.1523,0.986,3,7,1,0,3,0,1.2015,488.77,197.23,845.04,9489.91,5680.59,2,0.0149,3.343,0,0
2026-08-27T20:09:59.453414+00:00,web_xss_v1,web_xss_v1__247ab311d5ec,initial_access,T1190,14,4,1.8424,0.985,0.0,23260.68,13845.64,0.7049,42,25,0.5166,0.8656,0.4608,0.067,0.6618,2,6,1,0,3,0,1.649,553.83,199.19,1015.61,7879.8,8130.53,2,0.0134,4.1732,0,1
2026-08-27T20:10:04.453414+00:00,web_xss_v1,web_xss_v1__247ab311d5ec,initial_access,T1190,12,4,1.8879,0.9724,0.0519,34904.48,17452.24,0.8315,60,30,0.8428,1.7879,0.5968,0.1513,1.0506,2,5,1,0,2,0,1.9957,581.74,97.64,728.17,9418.91,6925.39,1,0.0,3.7432,0,0
2026-08-27T20:10:09.453414+00:00,web_xss_v1,web_xss_v1__247ab311d5ec,initial_access,T1190,11,4,1.9363,0.9685,0.017,66222.07,35519.11,0.6726,110,59,0.4856,0.8386,0.5516,0.1439,0.9832,1,5,1,0,2,0,1.8539,602.02,197.14,1008.21,8297.32,7641.18,1,0.0459,4.3962,0,1
2026-08-27T20:10:14.453414+00:00,web_xss_v1,web_xss_v1__247ab311d5ec,initial_access,T1190,4,2,1.0,1.0,0.0071,14263.41,4584.67,0.6939,28,9,0.7327,1.7673,0.4823,0.0987,0.7785,0,1,0,0,0,0,2.9216,509.41,111.23,644.71,9846.64,9247.61,0,0.0186,4.0144,0,0
2026-08-27T20:10:19.453414+00:00,web_xss_v1,web_xss_v1__247ab311d5ec,initial_access,T1190,12,3,1.5546,1.0,0.0234,17362.3,7234.29,0.6944,36,15,0.3174,0.9011,0.5703,0.0647,0.7643,1,6,1,0,2,0,2.2584,482.29,173.6,699.66,8053.02,6804.03,1,0.0,3.8377,0,0
2026-08-27T20:10:24.453414+00:00,web_xss_v1,web_xss_v1__247ab311d5ec,initial_access,T1190,14,4,1.7274,0.989,0.0093,21771.72,8812.36,0.7478,42,17,0.6875,1.8738,0.5905,0.1617,1.0757,2,6,1,0,3,0,2.4507,518.37,118.57,720.55,9008.42,9160.41,2,0.0149,3.9987,0,0
2026-08-27T20:10:29.453414+00:00,web_xss_v1,web_xss_v1__247ab311d5ec,initial_access,T1190,6,4,1.9183,1.0,0.0054,20620.55,9328.34,0.771,42,19,0.7123,1.5319,0.6649,0.0853,0.9208,1,3,0,0,1,0,2.1656,490.97,157.61,712.06,8233.97,7857.72,0,0.0027,4.5253,0,0
2026-08-27T20:10:34.453414+00:00,web_xss_v1,web_xss_v1__247ab311d5ec,initial_access,T1190,9,4,1.8366,1.0,0.0,26467.04,14703.91,0.6184,45,25,0.6945,1.4867,0.6819,0.1001,0.9822,1,4,0,0,2,0,1.7881,588.16,140.62,810.79,9456.73,8247.12,1,0.0343,4.5883,0,0
2026-08-27T20:10:39.453414+00:00,web_xss_v1,web_xss_v1__247ab311d5ec,initial_access,T1190,16,4,1.9772,1.0,0.0227,35859.33,16809.06,0.7639,64,30,0.4751,0.9776,0.6081,0.0703,0.8189,2,8,2,0,4,0,2.1004,560.3,195.14,968.91,8758.48,7678.47,2,0.0,3.4969,0,0
2026-08-27T20:10:44.453414+00:00,web_xss_v1,web_xss_v1__247ab311d5ec,initial_access,T1190,4,2,1.0,1.0,0.0144,7534.27,3767.13,0.7457,12,6,0.3946,0.5463,0.6164,0.1484,1.0616,0,2,0,0,0,0,1.7914,627.86,125.99,813.5,7807.3,8629.24,0,0.0,4.1147,0,0
2026-08-27T20:10:49.453414+00:00,web_xss_v1,web_xss_v1__247ab311d5ec,initial_access,T1190,8,3,1.2988,0.9964,0.0,18844.45,8244.45,0.7913,32,14,1.0091,1.3002,0.6318,0.1889,1.1986,1,4,0,0,1,0,2.1392,588.89,212.85,1051.29,8646.71,7818.62,0,0.032,4.5314,0,0
2026-08-27T20:10:54.453414+00:00,web_xss_v1,web_xss_v1__247ab311d5ec,initial_access,T1190,11,4,1.7899,0.9632,0.0,32761.22,15884.23,0.6879,66,32,0.3894,0.7503,0.6114,0.1675,1.114,2,5,1,0,2,0,2.0395,496.38,153.95,946.38,6615.42,6907.63,1,0.0346,3.1863,0,0
2026-08-27T20:10:59.453414+00:00,web_xss_v1,web_xss_v1__247ab311d5ec,initial_access,T1190,7,3,1.3788,1.0,0.0052,20589.85,7353.52,0.7383,42,15,0.9727,2.2693,0.7074,0.0872,0.9688,1,3,0,0,1,0,2.6253,490.23,85.53,644.69,8920.89,8850.05,0,0.0103,2.7286,0,0
2026-08-27T20:11:04.453414+00:00,web_xss_v1,web_xss_v1__247ab311d5ec,initial_access,T1190,8,4,1.8113,0.9826,0.0,11705.85,3901.95,0.7468,24,8,0.3854,1.1181,0.5362,0.1586,1.012,1,4,0,0,1,0,2.808,487.74,60.93,623.34,8218.08,8043.36,0,0.0215,4.1123,0,0
2026-08-27T20:11:09.453414+00:00,web_xss_v1,web_xss_v1__247ab311d5ec,initial_access,T1190,10,4,1.8464,0.9528,0.047,24509.58,10784.21,0.7987,50,22,0.5466,0.826,0.4447,0.1059,0.7623,1,4,0,0,2,0,2.2343,490.19,132.78,728.08,7243.63,6790.45,1,0.0291,4.1311,0,0
2026-08-27T20:11:14.453414+00:00,web_xss_v1,web_xss_v1__247ab311d5ec,initial_access,T1190,5,3,1.5219,0.9971,0.0207,33447.69,20068.61,0.7503,50,30,0.4647,1.1432,0.6042,0.0794,0.8425,0,2,0,0,0,0,1.6303,668.95,180.28,874.21,7158.98,7650.52,0,0.0,4.2054,0,0
2026-08-27T20:11:19.453414+00:00,web_xss_v1,web_xss_v1__247ab311d5ec,initial_access,T1190,6,4,1.7925,0.9927,0.0,18514.95,9771.78,0.8067,36,19,0.4558,1.3156,0.5622,0.0748,0.7865,1,3,0,0,1,0,1.8747,514.3,206.99,923.91,10414.8,9503.83,0,0.0,3.4756,0,0
2026-08-27T20:11:24.453414+00:00,web_xss_v1,web_xss_v1__247ab311d5ec,initial_access,T1190,9,4,1.8366,1.0,0.0,33357.92,22768.11,0.7266,63,43,0.4251,0.6317,0.6661,0.0894,0.9344,1,4,0,0,1,0,1.4581,529.49,173.42,823.6,7489.84,9528.76,0,0.0285,3.7663,0,0
2026-08-27T20:11:29.453414+00:00,web_xss_v1,web_xss_v1__247ab311d5ec,initial_access,T1190,11,3,1.3093,1.0,0.0,19377.56,9688.78,0.6736,44,22,0.5996,1.103,0.5617,0.1601,1.042,1,5,0,0,2,0,1.9693,440.4,137.65,683.07,8726.16,7846.71,1,0.0762,4.2403,0,0
2026-08-27T20:11:34.453414+00:00,web_xss_v1,web_xss_v1__247ab311d5ec,initial_access,T1190,9,3,1.585,1.0,0.0,28418.19,8209.7,0.7362,45,13,0.7255,1.1549,0.5498,0.0765,0.7794,1,4,1,0,1,0,3.394,631.52,232.83,1186.94,8962.88,5933.23,0,0.0,3.8469,0,0
2026-08-27T20:11:39.453414+00:00,web_xss_v1,web_xss_v1__247ab311d5ec,initial_access,T1190,11,3,1.4949,0.954,0.0734,45834.54,23958.96,0.7579,88,46,0.8259,1.6169,0.6577,0.1945,1.2412,1,5,1,0,2,0,1.884,520.85,190.05,796.07,8570.35,6811.64,1,0.0,4.2937,0,0
2026-08-27T20:11:44.453414+00:00,web_xss_v1,web_xss_v1__247ab311d5ec,initial_access,T1190,6,4,1.9183,0.9931,0.0,34487.4,10346.22,0.6925,60,18,0.6263,1.5593,0.5328,0.1472,0.9743,1,3,0,0,1,0,3.2195,574.79,134.06,749.81,8973.03,5995.39,0,0.0342,3.9315,0,0
2026-08-27T20:11:49.453414+00:00,web_xss_v1,web_xss_v1__247ab311d5ec,initial_access,T1190,8,4,1.9056,1.0,0.0,35914.76,16460.93,0.7162,72,33,0.7308,1.7674,0.5246,0.1281,0.9088,1,3,0,0,1,0,2.1643,498.82,143.66,814.96,8671.79,9042.67,0,0.0077,4.5408,0,0
2026-08-27T20:11:54.453414+00:00,web_xss_v1,web_xss_v1__247ab311d5ec,initial_access,T1190,21,4,1.9035,0.9981,0.0,61149.76,25624.66,0.6897,105,44,0.4219,1.1353,0.4629,0.0584,0.6382,3,10,2,0,4,0,2.3356,582.38,261.25,1205.19,7934.82,7925.92,3,0.0494,4.3562,0,0
2026-08-27T20:11:59.453414+00:00,web_xss_v1,web_xss_v1__247ab311d5ec,initial_access,T1190,9,4,1.9749,1.0,0.0,17057.79,7581.24,0.8405,27,12,0.6481,1.8646,0.5747,0.1432,1.0044,1,4,0,0,1,0,2.1206,631.77,165.53,942.49,8342.25,9016.5,0,0.0452,4.6226,0,0
2026-08-27T20:12:04.453414+00:00,web_xss_v1,web_xss_v1__247ab311d5ec,initial_access,T1190,6,3,1.4591,0.9871,0.0042,12311.25,4103.75,0.6473,24,8,0.4954,1.3719,0.628,0.182,1.174,1,2,0,0,1,0,2.7205,512.97,73.44,623.25,6921.68,7810.09,0,0.0456,3.9009,0,0
2026-08-27T20:12:09.453414+00:00,web_xss_v1,web_xss_v1__247ab311d5ec,initial_access,T1190,10,4,1.8464,1.0,0.0002,26342.42,13171.21,0.7409,50,25,0.4782,0.6148,0.5752,0.1253,0.9511,1,4,0,0,1,0,1.963,526.85,202.77,951.94,9844.31,8953.47,0,0.0262,4.0362,0,0
2026-08-27T20:12:14.453414+00:00,web_xss_v1,web_xss_v1__247ab311d5ec,initial_access,T1190,11,4,1.8231,0.9379,0.0444,20750.32,9431.97,0.7452,33,15,0.5202,1.3569,0.4471,0.0816,0.6919,2,5,1,0,2,0,2.1812,628.8,109.82,861.68,9494.11,9073.71,1,0.0,3.8656,0,0
2026-08-27T20:12:19.453414+00:00,web_xss_v1,web_xss_v1__247ab311d5ec,initial_access,T1190,8,4,1.9056,0.9597,0.0279,14452.33,5419.62,0.7353,32,12,0.4363,1.0842,0.4826,0.0866,0.7424,1,4,0,0,1,0,2.619,451.64,106.19,659.87,9125.28,6415.69,0,0.0491,4.3558,0,0
2026-08-27T20:12:24.453414+00:00,web_xss_v1,web_xss_v1__247ab311d5ec,initial_access,T1190,10,4,1.8464,1.0,0.0,42756.4,13895.83,0.7082,80,26,0.2988,0.7132,0.5177,0.1505,0.9693,1,5,1,0,2,0,3.0151,534.46,123.09,817.51,7810.87,7240.14,1,0.038,3.1953,0,0
2026-08-27T20:12:29.453414+00:00,web_xss_v1,web_xss_v1__247ab311d5ec,initial_access,T1190,7,4,1.8424,1.0,0.0,31638.71,17433.58,0.702,49,27,0.69,1.6691,0.6206,0.0924,0.898,1,3,0,0,1,0,1.8083,645.69,193.42,918.91,9295.53,8603.68,0,0.0,4.6966,0,0
2026-08-27T20:12:34.453414+00:00,web_xss_v1,web_xss_v1__247ab311d5ec,initial_access,T1190,8,4,1.8113,0.9963,0.0098,21108.54,12665.12,0.7817,40,24,0.4281,0.9684,0.6532,0.1827,1.2012,1,3,0,0,1,0,1.6649,527.71,123.8,704.05,8603.66,8860.89,0,0.0379,4.9569,0,0
2026-08-27T20:12:39.453414+00:00,web_xss_v1,web_xss_v1__247ab311d5ec,initial_access,T1190,5,3,1.371,1.0,0.0,5581.31,1674.39,0.7875,10,3,0.5743,1.4979,0.604,0.156,1.0721,0,2,0,0,1,0,3.0672,558.13,157.35,793.92,6991.3,10735.35,0,0.0,4.7695,0,0
2026-08-27T20:12:44.453414+00:00,web_xss_v1,web_xss_v1__247ab311d5ec,initial_access,T1190,10,4,1.8464,0.9295,0.0938,51681.7,21318.7,0.7843,80,33,0.6486,1.8599,0.5339,0.1009,0.8364,2,4,0,0,2,0,2.3706,646.02,184.54,922.75,7889.06,7001.9,1,0.0,4.3539,0,0
2026-08-27T20:12:49.453414+00:00,web_xss_v1,web_xss_v1__247ab311d5ec,initial_access,T1190,6,4,1.9183,0.9994,0.0087,21408.96,8665.53,0.6895,42,17,0.8128,2.3865,0.5843,0.0875,0.8467,1,2,0,0,1,0,2.3768,509.74,101.45,681.08,10342.44,8889.33,0,0.0,3.4,0,0
2026-08-27T20:12:54.453414+00:00,web_xss_v1,web_xss_v1__247ab311d5ec,initial_access,T1190,4,3,1.5,0.9453,0.0522,15003.81,6966.06,0.7221,28,13,0.4343,1.0743,0.6518,0.1582,1.1264,0,1,0,0,0,0,2.0953,535.85,175.12,708.89,8813.33,8569.12,0,0.0036,3.8695,0,0
2026-08-27T20:12:59.453414+00:00,web_xss_v1,web_xss_v1__247ab311d5ec,initial_access,T1190,6,3,1.4591,0.9707,0.0621,18569.36,6189.79,0.7549,36,12,0.6565,0.8026,0.6194,0.1566,1.0892,1,2,0,0,1,0,2.9276,515.82,121.66,660.85,8944.96,6494.51,0,0.0295,4.7705,0,0
2026-08-27T20:13:04.453414+00:00,web_xss_v1,web_xss_v1__247ab311d5ec,initial_access,T1190,9,4,1.8911,0.9663,0.0288,9843.4,4921.7,0.7248,18,9,0.5197,1.5025,0.5348,0.1588,1.0114,1,4,0,0,1,0,1.9813,546.86,182.53,931.5,8828.81,7487.01,0,0.055,3.8784,0,0
2026-08-27T20:13:09.453414+00:00,web_xss_v1,web_xss_v1__247ab311d5ec,initial_access,T1190,9,4,1.6577,1.0,0.0,46895.03,24750.16,0.8043,72,38,0.6251,1.0484,0.591,0.0874,0.8531,1,4,1,0,1,0,1.8802,651.32,210.23,1134.42,8690.1,8928.3,0,0.0614,3.6372,0,0
2026-08-27T20:13:14.453414+00:00,web_xss_v1,web_xss_v1__247ab311d5ec,initial_access,T1190,8,4,1.9056,0.9696,0.016,25692.19,9175.78,0.7883,56,20,0.3442,1.0083,0.5919,0.0603,0.7729,1,3,0,0,1,0,2.6983,458.79,78.93,566.59,7628.41,6536.04,0,0.0241,4.2785,0,0
2026-08-27T20:13:19.453414+00:00,web_xss_v1,web_xss_v1__247ab311d5ec,initial_access,T1190,5,3,1.371,1.0,0.0172,29001.67,16112.04,0.6553,45,25,0.3485,0.9166,0.5429,0.0684,0.7481,0,2,0,0,1,0,1.7846,644.48,192.97,977.78,8027.67,6652.58,0,0.0,3.5997,0,0
2026-08-27T20:13:24.453414+00:00,web_xss_v1,web_xss_v1__247ab311d5ec,initial_access,T1190,8,4,1.9056,0.9715,0.013,25697.7,13384.22,0.6221,48,25,0.5255,1.2418,0.581,0.1328,0.9794,1,4,0,0,1,0,1.8658,535.37,167.32,793.68,10307.4,8630.13,0,0.0274,4.5517,0,1
2026-08-27T20:13:29.453414+00:00,web_xss_v1,web_xss_v1__247ab311d5ec,initial_access,T1190,7,3,1.4488,0.9967,0.0121,23262.57,7754.19,0.6951,42,14,0.614,1.4808,0.4578,0.0791,0.6952,1,3,0,0,1,0,2.8695,553.87,150.19,867.16,8642.58,8258.41,0,0.0352,4.0986,0,0
2026-08-27T20:13:34.453414+00:00,web_xss_v1,web_xss_v1__247ab311d5ec,initial_access,T1190,9,4,1.8911,1.0,0.0,57368.5,32450.87,0.7792,99,56,0.6017,1.0817,0.6255,0.1619,1.1111,1,4,0,0,1,0,1.7567,579.48,202.78,860.8,5586.28,9032.59,0,0.0,4.4396,0,0
2026-08-27T20:13:39.453414+00:00,web_xss_v1,web_xss_v1__247ab311d5ec,initial_access,T1190,5,4,1.9219,0.9918,0.0,13600.38,5440.15,0.7967,30,12,0.4903,1.2673,0.6279,0.0734,0.848,0,2,0,0,1,0,2.3353,453.35,122.97,598.23,6984.76,8531.6,0,0.0084,4.2364,0,0
2026-08-27T20:13:44.453414+00:00,web_xss_v1,web_xss_v1__247ab311d5ec,initial_access,T1190,4,3,1.5,0.9925,0.0026,6260.8,3130.4,0.7034,12,6,0.9884,2.476,0.7011,0.1925,1.2785,0,1,0,0,0,0,1.7672,521.73,123.96,731.69,8347.5,9835.6,0,0.0108,4.0576,0,0
2026-08-27T20:13:49.453414+00:00,web_xss_v1,web_xss_v1__247ab311d5ec,initial_access,T1190,10,4,1.9219,1.0,0.0,36904.15,20560.88,0.8044,70,39,0.4364,0.5958,0.5561,0.0712,0.7697,1,4,1,0,2,0,1.7547,527.2,188.07,856.52,9088.6,7874.02,1,0.0107,4.0051,0,0
2026-08-27T20:13:54.453414+00:00,web_xss_v1,web_xss_v1__247ab311d5ec,initial_access,T1190,9,4,1.8911,0.9591,0.0584,29443.71,15703.31,0.7352,45,24,0.6234,0.7566,0.5478,0.0554,0.714,1,4,0,0,1,0,1.8636,654.3,318.36,1331.86,8797.54,7712.0,0,0.0191,3.8702,0,0
2026-08-27T20:13:59.453414+00:00,web_xss_v1,web_xss_v1__247ab311d5ec,initial_access,T1190,12,4,1.825,1.0,0.0,40399.03,12344.15,0.718,72,22,0.6771,1.0397,0.4795,0.0632,0.6689,1,6,1,0,2,0,3.1367,561.1,91.78,766.38,7438.04,7645.74,1,0.0,3.6915,0,0
2026-08-27T20:14:04.453414+00:00,web_xss_v1,web_xss_v1__247ab311d5ec,initial_access,T1190,4,3,1.5,0.9651,0.0148,9133.38,3995.85,0.6897,16,7,0.4014,1.1565,0.6458,0.0963,0.9349,0,1,0,0,0,0,2.1479,570.84,219.58,925.65,7080.66,8471.15,0,0.0504,4.6905,0,0
2026-08-27T20:14:09.453414+00:00,web_xss_v1,web_xss_v1__247ab311d5ec,initial_access,T1190,9,4,1.6577,0.9872,0.03,43381.28,19280.57,0.8114,72,32,0.2988,0.3847,0.4779,0.0923,0.7549,1,4,0,0,2,0,2.1977,602.52,235.51,1058.12,7909.13,7237.44,1,0.0806,2.9475,0,0
2026-08-27T20:14:14.453414+00:00,web_xss_v1,web_xss_v1__247ab311d5ec,initial_access,T1190,8,3,1.5,1.0,0.0122,45556.42,25366.64,0.7426,88,49,0.6342,1.6544,0.4847,0.0821,0.7311,1,3,0,0,1,0,1.7672,517.69,125.62,694.62,7911.91,8675.4,0,0.0568,3.8336,0,0
2026-08-27T20:14:19.453414+00:00,web_xss_v1,web_xss_v1__247ab311d5ec,initial_access,T1190,8,4,1.9056,0.9848,0.0255,37715.7,13095.73,0.75,72,25,0.9745,1.3653,0.6811,0.0881,0.9455,1,3,0,0,1,0,2.8226,523.83,160.07,772.85,6950.92,8087.04,0,0.0185,4.8086,0,0
2026-08-27T20:14:24.453414+00:00,web_xss_v1,web_xss_v1__247ab311d5ec,initial_access,T1190,5,4,1.9219,0.9928,0.0,26127.0,11757.15,0.7741,40,18,0.4977,1.4229,0.6337,0.082,0.8797,0,2,0,0,1,0,2.1859,653.18,391.29,1408.53,7937.02,8268.84,0,0.0127,3.6624,0,0
2026-08-27T20:14:29.453414+00:00,web_xss_v1,web_xss_v1__247ab311d5ec,initial_access,T1190,8,2,0.9544,0.9963,0.0263,25314.22,12657.11,0.7971,48,24,0.4574,0.8144,0.5068,0.1194,0.8651,1,4,0,0,1,0,1.9426,527.38,161.92,835.57,7752.53,7704.97,0,0.015,3.8592,0,0
2026-08-27T20:14:34.453414+00:00,web_xss_v1,web_xss_v1__247ab311d5ec,initial_access,T1190,15,4,1.9329,1.0,0.0,28485.98,17724.61,0.7361,45,28,0.6699,0.8372,0.6914,0.1786,1.227,3,7,1,0,2,0,1.565,633.02,200.87,1070.2,9975.47,8054.34,1,0.0154,2.9457,0,0
2026-08-27T20:14:39.453414+00:00,web_xss_v1,web_xss_v1__247ab311d5ec,initial_access,T1190,15,4,1.9329,1.0,0.0,56450.35,29479.63,0.7548,90,47,0.3219,0.6523,0.5182,0.0841,0.7706,2,7,1,0,2,0,1.8773,627.23,251.56,1139.04,8454.44,7781.81,1,0.0,3.5498,0,2
2026-08-27T20:14:44.453414+00:00,web_xss_v1,web_xss_v1__247ab311d5ec,initial_access,T1190,10,3,1.5219,1.0,0.0,45358.0,13607.4,0.8118,80,24,0.5076,1.2047,0.659,0.0961,0.9474,1,5,1,0,2,0,3.3114,566.98,279.43,1044.77,8858.96,9726.49,1,0.024,3.4791,0,0
2026-08-27T20:14:49.453414+00:00,web_xss_v1,web_xss_v1__247ab311d5ec,initial_access,T1190,6,3,1.4591,0.9498,0.0379,22043.02,11021.51,0.783,42,21,0.7619,0.9762,0.5691,0.1302,0.9597,1,2,0,0,1,0,1.9806,524.83,51.21,590.88,6488.11,8809.73,0,0.031,3.9964,0,0
2026-08-27T20:14:54.453414+00:00,web_xss_v1,web_xss_v1__247ab311d5ec,initial_access,T1190,15,3,1.5058,1.0,0.0111,12592.0,6715.74,0.7575,30,16,0.6725,1.1272,0.4448,0.1204,0.806,2,7,1,0,3,0,1.8033,419.73,139.39,742.92,7991.56,8846.08,2,0.0373,3.152,0,1
2026-08-27T20:14:59.453414+00:00,web_xss_v1,web_xss_v1__247ab311d5ec,initial_access,T1190,9,4,1.9749,0.9987,0.0017,40626.79,18056.35,0.7305,63,28,0.7446,1.0112,0.5389,0.1456,0.9758,1,4,0,0,1,0,2.1777,644.87,195.98,989.76,10200.53,7883.59,0,0.0083,4.7702,0,0
2026-08-27T20:15:04.453414+00:00,web_xss_v1,web_xss_v1__247ab311d5ec,initial_access,T1190,13,4,1.7381,0.9646,0.028,34259.86,15285.17,0.7895,65,29,0.9065,2.2616,0.5935,0.1774,1.1258,1,6,1,0,2,0,2.1863,527.07,156.41,785.86,8475.67,9227.29,1,0.0427,3.965,0,0
2026-08-27T20:15:09.453414+00:00,web_xss_v1,web_xss_v1__247ab311d5ec,initial_access,T1190,10,3,1.371,0.9906,0.0309,43500.77,24857.58,0.7462,70,40,0.6032,0.9228,0.4113,0.0653,0.6071,2,4,1,0,2,0,1.7284,621.44,185.37,924.25,6718.89,9011.6,1,0.029,4.6494,0,1
2026-08-27T20:15:14.453414+00:00,web_xss_v1,web_xss_v1__247ab311d5ec,initial_access,T1190,14,4,1.9852,1.0,0.0103,69587.32,28829.03,0.7965,140,58,0.5769,1.7119,0.5111,0.0667,0.7111,2,7,1,0,3,0,2.4119,497.05,167.57,870.46,8856.04,8577.0,2,0.022,3.1241,0,0
2026-08-27T20:15:19.453414+00:00,web_xss_v1,web_xss_v1__247ab311d5ec,initial_access,T1190,8,4,1.75,1.0,0.0203,46426.05,14185.74,0.7511,72,22,0.3335,0.741,0.5709,0.128,0.9548,1,3,0,0,1,0,3.1864,644.81,134.2,862.57,6401.24,8481.95,0,0.0121,3.2531,0,0
2026-08-27T20:15:24.453414+00:00,web_xss_v1,web_xss_v1__247ab311d5ec,initial_access,T1190,8,4,1.75,1.0,0.0,35435.04,32271.19,0.7566,56,51,0.6331,1.2972,0.5913,0.0905,0.8628,1,4,0,0,1,0,1.0877,632.77,262.2,1117.98,7522.87,4787.39,0,0.0233,4.366,0,0
2026-08-27T20:15:29.453414+00:00,web_xss_v1,web_xss_v1__247ab311d5ec,initial_access,T1190,9,4,1.6577,0.9797,0.0756,35469.6,17453.3,0.6572,63,31,0.5889,1.1855,0.5148,0.0781,0.7492,1,4,1,0,2,0,1.9733,563.01,158.54,888.54,7167.37,8351.94,1,0.0157,3.8136,0,0
2026-08-27T20:15:34.453414+00:00,web_xss_v1,web_xss_v1__247ab311d5ec,initial_access,T1190,10,3,1.5219,1.0,0.0181,15324.44,5618.96,0.8175,30,11,0.5704,0.775,0.6,0.1105,0.9317,1,5,1,0,2,0,2.5081,510.81,201.54,935.16,8563.99,7544.3,1,0.0391,3.6946,0,0
2026-08-27T20:15:39.453414+00:00,web_xss_v1,web_xss_v1__247ab311d5ec,initial_access,T1190,13,4,1.9878,1.0,0.0,58501.4,17000.41,0.7343,117,34,0.3314,0.4977,0.4659,0.1094,0.7941,2,6,1,0,2,0,3.3976,500.01,162.9,872.48,8379.33,7751.08,1,0.0153,3.7423,0,0
2026-08-27T20:15:44.453414+00:00,web_xss_v1,web_xss_v1__247ab311d5ec,initial_access,T1190,7,3,1.5567,1.0,0.0,29529.22,12655.38,0.7306,49,21,0.695,1.8845,0.5729,0.0736,0.7939,1,3,0,0,1,0,2.2927,602.64,80.8,774.22,8558.0,7659.16,0,0.0,4.8826,0,0
2026-08-27T20:15:49.453414+00:00,web_xss_v1,web_xss_v1__247ab311d5ec,initial_access,T1190,13,4,1.922,1.0,0.0,16371.37,8185.69,0.7623,26,13,0.368,0.8333,0.5775,0.0819,0.8232,2,6,1,0,2,0,1.9294,629.67,168.26,992.14,8564.05,8364.12,1,0.0,4.4044,0,0
2026-08-27T20:15:54.453414+00:00,web_xss_v1,web_xss_v1__247ab311d5ec,initial_access,T1190,8,3,1.4056,1.0,0.0139,27580.12,12312.55,0.7083,56,25,0.5237,0.9929,0.4079,0.0626,0.5958,1,3,0,0,1,0,2.1956,492.5,211.93,1019.65,8889.42,5814.75,0,0.0838,3.7839,0,0
2026-08-27T20:15:59.453414+00:00,web_xss_v1,web_xss_v1__247ab311d5ec,initial_access,T1190,13,4,1.8262,0.9341,0.0997,43672.2,26395.28,0.7153,91,55,0.3349,0.438,0.4978,0.0973,0.7897,2,6,1,0,2,0,1.6521,479.91,169.57,862.27,9675.66,7683.96,1,0.0055,4.5943,0,0
2026-08-27T20:16:04.453414+00:00,web_xss_v1,web_xss_v1__247ab311d5ec,initial_access,T1190,7,4,1.8424,0.9681,0.0057,19161.1,8211.9,0.6984,35,15,0.6655,0.8896,0.5573,0.0673,0.7591,1,3,0,0,1,0,2.2947,547.46,206.28,933.92,9895.3,8671.15,0,0.0047,3.3652,0,0
2026-08-27T20:16:09.453414+00:00,web_xss_v1,web_xss_v1__247ab311d5ec,initial_access,T1190,10,3,1.571,0.9805,0.0,15565.48,5707.34,0.683,30,11,0.4965,0.8504,0.6337,0.1598,1.113,2,5,1,0,2,0,2.6794,518.85,178.32,854.67,8499.74,10523.77,1,0.014,3.9812,0,1
2026-08-27T20:16:14.453414+00:00,web_xss_v1,web_xss_v1__247ab311d5ec,initial_access,T1190,8,4,1.9056,0.9652,0.0,21036.23,7888.59,0.7782,48,18,0.7268,1.2547,0.5383,0.1157,0.8854,1,3,0,0,1,0,2.5872,438.25,149.15,781.06,8187.11,7937.41,0,0.0,3.3129,0,0
2026-08-27T20:16:19.453414+00:00,web_xss_v1,web_xss_v1__247ab311d5ec,initial_access,T1190,8,4,1.8113,0.9941,0.022,24662.26,8734.55,0.7308,48,17,0.3949,0.6959,0.5033,0.0945,0.7869,1,3,0,0,1,0,2.6882,513.8,124.47,711.53,9332.18,8922.66,0,0.0116,4.059,0,0
2026-08-27T20:16:24.453414+00:00,web_xss_v1,web_xss_v1__247ab311d5ec,initial_access,T1190,12,4,1.6258,1.0,0.0,38584.34,14469.13,0.7127,72,27,0.7525,1.7151,0.5777,0.1105,0.9093,2,5,1,0,2,0,2.6589,535.89,175.71,895.38,8251.28,7578.85,1,0.0,4.2049,0,0
2026-08-27T20:16:29.453414+00:00,web_xss_v1,web_xss_v1__247ab311d5ec,initial_access,T1190,16,3,1.5462,1.0,0.0,36685.98,20062.64,0.798,64,35,0.4178,0.7902,0.4516,0.0809,0.6943,3,8,1,0,3,0,1.8038,573.22,191.61,867.11,8407.12,10102.58,2,0.0452,4.0669,0,0
2026-08-27T20:16:34.453414+00:00,web_xss_v1,web_xss_v1__247ab311d5ec,initial_access,T1190,7,4,1.8424,1.0,0.0,7071.74,3030.75,0.8189,14,6,0.5369,1.1213,0.6684,0.1834,1.2186,1,3,0,0,1,0,2.1801,505.12,177.58,798.89,6956.2,5035.82,0,0.0,3.6561,0,0
2026-08-27T20:16:39.453414+00:00,web_xss_v1,web_xss_v1__247ab311d5ec,initial_access,T1190,13,4,1.8262,0.9971,0.0121,13265.35,6122.47,0.7687,26,12,0.6739,1.3501,0.44,0.1225,0.8076,2,6,1,0,2,0,2.0884,510.21,141.55,873.15,9385.78,10249.96,1,0.0238,3.967,0,0
2026-08-27T20:16:44.453414+00:00,web_xss_v1,web_xss_v1__247ab311d5ec,initial_access,T1190,12,4,1.9591,1.0,0.0,42734.34,19332.2,0.7761,84,38,0.5234,1.4892,0.5023,0.0939,0.7839,2,6,1,0,2,0,2.1668,508.74,174.63,808.8,7111.34,7674.11,1,0.036,3.5948,0,1
2026-08-27T20:16:49.453414+00:00,web_xss_v1,web_xss_v1__247ab311d5ec,initial_access,T1190,4,3,1.5,1.0,0.0,9097.76,5913.54,0.6992,20,13,0.7314,1.5153,0.7308,0.1367,1.141,0,1,0,0,0,0,1.5294,454.89,145.85,677.7,7677.16,7665.72,0,0.0103,3.6058,0,0
2026-08-27T20:16:54.453414+00:00,web_xss_v1,web_xss_v1__247ab311d5ec,initial_access,T1190,2,2,1.0,0.9884,0.0444,2708.14,1354.07,0.8365,4,2,0.7133,1.4397,0.5495,0.0972,0.8411,0,0,0,0,0,0,1.7431,677.03,178.39,855.43,8272.48,10331.35,0,0.0067,4.1104,0,0
2026-08-27T20:16:59.453414+00:00,web_xss_v1,web_xss_v1__247ab311d5ec,initial_access,T1190,9,4,1.8911,0.9795,0.012,5469.83,1215.52,0.7351,9,2,0.5412,1.5591,0.5122,0.1426,0.9401,1,4,1,0,2,0,3.3084,607.76,285.23,1127.74,9054.62,8559.61,1,0.0,3.4442,0,1
2026-08-27T20:17:04.453414+00:00,web_xss_v1,web_xss_v1__247ab311d5ec,initial_access,T1190,13,4,1.8843,1.0,0.0131,61488.14,35136.08,0.7453,91,52,0.6918,1.2939,0.4633,0.0814,0.7076,2,6,1,0,2,0,1.7402,675.69,327.81,1321.19,7552.4,7114.23,1,0.0076,4.7821,0,0
2026-08-27T20:17:09.453414+00:00,web_xss_v1,web_xss_v1__247ab311d5ec,initial_access,T1190,9,4,1.9749,0.9776,0.0508,18915.07,7881.28,0.6661,36,15,0.3694,0.8989,0.6567,0.1759,1.1845,1,4,1,0,1,0,2.39,525.42,183.47,896.13,7784.93,7123.4,0,0.0493,4.3939,0,0
2026-08-27T20:17:14.453414+00:00,web_xss_v1,web_xss_v1__247ab311d5ec,initial_access,T1190,12,4,1.9591,0.9891,0.043,22604.2,14441.57,0.7421,36,23,0.3295,0.7818,0.6082,0.0942,0.8909,2,6,1,0,2,0,1.5077,627.89,242.26,1092.83,6722.45,7454.18,1,0.0172,3.2527,0,0
2026-08-27T20:17:19.453414+00:00,web_xss_v1,web_xss_v1__247ab311d5ec,initial_access,T1190,7,4,1.8424,0.9621,0.0415,31719.74,13027.75,0.7665,56,23,0.6076,1.4667,0.4844,0.0953,0.7702,1,3,0,0,1,0,2.3708,566.42,142.42,766.12,7863.25,7520.77,0,0.0004,4.1267,0,0
2026-08-27T20:17:24.453414+00:00,web_xss_v1,web_xss_v1__247ab311d5ec,initial_access,T1190,12,3,1.5546,1.0,0.0247,42412.45,18849.98,0.8088,72,32,0.6002,1.0039,0.4752,0.1322,0.8717,2,5,1,0,2,0,2.1824,589.06,261.5,1305.93,6292.6,9114.84,1,0.0,4.5043,0,0
2026-08-27T20:17:29.453414+00:00,web_xss_v1,web_xss_v1__247ab311d5ec,initial_access,T1190,8,3,1.5613,0.9973,0.0,44625.79,13945.56,0.7564,80,25,0.689,1.0152,0.6438,0.1548,1.1081,1,3,0,0,1,0,3.1345,557.82,218.43,878.11,8536.59,7012.49,0,0.0267,3.9866,0,0
2026-08-27T20:17:34.453414+00:00,web_xss_v1,web_xss_v1__247ab311d5ec,initial_access,T1190,10,3,1.4855,0.9854,0.0367,28045.29,19070.8,0.7578,50,34,0.8371,1.8139,0.6399,0.1059,0.9576,1,4,1,0,2,0,1.4651,560.91,249.89,1178.99,7380.12,9696.28,1,0.0,4.1694,0,0
2026-08-27T20:17:39.453414+00:00,web_xss_v1,web_xss_v1__247ab311d5ec,initial_access,T1190,7,3,1.1488,1.0,0.0,16057.79,8602.39,0.6967,28,15,0.4586,0.6808,0.714,0.1956,1.3009,1,3,0,0,1,0,1.859,573.49,151.33,760.56,6912.49,6676.9,0,0.0,3.7438,0,0
2026-08-27T20:17:44.453414+00:00,web_xss_v1,web_xss_v1__247ab311d5ec,initial_access,T1190,13,4,1.8339,0.9409,0.0634,54946.29,20193.94,0.8175,117,43,0.4362,1.0504,0.7577,0.2256,1.4346,2,6,1,0,3,0,2.6859,469.63,112.16,640.91,8751.31,11107.39,2,0.0,3.5648,0,0
2026-08-27T20:17:49.453414+00:00,web_xss_v1,web_xss_v1__247ab311d5ec,initial_access,T1190,12,3,1.5546,1.0,0.0461,41382.75,17242.81,0.69,84,35,0.41,1.0615,0.5582,0.069,0.7651,2,6,1,0,2,0,2.3629,492.65,232.7,1095.77,8614.59,6723.03,1,0.0,4.6396,0,0
2026-08-27T20:17:54.453414+00:00,web_xss_v1,web_xss_v1__247ab311d5ec,initial_access,T1190,6,3,1.585,1.0,0.0206,10500.26,4812.62,0.7101,24,11,0.6143,1.8128,0.548,0.1164,0.8973,1,3,0,0,1,0,2.0559,437.51,104.68,597.39,8349.51,7602.81,0,0.0427,4.6417,0,0
2026-08-27T20:17:59.453414+00:00,web_xss_v1,web_xss_v1__247ab311d5ec,initial_access,T1190,8,4,1.9056,0.9826,0.0,51513.21,23610.22,0.7643,72,33,0.3874,0.8913,0.7502,0.1236,1.1211,1,3,0,0,1,0,2.1423,715.46,186.27,1028.33,9309.96,8728.19,0,0.0247,4.4974,0,0
2026-08-27T20:18:04.453414+00:00,web_xss_v1,web_xss_v1__247ab311d5ec,initial_access,T1190,7,2,0.8631,0.9954,0.0,11164.67,3721.56,0.8524,21,7,0.5096,1.153,0.6246,0.106,0.9424,1,3,0,0,1,0,2.6508,531.65,146.13,817.74,7921.33,8606.42,0,0.0247,4.1491,0,0
2026-08-27T20:18:09.453414+00:00,web_xss_v1,web_xss_v1__247ab311d5ec,initial_access,T1190,8,4,1.9056,1.0,0.0332,22305.49,8922.2,0.7631,40,16,0.7512,1.628,0.7318,0.207,1.3528,1,3,0,0,1,0,2.4404,557.64,228.22,991.82,8433.63,7102.18,0,0.0048,4.4644,0,1
2026-08-27T20:18:14.453414+00:00,web_xss_v1,web_xss_v1__247ab311d5ec,initial_access,T1190,8,4,1.9056,0.9854,0.0,9342.64,4087.4,0.7163,16,7,0.559,1.496,0.7377,0.1889,1.3045,1,4,0,0,1,0,2.2711,583.91,283.14,1246.2,7900.65,8463.86,0,0.0,4.5508,0,0
2026-08-27T20:18:19.453414+00:00,web_xss_v1,web_xss_v1__247ab311d5ec,initial_access,T1190,3,2,0.9183,0.9771,0.018,6043.07,2685.81,0.8204,9,4,0.5115,0.8502,0.6133,0.1448,1.0478,0,1,0,0,0,0,2.1916,671.45,257.94,1034.66,8729.26,7682.22,0,0.0578,3.5377,0,0
2026-08-27T20:18:24.453414+00:00,web_xss_v1,web_xss_v1__247ab311d5ec,initial_access,T1190,10,4,1.8464,0.9692,0.0049,29412.3,17059.13,0.7256,50,29,0.5152,1.4853,0.4957,0.1006,0.7976,2,5,0,0,1,0,1.7079,588.25,162.28,835.84,11464.98,7172.13,0,0.0205,4.1947,0,0
2026-08-27T20:18:29.453414+00:00,web_xss_v1,web_xss_v1__247ab311d5ec,initial_access,T1190,5,3,1.371,1.0,0.0,18765.36,10723.06,0.6518,35,20,0.6206,1.1762,0.5399,0.0777,0.7731,0,2,0,0,0,0,1.7005,536.15,228.82,819.63,7125.23,8456.7,0,0.0435,4.213,0,0
2026-08-27T20:18:34.453414+00:00,web_xss_v1,web_xss_v1__247ab311d5ec,initial_access,T1190,7,3,1.5567,0.992,0.0137,11164.49,4784.78,0.715,21,9,0.6569,0.9474,0.6083,0.1635,1.0989,1,3,0,0,1,0,2.1927,531.64,100.97,661.88,7577.81,8575.24,0,0.0084,3.9276,0,1
2026-08-27T20:18:39.453414+00:00,web_xss_v1,web_xss_v1__247ab311d5ec,initial_access,T1190,7,3,1.5567,1.0,0.0,35900.38,15385.88,0.7676,49,21,0.5098,1.376,0.6599,0.1642,1.1524,1,3,0,0,1,0,2.3232,732.66,280.96,1147.13,9101.24,8497.42,0,0.0,3.8461,0,0
2026-08-27T20:18:44.453414+00:00,web_xss_v1,web_xss_v1__247ab311d5ec,initial_access,T1190,10,4,1.971,0.9559,0.0636,39456.96,20292.15,0.8284,70,36,0.7775,1.4879,0.6541,0.1586,1.13,1,5,0,0,2,0,1.9372,563.67,219.68,1154.55,8722.1,6788.66,1,0.0,4.326,0,1
2026-08-27T20:18:49.453414+00:00,web_xss_v1,web_xss_v1__247ab311d5ec,initial_access,T1190,13,4,1.9501,0.9921,0.0046,22398.95,10337.98,0.7321,52,24,0.2989,0.7146,0.6025,0.1154,0.9487,1,6,0,0,2,0,2.0927,430.75,84.69,618.99,8234.34,8080.6,1,0.0121,4.8735,0,1
2026-08-27T20:18:54.453414+00:00,web_xss_v1,web_xss_v1__247ab311d5ec,initial_access,T1190,16,4,1.9056,0.9996,0.0,66007.35,27110.16,0.7489,112,46,0.6018,1.7878,0.4165,0.1214,0.7806,2,8,2,0,2,0,2.429,589.35,270.61,1136.26,7949.78,10244.91,1,0.0068,4.4312,0,1
2026-08-27T20:18:59.453414+00:00,web_xss_v1,web_xss_v1__247ab311d5ec,initial_access,T1190,10,4,1.761,0.9996,0.0,16797.35,6159.03,0.7274,30,11,0.5059,1.5169,0.4255,0.0782,0.66,1,4,1,0,1,0,2.5006,559.91,152.53,878.94,7268.98,8490.02,0,0.0285,4.5164,0,0
2026-08-27T20:19:04.453414+00:00,web_xss_v1,web_xss_v1__247ab311d5ec,initial_access,T1190,14,4,1.9852,1.0,0.0096,40389.08,22502.49,0.7178,70,39,0.3109,0.4108,0.4619,0.0629,0.6505,2,7,1,0,3,0,1.7584,576.99,142.62,744.87,8599.54,8124.46,1,0.0155,4.1324,0,0
2026-08-27T20:19:09.453414+00:00,web_xss_v1,web_xss_v1__247ab311d5ec,initial_access,T1190,11,3,1.4949,1.0,0.0209,27475.43,10490.62,0.7594,55,21,0.7103,1.7992,0.5347,0.0782,0.7692,1,5,1,0,2,0,2.5385,499.55,183.43,918.37,7025.78,6253.09,1,0.0117,3.82,0,0
2026-08-27T20:19:14.453414+00:00,web_xss_v1,web_xss_v1__247ab311d5ec,initial_access,T1190,7,4,1.8424,0.9497,0.0351,32930.89,21953.93,0.832,63,42,0.3195,0.6577,0.6473,0.1199,1.007,1,3,0,0,1,0,1.4959,522.71,124.7,712.09,10519.52,7277.17,0,0.0317,3.7329,0,1
2026-08-27T20:19:19.453414+00:00,web_xss_v1,web_xss_v1__247ab311d5ec,initial_access,T1190,10,3,1.4855,0.9649,0.0296,26147.45,8890.13,0.7494,50,17,0.431,1.2898,0.5429,0.1282,0.9274,1,5,0,0,2,0,2.9116,522.95,169.34,942.07,8024.65,8781.96,1,0.021,3.9657,0,0
2026-08-27T20:19:24.453414+00:00,web_xss_v1,web_xss_v1__247ab311d5ec,initial_access,T1190,8,3,1.4056,1.0,0.0021,30932.73,16110.8,0.7629,48,25,0.525,0.847,0.5199,0.1097,0.8491,1,4,0,0,1,0,1.859,644.43,220.17,958.82,8157.28,7197.74,0,0.0347,4.3945,0,0
2026-08-27T20:19:29.453414+00:00,web_xss_v1,web_xss_v1__247ab311d5ec,initial_access,T1190,7,4,1.8424,0.9616,0.0268,32600.85,11384.42,0.7115,63,22,0.6375,1.4182,0.4062,0.0703,0.617,1,3,0,0,1,0,2.8165,517.47,123.64,731.18,9204.33,6559.61,0,0.0206,3.501,0,0
2026-08-27T20:19:34.453414+00:00,web_xss_v1,web_xss_v1__247ab311d5ec,initial_access,T1190,9,3,1.5305,0.99,0.0407,37759.75,13635.47,0.8234,72,26,0.6493,1.7606,0.7282,0.1162,1.0768,1,4,0,0,2,0,2.7128,524.44,211.45,859.85,9590.54,8801.97,1,0.0739,3.9038,0,0
2026-08-27T20:19:39.453414+00:00,web_xss_v1,web_xss_v1__247ab311d5ec,initial_access,T1190,8,3,1.4056,0.9606,0.0421,15424.4,7230.19,0.7104,32,15,0.3197,0.3905,0.6068,0.1799,1.1464,1,4,0,0,1,0,2.1126,482.01,104.51,615.02,9498.98,7565.39,0,0.016,4.0628,0,0
2026-08-27T20:19:44.453414+00:00,web_xss_v1,web_xss_v1__247ab311d5ec,initial_access,T1190,13,4,1.8262,1.0,0.0,51577.49,24371.78,0.7009,91,43,0.3038,0.7609,0.5288,0.0582,0.7033,2,6,1,0,2,0,2.0817,566.79,191.0,994.82,8235.09,8997.72,1,0.0291,4.474,0,1
2026-08-27T20:19:49.453414+00:00,web_xss_v1,web_xss_v1__247ab311d5ec,initial_access,T1190,8,4,1.75,0.9802,0.0241,36606.34,24594.89,0.6486,64,43,0.4681,1.0429,0.4906,0.0993,0.7884,1,4,0,0,1,0,1.467,571.97,175.16,984.39,8165.79,8013.32,0,0.0235,3.3858,0,0
2026-08-27T20:19:54.453414+00:00,web_xss_v1,web_xss_v1__247ab311d5ec,initial_access,T1190,10,4,1.8464,0.9728,0.0337,30113.34,11041.56,0.8345,60,22,0.3501,0.5694,0.689,0.2003,1.2898,1,5,0,0,2,0,2.6408,501.89,122.9,708.92,7863.44,8903.12,1,0.0142,4.0215,0,0
2026-08-27T20:19:59.453414+00:00,web_xss_v1,web_xss_v1__247ab311d5ec,initial_access,T1190,11,3,1.3093,0.968,0.0379,31750.79,12507.89,0.7273,66,26,0.6624,1.4951,0.6903,0.0922,0.967,1,5,0,0,2,0,2.5179,481.07,126.85,732.84,9712.76,8442.77,1,0.0099,4.5502,0,0
2026-08-27T20:20:04.453414+00:00,web_xss_v1,web_xss_v1__247ab311d5ec,initial_access,T1190,12,4,1.8554,0.9898,0.0008,39853.86,24355.13,0.6643,72,44,0.6829,1.2681,0.5182,0.059,0.6951,2,6,0,0,2,0,1.6154,553.53,155.95,864.65,8796.33,8014.36,1,0.0157,4.5729,0,1
2026-08-27T20:20:09.453414+00:00,web_xss_v1,web_xss_v1__247ab311d5ec,initial_access,T1190,10,3,1.571,1.0,0.0037,33955.85,14067.42,0.7371,70,29,0.4311,1.0235,0.4879,0.0879,0.7515,1,4,0,0,2,0,2.4024,485.08,176.48,878.96,7830.46,7475.95,1,0.0003,4.5605,0,0
2026-08-27T20:20:14.453414+00:00,web_xss_v1,web_xss_v1__247ab311d5ec,initial_access,T1190,10,4,1.9219,1.0,0.0,52854.42,18499.05,0.6309,100,35,0.6723,1.9951,0.4211,0.0605,0.6027,1,4,0,0,2,0,2.8002,528.54,192.14,900.51,7457.32,8591.26,1,0.0082,3.9547,0,0
2026-08-27T20:20:19.453414+00:00,web_xss_v1,web_xss_v1__247ab311d5ec,initial_access,T1190,8,4,1.8113,0.9515,0.0345,23276.13,17457.1,0.6826,40,30,0.6966,1.742,0.4468,0.1184,0.8022,1,3,0,0,2,0,1.3132,581.9,162.69,862.01,9333.69,9457.49,1,0.0359,3.737,0,0
2026-08-27T20:20:24.453414+00:00,web_xss_v1,web_xss_v1__247ab311d5ec,initial_access,T1190,8,4,1.8113,0.9644,0.0,25289.29,12644.64,0.6947,48,24,0.7068,1.8616,0.5289,0.0592,0.7064,1,3,0,0,1,0,1.9915,526.86,189.68,820.76,7218.5,8651.4,0,0.0325,3.617,0,0
2026-08-27T20:20:29.453414+00:00,web_xss_v1,web_xss_v1__247ab311d5ec,initial_access,T1190,7,4,1.9502,0.9536,0.0553,14890.67,5672.64,0.6586,21,8,0.7499,1.2675,0.4842,0.0755,0.7107,1,3,0,0,1,0,2.4683,709.08,293.77,1355.92,7804.29,8708.39,0,0.0326,3.797,0,0
2026-08-27T20:20:34.453414+00:00,web_xss_v1,web_xss_v1__247ab311d5ec,initial_access,T1190,5,2,0.7219,1.0,0.0047,15450.87,5150.29,0.7487,30,10,0.5704,1.4691,0.4442,0.0808,0.6865,0,2,0,0,1,0,2.9964,515.03,90.69,603.41,8123.29,8675.53,0,0.0049,5.5314,0,0
2026-08-27T20:20:39.453414+00:00,web_xss_v1,web_xss_v1__247ab311d5ec,initial_access,T1190,16,4,1.9772,1.0,0.0,27483.93,13741.96,0.7181,48,24,0.451,0.7439,0.5549,0.1102,0.8855,3,8,1,1,3,0,1.9949,572.58,188.11,953.51,8123.85,6183.22,2,0.0131,4.0393,0,0
2026-08-27T20:20:44.453414+00:00,web_xss_v1,web_xss_v1__247ab311d5ec,initial_access,T1190,9,3,1.5305,0.94,0.0461,44512.7,34126.4,0.7057,90,69,0.7292,1.4835,0.602,0.1605,1.0836,1,4,1,0,1,0,1.2873,494.59,175.65,766.17,10535.68,8705.15,0,0.0502,3.9137,0,0
2026-08-27T20:20:49.453414+00:00,web_xss_v1,web_xss_v1__247ab311d5ec,initial_access,T1190,20,4,1.7822,0.9301,0.0477,45142.5,19749.85,0.6964,80,35,0.4529,1.3555,0.5081,0.0793,0.7459,3,9,2,0,4,0,2.2288,564.28,168.53,993.38,8169.73,7364.56,3,0.0183,3.4862,0,1
2026-08-27T20:20:54.453414+00:00,web_xss_v1,web_xss_v1__247ab311d5ec,initial_access,T1190,7,4,1.9502,0.9286,0.1004,24194.98,8064.99,0.7777,42,14,0.3012,0.8284,0.4489,0.0554,0.6151,1,3,0,0,1,0,2.8099,576.07,195.21,894.88,6729.44,6433.22,0,0.01,3.6669,0,0
2026-08-27T20:20:59.453414+00:00,web_xss_v1,web_xss_v1__247ab311d5ec,initial_access,T1190,11,4,1.8676,0.9872,0.0352,41951.2,22337.65,0.8396,77,41,0.7308,1.0556,0.5129,0.1296,0.9016,1,5,1,0,2,0,1.8475,544.82,230.89,954.66,7803.95,10010.71,1,0.0628,3.1886,0,0
2026-08-27T20:21:04.453414+00:00,web_xss_v1,web_xss_v1__247ab311d5ec,initial_access,T1190,8,4,1.8113,1.0,0.0,4268.07,1600.53,0.7819,8,3,0.9184,1.2687,0.5615,0.12,0.9215,1,4,0,0,1,0,2.3609,533.51,191.46,931.0,8224.59,7868.22,0,0.1059,4.4748,0,0
2026-08-27T20:21:09.453414+00:00,web_xss_v1,web_xss_v1__247ab311d5ec,initial_access,T1190,8,4,1.9056,1.0,0.0083,13035.68,5431.53,0.7762,24,10,0.3976,0.8792,0.6648,0.1731,1.1841,1,3,0,0,1,0,2.1823,543.15,173.79,796.24,7694.52,9615.16,0,0.0065,3.0792,0,1
2026-08-27T20:21:14.453414+00:00,web_xss_v1,web_xss_v1__247ab311d5ec,initial_access,T1190,6,3,1.4591,0.9957,0.0018,38560.42,18637.54,0.7964,60,29,0.4692,0.6447,0.495,0.0697,0.7041,1,2,0,0,1,0,2.0578,642.67,170.73,916.0,7279.78,8605.47,0,0.033,4.5889,0,0
2026-08-27T20:21:19.453414+00:00,web_xss_v1,web_xss_v1__247ab311d5ec,initial_access,T1190,9,4,1.8366,1.0,0.0131,17843.14,8921.57,0.6916,36,18,0.3446,0.8736,0.4877,0.0978,0.7812,1,4,0,0,2,0,1.9583,495.64,126.43,700.03,7651.73,7544.96,1,0.0889,3.8392,0,0
2026-08-27T20:21:24.453414+00:00,web_xss_v1,web_xss_v1__247ab311d5ec,initial_access,T1190,10,3,1.2955,1.0,0.0,49440.21,23072.1,0.7478,90,42,0.6636,1.3868,0.5313,0.0857,0.7883,1,5,0,0,2,0,2.1149,549.34,161.01,865.17,7315.75,9802.14,1,0.0404,3.3696,0,0
2026-08-27T20:21:29.453414+00:00,web_xss_v1,web_xss_v1__247ab311d5ec,initial_access,T1190,7,4,1.8424,1.0,0.0,45728.53,18146.24,0.7678,63,25,0.5489,0.733,0.4825,0.0635,0.6729,1,3,0,0,1,0,2.4593,725.85,399.08,1373.84,7120.96,9056.51,0,0.0,3.2166,0,0
2026-08-27T20:21:34.453414+00:00,web_xss_v1,web_xss_v1__247ab311d5ec,initial_access,T1190,12,4,1.9591,1.0,0.0285,45602.55,16286.62,0.7604,84,30,0.3079,0.6878,0.4189,0.1202,0.7795,2,5,1,0,2,0,2.7844,542.89,139.24,860.41,6180.84,8076.31,1,0.0482,4.1997,0,0
2026-08-27T20:21:39.453414+00:00,web_xss_v1,web_xss_v1__247ab311d5ec,initial_access,T1190,12,4,1.825,1.0,0.0,40356.71,19617.85,0.7836,72,35,0.5208,0.6263,0.5495,0.1073,0.8713,2,5,1,0,2,0,2.0499,560.51,214.15,1040.01,7979.53,6269.55,1,0.044,3.8048,0,1
2026-08-27T20:21:44.453414+00:00,web_xss_v1,web_xss_v1__247ab311d5ec,initial_access,T1190,7,4,1.8424,1.0,0.0358,19627.9,11776.74,0.8067,35,21,0.4772,1.4028,0.5812,0.1455,1.0175,1,3,0,0,1,0,1.6572,560.8,199.17,917.95,9067.22,10556.99,0,0.048,4.2872,0,0
2026-08-27T20:21:49.453414+00:00,web_xss_v1,web_xss_v1__247ab311d5ec,initial_access,T1190,10,4,1.8464,1.0,0.0057,31154.9,13500.46,0.6704,60,26,0.598,1.6018,0.5582,0.115,0.9031,1,4,1,0,2,0,2.2935,519.25,123.83,713.39,9242.33,8166.14,1,0.0028,3.8435,0,0
2026-08-27T20:21:54.453414+00:00,web_xss_v1,web_xss_v1__247ab311d5ec,initial_access,T1190,9,4,1.6577,0.9709,0.0382,19198.69,8532.75,0.7685,45,20,0.7245,1.118,0.4434,0.1193,0.8012,1,4,1,0,2,0,2.1513,426.64,79.65,531.85,7732.71,8661.11,1,0.0468,4.5256,0,0
2026-08-27T20:21:59.453414+00:00,web_xss_v1,web_xss_v1__247ab311d5ec,initial_access,T1190,5,2,0.7219,1.0,0.0,17651.85,6276.21,0.7815,45,16,0.4119,1.1521,0.7079,0.1232,1.0775,0,2,0,0,1,0,2.6594,392.26,77.54,508.29,8350.05,6785.72,0,0.0,3.507,0,0
2026-08-27T20:22:04.453414+00:00,web_xss_v1,web_xss_v1__247ab311d5ec,initial_access,T1190,6,4,1.9183,0.9571,0.0549,14353.96,7176.98,0.7202,24,12,0.634,0.8454,0.5973,0.0784,0.8326,0,2,0,0,0,0,1.9007,598.08,156.0,925.39,6546.16,5456.24,0,0.0266,3.9102,0,1
2026-08-27T20:22:09.453414+00:00,web_xss_v1,web_xss_v1__247ab311d5ec,initial_access,T1190,9,4,1.9749,0.9976,0.0014,34172.92,16272.82,0.791,63,30,0.7083,1.2761,0.5664,0.1656,1.0631,1,4,0,0,2,0,2.0656,542.43,176.72,926.02,8612.47,7353.42,1,0.0137,4.1234,0,0
2026-08-27T20:22:14.453414+00:00,web_xss_v1,web_xss_v1__247ab311d5ec,initial_access,T1190,10,4,1.6855,0.9857,0.03,36737.41,13120.5,0.758,70,25,0.6532,1.1498,0.5283,0.1152,0.8738,1,5,1,0,1,0,2.7266,524.82,141.63,843.81,7679.87,8781.23,0,0.0,4.1091,0,0
2026-08-27T20:22:19.453414+00:00,web_xss_v1,web_xss_v1__247ab311d5ec,initial_access,T1190,8,4,1.5488,1.0,0.0213,23971.09,8323.29,0.684,72,25,0.9317,2.4549,0.6268,0.1545,1.0903,1,4,0,0,1,0,2.7827,332.93,77.51,437.64,8650.13,8999.59,0,0.0,3.7271,0,0
2026-08-27T20:22:24.453414+00:00,web_xss_v1,web_xss_v1__247ab311d5ec,initial_access,T1190,8,4,1.9056,0.9897,0.0,22491.84,18555.76,0.7439,40,33,0.9386,1.7652,0.6812,0.1365,1.0907,1,3,0,0,1,0,1.1897,562.3,190.26,953.22,7838.74,8438.99,0,0.0128,4.2055,0,0
2026-08-27T20:22:29.453414+00:00,web_xss_v1,web_xss_v1__247ab311d5ec,initial_access,T1190,8,4,1.9056,0.9802,0.0248,38082.48,21421.39,0.7724,64,36,0.948,1.3288,0.5947,0.1216,0.9596,1,3,0,0,1,0,1.7372,595.04,236.16,995.95,7681.26,9097.3,0,0.0159,3.6932,0,0
2026-08-27T20:22:34.453414+00:00,web_xss_v1,web_xss_v1__247ab311d5ec,initial_access,T1190,4,3,1.5,1.0,0.0007,20163.52,11456.55,0.6904,44,25,0.6323,0.951,0.6299,0.143,1.0588,0,1,0,0,0,0,1.7411,458.26,102.07,564.15,9516.05,8494.0,0,0.0,4.1358,0,0
2026-08-27T20:22:39.453414+00:00,web_xss_v1,web_xss_v1__247ab311d5ec,initial_access,T1190,7,4,1.8424,0.9581,0.0635,20841.56,14291.36,0.7546,35,24,0.5693,1.0478,0.5641,0.1692,1.0718,1,3,0,0,1,0,1.455,595.47,199.8,1033.02,7749.74,8552.61,0,0.011,4.5601,0,0
2026-08-27T20:22:44.453414+00:00,web_xss_v1,web_xss_v1__247ab311d5ec,initial_access,T1190,13,4,1.8843,0.9699,0.0915,86449.77,50781.69,0.7163,143,84,0.5938,1.5726,0.5448,0.091,0.8177,1,6,1,0,2,0,1.6982,604.54,199.75,1010.99,7718.15,8706.6,1,0.0681,4.1782,0,0
2026-08-27T20:22:49.453414+00:00,web_xss_v1,web_xss_v1__247ab311d5ec,initial_access,T1190,12,4,1.825,1.0,0.0,25268.1,15266.15,0.7727,48,29,0.5793,0.908,0.417,0.1037,0.7281,2,5,1,0,2,0,1.6548,526.42,140.16,885.29,7694.32,10224.84,1,0.0409,4.7642,0,0
2026-08-27T20:22:54.453414+00:00,web_xss_v1,web_xss_v1__247ab311d5ec,initial_access,T1190,11,4,1.8676,1.0,0.0029,21497.75,10260.29,0.6753,44,21,0.3256,0.967,0.4382,0.0811,0.6814,2,5,0,0,2,0,2.0634,488.59,112.27,718.1,7240.92,8747.37,1,0.0327,4.2021,0,0
2026-08-27T20:22:59.453414+00:00,web_xss_v1,web_xss_v1__247ab311d5ec,initial_access,T1190,8,3,1.4056,1.0,0.0,21205.92,6891.92,0.7214,40,13,0.9335,1.1628,0.739,0.1716,1.2538,1,3,0,0,1,0,2.9257,530.15,140.0,771.15,8162.7,8426.8,0,0.0468,4.373,0,0
2026-08-27T20:23:04.453414+00:00,web_xss_v1,web_xss_v1__247ab311d5ec,initial_access,T1190,17,4,1.9542,1.0,0.0,35607.44,28800.14,0.6863,68,55,0.605,1.5572,0.6238,0.1785,1.1594,3,8,1,0,2,0,1.2163,523.64,148.5,785.56,9489.73,7316.99,1,0.0305,3.7979,0,0
2026-08-27T20:23:09.453414+00:00,web_xss_v1,web_xss_v1__247ab311d5ec,initial_access,T1190,11,3,1.4949,1.0,0.0341,26193.82,11310.97,0.8719,44,19,0.9812,1.3734,0.6537,0.0959,0.9414,2,5,1,0,2,0,2.3084,595.31,254.13,1192.08,8383.86,7801.22,1,0.0492,3.4945,0,0
2026-08-27T20:23:14.453414+00:00,web_xss_v1,web_xss_v1__247ab311d5ec,initial_access,T1190,5,3,1.371,1.0,0.0185,10138.01,4562.11,0.6924,20,9,0.7693,1.2559,0.5929,0.1662,1.0916,0,2,0,0,1,0,2.0924,506.9,222.88,898.66,9082.23,9049.19,0,0.0223,3.3039,0,0
2026-08-27T20:23:19.453414+00:00,web_xss_v1,web_xss_v1__247ab311d5ec,initial_access,T1190,9,4,1.7527,1.0,0.0113,35051.74,25315.14,0.6475,72,52,0.4434,0.6447,0.6589,0.1626,1.1468,1,4,0,0,1,0,1.3834,486.83,113.25,702.96,8767.87,8479.83,0,0.0886,4.2653,0,0
2026-08-27T20:23:24.453414+00:00,web_xss_v1,web_xss_v1__247ab311d5ec,initial_access,T1190,15,4,1.9329,0.9951,0.0,32136.89,12854.76,0.753,60,24,0.549,1.3005,0.4843,0.1147,0.8283,2,7,1,0,3,0,2.473,535.61,192.77,963.42,9305.04,7353.11,2,0.0094,3.796,0,0
2026-08-27T20:23:29.453414+00:00,web_xss_v1,web_xss_v1__247ab311d5ec,initial_access,T1190,6,3,1.4591,0.9947,0.0,16163.92,11853.54,0.7233,30,22,0.3835,0.99,0.5039,0.1368,0.9143,1,3,0,0,1,0,1.3534,538.8,72.83,623.59,5948.81,9080.73,0,0.0406,4.2255,0,0
2026-08-27T20:23:34.453414+00:00,web_xss_v1,web_xss_v1__247ab311d5ec,initial_access,T1190,6,3,1.4591,0.9759,0.0038,29636.16,9878.72,0.8015,54,18,0.5296,0.861,0.5917,0.1438,1.0232,1,2,0,0,1,0,2.9768,548.82,149.32,716.74,7628.54,8333.34,0,0.0877,3.944,0,0
2026-08-27T20:23:39.453414+00:00,web_xss_v1,web_xss_v1__247ab311d5ec,initial_access,T1190,9,4,1.6577,1.0,0.0057,21249.71,14638.69,0.7437,45,31,0.7806,1.6142,0.4802,0.1137,0.8212,1,4,0,0,2,0,1.4346,472.22,174.26,861.21,7623.09,9101.91,1,0.0603,4.2937,0,0
2026-08-27T20:23:44.453414+00:00,web_xss_v1,web_xss_v1__247ab311d5ec,initial_access,T1190,11,4,1.8586,0.9963,0.0338,52177.04,27037.2,0.8191,110,57,0.4851,0.7053,0.4912,0.1389,0.9081,1,5,1,0,2,0,1.9297,474.34,169.35,842.74,6471.94,8651.14,1,0.0,3.7396,0,0
2026-08-27T20:23:49.453414+00:00,web_xss_v1,web_xss_v1__247ab311d5ec,initial_access,T1190,7,4,1.8424,0.9987,0.0079,24617.61,11253.76,0.7969,35,16,0.6944,1.5302,0.5801,0.1375,0.9925,1,3,0,0,1,0,2.1439,703.36,203.3,1154.29,11941.61,8613.41,0,0.0326,3.6397,0,0
2026-08-27T20:23:54.453414+00:00,web_xss_v1,web_xss_v1__247ab311d5ec,initial_access,T1190,12,4,1.9591,0.9585,0.0476,51775.66,27736.96,0.6789,84,45,0.4945,0.7337,0.5288,0.1171,0.88,2,6,1,0,2,0,1.8553,616.38,226.62,1144.67,8688.18,6489.76,1,0.0,3.7812,0,0
2026-08-27T20:23:59.453414+00:00,web_xss_v1,web_xss_v1__247ab311d5ec,initial_access,T1190,13,4,1.8339,0.9434,0.0536,77257.55,53486.0,0.7897,117,81,0.5957,0.9586,0.5716,0.1139,0.9133,2,6,1,0,3,0,1.4392,660.32,272.83,1244.34,7015.44,8268.58,2,0.0108,4.6805,0,0
2026-08-27T20:24:04.453414+00:00,web_xss_v1,web_xss_v1__247ab311d5ec,initial_access,T1190,14,4,1.7274,0.9832,0.0,40404.1,18470.44,0.7482,70,32,0.3466,0.4686,0.564,0.0953,0.85,2,7,1,0,2,0,2.179,577.2,156.52,868.65,7442.82,7227.23,1,0.0318,3.6643,0,0
2026-08-27T20:24:09.453414+00:00,web_xss_v1,web_xss_v1__247ab311d5ec,initial_access,T1190,11,4,1.8231,1.0,0.0,34688.25,19551.56,0.7315,55,31,0.701,1.3923,0.405,0.0525,0.5626,1,5,1,0,2,0,1.7674,630.7,195.46,916.38,8782.31,8648.64,1,0.0084,4.7131,0,0
2026-08-27T20:24:14.453414+00:00,web_xss_v1,web_xss_v1__247ab311d5ec,initial_access,T1190,7,4,1.9502,1.0,0.0182,19019.56,8151.24,0.7729,35,15,0.3939,1.0041,0.4696,0.1183,0.8245,1,3,0,0,1,0,2.2367,543.42,98.5,752.16,7909.71,8429.68,0,0.0619,4.5366,0,0
